id,indexed_date,language,media_name,media_url,publish_date,title,url
1f56e633a6d6bfe2b043d1f7171c2d070323283100d5407991d0f468b7a63b73,2026-05-13 07:17:48.882509+00:00,de,derstandard.at,derstandard.at,2026-03-30,Deutsche Autoindustrie rechnet mit größerem Stellenabbau,https://www.derstandard.at/consent/tcf/story/3000000320516/deutsche-autoindustrie-rechnet-mit-gr246223erem-stellenabbau?ref=rss
ec2f2acafa8a98ded27cb756bcf6e9dd00c37452a80ced681f9c032e5509a78d,2026-05-12 22:57:42.040223+00:00,de,derstandard.at,derstandard.at,2026-03-30,ORF-Stiftungsrat richtet nach Weißmann-Turbulenzen neuen Ausschuss ein,https://www.derstandard.at/consent/tcf/story/3000000320417/orf-stiftungsrat-richtet-nach-weissmann-turbulenzen-neuen-ausschuss-ein
b970625e1ac87d3ac4327f645ff85be6b316af1b62eb1b09b7ecf4d2b1a269ef,2026-05-12 22:57:12.033545+00:00,de,derstandard.at,derstandard.at,2026-03-30,Welche Kuriositäten habt ihr bei eurer Ahnenforschung gefunden?,https://www.derstandard.at/consent/tcf/story/3000000320365/welche-kuriositaeten-habt-ihr-bei-eurer-ahnenforschung-gefunden
6fddf7cdd757a2a4765587b767a4cefd385572f3fccbce4dc602917e2d015e5d,2026-05-12 22:31:11.096388+00:00,de,derstandard.at,derstandard.at,2026-04-02,Toxisches Betriebsklima: Ein Erfahrungsbericht,https://www.derstandard.at/consent/tcf/story/3000000320363/toxisches-betriebsklima-ein-erfahrungsbericht
73830e50af0b9111de3a67c3a756981e3a56657e17aa79713e1ecb605e4fefd3,2026-05-11 07:18:37.393710+00:00,de,derstandard.at,derstandard.at,2026-03-31,"""Es ist Zahltag"": Immer mehr Freistellungen und Auszahlungen durch Lehrer-Zeitkonto",https://www.derstandard.at/consent/tcf/story/3000000320195/es-ist-zahltag-immer-mehr-freistellungen-und-auszahlungen-durch-lehrer-zeitkonto?ref=rss
ee51e5bf6005679b3a91b59f65b9a9764cb1963ab80e4d1ee1eee8bf3e24243a,2026-05-11 01:32:47.007968+00:00,de,derstandard.at,derstandard.at,2026-04-03,Mindestens 69 Tote bei Angriff von Miliz in DR Kongo,https://www.derstandard.at/consent/tcf/story/3000000320129/mindestens-69-tote-bei-angriff-von-miliz-in-dr-kongo
fe3ffe75fe0efd75493958f5a0dd2a0b712455724109560fdd452b3a2864fcdc,2026-05-09 04:38:49.199923+00:00,de,derstandard.at,derstandard.at,2026-04-02,"Mehr Reisende, mehr Ziele: Deutsche Bahn baut Europaverkehr aus",https://www.derstandard.at/consent/tcf/story/3000000319950/mehr-reisende-mehr-ziele-deutsche-bahn-baut-europaverkehr-aus
83b306d8ac5617a962841ec13f970654b766a6fd5e2ae04a2efd347a5c1d569a,2026-05-08 05:34:27.854762+00:00,de,derstandard.at,derstandard.at,2026-03-30,"Internationale Krisen, hausgemachte Probleme: Heimische Wirtschaft kommt nicht vom Fleck",https://www.derstandard.at/consent/tcf/story/3000000319821/internationale-krisen-hausgemachte-probleme-heimische-wirtschaft-kommt-nicht-vom-fleck
dbf3001a8a0c85db1b79aff531341a2ef9066cb94bbb6a15abece1522fa10ce0,2026-05-07 07:27:47.811654+00:00,de,derstandard.at,derstandard.at,2026-04-02,Wie geht ihr mit Neid um?,https://www.derstandard.at/consent/tcf/story/3000000319734/wie-geht-ihr-mit-neid-um
8eb3da2276e111afa8ba1bfb74c47797b4b60371a64510fa87daa50ec8309577,2026-05-06 09:21:46.687937+00:00,de,derstandard.at,derstandard.at,2026-04-02,Der Kampf der Almhütte mit der biologischen Kläranlage,https://www.derstandard.at/consent/tcf/story/3000000315293/der-kampf-der-almhuette-mit-der-biologischen-klaeranlage
38547c354f47849c858d0c0ae85bb543465b0e26dbcb89daa9f2a56b115236ca,2026-05-05 10:41:50.634771+00:00,de,derstandard.at,derstandard.at,2026-04-02,Kunstbiennale in Venedig: Iran wird nicht teilnehmen,https://www.derstandard.at/consent/tcf/story/3000000319385/kunstbiennale-in-venedig-iran-wird-nicht-teilnehmen
387c81c45e4a79561037cfb4aa435f8b70c2fe272bf42b3a78751bbc3251e8b3,2026-05-04 12:54:37.471664+00:00,de,derstandard.at,derstandard.at,2026-04-01,Sollte der Benzinpreis überhaupt subventioniert werden?,https://www.derstandard.at/consent/tcf/story/3000000319253/sollte-der-benzinpreis-ueberhaupt-subventioniert-werden
8ce0c53a0c276d465112967cbf2c776614e78086a77c52b796214761e5caf2b9,2026-05-04 12:46:15.677029+00:00,de,derstandard.at,derstandard.at,2026-04-02,Chef stellt eigenen Sohn ein – wie geht man damit als Mitarbeiter um?,https://www.derstandard.at/consent/tcf/story/3000000319264/chef-stellt-eigenen-sohn-ein-wie-geht-man-damit-als-mitarbeiter-um
f8c2f8707855666c1eececaa75bbe489b7fb2bcb4344778d1f2143725f825f81,2026-05-04 07:20:29.368197+00:00,de,derstandard.at,derstandard.at,2026-04-01,Internet für alle und KI-Zentren im Weltall: Ein außerirdisches Geschäft auf dem Vormarsch,https://www.derstandard.at/consent/tcf/story/3000000318576/internet-fuer-alle-und-ki-zentren-im-weltall-ein-ausserirdisches-geschaeft-auf-dem-vormarsch?ref=rss
5b526745a6ef3fe8b5fae3f642c9e8d802bcfb824de7bc8b770ac4b00aae6103,2026-05-01 19:25:46.240494+00:00,de,derstandard.at,derstandard.at,2026-04-02,1. Mai: Hat der Tag der Arbeit für euch eine Bedeutung?,https://www.derstandard.at/consent/tcf/story/3000000318971/1-mai-hat-der-tag-der-arbeit-fuer-euch-eine-bedeutung
b2bfd841b47d0e2762ac7e86ac4a0e310b0e4363959562c8cbd0330f2dd622f2,2026-04-28 04:56:46.302425+00:00,de,derstandard.at,derstandard.at,2026-04-03,"Wie steht ihr zu ""Job-Hopping""?",https://www.derstandard.at/consent/tcf/story/3000000318333/wie-steht-ihr-zu-job-hopping
6d0dd9b8e174e361f2d8e87f89cdd1765f7f99c30b433961078e9a2eb1af62f9,2026-04-28 04:54:39.718380+00:00,de,derstandard.at,derstandard.at,2026-04-02,Abos und Algorithmen: Viele Jüngere würden gern in der Vergangenheit leben,https://www.derstandard.at/consent/tcf/story/3000000318290/abos-und-algorithmen-viele-juengere-wuerden-gern-in-der-vergangenheit-leben
027017a45c531badaba95618a6ce4f01b37c8f82a714e1d655f9e99fd75e6248,2026-04-28 04:38:40.521547+00:00,de,derstandard.at,derstandard.at,2026-03-31,Erneut mehr als 6000 Lehrerstellen ausgeschrieben,https://www.derstandard.at/consent/tcf/story/3000000318417/erneut-mehr-als-6000-lehrerstellen-ausgeschrieben
44235658771033f90419f14caacf298a107fa454eff2ec8aa94e9d29c03f3a49,2026-04-25 12:21:24.660180+00:00,de,derstandard.at,derstandard.at,2026-04-01,Von Bangkok nach Bologna: Rigatoni Pad Krapao,https://www.derstandard.at/consent/tcf/story/3000000315033/von-bangkok-nach-bologna-rigatoni-pad-krapao
2af208eceb78292feed1396d77c58550bf335b2140899ced2fc7f7300a3ef7b2,2026-04-24 15:24:06.948190+00:00,de,derstandard.at,derstandard.at,2026-04-01,"Der Fall Anna: Das Urteil, das Österreich schockierte",https://www.derstandard.at/consent/tcf/story/3000000316962/der-fall-anna-das-urteil-das-oesterreich-schockierte
32c4c694722b605437498d438a4593260ce2fc936e902c4c339969e592fa4796,2026-04-24 15:22:21.957509+00:00,de,derstandard.at,derstandard.at,2026-03-31,In der KHM-Causa ist nunmehr der Betriebsrat gefordert,https://www.derstandard.at/consent/tcf/story/3000000318148/weiter-warten-auf-untersuchungsergebnisse-zu-bossing-vorwuerfen-im-khm
4676c3a12558628658f0e0f234955cd30078938675eb2a4dcaff5f6a6fa1d881,2026-04-23 20:07:56.685211+00:00,de,derstandard.at,derstandard.at,2026-04-02,Am Anfang war das Kyrillische: Die Schriftgeschichte des Rumänischen,https://www.derstandard.at/consent/tcf/story/3000000315221/am-anfang-war-das-kyrillische-die-schriftgeschichte-des-rumaenischen
a8e7dccc0358d2205406ba52385991d32f94ad41b052bf7c2148755652157ece,2026-04-22 22:00:11.687625+00:00,de,derstandard.at,derstandard.at,2026-04-02,"""Offline Oida"" – erstes Digital-Detox-Café eröffnet in Wien",https://www.derstandard.at/consent/tcf/story/3000000317626/offline-oida-erstes-digital-detox-caf233-er246ffnet-in-wien
23d0acf05b8ab69e3140cd09e3528757242c5f000d0ccb537d31a96b30b4c007,2026-04-21 03:37:59.599462+00:00,de,derstandard.at,derstandard.at,2026-04-01,Projekt Readiness: Frankreich und Polen bauen eigene Militärsatelliten,https://www.derstandard.at/consent/tcf/story/3000000317418/frankreich-und-polen-bauen-milit228rsatelliten
884bc50f19df171e619c1e1abca89f3c28963df8cfdddd08f42cac2c2d3d8611,2026-04-21 03:34:28.102954+00:00,de,derstandard.at,derstandard.at,2026-04-01,Europa – Bastion gegen autoritäre Regime und Diktaturen,https://www.derstandard.at/consent/tcf/story/3000000314987/europa-bastion-gegen-autoritaere-regime-und-diktaturen
d90df93c8e20e1adbde815a0e3aa143ff9bee851c59ca54fc9ee8441032d3369,2026-04-19 07:17:12.477823+00:00,de,derstandard.at,derstandard.at,2026-04-01,Pensionist aus Salzburg lässt OpenClaw sein eigenes Bier brauen,https://www.derstandard.at/consent/tcf/story/3000000315024/bier-brauen-openclaw-ki?ref=rss
7fec68dfa126858a6315644245923dcfe523585ccbfa50dbf06a86648ba1c394,2026-04-18 12:23:47.359706+00:00,de,derstandard.at,derstandard.at,2026-04-01,"Liessmann: ""Wir haben die KI erfunden, weil uns der Mensch ein Ärgernis ist""",https://www.derstandard.at/consent/tcf/story/3000000315104/liessmann-wir-haben-die-ki-erfunden-weil-uns-der-mensch-ein-aergernis-ist
de666747b8e8990242c2303793da310b571fdb2537b77cac06464a8c1d3feee6,2026-04-18 07:18:14.825871+00:00,de,derstandard.at,derstandard.at,2026-04-03,Kann der ESC in Wien unpolitisch sein?,https://www.derstandard.at/consent/tcf/story/3000000317053/kann-der-esc-in-wien-unpolitisch-sein?ref=rss
0eea5dd464c265af0b193e4ef8b8b45966ca5bc9f383f493430d2f73c31f90e0,2026-04-17 15:56:45.901394+00:00,de,derstandard.at,derstandard.at,2026-04-02,"Taxiservice für Flinta-Personen: ""Niemand sollte Angst vor Übergriffen haben müssen""",https://www.derstandard.at/consent/tcf/story/3000000314774/taxiservice-fuer-flinta-personen-niemand-sollte-angst-vor-uebergriffen-haben-muessen
c90b6bc56a0236a89b4f983b28a2c42a04190c02d1cda226f4951a94d8a8ff18,2026-04-17 15:41:26.379069+00:00,de,derstandard.at,derstandard.at,2026-04-05,"""Deshalb kann ich nicht fort"": Ein Höhenflug deutschsprachiger Science-Fiction",https://www.derstandard.at/consent/tcf/story/3000000315460/deshalb-kann-ich-nicht-fort-ein-hoehenflug-deutschsprachiger-science-fiction
07f5c6d6255ac32384a85d75d90fdb52bb489f517f963b4151e147429ca03ecf,2026-04-17 15:41:21.294150+00:00,de,derstandard.at,derstandard.at,2026-04-02,Junge Mitglieder von rechtem Turnverein fliegen nach Rassismusvorwürfen aus Dachverband,https://www.derstandard.at/consent/tcf/story/3000000316850/junge-mitglieder-von-rechtem-turnverein-fliegen-nach-rassismusvorwuerfen-aus-dachverband
d9628d3adc4c8f61fcbe9ef4b6bac46d9f902fa98fd0580659e3eef16cd62cb1,2026-04-17 15:38:25.956078+00:00,de,derstandard.at,derstandard.at,2026-04-03,"Mit ""Guerillawalks"" der ESC-Stimmung auf der Spur",https://www.derstandard.at/consent/tcf/story/3000000317064/mit-guerillawalks-der-esc-stimmung-auf-der-spur
16bae10d4d475c70f11a4f0d26c7f98605d835a0c2ae9fcae3a643074e84f3a5,2026-04-16 19:38:18.759522+00:00,de,derstandard.at,derstandard.at,2026-04-01,Die herausfordernde und teure Suche nach Lithium und Kupfer,https://www.derstandard.at/consent/tcf/story/3000000315067/die-herausfordernde-und-teure-suche-nach-lithium-und-kupfer
f3d6395a604b1d8235417c36694f3e91f0585bc019e0932c62baf70a1de45ae7,2026-04-16 07:19:14.198978+00:00,de,derstandard.at,derstandard.at,2026-04-02,"""Geheimnis eines Lebens"", ""Sex & Porno"": TV-Tipps für Donnerstag",https://www.derstandard.at/consent/tcf/story/3000000315235/geheimnis-eines-lebens-sex-porno-tv-tipps-fuer-donnerstag?ref=rss
2c9b1cb48c580b0bee9f71281b79b8a21f07fa1cb8352176d02b9c33f6f96ff2,2026-04-16 01:33:16.955252+00:00,de,derstandard.at,derstandard.at,2026-04-02,So viel kann man mit einem E-Auto als Stromspeicher sparen,https://www.derstandard.at/consent/tcf/story/3000000315287/so-viel-kann-man-mit-einem-e-auto-als-stromspeicher-sparen
4944a19a117d04a3c4d35a52072187a12a6871c2842aa7b217fc636d265cfd01,2026-04-16 01:29:07.547887+00:00,de,derstandard.at,derstandard.at,2026-04-02,Graz 99ers greifen im ICE-Finale nach dem Premierentitel,https://www.derstandard.at/consent/tcf/story/3000000316609/graz99ers-greifen-im-ice-finale-nach-dem-premierentitel
7a46a70be1341961ccc8bc7fc70fee097dd10bdbb7d4bfbfc3f4d400249fe971,2026-04-15 07:17:11.780194+00:00,de,derstandard.at,derstandard.at,2026-04-02,"""Der doppelte Alfred"", Fahrraddiebe, Gehirntricks: TV-Tipps für Mittwoch",https://www.derstandard.at/consent/tcf/story/3000000315199/der-doppelte-alfred-fahrraddiebe-gehirntricks-tv-tipps-fuer-mittwoch?ref=rss
6d6c71c93e89da1ed60e25a0015bba0694666996767a24cc4992c3d9a3e91d7e,2026-04-15 02:43:41.994950+00:00,de,derstandard.at,derstandard.at,2026-04-02,Usbeke Sindarow löste Ticket für Duell um WM-Titel,https://www.derstandard.at/consent/tcf/story/3000000316681/schach-usbeke-sindarow-l246ste-ticket-f252r-duell-um-wm-titel
09f69e35480b4548e406d70ca0ae0ab6701c08753b97e416130d60f14cb047ca,2026-04-15 02:38:45.149191+00:00,de,derstandard.at,derstandard.at,2026-04-02,"Ist es heutzutage überhaupt noch realistisch, beruflich aufzusteigen?",https://www.derstandard.at/consent/tcf/story/3000000316475/ist-es-heutzutage-ueberhaupt-noch-realistisch-beruflich-aufzusteigen
72386ada4a98a99cb6d87cf810f7841424d943b7e5f2f43939310ebbf60e9856,2026-04-15 02:17:29.887832+00:00,de,derstandard.at,derstandard.at,2026-04-02,"""Bixonimanie"": KI-Chatbots fielen auf erfundene Krankheit mit abstrusen Studien herein",https://www.derstandard.at/consent/tcf/story/3000000316398/bixonimanie-ki-chatbots-fielen-auf-erfundene-krankheit-mit-abstrusen-studien-herein
ee2fbb13e99bb17185c89750ac3b5f68cbecd6cae5263f15a32b6d29b7770970,2026-04-15 02:17:29.716245+00:00,de,derstandard.at,derstandard.at,2026-04-01,Bei der Spritpreisbremse brüskiert die OMV die Regierung,https://www.derstandard.at/consent/tcf/story/3000000316530/bei-der-spritpreisbremse-brueskiert-die-omv-die-regierung
d30de27a891b4f433787210692c09eee5b84a5d3d1f2b1d34cc6a4e507be0a82,2026-04-14 07:18:26.459786+00:00,en,derstandard.at,derstandard.at,2026-04-01,What the Naval Blockade of Iran Might Look Like,https://www.derstandard.at/consent/tcf/story/3000000316502/what-the-naval-blockade-of-iran-might-look-like?ref=rss
1a5e4ef116495bc51f3e5a48dc4b890ea7fb7dc325987e6607e3829d56fce53a,2026-04-14 05:46:12.128637+00:00,de,derstandard.at,derstandard.at,2026-04-01,"Georgien, Tschernobyl, ""Shaft"": TV-Tipps für Dienstag",https://www.derstandard.at/consent/tcf/story/3000000315110/georgien-tschernobyl-shaft-tv-tipps-fuer-dienstag
f304e73ba30130120b2a824047c9f5a351b51d5bdbd0fb01f27e17262421a53a,2026-04-14 05:31:03.906674+00:00,de,derstandard.at,derstandard.at,2026-04-03,Habt ihr Mobbing am Arbeitsplatz erfahren?,https://www.derstandard.at/consent/tcf/story/3000000316385/habt-ihr-mobbing-am-arbeitsplatz-erfahren
d097ff2a98d86fe7fd6f2243f92a9f1d4180eded441e6c29fdbfa7aa29e5b556,2026-04-13 09:17:37.999172+00:00,de,derstandard.at,derstandard.at,2026-03-31,Was ist erblich bedingter Krebs?,https://www.derstandard.at/consent/tcf/story/3000000314710/was-ist-erblich-bedingter-krebs
288eb94039fa95313d9a792b0b3d42dcee07dad5d7a8154a789c136fdcd10249,2026-04-13 07:21:38.110563+00:00,de,derstandard.at,derstandard.at,2026-04-01,"""Die Theorie von Allem"", ""Der Chef"", ""Thema"": TV-Tipps für Montag",https://www.derstandard.at/consent/tcf/story/3000000315075/die-theorie-von-allem-der-chef-thema-tv-tipps-fuer-montag?ref=rss
ee474398a34c2c2204ea289b2a1c2bee3adb3fe6d60f266d158b9a3781a804dc,2026-04-12 12:33:27.083959+00:00,de,derstandard.at,derstandard.at,2026-03-31,Betäubt und vergewaltigt: Deutsche Justiz geht gegen Netzwerk vor,https://www.derstandard.at/consent/tcf/story/3000000316276/bet228ubt-und-vergewaltigt-deutsche-justiz-geht-gegen-netzwerk-vor
aa464ca21d086fbbd5fb8021be0019a2f0a7b07ddaa74849ff37c53d5c95a826,2026-04-12 07:22:11.698294+00:00,de,derstandard.at,derstandard.at,2026-03-31,"""Allied"", Salman Rushdie, ""Pressestunde"": TV-Tipps für Sonntag",https://www.derstandard.at/consent/tcf/story/3000000314952/allied-salman-rushdie-pressestunde-tv-tipps-fuer-sonntag?ref=rss
608ec11e738e70c7d7ac0b6db241aa4b17c48fec4e9b535ac8b4784ab5f160d9,2026-04-12 07:22:06.715701+00:00,de,derstandard.at,derstandard.at,2026-04-02,"Das Leben von ""Malcolm in the Middle"" ist wieder unfair, aber es ist nicht dasselbe",https://www.derstandard.at/consent/tcf/story/3000000315267/das-leben-von-malcolm-in-the-middle-ist-wieder-unfair-aber-es-ist-nicht-dasselbe?ref=rss
473d0dc3ad0be0f282f9c577379f8a70ee8345e4cfb1e8870a552fd670eb8b1a,2026-04-11 16:29:16.830275+00:00,de,derstandard.at,derstandard.at,2026-04-02,Die Strafen für Millionen-Gauner müssen noch härter ausfallen,https://www.derstandard.at/consent/tcf/story/3000000315975/die-strafen-fuer-millionen-gauner-muessen-noch-haerter-ausfallen
4e19e3fca92e127ffceb7252cc614d78b22b75852a9ff5d2c29dfdb428556e0f,2026-04-11 08:18:57.258102+00:00,de,derstandard.at,derstandard.at,2026-04-02,"""Outcome"", ""Big Mistakes"", ""Malcolm Mittendrin"": Streaming- und TV-Tipps für Samstag",https://www.derstandard.at/consent/tcf/story/3000000314926/outcome-big-mistakes-malcolm-mittendrin-streaming-und-tv-tipps-fuer-samstag?ref=rss
ed3f80381089cbd09034a41063ca36926c942c3ef26a3b1b6ffa5ab6d8c52b0a,2026-04-10 21:09:26.180105+00:00,de,derstandard.at,derstandard.at,2026-03-31,"Nigerianisches Geschwisterpaar weiter abschiebegefährdet, Anwalt hofft auf Bleiberecht",https://www.derstandard.at/consent/tcf/story/3000000316089/nigerianisches-geschwisterpaar-weiter-abschiebegefaehrdet-anwalt-hofft-auf-bleiberecht
5f346e11a99894e920de7a952a6a64dbf6416622e9726a134743175db50fdc68,2026-04-10 20:34:03.134859+00:00,de,derstandard.at,derstandard.at,2026-04-02,"Spiel nicht so schnell, Javohir!",https://www.derstandard.at/consent/tcf/story/3000000316147/spiel-nicht-so-schnell-javohir
c3ca75a64425a79db69e8fb46f5f852c10781a6248a0a4357010e2450e6fa34b,2026-04-10 20:32:38.215756+00:00,de,derstandard.at,derstandard.at,2026-03-30,"Parkinson-Betroffener: ""Man lernt das zu schätzen, was wirklich zählt""",https://www.derstandard.at/consent/tcf/story/3000000314708/parkinson-betroffener-man-lernt-das-zu-schaetzen-was-wirklich-zaehlt
e2ff880ba409b6551e1b3224074a1c905d25d94580853cd2cdbb57ea6185cfba,2026-04-10 20:31:13.391321+00:00,de,derstandard.at,derstandard.at,2026-04-02,"Gescheitert in good, old Hollywood",https://www.derstandard.at/consent/tcf/story/3000000315045/gescheitert-in-good-old-hollywood
fade59fd985b7216522aec76c2cf2ff5046b289b054a38b5c07a06e6640c9e26,2026-04-10 08:31:39.160891+00:00,de,derstandard.at,derstandard.at,2026-04-01,"Fernreise-Impfungen sind für viele kein Thema, Corona schon. Warum?",https://www.derstandard.at/consent/tcf/story/3000000314709/fernreise-impfungen-sind-fuer-viele-kein-thema-corona-schon-warum?ref=rss
51b910a698fdd5bd3a27f6080a36e3b8a0b542ec04e18c0316e75d4215c26acb,2026-04-10 08:29:59.073936+00:00,de,derstandard.at,derstandard.at,2026-03-30,"""Die zwei Gesichter einer Frau"", Little Richard: TV-Tipps für Freitag",https://www.derstandard.at/consent/tcf/story/3000000314727/die-zwei-gesichter-einer-frau-little-richard-tv-tipps-fuer-freitag?ref=rss
be66557414c4af07ffc80828a45b3736a9241b43763c7f48dc32055070bb5686,2026-04-10 08:29:43.803481+00:00,de,derstandard.at,derstandard.at,2026-04-05,"Regisseur Çatak: ""Das türkische Problem ist eine deutsche Realität""",https://www.derstandard.at/consent/tcf/story/3000000315306/regisseur-catak-das-tuerkische-problem-ist-eine-deutsche-realitaet?ref=rss
ebfafbfe3c8b58099bd840c1c4693ecc0a9e11ccad588acb2574b87f43f13e4b,2026-04-10 08:29:34.183522+00:00,de,derstandard.at,derstandard.at,2026-04-05,Der härteste Test der Mondmission Artemis 2 steht noch bevor,https://www.derstandard.at/consent/tcf/story/3000000316013/der-haerteste-test-der-mondmission-artemis-2-steht-noch-bevor?ref=rss
f1101a74d9539d54c8e09b9d032ac6d491105c499776eb625ec9e2cb7b1d9057,2026-04-10 00:43:32.694545+00:00,de,derstandard.at,derstandard.at,2026-03-30,"ÖBB-Chef Matthä: ""Besser, im Büro zu sein als mit der Fernsteuerung zu Hause""",https://www.derstandard.at/consent/tcf/story/3000000314705/oebb-chef-matthae-besser-im-buero-zu-sein-als-mit-der-fernsteuerung-zu-hause
071eee143bf105b8ad70ddbf4672efd0c91f0dd0d22094273d8903913778795e,2026-04-10 00:32:54.646651+00:00,de,derstandard.at,derstandard.at,2026-04-01,"KI überwacht jetzt auch, wie sich Mitarbeitende im Büro fühlen",https://www.derstandard.at/consent/tcf/story/3000000315054/ki-ueberwacht-jetzt-auch-wie-sich-mitarbeitende-im-buero-fuehlen
9b8c19e2e845ddd67d110f13b39edb9544216f5c2b30b4918192b521999de5ba,2026-04-10 00:30:54.623066+00:00,de,derstandard.at,derstandard.at,2026-03-31,Geplante Abschiebung: Babler fordert Bleiberecht für nigerianische Geschwister,https://www.derstandard.at/consent/tcf/story/3000000316056/asyl-babler-fordert-bleiberecht-f252r-nigerianische-geschwister
e769dc6bc34f0df49067acdfdf7a6b3dc7b6ef637eccb0455c392206faf64d29,2026-04-10 00:30:34.542334+00:00,de,derstandard.at,derstandard.at,2026-03-31,Dem Nazi-Arzt ausgeliefert: Friedrich Zawrels Leidensweg,https://www.derstandard.at/consent/tcf/story/3000000314904/dem-nazi-arzt-ausgeliefert-friedrich-zawrels-leidensweg
2a9dc7ae1c1a639023b1cd6e95d5a281e1fcf5860f8a215673043ad1b552ef2f,2026-04-09 09:33:21.515713+00:00,de,derstandard.at,derstandard.at,2026-04-01,"STANDARD und Joyn starten neuen True-Crime-Podcast ""Schuldfrage""",https://www.derstandard.at/consent/tcf/story/3000000315017/standard-und-joyn-starten-neuen-true-crime-podcast-schuldfrage?ref=rss
fd8341da88d38fcf8fd3bcf25279aa7245156b93af9d9a5ab135a60e5d9a6646,2026-04-09 09:33:11.615836+00:00,de,derstandard.at,derstandard.at,2026-04-02,Befestigungsmauern und Gräber. Archäologische Forschungen auf Ägina,https://www.derstandard.at/consent/tcf/story/3000000315179/befestigungsmauern-und-graeber-archaeologische-forschungen-auf-aegina?ref=rss
dee55a03f7f3afd6c6ef393faadfa2a0ccfbbc85f1dfbc7bc6d6582b1fe9735d,2026-04-09 09:32:51.536738+00:00,de,derstandard.at,derstandard.at,2026-03-30,"""Frühling in Paris"", ""Mystery Road"": TV-Tipps für Donnerstag",https://www.derstandard.at/consent/tcf/story/3000000314694/fruehling-in-paris-mystery-road-tv-tipps-fuer-donnerstag?ref=rss
29a18e450237ed72294391c14cd98d1f21cc473f0f85501d598a388b5cb678db,2026-04-09 04:49:47.664660+00:00,de,derstandard.at,derstandard.at,2026-03-31,Und was ist mit Israel?,https://www.derstandard.at/consent/tcf/story/3000000315825/und-was-ist-mit-israel
5b321369da01b333e77d6558b2b0e66cd878224f9b128d3980f79c8b3ae115e5,2026-04-09 04:49:42.693933+00:00,de,derstandard.at,derstandard.at,2026-03-31,Sänger Alex Kriz von Siamese Elephants sehnt sich nach Fetir,https://www.derstandard.at/consent/tcf/story/3000000314864/saenger-alex-kriz-von-siamese-elephants-sehnt-sich-nach-fetir
6b2bc40e56ad2c01f1ad475760f0777395a27f6536a3f89a9790eed50533bb06,2026-04-09 04:45:27.500572+00:00,de,derstandard.at,derstandard.at,2026-04-01,"""Bald müssen wir aus der Wohnung raus"": Drei Monate Sozial-Sparprogramm in Wien",https://www.derstandard.at/consent/tcf/story/3000000315131/bald-muessen-wir-aus-der-wohnung-raus-drei-monate-sozial-sparprogramm-in-wien
6643ad9c4006e26561f894aa1bd32cf2de83a4e585cee2ea6f2f2746c9aefd4c,2026-04-09 04:44:37.376897+00:00,de,derstandard.at,derstandard.at,2026-04-04,"""Alpha"" von Julia Ducournau: Erwachsenwerden in pandemischen Zeiten",https://www.derstandard.at/consent/tcf/story/3000000315035/alpha-von-julia-ducournau-erwachsenwerden-in-pandemischen-zeiten
59e5b6b5366e686a2cb607ade7e8648b27a417cabee2b7fa9a94b7ccc0946654,2026-04-08 08:49:12.984403+00:00,de,derstandard.at,derstandard.at,2026-04-01,Hormuz: Ein historischer Knotenpunkt zwischen See- und Landhandel,https://www.derstandard.at/consent/tcf/story/3000000315136/hormuz-ein-historischer-knotenpunkt-zwischen-see-und-landhandel
2f10c4dec1c4886c49e0d1def9dd5882ab87e6dc2afc4638eb4750b87a7c8fbb,2026-04-08 08:47:11.940304+00:00,de,derstandard.at,derstandard.at,2026-04-05,Pustertal nach Sieg gegen Ljubljana im Eishockey-Finale gegen Graz,https://www.derstandard.at/consent/tcf/story/3000000315704/pustertal-nach-sieg-gegen-ljubljana-im-eishockey-finale-gegen-graz
ed90c3b008f7613e81e22c176a5308f72e07a11eb5df58c11502ba76613edc67,2026-04-08 08:46:41.949126+00:00,de,derstandard.at,derstandard.at,2026-04-01,Welchen Studentenjob würdet ihr heute machen?,https://www.derstandard.at/consent/tcf/story/3000000315654/welchen-studentenjob-wuerdet-ihr-heute-machen
3911ee2e679bfa1871462f0a26557addf760329028cfb0f0940399ecf5db9ccb,2026-04-08 08:35:57.632621+00:00,de,derstandard.at,derstandard.at,2026-03-31,"Watches and Wonders 2026: Viele Uhren, kleine Wunder, gute Vibes",https://www.derstandard.at/consent/tcf/story/3000000314059/watches-and-wonders-2026-viele-uhren-kleine-wunder-gute-vibes
6abc2438188c7157070811bc9176489374a303e3d0592aeaa54331249e6dda33,2026-04-08 08:33:57.695395+00:00,de,derstandard.at,derstandard.at,2026-04-03,70 Jahre FPÖ: Erster Parteichef wurde nach 1945 steckbrieflich gesucht,https://www.derstandard.at/consent/tcf/story/3000000315372/70-jahre-fpoe-erster-parteichef-wurde-nach-1945-steckbrieflich-gesucht
2bb880b6706958088317e483a5193c20cf53cdc4e8fccd5d20779f7295d8aa75,2026-04-08 08:33:22.888994+00:00,de,derstandard.at,derstandard.at,2026-04-01,Steuersenkung auf Sprit vs. Erhöhung der Pendlerpauschale,https://www.derstandard.at/consent/tcf/story/3000000315651/steuersenkung-auf-sprit-vs-erhoehung-der-pendlerpauschale
f4259d5c37355fcacc5bcdf80e1aaef811e5bb717c9befa4667489913c957d0d,2026-04-08 08:32:48.063193+00:00,de,derstandard.at,derstandard.at,2026-03-30,"""Das gestohlene Bild"", Klimt, ""Weltjournal"": TV-Tipps für Mittwoch",https://www.derstandard.at/consent/tcf/story/3000000314681/das-gestohlene-bild-klimt-weltjournal-tv-tipps-fuer-mittwoch
aed031e61d4572432be22189ee2a780523fac26011b80036e773f2bfdc4c45f2,2026-04-08 08:32:07.958017+00:00,de,derstandard.at,derstandard.at,2026-03-31,"Bestseller-Verfilmung ""Der Magier im Kreml"": Putins zynischer Milchbubi",https://www.derstandard.at/consent/tcf/story/3000000314882/bestseller-verfilmung-der-magier-im-kreml-putins-zynischer-milchbubi
77146981af183c187c68a0e8af2ad1afb3e1f0bb1222cc95249c38338aa891d3,2026-04-08 08:31:32.625336+00:00,de,derstandard.at,derstandard.at,2026-04-03,"Warum sind wir nicht schon am Mars? ""For All Mankind"" auf Apple TV",https://www.derstandard.at/consent/tcf/story/3000000314836/warum-sind-wir-nicht-schon-am-mars-for-all-mankind-auf-apple-tv
d2400cafcd53bb31f4a8066e6f952d0005d2fc1b4205e87090bcc74756b80dab,2026-04-07 23:24:18.882298+00:00,de,heute.at,heute.at,2026-04-05,Unbekannter hält Frau (22) plötzlich Messer an den Hals,https://www.heute.at/s/unbekannter-haelt-frau-22-ploetzlich-messer-an-den-hals-120178433
7dc3e39fa0e8a2e3933f56f8d0772345e77f9de6ef31decb12642fe7ae3a7beb,2026-04-07 12:34:10.043114+00:00,de,derstandard.at,derstandard.at,2026-04-04,Verliert Donald Trump seinen Verstand?,https://www.derstandard.at/consent/tcf/story/3000000315441/verliert-donald-trump-seinen-verstand
f6573f5bb2e5b699c80815074f5a1b041fb925d2e0c4b03948a2c1f81604bc41,2026-04-07 12:33:49.631457+00:00,de,derstandard.at,derstandard.at,2026-03-30,Was war früher wirklich besser?,https://www.derstandard.at/consent/tcf/story/3000000315588/was-war-frueher-wirklich-besser
ae86dd5139bdead3cafc72d9e5148132d760e54520eb73709b76032c38a266a4,2026-04-07 12:33:20.860478+00:00,de,derstandard.at,derstandard.at,2026-04-02,Aus für das Kaiserwalzer und der Fünfte bekommt ein Specialty-Café,https://www.derstandard.at/consent/tcf/story/3000000315253/aus-fuer-das-kaiserwalzer-und-der-fuenfte-bekommt-ein-specialty-cafe
78c04aa27ee928a37f14e91c2ade291f38088d2890fad7b74d67d393fd58f60c,2026-04-07 12:32:26.281367+00:00,de,derstandard.at,derstandard.at,2026-04-02,Iran: Macht sich Trump zum Kriegsverbrecher?,https://www.derstandard.at/consent/tcf/story/3000000315549/iran-macht-sich-trump-zum-kriegsverbrecher
68bb2de510a52861cc71417ba6964245cc92f212ae0e073bf98f6dec6821a63a,2026-04-07 11:51:59.949737+00:00,en,derstandard.at,derstandard.at,2026-03-31,"A Hidden Russian Hand in Hungary’s Election? Actually, It’s Quite Open.",https://www.derstandard.at/consent/tcf/story/3000000315547/a-hidden-russian-hand-in-hungarys-election-actually-its-quite-open?ref=rss
10b9282fe233c7ef6a48c14437afa6dc2776a89a347c666597d305ed6acabac5,2026-04-07 11:51:39.988872+00:00,de,derstandard.at,derstandard.at,2026-04-02,"70 Jahre FPÖ, 40 Jahre Grüne: Warum die beiden Parteien verstärkt gemeinsame Sache machen",https://www.derstandard.at/consent/tcf/story/3000000315174/70-jahre-fpoe-40-jahre-gruene-warum-die-beiden-parteien-verstaerkt-gemeinsame-sache-machen?ref=rss
f8d50a045121b44342ef6beb89ae555ff8ac6e6e60eed4ee8fc9844919173b3c,2026-04-07 11:51:35.281821+00:00,de,derstandard.at,derstandard.at,2026-04-03,"Pensionisten-Paar aus Wien: ""Wir heizen nur noch bis Mittag mit Gas""",https://www.derstandard.at/consent/tcf/story/3000000315326/pensionisten-paar-aus-wien-wir-heizen-nur-noch-bis-mittag-mit-gas?ref=rss
7ee5de3a25763c3728335b3c1a1c52056ee022e236cc9e50375d00cf22fe7b45,2026-04-07 11:37:21.408813+00:00,de,derstandard.at,derstandard.at,2026-04-02,Ungarns Gesundheitssystem: Marode und chronisch unterfinanziert,https://www.derstandard.at/consent/tcf/story/3000000315273/ungarns-gesundheitssystem-marode-und-chronisch-unterfinanziert?ref=rss
7e18da97f416c450c6f6584d95f660eff8dfc6471ef20747aafc5de111424bf0,2026-04-07 11:37:11.485845+00:00,de,derstandard.at,derstandard.at,2026-04-01,Wie aus einer Diplomarbeit ein Schnelltest gegen K.-o.-Tropfen wurde,https://www.derstandard.at/consent/tcf/story/3000000313862/wie-aus-einer-diplomarbeit-ein-schnelltest-gegen-k-o-tropfen-wurde?ref=rss
8124bcb8e5fffdc74383fd5f251359531c8f6b722b889d23ab33e1e52911de3b,2026-04-07 11:36:26.780605+00:00,de,derstandard.at,derstandard.at,2026-04-03,Wie man das eigene Smartphone mit ein paar Handgriffen sicherer machen kann,https://www.derstandard.at/consent/tcf/story/3000000315383/wie-man-das-eigene-smartphone-mit-ein-paar-handgriffen-sicherer-machen-kann?ref=rss
3ed4c49022a31e9e55a469bdb208cd9bbb7fff0aa067694b3fd489f77954e534,2026-04-07 11:36:21.504638+00:00,de,derstandard.at,derstandard.at,2026-03-31,Vom Code zur Sprache: The Future of Software Development is now(),https://www.derstandard.at/consent/tcf/story/3000000314862/vom-code-zur-sprache-the-future-of-software-development-is-now?ref=rss
fac228c88842aa4dbc9f785249fbf58399a3cf1f884c6ffb8ba1188ca81615e6,2026-04-07 11:35:46.460823+00:00,de,derstandard.at,derstandard.at,2026-04-03,Schutz vor chinesischen Übernahmen: Wie funktioniert die Investitionskontrolle?,https://www.derstandard.at/consent/tcf/story/3000000315349/schutz-vor-chinesischen-uebernahmen-wie-funktioniert-die-investitionskontrolle?ref=rss
6d5529d832260c0ce41066ab38b47c9ad4eb2a8d80f4b82264c58b07169eb8f4,2026-04-07 11:34:46.377231+00:00,de,derstandard.at,derstandard.at,2026-04-02,Kulturtipps der Woche: Sechs-Stunden-Faust und sprechende Erinnerungen,https://www.derstandard.at/consent/tcf/story/3000000314497/kulturtipps-der-woche-sechs-stunden-faust-und-sprechende-erinnerungen?ref=rss
60cc63e1979b08b65b2a574123baecac82cdd1c478aaa4f1ff0ee593d2490b32,2026-04-07 11:34:41.728338+00:00,de,derstandard.at,derstandard.at,2026-04-03,"KI-Experte Nate Soares: ""Der Untergang der Menschheit wäre ein Nebeneffekt""",https://www.derstandard.at/consent/tcf/story/3000000314501/ki-experte-nate-soares-der-untergang-der-menschheit-waere-ein-nebeneffekt?ref=rss
087ce60dd93be7d152c87b526d3f88603c23c056a6b1e4d3fba7702980c88762,2026-04-07 11:34:26.381879+00:00,de,derstandard.at,derstandard.at,2026-04-03,WAC trennt sich von Trainer Atalan und holt Silberberger,https://www.derstandard.at/consent/tcf/story/3000000315566/wac-trennt-sich-von-trainer-ismail-atalan?ref=rss
3c9c60770cc55941320587efbd0642f1cd2d1972444eaf664b42b8a0f0cc113a,2026-04-07 11:34:11.544136+00:00,de,derstandard.at,derstandard.at,2026-03-31,"Bindungsangst: Warum manche Menschen Nähe sabotieren, wenn es ernst wird",https://www.derstandard.at/consent/tcf/story/3000000314762/bindungsangst-warum-manche-menschen-naehe-sabotieren-wenn-es-ernst-wird?ref=rss
813dd051fe3b583ae1a1737c2777697ae22990b24d94540e8dd6a7df4d32bdfd,2026-04-07 11:34:01.630257+00:00,de,derstandard.at,derstandard.at,2026-04-02,Die Freude über mehr Transparenz in Österreich kam zu früh,https://www.derstandard.at/consent/tcf/story/3000000315048/die-freude-ueber-mehr-transparenz-in-oesterreich-kam-zu-frueh?ref=rss
56b018a7499759adc9ba1795f9d3e6d5b835de15e71b07b5e02044346891cd61,2026-04-07 11:33:56.596327+00:00,de,derstandard.at,derstandard.at,2026-04-04,"Vier Gemeinden im Weinviertel wollen Windräder, aber das Land blockiert",https://www.derstandard.at/consent/tcf/story/3000000315057/vier-gemeinden-im-weinviertel-wollen-windraeder-aber-das-land-blockiert?ref=rss
3b732a2a23c490d4178fa395260f93305f604910115da4f5a1c8866862120726,2026-04-06 17:12:13.577210+00:00,de,derstandard.at,derstandard.at,2026-04-02,Klimaticket: Geht Zugfahren noch ohne Reservierung?,https://www.derstandard.at/consent/tcf/story/3000000315223/klimaticket-geht-zugfahren-noch-ohne-reservierung
3a1f6533ee91a46037e41b8dc769b714df66f3d249709179c1f3e3fac1c3eab8,2026-04-06 17:11:54.072691+00:00,de,derstandard.at,derstandard.at,2026-04-02,Cozy Stickerville: Wenn man dem Mitspieler eine pickt,https://www.derstandard.at/consent/tcf/story/3000000315263/cozy-stickerville-wenn-man-dem-mitspieler-eine-pickt
162084c6e59653e6d28585bdd893a3afec7bd23e395fff7315e87af794f780c1,2026-04-06 17:11:31.901727+00:00,de,derstandard.at,derstandard.at,2026-03-30,"ORF-Publikumsrat verletzte mit Bestellung das Gesetz, urteilt Medienbehörde",https://www.derstandard.at/consent/tcf/story/3000000314650/orf-publikumsrat-verletzte-mit-bestellung-das-gesetz-urteilt-medienbehoerde
7adb43ef8dbbdcb72196e474f18777453c88d1e17d76d02fb913b511dc7d588c,2026-04-06 17:10:51.928730+00:00,de,derstandard.at,derstandard.at,2026-04-01,"Mystik und Drastik. ""Letzte Tage mit Teresa von Ávila"", der neue Roman von Cristina Morales",https://www.derstandard.at/consent/tcf/story/3000000314845/mystik-und-drastik-letzte-tage-mit-teresa-von-avila-der-neue-roman-von-cristina-morales
5acad9b9de20e33f9e800e29b09a88e93604f7e73a592c7e70ee6332d596f7da,2026-04-06 17:10:46.620933+00:00,de,derstandard.at,derstandard.at,2026-04-05,Inter legt mit 5:2 gegen Roma im Titelkampf vor,https://www.derstandard.at/consent/tcf/story/3000000315489/fu223ball-52-gegen-roma-inter-legte-im-serie-a-titelkampf-vor
7010ae40b969d6d90e3ee4ce8b7a99feb44506972b8bea2cd9aa17b6a2888ad5,2026-04-06 17:10:37.029079+00:00,de,derstandard.at,derstandard.at,2026-04-01,"""Hier ist alles auf die Spitze getrieben"": Mit der Buchpreisträgerin Dorothee Elmiger in NYC",https://www.derstandard.at/consent/tcf/story/3000000315072/hier-ist-alles-auf-die-spitze-getrieben-mit-der-buchpreistraegerin-dorothee-elmiger-in-nyc
3d676a1492faf9c02d06aef1a395032898464bf46be68d6bd961e0450b7ea483,2026-04-06 17:10:03.031308+00:00,de,derstandard.at,derstandard.at,2026-04-02,"Drei Wirte aus Linz, Golling und Wien erklären, wie sie ihre Preise kalkulieren",https://www.derstandard.at/consent/tcf/story/3000000315269/drei-wirte-aus-linz-golling-und-wien-erklaeren-wie-sie-ihre-preise-kalkulieren
8941127b6b4b7217fc6afdea09368a185416dcbf1c00fb688164a49c8d63a86d,2026-04-06 17:09:57.809112+00:00,de,derstandard.at,derstandard.at,2026-04-05,Kasper-Assist bei Detroit-Niederlage gegen Minnesota,https://www.derstandard.at/consent/tcf/story/3000000315487/kasper-assist-bei-detroit-niederlage-gegen-minnesota
2c9cd2219c29cd0d6cef89bfacff88f040335f039f53755314c085674437fa13,2026-04-06 14:50:15.337748+00:00,de,orf.at,orf.at,2026-04-05,Passionsspiele mit Mailänder Nähkunst,https://burgenland.orf.at/stories/3348806/
0947587c247cb044921e439643a526c1717efdcf4c314a0bb8428611e6481676,2026-04-06 14:49:03.638227+00:00,de,orf.at,orf.at,2026-04-05,Feuerwehr konnte Waldbrand rasch löschen,https://burgenland.orf.at/stories/3348829/
229fb48d1a53fd911c156528d5787fa8b138e5359d7e3583065de4487854e189,2026-04-06 14:42:24.298961+00:00,de,derstandard.at,derstandard.at,2026-04-03,Heute fliegt Artemis 2 am Mond vorbei,https://www.derstandard.at/consent/tcf/story/3000000315413/heute-fliegt-artemis-2-am-mond-vorbei?ref=rss
31b8cd15afc16c65e9393c1e92892116b05506a38568d5bee5e1a7d102fbf6f7,2026-04-06 14:41:59.499057+00:00,de,derstandard.at,derstandard.at,2026-04-02,"Comeback von ""Malcolm in the Middle"", Finale ""The Boys"": Sieben Tage – sieben Serien",https://www.derstandard.at/consent/tcf/story/3000000315186/comeback-von-malcolm-in-the-middle-finale-the-boys-sieben-tage-sieben-serien?ref=rss
c49ef1e9ce1f702f91f8126cc64d6a4c43dc6cfcae237f40217785772c1436c4,2026-04-06 14:41:49.382971+00:00,de,derstandard.at,derstandard.at,2026-04-02,Wie Sie aus Ihrem Essen das Beste rausholen,https://www.derstandard.at/consent/tcf/story/3000000315212/wie-sie-aus-ihrem-essen-das-beste-rausholen?ref=rss
07e5e29e5185443dc38159c08e728dbdb97d42dde1354eebba55149938d4bd6d,2026-04-06 14:41:39.318658+00:00,de,derstandard.at,derstandard.at,2026-04-03,"Spanien legalisiert Status von 500.000 ""irregulären"" Immigranten",https://www.derstandard.at/consent/tcf/story/3000000315169/spanien-legalisiert-status-von-500000-irregulaeren-immigranten?ref=rss
065049012b03fa0894daee4eb62d75450d4236059352ce95a9edeebfc1c51f9e,2026-04-06 14:41:34.726021+00:00,de,derstandard.at,derstandard.at,2026-04-03,Vorsorge mit Weltaktien-ETFs: Wie man Ertrag und Risiko selbst steuern kann,https://www.derstandard.at/consent/tcf/story/3000000315264/vorsorge-mit-weltaktien-etfs-wie-man-ertrag-und-risiko-selbst-steuern-kann?ref=rss
34708e4c736226fc81c9d21a94cd01fd2a33fe385fd3575ad9eaa17b0b648016,2026-04-06 14:41:19.578134+00:00,de,derstandard.at,derstandard.at,2026-03-31,Das Mak präsentiert Teppiche und Textilien neu – mit seltenen Kostbarkeiten,https://www.derstandard.at/consent/tcf/story/3000000314812/das-mak-praesentiert-teppiche-und-textilien-neu-mit-seltenen-kostbarkeiten?ref=rss
fa0973600bcd2cd59d2da7e821841bca5d07c392c5645b13565cb94dec00c97c,2026-04-06 14:41:14.386684+00:00,de,derstandard.at,derstandard.at,2026-03-31,"Buchtipps der Woche: Guldas Sohn, soziale Klassen und Giacomettis Windfiguren",https://www.derstandard.at/consent/tcf/story/3000000314913/buchtipps-der-woche-guldas-sohn-soziale-klassen-und-giacomettis-windfiguren?ref=rss
1d1cb5313450d7c70b8a531e570d3d50cbedf4e78749d24f3a4bd46a327b9b6c,2026-04-06 14:41:09.287642+00:00,de,derstandard.at,derstandard.at,2026-04-05,Sind große Sprachmodelle eine Sackgasse – und World Models die Lösung?,https://www.derstandard.at/consent/tcf/story/3000000315485/sind-grosse-sprachmodelle-eine-sackgasse-und-world-models-die-loesung?ref=rss
1da9ec2c71e107ed35aa5ee84fb0ed26dc40ab01a407e1c7156f4f5139924fbe,2026-04-06 14:41:04.315872+00:00,de,derstandard.at,derstandard.at,2026-03-30,Dutzende rätselhafte Steinkreise auf dem Golan entdeckt,https://www.derstandard.at/consent/tcf/story/3000000314741/dutzende-raetselhafte-steinkreise-auf-dem-golan-entdeckt?ref=rss
6ac4ed034a0bf47f87e6e96f0907c7ae2ea16c3a26edeb94556fa59053f8bab7,2026-04-06 14:40:54.318640+00:00,de,derstandard.at,derstandard.at,2026-03-30,Festival in London: Aktivisten fordern Einreiseverbot für Kanye West,https://www.derstandard.at/consent/tcf/story/3000000315513/festival-in-london-aktivisten-fordern-einreiseverbot-fuer-kanye-west?ref=rss
7f7583eb9289fd91cf7e84cf0e9890bf2df7a09a807f7a3d2bae1e39094799d4,2026-04-06 14:40:39.716993+00:00,de,derstandard.at,derstandard.at,2026-03-31,Die Erinnerungen von Marcel Prousts Haushälterin als Graphic Novel,https://www.derstandard.at/consent/tcf/story/3000000314844/die-erinnerungen-von-marcel-prousts-haushaelterin-als-graphic-novel?ref=rss
fa299787d1158cff751c5d63f42a43a3a6b11dbb062ab9fea49fc89aa4b44d7c,2026-04-06 14:40:24.534815+00:00,de,derstandard.at,derstandard.at,2026-04-02,"""Lassen wir Bitcoin den Weg der Tamagotchis gehen"": Warum Krypto als Krisenwährung nicht taugt",https://www.derstandard.at/consent/tcf/story/3000000314933/lassen-wir-bitcoin-den-weg-der-tamagotchis-gehen-warum-krypto-als-krisenwaehrung-nicht-taugt?ref=rss
c7d77e174e42f48b85c3300082ecbfc1f9b0f97caa7e4a9c7b85355f545a5462,2026-04-06 14:40:19.693859+00:00,de,derstandard.at,derstandard.at,2026-04-03,"Was man von ""Terminator 2"" über die Welt von heute lernen kann",https://www.derstandard.at/consent/tcf/story/3000000315302/was-man-von-terminator-2-ueber-die-welt-von-heute-lernen-kann?ref=rss
faa2ffc9d5b02ce25633d788349a731b45d4d24cb29a050e6c9a79bc1ca4587c,2026-04-06 14:40:14.588070+00:00,de,derstandard.at,derstandard.at,2026-03-31,"Die Anime-Verfilmung ""One Piece"" schauen ...",https://www.derstandard.at/consent/tcf/story/3000000314842/die-anime-verfilmung-one-piece-schauen-?ref=rss
5f58a3e30a7c5adfe5d148ee228c9a9f6d8aa7f32b523dddc38d71db68072332,2026-04-06 14:40:09.286532+00:00,de,derstandard.at,derstandard.at,2026-04-01,"Wie ticken die Menschen, die Trump weiterhin gottgleich verehren?",https://www.derstandard.at/consent/tcf/story/3000000314254/wie-ticken-die-menschen-die-trump-weiterhin-gottgleich-verehren?ref=rss
b1d3bc800cff9c02b36dcf7e6fe223947f0aec1a52963437813cf529d168db78,2026-04-06 14:39:59.328066+00:00,de,derstandard.at,derstandard.at,2026-04-02,Das sind die weltweit schönsten Straßen für einen Spaziergang,https://www.derstandard.at/consent/tcf/story/3000000315276/das-sind-die-weltweit-schoensten-strassen-fuer-einen-spaziergang?ref=rss
40bb268ee7410fa38b1191df04cb43b4336470098e111f17a217252072a1b1fa,2026-04-06 14:39:44.325478+00:00,de,derstandard.at,derstandard.at,2026-03-30,"Alptraum Heiraten: ""Something Very Bad is Going to Happen"" auf Netflix",https://www.derstandard.at/consent/tcf/story/3000000314641/alptraum-heiraten-something-very-bad-is-going-to-happen-auf-netflix?ref=rss
06810e36383bbf0800c73d166b2c8864d8d32b80c07de9bb37e1f1eaf698aa92,2026-04-06 14:39:34.303031+00:00,de,derstandard.at,derstandard.at,2026-04-03,Investmentbankerin wollte neun Stunden schlafen – und wurde gekündigt,https://www.derstandard.at/consent/tcf/story/3000000315271/investmentbankerin-wollte-neun-stunden-schlafen-und-wurde-gekuendigt?ref=rss
20f150a895e5a8f5fb727c321978c29529c14549432f1b33d1ce7914a7cb022f,2026-04-06 14:39:29.345594+00:00,de,derstandard.at,derstandard.at,2026-03-31,Kann sich die Sozialdemokratie noch retten?,https://www.derstandard.at/consent/tcf/story/3000000314961/kann-sich-die-sozialdemokratie-noch-retten?ref=rss
9e75df7342c410b964ce461706f799ebb687596b0ad6fedc41c2e8ae5a597a72,2026-04-06 14:38:59.408049+00:00,de,derstandard.at,derstandard.at,2026-04-04,Standard-Karikaturist Oliver Schopf: Das machma ’s nächste Mal!,https://www.derstandard.at/consent/tcf/story/3000000315444/standard-karikaturist-oliver-schopf-das-machma-s-naechste-mal?ref=rss
3ce3e25f34c45b0bd05fa0b0f5a57a69b4bd27508664b35c04b4d577c1712e7f,2026-04-06 14:34:58.431234+00:00,de,orf.at,orf.at,2026-04-05,Motorradlenker bei Auffahrunfall verletzt,https://tirol.orf.at/stories/3348847/
d4ce0c9f2467e863d6b391d1cc5662feb682426d223e74384a1ec6ed2919e886,2026-04-06 07:27:18.521244+00:00,de,krone.at,krone.at,2026-04-05,Peter Klimek: „Wir sind geopolitisch erpressbar“,https://www.krone.at/4094870
3cd8058dbf03182f65295312d29c9096dbe38a2c4172d87ef6a2048ace06e81e,2026-04-06 07:26:58.215368+00:00,en,krone.at,krone.at,2026-04-05,Wanner Wins Record Championship Title with PSV Eindhoven,https://www.krone.at/4098789
0f0a61e25e61951aa978907979fbcdbf806099860f3268fdc437af7bf1366a77,2026-04-06 07:26:53.065987+00:00,en,krone.at,krone.at,2026-04-05,LIVE: 3-0 after 13 minutes! LASK dismantles Austria,https://www.krone.at/4098705
74bb2076b38995485cfccfb693e9752ad025f086a33c27d41176870f5bc4ff92,2026-04-06 07:26:43.255236+00:00,de,krone.at,krone.at,2026-04-05,ORF-Wut,https://www.krone.at/4098731
5f9eac7d58768be59c223f54f9ea0052894fd862faad27337d36a3cbdba176a4,2026-04-06 07:26:05.827347+00:00,en,krone.at,krone.at,2026-04-05,LIVE: Rapid vs. Sturm Graz – the lineups,https://www.krone.at/4098744
f67b0a220ec0dca7a17903c72b91d49e6749b28eabbf14b30eb9a552d50f82f1,2026-04-06 07:25:50.950063+00:00,en,krone.at,krone.at,2026-04-05,FINAL! Graz99ers Complete Sweep in Hungary,https://www.krone.at/4098802
26b55e4db96eee6ce50f083062d96af783eb428ac7826ace96bfa0db3f0d9530,2026-04-06 07:21:12.580291+00:00,de,orf.at,orf.at,2026-04-05,Hochwasserschutz in Feldkirch auf der Zielgeraden,https://vorarlberg.orf.at/stories/3348641/
d0d6755964d8723201f5fff82c9494aca4ca39943cac97a4b8cf286ae62f24fa,2026-04-06 07:20:21.018388+00:00,de,orf.at,orf.at,2026-04-05,Spritpreisbremse für Landwirtschaft zu gering,https://vorarlberg.orf.at/stories/3348749/
e1882843f4f965cdc97b6707e2c817da831fb6bcd83258b24357ce362dc5ada5,2026-04-06 07:20:09.379701+00:00,de,orf.at,orf.at,2026-04-05,Pkw landete im Graben: Lenker leicht verletzt,https://vorarlberg.orf.at/stories/3348808/
7a8c3c6cfbdeb4e9fb0cca049f1ffcdbbb2cfb1e042eedb44347bfad1297976a,2026-04-06 07:19:51.762519+00:00,de,orf.at,orf.at,2026-04-05,Mit „Foodsharing“ Lebensmittel retten,https://vorarlberg.orf.at/stories/3348801/
2338f67ba2211a4d603a639340143810f023ef48d45802540ac0145c30ba929e,2026-04-06 07:19:21.036714+00:00,de,orf.at,orf.at,2026-04-05,Handbremse vergessen: Auto landete im Garten,https://vorarlberg.orf.at/stories/3348833/
b5138f465490a526dea5d52c4ce5fc03b86d86d80cf2597ffa05550f7f792545,2026-04-06 06:32:32.684185+00:00,de,orf.at,orf.at,2026-04-05,Reifendiebe stellen sich der Polizei,https://salzburg.orf.at/stories/3348836/
88a4535bd5b9e9321d6fe667e66164ff115ab2b03169d4ea6ec864cf845f0273,2026-04-06 06:32:25.258499+00:00,de,orf.at,orf.at,2026-04-05,Pfarrverbände: Ostern als Marathon für Priester,https://salzburg.orf.at/stories/3348838/
97760cca077360e27c0ace9c9a3cd37544158a2b6e5db591149c86bed310db6c,2026-04-06 02:23:24.771490+00:00,de,krone.at,krone.at,2026-04-05,48 Jahre später: „Der Job ist noch nicht erledigt“,https://www.krone.at/4098836
25f410ccfed0ade6c8f71d8ec922b042b6c6c73333fe2c4d71f0a9cb4968db76,2026-04-06 02:23:20.265985+00:00,de,krone.at,krone.at,2026-04-05,Michaela Kotaskova verliert WM-Kampf gegen Cameron,https://www.krone.at/4098841
15dc67689561410254caa5aee763394b04d1d968154a98fc677053a6abde783f,2026-04-06 02:22:12.144205+00:00,de,krone.at,krone.at,2026-04-05,"Kasper-Assist, aber Detroit unterliegt Minnesota",https://www.krone.at/4098842
90fb66ea1b86f3059522664c9785634d8ceedc1a8ea90bf5791d95bb5bb63647,2026-04-06 02:21:16.315710+00:00,de,krone.at,krone.at,2026-04-05,Inter Mailand legt gegen Roma im Titelkampf vor,https://www.krone.at/4098846
507e13aac95ce4ef7215a0c257c144b4d22ba733c0ab9fc251473f3a8937030d,2026-04-06 02:20:45.141508+00:00,de,krone.at,krone.at,2026-04-05,"Fischer: „Das Blödeste, was wir nun tun könnten“",https://www.krone.at/4098832
9aca193fb087c868506691787110c70c35cd21b5fd880eb54d6af8c92963c0e9,2026-04-06 00:22:45.379020+00:00,de,orf.at,orf.at,2026-04-05,D: Entwarnung nach Fund von Flasche mit Aufschrift „Polonium“,https://orf.at/stories/3426040/
05b34fadbb23f307dc723ad56d89a7b51272ffb5642c9f9286d7364d64cd4061,2026-04-06 00:22:26.489282+00:00,de,orf.at,orf.at,2026-04-05,Orbans Gegner orten Wahlkampfmanöver,https://orf.at/stories/3426019/
67c4300fd615cb5562dac28aba6c469828fdc201bb9cfdf247943aa42a7e8958,2026-04-06 00:21:29.297761+00:00,de,orf.at,orf.at,2026-04-05,Zeit für Deal mit Iran neigt sich dem Ende zu,https://orf.at/stories/3426028/
155813e54ad907bd93cdae1d6bada0d10313511cc9809e69524121ed9586af9c,2026-04-06 00:20:38.245215+00:00,de,orf.at,orf.at,2026-04-05,Tote und Vertriebene durch Fluten in Angola,https://orf.at/stories/3426043/
5b902da5cb3013899942a1856c3523a047530bac544b4da2c12dc87df87ef135,2026-04-05 23:22:49.695249+00:00,de,krone.at,krone.at,2026-04-05,Militärkrimi: US-Soldat schwer verletzt in Kuwait,https://www.krone.at/4098837
516c7b349321c0a62ebf56d6c7f3477ef74c42c15dd9665c7eddcd515523a225,2026-04-05 23:22:38.928589+00:00,de,krone.at,krone.at,2026-04-05,Katamaran für Wal „Timmy“? Vorher aber Gutachten,https://www.krone.at/4098843
16ce06d3a66499fcf172a00a2543ecc97562a763f30004768aa8f6c03e6b4e4a,2026-04-05 22:31:16.621391+00:00,de,orf.at,orf.at,2026-04-05,Automaten mehrerer Waschanlagen geplündert,https://kaernten.orf.at/stories/3348832/
9bb7f341570fd673ccbd677841543bb98bb3d505c0a2ebebc3829c9f7dce0f79,2026-04-05 21:19:25.651345+00:00,de,derstandard.at,derstandard.at,2026-04-05,Graz99ers auf schnellstem Weg erstmals im ICE-Finale,https://www.derstandard.at/consent/tcf/story/3000000315482/graz99ers-auf-schnellstem-weg-erstmals-im-ice-finale
6871f61461d5f84876938a7171272ed22f5ab57bd6bfe0c1bdd9e63b98925281,2026-04-05 21:19:20.379424+00:00,de,derstandard.at,derstandard.at,2026-04-03,Prusa Core One+ im Selbstbau-Test: Wie viele Nerven kostet gute Druckqualität?,https://www.derstandard.at/consent/tcf/story/3000000315411/prusa-core-one-im-selbstbau-test-wie-viele-nerven-kostet-gute-druckqualitaet
968ac544ebd87f8d69364a5ec57912029d7403c45c43cc2daef2755dc53539e6,2026-04-05 21:18:58.688699+00:00,de,derstandard.at,derstandard.at,2026-04-05,Pogacar triumphiert in Flandern vor Van der Poel,https://www.derstandard.at/consent/tcf/story/3000000315479/radsport-pogacar-triumphiert-in-flandern-vor-van-der-poel
f61ea5a0abf593dc59b3322075db57c353a2e2a7fa870f0c57f6e18263887231,2026-04-05 21:18:53.815177+00:00,de,derstandard.at,derstandard.at,2026-04-01,"Im Digital-Kurs für Senioren: ""Man will nicht, dass das Leben an einem vorbeirauscht""",https://www.derstandard.at/consent/tcf/story/3000000314792/im-digital-kurs-fuer-seniorinnen-und-senioren-man-will-nicht-dass-das-leben-an-einem-vorbeirauscht
f5fb132c97f6018f1e553d564c60680d2d7fb4831f5e811cd292ff0f1228bd07,2026-04-05 21:18:48.910876+00:00,de,derstandard.at,derstandard.at,2026-04-05,Paul Wanner feiert mit PSV Eindhoven den frühesten Meistertitel der Eredivisie-Geschichte,https://www.derstandard.at/consent/tcf/story/3000000315480/fu223ball-wanner-feierte-mit-psv-fr252hesten-meistertitel-der-eredivisie
ce7266e1619666503fe6638d6b776ebcf9c3db58b0f9cc8f81e41502fd8df66b,2026-04-05 21:18:43.678336+00:00,de,derstandard.at,derstandard.at,2026-04-01,Was aus der zum Verkauf angebotenen Pfarre St. Josef in Steyr werden soll,https://www.derstandard.at/consent/tcf/story/3000000314847/was-aus-der-zum-verkauf-angebotenen-pfarre-st-josef-in-steyr-werden-soll
dd9d14a079dd9a2e5e5527f807c8f93b9872cb0752d15ddade37486c83323fef,2026-04-05 21:18:40.872385+00:00,de,krone.at,krone.at,2026-04-05,Perfekter Ostersonntag und am Abend schon Gewitter,https://www.krone.at/4098830
00ed7bac2110ec997aa9a281b20b431332912f043cb8aeffc1042c05c18e8fa9,2026-04-05 21:18:38.929847+00:00,de,derstandard.at,derstandard.at,2026-03-31,Ein Totentanz? Neue Bücher über die Kultur der Aufklärung und ihre Feinde,https://www.derstandard.at/consent/tcf/story/3000000314846/ein-totentanz-neue-buecher-ueber-die-kultur-der-aufklaerung-und-ihre-feinde
a8c777ee821f67e646ba9019b8283c86b11e50bf99c20a6bb5708f9b41e2ae43,2026-04-05 21:18:31.982137+00:00,de,krone.at,krone.at,2026-04-05,Deutsche Brauerei ruft alkoholfreies Bier zurück,https://www.krone.at/4098825
0773005f3c2e0f0045590009ca32e145dfbf82c199384af3c1b2fe0a255177a6,2026-04-05 21:18:24.016014+00:00,de,derstandard.at,derstandard.at,2026-04-04,"Wie sehen Sie das Ende der Münchner ""Tatort""-Kommissare Batic und Leitmayr?",https://www.derstandard.at/consent/tcf/story/3000000315442/wie-sehen-sie-das-ende-der-muenchner-tatort-kommissare-batic-und-leitmayr
c1bf5169df644ea4613e2832ca9bcbdb44ff6eda3af7724ebe10b1beb926048c,2026-04-05 21:18:04.873378+00:00,de,derstandard.at,derstandard.at,2026-04-05,Köln holt 0:2-Rückstand in Frankfurt auf,https://www.derstandard.at/consent/tcf/story/3000000315484/fu223ball-zwei-remis-in-deutscher-bundesliga-am-ostersonntag
bc93c54f8c4a318b7dff27206b406f84882eb796e20030b92d0d13fb8eb6efe4,2026-04-05 21:17:59.544005+00:00,de,derstandard.at,derstandard.at,2026-04-05,Boxerin Kotásková verliert WM-Kampf in London,https://www.derstandard.at/consent/tcf/story/3000000315486/boxerin-kotaskova-verliert-wm-kampf-in-london
2f2dca5349fcffef6b32e751cfea2e68c94362e0dcdf46a325c6ad82776972eb,2026-04-05 21:17:54.396726+00:00,de,derstandard.at,derstandard.at,2026-04-05,Sturm baut Tabellenführung mit 2:0 bei Rapid aus,https://www.derstandard.at/consent/tcf/story/3000000315478/sturm-baut-tabellenfuehrung-mit-20-bei-rapid-aus
9bab60339e23648e2e9e7a30e43cd3a2c2e8319e7796abfd5fe1369744f77d85,2026-04-05 21:17:44.963027+00:00,de,derstandard.at,derstandard.at,2026-04-05,Russischer Getreidefrachter im Asowschen Meer versenkt,https://www.derstandard.at/consent/tcf/story/3000000315481/russischer-getreidefrachter-im-asowschen-meer-versenkt
13f7f97a66d030a87a5903b868b2c66caca2419d1e8fe0657d0a10ddd8503fa9,2026-04-05 21:17:39.369381+00:00,de,derstandard.at,derstandard.at,2026-03-31,Der Stern γ Cas verbarg seit über 50 Jahren ein massereiches Geheimnis,https://www.derstandard.at/consent/tcf/story/3000000314930/der-stern-cas-verbarg-seit-ueber-50-jahren-ein-massereiches-geheimnis
1b592b94c93ec99adc138c02b586f0c5dc449200b119fbdcd775683f907ec21c,2026-04-05 21:17:24.974993+00:00,de,derstandard.at,derstandard.at,2026-04-05,LASK schlägt zehn Austrianer mit 4:1,https://www.derstandard.at/consent/tcf/story/3000000315476/lask-schlaegt-zehn-austrianer-mit-41
087d7c216f38050ad5a30e9c6663d0034a7bd137280941d8b511cd2c821a93f9,2026-04-05 21:17:20.642982+00:00,de,derstandard.at,derstandard.at,2026-04-05,Salzburg dreht Spiel in Hartberg binnen 68 Sekunden,https://www.derstandard.at/consent/tcf/story/3000000315477/salzburg-siegt-nach-rueckstand-in-hartberg-mit-21
549cad21c747b86266176667ea53a95979a7b64a93b4d28091cc4276b40ff94a,2026-04-05 20:34:10.367137+00:00,de,orf.at,orf.at,2026-04-05,Kranke Rinder durch verschmutzte Felder,https://ooe.orf.at/stories/3348810/
8a42ddc02acee44e2e510e6c596facaccabbf805cdddba97e7073e75698806e6,2026-04-05 20:34:05.413216+00:00,de,orf.at,orf.at,2026-04-05,Tankstellenmitarbeiterin wehrte Räuber ab,https://ooe.orf.at/stories/3348804/
0c4e41765c3dfb9f9405eaf421054704310d69f5348fab50199621e5c9141ac6,2026-04-05 20:34:00.788983+00:00,de,orf.at,orf.at,2026-04-05,Betrunkener mit 250 km/h auf A1 unterwegs,https://ooe.orf.at/stories/3348822/
4f8d670cc5c141e6542fb685e2fe229b936512fafc6db94b42bbbf0317db226f,2026-04-05 20:33:55.297933+00:00,de,orf.at,orf.at,2026-04-05,22-Jährige in Linz mit Messer bedroht,https://ooe.orf.at/stories/3348845/
6a524132ad9c5afed26ead7aa5ae67b3076336e9d42baea1a145a51b5e336504,2026-04-05 20:33:38.884628+00:00,de,orf.at,orf.at,2026-04-05,Schneeschuhgeher von Lawine erfasst,https://ooe.orf.at/stories/3348828/
3711b7dc6e6819720cf1ec088bfce9d7f169d35055f42365be636857cf617540,2026-04-05 20:33:19.886848+00:00,de,orf.at,orf.at,2026-04-05,Illegale Spritztour in Königswiesen,https://ooe.orf.at/stories/3348788/
a5a4471ec0fbca46550f27a95e9ca81eda0ef5bd0a24c617cfacd869a3d048a4,2026-04-05 20:25:17.425043+00:00,de,orf.at,orf.at,2026-04-05,Iran-Krieg: Doka sucht alternative Transportwege,https://noe.orf.at/stories/3347998/
66beb4d45ec8940e652d0e0d345dff137cd2d19ce93854079a54b40f3cc09a6b,2026-04-05 20:23:58.673495+00:00,de,orf.at,orf.at,2026-04-05,Einigung im Streit um Kraftwerk Rosenburg,https://noe.orf.at/stories/3348661/
3640c1b1c1c318af7e1fc4786e3c5b6e8b989c6510b67b1245acee1fe640dc56,2026-04-05 20:23:39.429026+00:00,de,orf.at,orf.at,2026-04-05,Teenager fuhr ohne Führerschein gegen Baum,https://noe.orf.at/stories/3348781/
8f1ea490a14487eb364ede844fec8ed9f5f5427477ba9d2b31cb481b75b2cf53,2026-04-05 20:23:24.741118+00:00,de,orf.at,orf.at,2026-04-05,Neue Börse für seltene Pflanzenarten,https://noe.orf.at/stories/3347199/
ab6d8076bd4f731949b043bef120b03d0cec51eb404a9f80c72342ea7880673a,2026-04-05 20:23:11.824682+00:00,de,orf.at,orf.at,2026-04-05,Museen: Schieles und Kokoschkas Beziehung im Fokus,https://noe.orf.at/stories/3348812/
81a26a6afff9ec3b2176a3b662c65237e53ae09635400d556beee0ef280b2872,2026-04-05 20:23:06.185103+00:00,de,orf.at,orf.at,2026-04-05,Osterfeuer in Ternitz zog viele in seinen Bann,https://noe.orf.at/stories/3348826/
86efbf55b286cc8d1f1260b962f95494a8f08eb2ed05064ce477a0b0b6c1efdf,2026-04-05 20:23:01.452868+00:00,de,orf.at,orf.at,2026-04-05,Mehr Kontrollen für Motorradfahrer zu Ostern,https://noe.orf.at/stories/3348757/
313c18a152677ae2529ab22c639103aff238c84e63b8a51c321c024b2db91044,2026-04-05 20:22:53.151493+00:00,de,krone.at,krone.at,2026-04-05,Die Joker machten für Salzburg den Unterschied,https://www.krone.at/4098707
846f3692eb7239de6d1ad730b312476991676e777343dbcfc00ab484a43a0a58,2026-04-05 20:22:48.798391+00:00,de,krone.at,krone.at,2026-04-05,Wanner holt mit PSV Eindhoven Rekord-Meistertitel,https://www.krone.at/4098786
d61b874e0de4b7c1730999b2119b99e07c0bed9ed2052055f13ef44b1e0c449c,2026-04-05 20:22:43.331028+00:00,de,krone.at,krone.at,2026-04-05,Lawinenabgang am Großen Priel fordert Verletzten,https://www.krone.at/4098712
784446e65002db5ab9e6385318c4f9369f86da70dc4ae7014a1833a1b6e38cdd,2026-04-05 20:22:38.380442+00:00,de,krone.at,krone.at,2026-04-05,Jungbullen nach Schmach um Reaktion bemüht,https://www.krone.at/4098357
c7f256220a9bec2b576ed8f9f40ff5428a7d7e4f34513d22282cff33d1719d16,2026-04-05 20:22:33.179902+00:00,de,krone.at,krone.at,2026-04-05,Frauen von Lenker (76) auf Zebrastreifen erfasst,https://www.krone.at/4098646
86dc64800d12b3f0fbd585fc9d61e142f46a10dd73b9792c69a7fc4134b581a4,2026-04-05 20:22:28.286673+00:00,de,krone.at,krone.at,2026-04-05,Pogacar gewann Flandern-Rundfahrt vor Van der Poel,https://www.krone.at/4098753
1fb5ce7b19fb1785cb43c7e4c2e043b9ea006fe8d62beb13ecfb076615f57658,2026-04-05 20:22:23.187771+00:00,de,krone.at,krone.at,2026-04-05,Salzburg im Cupfinale: „Ist einfach unglaublich“,https://www.krone.at/4098373
703687d41ce3d9dc884f415e170921c9013df6fd92cbb3d75d8efaabc43763a4,2026-04-05 20:22:18.349209+00:00,de,krone.at,krone.at,2026-04-05,Wie wir uns die Freude ins Leben zurückholen,https://www.krone.at/4096385
54b94c71c28617ce42b817928dcf351aee8ff0c1a8eac67115144348d67adeaf,2026-04-05 20:22:13.282482+00:00,de,krone.at,krone.at,2026-04-05,Schnitzel und Lederhose: „Steirerbua aus Indien“,https://www.krone.at/4098275
352b9f22ac1047f6bf5f7b1fe2420c1b514c6a2b683df418afc0675fe85492ae,2026-04-05 20:22:08.678610+00:00,de,krone.at,krone.at,2026-04-05,Sturm-Boss Jauk: „Das erzeugt unnötigen Lärm“,https://www.krone.at/4097684
7ea751c3524644d6305cc20f78a363a75e67eaf86a1bddcb19026e9db35139c6,2026-04-05 20:22:03.310529+00:00,de,krone.at,krone.at,2026-04-05,ÖTV-Damen treffen u.a. auf Griechenland & Finnland,https://www.krone.at/4098701
76207d3d9780d7e2b55efad88273fd9c62c857ce6524d578d7ea78bf27c297bf,2026-04-05 20:21:58.409701+00:00,de,krone.at,krone.at,2026-04-05,„Vollidioten!“ Becher-Eklat bei Rapid gegen Sturm,https://www.krone.at/4098818
fbb82fd72f7b2d9e1afe0670baefa5ffbba29c31f2a662f296f5ac05a2d42c01,2026-04-05 20:21:53.623376+00:00,de,krone.at,krone.at,2026-04-05,Pkw löste Notbremsung aus: Frau in Bahn verletzt,https://www.krone.at/4098682
e1af7ffed260c159e7113b593af8bc653f8106a30e92e59400f078aeea78d0f9,2026-04-05 20:21:48.392884+00:00,de,krone.at,krone.at,2026-04-05,So wurde Jesu Tod zum Urknall des Christentums,https://www.krone.at/4097075
8519bdb4af2c1e7b0f66ccb365e7ece359e2dd6335406de5c8b6802115187cdd,2026-04-05 20:21:43.297397+00:00,de,krone.at,krone.at,2026-04-05,Hartberg: Nur ein Fluch konnte gebrochen werden,https://www.krone.at/4098737
95b10fb07cfb4140f4ec92350d9c7d8447841aed5bfc24dcdc92651a9bed1f60,2026-04-05 20:21:38.915173+00:00,de,krone.at,krone.at,2026-04-05,Schwarzeneggers Sohn holt wieder Bodybuilding-Sieg,https://www.krone.at/4098814
d95fd9acaa495b6f28189b66e209f59d6b0a6aa7c33f7407bca4e7ab18b749c4,2026-04-05 20:21:34.101139+00:00,de,krone.at,krone.at,2026-04-05,Eiertor am Ostersonntag! Hedl patzt gegen Sturm,https://www.krone.at/4098811
d5f8640d0eeafcd9fa59cbf379dbacd451d3bc2f6972ab2db0134d51ff3d4863,2026-04-05 20:21:28.264533+00:00,de,krone.at,krone.at,2026-04-05,Rücktritt mit 28! Super-G-Spezialist hört auf,https://www.krone.at/4098684
1000e524799b93bdbd1352f26521697f5b075df3b5a976101f55c3eb7d0fee3d,2026-04-05 20:21:23.760653+00:00,de,krone.at,krone.at,2026-04-05,Was gibt Ihnen Hoffnung in schweren Zeiten?,https://www.krone.at/4098620
a393e2505c3a00379ab0c36fecdd235574bdd44bde1b4ee8f20a96e35d1031ce,2026-04-05 20:21:18.325438+00:00,de,krone.at,krone.at,2026-04-05,Zwei Teams laufen 2026 noch Sieg hinterher,https://www.krone.at/4098254
1d3a3a45b853787a7a8f1884b21ba4eda607d719943a836d44afc16614ac8c2b,2026-04-05 20:21:13.393679+00:00,de,krone.at,krone.at,2026-04-05,„Diese Abhängigkeit macht Europa verwundbar“,https://www.krone.at/4096342
efec4fe24867f38660221b3d652f89fc91ed3f1bc008fb8a8252fe24d52a9666,2026-04-05 20:21:08.276695+00:00,de,krone.at,krone.at,2026-04-05,22.000 Besucher feierten Osterparty in Ischgl,https://www.krone.at/4098751
7c477db0e7cf28b9ca14f83b34dc32982ae51549c2118ce38e4934979881f284,2026-04-05 20:21:03.173597+00:00,de,krone.at,krone.at,2026-04-05,"Im Taxi erbrochen, dann bespuckt Frau (18) Polizei",https://www.krone.at/4098679
6a21c8f65478d75b4bee75ff725286f5d532e4c5ec30b763c2365fdb56340ae7,2026-04-05 20:20:58.318400+00:00,de,krone.at,krone.at,2026-04-05,Kate erstmals wieder bei Ostergottesdienst dabei,https://www.krone.at/4098757
0347144f3354e1b987ce81f367e26987d2c22cc1ad48b0756947b43dd7b12237,2026-04-05 20:20:53.255045+00:00,de,krone.at,krone.at,2026-04-05,Ein Blick auf Innovation und Landwirtschaft,https://www.krone.at/4098094
6f3d94c599e58ee1bd348deffc0bc16462c569a3e1e7066dd961d7bce11de261,2026-04-05 20:20:48.825315+00:00,de,krone.at,krone.at,2026-04-05,Witzige Idee! Italiener können Trikots eintauschen,https://www.krone.at/4098695
3c2530aef95562b5ce5d993757e36d1983a589da60935eca282f8c35c030d1d6,2026-04-05 20:20:43.427416+00:00,de,krone.at,krone.at,2026-04-05,Johanna Hiemer beendet Karriere mit Rang vier!,https://www.krone.at/4098765
d0e52d1b598912ae2ad69f33cfde0c4fbf9d6943358cffa15cd258ab6e7b1a34,2026-04-05 20:20:37.910817+00:00,de,krone.at,krone.at,2026-04-05,Sturm-Party zu Ostern! „Dann ist Großes möglich“,https://www.krone.at/4098803
434a4ce13dd9ec5bb1a9e2aa44392c635a9c0ca6e2f4e1a8e4626f0d2334bdc5,2026-04-05 20:20:33.373479+00:00,de,krone.at,krone.at,2026-04-05,FINALE! Graz99ers machen Sweep in Ungarn komplett,https://www.krone.at/4098793
e759011f61c7f976e41cff95a1955b6860fe02075c7dee7dc42be8a7ef979075,2026-04-05 20:20:28.351017+00:00,de,krone.at,krone.at,2026-04-05,„Ihr Vollidioten“: Fußball-Fans fordern Punktabzug,https://www.krone.at/4098655
df74f21809975587ffc6f33f3abf0054cc637b45dcdc76e9e5f745d1697a8c95,2026-04-05 20:20:23.222370+00:00,de,krone.at,krone.at,2026-04-05,Herzprobleme! Ex-Brasilien-Profi beendet Karriere,https://www.krone.at/4098671
8b8439ee0d38cb932cb21865c63643bbf201d4606dbff5b7dbfbc9f94f0cc7af,2026-04-05 20:20:18.447071+00:00,de,krone.at,krone.at,2026-04-05,Hannibal und die vielen „Krieger“ im Hintergrund,https://www.krone.at/4097341
eafc994abf219680a0c3d45ea331e70e5b913679a15cfb0dc0c7d8e55c44a710,2026-04-05 20:20:13.564886+00:00,de,krone.at,krone.at,2026-04-05,Werder zieht nach Wirbel-Interview Konsequenzen,https://www.krone.at/4098640
e6b94817dcbfc0f2f8db185166c1159bb1454fb24c40eba0d894a52d5bd21932,2026-04-05 20:20:08.339194+00:00,de,krone.at,krone.at,2026-04-05,Prinz Harry traf Trudeau und Perry im Skiurlaub,https://www.krone.at/4098699
00ad4eddd7a245a6d0847d4d0b7cd16168873b883a246306d5668da9b5fe286a,2026-04-05 20:20:03.222436+00:00,de,krone.at,krone.at,2026-04-05,Kühbauer: „… dann wäre der Zug abgefahren gewesen“,https://www.krone.at/4098794
27a84a75a6c1baf2e317c05b3c08ab161e1d923b83ad83d16799d8396eca8463,2026-04-05 20:19:58.788831+00:00,de,krone.at,krone.at,2026-04-05,Münchner „Tatort“: Ein Abschied im Doppelpack,https://www.krone.at/4097438
14db54748f2fdcd5f090625e970cbce44fd039e417fa277c56921187344477de,2026-04-05 20:19:53.337300+00:00,de,krone.at,krone.at,2026-04-05,„Er lässt auch viele andere an den Futtertrog“,https://www.krone.at/4098525
4085ee4c6f6e0d7c087f3c344c73c1af0b529e13b0dcf5a96990c4528e7aa3b0,2026-04-05 20:19:48.368896+00:00,de,krone.at,krone.at,2026-04-05,Verfolger-Derby bescherte Adnet Traumkulisse,https://www.krone.at/4098487
b2ec6b0e5145a4c02c34ae4d2c3ce096d7c1c1771c3ca22719df0edcc3240b3b,2026-04-05 20:19:43.326314+00:00,de,krone.at,krone.at,2026-04-05,Tagger trifft auf ehemalige Nummer 2 der Welt,https://www.krone.at/4098687
c9a2da60262a91dacf6fe9d72375d002d525b466b8ffab3edd3471f2ec6fbb72,2026-04-05 20:19:38.551154+00:00,de,krone.at,krone.at,2026-04-05,Betrunkene biss zwei Beamte mit „Plastikzähnen“,https://www.krone.at/4097422
b9da36d1aac4c7b9f9b7d528357779bf1ba47538ee43fc9312c4a18ddb158216,2026-04-05 20:19:33.704533+00:00,de,krone.at,krone.at,2026-04-05,Wollten Opferstock plündern! Frau ertappte Täter,https://www.krone.at/4098697
b6cfad6949acabcb1d9bb3fab60959f3a9e8bd2858ee8407bc18d626f1266211,2026-04-05 20:19:28.800177+00:00,de,krone.at,krone.at,2026-04-05,Diebe hatten es auf Autowaschanlagen abgesehen,https://www.krone.at/4098722
cd57eb56d689ced5e6d3d1e35d44ca4163778fb8e7713efe2eb4dd8bea3bf896,2026-04-05 20:19:22.915563+00:00,de,krone.at,krone.at,2026-04-05,„Österreich muss für mich Sehnsuchtsort bleiben“,https://www.krone.at/4098055
26903c6eb5a84b1c99766f96e0d20268cd3c09e480f7469e86d3f70bf8a343ee,2026-04-05 19:26:01.962704+00:00,de,orf.at,orf.at,2026-04-05,„Der Tod gehört zum Leben dazu“,https://steiermark.orf.at/stories/3348638/
4bc3a4bc4c3d7e509107b2c4dd063fc0d7f8909cbbe0432bac482a24870df834,2026-04-05 19:25:06.566165+00:00,de,orf.at,orf.at,2026-04-05,Kaum Nachfrage bei vegetarischer Kochlehre,https://steiermark.orf.at/stories/3348743/
22660c2f600c372e40080cab93385ea7613373c75ad57ddb262e187b23f6928a,2026-04-05 19:24:34.307011+00:00,de,orf.at,orf.at,2026-04-05,Maskierter Mann sorgte für Cobra-Einsatz,https://steiermark.orf.at/stories/3348825/
28cdb88e9872cc48f09b9efb28b4ef6a40402492c22679c66d41373f533bd792,2026-04-05 19:20:28.995605+00:00,de,orf.at,orf.at,2026-04-05,Verschütteter bei Lawine nahe Sterzing,https://tirol.orf.at/stories/3348841/
7f8ae6883ed283f9c0710b9e6c15caa4a35aaafc9ebfe16e8ab899fc9422a99f,2026-04-05 19:20:24.040263+00:00,de,orf.at,orf.at,2026-04-05,Mit Turnschuhen am Berg: Wanderer gerettet,https://tirol.orf.at/stories/3348809/
49304b304eeaaf18adf653c37182921ed5e6ae9939f31e5bb123b31ee7fd2d5d,2026-04-05 19:20:18.921398+00:00,de,orf.at,orf.at,2026-04-05,Asche im Abfall löste Brand in Kaltenbach aus,https://tirol.orf.at/stories/3348778/
eecb5043261b3cc11bb6ac10f9822071487321573e32924fade98261ae5e805c,2026-04-05 19:19:46.547590+00:00,de,orf.at,orf.at,2026-04-05,Influencer als Gesundheitsratgeber für Junge,https://tirol.orf.at/stories/3348643/
7be664300110fc6fae64ea023c93f957cef7b0e35f94977e13d0ab3885916937,2026-04-05 19:19:01.760162+00:00,de,orf.at,orf.at,2026-04-05,Auto überschlug sich: Lenker leicht verletzt,https://tirol.orf.at/stories/3348777/
103264c34b67968d7dd304a2051ac2cd720da88195d0973680a463c03475219f,2026-04-05 19:18:43.939931+00:00,de,orf.at,orf.at,2026-04-05,Glettler: Ostern als „Fest der Hoffnung“,https://tirol.orf.at/stories/3348786/
4cb27c2c04fd97b773795ef1d604d279c31e55be9a0087906d5fe264655f21cc,2026-04-05 19:18:39.451118+00:00,de,orf.at,orf.at,2026-04-05,E-Mobilität ist Rückenwind fürs Radfahren,https://tirol.orf.at/stories/3348750/
8fbff01745db31c9bcf1aa7c5aca614925fd72267fecaa3bacbb695c90f2ad91,2026-04-05 19:18:26.408768+00:00,de,orf.at,orf.at,2026-04-05,Fels und Gestein bei Absam abgebrochen,https://tirol.orf.at/stories/3348796/
08c05c919d73a4d4ce8241f5ea2b61b26e3d9dabc31f03a5a428ef64ec1d328c,2026-04-05 18:41:40.696979+00:00,de,orf.at,orf.at,2026-04-05,Britische Royals feiern Ostergottesdienst auf Schloss Windsor,https://orf.at/stories/3426026/
66f8f4243ea952d98f4949192bc61d650f4aa424b64744207452cbf8830d33b2,2026-04-05 18:41:35.444325+00:00,de,orf.at,orf.at,2026-04-05,Kahlo-Werke kehren nach Streit 2028 nach Mexiko zurück,https://orf.at/stories/3426036/
07e807c1cdcff76648d5cdceda0320a831fc42808e28a0af5b7b1208f79e35f9,2026-04-05 18:41:30.565937+00:00,de,orf.at,orf.at,2026-04-05,Crew sieht Mond aus neuer Perspektive,https://orf.at/stories/3426007/
0b1675eb1328293958d1d12e3718d310f09bb7708ebcbb1ae43342ce6fdfbd19,2026-04-05 18:41:25.566135+00:00,de,orf.at,orf.at,2026-04-05,Solosechser bei Lotto „6 aus 45“,https://orf.at/stories/3426037/
e4875e3e5bc7000bf6410ebd4526c6e078e5597be5f921aae2707068d3f61e4c,2026-04-05 18:41:20.531949+00:00,de,orf.at,orf.at,2026-04-05,Hamas lehnt Forderung nach Entwaffnung derzeit ab,https://orf.at/stories/3426038/
de1f46a2c0c61f13a427846c6d6ae682412dc90c8adb9bf8eb6d95ffc319ec09,2026-04-05 18:41:09.375673+00:00,de,orf.at,orf.at,2026-04-05,D: Drei Menschen durch umstürzenden Baum getötet,https://orf.at/stories/3426017/
c9fbd941c9a8afc555f2a252ee2e6c18eb7f5fe782b17c90f11266a6a9af972e,2026-04-05 18:41:04.358231+00:00,de,orf.at,orf.at,2026-04-05,Mehr Symbolwirkung: OPEC+ fährt Ölförderung hoch,https://orf.at/stories/3426029/
04272287ec86ff355b2b9c076bb329e745ef0dc77c9ad3a4f621ba4f418b0870,2026-04-05 18:40:54.172664+00:00,de,orf.at,orf.at,2026-04-05,Selenskyj zu Gesprächen in Syrien,https://orf.at/stories/3426031/
8f46a90557f65e985bf5e49215961955e92f06ec886b5bfe625d2e0c80cf970c,2026-04-05 18:40:44.322472+00:00,de,orf.at,orf.at,2026-04-05,Trump pocht weiter auf Öffnung der Straße von Hormus,https://orf.at/stories/3426016/
a2b75260e0318e5edbb4ece815a3b3c92de84b321141decbbe0bd4504063ff95,2026-04-05 18:40:39.731549+00:00,de,orf.at,orf.at,2026-04-05,Crans-Montana: Anzeige wegen veröffentlichter Notrufe,https://orf.at/stories/3426033/
72020d945e48ec71c9bdfc4f509399ac2639dd9496c389b5f4a06bb006420476,2026-04-05 18:40:25.253521+00:00,de,orf.at,orf.at,2026-04-05,Neue Militärmission soll Gewaltspirale stoppen,https://orf.at/stories/3425628/
c15745dc9c57423be38e43cf28a2fb61dc6c144ae23efc7f4f4c2b45a267838f,2026-04-05 18:40:20.280134+00:00,de,orf.at,orf.at,2026-04-05,Erneute Rettung von in Ostsee gestrandetem Wal wird geprüft,https://orf.at/stories/3426032/
e7913289bc386e28a0c7a5961af83ce522a7c00ad03da36d5153a4eb22c26e0f,2026-04-05 18:36:47.456072+00:00,de,krone.at,krone.at,2026-04-05,Tirol: Diebe stahlen Bike von Politiker aus Garage,https://www.krone.at/4098708
5dbad2780fdab4950b937afc85e41280904418c8aff41fff8605295348ce5bbd,2026-04-05 18:36:40.162583+00:00,de,krone.at,krone.at,2026-04-05,„Real heißt Glamour – Bayern ist bodenständiger“,https://www.krone.at/4098423
fa1d980b66955b91e030a0788b26143993b7ee9e904768206c29dfa121d617ee,2026-04-05 18:36:20.455754+00:00,de,krone.at,krone.at,2026-04-05,176 Millionen Dollar verdienten Linzer Asse schon,https://www.krone.at/4098529
ff3f999984a667b202f73de19e329756942447feae4b0621c1b60262310d6fd3,2026-04-05 18:36:09.950177+00:00,de,krone.at,krone.at,2026-04-05,Feuer bei OMV-Beteiligung Borouge in den Emiraten,https://www.krone.at/4098785
8478ca2af3e3ea7de25fbea15c8d6b28fc891ba7c0c61b6347ad4e2e0f0adfdc,2026-04-05 18:36:02.250749+00:00,de,krone.at,krone.at,2026-04-05,„Es scheitert vieles an falschen Vorstellungen“,https://www.krone.at/4098138
f46c92bf9aa4ab305504c417f76b3a25bec593d2eeaa408bdf6abc74dc617de1,2026-04-05 18:35:48.006032+00:00,de,krone.at,krone.at,2026-04-05,Snowboard gestohlen! Verdächtiger festgenommen,https://www.krone.at/4098706
d24b5f0b6f6e05b576520c9f456d82000356c17854c65fbd5bc5c5ac49b42f7d,2026-04-05 18:35:43.096955+00:00,de,krone.at,krone.at,2026-04-05,Das ist Österreichs frechste Staatssekretärin,https://www.krone.at/4098116
d65f0db9fd430df4644226d7b054201418147a4307c73fd69090abf151c7b093,2026-04-05 18:35:38.403187+00:00,de,krone.at,krone.at,2026-04-05,"Räuber bedrohte Frau mit Messer, wollte Tasche",https://www.krone.at/4098736
109a07fd63efaa61f6303f0591028cb125c340b966a654b2c518540fbd24eb22,2026-04-05 18:35:32.676562+00:00,de,krone.at,krone.at,2026-04-05,40 Jahre Burgenland-„Krone“: Was das Land bewegte,https://www.krone.at/4096600
3beafc4665f345ddae069fec7b83b92307b3fd1811ef1cb46bb18b02e45906d5,2026-04-05 18:34:57.841480+00:00,de,krone.at,krone.at,2026-04-05,"Heimische Städte, wie sie einmal waren, nur anders",https://www.krone.at/4098345
d03730d01df6337b7dab596a9554e6f356c2a107e95e8ba6e9fc6ca82ca90155,2026-04-05 18:34:52.782267+00:00,de,krone.at,krone.at,2026-04-05,Forderungen nach einem Tempolimit werden lauter,https://www.krone.at/4098676
b48237d306081afac1137cf285216e000404df548d0a955471217422ef02637c,2026-04-05 16:25:53.513770+00:00,de,krone.at,krone.at,2026-04-05,So bringen KI-Rechenzentren Anrainer ins Schwitzen,https://www.krone.at/4096167
89e88bc6bf572a7edbbe13df16ce177d11a9026f46323b150af0137a322b2667,2026-04-05 16:25:48.468366+00:00,de,krone.at,krone.at,2026-04-05,Lehrling stylte sich bei Wettkampf auf Bestenliste,https://www.krone.at/4098111
33fcb530332e6ea67496b3de286215a8dc9cf4094a29b9e4c425e9fa99c02282,2026-04-05 16:25:43.239776+00:00,de,krone.at,krone.at,2026-04-05,„Massen-Barbecue“ sorgt für Rauchwolke über Wien,https://www.krone.at/4098714
ca1e205ab5fbd143429b1bafa9d60ac1ccc5b47c7f8923d8bb868eca0a6a2747,2026-04-05 16:25:38.490342+00:00,de,krone.at,krone.at,2026-04-05,Im bunten Licht der „Guggln“ Auferstehung sehen,https://www.krone.at/4095952
477e7dbfb9237018da6954acaf6a6dd979e4a551a2fd0880a3d3143d2841fb16,2026-04-05 16:25:33.785936+00:00,de,krone.at,krone.at,2026-04-05,Mutter sah nach einer Operation erstmals ihr Kind,https://www.krone.at/4098156
89b2f358b8956e86f714d96708730789c05384d22a68d86566fdb4d4f0df397e,2026-04-05 16:25:28.764185+00:00,de,krone.at,krone.at,2026-04-05,Kanye Wests Showpläne sorgen britischen Premier,https://www.krone.at/4098740
583833863fcd9599d392b9449a15b1b51cde1c5ad43437cf27e866d605d0cb1f,2026-04-05 16:25:23.379927+00:00,de,krone.at,krone.at,2026-04-05,Nach 34 Jahren: Tirols „Grüner Daumen“ tritt ab,https://www.krone.at/4098273
0f11c4f93e6282783112905ab4cd5d1e9e893c44da003558430a6211fac10630,2026-04-05 16:25:19.015236+00:00,de,krone.at,krone.at,2026-04-05,Drei Tote bei Ostereisuche in Norddeutschland,https://www.krone.at/4098724
ba41a7bfa93b32fc78728aeef8fe40edd1719e05550a0767c6197620206d76b3,2026-04-05 16:25:13.593787+00:00,de,krone.at,krone.at,2026-04-05,Mutmaßliche Schüsse nahe dem Weißen Haus,https://www.krone.at/4098716
0590433a77f8b7d1277b3385f9570d47777094e128eb258b612ae0367cbce866,2026-04-05 16:25:05.247826+00:00,de,krone.at,krone.at,2026-04-05,Bahn-Profirunde macht viel Dampf,https://www.krone.at/4097993
bee041ab3925a0442cd587dfb94ef455ff747ad19785d748de7d38c90e6c39b7,2026-04-05 16:24:59.903419+00:00,de,krone.at,krone.at,2026-04-05,Erdiger Lehm und KI für den neuen „Marienort“,https://www.krone.at/4095363
897e312d758a3cb50587ae1237fb211adfced6262f7679b3424e10ab9ddd0385,2026-04-05 16:24:54.946934+00:00,de,krone.at,krone.at,2026-04-05,Gute Piloten fliegen auf die „Pulsuhr fürs Gehirn“,https://www.krone.at/4098477
b500867737fa99d9a70065bcaf73a5c41e08b9cd26b218861b0fe76da2d95514,2026-04-05 16:24:49.985213+00:00,de,krone.at,krone.at,2026-04-05,Alkolenker wechselte schnell auf Beifahrersitz,https://www.krone.at/4098703
833cebc7cfea7a63799541203a8d8788844c329fabf553401dcb41ab23e125c3,2026-04-05 16:24:17.839376+00:00,de,krone.at,krone.at,2026-04-05,Endlich! Tennis-Ass Neumayer feiert Turniersieg,https://www.krone.at/4098755
b381347ebb918b0e1f38b22ef5e4876171926176b067737e52228894e504d4e8,2026-04-05 15:18:55.824164+00:00,de,orf.at,orf.at,2026-04-05,Salzburgs Gebirge wuchsen am schnellsten,https://salzburg.orf.at/stories/3348770/
299b391e8347e1c411142fc9710f63b99fc4a498837307aedfea11228802ad0e,2026-04-05 15:18:23.763818+00:00,de,orf.at,orf.at,2026-04-05,Fünf Verletzte bei Unfall auf Tauernautobahn,https://salzburg.orf.at/stories/3348811/
5ec71a810812a901377bfffac1d28edb2a52de77701ff518584fdb05b1157696,2026-04-05 15:18:18.929611+00:00,de,orf.at,orf.at,2026-04-05,Schwammtragen zu Ostern: Glut der Hoffnung,https://salzburg.orf.at/stories/3348815/
450974ec32bef352bda7c57ea0051e9139034f1ef99e7cb778332bfc4d3a0857,2026-04-05 15:17:58.401956+00:00,de,orf.at,orf.at,2026-04-05,Neue „Allianz Oberpinzgau“ bekämpft Bürokratie,https://salzburg.orf.at/stories/3348792/
3095e7727cd3bab7e9120c09c48c9a9f7e903e910acda7460652833752d8adb8,2026-04-05 15:17:50.677706+00:00,de,orf.at,orf.at,2026-04-05,Junge Frau von Untersberg gerettet,https://salzburg.orf.at/stories/3348785/
95ea88ffe250dbf37ed236912b98d954be31a6b725dc1bf194d5ef011291d23b,2026-04-05 15:17:41.285470+00:00,de,orf.at,orf.at,2026-04-05,Pkw stürzt hundert Meter ab,https://salzburg.orf.at/stories/3348790/
0e33c47a8f884fc211ababa2c6c744acc7473e12dc90a481f3b097fd90e44590,2026-04-05 14:23:11.067279+00:00,de,derstandard.at,derstandard.at,2026-04-02,Das wechselhafte Verhältnis des Christentums zu Krieg und Gewalt,https://www.derstandard.at/consent/tcf/story/3000000315181/das-wechselhafte-verhaeltnis-des-christentums-zu-krieg-und-gewalt?ref=rss
0e471095996e05fc6383e7412ccf25e8387670b05dfdac8bd700597b1ad5cde1,2026-04-05 14:23:05.763557+00:00,de,derstandard.at,derstandard.at,2026-04-03,"Hallo Thomas Stipsits, was schauen Sie?",https://www.derstandard.at/consent/tcf/story/3000000315274/hallo-thomas-stipsits-was-schauen-sie?ref=rss
95de28d496d42ad58a486f7deb28b2f58ae661c2c1a3c544d0bef7897812b205,2026-04-05 14:22:55.747749+00:00,de,derstandard.at,derstandard.at,2026-04-05,"Chappell Roan und John Legend: Die Playlist der ""Artemis 2""",https://www.derstandard.at/consent/tcf/story/3000000315461/chappell-roan-und-john-legend-die-playlist-der-artemis-2?ref=rss
ad156352f55ee58c98ca33172dbd44b36c3a092a46b42fbdb999d59d63bbc6be,2026-04-05 14:22:50.783223+00:00,de,derstandard.at,derstandard.at,2026-03-31,"Kotásková vor ihrem größten Kampf: ""Wenn ich den Gürtel habe, bin ich heiße Ware""",https://www.derstandard.at/consent/tcf/story/3000000314810/kotaskova-vor-ihrem-groessten-kampf-wenn-ich-den-guertel-habe-bin-ich-heisse-ware?ref=rss
fab9de14c7ed8714bb3454acbd181e3ebe10e772c75e44744f7e130c1afd59b4,2026-04-05 14:22:45.752821+00:00,de,derstandard.at,derstandard.at,2026-03-31,Fünf trendige Outdoor-Ideen für Österreich,https://www.derstandard.at/consent/tcf/story/3000000314838/fuenf-trendige-outdoor-ideen-fuer-oesterreich?ref=rss
b1c4e4766f0a1b2c4cc934b48bcf66fcead650df637b3d7858a7c875799bc3b8,2026-04-05 14:22:40.864656+00:00,de,derstandard.at,derstandard.at,2026-04-03,Rapid empfängt Sturm zum Duell um die Tabellenführung,https://www.derstandard.at/consent/tcf/story/3000000315418/rapid-empfaengt-sturm-zum-duell-um-die-tabellenfuehrung?ref=rss
7bf19a4152b02d97c9493008249c97d06962c8126fc15af927f53f0169b5d5c2,2026-04-05 14:22:26.413480+00:00,de,derstandard.at,derstandard.at,2026-04-05,"Spritpreis gesunken: Diesel bei 2,172 Euro, Benzin bei 1,765 Euro",https://www.derstandard.at/consent/tcf/story/3000000315467/spritpreis-gesunken-diesel-bei-2172-euro-benzin-bei-1765-euro?ref=rss
e356dbb40eea98504fafaa18feeb4e6a652908157f2f0f5e65bfa73b88f80ed2,2026-04-05 14:22:20.951316+00:00,de,derstandard.at,derstandard.at,2026-04-05,"Kasper und Detroit verpassen Sprung in Playoff-Plätze, Rossi trifft für Vancouver",https://www.derstandard.at/consent/tcf/story/3000000315464/eishockey-detroit-unterlag-mit-kasper-den-ny-rangers-tor-von-rossi?ref=rss
d4bba31e8bfc0746ae74a9a590b78d16e820232f4509482e42913af300b9a223,2026-04-05 14:22:16.391666+00:00,de,derstandard.at,derstandard.at,2026-04-05,"""Verrückte Bastarde"": Trump droht Iran mit Bomben auf Kraftwerke und Brücken am Dienstag",https://www.derstandard.at/consent/tcf/jetzt/livebericht/3000000315447/zweiter-pilot-von-ueber-iran-abgeschossenem-us-kampfjet-laut-trump-gerettet?ref=rss
daadc648677ef53f036a5da0f507456ffa3741ad1fb3c26e7ea1f207a4795bc0,2026-04-05 14:22:10.844146+00:00,de,derstandard.at,derstandard.at,2026-04-05,"Küstenwache rettete nach Schiffbruch vor Libyen 32 Überlebende, barg zwei Leichen",https://www.derstandard.at/consent/tcf/story/3000000315470/migration-schiffbruch-vor-libyen-zwei-tote-32-220berlebende?ref=rss
b1aaab1eb770bd17bea9182dc28edf44db16db34ea6ae6975f5fd45636e4d034,2026-04-05 14:22:06.458556+00:00,de,derstandard.at,derstandard.at,2026-04-03,VW Golf GTI 1976: War da was?,https://www.derstandard.at/consent/tcf/story/3000000315400/vw-golf-gti-1976-war-da-was?ref=rss
89e616f4622aa15cee40c69db9c97adda919b2342cb64a07e78f6096fc632303,2026-04-05 14:22:01.081351+00:00,de,derstandard.at,derstandard.at,2026-04-01,"Jedes Leben kann entgleisen. Christoph W. Bauers Novelle ""Lärm""",https://www.derstandard.at/consent/tcf/story/3000000315122/jedes-leben-kann-entgleisen-christoph-w-bauers-novelle-laerm?ref=rss
e15f05b20e888fed6468773fdee1dfc11ed02473124cfb5aa66243ffa1ebe867,2026-04-05 14:21:40.701310+00:00,de,derstandard.at,derstandard.at,2026-04-02,Wie winzige Fische einen 15 Meter hohen Wasserfall in Afrika überwinden,https://www.derstandard.at/consent/tcf/story/3000000315282/wie-winzige-fische-einen-15-meter-hohen-wasserfall-in-afrika-ueberwinden?ref=rss
e16df6f97c147b64ca03c5d656135b4fb50b72beec70de42d221bef85a3163b6,2026-04-05 14:21:35.706875+00:00,de,derstandard.at,derstandard.at,2026-04-05,Tagger trifft in Linz auf die ehemalige Weltranglistenzweite Badosa,https://www.derstandard.at/consent/tcf/story/3000000315474/tagger-trifft-in-linz-auf-die-ehemalige-weltranglistenzweite-badosa?ref=rss
74a0760f2fe297b40564c04209d77e5ccb0dbbc4fe46f75996871ceed42ee13c,2026-04-05 14:21:30.986469+00:00,de,derstandard.at,derstandard.at,2026-04-03,"Die belesene Frau: Siri Hustvedt in der Doku ""Dance Around the Self""",https://www.derstandard.at/consent/tcf/story/3000000315310/die-belesene-frau-siri-hustvedt-in-der-doku-dance-around-the-self?ref=rss
e0d95a3f4d0b18119f47f3f2be1e1efe1ae2aefefd1d6a49fdd68faa154cfdec,2026-04-05 14:21:25.704098+00:00,de,derstandard.at,derstandard.at,2026-04-05,Jagdszenen auf dem Rasen: Skandalspiel in zweiter deutscher Liga,https://www.derstandard.at/consent/tcf/story/3000000315469/jagdszenen-auf-dem-rasen-skandalspiel-in-zweiter-deutscher-liga?ref=rss
ca4e2db5e86536febcefdef99d8a656bd4da112c147b52632284f5e51db9dde2,2026-04-05 14:21:20.698179+00:00,de,derstandard.at,derstandard.at,2026-04-05,"Bundesliga live: LASK gegen zehn Austrianer 4:1, Salzburg gegen zehn Hartberger 2:1",https://www.derstandard.at/consent/tcf/jetzt/livebericht/3000000315466/bundesliga-im-liveticker-lask-vs-austria-hartberg-vs-salzburg-und-rapid-vs-sturm-ab-1430-uhr?ref=rss
68111827a8f2ba028626c309cec8d178b7b1f079aaa785fc26f2a3ca4f300a12,2026-04-05 14:21:16.394233+00:00,de,derstandard.at,derstandard.at,2026-04-05,Wolfgang Kubicki will nun doch an die FDP-Spitze,https://www.derstandard.at/consent/tcf/story/3000000315473/wolfgang-kubicki-will-nun-doch-an-die-fdp-spitze?ref=rss
50161e6db5634f5278e591159e7018c7f074f74bf4261d7f8283334ba1bfb35b,2026-04-05 14:21:10.693791+00:00,de,derstandard.at,derstandard.at,2026-04-05,"Orbán beruft Verteidigungsrat ein, Journalisten warnen vor Operation unter falscher Flagge",https://www.derstandard.at/consent/tcf/story/3000000315471/ungarn-orb225n-beruft-verteidigungsrat-ein?ref=rss
24cd9d88ef83119d85de66b4b26c583b25fa51104471c92bfc9a3c007296995a,2026-04-05 14:21:06.231628+00:00,de,derstandard.at,derstandard.at,2026-04-03,Kann Kollagen wirklich die Haut straffen und die Gelenke schmieren?,https://www.derstandard.at/consent/tcf/story/3000000315296/kann-kollagen-wirklich-die-haut-straffen-und-die-gelenke-schmieren?ref=rss
7a4bb236e764faae409ece8b1b549b849104fcdc152172ec589b2d5e47a5cbec,2026-04-05 14:21:00.681898+00:00,de,derstandard.at,derstandard.at,2026-04-05,Duell der NBA-Superstars: Jokić schlägt Wembanyama,https://www.derstandard.at/consent/tcf/story/3000000315465/duell-der-nba-superstars-jokic-schlaegt-wembanyama?ref=rss
5459d8d3be2298a1d78f4dc135f2a01239906bb0dc28d529e83c5770e10eeb8e,2026-04-05 14:20:55.690040+00:00,de,derstandard.at,derstandard.at,2026-04-05,China richtet wegen Drogenhandels verurteilten Franzosen hin,https://www.derstandard.at/consent/tcf/story/3000000315468/china-richtet-wegen-drogenhandels-verurteilten-franzosen-hin?ref=rss
69c839e0274ec562ea231c374488f67ba3532719ec09e063e5f3cdc82c4e04f0,2026-04-05 14:20:42.909669+00:00,de,derstandard.at,derstandard.at,2026-04-05,Gestrandeter Buckelwal: Lage am Ostersonntag unverändert,https://www.derstandard.at/consent/tcf/story/3000000315462/gestrandeter-buckelwal-lage-am-ostersonntag-unver228ndert?ref=rss
41b88644a2c2f9178dc4d113ac8d0c7a1ed810de21e884777d045a4b79491abf,2026-04-05 14:20:37.945258+00:00,de,derstandard.at,derstandard.at,2026-04-01,"Viel Gemini, wenig dahinter: Googles neue Nest Cam enttäuscht",https://www.derstandard.at/consent/tcf/story/3000000315079/viel-gemini-wenig-dahinter-googles-neue-nest-cam-enttaeuscht?ref=rss
2f0733301dd1be897516b18c66b4a6ed2d12116cb549274b452ab3250f13d4a2,2026-04-05 14:20:30.728769+00:00,de,derstandard.at,derstandard.at,2026-03-30,"""Ungarn hat mehr Meinungsfreiheit als Deutschland"", sagt Budapester Journalismuslehrer",https://www.derstandard.at/consent/tcf/story/3000000314697/ungarn-hat-mehr-meinungsfreiheit-als-deutschland-sagt-budapester-journalismuslehrer?ref=rss
04730f033791be02ea55359c01ae3c98e84cb825093416dbc518296ad4006ad9,2026-04-05 14:20:25.722611+00:00,de,derstandard.at,derstandard.at,2026-03-31,"""Ich habe immer an sie geglaubt"": Literaturagentin Anna Webber über ""ihre"" Booker-Prize-Gewinner",https://www.derstandard.at/consent/tcf/story/3000000314852/ich-habe-immer-an-sie-geglaubt-literaturagentin-anna-webber-ueber-ihre-booker-prize-gewinner?ref=rss
f46c87a445abf7d7b5c57f643ae8dcce842bc8e41d7590786967715be19f95c2,2026-04-05 14:20:20.693285+00:00,de,derstandard.at,derstandard.at,2026-04-02,"Abschied auf bayerisch: Letzter ""Tatort"" mit Batic und Leitmayr",https://www.derstandard.at/consent/tcf/story/3000000315219/abschied-auf-bayerisch-letzter-tatort-mit-batic-und-leitmayr?ref=rss
576f6559a2556a7abde17bc5015edb955ae54fe39d2faf0aa34b6e9577f1416f,2026-04-05 14:20:08.602134+00:00,de,krone.at,krone.at,2026-04-05,Sprengstoff! Orbán beruft Verteidigungsrat ein,https://www.krone.at/4098688
cc935d2db4491a306ed1b47127359164e372c4faf015b81f987acdbec8cc5d63,2026-04-05 14:20:03.724737+00:00,de,krone.at,krone.at,2026-04-05,Zu viel Müll auf Wiesen macht unser Vieh krank,https://www.krone.at/4098185
358fd33d544dd742ca25e341c921541d039b1a85d4d90b236d1628164cca60e2,2026-04-05 14:19:58.608363+00:00,de,krone.at,krone.at,2026-04-05,Wachauer (47) läuft alleine über sieben Gipfel,https://www.krone.at/4096057
c6998c408354d47d4c963cc39e536b55bbbf0fe5047f9b39dbc6970fcb2219ed,2026-04-05 14:19:38.666932+00:00,de,krone.at,krone.at,2026-04-05,Rekord bei Anmeldungen für Wörthersee-Marathon,https://www.krone.at/4098489
8fe58fc9b55b097192b53a02ae619af835a0efe708a4ad6d98d02e922a1d03a8,2026-04-05 14:19:33.645995+00:00,de,krone.at,krone.at,2026-04-05,Couragierte Frau setzt sich für Friedensweg ein,https://www.krone.at/4098488
8420d0cc50a548351bd7ba7434afb279e0f641d1a44302e4f2c637184e03ebc9,2026-04-05 14:19:28.484808+00:00,de,krone.at,krone.at,2026-04-05,„Clown“ mit Waffe drohte lautstark: Cobra-Einsatz!,https://www.krone.at/4098700
d958454d6c4d30598b488c8a065205772850a26b5369a4e686a3aaed251fa0ff,2026-04-05 14:19:21.341617+00:00,de,krone.at,krone.at,2026-04-05,Weiße Blütenpracht verzaubert im „Wachauer-Landl“,https://www.krone.at/4098232
8fd97539f516f61c266880aa2ac8b63158d837b8cadac62f75188a7b8ea4db09,2026-04-05 14:19:11.265556+00:00,de,krone.at,krone.at,2026-04-05,Millionenschwere Jungfirmen aus Oberösterreich,https://www.krone.at/4098295
dc6a1730b2ba2ada9eda29b1a48b25e2aef8cc8087fba0aa292c01c948a4285b,2026-04-05 14:19:05.064221+00:00,de,krone.at,krone.at,2026-04-05,Opfer läuft Tätern über den Weg: Polizei greift zu,https://www.krone.at/4098702
bb105e8dee1fd7336a29d5b1e03b7deb48e57a9b258fc89d19a7da12b3e57e33,2026-04-05 14:18:51.659825+00:00,de,krone.at,krone.at,2026-04-05,Was Gastpatienten-Streit mit Spritzwein zu tun hat,https://www.krone.at/4097418
c8214b470517fe7efeb6eb0a6ad076dc73d61b3fabb135cb75eb30bab821b1c6,2026-04-05 14:18:34.622339+00:00,de,krone.at,krone.at,2026-04-05,Neuer Anlauf für ein gelbes Experiment im Land,https://www.krone.at/4098314
e1dbaf909d8ab729851a19d60638b559a368b9ae835445cba01d598fa9aeee67,2026-04-05 14:18:30.011677+00:00,de,krone.at,krone.at,2026-04-05,Ex-ÖSV-Star Venier: „War oft Sekunden hinten“,https://www.krone.at/4098177
16adfc18310191daff622dc0f149772258574aa579009ac0b7ddcd737114526d,2026-04-05 14:18:26.558995+00:00,de,krone.at,krone.at,2026-04-05,Galopp am Stock: Was hinter „Hobbyhorsing“ steckt,https://www.krone.at/4068362
587bef7e1b5a7333472bd90b0a52a3068a795376670a520dd66999112bb627ff,2026-04-05 13:31:11.803622+00:00,de,orf.at,orf.at,2026-04-05,GR: Regierungspartei ND rüstet sich für mögliche Neuwahl,https://orf.at/stories/3426008/
5ea8bccad98d0b0ef64a311faf1d8ed0c9ec480e6fd4e34eb3e898a0fad694c8,2026-04-05 13:30:58.949970+00:00,de,orf.at,orf.at,2026-04-05,Papst ruft zu „Frieden in aller Welt“ auf,https://orf.at/stories/3425998/
fdbbfc0a02e3b6119b9873ef47152f77771bd8d8c024b472bb0e5bd781d87152,2026-04-05 13:30:54.039490+00:00,de,orf.at,orf.at,2026-04-05,Bericht: OPEC+ berät über höhere Ölförderung,https://orf.at/stories/3426004/
73c0aa58fee6a0ac1da7e88b8f9b75465fbf35363f5a287f48e4ef5a0fd79b32,2026-04-05 13:30:40.815967+00:00,de,orf.at,orf.at,2026-04-05,Serbien: Sprengstoff an Gaspipeline nach Ungarn entdeckt,https://orf.at/stories/3426001/
dcaf49a8bb28e4ee633635a7bf1762f1d29ff5c7465eaf67c0b4b99b2c168ee5,2026-04-05 13:30:30.443605+00:00,de,orf.at,orf.at,2026-04-05,Treibstoffpreise am Karsamstag wieder gesunken,https://orf.at/stories/3425997/
cf40752180e955a8c91b1505b0243c32b9c26de399de5c8b1b5e339962163cc0,2026-04-05 13:30:17.145909+00:00,de,orf.at,orf.at,2026-04-05,D: Mann bei Verfolgungsjagd von Polizei erschossen,https://orf.at/stories/3425993/
b1542b289a3a4b486c02a10d999c02f0720debc46f4d71e0245f606743856bfb,2026-04-05 13:30:07.954981+00:00,de,orf.at,orf.at,2026-04-05,Bericht: Tote bei israelischem Luftangriff im Libanon,https://orf.at/stories/3425988/
cc5e8863d82ed5904b389d4c34c98c7cf58404c0148c5bb695f70473dec97366,2026-04-05 13:29:57.461097+00:00,de,orf.at,orf.at,2026-04-05,Mehr als zehn Tote nach Luftangriffen im Libanon gemeldet,https://orf.at/stories/3426005/
68b206b72a06ad8b2f817b03b3a00618fc7175006e136324d4ccf01bdcdc55d8,2026-04-05 13:29:51.742498+00:00,de,orf.at,orf.at,2026-04-05,US-Flugzeuge bei Einsatz im Iran zerstört,https://orf.at/stories/3425989/
86239c2e896279c735cabe2ddc479fa75c5a675ad1d7e677dcfe07b8459a89ae,2026-04-05 13:29:47.285826+00:00,de,orf.at,orf.at,2026-04-05,Iran: Internetsperre übertrifft „vergleichbare Vorfälle“,https://orf.at/stories/3426002/
5500aed1285fd8f725a15968d3301dd29a5c40a1bd3e6b9985eb6ff24dd19e1e,2026-04-05 13:25:50.758780+00:00,de,orf.at,orf.at,2026-04-05,Rust: Verein will Denkmal für alle Opfer,https://burgenland.orf.at/stories/3348760/
88fe2ae381a55e5656936f56df29ec8d42716c09469c8e09fd316a3c41441588,2026-04-05 13:25:37.926988+00:00,de,orf.at,orf.at,2026-04-05,Lenkerin nach Unfall in Pkw eingeklemmt,https://burgenland.orf.at/stories/3348793/
4eea35472edbb8899e9ef44fb081a80d5d8965c5be645a5d539e4ad0ce2b543e,2026-04-05 13:25:27.766650+00:00,de,orf.at,orf.at,2026-04-04,Motorradfahrer kollidierte mit Ortstafel,https://burgenland.orf.at/stories/3348761/
764605946f9f2cb432e06e8b8c096dc9ff4b9207d4b03bf1a06fd6532047474d,2026-04-05 13:24:57.272435+00:00,de,orf.at,orf.at,2026-04-04,Zsifkovics: Frieden ist Aufgabe,https://burgenland.orf.at/stories/3348607/
dae4f82f234a007bcaa6bf304344c335304b16b2f8d848bf3288cd0cb4e44b22,2026-04-05 13:24:12.275677+00:00,de,orf.at,orf.at,2026-04-04,Pfarrer im Dauereinsatz,https://burgenland.orf.at/stories/3348748/
39641bf6355aeeab1f2a8a06c7efd09e83445ef22d110af912f1789b776a812f,2026-04-05 13:23:42.406257+00:00,de,orf.at,orf.at,2026-04-04,Bontus surft bei Comeback aufs Podest,https://burgenland.orf.at/stories/3348753/
8893e0ccd376acbae733fda0661e350fa2c65fccc4633efbe424732584464b9c,2026-04-05 13:22:50.922678+00:00,de,orf.at,orf.at,2026-04-05,Wildtierservice: Jungtiere in Ruhe lassen,https://wien.orf.at/stories/3348733/
2fa38a058e08ab9afde46576c9ff514befa91de451153f3c77837963ba24a66e,2026-04-05 13:22:37.823215+00:00,de,orf.at,orf.at,2026-04-05,DC Tower 2 bekommt Photovoltaik-Fassade,https://wien.orf.at/stories/3348707/
a9b4143af5f3d8d8a695b0da67d15726cec4e49f6068a415263b6dde304b05d2,2026-04-05 13:21:44.022900+00:00,de,orf.at,orf.at,2026-04-05,Essenszusteller belästigte Kundin sexuell,https://wien.orf.at/stories/3348821/
5020218d924b43239a0b8b9416b3a92b8ccbb3b2124725d2574164c90788a049,2026-04-05 13:21:38.276594+00:00,de,orf.at,orf.at,2026-04-05,Raubopfer schwer verletzt zurückgelassen,https://wien.orf.at/stories/3348820/
1a1e8260d701b84f5244c5c823f0f74105a9fd20f37cc9c525b2aec7578da958,2026-04-05 12:27:51.059524+00:00,de,orf.at,orf.at,2026-04-05,Hohe Kosten belasten Eierbiobetriebe,https://kaernten.orf.at/stories/3348747/
6e71b4709e842731de861516a7e2d8c17a14d177d15e0942f191508e6d218eb5,2026-04-05 12:27:16.096244+00:00,de,orf.at,orf.at,2026-04-05,Fahrsicherheitstraining kann Leben retten,https://kaernten.orf.at/stories/3348370/
26f3d5e0b0a7abb82b596a9126e005e98bf945c338d1e3290ffc56a89e533c72,2026-04-05 12:27:01.841810+00:00,de,orf.at,orf.at,2026-04-05,Autofahrer rast mit 115 km/h durch Klagenfurt,https://kaernten.orf.at/stories/3348779/
53e60fea232e7bf8a25d9cbc83e928822053f62ef5d60a4344edc289b32fa2fd,2026-04-05 12:26:52.419947+00:00,de,orf.at,orf.at,2026-04-05,Autismus: Tausende Betroffene in Kärnten,https://kaernten.orf.at/stories/3348818/
a33f46a95d225431d0699f27cec8a168c9ac266c2bd3f02dd65a66c8dccb9786,2026-04-05 12:26:38.846053+00:00,de,orf.at,orf.at,2026-04-05,Strom sparen mit der Energiegemeinschaft,https://kaernten.orf.at/tv/stories/3347145/
0e73c61ede8d09f8d2a35a99d8da41769b99deabcc97da766e6ee26f05acde17,2026-04-05 12:26:08.709626+00:00,de,orf.at,orf.at,2026-04-05,Kärntner Teams glänzen im Frauen-Eishockeyfinale,https://kaernten.orf.at/stories/3348783/
cb3273dce48acf3f9338f38aeccff1ac8cddbefb50887e2e9c7ea0c5d6eb37bf,2026-04-05 11:35:10.927084+00:00,de,krone.at,krone.at,2026-04-05,Winzige Bläschen mit einer großen Zukunft,https://www.krone.at/4098365
3d952a1809e3a493553cd97706dfe3e01997153011a27c7a45d0595f7b692632,2026-04-05 11:34:44.491043+00:00,de,krone.at,krone.at,2026-04-05,Sonne genießen – bevor der Frühling Pause macht!,https://www.krone.at/4098639
2555a28d1c30b3d7e07232f0242337cb14c2f80014453efadcc3e7cfb75d986d,2026-04-05 11:34:37.584631+00:00,de,krone.at,krone.at,2026-04-05,Raser: „Muss schnell zu meinen Eltern fahren!“,https://www.krone.at/4098619
07cd7b7243cdb476c332d823066c0a9c357a617c030fb8756ea2c80eef455826,2026-04-05 11:34:32.638205+00:00,de,krone.at,krone.at,2026-04-05,Das plant die Regierung in der Sonderpädagogik,https://www.krone.at/4098635
68489923aec95b405e1785eaa334eeaf506d7bc1a1140b58e45e207b66eb69f9,2026-04-05 11:34:14.101592+00:00,de,krone.at,krone.at,2026-04-05,Siegeszug der Figl: Wo vor 80 Jahren alles begann,https://www.krone.at/4098171
d9591dbab8f25b7d4f0a974d772ea7ce0f46b3534e085342abd40292b1ccf51e,2026-04-05 11:34:08.408553+00:00,de,krone.at,krone.at,2026-04-05,Italienische Weltrekorde,https://www.krone.at/4098107
b34ad5ef646a079ef82888edfa10a78d1b62b5a99d247297cfb0ac5c86d03b82,2026-04-05 11:33:58.741268+00:00,de,krone.at,krone.at,2026-04-05,Dose mit Bremsenreiniger explodiert in Osterfeuer,https://www.krone.at/4098649
fcb71dfc30b16b1d31e4500b7e21a3daae9998e68854718d2fcb143380fd7727,2026-04-05 11:33:45.872570+00:00,de,krone.at,krone.at,2026-04-05,An vorderster Front: Zu Gast bei der ABC-Abwehr,https://www.krone.at/4097515
64e5a29f7b664487dcc6120d980d7622d405d5fe58d8cf44085e41e7005a2abd,2026-04-05 11:33:29.786318+00:00,de,krone.at,krone.at,2026-04-05,"Unfall, weil sich Handbremse von selbst aktivierte",https://www.krone.at/4098587
02f4d847b06d374c2e43caf88c8a8e6e0ed0dcb9371b6ca0a506ddb96a3327ad,2026-04-05 11:33:24.382096+00:00,de,krone.at,krone.at,2026-04-05,Papst predigt: „Der Tod ist immer auf der Lauer“,https://www.krone.at/4098658
2df0943589e67422d0eea29ca34219ce7fa57535dfcc961c6f9a19e14be6ff3b,2026-04-05 11:32:47.206793+00:00,de,krone.at,krone.at,2026-04-05,"Als Musik, die bewegt und Hoffnung schenkt",https://www.krone.at/4098493
1a4cb36e96de067262a17c4d2135d40b88da4be1d780b97a66ab6cd4b6d7f9a9,2026-04-05 11:32:16.864686+00:00,de,orf.at,orf.at,2026-04-05,Zwei Jugendliche von Zug erfasst,https://steiermark.orf.at/stories/3348807/
e997153b7aff424591bda86150f2ab678ab04fe0af9cd6ca68f9bab03fb48147,2026-04-05 11:32:01.636386+00:00,de,orf.at,orf.at,2026-04-05,Betrunkener stieß mit Pkw gegen Motorrad,https://steiermark.orf.at/stories/3348797/
3f30066ea25ff3cdda1534d04198d3996220fa7c8ca4fde295b2101bea08df7e,2026-04-05 11:31:37.663683+00:00,de,orf.at,orf.at,2026-04-05,Die christlichen Osterbotschaften,https://steiermark.orf.at/stories/3348671/
9577965fd3fb55b134decc78fe3829dcb2e2f0c7fb10ae3b6da5d24c1baf17a0,2026-04-05 11:31:09.719284+00:00,de,orf.at,orf.at,2026-04-05,Dose explodiert in Osterfeuer: Mann verletzt,https://steiermark.orf.at/stories/3348795/
489bede509d4c9fff2ad55a6ce5f8f0719507deca601c2ae95e79bc7a6e820b3,2026-04-05 11:30:21.727043+00:00,de,orf.at,orf.at,2026-04-05,Flucht vor Polizei durch Osterspeisensegnung,https://steiermark.orf.at/stories/3348782/
5c573e59122ec1d4a306a4992f3ad4012ec6f682c89188456c0e725c5fdbbac8,2026-04-05 10:40:26.342480+00:00,de,krone.at,krone.at,2026-04-05,Ostertage wurden für Urlauber zu Bergnot-Albtraum!,https://www.krone.at/4098624
b49c7d10d17e45398ae5721fe8d80c86f845cc76ee2926f5b9d0d9b80c67ec93,2026-04-05 10:40:21.144082+00:00,en,krone.at,krone.at,2026-04-04,Lewandowski leads Barca to a late victory in Madrid!,https://www.krone.at/4098521
cc3b52bc536f9cfd32d2b1626368d2bbb3a1bd2501ab7b571f52a83ad7fb9e4f,2026-04-05 10:40:16.361457+00:00,de,krone.at,krone.at,2026-04-05,„Arco“ nimmt Sie mit auf eine Zeitreise,https://www.krone.at/4093651
7b1c4d3eda059b106d1956100d0394b58b4d17182d6e012869dddd434fed468a,2026-04-05 10:40:10.947381+00:00,de,krone.at,krone.at,2026-04-05,Mercedes neue Hightech-Lenkung ist richtig heftig!,https://www.krone.at/4098447
3e5dca23a598f8234d6b94264f113d25a52325d67cade5b377f7a55b7dfe9a0c,2026-04-05 10:40:06.302083+00:00,en,krone.at,krone.at,2026-04-05,20 Years of Cancer! “I Don’t Have Time to Die”,https://www.krone.at/4098560
20bdac40aa1304b2d9b7423bdb38b4cd30cd0ae86a23d9a9678a9601244ab19c,2026-04-05 10:21:41.201618+00:00,de,krone.at,krone.at,2026-04-05,Trotz Vorwürfen: Gutachter wird weiter beauftragt,https://www.krone.at/4098123
6baad763664cee683267022a3f6f3b7d1441030b1354b98105d271a7b4d8aae2,2026-04-05 10:21:36.807317+00:00,de,krone.at,krone.at,2026-04-05,Der wahre ORF-Skandal: Den Österreichern entrissen,https://www.krone.at/4098065
291a4c2f26b18b316b751bba1989efbd86d1a06f09d39a79e5fea14b76f23a52,2026-04-05 10:21:31.347157+00:00,de,krone.at,krone.at,2026-04-05,Leid und Sorgen: Warum wir trotzdem Hoffnung haben,https://www.krone.at/4098106
3be9e8ccd78a600cd75d5abcfef47cfba2449f523201450ad41f82ac9306338a,2026-04-05 10:21:27.018527+00:00,de,krone.at,krone.at,2026-04-05,Smoothies: Vorsicht vor der Fruchtzuckerfalle!,https://www.krone.at/4089418
7a65ce1fdb5de0be97895ae6f22141c6a1101fe44b03825c577fcc8b6817713f,2026-04-05 10:21:21.421078+00:00,de,krone.at,krone.at,2026-04-05,Peter Stöger zeigt sich offen für ein Comeback,https://www.krone.at/4098568
ec37ec33954199f62514168522c054ddf040258c6a3357bfdbc0feb23e15ea04,2026-04-05 10:21:17.095665+00:00,de,krone.at,krone.at,2026-04-05,„Gewisse Leute“: Hamilton rechnet mit Kritikern ab,https://www.krone.at/4098609
47a27c0c014aa0b3fc830f005bc65a84826d82cb1086fc8fb37f7eefda1ca930,2026-04-05 10:21:12.288289+00:00,en,krone.at,krone.at,2026-04-04,Herbert Haupt and His Three Resurrections,https://www.krone.at/4098409
db488c8bbce8a9d7b1d0a49cc155b03caeb4a9d34752e1822751b7787d4e74a4,2026-04-05 10:21:06.955132+00:00,de,krone.at,krone.at,2026-04-05,„Faulheit“ bis „Kreuzigung“: Presse zerlegt Real,https://www.krone.at/4098598
17ee1b9b2c04ae03bbe2477ef43e0d4778cbbbd42ecc6847736f8ad1ef7308a3,2026-04-05 10:21:01.650550+00:00,de,krone.at,krone.at,2026-04-05,Massenrauferei! Drei Verletzte in Après-Ski-Lokal,https://www.krone.at/4098633
6e46115458c415e1686176ee727bc79211fadff3b5495357f2473047dfb174f1,2026-04-05 10:20:56.763150+00:00,de,krone.at,krone.at,2026-04-05,Das Leben noch einmal beginnen,https://www.krone.at/4098376
f42eba0487c91005c28cbdadad96a37c8eac81a51e38422ef7b46f7df363f3b1,2026-04-05 10:20:51.228782+00:00,de,krone.at,krone.at,2026-04-05,Klagenfurt erhält mehr Elektroautos zum Teilen,https://www.krone.at/4098574
11f68469339d8ec2f5b7a3f365fc65e4689a7dc5f909c8bc2990c0e4cff63436,2026-04-05 10:20:46.795490+00:00,en,krone.at,krone.at,2026-04-04,LIVE: Penalty! Müller equalizes for WSG against WAC,https://www.krone.at/4098433
a90a8d714e97775721d6b4942239d4008ac88e3ea8df2715d94d44b03ac56c9f,2026-04-05 10:20:41.208743+00:00,de,krone.at,krone.at,2026-04-05,"Räuber schlug Mitarbeiterin, flüchtete ohne Beute",https://www.krone.at/4098625
59dbcbeb9f12719665e60ee1cb4a73ff40d7d0674ee9b9953043c1cc67ce264e,2026-04-05 10:20:36.954740+00:00,en,krone.at,krone.at,2026-04-04,Fair play moment of the day from ÖFB star Gregoritsch!,https://www.krone.at/4098353
61c93ed498e0ba7ee3243973a0f803701dae8ff0700b53af001437c6441ae7c7,2026-04-05 10:20:31.276966+00:00,de,krone.at,krone.at,2026-04-05,Tägliche Bewegung: Mit Philipp ein Kinderspiel,https://www.krone.at/4097378
37f1228cf0c6fb6d3ab6ba9fa2c9ab2d678673be429eeb81829409a2ac4edd96,2026-04-05 10:20:26.666332+00:00,en,krone.at,krone.at,2026-04-04,Arsenal suffers humiliating defeat at the hands of second-division side Southampton!,https://www.krone.at/4098524
0e5b29643c6f0444356c9ea428cac51d129b71486654ff58de85120654d5575f,2026-04-05 10:20:21.404616+00:00,en,krone.at,krone.at,2026-04-04,LIVE: Goal! GAK takes the lead again against BW Linz,https://www.krone.at/4098437
6e8a92d49a904a0933e9066e51d3e6db10e6a697157a2f37653235a3eee3ce75,2026-04-05 10:20:16.413007+00:00,de,krone.at,krone.at,2026-04-04,Raus mit der Politik,https://www.krone.at/4098240
1deb5d422651e5cd7fb6d2d8646811649e0eebecb755992407815a8faeefc352,2026-04-05 10:20:11.383024+00:00,de,krone.at,krone.at,2026-04-05,Rudelbildung! Adeyemi erklärt provokanten Jubel,https://www.krone.at/4098558
18a72ba4f4c96ba4292a398790c5342135db458b36cf945aba104df42dafcbb2,2026-04-05 10:20:06.484716+00:00,de,krone.at,krone.at,2026-04-04,Salzburg erster Finalist des ÖFB-Frauen-Cups,https://www.krone.at/4098172
a66c10ef3789d79bfc72141faaecdfec015abf7281879efc48d5ce0d020bd4f1,2026-04-05 10:20:01.628149+00:00,de,krone.at,krone.at,2026-04-05,Jesus als Feminist bis über den Tod hinaus,https://www.krone.at/4097237
31f8d9adac1da0e7fe586b4a4d71492004f8bb21ffb95b66fda167b59f721b5b,2026-04-05 10:19:56.353382+00:00,de,krone.at,krone.at,2026-04-05,Das größte globale Risiko der Menschheit,https://www.krone.at/4098452
6a8d6a1405038abcbc2db849ce8329f65c650d89dfbc3b21ac2987e97b532ac2,2026-04-05 10:19:51.459098+00:00,de,krone.at,krone.at,2026-04-05,Paar auf Motorrad von Alkolenker gerammt: Verletzt,https://www.krone.at/4098608
66776749ae5c399f7d78a98f1f4d512399268d337e0bd5952c744e20d2ad4971,2026-04-05 10:19:46.686559+00:00,de,krone.at,krone.at,2026-04-05,„Probleme sind in der Mittelschicht angekommen“,https://www.krone.at/4097668
2d1e5b59eb29f17f52830d9d648f6824d6a083621d3347010ca672a5771ad620,2026-04-05 10:19:41.411860+00:00,de,krone.at,krone.at,2026-04-05,Einsatz am Karsamstag: Dachstuhl stand in Flammen,https://www.krone.at/4098567
75b46e0331b7746e264fdc118db491bd2dbe474000fd71cb88aa6f0bd01a2bb9,2026-04-05 10:19:36.438245+00:00,de,krone.at,krone.at,2026-04-05,Verbringen Sie die Osterfeiertage mit der Familie?,https://www.krone.at/4098599
407ba464d54877ba446d3e2e9fcfab03a6238d1f412aafac40ef5d64d2876cc4,2026-04-05 10:19:31.501855+00:00,de,krone.at,krone.at,2026-04-05,Union Berlin gegen St. Pauli ab 15.30 Uhr LIVE,https://www.krone.at/4097359
a25df466979acb991d4c63740fc399f49b29990744c45b4f65539d9c495c5fd0,2026-04-05 10:19:26.948479+00:00,de,krone.at,krone.at,2026-04-05,„Wir dürfen nicht vorzeitig ins Träumen verfallen“,https://www.krone.at/4098317
04495e4771247b9152869ba61c53d0338c3143417f9df5897152e9795544cb73,2026-04-05 10:19:21.252770+00:00,de,krone.at,krone.at,2026-04-05,Katja Ebstein: Das macht die Schlager‑Ikone heute,https://www.krone.at/4097285
57b5bf9832cc698f165d7d6ce4dd8a159dab81dc52631bf2fe00e5bc5810b2c4,2026-04-05 10:19:16.757034+00:00,de,krone.at,krone.at,2026-04-05,Fans: „Klappstuhl hatte mehr Highlights als Undav“,https://www.krone.at/4098583
90cb87837747ec1ccb913c70c8fe44e37aae09ea86eb4d3dd78d1f6ad0964f50,2026-04-05 10:19:11.408648+00:00,de,krone.at,krone.at,2026-04-05,"Von Verlängerungen, Einsparungen und Neubauten",https://www.krone.at/4097497
8c276ae3dfc1916d0f719d9464f1a67952bd491bb7a2b8b13a4cc772f5844d2e,2026-04-05 10:19:06.634722+00:00,de,krone.at,krone.at,2026-04-05,Schauspielerin Tori Spelling liegt im Krankenhaus,https://www.krone.at/4098616
f55d173a4c944c6b47386f2a6af453354ba64340ae15a12330902208474ad9f1,2026-04-05 10:19:01.543648+00:00,de,krone.at,krone.at,2026-04-05,Jammern war für Christoph Freund nie eine Option,https://www.krone.at/4098577
26105d12514da83c7c6d025a35efd87fbd7f060b7079dce4c9e11b9b1f6ff7ff,2026-04-05 10:18:57.363535+00:00,en,krone.at,krone.at,2026-04-04,Manchester City Celebrates Cup Victory Over Liverpool,https://www.krone.at/4098277
df3ad720275e1faf8e8b14e899046392ae5247e3b084fe77d6b9eccc8492352c,2026-04-05 10:18:52.023174+00:00,en,krone.at,krone.at,2026-04-04,Two U.S. Jets Crashed: What We Know So Far,https://www.krone.at/4098388
7aad71d090697a0a437ae9f021ac1a1cb0d73a1c768cd66dbc92ddf965ace0f8,2026-04-05 10:18:47.002492+00:00,en,krone.at,krone.at,2026-04-05,US soldier rescued after downing and firefight,https://www.krone.at/4098585
ec0d9bf80144030f4d4affa9d8d12381065e9b2170e53ac44062bc5dbe94c1ed,2026-04-05 10:18:41.606205+00:00,en,krone.at,krone.at,2026-04-05,Boy (13) to Attend Elementary School: Seven “Suspects”,https://www.krone.at/4098572
d97e6015b99200f297070f93b114a05cdfb41c13bdcdc5b9ea2139aa4862e1dc,2026-04-05 10:18:36.499236+00:00,de,krone.at,krone.at,2026-04-05,Zu Ostern: Tierische Düfte und Eierköniginnen,https://www.krone.at/4097291
fd4ccd70be7e8790e9fb4a5db24065475c754544fb86bb6eef95da65c5d69dfc,2026-04-05 10:18:31.574007+00:00,de,krone.at,krone.at,2026-04-05,Messi und Suarez weihen Stadion mit Treffern ein,https://www.krone.at/4098634
10aafb383ba037bd8c605928e89ef2240feece4d9b3773fa9ae4eb8e8c818826,2026-04-05 10:18:26.531756+00:00,de,krone.at,krone.at,2026-04-05,Frankfurt gegen 1. FC Köln ab 17.30 Uhr LIVE,https://www.krone.at/4097360
160d56756cedb05107e934cf00518c4dad5e945125dd1426b22b61edc5e32576,2026-04-05 10:18:21.433911+00:00,de,krone.at,krone.at,2026-04-05,Wirbel um Abbruchbescheid für Grazer „Flugdach“,https://www.krone.at/4098128
7d37c2a1bc3c701cddaf81d76701a4f5fc8657a745301dee8e0755892388d985,2026-04-05 10:18:16.525947+00:00,de,krone.at,krone.at,2026-04-05,Porzellanmalerin: „Nach Ostern ist Weihnachten“,https://www.krone.at/4098040
8c525cd6fce7aeeaff841f5fd10400eb0eb55e3a0f8924ae2d5101cb3b153b37,2026-04-05 10:18:11.985812+00:00,de,krone.at,krone.at,2026-04-05,Auf Eiersuche quer durch die Kunstgeschichte,https://www.krone.at/4098218
e800ca86d86a6ca62b5201ad7d8bc1e48b819981a1f6d1ddde4411c41ffc7f43,2026-04-05 10:18:06.860195+00:00,en,krone.at,krone.at,2026-04-05,Easter holidays turned into a mountain rescue nightmare for vacationers!,https://www.krone.at/4098642
a93c2975e161c78489f73e3eb2add70d2e818693ef2e3165cccbd04304fb01f4,2026-04-05 10:18:01.465688+00:00,de,krone.at,krone.at,2026-04-05,Teamchef warnt: „Man darf das nicht ignorieren“,https://www.krone.at/4098555
f13fa2795aec56bfdc430558c841954d29fd83376eca8f25694a391dafd416c4,2026-04-05 10:17:56.935727+00:00,en,krone.at,krone.at,2026-04-04,Defeat! Real Madrid suffers embarrassing loss to Mallorca,https://www.krone.at/4098407
c6d2c8d511acfd2ae3e38cc75657f5f9431211578a38c6978e80170adcda7bd9,2026-04-05 10:17:51.711698+00:00,de,krone.at,krone.at,2026-04-05,Versorgungslücke für beeinträchtigte Kinder,https://www.krone.at/4098164
4a8c0d454e82deb411bbcc4cbf103bb19eeb04715761cc713081a8c78b154bfe,2026-04-05 10:17:47.351297+00:00,de,krone.at,krone.at,2026-04-05,17-Jährige auf Gleis von Zug erfasst: Lebensgefahr,https://www.krone.at/4098623
e0e99836be092dfb75797f0b0ac210dc6d55eff49cc3be17cc5a0081637efe6e,2026-04-05 10:17:42.296412+00:00,de,krone.at,krone.at,2026-04-04,LIVE: Mainz and Leipzig take the lead on the road!,https://www.krone.at/4098393
cc0359e3fb9f58cf12991df158a3b260dd892791391706258ab59462533dfc90,2026-04-05 10:17:38.140675+00:00,de,krone.at,krone.at,2026-04-05,Denver gewinnt NBA-Schlager gegen Spurs dank Jokic,https://www.krone.at/4098631
c436b2f3772189d8e25904b0ed1c104f9b0e9d2c7ea8f30b2e725f1d48bc64ad,2026-04-05 10:17:32.498391+00:00,de,krone.at,krone.at,2026-04-04,Aminati hat Krebs-Metastasen „in einigen Organen“,https://www.krone.at/4098504
a9ec2dfd0f7b58c8e6eaf493d6cf54a5e59e21b062f1b57e43b938ceca15d605,2026-04-05 10:17:29.362051+00:00,de,krone.at,krone.at,2026-04-05,Großes Fragezeichen um 41 Euro Steuernachzahlung,https://www.krone.at/4098220
8954c1467949d3b12c4896e41dfd48a54b03de3125166177f2b607463efc13b6,2026-04-05 09:31:12.908541+00:00,de,orf.at,orf.at,2026-04-05,Welse haben neues Verhalten entwickelt,https://vorarlberg.orf.at/stories/3348209/
81aa1e40f7468f626b2c38ef842029ca7eb99c642f1aa421f9c0c4efe970bba0,2026-04-05 09:30:19.568626+00:00,de,orf.at,orf.at,2026-04-04,Verein fürchtet um Zukunft des „Rheinbähnles“,https://vorarlberg.orf.at/stories/3348701/
f428b196ac996216fac2f5717d35bf5510eed4a64cf4dd71e5f8953e598647be,2026-04-05 09:30:14.457479+00:00,de,orf.at,orf.at,2026-04-04,Acht Personen aus alpiner Notlage gerettet,https://vorarlberg.orf.at/stories/3348774/
2de3edb7698c64a50155286bb4fda359e65bfd2af7a3f0723b9d5d6724d37bb3,2026-04-05 09:29:48.238994+00:00,de,orf.at,orf.at,2026-04-05,„Es gibt keine Alternative zur Hoffnung“,https://vorarlberg.orf.at/stories/3348659/
f57aa3edaf6fa4b5df774bfa874d05ae10efe11e384cac0844ede11e330eab1e,2026-04-05 09:26:36.380355+00:00,de,krone.at,krone.at,2026-04-05,„Eiskönig“ will endlich seine Wunschkandidatin,https://www.krone.at/4098245
e6a710d9e83959e552aeb1bdbd9085dc801aea624e4c06cc411b21decedf5a79,2026-04-05 09:26:30.987289+00:00,de,krone.at,krone.at,2026-04-05,Motorrad-Rowdy rast auf Flucht durch Fleischweihe,https://www.krone.at/4098595
80ac3501642098f95d5626e483a42162fdddb68663ff899a1316ce30d37dbc04,2026-04-05 09:26:26.101028+00:00,de,krone.at,krone.at,2026-04-05,Iran-Krieg hält arabische Gäste von Salzburg fern,https://www.krone.at/4098366
1bb9c4c0b303571d18413ebf8525dac370724dc9a067a5100d2bad3f8d70c35e,2026-04-05 09:26:21.031911+00:00,de,krone.at,krone.at,2026-04-05,Im Schnee gefangen! Trio in Tiroler Alpen gerettet,https://www.krone.at/4098613
09e558701256820368bbbbc644dec9621b4e625d31bb663ae8073f11b97102a6,2026-04-05 09:26:15.916113+00:00,de,krone.at,krone.at,2026-04-05,Auf der Fährte des echten „Osterhasen“ im Ländle,https://www.krone.at/4095666
7f5e922dbd5d9fd6e1eebf8fd5d77aafa4cf317acfdb32ddcd4d49a536d9dcca,2026-04-05 09:26:10.757774+00:00,de,krone.at,krone.at,2026-04-05,Vier Ratschenkinder wurden zu kleinen Helden,https://www.krone.at/4098495
c52e67c8c240d68fac4e9092431e420c2f17311116182cf1440770b113484cf8,2026-04-05 09:26:05.676713+00:00,de,krone.at,krone.at,2026-04-05,Radfahren in Tirol von Jahr zu Jahr beliebter,https://www.krone.at/4098294
b7b68198b463fcd8a38133ece3dfea89f29fc3cfa0ce6553bef69ad537acb03f,2026-04-05 09:26:00.973867+00:00,de,krone.at,krone.at,2026-04-05,Pärchen machte mit fremdem Auto eine Spritztour,https://www.krone.at/4098580
cca7847659e70be07536a3bf5bdc0b394ff5622f76a4bb9565d019c964816c20,2026-04-05 09:25:55.898400+00:00,de,krone.at,krone.at,2026-04-05,Pkw überschlug sich nach Crash: Lenker verletzt,https://www.krone.at/4098612
aea82fb875002acb7dbeae693f3becd8624f8c52283ba17e1eb9cd88a5768187,2026-04-05 09:25:50.501945+00:00,de,krone.at,krone.at,2026-04-05,Abgestürzter US-Soldat nach Feuergefecht gerettet,https://www.krone.at/4098562
95cabc91b30c1bacffaf8d601ebfc1b3c7da50953c925e70b470f57c5800d82e,2026-04-05 09:25:45.597103+00:00,de,krone.at,krone.at,2026-04-05,Statt Basketball: Kärntner winken Dollar-Millionen,https://www.krone.at/4098438
3ebaa5301d913cd850c08d6d7fb10f64c84dba6c7680b061b0df37d861dc8561,2026-04-05 09:25:40.875731+00:00,de,krone.at,krone.at,2026-04-05,USA: „Militärische Anführer“ des Iran getötet,https://www.krone.at/4098576
cf7f07371e48737703f09a9e4ebda3b4f915d84b3282a9c2e6a497040699e1ba,2026-04-05 09:25:29.057485+00:00,de,krone.at,krone.at,2026-04-05,Bei dieser Strafhöhe könnte Wöginger Job verlieren,https://www.krone.at/4098187
d4b7b3e84168e545a0d38ac968d553c361a220eae0a842857693185ca579f7a8,2026-04-05 09:25:09.614699+00:00,de,krone.at,krone.at,2026-04-05,Deutscher (22) durch Schüsse der Polizei gestorben,https://www.krone.at/4098603
1b1500a88f451ce3c5dc880b9d9abd28d30fd75de111447c3a342e5e3fa30516,2026-04-05 09:25:04.441211+00:00,de,krone.at,krone.at,2026-04-05,Spanier bei Vorbereitungen für Stierkampf getötet,https://www.krone.at/4098593
44d58edde6b488dccf4c0b59a144babbf355400ce1643f3b0e96af48dcc32b2f,2026-04-05 09:24:59.360798+00:00,de,krone.at,krone.at,2026-04-05,Das Weinen von „Timmy“ ist kilometerweit zu hören,https://www.krone.at/4098610
f422fc9fac331ba138f6ad85641d7bb90074ad3c05ee7c7aca0008e14cced19a,2026-04-05 09:24:54.385837+00:00,de,krone.at,krone.at,2026-04-05,Zahnloser Osterhase „Frodo“ erobert die Herzen,https://www.krone.at/4098324
2fa3e4656d3c5653e015e06104fcebcc890fcb9bb8b522b52526155d306c1f72,2026-04-05 09:24:49.555345+00:00,de,krone.at,krone.at,2026-04-05,"Schwarz-Rot verliert Mehrheit, Blaue im Steigflug",https://www.krone.at/4098126
3f58de8656b5efa55ad0e1786db9e28e5a6b3d5ff8b81230ec8836eec56d93e3,2026-04-05 09:23:54.009220+00:00,de,krone.at,krone.at,2026-04-05,Präsident fordert nach Lustlosigkeit ein Signal,https://www.krone.at/4098207
03ca4cf96f95cf7a20aecee6daa585383afc935595abf2bafda713f0927b1aa1,2026-04-05 09:23:44.766246+00:00,de,krone.at,krone.at,2026-04-05,Keine leichte Wahl: Wohnung kaufen oder mieten?,https://www.krone.at/4098163
d2204bce2b00b3065486c5a211fd020fe051b491bc070eb12008e0a5640d727c,2026-04-05 09:22:31.785124+00:00,de,orf.at,orf.at,2026-04-05,Tierschutz beim Osterausflug,https://ooe.orf.at/stories/3348772/
391bd3fc7e506f361f46c3b5977bdd0764c0607e7b2d65bbf760bbe5624ac30d,2026-04-05 09:21:11.821054+00:00,de,orf.at,orf.at,2026-04-05,Unfall und Stau im Osterreiseverkehr,https://ooe.orf.at/stories/3348775/
1c7e23105f07cc35495dca5e3153a692c0d6c76372c8f8258c88b87e38f3ca42,2026-04-05 08:22:38.594868+00:00,de,orf.at,orf.at,2026-04-05,Israel meldet Angriff auf iranische Chemiefabrik,https://orf.at/stories/3425975/
4e72532b864648f22d6f18d6bd373228e6adbf89c9965103a1557bffd32f0c6d,2026-04-05 08:22:19.006036+00:00,de,orf.at,orf.at,2026-04-05,Tote nach Angriffen von Dschihadisten in Nordnigeria,https://orf.at/stories/3425985/
234162a95398cb9f31e529e485e98335ff05779a94924905df42128563fad040,2026-04-05 08:22:13.225731+00:00,de,orf.at,orf.at,2026-04-05,Proteste im Jänner: Zwei Männer im Iran hingerichtet,https://orf.at/stories/3425982/
b54e41582e608bc00d617aee8e40b11d7a4ef1d1471169e4869a4b28b3fcf7bc,2026-04-05 08:22:04.557920+00:00,de,orf.at,orf.at,2026-04-05,Russische Ölpipeline bei Drohnenangriff beschädigt,https://orf.at/stories/3425978/
e192e566064de4e18095ff6e50ca8792252fc5e65ff4893ab54ac19b96ef043f,2026-04-05 08:21:54.239223+00:00,de,orf.at,orf.at,2026-04-05,Vermisster US-Kopilot geborgen,https://orf.at/stories/3425974/
e5de1dd2cef3752d1946b653648c1aa58657937449ca53764b72a68f7c13c959,2026-04-05 08:21:47.462731+00:00,de,orf.at,orf.at,2026-04-05,Neue iranische Angriffe auf Israel und Golfstaaten,https://orf.at/stories/3425976/
73ed479f600fb844137b7878313a843a784cc301d4653369c112ba3eb9937d57,2026-04-05 08:21:23.551207+00:00,de,orf.at,orf.at,2026-04-05,Reise in Bildern durch Ungarns Wahlkampf,https://orf.at/stories/3424187/
44b4845ddaf9550bbd82b5b0eb787239f14fdebf4284a24101e7a2aef4a4b0f9,2026-04-05 08:20:43.289590+00:00,de,orf.at,orf.at,2026-04-05,Sonderpädagogik: Vorarbeiten für Reform laufen,https://orf.at/stories/3425983/
f83f14a74e8416a6290210a225fc93dafd4c3dac3de03d6449fd623ba7df26c4,2026-04-05 08:20:10.330771+00:00,de,orf.at,orf.at,2026-04-05,Im Iran vermisster US-Kopilot gerettet,https://orf.at/stories/3425973/
bc206343aa0547d189646e88302068634fc8eff7856af2d02e5894a620362679,2026-04-05 06:19:10.870596+00:00,de,krone.at,krone.at,2026-04-05,79-jähriger Mann stellte einen Serientäter,https://www.krone.at/4098468
758f1aeaed5be4c4578b5a73981dec0d1a29a73e99e4a56c904b05207276d7e6,2026-04-05 06:19:00.669414+00:00,de,krone.at,krone.at,2026-04-05,Was kann uns in schweren Zeiten Hoffnung geben?,https://www.krone.at/4098021
250549799bb8a5f0129ddb8eb7c2bff0af7ed7d1efad849303306b5302e11477,2026-04-05 06:18:55.839728+00:00,de,krone.at,krone.at,2026-04-05,Schöne Blumen-Deko häufig zerstört oder geklaut,https://www.krone.at/4098262
9a8694c6c1cf916794810e7e444740dc5aa6851a8caf2e9ee806fd51b0b753ae,2026-04-05 06:18:50.492804+00:00,de,krone.at,krone.at,2026-04-05,Bub (13) soll in Volksschule: Sieben „Verdächtige“,https://www.krone.at/4098227
8e37aafff1c5dd667d08abbeea8310df60ea98ba4d505884b8cf03c468f6995b,2026-04-05 06:18:44.167995+00:00,de,krone.at,krone.at,2026-04-05,20 Jahre Krebs! „Ich habe keine Zeit zum Sterben“,https://www.krone.at/4098210
0b55100dc5b2cc1945125eb08dd3b77d0a7c8fae3394cd930b4757214e0855ac,2026-04-05 06:18:31.893048+00:00,de,krone.at,krone.at,2026-04-05,„Salam aleikum“ am Osterwochenende in Salzburg,https://www.krone.at/4098355
d0b6399ceda5a615622474c9aacdf67a7af1316afe9a78432c4e2c137236aed7,2026-04-05 06:18:18.944788+00:00,de,krone.at,krone.at,2026-04-05,Mogelpackung statt gelungener Modernisierung?,https://www.krone.at/4097312
1ca753bff9b418d29baf2644c6d0be5b1c9a59a46e5e43da96bd07856a79b759,2026-04-05 06:18:09.444396+00:00,de,krone.at,krone.at,2026-04-05,LIVE ab 14.30 Uhr: Hartberg gegen RB Salzburg,https://www.krone.at/4097104
a06d4ee55404ed91e25e61ad857a60a36ec8ed7e2ae61248b77be6254e6cedd4,2026-04-05 06:17:23.630604+00:00,de,krone.at,krone.at,2026-04-05,LIVE ab 17 Uhr: Rapid gegen Meister SK Sturm Graz,https://www.krone.at/4097141
05f7c68b52dcabe2d936e93ce2bc95b6868025402fccfbd88301504f1f53fdf3,2026-04-05 06:17:18.437630+00:00,de,krone.at,krone.at,2026-04-05,LIVE ab 14.30 Uhr: LASK gegen die Wiener Austria,https://www.krone.at/4097098
a9982ec336f9982e00fe5d8f63823931879372069bcbec541937ecf34cdc8aac,2026-04-05 06:17:10.107976+00:00,de,krone.at,krone.at,2026-04-05,Für Reformen holt Präsidentin Regierung ins Boot,https://www.krone.at/4098233
5a7bc8a0cef05611b79ad65061d72c0a69c302e6fbcbe497c03f0f8c4396a5c9,2026-04-05 05:18:53.643456+00:00,de,orf.at,orf.at,2026-04-04,Pielachtal: Felssturz führte zu Straßensperre,https://noe.orf.at/stories/3348764/
627c204accc8c43b17965d7efd80aa2bdec04493dd52ac1b8aa5932f40bd9d3e,2026-04-05 05:18:48.682594+00:00,de,orf.at,orf.at,2026-04-04,Wachauer Marillenbäume stehen in Vollblüte,https://noe.orf.at/stories/3348767/
713676844c15060cfe4162d73d56aefd7bdfaa84dbe240bf92f6efab30c9cd76,2026-04-05 05:18:26.115454+00:00,de,orf.at,orf.at,2026-04-04,Hainburger Haydngesellschaft feiert 45. Jubiläum,https://noe.orf.at/stories/3345927/
139e0abf6cbf4e2b626e697205c556030e20cff214cc8c273aa44491252bcdb9,2026-04-05 05:18:01.239538+00:00,de,orf.at,orf.at,2026-04-05,Niedrigere Stromnetzkosten durch KI,https://noe.orf.at/stories/3343263/
845e287f7e417cba7e057da338e30327b736d37080b9347cf9a1067b1556423e,2026-04-05 05:17:27.707268+00:00,de,orf.at,orf.at,2026-04-04,Neue Hubschrauber für Flugrettung geplant,https://noe.orf.at/stories/3348657/
aa05845b42a2d069501a1049c730a83da08235d16844cb6fdacbce7eef81db35,2026-04-05 02:27:34.276491+00:00,de,orf.at,orf.at,2026-04-04,US-Satellitenfirma setzt Bildfreigabe für Nahost aus,https://orf.at/stories/3425972/
5e1b633b73e7fb0a05655cdf32264a524631503cfb86d50d87754275f79517c5,2026-04-05 02:27:27.070967+00:00,de,orf.at,orf.at,2026-04-04,Globaler Ölhandel im Ausnahmezustand,https://orf.at/stories/3425716/
48ac1daec3e7251648fbe8cdaa5b2e7d6fa2090720c49b051c2c76131319ecbb,2026-04-05 02:18:46.637400+00:00,de,krone.at,krone.at,2026-04-04,Detroit verliert mit Kasper bei den NY Rangers 1:4,https://www.krone.at/4098507
0eeea965470514e571ff9d76580f0cdda28a8b28a004039b2a2603965c918151,2026-04-05 02:18:33.446440+00:00,de,orf.at,orf.at,2026-04-04,"Was tun, wenn das Osterpaket nicht ankommt",https://kaernten.orf.at/stories/3348615/
d7a5d108ac084f0860fc27cead29d87e47ddc5afed7482fda63a1e1e3d582d92,2026-04-05 02:18:18.681943+00:00,de,krone.at,krone.at,2026-04-04,Hard und Krems komplettieren das Cup-Halbfinale!,https://www.krone.at/4098511
2eee3a74fa6467516a66176dc1ebe701c73aa4fedb68009f43c4a3f78e9296f5,2026-04-05 02:17:48.372359+00:00,de,orf.at,orf.at,2026-04-04,Zwei Verletzte bei schwerem Verkehrsunfall,https://kaernten.orf.at/stories/3348763/
06bccbc62b915a03c4a7cf4ed2f93bd8c91b67c1ad96ba9b4230309bfe9684f5,2026-04-05 02:17:32.060451+00:00,de,krone.at,krone.at,2026-04-04,Sokol/Post zieht souverän ins AVL-Finale ein!,https://www.krone.at/4098531
f3edb54d4b6696080dabe21e7f99769b4748d209127c987d21563d26fdcca8c0,2026-04-05 02:17:19.720047+00:00,de,orf.at,orf.at,2026-04-04,Brand forderte 100 Einsatzkräfte,https://kaernten.orf.at/stories/3348773/
a6be63ac0d0962792e80868647a5e7a4211f4dfd3cfd1a0cb421bc513ecbdbea,2026-04-05 02:17:16.583524+00:00,de,krone.at,krone.at,2026-04-04,Oberwart wahrt Chance auf Platzierungsrunde-Gewinn,https://www.krone.at/4098512
4a7aed345b9f365192d2b33f5a8a18d30004b13b5c5c4b53fc8e4a2faa4262a0,2026-04-05 01:26:15.749543+00:00,de,orf.at,orf.at,2026-04-04,Schönberg erteilt Windpark-Plänen Absage,https://tirol.orf.at/stories/3348726/
a4ed4e92a3255781ee21d3b595a8755aeb98bc374de7c9936b464d620d2ca65a,2026-04-05 01:26:10.726530+00:00,de,orf.at,orf.at,2026-04-04,Vielfalt bei Ehrenamt kennenlernen,https://tirol.orf.at/stories/3348745/
3bb0cab845707c2dd140d1acc5a3651a21949655d10dbd90f7d98da6e3cfa0db,2026-04-05 01:25:51.119717+00:00,de,orf.at,orf.at,2026-04-04,„Der Garten“ für Demenz-Angehörige,https://tirol.orf.at/stories/3348739/
6e6da017f37baa2fd73a1895f93abe2ad44cb110b6c84f491db8df49bc6f1396,2026-04-05 01:25:46.078349+00:00,de,orf.at,orf.at,2026-04-04,Alpinist bei Tour auf Zuckerhütl abgestürzt,https://tirol.orf.at/stories/3348735/
01655db9c761b393e7fc25e6f361af55f65e5e5c53ea432848fd38136dc58d1d,2026-04-05 01:25:33.552814+00:00,de,orf.at,orf.at,2026-04-04,Mann verlor hohen Betrag an Bankbetrüger,https://tirol.orf.at/stories/3348766/
fa52c906cec55082dd6eea8e8f2cde8656dbcff43681534bb7ebfd1634fcd352,2026-04-05 01:24:59.944749+00:00,de,orf.at,orf.at,2026-04-04,Gurgl: Skifahrerin prallte gegen Stahlseil,https://tirol.orf.at/stories/3348703/
19cd23950efa924121fddff02c50d72b14c916901ba6acf1d5a7d0615826bbd9,2026-04-05 01:24:30.602947+00:00,de,derstandard.at,derstandard.at,2026-04-04,"Gregoritsch glänzt mit Fair-Play-Aktion, Bayern und Dortmund siegen in der Nachspielzeit",https://www.derstandard.at/consent/tcf/story/3000000315455/bayern-dreht-02-rueckstand-in-schlussphase-oesterreicher-rekord-in-bremen
5a8d4b5958f962af9ccdf63e33266db4422ac8919813311c2f065b00bd03676d,2026-04-05 01:24:22.611661+00:00,de,derstandard.at,derstandard.at,2026-04-04,"Eishockey: Detroit verliert mit Kasper, Kapfenbergerinnen erstmals Meister",https://www.derstandard.at/consent/tcf/story/3000000315459/eishockey-detroit-verliert-mit-kasper-kapfenbergerinnen-erstmals-meister
6953dfc17103c1a3eb583f4cae0113da48de6327f857a5bbbfd0e770f0112e62,2026-04-05 01:24:12.291786+00:00,de,derstandard.at,derstandard.at,2026-04-02,Tempo 100 und autofreie Tage: Wie Österreich in früheren Ölkrisen reagiert hat,https://www.derstandard.at/consent/tcf/story/3000000314448/tempo-100-und-autofreie-tage-wie-oesterreich-in-frueheren-oelkrisen-reagiert-hat
7c6c590ff046226ee37fd57b67429f6bd10ba70b6e6920a9ba27e4bfa843241c,2026-04-05 01:24:07.297935+00:00,de,derstandard.at,derstandard.at,2026-04-04,WSG Tirol kann sich mit Heimsieg etwas absetzen vom WAC,https://www.derstandard.at/consent/tcf/story/3000000315457/wsg-tirol-kann-sich-mit-heimsieg-etwas-absetzen-vom-wac
c56892b6c67498e4e3bb823e6803b8e61e5f236c09239fffa7d1ac327af16925,2026-04-05 01:23:47.210970+00:00,de,derstandard.at,derstandard.at,2026-03-30,Die schönsten Urlaubsfotos unserer Userinnen und User der Woche,https://www.derstandard.at/consent/tcf/story/3000000314676/die-schoensten-urlaubsfotos-unserer-userinnen-und-user-der-woche
ebdd48cb447f414a5837066cdc3e37b1721d0aa443f12a41c8536f0cead502bf,2026-04-05 01:23:42.201571+00:00,de,derstandard.at,derstandard.at,2026-04-02,"Smartphone-Fasten: ""Unsere Tochter hat stundenlang gezeichnet, statt gescrollt""",https://www.derstandard.at/consent/tcf/story/3000000313971/smartphone-fasten-unsere-tochter-hat-stundenlang-gezeichnet-statt-gescrollt
93c6dcc5ae7dee006415192a5e46a5b3e4b0509d2c9784ae0cfcb00b7ec6217f,2026-04-05 01:23:37.197657+00:00,de,derstandard.at,derstandard.at,2026-04-03,Warum sich beim Datum für das Osterfest alles um den Mond dreht,https://www.derstandard.at/consent/tcf/story/3000000315382/warum-sich-beim-datum-fuer-das-osterfest-alles-um-den-mond-dreht
b82eb5b166837f87e8be8bdbe3dfaa17b08920eea1d1530c73c61bbc76621aea,2026-04-05 01:23:32.220122+00:00,de,derstandard.at,derstandard.at,2026-04-03,"Diagnose rheumatoide Arthritis, was nun?",https://www.derstandard.at/consent/tcf/story/3000000315358/diagnose-rheumatoide-arthritis-was-nun
2a37705d5111ed34ca139c45589665d51eacff6faf2f73597faeb01f5ada8251,2026-04-05 01:23:22.457427+00:00,de,derstandard.at,derstandard.at,2026-04-04,Neue Vorwürfe zu Führungsverhalten im KHM und Zwist wegen Hunden im Büro,https://www.derstandard.at/consent/tcf/story/3000000315385/neue-vorwuerfe-zu-fuehrungsverhalten-im-khm-und-zwist-wegen-hunden-im-buero
214c7ff1d0f5473a603b42101272a8ea210ae9805bf13c2c6fef8242cc39e810,2026-04-05 01:23:00.253723+00:00,de,derstandard.at,derstandard.at,2026-04-03,Liga-Hit Atletico vs. Barça als Ouvertüre zum CL-Viertelfinale,https://www.derstandard.at/consent/tcf/story/3000000315390/fu223ball-liga-hit-atletico-barca-als-ouvert252re-zum-cl-viertelfinale
2385ad0867d784a8615cf161bc0602d885c512c3dc7c3a45be6f165cbe564c0e,2026-04-05 01:22:55.181135+00:00,de,derstandard.at,derstandard.at,2026-04-04,GAK feiert gegen BW Linz den dritten Sieg in Folge,https://www.derstandard.at/consent/tcf/story/3000000315458/gak-feiert-gegen-bw-linz-den-dritten-sieg-in-folge
54eacbb44b705e22f2ce635ceb86eeb9a9e9db6e6edc297bd6d098e7283ff6a1,2026-04-05 01:22:50.061276+00:00,de,derstandard.at,derstandard.at,2026-04-04,"Barcelona siegt bei Atletico Madrid, Real verliert gegen Abstiegskandidat Mallorca",https://www.derstandard.at/consent/tcf/story/3000000315456/fu223ball-real-madrid-verlor-ohne-alaba-auf-mallorca
fb6997e0db2ac5e9e9327ebbc0255ef0b56b32e414422dcf636b3d5939c9e21d,2026-04-05 01:22:40.043487+00:00,de,derstandard.at,derstandard.at,2026-04-03,Bauen die Autohersteller künftig Panzer statt Autos?,https://www.derstandard.at/consent/tcf/story/3000000315380/bauen-die-autohersteller-kuenftig-panzer-statt-autos
821d93f5bfbb5398bd8c989cdfcf73c2614e97d35da9b7040117eba69f79ba7e,2026-04-05 01:22:35.399566+00:00,de,derstandard.at,derstandard.at,2026-04-01,Überreste in Pompejis Räuchergefäßen offenbaren Spuren eines globalen Handelsnetzes,https://www.derstandard.at/consent/tcf/story/3000000314963/ueberreste-in-pompejis-raeuchergefaessen-offenbaren-spuren-eines-globalen-handelsnetzes
36dc1f13a2e8a6b4ab1413b91f367f574698686a8af52a37c98c2061c6e4898a,2026-04-05 01:22:25.088612+00:00,de,derstandard.at,derstandard.at,2026-04-04,"Oberösterreicher Julian Schöberl verliert mit Oxford das ""Boat-Race"" gegen Cambridge",https://www.derstandard.at/consent/tcf/story/3000000315454/rudern-sch246berl-verlor-mit-oxford-boat-race-gegen-cambridge
c562f42c07cc1b5e5cb827375c4f40c7334a0f675f85e66b2a3aeaece19634e2,2026-04-05 01:21:19.201962+00:00,de,orf.at,orf.at,2026-04-04,Pensionist öffnete Räuber die Tür,https://wien.orf.at/stories/3348740/
54b7619c9dffad15bd348c57ce8ad759fdfdf3a50b43dc2ab5c61af1e92797cc,2026-04-05 01:20:30.579761+00:00,de,orf.at,orf.at,2026-04-04,KHM: Schröder begrüßt „mehr Sensibilität“,https://wien.orf.at/stories/3348709/
30a2ba06bda52ebda2acf4c2119797539fecac9c57d8d4b5692f7681c0f03dc4,2026-04-05 01:19:09.193081+00:00,de,orf.at,orf.at,2026-04-04,Boot kenterte auf Alter Donau,https://wien.orf.at/stories/3348765/
ee2c2b79a0f65dc351a39a206b04750a20d485584e3d0d7967965161a60d2840,2026-04-04 23:22:54.499700+00:00,de,orf.at,orf.at,2026-04-04,Tourengeher tot aus Lawine geborgen,https://salzburg.orf.at/stories/3348728/
6bec6278b3e3702e96f2dd0f6793ba956fcc6cc27ba55a81facdc32240b75f83,2026-04-04 23:22:27.221466+00:00,de,orf.at,orf.at,2026-04-04,Opferstock- und Reifendiebe nutzen Osterferien,https://salzburg.orf.at/stories/3348755/
4eb72013d15763fddaafbca8e2af408ccc132e5de104ae9538ab28aea3443b16,2026-04-04 23:22:22.371429+00:00,de,orf.at,orf.at,2026-04-04,Fußballerinnen der „Bullen“ im ÖFB-Cup erfolgreich,https://salzburg.orf.at/stories/3348769/
81b190208c9690ae60b17c4e8b3693061b0dffeddfc060b55139983cafd9d31d,2026-04-04 23:21:44.613465+00:00,de,orf.at,orf.at,2026-04-04,Betrunkener Biker rammt Pkw,https://salzburg.orf.at/stories/3348704/
62a69bf8a36bd81461a5ace4b09f24f56fabf2c9a4558126a9eb2322347a1dfa,2026-04-04 23:21:38.433573+00:00,de,orf.at,orf.at,2026-04-04,"Viel Neuschnee, mäßige Gefahren, dennoch Vorsicht",https://salzburg.orf.at/stories/3348698/
503cbd85b240f27982df7ee7ba058b99fe1268fa662ed5890fcdcd57a530dfcb,2026-04-04 23:21:34.517603+00:00,de,orf.at,orf.at,2026-04-04,Digitaler Euro: Viele fürchten Bargeld-Abschaffung,https://salzburg.orf.at/stories/3348693/
c481e2c916fe2e3b571ad5fd4c398bdaf2f5d45fe4e2271c6bd0c5d62df7942c,2026-04-04 23:21:29.682046+00:00,de,orf.at,orf.at,2026-04-04,Türkische Messe: Staatsschutz beobachtet,https://salzburg.orf.at/stories/3348699/
53427c37c5534e61ac4203eb81d78be089424e366bf6441f5b09ba13aa637d2c,2026-04-04 23:21:21.028532+00:00,de,orf.at,orf.at,2026-04-04,Betrunkener Lenker rammt Haus,https://salzburg.orf.at/stories/3348723/
f8cfd6b4ac02bd89f585c2f9c4baa9b8800348f289e6f1cd99b8f4440b858cbf,2026-04-04 23:20:06.045006+00:00,de,krone.at,krone.at,2026-04-04,Chinesische Touristin vom Untersberg gerettet,https://www.krone.at/4098508
947f6b83c0ac31c80fec0baff5dbd9fd69bb91c7ae2e8b98d59d4ae187ff5991,2026-04-04 23:19:51.224919+00:00,de,krone.at,krone.at,2026-04-04,Zeller Eisbären stehen mit dem Rücken zur Wand,https://www.krone.at/4098515
d538cc63173071616dcef17c11ee5472995f0e94c2455dbb3285af13cce24e7a,2026-04-04 23:18:57.614992+00:00,de,krone.at,krone.at,2026-04-04,Taufen und die Rückkehr vieler Papst-Traditionen,https://www.krone.at/4098537
db76bcf16053e2615480d095c04c95586be76f225e457ac410c7afe6d442095f,2026-04-04 21:32:08.070660+00:00,de,orf.at,orf.at,2026-04-04,Von Schnee überrascht: Wanderinnen in Bergnot,https://ooe.orf.at/stories/3348718/
e942e8c4aca00aa87cd7963c0b66bc4838b61215a982b0d0fd50b27ea19257f8,2026-04-04 21:31:50.157661+00:00,de,orf.at,orf.at,2026-04-04,Crew „auf halber Strecke“ zum Mond,https://orf.at/stories/3425942/
a32d183bafd94306192d38668693f766449274ad2b26a48cbc77bae1d08aa96b,2026-04-04 21:31:38.737608+00:00,de,orf.at,orf.at,2026-04-04,Ostermessen in Dubai wegen Iran-Krieges abgesagt,https://orf.at/stories/3425957/
86c8347c20dd5054a762d3dddf248108f8e350920fc5c1cadb8ce94def5fd523,2026-04-04 21:31:31.492718+00:00,de,orf.at,orf.at,2026-04-04,Tel Aviv: Hunderte demonstrieren für Ende des Iran-Krieges,https://orf.at/stories/3425965/
99bd68dfd8f46f8709d1c85364f6ef8b8881e4e67cde5eef489b3d53f10621b6,2026-04-04 21:31:20.046706+00:00,de,orf.at,orf.at,2026-04-04,Verletzte nach iranischen Raketenangriffen auf Israel,https://orf.at/stories/3425958/
10ed2fdc1730db6e7ac9c143d7be6872b412c3c1981f4613f0bf6aa1f38e89bc,2026-04-04 21:31:08.584389+00:00,de,orf.at,orf.at,2026-04-04,"Italien: Gemeinde kauft Mussolini-Villa für 1,2 Mio. Euro",https://orf.at/stories/3425960/
5d8156a64c42fdde196925794ad3bfac515962304e0d5909e91a5a312f492922,2026-04-04 21:31:01.134179+00:00,de,orf.at,orf.at,2026-04-04,Waffenabnahme: 66-Jähriger weist Vorwürfe zurück,https://ooe.orf.at/stories/3348768/
8c85fac9af244df2d5ff4125a4c140b9eb9f6b20c1921cfc89fdd2f81901eda4,2026-04-04 21:30:55.498201+00:00,de,orf.at,orf.at,2026-04-04,USA: Verwandte von getötetem Al-Kuds-Chef festgenommen,https://orf.at/stories/3425953/
bb570ef229210d22fabf6912c9b5ce16fa0de63ce278a83838d389f1b07cd904,2026-04-04 21:30:50.488742+00:00,de,orf.at,orf.at,2026-04-04,Papst Leo XIV. eröffnete Feier der Osternacht,https://orf.at/stories/3425968/
20f98badeca73daa8cc20a6c2435d8cd2c6cb236ef0f4ee7d47d7820260a6875,2026-04-04 21:30:43.831940+00:00,de,orf.at,orf.at,2026-04-04,Verbleib von Kopilot weiter unklar,https://orf.at/stories/3425964/
bf2eb41e923065da2a37844fb17e7adb69f47b44acc72a30671e4db39aa86632,2026-04-04 21:30:37.903536+00:00,de,orf.at,orf.at,2026-04-04,Mit Navi auf Irrweg: Touristen steckten im Schnee,https://ooe.orf.at/stories/3348741/
cf6bb9607c8b047dbf6b9a998ad62e48aaf63070bd79a38e2d7b3ac1b8f3a00e,2026-04-04 21:30:34.538747+00:00,de,orf.at,orf.at,2026-04-04,Tausende bei Demo gegen Rassismus in Pariser Vorstadt,https://orf.at/stories/3425967/
71d7ea9069867341fefb6fe8b6abae54c59432080a0346a21534b0b283f8a0ab,2026-04-04 20:25:45.265191+00:00,de,krone.at,krone.at,2026-04-04,Karten und Elfer-Hoppala verdarben Wiedersehen,https://www.krone.at/4098480
982b50e13216359815cce4044c309928922c31c9252f53d45da3f2931ab79a9a,2026-04-04 20:22:45.751384+00:00,de,krone.at,krone.at,2026-04-04,Was die Gebührenzahler vom ORF-Krisenfunk fordern,https://www.krone.at/4097591
c1be99d3c3db2f34069eda9004cef16e83268af6e80c910f87945b3a6fdd8ebd,2026-04-04 20:22:40.784074+00:00,de,krone.at,krone.at,2026-04-04,Trump droht: Über Iran wird „Hölle“ hereinbrechen,https://www.krone.at/4098419
a12066018a2fb86fc07530b04f210d854040027df46c7e7d0bd30181d334f1e1,2026-04-04 20:22:35.633891+00:00,de,krone.at,krone.at,2026-04-04,„Virus ist auf Bankkonto“: Frau verlor 50.000 Euro,https://www.krone.at/4098422
591a44370f6f16d43b318483ea84dc095b2cd666da1b20741dabc5ea7d6bcd91,2026-04-04 20:22:30.909884+00:00,de,krone.at,krone.at,2026-04-04,Döstädning oder die hohe Kunst des „Todesputzes“,https://www.krone.at/4096259
e8ecb1367ed5a3f0f326c8fc2c1bd2b61f2fbf2bee1280765a4a54b8f22702b5,2026-04-04 20:22:25.651138+00:00,de,krone.at,krone.at,2026-04-04,Messe(n) gegen den Krieg mit Drohnenbegleitung,https://www.krone.at/4097549
2893f4e8479326bebd1c413fc0322be7b088c2806ba71da2ac0704b5a86370b2,2026-04-04 20:22:20.836867+00:00,de,krone.at,krone.at,2026-04-04,Deutscher Rucksack-Tourist starb auf Teneriffa,https://www.krone.at/4098484
667ddb0f1a788f6a5049bd4eaa0aa7ed92579f59d8d90d0c318cbbca8c6f84ec,2026-04-04 20:22:10.775379+00:00,de,krone.at,krone.at,2026-04-04,Wenn Kinder plötzlich von früheren Leben berichten,https://www.krone.at/4096147
7238b0533f6807200b76003688ca9ff6050f5282762f284a802269efdac42039,2026-04-04 20:22:05.708986+00:00,de,krone.at,krone.at,2026-04-04,Fairplay-Szene des Tages von ÖFB-Star Gregoritsch!,https://www.krone.at/4098348
edf53b96e63b30791fea59fb298e8a1a899a693d90b63936ec8e425b50284e68,2026-04-04 20:22:01.261443+00:00,de,krone.at,krone.at,2026-04-04,Yvonne Weilharter ballert die Veilchen ins Finale,https://www.krone.at/4098334
d2cd225baf6478a1ff4fad635b6307f7090805a3c3e024ee9b09e0b6e0ce3349,2026-04-04 20:21:55.497296+00:00,de,krone.at,krone.at,2026-04-04,"Schauen Sie, welcher Tennis-Held Chelsea besucht!",https://www.krone.at/4098439
c49c4209d24eeee8f2d2270f42d718e4846d8ca58d5675b9c5f3a811dc76b5a0,2026-04-04 20:21:50.825260+00:00,de,krone.at,krone.at,2026-04-04,Jolie-Kopie? Shiloh schaut aus wie Mama Angelina,https://www.krone.at/4098367
247f3c30eb4169fc779079ed3a5aff537943f732127ce3a2f0c2c82f15c48633,2026-04-04 20:21:45.526332+00:00,de,krone.at,krone.at,2026-04-04,Rekordler Gruen kommt mit einem Sieg nach Wien,https://www.krone.at/4098453
92af4c90da7c5443c3716d62cc81319f0d07c15a28ab9a80233af4f9ea4174bd,2026-04-04 20:21:40.501371+00:00,de,krone.at,krone.at,2026-04-04,„Völlig unfair“: Berater ledert gegen FC Chelsea,https://www.krone.at/4098149
f102aee213ec0396747f1ed8e9a5f8f19c0f7cfe733dc233b3e42fcf5399901e,2026-04-04 20:21:35.652462+00:00,de,krone.at,krone.at,2026-04-04,Mann (25) raste mit 115 km/h durch Klagenfurt,https://www.krone.at/4098474
7ba14af7baf06797cb4dbd4657bcd083dc806d92cc321701b5b9aef2bd9d6e9f,2026-04-04 20:21:30.428605+00:00,de,krone.at,krone.at,2026-04-04,In Hals gestochen! Ex-Olympia-Rodler ermordet,https://www.krone.at/4098469
5f15591f3cd24bde24dd1e898fd1b216cab9e1f9aef76cb3424ac6bd25e3c3ab,2026-04-04 20:21:25.928488+00:00,de,krone.at,krone.at,2026-04-04,Wie Graz-Goalie Wieser nun zum Helden werden kann,https://www.krone.at/4098429
55b8bbe14294426d75bd0606809b604eddc4c014d50d4587b6e90f5c55614676,2026-04-04 20:21:20.680354+00:00,de,krone.at,krone.at,2026-04-04,Schöberl verliert mit Oxford Duell gegen Cambridge,https://www.krone.at/4098356
916fe54db7c51925c5acb2e67f33febd5db4f047a8f6cefb3645c0e844277720,2026-04-04 20:21:15.872833+00:00,de,krone.at,krone.at,2026-04-04,Pünktlich zu Ostern: Stallpflicht aufgehoben,https://www.krone.at/4098309
d76f8f8da638acf2fd18c3d1331eaf5b6412b8305557a2776d6826fac11ab7e4,2026-04-04 20:21:10.008529+00:00,de,krone.at,krone.at,2026-04-04,Spritpreisbremse könnte zum Bumerang werden,https://www.krone.at/4097412
546dcb01854145006eb85f4ea4391fd97b9df5853bc7538829e02cd701cda60a,2026-04-04 20:21:05.557821+00:00,de,krone.at,krone.at,2026-04-04,„Christfluencer“ zwischen Bibel und Reichweite,https://www.krone.at/4094132
12bb544462e5502c87219ff3105a7a9062fb08c2b3d0cc3e3a788356ba29ab4c,2026-04-04 20:21:00.545885+00:00,de,krone.at,krone.at,2026-04-04,Meister! Steirerinnen setzen sich die „Krone“ auf,https://www.krone.at/4098448
84edd3e8186fbcd6f7d97c66f797627132d1be5a523a098ec118ff26b0c2fa70,2026-04-04 20:20:55.418634+00:00,de,krone.at,krone.at,2026-04-04,„Timmy“ ist wohl durch Schiffsschrauben verletzt,https://www.krone.at/4098467
ae8f26949c6b3b19276ddfb34fca1e205c08d2aacb18162e89ed041ea2ebf0d8,2026-04-04 20:20:50.616139+00:00,de,krone.at,krone.at,2026-04-04,Diese Geschäfte haben in Wien zu Ostern geöffnet,https://www.krone.at/4097491
fa515228a5cdda97cd10cf8f203fa4019b6708bbea4b0a909c8163a28c254f9e,2026-04-04 20:20:45.645282+00:00,de,krone.at,krone.at,2026-04-04,Trotz magerer Abwehrleistung stimmt die Richtung,https://www.krone.at/4098268
bc627ca691b432653f8d232c468762c583b8f3294feb4aa5ad7f8438cb720bb8,2026-04-04 20:20:40.663785+00:00,de,krone.at,krone.at,2026-04-04,Hiemer im letzten Sprint ihrer Laufbahn Siebente!,https://www.krone.at/4098293
43b1e9638cff94e35a2f4dc4c24331493a59c3daa2718be8af4c90479e9443e1,2026-04-04 20:20:35.582924+00:00,de,krone.at,krone.at,2026-04-04,22:23! Teufelskerl Golub Doknic macht‘s möglich,https://www.krone.at/4098442
5aa63f2d5731efb57f344817e3b50bfc6e15041e8c81d990d38b5871722ce813,2026-04-04 20:20:30.489056+00:00,de,krone.at,krone.at,2026-04-04,Salzburgs Frauen ziehen erstmals ins Cupfinale ein,https://www.krone.at/4098066
f21b74555118ad5db08961d91aaf6c692f6bc778a43afe5419ec78b28cee1cb7,2026-04-04 20:20:25.577109+00:00,de,krone.at,krone.at,2026-04-04,Erleben Sie die Geschichte der Habsburger,https://www.krone.at/4093353
7e903c743fba2182dee4f8813620abaf1d85f87b797b206dff28c16c2b581e69,2026-04-04 20:20:20.692477+00:00,de,krone.at,krone.at,2026-04-04,Verstärkung für die Florianis im Krankenhaus,https://www.krone.at/4097620
cae77d5188156818b1f1f7e19ede7045a0f3b0d3a63540c0983844ba8b43a424,2026-04-04 20:20:15.308288+00:00,de,krone.at,krone.at,2026-04-04,Kilometerlange Ölspur zog sich durch den Flachgau,https://www.krone.at/4098416
2d69d68c56ddf64deb0059c9083218e2539a16de68ad3a3aba02325d84325ee3,2026-04-04 20:20:10.535449+00:00,de,krone.at,krone.at,2026-04-04,1:1 im Derby – Dämpfer für Horner Aufstiegstraum!,https://www.krone.at/4098451
c71096f5f77f4b06b85001cdb09311b0df9b8eb8fb95d506384c51ea2887df95,2026-04-04 20:20:05.730034+00:00,de,krone.at,krone.at,2026-04-04,Mit der „Krone“ zum großen DTM-Spektakel,https://www.krone.at/4093489
3aa4b9b34515f933854c77fba8f36947d7e137b948ba9fa4d65d8dee4883e129,2026-04-04 20:20:00.005038+00:00,de,krone.at,krone.at,2026-04-04,"Elstner & Rüdiger: Zwei TV-Größen, eine Krankheit",https://www.krone.at/4098104
2d796ee58037805ce159d336c8881c70090805372a2843985cbed14c1ea3c6a9,2026-04-04 20:19:55.707644+00:00,de,krone.at,krone.at,2026-04-04,Nächster Waldbrand fordert steirische Feuerwehren,https://www.krone.at/4098152
f21fd600f04f9303e9b11c31ddeecf3a8eb31c4d777863b5d01fa8bbdd6fee09,2026-04-04 20:19:50.662904+00:00,de,krone.at,krone.at,2026-04-04,Passagier mit 2 Promille konnte kaum noch stehen,https://www.krone.at/4098151
cf6f6b076cd86975e1510afd87b8e506b7716ffa514178ece191ae89b9889d19,2026-04-04 20:19:45.544992+00:00,de,krone.at,krone.at,2026-04-04,Der Dombaumeister verrät sein „Lieblingsplatzl“,https://www.krone.at/4095246
234bcbf980e07ecec17f944c68c5ba4bba8f8991efd002366f6fb1a18e67c747,2026-04-04 20:19:40.687744+00:00,de,krone.at,krone.at,2026-04-04,„Eat Pray Bark“: Eine hundsmiserable Komödie,https://www.krone.at/4095917
dfe0e62a80b09460e073f784a4d0cbdf4383a2b9bfb04bb345ee51b6e786379f,2026-04-04 20:19:35.631433+00:00,de,krone.at,krone.at,2026-04-04,Zeugen schlagen Reifendiebe in die Flucht,https://www.krone.at/4098031
afd84be4b8f81b943c6495db324b9d523f0193094af431cf7a89bf0436bef6ca,2026-04-04 20:19:30.451593+00:00,de,krone.at,krone.at,2026-04-04,Bontus überzeugte bei Comeback-Regatta als Dritter,https://www.krone.at/4098339
e4da928369f3643fb9c1a3d98760aa08a24db8771b6e1c74aba9fe476e62c587,2026-04-04 20:19:25.379866+00:00,de,krone.at,krone.at,2026-04-04,Polizisten vergessen Tasche mit Waffen auf Straße,https://www.krone.at/4098449
a2b45784cf2ef3a9c55b827e34e7e427d034371cb345a8ce09a3fa381539712d,2026-04-04 20:19:20.423154+00:00,de,krone.at,krone.at,2026-04-04,Wilde Fan-Ausschreitungen bei Dynamo gegen Hertha!,https://www.krone.at/4098500
045d07b1494f4243a1b87df2f2a091371ee5e1abdf2f2f2f56f27f553c1f9463,2026-04-04 20:19:15.528244+00:00,de,krone.at,krone.at,2026-04-04,Diebe nehmen Moped und einige Fahrräder ins Visier,https://www.krone.at/4098472
ede5af32a3aa403126408b001ae8dadc5eed385531c39bc15f0098b4dd57ca58,2026-04-04 20:19:10.654815+00:00,de,krone.at,krone.at,2026-04-04,Die Drei-Sekunden-Formel für mehr Gelassenheit,https://www.krone.at/4090837
c4b921a6e5fd56dff9bd6c849a5c999cf6eecd58e1810218c325f902d4112be6,2026-04-04 20:17:33.611047+00:00,de,orf.at,orf.at,2026-04-04,Straßen werden auf Vordermann gebracht,https://steiermark.orf.at/stories/3348660/
610bbfd2ab4475ca975c2f862058ba7c6127c6a7bb4e6e7a117f5c5682f78d03,2026-04-04 17:30:14.534777+00:00,de,krone.at,krone.at,2026-04-04,Großeinsatz bei Bauernhof: Brandursache geklärt,https://www.krone.at/4098395
e2de005aa58193e2a1a18c198277fce5ef4b439c0699168950193ec85e1544a4,2026-04-04 17:29:45.062018+00:00,de,krone.at,krone.at,2026-04-04,„Für unsere Jugend gibt es keinen schöneren Druck“,https://www.krone.at/4098191
2337c1366e6e783b9a8eb4df59958d2965ca6149e199944c64e8079720c2af84,2026-04-04 17:29:38.720727+00:00,de,krone.at,krone.at,2026-04-04,ÖLV-Youngster unterbietet Limit für die U20-WM,https://www.krone.at/4098228
8edef141f8f4a623651b8cab342f5f1b701ba95a1edb1dbf2187477412774c45,2026-04-04 17:29:34.187920+00:00,de,krone.at,krone.at,2026-04-04,Herbert Haupt und seine drei Auferstehungen,https://www.krone.at/4097314
f0325b7c5df54a0613f6519056f54728606d9c0915feb9144967da584cbc2165,2026-04-04 17:29:28.819879+00:00,de,krone.at,krone.at,2026-04-04,Das bedeuten unsere Ostersymbole wirklich,https://www.krone.at/4096141
369b15fd0323e0f38f5a8b284dbe1f2d49a08f8280fe847f8720f2d0701957a3,2026-04-04 17:29:23.779883+00:00,de,krone.at,krone.at,2026-04-04,"Rang eins verteidigt, Torsperre gebrochen",https://www.krone.at/4098323
edde323b97f50b2a6d2419e7ebb904b253ec2bbbc2682112b37becd19fb2037c,2026-04-04 17:29:18.968271+00:00,de,krone.at,krone.at,2026-04-04,Großes Buswartehaus ohne öffentliche Gelder gebaut,https://www.krone.at/4097589
25816523c684dea9cb6a1c1fa42dd0413481809a01d362567ff13ba8a1bcb960,2026-04-04 17:29:11.899018+00:00,de,krone.at,krone.at,2026-04-04,Hattrick-Held nahm den Matchball mit ins Bett!,https://www.krone.at/4098292
b9b9ec23c15242c71a653da1defa905db19637d8bc8ecdc098cd16a5fbf8a2a7,2026-04-04 17:29:06.284649+00:00,de,krone.at,krone.at,2026-04-04,Frontalzusammenstoß: Zwei Personen eingeklemmt,https://www.krone.at/4098401
babf1dd2e7a5e01c217edaaf2429425101c4749c2b94a8b93d7e088278da86aa,2026-04-04 17:28:54.748250+00:00,de,krone.at,krone.at,2026-04-04,Was Jäger mit Waffen machen dürfen – und was nicht,https://www.krone.at/4098261
503c7f90bdd824c8498f7f10db36f8127eb6295f3bf7fc83613f1ec2d3ac9235,2026-04-04 17:28:49.466928+00:00,de,krone.at,krone.at,2026-04-04,Zeichen setzen für Kinder mit seltenen Krankheiten,https://www.krone.at/4097547
f8fc5fa0aeeb0d1e45d29df4353c83bbdc71bdfae13d69a6f16e9a34292cb36b,2026-04-04 17:28:35.233966+00:00,de,krone.at,krone.at,2026-04-04,Boot auf Alter Donau gekentert: Kinder an Bord!,https://www.krone.at/4098337
72dbec6d4c70c677cb06b4838d954407949d442855e6d705649794d27d2bd226,2026-04-04 17:28:20.508498+00:00,de,krone.at,krone.at,2026-04-04,„Das Brauchtum schweißt unseren Ort zusammen“,https://www.krone.at/4097535
8d2f56f66e4c5467bf712614b3dd79b881aeeccfbea42790044a4a54d29ea4a0,2026-04-04 16:29:13.245239+00:00,de,orf.at,orf.at,2026-04-04,NL: Sprengstoffangriff auf proisraelische Organisation,https://orf.at/stories/3425933/
7936fe28c5537eab76c1b8dc705270f07a0fdc3c608c6a9abb8186eab1a0d7c1,2026-04-04 16:29:06.714316+00:00,de,orf.at,orf.at,2026-04-04,Fico fordert Ende der Ölsanktionen gegen Russland,https://orf.at/stories/3425946/
51b5a12cbf049c0e2d6d5710cfeb42261aee23be6d140dc4fec9114c2e6ae849,2026-04-04 16:28:59.189341+00:00,de,orf.at,orf.at,2026-04-04,Antisemitischer Anschlag in GB: Drei Männer in Gewahrsam,https://orf.at/stories/3425944/
a9252a2e12af978681ef385b113480ba758141b5f37ae935f458c69e57d1000f,2026-04-04 16:28:34.786193+00:00,de,orf.at,orf.at,2026-04-04,Kommende Woche Gipfel zu Gewalt gegen Frauen geplant,https://orf.at/stories/3425940/
7bcbc216d809f1f4b3d958d882ba1ad02fb064d8417a58fc6d7b86d30b0c869a,2026-04-04 16:27:56.429137+00:00,de,orf.at,orf.at,2026-04-04,Erneut Angriff nahe iranischem AKW Buschehr,https://orf.at/stories/3425929/
b7dc81156c4e1099d8e34c21f7641d36e97c273059bf9a2eb0eb3e2a60a49bf7,2026-04-04 16:27:41.722442+00:00,de,orf.at,orf.at,2026-04-04,Tote bei Erdbeben in Afghanistan,https://orf.at/stories/3425945/
50809a4706f86b08b78f16608fdf7633c89d0f5b9a73ee8b59d274d8a8da367b,2026-04-04 16:27:33.342787+00:00,de,orf.at,orf.at,2026-04-04,Parlament: Diskussion über eigene Personalagentur,https://orf.at/stories/3425941/
4b6cc655e480de4c8418a867e10c658da23da639432eb10123263412bcbded85,2026-04-04 16:27:20.131221+00:00,de,orf.at,orf.at,2026-04-04,Straße von Hormus: Trump pocht auf Ultimatum,https://orf.at/stories/3425951/
91bf979e2c3e18bf931133460098b1ebc4d98153c7ceb25c641c24a7e8ae54a0,2026-04-04 16:27:15.112005+00:00,de,orf.at,orf.at,2026-04-04,Meinl-Reisinger telefonierte mit Araktschi,https://orf.at/stories/3425930/
8827ff51a6a97dcdafe74fd421134f76db3720418e26adb6d63bd5d048d539cf,2026-04-04 16:27:10.303644+00:00,de,orf.at,orf.at,2026-04-04,Tote bei neuen russischen Angriffen,https://orf.at/stories/3425928/
7c0dc0037ee4f3ed42387cb8458b85d250493ab4cbb11178f15fce921e8f55d1,2026-04-04 15:33:52.717138+00:00,de,orf.at,orf.at,2026-04-04,Kunstinstallation im Dom schenkt Hoffnung,https://kaernten.orf.at/stories/3348734/
d6a78e9001effb1270c9ceb05be6f4faed4f6f22872e00578f04a94eb2177c93,2026-04-04 15:33:28.948438+00:00,de,orf.at,orf.at,2026-04-04,Urlaubstrends: Nahziele statt Fernreisen,https://kaernten.orf.at/stories/3348696/
71967044034601f7399d10088d5a00efb87fcfbf22b09c0e0657ddb2a90d2568,2026-04-04 15:33:18.890518+00:00,de,derstandard.at,derstandard.at,2026-04-01,"Wie bei James Bond: Mid-Century-Villa im Burgenland für 2,1 Millionen zu haben",https://www.derstandard.at/consent/tcf/story/3000000315038/wie-bei-james-bond-mid-century-villa-im-burgenland-fuer-21-millionen-zu-haben?ref=rss
bf0e5f69fcdebf7be80c68819d9b8b4e6f0361045e03cf9a16083ff0803a9d3a,2026-04-04 15:33:13.838727+00:00,de,derstandard.at,derstandard.at,2026-04-04,"19 Waffen bei Linzer Meinungsforscher beschlagnahmt: ""Bin kein Waffennarr""",https://www.derstandard.at/consent/tcf/story/3000000315439/19-waffen-bei-linzer-meinungsforscher-beschlagnahmt-bin-kein-waffennarr?ref=rss
6d91078a4ee3e405aa107f463860b9e40515fac564d1f7d412928a73e4ee2e5a,2026-04-04 15:33:08.827646+00:00,de,derstandard.at,derstandard.at,2026-04-03,Trotz OGH-Urteil: Julius Meinl V. lehnt Millionen-Rückzahlung ab,https://www.derstandard.at/consent/tcf/story/3000000315327/trotz-ogh-urteil-julius-meinl-v-lehnt-millionen-rueckzahlung-ab?ref=rss
ed018b8f88f905b54687bc774c6332015a14511577c595155915c97ad308cdcd,2026-04-04 15:33:05.251611+00:00,de,orf.at,orf.at,2026-04-04,Von der Bürgermeisterin zur Landesrätin,https://kaernten.orf.at/stories/3348702/
e6b814701be38e7714a1b7f354cded324cc3c2a40a4e0f905cc47422e0ab55b9,2026-04-04 15:32:59.426888+00:00,de,derstandard.at,derstandard.at,2026-03-31,"Wiener Hundstage: Wir haben ""Kommissar Rex"" wiedergesehen",https://www.derstandard.at/consent/tcf/story/3000000314822/wiener-hundstage-wir-haben-kommissar-rex-wiedergesehen?ref=rss
bb50a8a8a34c7acbf72a4723adaebe06df6dc0bdda453ec124f029572110737a,2026-04-04 15:32:57.208529+00:00,de,orf.at,orf.at,2026-04-04,Motorradunfall: 44-Jähriger schwer verletzt,https://kaernten.orf.at/stories/3348689/
a39343b50d518578593cd11ad74ffd1e28746db9802ccd670b4af2ca145703cf,2026-04-04 15:32:53.831142+00:00,de,derstandard.at,derstandard.at,2026-04-02,Amazfit Active Max: Preisknaller im Hyrox-Hype,https://www.derstandard.at/consent/tcf/story/3000000315185/amazfit-active-max-preisknaller-im-hyrox-hype?ref=rss
abb2c33002deaf7f8d5f55f4115f4331a1ccad3b3c11d295f0c8e4e151ea8145,2026-04-04 15:32:52.225749+00:00,de,orf.at,orf.at,2026-04-04,16-Jähriger stürzt mit Auto der Mutter in Bach,https://kaernten.orf.at/stories/3348692/
7fee2af3e3b73c0f3f3f7c8dfcbb9bd22d26c710490b46b33283f531a9854dd5,2026-04-04 15:32:48.909922+00:00,de,derstandard.at,derstandard.at,2026-04-04,ManCity deklassiert Liverpool dank Haaland-Dreierpacks 4:0,https://www.derstandard.at/consent/tcf/story/3000000315449/mancity-deklassiert-liverpool-dank-haaland-dreierpacks-40?ref=rss
568a07368964e8869ff8b1d72ad83e7a3f5792d8062465fbdc943c1a96f49c10,2026-04-04 15:32:45.038297+00:00,de,orf.at,orf.at,2026-04-04,Wintergetreide leidet unter Trockenheit,https://kaernten.orf.at/stories/3348650/
6114ff734c42561941b1d97b716847fc9de7c741bf6c5a145681ee0b3e05965c,2026-04-04 15:32:43.816678+00:00,de,derstandard.at,derstandard.at,2026-04-03,"Blau-Weiß kämpft beim GAK um den Ligaverbleib, WSG empfängt WAC",https://www.derstandard.at/consent/tcf/story/3000000315381/fu223ball-blau-wei223-k228mpft-beim-gak-um-ligaverbleib-wsg-empf228ngt-wac?ref=rss
dc835e0700d5c4d2940ccfbdfa245867e6f2c5313d9c0f182f38acad154d04cf,2026-04-04 15:32:38.863328+00:00,de,derstandard.at,derstandard.at,2026-04-04,Lufthansa-Vorständin warnt vor Versorgungsengpässen bei Kerosin,https://www.derstandard.at/consent/tcf/story/3000000315430/lufthansa-vorst228ndin-warnt-vor-versorgungsengp228ssen-bei-kerosin?ref=rss
174facfc24d1bd82ae9f2bedb4c993671b419ef3067ecfd3aa97d0c5546ec6a7,2026-04-04 15:32:25.845985+00:00,de,orf.at,orf.at,2026-04-04,Ostern: 18 Millionen Euro Umsatz erwartet,https://kaernten.orf.at/stories/3348730/
3de2804d5dbac115821c9428117ba14182b1f6e2298b07657bba6b9218243ba2,2026-04-04 15:32:24.224013+00:00,de,derstandard.at,derstandard.at,2026-04-04,Sprengstoffangriff auf proisraelische Organisation in den Niederlanden,https://www.derstandard.at/consent/tcf/story/3000000315429/explosion-an-israelzentrum-in-den-niederlanden-keine-verletzten?ref=rss
04dbfb5615a44eb8991acbb9100c7cd901f6fa520d2f84f09b794944b23301c8,2026-04-04 15:32:18.880522+00:00,de,derstandard.at,derstandard.at,2026-04-02,Ostern ohne Schmerz? Ein neues Buch entkräftet die Sühnelogik,https://www.derstandard.at/consent/tcf/story/3000000315238/ostern-ohne-schmerz-ein-neues-buch-entkraeftet-die-suehnelogik?ref=rss
ad3c02bc915843642444b55747689092a9aadfc3eb23e3493c2c344590f180f8,2026-04-04 15:32:18.614586+00:00,de,orf.at,orf.at,2026-04-04,Ostern: Kärntner geben rund 60 Euro aus,https://kaernten.orf.at/stories/3348618/
6ca7721d1ed2ea8219bab70ccdda7e9b7a1ecee8f8074f0a7b99b1a47d4f5b60,2026-04-04 15:32:13.870073+00:00,de,derstandard.at,derstandard.at,2026-04-04,Enges Play-off-Rennen in NBA: Toronto landet Pflichtsieg in Memphis,https://www.derstandard.at/consent/tcf/story/3000000315434/etoronto-landet-pflichtsieg-in-memphis?ref=rss
063a290ab648dbd68c1ab8b5e8e3f413ab72d6eed2fe0b9b4f54512bcf2565ab,2026-04-04 15:32:04.110619+00:00,de,derstandard.at,derstandard.at,2026-04-04,Ein Toter nach Lawinenabgang in den Schladminger Tauern,https://www.derstandard.at/consent/tcf/story/3000000315443/ein-toter-nach-lawinenabgang-in-den-schladminger-tauern?ref=rss
31d59802c61f840dbb35c902324bf79acf2757eda28052480f5a37fb2d588341,2026-04-04 15:31:58.863526+00:00,de,derstandard.at,derstandard.at,2026-04-01,"Sozialforscher Fazekas: ""Erdrutschsieg für Ungarns Opposition würde mich nicht überraschen""",https://www.derstandard.at/consent/tcf/story/3000000315096/sozialforscher-fazekas-erdrutschsieg-fuer-ungarns-opposition-wuerde-mich-nicht-ueberraschen?ref=rss
f085c9a0e89aad49e526e93166ae0dc615a18c8c08d3d18e28f1f212950468e2,2026-04-04 15:31:53.854376+00:00,de,derstandard.at,derstandard.at,2026-03-31,"Angstschweiß vor der Ehe: ""The Drama"" mit Zendaya und Robert Pattinson",https://www.derstandard.at/consent/tcf/story/3000000314874/angstschweiss-vor-der-ehe-the-drama-mit-zendaya-und-robert-pattinson?ref=rss
cff018e1650875d6476a8dcf8c7664e2feee50540275299fa593838879d9ac75,2026-04-04 15:31:48.981536+00:00,de,derstandard.at,derstandard.at,2026-03-30,"Hallo, was lesen Sie, Sophie Resch?",https://www.derstandard.at/consent/tcf/story/3000000314736/hallo-was-lesen-sie-sophie-resch?ref=rss
1ca00dbd333d5d738f7f5356171443a80ed94bfd4bec6410ef3c9e186c1065da,2026-04-04 15:31:38.895465+00:00,de,derstandard.at,derstandard.at,2026-04-02,Auch nach der Irankrise steht die Weltwirtschaft vor schwierigen Zeiten,https://www.derstandard.at/consent/tcf/story/3000000314876/auch-nach-der-irankrise-steht-die-weltwirtschaft-vor-schwierigen-zeiten?ref=rss
296b3111d13a72992395311520ef5978c20694872c03293c05dc40d739651730,2026-04-04 15:31:28.865597+00:00,de,derstandard.at,derstandard.at,2026-04-02,Trump erwägt laut Insidern wegen schlechter Umfragewerte Kabinettsumbildung,https://www.derstandard.at/consent/tcf/story/3000000315435/trump-ordnet-bezahlung-aller-heimatschutz-mitarbeiter-an?ref=rss
2bdf994ee3e33e0282dbd2a087d92dfde543e3b819b2e273813e12c3639c3d9e,2026-04-04 15:31:24.214124+00:00,de,derstandard.at,derstandard.at,2026-04-04,Gestrandeter Wal in Deutschland atmet noch,https://www.derstandard.at/consent/tcf/story/3000000315436/gestrandeter-wal-in-deutschland-atmet-noch?ref=rss
809b4aacc8a2db48cda195baf02ee32fcd02835a98454361d02f88e9c64adc65,2026-04-04 15:31:19.148075+00:00,de,derstandard.at,derstandard.at,2026-04-04,Kroatiens Skiverband von Korruptionsskandal erschüttert,https://www.derstandard.at/consent/tcf/story/3000000315440/kroatiens-skiverband-von-korruptionsskandal-erschuettert?ref=rss
97c2602762c882080f428203963457fab07bba0ec7171ca6c259fc6c6f652097,2026-04-04 15:31:14.209570+00:00,de,derstandard.at,derstandard.at,2026-04-04,Mindestens ein Toter und 47 Verletzte vor Fußball-Derby in Peru,https://www.derstandard.at/consent/tcf/story/3000000315432/mindestens-ein-toter-und-47-verletzte-vor-fu223ball-derby-in-peru?ref=rss
47ac7a4fc38d2739ee4e464c10639bac034aa2485b014a843dc667dc74e9eba2,2026-04-04 15:31:08.819674+00:00,de,derstandard.at,derstandard.at,2026-04-02,Haben Sie die Radsaison schon eröffnet?,https://www.derstandard.at/consent/tcf/story/3000000315227/haben-sie-die-radsaison-schon-eroeffnet?ref=rss
b16ac1953db800dcc8ea2a3c501519e4dd66ada867a4f31a0d08dc2cba5d09f2,2026-04-04 15:31:03.854604+00:00,de,derstandard.at,derstandard.at,2026-04-03,"Ex-Mitarbeiterin klagt ÖIF: Ein Prozess um das russische Wort ""Hure""",https://www.derstandard.at/consent/tcf/story/3000000315325/ex-mitarbeiterin-klagt-oeif-ein-prozess-um-das-russische-wort-hure?ref=rss
fe09000e438fdd356334376c6072eda253b0f2f909aeb8a052dac19bd0b06e12,2026-04-04 15:30:58.837607+00:00,de,derstandard.at,derstandard.at,2026-04-04,Laut Behörden 14 Todesopfer nach russischer Angriffswelle auf Ukraine,https://www.derstandard.at/consent/tcf/jetzt/livebericht/3000000315417/laut-behoerden-14-todesopfer-nach-russischer-angriffswelle-auf-ukraine?ref=rss
5ba03d6871464daa927336188b83582b2553d7aca4a2837a228dfc7570ebb5e9,2026-04-04 15:30:53.832064+00:00,de,derstandard.at,derstandard.at,2026-04-02,Wer verteilt die Chancen im Sport? Es sind überwiegend Männer,https://www.derstandard.at/consent/tcf/story/3000000315142/wer-verteilt-die-chancen-im-sport-es-sind-ueberwiegend-maenner?ref=rss
5dcb7e4b539453d3c4d272a0334bb2b6472c09c4a00a5050b1c218cb15cad6dd,2026-04-04 15:30:48.837002+00:00,de,derstandard.at,derstandard.at,2026-04-04,"""Ihr seht wunderschön aus"": Astronauten der Artemis 2 schicken Fotos von Erde",https://www.derstandard.at/consent/tcf/story/3000000315431/ihr-seht-wunderschoen-aus-astronauten-der-artemis-2-schicken-fotos-von-erde?ref=rss
05b45f443fc8a219c8b1cf582c3c3ba77918cb7abebd59dfed3a21e72e1a3a65,2026-04-04 15:30:38.885426+00:00,de,derstandard.at,derstandard.at,2026-04-04,Tier tötete Helfer bei Vorbereitungen für Stierkampf zu Ehren Picassos,https://www.derstandard.at/consent/tcf/story/3000000315448/helfer-bei-vorbereitungen-f252r-stierkampf-zu-ehren-von-picasso-get246tet?ref=rss
dc0b4e969a0fab61965e5e766f9dda1303200d9b924e96bf51d55e7ece5e00d2,2026-04-04 15:30:28.814756+00:00,de,derstandard.at,derstandard.at,2026-04-04,Olympiasieger Bontus überzeugt bei Comeback-Regatta als Dritter,https://www.derstandard.at/consent/tcf/story/3000000315453/olympiasieger-bontus-ueberzeugt-bei-comeback-regatta-als-dritter?ref=rss
1210fd87d2699e8ff3976ab0919b0637b05f9181391ade480461b233790ba8d3,2026-04-04 15:30:23.865338+00:00,de,derstandard.at,derstandard.at,2026-04-04,Austria und Salzburg im Finale des ÖFB-Frauen-Cups,https://www.derstandard.at/consent/tcf/story/3000000315451/austria-und-salzburg-im-finale-des-oefb-frauen-cups?ref=rss
aa9548d101e3cc8a5cacc0dcc456e154fb445c2b427b06d45f92326ecd6da13b,2026-04-04 15:30:18.840993+00:00,de,derstandard.at,derstandard.at,2026-04-03,Torrejas – südamerikanischer French Toast,https://www.derstandard.at/consent/tcf/story/3000000315338/torrejas-suedamerikanischer-french-toast?ref=rss
a54b1566a8001c9d4c2c92bc9531c9208511b72503f682b7cc3fe301d6d134fd,2026-04-04 15:30:13.803926+00:00,de,derstandard.at,derstandard.at,2026-04-04,Marterbauer drängt Brüssel zu Übergewinnsteuer auf Sprit,https://www.derstandard.at/consent/tcf/story/3000000315438/spritpreis-gestiegen-diesel-bei-2209-euro-benzin-bei-1788-euro?ref=rss
41d7f6417f654c57af52b2cd57779800854141db70cbf530025f2c13cb1a4f85,2026-04-04 15:30:03.925991+00:00,de,derstandard.at,derstandard.at,2026-04-04,"Freiwillige ""Chatkontrolle"" in der EU läuft aus",https://www.derstandard.at/consent/tcf/story/3000000315433/freiwillige-chatkontrolle-in-der-eu-l228uft-aus?ref=rss
654a6e3daf1304a42924ed49e843bb7eb2ac594fca3c0882826ecc1f4879969d,2026-04-04 15:29:59.139224+00:00,de,derstandard.at,derstandard.at,2026-04-01,"Drei Tastaturen im Vergleich: Wann es richtig ""klick"" macht",https://www.derstandard.at/consent/tcf/story/3000000314704/drei-tastaturen-im-vergleich-wann-es-richtig-klick-macht?ref=rss
8301a78aceabe95ad7b9c3e1dda50377d2e32a918abbf7259696ed05ca9012c9,2026-04-04 14:33:46.989036+00:00,de,krone.at,krone.at,2026-04-04,Ein Witz! Wir sind in Lustig-Studie nur Mittelmaß,https://www.krone.at/3985562
6895e63fd9082ffa1767ad8001bfe810364ad22aeb587def6058e3e5a869c87d,2026-04-04 14:33:34.486410+00:00,de,krone.at,krone.at,2026-04-04,Preise für Lebensmittel steigen derzeit weltweit,https://www.krone.at/4098139
574eb122817e0bf599ef37692f831f76d0bb6c11a351bbe0a7da1af33548cdcb,2026-04-04 14:33:28.816804+00:00,de,krone.at,krone.at,2026-04-04,Evakuierungen aus Flugzeugen dauern zu lange,https://www.krone.at/4098188
5178dadab646650083afbb4c012a303fbb5f81045d4dab912aa71c8e8a6172fd,2026-04-04 14:33:19.449018+00:00,de,krone.at,krone.at,2026-04-04,166.689 Delikte: Strafzettel-Flut in Gmunden,https://www.krone.at/4097640
e695fc67dfd6ce7f3dc5b4de7630f54cce553a6dae095c334c732b3bfdb14037,2026-04-04 14:33:14.465618+00:00,de,krone.at,krone.at,2026-04-04,Moped-Auto prallte frontal gegen Baum in Baden,https://www.krone.at/4098184
1d9173a46026c172ef4fadee4820c21fa7b5fbf49aec5d809063da63eba1e105,2026-04-04 14:33:09.644593+00:00,de,krone.at,krone.at,2026-04-04,Musikalischer Dreierpack zum Osterfest,https://www.krone.at/4097500
d1a52f22a34ea5b51629aad91372f9a0d492ec246a0a7bbe7a47bdfeee056bbf,2026-04-04 14:33:03.680499+00:00,de,krone.at,krone.at,2026-04-04,Enormer Rauch: Filteranlage in Tischlerei brannte,https://www.krone.at/4098195
8941cc6b6c34f16924131494cadff68398e71bfc0ca511c0eb7c0621e5bd2989,2026-04-04 14:32:55.220853+00:00,de,krone.at,krone.at,2026-04-04,Von Lieferant belästigt: „Lebe jetzt in Angst“,https://www.krone.at/4098141
0ae1fdefaef4e2f071aa5087012a6009293ac97010affabc1a19e7557a988397,2026-04-04 14:32:50.270563+00:00,de,krone.at,krone.at,2026-04-04,42-Jähriger nach Schlägerei festgenommen,https://www.krone.at/4098038
50bfd6d3e4718375b618a26bd77386dd9a2df049b44512158e7f6f830410e636,2026-04-04 14:32:45.094454+00:00,de,krone.at,krone.at,2026-04-04,Legendenabend: Song-Contest-Flair beim Nockisfest,https://www.krone.at/4097985
63403c34348722390b76dda0853c04511c42bb5beb1ba4e9c8544353bc9304bb,2026-04-04 14:32:31.259659+00:00,de,krone.at,krone.at,2026-04-04,Das „Handball-Dorf“ brennt auf die Party-Sensation,https://www.krone.at/4098267
91a7af0008811d5e68fcc2f18cd60ab7a0180dbd206ac6cd59b6f906d74c3af5,2026-04-04 14:32:26.647350+00:00,de,krone.at,krone.at,2026-04-04,Touristen blieben mit Mietauto im Schnee stecken,https://www.krone.at/4098208
233a7a6765b7eb88f12d5f65f6e825969c0fc46c7364a3619eb718efaab7eacd,2026-04-04 14:31:56.530071+00:00,de,krone.at,krone.at,2026-04-04,Freund totgewürgt: Verdächtiger steht vor U-Haft,https://www.krone.at/4098133
ae7f9203a6f3fa8db98a3baad19d5fb86f4a5f847377be09c4e79aa1d579c748,2026-04-04 14:31:21.103636+00:00,de,krone.at,krone.at,2026-04-04,Chaos-Lenker als gesuchter Einbrecher entlarvt,https://www.krone.at/4098200
dce7c2930e539e53964b87cb683f431127eba27a3545d5ecb20963dd6eeb0af8,2026-04-04 14:18:54.564432+00:00,de,orf.at,orf.at,2026-04-04,Fahrzeuge standen auf Firmenareal in Vollbrand,https://noe.orf.at/stories/3348720/
4b051f1d3431cb42b84ad85b88bfc7f874699a4c116526d2327a36becedb0740,2026-04-04 14:18:47.968303+00:00,de,orf.at,orf.at,2026-04-04,Neues Projekt soll Pollenbelastung verringern,https://noe.orf.at/stories/3347208/
e7fa76f70ca6bc505eaca65b4c681799a2c554ea7749e46b6abeff1aa8b4f2a1,2026-04-04 14:18:29.958868+00:00,de,orf.at,orf.at,2026-04-04,Kunstfestival rückt Natur in den Fokus,https://noe.orf.at/stories/3348687/
c58d8f10cdbfff97782b9e40d00de9ef827089b2d9626e16f62d6390a04e1b22,2026-04-04 14:18:24.609364+00:00,de,orf.at,orf.at,2026-04-04,Was bei Osterfeuern zu beachten ist,https://noe.orf.at/stories/3348462/
2fed412ceb15e0f71a298c39c1d070014298033506bca13702c25f6f9ee88908,2026-04-04 14:17:51.470300+00:00,de,orf.at,orf.at,2026-04-04,Vogelgrippe: Ab heute keine Stallpflicht mehr,https://noe.orf.at/stories/3348593/
ff70198c124c2c95dac0f5c3fe310c51e6eeb727def624ad2c9e13bbb43167eb,2026-04-04 14:17:36.109609+00:00,de,orf.at,orf.at,2026-04-04,Mitten in der Nacht: Großbrand fordert Feuerwehren,https://noe.orf.at/stories/3348695/
0912527efe071e06c477bc900cc66ee1d6d1673cfd8a0f2ecb496ef0a223dea5,2026-04-04 14:17:27.827047+00:00,de,orf.at,orf.at,2026-04-04,Acht Gräber gewaltsam aufgebrochen,https://noe.orf.at/stories/3348691/
387e3733d65749d8bac3adf7bc3a4c3fb87766e85f17ecb0480efc5dc59dcafc,2026-04-04 13:28:05.942255+00:00,de,orf.at,orf.at,2026-04-04,Osterfeuerwache lebendige Tradition,https://burgenland.orf.at/stories/3348711/
e3e404a2566284457155f730cbf82f26a9b140f77fe5a354359339b42126b59f,2026-04-04 13:28:00.990369+00:00,de,orf.at,orf.at,2026-04-04,Nemeth meldet sich bei St. Pauli zurück,https://burgenland.orf.at/stories/3348744/
461b96f3bba29852c178157331d9ba9461efb4207fefcf69e5534b51725d7f5b,2026-04-04 13:27:46.352591+00:00,de,orf.at,orf.at,2026-04-03,Osterfeuer brannte vorzeitig ab,https://burgenland.orf.at/stories/3348646/
f6bb624eefca50589534cc9fa76f710bb0dd994c4a4774210a9642da6d93d39e,2026-04-04 13:27:38.969133+00:00,de,orf.at,orf.at,2026-04-04,Mann randalierte und bedrohte Ex-Freundin,https://wien.orf.at/stories/3348738/
f930dae1b5a18ce294719c65516e09322af3dfc5b1c3509aa54937db2b73c2b6,2026-04-04 13:27:26.519608+00:00,de,orf.at,orf.at,2026-04-04,Auto krachte gegen Haustor,https://burgenland.orf.at/stories/3348700/
16fedb1826751b8e97bd65dbb05233a1f97763e9549a629d6c7c9344e6e526ae,2026-04-04 13:27:08.458713+00:00,de,orf.at,orf.at,2026-04-04,AK: 122.624 Euro für Konsumenten erstritten,https://burgenland.orf.at/stories/3348445/
52f684cc3569baaaf78a6338b64ef42f0a51dae26fc4fe5015328de2dd0a8d82,2026-04-04 13:26:59.863390+00:00,de,orf.at,orf.at,2026-04-04,Ratschenkinder als Retter,https://burgenland.orf.at/stories/3348716/
bc8bf4c1c5931aefc02d044362ac335c4e0b7415d0fc26ec1c39201deab55c66,2026-04-04 13:26:47.372928+00:00,de,orf.at,orf.at,2026-04-03,Tempolimit überrascht Lenker,https://burgenland.orf.at/stories/3348656/
fc36f4800ce8137f7ddd1c5d8525b745496c973e768a63e9a627337197c4ba2c,2026-04-04 13:26:34.417340+00:00,de,orf.at,orf.at,2026-04-04,Pflegeheim weist anonyme Vorwürfe zurück,https://burgenland.orf.at/stories/3348662/
f0377eeea2a467fe696153099188a1d461179af5061c42d6065dd0234b9ec712,2026-04-04 13:26:34.079428+00:00,de,orf.at,orf.at,2026-04-04,Ausmisten und Recyceln zum Frühjahrsputz,https://wien.orf.at/stories/3348461/
2ffc3e88d49baa929297abff2d01d9f9c28dcfe323823ccd233c2d28d8d67c1f,2026-04-04 13:26:06.021852+00:00,de,orf.at,orf.at,2026-04-04,Grüngürtel rund um Wien soll wachsen,https://wien.orf.at/stories/3348675/
4833c4a554b10447198391020a6f4f2e1473abd35fbc7d0553fca2521ecae00c,2026-04-04 13:25:59.173945+00:00,de,orf.at,orf.at,2026-04-03,Jonischkeit: „Müssen in die Öffentlichkeit“,https://burgenland.orf.at/stories/3348676/
cbb5743f438317c4e19eae5dc3432b91ff2d524657bebd2a0f81729d4f7eaf93,2026-04-04 12:40:49.900462+00:00,de,krone.at,krone.at,2026-04-04,Als Muster mit Fußballstar verwechselt wurde,https://www.krone.at/4097398
82c9f4722f819b4736f63124eeb915025b7fe4f0b08a55504a949323ee6c642e,2026-04-04 12:40:44.689677+00:00,de,krone.at,krone.at,2026-04-04,Pikante Texte und ein Leben auf der Achterbahn,https://www.krone.at/4097389
4ed2208278f33e3d24d89402b723debb7e08037a53eddc00d178b8e214defb27,2026-04-04 12:40:39.841076+00:00,de,krone.at,krone.at,2026-04-04,„Irgendwann bricht im Sport jede Serie“,https://www.krone.at/4095737
9b798c633502a5dd1f221fe3760e3e8dca283dad5171216f29a51b40baf267ba,2026-04-04 12:40:34.887737+00:00,de,krone.at,krone.at,2026-04-04,Alkolenker fiel Polizisten beinahe in die Arme,https://www.krone.at/4097957
6ee40b40c1effc0e9af92272615a469e263212f53330a33869dbe6e7e9011824,2026-04-04 12:40:29.932579+00:00,de,krone.at,krone.at,2026-04-03,Eine Pipeline als Lösung,https://www.krone.at/4097382
18a49bde4b06944bbec4d9e93725972be2d635b8b88f343509d3cdb23e597ee9,2026-04-04 12:40:25.829861+00:00,de,krone.at,krone.at,2026-04-04,"Zu Ostern: Opferstock geplündert, Dieb geschnappt!",https://www.krone.at/4098026
8d58b681744a53acc704821ff625c99d8fcffc257f154b91c8107bba49a587ac,2026-04-04 12:40:19.335335+00:00,de,krone.at,krone.at,2026-04-04,Anwärter auf Ballon d‘Or im Heimatland „unbekannt“,https://www.krone.at/4098073
c37e0d264ccd5f6fd7568164358fb595221a59f96bbdc4a4376f9cf40681f201,2026-04-04 12:40:15.156828+00:00,de,krone.at,krone.at,2026-04-04,Ein faules Ei namens „Intransparenz“,https://www.krone.at/4097163
4bd59d9ef87ccf97de141f36fb0c0cd49dfcc4b4ad5b1f3dbb07c432fa20af02,2026-04-04 12:40:10.759245+00:00,en,krone.at,krone.at,2026-04-03,Murder alert in Vienna: Decomposed body discovered,https://www.krone.at/4097762
33e17137e0c553f6b2cdd07e468bdb5b6ec06822ea23cc06710f3b8a09fd9629,2026-04-04 12:40:04.798077+00:00,de,krone.at,krone.at,2026-04-04,Falscher Ziviltechniker narrte Firma jahrelang,https://www.krone.at/4097970
0ede0a31e6f58520d8d719a8f3f508b4c5fd08132a6139edb6ebb5a4b4bd8989,2026-04-04 12:40:00.092211+00:00,de,krone.at,krone.at,2026-04-04,Osteoporose: Schmerzen kommen oft erst nach Bruch,https://www.krone.at/4089832
dffea43a0c41f05870739c06fac376b67b563651fc744b3984e21c24ff8b006f,2026-04-04 12:39:55.104007+00:00,en,krone.at,krone.at,2026-04-04,No coincidence! That’s why Easter is so warm this year,https://www.krone.at/4098010
fcb3f273749824e4b7470f9e563c3eafa1abe26fa50cbb1d8e0e4732b5d99aab,2026-04-04 12:39:50.061238+00:00,de,krone.at,krone.at,2026-04-04,Bald Teamchef bei WM? Das sagt Joachim Löw selbst,https://www.krone.at/4097922
ad4e13a234c719014615b7ca378a323396d35142cfc3fc1ec5192668283ad79b,2026-04-04 12:39:45.088627+00:00,de,krone.at,krone.at,2026-04-03,Was Gebührenzahler stört,https://www.krone.at/4097788
87782a309c02815ddcf03606daca0730ab5abd0fcb77b9d926154698e49db13e,2026-04-04 12:39:40.993910+00:00,de,krone.at,krone.at,2026-04-04,Suchen Sie noch Osternester mit der Familie?,https://www.krone.at/4098053
1aca42e1b387796e0accff8b595a40ea0db0cceaf05150e7b542902d58ab2a55,2026-04-04 12:39:34.978643+00:00,en,krone.at,krone.at,2026-04-03,Green Party Leader Calls for 100 New Wind Turbines Per Year,https://www.krone.at/4097812
fc6a8b57929d8dfa44a754e2be2253c4a1ba3fb0c0161b5962ce5a3dc1bb9520,2026-04-04 12:39:29.722288+00:00,de,krone.at,krone.at,2026-04-04,„Hart arbeiten fürs WM-Ticket – das werde ich tun“,https://www.krone.at/4097678
198529c7db6f1b4a3e3a717fbaec6d5b7a03024b541e5bca089fa5082ebe5baa,2026-04-04 12:39:24.566508+00:00,de,krone.at,krone.at,2026-04-04,Kommissar Rex vor Mega-Comeback & Kultfilme,https://www.krone.at/4097415
2adb9015ef12e71904909432dc2e002e187a123d1ac29c32acc2442af2a9fbc7,2026-04-04 12:39:19.704513+00:00,de,krone.at,krone.at,2026-04-04,Verfrühte Osterjause soll dem GAK Kräfte verleihen,https://www.krone.at/4097626
63490c99db2a8fc399d10c622411b76ed0dff7ea82c62649cb387ae8eab4ebe6,2026-04-04 12:39:14.710559+00:00,de,krone.at,krone.at,2026-04-04,Stuttgart gegen Dortmund ab 18.30 Uhr LIVE,https://www.krone.at/4097317
774a169bd47e8d6e9c9253fd75cc495cc2ecabad8044c3c10f6b2c6b83b2d87b,2026-04-04 12:39:09.175155+00:00,de,krone.at,krone.at,2026-04-04,Gebäudebrand: Hund und Hühner starben in Flammen,https://www.krone.at/4098085
064679aaaf947f0c90062527bb65595969d1133e86775290fc6f2e77554159a2,2026-04-04 12:39:05.031559+00:00,de,krone.at,krone.at,2026-04-04,LIVE ab 17 Uhr: GAK gegen Blau-Weiß Linz,https://www.krone.at/4097084
a9db92c52d5130d3fb56d94808d915028bd5ab67d2173617a9fdb379582e9438,2026-04-04 12:39:00.076287+00:00,de,krone.at,krone.at,2026-04-04,Geboren mit 372 Gramm: Hoffnung für Baby Selina,https://www.krone.at/4094782
4d4dea90ba15bf58567a258faeb2a55e09943528724f474f594734c30b8b87d6,2026-04-04 12:29:40.978401+00:00,de,krone.at,krone.at,2026-04-04,Wichtiger Sieg für Pöltl im Rennen um Play-offs,https://www.krone.at/4097947
2637ed55105b905b08eab1854266e6844979a68647fbd1285fa37a1bd71bb019,2026-04-04 12:29:35.453754+00:00,de,krone.at,krone.at,2026-04-04,Ex-Weltranglistenzweite schlägt in Linz auf,https://www.krone.at/4098103
5f9dbbf8dede7235e098f9b1c662dc67850473c8c4bf7b5c4dbdbc6611ed3e83,2026-04-04 12:29:31.026016+00:00,de,krone.at,krone.at,2026-04-04,Mel B: „Haben alle irgendwann darüber nachgedacht“,https://www.krone.at/4097999
f85d64f1edc98c734a01465da1b7837a018c48b3d8fadc2b4d24c8dbd9da778d,2026-04-04 12:29:25.913075+00:00,de,krone.at,krone.at,2026-04-04,„Ein paar Ausflüge links und rechts taugen mir“,https://www.krone.at/4097113
5c3efc9c61ac647eee74d8ceac32941577a3e319273e86f573cb14be5e88cebd,2026-04-04 12:29:20.849776+00:00,de,krone.at,krone.at,2026-04-04,Wenn der Kopf Alarm schlägt: Was Betroffenen hilft,https://www.krone.at/4096322
174c801d3bf0ef8785e3de7d9848b47048ea44f0ec0cda2fef8a6b7fa9b6d953,2026-04-04 12:29:15.853677+00:00,de,krone.at,krone.at,2026-04-04,Mehrere Wochen Pause für Lakers-Star Luka Doncic,https://www.krone.at/4098054
6e4c707e01b15a560d07457d29b83ec065e0c786a25fde65fe0459271669eb76,2026-04-04 12:29:11.036663+00:00,de,krone.at,krone.at,2026-04-04,Gegen diese 99ers ist kein Kraut gewachsen!,https://www.krone.at/4097686
574ffec77b8f66332ee2bc25d62328caa2d06a9fcdd653f45235f64492b46ba0,2026-04-04 12:29:05.950225+00:00,de,krone.at,krone.at,2026-04-04,„Krone“-Fastenbilanz: Sieben Lehren für das Leben,https://www.krone.at/4097585
35a672a86a10b564e56775f8d6f3d055d57822307c072115ed06a6998623a092,2026-04-04 12:29:01.223425+00:00,de,krone.at,krone.at,2026-04-04,Reporter rausgeschmissen: Max Verstappen packt aus,https://www.krone.at/4097969
b78d7475352a1ed47d20d9a8993ef7cd093887818e68ef2d039be2d94b541b88,2026-04-04 12:28:55.974490+00:00,en,krone.at,krone.at,2026-04-04,Police raided pollster’s property,https://www.krone.at/4097926
4bc03ed40540e01d9b1433df7155f9474a4bb5ac6c52097c5e447ab56891ed87,2026-04-04 12:28:50.891027+00:00,de,krone.at,krone.at,2026-04-04,Online-Dating wurde für Frau in Wien zum Albtraum,https://www.krone.at/4098112
539eae981097486a267ada8b63e4ce09405db023cef7a21cbb29368c81fa6447,2026-04-04 12:28:46.054095+00:00,de,krone.at,krone.at,2026-04-04,Alkolenker prallte mit Transporter in Felsböschung,https://www.krone.at/4097929
5aeb257a9757a60ef30913c2d204054368a7c117cae53c0a8d91ea3fcc090ed1,2026-04-04 12:28:41.552762+00:00,en,krone.at,krone.at,2026-04-03,Gas price cap fizzles out after just 24 hours,https://www.krone.at/4097725
439c95b814cef1bf61c00995bf8643331d02d08e15d41a6423c49d9e106d682a,2026-04-04 12:28:36.081369+00:00,de,krone.at,krone.at,2026-04-04,LIVE ab 21 Uhr: Atletico im Super-Hit gegen Barca,https://www.krone.at/4097262
ff1bd2c22147c0e964df1d00c368c7b980b92baf52deda272a4d12779543815c,2026-04-04 12:28:30.974991+00:00,de,krone.at,krone.at,2026-04-04,Der wohl strengste Dresscode der Welt,https://www.krone.at/4097602
99c11fafc7d1ff1d53051370d7c26a80412f6429e0a822535527d3ce2258c44f,2026-04-04 12:28:25.912166+00:00,de,krone.at,krone.at,2026-04-04,Noch ein letztes Mal dieses Stadion-Gefühl erleben,https://www.krone.at/4097614
035b67a39029344db01646e6c592bb7c1831ed837a89efd147092581e22a9d66,2026-04-04 12:28:20.993653+00:00,de,krone.at,krone.at,2026-04-04,Ex-Real-Star im Spital – was bedeutet das für WM?,https://www.krone.at/4097949
90c8ca59ccd4e9eecf29c7de002c4d62279618ccac13af4be701839e7ac590b9,2026-04-04 12:28:16.176752+00:00,de,krone.at,krone.at,2026-04-04,Tiere auf der Suche nach einem Zuhause,https://www.krone.at/4089827
bd09d2c216d0c37dae747972ec1760d1f259511bf35885786e24e721c041651b,2026-04-04 12:28:11.618693+00:00,en,krone.at,krone.at,2026-04-03,LIVE: Altach capitalizes on Ried’s slip-up,https://www.krone.at/4097849
7e801ec3e828bf27eb5722f6db9828424a500da1cc8dab7a47b73dbbb93a37a5,2026-04-04 12:28:05.886226+00:00,de,krone.at,krone.at,2026-04-04,Mallorca gegen Real Madrid ab 16.15 Uhr LIVE,https://www.krone.at/4097318
35423697af44266332f621f032f9eb21f9307ef9e439ffe5e97c404fa752be4c,2026-04-04 12:28:00.877022+00:00,de,krone.at,krone.at,2026-04-03,Salzburg tüftelt an Digitalfunk für Blackout-Fall,https://www.krone.at/4097792
cde9c054e9302ae71b2e2e362915b18d2c4668da79e47f1d709bda28082165f5,2026-04-04 12:27:56.209956+00:00,en,krone.at,krone.at,2026-04-04,Gas Prices: Marterbauer Calls for Excess Profit Tax,https://www.krone.at/4098098
7e09ad98169cf011714ff820cc899ad663e0dfdebe881e8eddb11a60bd444be9,2026-04-04 12:27:51.331660+00:00,de,krone.at,krone.at,2026-04-04,Beim Radeln im Wald auf den Naturverstand achten,https://www.krone.at/4097432
4a9db7c231fd47db1a1cf4a74f92fa421f1f2996e5da8383f75cd145d8713ad0,2026-04-04 12:27:46.544693+00:00,de,krone.at,krone.at,2026-04-04,Bürgermeister: „Stelle mir das genau so vor“,https://www.krone.at/4097586
ec563d588e3109dfe1b6bb0cc4664e4de58bc75991fe68070ee75fef752eb545,2026-04-04 12:27:40.827760+00:00,de,krone.at,krone.at,2026-04-04,„Das würde eine neue Begeisterung entfachen“,https://www.krone.at/4097959
7d4f658587cadab456cbadc2b774f96ee1bb37fda4133fd35de21c9dc2e7a8ab,2026-04-04 12:27:39.963740+00:00,de,orf.at,orf.at,2026-04-04,Tiere bei Heizraumbrand verendet,https://steiermark.orf.at/stories/3348713/
ddf408690df7dfca12c85240c2dda3c07c7cb504b824972a05112dddae194f1c,2026-04-04 12:27:35.874737+00:00,en,krone.at,krone.at,2026-04-04,Missing vacationer found dead in Obertauern,https://www.krone.at/4098120
e2aabf155db01767d1aa4671c1cfed5eb94f7a942ce5847c7eb11946063f8521,2026-04-04 12:27:30.995730+00:00,de,krone.at,krone.at,2026-04-04,Zwei Ländle-Kicker hinterließen Eindruck in Wels,https://www.krone.at/4097722
54f9d6e2c917e0e94549bc17260280af1b7803eb95d21684b06bd420126c990e,2026-04-04 12:27:25.955792+00:00,de,krone.at,krone.at,2026-04-04,LIVE: Elfertor! ManCity führt gegen FC Liverpool,https://www.krone.at/4096372
90a961643925b3f84a13a3915b2097f785622a8280d80db354777c10d4472be4,2026-04-04 12:27:21.025551+00:00,de,krone.at,krone.at,2026-04-04,Konferenz mit Bayern und Hoffenheim ab 15.30 LIVE,https://www.krone.at/4097316
7f08fad0eb1c31aea0e16cd3b2eca52869dacba8603954c06811377d7811443f,2026-04-04 12:27:15.861714+00:00,de,krone.at,krone.at,2026-04-04,Bub geschlagen? Freispruch für Stadtpolitiker,https://www.krone.at/4097555
2ecd0b2c521a17f00d180afd677b3dc0a3fb7966619aebf74b6d58481534df0b,2026-04-04 12:27:14.462957+00:00,de,orf.at,orf.at,2026-04-04,Vereine werden immer jünger,https://steiermark.orf.at/stories/3348654/
c4868cd257829ef78dbd5c53be6bf9b2473dc3e78d24efcf9d11900150907920,2026-04-04 12:27:10.919824+00:00,de,krone.at,krone.at,2026-04-04,Hochzeit wird Albtraum: Geniale Grusel-Achterbahn,https://www.krone.at/4097454
765a9df69783b7258e1c497ce1e008f2918a9231820054700398f44cf4447e3b,2026-04-04 12:27:06.144385+00:00,de,krone.at,krone.at,2026-04-04,Junge Tastenvirtuosen und „Knopf“-Artisten,https://www.krone.at/4097025
c6d192c348e196a5a23959c2a50c1de7c44ff0b7fb7387952a4a72e3a64eda1b,2026-04-04 12:27:01.161720+00:00,de,krone.at,krone.at,2026-04-04,Eisbullen suchen die Trainer-Nadel im Heuhaufen,https://www.krone.at/4097800
66c4453834498792c2bf934ab4e73d65628358c278484ab71141b53b3f8d0df5,2026-04-04 12:26:55.994038+00:00,de,krone.at,krone.at,2026-04-04,Böse Verletzung! Saison für DFB-Teamspieler vorbei,https://www.krone.at/4097921
e9c36c83cbc7dc5cfb6c4879fe75a05c31d9f1ad000b44bc558e83d6a70736aa,2026-04-04 12:26:51.610683+00:00,de,krone.at,krone.at,2026-04-04,Pocher vor Auswanderung? Jetzt spricht er Klartext,https://www.krone.at/4098074
ca1739fe4eb0b1603d1e5cd1a76c3c4ce2491fdc69869f8ab54c05160e51cb7a,2026-04-04 12:26:46.331491+00:00,de,krone.at,krone.at,2026-04-04,Southampton gegen den FC Arsenal – ab 21 Uhr LIVE,https://www.krone.at/4096417
7291806ae24a6a47b647d6b4be43379cf13191e3c1a7041d444cbf7c9d42c73f,2026-04-04 12:26:40.869176+00:00,de,krone.at,krone.at,2026-04-04,Ex-Boss soll Skiverband um 30 Mio. betrogen haben,https://www.krone.at/4098043
52f8e814fe48e4c44726a847b360c5e09889287be5d9a11605150e113e7de064,2026-04-04 12:26:35.959657+00:00,de,krone.at,krone.at,2026-04-04,Skifahrerin prallte mit Gesicht gegen Stahlseil,https://www.krone.at/4097939
f88793dbdbd71d42c02021bc93230f0295ded216fdc4d8bb53e4e741f5369cff,2026-04-04 12:26:30.830633+00:00,de,krone.at,krone.at,2026-04-04,Ostern in einer zunehmend islamischen Gesellschaft,https://www.krone.at/4097279
ec16dda503ca8b6b8e78d39ab35b1051fb71ff400b087f83ed628778e3f65b09,2026-04-04 12:26:26.251504+00:00,de,krone.at,krone.at,2026-04-04,Spritztour endet für jungen Lenker (16) in Bach,https://www.krone.at/4097923
b712bf89801c71da21b8d2962e04e3c6f145fcbcca130513a778592327c9df28,2026-04-04 12:26:21.112608+00:00,de,krone.at,krone.at,2026-04-04,Elite-Truppen mit Pferdeschwanz,https://www.krone.at/4097776
bd46ffcbbbc1e62c4f2c0129816bff3b2f765547c1a91f65ad5de51d42497b5c,2026-04-04 12:26:15.593388+00:00,de,krone.at,krone.at,2026-04-04,Hallstatt als Magnet für Renter und Auswanderer,https://www.krone.at/4097638
03fcf294905f78c3986b28ef95949aa5ee60f73ab098d871256fe2b17b8a3267,2026-04-04 12:26:11.296208+00:00,de,krone.at,krone.at,2026-04-04,Mindestens ein Toter und 47 Verletzte vor Derby,https://www.krone.at/4097931
bea9ce51dc6cc8d275c02e2126acc1c6d785453502ea3ed16787e9f29d5dad2f,2026-04-04 12:26:05.971435+00:00,de,krone.at,krone.at,2026-04-04,So viele Autos aus China werden in Europa verkauft,https://www.krone.at/4097552
55996bf91f4021a3138e24ca2d4b0930a1470b201479d3d75d3ebeccca9848c0,2026-04-04 12:26:02.519917+00:00,de,orf.at,orf.at,2026-04-04,Zwei Kinder bei Auffahrunfall verletzt,https://steiermark.orf.at/stories/3348710/
7227b43f393096a44614072f979477dae697cfeb8f03801daa74b36161566a03,2026-04-04 12:26:01.023666+00:00,de,krone.at,krone.at,2026-04-04,Bewegung statt Stillstand – der Körper dankt es,https://www.krone.at/4097369
9503e854a55c58ef196149743abc87a458bcb533202af2093c8236d9ed5581fa,2026-04-04 12:25:57.502872+00:00,de,orf.at,orf.at,2026-04-04,Kinder lösten Waldbrand mit Feuerzeug aus,https://steiermark.orf.at/stories/3348714/
4d596791eb433a037bdfe8db5fbebf9c6c550ac1c6f91010d59e58d332fa7c6d,2026-04-04 12:25:55.919804+00:00,de,krone.at,krone.at,2026-04-04,Umbruch! Fünf Spieler auf Streichliste der „Reds“,https://www.krone.at/4098014
5980e0b2347de22ed3624a781515cc480524ab37620597e8ddf9fa0b052c2086,2026-04-04 12:25:50.936457+00:00,de,krone.at,krone.at,2026-04-04,Konzept „Alpenbarbie“: Blondinen bevorzugt,https://www.krone.at/4097936
7d481915b839ae5160b5116efab689ae8f2070dfeb9d90ea5a1e6d74690e9001,2026-04-04 12:25:45.804763+00:00,de,krone.at,krone.at,2026-04-04,Turtelt Mbappe mit Ex-Schwarm von Vinicius Junior?,https://www.krone.at/4097941
edb0ecb6018918e7bc4e401d7c10fd31ed2748731e0d920431bff035dd979ecc,2026-04-04 12:25:40.881937+00:00,de,krone.at,krone.at,2026-04-04,Beckham meldet sich aus Messis neuem „Wohnzimmer“,https://www.krone.at/4097956
811efec5f2b7a2e5e6ff0e2bb839e4a742c6021b1b8d2f409a57792f50437b1d,2026-04-04 12:25:36.896830+00:00,de,krone.at,krone.at,2026-04-04,Mehr Anrufe und Hilfe in den kalten Winternächten,https://www.krone.at/4097601
d494e410d9499d5532661ce3a239318bc3f980e3b3c4bde7f09ebeced644bcc4,2026-04-04 12:25:35.100320+00:00,de,orf.at,orf.at,2026-04-04,Pools im Garten als Gefahrenquelle für Kinder,https://steiermark.orf.at/stories/3348651/
e8d9fe3602ca6977467f3885999915e7d7cd23b531ae156948ad8b2eaf8e0182,2026-04-04 12:19:10.002690+00:00,de,krone.at,krone.at,2026-04-04,Ostern in Österreich: Was gehört für Sie dazu?,https://www.krone.at/4098064
87ab90ff68b1de7494381e9530a3c0d41a05404cc956b6ad7e3683be81e7905a,2026-04-04 12:19:05.179887+00:00,de,krone.at,krone.at,2026-04-04,Google-Baustelle steht wegen Finanzpolizei still,https://www.krone.at/4097556
d66f7938f50d92e0651bec273951a4619438f54c1fe241cd5023ba6b971f7a05,2026-04-04 12:19:00.863344+00:00,de,krone.at,krone.at,2026-04-04,Spritpreise: Marterbauer will Übergewinnsteuer,https://www.krone.at/4098052
c57d5d79c024102c0a5b058baa780e62f1f37dafc710872a056fbb11a610393d,2026-04-04 12:18:55.587808+00:00,de,krone.at,krone.at,2026-04-04,Wo Wiens Polizei zu Ostern Verkehrssünder sucht,https://www.krone.at/4097281
439873aaccf82f07bb0fc5fa683754b14014a4e5f2ec5fc7daf1750be201ad5f,2026-04-04 12:18:50.233999+00:00,de,krone.at,krone.at,2026-04-04,ÖSV-Athlet will im Juni über Karriere entscheiden,https://www.krone.at/4097706
3e4baca849aafc403c1ca2b5b4017f81f64d127db6fe8ae1e6762c626732e1a9,2026-04-04 12:18:30.791720+00:00,de,orf.at,orf.at,2026-04-03,Sagenumwobene Karfreitagseier,https://vorarlberg.orf.at/stories/3348677/
89c4fa310046afed4fe1bba724369d107875bdd5ffd7e2c4a36a76f8321c4d17,2026-04-04 12:18:25.866823+00:00,de,orf.at,orf.at,2026-04-03,Rädler über den Verlust ihrer Mutter,https://vorarlberg.orf.at/stories/3348559/
df346cee3be192913300e1620adb95a7fc699f2e26e32658168d85f6b4e14ca8,2026-04-04 12:18:22.051425+00:00,de,krone.at,krone.at,2026-04-04,Anrainerin stoppt türmenden Lenker nach Alko-Crash,https://www.krone.at/4098044
3cde6617cd7f0198b454fde3fa8b595f3f1c32332bd56303481333bd87bf399c,2026-04-04 12:18:16.082492+00:00,de,krone.at,krone.at,2026-04-04,Ackernetz verfängt sich in Hochspannungsmast,https://www.krone.at/4098068
aeeb1e32e79c8dbe1524b3b0126537aa8f0075d1249f2f01b60ed08c7e94aebe,2026-04-04 12:18:07.591984+00:00,de,krone.at,krone.at,2026-04-04,Thorup: „Platz eins ist jetzt nicht so wichtig“,https://www.krone.at/4097996
5bc3f1d015d950f32062144e86b22e780d6fedac9da81fb3a1837e4ca7b85088,2026-04-04 12:18:03.136569+00:00,de,krone.at,krone.at,2026-04-04,Schleudersitz von vermisstem US-Piloten gefunden,https://www.krone.at/4098070
4e33fe7d93c7ebe5e8d6c39bdd8659475d0dad33bfc82c8134bb663cbac78293,2026-04-04 12:17:55.646886+00:00,de,krone.at,krone.at,2026-04-04,"Zusteller erwartet, dann wurde Senior überfallen",https://www.krone.at/4098091
47fc1997973800981610912a00f72560acc8f8918367f34dce9801e45f558665,2026-04-04 12:17:51.041248+00:00,de,krone.at,krone.at,2026-04-04,Junge E-Scooter-Raser: Stadt appelliert an Eltern,https://www.krone.at/4097636
5d0f1c363652c84a3eefbcc2c44fb8b95bd647b9d06fb09a6c50d26c71e6920b,2026-04-04 12:17:42.570255+00:00,de,krone.at,krone.at,2026-04-04,Lienzer Innenstadt wird wieder zum Autoschauplatz,https://www.krone.at/4097514
2cebca83b471a242f27a05662ac6acfb0f35535d49b6c37b489f94a5def68602,2026-04-04 12:17:36.604511+00:00,de,krone.at,krone.at,2026-04-04,Wie der Iran-Krieg unseren Tourismus trifft,https://www.krone.at/4094815
2de5bc71138e7e86dd7079d6fff385643d213c079ac21e880d97c27ae3aecd73,2026-04-04 12:17:32.953307+00:00,de,krone.at,krone.at,2026-04-04,Vermisster Slowake in Obertauern tot aufgefunden,https://www.krone.at/4098086
9ea7ab017579efbe027c09db467dedcb1c20428da51e4a3aec30e4f56ec326fa,2026-04-04 12:17:30.201115+00:00,de,orf.at,orf.at,2026-04-04,Messepark startet in erste Umbauphase,https://vorarlberg.orf.at/stories/3348648/
a24a0e9c649e1d83ca3982859c2040fbded3a059ae99cb6d5bbeaa51927fbef0,2026-04-04 12:17:25.973543+00:00,de,orf.at,orf.at,2026-04-04,Ackernetz verfing sich in Hochspannungsleitung,https://vorarlberg.orf.at/stories/3348705/
513559f69456d45c37e9f51a7b1b4c06b45d797a9ea2a56ae558364ae0b7a364,2026-04-04 12:17:22.845760+00:00,de,krone.at,krone.at,2026-04-04,Feueralarm im Waldviertel: Gebäude brannte nieder,https://www.krone.at/4098012
f1d415f45c182872779933553dedc5c33f6e71b351c8dd4b157f409be23e2be7,2026-04-04 12:17:21.054212+00:00,de,orf.at,orf.at,2026-04-03,Stallpflicht fällt,https://vorarlberg.orf.at/stories/3348642/
08d52c00fd5a1599fadc994c62b271ab2ab4553d6a5b9b293a41b37c14d435b7,2026-04-04 12:17:18.578539+00:00,de,krone.at,krone.at,2026-04-04,Drogeriemarkt-Gutscheine waren angeblich verjährt,https://www.krone.at/4095420
a771512c85a3b9a6f4662f3ce42b52972fa45cf557f1796319b7634bd401a2ed,2026-04-04 12:17:17.561851+00:00,de,orf.at,orf.at,2026-04-04,Polizei warnt vor Betrug mit ID Austria,https://vorarlberg.orf.at/stories/3348411/
2faafc424ae2d9e7497ca593d45c223e174fded9941495d38cf1ce6211a13934,2026-04-04 12:17:14.621408+00:00,de,krone.at,krone.at,2026-04-04,"Zuerst Baum umgerissen, dann in Hausmauer gekracht",https://www.krone.at/4098003
8822a4790ae50cebd4b441d3e6a447f2e384bd5a5cec5a5840cd674435cca1b2,2026-04-04 12:17:13.365882+00:00,de,orf.at,orf.at,2026-04-04,Fahrrad-Absätze steigen zu Ostern,https://vorarlberg.orf.at/stories/3348637/
85ba3bb3c510550e38542188a7d479b77cf7e9e5f6bfed9ae05aa08b1ebbe1d7,2026-04-04 12:17:10.032646+00:00,de,orf.at,orf.at,2026-04-04,Persönliche Assistenten gesucht,https://vorarlberg.orf.at/stories/3348608/
269f96856f2ba460259c5d2db7b8572ae7dcd868331c329f67881faed5a707bb,2026-04-04 11:26:24.152350+00:00,de,orf.at,orf.at,2026-04-04,Suche nach zweitem Besatzungsmitglied läuft,https://orf.at/stories/3425892/
d86b5a721aa36395bee35404aedc08e05412802868795b5517a8da8a5e3d7201,2026-04-04 11:26:19.219262+00:00,de,orf.at,orf.at,2026-04-04,UNO-Abstimmung über Straße von Hormus erneut vertagt,https://orf.at/stories/3425906/
7cee04fcc7e6ae0bde858b945f2610b48b517bc658d0c517f044e5ee21b9c573,2026-04-04 11:26:01.939390+00:00,de,orf.at,orf.at,2026-04-04,ÖGB-Präsident Katzian gegen erneute Lohnzurückhaltung,https://orf.at/stories/3425927/
d9a6298140e41d1ff4683f87ec5493b087df09e7ef6680a1d4bf47c5be97ff7b,2026-04-04 11:25:20.544735+00:00,de,orf.at,orf.at,2026-04-04,"Spritpreis gestiegen: Diesel bei 2,209 Euro",https://orf.at/stories/3425921/
fd4f7b2dd6650ff54aaccfa1298e2c6d81f7797409bc00df12cc340f354b5411,2026-04-04 11:24:51.249757+00:00,de,orf.at,orf.at,2026-04-04,Neue Raketenangriffe in Israel und im Iran gemeldet,https://orf.at/stories/3425905/
ed34b5f4663709b9ab90f808947b59f569400369cd6adcbe1037802754e5e1f8,2026-04-04 11:24:28.263943+00:00,de,orf.at,orf.at,2026-04-04,Spritpreise wieder gestiegen,https://orf.at/stories/3425924/
33f1fe0443ae45809ffce42aaa920cb915f9cfecff31d69d61fe9b14c0475444,2026-04-04 11:24:23.405316+00:00,de,orf.at,orf.at,2026-04-04,Peru: Mindestens ein Toter und 47 Verletzte vor Fußballderby,https://orf.at/stories/3425907/
3d338782d92d4ae7262ba9a4427254a76e66d0ab6362d464af5bbe4a25b8b541,2026-04-04 10:24:57.460581+00:00,de,orf.at,orf.at,2026-04-04,Segelyachten aus OÖ für deutsche Marine,https://ooe.orf.at/stories/3348690/
2790ce0929c83a44c8379d78fedc30e294b6cd859a655dbd652dfcc7797cc1ae,2026-04-04 10:24:26.132116+00:00,de,orf.at,orf.at,2026-04-04,Betrug mit gefälschten Gutachten,https://ooe.orf.at/stories/3348688/
f783a4d7929ec20221eeb68ac7dd24fba9970c208862d5aa0ac4686b2bd7fb4d,2026-04-04 09:22:33.484657+00:00,de,krone.at,krone.at,2026-04-04,Bei diesen Nachbarn ist das Tanken noch billiger,https://www.krone.at/4097345
e3e51681c229488d7f1bb0902acfeb5ef4325be6c1e22eadcc231e88a640bdcd,2026-04-04 09:22:28.295837+00:00,de,krone.at,krone.at,2026-04-04,Kärntner Kicker jagt Torrekord in der Regionalliga,https://www.krone.at/4097674
3d15412386a4f624867d60329ef4fd3420d85284c88840797a4baf1faf1b37f3,2026-04-04 09:22:23.473572+00:00,de,krone.at,krone.at,2026-04-04,Freundinnen verirrten sich beim Wandern im Wald,https://www.krone.at/4097974
240edfa2843b12f1f07899ff8a60940b9d02665445b1f944a5480ece165e9458,2026-04-04 09:22:18.311520+00:00,de,krone.at,krone.at,2026-04-04,Die Roten Teufel wollen endlich Vöslau knacken,https://www.krone.at/4097735
4d90aa1f3aaa6dde32bf3cf645cc99ca5b505569779147d4fe8d005f52a0731d,2026-04-04 09:22:13.008578+00:00,de,krone.at,krone.at,2026-04-04,Kein Zufall! Darum ist Ostern dieses Jahr so warm,https://www.krone.at/4097980
5fa52a4330b2357501d9ea410194981ecdfd3084185799ec92069bec5c6e9104,2026-04-04 09:22:08.342919+00:00,de,krone.at,krone.at,2026-04-04,Betrunken und ohne Schein mit Motorrad gegen Auto,https://www.krone.at/4097977
4f03ec5a8fde75b5a4d6cfde1abda5e26971eaaebc7ecb394e68fdce20d939e0,2026-04-04 09:22:03.273736+00:00,de,krone.at,krone.at,2026-04-04,Trump: „Hoffentlich erreichen sie Piloten nicht“,https://www.krone.at/4097928
9c108a337b5d6ef08c4c9aea89a9b497fe8080c6041b2b226c8fbd65f083669c,2026-04-04 09:21:58.422394+00:00,de,krone.at,krone.at,2026-04-04,Ex-Sportstars bauen auf Fertigteil-Turnsäle,https://www.krone.at/4097115
86d81ffec52801b64330a00cffc7854c7daa91b01740930a48c8e23e0ed9bdf2,2026-04-04 09:21:53.295345+00:00,de,krone.at,krone.at,2026-04-04,Feuerwehren verhinderten Großbrand am Dachstuhl,https://www.krone.at/4097979
b6be9141eb89a22a585aae074f4d6e1ade87a4978e58448be628209a40f6e107,2026-04-04 09:21:48.413438+00:00,de,krone.at,krone.at,2026-04-04,Gefängnis Alcatraz soll wieder betrieben werden,https://www.krone.at/4097951
f93e2dd0b0340658013b0258bbb0af7fd5a660a1aa089a379985150cc12bcc65,2026-04-04 09:21:40.242371+00:00,de,krone.at,krone.at,2026-04-04,Zündelnde Burschen (12) entfachten Waldbrand,https://www.krone.at/4097937
44560332127879e941f7cb7b06cc8bb715829f9afb48c8844f3c3eb5eb9d01fd,2026-04-04 09:21:21.696533+00:00,de,krone.at,krone.at,2026-04-04,ORF in Krise? „Gagen jenseits von Gut und Böse“,https://www.krone.at/4096487
0e460c4a3bc112c3d52598e12adf1f64b43396b5ec82a75398fafbbbacd89645,2026-04-04 09:21:15.299944+00:00,de,krone.at,krone.at,2026-04-04,Jesse Schwarz: „Meine persönliche Auferstehung“,https://www.krone.at/4097335
e518832c948c3120258aff234638fc664708dfcd33f20ca84b7c8e3b4c68d59e,2026-04-04 09:20:54.206440+00:00,de,krone.at,krone.at,2026-04-04,Wird aus Traditionswirtshaus ein China-Restaurant?,https://www.krone.at/4097701
73430b6a7ca69b38f9ae66c65115df3236bbfb473e97ea1a023fe47a91cce265,2026-04-04 09:20:41.306473+00:00,de,krone.at,krone.at,2026-04-04,Giftköder: Wenn Ärger in Grausamkeit umschlägt,https://www.krone.at/4097305
f6102a570f85115bee0a73fe6be9173d2a4b81459f99d01858c119f06399c9b9,2026-04-04 09:20:36.566984+00:00,de,krone.at,krone.at,2026-04-04,Bitteres Aus! Für Fivers ist Cup-Titeltraum vorbei,https://www.krone.at/4097971
6c30579defd00f4c658edff8c2ab60851e1ea4d1aa2de0774c9352a9ab67bb17,2026-04-04 09:20:31.946715+00:00,de,krone.at,krone.at,2026-04-04,„Lebensgefahr!“ Weg zu Haltestelle führt über B156,https://www.krone.at/4097716
5f286558bb2748f1b236c6d9b488e3f1aa82427082738415e4b1a3f10756dd24,2026-04-04 09:20:22.382016+00:00,de,krone.at,krone.at,2026-04-04,Deutsche Familie starb bei Autounfall in Portugal,https://www.krone.at/4097968
8dd7396888374b602f0cfda40f0b07c60dc7c1fb01f365051877645cd5ee626b,2026-04-04 09:19:59.310803+00:00,de,krone.at,krone.at,2026-04-04,Nach Ostern starten zahlreiche Baustellen,https://www.krone.at/4097523
5e99f29bbad1da42346eaf0a8dcd2cd4a8c351c6ee9da604da3f8ed317e4f5b9,2026-04-04 08:18:51.741938+00:00,de,orf.at,orf.at,2026-04-03,Betrug am Telefon: Fünfstellige Summe weg,https://tirol.orf.at/stories/3348644/
7a343453ef63d14d0368fdf8a35e315043fdff53c39dfa5d6088a1b4196dcdfb,2026-04-04 08:17:44.313022+00:00,de,orf.at,orf.at,2026-04-03,Alpenzoo: Brand beim „Fröschl-Haus“,https://tirol.orf.at/stories/3348666/
630e339c8f2112ebb90d3e63c6f570ef39be853c50ac9a4328d8d8460bb7ce0e,2026-04-04 08:17:36.981746+00:00,de,orf.at,orf.at,2026-04-03,Güterzug entgleist: Brennerbahn gesperrt,https://tirol.orf.at/stories/3348679/
e2c95c59f88a20781d955dd8368d6372718b652cca9c1bbd384dc6b78f693e15,2026-04-04 08:17:29.231158+00:00,de,orf.at,orf.at,2026-04-04,Haselsteiner will Weiler-Malereien in Erl,https://tirol.orf.at/stories/3348630/
c5022777caa25159eedc613dc6e3573423659173216c6d7f828c246eb70146a7,2026-04-04 08:17:24.371812+00:00,de,orf.at,orf.at,2026-04-04,Leerstand brachte Gemeinden 519.000 Euro,https://tirol.orf.at/stories/3348686/
f6e81938cdbd645950d1cff88a8cbcf787795fef4933c43e2e263b7c350eba6e,2026-04-04 08:17:12.271533+00:00,de,orf.at,orf.at,2026-04-03,"Skiunfälle: Gleiche Stelle, gleicher Fehler",https://tirol.orf.at/stories/3348682/
362542a798b826ef0cf6d9c010763aca1e51e60989df56986c2e67f90011bddc,2026-04-04 08:17:08.671818+00:00,de,orf.at,orf.at,2026-04-04,Freizeitwohnsitze kein Geheimnis mehr,https://tirol.orf.at/stories/3348683/
4c2a96743bbf9b5d16ef3794c7ea5f410fb06b99cad1e42ed1adad1f827841ef,2026-04-04 07:28:48.801691+00:00,de,orf.at,orf.at,2026-04-03,Schneefall vor Ostern bringt Buchungen,https://salzburg.orf.at/stories/3348612/
05abe80cd8e2571831efb5803aec0810430db7ef42cd84193a39302dc5bb9d3d,2026-04-04 07:27:32.023713+00:00,de,orf.at,orf.at,2026-04-04,Jugend im Asylheim: Bürgermeister gegen Regelschul-Unterricht,https://salzburg.orf.at/stories/3348681/
ead479c74b257a650e315ed6f30541b5241f31d0875aaf8b83186870cc8637c9,2026-04-04 07:26:47.786643+00:00,de,orf.at,orf.at,2026-04-03,Sieben Gemeinden benötigen Geld aus Ausgleichsfonds,https://salzburg.orf.at/stories/3348640/
f0f1877b0d6e8ac712b414c43972c38fc5314d22db21e5c9b0fb93107b12eff3,2026-04-04 06:24:12.386945+00:00,de,krone.at,krone.at,2026-04-04,Was für Mieter aufgrund der Preisbremse gilt,https://www.krone.at/4097471
ef5fd2576f2a13ce4d945d9bf031fa29d6bda7318a207e2700ac40508d4fbc6b,2026-04-04 06:24:06.573439+00:00,de,krone.at,krone.at,2026-04-04,War‘s das mit der Vision einer gemeinsamen Schule?,https://www.krone.at/4097572
5ca7d91e1203f6441aba155aadfdf35cf212b358786557177eb06f0cfc2036e9,2026-04-04 06:24:01.688718+00:00,de,krone.at,krone.at,2026-04-04,Kampf gegen Leerstände: Handel allein reicht nicht,https://www.krone.at/4097443
a702d3ca8906793fb7a7c08ff4102d456a5b96ef1be76a18b877db14fdefcf1b,2026-04-04 06:23:56.110550+00:00,de,krone.at,krone.at,2026-04-04,LIVE ab 17 Uhr: WSG Tirol empfängt Wolfsberger AC,https://www.krone.at/4097092
99a572df1a273e655d8492774089fcb74dab82dd69fe979af20c89f57ad2bc1f,2026-04-04 06:23:51.285011+00:00,de,krone.at,krone.at,2026-04-04,Die kleine Botin feiert tolle fünf Jahre,https://www.krone.at/4089587
68640a4ef5c0063f59cfad141d072cfc1f2c12e18570268b852038b9f59e5f6e,2026-04-04 06:23:49.666443+00:00,de,orf.at,orf.at,2026-04-04,Dichter „Nebel des Krieges“ über dem Iran,https://orf.at/stories/3425546/
898d80c716b362552c8feee28a0dfcc7d6ff3e55b9bd913f2b003be668567d93,2026-04-04 06:23:46.305770+00:00,de,krone.at,krone.at,2026-04-04,Iran-Krieg: Haben wir bald nichts mehr zu essen?,https://www.krone.at/4097349
495c7cc016bacf33ca5fe0649bcec026380bbe6a3c285a85477e84f4ffd1cb6e,2026-04-04 06:23:41.221217+00:00,de,krone.at,krone.at,2026-04-04,Klo-Klau von Spielplatz ärgert Eltern und Anrainer,https://www.krone.at/4097567
5232bfce21c6505f2fb0c497f282dc234e61bff80cff3a7f6484402d12f9d972,2026-04-04 06:23:35.585448+00:00,de,krone.at,krone.at,2026-04-04,Polizei stürmte Grundstück von Meinungsforscher,https://www.krone.at/4097472
2cd5ab3a09b161316dc45598581e35296d05680d222d8589fe980f991b1ab711,2026-04-04 06:23:27.994413+00:00,de,orf.at,orf.at,2026-04-04,Trump ordnet Bezahlung von Heimatschutz-Mitarbeitern an,https://orf.at/stories/3425901/
9e3dab8741c78496b47e6133496a24523dae5ee8141df31e812a2f75dd0cb9f2,2026-04-04 06:23:19.751141+00:00,de,krone.at,krone.at,2026-04-04,Mattersburg: Hoffen auf eine „Auferstehung“,https://www.krone.at/4097558
ec0e5bdde89839b06407daf2ddff3305bb381efbdd4b2e89c666a2fdf09b8fc9,2026-04-04 06:23:17.264793+00:00,de,orf.at,orf.at,2026-04-04,Afghanistan: Munition aus 40 Jahren Krieg fordert weiter Opfer,https://orf.at/stories/3425899/
b815e39e6e51052e6e5a767af810ca1b8ade2bb27b8eaec15c397e91606fa1bd,2026-04-04 06:23:14.673880+00:00,de,krone.at,krone.at,2026-04-04,Am Mittwoch kickte Ried-Held noch gegen Messi,https://www.krone.at/4097912
65b24f5ff9b4d0a89c85863c97a9bb042daa988806e086a495feddd158ba22c4,2026-04-04 06:23:12.179725+00:00,de,orf.at,orf.at,2026-04-04,UNO: Ein Zehntel der Ozeane nun unter Schutz,https://orf.at/stories/3425904/
113c79dd0e80ef532a5929faf1de60d0aa35e2e185a653e250a2b416fb273794,2026-04-04 06:23:06.672778+00:00,de,orf.at,orf.at,2026-04-04,Ukraine: 14 Tote nach russischer Angriffswelle,https://orf.at/stories/3425900/
1eccdca9ae141c20c7c749659ec1a60ac6dede7655203741ecb4d6d78b6e96e7,2026-04-04 06:23:04.156717+00:00,de,krone.at,krone.at,2026-04-04,„Abzocke“ beim Stromtanken: Lenker empört sich,https://www.krone.at/4097526
6cc2260513d9cd2bf3534515e08bb297e3bc450193f1957992d095142fa1bfb3,2026-04-04 06:23:01.044977+00:00,de,orf.at,orf.at,2026-04-04,NASA: Artemis-Crew ist „auf halber Strecke“ zum Mond,https://orf.at/stories/3425898/
9d344954840163622878b91544064e2856e82c45c105189928ce9a9ad37ff573,2026-04-04 06:22:59.505189+00:00,de,krone.at,krone.at,2026-04-04,Ein Fest ohne Stress: So feiern die Wiener Ostern,https://www.krone.at/4097464
eec3c35c94e26f304294c5bb7b191f75e01898881ee858fad0e01dcf5380f9e4,2026-04-04 06:22:56.170708+00:00,de,orf.at,orf.at,2026-04-04,Freiwillige „Chatkontrolle“ in der EU ausgelaufen,https://orf.at/stories/3425903/
4ad358d704be9bbc5f9c848535c9bd553dcca8056fedaefb1f4c066e87b6b476,2026-04-04 06:22:51.258359+00:00,de,orf.at,orf.at,2026-04-04,Bericht: Gosling springt von Prestigeprojekt ab,https://orf.at/stories/3425902/
4008cb28d087aa7eb5bc96c0deb9d89a09d9dadd0619842e19da6e1462f48a74,2026-04-04 06:22:26.147996+00:00,de,krone.at,krone.at,2026-04-04,Steirische Technik machte Mondmission möglich,https://www.krone.at/4097711
61afd9160d147ecb105087e354acc2adf123eaf15f45ba32e836d13b070b7e95,2026-04-04 06:22:20.986728+00:00,de,krone.at,krone.at,2026-04-04,Urlaubsriese will Pinzgauer Campingplatz ausbauen,https://www.krone.at/4097564
c4aaa48b9e5ce21119c2ebcfd9b97f2f1e4415ea1c97cce57bf7b6ad347c4367,2026-04-04 06:22:15.907492+00:00,de,krone.at,krone.at,2026-04-04,Verfrühte Osterfeuer sorgten für Feuerwehreinsätze,https://www.krone.at/4097909
d5cacb7b67a4f4c15ff09c77b290246082b14a5adac8356ce84c690adecbb124,2026-04-04 06:22:13.723705+00:00,de,derstandard.at,derstandard.at,2026-04-03,"Französischer Zoll fand mehr als 1,1 Tonnen Kokain in Blumenerde-Lkw",https://www.derstandard.at/consent/tcf/story/3000000315420/franz246sischer-zoll-fand-mehr-als-11-tonnen-kokain-in-blumenerde-lkw
7482e42869ee7b1f417ef91be93925998c7f16d2fddab5adc5ae4e3e1debd560,2026-04-04 06:22:03.673978+00:00,de,derstandard.at,derstandard.at,2026-04-03,Mutmaßliche IS-Zelle in Wien: Terrorpläne von Mekka bis Swift-Konzert,https://www.derstandard.at/consent/tcf/story/3000000315392/mutmassliche-is-zelle-in-wien-terrorplaene-von-mekka-bis-swift-konzert
565aeb82f2c28bc5a6bae8c318d71a9287e67dd1b39f5265230ed69a82054dc9,2026-04-04 06:21:40.161659+00:00,de,derstandard.at,derstandard.at,2026-04-02,"Psychologin: ""Junge Menschen sind nicht verweichlicht, sie reden nur offener über Gefühle""",https://www.derstandard.at/consent/tcf/story/3000000314675/psychologin-junge-menschen-sind-nicht-verweichlicht-sie-reden-nur-offener-ueber-gefuehle
27d535c52131b426aae55649a4a4ede8d42b0ef6f602e11c6a04f2236f322eef,2026-04-04 06:20:53.631128+00:00,de,derstandard.at,derstandard.at,2026-04-02,Habt ihr NSDAP-Mitglieder unter euren Vorfahren?,https://www.derstandard.at/consent/tcf/story/3000000315022/habt-ihr-nsdap-mitglieder-unter-euren-vorfahren
6c31f0719d8e33b87817f330b0b4f9e25c5fa686ffb14f566d47d18275681482,2026-04-04 06:20:40.030320+00:00,de,derstandard.at,derstandard.at,2026-04-03,KI-Boom stockt: Fast die Hälfte der für 2026 geplanten US-Rechenzentren ist verspätet,https://www.derstandard.at/consent/tcf/story/3000000315359/ki-boom-stockt-fast-die-haelfte-der-fuer-2026-geplanten-us-rechenzentren-ist-verspaetet
e1535ab328017c20d03da56a57989ecb30de90904ea216ed315cb97be67e53ee,2026-04-04 06:20:34.463569+00:00,de,derstandard.at,derstandard.at,2026-04-01,Antonio Fian: Inspektion,https://www.derstandard.at/consent/tcf/story/3000000315094/antonio-fian-inspektion
f88a65e922d404e9432407492e3307fe08be9b9d11f3244718055cf4d78a109e,2026-04-04 06:20:29.499271+00:00,de,derstandard.at,derstandard.at,2026-04-03,"Erdbeben der Stärke 5,9 erschüttert Teile Afghanistans, Pakistans und Indiens",https://www.derstandard.at/consent/tcf/story/3000000315422/erdbeben-der-staerke-59-erschuettert-teile-afghanistans-pakistans-und-indiens
4c341f94ce24cb53d83eb5aa38d64a3bdc16d7c83469c2dea40fb15514488a63,2026-04-04 06:20:24.679957+00:00,de,derstandard.at,derstandard.at,2026-04-01,Diese Bilder sind keine Mühl-Werke – sie sind Sektenkunst,https://www.derstandard.at/consent/tcf/story/3000000314960/diese-bilder-sind-keine-muehl-werke-sie-sind-sektenkunst
c439748418b0cb3e0dee97c86806cebc5c6c62e0c015f8a54db635349786810d,2026-04-04 06:20:17.844146+00:00,de,derstandard.at,derstandard.at,2026-04-03,Mutandwa-Hattrick: Ried dreht 0:2 und stürzt Altach von der Spitze,https://www.derstandard.at/consent/tcf/story/3000000315426/mutandwa-hattrick-ried-dreht-02-und-stuerzt-altach-von-der-spitze
a02a75371214cb2387a05b72d61b07fefeca2eb283abdb2ff7625f14af5033c7,2026-04-04 06:20:12.794539+00:00,de,derstandard.at,derstandard.at,2026-04-03,Abschuss von US-Kampfjet im Iran: Suche nach zweitem Besatzungmitglied dauert an,https://www.derstandard.at/consent/tcf/jetzt/livebericht/3000000315419/abschuss-von-us-kampfjet-im-iran-suche-nach-zweitem-besatzungmitglied-dauert-an
51568f2d9a7b2ca32317a6d4c423118c77c6650341ef21b3663150a20847c874,2026-04-04 06:19:55.236342+00:00,de,derstandard.at,derstandard.at,2026-04-02,Na endlich: Shawarma bis in der Früh bei Elissar Deli,https://www.derstandard.at/consent/tcf/story/3000000315192/na-endlich-shawarma-bis-in-der-frueh-bei-elissar-deli
3414b51ae20217712cdf6240716f155329aba08a51669439cc07f920d0061bb9,2026-04-04 06:19:50.127646+00:00,de,derstandard.at,derstandard.at,2026-04-01,"Ostern hat für 61 Prozent eine religiöse Bedeutung, ein Drittel der Jüngeren glaubt an Gott",https://www.derstandard.at/consent/tcf/story/3000000314053/ostern-hat-fuer-61-prozent-eine-religioese-bedeutung-ein-drittel-der-juengeren-glaubt-an-gott
203ef50e01654b01c5e0981e79a7a235228b82ce862035be1d29a6a463653374,2026-04-04 06:19:40.305746+00:00,de,derstandard.at,derstandard.at,2026-04-03,Profiteure des Krieges: Die Trump-Söhne Don und Eric und ihre neue Drohnenfirma,https://www.derstandard.at/consent/tcf/story/3000000315346/profiteure-des-krieges-die-trump-soehne-don-und-eric-und-ihre-neue-drohnenfirma
80d703f605cb99e86bbd544597eb3671dc4c35f3dd931f109c7df1f821d1e9ad,2026-04-04 06:19:30.011315+00:00,de,derstandard.at,derstandard.at,2026-03-30,"Warum das ""Österreich-Bataillon"" der US-Armee im Zweiten Weltkrieg scheiterte",https://www.derstandard.at/consent/tcf/story/3000000314440/warum-das-oesterreich-bataillon-der-us-armee-im-zweiten-weltkrieg-scheiterte
d666cd0d8e5d71f9e39d434a7458b91b6178a7c2fce183dc27b822e781de31f8,2026-04-04 06:19:25.350313+00:00,de,derstandard.at,derstandard.at,2026-04-02,Kryptobetrüger verbreiten Falschmeldung vom Tod der ältesten Schildkröte,https://www.derstandard.at/consent/tcf/story/3000000315261/kryptobetrueger-verbreiten-falschmeldung-vom-tod-der-aeltesten-schildkroete
54e41c7914e8bad7d23462ec2671b5b92cdbbf852b99177c6ae6e5a3676f9168,2026-04-04 06:19:15.063074+00:00,de,derstandard.at,derstandard.at,2026-04-03,Papst trug bei Karfreitagsprozession Kreuz selbst,https://www.derstandard.at/consent/tcf/story/3000000315428/ostern-kreuzweg-am-kolosseum-papst-trug-kreuz-selbst
b23faf1aded82b63f2c16e5be5bbe56a3c405e37381812d15e813a5a7f66ccf1,2026-04-04 02:17:51.267502+00:00,de,krone.at,krone.at,2026-04-03,Remis im Topspiel zwischen Lustenau und Admira,https://www.krone.at/4097882
0dd9fe60351fcf601d0777af6f81be333848564903c234647d41e731bae52510,2026-04-04 02:17:15.002517+00:00,de,krone.at,krone.at,2026-04-03,Sicherheitsrat entscheidet über Irans WM-Teilnahme,https://www.krone.at/4097871
59e95fd9b0edbd2c138c400d47ff973611be634b08bbaa79de29e498be85b347,2026-04-04 01:26:57.462443+00:00,de,orf.at,orf.at,2026-04-03,Wundversorgung soll ausgebaut werden,https://wien.orf.at/stories/3348645/
9d12f3eac9de3b43e442174e611577768e38e127730e0a7220108888df7e45e3,2026-04-04 01:26:10.655328+00:00,de,orf.at,orf.at,2026-04-03,Mordverdacht in Penzing: Festnahme,https://wien.orf.at/stories/3348674/
d6cb946e0ee45decb515436565ef77592367203b368ac72461187a645c938ef5,2026-04-04 01:25:07.690013+00:00,de,orf.at,orf.at,2026-04-03,Space-X-Börsengang: Musk fordert Kauf von Grok-KI,https://orf.at/stories/3425891/
5cb839ba05ba9023f0ccf28f5988ce80d219cf8320a9457f2b4b84f780ee9731,2026-04-04 01:25:01.188442+00:00,de,orf.at,orf.at,2026-04-03,Papst trug Kreuz selbst,https://orf.at/stories/3425889/
c6b490ac08988b1f15a03747ab88caf39e2993be715c475ed81972fa6a6b6c9e,2026-04-04 01:24:51.860272+00:00,de,orf.at,orf.at,2026-04-03,Kuba begann mit Freilassung von Gefangenen,https://orf.at/stories/3425896/
64a237df22e883953871727551f66ea0d39b6c2a003db7a7c4a97518cc9cdbf0,2026-04-04 01:24:46.824223+00:00,de,orf.at,orf.at,2026-04-03,Argentinien: Milei prangert russische Desinformation an,https://orf.at/stories/3425895/
9156d9fa4ed6fb23f4f81ff6957c2c9964dace342da2767e4761ca9b308666da,2026-04-04 01:24:36.628146+00:00,de,orf.at,orf.at,2026-04-03,Trump will 152 Mio. Dollar für Alcatraz-Umbau,https://orf.at/stories/3425894/
2cfdfeaf0adb54b9ccf493135f3fb1261afee684a3a215afe733a4f398114adc,2026-04-03 23:24:52.872276+00:00,de,orf.at,orf.at,2026-04-03,Große Preissprünge bei Heizöl,https://ooe.orf.at/stories/3348658/
7fe9aa9647444a5e96c5934b91662c3056013c52992a16526225b17d77c95e7b,2026-04-03 23:24:40.026970+00:00,de,orf.at,orf.at,2026-04-03,Upper Austria Ladies mit Österreich-Quartett,https://ooe.orf.at/stories/3348561/
32bcf99dabb6eec4b79fc11e2f88b3406c433d7381a402d3578da898972ffcd9,2026-04-03 23:24:28.887183+00:00,de,orf.at,orf.at,2026-04-03,Verfahren gegen Deimek eingestellt,https://ooe.orf.at/stories/3348601/
d508802fa6b8c44c8eac6d2987046bc8f6b46f835acf4045d5fd07b47d28194d,2026-04-03 23:24:24.231101+00:00,de,orf.at,orf.at,2026-04-03,Betrug am Bau: 600.000 Euro exekutiert,https://ooe.orf.at/stories/3348616/
1cf184cb3491e6163d4428f4abcd394f82d91874700d5ed060472f295fdee2c1,2026-04-03 23:22:32.483199+00:00,de,orf.at,orf.at,2026-04-03,"Testbohrungen beendet: Kein Gas, wenig Leichtöl",https://ooe.orf.at/stories/3348663/
4cbee5473b19bae51a1a09e9efa3bf81047c5059551e37d93ca11ad670527008,2026-04-03 23:22:10.029825+00:00,de,orf.at,orf.at,2026-04-03,Unfallopfer aus Auto geschnitten,https://ooe.orf.at/stories/3348665/
aaf6a78639476a7f8305a8a73ccbff2d2ca00e0ed863bb6ff89611bbc89e50e9,2026-04-03 23:21:59.409627+00:00,de,orf.at,orf.at,2026-04-03,Günstigste Kinderzahnpasta im Test vorne,https://ooe.orf.at/stories/3348614/
1e7b49f13d3fe3fff50424414d249231158816f8e4da495848b63502c92f3322,2026-04-03 23:21:29.870239+00:00,de,orf.at,orf.at,2026-04-03,Kfz-Betrug in vier Bundesländern aufgeflogen,https://noe.orf.at/stories/3348609/
78fce93fc43b8f7eb2840376c8e401b2614a88dda48cbd225f7b8a1a79d7ab89,2026-04-03 23:20:56.879396+00:00,de,orf.at,orf.at,2026-04-03,Bau: Finanzpolizei deckt fast 550 Verstöße auf,https://noe.orf.at/stories/3348588/
1755080de3b0aa80f7787db31c5da17b46c3659bdb4f49d35ef8c7c732ebb261,2026-04-03 23:20:51.802602+00:00,de,orf.at,orf.at,2026-04-03,Auto in Bach gelandet: Zwei Leichtverletzte,https://noe.orf.at/stories/3348620/
776765baf4b6a088d4dba7e32755fcda9103858ee3aa99fb04aa6d71b456cdb7,2026-04-03 23:20:46.822686+00:00,de,orf.at,orf.at,2026-04-03,14-Jähriger bei Home-Invasion misshandelt: Festnahmen,https://noe.orf.at/stories/3348603/
9636188f30939a57046cc13f9bc67acafd2447acbf51269923515d03e9d02fb9,2026-04-03 23:20:30.335864+00:00,de,orf.at,orf.at,2026-04-03,Zukunft der Königsberg-Lifte vorerst gesichert,https://noe.orf.at/stories/3348520/
c1a47d7672844ae850d0b748659d41d7c314f86e3329b7bf2ed57bfa4dd4f13d,2026-04-03 23:20:21.980003+00:00,de,orf.at,orf.at,2026-04-03,Günther Kautz ist SPÖ-Spitzenkandidat in Neunkirchen,https://noe.orf.at/stories/3348597/
3e09d6a50fb585b545713f1be9ceebf32681899632ded3309adc308699b6aa04,2026-04-03 23:20:13.468625+00:00,de,orf.at,orf.at,2026-04-03,Privatsammlung in Schloss Rohrau öffnet wieder,https://noe.orf.at/stories/3348271/
bf3a3035948b9612f8340f716ef87d106c28f9d98c315b4c2748b9d3c2d932fa,2026-04-03 23:20:08.731541+00:00,de,orf.at,orf.at,2026-04-03,Wie das March-Hochwasser Dürnkrut prägte,https://noe.orf.at/stories/3348669/
40d027acb6e0bddb715791600c2068d05c04a8b7b2d7ee011b0c9ae631546be0,2026-04-03 23:19:52.620164+00:00,de,orf.at,orf.at,2026-04-03,Derselbe Wolf: Weiterer Riss im Triestingtal,https://noe.orf.at/stories/3348635/
71ab8f403f0d9e9f76ab7aefe4eeb5e571b0bff7a690ac5e60b0b1407d1cc171,2026-04-03 22:26:51.928051+00:00,de,krone.at,krone.at,2026-04-03,Für 3000 Salzburger Schüler beginnt Maturastress,https://www.krone.at/4097804
dbdf7b0a5e6befaa42203dabff2d2b4decbeb93228a5f2152ff68f37d1e006ec,2026-04-03 22:26:47.239148+00:00,de,krone.at,krone.at,2026-04-03,Hinteregger & Co. fordern Eishockey-Cracks heraus!,https://www.krone.at/4097834
a45f6107b95b15ca031bc30e88b2af73bf8036fe4e6f44dcc044938bacc3faeb,2026-04-03 22:26:08.366563+00:00,de,krone.at,krone.at,2026-04-03,Welche Überflüge mit Neutralität vereinbar sind,https://www.krone.at/4097536
bb969efc1683cd1dd7735dc0ef82124d238f26ab2b044ed48c065b66145bf769,2026-04-03 22:26:00.650779+00:00,de,krone.at,krone.at,2026-04-03,„Ich haue sicher nicht auf einen Spieler drauf!“,https://www.krone.at/4097877
0633813943cf706d427cd5bc11a810224ee40f1140c935ca977c891a145abd22,2026-04-03 22:25:52.275182+00:00,de,krone.at,krone.at,2026-04-03,Mann (32) stürzt 50 Meter über steiles Gelände ab,https://www.krone.at/4097845
cafc3fa551c9a0e5108ae9e25cdcbe05ac645c94d67284ef479cd9468adf1be2,2026-04-03 22:25:47.076857+00:00,de,krone.at,krone.at,2026-04-03,Strom- und Gaspreise in der Türkei explodieren,https://www.krone.at/4097864
0921db909ab3c2e32266cf2cf573f8a111581975c50478c50d37244a10c48ddc,2026-04-03 22:25:35.419785+00:00,de,krone.at,krone.at,2026-04-03,Astronauten kämpfen am Weg zum Mond mit Outlook,https://www.krone.at/4097880
10a2e63cba5d26ac39fd433b1ecacbcccaa82de6aae5f23f12a3e5961e2c50a1,2026-04-03 22:25:30.156450+00:00,de,krone.at,krone.at,2026-04-03,Karfreitags-Schreck: Therme Erding wurde evakuiert,https://www.krone.at/4097890
a6e07e5b0caae96044ef03c861868e9f10f10455bd15516166cecf1338f85dce,2026-04-03 22:24:50.552823+00:00,de,krone.at,krone.at,2026-04-03,Karfreitagsprozession: Papst Leo trug Kreuz selbst,https://www.krone.at/4097767
0b43e250c72184a16cc0b3c0c6f604bf72451b69b8607aeccbc648d79583b793,2026-04-03 22:18:52.064398+00:00,de,orf.at,orf.at,2026-04-03,Wenig Stromproduktion an Wasserkraftwerken,https://steiermark.orf.at/stories/3348664/
ee4a4dc32a7a55e475d755a035252974b31d9927ee35b5103a802d58c42be01f,2026-04-03 22:17:42.005687+00:00,de,orf.at,orf.at,2026-04-03,Verkehrsemissionen um 20 Prozent gesenkt,https://steiermark.orf.at/stories/3347319/
6b10f5802c5eda7347864edaa540176b7d4dc7337df8f1fe75ab9f05bb78063d,2026-04-03 20:39:55.439547+00:00,de,orf.at,orf.at,2026-04-03,Israel meldet großangelegte Angriffswelle auf Teheran,https://orf.at/stories/3425872/
7dcfda1143071b69602dd02f54c4d78f0918bd944e27ccab5fee705860c5e3b3,2026-04-03 20:39:50.141090+00:00,de,orf.at,orf.at,2026-04-03,Drei Blauhelmsoldaten im Libanon verletzt,https://orf.at/stories/3425870/
dad5a834bcb4b0f1a143717dc8d2160c02096a7958ba6f8388ddd0bcf44f88eb,2026-04-03 20:39:39.611947+00:00,de,orf.at,orf.at,2026-04-03,VfGH zu Schutzhundeausbildung: Innenministerium erfreut,https://orf.at/stories/3425886/
d47dfceb8f9dddac671c5d26b2018cc30526c4ff88490e98eefcd9fa8dc51c40,2026-04-03 20:39:34.313601+00:00,de,orf.at,orf.at,2026-04-03,Street-Artist KAWS erobert die Kunstwelt,https://orf.at/stories/3424794/
4f33d6df9cfbbcb6c32ee813aeb5121f0bd49d57f92789355b297b00d2825823,2026-04-03 20:39:05.294532+00:00,de,orf.at,orf.at,2026-04-03,Libanon: Drei UNO-Blauhelme bei Explosion verletzt,https://orf.at/stories/3425871/
2c93f3b7d15723e7249f76f11c5c61904499768d281876ebaed1b99ba0acfc89,2026-04-03 20:39:00.345804+00:00,de,orf.at,orf.at,2026-04-03,Bericht: Iran lehnt Treffen mit USA ab,https://orf.at/stories/3425879/
d03fb6f49f58c8362df304b130562c7431e2cac8dfe051696c82ba3f37547429,2026-04-03 20:38:55.371610+00:00,de,orf.at,orf.at,2026-04-03,"F: 1,1 Tonnen Kokain in Lkw mit Blumenerde gefunden",https://orf.at/stories/3425876/
0ed4262ab1015c5b373c79641e7601049323a27f43b4601865d18f190ee6fa12,2026-04-03 20:38:50.163913+00:00,de,orf.at,orf.at,2026-04-03,Verhaltenskodex für Gutachter geplant,https://orf.at/stories/3425841/
103bac7fe2c1282970b4d8263414e77ec371cf037d3ec49d83bcd37f3cc849b9,2026-04-03 20:38:15.659803+00:00,de,orf.at,orf.at,2026-04-03,Russland im März ohne Geländegewinne,https://orf.at/stories/3425824/
d1b3723caf5d5190af7d7aa051db85a4192ed6b4f4bd5364e54f4aff4ac9a805,2026-04-03 20:24:01.838706+00:00,de,krone.at,krone.at,2026-04-03,Chelsea suspendiert 120-Millionen-Star wegen Real,https://www.krone.at/4097707
ea13e5a23b67f412e4ff89120eb8741838fdf3efcf3283c74d093a24dfa496f8,2026-04-03 20:23:57.530265+00:00,de,krone.at,krone.at,2026-04-03,Sturm streut Gegner vor dem Hit Rosen,https://www.krone.at/4097522
0a25044f97eaeb47a71c85569d2f26dd45cafb09e2dff9e7cefa436dfdb1444d,2026-04-03 20:23:51.842787+00:00,de,krone.at,krone.at,2026-04-03,Neue und breitere Gehsteige für die Stadt Salzburg,https://www.krone.at/4097433
04bcd9d097a7485fc52d55c3be0aef14d5b58302c78deab03d472d1722711ab0,2026-04-03 20:23:43.703287+00:00,de,krone.at,krone.at,2026-04-03,Missglückte Masters-Generalprobe für Sepp Straka,https://www.krone.at/4097797
dd0b0b5054e6b54fd0832a4abce0aca13a6aead35ef4bcdad8731e58839d9be9,2026-04-03 20:23:39.070392+00:00,de,krone.at,krone.at,2026-04-03,Tor-Premieren retteten Austria Salzburg Punkt,https://www.krone.at/4097784
754f4bac2a0b7bbc87e4f24d4e0120728586dde098a82dcca75d5a090cf34ead,2026-04-03 20:23:33.770579+00:00,de,krone.at,krone.at,2026-04-03,Arroganz-Anfall! Littler sorgt für Mega-Krach,https://www.krone.at/4097734
e2f2cd43c8c260744f17c46ff1d31798f60c7e2407037a693f4e54511811ba0f,2026-04-03 20:23:29.128936+00:00,de,krone.at,krone.at,2026-04-03,Wieso Tech-Elite von Rechenzentren im All träumt,https://www.krone.at/4088445
992076fe0af69aef84ca0b5dde469118b92c0db905299b6caf4c2b9ff421905e,2026-04-03 20:23:24.188466+00:00,de,krone.at,krone.at,2026-04-03,Wir suchen Ihre schönsten Oster-Fotos!,https://www.krone.at/4097664
50f334e7a6e560af764ad1667c568545795218aaf7714ee4f3b533807924ad68,2026-04-03 20:23:19.261728+00:00,de,krone.at,krone.at,2026-04-03,Valentin Bontus vor dem Schlusstag Vierter,https://www.krone.at/4097755
21fe5d33e6c3034a486c459ed0407acc9ce85e96627331aecdf1a3d71f2cb4b4,2026-04-03 20:23:13.611777+00:00,de,krone.at,krone.at,2026-04-03,Rafreider überrascht mit Schmuse-Kommentar im ORF,https://www.krone.at/4097736
6acdabcbed66ab5ae18aba6386966bf355aef9c2b05f3f605fcb47f18d056924,2026-04-03 20:23:08.531739+00:00,de,krone.at,krone.at,2026-04-03,Siebtligist kooperiert mit Real Madrid und Bayern!,https://www.krone.at/4097130
4e3165b2df05aba4bb23bd9d371c8f9a95c3003ce1a3cfee73b43aba95fd0c39,2026-04-03 20:22:58.774191+00:00,de,krone.at,krone.at,2026-04-03,Der Total-Absturz einer ehemaligen Legende,https://www.krone.at/4096494
05887297de0e9c2cf8ab0243ee52f0a01b25f239a94a3bec5ba28183381cf885,2026-04-03 20:22:53.465032+00:00,de,krone.at,krone.at,2026-04-03,"Ein Kindheitstraum, ein Comeback und ein Vorurteil",https://www.krone.at/4097148
b7eacd62d40703fdd35a6a0de87e36a5fdfad9b1100f39728203d31d281eda1d,2026-04-03 20:22:49.022063+00:00,de,krone.at,krone.at,2026-04-03,Schlaganfall mit 44: „Ich wollte einfach leben!“,https://www.krone.at/4094800
31c6eec11ad9e1d671757453e01ae12770026453f03c22e96d34095b15c114d4,2026-04-03 20:22:43.536436+00:00,de,krone.at,krone.at,2026-04-03,Güterzug entgleist: Brennerstrecke gesperrt,https://www.krone.at/4097758
8a79b4fee89e22136f1896ce7a31f7c418aef78c7d4062616cb984fd297b4918,2026-04-03 20:22:38.587778+00:00,de,krone.at,krone.at,2026-04-03,Auto bei schwerem Unfall mit Lkw völlig zerfetzt,https://www.krone.at/4097672
b3b1ea93439b14b5175387ffaa7b928c26bf2cf51fca9c7f7690c7a7e2d3c2f1,2026-04-03 20:22:33.882705+00:00,de,krone.at,krone.at,2026-04-03,Warum Fernandes den Ex-Namen erst jetzt löschte,https://www.krone.at/4097790
8dcae39b6e1fca7ec9bfeaa3d15f431a8bddd049d80d07f62f7aeb688651ea25,2026-04-03 20:22:28.828330+00:00,de,krone.at,krone.at,2026-04-03,Salzburg kann mit Finaleinzug Geschichte schreiben,https://www.krone.at/4094393
4da35648cd0b4aa59b901e6663e59651bb9dc873609761c6b35c001e394e2842,2026-04-03 20:22:23.602325+00:00,de,krone.at,krone.at,2026-04-03,Regierung plant schärferes Gesetz gegen Spionage,https://www.krone.at/4097839
08bfb856cd5957551eef2f395dcd269c7a95c5a1a31dcc924e0d3af274418760,2026-04-03 20:22:18.455325+00:00,de,krone.at,krone.at,2026-04-03,Paukenschlag in der WKO ++ ORF in der Krise,https://www.krone.at/4097619
f0b440ed2a0247a3aa15f64a56c0fc0e37c2c91d00eb5923d38dcab895de829f,2026-04-03 20:22:13.631060+00:00,de,krone.at,krone.at,2026-04-03,Sexismus-Skandal! Neymar beleidigt Referee im TV,https://www.krone.at/4097782
d5d17c91f8f80fb62ccc69d898cbf657517cebed8269986d6b0bcf46cc677ef7,2026-04-03 20:22:09.246798+00:00,de,krone.at,krone.at,2026-04-03,"Osterhase als Millionär: Eier, Schoko & Geschenke",https://www.krone.at/4096550
151754ef253dfb75ffe8bb0ba4d2c82d523b4d43a76cb748e425ceafa422b5e8,2026-04-03 20:19:31.357567+00:00,de,krone.at,krone.at,2026-04-03,Doppel-Schock im Golf: Zweiter US-Jet abgestürzt,https://www.krone.at/4097836
123f541f985094d20a2c860ad73d94fca65ffe3266f9339205c9b47e14e9f28c,2026-04-03 20:19:15.998837+00:00,de,krone.at,krone.at,2026-04-03,Wiens Öffis stoßen längst an ihre Grenzen,https://www.krone.at/4097155
996d64f590e1dec52abea6988371e14817450f5fcb8e8f6bc8b7dab011375360,2026-04-03 20:19:11.032252+00:00,de,krone.at,krone.at,2026-04-03,Bisher wurde kaum Öl oder Gas in Molln gefunden,https://www.krone.at/4097744
65cf57320dd89ba234edd58e3b60fe163589cd6f8fbdd0c2238c0663cc4d51f2,2026-04-03 20:19:02.420484+00:00,de,krone.at,krone.at,2026-04-03,"Nah dran am Sieg, aber wieder nur Unentschieden",https://www.krone.at/4097743
4911549db6f378e65b98f08515268a3aeb93ed60e5d701811d8de9f6987b2784,2026-04-03 20:18:52.798082+00:00,de,krone.at,krone.at,2026-04-03,Ein Fußballfest mit Schönheitsfehler,https://www.krone.at/4097825
0c02842e2f31501e3a5945e4120fa0140433546e29c73df367ba8b19aae5596e,2026-04-03 20:18:40.945098+00:00,de,krone.at,krone.at,2026-04-03,Skifahrer stürzen von Dach vier Meter auf Piste ab,https://www.krone.at/4097805
69a940a5241ea8d296774830b432df1b9e2c25bad13289ce2586ec73dc3a1c99,2026-04-03 20:18:36.195747+00:00,de,krone.at,krone.at,2026-04-03,Feuerwehr kämpfte in Leoben gegen Waldbrand,https://www.krone.at/4097802
24ec07ac5c9739baca672b436bc6dd1282702d43b08f2ef65ffacaf0390ae57b,2026-04-03 20:18:27.525742+00:00,de,krone.at,krone.at,2026-04-03,US-Senatoren verteidigen NATO-Bündnis gegen Trump,https://www.krone.at/4097824
6eabe15a481ec49311241b1b123b221d99380349c3d52133f1c43415b5570afe,2026-04-03 20:17:47.424235+00:00,de,krone.at,krone.at,2026-04-03,Geklärt! Technischer Defekt löste Brand aus,https://www.krone.at/4097749
2bcb777646be395d61e3ab8a6894bd953594b044433f6ea7e3d3b898a303cbd5,2026-04-03 20:17:42.562764+00:00,de,krone.at,krone.at,2026-04-03,Cyberangriff zwingt zum Sparstift für Top-Event,https://www.krone.at/4097551
4a0e50c715466d754a41bcdeb1d8983586387db66c0df41b30bb8ceb4d05da1b,2026-04-03 20:17:16.327684+00:00,de,krone.at,krone.at,2026-04-03,Falscher Bankmitarbeiter um 10.000 Euro reicher,https://www.krone.at/4097778
5ef975b46a597d3fb55f46410eea6671015848f289e65765dec7418e6abb39b0,2026-04-03 20:17:12.958636+00:00,de,krone.at,krone.at,2026-04-03,Wetterchaos in Italien bringt Brücke zum Einsturz,https://www.krone.at/4097772
9cf9d661dab46ab22029cb45b4f08dbbc3acbd5a942118243c9b98e60774745a,2026-04-03 20:17:10.152718+00:00,de,krone.at,krone.at,2026-04-03,Heino & Retzer drehen in Velden wieder einen Film,https://www.krone.at/4097081
7cd6ce73cda992bf9fbaedbfb88f39b058b52d470d86276cec941d27c5a887da,2026-04-03 19:31:20.878800+00:00,de,orf.at,orf.at,2026-04-03,"Hunde, Katzen und Schlangen gerettet",https://kaernten.orf.at/stories/3348591/
d5331f84a0b434840ae146ec71dd44eb251250529e2227189949e778bfe7805c,2026-04-03 19:30:32.220266+00:00,de,orf.at,orf.at,2026-04-03,Baustellen-Razzien: Viele Verstöße aufgedeckt,https://kaernten.orf.at/stories/3348604/
576bbbabe425c626aa9fcd0deea6b328b419b683281d452bb43870edb237a644,2026-04-03 19:30:21.092097+00:00,de,orf.at,orf.at,2026-04-03,Superintendentin: Hoffnung auf Frieden,https://kaernten.orf.at/stories/3348551/
3ffe19b99f055ef295fd2891eb816d669bef600f59d9d5777a6c7e716cf4a588,2026-04-03 19:30:11.334863+00:00,de,orf.at,orf.at,2026-04-03,Pläne für Biogas-Werk in Klagenfurt,https://kaernten.orf.at/stories/3348599/
86391e3a46f5ed959d3b2f64948ff5c40e3aaa9836768399b10a7fee2d5013b1,2026-04-03 19:30:05.763273+00:00,de,orf.at,orf.at,2026-04-03,Worauf bei Osterfeuern zu achten ist,https://kaernten.orf.at/stories/3348456/
24985b233a97b20da70c1c94d76dc4e2d43689f4224e62f7d79c9b5d85ae6f12,2026-04-03 19:29:53.116180+00:00,de,orf.at,orf.at,2026-04-03,LKH Villach testet Roboter in der Pflege,https://kaernten.orf.at/stories/3348549/
86ca4293ea7687d8671a696a75dac005a060d72fa3be4a253a3f4c5955a37408,2026-04-03 17:34:18.654605+00:00,de,krone.at,krone.at,2026-04-03,Brand im Alpenzoo: „Fröschl-Haus“ wurde gesperrt,https://www.krone.at/4097693
3b46a5a20ec6d691f91153487e13241debcbdb9961f8a7dd577cd3b97e04172b,2026-04-03 17:34:13.937001+00:00,de,krone.at,krone.at,2026-04-03,Grünen-Chefin fordert 100 neue Windräder pro Jahr,https://www.krone.at/4097094
6e05797fe2223fbfdf92760fdb1c90bdbacb3237cdf5166f05e86971a2c4ce3d,2026-04-03 17:34:08.565149+00:00,de,krone.at,krone.at,2026-04-03,Wirtepaar für beliebtes Kult-Gasthaus gefunden,https://www.krone.at/4097671
107f02a251cd611c2c18e7eb26a33dc223cf8e25c5efe58402eec3b76ea94aa9,2026-04-03 17:34:04.027536+00:00,de,krone.at,krone.at,2026-04-03,US-Militär überfliegt Österreich – trotz Verbot!,https://www.krone.at/4097703
70a1d8f3f51344667c31bbd54d362a55b5539be50a85309500a63d6327eeacfb,2026-04-03 17:33:43.468839+00:00,de,krone.at,krone.at,2026-04-03,Mordalarm in Wien: Verweste Leiche entdeckt,https://www.krone.at/4097759
59cfe2dc246aa925f2eedefb301590f1e2b560dae429470edf12d612a498a917,2026-04-03 17:33:28.407687+00:00,de,krone.at,krone.at,2026-04-03,"„Diese Inflation, die haben wir jetzt picken“",https://www.krone.at/4097204
d446345536cac99e34be96c4d542c60f2669e1b161b35324c822e0a3a828ea10,2026-04-03 17:33:01.301755+00:00,de,krone.at,krone.at,2026-04-03,Osterspaziergang auf das Hilaribergl in Kramsach,https://www.krone.at/4096388
07878add1bfe02efb8c7ebc66e1bda46add89f68bc215bbc6ee187884c4fd0f7,2026-04-03 17:32:50.516491+00:00,de,krone.at,krone.at,2026-04-03,Spritpreisbremse ist nach nur 24 Stunden verpufft,https://www.krone.at/4097605
af72d6ff7e1af9d7e9399d04d6e7063ea4b91a7286b2cd18a8abaed02366c592,2026-04-03 17:32:39.517261+00:00,de,krone.at,krone.at,2026-04-03,Weitere Schule verbietet jetzt Nikotin-Zahnstocher,https://www.krone.at/4097183
7a36d56f9dccc928c02df012bf773a0e995b603c77b6e796519a72c0c45fb9b9,2026-04-03 17:32:34.529067+00:00,de,krone.at,krone.at,2026-04-03,„Don Juan“ blitzte ab und kassierte auch Prügel,https://www.krone.at/4097503
c30b9c66ad4da6479615d9d5b7c73946a7bb4c9402bb25cef0feab63dceab4e0,2026-04-03 17:32:29.437352+00:00,de,krone.at,krone.at,2026-04-03,12 Millionen im Lotto: Gewinn aber nicht abgeholt,https://www.krone.at/4097756
c719cdd7321ad2ece97936c5be4ae9b7156e48c98f792543dd15db0dd3c9e109,2026-04-03 17:32:24.300735+00:00,de,krone.at,krone.at,2026-04-03,Österreich-Modell beschert Deutschen Rekordpreis,https://www.krone.at/4097670
d8bbf09f87d5207c3b61f6046fcd70aca6ae21696564621c83da2b7f107eb17b,2026-04-03 17:32:19.432064+00:00,de,krone.at,krone.at,2026-04-03,Wenn Teile des Weltalls vom Himmel fallen,https://www.krone.at/4096715
5f6b9f7e0a29fd7c1427caa0b2d2840b3dbd0936dc930d858f79453b6a5c358d,2026-04-03 17:32:14.324425+00:00,de,krone.at,krone.at,2026-04-03,„Samba-Flair“ lässt Vöslauer von Titeln träumen,https://www.krone.at/4097757
731082f34f81e37232e74f92eada9bcd94e4c982c681357a8b05f48edd574a9b,2026-04-03 17:32:09.306819+00:00,de,krone.at,krone.at,2026-04-03,Fußball-Revolution! Jetzt sprechen die Bosse,https://www.krone.at/4097659
77ddf1a7280f42ac313d5089f70bb23cb541d4636bf6396ae7e43936f9c3f849,2026-04-03 17:32:03.531654+00:00,de,krone.at,krone.at,2026-04-03,Bei den Promis purzelten die Kilos nur so runter,https://www.krone.at/4097533
24fca916bb58e93198424cc238065297a0a6d547caf3d40535bc668011cc2c89,2026-04-03 17:31:34.784602+00:00,de,krone.at,krone.at,2026-04-03,LIVESTREAM: Parndorfer müssen gegen FavAC ran,https://www.krone.at/4097745
ced3ff100d414f18dbeafddba84245fd3ff89126cbc05554d2eac2a005e28249,2026-04-03 17:27:32.511967+00:00,de,derstandard.at,derstandard.at,2026-04-03,Golfer Tiger Woods telefonierte nach Autounfall offenbar mit Trump,https://www.derstandard.at/consent/tcf/story/3000000315395/golfer-tiger-woods-telefonierte-nach-autounfall-offenbar-mit-trump?ref=rss
0f6798515011a4c034e35a9a6e6d789460ddcb3c22f41eb71f70244be5745f35,2026-04-03 17:27:27.488033+00:00,de,derstandard.at,derstandard.at,2026-04-02,Echte Kreuzigungen und riesige Prozessionen: Wie die Welt die Karwoche feiert,https://www.derstandard.at/consent/tcf/story/3000000315295/echte-kreuzigungen-und-riesige-prozessionen-wie-die-welt-die-karwoche-feiert?ref=rss
5f4cf27f48b72c76eb91ab4bb2391ace7fb8829268cc9fa20cd99c68b6ae0036,2026-04-03 17:27:17.734860+00:00,de,derstandard.at,derstandard.at,2026-04-03,Weltranglisten-10. Andrejewa neue Nr. 1 des Linz-Turniers,https://www.derstandard.at/consent/tcf/story/3000000315388/weltranglisten-10-andrejewa-neue-nr-1-des-linz-turniers?ref=rss
503b96a437b6fe6e14b9389bc81d07909c3376d182dcb4c4f63183233c3fbea7,2026-04-03 17:27:07.399949+00:00,de,derstandard.at,derstandard.at,2026-04-03,Nach der Entlassung von US-Justizministerin Bondi: Wen könnte Trump als Nächstes feuern?,https://www.derstandard.at/consent/tcf/story/3000000315344/nach-der-entlassung-von-us-justizministerin-bondi-wen-koennte-trump-als-naechstes-feuern?ref=rss
1da978f3ab98706e8bf7736431e10772eeee4a70f7237b52d4fee3b0ccf99002,2026-04-03 17:27:02.069156+00:00,de,derstandard.at,derstandard.at,2026-04-03,"Finanzhilfen, Vier-Tage-Wochen, Rationierungen: wie Staaten weltweit auf die Energiekrise reagieren",https://www.derstandard.at/consent/tcf/story/3000000315283/finanzhilfen-vier-tage-wochen-rationierungen-wie-staaten-weltweit-auf-die-energiekrise-reagieren?ref=rss
d5ed05a1c971bd562c36e9aa9a0470ffb509654453264365c2957cda1dcc10d1,2026-04-03 17:26:57.725760+00:00,de,derstandard.at,derstandard.at,2026-04-03,Kriminalisten-Legende Maximilian Edelbacher gestorben,https://www.derstandard.at/consent/tcf/story/3000000315393/kriminalisten-legende-maximilian-edelbacher-gestorben?ref=rss
eb8fd8e06cc51bfb2fd2a29729c45dee13a2fa325f5c42d301c8d9c7cc0e22fe,2026-04-03 17:26:52.051386+00:00,de,derstandard.at,derstandard.at,2026-04-03,Apples 50. Jubiläum: Ein Hauch von Steve Jobs für 9.600 Dollar,https://www.derstandard.at/consent/tcf/story/3000000315366/apples-50-jubilaeum-ein-hauch-von-steve-jobs-fuer-9600-dollar?ref=rss
32349552ecac29485367043e487000c63543301b6bf2f4c6f4f47ea951cd9435,2026-04-03 17:26:42.246970+00:00,de,derstandard.at,derstandard.at,2026-04-03,"Ein Sachcomic erklärt, wie George Lucas ""Star Wars"" schuf",https://www.derstandard.at/consent/tcf/story/3000000315367/ein-sachcomic-erklaert-wie-george-lucas-star-wars-schuf?ref=rss
3e321288a5e10a2667bebbe4f2948ffb59f17f66c6165a137569b21b0800bab5,2026-04-03 17:26:37.334524+00:00,de,derstandard.at,derstandard.at,2026-04-03,Loyalität ist nicht genug: Für Trump zählt nur der eigene Vorteil,https://www.derstandard.at/consent/tcf/story/3000000315391/loyalitaet-ist-nicht-genug-fuer-trump-zaehlt-nur-der-eigene-vorteil?ref=rss
60071892c1ea7d8c568810835f3da3929c06b2d74550aaf5da1b7615c6684445,2026-04-03 17:26:32.293588+00:00,de,derstandard.at,derstandard.at,2026-04-02,KHM kürzte Ambras massiv das Geld: Das Fürstenschloss als Hungerburg,https://www.derstandard.at/consent/tcf/story/3000000315240/khm-kuerzte-ambras-massiv-das-geld-das-fuerstenschloss-als-hungerburg?ref=rss
242897875ddf3e3f06f8e453488a72bf93f97c5cc21c013ccde61154fae4e9ff,2026-04-03 17:26:27.290833+00:00,de,derstandard.at,derstandard.at,2026-04-03,"Ist ""der Westen"" erledigt?",https://www.derstandard.at/consent/tcf/story/3000000315308/ist-der-westen-erledigt?ref=rss
c21be0e94a763aba515b4bfe8ff59bf203b4c13ec4e0c5e911e9eee5a71f921b,2026-04-03 17:26:17.275854+00:00,de,derstandard.at,derstandard.at,2026-04-03,Ein Monat Krieg im Libanon – und kein Ende in Sicht,https://www.derstandard.at/consent/tcf/story/3000000315304/ein-monat-krieg-im-libanon-und-kein-ende-in-sicht?ref=rss
45d8c92457885bc3dc58eed9c51756d4709e00fc13a3a015f567cec7b6e47f0d,2026-04-03 17:26:12.057852+00:00,de,derstandard.at,derstandard.at,2026-04-03,Wie der weitere Plan der Mondmission Artemis 2 aussieht,https://www.derstandard.at/consent/tcf/story/3000000315384/wie-der-weitere-plan-der-mondmission-artemis-2-aussieht?ref=rss
b203db3366e4833300c694b085bb4176f14dd8dae43883f126c40048244cdd29,2026-04-03 17:26:07.072611+00:00,de,derstandard.at,derstandard.at,2026-04-03,Parsifals Pilgerfahrt durch die eigene Biografie in der Staatsoper,https://www.derstandard.at/consent/tcf/story/3000000315399/parsifals-pilgerfahrt-durch-die-eigene-biografie-in-der-staatsoper?ref=rss
3fde01309726c74a6e403c8238a29c3ba45c0a747c184e5bb528d4f2f1906ab1,2026-04-03 17:26:02.063317+00:00,de,derstandard.at,derstandard.at,2026-04-03,Regierung und Kirche in Serbien wollen Universität gründen,https://www.derstandard.at/consent/tcf/story/3000000315401/regierung-und-kirche-in-serbien-wollen-universitaet-gruenden?ref=rss
d96e3054385818c1abf529abac8818c83e00c003de1c028ae9cceca9e44e066f,2026-04-03 17:25:52.018753+00:00,de,derstandard.at,derstandard.at,2026-04-02,Ultracycler Christoph Strasser und sein Sieg beim Rennen ins Ungewisse,https://www.derstandard.at/consent/tcf/story/3000000315286/ultracycler-christoph-strasser-und-sein-sieg-beim-rennen-ins-ungewisse?ref=rss
e706ea357c0a99696d57b0cdd217b5d3b5a8253ac1673448af76b715f31d6766,2026-04-03 17:25:46.950107+00:00,de,derstandard.at,derstandard.at,2026-04-03,"Martha Schultz entmachtet ihre Vizes im ÖVP-Wirtschaftsbund, darunter Walter Ruck – zumindest ein bisschen",https://www.derstandard.at/consent/tcf/story/3000000315376/entmachtet-dieneue-wirtschaftskammerchefin-schultz-entmachtet-offenbar-stellvertreter-im-oevp-wirtschaftsbund-auch-walter-ruck?ref=rss
8da9b08f878f2da1c14203a691de0ec27693e441efc2c72b016e0e623061f0d4,2026-04-03 17:25:42.075838+00:00,de,derstandard.at,derstandard.at,2026-04-03,"Verfahren gegen Rima Hassan: Frankreichs ""Unbeugsame"" im Visier",https://www.derstandard.at/consent/tcf/story/3000000315394/verfahren-gegen-rima-hassan-frankreichs-unbeugsame-im-visier?ref=rss
a61bc9ac0227688cead9431ec72ecc4eb82e2aa888908cf199bae3a46d607d80,2026-04-03 17:25:37.251262+00:00,de,derstandard.at,derstandard.at,2026-04-01,"""Sobald das Signal abbricht, suchen wir Schutz"": 2025 brachte Rekord an Internetsperren",https://www.derstandard.at/consent/tcf/story/3000000315109/sobald-das-signal-abbricht-suchen-wir-schutz-2025-brachte-rekord-an-internetsperren?ref=rss
cdec3a252c1cf08c496384ee6418ea6210a1c9875cd2302944087a60c2e59559,2026-04-03 17:25:31.980522+00:00,de,derstandard.at,derstandard.at,2026-04-03,43 Tote bei Angriff durch IS-nahe Miliz im Ostkongo,https://www.derstandard.at/consent/tcf/story/3000000315402/43-tote-bei-angriff-durch-is-nahe-miliz-im-ostkongo?ref=rss
757efa99084b37805a1f7e1b0b8f8d716a2054dc246c0a96d07b0353155e9f02,2026-04-03 17:25:27.721531+00:00,de,derstandard.at,derstandard.at,2026-04-03,Washington tuschelt über Crossdressing des Ehemanns von Ex-Heimatschutzministerin Noem,https://www.derstandard.at/consent/tcf/story/3000000315410/washington-tuschelt-ueber-crossdressing-des-ehemanns-von-ex-heimatschutzministerin-noem?ref=rss
b7ca6aee51d13d668d130e8c22bab8446d93c849286667e7d458d50f10adbc2e,2026-04-03 17:25:17.382131+00:00,de,derstandard.at,derstandard.at,2026-04-02,Wärmepumpen trotz gekürzter Förderung neuerdings wieder stark gefragt,https://www.derstandard.at/consent/tcf/story/3000000315266/waermepumpen-trotz-gekuerzter-foerderung-neuerdings-wieder-stark-gefragt?ref=rss
2cecd7d914b9cff6d0180d20d975f698de5adeb74033e1f19178b95058547069,2026-04-03 17:25:01.984468+00:00,de,derstandard.at,derstandard.at,2026-04-03,"Blamage, Staatsaffäre, Grande Confusione: Gattuso nicht mehr Italiens Teamchef",https://www.derstandard.at/consent/tcf/story/3000000315387/blamage-ruecktritte-staatsaffaere-grande-confusione-in-italien?ref=rss
9f0090f0e9af06cfe5e5e60366f796e1714b8b7045418f4a1378c407233af9b1,2026-04-03 17:24:52.091440+00:00,de,derstandard.at,derstandard.at,2026-04-03,Helga Schmid hält den Weltrekord im Eier-Bemalen – und denkt nicht ans Aufhören,https://www.derstandard.at/consent/tcf/story/3000000315280/helga-schmid-haelt-den-weltrekord-im-eier-bemalen-und-denkt-nicht-ans-aufhoeren?ref=rss
a23a01d54cccbed587ed36f3bda49ba14ad78942b9fb9b8ddf154f561ed31a5b,2026-04-03 17:24:46.922582+00:00,de,derstandard.at,derstandard.at,2026-04-03,Kein Überflug für Trumps Krieg,https://www.derstandard.at/consent/tcf/story/3000000315369/kein-ueberflug-fuer-trumps-krieg?ref=rss
a05208cd505f9718e7a416c2aacb1b8e66048c82d1633cc02507401c1889f72b,2026-04-03 17:24:42.010668+00:00,de,derstandard.at,derstandard.at,2026-04-02,Vom Lappen zum Lead-Investor: Mein Weg zum Tech-Bro,https://www.derstandard.at/consent/tcf/story/3000000315220/vom-lappen-zum-lead-investor-mein-weg-zum-tech-bro?ref=rss
489d042bf8bdea9e6565ee6d40e14193282248b4cfb711855ed21e5e5b14a669,2026-04-03 17:24:37.371344+00:00,de,derstandard.at,derstandard.at,2026-04-02,Kodex soll Gutachter der Pensionsversicherung zu respektvollem Umgang motivieren,https://www.derstandard.at/consent/tcf/story/3000000315189/kodex-soll-gutachter-der-pensionsversicherung-zu-respektvollem-umgang-motivieren?ref=rss
cba119c70900834140dd4ee0f802917f32cffe88694d71347c832d7e24dbd4ea,2026-04-03 17:24:32.052346+00:00,de,derstandard.at,derstandard.at,2026-04-03,Greift Trump über Ostern nach strategisch wichtigen Inseln des Iran?,https://www.derstandard.at/consent/tcf/story/3000000315412/greift-trump-ueber-ostern-nach-strategisch-wichtigen-inseln-des-iran?ref=rss
2766d3c2503d74f2bd00d4a8eea2b760fef6674751fe0dd9b1aeb781b9aa2efd,2026-04-03 17:24:27.077333+00:00,de,derstandard.at,derstandard.at,2026-04-03,Europa muss sich selbst helfen,https://www.derstandard.at/consent/tcf/story/3000000315361/europa-muss-sich-selbst-helfen?ref=rss
5d96f3ca6fdda6828082ea794fb9e777f7d38b9a49394fe4f7b0c1d8bcb395a6,2026-04-03 17:24:17.127566+00:00,de,derstandard.at,derstandard.at,2026-04-02,Kritik an der Praxis der Pensionsversicherung muss ernster genommen werden,https://www.derstandard.at/consent/tcf/story/3000000315299/kritik-an-der-praxis-der-pensionsversicherung-muss-ernster-genommen-werden?ref=rss
fdca77506ecd1637d732c6910515f806e031652e22fa791a2fffea3fe8ac8f64,2026-04-03 17:24:12.075707+00:00,de,derstandard.at,derstandard.at,2026-04-03,Erneut Kritik der Grünen an Personalvertreter-Zulagen,https://www.derstandard.at/consent/tcf/story/3000000315414/personalvertreter-zulagen-erneut-kritik-der-gr252nen?ref=rss
8346acbee41e5c46d8a2d74c15b846b40ac5d93d3ea9ebfdb7dac17e5ed83670,2026-04-03 17:24:02.089011+00:00,de,derstandard.at,derstandard.at,2026-04-03,Prozess um bissige Betrunkene und zwei hilfsbereite Polizisten,https://www.derstandard.at/consent/tcf/story/3000000315396/prozess-um-bissige-betrunkene-und-zwei-hilfsbereite-polizisten?ref=rss
9f7132c01c093d9d7ae89333c1d1416a2e7901a5884ec9371614c8e255bbf705,2026-04-03 16:23:17.612266+00:00,de,orf.at,orf.at,2026-04-03,Zulagen für Personalvertreter: Harsche Kritik der Grünen,https://orf.at/stories/3425833/
38861680ab9ec3db72f3f6136149ddfd5082aee5af14e7699d305486abca78ce,2026-04-03 16:23:11.918622+00:00,de,orf.at,orf.at,2026-04-03,Energiekrise: Wirtschaftsweise Grimm für Tempolimit,https://orf.at/stories/3425843/
d4809eeafdbb60242fd1d685dc240b01b72ffa5f02f4d8c81bfa8fa86452e4b6,2026-04-03 16:23:08.636921+00:00,de,orf.at,orf.at,2026-04-03,Kiew: Russland greift mit Hunderten Drohnen und Raketen an,https://orf.at/stories/3425849/
f6dde850406a6e17b3685be1cacd84fb96f6a32652ca78b213f3e778c0254dbc,2026-04-03 16:23:01.658987+00:00,de,orf.at,orf.at,2026-04-03,USA zerstören größte Brücke im Iran,https://orf.at/stories/3425823/
45271a442486c9b56a023442c62905ac96f50fe12401d416d3fa32338a87b09a,2026-04-03 16:22:51.960486+00:00,de,orf.at,orf.at,2026-04-03,US-Arbeitsmarkt erholte sich im März überraschend,https://orf.at/stories/3425856/
cd6cb807dcfbc1cc9e21bed451a741d585049236004b445c37d315a1a08e77e5,2026-04-03 16:22:47.394504+00:00,de,orf.at,orf.at,2026-04-03,Uganda nimmt erstmals Abgeschobene aus USA auf,https://orf.at/stories/3425859/
366688f772cef8a14791ffa84cacac9efeb51dbfd1ae781f6477a710939c124a,2026-04-03 16:22:29.323659+00:00,de,orf.at,orf.at,2026-04-03,Frachter von französischer Reederei passiert Straße von Hormus,https://orf.at/stories/3425842/
5363e848612be2c3a7efaa76d41f0e3a6b4dce4474796bca24c6a28e9b1e7753,2026-04-03 16:22:24.150295+00:00,de,orf.at,orf.at,2026-04-03,Iran meldet Abschuss von US-Kampfjet: USA bestätigen,https://orf.at/stories/3425858/
ae017cc49d64ada3229dce3b56d1d3f8034ca077b57934e234c688f4c76414a3,2026-04-03 16:22:17.316082+00:00,de,orf.at,orf.at,2026-04-03,US-Militärjets überflogen Österreich,https://orf.at/stories/3425867/
f07b87832509025b69091b15877e40fad710646dbbb988126be5ad46caf9e031,2026-04-03 16:22:12.033573+00:00,de,orf.at,orf.at,2026-04-03,US-Band Turnstile: Ex-Gitarrist fuhr Vater des Sängers nieder,https://orf.at/stories/3425846/
34907c438f1e04e5e0f7fb68a6e2fe3a14c9610d867f3e897a785ac622242ef0,2026-04-03 16:22:07.063480+00:00,de,orf.at,orf.at,2026-04-03,Schultz reduziert Zahl der Stellvertreter,https://orf.at/stories/3425834/
428a890c44418f76211a4a7fb9f798c4bd1f2a982c39b871600be2a27dbedcdd,2026-04-03 16:22:01.993900+00:00,de,orf.at,orf.at,2026-04-03,USA bestätigen Abschuss von Kampfjet,https://orf.at/stories/3425864/
fb180de7e4dee24508288d5c1f14a07ae93291007193aa47c41d54b6c5c209ea,2026-04-03 16:21:57.241407+00:00,de,orf.at,orf.at,2026-04-03,"Weißes Haus will Verteidigungsbudget von 1,5 Billionen Dollar",https://orf.at/stories/3425861/
c03085dbeec7f4f01f3e38ccc30392bf91bd9d66cc25db46c42c5b3b1e0ebfac,2026-04-03 16:21:52.237909+00:00,de,orf.at,orf.at,2026-04-03,Meloni überraschend zu Besuch in Golfregion,https://orf.at/stories/3425865/
388a3edd81968a2830cf9442a40820acf727d4d1640fd589e5c76a4c75f5ff77,2026-04-03 16:21:39.511847+00:00,de,orf.at,orf.at,2026-04-03,Kritik an Gutachten: Ministerin will nachbessern,https://orf.at/stories/3425839/
2515a57d61c731dd0437163d3140ea86cb96bc1caf5fd5201d90e16874f859ca,2026-04-03 16:21:20.079852+00:00,de,orf.at,orf.at,2026-04-03,Erzbischof macht auf Leid in Kriegsländern aufmerksam,https://salzburg.orf.at/stories/3348533/
7c9675dbae44177ef56b8de6a0745fbce2cb0b073eee9b1b13a0ebd522760713,2026-04-03 16:20:56.285555+00:00,de,orf.at,orf.at,2026-04-03,Schmittentunnel ab übernächster Woche gesperrt,https://salzburg.orf.at/stories/3348585/
1146e0453b9d74a1a011a2aef9659971b15a698243ac087db2b5f7baa5e72b15,2026-04-03 16:20:32.368430+00:00,de,orf.at,orf.at,2026-04-03,Osterreiseverkehr bisher ruhiger als erwartet,https://salzburg.orf.at/stories/3348594/
baa081dfd10643f4aa4cd2ad289c3709b9d2f033859984978442eb1f601a914b,2026-04-03 16:20:01.409388+00:00,de,orf.at,orf.at,2026-04-03,Großeinsatz: Schlägerei am Bahnhof,https://salzburg.orf.at/stories/3348547/
3c7c41ab846f3a78a2840af50df4d41944b87fbf50fdf402520b8e096a459e74,2026-04-03 16:19:52.142002+00:00,de,orf.at,orf.at,2026-04-03,„Buntleger“-Eier immer beliebter bei Direktvermarktern,https://salzburg.orf.at/stories/3348655/
fc5483f4ba2e8b99fa2145e17dee9c7c3f62f9bad41f451c42972aedd66b21f5,2026-04-03 16:19:47.583418+00:00,de,orf.at,orf.at,2026-04-03,Buchmüller verliert Funktion im Wirtschaftsbund,https://salzburg.orf.at/stories/3348632/
7314fd14aa2b552a4fcec766f523e8cd0159dfe52a1b5d94ad6b3b7c0efdcd5c,2026-04-03 16:19:30.738695+00:00,de,orf.at,orf.at,2026-04-03,Zecken breiten sich immer schneller und weiter aus,https://salzburg.orf.at/stories/3348554/
ef5c468bef69921bdb6c408997e1e0dd21f01ca5663f33b58310cda6e99e548e,2026-04-03 16:19:25.608897+00:00,de,orf.at,orf.at,2026-04-03,Stadt Salzburg verbreitert ihre Gehsteige,https://salzburg.orf.at/stories/3348606/
f20843b79a5731d99886d892d5ad2c580a266b7bfe75daf24cf43bd48b09e95a,2026-04-03 16:19:13.461557+00:00,de,orf.at,orf.at,2026-04-03,Stallpflicht für Geflügel endet,https://salzburg.orf.at/stories/3348527/
08827ca4c85a52aa8d6746a1dc6b4490b35799f8bf68459a20516f47a1205ac3,2026-04-03 16:19:02.175682+00:00,de,orf.at,orf.at,2026-04-03,Nach Belästigungen: Sauna für Damen ganztags,https://salzburg.orf.at/stories/3348576/
60af37d3f5f29c214f4bd025a50833dddc4becd939c520bcbfa00b612c81f4fd,2026-04-03 15:55:42.389143+00:00,en,krone.at,krone.at,2026-04-03,"The performance of your life in front of 17,000 people",https://www.krone.at/3322316
7e8a232cebae298559cc411c9e952270f9ae72e91d8ee6ed3aeaf9a0986b3c6c,2026-04-03 15:52:59.887812+00:00,de,krone.at,krone.at,2026-04-03,Barca-Boss fuchsteufelswild und attackiert FIFA,https://www.krone.at/4097027
664c94efb2aa486e1d8a1653cb7be15960a122ae609af99dbc539d1b79d49b49,2026-04-03 15:52:54.968823+00:00,de,krone.at,krone.at,2026-04-03,"„Ein Spieler, wie jeder andere im Team auch“",https://www.krone.at/4095556
256bd57883d84b762edb8160da0693a27a7b66b7c75af0158cfd33e13beccced,2026-04-03 15:52:49.807138+00:00,de,krone.at,krone.at,2026-04-03,"Schultz greift durch, ORF-Umfrage und Oster-Trends",https://www.krone.at/4097361
fc3da7666c254039e0ba01f5db115e4579d03389a2b4abb99b6efaa01978ede0,2026-04-03 15:52:44.955342+00:00,de,krone.at,krone.at,2026-04-03,Promi-Hilfe für großen Osterzauber im „Nikodemus“,https://www.krone.at/4097173
92bf53692e6cda448905f0d3358494cc81b89834de2d84bca0b3a6693e8be52d,2026-04-03 15:52:39.883875+00:00,de,krone.at,krone.at,2026-04-03,Samsung-App verspricht Linderung bei Reiseübelkeit,https://www.krone.at/4097356
382023c0b5a2087f10b09b2ea0565d637a5a22968bab3533beef728e0c3639e8,2026-04-03 15:52:29.899802+00:00,en,krone.at,krone.at,2026-04-03,HPV infection also means danger for men!,https://www.krone.at/3329133
963ebf14d07194ea5f1597077abee624d59e1e2d878a8874df13e3d4eb403998,2026-04-03 15:52:24.940550+00:00,de,krone.at,krone.at,2026-04-03,„Wohl vorbei“ – Vonn und Svindal trennen sich!,https://www.krone.at/4097379
009dca7d104bfd05a92e197ae2efb459d410d00a155da7b566c4639af8d77260,2026-04-03 15:52:20.264485+00:00,de,krone.at,krone.at,2026-04-03,Mutige Prophezeiung in Zeiten des Golfkriegs,https://www.krone.at/4096873
dc10c247c057f176ddf47734b05e11cce5df9f36eb51df41a4f39e0fbafbe846,2026-04-03 15:52:14.869033+00:00,de,krone.at,krone.at,2026-04-03,Braucht Österreich mehr Windräder?,https://www.krone.at/4097234
13785bc30629657e96cd4474f4f15169a82530e1e928e3872de73b35ec1372a3,2026-04-03 15:52:10.339146+00:00,de,krone.at,krone.at,2026-04-03,So landete Privatbrauerei ihren „Königstransfer“,https://www.krone.at/4096674
06d719a4ca1a87eac70d53d7bb0b1f2b75726513da47f3378fbcce304b28147d,2026-04-03 15:52:04.817700+00:00,en,krone.at,krone.at,2026-04-03,Shocking news for FC Bayern: Harry Kane is out,https://www.krone.at/4097327
55d69ba49a194dcccb2be1ff7370c54cebb14f11febad144b4271ef4b6b7b53c,2026-04-03 15:52:00.182574+00:00,de,krone.at,krone.at,2026-04-03,Kommt nach Abfuhr abgespecktes Hotelprojekt?,https://www.krone.at/4096554
7729f5c45897a490afbc78753e20df41002f26abd357a7af0da938c6fc5bc008,2026-04-03 15:51:54.946328+00:00,de,krone.at,krone.at,2026-04-03,Offiziell! Gattuso ist nicht mehr Italien-Teamchef,https://www.krone.at/4097498
b4a37a5a892daee6faa662c5c3ffac5e6a8ad63a66cc5058dfe46b59c9c69b17,2026-04-03 15:51:49.866205+00:00,de,krone.at,krone.at,2026-04-03,"Denn die Eisbullen wissen nicht, was sie tun",https://www.krone.at/4097171
6096993dd78a27c0f4d02ecff0ec1a0e9dcc9af9c5d4fbab025d18b286477ca1,2026-04-03 15:51:44.933487+00:00,de,krone.at,krone.at,2026-04-02,Trump und sein Hofstaat haben sich völlig verrannt,https://www.krone.at/4096156
17601d6ebf440c0a02a25490d373a3276c5c9e92bc4a9ebfdddd0905f73a94d3,2026-04-03 15:51:40.150525+00:00,de,krone.at,krone.at,2026-04-03,Alkohol und Drogen: 21 Führerscheine abgenommen,https://www.krone.at/4097132
befe3f420b3e7dd79b1b87e213c75c33c3ca680c2c81589fa185e491c82892bf,2026-04-03 15:51:35.003658+00:00,de,krone.at,krone.at,2026-04-03,Neuer Klub! Fußball-Revolution in Bischofshofen,https://www.krone.at/4096785
1b6b8f96faec1e8245288d569a029396f91a59180df91920cc2a714c25ef6a53,2026-04-03 15:51:30.022893+00:00,de,krone.at,krone.at,2026-04-03,Ried-Volleyballer: Schritt aus Fußballer-Schatten,https://www.krone.at/4097082
5a4bb5b9e613db93caac8ba0b4462e7b02d80a65df6accc1714de51b26576847,2026-04-03 15:51:25.231328+00:00,de,krone.at,krone.at,2026-04-03,Aufatmen bei 99ers! Leichte Entwarnung beim Hexer,https://www.krone.at/4097277
4e21f93fbbfbddcdd7ac11afefd37d551b5091a28a4682356664aca391be09eb,2026-04-03 15:51:19.882518+00:00,de,krone.at,krone.at,2026-04-03,Fivers visieren trotz Sorgen Heim-Finalevent an,https://www.krone.at/4097474
c9f1785c60905b9ce29369a0570c094000017bcc35bf80a3e5d0adc34399c7bf,2026-04-03 15:51:14.937191+00:00,de,krone.at,krone.at,2026-04-03,Heißer Rundgang von Landesrat mit Klinik-Kämpfern,https://www.krone.at/4096717
dec3da5f1fe82dc6943c81599709f41a50bf528065c0c421408a7165710c3457,2026-04-03 15:51:09.943527+00:00,de,krone.at,krone.at,2026-04-03,Mercedes GLE: Update statt Abschied für SUV/Coupé,https://www.krone.at/4096783
1f25f133982e3d8d382b08983fb97d60dc96d01cbd2e1ae08247178f221d3e2b,2026-04-03 15:51:05.104645+00:00,de,krone.at,krone.at,2026-04-03,Mit diesen Highlights wartet Disney+ auf!,https://www.krone.at/4097313
467fdcbc40593cf045e3a9b9da22bd654b857d69bfd0777a6c05d55f6fded8d1,2026-04-03 15:51:00.549698+00:00,de,krone.at,krone.at,2026-04-03,Paukenschlag beim FC Bayern: Harry Kane fällt aus,https://www.krone.at/4097319
d7485631550a5a0f56407fccf4d96773b69eb49cc05600bc61d016b86974e3c3,2026-04-03 15:46:27.459480+00:00,de,krone.at,krone.at,2026-04-03,Hohe Preise für Agrardiesel bereiten Bauern Sorgen,https://www.krone.at/4097427
5fcc0f4fa2df613adf2d9b59ac7808fc429fa662a3cce45693630bc732209791,2026-04-03 15:46:22.413396+00:00,de,krone.at,krone.at,2026-04-03,Aus und vorbei! ÖSV-Ass beendet Karriere,https://www.krone.at/4097470
a2e82e260781c9684edd3f58d9d24d0db56f7e5006a56e43e6c668d1170e8f9b,2026-04-03 15:46:17.500426+00:00,en,krone.at,krone.at,2026-04-03,All 62 of ORF’s top earners at a glance,https://www.krone.at/4094155
a1372e9fdb967165a290b2fa745fd5d4d038f725bd6d76bee91439f04ec2e786,2026-04-03 15:46:12.733411+00:00,de,krone.at,krone.at,2026-04-03,Getunter E-Scooter: Raser flüchtete mit 70 km/h,https://www.krone.at/4097003
a09478ac0e6d09f3a7375e8e3d51186efbe0614621326d2bdedc5e549b2e5e38,2026-04-03 15:46:07.471120+00:00,de,krone.at,krone.at,2026-04-03,„Der Druck liegt eindeutig bei der Admira“,https://www.krone.at/4096735
bb994a66ba452cbe6d36c1ebd06bb2c46ddca54d83b568b6c8d7beaaed9046cf,2026-04-03 15:46:02.463867+00:00,de,krone.at,krone.at,2026-04-03,Prozess um Kinderpornos: „Wollte nur Mädchen 18+“,https://www.krone.at/4097466
160f946330676c5965c651abcea98a2bba952bb60acfd9612693ba7340d300ee,2026-04-03 15:45:57.821020+00:00,de,krone.at,krone.at,2026-04-03,Jessica Simpson nach Ehe-Aus frisch verliebt,https://www.krone.at/4097395
d02a0e32c1f4793d1a27daf89e1d1c63e1e48b4a7af176d8a5ef855776cadcd3,2026-04-03 15:45:52.946367+00:00,de,krone.at,krone.at,2026-04-03,Woods telefonierte direkt nach Unfall mit Trump,https://www.krone.at/4097202
df209d6c21ee68181396c201773b292cacb3e7a4b2c6fd7d81cba89ff8764205,2026-04-03 15:45:47.745475+00:00,de,krone.at,krone.at,2026-04-03,Bankomatensprenger sprang aus dem zweiten Stock,https://www.krone.at/4096721
5b2d340da14f29e2707297608ada3669e346b44ca631a1f8560894861c66374d,2026-04-03 15:45:42.524736+00:00,de,krone.at,krone.at,2026-04-03,Neuer Damenchef? Ein Name ist deutlich zu hören,https://www.krone.at/4096930
8a139525b3fb9396eabd984f7caae4c104d887b92e4e913727ffe5cab17b5389,2026-04-03 15:45:37.466586+00:00,de,krone.at,krone.at,2026-04-03,Auf den Spuren des Klöcher Traminers,https://www.krone.at/4095282
28d568fd50cd5e2303eaeaf0f37ee8ad93e7a3a64620ea2d38723e1db5ed1eee,2026-04-03 15:45:32.501848+00:00,de,krone.at,krone.at,2026-04-03,Carabinieri fangen Drogen-Drohne der Camorra ab,https://www.krone.at/4097134
184d2216e4863894a26466073c441e2e3151d4b06bb04bca2dd8d1efb682e02d,2026-04-03 15:45:27.431693+00:00,de,krone.at,krone.at,2026-04-03,"Bis 2040 wächst Bevölkerung, dann geht es bergab",https://www.krone.at/4096778
200fd3d43be3426ec39576a21a35d71d8d94c461450f29fa48758e086fa695b1,2026-04-03 15:45:22.699829+00:00,de,krone.at,krone.at,2026-04-03,Wegen Schulden gepanzerten Mercedes gepfändet,https://www.krone.at/4097026
dcce1f5a4e22b4bd488bf2e8edb0e387a23e055fb8eafd95debf13316ead392e,2026-04-03 15:45:17.596452+00:00,de,krone.at,krone.at,2026-04-03,What bothers ORF license fee payers the most,https://www.krone.at/4097295
03416e33ed7009514b882fa38af3cc5fab7ad34d363ebfe67e435ecea32348b0,2026-04-03 15:45:12.371875+00:00,de,krone.at,krone.at,2026-04-03,"„Erst nach Tagen gemerkt, dass es kein Traum ist“",https://www.krone.at/4093676
3a93bc15b7ecefa45ab3136d8479fffa7f8681fa3eae97432ed4d94f28dfd0a7,2026-04-03 15:45:07.703074+00:00,de,krone.at,krone.at,2026-04-03,Kilometerlange Ölspur: Russen-Tanker beschlagnahmt,https://www.krone.at/4097512
cf5a101991b915fae54c09545819d609e0f6122eb2832301703f8dc38e31ffc2,2026-04-03 15:45:02.673405+00:00,de,krone.at,krone.at,2026-04-03,Illegale Spermaspenden: Bewährungsstrafe für Mann,https://www.krone.at/4097505
491a5e6f56403d6a98050535e83e4c874821d1795fe32ac60d090704332295a6,2026-04-03 15:44:58.402713+00:00,de,krone.at,krone.at,2026-04-03,Naschenweng: „Wir haben wirklich alles gegeben“,https://www.krone.at/4093269
2337fb40f486ee912adff4a9e7af919c4426651e65efaa49d69511b74d1696b3,2026-04-03 15:44:52.606698+00:00,de,krone.at,krone.at,2026-04-03,Winklers Spagat zwischen Zuckerbrot und Peitsche,https://www.krone.at/4096724
6d0ecc69c97cd6d123d4b4cf64645e97c73bc9fde1d4ce99800dd72add82739b,2026-04-03 15:44:47.768367+00:00,en,krone.at,krone.at,2026-04-03,“My life has been turned upside down since Good Friday”,https://www.krone.at/4096965
8bb926bc92f4cbcdda11e08faa93dfd3e4ec8b7d4721dcdfbe36230bb0f39379,2026-04-03 15:44:42.587146+00:00,en,krone.at,krone.at,2026-04-03,“It’s probably over” – Vonn and Svindal part ways!,https://www.krone.at/4097405
af65c664f439e4258fd21136eeda07a76e00b58ccbfa73f58dfc8f56adf2cf0b,2026-04-03 15:44:37.426717+00:00,de,krone.at,krone.at,2026-04-03,Herzinfarkt! Bangen um Rumäniens Ex-Coach Lucescu,https://www.krone.at/4097417
c5e972b1db2b9d9a5a9a53f7584cb9c4e9deb1ca80f9f855aef7911bebe244ce,2026-04-03 15:44:32.420690+00:00,de,krone.at,krone.at,2026-04-03,Bursche am helllichten Tag in London erschossen,https://www.krone.at/4097537
ddb196bd81ff256d4ce1116e8e5a1f34d667ae6691c95b0b2cdf4a525c545bb1,2026-04-03 15:44:27.509710+00:00,de,krone.at,krone.at,2026-04-03,Zeitpunkt des Comebacks bei Lara Vadlau noch offen,https://www.krone.at/4097362
a0066d7da946e8995c5a3ff09c25b9e4382fc5c78ae1ad7ae1c5b069730ae77b,2026-04-03 15:44:22.478295+00:00,de,krone.at,krone.at,2026-04-03,Kind nach Brand vorsorglich in Spital gebracht,https://www.krone.at/4097330
25c3b9368c6fad8e82abf0fcfe35b6eca4e3eb6398646a1fafaa72326cd2ac0b,2026-04-03 15:44:17.819589+00:00,de,krone.at,krone.at,2026-04-03,Boniface? „Er hat fit und fett verwechselt“,https://www.krone.at/4096988
aa59eaf1f87ed465f0a2db794593378f100783020c071b57b1d485276c909423,2026-04-03 15:24:54.977656+00:00,de,krone.at,krone.at,2026-04-03,Suchaktion: US-Kampfjet über dem Iran abgeschossen,https://www.krone.at/4097645
f17d82dd05ed29c577d25d1b158e93f8f1d2be4a7db517aa3749ac2da7ed5bf9,2026-04-03 15:23:58.895358+00:00,de,krone.at,krone.at,2026-04-03,Betreuer sollen Schulkinder missbraucht haben,https://www.krone.at/4097612
c3bc40695cac06063af523d788569d5952243a84fecb3e536d8973acd49df615,2026-04-03 15:23:15.740599+00:00,de,krone.at,krone.at,2026-04-03,Zendaya stahl in opulenter Federrobe Klum Show,https://www.krone.at/4097037
db58ea9ef0210312ab6e90481c35bccf70724e69295af0e39ec4575870c46af6,2026-04-03 15:23:09.984606+00:00,de,krone.at,krone.at,2026-04-03,"Rosengarten mit Musik, Kabarett und Abendzauber",https://www.krone.at/4094634
dd93e4a3696d5690a95417ae8f0e0dea7b539679d22bc7b710ce80cb359c5312,2026-04-03 15:23:05.218036+00:00,en,krone.at,krone.at,2026-04-03,"Town Loses Post Office, Tobacco Shop, and Grocery Store All at Once",https://www.krone.at/4097056
7e32ac98c918e55e8aa423e21b8b2c9b60576bc98f82c22f3e0155d01973af8e,2026-04-03 15:23:00.278152+00:00,de,krone.at,krone.at,2026-04-03,Kuba entlässt zu Ostern mehr als 2000 Gefangene,https://www.krone.at/4097546
8f87709b8919a57af9f45edf99f37f07a2be4f9ac07ae041b582133708324130,2026-04-03 15:22:55.390098+00:00,de,krone.at,krone.at,2026-04-03,So haben Royal-Fans Prinz Archie noch nie gesehen!,https://www.krone.at/4097032
8b91846c52251b820d9ed8e0a11441c6933e514ef4d23b17a803cf5b7d2dbc0b,2026-04-03 15:22:50.353923+00:00,de,krone.at,krone.at,2026-04-03,Italiano ist nicht nur beim GAK ein echter Hit,https://www.krone.at/4096570
823b1a9f190cd3d326a32a99357c12f53084fddc7614aedcf8bfde86925836c7,2026-04-03 15:22:44.791554+00:00,de,krone.at,krone.at,2026-04-03,„Satansbratan“ wird in Thailand vom Pech verfolgt,https://www.krone.at/4097388
abae05fc9e9bf156f0ff6d578396d49a2f7981686f979afac54247db2b6b083c,2026-04-03 15:22:40.270337+00:00,en,krone.at,krone.at,2026-04-03,Woods spoke with Trump on the phone immediately after the accident,https://www.krone.at/4097209
c4689cb66f6cd173f1447c18b6117f14ca7161b9a9ceb982ea2aa9a9a52d8edd,2026-04-03 15:22:35.238896+00:00,de,krone.at,krone.at,2026-04-03,Doncic bei Lakers-Debakel gegen Oklahoma verletzt!,https://www.krone.at/4097117
c2219fd7e3591d29acea848465b828cada8be60f6160e279ce8ac2c2d0099bf4,2026-04-03 15:22:30.469386+00:00,de,krone.at,krone.at,2026-04-03,Prozess gegen Baby-Würger muss wiederholt werden,https://www.krone.at/4096608
11c2aa2e9be004718c0121616c597ce61a6306b9e64c5b097373d21c30f2f137,2026-04-03 15:22:25.219802+00:00,de,krone.at,krone.at,2026-04-03,SSC Napoli gegen AC Milan steigt als Serie-A-Hit,https://www.krone.at/4097230
f54210eed826d453143356f3b114ff85d00ac1852d14d9aa35ac23e2184673eb,2026-04-03 15:22:20.298890+00:00,en,krone.at,krone.at,2026-04-03,Food delivery driver becomes aggressive and exposes himself,https://www.krone.at/4097510
47236a6d6ac29cfe6732411e345030b44886475151ec777e4fb8a0bea2431e25,2026-04-03 15:22:15.547720+00:00,en,krone.at,krone.at,2026-04-03,"Schultz Takes Action, Removes All Deputies",https://www.krone.at/4097096
0b5af20db5c669973b2c7b645c88f2808e6c2994723ade88a4b151b384eb34d6,2026-04-03 15:22:09.970950+00:00,de,krone.at,krone.at,2026-04-03,Rossi verliert mit Canucks bei Ex-Klub Minnesota,https://www.krone.at/4097188
a838bed4ccce01950a9f9a9a25efec30776ec1c4850aceebf0a84f876743a990,2026-04-03 15:22:05.254557+00:00,de,krone.at,krone.at,2026-04-02,Sängerin Olivia Rodrigo kündigt neues Album an,https://www.krone.at/4096947
2c805de5d3d3869be6de326cfb22c4c8802f8e1c5f4d7217cd53f0036aeeb989,2026-04-03 15:22:00.239557+00:00,de,krone.at,krone.at,2026-04-03,Comeback? Jogi Löw verhandelt mit WM-Teilnehmer!,https://www.krone.at/4097016
48b74add429dcc126b3a99df586f7a0d0f88a6b60e7ffb302592d9771140a223,2026-04-03 15:21:56.278003+00:00,de,krone.at,krone.at,2026-04-03,Wald wird als letzte Ruhestätte immer beliebter,https://www.krone.at/4096359
3cd277a740c12098d8482f2223be9144832d1f8b14b0fbe4bbc39eacc901aefa,2026-04-03 15:21:50.406895+00:00,de,krone.at,krone.at,2026-04-03,Zwischen Lkw eingeklemmt: Frau schwer verletzt,https://www.krone.at/4097047
537335e1035809dee27dafe7fdca1b49076246d74360a1a8d7d09a2a3222cb81,2026-04-03 15:21:45.502135+00:00,de,krone.at,krone.at,2026-04-03,„Wer will mich?“: Diese Tiere haben kein Zuhause,https://www.krone.at/4096289
eabfd73e81083d51c4f8c7bdab3316406f648c445e611d04ab6b06687e72ef17,2026-04-03 15:21:40.729419+00:00,de,krone.at,krone.at,2026-04-03,Essenslieferant wird übergriffig und entblößt sich,https://www.krone.at/4097286
7940669775bcf30d5595de62452f6fc127c5a17d3d12538ae5eb57e32ae38ded,2026-04-03 15:21:35.481371+00:00,de,krone.at,krone.at,2026-04-03,"„Wer im Hit siegt, macht einen wichtigen Schritt“",https://www.krone.at/4096899
56cddd2bfde37a3f078c826ef85f7c6df8e8a7b1d09a59d371800f6f6ff33a90,2026-04-03 15:21:30.491322+00:00,en,krone.at,krone.at,2026-04-03,Heart attack! Concerns for Romania’s former coach Lucescu,https://www.krone.at/4097431
c0430e8259c0f9172c2e58335938ad3a0fa16fcb60eff9ace7c7e5a9b9691f72,2026-04-03 15:21:25.612461+00:00,de,krone.at,krone.at,2026-04-03,Schmittentunnel wird erneut gesperrt,https://www.krone.at/4097160
49338a0d69765847d3a2fb09fd2217756cebeb26860c08fc9eab08a4ef519297,2026-04-03 15:21:20.727867+00:00,de,krone.at,krone.at,2026-04-03,Der zweite Kärntner Komponist greift nach dem Emmy,https://www.krone.at/4096621
45e7ee145281430e2c4a0ee06265c795293572fabbe77f3fa4042581260db432,2026-04-03 15:21:16.049644+00:00,de,krone.at,krone.at,2026-04-02,Sagen Sie uns Ihre Meinung,https://www.krone.at/4096500
ad8dbcf4893ef46841fe10328e7a9492ab7c4434106735f1e1fbf32dfafd4aa4,2026-04-03 15:21:10.340082+00:00,de,krone.at,krone.at,2026-04-03,Hundekot auf Wegen und in Parks als Ärgernis,https://www.krone.at/4096648
472865a3b2325c6590adf699965467477b0061d0db34736136192f5338ac27e3,2026-04-03 15:21:05.568512+00:00,de,krone.at,krone.at,2026-04-03,Hacker spähten Uffizien in Florenz über Monate aus,https://www.krone.at/4097031
c98df979538f7fedf34f5b9336d9e1144f5adeefa600a484522597638c27114d,2026-04-03 15:21:00.704287+00:00,de,krone.at,krone.at,2026-04-03,Richter wies die meisten Vorwürfe von Lively ab,https://www.krone.at/4096971
8ece7949d1aa16671e3147b5981649a170bf6e5082af2984352469cf9d5bd441,2026-04-03 15:20:55.515263+00:00,de,krone.at,krone.at,2026-04-03,Nexperia-Chips sind bald zur Gänze „made in China“,https://www.krone.at/4096986
2343cadb5439f6fed2810a1badf560471c5724406b91365eba969b65f8e2dda0,2026-04-03 15:20:50.617305+00:00,de,krone.at,krone.at,2026-04-03,So sollen jetzt Begutachtungen verbessert werden,https://www.krone.at/4097475
4d39d6c7b987fa65d193ebadf5c4d6acbd9a88ea4e223890f3da10643e15ff98,2026-04-03 15:20:46.204484+00:00,de,krone.at,krone.at,2026-04-03,So sieht Moderatorin Amira Aly nicht mehr aus,https://www.krone.at/4096997
98bed1763021068a589ee4a2731c635ef191ec677083c9893200588dcbcc2d91,2026-04-03 15:20:40.629937+00:00,de,krone.at,krone.at,2026-04-03,Staats-Messenger MAX stimmt Russen misstrauisch,https://www.krone.at/4097240
5bbf06a7456ca05b7600a6525a251bad411fcb74804a2ed1e900610fa7a67c92,2026-04-03 15:20:35.686744+00:00,de,krone.at,krone.at,2026-04-03,„Sie sagte Ja“: Verlobung bei „Bachelorette“-Stars,https://www.krone.at/4097322
e301ce89edd8806d1de075b03b3b4f4ad921282d71a972c58831398f993691ad,2026-04-03 15:20:30.639214+00:00,de,krone.at,krone.at,2026-04-03,Litauen stellt Ermittlungen zu Datenkabel ein,https://www.krone.at/4097344
b2b4a97ab1d115fa3a83c328f5e0c0c2ab138b82d89cbba491cc92b8ee78b7be,2026-04-03 15:20:26.191001+00:00,de,krone.at,krone.at,2026-04-03,„Wir sind begnadet und müssen dankbar sein“,https://www.krone.at/4097131
6696848b9f368bf92a662091d40d9a9df093ca5089d1fb1772bc9a9ca16c20af,2026-04-03 15:20:20.586258+00:00,de,krone.at,krone.at,2026-04-03,100 Igel hoffen auf Start in ein neues Leben,https://www.krone.at/4096538
7674867dd57c50a3f086fc130c99f23dc041b605954f1510660595d30c480d03,2026-04-03 15:20:15.548358+00:00,de,krone.at,krone.at,2026-04-03,Auf dieses Material fährt Kristoffersen jetzt ab,https://www.krone.at/4097260
20010754499ba0d243e772edc4e2ffabf1436e966492281ffe50ff8ffa38152a,2026-04-03 15:20:10.812992+00:00,de,krone.at,krone.at,2026-04-03,Britneys Sohn heißt lieber Spears als Federline,https://www.krone.at/4097201
e5dad9e847297f607f487e61e40a778cbc2f8ab1603ec8e01c7097d050f49d8b,2026-04-03 15:20:06.065849+00:00,de,krone.at,krone.at,2026-04-03,Was Gebührenzahler am ORF am meisten stört,https://www.krone.at/4097170
85e8ab9ff9971abe052b692c022e25f4a879d9dcdfe526347f6cd14d294c2610,2026-04-03 15:20:00.562839+00:00,de,krone.at,krone.at,2026-04-03,Mit frischem Schwung ins Oster-Wochenende rein,https://www.krone.at/4097246
322880ac5981ae2b55e9b04cab867db08601823438be43638cf3b4fd318e2a3f,2026-04-03 15:19:55.587959+00:00,de,krone.at,krone.at,2026-04-03,BVB-Legende: „Mein Vermögen ist bald aufgebraucht“,https://www.krone.at/4096974
52719fd37315efd334dd07da4d471a6e8ba3a357089f0ba8350d791bd05481d3,2026-04-03 15:19:50.724624+00:00,de,krone.at,krone.at,2026-04-03,So viele Wiener wurden im Winter zu Lebensrettern,https://www.krone.at/4097594
24a07f89d6aaffdf9ff50ee9ae5cde94c8cdd912fe66f3db2b0b7aed35cade09,2026-04-03 15:19:46.194374+00:00,de,krone.at,krone.at,2026-04-03,Sharon Stone: ER ist Hollywoods bester Küsser!,https://www.krone.at/4097152
4726524864a9ef7a9319ddad6a0577399e09d6d218beda6b366382d2126f9e5e,2026-04-03 15:19:40.766735+00:00,de,krone.at,krone.at,2026-04-03,Osterhasen-Workout: Fit werden beim Eierverstecken,https://www.krone.at/4089930
0f5289bbe743485933e6d17f94e16dfaefacf37c9f40d3317228195df20c439a,2026-04-03 15:19:36.197307+00:00,de,krone.at,krone.at,2026-04-03,Altach hat Revanchegelüste vor dem Duell mit Ried,https://www.krone.at/4096796
ef27c1f3e3de272bc8da2d49160bd9f8399252c051d008ddb2e9583289f568ea,2026-04-03 15:19:30.776718+00:00,de,krone.at,krone.at,2026-04-03,Weltranglisten-10. Andrejewa Nummer 1 in Linz!,https://www.krone.at/4097488
fd32d405be303e5e33eb7e70c55f7a99ec982ff65faba2d1df4f704be5a2a028,2026-04-03 15:19:26.037494+00:00,de,krone.at,krone.at,2026-04-03,Polizei beschlagnahmte bei Linzer 19 Schusswaffen,https://www.krone.at/4097164
8de74468f4ca27a19e7fb3be36e9d2c232df90ae647ef1a48ccaf925c4a78284,2026-04-03 15:19:20.540739+00:00,de,krone.at,krone.at,2026-04-03,William Shatner wettert gegen Fake-KI-Todesanzeige,https://www.krone.at/4096977
88f45676ee484f64f4592acd4cfdb91525298d064f0a318912e5f44400b9149e,2026-04-03 15:19:16.187949+00:00,de,krone.at,krone.at,2026-04-03,„Leider kein Aprilscherz“ – Shiffrins Kugel kaputt,https://www.krone.at/4097124
3fd271cd084cce14cd39600b6e70d65a3e9864b0b2c58d8aefdd7a267e9e94fe,2026-04-03 15:19:11.024539+00:00,de,krone.at,krone.at,2026-04-03,Diese Geldleistungen gibt es für chronisch Kranke,https://www.krone.at/4097228
8ec6bd0239c838ef95b6de6ae34aa2c306dcc68ff64ed468ea0f39599a9110dc,2026-04-03 15:18:56.147012+00:00,de,orf.at,orf.at,2026-04-03,Auszeit im Kloster rund um Ostern boomt,https://steiermark.orf.at/stories/3348508/
479288142596710a242c8680c37c9388f1187a791734c2fe35010dd78405f69f,2026-04-03 15:17:38.427392+00:00,de,orf.at,orf.at,2026-04-03,Neuer Seilbahnchef will Jugend begeistern,https://steiermark.orf.at/stories/3348595/
2d38736e40790adb0224f58679784f7892619667d08133d4d7afffaca7c1ab2d,2026-04-03 14:32:16.580445+00:00,de,orf.at,orf.at,2026-04-02,Wasserpolizei arbeitet „grenzenlos“,https://vorarlberg.orf.at/stories/3348491/
2a507bed7af88bef231db2620ac68c5cde8d647920cf69f43324febbc8043870,2026-04-03 14:31:59.978386+00:00,de,orf.at,orf.at,2026-04-03,Lawinen: Zwei Wintersportler verletzt,https://tirol.orf.at/stories/3348628/
232c8ef1f23eb8db1c13192222a643e0e2cab4e75a97fc64330f02e61de5c786,2026-04-03 14:31:56.512484+00:00,de,orf.at,orf.at,2026-04-03,Erneut Umsatzrekord für Liebherr,https://vorarlberg.orf.at/stories/3348586/
6804a5bda0c0fd0cce1423096e05cab391766e6aeda19544c0fa6bbdf354a7b6,2026-04-03 14:31:52.349195+00:00,de,orf.at,orf.at,2026-04-03,Schwaz schrieb 2025 schwarze Zahlen,https://tirol.orf.at/stories/3348537/
37f0ab2d8cee44363d7302b8837ba51d761a5ccf72406ac011369ff64cd66d28,2026-04-03 14:31:50.967355+00:00,de,orf.at,orf.at,2026-04-03,Grablicht setzte Gewächshaus in Brand,https://vorarlberg.orf.at/stories/3348584/
918c3bc5c2e7516781e9b87c81aab89b15e7959c4eed4193a7ff37f79237d5be,2026-04-03 14:31:47.162477+00:00,de,orf.at,orf.at,2026-04-03,Großalarm nach Brand bei Bauernhof,https://tirol.orf.at/stories/3348626/
4a272bcccfcb17d6d29474f90c9d758b6936e1547e6a6862df3b738634300cd2,2026-04-03 14:31:15.902081+00:00,de,orf.at,orf.at,2026-04-03,Evangelische Kirche ringt um Karfreitag,https://tirol.orf.at/stories/3348546/
1b974565cf6a750faaca6a9928cbac829246e7d98eae8ace1f0e53b7c0094dc7,2026-04-03 14:31:14.731433+00:00,de,orf.at,orf.at,2026-04-03,Kopftuchverbot: „Sind keine Sittenwächter“,https://vorarlberg.orf.at/stories/3348252/
8ff049914a60243942abecc4dd76b1aae46068ba1ff1c1172db64b32aa15c979,2026-04-03 14:31:10.179795+00:00,de,orf.at,orf.at,2026-04-03,Mitteilung gemäß § 8a Abs 5 MedienG,https://tirol.orf.at/stories/3348647/
d316ac9bfc7eaf94bfd9b6eccd6484b8cee5767caa756f2021c7ab1a10a7ff92,2026-04-03 14:31:09.291765+00:00,de,orf.at,orf.at,2026-04-02,Spritpreisbremse spaltet Gemüter,https://vorarlberg.orf.at/stories/3348529/
21d3bf7e223122d12ebe002b3f252c1a92f496fc7333e3af6ae817bb86122ca3,2026-04-03 14:31:04.318967+00:00,de,orf.at,orf.at,2026-04-03,Viel Zucker im Osternest,https://vorarlberg.orf.at/stories/3348429/
9285ad7930569018748af02b8341fada1997aeeaaa6e5484355e7be82babea4b,2026-04-03 14:30:46.705627+00:00,de,orf.at,orf.at,2026-04-03,Stallpflicht für Geflügel aufgehoben,https://tirol.orf.at/stories/3348578/
138ed3ad851e2171757f677226b4079e5a62ad5f13ba7bd8df3bfa8b6a15cde3,2026-04-03 14:30:40.692843+00:00,de,orf.at,orf.at,2026-04-03,Lange Staus im Osterreiseverkehr,https://tirol.orf.at/stories/3348556/
950c9539fa21fd19454e549dc56d447a5da08762f1c94edd0ba1dbc6183ae8fb,2026-04-03 14:30:30.699809+00:00,de,orf.at,orf.at,2026-04-03,Wo Leiden am Lebensende gelindert wird,https://vorarlberg.orf.at/radio/stories/3348428/
7cf204a046198bc38b320b16969277f3b085fe9c4cc0fbad908547ff07b82826,2026-04-03 14:22:27.357051+00:00,de,orf.at,orf.at,2026-04-03,Eventhalle weiter nur „in Vorbereitungsphase“,https://wien.orf.at/stories/3348481/
0980903d5f3ca7964ed6d5404dbe338d3739dd199fc5f3fb6d3a08987205bef2,2026-04-03 14:22:04.451325+00:00,de,orf.at,orf.at,2026-04-03,Bilanz: Mehr als 15.500 Anrufe bei Kältetelefon,https://wien.orf.at/stories/3348545/
9562331856db6f4dbd41f04b3b5d27f8faf37a46caace128b07d2a99c4796f53,2026-04-03 14:21:23.481895+00:00,de,orf.at,orf.at,2026-04-03,Streit um Blechschaden: Lenker fuhr Gegner nieder,https://wien.orf.at/stories/3348592/
9ca3530afc0fba960143e01c18e713220e8b7cc673421987d6bf4b9958c17c5c,2026-04-03 14:21:16.875196+00:00,de,orf.at,orf.at,2026-04-03,Wunschkennzeichen werden weniger,https://wien.orf.at/stories/3348482/
81ac0a34c1460bbf04245d8d3870a887a924fbe38915389718f59e805f329baa,2026-04-03 14:21:10.918857+00:00,de,orf.at,orf.at,2026-04-03,Swift-Anschlagspläne: Weiterer Angeklagter,https://wien.orf.at/stories/3348621/
868a19f736ea5356f17b4cbab56c0f9ea4f9de362f93ea1cc42b4ccebad86158,2026-04-03 13:28:18.902445+00:00,de,orf.at,orf.at,2026-04-03,Leonie Rabl beim „Billie Jean King Cup“,https://burgenland.orf.at/stories/3348552/
441ba142fe1c957b0c67425ce55e623af7bf11ed589774b029daf0930c4b1a5b,2026-04-03 13:28:05.401878+00:00,de,orf.at,orf.at,2026-04-03,Vogelgrippe: Stallpflicht fällt ab Samstag,https://burgenland.orf.at/stories/3348562/
98b27ebd606a17a64466453b6e8ad6cbd186be16cfde85f033230069c7bb1a52,2026-04-03 13:28:00.558062+00:00,de,orf.at,orf.at,2026-04-02,Angespannte Stimmung trotz Spritpreisbremse,https://burgenland.orf.at/stories/3348505/
43063947976472045a997024af9cc39eb30c27779602ae8576991ea11c36fff8,2026-04-03 13:27:55.231648+00:00,de,orf.at,orf.at,2026-04-03,„Stille Stunde“ im Supermarkt,https://burgenland.orf.at/stories/3348524/
715f87a7deacfabdbfb58992aa705fffee80c842af6dd0455c087c18cfc2752c,2026-04-03 13:27:39.295441+00:00,de,orf.at,orf.at,2026-04-02,Heimathaus Stinatz: Neustart nach Brand,https://burgenland.orf.at/stories/3348454/
909919a3085f5578910adefb4c9f139c88a960e4cc1586c6ccb84e705aef32ee,2026-04-03 13:27:19.211589+00:00,de,orf.at,orf.at,2026-04-03,Herrenmodengeschäft Thurner insolvent,https://burgenland.orf.at/stories/3348572/
087fc1c0fbf00242c2d81ff0035d3d6844fdf5a29f092200a124d5032cdd54ae,2026-04-03 13:27:06.243951+00:00,de,orf.at,orf.at,2026-04-03,Markt Allhau sucht weiter Pfarrer,https://burgenland.orf.at/stories/3348602/
3335a449383474a9e02f8340b7e869815a33ae1831e7b4072ba693e50cde9278,2026-04-03 13:27:01.053833+00:00,de,orf.at,orf.at,2026-04-03,„Aufblühen“ soll Gäste ins Land bringen,https://burgenland.orf.at/stories/3348548/
33d35e68ec51b5993edfc4dae1f3e20322c0b89daae93f76a390f41806a28e43,2026-04-03 13:26:51.508627+00:00,de,orf.at,orf.at,2026-04-03,Osterfeuer: Brauchtum mit klaren Regeln,https://burgenland.orf.at/stories/3348523/
0e6437677ed0b2fca8a87c632efa9d91ec232be81d8a53b4d94afe84bade45f7,2026-04-03 13:23:24.032088+00:00,de,krone.at,krone.at,2026-04-03,Das sind die berühmtesten Reliquien der Welt,https://www.krone.at/4096475
56447ecae0ec4b322ce4bae2f7d9a258248dc2ee9bb60543ff0bf76a66fc0a69,2026-04-03 13:23:10.749957+00:00,de,krone.at,krone.at,2026-04-03,Österreichs Gasreserve könnte verlängert werden,https://www.krone.at/4097290
1fdaed50e88c8ef59898d59cc5bb915183fa4246e2e93c99a1ac799cc633515b,2026-04-03 13:23:05.723878+00:00,de,krone.at,krone.at,2026-04-03,Karoline Edtstadler kündigt strenges Vorgehen an,https://www.krone.at/4097429
89134dcd23d490b785417ab08f62917b03016e2c4a07c49aeefaaa07a610b343,2026-04-03 13:23:00.524343+00:00,de,krone.at,krone.at,2026-04-03,Ein Wanderweg für alle Jahreszeiten,https://www.krone.at/4096353
ac5b0ab38ec058d1f95ab458c336170b02883fdf7c583ff7cfc7c96bcc70f3c0,2026-04-03 13:22:48.625039+00:00,de,krone.at,krone.at,2026-04-03,Privatflüge müssen sich „Holzklasse“ unterordnen,https://www.krone.at/4096521
14a37dd102809306b4318b2ef46f6f7e4cc31e1b6c8c27097389897a16560f92,2026-04-03 13:22:39.813549+00:00,de,krone.at,krone.at,2026-04-03,Ukraine: „Brutale Angriffe“ statt Oster-Waffenruhe,https://www.krone.at/4097287
e07ac0d5fb8ac52afb9be24b1f00733c59ed0c2f26242f48fbb701aaf6ea9161,2026-04-03 13:22:35.786606+00:00,de,krone.at,krone.at,2026-04-03,Stinkbombe im Flieger! Influencer sorgt für Eklat,https://www.krone.at/4097353
ce61633e8feba2b38f212781ecc9704c0e0bcd3f401ce4de9803a6e679b0810d,2026-04-03 13:22:19.102996+00:00,de,krone.at,krone.at,2026-04-03,Auftrags- und Umsatzrekord für Liebherr Nenzing,https://www.krone.at/4097142
f2db05192ce7196615d3993da1c786aff8740f00a1708ffb2c20d8a518ac4ea7,2026-04-03 13:22:13.782749+00:00,de,krone.at,krone.at,2026-04-03,Ex-Chef der Salzburg AG steigt im Aufsichtsrat auf,https://www.krone.at/4096607
ba98dc20fbe455c10f1f0d78928d6aa4150f1948e49bf3713687809dccb4ea7d,2026-04-03 13:22:08.610844+00:00,de,krone.at,krone.at,2026-04-03,14-Jähriger von jungen Einbrechern misshandelt,https://www.krone.at/4097306
6133db75353ed9795429b380d042d5d5a718310b6039c20c534ee4ca8853f8b0,2026-04-03 13:21:47.717447+00:00,de,krone.at,krone.at,2026-04-03,Andreas Gabalier: „I’ll be back – am Wörthersee“,https://www.krone.at/4097203
99e6fc4cf835c6fd51eb5ced6c8755979e913ce917a2db9c33cdd96618b68fb1,2026-04-03 13:21:28.431899+00:00,de,krone.at,krone.at,2026-04-03,"Feuerwehr bekämpft Brand bei Stall, Tiere befreit",https://www.krone.at/4097410
b69ccccf37b06665aa821a1ce78da6594912636b5596f94a5a488b8288922219,2026-04-03 13:21:09.049696+00:00,de,krone.at,krone.at,2026-04-03,Rätsel um 105 Quadratmeter am Traunsee ist gelöst,https://www.krone.at/4097340
09bff6ab1f1ebe1574b1027e4254f9ecfb9ac5fa3fd081f3db3d74a47922a50c,2026-04-03 12:22:00.365920+00:00,de,orf.at,orf.at,2026-04-03,Waffenübungen mit Söhnen auf Grundstück in Urfahr,https://ooe.orf.at/stories/3348590/
52a91fe675ba859d3d377f861287c2ef0fe9e7c7674aae50282e37870edc47d1,2026-04-03 12:21:23.635282+00:00,de,orf.at,orf.at,2026-04-03,Parfumdieb stößt bei Flucht Kleinkind um,https://ooe.orf.at/stories/3348550/
98134973a5222e16ecc95535cd62c2e0409efb9d4e7f9a537540ad095d9b8838,2026-04-03 12:20:51.244896+00:00,de,orf.at,orf.at,2026-04-03,Bischöfin: Feiertag-Abschaffung „Schande“,https://ooe.orf.at/stories/3348515/
d58bc0e00158edef8d41b9478e828a45e5315a64c828c5bc8df8d38d9dcd4a3d,2026-04-03 12:20:39.041878+00:00,de,orf.at,orf.at,2026-04-03,Ehefrau und Polizei reanimierten 56-Jährigen,https://ooe.orf.at/stories/3348564/
f6e9d59d091fafe0cfd2b5dd8fb57d3bf27f7aa4b86c84f5e8b5529803ba0e73,2026-04-03 12:20:29.415519+00:00,de,orf.at,orf.at,2026-04-03,18 Tonnen schwerer Kran umgestürzt,https://ooe.orf.at/stories/3348539/
c376084659a1c3885c2349ee040578d87d02ff50db49f5164d4d25c10d37ac5f,2026-04-03 12:19:48.973046+00:00,de,orf.at,orf.at,2026-04-03,Vogelgrippe – Stallpflicht fällt ab Samstag,https://ooe.orf.at/stories/3348557/
a2c878da4df79fb1cc4e0dc5323363e58c5fd23d74bdf54fbe3246c42eda9952,2026-04-03 11:44:52.266916+00:00,de,derstandard.at,derstandard.at,2026-04-02,Russland geht schärfer gegen die Nutzung von VPN-Verbindungen vor,https://www.derstandard.at/consent/tcf/story/3000000315182/russland-geht-schaerfer-gegen-die-nutzung-von-vpn-verbindungen-vor
e3ac7a2ffbc3072a897c7b450467ac42d5bcc74ad201dfd5b6c6440283a150ae,2026-04-03 11:44:47.101828+00:00,de,derstandard.at,derstandard.at,2026-04-03,Mondmission Artemis 2: Raumkapsel Orion hat Erdumlaufbahn verlassen,https://www.derstandard.at/consent/tcf/story/3000000315317/mondmission-artemis-2-raumkapsel-orion-hat-erdlaufbahn-verlassen
5dab1f12d53968a78a985a189570f67cbd308273d0925923dee863286c94074b,2026-04-03 11:44:42.082797+00:00,de,derstandard.at,derstandard.at,2026-04-03,Wie riskant ist der Song Contest in Wien?,https://www.derstandard.at/consent/tcf/story/3000000315341/wie-riskant-ist-der-song-contest-in-wien
504fe5ae8eab9646bc9c143129ba709b5ae084ecd0bc8f02a612d17b2f94780b,2026-04-03 11:44:37.171339+00:00,de,derstandard.at,derstandard.at,2026-04-02,"Lieber Vatikan, lasst unseren Pfarrer doch Frau und Kinder haben",https://www.derstandard.at/consent/tcf/story/3000000315184/lieber-vatikan-lasst-unseren-pfarrer-doch-frau-und-kinder-haben
40f233257df0b4ec2d0775ffcd0fb35a02873cbfe247af71e6d282554d860413,2026-04-03 11:44:32.137584+00:00,de,derstandard.at,derstandard.at,2026-04-02,Bringt die Koralmbahn die erwarteten Vorteile und Erleichterungen?,https://www.derstandard.at/consent/tcf/story/3000000314771/bringt-die-koralmbahn-die-erwarteten-vorteile-und-erleichterungen
39d427723aa55b46b496b1f23c54202dcec6550ea0c3737640566d40d6077c63,2026-04-03 11:44:26.898402+00:00,de,derstandard.at,derstandard.at,2026-04-02,"Warum Paare in einer Beziehung bleiben, obwohl sie den Partner nicht mehr lieben",https://www.derstandard.at/consent/tcf/story/3000000315172/warum-paare-in-einer-beziehung-bleiben-obwohl-sie-den-partner-nicht-mehr-lieben
d2eb04dd7f8f8bc6b6adcf2c1da0579a0d9008a1c2af4bdb43d5b113b586bf06,2026-04-03 11:44:21.839562+00:00,de,derstandard.at,derstandard.at,2026-04-03,Problem bei Artemis-2-Mission: Nicht mal im Weltall funktioniert Outlook,https://www.derstandard.at/consent/tcf/story/3000000315335/problem-bei-artemis-2-mission-nicht-mal-im-weltall-funktioniert-outlook
66855bada3b4c0a7d5ef1f6b0ec38a24b1a96ea6e14cef09bced0268cf941692,2026-04-03 11:44:16.846039+00:00,de,derstandard.at,derstandard.at,2026-04-03,Finanzpolizei entdeckte fast 550 Verstöße im Baubereich,https://www.derstandard.at/consent/tcf/story/3000000315347/finanzpolizei-entdeckte-fast-550-verstoesse-im-baubereich
662295bec051dca3a997f186b5fa7cd979950afa71a1926205c234c0ea177f06,2026-04-03 11:44:12.192006+00:00,de,derstandard.at,derstandard.at,2026-04-03,"""Dörrzwetschke"": Trump feuert gegen Rockstar Bruce Springsteen",https://www.derstandard.at/consent/tcf/story/3000000315331/doerrzwetschke-trump-feuert-gegen-rockstar-bruce-springsteen
20c4d87efacdd3219d8f3260d957dd2d0d5778474d3e6f8d8257d8e52c8de2e3,2026-04-03 11:44:01.868215+00:00,de,derstandard.at,derstandard.at,2026-04-03,Vogelgrippe: Stallpflicht fällt ab Samstag in ganz Österreich,https://www.derstandard.at/consent/tcf/story/3000000315339/vogelgrippe-stallpflicht-f228llt-ab-samstag-in-ganz-214sterreich
6ab764a4d92f32811d87754a2fbf6d4a1d85ecbe5f256406258f3cd926b6e67d,2026-04-03 11:43:57.092838+00:00,de,derstandard.at,derstandard.at,2026-04-01,Ausmisten und Aufräumen: Schluss mit der Aufschieberitis!,https://www.derstandard.at/consent/tcf/story/3000000315081/ausmisten-und-aufraeumen-schluss-mit-der-aufschieberitis
3679ae61ef5c87e51b9e74aa5b9d547f42cd4f7faad3f433ee6fc7a831509fcf,2026-04-03 11:43:47.091592+00:00,de,derstandard.at,derstandard.at,2026-04-01,Arlo Parks und ihre kleine Nachtmusik,https://www.derstandard.at/consent/tcf/story/3000000315092/arlo-parks-und-ihre-kleine-nachtmusik
9ffdc5fe77c6385bfa0bf90ef155e41282fb856149dfd38c53d688eebef22d41,2026-04-03 11:43:41.840262+00:00,de,derstandard.at,derstandard.at,2026-04-02,Wir sind den Kindern Alternativen zu Social Media schuldig,https://www.derstandard.at/consent/tcf/story/3000000315230/wir-sind-den-kindern-alternativen-zu-social-media-schuldig
09ab26bf3d134c0e517c7eb616da89d5d5aa14d1e6cd275bd9eccac06d0aec3f,2026-04-03 11:43:36.874457+00:00,de,derstandard.at,derstandard.at,2026-04-03,70. Eurovision Song Contest: 38 Prozent sehen Event laut Umfrage negativ,https://www.derstandard.at/consent/tcf/story/3000000315337/70-eurovision-song-contest-38-prozent-sehen-event-laut-umfrage-negativ
776a7d1264e3b7b6488bb31f93a5f69fbc3c81f0e910c1c1b9ab43f6230f4a62,2026-04-03 11:43:31.928857+00:00,de,derstandard.at,derstandard.at,2026-04-01,"Wie uns die Wissenschaft helfen kann, einen besseren Umgang mit Zeit zu finden",https://www.derstandard.at/consent/tcf/story/3000000314729/wie-uns-die-wissenschaft-helfen-kann-einen-besseren-umgang-mit-zeit-zu-finden
72f20558a07646e8354af80a56d7035a0b25ded8aca19a6c0b232ac964a185f5,2026-04-03 11:30:56.288364+00:00,de,orf.at,orf.at,2026-04-03,Olivia Rodrigo kündigt drittes Album an,https://orf.at/stories/3425817/
f4a563bdba28c45d5065c6ee0639d0842b062f38b058272072ea896afac1b9de,2026-04-03 11:30:31.655680+00:00,de,orf.at,orf.at,2026-04-03,Vogelgrippe: Stallpflicht fällt in ganz Österreich,https://orf.at/stories/3425813/
57ac9961949ceb2c1d5ddbd06636672457983a1eb52ba498673cde440152b308,2026-04-03 11:30:17.860905+00:00,de,orf.at,orf.at,2026-04-03,Monatelanger Hackerangriff auf Uffizien in Florenz,https://orf.at/stories/3425825/
f6ecb96d75478a0b54316f56334d4165442878dee0235c2873db73a150f3ee7e,2026-04-03 11:30:05.190571+00:00,de,orf.at,orf.at,2026-04-03,Ukraine: Großstadt Charkiw unter Dauerbeschuss,https://orf.at/stories/3425816/
9ea7ede0c7ea5c420562c179359d0f7935a162fb50bf221015961e1271dafd63,2026-04-03 11:29:55.935313+00:00,de,orf.at,orf.at,2026-04-03,Myanmar: Ex-Juntachef zum Präsidenten gewählt,https://orf.at/stories/3425809/
06cdc08ea8fc3fa3080e0578f986a893fafae30614c7595d0cf3cc63249a8393,2026-04-03 11:29:42.108832+00:00,de,orf.at,orf.at,2026-04-03,Justizministerium legt Entwurf für Spionagegesetz vor,https://orf.at/stories/3425821/
eec4791630da61e41f079097d5e18371b23e16807f2eac40657b85575f7c46db,2026-04-03 11:29:28.522166+00:00,de,orf.at,orf.at,2026-04-03,Hegseth baut Armeespitze weiter um,https://orf.at/stories/3425799/
93175d210eca1a619155df70e340f25f3b4d41e3b34f24106183b208e3258ae0,2026-04-03 11:29:20.817858+00:00,de,orf.at,orf.at,2026-04-03,Woods will nach Unfall mit „dem Präsidenten“ telefoniert haben,https://orf.at/stories/3425818/
19b62303573eb4195f31bacac95a886464315466cf08cdb1f2e85531051575f8,2026-04-03 11:29:16.005556+00:00,de,orf.at,orf.at,2026-04-03,Energiekrise: EU hält Kraftstoffrationierungen für denkbar,https://orf.at/stories/3425800/
94ea329cdd07e458748faebe9ba81ddc27f5a8d9483aa35b64d1803b8d1f6d98,2026-04-03 11:29:10.922748+00:00,de,orf.at,orf.at,2026-04-03,Subventionsskandal in Griechenland: Minister treten zurück,https://orf.at/stories/3425831/
eed293629087995ae1ca9d4d1bb62fcba3186be0af3b6674998a6d3ea1600535,2026-04-03 11:29:06.121674+00:00,de,orf.at,orf.at,2026-04-03,Entwurf für strengeres Spionagegesetz,https://orf.at/stories/3425822/
a2cc197ea7175cddbef1319c5380336df3bd8fc1f07486e9f85b1085def576e0,2026-04-03 11:28:48.927444+00:00,de,orf.at,orf.at,2026-04-03,Hattmannsdorfer drängt auf strategische Gasreserve bis 2029,https://orf.at/stories/3425827/
87a70e106d324feb1aad5585a8c655bb937cd46bb54ceed8ed05ca05f536bf5b,2026-04-03 11:21:44.143596+00:00,de,derstandard.at,derstandard.at,2026-04-02,"Graz 99ers schlagen Fehervar zum dritten Mal, Pustertal-Torsperre hält",https://www.derstandard.at/consent/tcf/story/3000000315313/graz-99ers-schlagen-fehervar-auch-im-dritten-duell-der-finaleinzug-winkt
7cd204b7daaadd2aabb7472a7aa150fe47499a142405ee4723c96f2385d6a207,2026-04-03 11:21:34.374057+00:00,de,derstandard.at,derstandard.at,2026-04-02,High five: Fünf halluzinogene Substanzen in Tabakpflanzen hergestellt,https://www.derstandard.at/consent/tcf/story/3000000315231/high-five-fuenf-halluzinogene-substanzen-in-tabakpflanzen-hergestellt
c2d18961df86a8eb5200cb645850c4c48646b848928ad263f1723d2c5efe3acd,2026-04-03 11:21:19.778062+00:00,de,derstandard.at,derstandard.at,2026-04-02,Sporrer präsentiert Pilotstudie zu NS-belasteten Justizpersonal von 1945 bis 1955,https://www.derstandard.at/consent/tcf/story/3000000315207/sporrer-praesentiert-pilotstudie-zu-ns-belasteten-justizpersonal-von-1945-bis-1955
7853c82993c1b954e178f2b12b26b057bc62902293a5ba68f0160b346975fe93,2026-04-03 11:21:14.432290+00:00,de,derstandard.at,derstandard.at,2026-04-02,"Krieg, Krise, Korruption: Bringt Trump sich selbst zu Fall?",https://www.derstandard.at/consent/tcf/story/3000000315300/krieg-krise-korruption-krieg-krise-korruption-bringt-trump-sich-selbst-zu-fall
5087d64b73b0197ef03dace3e14a14624591d6e0a7124d90abb94b6e82eb760e,2026-04-03 11:21:09.746267+00:00,de,derstandard.at,derstandard.at,2026-04-02,Eiszeitliche Objekte aus den USA sind die frühesten Würfel der Welt,https://www.derstandard.at/consent/tcf/story/3000000315237/eiszeitliche-objekte-aus-den-usa-sind-die-fruehesten-wuerfel-der-welt
4d22a7eaae692fdb75ed6e4b4079e58b6e414024aa87296748cb19700abe9091,2026-04-03 11:20:59.936606+00:00,de,derstandard.at,derstandard.at,2026-04-02,Können E-Zigaretten Krebs auslösen? Wahrscheinlich schon,https://www.derstandard.at/consent/tcf/story/3000000315210/koennen-e-zigaretten-krebs-ausloesen-wahrscheinlich-schon
7da57bfd1f48b280db92c4dfbf260c8632f8d19fc9c9c49dda6a76c9461abec8,2026-04-03 11:20:54.357687+00:00,de,derstandard.at,derstandard.at,2026-04-02,"ZDF-Film ""Fast perfekte Frauen"": Am besten ohne Männer",https://www.derstandard.at/consent/tcf/story/3000000314821/zdf-film-fast-perfekte-frauen-am-besten-ohne-maenner
4b5c3103adb3e07723f3ad06884605503ee29d1feb87569dc2ec63b6917608a0,2026-04-03 11:20:49.465998+00:00,de,derstandard.at,derstandard.at,2026-04-02,Das sind die schönsten Zugstrecken der Welt,https://www.derstandard.at/consent/tcf/story/3000000315226/das-sind-die-schoensten-zugstrecken-der-welt
f81b94e4dab4fc7c37ed91c62546d6e68e4653b0a43a8d6b96c0438ca48ecced,2026-04-03 11:20:44.412359+00:00,de,derstandard.at,derstandard.at,2026-04-01,Und ewig klingen die Kuhglocken! Die Cowbell im Rock ist wieder da,https://www.derstandard.at/consent/tcf/story/3000000315126/und-ewig-klingen-die-kuhglocken-die-cowbell-im-rock-ist-wieder-da
5921b1fb4387f6237845eccfdd483583eb44e9c9ee782e23c8a3758104bb9049,2026-04-03 11:20:39.551020+00:00,de,derstandard.at,derstandard.at,2026-04-02,Wieso Donald Trump US-Justizministerin Pam Bondi feuerte,https://www.derstandard.at/consent/tcf/story/3000000315316/wieso-donald-trump-us-justizministerin-pam-bondi-feuerte
47cc2fa9804002d8552a36865b6bc65657fd16eb8086d4dfe311ffc13413abda,2026-04-03 11:20:34.566243+00:00,de,derstandard.at,derstandard.at,2026-04-03,Ukrainische Großstadt Charkiw unter Dauerbeschuss,https://www.derstandard.at/consent/tcf/jetzt/livebericht/3000000315139/ukrainische-grossstadt-charkiw-unter-dauerbeschuss
7c5da0bc6ff192f0dbaa84897a05a3c2b64f07ef6ecef573b6219d4b0c6f3890,2026-04-03 11:20:25.193024+00:00,en,derstandard.at,derstandard.at,2026-04-03,Uncovering the World’s Newest and Deadliest Drugs,https://www.derstandard.at/consent/tcf/story/3000000315342/uncovering-the-worlds-newest-and-deadliest-drugs
22423d400a755fd337eab71ba71d319014b2a614baa28fa0b770597031cca0ad,2026-04-03 11:20:19.801849+00:00,de,derstandard.at,derstandard.at,2026-03-30,Elektro-versus Dieselantrieb: In der Abfallwirtschaft kommt es zum Kräftemessen,https://www.derstandard.at/consent/tcf/story/3000000314732/elektro-versus-dieselantrieb-in-der-abfallwirtschaft-kommt-es-zum-kraeftemessen
32d20c167799090d2291f74dadd7b8561f5b4eb62db7ebec55904038b124b917,2026-04-03 11:20:05.185205+00:00,de,derstandard.at,derstandard.at,2026-04-03,Wie feiert ihr Ostern?,https://www.derstandard.at/consent/tcf/story/3000000315208/wie-feiert-ihr-ostern
dc180c579394649cd81ec5169ab9a82ca82b5af8acc482c0cf455776252f135c,2026-04-03 11:20:00.005446+00:00,de,derstandard.at,derstandard.at,2026-04-03,Doncic bei Lakers-NBA-Debakel gegen Oklahoma verletzt out,https://www.derstandard.at/consent/tcf/story/3000000315373/doncic-bei-lakers-nba-debakel-gegen-oklahoma-verletzt-out
15163c6a458af70af654ca2eee2c49f4448d411308b49abbbac61b79a0e57a4d,2026-04-03 11:19:55.217579+00:00,de,derstandard.at,derstandard.at,2026-04-02,Putin führt einen ideologischen Kampf gegen kinderlose Frauen,https://www.derstandard.at/consent/tcf/story/3000000315167/putin-fuehrt-einen-ideologischen-kampf-gegen-kinderlose-frauen
993d4cfd84f9b5397dad4c6bb4283114657973b170c1386592de43b278c6a7cd,2026-04-03 11:19:49.768470+00:00,de,derstandard.at,derstandard.at,2026-04-02,Ried empfängt Altach zum Kracher in der Qualigruppe,https://www.derstandard.at/consent/tcf/story/3000000315247/fu223ball-verfolger-ried-empf228ngt-altach-im-qualigruppe-gipfeltreffen
b84e833928e7716189c8e09cf26091c65595f9ff12b4c2c8e27174b80d21acea,2026-04-03 11:19:44.565722+00:00,de,derstandard.at,derstandard.at,2026-04-02,Neue Öl-Pipelines sollen die Straße von Hormus umgehen – kann das klappen?,https://www.derstandard.at/consent/tcf/story/3000000315170/neue-oel-pipelines-sollen-die-strasse-von-hormus-umgehen-kann-das-klappen
1316330b50c83ed2cb7c64f8ca18367b62c8012d003ce23645b736f832e82f0a,2026-04-03 11:19:36.978781+00:00,de,krone.at,krone.at,2026-04-03,Salzburgs Mega-Flop brilliert auf der Insel,https://www.krone.at/4096601
501f390276d9759d96bb5c6ec25e17e3e6977cdd2f43d6e554e4b182e2e19db5,2026-04-03 11:19:34.736923+00:00,de,derstandard.at,derstandard.at,2026-04-03,Herbert Grönemeyer plant neues Album und will Oper schreiben,https://www.derstandard.at/consent/tcf/story/3000000315356/herbert-gr246nemeyer-plant-neues-album-und-will-oper-schreiben
8f3618683e21feebc9c0b2e1f06574a9ae9547dad1bcdc769297f77874ba5474,2026-04-03 11:19:29.955826+00:00,de,derstandard.at,derstandard.at,2026-04-02,US-Vizepräsident Vance reist vor Ungarnwahl zu Orbán nach Budapest,https://www.derstandard.at/consent/tcf/story/3000000315314/us-vizepraesident-vance-reist-vor-ungarnwahl-zu-orban-nach-budapest
989a58d9881febbe665c4bfd7c3602bc83289a77358f9b280ed1e658fb3e866e,2026-04-03 11:19:25.186279+00:00,de,derstandard.at,derstandard.at,2026-04-03,Rossi unterliegt mit Canucks bei Ex-Klub Minnesota,https://www.derstandard.at/consent/tcf/story/3000000315368/rossi-unterliegt-mit-canucks-bei-ex-klub-minnesota
2e27f60b319d39b33bdb160e236f3f6397f53ec699cac593b5f3e2057e9803a6,2026-04-03 11:19:19.921108+00:00,de,derstandard.at,derstandard.at,2026-04-03,Kubanische Regierung begnadigt mehr als 2000 Gefangene,https://www.derstandard.at/consent/tcf/story/3000000315323/kubanische-regierung-begnadigt-mehr-als-2000-gefangene
b113bf4afdfc263a72a3168738321ac6c96c06a9951c9dfe69ea6030213842ef,2026-04-03 11:19:14.507956+00:00,de,derstandard.at,derstandard.at,2026-04-01,"Tanzen, genießen, vegan feiern und ein Rezept für eine Bärlauchsuppe",https://www.derstandard.at/consent/tcf/story/3000000315093/tanzen-geniessen-vegan-feiern-und-ein-rezept-fuer-eine-baerlauchsuppe
64c14c67bec9fdeb0877e689bb0ad8f6c70adb55a769fbde9f95883d1327b4a5,2026-04-03 11:19:14.107435+00:00,de,krone.at,krone.at,2026-04-03,Österreich ist zweitgrößter Investor in Ungarn,https://www.krone.at/4097165
3c85c33cd967beaac52ea19ff5e318e9967f46da13a738cbf8e33496d768dee1,2026-04-03 11:19:09.654408+00:00,de,derstandard.at,derstandard.at,2026-04-03,Neue Wirtschaftskammerchefin Schultz entmachtet offenbar Stellvertreter im ÖVP-Wirtschaftsbund – auch Walter Ruck,https://www.derstandard.at/consent/tcf/story/3000000315376/neue-wirtschaftskammerchefin-schultz-entmachtet-offenbar-stellvertreter-im-oevp-wirtschaftsbund-auch-walter-ruck
3eb2444d26121f73007e0010a6b633a6b6f6bdce94d3ed554afc8fc646df9ef7,2026-04-03 11:19:01.218778+00:00,de,krone.at,krone.at,2026-04-03,Dreist! Betrüger „tankt“ jede Menge Gutscheincodes,https://www.krone.at/4097265
bb8c6c4004ae47a5a8a55fde511d35d1d34658b2200b3f29c3e67f8f11dca304,2026-04-03 11:18:59.792329+00:00,de,derstandard.at,derstandard.at,2026-04-01,Kann man den verwöhnten Österreichern in der Energiekrise etwas zumuten?,https://www.derstandard.at/consent/tcf/story/3000000315148/kann-man-den-verwoehnten-oesterreichern-in-der-energiekrise-etwas-zumuten
b5f91242b6cc27d4815ac2651598e697ba691e3f8afc66c1d219888e0b4c2d01,2026-04-03 11:18:54.741389+00:00,de,derstandard.at,derstandard.at,2026-04-02,"""Luftverteidigung grundlegend verändert"": ""Bird of Prey"" schießt Kamikazedrohne erfolgreich ab",https://www.derstandard.at/consent/tcf/story/3000000315241/luftverteidigung-grundlegende-veraendert-bird-of-prey-schiesst-kamikazedrohne-erfolgreich-ab
b0ca26cb0ba0e4c580ab7b9b5e4937285afefaf63151cafde9d931a649d34712,2026-04-03 11:18:52.100478+00:00,de,krone.at,krone.at,2026-04-03,Wiener Erzbischof: „Nicht bequem sitzen bleiben“,https://www.krone.at/4097080
0f2014838b6907c6537aff0e467e5676e8c779568cc84ba4a01d1a7872f8204b,2026-04-03 11:18:49.664083+00:00,de,derstandard.at,derstandard.at,2026-04-02,"Oxford-Ruderer Schöberl: ""Auf der Themse kann so viel passieren""",https://www.derstandard.at/consent/tcf/story/3000000315252/oxford-ruderer-schoeberl-auf-der-themse-kann-so-viel-passieren
6568d84db659d7a13b9600002a4a2f49c5a92ef13f87b43ae04db6c97d7c7ea0,2026-04-03 11:18:47.984792+00:00,de,krone.at,krone.at,2026-04-03,„Autobahn“ in Viktring: Richtig breite Zufahrt,https://www.krone.at/4097019
f4307980a80926ec59d3402f270c24212fa5f8cdba84d9b49ab33027f992211e,2026-04-03 11:18:45.195207+00:00,de,derstandard.at,derstandard.at,2026-04-02,"Tote in Pariser Wohnung, die acht Jahre niemand vermisste, löst Debatte über Einsamkeit aus",https://www.derstandard.at/consent/tcf/story/3000000315278/tote-in-pariser-wohnung-die-acht-jahre-niemand-vermisste-loest-debatte-ueber-einsamkeit-aus
91b0a2bdee041d3cca7dd98abdc15ce7811a76651fd83a61ed0edb6901696923,2026-04-03 11:18:43.695334+00:00,de,krone.at,krone.at,2026-04-03,Schweizer dürfen bei Käse-Löchern nachhelfen,https://www.krone.at/4097143
0b30dba2f248737a6bb49909367b70b0532efffa00f73093b4976286ef2bc1bd,2026-04-03 11:18:39.808981+00:00,de,derstandard.at,derstandard.at,2026-04-02,"Alle wollen ehrliche Politiker, aber Josef Schellhorn hat es übertrieben",https://www.derstandard.at/consent/tcf/story/3000000314959/alle-wollen-ehrliche-politiker-aber-josef-schellhorn-hat-es-uebertrieben
f4c8c0f75df2aaab40a9756349e7eebd9c1ffd3aaeec178b70c7b2a7edc3271c,2026-04-03 11:18:36.976005+00:00,de,krone.at,krone.at,2026-04-03,"Ungesichert, desolat: Polizei stoppt Holztransport",https://www.krone.at/4097135
63b0518be11868f795aba582e48aab6edc4ae2c12e2e479455b3fcb3a9fb96d2,2026-04-03 11:18:35.190715+00:00,de,derstandard.at,derstandard.at,2026-04-01,"Der elektrische Cayenne, Porsches neue Goldwährung?",https://www.derstandard.at/consent/tcf/story/3000000315117/der-elektrische-cayenne-porsches-neue-goldwaehrung
0bb289d32e0c5d9ce06c7fae079be39b22e3d42769758af0d9e6c5ab712dbb9b,2026-04-03 11:18:32.438799+00:00,de,krone.at,krone.at,2026-04-03,Neues Nest für jährlichen Besuch von Storchfamilie,https://www.krone.at/4096568
d5c7224d75b1af9c34b09ff733dfbc3db130c18dd4f6dbb32aba3cb7b0788aa3,2026-04-03 11:18:29.786038+00:00,de,derstandard.at,derstandard.at,2026-04-03,US-Richter weist die meisten Vorwürfe von Lively gegen Baldoni ab,https://www.derstandard.at/consent/tcf/story/3000000315319/us-richter-weist-die-meisten-vorw252rfe-von-lively-gegen-baldoni-ab
5772c2296b5f5c169b8d43509a36708645ca35c4baa2b4e6e86c9ee85c89210a,2026-04-03 11:18:27.164983+00:00,de,krone.at,krone.at,2026-04-03,US-Luftangriffe zerstören höchste Brücke im Iran,https://www.krone.at/4097122
2e184b23ef398e21544a2607c8ea17c804db6f0a788c01477f6818ed61bcc1ae,2026-04-03 11:18:25.192957+00:00,en,derstandard.at,derstandard.at,2026-04-03,How Trump Boxed Himself In on Iran,https://www.derstandard.at/consent/tcf/story/3000000315334/how-trump-boxed-himself-in-on-iran
c8abb799044699208c4ea20920320f13aa99fce5e1d77a3bf7faebce9e0286cb,2026-04-03 11:18:22.038859+00:00,de,krone.at,krone.at,2026-04-03,Lawinenalarm in Tirol löst Hubschraubereinsatz aus,https://www.krone.at/4097103
ebe3fbc76ba6a3bb67711d93e2b036f1291e4c900100602709b833b625acf52f,2026-04-03 11:18:20.224134+00:00,de,derstandard.at,derstandard.at,2026-04-03,"Milch zu sauber: Schweizer müssen Löcher im Emmentaler mit ""Lochansatzpulver"" retten",https://www.derstandard.at/consent/tcf/story/3000000315330/wie-die-schweizer-die-l246cher-im-emmentaler-k228se-retten
d288d999263d4e67a28c4bf228e6a57f41cf18e64498fce0a77afbe52b5d5f65,2026-04-03 11:18:11.848374+00:00,de,krone.at,krone.at,2026-04-03,OÖ-Tourismus profitiert von Fernreise-Ausfällen,https://www.krone.at/4096627
f8ad628003e3503a8d6d6edcb5b659b2fbd9e54305f33c870125a1287a9946c8,2026-04-03 11:18:10.235909+00:00,de,derstandard.at,derstandard.at,2026-04-02,Hanser verlegt jetzt auf Englisch: Geld verdienen mit echten Büchern? Gut so!,https://www.derstandard.at/consent/tcf/story/3000000315195/hanser-verlegt-jetzt-auf-englisch-geld-verdienen-mit-echten-buechern-gut-so
5b49fc0553953e318e1b772ffaf14001d9c9200a5040b89b52f8574b24ae762f,2026-04-03 11:18:06.370044+00:00,de,krone.at,krone.at,2026-04-03,"Stützpunkt Stinatz zeigt vor, wie es laufen soll",https://www.krone.at/4097068
43cabf6d6a08692010f3c846f9ff95bf16e01a0ba379f0d5bbcf44f1bdff4c6f,2026-04-03 11:18:05.188771+00:00,de,derstandard.at,derstandard.at,2026-04-03,"Über der 600.000er-Marke: ""Zoomania 2"" ist auch in Österreich Kinohit",https://www.derstandard.at/consent/tcf/story/3000000315379/220ber-der-600000er-marke-zoomania-2-mausert-sich-zum-kinohit
d1569e56470113bec6f65694d7218ede35f00e41de8dd8d42ef694be8778299e,2026-04-03 11:17:55.205974+00:00,de,derstandard.at,derstandard.at,2026-04-02,Aktienforum feiert verhinderte Frauenquote als Lobbying-Erfolg,https://www.derstandard.at/consent/tcf/story/3000000315034/keine-frauenquote-fuer-vorstaende-aktienforum-sieht-umsetzung-gelungen
7e4ceed9680148bdcbb636fad269e5d7014acbe92c89e7f5bd21f53a455fef8d,2026-04-03 11:17:50.417799+00:00,de,derstandard.at,derstandard.at,2026-04-03,"""Vergeltung ist keine Politik und keine Strategie"": Iran-Experte Posch in der ""ZiB 2""",https://www.derstandard.at/consent/tcf/story/3000000315320/vergeltung-ist-keine-politik-und-keine-strategie-iran-experte-posch-in-der-zib-2
c5cb3acacc3d703d60c0ef082a409ce99b8f835ef0509b51ade4118f04507402,2026-04-03 11:17:46.882680+00:00,de,krone.at,krone.at,2026-04-03,Betrunkener Fahrer rammt Unfallgegner und flüchtet,https://www.krone.at/4097189
6b29ee131449fa9e865a014b86c7ad03e97c8e0d22d385aaf5de4985037efe78,2026-04-03 11:17:41.036256+00:00,de,krone.at,krone.at,2026-04-03,Staatssekretärin: „Jackerl anziehen statt heizen“,https://www.krone.at/4097137
e0b232bbbad5e58e9818508d6cae66a7bac3b233e3676db195171d9c176bd95a,2026-04-03 11:17:40.061352+00:00,de,derstandard.at,derstandard.at,2026-04-02,"Wenn Rudolf Anschober für einen Flaschentrick Applaus bekommt, können wir das Klima retten",https://www.derstandard.at/consent/tcf/story/3000000314506/wenn-rudolf-anschober-fuer-einen-flaschentrick-applaus-bekommt-koennen-wir-das-klima-retten
310ca4e0180b2074af724be52cc1f37cdd80253fcdca4d183a8cb8b2e25a288d,2026-04-03 11:17:35.192315+00:00,de,derstandard.at,derstandard.at,2026-04-03,Trump droht nach Angriff auf Brücke mit Schlägen gegen Elektrizitätswerke im Iran,https://www.derstandard.at/consent/tcf/jetzt/livebericht/3000000315303/trump-sieht-kriegsziele-im-iran-beinahe-erreicht-kuendigt-aber-weitere-angriffe-an
ecc5e618839d81db06a743a34adaf68e39713458db1bbb77b9d90f7ce44979e9,2026-04-03 11:17:32.856698+00:00,de,krone.at,krone.at,2026-04-03,Hundebesitzer erkennen Schmerzen oft nicht,https://www.krone.at/4097058
3c916da43fdc1c4049b331acd7d36391d12799a9753e1b1d2aac1368737e1ffc,2026-04-03 11:17:29.716334+00:00,de,derstandard.at,derstandard.at,2026-04-01,In Deutschland gestrandeter Wal noch am Leben,https://www.derstandard.at/consent/tcf/story/3000000315374/in-deutschland-gestrandeter-wal-noch-am-leben
6338a98cacb27b79f0f6ad0870860e3fac5bbb197ced7d95416d120115c3ab19,2026-04-03 11:17:28.287042+00:00,de,krone.at,krone.at,2026-04-03,Was Beschäftigte über Minusstunden wissen müssen,https://www.krone.at/4096330
dee0311eb8c9d7824ee4a9e9347422564b05c17f9b9144d332e05204192a11de,2026-04-03 11:17:22.865200+00:00,de,krone.at,krone.at,2026-04-03,Grablicht löste Brand in einem Gewächshaus aus,https://www.krone.at/4097169
1b8583d41f8d8ec8094131fab049dab18e6c3fe5490d5a3fad689ab647995a6a,2026-04-03 11:17:18.369807+00:00,de,krone.at,krone.at,2026-04-03,Bergung von Wal-Kadaver wird bereits vorbereitet,https://www.krone.at/4097198
4c55beac05ef9fe58acbd73197866017f7463087e42e0d7c853389689e415bc2,2026-04-03 11:17:16.448854+00:00,de,derstandard.at,derstandard.at,2026-04-01,Die Ukraine balanciert auf einem schmalen Grat zwischen Optimismus und Wunschdenken,https://www.derstandard.at/consent/tcf/story/3000000314858/die-ukraine-balanciert-auf-einem-schmalen-grat-zwischen-optimismus-und-wunschdenken
22bd6f004fdd00582cbab57432a9c74f408b8e085ea3f5b967c59df8cbf834bb,2026-04-03 11:17:11.408952+00:00,de,derstandard.at,derstandard.at,2026-04-03,"""Les Misérables – Die Geschichte von Jean Valjean"": Western nach Victor Hugo",https://www.derstandard.at/consent/tcf/story/3000000315340/les-miserables-die-geschichte-von-jean-valjean-western-nach-victor-hugo
09aa729f3d453b605071af0e0c826b828e02be3e69893d6f85d66ad900e9a1c1,2026-04-03 11:17:08.484586+00:00,de,derstandard.at,derstandard.at,2026-04-02,"USA senken Zölle auf Stahl-, Aluminium- und Kupferderivate",https://www.derstandard.at/consent/tcf/story/3000000315312/berichte-usa-planen-neuordnung-von-stahl-und-aluminiumzoellen
99f76c58198dd55eea98c78b35c48e615995f7fc716f6474c352e03e3e7181c9,2026-04-03 09:32:25.820464+00:00,de,orf.at,orf.at,2026-04-03,Winternothilfe verzeichnete hohe Nachfrage,https://kaernten.orf.at/stories/3348526/
2c840c4d09c639454c44dacf5485178eb750a75c1ef6f9a26785c3944210d0c4,2026-04-03 09:31:11.177825+00:00,de,orf.at,orf.at,2026-04-03,75-Jähriger bei Forstunfall getötet,https://kaernten.orf.at/stories/3348540/
bfe86d73954d5bd5314601acd5a0708961aedc30a5e3f57a306e44952f036b7a,2026-04-03 08:37:22.335987+00:00,de,krone.at,krone.at,2026-04-03,Lech: 15-Jährige umgefahren und liegen gelassen,https://www.krone.at/4097045
ea4960ef499a5ad80a6a19f31a36d3fafcd08cfa19a1f4bb693b302f84e89298,2026-04-03 08:37:05.803294+00:00,de,krone.at,krone.at,2026-04-03,Vogelgrippe: Stallpflicht im Land fällt ab Samstag,https://www.krone.at/4097050
9bbfecca09a37c07e1fe2a4d2bbb4ff22a968a5c76c0791a6ec13c6d8ebda883,2026-04-03 08:36:55.093306+00:00,de,krone.at,krone.at,2026-04-03,„Wir sind starke Stimme für den Weinmarkt Europas“,https://www.krone.at/4096685
d2a90749c360731209d113873c14bf3597bfa7f3f6534fff0cab367f3ab355c8,2026-04-03 08:36:46.058479+00:00,de,krone.at,krone.at,2026-04-03,Mobile Toilettenanlage wurde in Brand gesteckt,https://www.krone.at/4097051
813203b59dfd93d34389ef20023fc27453e601411c73d3dde6cd32f1cd8f1e55,2026-04-03 08:36:41.153561+00:00,de,krone.at,krone.at,2026-04-03,"Ort verliert Post, Trafik und Greißler auf einmal",https://www.krone.at/4096231
8e300d4192bea9b8b23fc507c7049c3d14d4c7af1adfd57e339a249d12326dd6,2026-04-03 08:36:30.853784+00:00,de,krone.at,krone.at,2026-04-03,Todkranke Ines (34) zu Sarah Connor eingeladen,https://www.krone.at/4096543
38d6f273d746c1b437a0e2ef042a20ced22a98b73319d124de8341d0556ae2f7,2026-04-03 08:36:24.801377+00:00,de,krone.at,krone.at,2026-04-03,Gläubiger Austrianer über Heimspiel am Karfreitag,https://www.krone.at/4095590
ed07be49010261fcd4a68ff535a1189ebf9e18465292f6156d9a68cffa0a9cce,2026-04-03 08:36:19.564806+00:00,de,krone.at,krone.at,2026-04-03,Prozession am Karfreitag: Papst trägt Kreuz selbst,https://www.krone.at/4097029
b8c4ca78a6963c2f733fbe6b2e4004cd634df0b1a0b75326f12392949e5d2ecd,2026-04-03 08:36:07.962969+00:00,de,krone.at,krone.at,2026-04-03,Millionen-Lottogewinner stahl Frau Ersparnisse,https://www.krone.at/4097070
ec7cfb2469d1a2955cc45d4ebbde46a0c27742003324f35ae3ff4ca9a478d3f6,2026-04-03 08:35:56.588896+00:00,de,krone.at,krone.at,2026-04-03,Frühlingssonne mit Haken: Wind mischt Ostern auf,https://www.krone.at/4097073
8edd2cdb929826ee42cd331ae874fc6cd59bcca5d6b004bea61fc6bac80cb20f,2026-04-03 08:35:51.584204+00:00,de,krone.at,krone.at,2026-04-03,Dieser Bauernhof wird ab September zur Volksschule,https://www.krone.at/4096635
078c8d83e6c62d852e0f97ebb603f7e7a96d72f265fa37d372a25d4967ba1e71,2026-04-03 08:35:46.496703+00:00,de,krone.at,krone.at,2026-04-03,Austria-Trainer: „Die Amateure haben Priorität!“,https://www.krone.at/4096602
de0c494df3f6607a53ee19ad17742c612bec1651055a5e770df4418ac944e83b,2026-04-03 08:35:41.472417+00:00,de,krone.at,krone.at,2026-04-03,"Schultz greift durch, streicht Stellvertreter Ruck",https://www.krone.at/4096932
4102e12d4ccb6ae855a2bab2033675b1c59decbf1ce039cdb320b1df37885843,2026-04-03 08:35:36.624614+00:00,de,krone.at,krone.at,2026-04-03,Wie ein Denkmal der Ostergeschichte neu aufblühte,https://www.krone.at/4096619
18f97d6e4013c11d8c54bafbb566b5134f502752da31c9a5ef4482c97c1ac177,2026-04-03 08:35:31.989460+00:00,de,krone.at,krone.at,2026-04-03,Hotelgäste eingeschneit – saßen 24 Stunden fest,https://www.krone.at/4097017
8458f562386b5e24bb0a322ff0e3a095deb307ddaa35ccceb02802f2fa237e6a,2026-04-03 08:35:15.900068+00:00,de,krone.at,krone.at,2026-04-03,Sparkurs rettet fünf Gemeinden vor dem Ausgleich,https://www.krone.at/4096540
23715333e6928acd741f92b0ddf7d635109beafd171409ca7f93bd1582d68cb7,2026-04-03 08:35:10.594787+00:00,de,krone.at,krone.at,2026-04-03,KarFREItag: Blechlawinen rollen in Richtung Süden!,https://www.krone.at/4097015
67f4125c3ecba60f00cbe402f8d72cc1bb0045a3edd9a42eb285377d36dbca8b,2026-04-03 08:22:08.739767+00:00,de,orf.at,orf.at,2026-04-02,Mobilität im Alter als Schlüssel zu Lebensqualität,https://noe.orf.at/stories/3347732/
21e08380ab2c9a790cdb4b7c8f692ba0ab4620bc24cb83daffdb27ccc5e4245f,2026-04-03 08:21:54.697008+00:00,de,orf.at,orf.at,2026-04-03,Ostern als Familienfest stärkt den Handel,https://steiermark.orf.at/stories/3348444/
0f33389b6719b1292f23b564ae694f0cc62aa00dcf16650fe83ade65d0080756,2026-04-03 08:21:50.445360+00:00,de,orf.at,orf.at,2026-04-02,Hunde-Beißtraining doch wieder erlaubt,https://noe.orf.at/stories/3348499/
ea14e4ad0ac8cd0ae034458cfefcb92a12351bb508d7899ce452acdf8e8c7f6a,2026-04-03 08:21:45.417238+00:00,de,orf.at,orf.at,2026-04-03,Osterverkehr: Polizei kontrolliert stärker,https://noe.orf.at/stories/3348327/
dc316dc077664f4bb72b18a145fd11dce5bb19cd9226643799c5757196f30aaf,2026-04-03 08:21:06.792004+00:00,de,orf.at,orf.at,2026-04-03,Zwei tödliche Arbeitsunfälle an einem Tag,https://steiermark.orf.at/stories/3348542/
e1c068de448e65dbb8c5de1b9d33186c2a3e4a641cf06492b5d2ebacc78577e9,2026-04-03 08:20:48.859368+00:00,de,orf.at,orf.at,2026-04-03,Frau zwischen Lkws eingeklemmt: Verletzt,https://steiermark.orf.at/stories/3348555/
498ec65264dec5ce945eb35c05c694478f41fed586c38f54b232fdd709c9dabb,2026-04-03 08:20:35.559600+00:00,de,orf.at,orf.at,2026-04-03,70 km/h: E-Scooter entkam Polizei in Graz,https://steiermark.orf.at/stories/3348553/
ab0a282a0570175eecd5459cd8a8679dd2de6579ad7ba9b5fa51c163edb5159e,2026-04-03 08:20:24.743175+00:00,de,orf.at,orf.at,2026-04-03,"„Verliert man Stille, verliert man Blick fürs Wesentliche“",https://noe.orf.at/stories/3347690/
6b4541e4f971b8ccaf544a2281570cf13544fc44e59e672d8d0c2dfd63fb146c,2026-04-03 08:20:11.358707+00:00,de,orf.at,orf.at,2026-04-02,Neulengbach will bis Saisonende durchhalten,https://noe.orf.at/stories/3348532/
c7e1efea86998c46453246695270e56f6a74ec68b1e3a1b5ad8f7d9d05785f9a,2026-04-03 06:35:43.578725+00:00,de,orf.at,orf.at,2026-04-03,Kuba begnadigt mehr als 2.000 Gefangene,https://orf.at/stories/3425798/
453838f71ebb2253ec869b403570f350b11d986bf8890a5f4bf2c3ce2c1fcfac,2026-04-03 06:35:36.263297+00:00,de,orf.at,orf.at,2026-04-03,Wichtiger Indikator zwischen Krieg und Wahl,https://orf.at/stories/3425514/
6814d36b34a32780f44f7f928b315255166417aabc22b9d7f9b27a8c33ae40e4,2026-04-03 06:35:31.423314+00:00,de,orf.at,orf.at,2026-04-03,Netflix macht „Die Korrekturen“ mit Streep zur Serie,https://orf.at/stories/3425791/
d73cfbf7a5075bdcb6328736626f3d3dc6fda3b89246f0691112498ce1d915b8,2026-04-03 06:35:26.245419+00:00,de,orf.at,orf.at,2026-04-03,UNO-Sicherheitsrat: Votum über Straße von Hormus verschoben,https://orf.at/stories/3425793/
94f2986a541c477f9121fd365122386d5ada6b63e3679450616f91ca6aed9960,2026-04-03 06:34:59.636184+00:00,de,orf.at,orf.at,2026-04-03,Venedig verlangt wieder Eintritt,https://orf.at/stories/3425797/
a2ac555df88b74ed1850d2af5b29207c80b71fe616f8ac4f2f2bc416abcf9915,2026-04-03 06:34:54.267525+00:00,de,orf.at,orf.at,2026-04-03,Lively gegen Baldoni: US-Richter weist meiste Vorwürfe ab,https://orf.at/stories/3425794/
3fa199ecb9ac8455db13ed72f0d0af2226895a4689f41b709e4ad0818ff7c7c0,2026-04-03 06:34:01.817577+00:00,de,orf.at,orf.at,2026-04-03,"Trump droht: „Brücken als Nächstes, dann Kraftwerke“",https://orf.at/stories/3425796/
0dc3cc0d2754cbe5f30cf97e41fd0ffd7d090d27f2d6c38ad496dec8a247f9c0,2026-04-03 06:33:53.194510+00:00,de,orf.at,orf.at,2026-04-03,„Artemis“-Crew verlässt Erdumlaufbahn Richtung Mond,https://orf.at/stories/3425789/
8558e9ecff1b29647e7350d345c64b99fd175bddc7d8140f1a2d836f2fb44020,2026-04-03 06:33:40.157613+00:00,de,orf.at,orf.at,2026-04-03,Über 40 Tote bei Angriff von Miliz in DR Kongo,https://orf.at/stories/3425795/
4be320d1a694256346532e552407791e35d6ef2e5fdf68795ad42dee64dbb163,2026-04-03 06:33:26.774808+00:00,de,orf.at,orf.at,2026-04-03,D: Mann drohte in Zug mit Anschlag und warf Böller,https://orf.at/stories/3425792/
8381e60620319fd9c42a042621ed69392deffe80b3985d45ec929d1950b60e86,2026-04-03 06:30:55.034914+00:00,de,krone.at,krone.at,2026-04-03,Russen-Gastanker treibt „unkontrolliert auf See“,https://www.krone.at/4096993
98edc9a974abd568c7d3e1232e4f9a23c8c9f3e1a2929719ab11cbe7e0fb9cdd,2026-04-03 06:30:34.405608+00:00,de,krone.at,krone.at,2026-04-03,"Duell als grüne Tradition, oder: Eine Kampfansage!",https://www.krone.at/4096531
e81401bcce728c284409a2958dd0dc1132a47a1fb396de62a4689ee8ac91dd28,2026-04-03 06:30:28.872936+00:00,de,krone.at,krone.at,2026-04-03,„Artemis“-Mission läuft: Erdumlaufbahn verlassen,https://www.krone.at/4096967
c774961cecd209d9d9121449a84643a05ac0fbc26f01941720698829b2bf810c,2026-04-03 06:30:23.622834+00:00,de,krone.at,krone.at,2026-04-03,Schmerzgrenze liegt bei 9 Euro für Schoko-Hasen,https://www.krone.at/4096713
82199d5db688525275565c02ffa20c3fb4afff2ab6e9bd4055b897cec2c6333d,2026-04-03 06:30:07.444914+00:00,de,krone.at,krone.at,2026-04-03,Nächtlicher Großeinsatz am Salzburger Hauptbahnhof,https://www.krone.at/4096984
9100870f98361418e49c9092d4113fc4b21579e9762171643152c051ed576803,2026-04-03 06:30:02.616216+00:00,de,krone.at,krone.at,2026-04-03,Arbeitslosigkeit hat das weite Land im Würgegriff,https://www.krone.at/4096457
553918493ec83169a73257651bbef5d0bae52153c1524a57a4181f89e192d008,2026-04-03 06:29:52.537542+00:00,de,krone.at,krone.at,2026-04-03,Neue Eisenstädter: Netzwerken im Hinterzimmer,https://www.krone.at/4096649
e1d9c7ad653346982c7c29f254c7a5e9bc2a51f03667c4ed090df12b7c22ab9f,2026-04-03 06:29:47.357687+00:00,de,krone.at,krone.at,2026-04-03,Heizung begann in Wohnhaus in Puch zu brennen,https://www.krone.at/4097004
e27238f6fc36c38b43c08f5967f2e7adb8ae0ed4b8d082c27e36c3bc72f4cdbd,2026-04-03 06:29:17.926535+00:00,de,krone.at,krone.at,2026-04-03,Was wir gegen den hohen Spritpreis tun können,https://www.krone.at/4096337
0430fe36620c664388de9de098b5944b6bb7d0da6ac0edc9a4b66e71f9ec5772,2026-04-03 06:29:11.970827+00:00,de,krone.at,krone.at,2026-04-03,Polizisten reanimieren mit Defibrillator Mann (56),https://www.krone.at/4097001
54a248d2db8a8551192f53b98bd1a177f11d495f9c41886fb85e2f04fb181f42,2026-04-03 06:28:48.800139+00:00,de,krone.at,krone.at,2026-04-03,Teurer Sprit! „Wir zahlen 7 Euro pro Liter“,https://www.krone.at/4096897
3832c8e4de31f330163dff57c82faddb4c106097b692df5562a06587caffb3e9,2026-04-03 06:28:31.831507+00:00,de,krone.at,krone.at,2026-04-03,Schlechtes Omen für die „Britve“ im Kroaten-Derby?,https://www.krone.at/4096534
d2690e69f5dd5e79ab6f237471cc0effea3e88f18c03d357a77a6e589738e8fe,2026-04-03 06:28:18.138398+00:00,de,krone.at,krone.at,2026-04-03,Stadtplatz hat mit „Lücke“ in bester Lage Probleme,https://www.krone.at/4096915
4df99fcf934a56737a8ea286b040a7d3abd988f7dbe7a0555a6967fc90302d78,2026-04-03 04:27:17.831726+00:00,de,krone.at,krone.at,2026-04-03,SV Ried gegen Altach ab 19.30 Uhr LIVE,https://www.krone.at/4096395
21f6c2780f9fca96297ce9449d6c30cc410260448a91e617d0a9764b3f1e8472,2026-04-03 04:26:51.864806+00:00,de,krone.at,krone.at,2026-04-03,Diese Partei macht Gendern am häufigsten zum Thema,https://www.krone.at/4095651
c4e47049e773fa252470e2da7ad03a51005250efe8068795548bbb4b00c5db8d,2026-04-03 04:26:31.572458+00:00,de,krone.at,krone.at,2026-04-03,Letzte Ruhe im Wald lässt Wiener Kassen klingeln,https://www.krone.at/4096257
a0b798c18410671bd640ce72cceeaafe060da384959d2989c14f9477d3164032,2026-04-03 04:26:23.948579+00:00,de,krone.at,krone.at,2026-04-03,Ted Bundy war der Mörder von Laura Aime (17),https://www.krone.at/4096955
9770e3e2b11b1a4e2592d44162e11e8d55f6ac8c415798f869de38fe2d2ff6f1,2026-04-03 04:26:09.303399+00:00,de,krone.at,krone.at,2026-04-03,Junge Mama kämpft gegen Tumor – jede Hilfe zählt!,https://www.krone.at/4093200
b5a7528dd2046f48cde0d5e190aa0005806a36f8c5167413b54473f492f75fc0,2026-04-03 04:25:42.169144+00:00,de,krone.at,krone.at,2026-04-03,Mega-Treibstofftanks sichern jetzt Salzburgs Flüge,https://www.krone.at/4096575
2b682ab31a593671541e02fe4753a0c5bce43cfaa4d94530daf3251b08092ed4,2026-04-03 04:25:35.206638+00:00,de,krone.at,krone.at,2026-04-03,Landjugend erzielt neuen Rekord bei Mitgliedern,https://www.krone.at/4096755
f8e1af634e60371e2fd2b1c9b830e859b41358a6d9e6d23a05c54b1084af8318,2026-04-03 04:25:29.084546+00:00,de,krone.at,krone.at,2026-04-03,„Seit Karfreitag ist mein Leben auf Kopf gestellt“,https://www.krone.at/4096675
1e7ef88d258de52784a2de4bd8bc8f9c307881b7820fb2fb0501c50caa154ce7,2026-04-03 04:25:24.726207+00:00,de,krone.at,krone.at,2026-04-03,"So viel kosten Häuser, Wohnungen und Baugründe",https://www.krone.at/4095820
662b69cc5f4a78b2bd98dd984677323355339212f3fbfded9a94967e176279e6,2026-04-03 04:25:03.901507+00:00,de,krone.at,krone.at,2026-04-03,Wo Sie bis zuletzt Ostereinkäufe machen können,https://www.krone.at/4096381
6943d070e75bd125a33202a1f315f1b0a5e6753812570fb0502b4985faae8cd2,2026-04-03 02:32:59.561684+00:00,de,orf.at,orf.at,2026-04-03,Hier bremsen Falschparker die „Öffis“ aus,https://wien.orf.at/stories/3348366/
d35bec652d3634f026d470e7e094405293440d015b9291c25bbc04784f62650c,2026-04-03 02:32:25.310883+00:00,de,orf.at,orf.at,2026-04-02,Wenn mentale Last zu schwer wird,https://wien.orf.at/stories/3348479/
765087a3ee08147227309df1569a20850e558c089798cab871db9aa7ca854354,2026-04-03 02:24:04.581816+00:00,de,orf.at,orf.at,2026-04-02,Ukraine: Mindestens zwei Tote bei russischen Angriffen,https://orf.at/stories/3425787/
7c72610eedeb9143ee0deac3812a672c912f139758d7dc097bf33e63be602738,2026-04-03 02:23:29.282238+00:00,de,orf.at,orf.at,2026-04-02,Hegseth drängt US-Armeechef zum Rücktritt,https://orf.at/stories/3425788/
6f25fbcf8e69a9027d0cbbfc051f7f29bd8836053131afd82e2f8c5fefd2854e,2026-04-03 02:23:00.375263+00:00,de,orf.at,orf.at,2026-04-02,Rennen um UNO-Vorsitz geht in heiße Phase,https://orf.at/stories/3425421/
8ceb79d9af67ad90b53f4344fd46c6e0198b18b5544027f5c4c73057716cc54b,2026-04-03 02:20:34.055117+00:00,de,krone.at,krone.at,2026-04-02,UEFA-Präsident Ceferin droht Italien mit EM-Entzug,https://www.krone.at/4096663
6d79aaecbd673f5200f98102f034510e77c929d2d3057712ef2fb6baa799864f,2026-04-03 00:37:18.655024+00:00,de,orf.at,orf.at,2026-04-02,Swietelsky soll Tunnel der A26 bauen,https://ooe.orf.at/stories/3348535/
872e606fc88ac9ac49d7753655c710dfc0daf33a9e163919dc68bd6d7f32798f,2026-04-03 00:37:08.474395+00:00,de,orf.at,orf.at,2026-04-02,OÖ schöpft mit Mondmission Hoffnung,https://ooe.orf.at/stories/3348483/
f2b58b3f5431e56134a13e496764a9b187ed7fa8daf6b7add6b1207ba6377f00,2026-04-03 00:36:46.115363+00:00,de,orf.at,orf.at,2026-04-02,Preisbehörde beobachtet Spritpreis-Senkung,https://ooe.orf.at/stories/3348509/
57ce121ca30c1b2e99c38b4c1990a63da26ddab70507e52643ac308390b374d2,2026-04-03 00:36:40.919054+00:00,de,orf.at,orf.at,2026-04-02,Sprengarbeiten für Kraftwerk Traunfall,https://ooe.orf.at/stories/3348402/
481656107d92ae1b5c4a11c5c07a4981d87005ae71714032e6d1176cef3f232e,2026-04-03 00:31:34.605130+00:00,de,orf.at,orf.at,2026-04-02,"Seilbahner-Löhne steigen um 3,6 Prozent",https://salzburg.orf.at/stories/3348530/
78fda4848c7c29ebc1b8b4d67df1aaa2fcb3f03594015396eed48855587b02b5,2026-04-03 00:31:14.718681+00:00,de,orf.at,orf.at,2026-04-02,Kellerbrand in Flachau: 60 Feuerwehrleute im Einsatz,https://salzburg.orf.at/stories/3348471/
2e6402145712e903e8f345d3ab67c546161c4472764b2218e85be7e1dda4357a,2026-04-03 00:31:09.774055+00:00,de,orf.at,orf.at,2026-04-02,Gemeindevertretung: „Nein“ zu Hotelprojekt,https://salzburg.orf.at/stories/3348452/
e9afbdb25773169a70a362c0506c7ea74ae7c6abf2a029ab4097dd94c8c7084f,2026-04-03 00:30:56.008090+00:00,de,orf.at,orf.at,2026-04-02,Ratschenbauer aus Leidenschaft,https://salzburg.orf.at/stories/3348478/
1350589d032b7d8aa7d7b073c9d515418d71f47a482154b669b7a0ffad72701c,2026-04-03 00:30:29.660034+00:00,de,orf.at,orf.at,2026-04-02,Verstiegene per Boot von steilem Seeufer geborgen,https://salzburg.orf.at/stories/3348423/
c7c8bd47f663bc7bceb4cb4a1d983caa3318050d56cc6481e19e57b94dcf2a75,2026-04-03 00:30:21.531164+00:00,de,orf.at,orf.at,2026-04-02,Völlig erschöpft: Deutsche Wanderer in Bergnot,https://salzburg.orf.at/stories/3348440/
ec6597541e19b7feb60b22a8423d180121583605962947a650844ad23b6e3e55,2026-04-03 00:30:16.504504+00:00,de,orf.at,orf.at,2026-04-02,SalzburgMilch und Pinzgau Milch dürfen fusionieren,https://salzburg.orf.at/stories/3348453/
6a8931efcdc4dbbf2433fbb6e66e4b2f56227554c0e84b624beeedcc7b1cf4c5,2026-04-03 00:30:03.926810+00:00,de,orf.at,orf.at,2026-04-02,Neuverschuldung geringer als gedacht,https://salzburg.orf.at/stories/3348474/
4a5ebab6358021a9c4ebad23fa1f4644e949ab060888776136eb1794b06dfe9d,2026-04-03 00:29:57.140787+00:00,de,orf.at,orf.at,2026-04-02,Riesen-Goldhaube zum Jubiläum von Traditionsverein,https://salzburg.orf.at/stories/3348393/
81e077a59aba757e29d612110bebc7ef3769d89c43df10ccfd152bafe9ac5bec,2026-04-03 00:29:33.186740+00:00,de,orf.at,orf.at,2026-04-02,AK: Effekt der Spritpreisbremse noch unklar,https://salzburg.orf.at/stories/3348457/
9b716639f844ed38513b0ae2d952ee35de3434c1058ad49490d4ed82b60b6f99,2026-04-03 00:22:19.235421+00:00,de,krone.at,krone.at,2026-04-03,Softair-Böller in ICE: Polizei im Großeinsatz,https://www.krone.at/4096961
ba38830e25e1e1d005dfaa09187d6326b7bbed1fac24b80da21435d92e6d52fa,2026-04-02 23:38:41.780859+00:00,de,orf.at,orf.at,2026-04-02,Mehr Veranstaltungen am Karfreitag erlaubt,https://kaernten.orf.at/stories/3348477/
d7cd8d6d83710246934bb100d1042dc6f761207bcb365c38480a525c22864d29,2026-04-02 23:37:50.138884+00:00,de,orf.at,orf.at,2026-04-02,"Spritpreisbremse greift, Unmut bleibt",https://kaernten.orf.at/stories/3348501/
7fabf677ba28fae70dbcef949050c0090dd4ed47028d648002b817763bd9a3c0,2026-04-02 23:37:27.207454+00:00,de,orf.at,orf.at,2026-04-02,Polizei bittet um neue Hinweise,https://kaernten.orf.at/stories/3348489/
d6c58625b4fdd732f12a24b418130530d9527ef917f53f6148d3ef23790c4f9c,2026-04-02 23:36:25.185603+00:00,de,orf.at,orf.at,2026-04-02,Bewusstsein schaffen und Vorurteile abbauen,https://kaernten.orf.at/stories/3348469/
8eafddd6c55468fba6d4935b122a48306b4879a039428780604dc2eb84597d07,2026-04-02 23:24:49.059586+00:00,de,krone.at,krone.at,2026-04-02,Schock! Fußballer mit Notarzt abtransportiert,https://www.krone.at/4096910
02dc1e298cdc95df54e93d34876420174e9e91e06268add4875b4eeee44284d2,2026-04-02 22:30:36.681067+00:00,de,krone.at,krone.at,2026-04-02,Weißes Haus nimmt EU von höheren Zöllen aus,https://www.krone.at/4096940
a9ab27825c3e7429c08c06f24ebf7675057124e8da7c90b690de2f0e666e5a74,2026-04-02 22:30:26.507710+00:00,de,krone.at,krone.at,2026-04-02,Grünau und Polizei für Fanansturm gerüstet,https://www.krone.at/4096938
8a04f55862878931daee0d8a93353ee46bbd15be5a84067074342797d54ea9c6,2026-04-02 22:30:15.324212+00:00,de,krone.at,krone.at,2026-04-02,Mann (75) bei Forstarbeiten im Wald gestorben,https://www.krone.at/4096929
1b4007385062611515b4e450a4d2fc63550c83ebefbd4e4172331728f064840d,2026-04-02 22:30:03.860592+00:00,de,krone.at,krone.at,2026-04-02,„Wir sind auch nur Menschen und keine Roboter“,https://www.krone.at/4096771
df9ff2ad4af13ecab9c59d36e9f6190d46000bf9a4b6fc7a0ca9dadc68195015,2026-04-02 22:29:57.984207+00:00,de,krone.at,krone.at,2026-04-02,Umweltminister bekommt Anzeige und Morddrohungen,https://www.krone.at/4096944
8451bc23b1f8b9c64b6bbe99a4e26a8950b77fa69c636c9287fa8aa3a907f9a5,2026-04-02 22:22:04.112001+00:00,de,orf.at,orf.at,2026-04-02,Zu Gast: Iran-Experte Posch,https://orf.at/stories/3425772/
7758a52d5369d7a7ba3ed79ec41f1255b6b6399fd38a9a738a04d60f51759af2,2026-04-02 22:21:58.951157+00:00,de,orf.at,orf.at,2026-04-02,Heiraten für Hartgesottene,https://orf.at/stories/3424831/
4f1405476f59c6b65684fc1bdbb831e06019778e5fba37950931115eee1fd89d,2026-04-02 22:21:53.945168+00:00,de,orf.at,orf.at,2026-04-02,Stocker verteidigt Spritpreisbremse,https://orf.at/stories/3425752/
d3ac898ce78aa111fd9ab8a18b65d5565a3f8bc09f1325a3e5fa2b139dfd2beb,2026-04-02 22:21:28.744517+00:00,de,orf.at,orf.at,2026-04-02,US-Regierung mit Neuordnung bei Zöllen,https://orf.at/stories/3425784/
4dfcb37ebcb89090049255c2554a22e3428db65829711d7615c385db7b6279f9,2026-04-02 22:21:10.360407+00:00,de,orf.at,orf.at,2026-04-02,Trump entlässt Justizministerin Bondi,https://orf.at/stories/3425774/
6fcc6cb67bf5fac9df77c35f69b52aedc97583242d918b9f75880694474412ea,2026-04-02 22:20:52.680974+00:00,de,orf.at,orf.at,2026-04-02,US-Justizministerin Bondi entlassen,https://orf.at/stories/3425773/
7cc85e6e08088984b38a45e6e6d9ea5ab2fb22635e8cf3b63505c76b9ab56691,2026-04-02 22:20:47.459059+00:00,de,orf.at,orf.at,2026-04-02,Iran verurteilt Angriff auf Autobahnbrücke,https://orf.at/stories/3425783/
79513eb0a055e60191da046ba8d0cb24b2613ca642bcbee4997216fef2a662cf,2026-04-02 22:20:42.730446+00:00,de,orf.at,orf.at,2026-04-02,Amnesty kritisiert Iran wegen Kindersoldaten,https://orf.at/stories/3425771/
9167b53a786a671a6d036f369a4771aed43ffdec00afcafcf96b5c928175a9f5,2026-04-02 22:20:16.889882+00:00,de,orf.at,orf.at,2026-04-02,ISW: Keine Geländegewinne für Russland im März,https://orf.at/stories/3425780/
6b1b57c421cbbef359ff8c62669ec3eb550e90f600d7132c6bc4803056133a36,2026-04-02 22:20:10.683521+00:00,de,orf.at,orf.at,2026-04-02,Neue Angriffe der Huthi-Rebellen auf Israel,https://orf.at/stories/3425785/
59cf94458f5a03374865c87256bf573453d6250a36864e9f48f7811a7a601c8f,2026-04-02 22:20:02.029475+00:00,de,orf.at,orf.at,2026-04-02,Israel meldet Tötung von iranischem Kommandanten,https://orf.at/stories/3425775/
20208d40aa01447647fbe21eaa56b49ccd54617fad390879f6622048de5c81c0,2026-04-02 22:19:56.889078+00:00,de,orf.at,orf.at,2026-04-02,Hormus-Krisentreffen: Mehr Druck auf Iran angestrebt,https://orf.at/stories/3425778/
eca81362ceeb707ae2202a98bd662d464ef800c56e744670b48ae04d1051ef8d,2026-04-02 21:21:07.783938+00:00,de,orf.at,orf.at,2026-04-02,Gänsesägermama Gerda brütet erneut,https://tirol.orf.at/stories/3348351/
942cffbd0d75a9a4777e2ef6fd96da9636a4aa35fe01fa269afb616bdb134df1,2026-04-02 21:21:00.899728+00:00,de,orf.at,orf.at,2026-04-02,Wunsch nach mehr Aufklärung und Assistenz,https://tirol.orf.at/stories/3348365/
8e661a8a0d560aa65ec9fbe85ec9fa87f9cb7435423b2efae83e283b569787a6,2026-04-02 21:20:51.089049+00:00,de,orf.at,orf.at,2026-04-02,Erleichterung für Ausländer bei ID Austria,https://tirol.orf.at/stories/3348332/
87e9c7217b5daf0a31bd32fadd0479fef7dd226a4c3ff34868f8b5c2d0557307,2026-04-02 21:20:40.568067+00:00,de,orf.at,orf.at,2026-04-02,Erl startet mit „Parsifal“ in neue Spielzeit,https://tirol.orf.at/stories/3348455/
ef17f141a09172ec5feecf8eb553061ab23a359b68ead8fc322a787f08653c4e,2026-04-02 21:20:35.750360+00:00,de,orf.at,orf.at,2026-04-02,Zwei Kandidaten für Chefsessel der Grünen,https://tirol.orf.at/stories/3348405/
cb554f9bbf4611d1a8ccee59f6f6b9e156e24910cdd819c60a322379dd171127,2026-04-02 21:20:23.119388+00:00,de,orf.at,orf.at,2026-04-02,Villa wird zum Luftschloss: Frau betrogen,https://tirol.orf.at/stories/3348496/
7eeac6abef0350a37b7a72f1af11b8ea81cce1dcf9d4a182ff05a623ab95a12e,2026-04-02 21:20:17.707007+00:00,de,orf.at,orf.at,2026-04-02,Absage an landesweite Krankenhaus-Holding,https://tirol.orf.at/stories/3348490/
463923c82638d3cd5d22e8991b7383af4005f94a86bc74c23e1cf536bca800a1,2026-04-02 21:20:01.851131+00:00,de,orf.at,orf.at,2026-04-02,Neun Verletzte bei Kollision mit Bus,https://tirol.orf.at/stories/3348516/
70982808744bc6fb43e8580405a6e36042894314fad8e8a7c335af2c41208b23,2026-04-02 21:19:54.691685+00:00,de,orf.at,orf.at,2026-04-02,Weniger Verkehrstote zu Jahresbeginn,https://tirol.orf.at/stories/3348285/
76a780801a9631d566fbb1955fedcf7b6e60255c810baa711ceb496d40dc335d,2026-04-02 21:19:28.085807+00:00,de,orf.at,orf.at,2026-04-02,TIWAG friert Strompreis für 24 Monate ein,https://tirol.orf.at/stories/3348421/
24a4e291215314049cca67e4b1ee715728abccc76553f315ee02f1ed87c2fcea,2026-04-02 20:42:18.680986+00:00,de,krone.at,krone.at,2026-04-02,USA senken Zölle auf Stahl- und Aluminiumprodukte,https://www.krone.at/4096935
b199963de246f1d4f3022151c05ae58e8871dcbf6323ee369f777449b33328df,2026-04-02 20:42:13.817261+00:00,de,krone.at,krone.at,2026-04-02,Bildhauer Tilly in Moskau zu Haft verurteilt,https://www.krone.at/4096889
4a869b8e270d8a3ab97b257b28369f1a99b576a5877d4be9c234de6485e65449,2026-04-02 20:42:05.044382+00:00,de,krone.at,krone.at,2026-04-02,Diese Haken hat die neue Spritpreisbremse,https://www.krone.at/4096636
109eef1b924b4faab9ce83ce4871efde91db932c6bc4f5b4c15f8eb0ddbccc80,2026-04-02 20:40:58.045539+00:00,de,krone.at,krone.at,2026-04-02,"Stars, Promis und wertvolle Hilfe für Wasserretter",https://www.krone.at/4096832
d17448b64961325b2d4c6d981336630efd85d1627a0d711f5bc8626a37af2677,2026-04-02 20:23:54.596419+00:00,de,krone.at,krone.at,2026-04-02,90 Feuerwehrkräfte gefordert: Gebäude in Flammen,https://www.krone.at/4096884
6c33e9b8bc52cab1b6e7bf397c08d57f80d064d25ee0870f2db032f6eb73042d,2026-04-02 20:23:49.271998+00:00,de,krone.at,krone.at,2026-04-02,Intensivstation! Guardeno schwer verletzt,https://www.krone.at/4096863
743fed4dea0b278ed97a0ce52195a924fae83127ed22457a474498613cfccab4,2026-04-02 20:23:29.461328+00:00,de,krone.at,krone.at,2026-04-02,5500 Beschäftigte sollen Mercedes verlassen haben,https://www.krone.at/4096887
4299d9703fd6c7508ad99edd788d50aaf4f9e1edcc1cd978974629b324c4a0a8,2026-04-02 20:23:22.509954+00:00,de,krone.at,krone.at,2026-04-02,Nachbarin fand von Ast erschlagenen Steirer (63),https://www.krone.at/4096871
a530eefcfe0ba99997a2d71df9c6f44872bc6bda04d960fc9a9c086508f21bd3,2026-04-02 20:23:17.476812+00:00,de,krone.at,krone.at,2026-04-02,Schauspielerin Hailee Steinfeld ist Mama geworden,https://www.krone.at/4096834
8bdd82fd64053c6d608dda239793f186407a700389087da7e86d965ae5ac9126,2026-04-02 20:23:12.454417+00:00,de,krone.at,krone.at,2026-04-02,Erzbischof Lackner wusch Franziskanern die Füße,https://www.krone.at/4096904
a9c28f16272e496d6150374a99e1d209c3dcb432b5dee0dc9545b495c3cb1bc0,2026-04-02 20:23:07.175344+00:00,de,krone.at,krone.at,2026-04-02,Teamspieler Wagner wechselt im Sommer nach Serbien,https://www.krone.at/4096870
ba91fcee9f4e0ba6dad4fd599aed1c7fbb66f37a2c7c5b4860a86e20b1148168,2026-04-02 20:22:30.507808+00:00,de,krone.at,krone.at,2026-04-02,Vier Matchpucks! 99ers stehen vor dem Finaleinzug,https://www.krone.at/4096822
9fdba6ef85b62fd97d46b7c0e708be93b1b1d3e225aa12a1b7763ae7f190b320,2026-04-02 20:22:25.605011+00:00,de,krone.at,krone.at,2026-04-02,Parfum-Dieb stieß auf seiner Flucht Kleinkind um,https://www.krone.at/4096867
e7d19944b3d0d14c843825cb33ccc824767d6238f1740ce8befe6477fce116b7,2026-04-02 20:22:20.511365+00:00,de,krone.at,krone.at,2026-04-02,Russen telefonieren über Haustier-Futterautomaten,https://www.krone.at/4096908
c46c76d92601cd1a994b4c940358354a68c2adfee63b741f79be77786a830dd2,2026-04-02 20:22:11.736572+00:00,de,krone.at,krone.at,2026-04-02,Ischgl-Schläger hat sich bei der Polizei gemeldet,https://www.krone.at/4096882
3faca4c15dd8434b393dc0a07b803bc8b91c71bddeb0d8b2c40a707733c9d43c,2026-04-02 20:21:57.153672+00:00,de,krone.at,krone.at,2026-04-02,Tuchel droht England-Star mit Rausschmiss vor WM,https://www.krone.at/4096841
fa87a511994186abd85919ee038558322cdf0cb1163cd972da5f643860ed58ac,2026-04-02 20:21:52.775517+00:00,de,krone.at,krone.at,2026-04-02,Razzien auf 285 Baustellen: Kaum eine ist sauber,https://www.krone.at/4096196
951e39ebbccf62b5280eb20752915df037081e14efe364bfb035b7223967cc5a,2026-04-02 20:21:47.504843+00:00,de,krone.at,krone.at,2026-04-02,Sturm ohne König Otar: 24 Mal ist nichts passiert,https://www.krone.at/4096519
02b3c8412f4b50feb79dcbe278835c6a8edbb2be6b86e6a6e16118279a219e3f,2026-04-02 19:29:41.927748+00:00,de,krone.at,krone.at,2026-04-02,Grabungsarbeiten: 68-Jähriger in Grube verschüttet,https://www.krone.at/4096848
a4a37be9fd0bd621baa4aeeef98ca174ada28444455261fbb878c8e31649e37b,2026-04-02 19:29:35.962569+00:00,de,krone.at,krone.at,2026-04-02,Iran rekrutiert Minderjährige für Militäreinsätze,https://www.krone.at/4096860
34439c2fe1e5662ea116978852367a17745f678b4fbea09d2bdfd6ef7038c838,2026-04-02 19:29:19.439192+00:00,de,krone.at,krone.at,2026-04-02,39 Hunde gerettet: Was ist Animal Hoarding?,https://www.krone.at/4096510
31bc3c633c8a7d2ba6f95a82193f2162ba4c68a1b6bb300e7393b897426ee750,2026-04-02 19:29:13.171173+00:00,de,krone.at,krone.at,2026-04-02,Trump äffte Macrons französischen Akzent nach,https://www.krone.at/4096878
4262defc5884640543fe6ddf2320c91cc33d32c463e88fe7b62ff1f087c6ca84,2026-04-02 19:29:07.624112+00:00,de,krone.at,krone.at,2026-04-02,US-Todeszug: Hier starben die meisten Soldaten,https://www.krone.at/4094220
3ea52c84828b802285b422fa1e307eec078031e39f0f12c6395f53114fe4cc4b,2026-04-02 19:28:41.371787+00:00,de,krone.at,krone.at,2026-04-02,Wütender Trump feuert Justizministerin Pam Bondi,https://www.krone.at/4096851
6d042438965e06215c420dba3182f61447be69540c7635e7a062038ce39dac4c,2026-04-02 19:28:34.699343+00:00,de,krone.at,krone.at,2026-04-02,„Lilli Tagger hat mir fürs Doppel sofort zugesagt“,https://www.krone.at/4096425
1d59785af06637051f6e94d59409991fb85fad1f4f3ce5fb02dddf2cb925c3c6,2026-04-02 19:28:24.638887+00:00,de,krone.at,krone.at,2026-04-02,"Seilbahner bekommen um 3,57 Prozent mehr Lohn",https://www.krone.at/4096624
8e90e81715d5c41ed0d5752165864a114f565603f6b564c8a9c1ab803704bbd8,2026-04-02 19:21:57.186043+00:00,de,derstandard.at,derstandard.at,2026-04-02,Verletze bei Kollision von Bus und Pkw in Tirol,https://www.derstandard.at/consent/tcf/story/3000000315305/verletze-bei-kollision-von-bus-und-pkw-in-tirol?ref=rss
bed5d5984f48a4c0f034770d804fa8516fedaa45eb415743c385b5417813a2a8,2026-04-02 19:21:52.759624+00:00,de,derstandard.at,derstandard.at,2026-04-02,"Massenentlassungen bei Oracle: ""Onkel Larry"" warf seinen ""größten Fan"" raus",https://www.derstandard.at/consent/tcf/story/3000000315258/massenentlassungen-bei-oracle-onkel-larry-warf-seinen-groessten-fan-raus?ref=rss
91dd47c0fc17c1eceba69a84a660248b0f91b8bd71912ccac3064f6c9056e12e,2026-04-02 19:21:37.217864+00:00,de,derstandard.at,derstandard.at,2026-04-02,Trinkpausen für Fußballer: ORF zeigt Werbung während der WM-Spiele,https://www.derstandard.at/consent/tcf/story/3000000315268/trinkpausen-fuer-fussballer-orf-zeigt-werbung-waehrend-der-wm-spiele?ref=rss
72e46b0a4a8d17496022c50f7f6d1a3b7a03d51ebb642b7df09025f6a17042ef,2026-04-02 19:21:29.569583+00:00,de,derstandard.at,derstandard.at,2026-03-31,Sieben gute Gründe für Polens Norden,https://www.derstandard.at/consent/tcf/story/3000000314834/sieben-gute-gruende-fuer-polens-norden?ref=rss
956a3f4d7a6d5ec9fd085158c7d59e18a5ca8c98a4db633a2ca9f939872b4e17,2026-04-02 19:21:20.758813+00:00,de,derstandard.at,derstandard.at,2026-04-02,Einer der mutmaßlich größten Betrüger Österreichs will Spuren löschen – das ist seine Geschichte,https://www.derstandard.at/consent/tcf/story/3000000315164/einer-der-mutmasslich-groessten-betrueger-oesterreichs-will-spuren-loeschen-das-ist-seine-geschichte?ref=rss
3d9d02a5836b5a0eca822a00920a6c7c9c56baf34ecd3d2af626c96dba6ee9f3,2026-04-02 19:21:04.594545+00:00,de,derstandard.at,derstandard.at,2026-04-02,"KI-Modelle lügen und betrügen, um andere KIs vor der Löschung zu bewahren",https://www.derstandard.at/consent/tcf/story/3000000315197/ki-modelle-luegen-und-betruegen-um-andere-kis-vor-der-loeschung-zu-bewahren?ref=rss
16a8b21b0e382a8c89ed571a4261f02fbc387ff1aab5b8204411d27659e958cb,2026-04-02 19:20:52.970077+00:00,de,derstandard.at,derstandard.at,2026-04-01,Von der Straße ins Museum: Was hat KAWS in der Albertina modern verloren?,https://www.derstandard.at/consent/tcf/story/3000000314988/von-der-strasse-ins-museum-was-hat-kaws-in-der-albertina-modern-verloren?ref=rss
2b37e05442117582d940d2c4827cc64be981d4cb89cff6d25548e06d42cb2e03,2026-04-02 19:20:47.736112+00:00,de,derstandard.at,derstandard.at,2026-04-02,Trump will US-Kongress umgehen und Finanzierung des Heimatschutzministeriums anordnen,https://www.derstandard.at/consent/tcf/story/3000000315307/trump-will-us-kongress-umgehen-und-finanzierung-des-heimatschutzministeriums-anordnen?ref=rss
6c791d0a45462615c3c87a5ccb14662bebda63cc0f001614a9c06a90725d23c6,2026-04-02 19:20:43.978319+00:00,de,derstandard.at,derstandard.at,2026-04-02,Razzia an Uni führt zu neuerlichen Demonstrationen in Serbien,https://www.derstandard.at/consent/tcf/story/3000000315294/razzia-an-uni-fuehrt-zu-neuerlichen-demonstrationen-in-serbien?ref=rss
01bce9c001ad597f9199a7a3475a5e46598115815d60beb3095907659c1a996b,2026-04-02 19:20:37.435964+00:00,de,derstandard.at,derstandard.at,2026-04-02,Trump entlässt US-Justizministerin Pam Bondi,https://www.derstandard.at/consent/tcf/story/3000000315309/trump-entlaesst-us-justizministerin-pam-bondi-entlassen?ref=rss
d0ad434ac10d6ea68fe6d93ded172a1d53adcd585629fda6ca545043aadd67ee,2026-04-02 19:20:25.360296+00:00,de,derstandard.at,derstandard.at,2026-04-02,Venedig startet mit Erhebung der Gebühr von Tagestouristen,https://www.derstandard.at/consent/tcf/story/3000000315311/venedig-startet-mit-erhebung-der-geb252hr-von-tagestouristen?ref=rss
a4c9bbc643a2ccdbffc1f828002c77fc71bc5d4523547fd7fc1c954206fbfb17,2026-04-02 19:20:15.153549+00:00,de,derstandard.at,derstandard.at,2026-04-02,In deutschen Sammlermünzen ist künftig weniger Silber. Wie ist es in Österreich?,https://www.derstandard.at/consent/tcf/story/3000000315224/in-deutschen-sammlermuenzen-ist-kuenftig-weniger-silber-wie-ist-es-in-oesterreich?ref=rss
4788a063d333917c8906a600bdb0207034591502234c9c2007af94e146f5c468,2026-04-02 19:20:09.490979+00:00,de,derstandard.at,derstandard.at,2026-04-02,"Houston, wir haben ein Toilettenproblem: Wie die Mondcrew den Abort wieder in den Griff bekam",https://www.derstandard.at/consent/tcf/story/3000000315248/houston-wir-haben-ein-toilettenproblem-wie-die-mondcrew-den-abort-wieder-in-den-griff-bekam?ref=rss
5b97703a8d918182e80009e3e3a7e507500c14285c965c24a23571a74ffed53b,2026-04-02 19:18:48.763862+00:00,de,orf.at,orf.at,2026-04-02,230 Millionen Euro für Grazer Straßenbahnen,https://steiermark.orf.at/stories/3348417/
1806ffc696e373c2f3a36df4e7044edde2eac3c23037421aa44b5d1a52b666af,2026-04-02 19:18:33.191324+00:00,de,orf.at,orf.at,2026-04-02,Trockenheit: Land mahnt wegen Osterfeuern,https://steiermark.orf.at/stories/3348101/
1810d9b7259cb8d2d21d7dd84dee76d3dc7f002b90f5005b766bfc262965c055,2026-04-02 19:18:07.206538+00:00,de,orf.at,orf.at,2026-04-02,Grazer Trinkbrunnen starten in die Saison,https://steiermark.orf.at/stories/3348480/
2b239aa672c6cd8490668c9f22ef625fa06c04bcd5b8f71a4adc22ff19603ad1,2026-04-02 19:17:54.155231+00:00,de,orf.at,orf.at,2026-04-02,ams-Osram zieht positive Schlüsse aus Fusion,https://steiermark.orf.at/stories/3348467/
aa7d326ded5f88a4435654bfeb3d641f4703718c7a5ede20cd40700c5eb3f8f8,2026-04-02 19:17:36.055932+00:00,de,orf.at,orf.at,2026-04-02,Mariazeller Bürgermeister tritt zurück,https://steiermark.orf.at/stories/3348493/
7f1f195c9eaec3c175d943b05feddbda642eeb25a91b683b61936e819dbdaab4,2026-04-02 19:17:30.927819+00:00,de,orf.at,orf.at,2026-04-02,Spritpreisbremse stößt auf Kritik,https://steiermark.orf.at/stories/3348510/
e7c515b212aa99db60636f9b489d5fa54a084505179e114dc5d719dd3368eac9,2026-04-02 18:55:46.235557+00:00,de,krone.at,krone.at,2026-04-02,An Gröden hat Zell nicht die besten Erinnerungen,https://www.krone.at/4095817
c0983b9c4a7c1e87109d199080bff11c4e1476f1155b0560d75a75ecd88964cd,2026-04-02 18:55:41.106088+00:00,de,krone.at,krone.at,2026-04-02,"Eine Kampagne, die Menschenleben retten kann",https://www.krone.at/4095564
f5f3ab422519de801c3f27000fed08d12e939ac5179bd5f81252c32324ae79bb,2026-04-02 18:55:35.996637+00:00,de,krone.at,krone.at,2026-04-02,Sprit 6 bis 12 Cent billiger: „Ist doch Verarsche“,https://www.krone.at/4096533
2f7c6775ab740a188c50831cbf8c57b3ffdb35568cdecf25c54e802c363ec57d,2026-04-02 18:55:31.232604+00:00,de,krone.at,krone.at,2026-04-02,Wein erleben am naturnahen „Furmint“-Trail,https://www.krone.at/4096589
3e26634e9063581732395d2156fa3d19dd4b8e730cb67f43da175f0341f62ca1,2026-04-02 18:55:26.178553+00:00,de,krone.at,krone.at,2026-04-02,Warum ein Actionheld in der 99ers-Kabine auftaucht,https://www.krone.at/4095856
b23f473ead0be5a44c89d307f5ae5757bc04e588340610b4d638233e0353506c,2026-04-02 18:55:21.119212+00:00,de,krone.at,krone.at,2026-04-02,Skifahrer (20) saß in steilem Gelände fest,https://www.krone.at/4096219
a6fe10ffd4a0360d9328d9cbf93e29598844ee803f1f9bc7f0b353c8828420c9,2026-04-02 18:55:16.267156+00:00,de,krone.at,krone.at,2026-04-02,Kirchler: „Die Bundesliga ist noch unrealistisch“,https://www.krone.at/4095325
6ffa814e891b3af5afdb4bf85b9ba94771bd63ccadc6bef5f437749242573962,2026-04-02 18:55:11.110176+00:00,de,krone.at,krone.at,2026-04-02,Italienische Gemeinde versinkt meterhoch im Schnee,https://www.krone.at/4096810
f7ad56cd6b231de4ea03ca97486f804c832dc3466cc36b0fb52dca7c3f153dfd,2026-04-02 18:55:06.130427+00:00,de,krone.at,krone.at,2026-04-02,Riesige Veruntreuung im Sportfachhandel angeklagt,https://www.krone.at/4095639
b5fbf4b2e2ffca664b7dd66549ddcd7e6720b6ca35affd49469e10b8d19cddf4,2026-04-02 18:55:01.387527+00:00,de,krone.at,krone.at,2026-04-02,WM-Finale? Gregoritsch: „Selbstverständlich“,https://www.krone.at/4095618
c53073f670ec3a9639f7578f41c2678251ed357c511896d9ded35668fd209b4c,2026-04-02 18:54:56.593816+00:00,de,krone.at,krone.at,2026-04-02,Fisch am Karfreitag – vom Feiertag zum Ritual,https://www.krone.at/4088772
c8122fb85ec36358720af99240c889e50f12b9ed7f51588e23e76e6b99ef1e76,2026-04-02 18:54:52.162044+00:00,en,krone.at,krone.at,2026-04-02,Trump: “War is an investment in the future”,https://www.krone.at/4096089
8eb25a50e44c84be7ed888025ae49cf954907e2f985eef67921002fa9a105a18,2026-04-02 18:54:46.244925+00:00,de,krone.at,krone.at,2026-04-02,Mette-Marit: Wirbel um brisante Chats mit Epstein,https://www.krone.at/4096299
6e82d377e181bf4e30c65bfade5f7742d91105b39dee43d964d347e7cf910fec,2026-04-02 18:54:41.838212+00:00,de,krone.at,krone.at,2026-04-02,Kriminalität verändert sich: Verbrechen digitaler,https://www.krone.at/4095729
39d20327b95c95a682f65168ace9f3cb0217ccc75d3b2b2f0db968fb73dbc38a,2026-04-02 18:54:36.678761+00:00,de,krone.at,krone.at,2026-04-02,Zwei Rossi-Assists bei Sieg gegen Spitzenreiter,https://www.krone.at/4096195
9d9d95bb0dff7582ae9457b6c31056e8d4d4dd39884791818755fcdbb6e73280,2026-04-02 18:53:48.392840+00:00,de,krone.at,krone.at,2026-04-02,Ärztin tourte mit Klinik-Bus durch indische Slums,https://www.krone.at/4095519
7eb3b61e7b4424cf78aed7b437cd8fac548048fec1dc9e04af2a5d4e7626445f,2026-04-02 18:53:43.169450+00:00,de,krone.at,krone.at,2026-04-02,Rumäniens Teamchef nach Kollaps zurückgetreten,https://www.krone.at/4096704
e357d1d6a9f0b3e4bd8f3b55b8787ca2043294141460b5cc510fe1e3ae5337e5,2026-04-02 18:53:38.316926+00:00,de,krone.at,krone.at,2026-04-02,Triest – so nah wie nie,https://www.krone.at/4095339
044b5e373716e21ebf28fe0aab6d0ea6934469fd3b02b7962faaf0e8e7a94a46,2026-04-02 18:53:33.105949+00:00,de,krone.at,krone.at,2026-04-02,Mariazeller Bürgermeister zieht sich zurück,https://www.krone.at/4096448
3ce587b00965f6b91c14a4aec134c880a90831c4915715a6272626218258dc18,2026-04-02 18:53:28.169114+00:00,de,krone.at,krone.at,2026-04-02,JKU-Wissenschafter ging mit Drohne auf Mörderjagd,https://www.krone.at/4096738
0a5b86b3c2646cead0c64368f62312cd952da3e7ee21461d275b72dc1231b116,2026-04-02 18:53:23.854548+00:00,en,krone.at,krone.at,2026-04-02,“Kickl’s Friends Triggered Our Energy Crises”,https://www.krone.at/4096836
dabf5a2b8ce6e545ca92b7d05bc78b1489b3d50e85bc71946919805adc92dd53,2026-04-02 18:53:18.196245+00:00,de,krone.at,krone.at,2026-04-02,Gegen Deutschland: Zwei Comebacks im ÖFB-Teamkader,https://www.krone.at/4096434
7a5c01be11812d7bb4397e6f26b55af883d48825f42fe55c8d7b544e359a7dc4,2026-04-02 18:53:13.141424+00:00,de,krone.at,krone.at,2026-04-02,ICE-Halbfinale Spiel 3 ++ Raptors unter Zugzwang,https://www.krone.at/4096546
32f9eafb855f7e5bd5cb5f33b61f94f443bea943da638ee39e2b065ce1093bf1,2026-04-02 18:53:08.126165+00:00,en,krone.at,krone.at,2026-04-01,Will Glasner take over at Bayer Leverkusen this summer?,https://www.krone.at/4096053
d507062db96906969bd1a042ce64e0013d5f8017de47160eb0e1b010cb997928,2026-04-02 18:53:03.081294+00:00,de,krone.at,krone.at,2026-04-02,Damm-OP! Rückschlag für Richard Carapaz vor Giro,https://www.krone.at/4096626
35129b1449a5e10420b38081ef20e649544a3a96dccd5f7b79e17fdadd466ff3,2026-04-02 18:52:58.076352+00:00,en,krone.at,krone.at,2026-04-02,Since noon: How the fuel price cap is taking effect,https://www.krone.at/4096374
bc3618ed246933dca11bc8ace6e6df908563cb984ace99315740e1f7980cc243,2026-04-02 18:52:53.363283+00:00,de,krone.at,krone.at,2026-04-02,„Bandit“ folgte seiner Nase und erschnüffelte Dieb,https://www.krone.at/4096638
23cef5298f43006adb9688d55a2cb488c9e83d2b896a44592f4390f52e92df18,2026-04-02 18:52:48.159694+00:00,de,krone.at,krone.at,2026-04-02,Unfalldrama! Mann wurde tot in Bach gefunden,https://www.krone.at/4096226
dafcc88f3985da3efd795fb6f5d61e879e47a39864ec9aea0d9062d66a025d98,2026-04-02 18:52:43.129695+00:00,de,krone.at,krone.at,2026-04-02,Politiker-Todeslisten im Darknet: Mann angeklagt,https://www.krone.at/4096103
f8a9df2d1a2a692e45702c50b94d8a44cf1a2185167b6ec3deae639c6c3453aa,2026-04-02 18:52:38.170740+00:00,de,krone.at,krone.at,2026-04-02,Trump: „Springsteen sieht aus wie Dörrzwetschke“,https://www.krone.at/4096739
5178144b993acc0614faf8dbb751df6a061a445fd577df0f22809b0ece9fa031,2026-04-02 18:52:33.188084+00:00,de,krone.at,krone.at,2026-04-02,Dieser schwarze „Streuner“ bringt kein Unglück,https://www.krone.at/4095900
39a18062bade9926692960dbfb81c74809c9fdec79d9b62e9c211dffed7f17d9,2026-04-02 18:52:28.112409+00:00,de,krone.at,krone.at,2026-04-02,Deutsche unterschätzten Winterbedingungen am Berg,https://www.krone.at/4096152
c42e78427b8a04a4013f97f6c4bdf1df6e85b64d5c80815b5bf00cb13d70dc37,2026-04-02 18:52:23.192345+00:00,de,krone.at,krone.at,2026-04-02,Warum Anspannen zu mehr Entspannung führt,https://www.krone.at/4090904
3ed682f13fac871547c195f135f8e2afac275bbddd88721576172bb74e60cdbe,2026-04-02 18:52:18.427889+00:00,de,krone.at,krone.at,2026-04-02,"Spritpreise, Bauernproteste und Mondmission",https://www.krone.at/4096419
6bccf5ea166f13e5fff043c7a7120aedb3ffb56459ee2f687b1e4da9f0a1e6e3,2026-04-02 18:52:13.109593+00:00,de,krone.at,krone.at,2026-04-02,Ex-ÖSV-Ass zum zweiten Mal Papa geworden,https://www.krone.at/4096168
88505736c23b3bcc9385fcdc340090c432e71863e612d14e79e4a348a575a341,2026-04-02 18:52:08.214569+00:00,de,krone.at,krone.at,2026-04-02,Instagram-Bekanntschaft sexuell genötigt,https://www.krone.at/4095890
a0ebf257f18b2770a65ffdaf242779828eb9cf1ec320e5866a100f624ff276fb,2026-04-02 18:52:03.221084+00:00,de,krone.at,krone.at,2026-04-02,Wenn ein Unternehmen zum Spielball der Macht wird,https://www.krone.at/4096158
9ab668efa35f9429f5c0b68b1e9ef85c4f3f7c1a4aa641129e97ea4b56f7f26e,2026-04-02 18:51:58.267994+00:00,de,krone.at,krone.at,2026-04-02,Die vielen Sündenfälle des ORF: Und was jetzt?,https://www.krone.at/4096344
5327a49eabee0ff006db1effeb05cb19ce361a6487ebcb01009f32347eb9f84c,2026-04-02 18:51:54.099733+00:00,de,krone.at,krone.at,2026-04-02,Rückschlag für Pöltls Raptors im Play-off-Rennen,https://www.krone.at/4096127
e5e789999f6ca6d5a73bbe344b2b0b1d6f58f1159956367b2552e5cc6213bc2a,2026-04-02 18:51:48.264042+00:00,de,krone.at,krone.at,2026-04-02,Auch Grüne unterstützen nun diese FPÖ-Idee,https://www.krone.at/4095617
671620ad696cea4e3d2c32f31144221cfb12f18cccea795b36b422a0f1d8937a,2026-04-02 18:51:44.487740+00:00,en,krone.at,krone.at,2026-04-02,Iran War Halts Positive Trend in the Job Market,https://www.krone.at/4095259
a692a3779cf11c9b1d6b763db04ce17c8133f8a9d1a20e32a61ad1d8f1f270f6,2026-04-02 18:50:22.006302+00:00,de,krone.at,krone.at,2026-04-02,"„Wäre furchtbar, wenn Iran nicht spielen dürfte“",https://www.krone.at/4096484
33401854390d1162ff3121deab6a0bc0ccde47b90b82e07b5b5e1d59d8d4ae8d,2026-04-02 18:50:17.123009+00:00,de,krone.at,krone.at,2026-04-02,Max soll „den Mund halten oder Formel 1 verlassen“,https://www.krone.at/4096143
7b8a84d358d2d33e36b17363ce64688c166193f7a9b8f4216726af213acad1c2,2026-04-02 18:50:11.897543+00:00,en,krone.at,krone.at,2026-04-02,Resignations Following World Cup Disgrace! Leadership Shakeup in Italy,https://www.krone.at/4096798
a065adf448fd918785ca03a681b605d2e001660839a660b3eefd6f786b89ea87,2026-04-02 18:50:06.889525+00:00,de,krone.at,krone.at,2026-04-02,Lokalmatadore landen am Golm den Titel-Doppelpack,https://www.krone.at/4096794
864307b522b23b74c6813601e5ac7a919c7ba7b5952bc4340cdd699868a6257b,2026-04-02 18:50:02.007664+00:00,de,krone.at,krone.at,2026-04-02,Eisbullen entlassen Trainer Manny Viveiros!,https://www.krone.at/4096288
d2fdeae172e892fb32844600b49e3e49de95939f065865ad0190095184a0c7ce,2026-04-02 18:49:56.900231+00:00,de,krone.at,krone.at,2026-04-02,Absage und Rüge für die Salzburger Festspiele,https://www.krone.at/4096576
847e9ba90022675dedbf87cba6443079c95c9b8d3754d7f336d73cf31b0c7503,2026-04-02 18:49:46.924619+00:00,de,krone.at,krone.at,2026-04-02,Unser Lebensstil braucht vier ganze Erden,https://www.krone.at/4096055
c35c260d27cb170b0522d3c642a6422240d70b2b2d209c2a0aa0b4247cd4cc26,2026-04-02 18:49:41.967250+00:00,en,krone.at,krone.at,2026-04-02,"This is Floriani, who “escaped” from the barber",https://www.krone.at/4096826
c62597cf256e505d4b505b88e60b50c2e85f7ba0b60bd5993d963ba2a46a85d7,2026-04-02 18:49:36.923739+00:00,de,krone.at,krone.at,2026-04-02,Das Montafon wird wieder zum Buckelpisten-Mekka,https://www.krone.at/4095925
9100f077f8641a845c8457ea56d269fc7be95739f1f1a49dd5c69c0b1381a422,2026-04-02 18:49:32.286854+00:00,de,krone.at,krone.at,2026-04-02,Dzeko feierte WM-Wunder mit Fans im Livestream,https://www.krone.at/4096688
4233003d6ede67823437941cb239e269648f9dd3f290cfb2c106566641910bd6,2026-04-02 18:49:26.997800+00:00,de,krone.at,krone.at,2026-04-02,ÖSV-Freeskier tritt vom Profisport zurück,https://www.krone.at/4096224
e56fbd4132e2be89259652c4eaf63b41b482dc75ab4902f551a54c1b426d56ae,2026-04-02 18:49:22.029088+00:00,de,krone.at,krone.at,2026-04-02,So lösen Sie sich aus den Fängen von US-Diensten,https://www.krone.at/4095337
bafc5ecbcb5b306f94cdb57a4379dcc19ec8a2d1b7cdc8e7b759c797f3116084,2026-04-02 18:49:16.963011+00:00,de,krone.at,krone.at,2026-04-02,Ukrainisches Drohnen-Wunder,https://www.krone.at/4095161
e367a78c1604e3fdc50fe834e5e2ed9ed8d08eef29f37c7be448fc6cb2558431,2026-04-02 18:49:12.294567+00:00,de,krone.at,krone.at,2026-04-02,Spritpreisbremse in Kraft: Spüren Sie Entlastung?,https://www.krone.at/4096327
898b43ba30d9184cb6a2dae2794498ffefed035efa4f2c66d6bf92fed577d767,2026-04-02 18:49:06.986908+00:00,de,krone.at,krone.at,2026-04-02,Sommer-Strom zum halben Preis lässt etwas aufatmen,https://www.krone.at/4096499
026cf154310bc7f306470d41c126f47b8b3e10957d74c73e34106078b212a418,2026-04-02 18:49:02.017998+00:00,de,krone.at,krone.at,2026-04-02,Rettungsstützpunkt ist nun langfristig abgesichert,https://www.krone.at/4095472
23a360a0753df461447e0c9dfd4e2a6ed4a71a3bae9a5bd866614f3278d467dc,2026-04-02 18:48:56.967304+00:00,de,krone.at,krone.at,2026-04-02,Olympia-Teilnehmer während eines Rennens bestohlen,https://www.krone.at/4095803
af7085a7e20de5825cb1ca45ed931384f67094fef2bd5b005784bc25a80caa85,2026-04-02 18:48:52.036873+00:00,de,krone.at,krone.at,2026-04-02,Salzburger Trainer bleibt weiter im Ausland,https://www.krone.at/4096107
f2c115b1f1f70804cdcd768910bc02b5509b7360a3ddb82aea0a27a9f46b376e,2026-04-02 18:48:46.978374+00:00,de,krone.at,krone.at,2026-04-02,Doping! Deutsche Langläuferin 18 Monate gesperrt,https://www.krone.at/4096411
60ea2fdd04c79b02758d0207f99ec042b5c912f46813752bc6882537247f6a9f,2026-04-02 18:48:42.000447+00:00,de,krone.at,krone.at,2026-04-02,Rücktritte nach WM-Schande! Bosse-Beben in Italien,https://www.krone.at/4096560
10755f76241dcb93f42bd89b9a7b22cd1fc30a79e56dc02a9d458a67c0c78fc1,2026-04-02 18:48:36.936069+00:00,de,krone.at,krone.at,2026-04-02,Autobauer Stellantis ruft 700.000 Fahrzeuge zurück,https://www.krone.at/4096711
cfbbb2955643f86520376f31cf02ec7a153e61ad108ba24be6f9bff11db6ef7f,2026-04-02 18:48:32.127440+00:00,de,krone.at,krone.at,2026-04-02,Amazon will Satellitenfirma Globalstar kaufen,https://www.krone.at/4096368
6b011c9c49ef9339bfcffc5911c651b28591b08347a2db61e716138de21983ec,2026-04-02 18:48:27.037818+00:00,de,krone.at,krone.at,2026-04-02,Israels Armee dringt weiter im Südlibanon vor,https://www.krone.at/4096768
5519a433f2c029026b46b05967789634ef215fe1635627051470115e53a9e146,2026-04-02 18:48:22.278286+00:00,de,krone.at,krone.at,2026-04-02,Autolenker half nach Unfall vier Mädchen nicht,https://www.krone.at/4096726
385eed09420125a7ea04071e6a2082b7897a168dd424d353168dfb4867609aa7,2026-04-02 18:48:17.074848+00:00,en,krone.at,krone.at,2026-04-02,Switching from a panel doctor to a private practice after 42 years,https://www.krone.at/4096242
96ba7b12fdf07fe07656a691f6fc1969ba70ab0ae4282dc9c54fbc92f51dc600,2026-04-02 18:48:12.216770+00:00,de,krone.at,krone.at,2026-04-02,Jagd auf Antilopen-Sniper läuft nun auf Hochtouren,https://www.krone.at/4096371
bc5660f103bb9b6e1c2b2d35adb56f9161b1737544b21584ece17e628b5c80b5,2026-04-02 18:45:09.978463+00:00,de,krone.at,krone.at,2026-04-02,Häftling ging am Weg zum Gericht beinahe stiften,https://www.krone.at/4095780
8c33e249672329c304213dee838e75bfede0882ada76000b14bb6ef72ff068bc,2026-04-02 18:45:04.971572+00:00,de,krone.at,krone.at,2026-04-02,Surf Opening wird 2026 auf zwei Monate ausgedehnt,https://www.krone.at/4096126
ff3c4df8bbf76cd7ae8d32f8c93063cf44c64fd478a7e057c6fbab3d8b8f1677,2026-04-02 18:44:59.745865+00:00,de,krone.at,krone.at,2026-04-02,WM-Hoffnungen bringen das Grazer Eis zum Glühen,https://www.krone.at/4095812
14bfcfcfad6e7fec98d7815e59d133ce785c2b53c0fafd229ed041b529b441ba,2026-04-02 18:44:54.976578+00:00,de,krone.at,krone.at,2026-04-02,Capitals trennen sich von Trainer Constantine,https://www.krone.at/4096831
457f68213f247af44aa26cc1483c2eb3cb9b281272b306af3d32c08e31579237,2026-04-02 18:44:50.088752+00:00,de,krone.at,krone.at,2026-04-02,NFL-Star auf Reha! „Er soll erwachsen werden“,https://www.krone.at/4096181
7628b3a7bc2082aa44d4f93f1cd1562f9bd060fa328a57a324300ec89cffd2e9,2026-04-02 18:44:45.057660+00:00,de,krone.at,krone.at,2026-04-02,"Messi, Ronaldo und Co. basteln bereits am WM-Pokal",https://www.krone.at/4096460
dacf0540163f2d38c4bb80ec86c0314ca01e39b852c6cddaa487f872c45d3416,2026-04-02 18:44:40.306852+00:00,de,krone.at,krone.at,2026-04-02,Austro-Opernstar schickt rätselhaftes Urlaubsfoto,https://www.krone.at/4095730
610a926cba71faed37da7e022c9dd6ddfcf870936c5e845c753926fc738d2758,2026-04-02 18:44:34.981904+00:00,de,krone.at,krone.at,2026-04-02,Lindsey Buckingham von Stalkerin attackiert,https://www.krone.at/4096097
07d3017e4f0576781d84fd296fbbc3f058320e29ce07ce9fcc2f36ea3e1d64a8,2026-04-02 18:44:30.258643+00:00,de,krone.at,krone.at,2026-04-02,„Kickls Freunde lösten unsere Energiekrisen aus“,https://www.krone.at/4096248
7fd18f585ee47cd00e01aee83817aeeb62961302bd7e3feff80546fbcbe5d485,2026-04-02 18:44:25.047363+00:00,de,krone.at,krone.at,2026-04-02,Kellerbrand in Flachau forderte 65 Feuerwehrleute,https://www.krone.at/4096383
b7ecd8d8ca9ea31f100726b3225a135a7d1bb36767600c0ceb20db5a9e17e4f3,2026-04-02 18:44:19.995888+00:00,de,krone.at,krone.at,2026-04-02,„Es ist Zeit“: Vize-Weltmeister erklärt Rücktritt,https://www.krone.at/4096198
dcf46f0cc49350a2a0f160992d5bfba11d2b7d8d9c8757cc72df020b7610966f,2026-04-02 18:44:15.140860+00:00,de,krone.at,krone.at,2026-04-02,Grüne Wälle sollen vor Hochwasser schützen,https://www.krone.at/4096562
d0b78ea0b3a7a48673d3fb36adb4f5e1ef58c63306ebff931ba4e61afbb9be07,2026-04-02 18:44:09.929518+00:00,de,krone.at,krone.at,2026-04-02,ÖFB-Euphorie & Thriller im Bundesliga-Titelrennen,https://www.krone.at/4096245
9ed19ae54cc022dd02637503f48e70e08685a35eea0aa8fd91775be637ce725c,2026-04-02 18:44:04.983354+00:00,de,krone.at,krone.at,2026-04-02,Buntes Programm rund ums Osterwochenende,https://www.krone.at/4095587
d3cf3ceb3575771771de26c5e7eb2fea66aa41e214d0dafb72429d45383043f7,2026-04-02 18:43:59.969665+00:00,de,krone.at,krone.at,2026-04-02,Queen ergriff drastische Maßnahmen wegen Sussexes,https://www.krone.at/4096131
3fe49f031ef54ab8b448512e219ad9711361d2829c2e43b71f5699812a3e8728,2026-04-02 18:43:55.072627+00:00,de,krone.at,krone.at,2026-04-02,Pflege: Warum wir mehr Community Nurses brauchen,https://www.krone.at/4096298
e8f28bca2fd78a3eaa31e67d05341762f0953fda5980a0618233b4b40844ed39,2026-04-02 18:43:49.953448+00:00,de,krone.at,krone.at,2026-04-02,Das Eishockey‑Nationalteam live erleben,https://www.krone.at/4094475
e92935349018cbffc707943f65630cc3edb5ff641e39fc2df3331d3c51062109,2026-04-02 18:43:45.034687+00:00,de,krone.at,krone.at,2026-04-02,Rückkehr mit Übergewicht! Wirbel um Boniface,https://www.krone.at/4096189
aedf2f1fe33b148aa646d12b97034c6916033b958234d26827bb39ba75f6767d,2026-04-02 18:43:40.124080+00:00,de,krone.at,krone.at,2026-04-02,Übernimmt Pep Guardiola bei diesem Nationalteam?,https://www.krone.at/4096313
17d2012c2733a733a87c19818bad07af875edc447933bd3457f6a490b52d3e71,2026-04-02 18:43:35.148328+00:00,de,krone.at,krone.at,2026-04-02,Wartezeiten! Ostern wird Geduldsprobe für Reisende,https://www.krone.at/4096462
7b9dd429837baf141a4f2ce6745d91783aba41218ef4eb2889d52217c50e7221,2026-04-02 18:43:30.037220+00:00,de,krone.at,krone.at,2026-04-02,Beim nächsten 208er kommt das Eckige ins Runde,https://www.krone.at/4094005
5c718dfa3ae72516a7c5c22cd7ad5f0684b9fff312624a8773f339d43a603b62,2026-04-02 18:43:25.226312+00:00,de,krone.at,krone.at,2026-04-02,Peter Stöger kehrt in die „alte Heimat“ zurück,https://www.krone.at/4096081
ff7c3bace1d476d2ee876f2696978b770af7864c8e94fe7af5484f12ac75ab34,2026-04-02 18:43:20.005073+00:00,de,krone.at,krone.at,2026-04-02,Shiffrins Schnappschüsse können sich sehen lassen,https://www.krone.at/4096326
e1b1553b0578853f7be8fa0e783a35f4455a080b061708371e52a99e3b9bfb1b,2026-04-02 18:43:15.241237+00:00,de,krone.at,krone.at,2026-04-02,Spargel wird bald geerntet: Kälte bremste Wachstum,https://www.krone.at/4095526
59ba351ac7187fc7c70548362e20bf7c5605730867fb10e1b76f19da4e127388,2026-04-02 18:43:10.086823+00:00,de,krone.at,krone.at,2026-04-02,Bundesheer will Luftabwehr vom Boden aus stärken,https://www.krone.at/4096571
91d55adac49ea1fafa4e657a575108917b3df32a4dc7a07112154ea0ba12b8ef,2026-04-02 18:43:05.039457+00:00,de,krone.at,krone.at,2026-04-02,Verlängerung beim FC Bayern? Laimer klärt auf,https://www.krone.at/4096094
acdfcef50cb30255800e58a3052d79431ee08eb9e1480a83ae2203b520e64eed,2026-04-02 18:43:00.035858+00:00,de,krone.at,krone.at,2026-04-02,Ein unmoralisches Angebot mit großen Folgen,https://www.krone.at/4096106
63493b3ea20f81fb268beef21937661fb489159f1cb7f46d3361131cdb90ebd0,2026-04-02 18:42:55.082687+00:00,de,krone.at,krone.at,2026-04-02,"Zendaya enthüllt, warum Tom Holland „der Eine“ ist",https://www.krone.at/4096402
ce19fa0e537160a6ab3598cff3b9b2cbb83fa269e40f36fab0e2077372dbd9ea,2026-04-02 18:21:09.778159+00:00,de,krone.at,krone.at,2026-04-02,Vier Personen von Ufer eines Stausees gerettet,https://www.krone.at/4096142
06383acd57f2904ffdb6c691e99dd020f5e7bd84d13d602eef22c9c3eff49601,2026-04-02 18:21:04.853610+00:00,de,krone.at,krone.at,2026-04-02,Deutschland: Totes Baby in Mülltonne entdeckt,https://www.krone.at/4096714
2489293def9189ead10ebd5a24090e7484941aff277687dd63a9ad5ba6a45b0a,2026-04-02 18:20:59.890454+00:00,de,krone.at,krone.at,2026-04-02,Kylie Jenner enthüllt Lieblings-Chalamet-Film,https://www.krone.at/4096239
0e2376255d5f28eeff9739ec66e871d007cf5135f62a383ea6a8403520e5e11a,2026-04-02 18:20:55.205492+00:00,de,krone.at,krone.at,2026-04-02,Burschen (17) stahlen Pkw und verursachten Unfall,https://www.krone.at/4096590
e656b7e7f1c417ec58049139a202c92e40c7fefe555cb4904409c356b83a495f,2026-04-02 18:20:49.784540+00:00,de,krone.at,krone.at,2026-04-02,Spendable Stammgäste und teurer Wohnraum,https://www.krone.at/4095855
3a47e29dd90813792a9eca2fcf98cb64b9c9ea2f47d4cb75ffa37903301617f1,2026-04-02 18:20:44.990994+00:00,de,krone.at,krone.at,2026-04-02,Fan verärgert: Unmut über WM-Tickets!,https://www.krone.at/4096436
f573ce0cde54cc6167534346fd40f69478d9276de16da58bbf10084dae5bbb70,2026-04-02 18:20:39.611287+00:00,de,krone.at,krone.at,2026-04-02,Popcorn raus! Die heißesten Kinostarts der Woche,https://www.krone.at/4096429
dcf5170e5b3247f6cf8facb2f38e3ab887f99c03ba01998b304a9b3a3a797138,2026-04-02 18:20:34.863414+00:00,de,krone.at,krone.at,2026-04-02,Kovac äußert sich zur Deutsch-Causa um Chukwuemeka,https://www.krone.at/4096597
214711ebddc151fff2a37a56b538d812f8ebda056142c5c66b7f88a41bbdac5a,2026-04-02 18:20:30.427213+00:00,de,krone.at,krone.at,2026-04-02,„Pretty Woman“: Ein Musical zum Verlieben,https://www.krone.at/4095648
800b2c012f9626f522d9101e6e9599d14963eac0d4dd6196b98161d6fa6ed9ef,2026-04-02 18:20:24.904365+00:00,de,krone.at,krone.at,2026-04-02,Als Dürnkrut in desaströsem Chaos fast unterging,https://www.krone.at/4095397
0a47ef60ba891c9e0c288ce7d8b121afdbb4477fe6926a5c0e0280bf35f68062,2026-04-02 18:20:19.890542+00:00,de,krone.at,krone.at,2026-04-02,„Dann wäre Italien bald wieder Weltmeister“,https://www.krone.at/4096338
1e3a9858a216006e0b48e32e1bd9ca25ff38d7cb60e20e547f7b5e1c94e348d0,2026-04-02 18:20:14.628221+00:00,de,krone.at,krone.at,2026-04-02,Spritpreisbremse in Kraft ++ Krieg ohne Gewinner,https://www.krone.at/4096679
f81bbb49d676fa375d911e9d153330bcda66eb6040edefef5b297daae18e962b,2026-04-02 18:20:09.828390+00:00,de,krone.at,krone.at,2026-04-02,Zig Brutalitäten in Wien: Gefängnis für Burschen,https://www.krone.at/4096555
92b4b8fea16193ae274406a23d0bafd2c174881f541e9e462c47d08aa4fc2a06,2026-04-02 18:20:04.708024+00:00,en,krone.at,krone.at,2026-04-02,The ORF’s Many Sins: What Now?,https://www.krone.at/4096640
0fa7eaf00696211841cf08f3b61e97d97c7893e590ac802a82c396e78fa6b89f,2026-04-02 18:19:59.881551+00:00,en,krone.at,krone.at,2026-04-02,Viennese Man (19) Sent His Cat in the Mail,https://www.krone.at/4096505
ae50f873de29e5bf75d408c884d2e3be5ad4def2e8cbcd618ba248273ea5dff5,2026-04-02 18:19:54.754623+00:00,de,krone.at,krone.at,2026-04-02,Tom Kaulitz spricht über massive Schmerzattacken,https://www.krone.at/4096121
79db62f0e199a3d878d4f4f049f375ff7fa5b7bd5cbb0efcb46970016aea44c2,2026-04-02 18:19:50.216620+00:00,de,krone.at,krone.at,2026-04-02,Spritbremse statt Spritpreisbremse,https://www.krone.at/4095819
bb2806ab4f647fd2730160b28d105bdfe69c3c451ead80bb9c88ee1c216cc46e,2026-04-02 18:19:45.581023+00:00,de,krone.at,krone.at,2026-04-02,DDR-Legende Hans-Jürgen Kreische mit 78 verstorben,https://www.krone.at/4096233
42786af2850b5834c843383a51607b74a9d6d3a639b9ef0e19c3584f0ca0cd09,2026-04-02 18:19:40.320510+00:00,de,krone.at,krone.at,2026-04-02,Ex-Brasilien-Kicker „richtig wütend“ auf Vini Jr.,https://www.krone.at/4096139
58413da113ad7066c68318c168e19271784d350b590494f83530ecce582c7957,2026-04-02 18:19:34.991638+00:00,de,krone.at,krone.at,2026-04-02,Hat der Osterhase den ersten Sommertag im Körberl?,https://www.krone.at/4096144
50e46c3d293bcf10aba361dc23ac01bd38e2d443efebf941f620d146100be79b,2026-04-02 18:19:30.058974+00:00,de,krone.at,krone.at,2026-04-02,So flott rechnet „Mausi“ mit einem Vorurteil ab!,https://www.krone.at/4096255
f73cbf88dc91a7debe650d8be46a221e4c6ee6cd2b46014f957f60e519bf97ee,2026-04-02 18:19:25.044801+00:00,en,krone.at,krone.at,2026-04-02,Gas 6 to 12 cents cheaper: “It’s a joke”,https://www.krone.at/4096773
9a1b624ed650d1d2e7a4a46ed42d574f17faf9e4792f8e2529579ac5fd0bd04c,2026-04-02 18:19:20.129054+00:00,de,krone.at,krone.at,2026-04-02,Marterbauers Hoffnung auf das große Osterwunder,https://www.krone.at/4095615
75060432e77a4e0d46ac09104a1b8d380d2ca370fe57523f79a34d2b0eeb8b52,2026-04-02 18:19:15.106039+00:00,de,krone.at,krone.at,2026-04-02,Kurve in 70 Meter Höhe und entworfen von Alex Wurz,https://www.krone.at/4096091
cfc2eb12d2e9b43dc1c3123e5938b95ae413846a437a058d20355e7fa6742faa,2026-04-02 18:19:10.125219+00:00,de,krone.at,krone.at,2026-04-02,Stefanie Giesinger rechnet mit der Modelbranche ab,https://www.krone.at/4096455
592ceb6b35a32b36d896afdfad9adeec4ce7e16c69a96f65214cfb804e4b3a48,2026-04-02 18:19:04.829331+00:00,de,krone.at,krone.at,2026-04-02,Radfahrer fuhr Bub (10) nieder und beschimpfte ihn,https://www.krone.at/4096446
405923cd04a0cfe3cedbd18c227e9e8c5f756359710340bba6d9c1d25cfe639e,2026-04-02 18:19:00.065332+00:00,de,krone.at,krone.at,2026-04-02,Heuer schon 15 Verkehrstote in der Steiermark,https://www.krone.at/4096237
f976ea7cdf40b64856fae8be4959aafc9b1b02d8b33d1ccf9e59a17244a3f820,2026-04-02 18:18:55.067305+00:00,de,krone.at,krone.at,2026-04-02,300.000 Euro weniger: „War ein schwerer Schlag“,https://www.krone.at/4096132
df1713773a6542fd176bcf1a96dddbafe8ec156a74f18f5c2ebbb75e859fdeaf,2026-04-02 18:18:50.133392+00:00,de,krone.at,krone.at,2026-04-02,München-„Tatort“: Ein Abschied der TV-Legenden,https://www.krone.at/4095340
887c0e5971f669092caaff02f7a65785e339c52a8f1c66b0579438bab7892efb,2026-04-02 18:18:45.066047+00:00,de,krone.at,krone.at,2026-04-02,Markus Hinterhäuser: Büro unter Aufsicht geräumt,https://www.krone.at/4096247
c55a453b00bd6114f617ce93dcce0aaee52b50bbdd040090a2cd467eb87d48c5,2026-04-02 18:18:40.081321+00:00,de,krone.at,krone.at,2026-04-02,Salzburger will Austria-Wunder von ‘94 wiederholen,https://www.krone.at/4094228
c04436b762e28b190562e87621288a83e05c30d28fe34a8ec06df7aa22a1e917,2026-04-02 18:18:35.274748+00:00,de,krone.at,krone.at,2026-04-02,"Das ist der Floriani, der vorm Friseur „flüchtete“",https://www.krone.at/4096637
6717cdad71c8648697084f3c5b8172e0c6bcf30aad82c826097ba4b04f00a5da,2026-04-02 18:18:30.335194+00:00,de,krone.at,krone.at,2026-04-02,Kim Kardashian erlitt Sextape-Schlappe vor Gericht,https://www.krone.at/4096116
5785ff3dba1de1dd989cb5529e8691afc2fe8dbf18f417c835aa066d85e71bc6,2026-04-02 18:18:25.358220+00:00,de,krone.at,krone.at,2026-04-02,"Der Drahtesel, der 100-prozentig zu Besitzer passt",https://www.krone.at/4095779
e3ff6b00c5d177c4bb30a2a4aff9233ddd7f6f13f6cc15d0f8b607d6c0e1d4c4,2026-04-02 18:18:20.193142+00:00,de,krone.at,krone.at,2026-04-02,Tormaschine schwitzt neben Platz beim Pilates,https://www.krone.at/4096085
91e8572ff742f3698d8ee3bb984eb27c638c115f32ffa1ec9158d392e99f6fd1,2026-04-02 18:18:15.485773+00:00,de,krone.at,krone.at,2026-04-02,Hurley verrät Geheimnis ihres jugendlichen Looks,https://www.krone.at/4096431
cf22b024aab319e961ee4c1c7ddde732e2fd6efd15a40916a074c60615ccbc9a,2026-04-02 18:18:10.202550+00:00,de,krone.at,krone.at,2026-04-02,"Kostbar, uralt: Nachwuchs für Goldhauben gesucht",https://www.krone.at/4095603
162dd9d8f26f3cd34f2ff27aef201eb58dbdfd1a4a06cb1ab3949168ab6cd168,2026-04-02 18:18:04.943233+00:00,de,krone.at,krone.at,2026-04-02,„Der Magier im Kreml“ startet in den Kinos,https://www.krone.at/4095184
18ba0e4ad92eb19c51bfcb0ebde38cb8bbc4cc3fee2b113a5560dfa5af09789a,2026-04-02 18:18:00.362096+00:00,de,krone.at,krone.at,2026-04-02,„Wir stehen am Rande von größerem Krieg“,https://www.krone.at/4096821
0d312396b4928cd7838d43cff298a525d75d046fba1b8786f470b14a3fe6844b,2026-04-02 18:17:55.344179+00:00,de,krone.at,krone.at,2026-04-02,Christian Ulmen geht rechtlich gegen „Spiegel“ vor,https://www.krone.at/4096113
5b7ff41e7c9a6fef51ea607ef8cf2fa4fcbb44163238d3aaedb01e439c97bf6b,2026-04-02 18:17:50.596438+00:00,de,krone.at,krone.at,2026-04-02,Zwischen Weide und Wirtshaus,https://www.krone.at/4095341
a5d1ab51dc4aaff073fc2bf51398491a5e8682cb9f134881883ea199ae63563f,2026-04-02 18:17:45.294436+00:00,de,krone.at,krone.at,2026-04-02,Trotz Finanzprüfung! Das sind die Pläne des VSV,https://www.krone.at/4095792
df985f9cb4c8202224e3162193e2705d1f017dab9d8073bef4f46b76f826d66e,2026-04-02 18:17:40.512551+00:00,de,krone.at,krone.at,2026-04-02,Pkw und Bus krachen ineinander: 5 Schwerverletzte,https://www.krone.at/4096719
a21da0c73d9ff2afa1ec967d7a8273cd82bc567c6e72465a0b16b9534c7af5f6,2026-04-02 18:17:35.455947+00:00,de,krone.at,krone.at,2026-04-02,Valentin Bontus nach zwei Rennsiegen nun Dritter,https://www.krone.at/4096775
192678d468e8cd28bac3cb92c1f85c6e3a3eeeacc49c195bc12090d985dc65b9,2026-04-02 18:17:30.757933+00:00,de,krone.at,krone.at,2026-04-02,Gründonnerstag: Training im Sitzen und Spinat,https://www.krone.at/4096223
cf26e3836bfa9d077ce7eafb42d1f9a14e29c3f2697c4fe601acefabadfaec04,2026-04-02 18:17:26.055075+00:00,de,krone.at,krone.at,2026-04-02,Haustechnik-Firma schlittert erneut in Insolvenz,https://www.krone.at/4096736
e52d51924bd6176d1ba6b2e1dc07334b6e02bf1a79055c63a1eba2bee83c39e7,2026-04-02 18:17:22.155391+00:00,de,krone.at,krone.at,2026-04-02,Warum der singende Jesus weiterhin verteufelt wird,https://www.krone.at/4095198
48e11221c027d6716e77182be6a9ae384e0ceec24c6712e4fb2c219a732f8339,2026-04-02 18:17:16.015615+00:00,de,krone.at,krone.at,2026-04-02,Das ist die Starjury der Goldenen Note 2026,https://www.krone.at/4095655
2ad288045055b1ec2346a88979a5d48ea8423c2a337e3d44c13f5629e51934e7,2026-04-02 18:17:10.342073+00:00,de,krone.at,krone.at,2026-04-02,Filmstar und Rocklegende lassen St. Pölten beben,https://www.krone.at/4095681
d0e38e9a745f33eaf1442bb2fc64ffc9c31d0f6a49841722e38f7e2411e32e84,2026-04-02 18:17:07.388699+00:00,de,krone.at,krone.at,2026-04-02,Lebensgroße Urzeit-Riesen für den eigenen Garten,https://www.krone.at/4095436
f06c7648385d5c7f3c9ab515f2093703d438bc4f7f857b1f8a1691f9798f4908,2026-04-02 17:40:19.716699+00:00,de,orf.at,orf.at,2026-04-02,Berichte: Trump könnte Justizministerin Bondi entlassen,https://orf.at/stories/3425753/
3663f377de13518213ef278c0d0d44440832ae050606df0a98083cd34a12ee76,2026-04-02 17:40:13.262602+00:00,de,orf.at,orf.at,2026-04-02,40 Länder beraten über Zukunft der Straße von Hormus,https://orf.at/stories/3425768/
7b208d67c1aceafae02455796ad824cba05ee1161c40485244211f94b65397c9,2026-04-02 17:40:08.267088+00:00,de,orf.at,orf.at,2026-04-02,Italien: Minister wegen Affäre mit Journalistin unter Druck,https://orf.at/stories/3425744/
62a8b1bcfc41c164de57facc7ac0649183b28658678b4273919708ecead94c97,2026-04-02 17:40:03.278432+00:00,de,orf.at,orf.at,2026-04-02,Irak beginnt mit Öltransport per Lkw durch Syrien,https://orf.at/stories/3425751/
4751cad656b60a01583254e58f3580ac6622d922cbc5a31ad6ea07d9675abffb,2026-04-02 17:39:54.387807+00:00,de,orf.at,orf.at,2026-04-02,UNO-Generalsekretär: „Stehen am Rande von größerem Krieg“,https://orf.at/stories/3425767/
d06c3bf75f3c501a51c6a5783517552fbd2f9ad8ed573e7ec4c8d479f8d05bcf,2026-04-02 17:39:37.611564+00:00,de,orf.at,orf.at,2026-04-02,Fehlende Antworten auf drängende Fragen,https://orf.at/stories/3425717/
b15bc56d786119088cb74ff84dc2cf82b0bc4a837e28cbaf9a824e621ae32bbb,2026-04-02 17:39:26.680102+00:00,de,orf.at,orf.at,2026-04-02,John Travolta stellt Regiedebüt in Cannes vor,https://orf.at/stories/3425762/
f03f9fda9d75750b97f1f3875115c13b7ce097315f09f689dba3189526b6d725,2026-04-02 17:39:07.968902+00:00,de,orf.at,orf.at,2026-04-02,Lufthansa bietet für portugiesische Airline TAP,https://orf.at/stories/3425760/
a9d583739e193100538aea58f6b8c441ea7f369fe9067d875f3e99d25075fc18,2026-04-02 17:38:56.746169+00:00,de,orf.at,orf.at,2026-04-02,„Wir haben einen schönen Mondaufgang“,https://orf.at/stories/3425715/
d31e8f8ed7f22491a7e92920fc96443d4dbe5e62b75f0fab505c649b4a2efca0,2026-04-02 17:38:41.731569+00:00,de,orf.at,orf.at,2026-04-02,Papst Leo wäscht Priestern die Füße,https://orf.at/stories/3425769/
dd3692f8b4e5b0aedac4dbfb367632ac1bb0932435b2e8b9c02160a666694453,2026-04-02 17:38:36.380945+00:00,de,orf.at,orf.at,2026-04-02,Iran muss größte Stahlwerke schließen,https://orf.at/stories/3425750/
ddae33bc674e18d5b418e28ef2865d4f5d450bd40ae5bb5565887772000812bb,2026-04-02 17:38:20.414592+00:00,de,orf.at,orf.at,2026-04-02,Gastanker treibt „unkontrolliert“ vor libyscher Küste,https://orf.at/stories/3425764/
f1c24f50dbd78f7270cc80de99f7998442805cf60472c58118cbf5d7afdc63ec,2026-04-02 17:33:27.017846+00:00,de,kontrast.at,kontrast.at,2026-04-02,"„Krieg ist kein Naturgesetz“ – Friedensforscher Wintersteiner über Aufrüstung, Ungleichheit und Optimismus",https://kontrast.at/wintersteiner-friedensforschung-neutralitaet-interview/
12b14a26d030e3707292345b4340d7fc971c22f4967d4757e054cb884910175f,2026-04-02 17:26:53.701631+00:00,de,orf.at,orf.at,2026-04-02,Katze per Post verschickt: Sechs Monate Haft,https://noe.orf.at/stories/3348512/
a167c88736fc2541221437a18ba03b5348ae0abcad0aec1f7da9210b32de4109,2026-04-02 17:26:26.439220+00:00,de,orf.at,orf.at,2026-04-02,US-Justizfall belastet 280 heimische Jobs,https://noe.orf.at/stories/3347994/
57c5a3dd21ca7f20e38c1ca2989c66260ee017a128946af188da6d991810a7e4,2026-04-02 17:26:16.915989+00:00,de,orf.at,orf.at,2026-04-02,Start der Spargelernte wegen Kälte verzögert,https://noe.orf.at/stories/3348336/
303c56f240a711d170eff49af990748f3e2d6abbc3d63486fb4cea3275e0b991,2026-04-02 17:25:33.181756+00:00,de,orf.at,orf.at,2026-04-02,Mercosur: FPÖ ortet „Verrat an Landwirtschaft“,https://noe.orf.at/stories/3348465/
6f36c145234c8d201bded38b4512829a0d28af3af9d3642bc93c581064b498c3,2026-04-02 17:25:23.224835+00:00,de,orf.at,orf.at,2026-04-02,Fußball: Neulengbach muss zusperren,https://noe.orf.at/stories/3348379/
2780d280ca3e6bd82dea6e02a170586d60bf860cfe9d634b9a299c8845d90781,2026-04-02 17:25:09.172568+00:00,de,orf.at,orf.at,2026-04-02,Autismus: Frühe Diagnose hilft Betroffenen,https://noe.orf.at/stories/3348023/
56ac13fcbff42c0d9e8e22d47beb35f90b39e8f0d69062e4b682e3d300dbbc23,2026-04-02 17:24:57.657079+00:00,de,orf.at,orf.at,2026-04-02,Elisabeth Steinkellner bekommt Nöstlinger-Preis,https://noe.orf.at/stories/3348437/
954ae3b11ec0d9463aeff18381bcb614c221058d4ab2fe02efaa8249fbfb2ef3,2026-04-02 17:24:47.302111+00:00,de,orf.at,orf.at,2026-04-02,Göllersdorf: Mann nach Unfall tot in Bach entdeckt,https://noe.orf.at/stories/3348431/
9a14ab2df06057fa350fd83c1c745578cf7eb3ec339db4280037ec04beff3511,2026-04-02 17:24:08.834249+00:00,de,orf.at,orf.at,2026-04-02,Mordprozess gegen Winzer ab nächster Woche,https://noe.orf.at/stories/3348420/
fde7a6943333b8968a307d4667e68691d9e55e7203a543cb14000a8c40f81a7b,2026-04-02 17:21:56.600978+00:00,de,orf.at,orf.at,2026-04-02,"Schimpfwörter, Mäuse und Schimmel im Heer",https://vorarlberg.orf.at/stories/3347417/
58f416f9b76975c7929c960e5e45ee4e4a032cb6a7e56876d4f10c664614526b,2026-04-02 17:21:51.658566+00:00,de,orf.at,orf.at,2026-04-02,Getzner eröffnet Werk in Indien,https://vorarlberg.orf.at/stories/3348450/
192c390259a45c5eb298d83ee6220d5d26a25137389c4fb53ccc5e199732af08,2026-04-02 17:21:46.381698+00:00,de,orf.at,orf.at,2026-04-02,Seltene Kunstwerke: Fastenkrippen,https://vorarlberg.orf.at/stories/3347879/
40c22719a66a3757885e6d2e84e1fc89ee5a8e8a50e15288d24cb1f3ff896883,2026-04-02 17:21:41.656702+00:00,de,orf.at,orf.at,2026-04-02,Wieder mehr Wohnungsverkäufe in Vorarlberg,https://vorarlberg.orf.at/stories/3348384/
f17092d9bf1acf4a3ca70ffd3249894f30c9f47f91481ce9729fe20b0e8403aa,2026-04-02 17:21:33.911963+00:00,de,orf.at,orf.at,2026-04-02,ÖFB-Cup-Finale: 2.500 Altach-Tickets abgesetzt,https://vorarlberg.orf.at/stories/3348433/
123e827f92b7cf2b04c54e75bd847dec77cac9e6c6945c03869c8cb98d30c29f,2026-04-02 17:21:10.294145+00:00,de,orf.at,orf.at,2026-04-02,15-Jährige bei Skiunfall schwer verletzt,https://vorarlberg.orf.at/stories/3348518/
68bfeca87304407cf60d31ca683665948c5825f7dece9b721726feb3fd374764,2026-04-02 17:20:54.244120+00:00,de,orf.at,orf.at,2026-04-02,20-Jähriger in Lech aus Bergnot gerettet,https://vorarlberg.orf.at/radio/stories/3348416/
f978b30f95a505bc27d507421cc8b5648879c20ee378bf9381317ad246b84916,2026-04-02 17:20:15.152874+00:00,de,orf.at,orf.at,2026-04-02,Atrium Gerüstbau in Konkurs,https://vorarlberg.orf.at/radio/stories/3348410/
762ca7a195a8f0a0385e8211fa24dfe3087a44083c80bcdffb805346bb889ed2,2026-04-02 17:20:02.888383+00:00,de,orf.at,orf.at,2026-04-02,Skigebiete gehen ins Finale,https://vorarlberg.orf.at/stories/3348308/
fdeaa3cc8df54946bde924dfd33a5a046ec06720c24a7bf830dc4354cf38f64c,2026-04-02 17:19:51.698081+00:00,de,orf.at,orf.at,2026-04-02,VfGH kappt Zopf-Verbot für Soldaten,https://vorarlberg.orf.at/stories/3348439/
a5dadd951e6c47ae6812e635428e1d56f17622d732bcd608d9a9dc456a7c9fa0,2026-04-02 16:55:07.275015+00:00,de,derstandard.at,derstandard.at,2026-04-02,"Erschossene Antilope: Ermittlungen ""fordernd"", bisher keine Hinweise trotz ausgerufener Belohnung",https://www.derstandard.at/consent/tcf/story/3000000315204/erschossene-antilope-ermittlungen-fordernd-bisher-keine-hinweise-trotz-ausgerufener-belohnung
cfd9263b2f7a10eee406fd4fdcfddd81637fef7cc6ccdd6c2aad035f6f377243,2026-04-02 16:55:02.318578+00:00,de,derstandard.at,derstandard.at,2026-04-02,"Tierquälereiprozess gegen 21-Jährigen, der seine Katze in Paket verschickte",https://www.derstandard.at/consent/tcf/story/3000000315246/tierquaelereiprozess-gegen-21-jaehrigen-der-seine-katze-in-paket-verschickte
7a07f5e04ba3e80d9b76e1a9bf6ffa10ecae6efae6d35144b786ef8c6e2d19b3,2026-04-02 16:54:57.518565+00:00,de,derstandard.at,derstandard.at,2026-04-01,Ja zur Renaturierung! Und jetzt? Zustimmung in der Bevölkerung ist hoch – aber das Budget knapp,https://www.derstandard.at/consent/tcf/story/3000000315043/ja-zur-renaturierung-und-jetzt-zustimmung-in-der-bevoelkerung-ist-hoch-aber-das-budget-knapp
90f0a6d45bdd05502aece0d9cdb292a5a641ac71ef97c6aaf763f609f701b58f,2026-04-02 16:54:52.290493+00:00,de,derstandard.at,derstandard.at,2026-04-02,Putins ungarische Einflussagenten in der EU,https://www.derstandard.at/consent/tcf/story/3000000315225/putins-ungarische-einflussagenten-in-der-eu
144c5f047fc982aaf9046ec9d322f88c8f832fb60713b5d18216481fd407dfc1,2026-04-02 16:54:42.634687+00:00,de,derstandard.at,derstandard.at,2026-04-02,Italienischer Innenminister wegen Affäre mit Journalistin unter Druck,https://www.derstandard.at/consent/tcf/story/3000000315249/italienischer-innenminister-wegen-aff228re-mit-journalistin-unter-druck
21c18d1612beeaf559bb3e1150bba80950124c0a6d878370d670ac56992bed55,2026-04-02 16:54:37.295811+00:00,de,derstandard.at,derstandard.at,2026-04-01,"Rare planetare ""Zwillingsgeburt"" in jungem Sternsystem entdeckt",https://www.derstandard.at/consent/tcf/story/3000000315097/rare-planetare-zwillingsgeburt-in-jungem-sternsystem-entdeckt
2b45ab4ebfae276ff412f9f58a1ad405415fa3fc5dd2f44c8e45a9f41112519f,2026-04-02 16:54:32.308614+00:00,de,derstandard.at,derstandard.at,2026-04-02,Spritpreisbremse in Kraft: Regierung sieht keine Engpässe,https://www.derstandard.at/consent/tcf/story/3000000315270/spritpreisbremse-in-kraft-regierung-sieht-keine-engp228sse
459816135c156bbbd5433ce2383c0c92203b816f7eb77b259f387aa25e5c6929,2026-04-02 16:54:22.509434+00:00,de,derstandard.at,derstandard.at,2026-03-31,Worauf freuen Sie sich als nächstes?,https://www.derstandard.at/consent/tcf/story/3000000314950/worauf-freuen-sie-sich-als-naechstes
de4e6d85c4af59f2eda6c2f916a59570030101c69dd1ca0c818088e51d5de09a,2026-04-02 16:54:17.600941+00:00,de,derstandard.at,derstandard.at,2026-04-02,Die letzte Bastion wankt: Frauen-Rekordmeister Neulengbach stellt Insolvenzantrag,https://www.derstandard.at/consent/tcf/story/3000000315205/die-letzte-bastion-wankt-frauen-rekordmeister-neulengbach-stellt-insolvenzantrag
044cc192221dd25d097a6d3cbc024232c6f8f37c7f16381501204aa1acaa18f8,2026-04-02 16:54:12.292224+00:00,de,derstandard.at,derstandard.at,2026-04-01,Effizienter durch den Alltag: Wie lerne ich (wieder) zu telefonieren?,https://www.derstandard.at/consent/tcf/story/3000000315098/effizienter-durch-den-alltag-wie-lerne-ich-wieder-zu-telefonieren
f89e841ed8538924590541af61d1e4dbc304f05db60b7f3b2f00ba735f6fbe7b,2026-04-02 16:54:02.637824+00:00,de,derstandard.at,derstandard.at,2026-04-02,"Schweres Erdbeben vor der Küste Indonesiens, mindestens ein Toter",https://www.derstandard.at/consent/tcf/story/3000000315149/schweres-erdbeben-vor-der-kueste-indonesiens-mindestens-ein-toter
61af45466051d7cece6df5cc68cfd4c63fd53267bf8235eeaffd0cbdaac0725d,2026-04-02 16:53:57.256695+00:00,de,derstandard.at,derstandard.at,2026-04-02,Wer darf den Schachweltmeister fordern? Vermutlich dieser 20 Jahre alte Usbeke,https://www.derstandard.at/consent/tcf/story/3000000315233/wer-darf-den-schachweltmeister-fordern-vermutlich-dieser-20-jahre-alte-usbeke
02761a1a6ac25b4347e2101b04aafbe48e83c1f0358359196526ab66978a4b1b,2026-04-02 16:53:47.519573+00:00,de,derstandard.at,derstandard.at,2026-04-02,"Spritpreisbremse: E-Control-Chef will Tankstellen ""lückenlos"" kontrollieren",https://www.derstandard.at/consent/tcf/story/3000000315153/spritpreisbremse-e-control-chef-will-tankstellen-lueckenlos-kontrollieren
40609decb6fe7001b555712a47437c407f3f94a77153a7c213f4e537e9ae5917,2026-04-02 16:53:37.283904+00:00,de,derstandard.at,derstandard.at,2026-04-01,"Erste Strafverfahren wegen ""Dick-Pics"" trotz geständiger Täter eingestellt",https://www.derstandard.at/consent/tcf/story/3000000314957/erste-strafverfahren-wegen-dick-pics-trotz-gestaendiger-taeter-eingestellt
b29555b6810d699fe9587756a624baae509d952bca4bf7546a3e0f37941fc638,2026-04-02 16:53:32.307846+00:00,de,derstandard.at,derstandard.at,2026-04-02,Esa will Europäer auf dem Mond sehen und mit den USA darüber beraten,https://www.derstandard.at/consent/tcf/story/3000000315211/esa-will-europaeer-auf-dem-mond-sehen-und-mit-den-usa-darueber-beraten
29272302c5055cca52bdeea7f92c72d1b903f4fdb6fa8b56049660cd0eb401ff,2026-04-02 16:53:22.662692+00:00,de,derstandard.at,derstandard.at,2026-04-01,Auffällige Pränataldiagnostik: Wie geht man damit um?,https://www.derstandard.at/consent/tcf/story/3000000313947/auffaellige-praenataldiagnostik-wie-geht-man-damit-um
f0e530144adb329e82b6536389ed1a9d9ee16971051e0e4450769450feb1ce7c,2026-04-02 16:53:12.296875+00:00,de,derstandard.at,derstandard.at,2026-04-01,Warum wird immer öfter Autismus-Spektrum-Störung diagnostiziert?,https://www.derstandard.at/consent/tcf/story/3000000314967/warum-wird-immer-oefter-autismus-spektrum-stoerung-diagnostiziert
28f82c7835c37f5fd758c71c2bd56882f169fae1b483c0521034b6d51498eb2c,2026-04-02 16:49:33.978029+00:00,de,derstandard.at,derstandard.at,2026-04-02,Starsopranistin Annette Dasch übernimmt das StudioV der Volksoper,https://www.derstandard.at/consent/tcf/story/3000000315250/starsopranistin-annette-dasch-252bernimmt-das-studiov-der-volksoper
fbdf2224e0a856b19f78808eab54bb2dff631f595d7c100bae7190ccf4a35e68,2026-04-02 16:49:28.987149+00:00,de,derstandard.at,derstandard.at,2026-04-02,Rückschlag für Jakob Pöltl im Play-off-Rennen der NBA,https://www.derstandard.at/consent/tcf/story/3000000315166/basketball-r252ckschlag-f252r-toronto-im-play-off-rennen
5ba546ded574a102625014d393c1355154b182e87fb59b9e7d0b7738fddb441a,2026-04-02 16:49:23.997514+00:00,de,derstandard.at,derstandard.at,2026-04-01,Der erste Mondflug mit Crew seit 50 Jahren ist gestartet,https://www.derstandard.at/consent/tcf/jetzt/livebericht/3000000315128/der-erste-mondflug-mit-crew-seit-50-jahren-ist-gestartet
e26a55dec5ea82da7bf5ab611239e43e02322c544d40e1cdb736b4b3355d793e,2026-04-02 16:49:19.000433+00:00,de,derstandard.at,derstandard.at,2026-04-02,Präsident Planlos: Donald Trump bleibt alle Antworten zum Iran schuldig,https://www.derstandard.at/consent/tcf/story/3000000315150/praesident-planlos-donald-trump-bleibt-alle-antworten-zum-iran-schuldig
4fc5f730c52f33af3c4c4124a8cd0642673336415b1c6225a55471533dd3b715,2026-04-02 16:49:09.214691+00:00,de,derstandard.at,derstandard.at,2026-04-02,Trotz alter Apfel-Fehde: Paul McCartney spielte bei Apple-Firmenjubiläum,https://www.derstandard.at/consent/tcf/story/3000000315155/paul-mccartney-spielte-bei-apple-zum-50-firmenjubil228um
026afa6f4cc5527659e49ce479ddc7f0ded5c1bafa43788ea3fbebc14adfdbcc,2026-04-02 16:49:04.265957+00:00,de,derstandard.at,derstandard.at,2026-04-02,Moskauer Gericht verurteilt deutschen Karneval-Bildhauer Tilly zu achteinhalb Jahren Haft,https://www.derstandard.at/consent/tcf/story/3000000315277/moskau-achteinhalb-jahre-haft-f252r-deutschen-karneval-bildhauer-tilly
b0af09ea305b4ec4f3a97f7137abdec1bc57179f557732f7fce141803618ee87,2026-04-02 16:48:59.011240+00:00,de,derstandard.at,derstandard.at,2026-04-02,"Unwetter rund um Ägäisches Meer, Saharastaub färbt Himmel orangerot",https://www.derstandard.at/consent/tcf/story/3000000315229/unwetter-rund-um-aegaeisches-meer-saharastaub-faerbt-himmel-orangerot
27740cd929db0017fb383ad211b25e6762b2ae2785e340b9427afea3a6e7dc04,2026-04-02 16:48:48.978228+00:00,de,derstandard.at,derstandard.at,2026-04-02,"Französische EU-Abgeordnete Hassan wegen ""Terror-Verherrlichung"" in Polizeigewahrsam",https://www.derstandard.at/consent/tcf/story/3000000315281/franzoesische-eu-abgeordnete-hassan-wegen-terror-verherrlichung-in-polizeigewahrsam
94ba16bf9739e1578858f180edde0df489483eb2bd611e0bc3a08b0c1ec05ea4,2026-04-02 16:48:43.995057+00:00,de,derstandard.at,derstandard.at,2026-04-02,Rossi legt zwei Treffer bei 14-Tore-Kracher gegen Avalanche vor,https://www.derstandard.at/consent/tcf/story/3000000315193/eishockey-rossi-assistierte-zweifach-bei-sieg-252ber-spitzenreiter
af23bbc533d9fe5e146487c04fcf355fab6697d8dad60473904a21f095797a64,2026-04-02 16:48:38.979407+00:00,de,derstandard.at,derstandard.at,2026-04-01,50 Top-Managerinnen erzählen von Sexismus in Konzernen,https://www.derstandard.at/consent/tcf/story/3000000313440/50-top-managerinnen-erzaehlen-von-sexismus-in-konzernen
9e528b5a88eaa76d647e30b272b61104e5b65183373e32e069c53f44f068992e,2026-04-02 16:48:34.314030+00:00,de,derstandard.at,derstandard.at,2026-04-02,So täuscht das STANDARD-Forum im Job Produktivität vor,https://www.derstandard.at/consent/tcf/story/3000000315206/so-taeuscht-das-standard-forum-im-job-produktivitaet-vor
6ade440dbf5df6806cc1005b784e6167cac1fc3eacbf242d2d03fc57e89529cd,2026-04-02 16:48:29.221917+00:00,de,derstandard.at,derstandard.at,2026-04-02,"Russischer Gastanker: ""Tickende Zeitbombe"" treibt immer noch unkontrolliert im Mittelmeer",https://www.derstandard.at/consent/tcf/story/3000000315297/russischer-gastanker-tickende-zeitbombe-treibt-immer-noch-unkontrolliert-im-mittelmeer
ddcb9d04b645035064740b938629cff41a1a40ce8b1e1a56259a2ad6acd4b43f,2026-04-02 16:48:19.002497+00:00,de,derstandard.at,derstandard.at,2026-04-02,Schüsse in New York: Baby in Kinderwagen von Querschläger getötet,https://www.derstandard.at/consent/tcf/story/3000000315157/schuesse-in-new-york-baby-in-kinderwagen-von-querschlaeger-getoetet
c84871f33516636efe99c55fa82109f6a84e1407b2ac63617b4b409db119ee42,2026-04-02 16:48:14.357423+00:00,de,derstandard.at,derstandard.at,2026-03-31,Eure Erfahrungen mit der eigenen Kfz-Versicherung?,https://www.derstandard.at/consent/tcf/story/3000000314944/eure-erfahrungen-mit-der-eigenen-kfz-versicherung
7cbae065b2eb14b65eb8498fc72b27c9f1a66ca2800526408c42e9866a19149a,2026-04-02 16:47:59.345500+00:00,de,derstandard.at,derstandard.at,2026-04-01,Als die Soldaten kamen,https://www.derstandard.at/consent/tcf/story/3000000314829/als-die-soldaten-kamen
24eef69aeb0140ccc9a8e5f79c868b16772652942fc881cb8f4e5c654935c8e3,2026-04-02 16:47:54.233177+00:00,de,derstandard.at,derstandard.at,2026-04-02,"Salzburg und Vienna Capitals entlassen ihre Trainer, der KAC hält an seinem fest",https://www.derstandard.at/consent/tcf/story/3000000315301/salzburg-und-vienna-capitals-entlassen-ihre-trainer-der-kac-haelt-an-seinem-fest
cc45380141844f99660cb4e938d197e90af01fbf68f273204e7b8320ac6b8ac7,2026-04-02 16:47:48.981697+00:00,de,derstandard.at,derstandard.at,2026-03-31,Zwischen Mythos und Macht: Die Schimäre im römischen Burgenland,https://www.derstandard.at/consent/tcf/story/3000000314806/zwischen-mythos-und-macht-die-schimaere-im-roemischen-burgenland
f89b4c449078269fef5b9e92fa8385301bb3eeb61e51c9128ca374f8d5621abe,2026-04-02 16:47:44.457955+00:00,de,derstandard.at,derstandard.at,2026-04-02,Epstein-Files & Co.: Trump erwägt wohl Entlassung von US-Justizministerin,https://www.derstandard.at/consent/tcf/story/3000000315154/einschraenkung-der-briefwahl-demokraten-klagen-gegen-trumps-dekret
8e569406132d6998898f80c984d152ddbb16e36ca90aaa69044ec2da22a5d9db,2026-04-02 16:47:29.306936+00:00,de,derstandard.at,derstandard.at,2026-03-31,Die Theater florieren – sie sind aber keine Debattentreiber mehr,https://www.derstandard.at/consent/tcf/story/3000000310910/die-theater-florieren-sie-sind-aber-keine-debattentreiber-mehr
073ecd69cf4c5ba0f8e6776eaac6fc43a0c5784745a5c1af34c18c40981127d1,2026-04-02 16:47:24.246975+00:00,de,derstandard.at,derstandard.at,2026-04-02,Die Toten von Port Talbot: Arte-Serie rekonstruiert erschütternde Mordserie,https://www.derstandard.at/consent/tcf/story/3000000315203/die-toten-von-port-talbot-arte-serie-rekonstruiert-erschuetternde-mordserie
8e9b46fcfb97f6efb12ae1c424c8a9871421542bd8c486826ba6cb405726c75c,2026-04-02 16:47:14.239146+00:00,de,derstandard.at,derstandard.at,2026-04-02,Asiatische Airlines leiden besonders unter hohen Kerosinpreisen,https://www.derstandard.at/consent/tcf/story/3000000315285/asiatische-airlines-leiden-besonders-unter-hohen-kerosinpreisen
d391ae5ef02940bce2585941a34f9522a98e6b177635004ab7511a44f7d424dc,2026-04-02 16:47:09.023968+00:00,de,derstandard.at,derstandard.at,2026-04-02,Italien räumt nach der Schande der verpassten WM auf: Auch Sportchef Buffon tritt ab,https://www.derstandard.at/consent/tcf/story/3000000315245/italien-r228umt-auf-eine-schande-als-politikum
791454a7e4b0500e0f2fe590d71458bc0584a1f96ef6bf7ac41cb18d2bd580b3,2026-04-02 16:47:04.012378+00:00,de,derstandard.at,derstandard.at,2026-04-02,Tiger Woods darf die USA trotz Anklage für Behandlungen verlassen,https://www.derstandard.at/consent/tcf/story/3000000315202/tiger-woods-darf-die-usa-trotz-anklage-fuer-behandlungen-verlassen
dbb9bd6633c7c6836cf31ba5d3437235d3cc5aed97e48febcd43f24273b780cf,2026-04-02 16:46:59.472281+00:00,de,derstandard.at,derstandard.at,2026-04-01,"Die Neos lieben ihre laute Vielfalt, doch das Regieren machen sie sich damit schwer",https://www.derstandard.at/consent/tcf/story/3000000315005/die-neos-lieben-ihre-laute-vielfalt-doch-das-regieren-machen-sie-sich-damit-schwer
d4c12a66e89ea216bb39b4ac16eb5a38910527fd6e6cc8e172b1a6ce48bdb090,2026-04-02 16:20:54.159650+00:00,de,derstandard.at,derstandard.at,2026-04-02,Amazon will zum Rivalen Starlink aufschließen und Globalstar kaufen,https://www.derstandard.at/consent/tcf/story/3000000315260/amazon-will-zum-rivalen-starlink-aufschliessen-und-globalstar-kaufen
5756ed480c95dbe7bc1f5862c9495c8512b568707d651421d1b373a6fd98d1e7,2026-04-02 16:20:49.405448+00:00,de,derstandard.at,derstandard.at,2026-04-02,XPeng oder BYD – habt ihr Erfahrungen?,https://www.derstandard.at/consent/tcf/story/3000000315201/xpeng-oder-byd-habt-ihr-erfahrungen
6d45d121f637b1459d172462db5a26dd82f47e18bc4aa573348cbcfcf40c0a62,2026-04-02 16:20:34.070112+00:00,de,derstandard.at,derstandard.at,2026-03-30,Wie geht es Ihnen wirklich?,https://www.derstandard.at/consent/tcf/story/3000000311840/wie-geht-es-ihnen-wirklich
423850307153b0a727e0f5f238f452995053a5f7bd253c696e5add972c844954,2026-04-02 16:20:24.148050+00:00,de,derstandard.at,derstandard.at,2026-04-02,"Österreich verweigert USA Luftraum für Militärflüge, Iran verhaftet bekannte Menschenrechtsaktivistin",https://www.derstandard.at/consent/tcf/jetzt/livebericht/3000000315138/trump-sieht-kriegsziele-im-iran-beinahe-erreicht-kuendigt-aber-weitere-angriffe-an
d24ee3f406f9d8be1415cd8486fc114d03df7e9cb0dd3b106c333b70e6650521,2026-04-02 16:20:19.318170+00:00,de,derstandard.at,derstandard.at,2026-04-02,"Unbedingte Haft für selbsternannte ""Jäger"" von Obdachlosen und vermeintlich Pädophilen",https://www.derstandard.at/consent/tcf/story/3000000315234/unbedingte-haft-fuer-selbsternannte-jaeger-von-obdachlosen-und-vermeintlich-paedophilen
de4197c9a1171c43876d8f762971954909f7c04190ad65c0553c59866b03fddf,2026-04-02 16:20:09.450322+00:00,de,derstandard.at,derstandard.at,2026-04-02,Christine-Nöstlinger-Preis 2026 geht an Elisabeth Steinkellner,https://www.derstandard.at/consent/tcf/story/3000000315218/christine-n246stlinger-preis-2026-geht-an-elisabeth-steinkellner
458b2afd50e0b6035644641d5601224fef3be885283994699c696a589c8696b9,2026-04-02 16:19:59.206621+00:00,de,derstandard.at,derstandard.at,2026-04-02,"Spionage: Meta warnt Nutzer, die gefakten Whatsapp-Client installiert hatten",https://www.derstandard.at/consent/tcf/story/3000000315194/spionage-meta-warnt-nutzer-die-gefakten-whatsapp-client-installiert-hatten
c1dbc8b99be4b38c8c4a16764e7aa04e69cfb23c44cc566fb7dc2711bbc68b21,2026-04-02 16:19:54.299072+00:00,de,derstandard.at,derstandard.at,2026-04-02,"""Máxima""-Staffel 2 bei RTL+: Zähneputzen statt wilder Sex-Szenen",https://www.derstandard.at/consent/tcf/story/3000000315159/m225xima-staffel-2-bei-rtl-z228hneputzen-statt-wilder-sex-szenen
0bccaf2b7b95d01615dd023946dd46386ae728e78c7d65fb3edaddce60ce0e06,2026-04-02 16:19:49.544564+00:00,de,derstandard.at,derstandard.at,2026-04-01,UN-Resolution zum Verbrechen der Sklaverei belebt in Afrika die Reparationsdebatte neu,https://www.derstandard.at/consent/tcf/story/3000000315115/un-resolution-zum-verbrechen-der-sklaverei-belebt-in-afrika-die-reparationsdebatte-neu
369ee404027be43d5855c046f8b74ebbd4540ddef23fc0c2e0efddde62b2699a,2026-04-02 16:19:39.474394+00:00,de,derstandard.at,derstandard.at,2026-04-02,Osterei Spritpreisbremse,https://www.derstandard.at/consent/tcf/story/3000000315243/cartoons-april
bcdb5fb786cbada4e262d62969698731fa791372c9400366ff9c2174d6c9b2ea,2026-04-02 16:19:29.312801+00:00,de,derstandard.at,derstandard.at,2026-04-02,FIFA erhöht Preise für WM-Tickets und verlangt bis zu 11.000 Dollar für das Finale,https://www.derstandard.at/consent/tcf/story/3000000315279/fu223ball-unmut-252ber-wm-tickets-technische-probleme-und-hohe-preise
d7aac9aac963d40fcea7bc9a237cd5afa5df559a98629fa90f022251ec295be2,2026-04-02 16:19:24.664230+00:00,de,derstandard.at,derstandard.at,2026-04-02,Stolen Kitkat-Tracker: Nestlé will mit einem Online-Tool Schoko-Diebe finden,https://www.derstandard.at/consent/tcf/story/3000000315162/stolen-kitkat-tracker-nestle-will-mit-einem-online-tool-schoko-diebe-finden
4f173de5596112a5e350571b9b446b6b408d5f6baaa1293ca47a9768d30dc1b9,2026-04-02 16:19:19.669286+00:00,de,derstandard.at,derstandard.at,2026-04-02,John Travolta gibt sein Regiedebüt in Cannes,https://www.derstandard.at/consent/tcf/story/3000000315298/john-travolta-gibt-sein-regiedeb252t-in-cannes
bddba8d6624588e31fd1cc31c376c2ef5ccd20d87e982eede3f29d36876a84e4,2026-04-02 16:19:14.997688+00:00,de,derstandard.at,derstandard.at,2026-04-02,Fleetwood Mac-Mitglied attackiert – Polizei ermittelt,https://www.derstandard.at/consent/tcf/story/3000000315158/musiker-lindsey-buckingham-attackiert-8211-polizei-ermittelt
b32f8f21a006af61bb560fc9f1453a43530c93a5207f72bb9d40106b3e0d63fa,2026-04-02 16:19:09.617240+00:00,de,derstandard.at,derstandard.at,2026-04-02,In Türkei verhafteter Deutsche-Welle-Reporter legt Beschwerde ein,https://www.derstandard.at/consent/tcf/story/3000000315291/in-t252rkei-verhafteter-deutsche-welle-reporter-legt-beschwerde-ein
0b7e5079a2afe268cd0ed044377ef1a472efe154c0cf4a80ac71d40796ae2a66,2026-04-02 16:19:04.774985+00:00,de,derstandard.at,derstandard.at,2026-04-02,Lufthansa bietet für Minderheitsanteil an Portugals Staatsairline TAP,https://www.derstandard.at/consent/tcf/story/3000000315284/lufthansa-bietet-f252r-minderheitsanteil-an-portugals-staatsairline-tap
672e17c276355b42962901c974d0a68669fa4fa8bb59072c5e87e58688e1695d,2026-04-02 16:18:59.935557+00:00,de,derstandard.at,derstandard.at,2026-04-02,"""Mit Hirn durchs Leben"": Neuer Ö1-Podcast mit Philosophin Lisz Hirn",https://www.derstandard.at/consent/tcf/story/3000000315177/mit-hirn-durchs-leben-neuer-oe1-podcast-mit-philosophin-lisz-hirn
d4c0a635b79cc229d623e992d1ee8bf3799f35aa0c10a91bcc4946383701a4b1,2026-04-02 16:18:54.271204+00:00,de,derstandard.at,derstandard.at,2026-04-02,"Festspiele Erl 2026/27 mit Verdi, Wagner und Schreker – Jonas Kaufmann singt",https://www.derstandard.at/consent/tcf/story/3000000315275/festspiele-erl-202627-mit-verdi-wagner-und-schreker-jonas-kaufmann-singt
6b91c6de548a96ed68b4905222091c9ba02ab670eca064b0365b2873a3197194,2026-04-02 16:18:49.492920+00:00,de,derstandard.at,derstandard.at,2026-04-01,Die beliebtesten Unesco-Weltnaturerbe-Nationalparks weltweit,https://www.derstandard.at/consent/tcf/story/3000000315031/die-beliebtesten-unesco-weltnaturerbe-nationalparks-weltweit
888556dddf1efa9f4ef4b09cc5c24bfa26d1c5db00c99c5be8d3f6c8db698dd3,2026-04-02 16:18:44.448569+00:00,de,derstandard.at,derstandard.at,2026-04-02,Der Ostersonntag wird sonnig und warm,https://www.derstandard.at/consent/tcf/story/3000000315188/der-ostersonntag-wird-sonnig-und-warm
d9bf54252ada73fecb48378d06113d87f78c5087c24c585d2b4f7aed9c91d7b1,2026-04-02 16:18:29.784114+00:00,de,derstandard.at,derstandard.at,2026-04-02,Trumps Jünger feiern in der Karwoche ihren Erlöser,https://www.derstandard.at/consent/tcf/story/3000000315255/trumps-juenger-feiern-in-der-karwoche-ihren-erloeser
0194401bea12613c87d05e8db0ef65f636254b591db0c9853bb6d45d599596ae,2026-04-02 16:18:24.956090+00:00,de,derstandard.at,derstandard.at,2026-04-02,Wienroither und Campbell stärken ÖFB-Frauenteam,https://www.derstandard.at/consent/tcf/story/3000000315262/fu223ball-wienroither-und-campbell-kehren-in-214fb-frauen-kader-zur252ck
fd5db7906f22c46ba114e98a8c941312c1115a6dc056c95ada8c2b84b54f1420,2026-04-02 16:18:19.458186+00:00,de,derstandard.at,derstandard.at,2026-04-02,Wie ein ungarischer Journalist Orbáns Regierung mitten im Wahlkampf nervös macht,https://www.derstandard.at/consent/tcf/story/3000000315228/wie-ein-ungarischer-journalist-orbans-regierung-mitten-im-wahlkampf-nervoes-macht
fa6eaacdd4a78d64c86636f9f3907d30bad2f2b31ecfc4b763a37a210bd44472,2026-04-02 16:18:14.647388+00:00,de,derstandard.at,derstandard.at,2026-04-02,Die Reiseregistrierung für Großbritannien wird bald teurer,https://www.derstandard.at/consent/tcf/story/3000000315198/die-reiseregistrierung-fuer-grossbritannien-wird-bald-teurer
03896e29a642601731653d5d7ded1314d8fe3842cacc64d5c014232286115355,2026-04-02 16:18:09.578519+00:00,de,derstandard.at,derstandard.at,2026-04-01,Fußbad und Thunfischpaste für die Katze: Worauf es beim Drehen mit Tieren ankommt,https://www.derstandard.at/consent/tcf/story/3000000314990/fussbad-und-thunfischpaste-fuer-die-katze-worauf-es-beim-drehen-mit-tieren-ankommt
6f322f38762f08315efab86192fc25181149169bced3e3bd054db04a78093229,2026-04-02 16:18:04.693690+00:00,de,derstandard.at,derstandard.at,2026-04-01,Wie gefährlich die Geduld von uns Frauen ist,https://www.derstandard.at/consent/tcf/story/3000000315074/wie-gefaehrlich-die-geduld-von-uns-frauen-ist
ae759e3fffa0a7564f45f3b2eae4afb5e353e2621ab050e1ad3f91e39f905e4b,2026-04-02 16:17:59.886034+00:00,de,derstandard.at,derstandard.at,2026-04-02,Gibt es Black Metal Fans hier?,https://www.derstandard.at/consent/tcf/story/3000000314892/gibt-es-black-metal-fans-hier
9bc1f896c4333a5182a7190c0ca33cdc5c8d87b05da5e359feee5c8692a122cf,2026-04-02 16:17:54.984819+00:00,de,derstandard.at,derstandard.at,2026-04-01,Gefälschte SSDs sind immer schwerer zu erkennen,https://www.derstandard.at/consent/tcf/story/3000000315103/gefaelschte-ssds-sind-immer-schwerer-zu-erkennen
c12023393dfba2b02052cd262f5e635df35d0f5dd7eda9f29b009e2a44b85e2d,2026-04-02 16:17:50.055319+00:00,de,derstandard.at,derstandard.at,2026-03-31,"Forscher entwickeln ""Boden-WLAN"" mit 100 Metern Reichweite",https://www.derstandard.at/consent/tcf/story/3000000314915/forscher-entwickeln-boden-wlan-mit-100-metern-reichweite
39c70870f18482edffdb9f9805ca2263adf05e8029d69109717d01f37361c01b,2026-04-02 16:17:45.004527+00:00,de,derstandard.at,derstandard.at,2026-04-02,Israels Todesstrafen-Gesetz ist selbst für Freunde des Landes zu viel,https://www.derstandard.at/consent/tcf/story/3000000315251/israels-todesstrafen-gesetz-ist-selbst-fuer-freunde-des-landes-zu-viel
fb233ffbf07216d4fa03e217017fe378ebe68f2d6c3c5fdb8969e4407dccc504,2026-04-02 16:17:40.028259+00:00,de,derstandard.at,derstandard.at,2026-04-02,"Kuscheln in der Karwoche: ""Schmuse*Passion"" im Volkstheater",https://www.derstandard.at/consent/tcf/story/3000000315165/kuscheln-in-der-karwoche-schmusepassion-im-volkstheater
3b5360f26f5e123fb7f423e8d5a25204d56c41106fc70f2822f3dc956281e54a,2026-04-02 16:17:34.497234+00:00,de,derstandard.at,derstandard.at,2026-04-02,Reid Wiseman – der Artemis-2-Kommandant hat Höhenangst,https://www.derstandard.at/consent/tcf/story/3000000315265/reid-wiseman-der-artemis-2-kommandant-hat-hoehenangst
a958f3bc97a23852e6655a02b3f07910060f7b42377d702872c968a99f5236cd,2026-04-02 16:17:29.466595+00:00,de,derstandard.at,derstandard.at,2026-04-01,USA heben Sanktionen gegen Venezuelas Interimspräsidentin auf,https://www.derstandard.at/consent/tcf/story/3000000315147/usa-heben-sanktionen-gegen-venezuelas-interimspr228sidenten-auf
d68f0d5914bbfda3cdb9647e110b30e9e37525592188c5a762fda9a2856b85a3,2026-04-02 16:17:21.678767+00:00,de,derstandard.at,derstandard.at,2026-04-02,Kylie Jenner verrät ihren liebsten Timothée-Chalamet-Film,https://www.derstandard.at/consent/tcf/story/3000000315161/kylie-jenner-verr228t-ihren-liebsten-timoth233e-chalamet-film
1556e4bfaf2fb850f0413632dc29990db4371f2021cc3158aa1e5146ea3b8915,2026-04-02 16:17:16.586096+00:00,de,derstandard.at,derstandard.at,2026-03-30,Rücksichtsloser Fahrer: Anzeigen oder ignorieren?,https://www.derstandard.at/consent/tcf/story/3000000314761/ruecksichtsloser-fahrer-anzeigen-oder-ignorieren
c30d748a6f2f82e6c0b93f876ef5774c9218d10a8e69c91d208e47a77678647b,2026-04-02 16:17:12.420752+00:00,de,derstandard.at,derstandard.at,2026-03-31,Gewinn darf kein moralischer Ausnahmezustand sein,https://www.derstandard.at/consent/tcf/story/3000000314851/gewinn-darf-kein-moralischer-ausnahmezustand-sein
d7972c4f20db19775d2cec85bd078a09a77521e5e8622095899f9438912a5a2f,2026-04-02 16:17:08.561530+00:00,de,derstandard.at,derstandard.at,2026-04-01,Artemis-2-Start geglückt: Die historische Mondmission ist unterwegs,https://www.derstandard.at/consent/tcf/story/3000000315124/artemis-2-start-geglueckt-die-historische-mondmission-ist-unterwegs
e9751bcfc7406c4c38b75ee97fe8bec1ad569ceb962bf830d15b7443c9c5a49a,2026-04-02 15:37:28.771488+00:00,de,krone.at,krone.at,2026-04-02,Innsbruckathlon: Gemeinsam über jedes Hindernis,https://www.krone.at/4096697
ba36a44cee7fd1c93da602db07f933a66b276d6ddfe31e974f3ab43fac71ba1f,2026-04-02 15:37:17.849486+00:00,de,krone.at,krone.at,2026-04-02,Österreich verweigerte USA Luftraum für Iran-Krieg,https://www.krone.at/4096582
3a5b50aa209ae01026fc64b038212189249f9a04716467fb5a760578d1346ffa,2026-04-02 15:37:17.142929+00:00,de,orf.at,orf.at,2026-04-02,Auf Flucht vor Polizei mehrere Autos touchiert,https://wien.orf.at/stories/3348485/
2c7cbb4fc61f7a94207b74f98147b02d2225eca560340a6bccfb8cfcc18d0dfc,2026-04-02 15:37:13.568129+00:00,de,krone.at,krone.at,2026-04-02,Schenken Sie Unterhaltung zu Ostern!,https://www.krone.at/4088844
72d20833302f8fb79aeefe3d731e0ece4296f89d591f09b79985aa2a1c98ffd8,2026-04-02 15:37:12.003795+00:00,de,orf.at,orf.at,2026-04-02,Protest gegen S1-Vorarbeiten,https://wien.orf.at/stories/3348422/
ad019260118f93e8ff4fa5488ca200304ad004c72d345595f0b2fe6a23a2f4f7,2026-04-02 15:37:08.234348+00:00,de,krone.at,krone.at,2026-04-02,Onkel ging mit Schneeschaufel auf seine Nichte los,https://www.krone.at/4096578
c85fbd8bc566e175b9bed55b3a5b998d209057648d35f2160755795148dc7e39,2026-04-02 15:36:49.079390+00:00,de,krone.at,krone.at,2026-04-02,Händler wollte Altreifen nach Afrika verschiffen,https://www.krone.at/4096559
6e7abd71609dc22b0af8c83cee14349f3cf86b0294b228975ad64a2e1f3b2e58,2026-04-02 15:36:25.635900+00:00,de,krone.at,krone.at,2026-04-02,Tschechiens Regierung begrenzt Spritpreise,https://www.krone.at/4096647
2d4a7e1629ff6cdba1ebd0ac42fb6216b09fa8081e9090d56d1d435a5b83a2d5,2026-04-02 15:36:21.394532+00:00,de,krone.at,krone.at,2026-04-02,„Beim Wohnen den schwarzen Bremsklotz lösen“,https://www.krone.at/4096565
0d889f77c79b62a53bc40ca9299dfca4ac127618bcf0c6974712244c5b008626,2026-04-02 15:36:03.272502+00:00,de,orf.at,orf.at,2026-04-02,Mutmaßlicher U-Bahn-Brandstifter gefasst,https://wien.orf.at/stories/3348466/
609fac6343bd4cd647b6f9df2bdce6c5304732d97254582d48848a7d7bcbdb8d,2026-04-02 15:35:57.554059+00:00,de,orf.at,orf.at,2026-04-02,Mehrjährige Haftstrafen für Jugendliche,https://wien.orf.at/stories/3348476/
59aa782f8e82f59971f9aacbb2e11f6fddca67f8bba9bae704dbb3d498e4f12d,2026-04-02 15:35:52.767015+00:00,de,orf.at,orf.at,2026-04-02,224 internationale Firmen kamen nach Wien,https://wien.orf.at/stories/3348395/
3b82664c57505eadfd72e34bbb5e7d01aee836f10ec39551ae0adeb04688f62c,2026-04-02 15:35:47.338969+00:00,de,orf.at,orf.at,2026-04-02,Tourismus mit Stornowelle konfrontiert,https://wien.orf.at/stories/3348027/
33dce7622e0892100fdf21515da00dba2f39277c8e116f3c802ac61d719eee57,2026-04-02 15:35:43.657195+00:00,de,krone.at,krone.at,2026-04-02,Holz-Unternehmer sucht Pächter für sein Sägewerk,https://www.krone.at/4095846
f336792977e341166632240583ee58dd216adb2d974b5294aaadeb80187d1890,2026-04-02 15:35:33.895035+00:00,de,krone.at,krone.at,2026-04-02,Seilbahner wollen auch im Sommer Gäste abschleppen,https://www.krone.at/4096320
ba8c2c9b154f6ac002e2e5bad611231f2b6b633ce7a7c41d4f9dd0f7bae08eaa,2026-04-02 15:35:29.660830+00:00,de,orf.at,orf.at,2026-04-02,Sommernachtskonzert nun doch mit Stadt-Zuschuss,https://wien.orf.at/stories/3348407/
a3ffb4e8e701bf71190340f651ea385c062c595f5c9ebf29bc249dc6c02dfee9,2026-04-02 15:35:28.375472+00:00,de,krone.at,krone.at,2026-04-02,Vorbereitung auf die Heim-WM fordert Präsidentin,https://www.krone.at/4095702
4a23c0b67d5158ee7be2315dbf6ebf66b06ae8e6fc968f13d4bc6182418c6d4b,2026-04-02 15:35:22.654852+00:00,de,orf.at,orf.at,2026-04-02,Kriminalistenlegende Max Edelbacher tot,https://wien.orf.at/stories/3348448/
48856923d7d5cf2e8ae6e57fd3ea7f1c6050db3657ecd7850cabc9ff9fd9ffb7,2026-04-02 15:35:21.922077+00:00,de,krone.at,krone.at,2026-04-02,224 internationale Firmen nach Wien gelockt,https://www.krone.at/4096366
d6106568ab1b825a1007a65c1674aa5883d3f7dc3b75dc9c88cec49332d4260e,2026-04-02 14:24:22.464159+00:00,de,orf.at,orf.at,2026-04-02,KAC verlängert mit Trainer Kirk Furey,https://kaernten.orf.at/stories/3348413/
ac246c8c0296e32ea55c07580346a82a188dfbc13472e1fde995637758447009,2026-04-02 14:24:06.293963+00:00,de,orf.at,orf.at,2026-04-02,KI-generierte Bilder erkennen,https://kaernten.orf.at/stories/3348390/
ae2ee7c4545f11af2a04cae6119175ca4f6a15b0c91073d752d2191431e4f866,2026-04-02 14:24:01.951801+00:00,de,orf.at,orf.at,2026-04-02,NS-Wiederbetätigung: 20 Monate Haft,https://kaernten.orf.at/stories/3348449/
bc56330da4192fd9bc8b4420b4034122056ce7e81aac57b52d921f91ae11a07d,2026-04-02 14:23:56.063323+00:00,de,orf.at,orf.at,2026-04-02,Zehntausende Euro durch Phishing verloren,https://kaernten.orf.at/stories/3348383/
bc03a722b1ffd782d754454034d6844c57677ea80285cac6a9d47fca32a49e01,2026-04-02 14:23:34.346844+00:00,de,orf.at,orf.at,2026-04-02,Bürgermeister wollen Karenzanspruch,https://kaernten.orf.at/stories/3348314/
ef95663a737bc722f961fcb60a1b382b93a4aef431d79716b9cfea3657ed432e,2026-04-02 14:23:26.660752+00:00,de,orf.at,orf.at,2026-04-02,KELAG machte 2025 weniger Gewinn,https://kaernten.orf.at/stories/3348443/
811a2a89548bdf679ed1512fcac6063b24a3d76d16351ce7568713cebf110f28,2026-04-02 14:23:20.941534+00:00,de,orf.at,orf.at,2026-04-02,Hagelversicherung warnt vor Flächenverbrauch,https://kaernten.orf.at/stories/3348447/
0348a3be0e610544fcc016bc45d91361be2e63c5480e9b9c108654f75aee8ccd,2026-04-02 14:23:10.150489+00:00,de,orf.at,orf.at,2026-04-02,Zwei Raser sind Führerscheine los,https://kaernten.orf.at/stories/3348394/
44337e7033a3c2a68d19237f8847cf019c40b57506d537c1c7d9d586978b8e40,2026-04-02 14:22:57.133772+00:00,de,orf.at,orf.at,2026-04-02,Viele Beschwerden über Inkassobüros,https://kaernten.orf.at/stories/3348459/
c8534bc186c302e8acf9a7e7d28ab11c80ca2907c0de43d6ae337032d63dde72,2026-04-02 13:48:35.004921+00:00,de,orf.at,orf.at,2026-04-02,Ermittlungen zu Missbrauch junger Pflegheimbewohnerin,https://ooe.orf.at/stories/3348436/
8acc7fceac3cb2fbaeb7d8eeab97690cd201741ab12542c959d2c4f092f2f14a,2026-04-02 13:48:30.694819+00:00,de,orf.at,orf.at,2026-04-02,Ölreserven in OÖ bleiben vorerst ungenutzt,https://ooe.orf.at/stories/3348320/
e8814da44b991f9f89d71b1f26a7552805b11b751c8d540816ab1e9772cdf362,2026-04-02 13:47:19.605874+00:00,de,orf.at,orf.at,2026-04-02,Container brannte zweimal in einer Nacht,https://ooe.orf.at/stories/3348381/
731bb2d580bc12355cce2a220b5579f50018fa085979782ceb0629c8c84b885a,2026-04-02 13:47:02.927151+00:00,de,orf.at,orf.at,2026-04-02,Zum zehnten Mal ohne Führerschein erwischt,https://ooe.orf.at/stories/3348464/
a2932aca680b0acbca17f252659615b4e6d09795ee8f5e2a2f2872b61cd43718,2026-04-02 13:46:57.840791+00:00,de,orf.at,orf.at,2026-04-02,Pkw ignorierte Mopedgruppe: Zwei Verletzte,https://ooe.orf.at/stories/3348401/
dfda83bda01100a9637daa2e418005c05ab481547ea5c23ff5378a6a33229871,2026-04-02 13:46:36.131671+00:00,de,orf.at,orf.at,2026-04-02,Planungen für neuen Bosruck-Bahntunnel beginnen,https://ooe.orf.at/stories/3347975/
c3d0d4fc587ab7ed96a8247f19248461ef27a8e4ffbdbc9748866488038ba2f2,2026-04-02 13:32:10.847048+00:00,de,orf.at,orf.at,2026-04-02,Spritpreisbremse bleibt umstritten,https://orf.at/stories/3425714/
707c8c2a4714e932bb365ca626a57a1aecd2305c9fc418333c420aac7b683fca,2026-04-02 13:32:05.950591+00:00,de,orf.at,orf.at,2026-04-02,Russland will zweiten Öltanker nach Kuba schicken,https://orf.at/stories/3425743/
286727d58e9c390851cbc7247cc3d275cd1257fd9338987d8c7f261eebbf3428,2026-04-02 13:31:46.490253+00:00,de,orf.at,orf.at,2026-04-02,Trump spottet über Macrons Ehe: Verärgerung in Frankreich,https://orf.at/stories/3425737/
caaa59cfb0fc9b9456fb6d7f3a6803d07f871e0844276dbd216f7b6d096b97a0,2026-04-02 13:31:41.689991+00:00,de,orf.at,orf.at,2026-04-02,Amazon will Satellitenfirma Globalstar kaufen,https://orf.at/stories/3425724/
1ec46b4fd012d56192cbded638be8ae694509d23b0af25bcb8419ad8b2afedf2,2026-04-02 13:31:27.147131+00:00,de,orf.at,orf.at,2026-04-02,Moldawien verlässt Staatenbündnis GUS,https://orf.at/stories/3425730/
848a2593ca5d2a4f1c8e4d68eab501c6e88743ae96425b276784f8c7a68cebbc,2026-04-02 13:31:22.335771+00:00,de,orf.at,orf.at,2026-04-02,VfGH kippt Zopfverbot für Soldaten,https://orf.at/stories/3425727/
0dd0637565de82053e2ed7321ead11dad10ddeb5d70a96b6d2c49179618784df,2026-04-02 13:31:17.284502+00:00,de,orf.at,orf.at,2026-04-02,Teheran kündigt weiteren Widerstand an,https://orf.at/stories/3425711/
2687bfa43e24cc6ab7fde603d5238ef49871c9f166aa8a6fbcac2dbcc69ba1fa,2026-04-02 13:31:12.288311+00:00,de,orf.at,orf.at,2026-04-02,Kryptobetrug mit ältester Schildkröte der Welt,https://orf.at/stories/3425718/
9a8f56de3dee07ca516d39a3f3563d941bf1dee7a66004fe5a1ba91186f165ba,2026-04-02 13:31:06.796130+00:00,de,orf.at,orf.at,2026-04-02,Israel tötete mehr als 40 Hisbollah-Mitglieder,https://orf.at/stories/3425736/
1219a9539ce109decc06c3e071755a04c95782c3400310a18178f25ffa5c8722,2026-04-02 13:31:01.931670+00:00,de,orf.at,orf.at,2026-04-02,Brücke in Süditalien nach Unwettern eingestürzt,https://orf.at/stories/3425735/
171662c9cebb35dd99dd9be1582b2eda6ca7625edc8b354805268483b22288ac,2026-04-02 13:30:51.989975+00:00,de,orf.at,orf.at,2026-04-02,Auch Soldaten dürfen lange Haare haben,https://orf.at/stories/3425726/
cb4349136809fb19213ead3d98f5d63d75bf5eed480da3a7532c70802223adf2,2026-04-02 13:30:46.240236+00:00,de,orf.at,orf.at,2026-04-02,Österreich verweigerte USA Luftraum für Militärflüge,https://orf.at/stories/3425732/
452be33f175e4d5b02c0aef62bd29d2052c2c06aa0162c88362120942f3494fd,2026-04-02 13:30:30.735992+00:00,de,orf.at,orf.at,2026-04-02,Verein Gedenkdienst gegen geforderte Verlängerung,https://orf.at/stories/3425729/
fa2b534b3497e9746ab46ecb1d2eb365edab35e31361cd0b1d2b1ac5b8cff659,2026-04-02 13:30:25.523455+00:00,de,orf.at,orf.at,2026-04-02,Prozess gegen Stronach: Mehrere Anklagepunkte entfallen,https://orf.at/stories/3425722/
39cae7baee8fdb9d5cf9e9992716689708dc4eb490e5844f1be4ea3ffda66565,2026-04-02 13:29:35.200415+00:00,de,krone.at,krone.at,2026-04-02,Influencerin täuschte für Klicks Entführung vor,https://www.krone.at/4096216
cd0cce80e5a973ab91d85337448e4cc248e182b3702e9c53b0ed0530200c95dd,2026-04-02 13:29:14.627487+00:00,de,krone.at,krone.at,2026-04-02,Aus für Studentenheim: Bürgermeister wortkarg,https://www.krone.at/4095697
8fa0b4533840902edcb2a6051f59a7218eb507ccf2c02d611b70a09bf27e54ce,2026-04-02 13:29:04.415793+00:00,de,orf.at,orf.at,2026-04-02,Demenzbegleitung neu organisiert,https://burgenland.orf.at/stories/3348363/
883b3226f9d627e270c0bb50d14e61759a8eb9ef9bf911729112ad9af31c1399,2026-04-02 13:29:01.428460+00:00,de,krone.at,krone.at,2026-04-02,Wie viele Jobs wird der Iran-Krieg bei uns kosten?,https://www.krone.at/4095593
f7b9d2e2b9f1f51deebd91811feb502d23503ca86208c316c204ea39dec8dc2d,2026-04-02 13:28:59.485844+00:00,de,orf.at,orf.at,2026-04-02,Zunehmend regional: Wirtschaftsfaktor Ostern,https://burgenland.orf.at/stories/3348374/
845b66981363c5a8f517526e7141f1a36bccaa191fc0cc22c4601378bd9a45c0,2026-04-02 13:28:56.346721+00:00,de,krone.at,krone.at,2026-04-02,Brasilien erlaubt gemeinsames Sorgerecht für Tiere,https://www.krone.at/4096396
7da6cda49a591695f8cdb59ae49e7b03960540e503ab09500714c8967765d3f3,2026-04-02 13:28:54.570837+00:00,de,orf.at,orf.at,2026-04-02,ÖVP Burgenland bekommt neuen Landesgeschäftsführer,https://burgenland.orf.at/stories/3348415/
be721e874d1a10aae2d257a0a9a72070aa02057b4fa35e6a0f491497abc8e5c7,2026-04-02 13:28:49.438487+00:00,de,orf.at,orf.at,2026-04-02,Ein Land – viele Wasserversorger,https://burgenland.orf.at/stories/3347530/
663382d5704bef527793de6230af9378e8fdff0255c2036744ba4530a85131c6,2026-04-02 13:28:35.335831+00:00,de,krone.at,krone.at,2026-04-02,Wiener (19) verschickte seine Katze mit der Post,https://www.krone.at/4096348
c918db791082c61c2cdb7f1a949a2da20b81fa1a2188f36b7295bf6f6bd88f4b,2026-04-02 13:28:29.967934+00:00,de,orf.at,orf.at,2026-04-02,Jugendliche bei E-Scooter-Unfall verletzt,https://burgenland.orf.at/stories/3348391/
ad47fa20b91d9bb1901e4e56ff21772a8ae919092101499aae78642d6371a6d7,2026-04-02 13:28:24.931204+00:00,de,orf.at,orf.at,2026-04-02,Bleibt FC Südburgenland fix in Bundesliga?,https://burgenland.orf.at/stories/3348475/
768a1c4a77edd236d5415eef26299ada965cb12490742fba696b385135718230,2026-04-02 13:28:24.048718+00:00,de,krone.at,krone.at,2026-04-02,Beißtraining wegen Formalfehler wieder erlaubt,https://www.krone.at/4096351
381528d4ce97cbd2a2f1b8a7abae5f54bed2a24bc30968bc9ce6b0434b2fe327,2026-04-02 13:28:20.043641+00:00,de,orf.at,orf.at,2026-04-01,Neues Pflegemodell gestartet,https://burgenland.orf.at/stories/3348277/
7590192dcfa0fe6bbf1cd0c580c6750d4b85e4eaed1bdadb4246edca2c0dd3ae,2026-04-02 13:28:18.188168+00:00,de,krone.at,krone.at,2026-04-02,In den Osterferien Zirkusluft schnuppern,https://www.krone.at/4083591
0574374f179997bbd64c7de3d2d630ee57cf85fe87cbe90a0e0928bf3264568c,2026-04-02 13:28:11.733676+00:00,de,krone.at,krone.at,2026-04-02,Grünes Licht für Fusionierung zweier Molkereien,https://www.krone.at/4096451
e7fc24d20993ca5e6cd3f2808c2a0bb2a620ea973d944e90ebd226d9df88348d,2026-04-02 13:28:05.622933+00:00,de,krone.at,krone.at,2026-04-02,Schwimm-Talent wechselt Uni: „Mir fehlen Gegner“,https://www.krone.at/4096496
cd4babc3cc31de186ec8ce7fcf20e50624c826bb9821559176a955e603d4b61d,2026-04-02 13:27:38.706086+00:00,de,krone.at,krone.at,2026-04-02,Soldaten dürfen nun auch Pferdeschwanz tragen,https://www.krone.at/4096362
e90d661cfedd7c2312a1c41282f4d2e908c58b50646d206c07d1f514d1ec2104,2026-04-02 13:27:23.895013+00:00,de,krone.at,krone.at,2026-04-02,Getzner Werkstoffe eröffnete Werk in Indien,https://www.krone.at/4096349
b62085b1aa8f6191941294a4a4dc86a9dab9b447191806ecd870d6f057f0cc7e,2026-04-02 13:27:19.640659+00:00,de,orf.at,orf.at,2026-04-02,Zwei Millionen Euro für Burgenlands Kultur,https://burgenland.orf.at/stories/3348487/
13e5cd7561a1a3ac986ce2e1d9e3898944150c7ff56010d235e2b16eab5c5783,2026-04-02 13:27:18.148429+00:00,de,krone.at,krone.at,2026-04-02,Erlebnisgarten mit einem Blick für Nachhaltigkeit,https://www.krone.at/4068132
35d76d1634946a5527d51919181f9f1cebe1a664e6e8f37337af293736d091b6,2026-04-02 13:27:05.958494+00:00,de,krone.at,krone.at,2026-04-02,Seit 12 Uhr: So wirkt sich Spritpreisbremse aus,https://www.krone.at/4096324
b4945fad9a1f6df01db237cb35287f015b54d5b3f9e9fae80ce6a590fbd57103,2026-04-02 13:27:01.009168+00:00,de,krone.at,krone.at,2026-04-02,Anzahlung für Villa in Kroatien floss an Betrüger,https://www.krone.at/4096468
d9bbc2e9c021b2201f88e73de2a41d4bca3e8e51d16fc0b8b894897c4744e242,2026-04-02 13:26:57.575049+00:00,de,orf.at,orf.at,2026-04-02,Polizisten retteten verletzte Waldohreule,https://burgenland.orf.at/stories/3348400/
cb8ac0f874147f2e93d797f75c6345ded780ee42b5a97b774c84d5994a9e8dc9,2026-04-02 13:26:50.815486+00:00,de,krone.at,krone.at,2026-04-02,Polizei nimmt „Guru“ wegen Kindesmisshandlung fest,https://www.krone.at/4096391
4d1dbee016beadfe58353eaeda8563c281436742212a262b10e07f837bf6ca90,2026-04-02 13:24:29.117684+00:00,de,kontrast.at,kontrast.at,2026-04-02,74 Prozent dafür: Wähler:innen aller (!) Parteien wollen mehrheitlich Millionärssteuer,https://kontrast.at/millionaerssteuer-umfrage/
7b35e432f50c5944da3f351efda2ebc824a22150c503ae746a133b3df75741eb,2026-04-02 12:35:10.977221+00:00,de,orf.at,orf.at,2026-04-02,Wirtschaftsgebäude bei Stainz abgebrannt,https://steiermark.orf.at/stories/3348372/
b4f0c0af0be3a8b78f69415ef7c372495da280968a7b1ff246432ac72bdfe053,2026-04-02 12:34:55.810528+00:00,de,orf.at,orf.at,2026-04-02,Höhepunkt des Osterreiseverkehrs erwartet,https://steiermark.orf.at/stories/3348334/
1cd6d79f0bc7437b5293a998da864ebf8c235adda3d1f4500d9221ca0d1725ed,2026-04-02 12:34:21.658903+00:00,de,orf.at,orf.at,2026-04-02,87.500 in der Steiermark leben mit Autismus,https://steiermark.orf.at/stories/3348398/
e58a5b351825d29b956ac9aeb15040ac879944b7d4784443e7caf50cd679f6da,2026-04-02 12:33:17.564748+00:00,de,orf.at,orf.at,2026-04-02,Mondmission mit steirischer Technologie,https://steiermark.orf.at/stories/3348425/
e976c56c8266f6823f4b1b7f045f5ab963a73c9ae66b1cb57898941a1f58298b,2026-04-02 11:19:06.383913+00:00,de,krone.at,krone.at,2026-04-02,Die Osterfestspiele zwischen Frack und Dancefloor,https://www.krone.at/4095677
15fb577f9fb1e4ab92c3a8910a8022a3e40afb490202a024bfe0e7a18b0c016a,2026-04-02 11:19:01.737116+00:00,de,krone.at,krone.at,2026-04-02,Erinnerung an Butscha: „Wir haben Witze gerissen“,https://www.krone.at/4095402
c4a574e93504568f91586a780f64a0ca436ca217f3b64c9881eaee7ac38f173b,2026-04-02 11:18:55.918166+00:00,de,krone.at,krone.at,2026-04-02,Wechsel vom Kassen- zum Wahlarzt nach 42 Jahren,https://www.krone.at/4095467
b132afb83b8cbd9d0404d0f5057b6c992470a5fd5d314cb8a002bd141f3eeb7a,2026-04-02 11:18:51.314303+00:00,de,krone.at,krone.at,2026-04-02,Drogenlenker fuhr auf der S33 Schlangenlinien,https://www.krone.at/4096240
fb5485b92caaee078e3cb000a7e3579ac94ddbb4754c7c6bce4dfc3e3935f8f7,2026-04-02 11:18:46.413650+00:00,de,krone.at,krone.at,2026-04-02,In diesem Luxus-Chalet kostet eine Nacht 3000 Euro,https://www.krone.at/4095491
a2c2fda74c53e70d1e408647e2608c6a52405afd87e87c6e8dcc0ed6a3b00c07,2026-04-02 11:18:42.231002+00:00,de,krone.at,krone.at,2026-04-02,"„Meinen Hendln geht es gut, es fehlt ihnen nichts“",https://www.krone.at/4095528
ce619b92a676c1e4707224b527b49bf8ce3ccd2718c018f83f474e4f4e97a4be,2026-04-02 11:18:36.557556+00:00,de,krone.at,krone.at,2026-04-02,US-Studentin (21) starb nach Überdosis Koffein,https://www.krone.at/4096138
0c55ed8b46137d4d3a5b54bb48af7c57e086b8135410c68ca63dd2cc76a462e8,2026-04-02 11:18:31.926956+00:00,de,krone.at,krone.at,2026-04-02,Ein Krieg ohne Gewinner – die Rechnung zahlen alle,https://www.krone.at/4096199
79d612ef4eb69168bab5a2c718fc733e4574abb2debb2242179a06ec05ee75e5,2026-04-02 11:18:26.479700+00:00,de,krone.at,krone.at,2026-04-02,Unbelehrbarer Lenker ständig ohne Schein unterwegs,https://www.krone.at/4096275
0163abd1f65d0dded73155a2fed137ebecdad6d51ddf45696a007d24fd6f891c,2026-04-02 11:18:21.729274+00:00,de,krone.at,krone.at,2026-04-02,Hühner suchen aktiv menschliche Zuwendung,https://www.krone.at/4096146
86c8421a4e581cfb203834d50ec55392ddc3824a36269e86a4963443f0cf50ed,2026-04-02 11:18:16.364850+00:00,de,krone.at,krone.at,2026-04-02,Radverbot in Schmiedgasse in Kraft: „Dumme Idee“,https://www.krone.at/4096218
e1c4038596b979e72721ada4106eb86c06caaca55d002d3bfd3ffcaac3d1c99e,2026-04-02 11:18:06.221975+00:00,de,krone.at,krone.at,2026-04-02,Falsche Zug-Info ließ Radiosendung beinahe platzen,https://www.krone.at/4095545
85b15c98a057708b41367d8e2ba4d6e5a9369f72282e72f0dfc8ceb25b91bfe1,2026-04-02 11:17:56.614839+00:00,de,krone.at,krone.at,2026-04-02,Schweres Erdbeben vor der Küste Indonesiens,https://www.krone.at/4096172
dfc0e7e50f27a0d99c52f29db5218accadd4c50ef4cf998d60d4d2dc978a3499,2026-04-02 11:17:51.847229+00:00,de,krone.at,krone.at,2026-04-02,Raser rammt auf Flucht gleich mehrere geparkte Pkw,https://www.krone.at/4096316
dfda11d31179631a46c9b45238dedb966297d2511ff917560b1292d7239d529c,2026-04-02 11:17:46.870920+00:00,de,krone.at,krone.at,2026-04-02,Hilfswerk für neue Pflege im Burgenland gerüstet,https://www.krone.at/4095796
1b68b6d9879b679098462ca51514d1746c9ccd5465142838e72f20272fa28fe7,2026-04-02 11:17:42.066638+00:00,de,krone.at,krone.at,2026-04-02,Sturm sorgt für apokalyptische Bilder auf Kreta,https://www.krone.at/4096341
7f590c419b8cf7761373c7fa53a0682f97793536a51607b0a6f3de65a50822fb,2026-04-02 11:17:36.709606+00:00,de,krone.at,krone.at,2026-04-02,Keine „g‘mahde Wiesn“: Gebi Mair erhält Konkurrenz,https://www.krone.at/4096214
1fbb829201fa2345471ffb844c101ac46476532ab6556500e4f740f374a4842c,2026-04-02 11:17:32.789132+00:00,de,krone.at,krone.at,2026-04-02,Technologie aus Österreich macht Mondflug möglich,https://www.krone.at/4096252
462835934939e70b56db5762c6e9ebb183c53283bac6ec9873c4f7e16d4fd522,2026-04-02 11:17:27.539502+00:00,de,krone.at,krone.at,2026-04-02,Wer in Österreich für sichere Klettertage sorgt,https://www.krone.at/4094557
5c18578c4f1477147f52fe1c0a502bef4d7496a412834c3245d129b30f01fa73,2026-04-02 11:17:20.811166+00:00,de,krone.at,krone.at,2026-04-02,Nenzinger Gerüstbauer schlittert in die Pleite,https://www.krone.at/4096232
f755d31747f4fa683b680c94c525bf0d67517c77cfb466c8ec728150f29f3c39,2026-04-02 11:17:16.983414+00:00,de,krone.at,krone.at,2026-04-02,Fotograf und Webdesigner pleite: Konkursverfahren!,https://www.krone.at/4096311
791c6dd94e9d48d9117e3cd5a891147e73fce0719a786b50692b68ab3ae2f1f8,2026-04-02 11:17:11.547216+00:00,de,krone.at,krone.at,2026-04-02,„Die Fahrradbranche macht vieles falsch!“,https://www.krone.at/4093322
50b6395ae74c36e148a95b83c9b0d8c5fe503baebc7d97877506e02e06a46b09,2026-04-02 11:17:07.319044+00:00,de,krone.at,krone.at,2026-04-02,Halbstarke rauben Teenie Kleidung und zwei Euro,https://www.krone.at/4096318
d4b6d603f297dd4f3a6c982cbfa5977a4a57f365604f4892ef83cd174b4f9b2e,2026-04-02 09:22:33.362586+00:00,de,orf.at,orf.at,2026-04-02,Zahl der Ausgleichsgemeinden gesunken,https://salzburg.orf.at/stories/3348389/
54406efa9944c1142f79266d0ceb4f302b6317bc84ade008a4a3c617a5f423d2,2026-04-02 09:22:01.753847+00:00,de,orf.at,orf.at,2026-04-02,Bahnhofsvorplatz: Anrainer fordern Verbesserungen,https://salzburg.orf.at/stories/3348371/
70fc3b13221250667b2557358e3b3e9fc7e5f17b3ea976a32adba0a6d01888a4,2026-04-02 09:21:21.404061+00:00,de,orf.at,orf.at,2026-04-02,Energieverbrauch in Gebäuden sinkt deutlich,https://salzburg.orf.at/stories/3348367/
5767204f2c7cf5198ae325346589c5bc8948d839f4189a4804be1c5a775219fd,2026-04-02 09:19:00.057766+00:00,de,orf.at,orf.at,2026-04-02,Kein Zeitplan für Ende des Iran-Krieges,https://orf.at/stories/3425659/
c5bc6ce7d9df0b47af6340cb08d9d24d301857d71dcd48ec455432701260993d,2026-04-02 09:18:45.660562+00:00,de,orf.at,orf.at,2026-04-02,Israels Armee meldet drei Angriffswellen aus Iran,https://orf.at/stories/3425693/
8d1e1beab59d4801593be4d0c65a6480effc3223b7b1bea88777531565a9d1ef,2026-04-02 09:18:31.478630+00:00,de,orf.at,orf.at,2026-04-02,Crew auf dem Weg zum Mond,https://orf.at/stories/3425691/
b8d3c9d7e9f85f17b3d03f3f633a66ae9ee56ba9d3038bd7b9442e90285bfdd6,2026-04-02 09:17:51.591354+00:00,de,orf.at,orf.at,2026-04-02,Spritpreisbremse in Kraft,https://orf.at/stories/3425705/
b3c8d1e35aaa8a30aeab120405d005d39c4105892e77596728bb6693f358c32b,2026-04-02 09:17:46.597241+00:00,de,orf.at,orf.at,2026-04-02,Russland meldet Brand nach Drohnenangriff auf Ölraffinerie,https://orf.at/stories/3425703/
55aa1e7f95a25ca4065dcc541ecc6b197788203d5c0dc1800d26e189ca6b621c,2026-04-02 09:17:41.605204+00:00,de,orf.at,orf.at,2026-04-02,Streuobstwiesen: Biodiversität stark bedroht,https://orf.at/stories/3425694/
9f637bf93fea4c03359f2231cfbcf2b0561562fa56d660295dd4cead2fd382f5,2026-04-02 09:17:36.563765+00:00,de,orf.at,orf.at,2026-04-02,Toter in Griechenland durch heftigen Sturm,https://orf.at/stories/3425704/
2b3d022acf2fcd3ad5d33cd9337db06e4a5c04d222d19c4ea8547e3f16ab4332,2026-04-02 09:17:17.987084+00:00,de,orf.at,orf.at,2026-04-02,Baby durch Querschläger in New York getötet,https://orf.at/stories/3425692/
fbf824fdeb92b59d85a690bdfe478a2f3425a4a0247e5937cfb87e2baf581c5b,2026-04-02 09:17:13.755260+00:00,de,orf.at,orf.at,2026-04-02,Demokraten klagen gegen Trumps Dekret zu US-Briefwahl,https://orf.at/stories/3425690/
0d8ef7b85f1a06efcdbea78c72c2b261a6196b6f15349d4752c3d4bec85b68eb,2026-04-02 07:34:37.523856+00:00,de,krone.at,krone.at,2026-04-02,Schein-Neuling brettert mit 108 km/h durch Stadt,https://www.krone.at/4096123
6cf6f620bfd344258b76ecf9c1f06204a3ca1f8bf3a00ed335d6cdbc8e9ee9ad,2026-04-02 07:34:32.543054+00:00,de,krone.at,krone.at,2026-04-02,Elon Musks SpaceX meldet Rekord-Börsengang an,https://www.krone.at/4096111
287d92c2de999a33197dc04fe6a9ca4f48fcb14d12af9ae0d6e563dff9dba72b,2026-04-02 07:34:27.449900+00:00,de,krone.at,krone.at,2026-04-02,Stadtchef zu Leerständen: „Schandfleck für uns“,https://www.krone.at/4095321
039ce583b168f8034c50a25f41c4882a758858ae069eef2f042a9fb8463aac13,2026-04-02 07:34:22.516337+00:00,de,krone.at,krone.at,2026-04-02,Warum heute bei vielen Spinat auf den Teller kommt,https://www.krone.at/4093775
766e7ba77ad00ac205641533db7fc0079de82fac7d89332b48452b84fc014eab,2026-04-02 07:34:14.086913+00:00,de,krone.at,krone.at,2026-04-02,"Zipline, Achterbahn, Kursschiff und „Air-Huts“",https://www.krone.at/4095495
3f3601114fb1a59c9cbc95105c050cd71d01be70ea83b348a1959ea83dc27341,2026-04-02 07:34:08.263131+00:00,de,krone.at,krone.at,2026-04-02,Vier Mädchen kamen mit ihren Mopeds zu Sturz,https://www.krone.at/4096100
a500655ade404a224c4045a1622f6e3e953a9b9d51281a466c1e35cf22361f6f,2026-04-02 07:34:02.914816+00:00,de,krone.at,krone.at,2026-04-02,Wie das grüne Blatt nach Niederösterreich kam,https://www.krone.at/4095949
d99d1d0cde5c077f0a1c838b3bb3c684b90f779a4298a10876f2080ba786b10c,2026-04-02 07:33:57.877076+00:00,de,krone.at,krone.at,2026-04-02,Baby durch Querschläger in New York getötet,https://www.krone.at/4096120
da3912ffa5671fb9fd70c43f155410eab9b5d7356fc173858ab2c3d5290f4e02,2026-04-02 07:33:53.175293+00:00,de,krone.at,krone.at,2026-04-02,Eiserner Kampf um Job von entlassener Lehrerin,https://www.krone.at/4095927
5cbedd1de9ab36f024e00483e765ff0695e82d41bcdbff93dc6904407b6944cf,2026-04-02 07:33:47.747868+00:00,de,krone.at,krone.at,2026-04-02,Olympia-Hoffnung muss bis Sommer pausieren,https://www.krone.at/4096115
eb5f62d816a598f546c435ace032db7fd0e4d652375e82ae3707d875ef43bd81,2026-04-02 07:33:39.021124+00:00,de,krone.at,krone.at,2026-04-02,Mit 113 km/h an Polizei vorbeigerast: Verfolgung!,https://www.krone.at/4096099
33ce1667dbef7ca4091c45f0b106926d982dfd9e7e3a7aac3e0982ba1ecae157,2026-04-02 07:33:33.670755+00:00,de,krone.at,krone.at,2026-04-02,Kreml half Kneissl bei Umzug nach Russland,https://www.krone.at/4096093
cf964137d89415a105c3bbf784e439e3ba53a5642321d8ed854af43d17732ab8,2026-04-02 07:33:28.085465+00:00,de,krone.at,krone.at,2026-04-02,„Artemis II“-Crew muss Fehler bei Toilette beheben,https://www.krone.at/4096104
c060898dd6d8711d742112ba9fe8d991519841e390548d29ed5d653268e4e08b,2026-04-02 07:32:59.957873+00:00,de,krone.at,krone.at,2026-04-02,Trump: „Krieg ist eine Investition in die Zukunft“,https://www.krone.at/4096079
8420f002cbbd354daa43b863b70cac54c7bdb89961b0c1e7184e17a9e3c36c1c,2026-04-02 06:22:36.739709+00:00,de,orf.at,orf.at,2026-04-02,10.000 Personen nutzen Rotkreuz-Rufhilfe,https://steiermark.orf.at/stories/3348269/
50907d489baef2b47721f2afaf3ac2e2a245228762e46d16e0e8a6762b2e074e,2026-04-02 06:21:27.383584+00:00,de,orf.at,orf.at,2026-04-02,Schwerpunktaktion mit 238 Anzeigen,https://steiermark.orf.at/stories/3348376/
328affc33882a12df084070d596dae97dd9b2fff9aaac0ce2305cc512aee05c1,2026-04-02 04:33:43.330656+00:00,de,orf.at,orf.at,2026-04-02,Trump: US-Ziele im Iran-Krieg stehen „kurz vor der Vollendung“,https://orf.at/stories/3425689/
2e3a2533b827827bcd483862b81e10aa98742e8dbdc9a394b6e069fbd215962b,2026-04-02 04:24:50.823456+00:00,de,orf.at,orf.at,2026-04-02,Gemüse aus Wien wird ab sofort teurer,https://wien.orf.at/stories/3348043/
a48c7df2f4f0b8111585896424c7be32cae6d18bbfe8f1da35c4c2b2c93fb8db,2026-04-02 04:24:25.206048+00:00,de,krone.at,krone.at,2026-04-02,ÖVP-Manager Stefan Rath wechselt in den Bund,https://www.krone.at/4095816
76b78dcbb34bdde4fcc3592295eb41a720391a398931b0791f6df39245fcbbd8,2026-04-02 04:24:12.503309+00:00,de,krone.at,krone.at,2026-04-02,Diese Mieten steigen jetzt: Aber ist es korrekt?,https://www.krone.at/4095680
f070eb9030427efb5eeb4daa8993a4086cdb12df13b2235643f00292f04e348d,2026-04-02 04:23:45.571642+00:00,de,krone.at,krone.at,2026-04-02,Beeinträchtigte Frau von Mitbewohner missbraucht?,https://www.krone.at/4095897
c77f6edfc87ce898713b1638de53f3520816b1508de4312c6732ffe88a02e0e7,2026-04-02 04:23:33.728137+00:00,de,krone.at,krone.at,2026-04-02,Spritpreisbremse in Kraft: Debatte geht weiter,https://www.krone.at/4095913
5fcc7f235a3bbccc24463d9b0c2aa4c0347498664555c5e2cb2f753881f4f3c3,2026-04-02 04:22:42.391537+00:00,de,krone.at,krone.at,2026-04-02,Erstes Zuckerl von Fellner für die Freiheitlichen,https://www.krone.at/4095577
823f75a2325e142030a5d08df47fb46484470d9ab0cda317bec275e253333b53,2026-04-02 04:22:10.197773+00:00,de,krone.at,krone.at,2026-04-02,„Ruf doch du an!“ – ÖBB spielen Beamtenmikado,https://www.krone.at/4095675
571a59f29e223c5abb7f6b68875ecfa6f81c1b058c5679280c77c9dd35bcd883,2026-04-02 04:21:54.043159+00:00,de,krone.at,krone.at,2026-04-02,The BossHoss: „Unser Sound ist unverkennbar“,https://www.krone.at/4094614
77c23b0ba50fda31bf03cdee02179c20c9d64dc9cc7cbf5116de133ee16d72a0,2026-04-02 04:21:36.789742+00:00,de,krone.at,krone.at,2026-04-02,Salzburger werden Iran-Krieg bald an Kassen spüren,https://www.krone.at/4095746
ffb7d6ae9dddd322176bb260347da181d7a67ac4aa6d4e960632717d96dec12a,2026-04-02 03:30:19.787862+00:00,de,orf.at,orf.at,2026-04-01,Große Unterstützung für Victoria und Joseph,https://tirol.orf.at/stories/3348316/
68cecbe5ad6a850004a4c827ed9d4ed820052246e98bb2b7c120390b51d84f11,2026-04-02 03:28:54.746520+00:00,de,orf.at,orf.at,2026-04-01,Wie man weniger für den Strom zahlt,https://tirol.orf.at/stories/3348356/
9d47f9bf0b7bab47127d5432b8b0670caa6cac3ed8077591bbe196d8dfb24162,2026-04-02 02:36:42.994627+00:00,de,orf.at,orf.at,2026-04-01,Internationale Lehrlinge für AMS-Chefin „alternativlos“,https://ooe.orf.at/stories/3347808/
16fe28bd63d17c391073d8d87018b36f4b66dec6e8fb55e0fb2e85bf0cd801c4,2026-04-02 02:35:19.890404+00:00,de,orf.at,orf.at,2026-04-01,Toter Wolf im Mühlviertel: Zeugenaufruf,https://ooe.orf.at/stories/3348368/
fe12d249724d58ed10e5a998b505ef0eb7385bb59705cf4f5bda67116260cdea,2026-04-02 02:34:21.359140+00:00,de,orf.at,orf.at,2026-04-01,Experte warnt: Treibstoffknappheit bald möglich,https://ooe.orf.at/stories/3348364/
b0e24a6980a3c931850f03c4706357b2999a44fcebff6bcbe5e94f0b3ddfb248,2026-04-02 02:28:55.603549+00:00,de,orf.at,orf.at,2026-04-01,Neuer EVN-Tarif sorgt für Kritik von SPÖ,https://noe.orf.at/stories/3348325/
d05b8d021f9c671559f7cd984691718773ace3c57c49049e0ead957ac520239f,2026-04-02 02:28:12.446966+00:00,de,orf.at,orf.at,2026-04-01,Tote Schafe in Furth: Wolfsriss bestätigt,https://noe.orf.at/stories/3348302/
fa0598bae552763b9c63e724f127b2b5bb1f88f0ddfd436ced8861455f256030,2026-04-02 02:28:07.324854+00:00,de,orf.at,orf.at,2026-04-01,Spritpreisbremse sorgt für Verunsicherung,https://noe.orf.at/stories/3348343/
d348b7c75a12f44234db316573c181c0363e67c332477ee14a0da97d88db56e6,2026-04-02 02:27:44.121806+00:00,de,orf.at,orf.at,2026-04-01,ÖFB-Star Arnautovic präsentiert Biermarke,https://noe.orf.at/stories/3348373/
fd3112ab4719b7018ba5955bc3f1b14baec50f69f888e6f8e2cdce1102ea30bd,2026-04-02 02:27:39.627404+00:00,de,orf.at,orf.at,2026-04-01,NÖ verzeichnet größtes Plus bei Arbeitslosen,https://noe.orf.at/stories/3348294/
ca7fa396530be94cf5783b8b1021d24be0e4bb609eb12aa9fe144c8f242b58ff,2026-04-02 02:27:11.618695+00:00,de,orf.at,orf.at,2026-04-01,Tierische Handpuppen erklären Kindern ihre Rechte,https://noe.orf.at/stories/3348240/
d45019a60f804476553bdb566903004f6217a9e2de531274f614e458f3e63e0b,2026-04-02 02:20:32.663802+00:00,de,krone.at,krone.at,2026-04-01,Übernimmt Glasner im Sommer bei Bayer Leverkusen?,https://www.krone.at/4096050
fc0c173c2bf7953252f5928831f1c2cabf8e5960e27d3be08edefcb385d6fbeb,2026-04-02 02:20:22.788084+00:00,de,krone.at,krone.at,2026-04-01,Österreicher genießt bei Kultregatta jeden Moment,https://www.krone.at/4096069
ff2e32ecc84d2cb783e8186896ba7c40cde62f746606b39f7609ed0ec704ad90,2026-04-02 02:20:18.369245+00:00,de,krone.at,krone.at,2026-04-01,Früherer Fußball-Serienmeister ist insolvent!,https://www.krone.at/4096054
a25929fcabe702db9b250fbdaf29408081eb99a7f0e97689ed0bd6082c0a45ac,2026-04-02 00:41:44.837188+00:00,de,orf.at,orf.at,2026-04-01,USA heben Sanktionen gegen Rodriguez auf,https://orf.at/stories/3425684/
4df27ce43a65595a448d6706b655cbadb0e7bfd03aada62add5ba8ec774d48b9,2026-04-02 00:41:13.875826+00:00,de,orf.at,orf.at,2026-04-01,Megan Thee Stallion beruhigt Fans nach Schwächeanfall,https://orf.at/stories/3425686/
779d9205660f8b5b88ec7b6003bbed139e63e00a1b0cd7fe0ad0a4ba347fe568,2026-04-02 00:40:56.393069+00:00,de,orf.at,orf.at,2026-04-02,Frühling kehrt zu Ostern zurück,https://orf.at/stories/3425640/
bac877aacb34dba9f89ee1a20a6c054b193b82e57d48cd7b2178a8d7b14a631d,2026-04-02 00:40:18.251987+00:00,de,orf.at,orf.at,2026-04-02,Rakete von Mondmission Artemis 2 gestartet,https://orf.at/stories/3425687/
4e2b0123465cf4e41d90c8423a7094b9eb38d46ad343cf22ccbba33122f38fe7,2026-04-02 00:40:12.905547+00:00,de,orf.at,orf.at,2026-04-02,Schweres Erdbeben in Indonesien,https://orf.at/stories/3425688/
8845c12d6ea0956d5d2ca9806cd47e3ca7a35478701902a7bc06bdb74ae4fe30,2026-04-02 00:39:43.432542+00:00,de,orf.at,orf.at,2026-04-01,Europarat äußert Bedenken vor Wahl in Ungarn,https://orf.at/stories/3425685/
c1c880fe7d2292f33b76dc99336bb5185fb72849f10fecadc2790e6ad3de74dd,2026-04-02 00:18:26.683627+00:00,de,orf.at,orf.at,2026-04-01,Bei Drohung mit Messer von Polizei ausgeforscht,https://steiermark.orf.at/stories/3348359/
55e6aff0c391fdc1bc611fe0d54cb0f2872321fa3999410eea1c4f3b24b7ddf3,2026-04-01 23:22:23.995046+00:00,de,krone.at,krone.at,2026-04-02,Psychotrick half Aich/Dob nichts: Ried im Finale!,https://www.krone.at/4096058
312580db0d6df7bbe2896e2b422d17f14164e46b4c2dfcee9cdcf0090e67b95c,2026-04-01 22:20:14.442564+00:00,de,krone.at,krone.at,2026-04-01,Irans Präsident schickt Botschaft an Amerikaner,https://www.krone.at/4096048
1e0815978e320fe7205d0e396d9bde382ee47b7a46b3afc582932b67251b6cab,2026-04-01 21:56:58.574757+00:00,de,derstandard.at,derstandard.at,2026-03-31,"""Super Mario Galaxy""-Film: Knallbunter Trip auf narrischen Schwammerln",https://www.derstandard.at/consent/tcf/story/3000000314905/super-mario-galaxy-film-knallbunter-trip-auf-narrischen-schwammerln
53a907890254c4e017c3d18d51cb878e4485fd72094d59bb1769d6bf570c911e,2026-04-01 21:56:53.470915+00:00,de,derstandard.at,derstandard.at,2026-03-31,Was schenkt ihr euren Kindern zu Ostern?,https://www.derstandard.at/consent/tcf/story/3000000314895/was-schenkt-ihr-euren-kindern-zu-ostern
d1ba89ee8bb4b514d5f07df906e8053f53d4bd4983861e91673879ed6e4c7a3f,2026-04-01 21:56:49.020204+00:00,de,derstandard.at,derstandard.at,2026-04-01,Aufschwung lahmt: Deutschland muss sich künftig an Nullwachstum gewöhnen,https://www.derstandard.at/consent/tcf/story/3000000314998/aufschwung-lahmt-deutschland-muss-sich-kuenftig-an-nullwachstum-gewoehnen
624b09b807f2eead6dad250cab28266a19d895e30268fd6f737700de6e67488b,2026-04-01 21:56:44.062947+00:00,de,derstandard.at,derstandard.at,2026-04-01,Tausende bei Kulturprotest gegen Regierung in Bratislava,https://www.derstandard.at/consent/tcf/story/3000000315114/tausende-bei-kulturprotest-gegen-regierung-in-bratislava
75527d9367c151a130ea50e26c699ed36c35d848e8452424be3bb079cf290f93,2026-04-01 21:56:38.282846+00:00,de,derstandard.at,derstandard.at,2026-04-01,Tote Antilope in Tiergarten Schönbrunn: Kopfgeld auf Schützen ausgesetzt,https://www.derstandard.at/consent/tcf/story/3000000315087/tote-antilope-in-tiergarten-schoenbrunn-kopfgeld-auf-schuetzen-ausgesetzt
98bc0b942f258eb1761897df821455d4c3905db36f206f48d9a277a36ce0216a,2026-04-01 21:56:33.790581+00:00,de,derstandard.at,derstandard.at,2026-03-31,Wie das steigende Durchschnittsalter die Flugsicherheit beeinflusst,https://www.derstandard.at/consent/tcf/story/3000000314910/wie-das-steigende-durchschnittsalter-die-flugsicherheit-beeinflusst
f40d2833c571c6d7eaf07a43cc49478c0684c932ceb7d3b6377eac6535ffe114,2026-04-01 21:56:28.309011+00:00,de,derstandard.at,derstandard.at,2026-04-01,"""Gehen davon aus, dass er stirbt"": Experten haben kaum Hoffnung für gestrandeten Buckelwal",https://www.derstandard.at/consent/tcf/story/3000000314978/buckelwal-vor-ostseekueste-lage-bleibt-kritisch-vorerst-keine-weitere-rettungsaktion
b6b15818a6b9b97734e7f163c3e73911564a59f225b90a3eb9b58505d44cd6b6,2026-04-01 21:56:18.306260+00:00,de,derstandard.at,derstandard.at,2026-04-01,"Raubprozess gegen 16-Jährigen um Beute von einem Euro, vier Zigaretten und einer alten Jacke",https://www.derstandard.at/consent/tcf/story/3000000315042/raubprozess-gegen-16-jaehrigen-um-beute-von-einem-euro-vier-zigaretten-und-einer-alten-jacke
bc184c249e3b17e1d61a003afb968dfb84f6dd034dff9e55904421a8c7e7b5d1,2026-04-01 21:56:13.643977+00:00,de,derstandard.at,derstandard.at,2026-04-01,Supreme Court verhandelt in Trumps Beisein über US-Geburtsrecht,https://www.derstandard.at/consent/tcf/story/3000000314981/trump-verschaerft-regeln-fuer-briefwahl-klagen-angekuendigt
cf9294d8dc863666cfd8c847b0db116d4958d7525f785b91e88421a77b4df097,2026-04-01 21:56:08.325395+00:00,de,derstandard.at,derstandard.at,2026-04-01,"Rayes ""This Music May Contain Hope."": Soul-Lichtblick oder Disney Kitsch?",https://www.derstandard.at/consent/tcf/story/3000000315083/rayes-this-music-may-contain-hope-soul-lichtblick-oder-disney-kitsch
94e312bdeee5c6909bccccb0b608f124864d931b483dc63571b351aa5d550125,2026-04-01 21:55:58.595295+00:00,de,derstandard.at,derstandard.at,2026-03-31,"Europas Methanverordnung nimmt Gestalt an – während der Druck aus den USA wächst, sie aufzuweichen",https://www.derstandard.at/consent/tcf/story/3000000314758/europas-methanverordnung-nimmt-gestalt-an-waehrend-der-druck-aus-den-usa-waechst-sie-aufzuweichen
f24e9761480095a0874970f5e0f4f1370546ad3aea16d378961d3a2df0e07965,2026-04-01 21:55:48.875898+00:00,de,derstandard.at,derstandard.at,2026-04-01,Villa von Holzindustriellem im Schutzgebiet: Entscheidung über Rückbau naht,https://www.derstandard.at/consent/tcf/story/3000000315041/villa-von-holzindustriellem-im-schutzgebiet-entscheidung-ueber-rueckbau-naht
61f75d02d43bf5cf203b17c0009d88d1c81d34e4d8bd6c137dde33a458d265d5,2026-04-01 21:55:38.325900+00:00,de,derstandard.at,derstandard.at,2026-04-01,"Trump will Iran ""möglichst rasch"" verlassen, nennt aber erneut keinen Zeitplan",https://www.derstandard.at/consent/tcf/jetzt/livebericht/3000000314965/trump-stellt-baldiges-ende-der-us-angriffe-im-iran-in-aussicht
b625a42debfeb2b828f04dd7ec7dd661b3795f041d3487d3de8068d9abdb42c9,2026-04-01 21:55:29.493212+00:00,de,derstandard.at,derstandard.at,2026-03-31,"Gefaktes Datingprofil: ""Ich habe mich beschämt und machtlos gefühlt""",https://www.derstandard.at/consent/tcf/story/3000000314948/gefaktes-datingprofil-ich-habe-mich-beschaemt-und-machtlos-gefuehlt
be689e0a6dae6ec17b034a01fc78c6ccf7a150979ec7276387464b5d1ee8b79d,2026-04-01 21:55:23.542772+00:00,de,derstandard.at,derstandard.at,2026-03-31,Die EU-Partner müssen der Regierung Orbán endlich das Stimmrecht entziehen,https://www.derstandard.at/consent/tcf/story/3000000315025/die-eu-partner-muessen-der-regierung-orban-endlich-das-stimmrecht-entziehen
888d890e79eeea3840a32fed8c90badc6d9e6f026bb8bcd0032e6049bef06c9a,2026-04-01 21:55:18.289151+00:00,de,derstandard.at,derstandard.at,2026-04-01,2022 war Tanken inflationsbereinigt deutlich teurer,https://www.derstandard.at/consent/tcf/story/3000000314983/2022-war-tanken-inflationsbereinigt-deutlich-teurer
eeeba2214ebac5e16bfe661be01acaddcddc0ffda24f649aa522a40e9aa7528b,2026-04-01 21:55:13.322069+00:00,de,derstandard.at,derstandard.at,2026-04-01,"Cyberchondrie: Googeln, bis man zum Arzt muss",https://www.derstandard.at/consent/tcf/story/3000000315053/cyberchondrie-googeln-bis-man-zum-arzt-muss
16879ea7191ce17849f6aa125c77758b9873de2c1375d62a1031e629a6b7c2d8,2026-04-01 21:55:08.372655+00:00,de,derstandard.at,derstandard.at,2026-03-31,"Wie Xaver Bayer im Roman ""Hauch"" alle Weltverächter hinters Licht führt",https://www.derstandard.at/consent/tcf/story/3000000314600/wie-xaver-bayer-im-roman-hauch-alle-weltveraechter-hinters-licht-fuehrt
00ac4b4754506b5fb6b63e3086fe7cb1ecd61ddc33fc0cb8fe08aac65bcafe7f,2026-04-01 21:55:03.604613+00:00,de,derstandard.at,derstandard.at,2026-04-01,Familie von Virginia Giuffre drängt auf Treffen mit König Charles III.,https://www.derstandard.at/consent/tcf/story/3000000315040/familie-von-virginia-giuffre-draengt-auf-treffen-mit-koenig-charles-iii
cd41a6e3f7b0b9a49923ce8a1fb4e937277206932323a60e4a651e2644c1e20f,2026-04-01 21:54:48.528746+00:00,de,derstandard.at,derstandard.at,2026-04-01,Tanker mit Diesellieferungen auf dem Weg nach Europa drehen plötzlich ab,https://www.derstandard.at/consent/tcf/story/3000000314992/tanker-mit-diesellieferungen-auf-dem-weg-nach-europa-drehen-ploetzlich-ab
41993a376d238f81df2fcafd92ac3c016f5245f9a8b723ead16b38e1d0d051dd,2026-04-01 21:54:43.300284+00:00,de,derstandard.at,derstandard.at,2026-04-01,Der mysteriöse Helm des gefährlichsten Vogels der Welt fluoresziert,https://www.derstandard.at/consent/tcf/story/3000000315062/der-mysterioese-helm-des-gefaehrlichsten-vogels-der-welt-fluoresziert
bdf22b1ef5f2463c45dcd3d572edf5a7c2052f44230c8ce17816e27bb78e9a26,2026-04-01 21:53:42.159914+00:00,de,derstandard.at,derstandard.at,2026-04-01,"Bauern demonstrierten in Wien für ""bessere Zukunftsperspektiven""",https://www.derstandard.at/consent/tcf/story/3000000315112/bauern-demonstrierten-in-wien-f252r-bessere-zukunftsperspektiven
8525fc5ac6f2b97db9f6e15808d32c4419ced0f3ae81b555d08502d22dc0a6e1,2026-04-01 21:53:37.461490+00:00,de,derstandard.at,derstandard.at,2026-04-01,Protest gegen Israels Todesstrafgesetz,https://www.derstandard.at/consent/tcf/story/3000000315064/protest-gegen-israels-todesstrafgesetz
5ceef2d2a02a47453a6eb24a40b32b917b86bd7171405d7d0e11ad343aa536ac,2026-04-01 21:53:32.144278+00:00,de,derstandard.at,derstandard.at,2026-04-01,Fliegen wird wegen des Iran-Kriegs immer teurer,https://www.derstandard.at/consent/tcf/story/3000000315084/fliegen-wird-wegen-des-iran-kriegs-immer-teurer
13e74ecc59180f3166285bec3a77d82539285265c15ef2c4d7b993a97afc9a5f,2026-04-01 21:53:27.323597+00:00,de,derstandard.at,derstandard.at,2026-04-01,"WM erneut ohne Italien: Die ""dritte Apokalypse"" der Squadra Azzurra",https://www.derstandard.at/consent/tcf/story/3000000315085/italiens-dritte-apokalypse
7d21ab23a66d77e9e54d0380ea8525fb3727f141ef3d5a88a2b83300da58c26d,2026-04-01 21:53:17.158384+00:00,de,derstandard.at,derstandard.at,2026-03-31,"Geopolitik, US-Wirtschaft, KI – wo Investoren Risiken und Chancen sehen",https://www.derstandard.at/consent/tcf/story/3000000314850/geopolitik-us-wirtschaft-ki-wo-investoren-risiken-und-chancen-sehen
cf479d765c5048c3495cf5398f6ffa2ed2e11dc31f9879f8609fd319755c95fd,2026-04-01 21:53:07.320314+00:00,de,derstandard.at,derstandard.at,2026-03-31,50 Jahre Apple: Der goldene Käfig glänzt so hell wie nie zuvor,https://www.derstandard.at/consent/tcf/story/3000000314815/50-jahre-apple-der-goldene-kaefig-glaenzt-so-hell-wie-nie-zuvor
082f9bf1be8ba17cb614e41a02a6afac108164b8ae6dda8a85633f50a22eee37,2026-04-01 21:53:02.526856+00:00,de,derstandard.at,derstandard.at,2026-03-31,Ist dunkle Schokolade wirklich gesünder als Milchschokolade?,https://www.derstandard.at/consent/tcf/story/3000000314843/ist-dunkle-schokolade-wirklich-gesuender-als-milchschokolade
1bd455f467f5988a69b6e43785c7ea73cb149a09faec1ad50989a187b37f927b,2026-04-01 21:52:57.322047+00:00,de,derstandard.at,derstandard.at,2026-03-31,Wie Viktor Orbán Wahlkampf mit der ungarischen Minderheit in der Ukraine macht,https://www.derstandard.at/consent/tcf/story/3000000314813/wie-viktor-orban-wahlkampf-mit-der-ungarischen-minderheit-in-der-ukraine-macht
52f5184edbe596f556ed4cc498d7692beab7dfe7d2852897d853d639b1bb3c73,2026-04-01 21:52:52.167324+00:00,de,derstandard.at,derstandard.at,2026-03-31,"Trump wettert erneut gegen europäische Verbündete, ganz besonders gegen Großbritannien",https://www.derstandard.at/consent/tcf/story/3000000314946/trump-wettert-erneut-gegen-europaeische-verbuendete-ganz-besonders-gegen-grossbritannien
750784f762059faea725001b87545ff487c25361ea4a2e81cb0275748619872e,2026-04-01 21:52:47.143973+00:00,de,derstandard.at,derstandard.at,2026-04-01,"""Der kleine Drache Kokosnuss"": Verlag klagt gegen OpenAI",https://www.derstandard.at/consent/tcf/story/3000000315007/der-kleine-drache-kokosnuss-verlag-klagt-gegen-openai
290663074610ea95168f21b087e8a9c222bc6887123d7b4292f4e3b96aa4a00e,2026-04-01 21:52:42.153883+00:00,de,derstandard.at,derstandard.at,2026-03-31,Der Renault 4 für e-Mobilität Umsteiger:innen – eure Erfahrungen?,https://www.derstandard.at/consent/tcf/story/3000000314894/der-renault-4-fuer-e-mobilitaet-umsteigerinnen-eure-erfahrungen
72bdb47e21236f7adddf207886137a844d453528e4bb4363a65e9e40179a4f6b,2026-04-01 21:52:37.323683+00:00,de,derstandard.at,derstandard.at,2026-03-31,Artemis 2: Heute Nacht könnten erstmals seit 50 Jahren Menschen zum Mond starten,https://www.derstandard.at/consent/tcf/story/3000000314853/artemis-2-heute-nacht-koennten-erstmals-seit-50-jahren-menschen-zum-mond-starten
dfd3301ff5dd311e1d021d80df1927027c806787289334ccb017cb91c4712748,2026-04-01 21:52:27.618461+00:00,de,derstandard.at,derstandard.at,2026-04-01,"Deutschland will große Zahl an Syrern zurückschicken, nennt aber keine Zielmarke mehr",https://www.derstandard.at/consent/tcf/story/3000000315146/deutschland-will-gro223e-zahl-syrer-zur252ckschicken
321343d951f77f0c8f45c5ff31e0e8a8f641a100529d044e7cb151a2b651f1eb,2026-04-01 21:52:22.396171+00:00,de,derstandard.at,derstandard.at,2026-04-01,"Ulmen reicht Antrag auf einstweilige Verfügung gegen ""Spiegel"" ein",https://www.derstandard.at/consent/tcf/story/3000000315129/ulmen-reicht-antrag-auf-einstweilige-verf252gung-gegen-spiegel-ein
7a654f1f5635139537dcf97bd510ff6118d0abbd601340663cf4160a45c5f378,2026-04-01 21:52:17.321305+00:00,de,derstandard.at,derstandard.at,2026-04-01,Heute Nacht soll der erste Mondflug mit Crew seit 50 Jahren starten,https://www.derstandard.at/consent/tcf/jetzt/livebericht/3000000315128/heute-nacht-soll-der-erste-mondflug-mit-crew-seit-50-jahren-starten
a3018ef112d038373a9bf2d1f7a3697698889ad09a393862c75dc79f2ff5d54e,2026-04-01 21:52:12.454528+00:00,de,derstandard.at,derstandard.at,2026-04-01,"2+1-2 ist nicht 0: Wiederkehr sucht noch eine Stunde, die in der Oberstufe gekürzt wird",https://www.derstandard.at/consent/tcf/story/3000000315052/21-2-ist-nicht-0-wiederkehr-sucht-noch-eine-stunde-die-in-der-oberstufe-gekuerzt-wird
f28eb9340f554de03e2c4234c28131f2dda36df1a0cfdd686b208c24462bfe2f,2026-04-01 21:52:07.174928+00:00,de,derstandard.at,derstandard.at,2026-03-31,Wieso experimentieren so wenige Männer über 40 mit ihren Haaren?,https://www.derstandard.at/consent/tcf/story/3000000314840/wieso-experimentieren-so-wenige-maenner-ueber-40-mit-ihren-haaren
15fd131578b4f96a496a97159eec0dd0b0eb229aa5fa09840e98bfb7b74775af,2026-04-01 21:52:02.429470+00:00,de,derstandard.at,derstandard.at,2026-04-01,Social-Media-Verbot: Österreich schreibt Brief an EU-Kommission,https://www.derstandard.at/consent/tcf/story/3000000315076/social-media-verbot-214sterreich-schreibt-brief-an-eu-kommission
8606a2d38272eaddd2e7044116611747e66d9f761c172d222321f7bf3445a7a8,2026-04-01 21:51:58.042078+00:00,de,derstandard.at,derstandard.at,2026-04-01,"Bei Finanzminister Marterbauer spielt Armin Wolf in der ""ZiB 2"" den ""Exekutor""",https://www.derstandard.at/consent/tcf/story/3000000314980/bei-finanzminister-marterbauer-spielt-armin-wolf-in-der-zib-2-den-exekutor
802b8ed99bb006db8f8b5b9eacfa00a1685da69bb5c054cddc37b7055627f9d1,2026-04-01 21:51:47.614866+00:00,de,derstandard.at,derstandard.at,2026-03-31,Verwenden wir alle zu viel Waschmittel?,https://www.derstandard.at/consent/tcf/story/3000000314783/verwenden-wir-alle-zu-viel-waschmittel
2990c1de5c4ee98013c1595062d7c60a01cda2845b12b6b4cb57dace4090e5e9,2026-04-01 21:51:42.637848+00:00,de,derstandard.at,derstandard.at,2026-04-01,Autobauer Renault expandiert auf Wunsch Macrons in den Rüstungssektor,https://www.derstandard.at/consent/tcf/story/3000000315037/autobauer-renault-expandiert-auf-wunsch-macrons-in-den-ruestungssektor
ebf6296020ed5bb1d68467ed7454d8bff3aa40396d05705956d03643612ede9c,2026-04-01 21:51:37.549377+00:00,de,derstandard.at,derstandard.at,2026-04-01,"Alex & Peter: ""Ihn aufzureißen, war die beste Entscheidung""",https://www.derstandard.at/consent/tcf/story/3000000314854/alex-peter-ihn-aufzureissen-war-die-beste-entscheidung
7c35612b08b74750a50385a1c5cbb468db7b7278a0093a4b614f2fef06a35725,2026-04-01 21:48:28.647899+00:00,de,derstandard.at,derstandard.at,2026-03-31,Warum bei 400 Prozent mehr Gehalt für Profisportlerinnen immer noch Luft nach oben ist,https://www.derstandard.at/consent/tcf/story/3000000314869/400-prozent-mehr-gehalt--und-die-maennlichen-kollegen-verdienen-immer-noch-merh
b11183eca2d2047a7348f812abfff403c786237c3795f1fa53f4621162389cfa,2026-04-01 21:48:18.562561+00:00,de,derstandard.at,derstandard.at,2026-04-01,Ist das Regime Orbán am Ende?,https://www.derstandard.at/consent/tcf/story/3000000315144/ist-das-regime-orban-am-ende-ernst-gelegs
4a52b02a364b48a49b9e3910f90b912ef79d51916ca6cf4a2c5136ae31b687cc,2026-04-01 21:48:08.576390+00:00,de,derstandard.at,derstandard.at,2026-04-01,Neue Datierung enthüllt bisher älteste Höhle der Alpen,https://www.derstandard.at/consent/tcf/story/3000000315010/neue-datierung-enthuellt-bisher-aelteste-hoehle-der-alpen
b3dc2fa07191b7460aa85b1af2565fd2d3549edf7f96b1ad9409c56d5ec0d5a3,2026-04-01 21:48:03.616049+00:00,de,derstandard.at,derstandard.at,2026-04-01,"Apple TV lehrt mit Javier Bardem in ""Kap der Angst""-Serie das Fürchten",https://www.derstandard.at/consent/tcf/story/3000000314994/apple-tv-lehrt-mit-javier-bardem-in-kap-der-angst-serie-das-fuerchten
db058ef5e8c697f1b8efa3e21a15eb1f651ea21d0594800188ef74efbed5d48f,2026-04-01 21:47:58.574806+00:00,de,derstandard.at,derstandard.at,2026-04-01,Westenthaler bringt Vorgänge um Rücktritt des ORF-Chefs vor Medienbehörde,https://www.derstandard.at/consent/tcf/story/3000000315012/westenthaler-bringt-vorgaenge-um-ruecktritt-des-orf-chefs-vor-medienbehoerde
e21d5403a438673aa216981b1ddeebd341b29341c84d88664800efaf9fe4dc76,2026-04-01 21:47:48.556801+00:00,de,derstandard.at,derstandard.at,2026-04-01,"Sperrt's die Schanigärten um 3 Uhr früh auf, wir wollen Fußball-WM schauen!",https://www.derstandard.at/consent/tcf/story/3000000315069/sperrts-die-schanigaerten-um-3-uhr-frueh-auf-wir-wollen-fussball-wm-schauen
792ed5f17b3742098596f9d5e99ff51f1993e8790725706bba8eea8f7ee0e5a0,2026-04-01 21:47:43.556817+00:00,de,derstandard.at,derstandard.at,2026-04-01,Elon Musks SpaceX meldet laut Bericht Rekord-Börsengang an,https://www.derstandard.at/consent/tcf/story/3000000315135/bericht-elon-musks-spacex-meldet-rekord-b246rsengang-an
fc0cb9df80b86028ec6ed0d384690dac8c06c50d30f6569161591c1a247dd5dd,2026-04-01 21:47:38.554270+00:00,de,derstandard.at,derstandard.at,2026-04-01,Italiens Filmschaffende protestieren gegen Kürzung von Fördergeldern,https://www.derstandard.at/consent/tcf/story/3000000315058/italiens-filmschaffende-protestieren-gegen-k252rzung-von-f246rdergeldern
7fec50f7e0cf7a91e6d7ceb0a1b06fad8cc5f3431f8366b8df61e7b53f43d5d7,2026-04-01 21:47:28.828958+00:00,de,derstandard.at,derstandard.at,2026-04-01,Kein NHL-Erfolgserlebnis für Kasper mit den Detroit Red Wings,https://www.derstandard.at/consent/tcf/story/3000000315003/eishockey-kein-erfolgserlebnis-f252r-kasper-mit-den-detroit-red-wings
7b0ef0b320bdd05981805caded15b4771c20fe08610a5c928a446b2e352ba628,2026-04-01 21:47:13.829070+00:00,de,derstandard.at,derstandard.at,2026-04-01,"Argentinien schlägt Sambia mit starkem Messi 5:0, Remis für weitere ÖFB-WM-Gegner",https://www.derstandard.at/consent/tcf/story/3000000315013/fu223ball-argentinien-mit-starkem-messi-50-sieger-gegen-sambia
a0422d5a6144306fd2f42e80f21852672faf7f9ee0433d5a89bf71b31e939ba4,2026-04-01 21:47:08.558334+00:00,de,derstandard.at,derstandard.at,2026-04-01,"Tiger Woods nimmt nach Autounfall Auszeit: ""Werde mich zurückziehen""",https://www.derstandard.at/consent/tcf/story/3000000315071/werde-mich-zur252ckziehen-woods-nimmt-abstand-vom-golf-f252r-immer
aaeb04f1635cdf85eed8b39ee0d8911cf0c5d635c047577a272f1af4a350dfec,2026-04-01 21:46:53.972567+00:00,de,derstandard.at,derstandard.at,2026-03-31,Weniger Geld für Österreichs Bauern: Internes Dokument offenbart Schätzungen zu neuem EU-Budget,https://www.derstandard.at/consent/tcf/story/3000000314826/weniger-geld-fuer-oesterreichs-bauern-internes-dokument-offenbart-schaetzungen-zu-neuem-eu-budget
797ed4b89bb393574398b659fd887bd8e3a01c36f5af7075894ad0dbf2c72352,2026-04-01 21:46:49.061586+00:00,de,derstandard.at,derstandard.at,2026-04-01,Österreich bezwingt auch WM-Teilnehmer Südkorea,https://www.derstandard.at/consent/tcf/story/3000000315023/oesterreich-bezwingt-auch-wm-teilnehmer-suedkorea
12ee69ab9f71edbfea5c5221899f58bb4229a800da0bca6f992895d287e2a5d0,2026-04-01 21:46:43.559110+00:00,de,derstandard.at,derstandard.at,2026-04-01,Rassistische Gesänge bei Spanien-Länderspiel gegen Ägypten,https://www.derstandard.at/consent/tcf/story/3000000315127/rassistische-gesaenge-bei-spanien-laenderspiel-gegen-aegypten
463b9a4ec9808daf7e81e427430f4565a66d324a47bccd3c92099ec09bd00208,2026-04-01 21:46:36.517722+00:00,de,krone.at,krone.at,2026-04-01,Meistert Stock und Stein: Xiaomis Scooter 6 Ultra,https://www.krone.at/4094307
8b3239a0858910e7c63308e022d00543bb7ad0c0095eb3ef925418f2bde82b29,2026-04-01 21:46:33.581059+00:00,de,derstandard.at,derstandard.at,2026-04-01,E-Charger auf jedem Rastplatz: Asfinag-Ausschreibung geht in finale Phase,https://www.derstandard.at/consent/tcf/story/3000000315066/e-charger-auf-jedem-rastplatz-asfinag-ausschreibung-geht-in-finale-phase
78ac6e833fe2a421914ddddc9bddcfdd89c741ec5712921f92c7c95069f19a19,2026-04-01 21:46:31.453502+00:00,de,krone.at,krone.at,2026-04-01,Das Kreuz muss selbst ein schweres Kreuz tragen,https://www.krone.at/4094666
01452445a556fc212781ddfe47ac15f2f8c626ce0be39fb7a66093677f73b1b1,2026-04-01 21:46:28.576763+00:00,de,derstandard.at,derstandard.at,2026-04-01,Nach Cannabis-Legalisierung in Deutschland kein Konsum-Plus,https://www.derstandard.at/consent/tcf/story/3000000315014/nach-cannabis-legalisierung-in-deutschland-kein-konsum-plus
bc08981cb6cb296cc3055ded277d4fb476961f29cf4bd8a04fcadd8a3b55948c,2026-04-01 21:46:26.432486+00:00,en,krone.at,krone.at,2026-04-01,No Hope Left: Whale “Timmy” Will Die,https://www.krone.at/4095561
a7c2036db5e1bffc9ad7c0cf2ed24475cdce139f1f5075449369cf9877ce6891,2026-04-01 21:46:18.582725+00:00,de,derstandard.at,derstandard.at,2026-04-01,78 Prozent halten Österreich für nicht ausreichend geschützt,https://www.derstandard.at/consent/tcf/story/3000000314993/78-prozent-halten-oesterreich-fuer-nicht-ausreichend-geschuetzt
c1aeede70571b8836e77b04abf11657ee5d807d0646a8f8b93db3016ee3f49bc,2026-04-01 21:46:13.654476+00:00,de,derstandard.at,derstandard.at,2026-04-01,Carbonara ist Italiens beliebtestes Pasta-Gericht,https://www.derstandard.at/consent/tcf/story/3000000315080/carbonara-ist-italiens-beliebtestes-pasta-gericht
12b15e7d68ba53e8cf1d90f7535a9576c4d0b30eca21ef2fc8f800ba6c975a06,2026-04-01 21:22:21.158571+00:00,de,orf.at,orf.at,2026-04-01,Ein Sechser bei Lotto „6 aus 45“,https://orf.at/stories/3425674/
1842bf7bc9365c5cc8370683f8f5477167ac5c7d7c179a91793568f3d4b614de,2026-04-01 21:22:16.029575+00:00,de,orf.at,orf.at,2026-04-01,Israels Plan für „Pufferzone“ im Südlibanon,https://orf.at/stories/3425620/
ed182663953cda3224e440ea27b61ba68e057c55cf0d7881a9a5a3552605d8a8,2026-04-01 21:22:11.059255+00:00,de,orf.at,orf.at,2026-04-01,"Trump will Hormus-Koalition, sonst Ukraine-Waffenstopp",https://orf.at/stories/3425679/
99f34a0eacffe86f6309afac3e5aca674163ed8474d444c59251475f011463f1,2026-04-01 21:21:57.507505+00:00,de,orf.at,orf.at,2026-04-01,Schwere Unwetter rund um das Ägäische Meer,https://orf.at/stories/3425682/
ba65fcece0cb78c33afaaeb98b6424f0556b340dddd01cee9658d731af6c0d29,2026-04-01 21:21:51.082306+00:00,de,derstandard.at,derstandard.at,2026-04-01,Ausländische Journalistin Shelly Kittleson im Irak entführt,https://www.derstandard.at/consent/tcf/story/3000000315020/auslaendische-journalistin-shelly-kittleson-im-irak-entfuehrt
621cd778a18ef57400d6b09ce3c4d75e4ea4ed443fc40006cbb63610280b6da4,2026-04-01 21:21:46.250044+00:00,de,derstandard.at,derstandard.at,2026-04-01,Hatten Sie Latein in der Schule?,https://www.derstandard.at/consent/tcf/story/3000000315018/hatten-sie-latein-in-der-schule
6fdd8955930a4e9de566e22a865ee03106778b3b91e49f0085636b0205969ec5,2026-04-01 21:21:45.667760+00:00,de,orf.at,orf.at,2026-04-01,Tausende in Teheran bei Begräbnis von Marinekommandeur,https://orf.at/stories/3425681/
98ad809a86354a727ad5c435982e21d9c41c6436a58d5b92676891cbb44cea9b,2026-04-01 21:21:41.495901+00:00,de,derstandard.at,derstandard.at,2026-04-01,Opa Trump den Autoschlüssel wegnehmen,https://www.derstandard.at/consent/tcf/story/3000000314989/opa-trump-den-autoschluessel-wegnehmen
0c9abd0b69245855913bd7cb9c00644d5771ddc250092f539780365ccc14d7d8,2026-04-01 21:21:31.345948+00:00,de,derstandard.at,derstandard.at,2026-04-01,Irak und DR Kongo machen das WM-Feld komplett,https://www.derstandard.at/consent/tcf/story/3000000314995/fu223ball-irak-und-dr-kongo-machten-das-wm-feld-komplett
c0dc99ae59978e07c14329316b46bf197acc63c706d94852281e6e4f84caff8e,2026-04-01 21:21:26.527209+00:00,de,derstandard.at,derstandard.at,2026-04-01,"TV-Markt im März: Puls 4 legt kräftig zu, ""Eierkratz-Komplott"" ein Höhepunkt im ORF",https://www.derstandard.at/consent/tcf/story/3000000315078/tv-markt-im-maerz-puls-4-legt-kraeftig-zu-eierkratz-komplott-ein-hoehepunkt-im-orf
b503e0a3510ed350d5eecd04a89cdf977058ce1ca13e8751f2d90608b3710ab0,2026-04-01 21:21:23.329077+00:00,de,orf.at,orf.at,2026-04-01,Zeugnisse eines streitbaren Freigeists,https://orf.at/stories/3424834/
c930cc1957285b331953fbbeb334abc72ebd29a94d49e33a6694996000fbab03,2026-04-01 21:21:22.022960+00:00,de,derstandard.at,derstandard.at,2026-03-30,Nach 300 Millionen Euro Kartellstrafen für Baukonzerne droht noch höherer Schadenersatz,https://www.derstandard.at/consent/tcf/story/3000000314634/nach-300-millionen-euro-kartellstrafen-fuer-baukonzerne-droht-noch-hoeherer-schadenersatz
eccbdab833177aac7556f6a9422735c575fc11ab79831d3d155da40e995691cb,2026-04-01 21:21:06.844523+00:00,de,derstandard.at,derstandard.at,2026-04-01,"Trump droht mit Waffenstopp für Kyjiw, sollte sich Europa Hormuz-Koalition nicht anschließen",https://www.derstandard.at/consent/tcf/jetzt/livebericht/3000000314968/russland-meldet-einen-toten-nach-drohnenangriff-in-der-region-rostow
db634ff30bc6d09c52873106bcea6a8ea982baf449fb6f8297338e0f9376ed1a,2026-04-01 21:21:02.717623+00:00,en,krone.at,krone.at,2026-04-01,Antelope sniper sends zoo into panic,https://www.krone.at/4096024
fd4ee94a25f8836946a6c3e0ef5797ae8e922f8197b3fa99c7d5d8b03d951ba2,2026-04-01 21:20:58.369430+00:00,en,krone.at,krone.at,2026-04-01,Schönbrunn animal killer “will try again”,https://www.krone.at/4095801
f9db57874b49b02920b7aa1bf3f8c9ffbfed67227a24b4e172f5240d7c876e59,2026-04-01 21:20:52.264683+00:00,en,krone.at,krone.at,2026-04-01,"Real star: “If I have to, I’ll kill you”",https://www.krone.at/4096047
c4332e8c3688e89bade71b36f4766ff48fa37fcb93139ae3dbe5f4bc43664f27,2026-04-01 21:20:51.527261+00:00,de,derstandard.at,derstandard.at,2026-04-01,Und noch ein Jubiläum: Fünf Millionen Mercedes-SUVs aus dem US-Werk,https://www.derstandard.at/consent/tcf/story/3000000315086/und-noch-ein-jubilaeum-fuenf-millionen-mercedes-suvs-aus-dem-us-werk
2fed9a48599dc08a4c3757e27a71777d6f289199fc95f2352c4f05daa9dac335,2026-04-01 21:20:47.600530+00:00,de,krone.at,krone.at,2026-04-01,Stockers Inflationsziel rückt in weite Ferne,https://www.krone.at/4095460
234c23cafb7119c7c852c936e44ab0d3cf58c10e1f8df563d36a3e8e48451b46,2026-04-01 21:20:46.556267+00:00,de,derstandard.at,derstandard.at,2026-03-31,US-Bundesstaaten widersetzen sich Trump-Verbot und erlassen weitere KI-Regulierungen,https://www.derstandard.at/consent/tcf/story/3000000314912/us-bundesstaaten-widersetzen-sich-trump-verbot-und-erlassen-weitere-ki-regulierungen
87a67874af605f87361ed312ffda99e063e0f0e9c42656710eea0c9cce977288,2026-04-01 21:20:43.590317+00:00,de,orf.at,orf.at,2026-04-01,Iranischer Präsident schickt Botschaft an Amerikaner,https://orf.at/stories/3425680/
f8c7fa4e6b02234c15867e23a01474f5180971948af59a2b70e939b2e50e50f4,2026-04-01 21:20:41.997204+00:00,de,krone.at,krone.at,2026-04-01,"Die da oben am Küniglberg, die richten‘s sich …",https://www.krone.at/4094860
a5b5594f4aec03b880871d94dc14dfbea7cadbf2c2aaaec0aab6f4df7b30baea,2026-04-01 21:20:41.497444+00:00,de,derstandard.at,derstandard.at,2026-04-01,Kunden der Deutschen Bahn brauchen noch lange starke Nerven,https://www.derstandard.at/consent/tcf/story/3000000315015/milliarden-f252r-eine-modernere-bahn-kunden-brauchen-starke-nerven
fcb822cc5ee91553ef20b0771c3aae4745e6539cc8303787f2878542c55279f5,2026-04-01 21:20:38.610012+00:00,de,orf.at,orf.at,2026-04-01,Neuer E-Control-Vorstand Strebl zur Energiekrise,https://orf.at/stories/3425673/
b3a4ef5b7f2991e87dc9f79fffa3b81818a11587b6122f341b0d0e95935356ca,2026-04-01 21:20:36.940871+00:00,de,krone.at,krone.at,2026-04-01,So wurde „Super Mario“ vom Gaming- zum Kinohelden,https://www.krone.at/4083200
2e14a6d36b73478413ba170e46577216af38dceb54983e1896feca4a8db1767c,2026-04-01 21:20:36.389880+00:00,de,derstandard.at,derstandard.at,2026-04-01,"Shelley Kittleson, erfahrene Kriegsreporterin, im Irak entführt",https://www.derstandard.at/consent/tcf/story/3000000315030/shelley-kittleson-erfahrene-kriegsreporterin-im-irak-entfuehrt
76f7b8b2358669e81662ce2eb1e2ea00f858a2276fd61eb05b7ab0887cd96583,2026-04-01 21:20:33.665911+00:00,de,orf.at,orf.at,2026-04-01,Krisentreffen zur Blockade der Straße von Hormus,https://orf.at/stories/3425677/
f07d6622de61c7ead64699ee9d05cd8a893dcdf079e1b3bb0b12e9e0d1ba4642,2026-04-01 21:20:32.187363+00:00,de,krone.at,krone.at,2026-04-01,Milliarden-Gewinne für Huawei trotz Sanktionen,https://www.krone.at/4095135
03f7619eda65e0117ed59a13038aeae59d6a6d4e198cbf289a2b11f411a49015,2026-04-01 21:20:31.734412+00:00,de,derstandard.at,derstandard.at,2026-04-01,Nato neu bewerten oder ganz verlassen? Europa rätselt weiter über Trumps Pläne,https://www.derstandard.at/consent/tcf/story/3000000315061/nato-neu-bewerten-oder-ganz-verlassen-europa-raetselt-weiter-ueber-trumps-plaene
b63684e03c9201f6291cdeb4fbf2ca9c9312d24bf97a3ac7cf3771041c91f725,2026-04-01 21:20:27.907334+00:00,de,krone.at,krone.at,2026-04-01,The Kooks: „Kultur ist Medizin ohne Verschreibung“,https://www.krone.at/4092006
332a6eaaad2173eefa2a682661ba64c96a49f303a0c8ccbcc4580c321758bfce,2026-04-01 21:20:26.478103+00:00,de,derstandard.at,derstandard.at,2026-04-01,Die Drachen bringen mit dem WM-Ticket Genesung für Bosnien,https://www.derstandard.at/consent/tcf/story/3000000315119/die-drachen-bringen-mit-dem-wm-ticket-genesung-fuer-bosnien
2030474ec238156c3c9ae02781dd5b3c2bcbb0216fd78ab9fbf70b238eb4f210,2026-04-01 21:20:22.236832+00:00,de,krone.at,krone.at,2026-04-01,Anweisung ignoriert: Wird Lukaku nun suspendiert?,https://www.krone.at/4095130
80e4b0dc7be0a373683790f5cba34498d75eac0f7523d8d5c23a5dbc06d8e4e5,2026-04-01 21:20:22.149280+00:00,de,derstandard.at,derstandard.at,2026-03-31,Umfrage: Latein und zweite Fremdsprache für Österreicher fast so sinnlos wie Religion,https://www.derstandard.at/consent/tcf/story/3000000314769/umfrage-latein-und-zweite-fremdsprache-fuer-oesterreicher-fast-so-sinnlos-wie-religion
140958f53ee89db2399e28fa860e3cdf5a07d1668a36f39676eb4ad4c4639031,2026-04-01 21:20:17.816581+00:00,en,krone.at,krone.at,2026-04-01,"Strong Friendly Matches, World Cup Dreams, and Future Prospects",https://www.krone.at/4095799
d06345847c6a44ee04dd5281ac25e00623f3634c29a37eb7f9c5e750ab9fa143,2026-04-01 21:20:16.527913+00:00,de,derstandard.at,derstandard.at,2026-04-01,Stellantis ruft wegen möglicher Brandgefahr 700.000 Autos zurück,https://www.derstandard.at/consent/tcf/story/3000000315099/brandgefahr-stellantis-ruft-700000-autos-zur252ck
d2bd3b9fbd4b3034a0fe5236e5282d6febe296d1d9c8274bffcafc53bd5dfbcc,2026-04-01 21:20:11.847398+00:00,de,krone.at,krone.at,2026-04-01,Mit Leidenschaft und Expertise für Hautgesundheit,https://www.krone.at/4094405
06f39fa68e4bc12abedb32258e96afad262a851550114fc66f61f7f49bc59555,2026-04-01 21:20:11.777999+00:00,de,derstandard.at,derstandard.at,2026-04-01,Oberösterreichische Autorin Karin Peschka erhält Anton-Wildgans-Preis,https://www.derstandard.at/consent/tcf/story/3000000315107/ober246sterreichische-autorin-karin-peschka-erh228lt-anton-wildgans-preis
e0fd56046fa638eeb194ff699cc2387bde9cd3aa133e4423d498a362afe94908,2026-04-01 21:20:07.092124+00:00,de,krone.at,krone.at,2026-04-01,"Real-Ass: „Wenn‘s sein muss, werde ich dich töten“",https://www.krone.at/4096042
872e9267caf72c00f1979b28a73599f6a46ff2a6d4515a7f0a512df39ec079d5,2026-04-01 21:20:06.488779+00:00,de,derstandard.at,derstandard.at,2026-04-01,Rangnicks Reisegruppe wird konkreter: Die Gewinner und Verlierer der ÖFB-Testspiele,https://www.derstandard.at/consent/tcf/story/3000000315019/rangnicks-reisegruppe-wird-konkreter-die-gewinner-und-verlierer-der-oefb-testspiele
b2bd2989a2311472ac83f3d8f7b28977ea564333342f2053b0010c0a8397d3bf,2026-04-01 21:20:02.202161+00:00,en,krone.at,krone.at,2026-04-01,"Jakob (11) was lying on the ground, but the driver kept going",https://www.krone.at/4095105
ae360481690af761df63c53b50899a90408cc2bbc01c45f96bbb8ed2c0af898a,2026-04-01 21:20:01.575518+00:00,de,derstandard.at,derstandard.at,2026-03-30,Stadt Wien hebt Förderstopp auf: Schönbrunner Sommernachtskonzert findet statt,https://www.derstandard.at/consent/tcf/story/3000000314640/stadt-wien-hebt-foerderstopp-auf-schoenbrunner-sommernachtskonzert-findet-statt
4bb236aab60449b6563c9063d473d11f9e964f3375fc309b306daa98557dc767,2026-04-01 21:19:56.952470+00:00,de,krone.at,krone.at,2026-04-01,Arzt nach Nazi-Sager: „Ich bereue alles zutiefst!“,https://www.krone.at/4089856
602e9b5b4bc17ecc35cc67bced1d38e7069155ec4d3fc775ebdaf6c17035a921,2026-04-01 21:19:56.389702+00:00,de,derstandard.at,derstandard.at,2026-04-01,Brandanschlag in London: Drei weitere Festnahmen,https://www.derstandard.at/consent/tcf/story/3000000315133/brandanschlag-in-london-drei-weitere-festnahmen
3d73cafe1ec69a37dac03c24de58cba44bdfd535fc77dd275f79210ebfe2344a,2026-04-01 21:19:51.778696+00:00,en,krone.at,krone.at,2026-04-01,The situation is coming to a head for these gas stations,https://www.krone.at/4095234
7d26f6f5f3f3577bf9af2f70a3a068d7903044da73a0c9639a75632a890f7f1f,2026-04-01 21:19:51.231506+00:00,de,derstandard.at,derstandard.at,2026-04-01,"Erneut explodiert ein Satellit von Starlink – und keiner weiß genau, warum",https://www.derstandard.at/consent/tcf/story/3000000315009/erneut-explodiert-ein-satellit-von-starlink-und-keiner-weiss-genau-warum
92984dc87ae542b736e251585fe85ef113fd65fea4135cc289f699940b7ab2e4,2026-04-01 21:19:46.912180+00:00,de,krone.at,krone.at,2026-04-01,BVB nachlässig? Nun äußert sich Chukwuemeka selbst,https://www.krone.at/4095118
8f06e757eaf0d7841db63dffbd1fe2cda6d000485712821eaac34c7c0c984321,2026-04-01 21:19:46.553237+00:00,de,derstandard.at,derstandard.at,2026-04-01,In der Bildungspolitik siegen immer noch die Bremser,https://www.derstandard.at/consent/tcf/story/3000000315102/in-der-bildungspolitik-siegen-immer-noch-die-bremser
133b0d815f996ef5c84254c6f77695e7eaa772bd3007c4fb75123b84cad2d883,2026-04-01 21:19:41.622898+00:00,de,krone.at,krone.at,2026-04-01,"Tiermord, Wirtschaftskrise und Katzen-Stadtporträt",https://www.krone.at/4095502
93becb4d9fd29d607fc4120c9bc9f1d227d7c012cdc29493f245b148f47fc467,2026-04-01 21:19:37.656887+00:00,de,krone.at,krone.at,2026-04-01,Horror-Hattrick perfekt! Italien im Tal der Tränen,https://www.krone.at/4095117
e6d1fe354face44e0d436b51b823ba0ec9a901f62b4010fd1df22a0f57555880,2026-04-01 21:19:36.616308+00:00,de,derstandard.at,derstandard.at,2026-04-01,Fußball: Bayern München erreichte Frauen-CL-Halbfinale,https://www.derstandard.at/consent/tcf/story/3000000315145/fu223ball-bayern-m252nchen-erreichte-frauen-cl-halbfinale
881d9d30ca21495574bfd39a00332fee697ab14b22ad26c0619aa7f5afedde92,2026-04-01 21:19:31.757981+00:00,en,krone.at,krone.at,2026-04-01,ÖSV Eagle Retires: “Ready for the Next Leap”,https://www.krone.at/4095611
75336f5347f4b0a80dd05198b1d28c3e3785f99cca1d984c4c13c8539ae13c6b,2026-04-01 21:19:27.042524+00:00,de,krone.at,krone.at,2026-04-01,Diese Schlange gibt es in ganz Europa nur ein Mal,https://www.krone.at/4094931
44a228db476aabf9d596e05238505f1a56823167348d37bd9021b099cf5fa93a,2026-04-01 21:19:26.515487+00:00,de,derstandard.at,derstandard.at,2026-04-01,"""Neighbors"" auf HBO Max: Der Feind wohnt nebenan",https://www.derstandard.at/consent/tcf/story/3000000314273/neighbors-auf-hbo-max-der-feind-wohnt-nebenan
7cd648b11611253a0c104413c056ad0f3f517b0d6893c45b92a016716dfce105,2026-04-01 21:19:22.113399+00:00,de,krone.at,krone.at,2026-04-01,Kärntner-Liga-Trainer hört nach nur einem Jahr auf,https://www.krone.at/4095887
a1af7ce052d05b049351a48a7a02601f33a2c3b276162adf043970d9aaa97abc,2026-04-01 21:19:21.485797+00:00,de,derstandard.at,derstandard.at,2026-04-01,Herbert Grönemeyer mit Deutschem Nationalpreis ausgezeichnet,https://www.derstandard.at/consent/tcf/story/3000000315116/gr246nemeyer-mit-deutschem-nationalpreis-ausgezeichnet
cd864d10dfc64a8b69c4cb980fe369fb3016925d79de3d50b89112a4e82253b9,2026-04-01 21:19:16.947543+00:00,de,krone.at,krone.at,2026-04-01,Als engagierte Mutter von Bürokratie bestraft,https://www.krone.at/4094188
b2f82fc6f3ea975517e72597b45b3a66fa10f254b415550705c4df8bb5820b5a,2026-04-01 21:19:12.160434+00:00,de,krone.at,krone.at,2026-04-01,Keine verdiente pro Punkt so viel wie Leonie Zegg,https://www.krone.at/4094417
9c3665e2db338ac9184bf7af079e62521e4ba6fc07b8e367b8eebe0bdea6b5c2,2026-04-01 21:19:11.395171+00:00,de,derstandard.at,derstandard.at,2026-04-01,Attacke auf Mutter und Schwester: Einweisung von Teenager beantragt,https://www.derstandard.at/consent/tcf/story/3000000315049/attacke-auf-mutter-und-schwester-einweisung-von-teenager-beantragt
34507c73c7185421a1b6ddf1840f0740411b342bfab3c93da8b49c2ce851948b,2026-04-01 21:19:06.700233+00:00,en,krone.at,krone.at,2026-04-01,Oligarch Deripaska Paints a Bleak Picture for Russia,https://www.krone.at/4096013
f392152b042eece777237b2b005918d6b12a9610e9e6ea5e126f6bf7d2077cb9,2026-04-01 21:19:06.341977+00:00,de,derstandard.at,derstandard.at,2026-04-01,"Völlig losgelöst von der Erde: Kid Rock und Trump lieben alles, was fliegt",https://www.derstandard.at/consent/tcf/story/3000000315011/voellig-losgeloest-von-der-erde-kid-rock-und-trump-lieben-alles-was-fliegt
5584b7f4e048d44bf907e5c20fd94cd795ab1c6309d1b7caf44d5a4243875036,2026-04-01 21:19:01.996698+00:00,en,krone.at,krone.at,2026-04-01,Handball legend found dead in hotel room!,https://www.krone.at/4096008
bb04b503c2e585f73c1606412943f53cef8dd0c5fadd807381e9cf2de6efd84c,2026-04-01 21:19:01.483536+00:00,de,derstandard.at,derstandard.at,2026-04-01,Ryanair warnt vor deutlich höheren Ticketpreisen,https://www.derstandard.at/consent/tcf/story/3000000315063/ryanair-warnt-vor-deutlich-hoeheren-ticketpreisen
bcdebdfb6ab846c45cddc11458fad12ad7fcf2ba5c113a13d1b41e7cdbb91f71,2026-04-01 21:18:57.020423+00:00,de,krone.at,krone.at,2026-04-01,Jubelnder Finanzminister,https://www.krone.at/4095336
8f1eaf112d634d699296b4014fa509ad882a035de3b03e17ff66bb935d1975cf,2026-04-01 21:18:56.492071+00:00,de,derstandard.at,derstandard.at,2026-04-01,"Die Huthis helfen Teheran, die globalen Kosten in die Höhe zu treiben",https://www.derstandard.at/consent/tcf/story/3000000314808/die-huthis-helfen-teheran-die-globalen-kosten-in-die-hoehe-zu-treiben
02fe27a5550e4675cadbe9339d197f4c9a020343921e0d0c42f39869206e2058,2026-04-01 21:18:53.273573+00:00,en,krone.at,krone.at,2026-04-01,With the “Krone” to the Woodstock Weinroas,https://www.krone.at/3309123
9b47fbac7ad89b86d48bfb601162df73eb16f6f3fa92a912a98d2d64e87e3770,2026-04-01 21:18:47.619986+00:00,de,krone.at,krone.at,2026-04-01,Den Frühling in der Ferienwelt Kesselgrub genießen,https://www.krone.at/4088610
f94ba77f4290a5c3172823b906e1f3a5f91544fa0b82ad532dba172753bfa20d,2026-04-01 21:18:42.085987+00:00,de,krone.at,krone.at,2026-04-01,BMW legt weitere Version des iX3 Neue Klasse auf,https://www.krone.at/4095012
1605a1de0fcab762c4524a022aa2e336d48206268984578a34ec5aca4e38aeab,2026-04-01 21:18:41.625890+00:00,de,derstandard.at,derstandard.at,2026-04-01,Nach Brandkatastrophe in Crans-Montana: Schweiz verschärft Regeln für Feuerwerk,https://www.derstandard.at/consent/tcf/story/3000000314982/nach-brandkatastrophe-in-crans-montana-schweiz-verschaerft-regeln-fuer-feuerwerk
792eedabef3754de39310d2255f5c0358049ed39e6433ab583ebab1336ea1f6b,2026-04-01 21:18:37.027022+00:00,en,krone.at,krone.at,2026-04-01,Kerosene crisis could now make summer vacations more expensive,https://www.krone.at/4096040
0b79e79ad33e27134b34201cfde11b3cd79bd94b8b2e7f1e5ea166b64a810f33,2026-04-01 21:18:36.799659+00:00,de,derstandard.at,derstandard.at,2026-03-30,"Social Media ab 14, Rauchen ab 18: Ab wann dürfen junge Menschen was?",https://www.derstandard.at/consent/tcf/story/3000000314719/social-media-ab-14-rauchen-ab-18-ab-wann-duerfen-junge-menschen-was
69f6fe862ac19e82695aa10db74c2053f0b11fb6e4efa1d222de9a5c29262cb0,2026-04-01 21:18:32.507995+00:00,de,krone.at,krone.at,2026-04-01,Luxus auf Teller: Wutwirt serviert teuerstes Rind,https://www.krone.at/4094544
29a0eab27bac32ceb75949a34adbf8b81041228a094f9ef1683afe26229e040c,2026-04-01 21:18:31.661684+00:00,de,derstandard.at,derstandard.at,2026-04-01,China: Panne stoppte selbstfahrende Taxis während der Fahrt,https://www.derstandard.at/consent/tcf/story/3000000315000/china-panne-stoppte-selbstfahrende-taxis-waehrend-der-fahrt
09ec253db1d68f2072b01bbb25b3880152756ec4df7a9d2750a53014b0a06a18,2026-04-01 21:18:27.542418+00:00,de,derstandard.at,derstandard.at,2026-04-01,Handel macht Playstation schon vor der offiziellen Preiserhöhung teurer,https://www.derstandard.at/consent/tcf/story/3000000314923/handel-macht-playstation-schon-vor-der-offiziellen-preiserhoehung-teurer
6bc2d68ccb9b05a01824ccd89de6f9834bfca3b5141f1e8270c57c0b142d0337,2026-04-01 21:18:27.388185+00:00,en,krone.at,krone.at,2026-04-01,Automatically saved draft,https://www.krone.at/4095954
c5e093f3386b81d0228d96a0d6400bbe4c2ef8c4ac67a017ea9bc5df7decbcc4,2026-04-01 21:18:22.088578+00:00,de,krone.at,krone.at,2026-04-01,Der Frühling legt zu Ostern eine Punktlandung hin,https://www.krone.at/4094703
30b80a7193d15c675cbbe5b7bda8531283df970569b310976b55a940c6da841a,2026-04-01 21:18:21.947821+00:00,de,derstandard.at,derstandard.at,2026-04-01,"Hoyos zu Wehrpflicht: ""8+2""-Modell nicht Neos-Position",https://www.derstandard.at/consent/tcf/story/3000000315051/hoyos-zu-wehrpflicht-82-modell-nicht-neos-position
f7eed0e273c71657c5459b9199c83a963a7b56dff8ad1f457a47cb9ecf092384,2026-04-01 21:18:16.966564+00:00,en,krone.at,krone.at,2026-04-01,Pioneers Vorarlberg are on the verge of disbanding,https://www.krone.at/4095903
afd773fa90b6c231f752b7a7f0dc915c3911de7c2b97b1d951fecc3502017f86,2026-04-01 21:18:12.067707+00:00,de,krone.at,krone.at,2026-04-01,Jakob Pöltls Toronto Raptors verlieren in Detroit,https://www.krone.at/4095136
f6f3d0cc9e347a2b3d8e5412afd01f2fc1202ff668c293d79aa4dd034a1ef752,2026-04-01 21:18:11.817514+00:00,de,derstandard.at,derstandard.at,2026-04-01,"Einzelspielerkritik: Ein Big Saver, ein Unterschiedsspieler und einige gute Laufwege",https://www.derstandard.at/consent/tcf/story/3000000314976/einzelspielerkritik-ein-big-saver-ein-unterschiedsspieler-und-einige-gute-laufwege
15891a225829f9bf03785bde85a342bc5d0091f0a2648b18ab0ede88b80e5f9d,2026-04-01 21:18:06.942530+00:00,de,krone.at,krone.at,2026-04-01,Katastrophale Zustände: 39 Rassehunde gerettet,https://www.krone.at/4095127
975cba591d306b1b81d87e56c9fc7297ee43593face7cf74b7e5b2411af42a5e,2026-04-01 21:18:06.464779+00:00,de,derstandard.at,derstandard.at,2026-03-31,Worauf sollte man beim Airfryer achten?,https://www.derstandard.at/consent/tcf/story/3000000313396/worauf-sollte-man-beim-airfryer-achten
e1ef75142f251e12a90dd0b4f459f72fc3bf9a5ec3af3f19f292175ef27123aa,2026-04-01 21:18:02.562695+00:00,en,krone.at,krone.at,2026-04-01,Reward Offered for Vienna Antelope Killer,https://www.krone.at/4095393
b0f34713ca0daf3a56eaea5b9a152a0d73d121e34d94fe7cf0fdcc78511beb56,2026-04-01 21:18:02.179888+00:00,de,derstandard.at,derstandard.at,2026-03-30,Wie man Wildkräuter richtig sammelt und verarbeitet,https://www.derstandard.at/consent/tcf/story/3000000314669/wie-man-wildkraeuter-richtig-sammelt-und-verarbeitet
3fe6c0318497767d3bec7e91ccd09cb0002afbd74da112f9b73542b0816b3505,2026-04-01 21:17:57.601575+00:00,de,krone.at,krone.at,2026-04-01,Eine starke Rückkehr mit dem Assist als Höhepunkt,https://www.krone.at/4095098
cb7cd33a526659d6c8fb5fe4b688ec86de67ccfc374a8106bff3621b330453ce,2026-04-01 21:17:52.258987+00:00,de,krone.at,krone.at,2026-04-01,Bodensee-Schiffe stechen wieder in See,https://www.krone.at/4094833
2595963ad68ae464d05b9a12b45bfd1abf858e1a57203c66fd59fbe313d7fcb7,2026-04-01 21:17:51.769840+00:00,de,derstandard.at,derstandard.at,2026-03-31,"Wenige Minuten ins Zentrum: Wer diese Städte anfliegt, hat mehr vom Urlaub",https://www.derstandard.at/consent/tcf/story/3000000314945/wenige-minuten-ins-zentrum-wer-diese-staedte-anfliegt-hat-mehr-vom-urlaub
2b655e22c1f7534891349abf550ed48568e6671c1e018b547e971c721e1fb72c,2026-04-01 21:17:47.602003+00:00,de,krone.at,krone.at,2026-04-01,Kramerladen in Zederhaus ist gerettet,https://www.krone.at/4094594
4384f9e291a14ecf03a176b4796f86b9f599c6d0f170f8a3b34122c8554e62c6,2026-04-01 21:17:46.609236+00:00,de,derstandard.at,derstandard.at,2026-04-01,"Ab heute lohnt sich ein Blick auf den Smart Meter, um Geld zu sparen",https://www.derstandard.at/consent/tcf/story/3000000314999/ab-heute-lohnt-sich-ein-blick-auf-den-smart-meter-um-geld-zu-sparen
4357bb0be16e170502457f5db0a1abc75923781cb0ff35f67a3cf0192d159221,2026-04-01 21:17:42.170608+00:00,en,krone.at,krone.at,2026-04-01,VICTORY! Bayern Reaches Champions League Semifinals,https://www.krone.at/4096033
1a0b40c0a5c02c9b16833b1206dac0ba4e5b303d63a89d2b75bc8f7d698ffc0d,2026-04-01 21:17:41.842836+00:00,de,derstandard.at,derstandard.at,2026-04-01,Boot mit Migranten kentert vor Türkei: mindestens 19 Tote,https://www.derstandard.at/consent/tcf/story/3000000315056/boot-mit-migranten-kentert-vor-tuerkei-mindestens-18-tote
25cb03eab37321489bc3af6c7c3897b68d8e58e4ce64dc2d530f8542f48dc893,2026-04-01 21:17:37.891160+00:00,de,krone.at,krone.at,2026-04-01,Welche Rechte haben Fluggäste bei Verspätungen?,https://www.krone.at/4094171
0fb2d2d5054e2091097f1f4260265867dddb3051890d13e8314fe5519930d7a6,2026-04-01 21:17:36.558044+00:00,de,derstandard.at,derstandard.at,2026-04-01,Versehentlich geleakter Quellcode von Claude-KI verrät Geheimnisse,https://www.derstandard.at/consent/tcf/story/3000000315060/versehentlich-geleakter-quellcode-von-claude-ki-verraet-geheimnisse
132c31091b4757965c58015a2791caa55ef6f385ae76752a000c2727f708e0dd,2026-04-01 21:17:32.315553+00:00,de,derstandard.at,derstandard.at,2026-04-01,NBA: Für Toronto war in Detroit nach einem Fehlstart nichts zu holen,https://www.derstandard.at/consent/tcf/story/3000000315008/basketball-f252r-toronto-war-in-detroit-nichts-zu-holen
f6947e3f1b5c4e9015ab7e99214732e961a3f96028b1647c1133f416a1999f8a,2026-04-01 21:17:32.296203+00:00,de,krone.at,krone.at,2026-04-01,„Black Jack“ holte den F1-Titel im eigenen Auto!,https://www.krone.at/4093145
6a747de1a7285874d1c420fbfe3492059d922fa903894978b510186142345c71,2026-04-01 21:17:27.725011+00:00,de,krone.at,krone.at,2026-04-01,Im März fast minus 60 Prozent Regen in Salzburg,https://www.krone.at/4094796
3da772347cc5b0b2e90f02b4b222c10c002cb3230fe22583bbfe2987868f4d62,2026-04-01 21:17:22.726888+00:00,de,krone.at,krone.at,2026-04-01,Deepfake-Pornos nicht strafbar: Gesetz gefordert,https://www.krone.at/4092000
f240f8e8072c738b6dfd34e0616a87db4364703e22f804b1bf56bec5e5e3023e,2026-04-01 21:17:22.222172+00:00,de,derstandard.at,derstandard.at,2026-04-01,Folgen des Irankriegs: Institute halbieren deutsche Wachstumsprognose,https://www.derstandard.at/consent/tcf/story/3000000315021/folgen-des-irankriegs-institute-halbieren-deutsche-wachstumsprognose
5cb321f56678c7b34d55d71e9137df4e510671c72376ee196afb1fed60a357f1,2026-04-01 21:17:18.008650+00:00,de,krone.at,krone.at,2026-04-01,Zurück! 30 Minuten reichten für Davids Lächeln,https://www.krone.at/4095107
81f7a859e7c47c52a2638fac696905dc5f21396a4e77667262c86cadeca65c90,2026-04-01 21:17:17.920430+00:00,de,derstandard.at,derstandard.at,2026-04-01,Was man über die Spritpreisbremse wissen sollte und was sie bringt,https://www.derstandard.at/consent/tcf/story/3000000314972/was-man-ueber-die-spritpreisbremse-wissen-sollte-und-was-sie-bringt
d716cbf3fe86cea12d389b1c85ad0a34e68dd26dbc924d3600699d58c0e6e030,2026-04-01 21:17:14.491345+00:00,de,krone.at,krone.at,2026-04-01,Diese Frage sorgt bei Rangnick für Kopfzerbrechen,https://www.krone.at/4095110
181354331a5826da70e47dee8a5dca84fc0ce688fb98b50fa63f435164080a72,2026-04-01 21:17:11.269477+00:00,en,krone.at,krone.at,2026-04-01,Arnautovic surprised everyone: “I have an offer from LASK”,https://www.krone.at/4095484
60af19fc916db51445306d922e5ac434204d64a31263efa45b671ea5a59c4f41,2026-04-01 20:54:43.283312+00:00,de,krone.at,krone.at,2026-04-01,„In Falle getappt“ und „von Bosnien begraben“,https://www.krone.at/4095221
1752dbdb86af75032d055699b47e420b2dc865353d9cdf484b3d5583375bf1c1,2026-04-01 20:54:38.089582+00:00,de,krone.at,krone.at,2026-04-01,„Arnie“ über Test-Doppel ++ Wild Card für Tagger,https://www.krone.at/4095828
5ad28a0503dfd1671a0c380403fb6b1fd8385333de636c53e0d1e053431fa998,2026-04-01 20:54:33.224608+00:00,de,krone.at,krone.at,2026-04-01,Hiemer & Verbnjak bei Vertical-Weltcup auf Podest,https://www.krone.at/4095871
3a0aec0c2c2993e1252f6f37aae0e9106b796b1830e9bc21b3fce59218208905,2026-04-01 20:54:28.110729+00:00,de,krone.at,krone.at,2026-04-01,Prinzessin Annes Sohn gibt Hochzeitstermin bekannt,https://www.krone.at/4095506
60a9891bac8744d0f66416210a0421ad9840ab3ae1a4e24dace0d82271b5eb9c,2026-04-01 20:54:23.161530+00:00,de,krone.at,krone.at,2026-04-01,Irak und DR Kongo schnappen sich letzte WM-Tickets,https://www.krone.at/4095139
8a80e946f63cc8776bb62713b1faef278965193bd9253fc41953453ef6152303,2026-04-01 20:54:18.136774+00:00,de,krone.at,krone.at,2026-04-01,SIEG! Bayern erreicht Champions-League-Halbfinale,https://www.krone.at/4096030
80e652bb8ea46fce42df7a719cf9faed7a858cfee3d529b235ce16ac46ff046a,2026-04-01 20:54:13.255910+00:00,de,krone.at,krone.at,2026-04-01,Florence Pugh: Liebes-Outing auf Instagram,https://www.krone.at/4095479
a73459c669360f25af5134bc217e3557c5a2f3d23f9f551396dedbff0277ed02,2026-04-01 20:54:10.007887+00:00,de,krone.at,krone.at,2026-04-01,"Gute Testspiele, WM-Träume und Zukunftsperspektive",https://www.krone.at/4095739
6f5c10a0b13cf756bb730d39fdc58e91a45a53d77b16124e60883cae13d5e2ce,2026-04-01 20:54:03.206373+00:00,de,krone.at,krone.at,2026-04-01,Lika Doss widmet ihr erstes Album dem Herzschmerz,https://www.krone.at/4094602
c51df242b04728100f6c82cd90d60e0cb9ca563d26f58c8736a01640631629b8,2026-04-01 20:53:58.466631+00:00,de,krone.at,krone.at,2026-04-01,Stainz: Wirtschaftsgebäude wurde Raub der Flammen,https://www.krone.at/4095980
b4ce31ce85ff272eae21d7109ee573f0ef0b2812f2f7b340b02bdba8cdd5f67c,2026-04-01 20:53:53.345827+00:00,de,krone.at,krone.at,2026-04-01,„Vor jedem Kind ist unsichtbarer Zebrastreifen“,https://www.krone.at/4095735
783c89fa24277287ac7358d3568220f88d542d13ce2c72d63ca8e6bbabce307a,2026-04-01 20:53:48.220574+00:00,de,krone.at,krone.at,2026-04-01,Knifflige Rätsel warten auf Sie in Entenhausen,https://www.krone.at/4093193
7d8dd4ecd641a790ca99266ff7dc2ad485dd8434d4fe6e7ea0a89c22b4ca340f,2026-04-01 20:53:43.136360+00:00,de,krone.at,krone.at,2026-04-01,Regeln für das Osterfeuer: Das ist zu beachten,https://www.krone.at/4094323
e23e16ae3b55786ef79fa0c915a0f0dd3fc178a18768d87bbff4f1d2a75a53c4,2026-04-01 20:53:38.455164+00:00,de,krone.at,krone.at,2026-04-01,Hormuz: Trump droht mit Waffenstopp für Ukraine,https://www.krone.at/4096016
30eb18ab94c3c1360c910f3012d60d81ecc22785e704f7622fb855084fd14503,2026-04-01 20:53:33.136327+00:00,de,krone.at,krone.at,2026-04-01,Neuer Vize startet nach überraschendem Rückzug,https://www.krone.at/4094626
74d25a3859d312d576aae4735b5722b0a0bca271e7340e5bb5cdc9b484b0606f,2026-04-01 20:53:28.274687+00:00,de,krone.at,krone.at,2026-04-01,Kerosin-Krise könnte jetzt Sommerurlaube verteuern,https://www.krone.at/4095522
6577d069a2d4512c5f2dc662cf3271be91cf504e3e1da1d6a522042adea804cb,2026-04-01 20:53:23.226456+00:00,de,krone.at,krone.at,2026-04-01,Warum Teamchef Rangnick kein Casting mehr macht,https://www.krone.at/4095623
86d046e0c5311f9b9505a91983b9011b6d9d49189ba41db5fac76ade48da5d36,2026-04-01 20:53:18.170266+00:00,de,krone.at,krone.at,2026-04-01,Drogenlenker war mit Baby im Auto unterwegs,https://www.krone.at/4095214
42c164da3c04d0d2c35bdab12c1cb2f1e087e59b2813afda58cb8a0c9a5a694a,2026-04-01 20:53:12.823732+00:00,de,krone.at,krone.at,2026-04-01,Bester Knipser von Salzburg spielt in Rom,https://www.krone.at/4094563
7667cfdca0aa704d181c9b54c98eda94465fad4467252203c6e931083ad4a240,2026-04-01 20:53:08.142991+00:00,de,krone.at,krone.at,2026-04-01,Kleintransporter oft mit groben Mängeln unterwegs,https://www.krone.at/4096004
2f34b4fdae12426e24109041621033281850381ee47d08a70778678ada2be693,2026-04-01 20:53:03.144245+00:00,de,krone.at,krone.at,2026-04-01,Zwei Pongauer Serieneinbrecher gefasst,https://www.krone.at/4095783
e121634d1c86edd7880de83b11b93a5e2096d1e7e7da04d1a65b4e65a6bd680c,2026-04-01 20:52:58.362028+00:00,de,krone.at,krone.at,2026-04-01,Pünktlich zur Ostereiersuche: Sonne und 21 Grad!,https://www.krone.at/4095209
090b82dd5e3494cd537e3028cfce1f00bbb262b94996412551f4f00f800f0e19,2026-04-01 20:52:53.634213+00:00,de,krone.at,krone.at,2026-04-01,Mädchensport? Frauen fehlen nach wie vor an Spitze,https://www.krone.at/4093151
888d9ad5409f7d1dad90034f7b6dcb81f77c2a9ba08df837b11210c49a73f632,2026-04-01 20:52:48.270292+00:00,de,krone.at,krone.at,2026-04-01,Mehr als doppelt so viele Todesopfer im Verkehr,https://www.krone.at/4095269
29c289ae1b97e68f15158f0a1be39b61687c7650efccbce8094a1f9125b53331,2026-04-01 20:52:43.297798+00:00,de,krone.at,krone.at,2026-04-01,„Das ist für mich schon sehr beeindruckend“,https://www.krone.at/4095215
e1683694126e0cf4d25a4ba04f1fbb580c0873f9a310a4c81e882dc5f68238e8,2026-04-01 20:52:39.739772+00:00,de,krone.at,krone.at,2026-04-01,Scharfe Kontrollen der Polizei im Osterverkehr,https://www.krone.at/4096021
2fa9e7f2692743b4434ec828c0e112d3d5f8d449f58a076650e3084ed47aa664,2026-04-01 20:51:03.128806+00:00,de,krone.at,krone.at,2026-04-01,Flucht und Schüsse: Autos von Teenies aufgebrochen,https://www.krone.at/4095387
90dd4b99b6c19a59f654afacc102364437a6cb185180feba130364e41071740c,2026-04-01 20:50:58.318709+00:00,de,krone.at,krone.at,2026-04-01,Von brachial bis zart: Georg Baselitz‘ Spätwerk,https://www.krone.at/4094817
7d66a52f0e0c223da0f5fd70f95bd532e135403bc1efb4152006e22371b8bd49,2026-04-01 20:50:53.215633+00:00,de,krone.at,krone.at,2026-04-01,Luftiger Osterzopf: Ein „Must-have“ für Ostern,https://www.krone.at/4088586
514ae4e6c742261753aec713ec0d4afc898757191d5469db91b7ac4e3bc86b2e,2026-04-01 20:50:48.449457+00:00,de,krone.at,krone.at,2026-04-01,Letzter Bregenz trennt sich von Trainer Tanaskovic,https://www.krone.at/4095833
0f1c1237a312e067a2a5b279d65943af02cd3bdbd476ac201a352a723c037ece,2026-04-01 20:50:43.294068+00:00,de,krone.at,krone.at,2026-04-01,Zettel zerrissen! Donnarumma sorgt für Aufregung,https://www.krone.at/4095150
2fcd0584a78f120bfa95de90bca42ddcc821d245a005a15e658829cb710ede0f,2026-04-01 20:50:38.126165+00:00,de,krone.at,krone.at,2026-04-01,Zendaya und Pattinson provozieren mit neuem Film,https://www.krone.at/4095794
468b2945eb92f250ed45643d39fc8d39be053ade709be9b5f09ee1f2a83be174,2026-04-01 20:50:33.294445+00:00,de,krone.at,krone.at,2026-04-01,Megan Thee Stallion: Notfall während Broadway-Show,https://www.krone.at/4095171
3a3950ebe2b15065636b65c0c0f3d3a1877a6338af5220360c8fab9bf67f20f7,2026-04-01 20:50:27.675664+00:00,de,krone.at,krone.at,2026-04-01,Taylor Swift ehrt mit neuem Video Elizabeth Taylor,https://www.krone.at/4095143
04a36b2139ff97bca6d8cc588879713662f3c2a083926d4f6a4cef9050b90992,2026-04-01 20:50:23.187531+00:00,de,krone.at,krone.at,2026-04-01,Österreicher Mitter übernimmt die deutschen Adler,https://www.krone.at/4095631
68d7b84277b6fe3e91a9a15c59152e2edcf0494e306cf7101d99d94a4d9fe2cf,2026-04-01 20:50:18.511866+00:00,de,krone.at,krone.at,2026-04-01,ÖFB-Team weiter auf Platz 24 ++ Frankreich führt,https://www.krone.at/4095835
79018c8a71cac1e79caec89f0ffc212392b71e8c3d358ca15cd8d4e70668c6e0,2026-04-01 20:50:13.375111+00:00,de,krone.at,krone.at,2026-04-01,Arabella Koller: „Härtester Kampf meiner Karriere“,https://www.krone.at/4095455
7ca00a6ee484ef41beebf54ad018f065b67900727699763d6f0bb4006294a355,2026-04-01 20:50:08.669934+00:00,de,krone.at,krone.at,2026-04-01,Alarm: Fast 80% zweifeln am Schutz Österreichs!,https://www.krone.at/4095203
32cf42f9b1af0864729cb997cd9562d267eb407541df1b97245cefc1fbf46a74,2026-04-01 20:50:05.162495+00:00,de,krone.at,krone.at,2026-04-01,Rettung im Schnee: Labrador stürzt bei Skitour ab,https://www.krone.at/4095964
f33df3e0e7e9a7b661e115c8459bef0f27ae2bf5b99b31255227a4e8668450d4,2026-04-01 20:49:58.392745+00:00,de,krone.at,krone.at,2026-04-01,Wildcard! Lilli Tagger schlägt in Linz auf,https://www.krone.at/4095384
e1019ac0f501c657e8a36b28d921e3d2439c5b9e58bf7e16b0efcb080814a599,2026-04-01 20:49:53.152935+00:00,de,krone.at,krone.at,2026-04-01,„Kleiner Drache“ zieht gegen OpenAI vor Gericht,https://www.krone.at/4095145
3b10937c8a1570b9824c0b86400f1b416b64780be6ab96922d29b49e6e6bd4e9,2026-04-01 20:49:48.283076+00:00,de,krone.at,krone.at,2026-04-01,Ein Orchesterkonzert mit ABBA-Kulthits erleben,https://www.krone.at/4095211
c5c0dd5a40525e04fe98f8005ff4f1105596e91a593299d6442b88a2f95d137d,2026-04-01 20:49:43.213747+00:00,de,krone.at,krone.at,2026-04-01,60 Jahre Wutscher: „Brille ist kein Onlineprodukt“,https://www.krone.at/4090996
e2c4751137137c04614af325a5ffbde4962711174f41511d56ecd600619e6bb2,2026-04-01 20:49:38.775386+00:00,de,krone.at,krone.at,2026-04-01,So machte sich Shay Mitchell für „Baywatch“ fit,https://www.krone.at/4095629
dfc3aada256069427e9ceec3b79de395446f5be10c936016934b57ee160eacad,2026-04-01 20:49:33.142487+00:00,de,krone.at,krone.at,2026-04-01,Falsches Alibi: „In meinem Land macht man das so“,https://www.krone.at/4094480
240b853cb167f9ce1cca5ba4637f12b14edf0eb960fdf820e1dacae7a28699d9,2026-04-01 20:49:28.550369+00:00,de,krone.at,krone.at,2026-04-01,„Dafür musste Hamilton am Ende den Preis bezahlen“,https://www.krone.at/4095365
5f4950fbb1a54e60bda28665f2bd1f72a0428f53229f7a5fc304d23a0b83ba2a,2026-04-01 20:49:23.113448+00:00,de,krone.at,krone.at,2026-04-01,"„Werden Polizei bitten, mehr zu kontrollieren“",https://www.krone.at/4094764
f506a887c1da7c909bd93e4df85c82f1c2462fe810e1dfc1239ec27fe8fa5756,2026-04-01 20:49:18.438712+00:00,de,krone.at,krone.at,2026-04-01,"Blazan erneut verletzt, Team sucht Trainer",https://www.krone.at/4095311
43c0ba0dd77affb67a6ce570f2b9772db2f61d68c0344a73d752b34e2992203c,2026-04-01 20:49:13.114119+00:00,de,krone.at,krone.at,2026-04-01,27-Jähriger rammt Mauer: Pkw kippt auf Seite,https://www.krone.at/4095228
a32bb9df8830ecb0021f9651d880c41ce2eb10cab788f7806eed1b6749725f23,2026-04-01 20:49:08.479703+00:00,de,krone.at,krone.at,2026-04-01,"April, April – und das Internet spielt verrückt",https://www.krone.at/4095338
df59b3f23a5d941cd43a36b45a01374163185e1a5670e5677dcd98931e7b5ddc,2026-04-01 20:49:03.132963+00:00,de,krone.at,krone.at,2026-04-01,Iran-Krieg treibt Preise: Fliegen immer teurer,https://www.krone.at/4095550
e36b6cebc595944d88c89d70bf969a3293ea201c89cb600b1e0c1708921018c3,2026-04-01 20:48:58.177778+00:00,de,krone.at,krone.at,2026-04-01,Männer kümmern sich zu selten um ihre Gesundheit,https://www.krone.at/4093356
0fc626632a8b521228c4c1002baee8a95bb001815b0cf91fb29face07e59a99a,2026-04-01 20:48:53.260753+00:00,de,krone.at,krone.at,2026-04-01,Gute Nachwuchsarbeit reicht leider nicht,https://www.krone.at/4095630
30ab03120b1179fea806673bce227bf042ac0f4f6a359ff0a003a7a28ad81809,2026-04-01 20:48:48.195182+00:00,de,krone.at,krone.at,2026-04-01,"Ohrwürmer, wilde Partys und Action im Ski-Finale",https://www.krone.at/4095734
27cae2404916e3ec234cd08b49981726dd3d650154f83ec7534211ae2cdd5f31,2026-04-01 20:48:43.133235+00:00,de,krone.at,krone.at,2026-04-01,Hoffnung für Wal „Timmy“ schwindet ++ Oster-Sonne,https://www.krone.at/4095795
6fb611f721b11cae4bd1626951eaf7d3e75f5641783f6913f97347470e9b8f7c,2026-04-01 20:48:38.246335+00:00,de,krone.at,krone.at,2026-04-01,16-Jähriger bedrohte mehrere Personen mit Messer,https://www.krone.at/4095907
7b16a0b266d3e620571a709d1e13b96d776738481ea45eca501e0024393d1efb,2026-04-01 20:48:33.145870+00:00,de,krone.at,krone.at,2026-04-01,Sängerin Lizzo plaudert pikantes Sex-Geheimnis aus,https://www.krone.at/4095724
669feeeaec08c850243987cb620287c865fb2f405f1203298a2818d0e2ed0add,2026-04-01 20:48:28.595892+00:00,de,krone.at,krone.at,2026-04-01,Wie die USA im Iran ihre neuen KI-Waffen erproben,https://www.krone.at/4095250
b63620631e30ba6f7780124ae0f2281e4326011866b74faad1441468e99c5d85,2026-04-01 20:28:45.985099+00:00,de,krone.at,krone.at,2026-04-01,Familie von Epstein-Opfer will Treffen mit Charles,https://www.krone.at/4095362
e8180cd1188709fbd518b7a12f58239d4ac12e680e0956329b63f5d216ba8bc9,2026-04-01 20:28:41.348417+00:00,de,krone.at,krone.at,2026-04-01,38-Jähriger von Holzstamm getroffen und verletzt,https://www.krone.at/4095758
e20e3568573353a5dc13a7efd03cc0f5322aca5c80c8866f665eceeffa03ed38,2026-04-01 20:28:35.983562+00:00,de,krone.at,krone.at,2026-04-01,Handball-Legende tot im Hotelzimmer aufgefunden!,https://www.krone.at/4095999
9d7feaa09f00163991323ed5195ce0eefaf79bd8f1bc3ef1c24c2c69dba5fe99,2026-04-01 20:28:31.330239+00:00,de,krone.at,krone.at,2026-04-01,Nachwuchs gesucht: „Orgel hat ein Imageproblem“,https://www.krone.at/4094290
10e8a085577fc1e37d8b265ac06c9c244f979315da28c8a862f32a7425763d11,2026-04-01 20:28:25.978352+00:00,de,krone.at,krone.at,2026-04-01,„Unfall hätte mich fast in Rollstuhl befördert!“,https://www.krone.at/4094414
a6cdd345b1835934aebc3936fceb7e6d086cb16919571eda4a66c5e6b309d107,2026-04-01 20:28:21.322138+00:00,de,krone.at,krone.at,2026-04-01,Iran droht mit Angriffen auf US-Tech-Konzerne,https://www.krone.at/4095162
be10a2833d393c88fe020fe8de1e2ecb5ab0ec068d6194ff1b49e72678371342,2026-04-01 20:28:16.258430+00:00,de,krone.at,krone.at,2026-04-01,Arnautovic verblüffte: „Habe Angebot vom LASK“,https://www.krone.at/4095444
afeef51281f29358c801d173fb037b4a4b1e0f510685e254be7638f037771b50,2026-04-01 20:28:11.104607+00:00,de,krone.at,krone.at,2026-04-01,Letzte Tickets vergeben: Alle Gruppen im Überblick,https://www.krone.at/4095183
71263635168f7ed305a510c65f52ee28600d0b5ed7de7cecc8d4c6159ad7f9af,2026-04-01 20:28:06.240765+00:00,de,krone.at,krone.at,2026-04-01,Raser musste seinen Führerschein abgeben,https://www.krone.at/4096035
14d2f467967abf9a0db4fa1e6d1ab1fcc5f6b38057873ed3f2e84725083371b6,2026-04-01 20:28:01.244175+00:00,de,krone.at,krone.at,2026-04-01,Vogewosi kassiert bei Garagenplätzen kräftig ab,https://www.krone.at/4095705
4d83b554161393398d7a1fdac6fff1d3eae72695a07b2b86ad82958b3bbe7ee9,2026-04-01 20:27:56.093589+00:00,de,krone.at,krone.at,2026-04-01,Schlüsselübergabe im Jüdischen Museum Hohenems,https://www.krone.at/4095679
75955c86a308976be427fa1b5195cac608443560021d4898ebe438697dcb26b5,2026-04-01 20:27:51.011039+00:00,de,krone.at,krone.at,2026-04-01,Tickets für den Schlager Rapid vs Sturm gewinnen,https://www.krone.at/4095475
0ced3cad81b8badeaf1052602f6a04af4dbc6d17c857a29d389afd24bb701c05,2026-04-01 20:27:45.819694+00:00,de,krone.at,krone.at,2026-04-01,So steht es um Sturms Spielmacher Kiteishvili,https://www.krone.at/4095937
6261aca6a9e67ad628f7c1ef9a8ea9ea01b116505b149214d519afeeda661ec9,2026-04-01 20:27:40.881229+00:00,de,krone.at,krone.at,2026-04-01,Endgültig! Rapid löst Vertrag mit Klub-Legende auf,https://www.krone.at/4095947
bb2f472ffe04da5d74f7edfd28fa1025a695dbbeee098c86dc330e5d418451e1,2026-04-01 20:27:35.968918+00:00,de,krone.at,krone.at,2026-04-01,Messi glänzt bei Argentiniens Gala gegen Sambia,https://www.krone.at/4095271
773c24ec7eed064381306c9d47f750a35894011701837107b902a7a899466a40,2026-04-01 20:27:31.317816+00:00,de,krone.at,krone.at,2026-04-01,Apple-Museum zeigt 50-jährige Erfolgsgeschichte,https://www.krone.at/4095430
d5a72fab2b047568690d3c8fc291d69d7e3351e6b0876f6aa22c6421377faff6,2026-04-01 20:27:26.494708+00:00,de,krone.at,krone.at,2026-04-01,Social Media: Regierung für „europäisches Signal“,https://www.krone.at/4095476
a8ec135f22983881108089dcae490d2e83a1b3057d71654bb375033a419e10a9,2026-04-01 20:27:20.972430+00:00,de,krone.at,krone.at,2026-04-01,Neue Zimmer in luftiger Höhe besonders nachgefragt,https://www.krone.at/4095760
b254cc135e1add8d0b0c4f12695497aa5675b887e3231392948c3232940a8018,2026-04-01 20:27:15.872001+00:00,de,krone.at,krone.at,2026-04-01,"Cyberchondrie: Googeln, bis man zum Arzt muss …",https://www.krone.at/4095641
1fcd1f1ff3d256ee415e6cc7f3739f1544e91d394a36964a942efb58d6b4485e,2026-04-01 20:27:10.876212+00:00,de,krone.at,krone.at,2026-04-01,Kein Frühlingserwachen beim AMS Vorarlberg,https://www.krone.at/4095261
11f9e6d44f9742a1bec4325a3f1dfa62de532e4c224b97f37da75f8df382afd0,2026-04-01 20:27:05.787683+00:00,de,krone.at,krone.at,2026-04-01,ORF-Landeschef liegt bei Top-Gagen im Mittelfeld,https://www.krone.at/4094638
115f9b07fae95ef62e88bd002cfa9c877cde098aadebf99599612c95f3e79ac1,2026-04-01 20:27:01.044634+00:00,de,krone.at,krone.at,2026-04-01,Legende baute sich ein eigenes Stadion,https://www.krone.at/4094221
825b1f7c685fc905c90fc4b8044065ec0fdc19622d7e4fd4f9dfb4b9f1a2848f,2026-04-01 20:26:55.704497+00:00,de,krone.at,krone.at,2026-04-01,Höchster Flying Fox Ostösterreichs hebt ab,https://www.krone.at/4094510
ac84969e8e71c414e21f2e2dee282a6217640dce22492813d900fdd51bd366ce,2026-04-01 20:26:50.717835+00:00,de,krone.at,krone.at,2026-04-01,Baum krachte auf fahrenden Lkw: Mann (56) verletzt,https://www.krone.at/4095144
d90a3767ca6601c66fcbf764a3a3a33a134191958be110822f069b7228cb0c7d,2026-04-01 20:26:45.853486+00:00,de,krone.at,krone.at,2026-04-01,Amy Schumer wird zur kessen „Baywatch“-Nixe,https://www.krone.at/4095305
056f6fd01fbb2ceca88884184d48522ca7e2585f3b34665413caaa329c22759d,2026-04-01 20:26:40.712935+00:00,de,krone.at,krone.at,2026-04-01,Hat sich die Stadt Gmunden wieder vermessen?,https://www.krone.at/4094776
04098aff7cc8294c0df99461530b04e02be2df7960f908a3298cadebbb16694c,2026-04-01 20:26:35.845024+00:00,de,krone.at,krone.at,2026-04-01,Die Olympiasiegerin lud nach Barcelona ein,https://www.krone.at/4095635
1b8a5ceea8d810fc2ef82b040dd9fd2f75b4f0613f6bc2a8ec4926a8c4f09ff9,2026-04-01 20:26:30.981014+00:00,de,krone.at,krone.at,2026-04-01,Paul McCartney spielte bei Apple zu Firmenjubiläum,https://www.krone.at/4095955
ad6e06b277e7af744d82c6f6d2ad37c5fa30335680152655f7e356ebc10abb40,2026-04-01 20:26:25.868064+00:00,de,krone.at,krone.at,2026-04-01,Landlwochen holen junge Talente vor den Vorhang,https://www.krone.at/4094431
1a22b327abeba8b3378c3541a42c779830c2e871b61d2250aca41e3a6f450b79,2026-04-01 20:26:20.295246+00:00,de,krone.at,krone.at,2026-04-01,Geburtsrecht: Supreme Court zweifelt an Trump-Idee,https://www.krone.at/4096017
da334fdc74710e864ae688b5a79b493e6ed9af01086df9f7b34806f125f81585,2026-04-01 20:26:16.324555+00:00,de,krone.at,krone.at,2026-04-01,Transportbranche durch Spritpreise unter Druck,https://www.krone.at/4094974
f52eec71a4c895640037e8e6e080ce6f9b8c16e66bdc33f64b8ec7dc564a40c4,2026-04-01 20:26:10.692604+00:00,de,krone.at,krone.at,2026-04-01,„Augenrollen war bei Meghan an der Tagesordnung“,https://www.krone.at/4095194
1231b5e138c077f1898e35d72dc16ab0e5e7a0d45b6b47c495742e9085be9dc1,2026-04-01 20:26:06.037116+00:00,de,krone.at,krone.at,2026-04-01,Mahnung zu Ostern: „Krieg wird nie gerecht sein“,https://www.krone.at/4094385
45fcb5cf82027302a11b9ffe04138f5a1c3730c310136f87835c63fe6b9d1fe8,2026-04-01 20:26:00.695139+00:00,de,krone.at,krone.at,2026-04-01,Ende einer Ära? Lewandowski deutet Rücktritt an,https://www.krone.at/4095242
8b8d575a47f604b428435c431f342e93ef12b0b7e85560e250cac0d752fcdd3c,2026-04-01 20:25:55.945207+00:00,de,krone.at,krone.at,2026-04-01,„Weltweite Schande“ – Rassismus-Eklat bei WM-Test,https://www.krone.at/4095612
3ffd6643e35cb4ddae586a1bae78c14f7b395603a87870e5c4143716a9352f62,2026-04-01 20:25:50.807655+00:00,de,krone.at,krone.at,2026-04-01,Achtung vor Betrug mit Onlinebank „Trade Republic“,https://www.krone.at/4095609
7c5426b4b20aa86c57a9438223e828e44e77cb6daa490376916d07d48e7ca8aa,2026-04-01 20:25:46.226551+00:00,de,krone.at,krone.at,2026-04-01,„Gregoritsch hat den Wahrheitsbeweis geliefert“,https://www.krone.at/4088420
f4807a85a5994b5d30c5f5c0600c62ec1913881bf5fdebc3f89afb1310121229,2026-04-01 20:25:41.005446+00:00,de,krone.at,krone.at,2026-04-01,So könnte 99ers-Kader der neuen Saison aussehen,https://www.krone.at/4093808
40f86a2428e618596210535fe2ee8331e6c0f7d6b2b413757288626bf5ec00a8,2026-04-01 20:25:35.972061+00:00,de,krone.at,krone.at,2026-04-01,Weltmeister rudert heuer allein auf hoher See,https://www.krone.at/4094406
b4524b202cbb33d9f77f1779c4817e71ef38f266f2550a40cfb6b7f14f4bfede,2026-04-01 20:25:30.712639+00:00,de,krone.at,krone.at,2026-04-01,Altlandeshauptmann Pröll lädt zum Kamingespräch,https://www.krone.at/4094733
ba03cf86840ea4f7ce955134da9e35b7dbf873cca3b38b1dfc8dc8b25811859d,2026-04-01 20:25:25.688647+00:00,de,krone.at,krone.at,2026-04-01,Rekordjahresverlust von 300 Mio. Euro für Chelsea,https://www.krone.at/4096022
b5421cadd2cb852624f888684b1e34a708a033915bf3f03abc7cb24d7cc8b828,2026-04-01 20:25:20.847408+00:00,de,krone.at,krone.at,2026-04-01,"Polen schäumt: „Billiger Zirkus, wurden betrogen“",https://www.krone.at/4095385
77381ce602ffc3416f0176187b18a0acfe0e7be699b3880335085035ef427530,2026-04-01 20:25:15.765157+00:00,de,krone.at,krone.at,2026-04-01,Bosnien-Profis crashen Barbarez‘ PK nach WM-Einzug,https://www.krone.at/4095197
5e5cedaa7289f5e9c7b9706f85da3c952f4968ce3a550cefa4d62693884b8115,2026-04-01 20:25:10.741546+00:00,de,krone.at,krone.at,2026-04-01,Hallo Muskelkraft: Mit Philipp zu neuer Stärke,https://www.krone.at/4095361
bdf0a6b75a7c679f47590312e26aa0bda0ea03745d30d0016333c690a9424868,2026-04-01 20:25:05.721300+00:00,de,krone.at,krone.at,2026-04-01,Grazer Lehrer soll Kollegin vergewaltigt haben,https://www.krone.at/4095335
5b489984a22b3e97a0c351bc258ce7494928a0b70cca8dd53f4cf7bc10317ddd,2026-04-01 20:25:01.267268+00:00,de,krone.at,krone.at,2026-04-01,Der Osterhase ist braun-lila und hat viele Helfer,https://www.krone.at/4095499
a88f5e9cdb41e26e07557f4e99001f06067331c3ec64a12181b9c1fcc7cd0784,2026-04-01 20:24:55.657594+00:00,de,krone.at,krone.at,2026-04-01,„Kam aus dem Nichts“: Rätsel um Kanes Verletzung,https://www.krone.at/4095722
efb7de63a3fd58375e4aa060e5e3cf765f52d7d1b69d27b9c19883c8e0fd4e14,2026-04-01 20:24:50.683108+00:00,de,krone.at,krone.at,2026-04-01,Kaspers Red Wings fallen aus den Play-off-Plätzen,https://www.krone.at/4095176
6c7b0ad5f2793d0064f3f63446ed7317bf75e66b795b4c6ed42de7baf315b289,2026-04-01 20:24:45.879939+00:00,de,krone.at,krone.at,2026-04-01,Einbrecher stehlen Bikes im Wert von 50.000 Euro,https://www.krone.at/4095965
5f46f1334478fb1c05800cfb58c6317243d45141b68852d64e94de300c21df57,2026-04-01 20:24:40.816695+00:00,de,krone.at,krone.at,2026-04-01,"Was tun, wenn Kinder an Schlafstörungen leiden?",https://www.krone.at/4088969
fd21aeb46e6d5d66e245efcc28db110c57d0201e02422f0e4f89290a8e14b41f,2026-04-01 20:24:35.886472+00:00,de,krone.at,krone.at,2026-04-01,„Eine Schande!“ Tränen-Interview von Gattuso,https://www.krone.at/4095206
3a417d40982d926f5b420ef49814cb5e220f355f5931bc1890f0e39a84fd8f7d,2026-04-01 20:24:30.747938+00:00,de,krone.at,krone.at,2026-04-01,Schon wieder 20 Prozent mehr Langzeitarbeitslose,https://www.krone.at/4095453
5d54af6022215c4643862fd0034f474a4aaf21711640fa31fdd1fc7c64527f8c,2026-04-01 20:24:25.756184+00:00,de,krone.at,krone.at,2026-04-01,Bontus bei Comeback-Regatta weiterhin Vierter,https://www.krone.at/4096037
98e60bb40c6b3b30c483726f1fb59434f45086d4ee781bb1b62b8bb4bf62927b,2026-04-01 20:24:20.767675+00:00,de,krone.at,krone.at,2026-04-01,Teuerung und Krisen: Vermiesen sie Ihr Osterfest?,https://www.krone.at/4095359
d2c12dfe1e123b846e79f23546e526e38f06f26d1ff4285f7803eede3859f9ec,2026-04-01 19:34:58.149270+00:00,de,orf.at,orf.at,2026-04-01,Heizöl kratzt an Höchstständen,https://vorarlberg.orf.at/stories/3348358/
30042f6a2e8cb8a157163316cd9d7f1c80a7b3a4afdef3c15fc4ee42424083a5,2026-04-01 19:34:45.062016+00:00,de,orf.at,orf.at,2026-04-01,Weiter Hoffnung für Schetteregg,https://vorarlberg.orf.at/stories/3348375/
44623576ac4f81ae77d81e9973e023f44ea9fbd79acb74ded4ce5b3e99f2066a,2026-04-01 19:34:27.231417+00:00,de,orf.at,orf.at,2026-04-01,Auto blieb auf der Seite liegen,https://vorarlberg.orf.at/stories/3348256/
04c49a467aeee471d250dfab210c9831609004b81da00728fb185da769e5d6f7,2026-04-01 19:34:11.082311+00:00,de,orf.at,orf.at,2026-04-01,Montforthaus-Chefin nimmt Tätigkeit auf,https://vorarlberg.orf.at/stories/3348274/
7b8046c09d1de77fbeaf34dd9ab229dce5435a2c2f9f3da1f01019e01917e7ad,2026-04-01 19:34:06.173899+00:00,de,orf.at,orf.at,2026-04-01,A14 nachts bei Götzis-Koblach gesperrt,https://vorarlberg.orf.at/stories/3348005/
3e391a17ffd9b71a1c8eb95924a1511550ad52b50aa54ddc1c56e588ad3e74c7,2026-04-01 19:33:40.975736+00:00,de,orf.at,orf.at,2026-04-01,Konkursverfahren mit Millionenschulden,https://vorarlberg.orf.at/stories/3348284/
d720332dc068bdb1924833d7f51e1ad55d5341ce60a98274c905d100ba9b0a2d,2026-04-01 19:33:35.800727+00:00,de,orf.at,orf.at,2026-04-01,Kein Frühlingserwachen am Arbeitsmarkt,https://vorarlberg.orf.at/stories/3348289/
a7712cba4873740a91519955fd0149100f8ee8d8e3d7d0d8efe0225c017ef421,2026-04-01 19:33:02.792288+00:00,de,orf.at,orf.at,2026-04-01,Siemens übersiedelt in Zelthalle,https://vorarlberg.orf.at/stories/3348369/
eab40fed11f3dd33473307eeddf3773e5599f4302f07ebc52ac2b202b66f2576,2026-04-01 19:32:55.835964+00:00,de,orf.at,orf.at,2026-04-01,Wirbel um Parkplatzgebühren der Vogewosi,https://vorarlberg.orf.at/stories/3348300/
2adce54e99ff6c878040e7c6537caa037c17dcb0ff41b01e04b7770572e589ac,2026-04-01 19:32:51.122236+00:00,de,orf.at,orf.at,2026-04-01,ID Austria: Viele Registrierungen laufen ab,https://vorarlberg.orf.at/stories/3347641/
aedae691335e207e717f9a0bc838f020927d3560536822be1ecd0154571f3829,2026-04-01 19:26:59.684476+00:00,de,krone.at,krone.at,2026-04-01,Protestzug der Bauern sorgt für Aufsehen in Wien,https://www.krone.at/4095886
ec7ad24caa218eb7b60f8561e92c19f588b035d8d70aa78b51087dd6ee8ad657,2026-04-01 19:26:49.675836+00:00,de,krone.at,krone.at,2026-04-01,Kärntner Wehr baute sich eigenes Einsatzfahrzeug,https://www.krone.at/4095178
96ee777cb82a4bdcf24de392ee6689c554dcd5f5ab0a775b7685aaee4c2e767e,2026-04-01 19:26:45.161134+00:00,de,krone.at,krone.at,2026-04-01,Nach Wolfstötung sollen Zeugen sich nun melden,https://www.krone.at/4095951
eecb65680eedd245787c98775b1186536a76a5a747fd792ce74521329455a8ff,2026-04-01 19:26:39.912505+00:00,de,krone.at,krone.at,2026-04-01,Pro-Kopf-Schulden: Kärnten nicht mehr Schlusslicht,https://www.krone.at/4095315
b2eaaf5ba685d627677b1c5df295b30af5c85d92a618dc7c33ae375a3aa4e06b,2026-04-01 19:26:33.970969+00:00,de,krone.at,krone.at,2026-04-01,Betriebe ächzen unter hohen Kosten für Bürokratie,https://www.krone.at/4095826
8499c150ca2566033aabbb894c67b4dade0afbc2299a020e1f5be479c8722506,2026-04-01 19:26:29.587750+00:00,de,krone.at,krone.at,2026-04-01,Erstmals seit 50 Jahren will NASA wieder zum Mond,https://www.krone.at/4095963
22d083ed72062afadf041dd6c2b151077a9cead90aac3e214939597e23fb9888,2026-04-01 19:26:24.523288+00:00,de,krone.at,krone.at,2026-04-01,Erstrahlt ein neuer Stern am Wikingerhimmel?,https://www.krone.at/4095849
8e6324d5ef35667dfa54cc02587a91a948f06b1013766718f7ee6a23817211f2,2026-04-01 19:26:20.028456+00:00,de,krone.at,krone.at,2026-04-01,Erste Details: Das ändert sich für AHS-Schüler,https://www.krone.at/4095279
828af6a9d9ffda6146be58d42a7430b8c8bd271e5ea62c843421c25d51daebaa,2026-04-01 19:26:14.498417+00:00,de,krone.at,krone.at,2026-04-01,Nur in Wien: 150 Taufen von Erwachsenen zu Ostern,https://www.krone.at/4095500
b497f24323d71bd4bdaa6ed85346f04aa6fb025462f70dba43ce209d1031cae7,2026-04-01 19:26:10.066296+00:00,de,krone.at,krone.at,2026-04-01,Strom billiger? Das gilt jetzt mit dem Sozialtarif,https://www.krone.at/4095464
98d71b29566ed486872ab9b8230559993f76152ac841175df17c6630bfe5c72e,2026-04-01 19:26:05.633021+00:00,de,krone.at,krone.at,2026-04-01,Antilopen-Sniper versetzt den Zoo in Panik,https://www.krone.at/4095224
4455f9c8cf29f932d38bb73abb45d9e8bed44f9b0764fef0a1bd3703ab845fe2,2026-04-01 19:26:00.161595+00:00,de,krone.at,krone.at,2026-04-01,Georg Baselitz schenkte spontan Millionenwerk her,https://www.krone.at/4095660
03d1c49ff37440cc626fb3d85dfa5b34ac449f59138d6f37fea96830b1736690,2026-04-01 19:25:54.572792+00:00,de,krone.at,krone.at,2026-04-01,Oligarch Deripaska sieht für Russland schwarz,https://www.krone.at/4095975
5110e4dd10a72dc0334c1709b78d2a13d8ddd482e11b7830b6223041573c43c7,2026-04-01 19:25:49.986225+00:00,de,krone.at,krone.at,2026-04-01,Feurstein lässt erneut Slalom-Talent aufblitzen,https://www.krone.at/4095892
7edb27f5a73566d16435f0aeae0eb44901f4e959b4b75082d88caebfa39934aa,2026-04-01 19:25:44.393754+00:00,de,krone.at,krone.at,2026-04-01,Ministerin: Anfragen-Flut der FPÖ kostet Millionen,https://www.krone.at/4095753
999bb7c9842e13cead0b99d11165053548ef60d9723dc70f75af1e514b64f3d9,2026-04-01 19:25:39.594869+00:00,de,krone.at,krone.at,2026-04-01,Wie aus glänzendem Perlmutt Meisterwerke entstehen,https://www.krone.at/4094692
e697aed3cf7aae8ba4d0e4afdeb798252123ea595ed45f1c1957fb15f446193c,2026-04-01 19:25:34.381446+00:00,de,krone.at,krone.at,2026-04-01,Arbeitslosenquote in Tirol ist leicht gesunken,https://www.krone.at/4095978
251a006984cddb9f964a9b5c0121e04647aacb0994df59ce190e2b979c234799,2026-04-01 19:25:29.368179+00:00,de,krone.at,krone.at,2026-04-01,Erlebe den Grammy Gewinner Christoper Cross live,https://www.krone.at/4093457
69b3667efcb49b9c7aaa1cbd6b35bf8b15e0adf3857cc8c4e70977bb68a37baa,2026-04-01 19:25:24.494119+00:00,de,krone.at,krone.at,2026-04-01,Familie von Grazer Amokopfer trifft Papst Leo XIV.,https://www.krone.at/4095958
0cd778d99977296b440e0f891ff4a1f567c482a5763b677ff3d1259fce71e30e,2026-04-01 19:25:19.842829+00:00,de,krone.at,krone.at,2026-04-01,Behörden reagieren: Geisterauto wird doch entfernt,https://www.krone.at/4095781
a474033e53437211cce310a09ac80f99f310395783679377c037bf79582d5a7b,2026-04-01 19:18:50.346235+00:00,de,orf.at,orf.at,2026-04-01,Arbeitslosigkeit in Kärnten rückläufig,https://kaernten.orf.at/stories/3348288/
5f52e58855c71b4e47a9acda45776172dd247b108bbcfc0dcb55ff8741667457,2026-04-01 19:17:59.488975+00:00,de,orf.at,orf.at,2026-04-01,Diskussion um sinkendes Bildungsniveau,https://kaernten.orf.at/stories/3348264/
f3189c87bd510d150d3f6917f2abf96d02edc3f39a3db3a9a0a7eb0efe73dc34,2026-04-01 19:17:45.720832+00:00,de,orf.at,orf.at,2026-04-01,Paul Verbnjak auf Platz drei,https://kaernten.orf.at/stories/3348348/
d54f75dec7c24438c450ca67e22f68eeebd83fdf4cc4d20bdf9b09677a169003,2026-04-01 19:17:14.497574+00:00,de,orf.at,orf.at,2026-04-01,Ausbau Autobahn-Rastplatz auf A10 beginnt,https://kaernten.orf.at/stories/3348329/
13ca178ffa1331fa9ecef3fe2588397a52ef5958b70566de1b85b191d9fafac4,2026-04-01 19:17:10.618313+00:00,de,orf.at,orf.at,2026-04-01,Kein Investor: Hotelprojekt vorerst auf Eis,https://kaernten.orf.at/stories/3348290/
7244f7da946603e9988955af7be4af308d795a6add3a768106e4a9f225cb2807,2026-04-01 18:18:47.106947+00:00,de,orf.at,orf.at,2026-04-01,Osterfeuer: Strenge Regeln und hohe Strafen,https://steiermark.orf.at/stories/3346733/
fc634b6bf923adf8f563830f0f1364242e934af3ee343d4d3dd065445500a04b,2026-04-01 18:18:41.677104+00:00,de,orf.at,orf.at,2026-04-01,Verletzte nach E-Bike-Unfall in Graz,https://steiermark.orf.at/stories/3348242/
432556fb9d83af6ccee60e39331be9e632b8bba9224d01170a6c1277caba5ba4,2026-04-01 18:18:32.073243+00:00,de,orf.at,orf.at,2026-04-01,Sommertarif senkt Stromkosten für Haushalte,https://steiermark.orf.at/stories/3348295/
eb24e4b83be13629d2c3dbe5f1179d2c7cd64a5e6b356cb7980ab92e092e1b98,2026-04-01 18:18:12.003897+00:00,de,orf.at,orf.at,2026-04-01,Strengere Regeln für Wohnunterstützung,https://steiermark.orf.at/stories/3348216/
21f9de773c7b3a43e7542d504a4681137ef9d4b8807852066095682691b65a95,2026-04-01 18:18:05.457057+00:00,de,orf.at,orf.at,2026-04-01,Regionale Schmankerln im Osterkorb,https://steiermark.orf.at/stories/3348355/
0526264725f04664f53daddb0515d170984df5155688e82a0bd2ece6842ae631,2026-04-01 18:17:42.637446+00:00,de,orf.at,orf.at,2026-04-01,Wie Jugendliche Kriminalität vorbeugen können,https://steiermark.orf.at/stories/3348306/
5ab9f94676dab7db59a46d5d7753a1b1e7633ee17e6adae4552c1ec9a38a8cfc,2026-04-01 18:17:37.776692+00:00,de,orf.at,orf.at,2026-04-01,„Trade Republic“-Nutzer Opfer von Betrug,https://steiermark.orf.at/stories/3348347/
c3a87a6b4adddc7bfeeea244b9040c4a6115e786821044ac6382c51600cc7e98,2026-04-01 18:17:32.299594+00:00,de,orf.at,orf.at,2026-04-01,38-Jähriger im Wald schwer verletzt,https://steiermark.orf.at/stories/3348341/
1509c755d13d43da802079ab58b621b4dc6061ca33d93b9d5f687c66937909ea,2026-04-01 18:17:28.094803+00:00,de,orf.at,orf.at,2026-04-01,Arbeitsmarkt: Flaute trifft meist Frauen,https://steiermark.orf.at/stories/3348286/
b0dd3b18cab0988e15eb911154b4c695d438b3efae7682f0e6c2c4dc7bbc7cbc,2026-04-01 18:17:22.709200+00:00,de,orf.at,orf.at,2026-04-01,Unfall in Weiz: Am Steuer eingeschlafen,https://steiermark.orf.at/stories/3348241/
e2236204fb699db70ad78fb9db31339af6c14b3dbb3279cd4e6699357e814b26,2026-04-01 18:17:18.254467+00:00,de,orf.at,orf.at,2026-04-01,Baum stürzt auf Straße: Fahrzeuge beschädigt,https://steiermark.orf.at/stories/3348247/
bc294c793c6e11613cfe479d3a473493c35b1036bd348f3de7405614c9d8a0b9,2026-04-01 18:17:13.680572+00:00,de,orf.at,orf.at,2026-04-01,Familie von Amoklauf-Opfer bei Papstaudienz,https://steiermark.orf.at/stories/3348360/
1a29d2bbc434d45b5fd00fff9822dc671ea75f4a7a30302eda8f081ad3171cb6,2026-04-01 17:43:46.204407+00:00,de,orf.at,orf.at,2026-04-01,Einbruch- und Vandalismusserie in Mühlbach aufgeklärt,https://salzburg.orf.at/stories/3348345/
38f718d43456c9b412df4bf8925977199355aa6675619dee5ebd867e920027d3,2026-04-01 17:43:14.993950+00:00,de,orf.at,orf.at,2026-04-01,Hintersee: Auch Naturschutzbund reicht Beschwerde ein,https://salzburg.orf.at/stories/3348206/
a9c7e6e9b8c2a1613b28a54660ee84170832e95efd90387fc540e8ca79277021,2026-04-01 17:42:59.277725+00:00,de,orf.at,orf.at,2026-04-01,Hoteliers beenden Wintersaison zunehmend früher,https://salzburg.orf.at/stories/3348222/
e52bd72fe57deb28330ad3be7e9db450883365ab36db82b44a73196b4daecb3b,2026-04-01 17:42:42.773124+00:00,de,orf.at,orf.at,2026-04-01,Menschenhändlerring: Kolumbianerin leugnete alles,https://salzburg.orf.at/stories/3348279/
5ddc916741eb33437a8ba63ebedfa9a577a2940c36e5d1d280d96afea690fa73,2026-04-01 17:42:37.809182+00:00,de,orf.at,orf.at,2026-04-01,Georg Baselitz: Salzburger Doppelausstellung,https://salzburg.orf.at/stories/3348309/
a458b7bbb676508de2a10990c5b0e54a87a9c1cf7d6a36cc315e4fc515ea96b4,2026-04-01 17:42:19.713194+00:00,de,orf.at,orf.at,2026-04-01,Oberpinzgau: Polizei stoppte Drogen- und Alkolenker,https://salzburg.orf.at/stories/3348265/
0cbcf07db9f020ec24fec2ac1bda5439be18c6524553ae333be5c0286ad17e19,2026-04-01 17:41:57.672889+00:00,de,orf.at,orf.at,2026-04-01,Kompromiss in Debatte um Lateinstunden präsentiert,https://salzburg.orf.at/stories/3348304/
3a32dea5490fb50ef787d1b3ae63ffb4c1af8c1b4074c99e2c5e0f3e8dbb1c8e,2026-04-01 17:41:50.973916+00:00,de,orf.at,orf.at,2026-04-01,Wimmer will Mozarteum zum „Wohnzimmer“ machen,https://salzburg.orf.at/stories/3348328/
8816ab26b3088d8f0ac08354f84830837633503dab9a2b928a573a8005b83f1a,2026-04-01 17:41:39.038361+00:00,de,orf.at,orf.at,2026-04-01,Land investierte 35 Millionen in Betreutes Wohnen,https://salzburg.orf.at/stories/3348278/
42dcf1518659e8f0877f66919ebf9dce9f0423c62a3f088ebfa3a68d32430b0c,2026-04-01 17:41:24.339382+00:00,de,orf.at,orf.at,2026-04-01,Mehr Respekt in Öffis: Kampagne startet in Salzburg,https://salzburg.orf.at/stories/3348361/
110ec2d883473921fb1062523ce18b3be2fd5561031421e9c265ce3560a753d8,2026-04-01 17:33:22.831518+00:00,de,orf.at,orf.at,2026-04-01,Stadt will künftig alle Posten ausschreiben,https://wien.orf.at/stories/3348270/
c2049a4acacf52645358335133f4a421ef5fa6af03a4628908e9479a19a43d6f,2026-04-01 17:32:54.240046+00:00,de,orf.at,orf.at,2026-04-01,Arbeitslosigkeit im März leicht gesunken,https://wien.orf.at/stories/3348281/
04cf5af9c232d640a8c07e3702116fc943187a015cfcee1d65937d1edb01ce15,2026-04-01 17:32:44.860601+00:00,de,orf.at,orf.at,2026-04-01,Jugendliche mit Warnschüssen gestoppt,https://wien.orf.at/stories/3348292/
d194585b17cbe51288a8faec5a504b0528f19884ccd24df8307ce69afc576416,2026-04-01 17:31:59.572065+00:00,de,orf.at,orf.at,2026-04-01,ASFINAG startet Vorarbeiten für S1,https://wien.orf.at/stories/3348344/
467ac5a921c7ec363903b365b74206f5b96aaf1ae0e67364c9a6ddec7b28ac2e,2026-04-01 17:31:54.837518+00:00,de,orf.at,orf.at,2026-04-01,Taxifahrt mit Verletzten und Festnahmen,https://wien.orf.at/stories/3348317/
0daf23344d0585ffc0fb5f591e8ef47d106895b2466e25fe370597f1ea1a4dc1,2026-04-01 17:31:47.922560+00:00,de,orf.at,orf.at,2026-04-01,Tote Antilope: Video gibt erste Hinweise,https://wien.orf.at/stories/3348323/
5780949c569ba8066ac183aca6da6e42b1148b220886382180b4eaf528c0381a,2026-04-01 17:31:43.121571+00:00,de,orf.at,orf.at,2026-04-01,Kinder erleben Geschichte,https://wien.orf.at/stories/3348342/
6ee0925190a1176d982cd2665b7ceead1181899fc6cd37a8eaf00dce5d9f7d14,2026-04-01 17:31:27.695804+00:00,de,orf.at,orf.at,2026-04-01,Mordverdacht in Spital: Keine Hinweise,https://wien.orf.at/stories/3348293/
a5ce07415500d44bddecddca77c407581ae165c6e25287b43b3294ab730b38f5,2026-04-01 17:31:20.576949+00:00,de,orf.at,orf.at,2026-04-01,Bauern demonstrieren für „bessere Zukunft“,https://wien.orf.at/stories/3348333/
dea4f4236c27a45d11aea98ec04f9ef4aabf10ab6e6ea0f43395cafdc352cabd,2026-04-01 17:25:51.338514+00:00,de,orf.at,orf.at,2026-04-01,Bitte um Waffenruhe: Iran widerspricht Trump,https://orf.at/stories/3425657/
405ba2a9e1d786267538ed4f85c8b78bd1def77b970e0c0e42e10503ec929711,2026-04-01 17:25:42.905162+00:00,de,orf.at,orf.at,2026-04-01,19 Leichen vor Lampedusa geborgen,https://orf.at/stories/3425650/
0be6e432030f6fb2ed08f5a3d470d3ae6dc40e626ed6e7acad3dd71cc65e96b1,2026-04-01 17:25:17.764035+00:00,de,orf.at,orf.at,2026-04-01,Musks SpaceX bereitet Börsengang der Rekorde vor,https://orf.at/stories/3425671/
d66ca017c390ea1fbc337fa89e2633b95f958a6b33c280674fdf73d617b54e4a,2026-04-01 17:24:31.103671+00:00,de,orf.at,orf.at,2026-04-01,Ulmen geht rechtlich gegen den „Spiegel“ vor,https://orf.at/stories/3425666/
64821a89c2dfaedd045f4de0ed5db2998abc65ee3ac260f329ec0718d41de9d0,2026-04-01 17:24:06.262802+00:00,de,orf.at,orf.at,2026-04-01,Trump bei Anhörung in Höchstgericht,https://orf.at/stories/3425660/
7cf2a3d5a47b209dd9b27f37d28d55245fc939c391a7157bb774cbd4abff814e,2026-04-01 17:24:01.338192+00:00,de,orf.at,orf.at,2026-04-01,Moskau: Haben Luhansk eingenommen,https://orf.at/stories/3425662/
26fccd035ef8195da23342b0e2c0250dcfc75e681dbbba036d798ac0e5f7225a,2026-04-01 16:33:57.666428+00:00,de,krone.at,krone.at,2026-04-01,Sturm stoppte steirischen Reisebus in Kroatien,https://www.krone.at/4095844
661dc98cb98e46682f032f662b1d23bbfe21c1eb1330db854cf66cfe60b38acd,2026-04-01 16:33:18.956967+00:00,de,krone.at,krone.at,2026-04-01,Sonne und Blechlawinen: Jetzt droht nächstes Chaos,https://www.krone.at/4095657
61e1810a090b240f4fd7e09074027dfc5ba8e21657b565b6fb70f532e149fee3,2026-04-01 16:33:10.925300+00:00,de,krone.at,krone.at,2026-04-01,Neues Pflegesystem: Start mit einigen Baustellen,https://www.krone.at/4095720
128b5f10211564312ea919edc6547fb68d02f738371e49ff07d183fbf0c4eea5,2026-04-01 16:33:05.940929+00:00,de,krone.at,krone.at,2026-04-01,Schönbrunner Tierkiller „wird es wieder versuchen“,https://www.krone.at/4095328
a649c6c6e98feb3a08e7ef8d336ad1ebca56852acab38fbd2fc5f61822a4d794,2026-04-01 16:32:57.844792+00:00,de,krone.at,krone.at,2026-04-01,"Berge, Edelweiß und Skifahrer als Tattoos verlost",https://www.krone.at/4094509
61a858dcb00e2f4607314844596d93d2c9a3c5b4e6f2c7b264beb140012a26c8,2026-04-01 16:32:42.992845+00:00,de,krone.at,krone.at,2026-04-01,Spermien im Weltall auf ungewisser Mission,https://www.krone.at/4091039
2e604518e44ba16641ef1c70ddbd2acec18e93d019b926491d128419b1aaf043,2026-04-01 16:32:36.711523+00:00,de,krone.at,krone.at,2026-04-01,Warum der Iran-Krieg auch Lackieren teurer macht,https://www.krone.at/4095732
9c771308dbe8341e87d0c8b23c3a03da79e8f4eb5a275f9d15226463e5634570,2026-04-01 16:32:31.303303+00:00,de,krone.at,krone.at,2026-04-01,Teurer Sprit beschleunigt Nachfrage nach E-Autos,https://www.krone.at/4095470
ffbd798ffe82c6ffe64b9284921d8ab895793c72912dce8cb7b4b085677c7b64,2026-04-01 16:32:26.162360+00:00,de,krone.at,krone.at,2026-04-01,Hassverbrechen in Lend war wie ein „Blutrausch“,https://www.krone.at/4095740
a434a4200c4fa2bdcf76b893ad1c618aaac9a84d35e4cfb10ac070f2b18f7e2c,2026-04-01 16:32:21.547010+00:00,de,krone.at,krone.at,2026-04-01,Ausbau der ÖBB Nordeinfahrt geht zügig voran,https://www.krone.at/4094661
f0a77e17560d462e741be4224c9239a86fe0505213a96f8e3ed4ef99e9e06c1a,2026-04-01 16:32:15.849410+00:00,de,krone.at,krone.at,2026-04-01,Das große Ostereierfärben: fünf Varianten im Test,https://www.krone.at/4088273
e9aca6f67716ac0e7c3a73f273b0b4dc7be250a35dd002348b10209e3fd54045,2026-04-01 16:32:11.398031+00:00,de,krone.at,krone.at,2026-04-01,Das perfekte Ostergeschenk für alle Fußballfans,https://www.krone.at/4095821
5215346ac9eb000420cfc9ce4f01981ec9d9a23d4bbd54d4d82a7827b8255da9,2026-04-01 16:32:06.708115+00:00,de,krone.at,krone.at,2026-04-01,Verwirrung um Waffenruhe und „Steinzeit“-Drohung,https://www.krone.at/4095647
f95c0ce68ac8809fbad3512fa2614153ac112842f2ed06a9db0cb81be3c873c2,2026-04-01 16:32:01.771580+00:00,de,krone.at,krone.at,2026-04-01,Spät wach – höheres Risiko für das Herz,https://www.krone.at/4094835
c0557d83e9c4693284cde495de84d95ba3c2520e193a7f703c66b27fef96a58e,2026-04-01 16:31:56.723503+00:00,de,krone.at,krone.at,2026-04-01,Gewalt gegen Frauen: Zwei Freisprüche im Zweifel,https://www.krone.at/4095714
4703e4ab0938f2dc2fc18a91735419cf2c648e99c4b65a7500db1c219afecf19,2026-04-01 16:31:51.639173+00:00,de,krone.at,krone.at,2026-04-01,Kärntner Arbeitsmarkt erweist sich krisensicher,https://www.krone.at/4095607
abe63abfb36cce8f903e0d9e48432c459c6ba61cb4d3a96d3d21ffa19d1a0ceb,2026-04-01 16:31:47.004848+00:00,de,krone.at,krone.at,2026-04-01,„Weg mit EU-Flaggen“: Le Pens Partei provoziert,https://www.krone.at/4095822
da1142a3c46e8e1851873bb0cd3a15171bd6994b9619089100c85c9733cb2651,2026-04-01 16:31:41.577679+00:00,de,krone.at,krone.at,2026-04-01,Pioneers Vorarlberg stehen vor ihrer Auflösung,https://www.krone.at/4095853
69780fb1b24f46a516488d2602e1547288fc03815a24f22efbccad07d6197503,2026-04-01 16:31:37.154418+00:00,de,krone.at,krone.at,2026-04-01,Für Zigaretten und einen Euro lange Haft riskiert,https://www.krone.at/4095433
4414d038c52bb8c4ca894ffe7577a3da3afc441e0b77c7e40fc1c820f44bcd64,2026-04-01 16:18:47.150498+00:00,de,orf.at,orf.at,2026-04-01,HAKA verkauft Werk in Mondsee,https://ooe.orf.at/stories/3348275/
d57c13c63efad47ccdde65b17d5cc0cab330ffe10fbd6ab3a0ee7d817170f8d4,2026-04-01 16:18:41.773529+00:00,de,orf.at,orf.at,2026-04-01,Familie attackiert: Einweisung beantragt,https://ooe.orf.at/stories/3348257/
424947fc823008a3a1cef43ce8f713db762e63ab8986b0f6cfdf4bae577a7048,2026-04-01 16:18:04.749375+00:00,de,orf.at,orf.at,2026-04-01,Karin Peschka erhält Anton-Wildgans-Preis,https://ooe.orf.at/stories/3348310/
3229d5ccff83061a910457dfef1eaf6fb04863fe120c169f18dd978eca5c647b,2026-04-01 16:17:58.108418+00:00,de,orf.at,orf.at,2026-04-01,Drogen-Raser ohne Führerschein gestoppt,https://ooe.orf.at/stories/3348330/
eb167d3d3c260adcb282373b0c9d880fd4d1ec42cb7c22660f9a78bc95ac93c8,2026-04-01 16:17:41.138957+00:00,de,orf.at,orf.at,2026-04-01,„Made in Linz“: Nostalgie im Nordico,https://ooe.orf.at/stories/3348230/
1e18dd8813625a816ada7cb71b3a65203c2e031f5928615919d51834cfbec454,2026-04-01 16:17:33.876843+00:00,de,orf.at,orf.at,2026-04-01,Geplünderte Gemeindekasse: Schaden steigt,https://ooe.orf.at/stories/3348318/
b446af79632d5cb7da7a4ab28a85563767819cbdd2dd5055e23e790fab8da83f,2026-04-01 16:17:28.580017+00:00,de,orf.at,orf.at,2026-04-01,Arbeitslosigkeit: Konjunktur schwächelt weiter,https://ooe.orf.at/stories/3348282/
81923a9b08593df32cca3a70937397c6f88c8618915756f410a2c7063638d649,2026-04-01 15:18:04.059505+00:00,de,kontrast.at,kontrast.at,2026-04-01,"„Magyar wäre das Orbán-Regime mit menschlichem Antlitz“, Politologe Schedler zur Wahl in Ungarn",https://kontrast.at/wahl-ungarn-orban-magyar/
37c7d58648a3a7ab18d5059d9102dccccd73fbad3f1bfe2b3088ecc369874850,2026-04-01 13:40:02.536210+00:00,de,krone.at,krone.at,2026-04-01,Stefanie Thurner startet als Geschäftsführerin,https://www.krone.at/4095280
8fa523f9ac6148d063b7c4ea95932915a196863ea07311d9e9befcdd8b92990a,2026-04-01 13:39:56.974503+00:00,de,krone.at,krone.at,2026-04-01,So beeinflusst der Iran-Krieg unseren Strompreis,https://www.krone.at/4094629
6e314e19f259dab744d262757ad79040d893d1997db6c535b4437b6437e1bbc9,2026-04-01 13:39:51.055273+00:00,de,krone.at,krone.at,2026-04-01,Entwürdigende Szenen beim Arzt: Frau bloßgestellt,https://www.krone.at/4095395
9d2063d56c4749501a7852421a6555c20a52cbf2b478524528380c531497050b,2026-04-01 13:39:46.545060+00:00,de,krone.at,krone.at,2026-04-01,Bahnbrechender Blick in den Entdecker-Himmel,https://www.krone.at/4094820
2b6e5a124fced8de58a37b3f83a44e0abb823a3c64b660425c9381561a8938af,2026-04-01 13:39:41.043035+00:00,de,krone.at,krone.at,2026-04-01,„Rammbock“-Alkolenker fuhr mit drei Reifen weiter,https://www.krone.at/4095544
3d91e18f2eac4cadf7959360eeec3170e6b2429a5a2fda9e398f2ad346ebfd4d,2026-04-01 13:39:36.970216+00:00,de,krone.at,krone.at,2026-04-01,Kajakfahrer (17) wurde tot aus Schlucht geborgen,https://www.krone.at/4095485
626c9f5c76fbf760e8452b4b6cc266c3f4df5cd3024321980e0a6a816eb353d2,2026-04-01 13:39:31.468349+00:00,de,krone.at,krone.at,2026-04-01,Oma rettet Enkel aus See und ertrinkt dann selbst,https://www.krone.at/4095462
eaa8b36319197050e3626a95f8120b33303c590925d53a6838bd8780eae8d91e,2026-04-01 13:39:26.730288+00:00,de,krone.at,krone.at,2026-04-01,Mit einer Extrameile in die Drittklassigkeit,https://www.krone.at/4095505
56fe501092292eb32cae191938a73e4e4bd1c35d2bbd3a7123df412c916915d7,2026-04-01 13:38:56.875754+00:00,de,krone.at,krone.at,2026-04-01,Sind wir vor Angriffen aus dem Ausland sicher?,https://www.krone.at/4095424
952497fdb2054c9cef7e3be8457994a88c7513cf6afa11dbe355ecf116951446,2026-04-01 13:38:39.362420+00:00,de,krone.at,krone.at,2026-04-01,Alpenverein hat nun Pächter für Hütte gefunden,https://www.krone.at/4095487
68aa4fdf1f51f81f01a6d29901e24c12235e82ef2b850d54888dc6c86ced74b0,2026-04-01 13:38:34.470770+00:00,de,krone.at,krone.at,2026-04-01,Mordprozess für 17-Jährigen mangels Zeugen vertagt,https://www.krone.at/4095567
0bb37c47512d0b42ca4a378f3b6cb139ea8323bed6d362a1ee8fc4d1a14bc3bb,2026-04-01 13:38:05.346211+00:00,de,krone.at,krone.at,2026-04-01,Mordverdacht in Klinik: Ermittlungen eingestellt,https://www.krone.at/4095435
8c8981c48ca893bc903707515abfaa7b52e5ce8fda46bd62d2c46dc837a40c81,2026-04-01 13:37:50.231564+00:00,de,krone.at,krone.at,2026-04-01,Seniorenpaar verliert plötzlich Liegeplatz am Meer,https://www.krone.at/4095401
dbf9851369e16a6754fdf1838ba0f2c2523fb1d2bb59d7c97e6d6ccdf375139e,2026-04-01 13:37:34.426240+00:00,de,krone.at,krone.at,2026-04-01,Pinzgauer Lokal könnte bald wieder aufsperren,https://www.krone.at/4093718
ddb1935a72852d5ded9936a0464d8a6b5b56829d7e5bd1e5950dedade8ea069b,2026-04-01 13:37:16.235007+00:00,de,krone.at,krone.at,2026-04-01,Zahlungsunfähig! Chef von Transportfirma pleite,https://www.krone.at/4095461
a852f3e9c7df60334a5ab65c251032c35bff346c2799390f552e0015646e215e,2026-04-01 13:37:11.466437+00:00,de,krone.at,krone.at,2026-04-01,ÖSV-Adler hört auf: „Bereit für nächsten Sprung“,https://www.krone.at/4095589
d2bcfddca480b69091cad6c674f5f938a86df272a7ee7c79e19439ee58df4796,2026-04-01 13:37:06.998868+00:00,de,orf.at,orf.at,2026-04-01,Gesundheitsressort sieht Daten-„Missinterpretation“ durch FPÖ,https://orf.at/stories/3425631/
a110419e3b21fa535b300517c7482c089931063dcd076af40c089d5f0ca17c7f,2026-04-01 13:37:01.857611+00:00,de,orf.at,orf.at,2026-04-01,NEOS will über „freiwillige Gemeindefusionen“ sprechen,https://orf.at/stories/3425633/
0411cc1fe376998e30dbbb2e4312dc050885eefd29f2449a52485bc1ceeb3b15,2026-04-01 13:36:57.050532+00:00,de,orf.at,orf.at,2026-04-01,Flug zu Kid Rocks Villa: Hegseth verteidigt Piloten,https://orf.at/stories/3425621/
eef53dc2be468993fc8051f4d18037283713455be9a96d34c0afcba62baf94ad,2026-04-01 13:36:51.770331+00:00,de,orf.at,orf.at,2026-04-01,Israel: Hochrangiger Hisbollah-Kommandant getötet,https://orf.at/stories/3425639/
9b0ab9f7ade465b5368a4b6f4812661426fab98bf7b87783c8e966c4b39451cc,2026-04-01 13:36:46.817538+00:00,de,orf.at,orf.at,2026-04-01,Aprilscherze fallen aus der Zeit,https://orf.at/stories/3425626/
7efc870a7e7b7f80c82d9ced050eba99987c9a1663ce910f193853539e9bb7cc,2026-04-01 13:36:41.137067+00:00,de,orf.at,orf.at,2026-04-01,Stundentafeln können auch gleich bleiben,https://orf.at/stories/3425623/
6180e72520cc65d9290073927480c25d131c74ba9b1815748239a3849b38f95e,2026-04-01 13:36:36.100779+00:00,de,orf.at,orf.at,2026-04-01,Rechnungshof: Unzulässige Parteispenden verteilt,https://orf.at/stories/3425624/
0d3fd13e1b9f4ddd4aef83549f6563ba9c80679f43b48b454061ab43b2a2d539,2026-04-01 13:36:30.875126+00:00,de,orf.at,orf.at,2026-04-01,Flüchtlingsboot vor Türkei gekentert: 19 Tote,https://orf.at/stories/3425625/
8d7feae53a06274ac4e561c00cdd50939562b6f2fe8c4f68f778f415a8c8ca36,2026-04-01 13:36:26.099525+00:00,de,orf.at,orf.at,2026-04-01,KommAustria-Beschwerde von FPÖ-Stiftungsräten,https://orf.at/stories/3425636/
361fbef615ba0fe04483d314800716c79f091a1c12eebbcbe75436e4e15b3cdc,2026-04-01 13:36:20.818464+00:00,de,orf.at,orf.at,2026-04-01,Familie von Epstein-Opfer will Treffen mit Charles III.,https://orf.at/stories/3425612/
7df1e6a0f58fee5844441b587a1b49bae7c138076d14356e20e7d4f53cf52cd5,2026-04-01 13:36:06.990342+00:00,de,orf.at,orf.at,2026-04-01,Sicherheitsvorkehrungen in Wiener Stadthalle präsentiert,https://orf.at/stories/3425645/
97d441c606e8268402789bc5e445e1bb57ef84ba44ab0070d48158fb61efdc78,2026-04-01 13:35:59.776698+00:00,de,orf.at,orf.at,2026-04-01,Social-Media-Verbot: Regierung mit Forderungen an Kommission,https://orf.at/stories/3425637/
5939a6c1ca4604d72d0ac276f950132fed234f2318c600bd02ecc64b0a3ee51b,2026-04-01 13:35:54.523417+00:00,de,orf.at,orf.at,2026-04-01,Russland: Militärflugzeug über Krim abgestürzt,https://orf.at/stories/3425618/
4953ce92e225bcbdadb341fb47e6324c0b5e83cf83828d4b44f15f964049fc98,2026-04-01 13:35:49.712365+00:00,de,orf.at,orf.at,2026-04-01,Rettungsversuche für Wal vor Ostsee-Küste werden eingestellt,https://orf.at/stories/3425642/
c3c3e94477e791159e16fee572ee906f9d2ab01038c8b680596b118086753b05,2026-04-01 13:35:16.157195+00:00,de,orf.at,orf.at,2026-04-01,EU bereitet Auszahlung von Ukraine-Kredit vor,https://orf.at/stories/3425638/
1b9eec1622ef23fa55475f6b1572d4d062792a237052277bf58637ea09fb06bb,2026-04-01 13:35:11.089636+00:00,de,orf.at,orf.at,2026-04-01,Trump zieht NATO-Austritt in Erwägung,https://orf.at/stories/3425632/
eb449fafef4c2e65ead4f45d3234f9e833263778931a84601ca8e462698898bc,2026-04-01 13:34:57.075037+00:00,de,orf.at,orf.at,2026-04-01,Die große Sehnsucht nach dem iPod,https://orf.at/stories/3425027/
c76e0a6c86b730629336f7b2e2fe399cb3ba6ef1d5b450a6266c46a3fae18b54,2026-04-01 13:34:52.187260+00:00,de,orf.at,orf.at,2026-04-01,Palästinenser protestieren gegen Israels Todesstrafengesetz,https://orf.at/stories/3425627/
2ee153719669ff3dd10855e001c9496ef6f389be20b6527574bcf40a9d17f887,2026-04-01 13:34:35.295559+00:00,de,orf.at,orf.at,2026-04-01,Institute halbieren deutsche Wachstumsprognose,https://orf.at/stories/3425607/
2f193b14f54ad823ed7fe5bf3ea21a50a05f256d0a637734f2b4bbadd1a08946,2026-04-01 13:34:30.267560+00:00,de,orf.at,orf.at,2026-04-01,Indien: Weltweit größte Volkszählung gestartet,https://orf.at/stories/3425619/
a5bc70184d986b5deb72bb17dada229d21768946742ddc1fcf09af41a90b4bdb,2026-04-01 13:29:18.639025+00:00,de,orf.at,orf.at,2026-04-01,Hauswirth: Gelungener Neustart nach Insolvenz,https://burgenland.orf.at/stories/3348211/
5966ddf0c89a5c5f80b0b9cc866a2e253b45b8dadbf89ec9a1381f744000e2f0,2026-04-01 13:28:38.704736+00:00,de,orf.at,orf.at,2026-04-01,Neue Maßnahmen gegen die Rebzikade,https://burgenland.orf.at/stories/3348273/
3f9e2f64ea4c66920541416149c0bfb3dca9b685c1e741f76f484e08146b43b0,2026-04-01 13:27:07.245906+00:00,de,orf.at,orf.at,2026-04-01,Arbeitslosigkeit erneut gestiegen,https://burgenland.orf.at/stories/3348287/
5b9ab6b11d165f6128709471d35a3fa52b7781e4becfa80aa5cdfb3b1427b92b,2026-04-01 13:26:57.075016+00:00,de,orf.at,orf.at,2026-03-31,Pflegeheim in Rudersdorf: Debatte geht weiter,https://burgenland.orf.at/stories/3348231/
d26a0819b8e0b895a6e982d69adf8342bb53b99abf42f7ed34f2cb24200c0045,2026-04-01 13:26:42.563974+00:00,de,orf.at,orf.at,2026-04-01,37.000 Euro für Kultur und Wissenschaft,https://burgenland.orf.at/stories/3348234/
94792bce583626b18878fcb19fc85c198a50f6191b42dc30dcf8407da2e6e39e,2026-04-01 11:37:04.066452+00:00,de,orf.at,orf.at,2026-04-01,FPÖ-Liste tritt bei Landarbeiterkammer-Wahl an,https://noe.orf.at/stories/3348291/
19648285fe771b4015aac7c6aef9fe2df472879e8a92bfdc29e746dc1b7f50a7,2026-04-01 11:36:59.136583+00:00,de,orf.at,orf.at,2026-04-01,Zusatztafeln für umstrittene Straßennamen,https://noe.orf.at/stories/3348177/
eef37195dae484df8e3a6d23c8f43e9aa707432a7b40a2c450951ee0224244ce,2026-04-01 11:36:49.637887+00:00,de,orf.at,orf.at,2026-04-01,Nikotinbeutel künftig nur in Trafiken erhältlich,https://noe.orf.at/stories/3348228/
58bd6e4584805112e4ed29eaffb52e35cc820c898c096e26c2e61b40c5933d27,2026-04-01 10:43:44.839316+00:00,de,krone.at,krone.at,2026-04-01,Kopfgeld auf Wiener Antilopen-Killer ausgesetzt,https://www.krone.at/4095374
9532b0ea62d77d1fbc6ca416261c082b8fdfb1a73e2fef716b23e1f3449c022b,2026-04-01 10:43:39.819660+00:00,de,krone.at,krone.at,2026-04-01,Kultbetrieb in prominenter Lage sucht Nachfolger,https://www.krone.at/4095408
a318a6bfd6d2c45bed98761d8f7017138885aed595696a6d5d23ca307f285162,2026-04-01 10:43:34.771855+00:00,de,krone.at,krone.at,2026-04-01,Musikschulen als Heimstätten der schönen Künste,https://www.krone.at/4094551
52882f93f51626efc79d737cfbae038bc2744ba0257bad457c56318d79d55b40,2026-04-01 10:43:20.312016+00:00,de,krone.at,krone.at,2026-04-01,Haie in Urlaubsparadies haben Kokain im Blut,https://www.krone.at/4095252
2c7248b90056762ab4dda04c72962c9424846f2a5ca565519baa6cf728910fb8,2026-04-01 10:43:12.758922+00:00,de,krone.at,krone.at,2026-04-01,Unverständnis über Blockade bei Studierendenheim,https://www.krone.at/4094582
d409e3268653794b22e04a87b26128afb992f35749a01252e40a39645114d286,2026-04-01 10:42:58.154463+00:00,de,krone.at,krone.at,2026-04-01,"Deutsche Wirtschaft: Preise rauf, Wachstum runter",https://www.krone.at/4095323
f38321f2d2af389c47292c70e37c46da3e6998153b0deb8aa11d99b155b5ad27,2026-04-01 10:42:47.413224+00:00,de,krone.at,krone.at,2026-04-01,Fussenegger Wohnbau schlittert in Millionenpleite,https://www.krone.at/4095329
7622787af29b4a459be41e12eb3094a9d8a6d3ebfbd9e0a4d5981b19d9066705,2026-04-01 10:42:31.931741+00:00,de,krone.at,krone.at,2026-04-01,Genug heimische Eier für das Osterfest,https://www.krone.at/4095210
63b8fa7996b5a937c4ffeb0eb153592b5df8c4a527c9ae0e08f9c90c71c066bd,2026-04-01 10:42:17.978899+00:00,de,krone.at,krone.at,2026-04-01,Iran-Krieg stoppt positiven Trend am Arbeitsmarkt,https://www.krone.at/4095239
ade35cec73df48783675eb31fccddabb72942312083873415b42f3719f7dbcd4,2026-04-01 10:42:09.194004+00:00,de,krone.at,krone.at,2026-04-01,Klinik-Chefs für Aus der Medizin-Basisausbildung,https://www.krone.at/4094806
1813d3799b28741cdbbcb21e56880bc25f363dcc685fa69d46a587b3504d906b,2026-04-01 10:42:02.468945+00:00,de,krone.at,krone.at,2026-04-01,Vergiftetes Weihnachtsessen: Nun Mordermittlung,https://www.krone.at/4095314
20659f2ef63e3337b232e3aabe6bf602ae6fd2441bf0a17b4d529a528d6bb5b2,2026-04-01 10:41:44.683193+00:00,de,krone.at,krone.at,2026-04-01,"Trump: „Überlege ernsthaft, aus NATO auszutreten!“",https://www.krone.at/4095366
6efeb95fdde3243922e60ed2f968e2d2fdf722c67727e2db8aa4208db02a961f,2026-04-01 10:41:34.809758+00:00,de,krone.at,krone.at,2026-04-01,Student (29) bei Wanderung in Südtirol erfroren,https://www.krone.at/4095202
8852da053863271add52fc3cc9788e32c348de7c86909f4669128b43906f5ed4,2026-04-01 10:41:29.851617+00:00,de,krone.at,krone.at,2026-04-01,Austria Salzburg mischt im Konzert der Großen mit,https://www.krone.at/4095245
c2d6d468d4b0060ff3d7852d608f788ae7ad3b0c8e47cdebe9e7f4aa3b5be8e5,2026-04-01 10:41:25.451564+00:00,de,krone.at,krone.at,2026-04-01,Als Kärnten Angst vor Krokodil im Wörthersee hatte,https://www.krone.at/4089545
1fc9b4d75eeee3d9554dba6e4da0bcf935c67bb633b4c1ff76170b6f7718ed1d,2026-04-01 10:41:19.858314+00:00,de,krone.at,krone.at,2026-04-01,Nächster Umbau bei MPreis: Geschäftsführer geht,https://www.krone.at/4095316
47353a7ab1727f2993a430d263c8f526cbcbfa516fc573b9c6cb408840e2c4f5,2026-04-01 10:41:15.528180+00:00,de,krone.at,krone.at,2026-04-01,Nach Hangrutsch: A2 bei Pinkafeld wieder befahrbar,https://www.krone.at/4095331
e9ba6af341d6d86712acaf6b02230850e9200076fc5af050aec496d1bf670306,2026-04-01 10:41:10.119083+00:00,de,krone.at,krone.at,2026-04-01,Laute Milchkannen und hell leuchtendes Kreuz,https://www.krone.at/4094653
07bed2f108c148e354b9e8e141e71a093641ab7d25479f080aaa67d19d400355,2026-04-01 10:26:19.007137+00:00,de,orf.at,orf.at,2026-04-01,David Mölk verlässt MPreis-Führungsriege,https://tirol.orf.at/stories/3348267/
4b7f3c51ad1e48c960f04060eebef809fdbc4e1b8d5773959dd07053e9b572f7,2026-04-01 10:26:14.340111+00:00,de,orf.at,orf.at,2026-04-01,Arbeitslosigkeit in Tirol im März gesunken,https://tirol.orf.at/stories/3348272/
9aab2e0e28027ace6b0b0826ba25b240b64ffe8c4f54dd2be03a99c33a3d8b6f,2026-04-01 10:25:45.342151+00:00,de,orf.at,orf.at,2026-04-01,Betrunkener Lenker ging nach Unfall heim,https://tirol.orf.at/stories/3348251/
24350aac5c23a2334b76bf86f9294178edf0f0f2d195c407407c1f8b5fe16342,2026-04-01 10:25:40.166547+00:00,de,orf.at,orf.at,2026-04-01,Grassers Privatkonkursverhandlung im April,https://tirol.orf.at/stories/3348237/
009f4b4a3d223eaeba3838883d04a4f419d0706c5e302c509b3ab4d83daa91c5,2026-04-01 10:25:23.080865+00:00,de,orf.at,orf.at,2026-03-31,Gletscher zwischen Nostalgie und Realität,https://tirol.orf.at/stories/3347188/
2683fb67f3705708e2ff8389e6db3ee3c81782059a251feaf8a5a6d99044e3b3,2026-04-01 10:25:16.863993+00:00,de,orf.at,orf.at,2026-04-01,80 Prozent der Betreuungsplätze zugewiesen,https://tirol.orf.at/stories/3348261/
295569cda4c16439f426408968078a15668be09a3446d5b42fa7b196c7e41968,2026-04-01 10:24:46.874643+00:00,de,orf.at,orf.at,2026-04-01,Qualität Tirol erzielt 2025 Umsatzrekord,https://tirol.orf.at/stories/3348181/
d800eded1dd08b4eec30085c0ca31748af23b26e17700a4676a45b4b50f51d53,2026-04-01 10:24:36.412120+00:00,de,orf.at,orf.at,2026-04-01,Land veröffentlicht Sommerferienangebote,https://tirol.orf.at/stories/3348169/
bf609b16dfede55635d2738fb475ca0ec0c5460dec057e04027e2d8e08104178,2026-04-01 09:37:17.304428+00:00,de,orf.at,orf.at,2026-04-01,Plöckenpass wird am 18. Mai wieder geöffnet,https://kaernten.orf.at/stories/3348246/
6ddb8c56a7ad96e8677ccdf31b4539794bcc10d7ee02afe6734804c99c659962,2026-04-01 09:36:10.431276+00:00,de,orf.at,orf.at,2026-04-01,Land unterstützte 1.500 Projekte,https://kaernten.orf.at/stories/3348219/
414044a02668f1de8abba43b7cdd8c09515e8ecc94a584e5b50ebb38c0c2d4b6,2026-04-01 09:35:32.949277+00:00,de,orf.at,orf.at,2026-04-01,Pkw landete in Bachbett,https://kaernten.orf.at/stories/3348249/
daac82aaa4e6210964eadf089c4eb546dd88d1b51516e440b93dd176724040c6,2026-04-01 09:35:28.104560+00:00,de,orf.at,orf.at,2026-04-01,39 verwahrloste Hunde gerettet,https://kaernten.orf.at/stories/3348238/
1b906ca131e8b6c072f6867d0aad841ab7579df51accc3184907ad8ed36e7ee4,2026-04-01 08:39:12.283472+00:00,de,orf.at,orf.at,2026-04-01,Nach Crans-Montana: Schweiz verschärft Regeln für Feuerwerk,https://orf.at/stories/3425592/
c814288c883b5d00f0ef707e960ca23d5a242e2927b8a93c31bcac6e5fbe0a7b,2026-04-01 08:39:07.260059+00:00,de,orf.at,orf.at,2026-04-01,Broadway-Auftritt abgebrochen: Megan Thee Stallion im Spital,https://orf.at/stories/3425600/
9d7a7f8b87c60256d25b9e4b90400a4003bffa0fc0c9b360fad38a44dc94d111,2026-04-01 08:38:54.996254+00:00,de,orf.at,orf.at,2026-04-01,Iranisches TV meldet Angriffe in weiten Teilen Teherans,https://orf.at/stories/3425590/
54f15e2c4330d4eec5c9b1b7c677c9deeb856b5b68d379efa3b615881b53fe95,2026-04-01 08:38:49.788788+00:00,de,orf.at,orf.at,2026-04-01,Pilnacek-U-Ausschuss: Innenministerium liefert Logdaten,https://orf.at/stories/3425591/
91eb3b347c43b2a589da5e109d415fd7ce72861f1ed3c6096d66f0f930a55ccb,2026-04-01 08:38:12.548093+00:00,de,orf.at,orf.at,2026-04-01,Mordermittlungen nach Weihnachtsessen in Italien,https://orf.at/stories/3425604/
5378141d5918f0a359c6dc7ae1c6d1a3b95d37559caeed974821107615ddf341,2026-04-01 08:37:56.145528+00:00,de,orf.at,orf.at,2026-04-01,Geburtsrecht: Trump bei Supreme-Court-Verhandlung,https://orf.at/stories/3425601/
299b74ca50a1a44d8eb4fb148505bbf23da8e44820a1779d04e274a3e7c65e0d,2026-04-01 08:37:50.486963+00:00,de,orf.at,orf.at,2026-04-01,Arbeitslosigkeit im März gestiegen,https://orf.at/stories/3425606/
31d7dc74d58bd8ddb64ffc461b5857dac0c883ab0282efddb041be1600f3cf9f,2026-04-01 08:37:44.441460+00:00,de,orf.at,orf.at,2026-04-01,„Fehlfunktion“ stoppt selbstfahrende Taxis in Wuhan,https://orf.at/stories/3425595/
cb96cf27b222125bd37a40060d22e8522f81e31ee4c1377ea5a54305bf03936c,2026-04-01 08:37:06.545865+00:00,de,orf.at,orf.at,2026-04-01,Altbaumieten dürfen wieder erhöht werden,https://orf.at/stories/3425026/
8a74761b0af733da6d5464d332cfd64bde975c0015a5d2ee832766e0c1989a82,2026-04-01 07:38:53.625116+00:00,de,krone.at,krone.at,2026-04-01,29 Tote bei Absturz von Russen-Flugzeug über Krim,https://www.krone.at/4095121
c24dd61a7620b8b87afbefd2835fa39037ec7fa3bcf358f6ef87d32d5e28e4a7,2026-04-01 07:38:48.485054+00:00,de,krone.at,krone.at,2026-04-01,Brandgefahr bei Autos reicht für Preisminderung,https://www.krone.at/4094786
889b20b34a749ce4097266fb180feac4a721de55b7c2db3ffd59f72c88a3715c,2026-04-01 07:38:43.603228+00:00,de,krone.at,krone.at,2026-04-01,Das Gelb der Forsythien und der Geruch von Jauche,https://www.krone.at/4094651
102e5d87da1c7eebc9f498aa6c3905aa3c959d7824b707e33495fb304273e6a6,2026-04-01 07:38:38.511896+00:00,de,krone.at,krone.at,2026-04-01,Grassers Privatkonkurs: Verhandlungstermin fix,https://www.krone.at/4095109
8329b581638a4622ba8a8122acf79ac9cf5bbca7e62aff95f27e7555f93b3fe5,2026-04-01 07:38:33.770359+00:00,de,krone.at,krone.at,2026-04-01,Betrunkener (44) spazierte nach Autoabsturz heim,https://www.krone.at/4095175
34ef57caea47b5973097e3ae41bede17e8a5b905eb8ffe25b54034e7e954e92c,2026-04-01 07:38:28.731482+00:00,de,krone.at,krone.at,2026-04-01,Für diese Tankstellen spitzt sich die Lage zu,https://www.krone.at/4094348
610dc216d255bb481ee946f5b1737618769900f25ae5d23624717a36de79ebec,2026-04-01 07:38:23.562175+00:00,de,krone.at,krone.at,2026-04-01,Retter suchen weiter nach vermisstem Kajakfahrer,https://www.krone.at/4095172
e960eec104adb8d7d61bae6cd8614a8cce4e862f1ce15973d43a9bd9c6b36db8,2026-04-01 07:38:18.578836+00:00,de,krone.at,krone.at,2026-04-01,Pongauer überwies Betrügern gleich zehnmal Geld,https://www.krone.at/4095187
b7a006b84c6473f4394709752d2f6b7db629424fd133775db201af52676babad,2026-04-01 07:38:13.675953+00:00,de,krone.at,krone.at,2026-04-01,Rodungen sollen Weingärten vor Rebzikade retten,https://www.krone.at/4094747
ce13f7e975fcc805ed18b64905457705d8b0b22b7e1e852b1052d75f25e32bf6,2026-04-01 07:38:08.275535+00:00,de,krone.at,krone.at,2026-04-01,Eine erfreuliche Auslosung für die Altacher Frauen,https://www.krone.at/4094736
2997f0e963a16b45c56392276f9f544eeceedbf303288faf32c5f573d13a59d0,2026-04-01 07:37:58.348934+00:00,de,krone.at,krone.at,2026-04-01,Küchenhersteller Haka schließt nach Insolvenz Werk,https://www.krone.at/4094633
853fbfcfa596aefaf1d155cf78f4fa8cdf72b2f41d8b0d890fc26aa7951a3679,2026-04-01 07:37:53.338667+00:00,de,krone.at,krone.at,2026-04-01,Trump: USA werden den Iran „sehr bald“ verlassen,https://www.krone.at/4095114
6f0e2bc85d47b0425d6c12ddbccdccf2b5d80d058752888f70638d1d927ed2bd,2026-04-01 07:37:47.740043+00:00,de,krone.at,krone.at,2026-04-01,Ungarn: EU-Experten hoffen auf Abwahl Orbáns,https://www.krone.at/4095129
274230edf8f69c2a369e3ca33d6af8dc1f4fb95e33347e636ba5650778ef7f23,2026-04-01 07:37:42.958000+00:00,de,krone.at,krone.at,2026-04-01,Spritpreise: 2022 war das Tanken deutlich teurer,https://www.krone.at/4095111
5111ba15a7932b21c385ee30591faefe4db7f60320a9a4d9064273d094cc63fc,2026-04-01 07:37:37.201686+00:00,de,krone.at,krone.at,2026-04-01,Bundesligist vereint Österreichs Daviscup-Asse,https://www.krone.at/4094589
32d556f0edebde10df37ec5b6a776a03e7c67d78db9fcf91284e988b68f6f603,2026-04-01 07:37:27.854404+00:00,de,krone.at,krone.at,2026-04-01,Bauern haben wegen Milchpreis nichts zu lachen,https://www.krone.at/4094621
0f58dd20b2bba116ea015436774a0c88845565ddb6bc06d268adcc70c1977f4f,2026-04-01 07:37:23.265640+00:00,de,krone.at,krone.at,2026-04-01,Mit 101 km/h durch eine 50er-Zone gerast,https://www.krone.at/4095133
1dd7d9d1e9624b9cc133c82a3af024546682c053186de59144526a28a1abd3f2,2026-04-01 07:37:12.556459+00:00,de,krone.at,krone.at,2026-04-01,Prognose für „Timmy“ in Ostsee ist „nicht gut“,https://www.krone.at/4095158
78d385ed37a69f877b2465d0ca49b2c38cb3417e188b94ad4940fce05dd4dd7e,2026-04-01 07:37:07.424851+00:00,de,krone.at,krone.at,2026-04-01,Die „heimlichen“ Bosse von Wacker reden Klartext,https://www.krone.at/4094732
46933107bf2f216164839637ebd4abc60c69f41089ff713a8479fadf8266efb3,2026-04-01 06:29:47.157693+00:00,de,orf.at,orf.at,2026-04-01,Letzte Chance für Smart Meter,https://wien.orf.at/stories/3348179/
edc52a72330e3855f18b168545bb3529c9df0f655219968560d60279577836b5,2026-04-01 06:29:40.035387+00:00,de,orf.at,orf.at,2026-04-01,Förderungen für mehr Demokratie in Wien,https://wien.orf.at/stories/3348038/
ab2d5a17fc5de5b705cdd561aad9b14a4a92c614518dde830249bb5fa6c59c07,2026-04-01 05:32:12.612425+00:00,de,orf.at,orf.at,2026-04-01,Jugendkriminalität: So wird kontrolliert,https://steiermark.orf.at/stories/3348229/
13f3f92827910af1647170d700ea1d5b7e5aa07f23cef57ffda23e8b8171abe2,2026-04-01 05:22:42.341242+00:00,de,orf.at,orf.at,2026-04-01,Warnung vor Sprit-Engpass,https://ooe.orf.at/stories/3348218/
9af6f1ed9f16c94f3c9c5f33910ad90304217d052f16f202abdf40e59e2479e6,2026-04-01 05:21:45.844099+00:00,de,krone.at,krone.at,2026-04-01,"Jakob (11) lag am Boden, aber Lenker fuhr weiter",https://www.krone.at/4094555
decf5fb1a58a508c634a2b750ac855f7c729917e7a3977328d7c640455583919,2026-04-01 05:21:40.886548+00:00,de,krone.at,krone.at,2026-04-01,Volksbegehren: Wird Karfreitag wieder Feiertag?,https://www.krone.at/4094761
8327140792ba14e53fc1a94ee2ea1b5dd99a01e945e2f1dcc4c088d5dd9df059,2026-04-01 05:21:35.758946+00:00,de,krone.at,krone.at,2026-04-01,ACSL: „Wacht auf! Wir sind die Größten in Europa“,https://www.krone.at/4093395
70e948fcacc0dea96313cbdc089c290ceb54b4a909413f2295f6721a1bfdd1cd,2026-04-01 05:21:27.395821+00:00,de,krone.at,krone.at,2026-04-01,Vorwürfe im Pflegeheim: Schreiben löst Prüfung aus,https://www.krone.at/4094478
aba5305d0d91183e9b23e4fee6bccdeab5e5227e626f347b2a6a0d244cf9c650,2026-04-01 05:21:22.974229+00:00,de,krone.at,krone.at,2026-04-01,Pendler-Kampf um Park-and-Ride an Buslinien,https://www.krone.at/4094811
f5ab9ccb38e1793e743677f79e12aeb87bebfeabfe3ccb682aa404ec5522fde6,2026-04-01 05:20:39.988456+00:00,de,krone.at,krone.at,2026-04-01,Haftstrafe statt Paella für spanischen Koch,https://www.krone.at/4094628
b9c4e26ba8d9772d1bccb2b591f0792a356f52802cadfde7a00903033cc0e59a,2026-04-01 05:20:22.885632+00:00,de,krone.at,krone.at,2026-04-01,Kommune„hängt“ an Brunnen: Ortschef hat Wasserdeal,https://www.krone.at/4094524
0c1baaf92b347fa08830462cb762ea01da727017567725bf4ae2802921723e6f,2026-04-01 05:20:14.544507+00:00,de,krone.at,krone.at,2026-04-01,Geisterauto in Kärnten: Niemand darf es entfernen,https://www.krone.at/4094584
429a87bb8d490438e1d5adf4713f674332bea648f2a3fbb0ab676c7ddca00df5,2026-04-01 05:19:23.037411+00:00,de,krone.at,krone.at,2026-04-01,Wolf durch Auto und nicht durch Gewehr getötet,https://www.krone.at/4094721
f959633f19032c2ce997678cede03229b3a8439562d2330917acaa98598d022f,2026-04-01 05:19:18.266824+00:00,de,krone.at,krone.at,2026-04-01,Die „Krone“ lädt zur Weinroas ins Burgenland ein,https://www.krone.at/3309111
48452a8d0b287d008d873ed7159107b678012db790103659be84a4dd79532fc7,2026-04-01 05:19:13.146252+00:00,de,krone.at,krone.at,2026-04-01,Kinder ohne Familie: Ein Meilenstein in Tirol,https://www.krone.at/4094451
680a23c3979dda32b84576c370319c128fbb2798718bd3ef151de833cf6c76ce,2026-04-01 05:19:07.907522+00:00,de,krone.at,krone.at,2026-04-01,Bumm! Sturm-Ass verlässt überraschend den VSV,https://www.krone.at/4094615
4091766a2eebb44791d6e64c73562164a10dc399593ba1b92121741bea9ca299,2026-04-01 05:19:03.467062+00:00,de,krone.at,krone.at,2026-04-01,"Tragisch, aber wahr: Hier droht die Todesstrafe!",https://www.krone.at/4094363
8cd81d4fe1b90b39f89b5d74cafbf68961e2605d58e55bd619b05d26070eae25,2026-04-01 05:18:58.803287+00:00,de,krone.at,krone.at,2026-04-01,Tirolerin zockt Arbeitgeber mit Tageslosungen ab,https://www.krone.at/4094953
b18e4881ec6df8a0a3521b2f41b7a87e98768322a1715a940da66041f9d52de7,2026-04-01 02:29:09.505070+00:00,de,orf.at,orf.at,2026-03-31,SALK übernehmen Reha-Kliniken in St. Veit,https://salzburg.orf.at/stories/3348146/
c6e0336f07f286e15fc29e0f99226be84c48d618c1777db97d50f159ef80364a,2026-04-01 02:28:34.577487+00:00,de,orf.at,orf.at,2026-03-31,Nun doch Public Viewing zur Fußball-WM,https://salzburg.orf.at/stories/3348158/
8b11e6c5f962e199d1a404cc4702a7b3cc0a61691381b537dee394018fcfc507,2026-04-01 02:28:29.756703+00:00,de,orf.at,orf.at,2026-03-31,Tanz hat sich bei Osterfestspielen etabliert,https://salzburg.orf.at/stories/3348151/
2714f0ec7a0cec985ae695dceaf73bda03503a96d470b2f9135b713502df9622,2026-04-01 02:27:38.619852+00:00,de,orf.at,orf.at,2026-03-31,„Skifahren lernen in drei Tagen“ setzt auf Ostösterreich,https://salzburg.orf.at/stories/3348105/
265b49c27bdfe18af02f2fa51c9ba26b4d0f0fec78bc152b4084ca9fdd18e138,2026-04-01 02:27:19.621731+00:00,de,orf.at,orf.at,2026-03-31,Cyberkriminalität entgegen nationalem Trend gesunken,https://salzburg.orf.at/stories/3348143/
7d19a4f446dd13a5542301d4ecd341b1a29f2be52d30712d2022e4138991ac0e,2026-04-01 02:26:31.177148+00:00,de,orf.at,orf.at,2026-03-31,Suche nach vermisster Person in Teufelsschlucht,https://salzburg.orf.at/stories/3348236/
c985037a3f4cf63ff7b155b8b317627d0b32a32a616e76e4c1fc4d3b36ec1f63,2026-04-01 02:19:14.289024+00:00,de,derstandard.at,derstandard.at,2026-03-31,OMV und ADNOC schließen Milliardenfusion ihrer Chemiesparten ab,https://www.derstandard.at/consent/tcf/story/3000000314925/omv-und-adnoc-schlie223en-fusion-ihrer-chemiesparten-ab
77c119f2fff1a76429fe80f7ced326fdf17e66c1ce3e29e8c907d6d60b2979d3,2026-04-01 02:19:04.253220+00:00,de,derstandard.at,derstandard.at,2026-03-31,Preis für Pressefreiheit an inhaftierten Hongkonger Verleger Jimmy Lai,https://www.derstandard.at/consent/tcf/story/3000000314937/preis-fuer-pressefreiheit-an-inhaftierten-hongkonger-verleger-jimmy-lai
b2944969d1adf810cf71be60290054e6997c4a6d01f1565ad37e9f11103a5789,2026-04-01 02:18:54.262394+00:00,de,derstandard.at,derstandard.at,2026-03-30,Würdet ihr in den USA Urlaub machen?,https://www.derstandard.at/consent/tcf/story/3000000314671/wuerdet-ihr-in-den-usa-urlaub-machen
47b3b591b9e5b4845a38a5d2b846e7f4aeb7d850d4147a9c84cf73b9718ac874,2026-04-01 02:18:44.381630+00:00,de,derstandard.at,derstandard.at,2026-03-31,"Wimmer lobt Wanner und Chukwuemeka: ""Menschlich überragende Typen""",https://www.derstandard.at/consent/tcf/story/3000000314873/wimmer-lobt-wanner-und-chukwuemeka-menschlich-ueberragende-typen
f586b6ad0a1f3353c88ed79f1432aa6fe3aade2becc820f68f420f5cce207bd2,2026-04-01 02:18:39.196349+00:00,de,derstandard.at,derstandard.at,2026-03-31,März war in Österreich überdurchschnittlich warm und trocken,https://www.derstandard.at/consent/tcf/story/3000000314911/m228rz-war-in-214sterreich-252berdurchschnittlich-warm-und-trocken
05a3ff96cda7c777d98144835f9243a13a256b86ec8fe2a7d90365950654ed5d,2026-04-01 02:18:24.292360+00:00,de,derstandard.at,derstandard.at,2026-03-31,Nach Kunstdiebstahl in Italien: Ermittlungen laufen auf Hochtouren,https://www.derstandard.at/consent/tcf/story/3000000314814/nach-kunstdiebstahl-in-italien-ermittlungen-laufen-auf-hochtouren
fd12aed4755c4d7ec20a2ba644b73800de529cbacaeafc51b1f1f1bb7ebfe297,2026-04-01 02:17:58.747277+00:00,de,derstandard.at,derstandard.at,2026-03-30,Das EFH – die nachhaltige Wohnform der Zukunft?,https://www.derstandard.at/consent/tcf/story/3000000314742/das-efh-die-nachhaltige-wohnform-der-zukunft
00f51000cd68eeca7981ac68edb55d5577844a41c3c01e613ac151eb7963535d,2026-04-01 02:17:54.193698+00:00,de,derstandard.at,derstandard.at,2026-03-31,Seniorenrat fordert Offensive gegen Alterseinsamkeit zur Suizidprävention,https://www.derstandard.at/consent/tcf/story/3000000314886/seniorenrat-fordert-offensive-gegen-alterseinsamkeit-zur-suizidpraevention
3e3e6343cb0b3534f25aad29bfa436f99f682a58175b590d275aaeea98b53fdd,2026-04-01 02:17:49.089763+00:00,de,derstandard.at,derstandard.at,2026-03-31,Canucks prolongieren Niederlagenserie in NHL,https://www.derstandard.at/consent/tcf/story/3000000314856/canucks-prolongieren-niederlagenserie-in-nhl
f4b3cc036500ce67d9957154565dd5036e149b97054c65e0869664b89304c28a,2026-04-01 02:17:44.620995+00:00,de,derstandard.at,derstandard.at,2026-03-31,"Aggressiver Bussard, der für ""Angst und Tränen"" gesorgt hat, wurde aus belgischem Wildtiergehege gestohlen",https://www.derstandard.at/consent/tcf/story/3000000314893/aggressiver-bussard-der-fuer-angst-und-traenen-gesorgt-hat-wurde-aus-belgischem-wildtiergehege-gestohlen
4f85653fb9700b4f87b8cd471096ca52bdd912d3d09daa94034131a350e6ba5f,2026-04-01 02:17:42.033098+00:00,de,derstandard.at,derstandard.at,2026-03-31,"Österreichs Regierung übertrifft Etappenziel: Budgetdefizit 2025 bei 4,2 Prozent",https://www.derstandard.at/consent/tcf/story/3000000314816/oesterreichs-regierung-uebertrifft-etappenziel-budgetdefizit-2025-bei-42-prozent
ea282f69acb17e2f01300806e6cdce86a63b785828f232c7dd60c0be1b038372,2026-04-01 02:17:38.142065+00:00,de,derstandard.at,derstandard.at,2026-03-31,Thriller-Serie mit Stellan Skarsgård und Dakota Fanning geplant,https://www.derstandard.at/consent/tcf/story/3000000314819/thriller-serie-mit-stellan-skarsgard-und-dakota-fanning-geplant
60b542302741b7b230aa276e510a5c43aa7b842c82922b3a6bb017dc78a2229b,2026-04-01 02:17:30.367379+00:00,de,derstandard.at,derstandard.at,2026-03-31,Chicago Bulls entlassen Jaden Ivey nach homophoben Äußerungen,https://www.derstandard.at/consent/tcf/story/3000000314859/bulls-entlassen-ivey-nach-homophoben-196u223erungen
f9bd11424498f86cc4ac1271ad265005e65b36d949476b68a5ac11515ca54e31,2026-04-01 02:17:29.146112+00:00,de,derstandard.at,derstandard.at,2026-03-30,"Israels Todesstrafe nur für Palästinenser, erklärt",https://www.derstandard.at/consent/tcf/story/3000000314888/israels-todesstrafe-nur-fuer-palaestinenser-erklaert
04b3d539009518992b2551a1cdc9b084b0b36b2b05c3d9b1f8c59e3b0fd69ccf,2026-04-01 02:17:16.536402+00:00,de,derstandard.at,derstandard.at,2026-03-31,Südkoreaner Jaha Koo gewinnt den renommierten Ibsen-Preis 2026,https://www.derstandard.at/consent/tcf/story/3000000314837/suedkoreaner-jaha-koo-gewinnt-den-renommierten-ibsen-preis-2026
0b3d90f05fe4a31f85bdd2511e2c27aec052c681ec6c7484b4184b98dc647038,2026-04-01 02:17:11.945139+00:00,de,derstandard.at,derstandard.at,2026-03-31,Wie Orbán unabhängige Medien in Ungarn auf Linie brachte,https://www.derstandard.at/consent/tcf/story/3000000314889/wie-orban-unabhaengige-medien-in-ungarn-auf-linie-brachte
a475e8f1ce52e8af8f609d625c000b460007842ee8b9d0571b8730bb1f4857f6,2026-04-01 00:45:30.256639+00:00,de,krone.at,krone.at,2026-03-31,„Sozialer Strom“: Wie Tarif-Umstieg funktioniert,https://www.krone.at/4093521
56e45a0a41502c613edec829ed17244378a25529fcf6c07de12971bb5a0da95b,2026-04-01 00:32:13.441109+00:00,de,orf.at,orf.at,2026-03-31,Keine Karenzregelung: Bürgermeister geht,https://kaernten.orf.at/stories/3348225/
a190c903cf211d4bd9fcfea297e69939a68a2794869352e3d078ea36afedb43d,2026-04-01 00:31:45.283985+00:00,de,orf.at,orf.at,2026-03-31,WAC-Krise: Kampf gegen Abstieg,https://kaernten.orf.at/stories/3348226/
82fb95cd0da2af5ebbb593690ca42fc02f859d996c5c096121a1069c9ee93749,2026-04-01 00:31:38.787774+00:00,de,orf.at,orf.at,2026-03-31,Kärnten führt bei Aufklärungsquote,https://kaernten.orf.at/stories/3348144/
897cd74cbfc27ac76f61f326417812498078ecd26f62924dfb772b1be075cd96,2026-04-01 00:31:27.449208+00:00,de,orf.at,orf.at,2026-03-31,Jordan Murray aus Krankenhaus entlassen,https://kaernten.orf.at/stories/3348233/
aad12b384575047f96a2113794cfebb22ed1cd308b6b4ab51104fdd05c420fbe,2026-04-01 00:27:32.365228+00:00,en,krone.at,krone.at,2026-03-31,The Lineup: Here’s How the ÖFB Team Will Line Up Against South Korea,https://www.krone.at/4094886
f72eea9361473bef43cf552047b9878a8358df76930a9fbf49eab726097a6dde,2026-04-01 00:27:27.225662+00:00,de,krone.at,krone.at,2026-03-31,"Australien untersucht Meta, TikTok und Google",https://www.krone.at/4094057
5d66e1f4017c7d2150dd19bad1820b76797292eeec0db97cf5857a1553c385d6,2026-04-01 00:27:22.230376+00:00,en,krone.at,krone.at,2026-03-31,LIVE: The action continues as Austria faces South Korea,https://www.krone.at/4095026
d76d2e4efd4ad34da56fca2075ee52908d41b73098d3c91ca6671059868c6c4f,2026-04-01 00:27:17.220129+00:00,en,krone.at,krone.at,2026-03-31,Kristoffersen Will No Longer Use Hirscher’s Skis,https://www.krone.at/4094700
6d26acb5f8ddced3072a5b8d6706e44b65931c0dad683ba7b1dc58149d62ae15,2026-04-01 00:27:12.546862+00:00,de,krone.at,krone.at,2026-03-31,Warum ein kleines Fernglas am Berg groß rauskommt!,https://www.krone.at/4094441
2bdbc0d281950b64e1606e4aba667f15a4d10568bac2205ad8b35117e1d589b0,2026-04-01 00:27:07.035490+00:00,de,krone.at,krone.at,2026-03-31,Verliert das Christentum immer mehr Gläubige?,https://www.krone.at/4075327
778f132badec696f5ea15f534f5cce7d417363bef4f4d7968779eabb810b8e25,2026-04-01 00:27:02.252334+00:00,de,krone.at,krone.at,2026-03-31,Pfarrer: „Ostern ist Training für den eigenen Tod“,https://www.krone.at/4093590
4196221ba51a113f464b87a3d8ebc5b4f12e09c9e322f712ab59878323035075,2026-04-01 00:26:57.159700+00:00,de,krone.at,krone.at,2026-03-31,Senioren plagen sich noch sehr mit der ID-Austria,https://www.krone.at/4093698
b80c257f418eea4ece390c66a19307fdc323a557c03b87f0b0b082c1118ff645,2026-04-01 00:26:53.409620+00:00,en,krone.at,krone.at,2026-03-31,Total disaster! Italy misses out on the 2026 World Cup,https://www.krone.at/4095076
fe80198058f93b1afcccf8385293d05d9b8132576f520c850a6dbaf53866a0e3,2026-04-01 00:26:47.447431+00:00,de,krone.at,krone.at,2026-03-31,Zwei Verletzte nach Brand: Arbeiter im Spital,https://www.krone.at/4094045
11ad3052eccc4e00c6dfe99323d9a8c5841cd7ca48e3b145edc4421d6e9fa332,2026-04-01 00:26:42.180303+00:00,de,krone.at,krone.at,2026-03-31,Mehr als der Präsident,https://www.krone.at/4094689
3a6945c6dc268d1924c475105c0e8ac71701870aa75c6f8e4e91563087c98b6e,2026-04-01 00:26:37.117921+00:00,de,krone.at,krone.at,2026-03-31,Rangnick: „Bis Dienstag geht sich das nicht aus“,https://www.krone.at/4090599
7a975260f350af9403402f5b46a6638ff31b9d03c6cb4cb1e461efb72e956cf3,2026-04-01 00:26:32.171364+00:00,de,krone.at,krone.at,2026-03-31,Eisbären-Stadionsprecher sieht Fans als Orchester,https://www.krone.at/4093928
2cf17d3cdcb19b0738555265e2f9af3351aa0d490c0380ad6de47ac9432db862,2026-04-01 00:26:27.241435+00:00,de,krone.at,krone.at,2026-03-31,"Den fetten Audi zurückgeben, Herr Schellhorn!",https://www.krone.at/4093857
63613ae45632bca91c6d700b3c3a207cc1d82ba9e92dbdc1d83d8f0ed5ec89cb,2026-04-01 00:26:22.226100+00:00,de,krone.at,krone.at,2026-03-31,„Schnellster Pilot muss wieder ganz vorne stehen“,https://www.krone.at/4093623
a8ed3abbfb61dad7da283eb13ab9486b46c98aea377bb6f1b5dacc9a0b8f5c5d,2026-04-01 00:26:17.500680+00:00,en,krone.at,krone.at,2026-03-31,"Ironically, the ORF’s problem cases are the highest earners",https://www.krone.at/4094741
301dcf6cffecb6577c63fef7167dc2ddf6192f6a02edecea6edada979011d8dd,2026-04-01 00:26:12.298141+00:00,en,krone.at,krone.at,2026-03-31,Police chase burglars in Ischgl with snowcats,https://www.krone.at/4094427
76e14d6c73f664611f3de86d81969f160f2e79cc474146d77631602e2b7c4a8a,2026-04-01 00:26:07.202035+00:00,de,krone.at,krone.at,2026-04-01,Anpfiff zur Kräuter-WM in Niederösterreich,https://www.krone.at/4093607
c5e46fa3fbdffa500fda2071dc84ebd56f7c2ac8ff9ad3a92b10bb791f0ede6e,2026-04-01 00:26:02.248247+00:00,en,krone.at,krone.at,2026-03-31,Antelope Killing in Schönbrunn: No One Heard the Shot,https://www.krone.at/4094839
e2ed6d62f94f34ad9bb063f45c558118c2a762d961c21e7c957d99946d52b01c,2026-04-01 00:25:57.102151+00:00,de,krone.at,krone.at,2026-03-31,Vier Stunden nach Abpfiff: Ghana feuert Trainer!,https://www.krone.at/4094038
374e24bcc06240671d19426b0204652cc3366223e7f2434458d5fb9979ca79d4,2026-04-01 00:25:52.168808+00:00,en,krone.at,krone.at,2026-03-31,Shock in Schönbrunn: Young animal shot dead!,https://www.krone.at/4094455
887225288743d385a46463092e4090421b9547bd2793bc782fb421d9af992307,2026-04-01 00:25:47.623065+00:00,en,krone.at,krone.at,2026-03-31,A luxury problem! These are the ORF’s highest-paid employees,https://www.krone.at/4094022
2829b2fad35b5b32c384b5812e4d3290faddb4d12115d8a87cbef8419dfb310d,2026-04-01 00:25:42.235792+00:00,de,krone.at,krone.at,2026-03-31,Test-Remis für WM-Gegner Algerien und Jordanien,https://www.krone.at/4095051
8e914c3a52175fd857baf51fcb7cb97d319ee9ea5406ec74a6190ff4b2c18dda,2026-04-01 00:25:37.170745+00:00,en,krone.at,krone.at,2026-03-31,Government: Fuel price cap takes effect April 2,https://www.krone.at/4094889
a0dac7296a0084f3361c60d4583c36d7688a0a36b8f22a9916d3e756a1cc5296,2026-04-01 00:25:32.078306+00:00,de,krone.at,krone.at,2026-03-31,Tränen zum 44er: Diese Promi-Freunde stehen zu ihr,https://www.krone.at/4094049
a5b8b44747901beb3ebeaefc6018aded93a53526b2daa5ca2910eabee6a2a097,2026-04-01 00:25:27.350586+00:00,de,krone.at,krone.at,2026-03-31,„Dieses Feilschen um junge Menschen ist nicht gut“,https://www.krone.at/4094020
5016f66936d70f38a9ad8ab3ea9ac21eafd378763ede850faa3378cfc0ee79f7,2026-04-01 00:25:22.177084+00:00,de,krone.at,krone.at,2026-03-31,"ORF-Gagenkaiser, teure Lebensmittel und Debütalbum",https://www.krone.at/4094401
33738e01cef66e092eeeec88237f195c9b77e6d09cc3eb741c106e6dfbe670f3,2026-04-01 00:25:17.902355+00:00,de,krone.at,krone.at,2026-03-31,Gastpatienten: Wien setzt Spitälern das Messer an,https://www.krone.at/4093671
b5e252648c2ccb7ae5cbe8ab366fd4eebb0880fc553088810fc19658bd043c68,2026-04-01 00:25:11.938682+00:00,de,krone.at,krone.at,2026-03-31,Rangnick: „Keine leichte Aufgabe für den Teamchef“,https://www.krone.at/4095036
f6bcd376a456a84bc26bc2617be2249a1270d991fe581fd59e44203e92e6dfb7,2026-04-01 00:25:07.317818+00:00,de,krone.at,krone.at,2026-03-31,In Quali-Gruppe sieglose Schweden fahren zur WM!,https://www.krone.at/4095016
77b00446c418a6b92d998a340d8d9d0aeb294a7c3bd1cb5fe70ce0dce24fc82a,2026-04-01 00:25:02.574619+00:00,de,krone.at,krone.at,2026-03-31,Woods erklärt Unfall: Schmerzmittel und Handy,https://www.krone.at/4094984
754d5cd16698160277b012308c393868a07b5a4faa7714aee1c758caa028933e,2026-04-01 00:24:57.388891+00:00,de,krone.at,krone.at,2026-03-31,Heizkosten haben sich für Wienerin jäh verdoppelt,https://www.krone.at/4093517
2f018385dc2289ef88c99b3881e358785da276db90042d718435f8dd16273feb,2026-04-01 00:24:52.380002+00:00,de,krone.at,krone.at,2026-03-31,Graz99ers stellen in Halbfinal-Serie auf 2:0!,https://www.krone.at/4094999
26bd7137785a4bec3a4c49d01ab58dd80ec408a89d5d33545f7954e96b30f2ae,2026-04-01 00:24:47.299866+00:00,de,krone.at,krone.at,2026-03-31,„Dann verlierst du ziemlich schnell den Faden“,https://www.krone.at/4093287
fbafa67c6ab3649c919ee38bfcf3c772da6cde0409c73c4232974ffe232d99cf,2026-04-01 00:24:42.246173+00:00,en,krone.at,krone.at,2026-03-31,The “Krone” honors the Soccer Player and Coach of the Year,https://www.krone.at/4094903
273fe01f23146b18e6e8665dd47f1c5622c5ac2926c83fe8ae34f967980f574a,2026-04-01 00:24:37.066920+00:00,en,krone.at,krone.at,2026-03-31,Another sharp rise in teen crime,https://www.krone.at/4094292
392e9deab2a72919c7d2ea201dc2c51185e2451440fcb53b0f3d3f26c7e47ad3,2026-04-01 00:24:32.248696+00:00,de,krone.at,krone.at,2026-03-31,Luxusproblem! Das sind die ORF-Gagenkaiser,https://www.krone.at/4093897
f1c4ab53ebc8d23024512a661c14f2756014d3ece296f46c40875227a2d3b096,2026-04-01 00:24:27.370604+00:00,de,krone.at,krone.at,2026-03-31,Wärmepumpe komplett montieren & Kosten sparen,https://www.krone.at/4094505
ce4ebd0a2f6b8c87956fc2b970360707baa36df2e68172e91a89e45f3379e673,2026-04-01 00:24:22.447399+00:00,de,krone.at,krone.at,2026-03-31,Zell Am See-Kaprun als Quelle echter Erholung,https://www.krone.at/4090711
c8b8f2d778609a6d6187c57f6f07b811ed1802ef5aa9c13912475dae23cf8b02,2026-04-01 00:24:17.147643+00:00,en,krone.at,krone.at,2026-03-31,Four hours after the final whistle: Ghana fires coach!,https://www.krone.at/4094041
8f545595c1871c657fd36628b68e2068ac1fff6c8cb201944d634c60f85acf74,2026-04-01 00:24:12.100272+00:00,de,krone.at,krone.at,2026-03-31,Der wohl beliebteste Motor von Audi fliegt raus!,https://www.krone.at/4093865
ab7d4ef0ee0efa2315e4de45136d842b285da3d3b4c57325f27883ad598469c6,2026-04-01 00:24:07.183139+00:00,de,krone.at,krone.at,2026-04-01,Waren und Gutscheine im Wert von 1.200 € gewinnen!,https://www.krone.at/4093156
c281c763969b33b6c1a87c3fbb8c77dd2834014d8290b231157ea0a450dbb0b3,2026-04-01 00:24:02.100854+00:00,de,krone.at,krone.at,2026-03-31,Matchwinner! Sabitzer trifft auch gegen Südkorea,https://www.krone.at/4094995
0695fc2ff3fe886c096c9658369c42dce350afef07729392526b37d77357cfc9,2026-04-01 00:23:57.070123+00:00,de,krone.at,krone.at,2026-03-31,„Iron Mike“ ist Thema für Trainer-Sessel in Kagran,https://www.krone.at/4093966
489a8f74a9c16ba17bed502692bbad07518c316fcd89c47354add43eedf411a0,2026-04-01 00:23:52.440208+00:00,de,krone.at,krone.at,2026-03-31,Dreier-Koalition im Blockademodus,https://www.krone.at/4094113
3fb49a28d472d0eb9ac626ac0720231054aba4625ecd163ce86dafc3a052398b,2026-04-01 00:23:47.370971+00:00,en,krone.at,krone.at,2026-03-31,"Sweden, winless in qualifying, heads to the World Cup!",https://www.krone.at/4095034
c0555d829178491b12d714a6cc1374ca6fadd2f1f9674b95196952e2b699cfd6,2026-04-01 00:23:42.107177+00:00,de,krone.at,krone.at,2026-03-31,Stichelei: „Sie haben Angst und viel zu verlieren“,https://www.krone.at/4094026
0b97c634ce474083f83746cb08c1f330683192e6e4b3fb30fd79965c7c87fe3d,2026-04-01 00:23:37.149423+00:00,de,krone.at,krone.at,2026-03-31,Baumgartner: „Der schönste Tag in meinem Leben“,https://www.krone.at/4090633
a4c50bcfff091081fa006d0bd11d295a0bb58893e2d12959adc9e4034cc3b275,2026-04-01 00:23:32.427570+00:00,de,krone.at,krone.at,2026-03-31,"Minister Marterbauer, der Grabräuber der Nation",https://www.krone.at/4094716
1a97fb4f2892f73c559d624a0965b1773a1ec72e32e0d7440c2ffa82da0002af,2026-04-01 00:23:27.516875+00:00,de,krone.at,krone.at,2026-03-31,Betrug soll viel größer sein als bisher bekannt,https://www.krone.at/4093875
d8fdfdc51607da247f89b25b28989df629820783f8584c4d18c657002eca40d4,2026-03-31 23:51:59.849308+00:00,de,derstandard.at,derstandard.at,2026-03-31,J. D. Vance: Trump-Vize erhält in Sachen Iran eine Mission Impossible,https://www.derstandard.at/consent/tcf/story/3000000314855/j-d-vance-trump-vize-erhaelt-in-sachen-iran-eine-mission-impossible?ref=rss
d46b762b74057b5306036e6a3b020f36fa0a0f27fa26f5e4e1834a59e6243ac7,2026-03-31 23:51:54.922340+00:00,de,derstandard.at,derstandard.at,2026-03-31,Causa KHM und Schloss Ambras: Chronologie einer Eskalation,https://www.derstandard.at/consent/tcf/story/3000000314919/causa-khm-und-schloss-ambras-mobbing-vorwurf-als-druckmittel?ref=rss
340ec4d912dd6b0c8fe337e5468d0c3fa2f0140ac481ac3eb5bf05e64abc0519,2026-03-31 23:51:49.637553+00:00,de,derstandard.at,derstandard.at,2026-03-31,Der ORF geht bei der Transparenz nicht weit genug,https://www.derstandard.at/consent/tcf/story/3000000314896/der-orf-geht-bei-der-transparenz-nicht-weit-genug?ref=rss
df301a79c94ee3a00b57b89dbcc679ac22b4783bc09f8cd95e84db1ec5611abd,2026-03-31 23:49:41.308779+00:00,de,derstandard.at,derstandard.at,2026-03-31,"Barbara Blaha: ""Viele Männer sind sich ihrer patriarchalen Privilegien nicht bewusst""",https://www.derstandard.at/consent/tcf/story/3000000314924/barbara-blaha-viele-maenner-sind-sich-ihrer-patriarchalen-privilegien-nicht-bewusst?ref=rss
8997b7e8fe6e184c74b65e4b875985554fed1f11233ebe84540fd1718643435b,2026-03-31 23:49:31.341393+00:00,de,derstandard.at,derstandard.at,2026-03-31,Maradonas Geburtshaus dient nun als Suppenküche in Buenos Aires,https://www.derstandard.at/consent/tcf/story/3000000314947/fu223ball-geburtshaus-von-maradona-dient-als-suppenk252che?ref=rss
032101d6eff2101aff79156691a6805b63064f9c562fe2262eea6ead532f8383,2026-03-31 23:49:11.648349+00:00,de,derstandard.at,derstandard.at,2026-03-31,"Ungarns Außenminister zu Lawrow in abgehörtem Telefonat: ""Stehe dir immer zur Verfügung""",https://www.derstandard.at/consent/tcf/story/3000000314928/ungarns-aussenminister-zu-lawrow-in-abgehoertem-telefonat-stehe-dir-immer-zur-verfuegung?ref=rss
493148da51eb44636f8ad02864ef05f8e694359870c480452bd73ea710b57f41,2026-03-31 23:49:06.316308+00:00,de,derstandard.at,derstandard.at,2026-03-31,Antilopenjungtier in Schönbrunner Tiergarten von Unbekanntem erschossen,https://www.derstandard.at/consent/tcf/story/3000000314934/hirschziegenantilope-von-unbekannten-in-wiener-zoo-erschossen?ref=rss
0e657cd920047932bcd9b9a17f5a5c91ae00f96860017676232679df1bad7f55,2026-03-31 23:48:51.313053+00:00,de,derstandard.at,derstandard.at,2026-03-31,Italiener De Zerbi neuer Coach von Danso-Klub Tottenham – Fans kritisieren Verpflichtung,https://www.derstandard.at/consent/tcf/story/3000000314969/fu223ball-italiener-de-zerbi-neuer-coach-von-danso-club-tottenham?ref=rss
8c34781af1189a91bdba38d5b9626127e4fe5a1e01c7c1b2ca0bbdec7937c853,2026-03-31 23:48:41.315584+00:00,de,derstandard.at,derstandard.at,2026-03-30,Der Personenkult um Trump hat eine Schwachstelle: Donald Trump,https://www.derstandard.at/consent/tcf/story/3000000314683/der-personenkult-um-trump-hat-eine-schwachstelle-donald-trump?ref=rss
ddb46656d53b5ce6f78102c1a8e72a756ef7f475a4e6e235c907d63919b0298b,2026-03-31 23:48:31.315274+00:00,de,derstandard.at,derstandard.at,2026-03-31,"Prinz Harry fordert ""substantielle"" Entschädigungen vom Boulevard",https://www.derstandard.at/consent/tcf/story/3000000314899/prinz-harry-fordert-substantielle-entschaedigungen-vom-boulevard?ref=rss
91a3961b63c937d5726118b5d53e8b70672d7239aca661a53bf6b34797dde2eb,2026-03-31 23:48:26.299277+00:00,de,derstandard.at,derstandard.at,2026-03-30,25 Jahre Lebensdauer: Wasserstoff-Eisen-Batterien könnten Stromnetze sichern,https://www.derstandard.at/consent/tcf/story/3000000314722/25-jahre-lebensdauer-wasserstoff-eisen-batterien-koennten-stromnetze-sichern?ref=rss
e99eba6b6b7aef250ce69e48ff8f0aa4407245a888ca93a3ba891e65dbebdd28,2026-03-31 23:48:21.186524+00:00,de,derstandard.at,derstandard.at,2026-03-31,WM-Public-Viewings gerettet? Sie dürfen jedenfalls sechs statt vier Wochen dauern,https://www.derstandard.at/consent/tcf/story/3000000314943/wm-public-viewings-gerettet-sie-duerfen-jedenfalls-sechs-statt-vier-wochen-dauern?ref=rss
e43301b2ebb7f75d02f6461ef04e35fa91d5c321d77a0502e2deec3514baa07f,2026-03-31 23:48:11.348362+00:00,de,derstandard.at,derstandard.at,2026-03-30,"Anzeichen für ""Super-El-Niño"": Rollt eine globale Hitzewelle an?",https://www.derstandard.at/consent/tcf/story/3000000314743/anzeichen-fuer-super-el-nino-rollt-eine-globale-hitzewelle-an?ref=rss
ed901f47a4bb4dfd2afbbe12123b7692150962311781b31f5fd3597ce18440f0,2026-03-31 23:48:06.365843+00:00,de,derstandard.at,derstandard.at,2026-03-31,Oppositioneller Bürgermeister in der Türkei festgenommen,https://www.derstandard.at/consent/tcf/story/3000000314902/oppositioneller-b252rgermeister-in-der-t252rkei-festgenommen?ref=rss
8ba3e02d8117c343bf486ca7886c006dfa906367b2c350e798abee6610c1489d,2026-03-31 23:48:01.312981+00:00,de,derstandard.at,derstandard.at,2026-03-31,Beim nigerianischen Geschwisterpaar sendet das Ministerium das falsche Signal,https://www.derstandard.at/consent/tcf/story/3000000314887/beim-nigerianischen-geschwisterpaar-sendet-das-ministerium-das-falsche-signal?ref=rss
49394868fbb489652c51dc5984bda38886b73f92b0dc7a341d9c749b4aeca7d1,2026-03-31 23:47:56.333427+00:00,de,derstandard.at,derstandard.at,2026-03-31,"Puls 4 und Joyn zeigen vier ÖFB-Cup-Spiele, ORF mit Insta-Kanal zum ""Wunderteam""",https://www.derstandard.at/consent/tcf/story/3000000314958/puls-4-und-joyn-zeigen-vier-oefb-cup-spiele-orf-mit-insta-kanal-zum-wunderteam?ref=rss
e7d679ffdf7df35b8b607997a0672e3228e4c131a0df2e037e00072b0be7ed64,2026-03-31 23:47:46.300819+00:00,de,derstandard.at,derstandard.at,2026-03-31,16 Jahre und 8 Milliarden Dollar später hat die US-Armee immer noch kein neues GPS,https://www.derstandard.at/consent/tcf/story/3000000314827/16-jahre-und-8-milliarden-dollar-spaeter-hat-die-us-armee-immer-noch-kein-neues-gps?ref=rss
83159e7e41c41ac2007b4cdca16998829e4193f26407ee9ff1ddc08737a5ec2e,2026-03-31 23:38:29.527792+00:00,de,orf.at,orf.at,2026-04-01,Trumps Ballsaal vorerst ausgebremst,https://orf.at/stories/3425585/
d4a62aaa7f0ecf31290693585d12598b94863d5821db3497b73314df7f1e22b9,2026-03-31 23:38:24.615992+00:00,de,orf.at,orf.at,2026-03-31,Gericht bremst Trumps Pläne für Ballsaal bei Weißem Haus aus,https://orf.at/stories/3425582/
60f8338ef4afcebe870a8f3eb7c26804842fcc06e606ccbff72833eab16ac157,2026-03-31 23:38:19.577171+00:00,de,orf.at,orf.at,2026-03-31,Startschuss für Spritpreisbremse,https://orf.at/stories/3425574/
77f1904eb15dba3f9a442bd8f7b86d0a9b5c58528dac1459d8d5cce5e712a4ff,2026-03-31 23:38:14.547218+00:00,de,orf.at,orf.at,2026-04-01,Trump unterzeichnet Dekret zur Erschwerung der Briefwahl,https://orf.at/stories/3425588/
976e883ec6b2e40733dab0fa57ea02f2a175c643db0511b11b6732ae296e0da0,2026-03-31 23:38:07.537385+00:00,de,orf.at,orf.at,2026-03-31,Europäische Verbündete mit Signalen an USA,https://orf.at/stories/3425560/
f6e0d08d8a7669ce97ad62b78d8edd8b56679cf515217633b0efbd1b9551d47e,2026-03-31 23:37:48.786403+00:00,de,orf.at,orf.at,2026-03-31,Iran fordert „Garantien“ bei Kriegsende,https://orf.at/stories/3425584/
c60c40d32906eec28b61bc06b10bcc6deaf57930711b88ae48085bd3d06f35cc,2026-03-31 23:37:17.161303+00:00,de,orf.at,orf.at,2026-03-31,Revolutionsgarde droht mit Angriffen auf US-Tech-Konzerne,https://orf.at/stories/3425583/
5995479714d75df584c7857f300a4055155031d754afe1a37ccb09305a47e6db,2026-03-31 23:37:12.174443+00:00,de,orf.at,orf.at,2026-03-31,Journalistin im Irak entführt: USA arbeiten an Freilassung,https://orf.at/stories/3425586/
3f3159cc290f7751c647a73210829a2aa1db3e55860844de9c670eb03698467c,2026-03-31 23:32:04.834067+00:00,de,derstandard.at,derstandard.at,2026-03-31,Blueskys KI-Assistent baut Algorithmen und wird zum meistblockierten Account nach J.D. Vance,https://www.derstandard.at/consent/tcf/story/3000000314820/blueskys-ki-assistent-baut-algorithmen-und-wird-zum-meistblockierten-account-nach-jd-vance?ref=rss
2b87e1adeea9e199d0b57a2f6a47041e9dd2d0c470a856f5f9a05d9c2d85f4f9,2026-03-31 23:31:59.752832+00:00,de,derstandard.at,derstandard.at,2026-03-31,"Kulturtipps der Woche: Foto-Kunst in Krems, Clown-Thriller in Wien",https://www.derstandard.at/consent/tcf/story/3000000314491/kulturtipps-der-woche-foto-kunst-in-krems-clown-thriller-in-wien?ref=rss
ef0e3a6ed01da5024c27bbee11300e1b505e2514d9a2e9ef488b265bed917140,2026-03-31 23:31:39.737056+00:00,de,derstandard.at,derstandard.at,2026-03-30,Welche Abkürzungen und Akronyme muss man kennen?,https://www.derstandard.at/consent/tcf/story/3000000314744/welche-abkuerzungen-und-akronyme-muss-man-kennen?ref=rss
ecc971f456a887e1f4923198a36c552d7efce50702c8f41c8bc6f844634af4a3,2026-03-31 23:31:34.872854+00:00,de,derstandard.at,derstandard.at,2026-03-31,Fernsehmoderatorin Verona Pooth bekam gefälschte Pornobilder von sich,https://www.derstandard.at/consent/tcf/story/3000000314860/fernsehmoderatorin-verona-pooth-bekam-gef228lschte-pornobilder-von-sich?ref=rss
391af0a4534e2309f04614432e6972647bc8dc0c9fe43dcf44a82a31b1d4a70a,2026-03-31 23:31:29.763488+00:00,de,derstandard.at,derstandard.at,2026-03-31,Drama in Bosnien: Italien verpasst WM zum dritten Mal in Folge,https://www.derstandard.at/consent/tcf/story/3000000314977/fu223ball-drama-in-bosnien-italien-wieder-nicht-bei-wm-dabei?ref=rss
2e30797e361658815f89ee77cf1b1578a40891c565fde4c7c544f94af4472541,2026-03-31 23:31:24.772774+00:00,de,derstandard.at,derstandard.at,2026-03-30,Mesut Özil und das Erdoğan-Foto: Vom Superstar zum Sündenbock,https://www.derstandard.at/consent/tcf/story/3000000314659/mesut-oezil-und-das-erdogan-foto-vom-superstar-zum-suendenbock?ref=rss
a025511d28c92c15d3e281c7267d46a20dba06b3adb3757bdcba465d0414213a,2026-03-31 23:31:20.277938+00:00,de,derstandard.at,derstandard.at,2026-03-30,Wie Nick Cave seinen Frieden mit den Red Hot Chili Peppers machte,https://www.derstandard.at/consent/tcf/story/3000000314639/wie-nick-cave-seinen-frieden-mit-den-red-hot-chili-peppers-machte?ref=rss
328cdd16e61729a4674c79057918f75a24fda217fa7e2e38d16c9b88f50978df,2026-03-31 23:31:09.818176+00:00,de,derstandard.at,derstandard.at,2026-03-31,Magmakammer füllt sich: Unter japanischem Supervulkan braut sich etwas zusammen,https://www.derstandard.at/consent/tcf/story/3000000314780/magmakammer-fuellt-sich-unter-japanischem-supervulkan-braut-sich-etwas-zusammen?ref=rss
81f178461fb85435ba3ad610830cdd358e448a6e17556dfc53bcd1504c5649e4,2026-03-31 23:31:04.842194+00:00,de,derstandard.at,derstandard.at,2026-03-31,Spritpreisbremse tritt mit 1. April in Kraft,https://www.derstandard.at/consent/tcf/story/3000000314970/spritpreisbremse-regierung-hat-einigung-erzielt?ref=rss
756cbda052f485a4af58f55adbf0c67f7c6b1cbf6cf0a9af5d22e16800d89655,2026-03-31 23:30:49.799805+00:00,de,derstandard.at,derstandard.at,2026-03-30,"Mehr Wettbewerb, niedrigere Preise: Was wurde aus dem Plan der Regierung?",https://www.derstandard.at/consent/tcf/story/3000000314635/mehr-wettbewerb-niedrigere-preise-was-wurde-aus-dem-plan-der-regierung?ref=rss
247912710081dc37dda4c501b8b712aa0f7388b1c89067f9ce7629b07104d961,2026-03-31 23:30:44.752055+00:00,de,derstandard.at,derstandard.at,2026-03-31,"Vietnamesischer Staatspreis für Mira Lobes ""Omama im Apfelbaum""",https://www.derstandard.at/consent/tcf/story/3000000314920/vietnamesischer-staatspreis-fuer-mira-lobes-omama-im-apfelbaum?ref=rss
7df4a8a7558c4b30753ed1e122b3d29ddf270169e295279d8ec217a883b97bca,2026-03-31 23:30:39.753577+00:00,de,derstandard.at,derstandard.at,2026-03-31,FIFA testet Abseits-Revolution in Kanada,https://www.derstandard.at/consent/tcf/story/3000000314900/fu223ball-fifa-testet-abseits-revolution-in-kanada?ref=rss
9603da5ceefd659898438e79b1cf1ea67c4a4049b4cf40f72a4e935ad7fbe56d,2026-03-31 23:30:29.753187+00:00,de,derstandard.at,derstandard.at,2026-03-30,Mit der neuen App des Weißen Hauses können Menschen rasch an ICE verraten werden,https://www.derstandard.at/consent/tcf/story/3000000314760/mit-der-neuen-app-des-weissen-hauses-koennen-menschen-rasch-an-ice-verraten-werden?ref=rss
f64d1dd63ed89f17a3f2fe26bc140647ee33a69e492af4fe26d8964bba4d4dfd,2026-03-31 23:30:20.063816+00:00,de,derstandard.at,derstandard.at,2026-03-31,"Grosz darf Bohrn Menas kein ""ganz übles, dreckiges Spiel"" mit Hassklagen unterstellen",https://www.derstandard.at/consent/tcf/story/3000000314828/grosz-darf-bohrn-menas-kein-ganz-uebles-dreckiges-spiel-mit-hassklagen-unterstellen?ref=rss
616cd0193b81a53f9d74711d8de02534f4e729a5da0aae091e3aef93de072c99,2026-03-31 23:30:15.459649+00:00,de,derstandard.at,derstandard.at,2026-03-31,Viertgrößter Petrochemiekonzern der Welt feiert Debut in Wien,https://www.derstandard.at/consent/tcf/story/3000000314807/viertgroesster-petrochemiekonzern-der-welt-feiert-debut-in-wien?ref=rss
89cf872f0bf1ad8b9f43a43e8c1cfae9c4703bd4f7ce6fed1589ffae322ba263,2026-03-31 23:30:09.765422+00:00,de,derstandard.at,derstandard.at,2026-03-31,Krieg in der Ukraine setzt russischen Ölpreis mehr unter Druck als jener im Iran,https://www.derstandard.at/consent/tcf/story/3000000314872/krieg-in-der-ukraine-setzt-russischen-oelpreis-mehr-unter-druck-als-jener-im-iran?ref=rss
7dbeb71f33c82782c5c9dbd54d1daaa59c7a0e7ce53fd3f3a4ae460ea7f93dcf,2026-03-31 23:29:54.834845+00:00,de,derstandard.at,derstandard.at,2026-03-31,"Kriminalitätsstatistik: Kleiner Anstieg der Anzeigen, Jugendkriminalität bleibt ""Sorgenkind""",https://www.derstandard.at/consent/tcf/story/3000000314833/kriminalitaetsstatistik-kleiner-anstieg-der-anzeigen-jugendkriminalitaet-bleibt-sorgenkind?ref=rss
179a514d6cd24f84aaed295ad54f9be7ef7cb57930241566e10c00e256f79d4a,2026-03-31 23:29:49.802111+00:00,de,derstandard.at,derstandard.at,2026-03-31,"Einblick in die Hate-Crime-Szene: ""Das ist doch Wahnsinn""",https://www.derstandard.at/consent/tcf/story/3000000314906/einblick-in-die-hate-crime-szene-wollten-paedophile-zur-schau-stellen?ref=rss
e065fedb20629c4f752569bb3fe11bab404c8efc6edb756d3362bc830686ee20,2026-03-31 23:29:45.073879+00:00,en,derstandard.at,derstandard.at,2026-03-31,"Iran’s Fractured Leadership Is Struggling to Coordinate, Officials Say",https://www.derstandard.at/consent/tcf/story/3000000314863/irans-fractured-leadership-is-struggling-to-coordinate-officials-say?ref=rss
b3d21a052695d920700e9aba828ae0cb6043e4db89e2936ad0fa570163d2c451,2026-03-31 23:29:39.767509+00:00,de,derstandard.at,derstandard.at,2026-03-31,"""Haltet das Maul und schaut die Kämpfe an"": UFC-Chef zuckt nach Kritik an ""KI-Müll"" aus",https://www.derstandard.at/consent/tcf/story/3000000314835/haltet-das-maul-und-schaut-die-kaempfe-an-ufc-chef-zuckt-nach-kritik-an-ki-muell-aus?ref=rss
b82342d5212f6edf76c3ca2ee2de6e389f439b2c11090d356b89109c9f2f96c1,2026-03-31 23:29:25.009852+00:00,de,derstandard.at,derstandard.at,2026-03-31,Gesetz der israelischen Rechten zur Todesstrafe könnte rasch wieder aufgehoben werden,https://www.derstandard.at/consent/tcf/story/3000000314942/gesetz-der-israelischen-rechten-zur-todesstrafe-koennte-rasch-wieder-aufgehoben-werden?ref=rss
8ec2717ccc8e20e443baa5268c5977e7fcb0b5a4aeedb02f3b5cac2349d13994,2026-03-31 23:29:19.774478+00:00,de,derstandard.at,derstandard.at,2026-03-31,Ticker-Nachlese: So dramatisch verpasste Italien erneut die WM-Teilnahme,https://www.derstandard.at/consent/tcf/jetzt/livebericht/3000000314831/ticker-oefb-team-will-gegen-suedkorea-nachlegen-ab-2045-uhr?ref=rss
5977d926b285e34ebe4a083058271958c40275acef0515e526070951ad577ed6,2026-03-31 23:29:15.163757+00:00,de,derstandard.at,derstandard.at,2026-03-31,Mit Schonkost zum Rekord: ÖFB-Team schlägt Südkorea im zweiten WM-Test 1:0,https://www.derstandard.at/consent/tcf/story/3000000314975/mit-schonkost-zum-rekord-oefb-team-schlaegt-suedkorea-im-zweiten-wm-test-10?ref=rss
e906b6fd1b03bb28a5e42d02ddde8a5bc10df9dbacb87ab031e8640696830629,2026-03-31 23:29:10.169502+00:00,de,derstandard.at,derstandard.at,2026-03-30,Schluss mit Hotel Mama: Wie bewegt man erwachsene Kinder zum Ausziehen?,https://www.derstandard.at/consent/tcf/story/3000000314479/schluss-mit-hotel-mama-wie-bewegt-man-erwachsene-kinder-zum-ausziehen?ref=rss
4fb084efdf7a4cdbf4d753516fb4559b1f21576415f801721d796e7a5493c752,2026-03-31 23:29:04.775407+00:00,de,derstandard.at,derstandard.at,2026-03-31,Sommerzeit: Ungarns Bahn schickt Kunden versehentlich Entschädigung für pünktliche Züge,https://www.derstandard.at/consent/tcf/story/3000000314962/sommerzeit-ungarns-bahn-schickt-kunden-versehentlich-entschaedigung-fuer-puenktliche-zuege?ref=rss
82f2ab7e23b9d4197c18fa94a162f866d5fd63b1e5fcad42397af594f90167be,2026-03-31 23:28:59.858341+00:00,de,derstandard.at,derstandard.at,2026-03-31,Neuer Chemiegigant mit Sitz in Wien: Ein Riese auf zittrigen Beinen,https://www.derstandard.at/consent/tcf/story/3000000314877/neuer-chemiegigant-mit-sitz-in-wien-ein-riese-auf-zittrigen-beinen?ref=rss
e96ef96c66cf23a495f5c3c8fcbaf2b5fc7da5680ea24d0561797e21db16a2ed,2026-03-31 23:28:54.886927+00:00,de,derstandard.at,derstandard.at,2026-03-30,"J.D. kehrt zurück ins Sacred Heart: Neue Staffel ""Scrubs"" auf Disney+",https://www.derstandard.at/consent/tcf/story/3000000314269/jd-kehrt-zurueck-ins-sacred-heart-neue-staffel-scrubs-auf-disney?ref=rss
bffc6f1adf5574b27e356c0d86df976c6e0a2fb1b0368da6e0f5df533af4d2a0,2026-03-31 23:28:49.808550+00:00,de,derstandard.at,derstandard.at,2026-03-31,Italien verschiebt Kohleausstieg wegen Energiekrise auf 2038,https://www.derstandard.at/consent/tcf/story/3000000314956/italien-verschiebt-kohleausstieg-wegen-energiekrise-auf-2038?ref=rss
0fab17bc433614e387347df377620f9094399cd528e19ab036981bfa6645e43c,2026-03-31 23:28:40.137353+00:00,de,derstandard.at,derstandard.at,2026-03-31,"Drogenprozess um die ""Burger Connection"" dreier Brüder",https://www.derstandard.at/consent/tcf/story/3000000314871/drogenprozess-um-die-burger-connection-dreier-brueder?ref=rss
4e844006b5803d498c28e3aaee9ee16b3434bc0e5ffec9517e53beaf169f987a,2026-03-31 23:28:35.084635+00:00,de,derstandard.at,derstandard.at,2026-03-30,"Inflation springt im März auf 3,1 Prozent – und das dürfte erst der Anfang sein",https://www.derstandard.at/consent/tcf/story/3000000314637/inflation-springt-im-maerz-auf-31-prozent-und-das-duerfte-erst-der-anfang-sein?ref=rss
229f7a19b52238f6695a75c50dcb2935c1fce14e3ef5e96ef0db825981026ea0,2026-03-31 23:28:29.798338+00:00,de,derstandard.at,derstandard.at,2026-03-31,"Niederösterreich löst zu ""Obsorge ab Tag eins"" Konsultationsmechanismus aus",https://www.derstandard.at/consent/tcf/story/3000000314964/asyl-n214-l246st-zu-obsorge-ab-tag-eins-konsultationsmechanismus-aus?ref=rss
dd5f9446ed545af4cd3081c9cdbe20f3a787c6c2275627cc16ce6bc93270ad8f,2026-03-31 23:28:15.100083+00:00,de,derstandard.at,derstandard.at,2026-03-31,US-Richter stoppt vorerst Trumps Projekt für einen Ballsaal im Weißen Haus,https://www.derstandard.at/consent/tcf/story/3000000314973/us-richter-stoppt-vorerst-trumps-projekt-fuer-einen-ballsaal-im-weissen-haus?ref=rss
7dcd4f16cc2933f88a7eeb4210f177cd2f095c5eb95546b6873161f961638748,2026-03-31 23:28:09.816965+00:00,de,derstandard.at,derstandard.at,2026-03-31,Daniel Kehlmann auf Shortlist für International Booker Prize,https://www.derstandard.at/consent/tcf/story/3000000314949/daniel-kehlmann-auf-shortlist-fuer-international-booker-prize?ref=rss
f3aef4ad0c9d13faa92fc50385288c22c4d7df1a797944b24e5dbd49210a4980,2026-03-31 23:28:04.807699+00:00,de,derstandard.at,derstandard.at,2026-03-31,Wollte Hegseths Aktienmakler vor dem Iran-Krieg Millionen in Rüstungsunternehmen investieren?,https://www.derstandard.at/consent/tcf/story/3000000314918/wollte-hegseths-aktienmakler-vor-dem-iran-krieg-millionen-in-ruestungsunternehmen-investieren?ref=rss
e0a60bc5e3f2f013a3d05cc503915fc473191757d75bb9fc26ddb1284089b0ac,2026-03-31 23:27:59.817150+00:00,de,derstandard.at,derstandard.at,2026-03-31,Peter Kaiser verabschiedet sich als Kärntner Landeshauptmann,https://www.derstandard.at/consent/tcf/story/3000000314823/peter-kaiser-verabschiedet-sich-als-k228rntner-landeshauptmann?ref=rss
56a0b4993ad073c89d687f62fc565641cd80330fd3f91ab37c386f5b3b8cb450,2026-03-31 23:27:49.986024+00:00,de,derstandard.at,derstandard.at,2026-03-31,Graz99ers stellen mit Auswärtssieg im Eishockey-Halbfinale auf 2:0,https://www.derstandard.at/consent/tcf/story/3000000314974/eishockey-graz99ers-stellten-mit-ausw228rtssieg-im-halbfinale-auf-20?ref=rss
8196c70f1938fb80de35b4cba33f703c8d6ae1e2866f50b74753b539fdc68344,2026-03-31 23:27:44.823959+00:00,de,derstandard.at,derstandard.at,2026-03-31,"Céline Dion, die Königin der Powerballaden, singt wieder – in Paris",https://www.derstandard.at/consent/tcf/story/3000000314885/celine-dion-die-koenigin-der-powerballaden-singt-wieder-in-paris?ref=rss
9dd3ded03fb8f099e60f6644bd0bb0277ecaa3e65485007de121e50a4f7c6c6c,2026-03-31 23:27:39.755374+00:00,de,derstandard.at,derstandard.at,2026-03-31,Alice Cooper und Johnny Depp rocken in St. Pölten,https://www.derstandard.at/consent/tcf/story/3000000314938/alice-cooper-und-johnny-depp-rocken-in-st-poelten?ref=rss
4ea54032a5f15e276fae591c81afdd8ec5eb4e088b86a13d1d5e41f5721103d7,2026-03-31 23:27:35.223149+00:00,de,derstandard.at,derstandard.at,2026-03-30,Bence Szabó – ein Nationalheld in Ungarn,https://www.derstandard.at/consent/tcf/story/3000000314702/bence-szabo-ein-nationalheld-in-ungarn?ref=rss
7ad79a4616376e0712123f44e3c14536c21790c8cbee33dedcbc40e4e741d3a1,2026-03-31 23:27:15.247527+00:00,de,derstandard.at,derstandard.at,2026-03-31,"Israel ist ""wie die Nazis""?",https://www.derstandard.at/consent/tcf/story/3000000314897/israel-ist-wie-die-nazis?ref=rss
8e3065fb1cd380dfb5dd8e6a1cba33e32f2d9df30db5046673f38eb563b40d72,2026-03-31 23:24:37.932794+00:00,de,krone.at,krone.at,2026-03-31,Zeller Eisbären stellten Führung wieder her,https://www.krone.at/4095015
38ceafce04cf00c1b946ae5745abb54978718e5be6f863eee80dcb4fa13982bf,2026-03-31 22:21:21.504351+00:00,de,orf.at,orf.at,2026-03-31,Laser-Maschine fing Feuer,https://vorarlberg.orf.at/stories/3348208/
b169ac9ac033e167b2f28fd5ea6198e93df8e142daf6e3e88463dbf6216d5147,2026-03-31 22:21:16.401362+00:00,de,orf.at,orf.at,2026-03-31,Deutlich weniger Bonuszahlungen für Polizisten,https://vorarlberg.orf.at/stories/3347834/
bd4056a39d26587638c9cae0335b1cef051df0a755119c049419f8813b40bf07,2026-03-31 22:21:11.395348+00:00,de,orf.at,orf.at,2026-03-31,Doppelt so viele Insolvenzen im März,https://vorarlberg.orf.at/stories/3348065/
074137c2c9eeaaf5e7bb816edc519ecb9186f649b95b68239d526b5cd1c3b31a,2026-03-31 22:20:51.954516+00:00,de,orf.at,orf.at,2026-03-31,Auto prallte gegen Baum,https://vorarlberg.orf.at/stories/3348122/
47e67acf78b19ac3db4877770a8ce06036e8699cbce312f35d17766eca3d4f5c,2026-03-31 22:20:46.984462+00:00,de,orf.at,orf.at,2026-03-31,Fast 200 Wildtiere sterben im Straßenverkehr,https://vorarlberg.orf.at/stories/3347980/
cd54f549ff893fc5617505df6d7b3a9963f5bf73a2084885ffc5ee2ef9fca2d8,2026-03-31 22:20:41.948973+00:00,de,orf.at,orf.at,2026-03-31,Bregenzer Festspiele in Kostenkrise,https://vorarlberg.orf.at/stories/3348081/
0b5679b002f96194abbc4fbbbf8a88bb3cd8c249160f46ecd6d0fa21f84edf51,2026-03-31 22:20:37.020914+00:00,de,orf.at,orf.at,2026-03-31,Bodensee-Schiffe nehmen wieder Fahrt auf,https://vorarlberg.orf.at/stories/3348135/
017f6a3ca36ff74052dfa209e56684f3df0248c0c8d1f045a2ea4aefc388a6f7,2026-03-31 22:20:21.483659+00:00,de,orf.at,orf.at,2026-03-31,Fast ein Viertel mehr Internet-Betrug,https://vorarlberg.orf.at/stories/3348182/
cfb4d62d1e1454be899818b9a69421351124bfec023d7258454c431a56de24d3,2026-03-31 22:20:08.819056+00:00,de,orf.at,orf.at,2026-03-31,Neue Tarife für Stromkosten-Entlastung,https://vorarlberg.orf.at/stories/3348232/
190c7dc3a233a1dd90a81b2febc3778e7da7379b2ebae230776be9108facd16a,2026-03-31 22:20:04.230972+00:00,de,orf.at,orf.at,2026-03-31,Regional große Lawinengefahr der Stufe 4,https://vorarlberg.orf.at/stories/3348114/
7519891d27c2656b70694797016ba70b4eccbe0ce9ec9e3b1a0b1737eb1f8340,2026-03-31 22:19:58.505766+00:00,de,orf.at,orf.at,2026-03-31,Polizei griff hunderte illegal Einreisende auf,https://vorarlberg.orf.at/stories/3347966/
c9c83934a9404bdbf47b13fa56528bd8a0dc1393a506356651ac275ee24e85be,2026-03-31 21:21:06.437799+00:00,de,krone.at,krone.at,2026-03-31,US-Richter blockiert Trumps Projekt für Ballsaal,https://www.krone.at/4094973
fe66abb06aa23ffba75ded81933850300a49a81fb301961c06b34354d65ef6a6,2026-03-31 21:20:50.491622+00:00,de,krone.at,krone.at,2026-03-31,Verheerender Fehlschlag durch neue US-Rakete,https://www.krone.at/4093612
25d52b49c9d14bc892f1d25026aaca6032a1098a25c4f25898d81e7000706250,2026-03-31 21:20:45.684276+00:00,de,krone.at,krone.at,2026-03-31,Radkoordinator haut nach sieben Monaten Hut drauf,https://www.krone.at/4094424
d9ee0cb9f23f2b0ff296f13c20b1d5fcd1f93d894cd8ea461bf2498d59a9c7f2,2026-03-31 21:19:47.330138+00:00,de,krone.at,krone.at,2026-03-31,Forderungen gegen die Austria höher als erwartet,https://www.krone.at/4094828
352b530d547587e90f804f95c9999c1a3bf851aab7f9df2467657a927bf2ac0f,2026-03-31 20:58:23.943093+00:00,de,krone.at,krone.at,2026-03-31,Akku führte zu Kellerbrand: Zwei Bewohner verletzt,https://www.krone.at/4094313
ba9281ac7fc535802c9c3d38d5793a78f1ae8a6ffe151482f567073b9b7abfc9,2026-03-31 20:57:16.586723+00:00,de,krone.at,krone.at,2026-03-31,So wird der neue „Super Mario Galaxy“-Kinofilm,https://www.krone.at/4094520
d838934c29a83726fa265f15114bdf5a2fbb45a78658270b88b36c3269ff285d,2026-03-31 20:57:11.714981+00:00,de,krone.at,krone.at,2026-03-31,König Charles reist zum Staatsbesuch in die USA,https://www.krone.at/4094640
8ad83e91cab2d2ab1561d35273a288647f24a5d035d3c9199e7dca63e22d364a,2026-03-31 20:57:08.322238+00:00,de,krone.at,krone.at,2026-03-31,„Wolfsburg richtiger Schritt Richtung Top-Team“,https://www.krone.at/4088469
7b2391004ececbece82531b2e2f13aa8b6f13b06b8deb7d111fbe5699e1ee3c9,2026-03-31 20:57:01.521087+00:00,de,krone.at,krone.at,2026-03-31,Bontus am Comeback-Tag dreimal auf dem Podest,https://www.krone.at/4094878
bd5999c421195846f52d329c4a75faacb6fa48138cdf514efc300fed2b4fa643,2026-03-31 20:56:56.626905+00:00,de,krone.at,krone.at,2026-03-31,De Zerbi wagt sich auf Tottenhams Schleuderstuhl!,https://www.krone.at/4094855
cf3c8af9e0b103a68e3324be6c9905bbf80edba00965b1d0e5421b356d413fcc,2026-03-31 20:56:51.541093+00:00,de,krone.at,krone.at,2026-03-31,ServusTV-„Quizmaster“ sucht „Krone“-Kandidaten,https://www.krone.at/4094278
dcc711c605c00b1f04c11a37f65a6b4d9441de0a9b0c471835df1fa985d28f77,2026-03-31 20:56:46.440475+00:00,de,krone.at,krone.at,2026-03-31,Vorgeschichte von „Les Misérables“ jetzt im Kino,https://www.krone.at/4094264
4ee8242bed4f3854b519c582c9ec36b53a3b40a58c85cf992fb3bc2094dd8097,2026-03-31 20:56:41.526089+00:00,de,krone.at,krone.at,2026-03-31,Internet ist riesige Spielwiese für Kriminelle,https://www.krone.at/4094799
3d68943bbc435c342bf4d6a0e24d25b97bee4c6e4f0fcd3716379a2352cc5349,2026-03-31 20:56:36.452697+00:00,de,krone.at,krone.at,2026-03-31,Brandy jubelt über Stern: „Du hast es geschafft!“,https://www.krone.at/4094117
8b901d4b3546b41f0ee38295a4b80f3ae107ba728414fa3d4c751f702e187425,2026-03-31 20:56:31.618287+00:00,de,krone.at,krone.at,2026-03-31,F1-Star schwärmt: „Das beste Auto meiner Karriere“,https://www.krone.at/4094116
fbf05ee65665d75f4c1ba092d0673b40b6aed3dd168066f8763e78356c1f19e8,2026-03-31 20:56:26.612275+00:00,de,krone.at,krone.at,2026-03-31,Heidi Klum lässt „Hans und Franz“ einschnüren,https://www.krone.at/4094442
7414459093efab36ea741ae4c8de45652a339c1fabdf7c445ada44eda1d81b14,2026-03-31 20:56:21.592235+00:00,de,krone.at,krone.at,2026-03-31,Für Ente war Football Liebe auf den ersten Blick,https://www.krone.at/4093166
901d7727dbe7763fdbec3a71863e737ceeccd8d0593bc54b77bcc2e4a8d05fcb,2026-03-31 20:56:17.010741+00:00,de,krone.at,krone.at,2026-03-31,Kurzes Aufatmen beim Defizit: Wie geht es weiter?,https://www.krone.at/4094644
c03ecc6a0c67cad0e1f772a69847f1ec5b4410f986984fead0939a5cfd8454ac,2026-03-31 20:56:11.924077+00:00,de,krone.at,krone.at,2026-03-31,Pkw-Lenker (70) schlief am Steuer ein: Verletzt,https://www.krone.at/4094899
24b62652afec3cd22cb71890f4e547636c37d5bb3a68a1a0d061c3314d57f3f2,2026-03-31 20:56:06.525627+00:00,de,krone.at,krone.at,2026-03-31,Drogenschmuggel-Tunnel hinter Kühlschrank entdeckt,https://www.krone.at/4094891
aff6c9ab2414cafe40b16c3decf95388b03296a828915c500411c6878ed48bcd,2026-03-31 20:56:01.741327+00:00,de,krone.at,krone.at,2026-03-31,Ein letzter Schub Schnee vor dem Osterhasen,https://www.krone.at/4094526
d5764351d5b5027b410af2b8a0dc7266362830adb8fed834ef824bf371f3c67e,2026-03-31 20:55:56.538481+00:00,de,krone.at,krone.at,2026-03-31,Olympiasieger ist auch Salzburgs Preisgeldkaiser,https://www.krone.at/4094115
65ed4ef0376cc8f83ad84d7fc2690c50d9b6f848700b62ff505b2f2b947822ff,2026-03-31 20:55:51.482907+00:00,de,krone.at,krone.at,2026-03-31,Enthüllt! ER knipst Kylies sexy Urlaubsfotos,https://www.krone.at/4094511
cc278cdd0f31105328d7a432c1b997236332e685f491cb9a6978f8f7a5f000b1,2026-03-31 20:55:46.550479+00:00,de,krone.at,krone.at,2026-03-31,Aufreger nach Sieg: „Ist für Deutschland unwürdig“,https://www.krone.at/4094196
b68f488e7182a77a952b0d8b46cc6f65a3258490489133872370cbb133840d48,2026-03-31 20:55:41.494635+00:00,de,krone.at,krone.at,2026-03-31,Das ist der Gipfel! Skoda überragt alle VW-Stromer,https://www.krone.at/4093994
c38462ceb03d2f129dcb6174771e3bfcb45cf1d7d5f7f8d5b9b083416d109cae,2026-03-31 20:55:36.783963+00:00,de,krone.at,krone.at,2026-03-31,Karriereende! „Skifahren ist eine Lebensschule“,https://www.krone.at/4094333
de22d07c1e6d190a2d5856b0a4c4de1aa1b4b98decd2a9a8d258e8839f17e026,2026-03-31 20:55:31.571813+00:00,de,krone.at,krone.at,2026-03-31,Nach 17 Jahren wurde Pflegestufe abgesenkt,https://www.krone.at/4094652
4fa4561eac662e1b35cfc499fd6a6639c129aa4a8a26cee8ea0db20bcc2aac4c,2026-03-31 20:55:26.580108+00:00,de,krone.at,krone.at,2026-03-31,Ohne Regiomobil wird „letzte Meile“ zur Last,https://www.krone.at/4094711
434adce84fdf5a0d4b4ab60477a0c1248878ce1873dd576710babfdca1764519,2026-03-31 20:55:21.532752+00:00,de,krone.at,krone.at,2026-03-31,Verona Pooth bekam Fake-Pornobilder von sich,https://www.krone.at/4094189
de7881e39f4499608e02fa320fa33b40d4bd14b2b13688e8471faf4fe7e4c0f5,2026-03-31 20:55:16.559099+00:00,de,krone.at,krone.at,2026-03-31,Schneekette demoliert Tank: Diesel auf Fahrbahn,https://www.krone.at/4094898
1b49e554b26036147fb224b0d2a611cac4071d346fab62132d266c64ea994572,2026-03-31 20:55:11.791546+00:00,de,krone.at,krone.at,2026-03-31,Cyberangriff auf beliebtes iranisches Exil-Portal,https://www.krone.at/4094545
2db514c5a477a52f0bd352fd583ae9453fedc7ca053b606481cf6b4015d77246,2026-03-31 20:51:54.527640+00:00,de,krone.at,krone.at,2026-03-31,Jungspund unter Orten: Salzburgs jüngste Gemeinde,https://www.krone.at/4093833
c9422b85b1555e331e227f4efd1d115c9a842dc9007ae6f1bc455039ca4e18bf,2026-03-31 20:51:49.617155+00:00,de,krone.at,krone.at,2026-03-31,Apple wird 50: Von der Garage zum Tech-Giganten,https://www.krone.at/4094073
d55e5ee0404b62f9253c8705fc15744bb368b9f06c69d1269cf2cd0dc4460d19,2026-03-31 20:51:44.530357+00:00,de,krone.at,krone.at,2026-03-31,Bulls feuern Profi nach „Pride Month“-Kritik,https://www.krone.at/4094256
3d015b3f9fa7a067b03124eb45e973bd3cc062919d30452c0c694264d0c92277,2026-03-31 20:51:39.195021+00:00,de,krone.at,krone.at,2026-03-31,Mehr als 4000 Fahrzeuge ins Radar-Visier genommen,https://www.krone.at/4093915
c9167e2860874bf1a29135c9cca813ad39145509c1ff08af3263f472c34c8041,2026-03-31 20:51:34.437336+00:00,de,krone.at,krone.at,2026-03-31,ÖFB-Team will nachlegen ++ Der HC Linz denkt groß,https://www.krone.at/4094579
f872b283bea90d1e93d0d6d1261c572abac7a2cb0f9346c887a6acb8b9170d07,2026-03-31 20:51:30.327129+00:00,de,krone.at,krone.at,2026-03-31,Endlich schlank! Tricksen Sie den Jo-Jo-Effekt aus,https://www.krone.at/4090650
fb659ebe89885097c202ce4623e77ec143dfb3cfb178abfc2d1f4167ca3c7907,2026-03-31 20:51:24.560841+00:00,de,krone.at,krone.at,2026-03-31,Hofesh Shechter – Träumen in der Disco,https://www.krone.at/4093691
df7bc4bfb85546d59268b7fc6420d5906b47b0532b6ba09e3f1895110959f5ff,2026-03-31 20:51:19.794466+00:00,de,krone.at,krone.at,2026-03-31,Andrew-Töchter feiern Ostern nicht mit den Royals,https://www.krone.at/4094163
6bb8a940898af238d639023473d268fdc15155a3420bcd5b9bc37c36fd2e8507,2026-03-31 20:51:14.098534+00:00,de,krone.at,krone.at,2026-03-31,Schwerverletzter (43) mit Gondel zu Heli gebracht,https://www.krone.at/4094924
1856ec2b5b1f74e01c6c2e26b102bd7d5dd9a916e754465f73af493699e9204c,2026-03-31 20:51:09.617005+00:00,de,krone.at,krone.at,2026-03-31,„Chukwuemeka hab ich schon ein paar Mal geübt“,https://www.krone.at/4094360
84462436537e97e3d5c410551e2dca67aab9de2526ffecf3ebc41153502bd386,2026-03-31 20:51:04.540728+00:00,de,krone.at,krone.at,2026-03-31,Schwärzler in Bukarest im Quali-Finale chancenlos,https://www.krone.at/4094399
428a888cb8e732c6ef31fba063243c8e67dc5d21833c5816ec4229eaabd78389,2026-03-31 20:50:59.608907+00:00,de,krone.at,krone.at,2026-03-31,55 erfolgreiche Abschlüsse in der Pflegeausbildung,https://www.krone.at/4093669
26007d6680be2b1df5009ef52a401b810cd77f849300b592e029cdbe3e4e035a,2026-03-31 20:50:54.517338+00:00,de,krone.at,krone.at,2026-03-31,Pinzgauer Traumtor – Kufsteiner Sensation in Kuchl,https://www.krone.at/4094772
25c3aae9fc6b86636c644a205b6ccf9efdf5b491d34988a4ad8c68a0485a5c5a,2026-03-31 20:50:49.707545+00:00,de,krone.at,krone.at,2026-03-31,Irina Shayk heizt mit knackigen Bikini-Grüßen ein,https://www.krone.at/4094314
66c190c78d2c586d901bdf70700c807f8f75a37229feb7e80895406e71dac607,2026-03-31 20:50:44.745584+00:00,de,krone.at,krone.at,2026-03-31,Schlaganfall! Goalie-Held von der WM 1994 ist tot,https://www.krone.at/4094906
0775cff105e9e275bc9df57d0a14c050b0067899d0f00e82f6ff2309911a39de,2026-03-31 20:50:40.563998+00:00,de,krone.at,krone.at,2026-03-31,Die „Krone“ ehrt Fußballer und Trainer des Jahres,https://www.krone.at/4094746
702193a71dbad255ff09d7ec1e679187a112a8e05c281c42ebf4c4ad1044399e,2026-03-31 20:50:35.331069+00:00,de,krone.at,krone.at,2026-03-31,„Ich hatte Husten und Schmerzen beim Atmen“,https://www.krone.at/4093904
6b86a7a28dac128c8f20d2942d495819c2546f8686d55f219b47e805c54771c5,2026-03-31 20:50:31.047963+00:00,de,krone.at,krone.at,2026-03-31,LIVE: Verlängerung bei Bosnien gegen Italien!,https://www.krone.at/4093736
5ea63b03bcd22e7269cce5fa3473dfac07c5522554fcbff300326173f5b0873a,2026-03-31 20:50:24.729724+00:00,de,krone.at,krone.at,2026-03-31,Das ist der beste Stürmer im blau-gelben Unterhaus,https://www.krone.at/4094133
cb6c285ca1e1a985900436b08b2a8f19d8f61bcda6301fa5a799f278ec97cb99,2026-03-31 20:50:19.657619+00:00,de,krone.at,krone.at,2026-03-31,„Im Team rammt dir keiner das Messer hinten rein“,https://www.krone.at/4094688
03809411edaf16552be7e01c7a1b14f9f6f3375b7f3b9a061b73351fde814557,2026-03-31 20:50:14.608931+00:00,de,krone.at,krone.at,2026-03-31,Rekord! Österreich gewinnt auch gegen Südkorea,https://www.krone.at/4093723
aa7a2820c73682953c9f4286acb2c616920c84052c9ea13b8aa64e05b7bb6d55,2026-03-31 20:50:10.072089+00:00,de,krone.at,krone.at,2026-03-31,Konzert-Highlight: Forster singt nur am Wörthersee,https://www.krone.at/4094149
1299e486ff862cdfdd9acefc94a90da5efb72bc18c92055b7c39696d9ad82681,2026-03-31 20:50:04.751835+00:00,de,krone.at,krone.at,2026-03-31,Shakira bricht Rekorde mit Konzert-Reihe in Madrid,https://www.krone.at/4094863
411f78dd48a205d7e990c5e0ea51159629143be18d6b7cec5e79189ffde22cd5,2026-03-31 20:49:59.615798+00:00,de,krone.at,krone.at,2026-03-31,Bei Unfall „wie durch ein Wunder“ niemand verletzt,https://www.krone.at/4094231
c4f2a21da22594f049c0423632de3efef29c7fe3bf83f9a1e414bd497c22667e,2026-03-31 20:49:54.769832+00:00,de,krone.at,krone.at,2026-03-31,„Karriere-Highlight! Das erlebt man nicht so oft“,https://www.krone.at/4088437
67fd34720bf8b161482f2adc95f4155461e251a05aaae9e14cb42e79b0bfa889,2026-03-31 20:49:49.604183+00:00,de,krone.at,krone.at,2026-03-31,Arnold Schwarzenegger empfing Ehrendoktorwürde,https://www.krone.at/4094095
acb6274e5bff327fe8b6e7546edda1a1a9200852f1e37c8ae19c0b7154a93b88,2026-03-31 20:49:44.740929+00:00,de,krone.at,krone.at,2026-03-31,Fühlen Sie sich in Österreich noch sicher?,https://www.krone.at/4094284
6687ac9232a04319cdff0ea02b4b465b28585f834f0f6ca780a7e9092b24b856,2026-03-31 20:47:41.958637+00:00,de,orf.at,orf.at,2026-03-31,ÖVP und FPÖ halten am Gesundheitsplan fest,https://noe.orf.at/stories/3348220/
9826b497941ed4c167e728cbd716d25de232b9bfc63a894b4c64eec2075ee155,2026-03-31 20:47:29.367232+00:00,de,orf.at,orf.at,2026-03-31,Internetkriminalität weiter gestiegen,https://noe.orf.at/stories/3348197/
9d9ce2e167fb307354bbbd0e2f162216d132ddaf8ebc34c56925225b1abae89f,2026-03-31 20:46:57.407090+00:00,de,orf.at,orf.at,2026-03-31,Nach Gruft-Aufbrüchen: 40 Särge beschädigt,https://noe.orf.at/stories/3348224/
06df04242fb8898b8090b91b9cd6886d11f2a896a72dddaa5693d2e0a1a98a88,2026-03-31 20:46:46.302803+00:00,de,orf.at,orf.at,2026-03-31,Dubai-Influencer zeigen „heile Welt“ trotz Krise,https://noe.orf.at/stories/3347740/
d7ad4754fbd7ebb74ae547557baaf34c9d1c0ceb622f0780a1423274a74728f7,2026-03-31 20:46:39.692465+00:00,de,orf.at,orf.at,2026-03-31,Auf einen Kaffee mit der Polizei,https://noe.orf.at/stories/3346753/
a6244f019c4ea940d18349bcd105f895c6b1443d366278b04d3825b28dcbed8b,2026-03-31 20:46:28.727724+00:00,de,orf.at,orf.at,2026-03-31,Nachbar mit Waffe bedroht: Cobraeinsatz,https://noe.orf.at/stories/3348180/
1dc1cedfd9ac846c854db7692c2711b77eb9ac87e89dc0a19bd6cbab259c186e,2026-03-31 20:46:23.737913+00:00,de,orf.at,orf.at,2026-03-31,Budgetdefizit mehr als verdoppelt,https://noe.orf.at/stories/3348200/
00015733755c83ae8827f1569d1fc992d9590a69fe48f0ead8cca5ebdace89dc,2026-03-31 20:46:18.588487+00:00,de,orf.at,orf.at,2026-03-31,Obsorge: ÖVP kritisiert Justizministerin,https://noe.orf.at/stories/3348227/
5b321e543bc2d832b63b7166b37b4e4aea7e7d8bf7a53074f2efa73f4763ff2b,2026-03-31 20:46:13.710759+00:00,de,orf.at,orf.at,2026-03-31,Kinder misshandelt: Drei Jahre Haft für Mutter,https://noe.orf.at/stories/3348186/
713653874fae5c35266b21521a997b9575d2cf9df567f282532fe1fc1e9ee2da,2026-03-31 20:46:09.051549+00:00,de,orf.at,orf.at,2026-03-31,A1: Von Auto erfasstes Tier war ein Wolf,https://noe.orf.at/stories/3348124/
3655a77ea678618048ddc332a56d60a3c0473050a78921c2c59267ac58c924eb,2026-03-31 20:46:04.262795+00:00,de,orf.at,orf.at,2026-03-31,Kunstunterricht ab Herbst in Musikschulen,https://noe.orf.at/stories/3348142/
52b630192a996fce72eab3a9fe51f594e1e573aade19d3b6021fdf93a7716cd2,2026-03-31 20:28:55.369509+00:00,de,krone.at,krone.at,2026-03-31,"„Baumgartner, Arnautovic, Alaba – allesamt würdig“",https://www.krone.at/4088382
75fb5c03874d2b9407187d7c8ccf46ea9601732638e88a7cf88bfc411abd4945,2026-03-31 20:28:50.310333+00:00,de,krone.at,krone.at,2026-03-31,Lebensmittel werden teurer ++ ORF-Gehaltsliste,https://www.krone.at/4094693
402c9a085bf42dcadb59f7708fea8260d6b82b4a686b51ff463af5b1a27cdfce,2026-03-31 20:28:45.312605+00:00,de,krone.at,krone.at,2026-03-31,Osterschinken lässt die „Muckis“ wachsen,https://www.krone.at/4093744
58b6fd8b58878c414d2a489d968cc9edbb3c0640925f998c7ac868c70d5e2f31,2026-03-31 20:28:40.443475+00:00,de,krone.at,krone.at,2026-03-31,Vorarlbergs Finanzen 2025 besser als erwartet,https://www.krone.at/4094783
83bccf169a23f3921c83c5805d1aea2a4f1fef675fd42472691de86c6d207f67,2026-03-31 20:28:35.237361+00:00,de,krone.at,krone.at,2026-03-31,Frauen-Nationalteam kennt seine EM-Quali-Gegner!,https://www.krone.at/4094854
267c4a253b0e6b1fea207e13de03d5af5c7c7442204a77729a48444252c56ca9,2026-03-31 20:28:30.319540+00:00,de,krone.at,krone.at,2026-03-31,Last-Minute-Sieg für Österreichs U21 in EM-Quali,https://www.krone.at/4094951
89f03acfb66483aaebcec8803a2a1cf99698c8c397adb77d931238c3fb81c4c1,2026-03-31 20:28:25.618846+00:00,de,krone.at,krone.at,2026-03-31,Andreas Herzog wird während der WM ORF-Experte!,https://www.krone.at/4094919
8a8afb51e90c88e725aa308d143cee973089aca34db6a33c7cde604f537b11ff,2026-03-31 20:28:20.729402+00:00,de,krone.at,krone.at,2026-03-31,Bregenzer Festspiele stehen finanziell unter Druck,https://www.krone.at/4094585
4cda4de874f982e3b1d2cf19725b596642d33efd31054f28321f7b54bc527cea,2026-03-31 20:28:15.398594+00:00,de,krone.at,krone.at,2026-03-31,Céline Dion feiert großes Bühnen-Comeback!,https://www.krone.at/4094090
de327abcb2f7ec308ed5d1b889992651206b8c9eac23c5de26a2dbf2bfae5890,2026-03-31 20:28:10.407373+00:00,de,krone.at,krone.at,2026-03-31,Wird Henrik Kristoffersen nun zu einem „Rebellen“?,https://www.krone.at/4094720
baf0d834b4e9973976fb601f24e5af7d423302fd325ada416328ddd13defd916,2026-03-31 20:28:05.771336+00:00,de,krone.at,krone.at,2026-03-31,Kein Pickerl mehr: Parken wird in Salzburg digital,https://www.krone.at/4094379
017ee7f39758faf9881dec6a4132fdc14d193e83112fab9da9609e4a892e89b4,2026-03-31 20:28:00.520337+00:00,de,krone.at,krone.at,2026-03-31,Kronprinzessin Elisabeth wurde Opfer von Deepfakes,https://www.krone.at/4094131
d35192298e26ba6bd4914cad99b37fa6aaa44e1064716ac32554f51514fef58c,2026-03-31 20:27:55.223677+00:00,de,krone.at,krone.at,2026-03-31,Alessandra Ambrosio macht Heidi & Leni Konkurrenz,https://www.krone.at/4094384
ed65d98d13dc3af0f6d07a311b2d3dc3a0121e92928c5b5dc852c6a0350acb85,2026-03-31 20:27:50.576824+00:00,de,krone.at,krone.at,2026-03-31,Reha St. Veit bleibt in Salzburger Hand,https://www.krone.at/4094407
1fa3e222b768a0bf895b5d01da844f38e9ab32e7303c3c57c88cb5ce00a464ba,2026-03-31 20:27:45.989405+00:00,de,krone.at,krone.at,2026-03-31,Neue Aufgabe für Stöger? Rapid löst Vertrag auf,https://www.krone.at/4094124
84ae7c3835def85fd6bebf39db42a097eb28f35cb02a5bbb10e58ffa28c9ea4a,2026-03-31 20:27:40.694761+00:00,de,krone.at,krone.at,2026-03-31,Prinzessin Isabella tritt im Sommer Wehrdienst an,https://www.krone.at/4094294
9b828addfe0e104a788ee1cf09366ef504aa19ca3633627baffbfde7abad0c9b,2026-03-31 20:27:35.503442+00:00,de,krone.at,krone.at,2026-03-31,Ex-Ski-Champion trauert um seinen Sohn,https://www.krone.at/4094186
2ab94135b2762113fab5dc0c19228dfc302f5e103215136d7318ea2765d84d73,2026-03-31 20:27:30.552056+00:00,de,krone.at,krone.at,2026-03-31,Neue Serie? Ein echter Grazer geht nicht unter,https://www.krone.at/4093713
b32ef82652e2bcc32ab83cbd992fcbfd2f2fe92063c7df9a388cb7b4ec892eec,2026-03-31 20:27:25.356031+00:00,de,krone.at,krone.at,2026-03-31,Das Geheimnis um den Taubenschlag im Schulhof,https://www.krone.at/4093712
10d45ab59668c9b581ead4764c0c3cff36b7e17849284c4e192438b748d9c645,2026-03-31 20:27:20.372813+00:00,de,krone.at,krone.at,2026-03-31,Zwillinge geschlagen: „Will nie wieder zur Mama!“,https://www.krone.at/4094386
421729f2a1b027d8cf369e3856c4b612cb91503eaf0901abd0af06574d5d3aac,2026-03-31 20:27:15.240645+00:00,de,krone.at,krone.at,2026-03-31,Holt Miron Muslic Milan-Stürmer nach Schalke?,https://www.krone.at/4094374
489244164be6a7b22e108da53e5d28ce3acb213b2e4a66dc732af3e760b9d383,2026-03-31 20:27:10.935833+00:00,de,krone.at,krone.at,2026-03-31,Kalt-warm: Macht uns das Wetter tatsächlich krank?,https://www.krone.at/4088918
569ebab9a51aef347d24ac4de786c1c656b95c1c1f9fbc78ca55af3c741c103f,2026-03-31 20:27:05.588110+00:00,de,krone.at,krone.at,2026-03-31,Niederlagenserie von Canucks und Rossi geht weiter,https://www.krone.at/4094192
df739f3ec61952157c79e5fa0c432a5933ddebc433b59662b9a6b549befd91f7,2026-03-31 20:27:00.325433+00:00,de,krone.at,krone.at,2026-03-31,Kajakfahrer vermisst – Suche in Teufelsschlucht,https://www.krone.at/4094920
9f60ddcd7b20329e356343fc253ae651dea3366258624a439b1cbf81e33bb6cb,2026-03-31 20:26:55.259099+00:00,de,krone.at,krone.at,2026-03-31,Geburtshaus von Maradona dient als Suppenküche,https://www.krone.at/4094446
4a043f6d7574ca7e34d8b988e24dfc3bb3c4a4ad71bb811c113ebf5ea77007bf,2026-03-31 20:26:50.239466+00:00,de,krone.at,krone.at,2026-03-31,Verein präsentiert Plan für vierstöckige Moschee,https://www.krone.at/4093733
4557cb9bbe098cfed8d95f6da5a634757ba2b50e79c6dad0e3db4987c39139fa,2026-03-31 20:26:45.266940+00:00,de,krone.at,krone.at,2026-03-31,Jetzt dranbleiben! Aktiv bleiben zahlt sich aus,https://www.krone.at/4094320
374ed79de1ae0a83f55c28f72d7886f0bcd742339e40bd2f7a5e700bc70211aa,2026-03-31 20:26:40.561421+00:00,de,krone.at,krone.at,2026-03-31,Mann überweist sechsstelligen Betrag an Betrüger,https://www.krone.at/4094884
915c80fcdbbad3b3ff2f6d8bfcdd7e4975079d89a430879905ef3491276cf6c6,2026-03-31 20:26:35.363672+00:00,de,krone.at,krone.at,2026-03-31,Mann findet Unterkiefer mit Zähnen auf Grundstück,https://www.krone.at/4094921
285df3b8def0e228178fa8a4e7866acbd96c9df5306ba784735fd3c20a16da62,2026-03-31 20:26:30.486077+00:00,de,krone.at,krone.at,2026-03-31,Hoteldirektor soll 215.000 Euro veruntreut haben,https://www.krone.at/4094601
1c776f0c017211bebe76ceff698f414797a5b65f525699538c9b4525ea6b8c96,2026-03-31 20:26:25.355766+00:00,de,krone.at,krone.at,2026-03-31,Fiebrige Diskussion um Gesundheitsplan2040+,https://www.krone.at/4090849
830cd3d16ab0f8b0b01c9e941e3427b2086c64644063ca2eeafffd911bfaa5e3,2026-03-31 20:26:20.489290+00:00,de,krone.at,krone.at,2026-03-31,Iran zeigt vor WM-Test Bilder von toten Kindern,https://www.krone.at/4094868
f7cef14e0d8274baaa46abdf1de930db158d64941fad1d42cdb6f2dda1e2ff59,2026-03-31 20:26:15.371850+00:00,de,krone.at,krone.at,2026-03-31,Große Lawinengefahr in weiten Teilen Vorarlbergs,https://www.krone.at/4094275
3c3544e4b044a3c3488516dc7f04132ae1e0cedb34af8af1ed4cf3b9e46ea834,2026-03-31 20:26:10.163702+00:00,de,krone.at,krone.at,2026-03-31,0:6-Pleite! Velden geht bei Leader Voitsberg unter,https://www.krone.at/4094755
8fad9a92c90a7fd7d83f67851489372dbdf6862be754ad86eddc3ecdbede411b,2026-03-31 20:26:05.291536+00:00,de,krone.at,krone.at,2026-03-31,Prinz Harry fordert hohe Entschädigungszahlungen,https://www.krone.at/4094350
c718781473ea924303b1afbfbe972991b819b7d7f9c649e1e219a9185ade5455,2026-03-31 20:26:00.608683+00:00,de,krone.at,krone.at,2026-03-31,Stadtporträt wie kein anderes: Wien in 23 Katzen,https://www.krone.at/4089425
99dda2466f12ff90df52b5aa1446b6640bf14290aac6b13f972a6edee72c41f2,2026-03-31 20:25:55.299813+00:00,de,krone.at,krone.at,2026-03-31,Kristoffersen fährt nicht mehr mit Hirschers Ski,https://www.krone.at/4094673
4e4c29d6ca98f8fa33fd8705701f457539dd0f17474306f937558e87980ca4da,2026-03-31 20:25:50.659729+00:00,de,krone.at,krone.at,2026-03-31,Bäume auf Lkw gestürzt: Lenker in Kabine getroffen,https://www.krone.at/4094922
8daf98e932c887f4bee2ebee17216a95331410b1ce037ce9779e8abe08b86533,2026-03-31 20:25:45.482558+00:00,de,krone.at,krone.at,2026-03-31,Arbeiter von Baum getroffen und schwer verletzt,https://www.krone.at/4094488
cfcd7b6880231dc849308e5c68b3c64f91447e9979337e23ac65d4cfad4af8c8,2026-03-31 20:25:41.096380+00:00,de,krone.at,krone.at,2026-03-31,Tugan Sokhiev: Ein Meister für Klangrausch,https://www.krone.at/4094109
9ba65ffcefb59c86fc54db904bc0484132fe51f037e440efdfe8fd109cc1faea,2026-03-31 20:25:35.671080+00:00,de,krone.at,krone.at,2026-03-31,Frankreichs Senat berät zu Social-Media-Verbot,https://www.krone.at/4094068
e246692f67b1101b7297b12ceb2d64b96bb71cab53248343bea14cb50e40b978,2026-03-31 20:25:30.479121+00:00,de,krone.at,krone.at,2026-03-31,"„Wir haben gedacht, dass er unverwundbar ist“",https://www.krone.at/4094842
8e822b58175a512853aee7136cd5ad392c58dac9a372accdae812c71e53ea080,2026-03-31 20:25:25.402578+00:00,de,krone.at,krone.at,2026-03-31,Super Bowl 2029 zurück in Las Vegas!,https://www.krone.at/4094147
cb1ad043e5a10325f74b6bd629eaaea914dbc11e0d95b734a1c37d4f39d38848,2026-03-31 20:25:20.720497+00:00,de,krone.at,krone.at,2026-03-31,Die Aufstellung: So startet ÖFB-Elf gegen Südkorea,https://www.krone.at/4094771
c267474fc73570095e4d602f2efbfc1ff2d96c6cf22ebd728b6e01d3bc912a24,2026-03-31 20:25:15.430446+00:00,de,krone.at,krone.at,2026-03-31,Zwischen Torspektakel und Flautenserie,https://www.krone.at/4093365
9f95cdb9931544aa21dd71b0d8145af9497a4d3a73bc61e04c58d3916b1c7b66,2026-03-31 20:25:10.300833+00:00,de,krone.at,krone.at,2026-03-31,Trockenheit: Osterfeuer nicht pauschal verboten,https://www.krone.at/4094450
9a5152dd2e125b2e426dbafb67b1556c8778ad7ddeef97a816e7cb0520dc8f56,2026-03-31 20:25:05.300736+00:00,de,krone.at,krone.at,2026-03-31,Vogelnester im Garten: Was jetzt tabu ist,https://www.krone.at/4079958
d03c186ea83d227b6d26068dda1ff474462ba602105e8ef181841bcf1759b3d7,2026-03-31 20:25:00.264519+00:00,de,krone.at,krone.at,2026-03-31,Alkotest-Verweigerer brachte Mauer zum Einsturz,https://www.krone.at/4094380
d109e4561f73ac3aaab835260205efc87b9724b9d14627e09d65fbe043ba835b,2026-03-31 20:24:55.559498+00:00,de,krone.at,krone.at,2026-03-31,ÖSV-Dame gewinnt längsten Riesentorlauf der Welt,https://www.krone.at/4094317
a7f55adc69e19c0df9b5bfb19bdc4e96ca7e39689a5cbabeeb5d1f79854ab754,2026-03-31 20:24:50.332865+00:00,de,krone.at,krone.at,2026-03-31,Drei Verdächtige nach Golddiebstahl geschnappt,https://www.krone.at/4094382
ed2cdadaa86cb76a1cf55d91e1495c73dbf4fc22f91786b83f7d3dbe576bdbd0,2026-03-31 20:24:41.219324+00:00,de,krone.at,krone.at,2026-03-31,Alle 62 Top-Verdiener des ORF auf einen Blick,https://www.krone.at/4094098
7a11b3ebe3f6a1db43c8a64b917d96b4dd26b0c6dfd95f8f65ef0aee689fa4ef,2026-03-31 19:39:25.362500+00:00,de,orf.at,orf.at,2026-03-31,Antilope im Zoo von Unbekanntem erschossen,https://wien.orf.at/stories/3348178/
cec78dd48f54dc389af16490d633bbe969eeedc101053f9ab2cbfeda95d673f4,2026-03-31 19:39:20.288874+00:00,de,orf.at,orf.at,2026-03-31,Zu wenig Sitzplätze auf Wiens Straßen,https://wien.orf.at/stories/3348235/
1ef85a539f3cf371d7806e33a75f6c5c9774e77f2c86517c4005712d573eadd2,2026-03-31 19:39:12.793651+00:00,de,orf.at,orf.at,2026-03-31,Sicherheit auf Baustellen oft mangelhaft,https://wien.orf.at/stories/3348204/
494df8bf1362d75a784cd4b83d6060ff82f61bcfa99693bff77d790f3ce576cc,2026-03-31 19:38:44.593301+00:00,de,orf.at,orf.at,2026-03-31,Polizei stoppt Lkw-Lenker auf Drogen,https://wien.orf.at/stories/3348198/
89aa466b61467ad2941ddb9afd00c74558004211ce7cd7677385e2199ee426b7,2026-03-31 19:38:39.552735+00:00,de,orf.at,orf.at,2026-03-31,Viele Hunde und Katzen nicht gechippt,https://wien.orf.at/stories/3348154/
8b75ab24c5fed561b50694dfa859dbec9891cbd2e941a746886de22be9dd5903,2026-03-31 19:38:34.510772+00:00,de,orf.at,orf.at,2026-03-31,Mieten steigen: Wien bietet Überprüfung an,https://wien.orf.at/stories/3348129/
7ee861f3c9502cd0c0311df9bf1e705900e372ce37842dcaf996329a999f09b4,2026-03-31 19:38:23.324536+00:00,de,orf.at,orf.at,2026-03-31,Transporteure wollen mehr Spritpreis-Entlastung,https://wien.orf.at/stories/3348121/
f31ca17d4b1aaebcfe603f5852e8b68d1fa50fc7f9c11775f654728639dd8fdd,2026-03-31 19:38:10.613627+00:00,de,orf.at,orf.at,2026-03-31,Jugendkriminalität weiter angestiegen,https://wien.orf.at/stories/3348194/
44735b6a606527cc09238e59361a6098a43ea9cf4daa9636f322b22a212a7966,2026-03-31 19:37:43.309337+00:00,de,orf.at,orf.at,2026-03-31,Pleite nach Handelsgericht-Umbau,https://wien.orf.at/stories/3348173/
d18562a0511d007637f39b7e1e0e48b2076304e68cea0f2c8b04ee5f44ac9b8f,2026-03-31 19:36:44.997526+00:00,de,orf.at,orf.at,2026-03-31,Räuber flüchtete mit Sammelkarten,https://wien.orf.at/stories/3348199/
94312af03caabf4fe798b915ec2fa5adf41a3ef5e0aaabf1cbc006f2458edf3c,2026-03-31 19:28:47.792328+00:00,de,orf.at,orf.at,2026-03-31,Taylor Swift ehrt mit neuem Video Elizabeth Taylor,https://orf.at/stories/3425563/
a730c082f21cc300c66ebf5299702291edb7e0e62125ce7a2c85ddd66315ab7c,2026-03-31 19:28:34.393195+00:00,de,orf.at,orf.at,2026-03-31,Barbie-Fest wird „zum Alptraum“,https://orf.at/stories/3425504/
a01bce5eabac640fb484f38e5a71074df60d376cdaa7b9d7c80c1062e71f823b,2026-03-31 19:28:29.506537+00:00,de,orf.at,orf.at,2026-03-31,OMV und ADNOC schaffen Chemieriesen,https://orf.at/stories/3425554/
0fc5e630f19d45a605f542138b28f596087ac92cefe1efcdcc392840d901844f,2026-03-31 19:28:19.063740+00:00,de,orf.at,orf.at,2026-03-31,Italien verschiebt Kohleausstieg auf 2038,https://orf.at/stories/3425558/
170a383695974ea11d4374c305d1ac55af30bdfc1e91440a48d72fee48833cb8,2026-03-31 19:27:49.975589+00:00,de,orf.at,orf.at,2026-03-31,Türk: Israels Todesstrafengesetz „zutiefst diskriminierend“,https://orf.at/stories/3425571/
94b7918b560e0ff7552352096961fb75b9ab32f8218421d09159636299bbb860,2026-03-31 19:27:45.141395+00:00,de,orf.at,orf.at,2026-03-31,Hegseth wollte vor Krieg Rüstungsaktien,https://orf.at/stories/3425510/
fcbc55f17dabbee27ad4c14806e88105123a15fae5d0461b53743ed59fbce759,2026-03-31 19:27:37.408567+00:00,de,orf.at,orf.at,2026-03-31,Teures Kerosin: Lufthansa könnte Dutzende Jets stilllegen,https://orf.at/stories/3425564/
a40e338eee199f9a94692c36425261a0e2597f27dec9936b14aef9b71ff0a1e3,2026-03-31 19:27:26.095555+00:00,de,orf.at,orf.at,2026-03-31,Missbrauchsvorwürfe gegen Ex-ORF-Mitarbeiter,https://orf.at/stories/3425562/
5cd00d0c5dd3ab8ce94435ac9ad5c2be20484d4fa77f81e67d7e4764650fb3a6,2026-03-31 19:27:16.980960+00:00,de,orf.at,orf.at,2026-03-31,Ungarns Bahn unterlief Panne bei Zeitumstellung,https://orf.at/stories/3425557/
832b7a4177be12836ce25b6b6ee680f0dbcbc333092850b8d47dfd0ec9d58c79,2026-03-31 19:27:09.985838+00:00,de,orf.at,orf.at,2026-03-31,Zu Gast: Finanzminister Marterbauer,https://orf.at/stories/3425566/
7cf9f3b6f993984bf18901db6787d77167fd7d56020ec0834aef60628bdc1b66,2026-03-31 19:26:55.257611+00:00,de,orf.at,orf.at,2026-03-31,Spritpreisbremse: Regierung erzielt Einigung,https://orf.at/stories/3425573/
81a5aca422360e76737912c5f54c6396ac6dcacf2711b2e4469f337eb900792d,2026-03-31 19:26:42.388583+00:00,de,orf.at,orf.at,2026-03-31,„Zu Ihrer Verfügung“: Ungarns Minister in Gespräch mit Lawrow,https://orf.at/stories/3425559/
97924d3f1b54fa4f0e7ba963a7cf4740144f4b461411309895095476619e797f,2026-03-31 19:26:37.214074+00:00,de,orf.at,orf.at,2026-03-31,EU bereitet sich auf lange Energiekrise vor,https://orf.at/stories/3425572/
93ff08d9dc904948621c2f2615120aa0395af7d2f61b032cc963708f421306b0,2026-03-31 18:43:41.751922+00:00,de,krone.at,krone.at,2026-03-31,Deutlich mehr Alko- und Drogenlenker unterwegs,https://www.krone.at/4094372
15bb02916d4ba9364a27271926dc8b6e357afe5ff90645068f16404d3341e698,2026-03-31 18:43:36.975666+00:00,de,krone.at,krone.at,2026-03-31,Merz: „Folgen für die Wirtschaft wie bei Corona!“,https://www.krone.at/4094503
9fdf54860903e8f0b43c06c3580d6db5208849f482c10d9c8bdf01d1c1b36cb9,2026-03-31 18:43:32.375950+00:00,de,krone.at,krone.at,2026-03-31,„Darum mag ich in Linz nicht gerne baggern“,https://www.krone.at/4094765
514982f7e64bcca510b3272077646bcbc15e0e49fa8911b568ce5d97bd178db7,2026-03-31 18:43:27.014220+00:00,de,krone.at,krone.at,2026-03-31,Kriminalstatistik: Mehr Anzeigen in Vorarlberg,https://www.krone.at/4094803
a595cb83080409775e1ac70ace75a7c9550e806aba3bd0e93db65e6b58fe8859,2026-03-31 18:43:22.194675+00:00,de,krone.at,krone.at,2026-03-31,Regierung: Spritpreisbremse gilt ab 2. April,https://www.krone.at/4094877
594c39504115d7f4661014e1544f43c1256f7e9a7f005e1e4aec5ee113f195bc,2026-03-31 18:43:17.118945+00:00,de,krone.at,krone.at,2026-03-31,Doch keine Diversion für Jimi Blue Ochsenknecht?,https://www.krone.at/4094866
40533d4cb631c1e780e0d11a5a23b4f2d5116eee68e52d944603f3f2568f033d,2026-03-31 18:43:05.845281+00:00,de,krone.at,krone.at,2026-03-31,Europa geht leer aus: Diesel-Tanker ändern Kurs,https://www.krone.at/4094611
5f3ed6f030fb320e6b829aca80b5faeb80309c208340c9e83d81e215838b9f79,2026-03-31 18:43:00.267770+00:00,de,krone.at,krone.at,2026-03-31,Paukenschlag im Gemeinderat: „Familypark“ vertagt!,https://www.krone.at/4094383
a8c4c8df57b8ab7a3c1db6d582c01166c800b3b62ed920117f8ca65131335fb1,2026-03-31 18:42:53.938674+00:00,de,krone.at,krone.at,2026-03-31,Statistiker vermessen nun Wiens Mega-Schuldenberg,https://www.krone.at/4094748
5354e52c0a54696a993eeb2c2f4a6de235ff1349e6c683c3b5bda39afe855748,2026-03-31 18:42:49.028540+00:00,de,krone.at,krone.at,2026-03-31,Trump an Verbündete: „Holt euch euer eigenes Öl!“,https://www.krone.at/4094767
eba3afd95204774c455a58836db63a01abef30d191af9bcbfa526f76f02d1354,2026-03-31 18:42:41.092375+00:00,de,krone.at,krone.at,2026-03-31,Das macht Papst Leo XIV. anders als Franziskus,https://www.krone.at/4094849
0c6914eebe5b59fabc6a7c74ec40b96deb6cb9b72e54f62156d5756761e2b95c,2026-03-31 18:42:27.811154+00:00,de,krone.at,krone.at,2026-03-31,Polizei-Schock zwölf Stunden nach 14. Pokal-Titel,https://www.krone.at/4094581
7a06e91fb3f453ccde55877c9f57de591495ced34013713a6135a7a9193ac27d,2026-03-31 18:41:49.117972+00:00,de,krone.at,krone.at,2026-03-31,Neue Messstelle wirft Fragen zu Wiens Luftgüte auf,https://www.krone.at/4094263
dfc8af253fb1508c6a43ebf6e1fe62bf946653dd2f0f4b0e11a84d83cc041da4,2026-03-31 18:41:43.963246+00:00,de,krone.at,krone.at,2026-03-31,Rhönrad-Ass Kernacs überzeugte mit Kür in Belgien,https://www.krone.at/4093182
b4215a70f597c61508cca1fb8fbc0d2c448617b90184c901ce89c3d9531b9821,2026-03-31 18:41:21.111076+00:00,de,krone.at,krone.at,2026-03-31,Mit Waffe bedroht: Cobra-Einsatz in Vösendorf,https://www.krone.at/4094883
0028f8f3855840cd3cd8be4888a023253d0c449625c35a04d7424b1879cc9e01,2026-03-31 18:35:52.413312+00:00,de,orf.at,orf.at,2026-03-31,„Speed“-Handel: Zwei Festnahmen,https://ooe.orf.at/stories/3348120/
df6f35a94fefbadcc520533218b1d5a1559004b82e348eba25be3bb469f388dc,2026-03-31 18:35:26.024785+00:00,de,orf.at,orf.at,2026-03-31,Erneuerung der Rad-Rampen bei Nibelungenbrücke,https://ooe.orf.at/stories/3348039/
e8ce5b1427b0c1fe35c81518c6eb2bda5229cda8bea8ac3300ec107968131c64,2026-03-31 18:35:13.672419+00:00,de,orf.at,orf.at,2026-03-31,Geschäfte buhlen um Hobbygärtner,https://ooe.orf.at/stories/3348202/
eca75a0bae7ae9b0c55882a80860603dd554500fa4e323d4cc951357fe0f29d6,2026-03-31 18:35:08.826328+00:00,de,orf.at,orf.at,2026-03-31,Fliegerbomben: Versteckte Gefahr im Boden,https://ooe.orf.at/stories/3348156/
4ef50943595fc9d0f4e86011dd20d18594e20b0afa90ba8a370ef56e0f45ecf6,2026-03-31 18:35:03.832236+00:00,de,orf.at,orf.at,2026-03-31,Kriminalstatistik: Hohe Aufklärungsquote in OÖ,https://ooe.orf.at/stories/3348176/
fbcadc9463cb78934973d31d882b02bd00b7dc77ea2a1efa81f39aa3206cdd2e,2026-03-31 18:34:15.866970+00:00,de,orf.at,orf.at,2026-03-31,Pfleger kam als Golddieb zurück,https://ooe.orf.at/stories/3348188/
c47d65469a1cfbb32c3e65910fa54564cb318ebe7ce4aee7662490980b1e9224,2026-03-31 18:33:59.738554+00:00,de,orf.at,orf.at,2026-03-31,JKU Linz erkennt vier Ehrungen ab,https://ooe.orf.at/stories/3348110/
eeca74689e96d1f73826744c256567722718d0e25b4761936781f31f90316e1c,2026-03-31 18:33:54.840911+00:00,de,orf.at,orf.at,2026-03-31,Budgetdefizit: Nur OÖ im Plus,https://ooe.orf.at/stories/3348115/
b65b98046d69ec4be0e154daf94dedef780dce734e6e4a9f63c72b7cfda4acd2,2026-03-31 18:33:49.755186+00:00,de,orf.at,orf.at,2026-03-31,Falschmeldung zu Israel mit Video aus OÖ,https://ooe.orf.at/stories/3348163/
675e801dd84eccc4dccc8ef35512030e8e4e73168d6cd55ff47dc53539370b27,2026-03-31 18:33:44.743904+00:00,de,orf.at,orf.at,2026-03-31,Oberösterreicher rudert für Oxford,https://ooe.orf.at/stories/3348170/
27185f90f4179db791aff759694a4aaa32523a4ebac35443d7a5454ef35797a0,2026-03-31 17:47:34.771539+00:00,de,orf.at,orf.at,2026-03-31,"„Bee Wild Studie“: Mehr Vielfalt, mehr Leben",https://steiermark.orf.at/stories/3348148/
80a0e73db438e5b559459bc7c07be5b2f1b800d1b4ed4e7d69ec5d941d89d58b,2026-03-31 17:47:28.169879+00:00,de,orf.at,orf.at,2026-03-31,Steiermark: Höchste Pro-Kopf-Verschuldung,https://steiermark.orf.at/stories/3348126/
224c8810af7b5cf65925dbf4275cd62f33733ebe3543c05cf1ac26ec529886a5,2026-03-31 17:47:13.301158+00:00,de,orf.at,orf.at,2026-03-31,Ein „Ort der Erinnerung“ in Graz,https://steiermark.orf.at/stories/3348119/
4f9bc94af7bbcae60a1545f992f794a0f2227cac6233896d6a338636bd26286f,2026-03-31 17:47:05.691569+00:00,de,orf.at,orf.at,2026-03-31,Regiomobil-Aus: Bedarf am Land ist groß,https://steiermark.orf.at/stories/3348003/
9bd0101c3afd7e6390b3f8b64ee7e1cbf48517ebcbc93557920b65a3f8103cef,2026-03-31 17:47:00.638007+00:00,de,orf.at,orf.at,2026-03-31,Auto wurde durch die Luft katapultiert,https://steiermark.orf.at/stories/3348094/
a566c8292642429844d61ffe1f3e2bfcbd2e8d15d9bbdc4e0ab00475da44e0a5,2026-03-31 17:46:52.040996+00:00,de,orf.at,orf.at,2026-03-31,Seniorin stirbt bei Traktorunfall,https://steiermark.orf.at/stories/3348205/
1ff4c3ab3e85267cb2737adbf1a5bab03deddf067ed9ad66b192893e2fe62414,2026-03-31 17:46:38.886601+00:00,de,orf.at,orf.at,2026-03-31,Zahl der Anzeigen steigt deutlich,https://steiermark.orf.at/stories/3348168/
9d6042caf751a95bb2479bf4c86342c91a438334f27da4f7a87f067b7539b070,2026-03-31 17:46:20.823614+00:00,de,orf.at,orf.at,2026-03-31,Bezirk Liezen: Spitalsnetzwerk startet,https://steiermark.orf.at/stories/3348167/
32076fd718a0723b3e35eeb16ea4c268fa0962fb552512beb2b9764081a08c0c,2026-03-31 17:46:00.724793+00:00,de,orf.at,orf.at,2026-03-31,FH Campus 02 stärkt heimische Betriebe,https://steiermark.orf.at/stories/3348153/
4b7b5756bc6b82cebc9a575ee1a6b7be56d2434abee03da0911c83a74a645e43,2026-03-31 17:45:55.914684+00:00,de,orf.at,orf.at,2026-03-31,Nikotinbeutel künftig schwerer erhältlich,https://steiermark.orf.at/stories/3348213/
4dd7b17db4f2d9ceda472025f94fef44cb29ec13dfd2de28a0200a34c513d228,2026-03-31 17:45:48.903982+00:00,de,orf.at,orf.at,2026-03-31,Promis gegen mögliche Schulschließung,https://steiermark.orf.at/stories/3347997/
0e8708101f5e44c61620841c6aeedbc57ca413c018ab5b1e1530fb43d6be3b21,2026-03-31 16:51:44.654383+00:00,de,orf.at,orf.at,2026-03-31,Gutachten: Wolfsabschüsse rechtswidrig,https://tirol.orf.at/stories/3347974/
a3025681631909db7e58bfa6808c633878e95809c721cb47bf0640c286e17133,2026-03-31 16:51:39.426240+00:00,de,orf.at,orf.at,2026-03-31,Kriminalität: Plus bei Strafunmündigen 2025,https://tirol.orf.at/stories/3348165/
2d8cad2ce4b4a1c028850ec4b6bf32a7770047793dc33a40ceda250b362b13c2,2026-03-31 16:51:34.436781+00:00,de,orf.at,orf.at,2026-03-31,Schloss-Ambras-Direktorin dienstfrei gestellt,https://tirol.orf.at/stories/3348131/
5624e18c63ec8eff969784da17ee57c2e5795f58a681ddab917025b2396e0cae,2026-03-31 16:51:29.619255+00:00,de,orf.at,orf.at,2026-03-31,Fernpassstraße nach Sperre wieder offen,https://tirol.orf.at/stories/3348083/
969240c729ab24b52e8a750dd65a12adff70c3e3324aeab156c4fa44e4eec12e,2026-03-31 16:51:10.168900+00:00,de,orf.at,orf.at,2026-03-31,Diversion für Jimi Blue Ochsenknecht wackelt,https://tirol.orf.at/stories/3348221/
147d2512af8a2c538aa2ff5d22b9c87cf9877ee615de5c1ef215d4d3dc3df990,2026-03-31 16:51:00.871561+00:00,de,orf.at,orf.at,2026-03-31,März: überdurchschnittlich warm und trocken,https://tirol.orf.at/stories/3348174/
15d1b1854525ee53cf527ea0473804c3dcbfd7175ee475d1eaf006dbd7539377,2026-03-31 16:50:55.888251+00:00,de,orf.at,orf.at,2026-03-31,Kinder und Jugendliche in der Drogensucht,https://tirol.orf.at/stories/3348090/
9eb0fb19cd6587e2d70885cf4cee254191a3c31a789f14527ca7a7e5d419e3ef,2026-03-31 16:50:47.525477+00:00,de,orf.at,orf.at,2026-03-31,Erika Wimmer Mazohl erhält Literaturpreis,https://tirol.orf.at/stories/3348108/
8222ac65eae9a790d259b4a3cd7bad7086c0c0d427aa2a638562e73e036e6c0c,2026-03-31 16:50:39.864341+00:00,de,orf.at,orf.at,2026-03-31,Einbrecher flohen mit Beute über Piste,https://tirol.orf.at/stories/3348116/
671b1c8f64e649e22976a900732ac84f741f6d30dfd95b06f1e2e3ba9ddd51e6,2026-03-31 16:50:14.379576+00:00,de,orf.at,orf.at,2026-03-31,818 Klassen bei Schulski-Aktion,https://tirol.orf.at/stories/3347957/
b80807ee602107f6af165e19055dd21bb53398984a469b5a4f15b6f9fa924494,2026-03-31 16:49:58.666051+00:00,de,orf.at,orf.at,2026-03-31,Bildungsdirektion wartet auf neue Führung,https://tirol.orf.at/stories/3348032/
98670a8d37998eb17f3bc0e2afe8da65e7a9a5bb2b39540057f3b1d8e2975757,2026-03-31 16:33:30.502342+00:00,de,krone.at,krone.at,2026-03-31,AK skeptisch: 15.000 Euro für lebenslanges Pumpen,https://www.krone.at/4094184
91dd72b4b197fab296ca7cb7418685da80cf864a99b4c0861250044660c2513e,2026-03-31 16:33:25.646524+00:00,de,krone.at,krone.at,2026-03-31,Antilopenmord in Schönbrunn: Niemand hörte Schuss,https://www.krone.at/4094812
f1e414f3df77ceb2fc539a98858b61fe3af9027102aa26c4ce36cd4a1cdddb11,2026-03-31 16:33:21.045044+00:00,de,krone.at,krone.at,2026-03-31,Ausgerechnet die ORF-Problemfälle sind Gagenkaiser,https://www.krone.at/4094328
073491c6d9e686435017048d8d37481687266d0b0f4c3e0afb855341551c6ed5,2026-03-31 16:33:16.130041+00:00,de,krone.at,krone.at,2026-03-31,Südamerikaner flogen für Einbrüche extra nach OÖ,https://www.krone.at/4094766
22254e4e7efb13ff77dca857c643c8f3c2e2b17f8087664751e70b0dbaa39b7f,2026-03-31 16:33:10.473994+00:00,de,krone.at,krone.at,2026-03-31,5:0-Kantersieg! Leobendorf beendet Pleitenserie,https://www.krone.at/4094822
1f40886ee36d5b4f92d13da708e836d2492630f694878003d0a9d86414b66f1b,2026-03-31 16:33:05.521223+00:00,de,krone.at,krone.at,2026-03-31,SOS in Sand geschrieben: Paar auf Hawaii gerettet,https://www.krone.at/4094737
f0bf397a8e0c58953b854d39aeb20e71b76c81a2632e72485dc4ccc627ae42ad,2026-03-31 16:32:59.925445+00:00,de,krone.at,krone.at,2026-03-31,Bei Tatverdächtigen sind nun Fremde die Mehrzahl,https://www.krone.at/4094641
cb5093c2750732f4d7c8f3156ae2eca8ca425a656baf59d06738b768f0e72abe,2026-03-31 16:32:55.788673+00:00,de,krone.at,krone.at,2026-03-31,„Das ist die Berliner Luft!“,https://www.krone.at/4093699
97631fe54c8fd5baf5fd0411f2eab4d04fc456400aafab02ca02947b79712f8c,2026-03-31 16:32:46.963777+00:00,de,krone.at,krone.at,2026-03-31,Männer müssen Abwertungen nicht einfach aushalten,https://www.krone.at/4093902
a020876862b3bbbb54a579a074f219a17c4f0af3c4191e8357de45eca9ed5b03,2026-03-31 16:32:33.256080+00:00,de,krone.at,krone.at,2026-03-31,Mutter (87) von eigenem Sohn mit Traktor überrollt,https://www.krone.at/4094790
7ba33a27a7ea3f43b5af6644daaf277c1e39297d65612a829628d1af52adc379,2026-03-31 16:32:08.662437+00:00,de,krone.at,krone.at,2026-03-31,LH Kaiser zum Abschied: „Bin kein Übermensch“,https://www.krone.at/4094577
e450007791a7c3a5394c57eb64b5f0b0f741f33a997f34ec1fbd1f2aa6b04057,2026-03-31 16:32:01.943182+00:00,de,krone.at,krone.at,2026-03-31,Sizilien blockiert die Landung von US-Militärjets,https://www.krone.at/4094587
f47ebb8e0b1f3f148691d5edafa6876bf7b63412dee392fec8bab199cf889f6a,2026-03-31 16:31:55.783972+00:00,de,krone.at,krone.at,2026-03-31,105 Salzburger schon im Volksschulalter kriminell,https://www.krone.at/4094735
e14fee1b60d75390db3096c88e1a2196141109d6a5c4cbe858bba19dc543c1fc,2026-03-31 16:31:50.568803+00:00,de,krone.at,krone.at,2026-03-31,Millionenpleite bei Umbau von Wiener Luxushotel,https://www.krone.at/4094532
afba52a665bc560ee3ddcfda730a04ed10fbb2ddeffaf746e87f37d2f834021d,2026-03-31 16:31:43.785034+00:00,de,krone.at,krone.at,2026-03-31,"„Ein Mal möchte ich, dass mir hier jemand glaubt“",https://www.krone.at/4094586
581347216571a04c7a0a0b73fe42f0c22b1365dcacb2ddd8fcec9a73bd5f47f1,2026-03-31 16:31:39.040597+00:00,de,krone.at,krone.at,2026-03-31,Skelette wurden nach Diebesgut durchsucht,https://www.krone.at/4094827
6f3064062c2947af117cd9fae33409a717d90f29db56974e9aed467825f06131,2026-03-31 16:31:23.471043+00:00,de,krone.at,krone.at,2026-03-31,Laserarbeit löst Garagenbrand aus,https://www.krone.at/4094759
d3a6d680d3292ec1924c426650f0e4364503a3b65ee6d33bc6e096a3fe98357c,2026-03-31 16:31:18.576174+00:00,de,krone.at,krone.at,2026-03-31,König Fußball ist zurück: Studiogast analysiert,https://www.krone.at/4094438
b6b4c4cb98b05d1b44f10f199910ebe677b51c61bf3f1f91a8aa358386c9b125,2026-03-31 15:34:05.266093+00:00,de,orf.at,orf.at,2026-03-31,Mit Pkw gegen Zaun und Auto geprallt,https://kaernten.orf.at/stories/3348128/
ad7394f8a6502a1a6d87888bd0d85bcb855b6b07203add2acaeadefadda4cb61,2026-03-31 15:34:00.246032+00:00,de,orf.at,orf.at,2026-03-31,Wer zahlt Rechtsstreit Köfer gegen ÖGB?,https://kaernten.orf.at/stories/3348139/
96506ce084145b2f719cb74833de1ac2e93854f6eb525e660a50718a6d95625c,2026-03-31 15:33:55.138436+00:00,de,orf.at,orf.at,2026-03-31,Prostitution statt Arbeit: Haftstrafe,https://kaernten.orf.at/stories/3348185/
8aa4206f4d83c1d095bead7a031429055e3a197f2dd3bc10e0a6070df25c69b9,2026-03-31 15:33:50.331524+00:00,de,orf.at,orf.at,2026-03-31,Ein Paradies in Not: Der Wörthersee,https://kaernten.orf.at/stories/3348132/
25feffc32d7e81a0cec12953f4eed3bd8f4202d6affb4efa844fc4016fcb8d34,2026-03-31 15:33:45.305181+00:00,de,orf.at,orf.at,2026-03-31,Prozesstermin für Attentäter fixiert,https://kaernten.orf.at/stories/3348125/
3d6780db7a70c16cd709b51aaebb9fea6f54be4e2219d719f8ed666d62f678b7,2026-03-31 15:33:40.070680+00:00,de,orf.at,orf.at,2026-03-31,Abschiedsfeier für Peter Kaiser,https://kaernten.orf.at/stories/3348150/
746ccff685637444a51bf042d49d4eef9c910eeaf5275117cd88556bd753cde2,2026-03-31 15:33:35.171292+00:00,de,orf.at,orf.at,2026-03-31,ASFINAG: Tunnelreinigung nach Ostern,https://kaernten.orf.at/stories/3348189/
87aad5f1ed2b90efc0b7d27ed971d80774e99c39a69871991b127eec39c9725c,2026-03-31 15:22:07.916498+00:00,de,orf.at,orf.at,2026-03-31,OMV und ADNOC: Fusion der Chemiesparten abgeschlossen,https://orf.at/stories/3425538/
bea62cdd8257424542f0c227a2e8dba2df594c2bbfce03e1ecfcd290548df736,2026-03-31 15:21:50.378965+00:00,de,orf.at,orf.at,2026-03-31,Video zeigt Konzept für Trump-Präsidentenbibliothek,https://orf.at/stories/3425531/
0c57e8389a33df7c9e11c38a6b931e364af5c58a9be09dab0cda09e162448a4c,2026-03-31 15:21:45.373444+00:00,de,orf.at,orf.at,2026-03-31,Italien lässt US-Militärjets nicht landen,https://orf.at/stories/3425530/
686e9d5e1147438ef7aaf3517e2d40de3763b945f61c889da1c7930626a1b0da,2026-03-31 15:21:40.390890+00:00,de,orf.at,orf.at,2026-03-31,Iranische Medien melden Tote und Schäden an Moschee,https://orf.at/stories/3425524/
49264ea994dbb5010b900bf28f08e5bb7205fa26e2b492f59e1c1e474c962309,2026-03-31 15:21:35.771869+00:00,de,orf.at,orf.at,2026-03-31,Kreml fordert von Selenskyj Vorschlag zu Osterwaffenruhe,https://orf.at/stories/3425535/
22e1f351b6c2a1f76429dc31c7e0c9941055864b6511ed032466017e50ce9623,2026-03-31 15:21:30.242387+00:00,de,orf.at,orf.at,2026-03-31,Todesstrafe: Iran verschärft Gesetze,https://orf.at/stories/3425523/
44949e4732397a83f2401c11a7d177d716d02187a6f3234e4106a6198460ed6f,2026-03-31 15:21:25.746987+00:00,de,orf.at,orf.at,2026-03-31,Kriminalität: 538.656 Anzeigen im Vorjahr,https://orf.at/stories/3425522/
265cdc146e9122667b67daee882620557eb069642b6f1c82c9a69b6597b63f91,2026-03-31 15:21:20.532822+00:00,de,orf.at,orf.at,2026-03-31,Israel will Pufferzone im Südlibanon einrichten,https://orf.at/stories/3425525/
13ed73b5f60215e202d217130304b35c8bf31e73da51b40f50058ac30fea4e25,2026-03-31 15:21:03.311827+00:00,de,orf.at,orf.at,2026-03-31,Hegseth: „Kommende Tage werden entscheidend sein“,https://orf.at/stories/3425549/
81c19f9d51970a6ca6ef282845372f0d925a1f91d962c43b4fbeb6a57583f618,2026-03-31 15:20:31.625012+00:00,de,orf.at,orf.at,2026-03-31,Wirtschaftsverbände wettern gegen Plastikabgabe,https://orf.at/stories/3425540/
6f24d5d7fe63135bdd020616a5af2f06bc93ab11d09b2f243845f87ec1b787bc,2026-03-31 15:20:26.404674+00:00,de,orf.at,orf.at,2026-03-31,Butscha Symbol russischer „Grausamkeit“,https://orf.at/stories/3425508/
ecff8b29bf2682429181e05088b5e30f30237fe732fa70b18c4a680222147f8e,2026-03-31 15:20:21.626406+00:00,de,orf.at,orf.at,2026-03-31,Schlussplädoyers im Prozess gegen Stronach starten,https://orf.at/stories/3425548/
356cb4550186b6e28e9e7771de41d757edadb69db4f484eb5eb7812a4afce884,2026-03-31 15:20:16.658042+00:00,de,orf.at,orf.at,2026-03-31,Italien verweigert USA Nutzung von Stützpunkt,https://orf.at/stories/3425529/
2913b04511fba3551c7f0ef586b8e03fee0210e5da148496d5b451270297257b,2026-03-31 15:20:11.677360+00:00,de,orf.at,orf.at,2026-03-31,Spanien: Polizei entdeckte riesigen Drogenschmuggeltunnel,https://orf.at/stories/3425552/
f9a85304c15b16405423d29b804d5c8a0678479a58e2877b52edfb4ad3caa507,2026-03-31 14:21:37.998883+00:00,de,krone.at,krone.at,2026-03-31,Nach Ostern sind die Bergputzer im Einsatz,https://www.krone.at/4094268
0abe8286671b120962c3a2ee4a953663a7a4f10dff6440619e162acf990a7879,2026-03-31 14:21:33.473621+00:00,de,krone.at,krone.at,2026-03-31,"Starke Frauen, die mit ihren Fotos Kraft schenken",https://www.krone.at/4093447
abfe380589475a73c1268aa8633e3f6762b96288d7ef001fae0f31543adb1c32,2026-03-31 14:21:27.633329+00:00,de,krone.at,krone.at,2026-03-31,Glawischnig: „Experiment zu digitalem Schrott“,https://www.krone.at/4094371
b3ba5383661a9e4139fbbc7a554beec09ecc829f158445c0474555384034c694,2026-03-31 14:21:23.068204+00:00,de,krone.at,krone.at,2026-03-31,KI für Österreich: Experte fordert mehr Tempo,https://www.krone.at/4094420
9ea11b26330f241c3b650bb78c006fe6f5ec292a5058558461bc231364f60439,2026-03-31 14:21:17.700003+00:00,de,krone.at,krone.at,2026-03-31,Polizei jagt Einbrecher in Ischgl mit Pistenraupen,https://www.krone.at/4094287
6e7682cdde071b82315af3fac7bb19e03c0ef9b893d6bad868921ba4d585f9ab,2026-03-31 14:21:12.654577+00:00,de,krone.at,krone.at,2026-03-31,Wie iranische Hacker den FBI-Direktor bloßstellten,https://www.krone.at/4094178
d2a08632c1777d153e96934f796b42a03975a4e519d068f3355b076de342d464,2026-03-31 14:21:06.642248+00:00,de,krone.at,krone.at,2026-03-31,Tiermord in Schönbrunn: Irrer erschießt Antilope!,https://www.krone.at/4094329
2780666047d3b4e1de272dbb41a4b4093f3409f1c18e0a7f09d5401cb3db8fc6,2026-03-31 14:21:02.528239+00:00,de,krone.at,krone.at,2026-03-31,Augen und Ohren für den großen Anton Bruckner,https://www.krone.at/4093667
9350575fa813772e69f534b11ee2c17aaeb97edc9c271bea33b3ff63439c9ffa,2026-03-31 14:20:57.305677+00:00,de,krone.at,krone.at,2026-03-31,ÖVP schickt ernste Eilpost an die Justizministerin,https://www.krone.at/4094394
f41c2cfc7a3c1fe39247f847c5594e36a3bffd03113819fa553c5a298a402d25,2026-03-31 14:20:53.231741+00:00,de,krone.at,krone.at,2026-03-31,OMV schafft mit Abu-Dhabi-Konzern Chemie-Riesen,https://www.krone.at/4094560
b79412b3bb22abc323ed5aca306bcbebad1ddc8a036b97e01b0452936c54a15a,2026-03-31 14:20:35.137634+00:00,de,krone.at,krone.at,2026-03-31,Kein Meldezettel – MedAustron ist auch für Wiener,https://www.krone.at/4093685
e5dbf150d28f4a8aea57f7523addf38965b48bec9826daefd90458a664defa9a,2026-03-31 14:20:30.099829+00:00,de,krone.at,krone.at,2026-03-31,"Leser: „Jugend ernst nehmen, Probleme verstehen!“",https://www.krone.at/4094345
d97750e8b58d453a646f468ab5543fb850cb5b31a25ee282a33adcc60253b97c,2026-03-31 14:20:25.140485+00:00,de,krone.at,krone.at,2026-03-31,Bei Teilen von Fotos und Videos droht Todesstrafe,https://www.krone.at/4094471
3fedbef8a219a603710399939f6c582628b0b78624cbf4a5190790ea358c1b94,2026-03-31 14:20:20.544093+00:00,de,krone.at,krone.at,2026-03-31,Lkw in Zickzack-Fahrt auf der Autobahn unterwegs,https://www.krone.at/4094422
6e65d9a33b65eb58199f0558c51394c22fc12d0f3ca00ab4cda4abf374d7911b,2026-03-31 14:20:11.606640+00:00,de,krone.at,krone.at,2026-03-31,Mit selbstgemachtem Veilchensirup steigt Vorfreude,https://www.krone.at/4094234
ed05e253025ec01842935cc134c716a2ffc3673a813ec07aca12a02d6ee04a29,2026-03-31 14:20:06.214314+00:00,de,krone.at,krone.at,2026-03-31,Firstfeier für neues Clubheim in Dornbirn,https://www.krone.at/4094402
d723ad2726e1f09cf55adf7dc565658fd4a96a5a918c629aa84e7870ae7afed5,2026-03-31 14:20:01.457274+00:00,de,krone.at,krone.at,2026-03-31,Insolvent! Taxiunternehmen in Pleite geschlittert,https://www.krone.at/4094466
5d52a0148e3708e6295a204a9e64dc0db3efa677a5031a717d0b4f2a646f4240,2026-03-31 14:19:49.983905+00:00,de,krone.at,krone.at,2026-03-31,Ein Dinner auf der Titanic genießen,https://www.krone.at/4093554
5bc8b3e23b74765597cc6ea718a8da361b63c2c1410bb82ad7be15e35c9bcc5a,2026-03-31 14:19:45.254014+00:00,de,krone.at,krone.at,2026-03-31,Israel will Pufferzone im Südlibanon einrichten,https://www.krone.at/4094491
ef728321abe542d183c8cd1b261aed4aa96a8f9354ab2961be81f00a1614592c,2026-03-31 14:19:40.055953+00:00,de,krone.at,krone.at,2026-03-31,Silvester-Brand in Traun für Fake-News verwendet,https://www.krone.at/4094457
6392da5ff5d75fb893bdb3bdc470c7a91154b8c559edb7cd28b25f2a4a67fcfb,2026-03-31 13:29:42.174343+00:00,de,orf.at,orf.at,2026-03-30,Barocke Darstellung des heiligen Grabes restauriert,https://burgenland.orf.at/stories/3348049/
5e593adc6992dbceb26a2d14edeb7f2b05f1ecfa56095e3242bd0af44562fd06,2026-03-31 13:29:36.155533+00:00,de,orf.at,orf.at,2026-03-30,Jennersdorf will Landflucht entgegenwirken,https://burgenland.orf.at/stories/3347968/
83ef126922943c577be33fd35189a0a7097d0ec6a363a02567991d5f97976d38,2026-03-31 13:28:45.348541+00:00,de,orf.at,orf.at,2026-03-31,Schwerer Unfall auf A4 bei Parndorf,https://burgenland.orf.at/stories/3348130/
0127ea310eb733f263e3c10ce594b06370cfd824481cb837e66b823258e30297,2026-03-31 13:28:38.333109+00:00,de,orf.at,orf.at,2026-03-31,Vinatrium bleibt nach Insolvenz geschlossen,https://burgenland.orf.at/stories/3348175/
b1db15fef57eae51c0194ab825554330f0b8547593e3963f7f80c332ad6003d0,2026-03-31 13:28:08.652836+00:00,de,orf.at,orf.at,2026-03-31,"Mehr Anzeigen, höhere Aufklärungsquote",https://burgenland.orf.at/stories/3348085/
28515bf626b1ca78d316e031e5f8e590bebef3f4e3bbbbad172b7159baf1f6e4,2026-03-31 13:28:02.398894+00:00,de,orf.at,orf.at,2026-03-31,Mit KI-Falle gegen Raps-Schädlinge,https://burgenland.orf.at/stories/3348095/
d7fc706a7b6914c84fe5155842fd92fa7222e2d2253426425b43eee30d658fd6,2026-03-31 13:27:40.203739+00:00,de,orf.at,orf.at,2026-03-31,Caritas sammelt Lebensmittelspenden vor Ostern,https://burgenland.orf.at/stories/3348013/
c9ecb35106d13c5cf7d913dd07be947d3bd14ff048348e478957fc3f334eb971,2026-03-31 13:27:35.336743+00:00,de,orf.at,orf.at,2026-03-31,Pensionsrechner soll Unklarheiten beseitigen,https://burgenland.orf.at/stories/3348024/
fb0c21b7d8e4c22e15f2d6e4a91e572e1154b3b5e67bd753271b83654cf796ad,2026-03-31 11:43:47.827150+00:00,de,krone.at,krone.at,2026-03-31,Erneut hohe Steigerung bei kriminellen Teenagern,https://www.krone.at/4094248
d281cf7d645e928af1520e15f2d888b6751b03d3ec452092b22630854d2ae42d,2026-03-31 11:43:27.079964+00:00,de,krone.at,krone.at,2026-03-31,Wiener sehen eigene Nachbarschaft (zu) düster,https://www.krone.at/4093263
b17245ec2ed9a8a287a302988b5373fcfc7e3047c08eddcf4fa4d8e66c4f470d,2026-03-31 11:43:22.017501+00:00,de,krone.at,krone.at,2026-03-31,VfGH: Rechnungshof darf FPÖ-Wahlkampfkosten prüfen,https://www.krone.at/4094347
da783040675022b2701abe4c959db218971451500aab2948debff84be882ff7e,2026-03-31 11:43:16.987690+00:00,de,krone.at,krone.at,2026-03-31,Airport in Florida soll nach Trump benannt werden,https://www.krone.at/4094224
ff3c605f2eb0f0aaca0beac111495ed2a62127d0a8f97ac9de5b4482ebd5b3eb,2026-03-31 11:43:12.063959+00:00,de,krone.at,krone.at,2026-03-31,Kiewer Attacken bei russischem Sankt Petersburg,https://www.krone.at/4094327
c2d8983ee4ed712a85e8f8d1c8f6aae492bef00785addde77ae4def5504a67c8,2026-03-31 11:43:07.108307+00:00,de,krone.at,krone.at,2026-03-31,Welche Nationalitäten am häufigsten zum Arzt gehen,https://www.krone.at/4093692
f6502a6bb9479df5d0e91d787560a03ec3167221f00f435badaf4cec39912018,2026-03-31 11:43:02.169959+00:00,de,krone.at,krone.at,2026-03-31,Mit Auto Zaun durchbrochen und gegen Haus gekracht,https://www.krone.at/4094243
ec6f454c44880af223f64bbb2d7df59ed465d45551490df60812f457c784ceba,2026-03-31 11:42:26.690066+00:00,de,krone.at,krone.at,2026-03-31,Vorarlberg hat den billigsten Strom Österreichs,https://www.krone.at/4094311
0f31984382f1e721f076c3b741c98df4dd2861824136d5ede373b23985a6ad7e,2026-03-31 11:42:13.207356+00:00,de,krone.at,krone.at,2026-03-31,Nach Sex mit Zwillingen schwanger: Wer ist Vater?,https://www.krone.at/4094315
bddc92a94c8fe8b2f3748cb8fb6a979bba885bae5d6ce6579d222efc627f85b2,2026-03-31 11:42:07.793841+00:00,de,krone.at,krone.at,2026-03-31,Wollte US-Minister mit Krieg Millionen scheffeln?,https://www.krone.at/4094174
23f2f475cb98aed2eb8355812575b553db074f294c8f660448dbc9279264ec65,2026-03-31 11:42:03.343806+00:00,de,krone.at,krone.at,2026-03-31,„Hoppelhafter“ Ferienspaß wartet im weiten Land,https://www.krone.at/4093680
e76724394a50e2e25b5bcdec13cc5fb52a0c8c47679cf4bbebaca34263d558ac,2026-03-31 11:41:56.701587+00:00,de,krone.at,krone.at,2026-03-31,Wal „Timmy“ wieder in Wismarer Bucht gesichtet,https://www.krone.at/4094223
91debd238bb82556c108ee47f44134d2d9e026d2a2d6304cef28eecbefbaa8a8,2026-03-31 11:41:51.924476+00:00,de,krone.at,krone.at,2026-03-31,„Blaue Lagune“: Gründer kämpft um sein Lebenswerk,https://www.krone.at/4090843
09edb2fdc3f8f5ab35b588259bf37e43ece67fb9aa52eac356c4e32d0b7fac32,2026-03-31 11:41:46.747570+00:00,de,krone.at,krone.at,2026-03-31,„So eine Chance gibt es im Fußball nicht so oft“,https://www.krone.at/4093783
c720450ab3beb097548721263ad08e845f70d71664a77317a98409cde7c68723,2026-03-31 11:41:42.065354+00:00,de,krone.at,krone.at,2026-03-31,Gefängnisstrafe für tricksenden Bademeister,https://www.krone.at/4094265
5d7b7bbdb53aae2d19685b2ca6c6afc1ef6eef18c6acd5be0785aa8771510cab,2026-03-31 11:41:36.987766+00:00,de,krone.at,krone.at,2026-03-31,So isst Österreich: Fisch und Spinat hoch im Kurs,https://www.krone.at/4094325
6114a236b6ea526f754e26e08712a375db20100a5c07ab577092445ca4a3b969,2026-03-31 11:29:47.074668+00:00,de,orf.at,orf.at,2026-03-31,Onlinebetrug: Pensionist um 200.000 Euro gebracht,https://salzburg.orf.at/stories/3348084/
46fbd911ceb79cf903f6da861b0680ccf524b07d8d3d625796cb554ead5000f7,2026-03-31 11:29:40.791621+00:00,de,orf.at,orf.at,2026-03-31,26-Jährige verursacht Verkehrsunfall bei Piesendorf,https://salzburg.orf.at/stories/3348093/
1de609d0a8fa2b77f8040e2d58e464f9175116929bf2fa8115d56bf7a972ef77,2026-03-31 11:29:34.922265+00:00,de,orf.at,orf.at,2026-03-31,Stadt kündigt „Aktion scharf“ gegen Raser an,https://salzburg.orf.at/stories/3348152/
61f251c5c1779b8ebf992a1cd4d06715f1e3462bcbc24bfe59ac43afec6bc4c4,2026-03-31 11:29:18.368800+00:00,de,orf.at,orf.at,2026-03-31,Tauernklinikum: Konflikt zwischen Belegschaft und Leitung,https://salzburg.orf.at/stories/3348058/
72abb0f138a88dc6e14434d6639c0f857e07eca3a044627cf128e39d882e661d,2026-03-31 11:28:49.835040+00:00,de,orf.at,orf.at,2026-03-31,Vizebürgermeister von Saalfelden tritt zurück,https://salzburg.orf.at/stories/3348080/
832ad0e6f0acb57f816a5ff6b23113010cc30da609bcafcd04e32fe4a17203f7,2026-03-31 11:28:30.004351+00:00,de,orf.at,orf.at,2026-03-31,850.000 Euro ergaunert: Bademeister verurteilt,https://salzburg.orf.at/stories/3348017/
d993e2af2e5fdc6e77cb264c305f455ea9905a075676312a1ab4925e797e0853,2026-03-31 10:40:58.532064+00:00,de,orf.at,orf.at,2026-03-31,Budgetdefizit 2025 besser als erwartet,https://orf.at/stories/3425507/
8ccfbd88e7e88db8d5206e56bcd4c6033a835ad89e22e6b16773b3390386f74b,2026-03-31 10:40:53.660567+00:00,de,orf.at,orf.at,2026-03-31,Verletzte nach iranischem Raketenangriff in Israel,https://orf.at/stories/3425509/
ebe0a1c95adb0645b9badf649b3653d496b2edd148aaa9676d68f8520a32d265,2026-03-31 10:40:48.655404+00:00,de,orf.at,orf.at,2026-03-31,ORF veröffentlicht Transparenzbericht,https://orf.at/stories/3425511/
dd8b74a14e1192eff5cc1aacae3211364d3c31292970ad2f34229dc37df2518a,2026-03-31 10:40:43.722225+00:00,de,orf.at,orf.at,2026-03-31,Haushalte sparten wegen geringerer Einkommen weniger,https://orf.at/stories/3425503/
80b9a7a12638c6a6e540c2b7fb698e36ef1e5c3a85a539db55b8617b3c37d6b2,2026-03-31 10:40:38.957796+00:00,de,orf.at,orf.at,2026-03-31,"Schnellschätzung: Inflation im März bei 3,1 Prozent",https://orf.at/stories/3425493/
29f430a04a679b0eeb526f0711c5f510ebdb9d1337483cdff8ba011255f5711e,2026-03-31 10:40:33.899092+00:00,de,orf.at,orf.at,2026-03-31,Blackpink-Star Lisa kündigt Showreihe in Las Vegas an,https://orf.at/stories/3425492/
1d62cffa505aa4171d7e450184a48efedb2af089ddedb685105243a2e929138f,2026-03-31 10:40:28.569291+00:00,de,orf.at,orf.at,2026-03-31,US-Angriff auf Munitionslager in Isfahan,https://orf.at/stories/3425481/
468a72c55245fc6897ac9dd16dd7c598296e16a79f9ddd488f5590258c118051,2026-03-31 10:40:19.181421+00:00,de,orf.at,orf.at,2026-03-31,EU-Außenminister gedachten der Opfer von Butscha,https://orf.at/stories/3425497/
1ed9335721a2fe4fb044794d27a278d28cd91d880a55f7f16b38a898fa6473d3,2026-03-31 10:40:14.369560+00:00,de,orf.at,orf.at,2026-03-31,"Budgetdefizit im Vorjahr bei 4,2 Prozent",https://orf.at/stories/3425495/
d7abe45613feaef6e9086e953667c2b7818c91693bfda2e7ea2197721c7ce97c,2026-03-31 10:40:09.328615+00:00,de,orf.at,orf.at,2026-03-31,Vor Ostseeküste abgetauchter Buckelwal erneut gesichtet,https://orf.at/stories/3425501/
e064484a8d49c96adf4188fe3b4abe474d064dbd1c5b485208ae31aa0f3f10fe,2026-03-31 10:40:04.198767+00:00,de,orf.at,orf.at,2026-03-31,Scharfe Kritik an Israel wegen Todesstrafe,https://orf.at/stories/3425483/
c2d4d4d620d25347dbb04fb28704962f90c4e813750cb57d6fbe639c28f51d80,2026-03-31 10:39:59.158332+00:00,de,orf.at,orf.at,2026-03-31,Staatsmedien: Iranische Entsalzungsanlage angegriffen,https://orf.at/stories/3425521/
a69d5a5de668081d2a4fc4344507cd538b730ef04f972bfcd22def7085cb666d,2026-03-31 10:39:54.383110+00:00,de,orf.at,orf.at,2026-03-31,Tanker vor Küste von Dubai beschossen,https://orf.at/stories/3425484/
c13f7bf09339736e600ab482efeb18c256eef5ae50f9cdb2c83738fb1e7980c7,2026-03-31 10:39:49.371376+00:00,de,orf.at,orf.at,2026-03-31,Oppositioneller Bürgermeister in Türkei festgenommen,https://orf.at/stories/3425513/
a56505b582b4292280d407c74252f483e6a94a3fcb050577ad0dd4136572278d,2026-03-31 10:39:36.844152+00:00,de,orf.at,orf.at,2026-03-31,Schäden an wichtigem russischem Hafen gemeldet,https://orf.at/stories/3425485/
56d4f7a25a733dce12bd436f244e2315ec3d9c829a0f8ef3019286a922ff8e68,2026-03-31 10:39:32.314967+00:00,de,orf.at,orf.at,2026-03-31,Polen: Preisdeckelung für Treibstoff ist in Kraft,https://orf.at/stories/3425482/
e71a29bb78b7c09fde581f315efb948f2b0a0bc67bdb21ae0f9e77c7783c2fb5,2026-03-31 10:39:27.083721+00:00,de,orf.at,orf.at,2026-03-31,Wahlkampfkosten: FPÖ muss Rechnungshof Einsicht geben,https://orf.at/stories/3425519/
b0f6c846c78a8e71777b5248b36a8f90d9002ecc97fc68f25571f1c5480de3d0,2026-03-31 10:39:21.944070+00:00,de,orf.at,orf.at,2026-03-31,"Inflation schnellt auf 3,1 Prozent",https://orf.at/stories/3425491/
d032ba4017db1d04d70b41c4e81c42e6ebab6043db47df104b88346a8b6f6cfd,2026-03-31 09:45:53.575625+00:00,de,kontrast.at,kontrast.at,2026-03-31,Die Folgen von Trump´s Iran-Krieg,https://kontrast.at/die-folgen-von-trumps-iran-krieg/
5e5ba13392b487d21dc1ec0dc1c8e58ae16779ecb4384a11bb51676e063cf781,2026-03-31 09:33:26.528943+00:00,de,krone.at,krone.at,2026-03-31,"Wolf beißt Frau ins Gesicht, verletzt sie schwer",https://www.krone.at/4094087
b44d76467cca8e4bcc1112f39094f650f06e04b7d98213585fefee805919c05d,2026-03-31 09:33:15.568347+00:00,de,krone.at,krone.at,2026-03-31,"Rubio: „Werden dafür sorgen, dass sie offen ist“",https://www.krone.at/4094175
34a35651ada0112be670c691c2adb77dba0731065c4802e232acae580185f9af,2026-03-31 09:33:09.848436+00:00,de,krone.at,krone.at,2026-03-31,„Auch bei Rang drei lassen wir die Korken knallen“,https://www.krone.at/4093985
200ac8cfc0c44f09204c2221d53ef11bc230c4b3bff81ef17ea08eb72c8ff083,2026-03-31 09:33:04.403821+00:00,de,krone.at,krone.at,2026-03-31,Sie färbt ihre Ostereier mit Produkten aus Natur,https://www.krone.at/4093634
d8029353ffe3b8ab8ab393e9caf7e59376aa03b0297bbfe7f0686b1d57226882,2026-03-31 09:32:53.172338+00:00,de,krone.at,krone.at,2026-03-31,Dealer auf frischer Tat bei Tankstelle ertappt,https://www.krone.at/4094180
19055ea9172312123244406b212b0383c3994b41402cc240d55e55d449b42caf,2026-03-31 09:32:47.998277+00:00,de,krone.at,krone.at,2026-03-31,Netanyahu sieht Hälfte der Kriegsziele erreicht,https://www.krone.at/4094114
cf6bf5e9c1bda5a41c64f92f293abe954cce9ce44bf5e2adcff80e5bb6666811,2026-03-31 09:32:38.942922+00:00,de,krone.at,krone.at,2026-03-31,Liebesfalle kostet einen 84-Jährigen 43.000 Euro,https://www.krone.at/4094173
3e9d036eac2fb6959f43aeab7891849acd12dbf31f67b9db2e807879a72bfc06,2026-03-31 09:32:34.205080+00:00,de,krone.at,krone.at,2026-03-31,Österreichs Staatsschulden niedriger als geplant,https://www.krone.at/4094144
2b4031866feec6e09508c32fbae79e1ef91fa021360c4112987e33676c8fcd91,2026-03-31 09:32:29.326822+00:00,de,krone.at,krone.at,2026-03-31,Kreml zementiert mit Geld sein „Neurussland“,https://www.krone.at/4094103
7e43a17a9ae5fc01209d9acd6c3f491c490f37e16babd21aa22fd9a80fe47947,2026-03-31 09:32:16.005952+00:00,de,krone.at,krone.at,2026-03-31,Alexander Nemeth hat einen exzellenten Riecher,https://www.krone.at/4093599
7976edff2336998be20d5fadf6bf8e60d960732eb111da03d49b8b94439c9a15,2026-03-31 09:32:11.892851+00:00,de,krone.at,krone.at,2026-03-31,"Nächster Schock: Inflation steigt auf 3,1 Prozent!",https://www.krone.at/4094129
790959a4dea62c389e850b5bca1729f51ed51ee94f306fa9a6b915cabd3b0d5e,2026-03-31 09:32:06.114468+00:00,de,krone.at,krone.at,2026-03-31,Auto landete am Dach: Lenker (77) selbst befreit,https://www.krone.at/4094058
57bcb3b8f05e30e2d39d94d87600c2e981f97a0972f3c04437a20a4bbe060ff9,2026-03-31 09:31:40.415744+00:00,de,krone.at,krone.at,2026-03-31,Winter bleibt hart: Hängende Lkw und Lawinengefahr,https://www.krone.at/4094094
60b5048805993284bfe7589cd31473365f1a2c1bde6379e83c6937cd6c13c132,2026-03-31 09:31:28.965755+00:00,de,krone.at,krone.at,2026-03-31,In der Landespolitik sitzen vorwiegend „Boomer“,https://www.krone.at/4091008
69e34b77ff6efc3ae86fa4f8cbb396292afe09d0ef66f1142700337e4e829d34,2026-03-31 09:31:03.971764+00:00,de,krone.at,krone.at,2026-03-31,Schwitzen und spielen: Innsbruck bleibt Sportstadt,https://www.krone.at/4093643
f2c142dbec7d4934d54ded9b1cbd1c1e7a33ad08769d2a7eb3b8f132dad7f351,2026-03-31 09:30:57.611201+00:00,de,krone.at,krone.at,2026-03-31,Schneefahrbahn: Pole prallte mit Pkw gegen Baum,https://www.krone.at/4094197
3c96bb2879fb25131645ae0f41f92edfa097096b26edb843dfb4a39a3e172b5a,2026-03-31 08:39:23.961931+00:00,de,orf.at,orf.at,2026-03-31,Krieg: Steigende Energiepreise erwartet,https://wien.orf.at/stories/3348014/
583c7157628a88c8a5735bdb5844e79c1ee8d14bb37c126f104228b9adc669fa,2026-03-31 08:38:42.542807+00:00,de,orf.at,orf.at,2026-03-31,Cyberkriminalität betrifft jede sechste Firma,https://wien.orf.at/stories/3348009/
896dae39d57dd638638f9e24bca953fbe2719b3168e63716806a8e4a81d6aac6,2026-03-31 07:38:44.906084+00:00,de,orf.at,orf.at,2026-03-31,Campingkocherunfall: Lkw-Fahrer tot,https://ooe.orf.at/stories/3348077/
41d28982a2040f78634cf77a4c544b54810b0e2aea54dcd6afd0c0cd30799f62,2026-03-31 07:24:34.921262+00:00,de,derstandard.at,derstandard.at,2026-03-30,Erlösung oder Trilogie des Traumas? Italien erzittert vor dem WM-Showdown,https://www.derstandard.at/consent/tcf/story/3000000314619/erloesung-oder-trilogie-des-traumas-italien-erzittert-vor-dem-wm-showdown
6aef0edaef95a97d941aca404eb2e24e450b0e5660650621b8ef58b07daa6379,2026-03-31 07:24:30.551592+00:00,de,derstandard.at,derstandard.at,2026-03-30,Song Contest expandiert nach Asien – und startet damit in Bangkok,https://www.derstandard.at/consent/tcf/story/3000000314791/song-contest-expandiert-nach-asien-und-startet-damit-in-bangkok
2fab609cfc606668e31cd44be903373c662116d2134bb436c7dc99e352c68f8e,2026-03-31 07:24:10.969703+00:00,de,derstandard.at,derstandard.at,2026-03-31,Klimaminister Totschnig gegen Tempo 100 und für Agrardieselvergütung,https://www.derstandard.at/consent/tcf/story/3000000314805/klimaminister-totschnig-gegen-tempo-100-und-fuer-agrardieselverguetung
bba8b3e5b0069cdefceadccd765ebc2f5963dacfe4fdae6d9e356183defaa25d,2026-03-31 07:24:00.801905+00:00,de,derstandard.at,derstandard.at,2026-03-30,Umkehr eines weltweiten Trends: Die Todesstrafe wird wiederbelebt,https://www.derstandard.at/consent/tcf/story/3000000314721/umkehr-eines-weltweiten-trends-die-todesstrafe-wird-wiederbelebt
d8272093dbcf996f0568b4f674c57421748766ceb9946a93eb7166297e802d20,2026-03-31 07:23:55.468059+00:00,de,derstandard.at,derstandard.at,2026-03-31,"""Kopflose"" USA ""brauchen Rückzug aus Iran"", sagt Politologin Clüver Ashbrook in ""ZiB 2""",https://www.derstandard.at/consent/tcf/story/3000000314802/kopflose-usa-brauchen-rueckzug-aus-iran-sagt-politologin-cluever-ashbrook-in-zib-2
53378654ab74276605ec78ef8a1ba533165680789ca405f0c52fba1c50870740,2026-03-31 07:23:50.679414+00:00,de,derstandard.at,derstandard.at,2026-03-31,"""Tun nicht genug"": Australien untersucht Plattformen wegen Verstoß gegen Social-Media-Verbot",https://www.derstandard.at/consent/tcf/story/3000000314809/tun-nicht-genug-australien-untersucht-plattformen-wegen-verstoss-gegen-social-media-verbot
d89e9d02c88dfc3e249706f627cc3ec5ef0ed9ebc7e74d23dc045e03dd19b18b,2026-03-31 07:23:35.000914+00:00,de,derstandard.at,derstandard.at,2026-03-30,Das sind die besten All-inclusive-Resorts in Europa,https://www.derstandard.at/consent/tcf/story/3000000314685/das-sind-die-besten-all-inclusive-resorts-in-europa
201c78c13d7cae3d383d7f9ac12422661e35b3eac3ca9faf101c6d532a6de61d,2026-03-31 07:23:25.202566+00:00,de,derstandard.at,derstandard.at,2026-03-30,Leben mit Demenz: Warum auch Angehörige Unterstützung brauchen,https://www.derstandard.at/consent/tcf/story/3000000313958/leben-mit-demenz-warum-auch-angehoerige-unterstuetzung-brauchen
4ea3c6d1f4eb75a8170932bfdc32dfe7c3410fc935b1455583379879a2e2458a,2026-03-31 07:23:20.737351+00:00,de,derstandard.at,derstandard.at,2026-03-30,Frühjahrsputz einmal anders – so lassen sich Kosten senken und Geld sparen,https://www.derstandard.at/consent/tcf/story/3000000314696/fruehjahrsputz-einmal-anders-so-lassen-sich-kosten-senken-und-geld-sparen
509aaf2312793c9348409374f4769fa891c6dab9146be449246b14132a7c5160,2026-03-31 07:23:10.784760+00:00,de,derstandard.at,derstandard.at,2026-03-30,KI-Modelle agieren immer öfter gegen den Willen ihrer User,https://www.derstandard.at/consent/tcf/story/3000000314698/ki-modelle-agieren-immer-oefter-gegen-den-willen-ihrer-user
3ebe3a3a7f64759f5e8266cce0a4903d385f6492b631999f1885deacacbf342c,2026-03-31 07:23:04.925798+00:00,de,derstandard.at,derstandard.at,2026-03-31,"USA setzten bunkerbrechende Bomben ein, Trump möchte offenbar ohne Hormus-Lösung Krieg beenden",https://www.derstandard.at/consent/tcf/jetzt/livebericht/3000000314784/trump-moechte-irankrieg-offenbar-beenden-auch-wenn-strasse-von-hormus-noch-blockiert-ist
9f34e15ea836507e9460287947c010abf5acba1002ca3a7fb125aac430e01b3f,2026-03-31 07:22:55.175536+00:00,de,derstandard.at,derstandard.at,2026-03-31,"Selenskyj: ""Historische Vereinbarungen"" mit Golfstaaten zum Export ukrainischer Verteidigungssysteme",https://www.derstandard.at/consent/tcf/jetzt/livebericht/3000000314785/russland-meldet-einen-toten-nach-drohnenangriff-in-der-region-rostow
270c31145d4e4a20efe9369f414c9d0227f17384cc2116632f2292a4055bdf8a,2026-03-31 07:22:44.920417+00:00,de,derstandard.at,derstandard.at,2026-03-31,Buckelwal vor deutscher Ostseeküste ist abgetaucht,https://www.derstandard.at/consent/tcf/story/3000000314799/buckelwal-vor-deutscher-ostseekueste-ist-abgetaucht
415b24cfb9e3e6855a196380baa30d2c4db76e0695263bdf37758520ff9009fc,2026-03-31 07:22:25.006259+00:00,de,derstandard.at,derstandard.at,2026-03-31,"ÖH, SPÖ und Tirols FPÖ-Chef Abwerzger gegen Abschiebung von Geschwisterpaar aus Nigeria",https://www.derstandard.at/consent/tcf/story/3000000314798/oeh-spoe-und-tirols-fpoe-chef-abwerzger-gegen-abschiebung-von-geschwisterpaar-aus-nigeria
7df6d9be98a2b1710a47b93643e5d60093579aec20d9f2811fdb81b732c68988,2026-03-31 07:22:20.472320+00:00,de,derstandard.at,derstandard.at,2026-03-31,Mitarbeiter bezahlt: Schlangen an US-Airports lassen nach,https://www.derstandard.at/consent/tcf/story/3000000314803/mitarbeiter-bezahlt-schlangen-an-us-airports-lassen-nach
4115e4c3e218584f44dd37c279be9a6ae100933deee22fe67465abe9ce2b7734,2026-03-31 07:21:46.071492+00:00,de,krone.at,krone.at,2026-03-31,Zum Saisonende: Tschofenig springt für Morgenstern,https://www.krone.at/4093896
12f3bb99efb7e84a7f4d345a462ea25c631ed13a66f32892f50a75a46a18095d,2026-03-31 07:21:40.848053+00:00,de,krone.at,krone.at,2026-03-31,Gute Nachricht? Buckelwal „Timmy“ ist verschwunden,https://www.krone.at/4094037
d1795e84caebfe6672c28b65ff23112e429667a050f87f3d151ad1f86296db97,2026-03-31 07:21:35.845953+00:00,de,krone.at,krone.at,2026-03-31,Unerwarteter Kurswechsel bei Zufahrtskontrollen,https://www.krone.at/4093893
0299d2e39577a4dcfed31e71cd51360f25e989dd65524e50432cf0c43bb52204,2026-03-31 07:21:31.047003+00:00,de,krone.at,krone.at,2026-03-31,„Auch in Japan gibt’s den Wiener Schmäh“,https://www.krone.at/4093938
1469ba6f6be6dbfb439b041769cffb4998e52ccaca0d2c29ccc6f10e709f8c4e,2026-03-31 07:21:25.846441+00:00,de,krone.at,krone.at,2026-03-31,Burgenländerin überbietet sogar Weltklassereiter,https://www.krone.at/4094042
4bd34d207de130084d77f994457794691bf8d62aca5f908fcd75b178f2fd2b82,2026-03-31 07:21:21.267425+00:00,de,krone.at,krone.at,2026-03-31,„Wahltermin ist eine strategische Meisterleistung“,https://www.krone.at/4093202
281ae4f14b325de5d95b63b9b86405834f4a94095ba807361959f58638079472,2026-03-31 07:21:06.439248+00:00,de,krone.at,krone.at,2026-03-31,Crash mit Lkw: Lenkerin verweigerte Drogentest,https://www.krone.at/4094048
06ccb75cf5e60d0972b7297931cd91b459768b0c74a7ff1d565b43ef9a960f8e,2026-03-31 07:20:38.554087+00:00,de,krone.at,krone.at,2026-03-31,Putzkolonnen rücken in Tiroler Straßentunnel aus,https://www.krone.at/4093919
5ee3fb28688ebb2cba96c895c5f42fdab7930ee62a16d9ce4d48ef5d3da28820,2026-03-31 07:20:31.618444+00:00,de,krone.at,krone.at,2026-03-31,Klimaschützer und Anrainer „killen“ Studentenheim,https://www.krone.at/4093649
4a9fb728933d52d1fcb18051fb7bb022c0d858283c1e804ab66a634c56d79412,2026-03-31 07:20:24.037244+00:00,de,krone.at,krone.at,2026-03-31,Nach Lavant-Misere: Weitere Gewässer verunreinigt,https://www.krone.at/4093756
0cdd5b1195c0b9f9ebdc12900e61b736eeb2d8c66399a8f5c66c754fca074994,2026-03-31 07:20:18.782644+00:00,de,krone.at,krone.at,2026-03-31,Raketenregen in Golfstaaten: Verletzte in Dubai,https://www.krone.at/4094046
b95a38a66b5c419e978e95c4e3707cf7fab4eb4fcd376b14981ad66978757aa2,2026-03-31 07:20:13.607071+00:00,de,krone.at,krone.at,2026-03-31,Goldener WC-Thron: Trump wird erneut verspottet,https://www.krone.at/4094025
f36b1a1b4595828052b82770b9b90080eeeca1d9c64d4942826512966aee55d6,2026-03-31 07:19:31.162513+00:00,de,krone.at,krone.at,2026-03-31,Trotz Pleitenserie brennt das Herz für den ASK,https://www.krone.at/4093914
a2bc0b315d6c1c32cb3cc3ed8397cad4ac2024e1bc6caf63fbb0eea4c5c42ab9,2026-03-31 06:27:44.501841+00:00,de,orf.at,orf.at,2026-03-31,Erhöhte Gefahr von Wildunfällen,https://kaernten.orf.at/stories/3348064/
ac244acdd015b61948153e682ff642399d6cce3c8593146d42739a5b7d4a4f18,2026-03-31 06:27:21.516032+00:00,de,orf.at,orf.at,2026-03-31,Nachfrage nach Pflegefachkräften groß,https://kaernten.orf.at/stories/3348063/
9aebb0dcd405937f0e031b058350058fcfb160104c3aae423f4cad3022181094,2026-03-31 06:25:59.738959+00:00,de,orf.at,orf.at,2026-03-31,Frankreichs Senat berät Social-Media-Verbot unter 15,https://orf.at/stories/3425479/
62f0d66a2583ff558a0b067ed0cad756c525226c52f995609203f3c47a6b920c,2026-03-31 06:25:54.207039+00:00,de,orf.at,orf.at,2026-03-31,Toter und Verletzte in Region Poltawa,https://orf.at/stories/3425480/
1e4d2f6fafaa5f5ab3f2e28379406efae43e7f5d95ad2661f42d38fa27b158fa,2026-03-31 06:24:30.334963+00:00,de,orf.at,orf.at,2026-03-31,NGO verurteilt Rekrutierung von Kindern,https://orf.at/stories/3425478/
047c4dd7adc55d9d442df61c00ea2d5663afdeeb76e16733f1acbf8bbf0404c0,2026-03-31 06:24:24.923935+00:00,de,orf.at,orf.at,2026-03-31,Gesundheitsreform: Bund will Einigung bis Juni,https://orf.at/stories/3425477/
6d37baa064da9c5daacffe2ee0545395dcd87cc45ab946d2f8804afaf694a455,2026-03-31 06:24:06.156832+00:00,de,orf.at,orf.at,2026-03-31,Israel: Vier Soldaten im Südlibanon getötet,https://orf.at/stories/3425476/
7799952bd59fc3fabc1b674f13c0e6d2b67007602f25d1c4664319667ed5c30f,2026-03-31 06:23:25.898050+00:00,de,orf.at,orf.at,2026-03-30,Was über Zu- oder Abwanderung entscheidet,https://noe.orf.at/stories/3344173/
18fc05c727c38c221b7e7d2a23e99393ebcdc91985f142aee06f878fa5d02e6a,2026-03-31 06:23:20.760788+00:00,de,orf.at,orf.at,2026-03-31,60 Laien zeigen erstmals Auferstehung Christi,https://noe.orf.at/stories/3347992/
77af515e57a1d7e784e535a674c91f2b8d167c2eaf472bdb3675922374b41709,2026-03-31 06:23:11.853020+00:00,de,orf.at,orf.at,2026-03-30,FPÖ lehnt „Obsorge ab Tag 1“ für junge Asylwerber ab,https://noe.orf.at/stories/3348054/
75ee6ce9f35038c7344b66c6839b654c3f2b5ad5785ec50863b679fb38f7bcb9,2026-03-31 06:23:00.816361+00:00,de,orf.at,orf.at,2026-03-31,Cyberangriff: Langenzersdorf sagt Events ab,https://noe.orf.at/stories/3348025/
6b6830b7e18cb58108ce28f2661347befda8ad29a50bf401d3da64cca7cf36d3,2026-03-31 06:22:21.187687+00:00,de,orf.at,orf.at,2026-03-30,Immer mehr Fehlalarme durch automatische Notrufe,https://noe.orf.at/stories/3348056/
dc96a807ae3108817351228f977fac44ad7e460e3f2c5843492741b1275e1ed5,2026-03-31 05:34:25.189848+00:00,de,orf.at,orf.at,2026-03-31,KAGes digitalisiert Patientendaten komplett,https://steiermark.orf.at/stories/3348016/
3ad27006e573c6a8c9010af38d56253a761091d08b13e91343c735c0bbfd0e3c,2026-03-31 04:30:22.370347+00:00,de,krone.at,krone.at,2026-03-31,Drogentod von Mädchen: Familie zeigt Kampfgeist!,https://www.krone.at/4093473
810b565418333602879cdd9e1c39a6cb46d16f5543bc3e09ddae7cd39df50de3,2026-03-31 04:30:00.781325+00:00,de,krone.at,krone.at,2026-03-31,Her mit den Gewinnen! Millionen für die Stadt Wien,https://www.krone.at/4090936
02fdaa0d983f83a9e4ae1d6259a4aa28dac44e3c2b213897c6325c278133e2cf,2026-03-31 04:29:48.781928+00:00,de,krone.at,krone.at,2026-03-31,Der harte Kampf um Landärzte in kleinen Gemeinden,https://www.krone.at/4093818
58f58bdadb5c97ffff2779d14a05ea623198006855cf06f8cd7a6d2ef6fb7a46,2026-03-31 04:29:36.320099+00:00,de,krone.at,krone.at,2026-03-31,Fahrradtourist wurde als Opferstockdieb entlarvt,https://www.krone.at/4093708
ca3193844cf58362e53417855da6847da2a0ba39533b33151844c5dcb63c815c,2026-03-31 04:29:31.031851+00:00,de,krone.at,krone.at,2026-03-31,Almwirtschaft in der Steiermark immer unbeliebter,https://www.krone.at/4083785
e8f0093282ae1680a0a1da57ef4e0e2903086535189a65b62c1aa15674fbc633,2026-03-31 04:29:26.014285+00:00,de,krone.at,krone.at,2026-03-31,Helenas Todeslenker muss nur Geldstrafe bezahlen,https://www.krone.at/4093772
0078355385cc86e0be5454d220c28563da1067f9bed931701091f94956091072,2026-03-31 04:29:08.931587+00:00,de,krone.at,krone.at,2026-03-31,Nonnen von Goldenstein: „Waren noch nie in Rom“,https://www.krone.at/4093562
792f6c1cd5dc276b67a66386e39b499e71686794364907ce2863af0934fd5bc6,2026-03-31 04:29:02.376826+00:00,de,krone.at,krone.at,2026-03-31,Krise bei Photovoltaik: Fördersystem am Prüfstand,https://www.krone.at/4093181
dd48e512b65f2dc02e1d728d70e3abd7d7090f3cd3413cf6266ece7d8d5c680d,2026-03-31 04:28:53.941453+00:00,de,krone.at,krone.at,2026-03-31,Warum Iran kein leichter Gegner für US-Armee ist,https://www.krone.at/4093316
b54c16361d661d07f372e6789f378f65c012ca5e0ddce2c379e430f992b424f1,2026-03-31 04:28:47.478340+00:00,de,krone.at,krone.at,2026-03-31,Vier Windräder – man fürchtet schon Vervielfachung,https://www.krone.at/4093719
b1239285ff6049bc65d9cb90b68f14c09fb46980a5e7faffbfce4d2234057e9e,2026-03-31 04:28:42.798054+00:00,de,krone.at,krone.at,2026-03-31,Touristiker sind erbost über Google-Darstellung,https://www.krone.at/4093642
f5c3db908e6a0b1e3add6ef133cd53562a131911edd463eecc8dc1200a428382,2026-03-31 03:27:11.216527+00:00,en,krone.at,krone.at,2026-03-30,Defense Giant Mocks Kyiv with “Housewives” Remark,https://www.krone.at/4093178
e819991ad563f3928e37aae05562ff7bdbd4bfbdb548df05516ff08e18f1b51b,2026-03-31 03:27:05.081730+00:00,de,krone.at,krone.at,2026-03-30,"Portugal: Kunst, die man erleben kann",https://www.krone.at/4086619
e58c3521a749a9b7ef117752ac4773f7dfb353588cbff7a899c72264287aa664,2026-03-31 03:27:00.213248+00:00,de,krone.at,krone.at,2026-03-30,„Krone“-Gastkommentar,https://www.krone.at/4093180
61be8e7a244d007282573aa44d4ae854f3a176171bcd5be81d01de192792a06e,2026-03-31 03:26:49.575926+00:00,de,krone.at,krone.at,2026-03-30,Geheimes Rezept: So schmeckt Portugal,https://www.krone.at/4086805
82dca6f489978ee41ca137f76be7d76f3b0ba7bd53bbaf1eea3be47cf88532a3,2026-03-31 03:26:43.585036+00:00,de,krone.at,krone.at,2026-03-30,Riskantes Ringen um den Elektrohändler MediaMarkt,https://www.krone.at/4093629
c507a186bb2d1cffd6224d159d8fd7c7f14535bd5078fcf02a2208a8e652aea2,2026-03-31 03:26:30.430643+00:00,de,krone.at,krone.at,2026-03-30,Sepp Schellhorn: Wär‘ er bloß Wirt geblieben …,https://www.krone.at/4093144
db7090cb837143c2a7e13cd7886e04467a77349516e41357b9195c568e9ec15f,2026-03-31 03:26:24.620359+00:00,de,krone.at,krone.at,2026-03-30,Staatssekretär empört,https://www.krone.at/4093732
816b913db8f484d27a4c991a7afc77820eff80233235d95d21d2c5e59911c8ab,2026-03-31 03:26:20.001516+00:00,en,krone.at,krone.at,2026-03-30,Mayer: “I see this award as an incentive and motivation!”,https://www.krone.at/4093891
67000aaa4ebe65a2cc4a441e18aa417134a48bcaf8905f6437f9069d6df63c49,2026-03-31 03:26:12.846611+00:00,en,krone.at,krone.at,2026-03-30,Elena Gößler is “Krone” Soccer Player of the Year,https://www.krone.at/4093899
5b183dcce3c11f0e3cff7aa202a38a465f10a33a8cc6f22bcd6392d276551b7d,2026-03-31 03:26:07.120053+00:00,de,krone.at,krone.at,2026-03-30,Die Family City startet in die Saison 2026,https://www.krone.at/4090028
83d55ea6b21529f9c108b92aad6f64c4f80f5b878979a7fed2278282bb7e9688,2026-03-31 03:25:57.980913+00:00,en,krone.at,krone.at,2026-03-30,ORF Abuse: “Why I’m Going Public”,https://www.krone.at/4093523
2d90876a980407c10de5deaa8f2e590a3b32be64b88583e607f2275626d59373,2026-03-31 03:25:52.878561+00:00,de,krone.at,krone.at,2026-03-30,Energiegarage: E-Auto laden und Umwelt schützen,https://www.krone.at/4093492
93bed8d1f400b99e88e0be6f391e061949ed3cc2c581b4022d013b502f406c24,2026-03-31 03:25:40.978077+00:00,en,krone.at,krone.at,2026-03-30,Major Restaurant Fire: Tenant and Accomplice Convicted!,https://www.krone.at/4093362
f964de27df134df5a40efdade88e538867e42f35cc3095a643a829741046d926,2026-03-31 03:25:36.065989+00:00,en,krone.at,krone.at,2026-03-30,Food prices are likely to rise even further soon,https://www.krone.at/4093889
6ce62f7cc7001fdd515b6ae8bf48dae0067a68fbdd004b7f6a82baa79f751999,2026-03-31 03:25:31.043719+00:00,en,krone.at,krone.at,2026-03-30,More women come forward in new ORF abuse case,https://www.krone.at/4093957
65180b37487683e73f93a26a323c438c4dda0e38c801d4c557ec5364e5e3ef8e,2026-03-31 03:25:20.578034+00:00,en,krone.at,krone.at,2026-03-30,This is how ORF is responding to the abuse allegations,https://www.krone.at/4093863
59910cdb60ab87af3ca14e2ff85596a0260803dfa3ea0bc46a5cc90dcefcd485,2026-03-31 03:25:15.868462+00:00,en,krone.at,krone.at,2026-03-30,Ralf Rangnick is tipp3 Coach of the Year,https://www.krone.at/4093907
bee44fc9371bf6e7a55be79d63bcb73fd981a861e5a14bf4147545ed2b2e1f94,2026-03-31 03:25:10.713928+00:00,en,krone.at,krone.at,2026-03-30,Undav secures Germany a home win against Ghana,https://www.krone.at/4093991
e4c5b02149adf7c2a4bf2f5b387de5b4a5125d4747f5082f838cccdb7c270003,2026-03-31 03:25:05.630365+00:00,de,krone.at,krone.at,2026-03-30,"Schwerer E-Bike-Unfall, Arnie-Sohn & Trump will Öl",https://www.krone.at/4093488
adda940c7bf7808dbc0cda66441eb0ae3f81a99c161961519597be86ddd358df,2026-03-31 03:25:01.028059+00:00,de,krone.at,krone.at,2026-03-30,„Krone“-Stopplicht - Großes Danke,https://www.krone.at/4093070
67fe517a6be347b3f89c1b9260c46a435c564fc12db227729e374d3e36526406,2026-03-31 03:24:55.719019+00:00,de,krone.at,krone.at,2026-03-30,Vegane & glutenfreie Küche: Tipps für Gastronomen,https://www.krone.at/4093696
eb82d2e87288c0876a68b6ade26ea8f509d66a1b83e2a889e48c0fa9ae8abe33,2026-03-31 03:24:51.657409+00:00,en,krone.at,krone.at,2026-03-30,Baumgartner is “Krone” Soccer Player of the Year,https://www.krone.at/4093932
2287a6b33392f77e47a635e4f761a421ff2a672eeb1cfd45f1a23cb7f0e4de9e,2026-03-31 03:24:45.747527+00:00,en,krone.at,krone.at,2026-03-30,NEOS and State Leaders Revolt Against Schellhorn,https://www.krone.at/4093747
6959957ff5f99079f06ea8ba878d6bc0a4faed232be83ba791a053181e36e2fe,2026-03-31 02:21:11.989396+00:00,de,krone.at,krone.at,2026-03-30,Trotz Mega-Narben! Vonn macht ihre ersten Schritte,https://www.krone.at/4093964
4c28e1938c719c73b0ffec09a952914b0459e782231d1d85aa9c39647d0d0afb,2026-03-31 02:21:01.254991+00:00,de,krone.at,krone.at,2026-03-30,Assingers Cheftrainer-Aus: „Es hat klick gemacht“,https://www.krone.at/4093968
c9ae09118b52bee4727cee7b290a6a9141a337c8329df71b17a57d49331f8fff,2026-03-31 02:20:40.444655+00:00,de,orf.at,orf.at,2026-03-31,Selenskyj dementiert Bericht über etwaigen Zahlungsstopp,https://orf.at/stories/3425475/
2c9b5060bffe824e1113fd31cd706bc1313331c044cfa6cf6018a779fe5d56aa,2026-03-31 02:19:12.279821+00:00,de,orf.at,orf.at,2026-03-31,Frau gebissen: Polizei fängt Wolf in Hamburg ein,https://orf.at/stories/3425474/
b4d3c08e5ee559c0db89ee85f57c21ef970a97264a9c293d3f04a0e5d528ec78,2026-03-31 01:28:41.321900+00:00,de,derstandard.at,derstandard.at,2026-03-30,Goldene Toilette zum Protest gegen Trump in Washington aufgestellt,https://www.derstandard.at/consent/tcf/story/3000000314797/goldene-toilette-zum-protest-gegen-trump-in-washington-aufgestellt?ref=rss
c1120abdf85a4fb34d1e9ea14aa78dc4f824e0f41783652ea7114dd39dc8b18b,2026-03-31 01:28:36.314444+00:00,de,derstandard.at,derstandard.at,2026-03-30,28 Tote nach Starkregen und Erdrutschen in Afghanistan,https://www.derstandard.at/consent/tcf/story/3000000314778/28-tote-nach-starkregen-und-erdrutschen-in-afghanistan?ref=rss
db366c6fdacc507623cf9a518a37805e3a0770a70c42774c8d8e3a1aa8508ef1,2026-03-31 01:28:26.808935+00:00,de,derstandard.at,derstandard.at,2026-03-30,"""Sehnsucht in Sangerhausen"": Schlager, Rosen und Rassismus",https://www.derstandard.at/consent/tcf/story/3000000314690/sehnsucht-in-sangerhausen-schlager-rosen-und-rassismus?ref=rss
60ba0ffd9bddcf082ae1705a55d1ca975784a085caf6353eeeb86b3561913baa,2026-03-31 01:28:11.310673+00:00,de,derstandard.at,derstandard.at,2026-03-30,Baugenehmigung für Nachfolgeprojekt von Signas Lamarr-Kaufhaus erteilt,https://www.derstandard.at/consent/tcf/story/3000000314672/baugenehmigung-fuer-nachfolgeprojekt-von-signas-lamarr-kaufhaus-erteilt?ref=rss
6b617b2234b8c6ed4d79ee6820804a5c1b0f1ab94172ab86d9d9a3297104fb58,2026-03-31 01:28:06.582397+00:00,de,derstandard.at,derstandard.at,2026-03-30,"Wenig Wachstum, viel Inflation: Wie tief kann der Ölpreisschock die Börsen drücken?",https://www.derstandard.at/consent/tcf/story/3000000314644/wenig-wachstum-viel-inflation-wie-tief-kann-der-oelpreisschock-die-boersen-druecken?ref=rss
6ad80fe57d63ba62d59706d5d1ab3ea8145188dd96ebcea6c163e9ae871c1d47,2026-03-31 01:28:01.705569+00:00,de,derstandard.at,derstandard.at,2026-03-30,Angriff auf Synagoge in Michigan: Attentäter laut FBI von Hisbollah inspiriert,https://www.derstandard.at/consent/tcf/story/3000000314795/synagogen-attent228ter-von-detroit-laut-fbi-von-hisbollah-inspiriert?ref=rss
c8b648f8441b158f2b368676038416f77eb5e4c2e3b51bd10473614873e7914d,2026-03-31 01:27:56.398380+00:00,de,derstandard.at,derstandard.at,2026-03-30,"""Fühlt sich nicht nach Xbox an"": ""This is an Xbox""-Kampagne beendet",https://www.derstandard.at/consent/tcf/story/3000000314649/fuehlt-sich-nicht-nach-xbox-an-this-is-an-xbox-kampagne-beendet?ref=rss
2a128876dacf5b6278cdff683ca8cfb56032fa2f2b69b0c61891a489f85f5949,2026-03-31 01:27:51.633209+00:00,de,derstandard.at,derstandard.at,2026-03-30,Merz will Ausreise von 80 Prozent der Syrer binnen drei Jahren,https://www.derstandard.at/consent/tcf/story/3000000314781/merz-will-ausreise-von-80-prozent-der-syrer-binnen-drei-jahren?ref=rss
501180a86054a017c8637e4f6c78e26e1cdca4420ea13670772ede2fb658d5d7,2026-03-31 01:27:46.404847+00:00,de,derstandard.at,derstandard.at,2026-03-30,Teenager Kimi Antonelli mischt die Formel 1 auf,https://www.derstandard.at/consent/tcf/story/3000000314763/teenager-kimi-antonelli-mischt-die-formel-1-auf?ref=rss
105032e5836c3c0837b0541eaacd938a08a2389b0a3c3810d7054ef5d6477c0f,2026-03-31 01:27:41.622560+00:00,de,derstandard.at,derstandard.at,2026-03-30,US-Botschaft in Venezuela nimmt Arbeit wieder auf,https://www.derstandard.at/consent/tcf/story/3000000314787/us-botschaft-in-venezuela-nimmt-arbeit-wieder-auf?ref=rss
bdadc1cff8e90d6a92f18a9e6b4d7062a990cd721b54c637bedd4d05f696b09b,2026-03-31 01:27:36.308261+00:00,de,derstandard.at,derstandard.at,2026-03-30,"Reise ins Fegefeuer mit Alben von Kanye West, James Blake und Nina Hagen",https://www.derstandard.at/consent/tcf/story/3000000314655/reise-ins-fegefeuer-mit-alben-von-kanye-west-james-blake-und-nina-hagen?ref=rss
7c4b551b5a1a504e64421803b8b42959c11aa2e4f6fbdcfafa36efe521678e06,2026-03-31 01:27:31.309325+00:00,de,derstandard.at,derstandard.at,2026-03-30,Österreich verzeichnet deutliches Wachstum bei europäischen Patentanmeldungen,https://www.derstandard.at/consent/tcf/story/3000000314695/oesterreich-verzeichnet-deutliches-wachstum-bei-europaeischen-patentanmeldungen?ref=rss
c6755ee777eff4b6b104e719965189973ed742f6ac2c13a2942f170bb4826678,2026-03-31 01:27:21.335811+00:00,de,derstandard.at,derstandard.at,2026-03-30,Das allzu lange tabuisierte weibliche Lustorgan,https://www.derstandard.at/consent/tcf/story/3000000314706/das-allzu-lange-tabuisierte-weibliche-lustorgan?ref=rss
0e065e61f675c69142a76fd559c95c87ac43c70ff6d0881ccdf59394c6948251,2026-03-31 01:27:12.166086+00:00,de,derstandard.at,derstandard.at,2026-03-30,Abkommen: Spaniens Kirche wird Missbrauchsopfer entschädigen,https://www.derstandard.at/consent/tcf/story/3000000314768/abkommen-spaniens-kirche-wird-missbrauchsopfer-entsch228digen?ref=rss
1700954e9a42e7b545bba3f8f6f0fb9c3155c5f200c83650b481a669cfb18db5,2026-03-31 01:27:06.391320+00:00,de,derstandard.at,derstandard.at,2026-03-30,Auf Online-Altersbeschränkungen folgt der Wunsch nach dem Verbot von VPN-Diensten,https://www.derstandard.at/consent/tcf/story/3000000314714/auf-online-altersbeschraenkungen-folgt-der-wunsch-nach-dem-verbot-von-vpn-diensten?ref=rss
dc51b12ce625e7a9174ef07da3a141261d02ea7a144bb4358d51fe5b459cfb8f,2026-03-31 01:27:01.647074+00:00,de,derstandard.at,derstandard.at,2026-03-30,"Mindestens 70 Tote bei Bandenangriff in Haiti, laut Menschenrechtsgruppe",https://www.derstandard.at/consent/tcf/story/3000000314793/mindestens-70-tote-bei-bandenangriff-in-haiti-laut-menschenrechtsgruppe?ref=rss
b71a9d692d6e26eeecf34d681d20b49fc6ba8a013729e5491139521e0c6d0a3f,2026-03-31 01:26:56.571264+00:00,de,derstandard.at,derstandard.at,2026-03-30,Zwei Palästinenser im Westjordanland erschossen,https://www.derstandard.at/consent/tcf/story/3000000314789/nahost-zwei-pal228stinenser-im-westjordanland-erschossen?ref=rss
155b5fb51eb10fc96e691eb029227b89a40e957f8c50ad6bf57b6def8dee79f1,2026-03-31 01:26:51.608825+00:00,de,derstandard.at,derstandard.at,2026-03-30,Wie ein Missverständnis einen Pariser Vorstadtbürgermeister zum Ziel einer Hetzkampagne machte,https://www.derstandard.at/consent/tcf/story/3000000314772/wie-ein-missverstaendnis-einen-pariser-vorstadtbuergermeister-zum-ziel-einer-hetzkampagne-machte?ref=rss
bf00ca98747347603329b155e935519676663237f16fe0ec8a97a37d5a9899be,2026-03-31 01:26:46.582320+00:00,de,derstandard.at,derstandard.at,2026-03-30,"Israels Todesstrafen-Gesetz besagt, dass bestimmte Menschen mehr wert sind",https://www.derstandard.at/consent/tcf/story/3000000314739/israels-todesstrafen-gesetz-besagt-dass-bestimmte-menschen-mehr-wert-sind?ref=rss
1744cc0ef45e67d0223ea754432c98d95d90b826a664cbc3716a2240eed154f2,2026-03-31 01:26:31.304816+00:00,de,derstandard.at,derstandard.at,2026-03-30,Die Türkei und den Kosovo vereint der Traum von der großen WM-Bühne,https://www.derstandard.at/consent/tcf/story/3000000314723/dietuerkei-und-kosovo-vereint-der-traum-von-der-grossen-wm-buehne?ref=rss
97f14da3c9eb65fcc84920786b3eb346e00cf4db2ab13cc03e872416ec8f6f66,2026-03-31 01:26:21.298281+00:00,de,derstandard.at,derstandard.at,2026-03-30,"Neandertaler im heutigen Niedersachsen labten sich an Elefant, Bär und Biber",https://www.derstandard.at/consent/tcf/story/3000000314679/neandertaler-im-heutigen-niedersachsen-labten-sich-an-elefant-baer-und-biber?ref=rss
cabada10711f8fd99f523556fb9e7c70bd3d064956fd27a03b8b098142443bec,2026-03-31 01:26:01.307596+00:00,de,derstandard.at,derstandard.at,2026-03-30,Lastwagen entführt: Zwölf Tonnen Kitkat-Schokoriegel gestohlen,https://www.derstandard.at/consent/tcf/story/3000000314770/lastwagen-entfuehrt-zwoelf-tonnen-kitkat-schokoriegel-gestohlen?ref=rss
c53b0fcd07ebe8c71e249bf4ca4d87990405ad056c2c3d76b62430cb97dfb37c,2026-03-31 01:25:56.316852+00:00,de,derstandard.at,derstandard.at,2026-03-30,MediaMarkt-Übernahme durch chinesische JD.com hängt in der Luft,https://www.derstandard.at/consent/tcf/story/3000000314764/jdcom-will-kauf-der-mediamarkt-mutter-in-214sterreich-neu-beantragen?ref=rss
7b863fd2377db3d130bdc64e793e61f92b9d0c07243549b12a62ca496f8d8950,2026-03-31 01:25:46.345330+00:00,de,derstandard.at,derstandard.at,2026-03-30,Céline Dion kündigt nach Krankheitspause Bühnen-Comeback an,https://www.derstandard.at/consent/tcf/story/3000000314794/c233line-dion-k252ndigt-nach-krankheitspause-b252hnen-comeback-an?ref=rss
27e50f646221026762f7c7265fa9b5546f85eed711c3c2b56efd86c278328a7a,2026-03-31 01:25:31.353284+00:00,de,derstandard.at,derstandard.at,2026-03-30,"Prozess gegen 32-Jährige, die Spitalsarzt mit Buttersäure überschüttete",https://www.derstandard.at/consent/tcf/story/3000000314707/prozess-gegen-32-jaehrige-die-spitalsarzt-mit-buttersaeure-ueberschuettete?ref=rss
f413a35ea176f94d7ec61b9f1ef0a145e94d3b1ec9b269d988b638ddecd96f1a,2026-03-31 01:25:26.361547+00:00,de,derstandard.at,derstandard.at,2026-03-30,"Hochsensibel im Heute: Das nasse Handy als ""kleines, verletztes Tier""",https://www.derstandard.at/consent/tcf/story/3000000314266/hochsensibel-im-heute-das-nasse-handy-als-kleines-verletztes-tier?ref=rss
8523b9e40e6b4a02a8e9dacf3baaa9878e9645fac75f87a788e8a537d4ee6ba7,2026-03-31 01:25:21.200554+00:00,de,derstandard.at,derstandard.at,2026-03-30,Israels Knesset stimmt für die Wiedereinführung der Todesstrafe – de facto nur für Palästinenser,https://www.derstandard.at/consent/tcf/story/3000000314738/israels-knesset-stimmt-fuer-die-wiedereinfuehrung-der-todesstrafe-de-facto-nur-fuer-palaestinenser?ref=rss
3fb5cda7e7813a80a8a50dc47af7248e78394eddd8f245c16a17d7edcdd16ca0,2026-03-31 01:25:01.330419+00:00,de,derstandard.at,derstandard.at,2026-03-30,Deutschland müht sich gegen Ghana zu 2:1-Heimsieg,https://www.derstandard.at/consent/tcf/story/3000000314796/deutschland-mueht-sich-gegen-ghana-zu-21-heimsieg?ref=rss
d207827abe6603cc1885f7d927c3f7b842171d231ab380d61765f0b5a86a4f8f,2026-03-31 01:24:56.319485+00:00,de,derstandard.at,derstandard.at,2026-03-30,Jane Fonda und Joan Baez protestieren gegen Trump,https://www.derstandard.at/consent/tcf/story/3000000314777/jane-fonda-und-joan-baez-protestieren-gegen-trump?ref=rss
9b7b6be1fe2aad023ff441cbb8f4384eb1aef61dae87440c0feffda0f2f80f2e,2026-03-31 01:24:41.292397+00:00,de,derstandard.at,derstandard.at,2026-03-30,Mehr Rechte für Pauschalreisende dank neuer EU-Regeln beschlossen,https://www.derstandard.at/consent/tcf/story/3000000314788/mehr-rechte-f252r-pauschalreisende-dank-neuer-eu-regeln-beschlossen?ref=rss
bbe48f77f0ef6e052f2f251361370e66efae369c100139cddfe2fe47c24e3fbe,2026-03-31 01:24:36.333829+00:00,de,derstandard.at,derstandard.at,2026-03-30,"Münchner ""Tatort""-Kommissare erhalten zum Abschied Ehrenpreis",https://www.derstandard.at/consent/tcf/story/3000000314735/muenchner-tatort-kommissare-erhalten-zum-abschied-ehrenpreis?ref=rss
1762223c39f9b83bea05cd8baebc7ae11e997fe1f681d1874d4f2aa975905f98,2026-03-31 01:24:31.564213+00:00,de,derstandard.at,derstandard.at,2026-03-30,Nur elf Lehrlinge gehen österreichweit vegetarischer Kochausbildung nach,https://www.derstandard.at/consent/tcf/story/3000000314734/nur-elf-lehrlinge-gehen-oesterreichweit-vegetarischer-kochausbildung-nach?ref=rss
704588a2a3603c644983cf995412c4bebd266592cffb417fc6c2543fd7341d1d,2026-03-31 01:24:21.726143+00:00,de,derstandard.at,derstandard.at,2026-03-30,Windows-PCs stürzen dreimal häufiger ab als Macs,https://www.derstandard.at/consent/tcf/story/3000000314646/windows-pcs-stuerzen-dreimal-haeufiger-ab-als-macs?ref=rss
16f7e56f0f5d0a8fda73fc15a77513121dc750fad3aa58517c25bdff3a9daee5,2026-03-31 01:24:16.592990+00:00,de,derstandard.at,derstandard.at,2026-03-30,Mindestens 13 Tote bei Angriff auf Hochzeitsfeier in Nigeria,https://www.derstandard.at/consent/tcf/story/3000000314782/mindestens-13-tote-bei-angriff-auf-hochzeitsfeier-in-nigeria?ref=rss
914d2de55f0b3f4cbc62dc8ab11ebcc79021bcd6f436b3d77c50d3282cc9c007,2026-03-31 01:24:06.676581+00:00,de,derstandard.at,derstandard.at,2026-03-30,"Rangnick wird auch gegen Südkorea umrühren, Alaba winkt Kurzeinsatz",https://www.derstandard.at/consent/tcf/story/3000000314730/rangnick-wird-auch-gegen-suedkorea-umruehren-alaba-winkt-kurzeinsatz?ref=rss
348244cef97f01336d1ee5f162d7f2f695e8677b63b4a2b6a3c358bb6af88176,2026-03-31 00:31:11.219590+00:00,de,orf.at,orf.at,2026-03-30,Rondo-Gegner erreichen Parteistellung,https://vorarlberg.orf.at/stories/3348022/
7199dbb61553f5e9c0fc760e0f8f30ef28fceacb8a13f5949d299a4d5fb42297,2026-03-31 00:31:06.003323+00:00,de,orf.at,orf.at,2026-03-30,Kürzungen bei Kindergärten sorgen für Kritik,https://vorarlberg.orf.at/stories/3347820/
8d59f7f4bcc9907c34a5684c796583b865abb67bbcaf0263a9e8eac290b74044,2026-03-31 00:31:00.607197+00:00,de,orf.at,orf.at,2026-03-30,Schlamm bis Backöfen: Altlastensicherung zieht sich,https://vorarlberg.orf.at/stories/3347829/
6b3d07695fea3e18501cdab4962744319dd16ebe210f2683180813525f612e5f,2026-03-31 00:30:55.981253+00:00,de,orf.at,orf.at,2026-03-30,Gewaltambulanz: Datenbrille könnte helfen,https://vorarlberg.orf.at/stories/3347117/
8045b431eb823565f10055da5e243d98f41da46e5286ff1790ef014144725650,2026-03-31 00:30:50.545473+00:00,de,orf.at,orf.at,2026-03-30,Neue Polizeistruktur im Walgau,https://vorarlberg.orf.at/stories/3348037/
0782b256dbbd4704d0fe708e4e730d96c1c9d97f37127bebc8c54cab126035cc,2026-03-31 00:30:40.379933+00:00,de,orf.at,orf.at,2026-03-30,Zwei Personen mit Pkw abgestürzt,https://vorarlberg.orf.at/stories/3348057/
55d817db76c96285568f45fbe8fdb7cb9243f4e0c8f04af47b1ff89256f15514,2026-03-31 00:30:35.413012+00:00,de,orf.at,orf.at,2026-03-30,Interesse an Waldfriedhöfen nimmt zu,https://vorarlberg.orf.at/stories/3347492/
87ceb2d6b5469808fedfb0aaabfd1d6a53634e55218fbfb71913ef7cc67fabbe,2026-03-31 00:30:30.382979+00:00,de,orf.at,orf.at,2026-03-30,Lkw über Bankett gerutscht,https://vorarlberg.orf.at/stories/3348040/
ad7a7e449a520f01192d7d30687bf361379667cd419f9aea5d2725ff3bc69850,2026-03-31 00:29:56.300059+00:00,de,orf.at,orf.at,2026-03-30,Touristiker mit Wintersaison sehr zufrieden,https://vorarlberg.orf.at/stories/3347831/
7a2bffc75a4fe884cf1e66cf72a5ae5dc2362dd03dd8d0b29d87992466f48db2,2026-03-30 23:34:08.917281+00:00,de,orf.at,orf.at,2026-03-30,15 Jahre nach Absturz bleiben Fragen offen,https://tirol.orf.at/stories/3348004/
c4d5d771f6909ed81056b5db6cbe79e5658563c572f49090b38471a39b527d2d,2026-03-30 23:33:59.160835+00:00,de,orf.at,orf.at,2026-03-30,Haftstrafen nach Brand im „Stiegl-Bräu“,https://tirol.orf.at/stories/3347939/
6941791cd092ec5e194336e0050363334ae53b8a7d34abc3cddc69794e0e89f6,2026-03-30 23:33:35.167669+00:00,de,orf.at,orf.at,2026-03-30,Südtirol: Vermisster Student tot aufgefunden,https://tirol.orf.at/stories/3348028/
f62ac6bd4d24ed477d176bd21f77fabc22d49a865baf8ab147b5548e336b4083,2026-03-30 23:32:46.387628+00:00,de,orf.at,orf.at,2026-03-30,Starker Anstieg bei Nachfrage auf STI-Tests,https://tirol.orf.at/stories/3348048/
50fe92f96494e5d5dbf15597a0c94f62061c6fbdab8308fc8c1f39b9e9c5454d,2026-03-30 23:32:30.026352+00:00,de,orf.at,orf.at,2026-03-30,Geschwisterpaar: Unterstützung aus Politik,https://tirol.orf.at/stories/3348061/
d4d1f03c75b12fccebf8b8e2cd44c3216e51ef879c55eb551ac98f7243154db0,2026-03-30 22:26:33.606936+00:00,de,orf.at,orf.at,2026-03-30,Zu Gast: USA-Expertin Clüver Ashbrook,https://orf.at/stories/3425457/
51adcee4d4c34f80bc56a1c53dc982d8552c22d7d056795c9f07d61c63c3bbd7,2026-03-30 22:26:20.423309+00:00,de,orf.at,orf.at,2026-03-30,„Erdölnotstand“: Slowakei legt sich mit Kommission an,https://orf.at/stories/3425463/
3a6513665e83b7180aed00728bef0caf9d4d0ac766428f4339575562fdf419c4,2026-03-30 22:26:15.264880+00:00,de,orf.at,orf.at,2026-03-30,Neuer iranischer Raketenangriff auf Israel,https://orf.at/stories/3425461/
2b2de66d0467a52a4ee15e45ee6f5cc89b7eac2184a9ad776f63d4786b88721e,2026-03-30 22:26:10.400163+00:00,de,orf.at,orf.at,2026-03-30,Iran: Maut für Straße von Hormus gebilligt,https://orf.at/stories/3425467/
aaecb85aa81f1df2248635b2c137a47be0cd8641d3ac405d3235611130fdca9e,2026-03-30 22:26:05.517746+00:00,de,orf.at,orf.at,2026-03-30,Todesstrafe für Terroristen: Israels Parlament stimmt zu,https://orf.at/stories/3425460/
f3c218971b2de5210ac01a7361b9d444de0d7ca37bb7c38830468bec5c9bdfb3,2026-03-30 22:25:53.604067+00:00,de,krone.at,krone.at,2026-03-30,Wal „Timmy“ ist frei – doch nimmt Kurs auf Hafen,https://www.krone.at/4093941
af08de13586864d5f939458de95b2e3d8baff6db59eb02ede0f4c233799dbf65,2026-03-30 22:25:52.740086+00:00,de,orf.at,orf.at,2026-03-30,Butscha-Befreiung: EU-Vertreter zu Jahrestag in Ukraine,https://orf.at/stories/3425469/
623a186d22c38906637c146cf7d9cea52a88758d5428b19ad20feac5298e3055,2026-03-30 22:25:48.963403+00:00,de,krone.at,krone.at,2026-03-30,So viele Syrer sollen aus Deutschland heimkehren,https://www.krone.at/4093986
14ee04a556b119cdd7d14a308ea95613d816cd0a72e7e79b71ac802272287bfa,2026-03-30 22:25:34.193243+00:00,de,orf.at,orf.at,2026-03-30,Dutzende Tote bei Bandenangriff in Haiti gemeldet,https://orf.at/stories/3425472/
583e4ce85d51b8bb613a6aaa7e6dea8f2f2444555cd04a4e3fec56bb95fbac19,2026-03-30 22:25:12.626497+00:00,de,orf.at,orf.at,2026-03-30,Parlament billigt Todesstrafe für Terroristen,https://orf.at/stories/3425459/
cb30d54bf209077c960e0f32aefb858d314ede15d50d4f281cc8280f183d89bd,2026-03-30 22:25:06.127335+00:00,de,orf.at,orf.at,2026-03-30,Nach Krankheitspause: Celine Dion kündigt Comeback an,https://orf.at/stories/3425466/
d3528fffabc1a2f2211efa316d6cc0cdf33b2219f582218ead0a4d22b38cf288,2026-03-30 22:25:00.996500+00:00,de,orf.at,orf.at,2026-03-30,Bab al-Mandab als nächste Eskalation,https://orf.at/stories/3425390/
49a4d7534a8b268269e869261d794d87c42e7e98b36ab2ce8c7f49945fe447e7,2026-03-30 22:24:59.379867+00:00,de,krone.at,krone.at,2026-03-30,Pensionist (84) fiel auf Internetbetrüger herein,https://www.krone.at/4093790
093111dd988ff364c256662fed2d25c6cd0920e869e487328d93437240b5071b,2026-03-30 22:24:54.378765+00:00,de,krone.at,krone.at,2026-03-30,Die EU weitet ihre Marineeinsätze aus,https://www.krone.at/4093965
963e5439f4da33d5f83351d20dcf18861063fa41cc0ada1f10d5699ed707262c,2026-03-30 22:24:49.516776+00:00,de,krone.at,krone.at,2026-03-30,Kolumbien: Größter Kokainfund seit fünf Jahren,https://www.krone.at/4093977
abc138b8a7119092f798d77b53cc0deb6cda57c32819b341f17f6f394cd1b0b3,2026-03-30 22:24:42.919736+00:00,de,orf.at,orf.at,2026-03-30,Erster Inflationswert seit Iran-Krieg,https://orf.at/stories/3425075/
e129189166aaad4fe97033f5376776acdf92f770f6c9f813e3b5a2f26db8692f,2026-03-30 22:24:21.393977+00:00,de,orf.at,orf.at,2026-03-30,Arzt mit Buttersäure attackiert: Bedingte Haft,https://wien.orf.at/stories/3348010/
1555ae229b98ff27bfeaa3eaa53c753f4ddce6a3ac7e1277b3a37eedf7da441a,2026-03-30 22:23:37.623302+00:00,de,orf.at,orf.at,2026-03-30,Autoinsassen gingen auf Polizisten los,https://wien.orf.at/stories/3348006/
7e009dc5dcabe378d2a6e7aa274ffd70b6963976d1860cb7cb0a87805ca6ef8e,2026-03-30 22:23:32.444418+00:00,de,orf.at,orf.at,2026-03-30,Unabhängigkeit von US-Tech-Firmen,https://wien.orf.at/stories/3347990/
d1618aaff074d8e7baa5a6faa71bb16140e46f06609681cf6f0e770099e2c0aa,2026-03-30 22:23:16.323939+00:00,de,orf.at,orf.at,2026-03-30,Immersives Strauss-Museum schließt,https://wien.orf.at/stories/3347993/
7a6cc9840cea264b1be1ab619138d90aa784036ff55aaa69adae6f8f3958b2a9,2026-03-30 22:22:49.355053+00:00,de,orf.at,orf.at,2026-03-30,Nationalteam mit WM-Vorbereitung in Wien,https://wien.orf.at/stories/3348069/
bb896d1e37a17ee42d01258610496c3497aec0f63160a379b3b5410c0a14f270,2026-03-30 21:38:09.403419+00:00,de,orf.at,orf.at,2026-03-30,Bärenwurst: Tierschützer verurteilt,https://kaernten.orf.at/stories/3348059/
fa0ef3402242d5d55d27dabb510dff7c58654491d9ea766efdd165b62a475a0e,2026-03-30 21:37:55.076922+00:00,de,orf.at,orf.at,2026-03-30,Betrüger erschlich sich Vertrauen,https://kaernten.orf.at/stories/3348066/
22b811a5dec3b28c1359571684a4119979d33b5fe04d0cbc8e7f925b9ae976a4,2026-03-30 21:37:41.923157+00:00,de,orf.at,orf.at,2026-03-30,Ära von Landeshauptmann Peter Kaiser endet,https://kaernten.orf.at/stories/3347944/
cd46833af35474ac43d644bfbb47d4a7f2cc69513ca860af1b53bf823977c8bb,2026-03-30 21:36:42.076861+00:00,de,orf.at,orf.at,2026-03-30,LH Peter Kaiser im Studiogespräch,https://kaernten.orf.at/stories/3347985/
48f6073dab75d23724410e3b9b5d3de3775c8532a211d0a0832755c5ceee802d,2026-03-30 21:31:08.429461+00:00,de,orf.at,orf.at,2026-03-30,Lehrkräfte zahlen oft aus privater Kassa,https://ooe.orf.at/stories/3347984/
a9df8341645b7871511ad1c5aee51d42bfc432e1aa73425e8c8cee04ba6f9fdb,2026-03-30 21:30:48.959658+00:00,de,orf.at,orf.at,2026-03-30,Jugendliche stahlen Auto – Fahndung auf A9,https://ooe.orf.at/stories/3348002/
74806d8392202d5e31b09495336295a5862fdb38d2cbc3bd74a2348fc5bc856c,2026-03-30 21:30:17.375107+00:00,de,orf.at,orf.at,2026-03-30,Soja könnte „Joker“ für Ackerbauern werden,https://ooe.orf.at/stories/3347969/
36ef81b33c061ff01e33985071ede5bfc3e6a0267bda08489b09400c544599e1,2026-03-30 21:29:05.748024+00:00,de,orf.at,orf.at,2026-03-30,250 Kilo schwere Fliegerbombe entschärft,https://ooe.orf.at/stories/3348060/
45e2122f95c6df234904618699d56888f7be49c583657f7cf19a384a4db012d6,2026-03-30 21:28:53.505809+00:00,de,orf.at,orf.at,2026-03-30,18-Jähriger stirbt bei Unfall,https://ooe.orf.at/stories/3348019/
e7e6998211da4b2755d9c53d95279abf5961bd5b35a03941053ccf21688f21df,2026-03-30 20:53:51.230467+00:00,de,krone.at,krone.at,2026-03-30,Kim Novak will nicht von Sweeney gespielt werden,https://www.krone.at/4093222
c8d75811f72dad32d13e1ed4f3ebf897646e8837cfe53e49ed6914f4f98fc34b,2026-03-30 20:53:46.250307+00:00,de,krone.at,krone.at,2026-03-30,Geldstrafe für Lkw-Lenker ist jetzt rechtskräftig,https://www.krone.at/4093546
8677de91f72594fe31ea71489b77b0aaaa519a7af33be4f7f11fb2f17821acc9,2026-03-30 20:53:41.255958+00:00,de,krone.at,krone.at,2026-03-30,Gisin: „Ich hätte querschnittsgelähmt sein können“,https://www.krone.at/4093113
66d5f24a44305f36bcf75f183c53452c100b317b1c16cf1c12b1cb83bc703beb,2026-03-30 20:53:36.202355+00:00,de,krone.at,krone.at,2026-03-30,Abschalten & Feiern: Promis läuteten Frühling ein,https://www.krone.at/4093419
6ab66ff935ef82d5073cc6b444f76fb0c6be2f06d8d0d35a63663b1a750633b2,2026-03-30 20:53:31.275467+00:00,de,krone.at,krone.at,2026-03-30,Todes-Drama um Furrer: Ermittlungen eingestellt,https://www.krone.at/4093420
8db58dfa4703e5df6c74bfdb5812db364af93cc352a3387edd6055ed85cadcbc,2026-03-30 20:53:26.331499+00:00,de,krone.at,krone.at,2026-03-30,Zwei deutsche Hanf-Jahre lassen hier Köpfe rauchen,https://www.krone.at/4089799
b47624d0ed1b5307e7ebe729a5c27b2f298de990979c0947487157777b487896,2026-03-30 20:53:21.505177+00:00,de,krone.at,krone.at,2026-03-30,Woodland gewinnt erstmals nach Gehirnoperation,https://www.krone.at/4093251
a4709d125da290d46bd938a1038f4d3c1ad00e89c68c3a12eb88fc9e30ae8c0d,2026-03-30 20:53:16.562954+00:00,de,krone.at,krone.at,2026-03-30,Brand im Heizraum: Feuerwehr im Löscheinsatz,https://www.krone.at/4093280
6168142ad34d2130e52c6314ae35d90aa00f74cd3ef0649a2c9fd0ec4eb1f4cc,2026-03-30 20:53:11.477713+00:00,de,krone.at,krone.at,2026-03-30,Jetzt plant auch Italien ein Social-Media-Verbot,https://www.krone.at/4093064
829aebb46e95e4a55b7a631a90e8b360b494cad29b24512e03c61367d2ad34b2,2026-03-30 20:53:06.553974+00:00,de,krone.at,krone.at,2026-03-30,Victoria Swarovski sorgte für Audrey-Hepburn-Vibes,https://www.krone.at/4093076
fc588ec633a203ed295fe86dac3e430168a2ac00792c0975fcc2998c1ef9ddb0,2026-03-30 20:53:01.532800+00:00,de,krone.at,krone.at,2026-03-30,Teamchef Rangnick verrät seinen Plan für die WM,https://www.krone.at/4093792
947748da7a4dbc187dd006ca2fd281b4c975d48cebdaf3bb80531931eab2484f,2026-03-30 20:52:56.247735+00:00,de,krone.at,krone.at,2026-03-30,Fünf Jahre Sperre für VCM-Sieger Albert Korir,https://www.krone.at/4093403
407ba017b780999f02b81cd84973b14504b39d213c8fbf21d330770fd13f1530,2026-03-30 20:52:53.520675+00:00,de,krone.at,krone.at,2026-03-30,Wetterchaos angesagt: Schnee bei 46 Grad Celsius!,https://www.krone.at/4093789
cc3d26b6bc595d68b6db230aec99b2a0a701b57fc95e36b3ab9a79fd5344c05a,2026-03-30 20:49:53.125431+00:00,de,krone.at,krone.at,2026-03-30,Baumgartner ist „Krone“-Fußballer des Jahres,https://www.krone.at/4093091
64a1ad2743d78d7185dd122a449ff8369ff7eafd9b1f0f184ed9e6b00eca35cd,2026-03-30 20:49:48.479841+00:00,de,krone.at,krone.at,2026-03-30,Lebensmittel dürften bald noch teurer werden,https://www.krone.at/4092350
a1a6c4eb082d964b1adc91d99bda1e6c7530f98f318b8a1f227449c00a195a39,2026-03-30 20:49:42.502069+00:00,de,krone.at,krone.at,2026-03-30,Woche fordert mutige und ehrliche Entscheidungen,https://www.krone.at/4093471
302c8c3c754bd2f36665f3ca5c158017d170ec6c78b1900bffc159127b748d99,2026-03-30 20:49:37.904578+00:00,de,krone.at,krone.at,2026-03-30,Verkehrszeichen und Co. im Visier von Vandalen,https://www.krone.at/4093894
d68ba508f595353eb439863f47a59f0047ac4a2b155375dd86026d034d1c6b88,2026-03-30 20:49:32.759543+00:00,de,krone.at,krone.at,2026-03-30,Schweißarbeiten lösten Großbrand bei Birkfeld aus,https://www.krone.at/4093283
c9f373fe1a5fe8fbc8af9f66941c93cb89ba6cdf7f489d944aa28084d0b4f657,2026-03-30 20:49:28.091953+00:00,de,krone.at,krone.at,2026-03-30,So lief Königin Máximas geheimer Wien-Ausflug,https://www.krone.at/4093506
f3e9ba28bbc12d0c7fc0d22b406d7436366ddae702dbe9c8ce0d225b2ffa668e,2026-03-30 20:49:22.668387+00:00,de,krone.at,krone.at,2026-03-30,Max „richtig angepisst“ – Kasperl für die Formel 1,https://www.krone.at/4093252
64b841655b0c0845c513bb703a392021a48f2720f554e28fe8936ef4ffef9d25,2026-03-30 20:49:18.169197+00:00,de,krone.at,krone.at,2026-03-30,Markle verliebt – in 35 Jahre jüngere Pflegerin!,https://www.krone.at/4093587
11e4547c364ec983a5e58dcf16b6ddbc49b9940772377932f3ef217b0f450928,2026-03-30 20:49:13.245907+00:00,de,krone.at,krone.at,2026-03-30,„Wir bezahlen keinen einzigen Euro für Spieler!“,https://www.krone.at/4093498
112748c6aa0e769e1506c99a223eeac24de504d7f0c92157687a9aaf28244a6a,2026-03-30 20:49:07.958221+00:00,de,krone.at,krone.at,2026-03-30,Mayer: „Sehe die Wahl als Ansporn und Motivation!“,https://www.krone.at/4093536
ed61c3a46aa9be5378f7d96b9c79ea2a76089266d1d472d31b25c9b1fd71d3f5,2026-03-30 20:49:02.806028+00:00,de,krone.at,krone.at,2026-03-30,Bischofshofen richtet Blick auf die nächste Saison,https://www.krone.at/4092951
f53f1af9a031852ba963eabd4caf54a670e0e3ef4c274dc938ce3ed37c43bf1b,2026-03-30 20:48:57.901422+00:00,de,krone.at,krone.at,2026-03-30,Wo das Schlaraffenland seine süßen Pforten öffnet,https://www.krone.at/4092789
f8148d159b683429456ccc38a792de8726a7de5913aa5673b308da4701131654,2026-03-30 20:48:52.693224+00:00,de,krone.at,krone.at,2026-03-30,„Baywatch“-Beauty angelt sich diesen Hollywoodstar,https://www.krone.at/4093364
d18a337304fde991e59656155112842948ad49becd0399a22bfe6f153fc8b5eb,2026-03-30 20:48:48.018873+00:00,de,krone.at,krone.at,2026-03-30,Prinz Philip kämpfte 8 Jahre heimlich gegen Krebs,https://www.krone.at/4093406
2946125947db6db0539012a8772da4b6275c9b114e6798ee5fc4977dfacc3aa5,2026-03-30 20:48:43.473539+00:00,de,krone.at,krone.at,2026-03-30,Reiseführer für Kinder durch die Stahlstadt,https://www.krone.at/4091214
5c4483a421ece089914ab4fdd6e2c5163d34121a140a723b0d17f79320becbc0,2026-03-30 20:48:38.095259+00:00,de,krone.at,krone.at,2026-03-30,Mega-Gagen der neuen „Harry Potter“-Stars enthüllt,https://www.krone.at/4093150
22793f1223885e0fd4d4e7892ac23557c8d8c0901e1859c2ab635ce977adb6a8,2026-03-30 20:48:32.646730+00:00,de,krone.at,krone.at,2026-03-30,Boston verwandelt 0:3-Rückstand in Shootout-Sieg,https://www.krone.at/4093256
ce002d5126329994c02fd190bcba1a5dad4fc339b32c06606f29edb4a87b74b7,2026-03-30 20:48:28.084015+00:00,de,krone.at,krone.at,2026-03-30,Lkw-Fahrer erstickte im geparkten Fahrzeug,https://www.krone.at/4093885
0926022f70efebded0d7627564e2c6c7acfd5fd1780829bbb6e89db9c8fb066e,2026-03-30 20:48:22.769644+00:00,de,krone.at,krone.at,2026-03-30,Preise explodieren: Sparen Sie beim Oster-Einkauf?,https://www.krone.at/4093268
ff9ee993665367fd39f68fb7d815f255c0bf030115567086e0ec7ed1751fc548,2026-03-30 20:48:18.004369+00:00,de,krone.at,krone.at,2026-03-30,Erneut Afghane zurück nach Kabul abgeschoben,https://www.krone.at/4093100
069f6c9bdcde8918d64f91afb3c2a2f1fc7482ef28327cb582306cd55634c4b5,2026-03-30 20:48:12.746817+00:00,de,krone.at,krone.at,2026-03-30,Zehn Minuten nach Streit zu Messer gegriffen,https://www.krone.at/4093224
1be44aaf6678af40b4728cc5ce045e586ae43ebd9bef35a1fa463a6de3757ba9,2026-03-30 20:48:07.765224+00:00,de,krone.at,krone.at,2026-03-30,Formel 1: Heftiger Crash „war nur Frage der Zeit“,https://www.krone.at/4093165
9e11fc36cccd7f1fad937db057a937b554478202e0bf0c4e2dc788a4a64b1e3d,2026-03-30 20:48:02.676430+00:00,de,krone.at,krone.at,2026-03-30,„Weltjournal“-Sendung: Medienbehörde rügt ORF,https://www.krone.at/4093326
11edd508781a1b63a637ac3db102cd5c8224a203df1437914ed467642c1002e9,2026-03-30 20:47:57.964916+00:00,de,krone.at,krone.at,2026-03-30,Mit Bauchgefühl: Immer mehr Frauen reisen allein,https://www.krone.at/4090791
78b345f493dea084730ae236eeb7498d27b6ef4ad73a4fc2555035078f4ee92e,2026-03-30 20:47:52.739880+00:00,de,krone.at,krone.at,2026-03-30,Das Rad-Shuttle in Weißbach bei Lofer fährt wieder,https://www.krone.at/4093050
a2a9e408df1977a55363ce057c88006e597bea7b071a18a7c4ab015d778da6b5,2026-03-30 20:47:47.865241+00:00,de,krone.at,krone.at,2026-03-30,Italien-Star sorgt mit Jubel-Video für Aufregung,https://www.krone.at/4093504
756686d2358af40c28bb781e2781f757eae626bbecdaad4d6cd5ba13969cd57e,2026-03-30 20:47:42.820117+00:00,de,krone.at,krone.at,2026-03-30,„Sogar das B-Team könnte in das Semifinale kommen“,https://www.krone.at/4093815
5bb373bb43ab623f84f6dcda8687df336b90ed36d9c75423ced3e816077e86a1,2026-03-30 20:47:37.811978+00:00,de,krone.at,krone.at,2026-03-30,Zahl der Betretungsverbote nach Gewalt gesunken,https://www.krone.at/4092845
d42144b54fbbc13aa530f30d8f1967d7f656e8139d593c86a14e760a0796ba69,2026-03-30 20:29:41.273016+00:00,de,krone.at,krone.at,2026-03-30,Weitere Frauen im neuen ORF-Missbrauchsfall,https://www.krone.at/4093874
2e2e1b9cb8b590c1c016a5e74d40fd0dc50b5ecbbb9b5420845e09c56c1a6ca4,2026-03-30 20:29:33.686618+00:00,de,orf.at,orf.at,2026-03-30,Nonnen von Goldenstein reisen nach Rom,https://salzburg.orf.at/stories/3347981/
2cc38cd41a2612b5aad7d5289c584e085bf42c445fc6904be4901275625d9818,2026-03-30 20:29:28.971225+00:00,de,orf.at,orf.at,2026-03-30,Netzwerk Winter zieht positive Saisonbilanz,https://salzburg.orf.at/stories/3348044/
ab2803aedeea5c13f6c93029aa946cb8c151fa7db08fc1f905a7fb053bf35330,2026-03-30 20:29:11.386733+00:00,de,orf.at,orf.at,2026-03-30,Soziallandesrat kritisiert „Obsorge ab Tag eins“,https://salzburg.orf.at/stories/3348030/
83c5247bc4338f1d0cfaba7eee968c951de148248f7ef1f19d991557fa85b88f,2026-03-30 20:29:04.068191+00:00,de,orf.at,orf.at,2026-03-30,Debatte um Sicherheit im Bahnhofsviertel,https://salzburg.orf.at/stories/3348047/
7d69caa0d19df102b42d0e6f7840b2bd484b7978aaf24bdc64263ca69e25a105,2026-03-30 20:28:58.432247+00:00,de,orf.at,orf.at,2026-03-30,Brand auf Bauernhof: Bewohner verhindern Schlimmeres,https://salzburg.orf.at/stories/3348052/
2df46e8fd0ec793a6c617d20132c8ccc4c23963094099002c8ec40251206e125,2026-03-30 20:28:52.487176+00:00,de,orf.at,orf.at,2026-03-30,Weiter Diskussionen nach Mayr-Melnhof-Rede,https://salzburg.orf.at/stories/3347951/
45d685fdfab0bad263563e13eef1f5fbf9e1d006c48eaf1023a886842bb727f9,2026-03-30 20:28:33.824655+00:00,de,orf.at,orf.at,2026-03-30,Machtkampf um LUA flammt wieder auf,https://salzburg.orf.at/stories/3347932/
39a1c3061ed7b94b38f3720f494fbfe3a8e337ace992df4844f715bc31be37ad,2026-03-30 20:28:25.612125+00:00,de,orf.at,orf.at,2026-03-30,Neuerliche Debatte über Karajans NS-Vergangenheit,https://salzburg.orf.at/stories/3345209/
6c14533d5ecfa2fde4913871ce29ddc462dff854e6da800e979c2fcc96f92ebd,2026-03-30 20:28:13.114670+00:00,de,orf.at,orf.at,2026-03-30,Waldbrandverordnung für den Lungau,https://salzburg.orf.at/stories/3348021/
0be2e759b87929811e108a973ec6fb10f5b12dd6715b41f389e058386de02bb7,2026-03-30 20:27:52.555754+00:00,de,orf.at,orf.at,2026-03-30,Polizei sucht Zeugen nach Sturz von Balkon,https://salzburg.orf.at/stories/3347950/
5e7fad1a0b398fb174ab04760f6e657d0baee19c94d5e5ad04ae95555b3f1375,2026-03-30 20:27:47.162591+00:00,de,orf.at,orf.at,2026-03-30,Schuldenberatung: Andrang bleibt groß,https://salzburg.orf.at/stories/3347976/
d2a99e870509b838dc72bdc98963f51ca3d0af71e7287e098b76e946ea4289be,2026-03-30 20:25:49.379799+00:00,de,krone.at,krone.at,2026-03-30,Oberster Jäger kommt Max Mayr-Melnhof zur Hilfe,https://www.krone.at/4093114
e7469b08e43088b13c435e53c9786f850af8a446dc20010ccdd8a04e12c7ed70,2026-03-30 20:25:43.768121+00:00,de,krone.at,krone.at,2026-03-30,Widrige Verhältnisse: Lkw geriet in Schieflage,https://www.krone.at/4093728
d085a5f75f9924620b870ce8c3555ae21e1aa80152b32e30295b282e03195d45,2026-03-30 20:25:38.821962+00:00,de,krone.at,krone.at,2026-03-30,Israel führt Todesstrafe für Terroristen ein,https://www.krone.at/4093887
1004971c23aed477d64245371ce71b10dfc6b25224bc2c1d6aef7e3e4ce9b7aa,2026-03-30 20:25:33.877344+00:00,de,krone.at,krone.at,2026-03-30,Mehr als 300 Hasen von Fahrzeugen überfahren,https://www.krone.at/4093082
156cd155fa71fbed6f6cb030583f0bb25175a017c6cf77a9445816c41f35341a,2026-03-30 20:25:28.760121+00:00,de,krone.at,krone.at,2026-03-30,US-Militär baut darunter „gewaltigen Komplex“,https://www.krone.at/4093141
5824463517e904fae1d866ab6bb74b2c206ea095c026c4363d2af5ff1b3f71a1,2026-03-30 20:25:23.693662+00:00,de,krone.at,krone.at,2026-03-30,Das „Krone“-Fußballfest 2026 zum Nachsehen,https://www.krone.at/4091041
4c0297993a17dc430d6f78a673141a8314a5c74f8bfc87a21b48065d7aeaba28,2026-03-30 20:25:19.193637+00:00,de,krone.at,krone.at,2026-03-30,"„Zwei Genies, die sich innig liebten und hassten“",https://www.krone.at/4091388
597ebb23134aee4a2a61204e57767a21c925abd12d3394b86a526ee3dc83d5df,2026-03-30 20:25:13.931313+00:00,de,krone.at,krone.at,2026-03-30,Unterhaus-Goalie erzielte in einem Spiel drei Tore,https://www.krone.at/4093730
fc2ee3ec9abbf14454bf9719a37a7ca3d8c41ce8d5c0aebbc9a485e9e823e8e4,2026-03-30 20:25:08.764577+00:00,de,krone.at,krone.at,2026-03-30,Auf diesem Feld erntet der Doktor das Gemüse,https://www.krone.at/4088774
baebfeebafac60f4b2f7f673fab7680fb0a2016238abb021543186734a09b4e6,2026-03-30 20:25:03.677020+00:00,de,krone.at,krone.at,2026-03-30,Rüstungsriese verhöhnt Kiew ++ „Super-El-Niño“,https://www.krone.at/4093674
e0018cc89ccc39a13f1419774b4341d2e66099ab63341bdcde4a47ba49a715d2,2026-03-30 20:24:58.703277+00:00,de,krone.at,krone.at,2026-03-30,FIFA-Boss: „Iran wird bei der WM spielen!“,https://www.krone.at/4093866
42e825d623db9c3bab0ef398113ce90a44630b022e471bf6c3fd96a0106a9256,2026-03-30 20:24:53.867848+00:00,de,krone.at,krone.at,2026-03-30,Kopf von ermordetem Model wurde aus Sarg gestohlen,https://www.krone.at/4093841
ed7607dd2e39755c3ff59fba10db3bead75207c88e541360411b87f9f2b78783,2026-03-30 20:24:48.298125+00:00,de,krone.at,krone.at,2026-03-30,Darum geht die Zeit von Tobi Auss in Krems zu Ende,https://www.krone.at/4093564
c5c29c631dbf6890da47c024506f31c694e0b56ca17d03828907b03e28ac109a,2026-03-30 20:24:43.908818+00:00,de,krone.at,krone.at,2026-03-30,Radfahrer aufgepasst: Hadersfeld wieder erreichbar,https://www.krone.at/4087454
dec37d58d24b493450aa13828ffc352259db6a0bdaf399f8c0de37133bfb7e95,2026-03-30 20:24:38.737556+00:00,de,krone.at,krone.at,2026-03-30,Sinners Sunshine-Double ++ Bezzecchi siegt weiter,https://www.krone.at/4093539
32c4d070f19c9c83e51e5aec01b57ce38f36b625bde54ac6de07cfb683ab6685,2026-03-30 20:24:33.764540+00:00,de,krone.at,krone.at,2026-03-30,Ein KAC-Trainer lehnte die Vertragsverlängerung ab,https://www.krone.at/4093109
3b820aad0957fe756efd68fe5616409ff9c584a7b2711d0d505df4190f8fe0c6,2026-03-30 20:24:28.803290+00:00,de,krone.at,krone.at,2026-03-30,Arnautovic verhandelt weiterhin mit Van der Bellen,https://www.krone.at/4093716
08e910bf62569dd3e48f70be5d7142b95c54b79ab0131910506510a33af0402e,2026-03-30 20:24:23.664735+00:00,de,krone.at,krone.at,2026-03-30,Polizistenmörder bei Einsatz in Australien getötet,https://www.krone.at/4093115
6fad389661fde5a2f3a0391274a710f153523afb36eb3ac55c40a6931be2c84f,2026-03-30 20:24:19.036419+00:00,de,krone.at,krone.at,2026-03-30,Einsatz: Küche in Tiroler Lokal stand in Flammen,https://www.krone.at/4093872
42b006bfa720a0f44df30d31b677bd51003f6cdbbfbdcc76b9f367e15e680b5d,2026-03-30 20:24:13.729179+00:00,de,krone.at,krone.at,2026-03-30,Bänke zerstört: Rowdys wüten in Park-Idylle,https://www.krone.at/4092826
4fc41b0202d50e5357b87225af2fd0cc6a64b27ee050671cd7ad8125a6c6aaa7,2026-03-30 20:24:08.714352+00:00,de,krone.at,krone.at,2026-03-30,Kylie Jenner hat im Bikini „Zeit meines Lebens“,https://www.krone.at/4093494
652675275c632ace47e858923e959abb37e49e1ec80b408a247c5c1f8fbd0753,2026-03-30 20:24:03.831564+00:00,de,krone.at,krone.at,2026-03-30,Vatikan entscheidet: Schwestern dürfen bleiben,https://www.krone.at/4093297
a26272c45e4dceaadb9f6c9efa30aa3786452ea79a2779505a4aca38932ab175,2026-03-30 20:23:58.965137+00:00,de,krone.at,krone.at,2026-03-30,Libanon: Zwei weitere UNO-Soldaten getötet,https://www.krone.at/4093882
e6b467281b18fffbdaff36e34f6097c36e5c0724068922a161c0f42d42dc6502,2026-03-30 20:23:54.113463+00:00,de,krone.at,krone.at,2026-03-30,Aufmerksamer Nachbar ertappt Einbrecher,https://www.krone.at/4093157
e479780cc1b224819940eb3eadea9717bd9263e642de020b5c7288ab318916d2,2026-03-30 20:23:48.843345+00:00,de,krone.at,krone.at,2026-03-30,Schwarzautal: 83-Jähriger überschlug sich mit Pkw,https://www.krone.at/4093776
6841f4383dd3786d6168e9d1dcb76d20a90641b025007f73da6a608fc86b173d,2026-03-30 20:23:44.333991+00:00,de,krone.at,krone.at,2026-03-30,Wie Ehrenamtler in Villach Hunderten Tieren helfen,https://www.krone.at/4092963
6b70f1f8e8fa691d52ec71bc9d51a469e7a83791304ba7cc548eda5f992e8a2d,2026-03-30 20:23:38.729865+00:00,de,krone.at,krone.at,2026-03-30,Ex-Intendant des Landestheaters ist gestorben,https://www.krone.at/4093583
11c77bd8bea4d91819bcf6bed83efba962de2da4b7d480443da088e774da794c,2026-03-30 20:23:33.766971+00:00,de,krone.at,krone.at,2026-03-30,Seniorenbund fordert Reform bei Pflege-Einstufung,https://www.krone.at/4093761
4683562a54433b55af0041378ce11b9f0296905965a28174d4fc44c9693a0954,2026-03-30 20:23:28.707260+00:00,de,krone.at,krone.at,2026-03-30,Alko-Lenker rammte zwei Mädchen auf E-Scooter,https://www.krone.at/4093221
d5be5e7eb4dc0ff60c7f009cbf9ea7f3da034532646298269e91e1a129b17934,2026-03-30 20:23:23.750251+00:00,de,krone.at,krone.at,2026-03-30,Der Meister zittert um seinen Denker und Lenker,https://www.krone.at/4093807
48c332ab9ecafde532567ea17e424cd022448ee9d5bddbdcf6bf35b7521fc16c,2026-03-30 20:23:18.695589+00:00,de,krone.at,krone.at,2026-03-30,Turner verletzt: „Tomb Raider“-Dreh gestoppt!,https://www.krone.at/4093075
cea2e78407bd23058ba319db25f58c9a46d8602740dc245127d70cffb0193830,2026-03-30 20:23:14.152761+00:00,de,krone.at,krone.at,2026-03-30,Bayern verkündet: Nationalspieler im Sommer weg,https://www.krone.at/4093826
472c8e9e54099cf664c2e35b34709ef196ceed53eef6d14452afc33ae8988b08,2026-03-30 20:23:08.784588+00:00,de,krone.at,krone.at,2026-03-30,Diese Handy-Probleme nerven 80% der Österreicher,https://www.krone.at/4093317
b4b22957f19199ac33ab2e015a0319d4ab9a28a96216e3aa7c4ebe056ebdfce1,2026-03-30 20:23:03.858571+00:00,de,krone.at,krone.at,2026-03-30,Elena Gößler ist „Krone“-Fußballerin des Jahres,https://www.krone.at/4092516
708596aba900c1663b9add3594464d5832f34dfacabb2cee87cfe26cf7f90a48,2026-03-30 20:22:59.171296+00:00,de,krone.at,krone.at,2026-03-30,Auch Abschlusstraining ohne ÖFB-Goalie Lawal,https://www.krone.at/4093352
abdab21de2b6cb6d0126cd25ef65cabbdbea8ccd7ce7dae19261c07ee9387dbd,2026-03-30 20:22:53.782041+00:00,de,krone.at,krone.at,2026-03-30,Neuer Stand bei Anzeige gegen Wirtschaftsprüfer,https://www.krone.at/4093817
ca3b4cfe848719f813a1b9487a6c5f53db57d14bd7385cf47b1386af0ac7be25,2026-03-30 20:22:49.000536+00:00,de,krone.at,krone.at,2026-03-30,"„Der Alte bestimmt, wer mit auf den Kaffee geht“",https://www.krone.at/4090973
7c4de60b9dd30bfd48fdc045b0245086732a1eb39faba485033a8342f831537f,2026-03-30 20:22:44.079171+00:00,de,krone.at,krone.at,2026-03-30,Verkehrsunfall fordert 18-jähriges Todesopfer,https://www.krone.at/4093679
496424c42c27a8f142b899e34589ef5428986b5218a927bcee23577ee53dca23,2026-03-30 20:22:38.822324+00:00,de,krone.at,krone.at,2026-03-30,Vom Häfen aus Koks an verdeckten Polizist verkauft,https://www.krone.at/4093448
54c2a32e63cb96d3f53639c53fa644467553018d3e6a9662fd569737bd99e97e,2026-03-30 20:22:34.039381+00:00,de,krone.at,krone.at,2026-03-30,Junger Lenker unachtsam: Seniorinnen verunfallt!,https://www.krone.at/4093158
2cf7ec58e10f46c6e7933245401e49b09c01d7b704160749bdac00c60fe3b58b,2026-03-30 20:22:29.543098+00:00,de,krone.at,krone.at,2026-03-30,„Andere Nationen können deutlich ruhiger schlafen“,https://www.krone.at/4093557
ce85b0757ad7e4c1cb1abfb76250ae39ac90e77634240413587f31f218f40b2d,2026-03-30 20:22:24.230444+00:00,de,krone.at,krone.at,2026-03-30,"Protest gegen Parkgebühr, die gar nicht kommt",https://www.krone.at/4093682
642420a3d04db2d903adaf825ae70d16cc4b4585568663ac26e962471d5e95d7,2026-03-30 20:22:18.926413+00:00,de,krone.at,krone.at,2026-03-30,Ralf Rangnick ist tipp3-Trainer des Jahres,https://www.krone.at/4093292
3099bd5cd2cea2d8bafd2d8fa38b5140494c521709e37a1c00995cfa7ed91df5,2026-03-30 20:22:14.115247+00:00,de,krone.at,krone.at,2026-03-30,Arnie-Sohn holt sich dreifachen Bodybuilding-Sieg,https://www.krone.at/4093054
5871d1c4eff6b87f59232fa7f3cf8cb091b6763f4eb0bbe866b1f8dc7fee407c,2026-03-30 20:22:08.867337+00:00,de,krone.at,krone.at,2026-03-30,Parallelen der tödlichen Unfälle sind schauerlich,https://www.krone.at/4093859
6cce0e480178a6fdb8426da83823463759f5b9e87abe3ebfeb1fcbc2977b1923,2026-03-30 20:22:03.956897+00:00,de,krone.at,krone.at,2026-03-30,Über 400 Hasen fielen dem Straßenverkehr zu Opfer,https://www.krone.at/4093188
d16ec5d05be0e7e5333bd9a17846ddba37a06bed530298ba6f835f8be3ed8ac0,2026-03-30 20:21:58.787530+00:00,de,krone.at,krone.at,2026-03-30,Neumayer: „Ich hätte mir mehr erwartet“,https://www.krone.at/4091380
62fcde9b7c73541bad9ee3e0395b60b8e4716bb644b03a43487b720f34a14fef,2026-03-30 20:21:53.767685+00:00,de,krone.at,krone.at,2026-03-30,Südkorea startet gegen Österreich mit allen Stars,https://www.krone.at/4093851
cd953ffa4b03c58403099953aa1a966801343a1db8f3d7ff0f584a823adb1448,2026-03-30 20:21:49.080551+00:00,de,krone.at,krone.at,2026-03-30,Plabutschtunnel: Sozialpartner wollen dritte Röhre,https://www.krone.at/4093281
07549a75c0243305b9dbd2db7e8752b809a9388a167b94ed123f116b03e904ec,2026-03-30 20:21:43.617752+00:00,de,krone.at,krone.at,2026-03-30,Philipp bewegt Österreich – und das seit 6 Jahren,https://www.krone.at/4093262
0d817a162592c5539fdbc94ca50befce0e3cb2ebac5c297ed730e4b676d90582,2026-03-30 20:21:38.875680+00:00,de,krone.at,krone.at,2026-03-30,Schwärzler in Bukarest erst nach Kraftakt weiter,https://www.krone.at/4093551
7878652d95eb3ed0458ec5d8659b892c6bf26240434f56e563be41b25efb7110,2026-03-30 20:21:33.823812+00:00,de,krone.at,krone.at,2026-03-30,Wildes Gerücht: Jagt der FC Bayern 150-Mio.-Mann?,https://www.krone.at/4093319
3ce1e1a6fe4d5b16c5f30b40d270ee6302e112ed7a9026f7ec71f16d693ca269,2026-03-30 20:21:28.796605+00:00,de,krone.at,krone.at,2026-03-30,Polizei Frastanz & Satteins werden zusammengelegt,https://www.krone.at/4093631
0af10a1eee809cecee7d4085e3a20e980d79f8160c19d455869860e9075de4d2,2026-03-30 20:21:24.482327+00:00,de,krone.at,krone.at,2026-03-30,Im „Raabtal-Clasico“ ging es wieder heiß her,https://www.krone.at/4093421
1e9fa5afc56b617f286321d56702a241e6990938a190e780e58a71641d53b069,2026-03-30 18:41:05.622442+00:00,de,krone.at,krone.at,2026-03-30,Älterer Dieb hat es auf Zeitungskassen abgesehen,https://www.krone.at/4093873
eed8b01f9896f70dccd590cd343be578138b2a9c15c23e73a39ae2b1742d2dcc,2026-03-30 18:40:42.966608+00:00,de,krone.at,krone.at,2026-03-30,So reagiert ORF auf die Missbrauchsvorwürfe,https://www.krone.at/4093762
2a52ecf78d50e05d82045713fcdd9c37cdeabac0fce0b89805dde06b839b73c9,2026-03-30 18:40:38.469072+00:00,de,krone.at,krone.at,2026-03-30,Vizeortschef Thomas Haslinger zieht sich zurück,https://www.krone.at/4093879
b2ad3b67f7fb9e0e3cc13769613f4196666a6d117124bbe9309cf4ae06a5a55f,2026-03-30 18:40:25.476323+00:00,de,krone.at,krone.at,2026-03-30,Drogentest von Ungarns Oppositionschef negativ,https://www.krone.at/4093852
c70f2d01df8e43341fa67c06b06dc3245397b73270c492edb88bbeb62d6507e6,2026-03-30 18:40:20.405893+00:00,de,krone.at,krone.at,2026-03-30,"Gastpatienten: Ja gesagt, aber doch Nein gemeint",https://www.krone.at/4093771
e341c0d4a3e2f85f1b4f7a0a778cdb4f501e87a9b974b36094102494384efae1,2026-03-30 18:40:15.625804+00:00,de,krone.at,krone.at,2026-03-30,Gute Noten für das Pflegesystem im Burgenland,https://www.krone.at/4093597
f7ade0a7f539efdff02fb692e6b315e31debf699c062737e9789fb8e80f5ae08,2026-03-30 18:40:10.324139+00:00,de,krone.at,krone.at,2026-03-30,Großer Aufstieg in den österreichischen Koch-Olymp,https://www.krone.at/4092898
a8afcfe707de96ec32d596f41635f4365d66bb6d5cde7c7f443f0f69cf1872b9,2026-03-30 18:39:52.541728+00:00,de,krone.at,krone.at,2026-03-30,Klartext von Feurstein: „So macht das keinen Sinn“,https://www.krone.at/4093525
efcdd8a606f0c9018b73859235590b9122e170c12c1cde18f23047c1c599c3e7,2026-03-30 18:38:54.513034+00:00,de,krone.at,krone.at,2026-03-30,Geld und Kreditkarten aus Einkaufswagen gestohlen,https://www.krone.at/4093838
8ce4f63277943131bca48fff94adef2981248cbe5b335cef0e7863c6efda1656,2026-03-30 18:24:26.108128+00:00,de,orf.at,orf.at,2026-03-30,Spanien verschärft Kurs gegen Iran-Krieg,https://orf.at/stories/3425387/
bce49da6e505223e3e573519bc89fe98c4926c27af91bd87312da028fecdd595,2026-03-30 18:23:58.984004+00:00,de,orf.at,orf.at,2026-03-30,WNBA-Gehaltssprung: Nobelpreisträgerin wirkte mit,https://orf.at/stories/3425439/
99f0c6ae7a74aef3d5b3138577b11a9434079b13b57d0e119bfa3750961879d4,2026-03-30 18:23:53.929602+00:00,de,orf.at,orf.at,2026-03-30,Gemeinde Riccione erwirbt „Villa Mussolini“,https://orf.at/stories/3425449/
e92006664dcd31623c1e1b1387c00bd8d2c5ac8cdecfbca403e3001e141cd699,2026-03-30 18:23:48.894882+00:00,de,orf.at,orf.at,2026-03-30,"Kommission stellt 1,5 Milliarden Euro für Verteidigung bereit",https://orf.at/stories/3425438/
c36ff976b6ea3419023fdc198066e1eb4da5bcaa133a6a5930e4149c96983ea4,2026-03-30 18:23:43.782608+00:00,de,orf.at,orf.at,2026-03-30,Volvo vertreibt künftig chinesische E-Autos in Europa,https://orf.at/stories/3425442/
3c7143e4782151f1473105c11c763611766dfa176ba169204ed5ffab6a5bcbf7,2026-03-30 18:23:35.082601+00:00,de,orf.at,orf.at,2026-03-30,Mileis Arbeitsmarktreform teilweise ausgesetzt,https://orf.at/stories/3425455/
47712daa8e3ca3edb4cc31ca52c33dcc2a45fc0e501f25ad4aaee2175cb746ba,2026-03-30 18:23:18.571683+00:00,de,orf.at,orf.at,2026-03-30,Neue Regeln geben Pauschalreisenden mehr Rechte,https://orf.at/stories/3425450/
434239ff11bebb18cc6deb8994379acb22b6b6b361f424c87d12579469bb3133,2026-03-30 18:23:13.577912+00:00,de,orf.at,orf.at,2026-03-30,Spaniens Kirche wird Missbrauchsopfer entschädigen,https://orf.at/stories/3425432/
114f1b2ddcb7971bd7d7605105609f78b2732ebd4d0f593f070d583122ffe532,2026-03-30 18:23:05.105883+00:00,de,orf.at,orf.at,2026-03-30,Scharfe Kritik an überstürzter Planung,https://orf.at/stories/3425393/
47532b4d3fb85d68aa5bb65b3e6670346d1f1ff0aff6d618e65a0450cf28ea73,2026-03-30 18:23:00.163961+00:00,de,orf.at,orf.at,2026-03-30,US-Botschaft in Venezuela nimmt Arbeit wieder auf,https://orf.at/stories/3425451/
ab4faf9bcbef8c8bf0abb9bb79c6d881efb760e47154b8cb4403cc8cd7fe8477,2026-03-30 18:22:55.310786+00:00,de,orf.at,orf.at,2026-03-30,Slowenien: Präsidentin begann Gespräche für Regierungsbildung,https://orf.at/stories/3425437/
b45871b9effdaa7a2658d6bd5c93e2756bac4a5b273d67ef970bbeb6c4ff7cb4,2026-03-30 18:22:39.239481+00:00,de,orf.at,orf.at,2026-03-30,Ostsee: Zustand des gestrandeten Wals soll besser sein,https://orf.at/stories/3425456/
810510552342b52a3e8b66e09c4f0a26dba2974dc19512fe5e23ffb233a8e888,2026-03-30 18:22:34.256456+00:00,de,orf.at,orf.at,2026-03-30,BWB-Chefin mahnt zu Vorsicht bei Tankstellen-Eingriffen,https://orf.at/stories/3425436/
9d87240cca6386f3c01a59e2e63d427bce1d3440fcfc0ab32de188fbac886dc0,2026-03-30 18:22:11.521511+00:00,de,orf.at,orf.at,2026-03-30,EU weitet Marineeinsatz im Nahen Osten aus,https://orf.at/stories/3425448/
649a650c6aaac4cd80421630d9c13a6ba205c6fa1851fc412d89a7c0b8710c68,2026-03-30 18:22:01.619881+00:00,de,orf.at,orf.at,2026-03-30,Zwei UNIFIL-Soldaten im Südlibanon getötet,https://orf.at/stories/3425454/
e6d218f54630d023baff234bfba7f645ffd641db10885d305279ae0cd3943ec8,2026-03-30 17:45:47.549290+00:00,de,orf.at,orf.at,2026-03-30,Arbeitslosigkeit 2025: Fast neun Prozent Plus,https://steiermark.orf.at/stories/3347970/
fe9452d36b24bf748b49f599bf5c4f217e5e3b96f43fc93916634fa83c497680,2026-03-30 17:45:33.975387+00:00,de,orf.at,orf.at,2026-03-30,Aufmerksamer Nachbar bemerkte Einbrecher,https://steiermark.orf.at/stories/3347959/
b0c97bb062e8ea975f9aaeeca5afe6a8ce83c0c50cecf1a376770b3d6deedf51,2026-03-30 17:45:13.919986+00:00,de,orf.at,orf.at,2026-03-30,26-Jähriger verunglückte mit Motorrad,https://steiermark.orf.at/stories/3347937/
72fd580daa7c565eb56365b5f685520db1c0d1d77cb18ceb276f0cb047da0eb0,2026-03-30 17:45:01.469318+00:00,de,orf.at,orf.at,2026-03-30,Computerpreise auf Rekordhoch,https://steiermark.orf.at/stories/3347801/
82a002454145992bf3247f96e16799800b7c7928644c5426f78d56fd5e6dc22c,2026-03-30 17:44:49.068550+00:00,de,orf.at,orf.at,2026-03-30,Überholmanöver endet mit Pkw-Überschlag,https://steiermark.orf.at/stories/3348050/
41ce2ab6682869e703af84fbad4276a2dea0e8e6c6da75b5433c9a15dc2526f6,2026-03-30 17:44:37.636991+00:00,de,orf.at,orf.at,2026-03-30,2.000 tote Hasen auf steirischen Straßen,https://steiermark.orf.at/stories/3347955/
a95ac9fb36daa46b9bf761bf1333b48263b3748c1c8de6df10baf7412edcf0ed,2026-03-30 17:44:32.640138+00:00,de,orf.at,orf.at,2026-03-30,Fahrverbot für Fahrräder in Schmiedgasse,https://steiermark.orf.at/stories/3348011/
d64c189534abc43c8bacfd91f47c744010d8b34b02c207ee1bdd6a44f28b8daa,2026-03-30 17:44:27.672249+00:00,de,orf.at,orf.at,2026-03-30,Verletzter nach Brand im Herzogbergtunnel,https://steiermark.orf.at/stories/3348062/
8d8a63d62dc5d0ef218bdcd5e3cd694896d6a60ede80c27e3a91d477774d820d,2026-03-30 17:44:01.517403+00:00,de,orf.at,orf.at,2026-03-30,Betrunkener rammt E-Scooter: Zwei Mädchen verletzt,https://steiermark.orf.at/stories/3347967/
a1f81cd3dd77961cce6dae6f7a22b9229a9550043961ba69ab16634f1c3e741b,2026-03-30 17:43:56.805327+00:00,de,orf.at,orf.at,2026-03-30,Osterferien: Boom bei Nachhilfeunterricht,https://steiermark.orf.at/stories/3347982/
e77ed23057fb49337d3f763e3066622436f6170ff5ed919a9b996ae46b6ee05f,2026-03-30 17:43:51.502958+00:00,de,orf.at,orf.at,2026-03-30,Plabutschsanierung: Bypass-Röhre soll helfen,https://steiermark.orf.at/stories/3347973/
fc04685eef53637b400a50faf752b59ecf3310abaa4c99b1d8e1e561a9be0491,2026-03-30 17:21:37.972681+00:00,de,krone.at,krone.at,2026-03-30,Pensionist soll Staat um 46.000 € geprellt haben,https://www.krone.at/4093415
8f4892edbdedd4912d04e944e3a1413f3ad693d500eb3cf2d79499727e460d3b,2026-03-30 17:21:32.555446+00:00,de,krone.at,krone.at,2026-03-30,"„Herz blutet, aber wir müssen Kirche verkaufen“",https://www.krone.at/4093812
dce5723a518dbb902c37c8d46b622911660dea86317db4628c35de52fd367ba1,2026-03-30 17:21:27.739823+00:00,de,krone.at,krone.at,2026-03-30,Selenskyj entschuldigte sich für Drohnenvorfall,https://www.krone.at/4093823
50f258f3b451785244eeeabb755b13c58a03f3ce1cf9d7d0da4f122eb76c8d66,2026-03-30 17:21:22.721189+00:00,de,krone.at,krone.at,2026-03-30,Auf Kaffee und Kuchen in die Friedhofsgärtnerei,https://www.krone.at/4093196
aae7103de654e8a716d24b7db8c64d6416eac8e392c3faa98818ceb12454d999,2026-03-30 17:21:17.625234+00:00,de,krone.at,krone.at,2026-03-30,Starke Führungskräfte für eine gute Pflege,https://www.krone.at/4093199
386e2d0d4fecb8ca8e7d6d890176f8c1f52a8d8d224fa8bf2b23de715de317bc,2026-03-30 17:21:12.289965+00:00,de,krone.at,krone.at,2026-03-30,Polizei findet Cannabis-Aufzucht mit 72 Pflanzen,https://www.krone.at/4093840
22340cc61fe42de74aba4366af7429cd7df34efe687f1ef68824afa832e95116,2026-03-30 17:21:08.012083+00:00,de,krone.at,krone.at,2026-03-30,"Vapes, Snus & Zahnstocher: Reichen die Gesetze?",https://www.krone.at/4093514
86c20112c6cdb8edbc2d381f0c95ee54267682c6bb3d0f90841e98f792f0783e,2026-03-30 17:21:02.368106+00:00,de,krone.at,krone.at,2026-03-30,Deutscher Pkw rutschte in verschneiten Wald,https://www.krone.at/4093743
b2d2e3ef14759cdc51320f0eb4784bb69e6ef2cc66931b2bd4daa276a754ca62,2026-03-30 17:20:57.380427+00:00,de,krone.at,krone.at,2026-03-30,Starkregen in Afghanistan fordert 28 Todesopfer,https://www.krone.at/4093740
5748644f7384c94bebddf82890df68d7a3018ad2718c07a5d81e1b1813e97d2f,2026-03-30 17:20:42.963796+00:00,de,krone.at,krone.at,2026-03-30,Waren Ihre Vorfahren bei Hitlers NSDAP?,https://www.krone.at/4089801
40fac6a8956f841bc6b35793990f00f1687983dee30015350e3773986fec6fda,2026-03-30 17:20:26.368846+00:00,de,krone.at,krone.at,2026-03-30,"Wer mit Social Media verdient, muss auch zahlen",https://www.krone.at/4086704
cefbf6cd6fe9452e8868e9b272eafd7c5e1ab4be2306adc979b29628e88d0b96,2026-03-30 17:20:19.115250+00:00,de,krone.at,krone.at,2026-03-30,Kärntner Immomarkt stabilisiert sich langsam,https://www.krone.at/4093477
07ca796b5a14ef934b14bb2758ffa322370d5fdbe6c4e903b298aa8c068924f4,2026-03-30 17:20:13.915938+00:00,de,krone.at,krone.at,2026-03-30,Bombenfund in Linz führt zu Straßensperren,https://www.krone.at/4093844
0cc8ae5fa17445f7e3d94cbe9c5cda9f7fd24b4f4d8af8847f7714d1f8345ab5,2026-03-30 17:20:08.830983+00:00,de,krone.at,krone.at,2026-03-30,"Schneewalze, Lawinengefahr – und dann 20 Grad!",https://www.krone.at/4093653
5959a4377a45277b2a1a93aff1eebba544d0d5404fb73aabff4a19ce020f089b,2026-03-30 17:20:03.372130+00:00,de,krone.at,krone.at,2026-03-30,Promis kämpfen gegen Schließung von Volksschule,https://www.krone.at/4093549
f517e7f321ba0f326a227cd705d06da87b03f2118081f12de9046560679a95eb,2026-03-30 17:19:58.639918+00:00,de,krone.at,krone.at,2026-03-30,NEOS und Landeschefs mit Aufstand gegen Schellhorn,https://www.krone.at/4093446
cedb5e5474c5b583434bd2a8166bb8c3659920336a6c4ebb8d90a83a096e988a,2026-03-30 17:19:53.341433+00:00,de,krone.at,krone.at,2026-03-30,Schwede soll Ehefrau an 120 Männer verkauft haben,https://www.krone.at/4093652
727ec7fcb14793deb3a103e385b66116795e473ee9871e5f12b24d2e0f8839d1,2026-03-30 17:19:40.179885+00:00,de,krone.at,krone.at,2026-03-30,Junge History-Stars machen mit Video Geschichte,https://www.krone.at/4092921
21e09e488dc0bed1a74cd60aae7e4dc4ff6ff03b6c67e9fcba7bd35374360405,2026-03-30 17:19:35.697850+00:00,de,krone.at,krone.at,2026-03-30,Linz-Frankfurt-Flüge: 25 Passagiere am zweiten Tag,https://www.krone.at/4093616
6298a60d24fdfb5d8f678ab35eae74479e8fff9ae44ddd42194ce43c90da2674,2026-03-30 17:19:28.703417+00:00,de,krone.at,krone.at,2026-03-30,Frau soll Stiefvater Gift in Döner gemischt haben,https://www.krone.at/4093715
77b58e7ec10ad17dc0df5dd41ac43f87ddd07d15abd931ccf98fa8e33dc50101,2026-03-30 17:19:12.292499+00:00,de,krone.at,krone.at,2026-03-30,Rushdie: „Freiheit nicht Teil von Trumps Projekt“,https://www.krone.at/4093763
d2a3161c43620b2cff4f060d27085db9c895b382daea01ac4422fe825feee3ac,2026-03-30 15:38:23.545620+00:00,de,orf.at,orf.at,2026-03-30,8.300 Hasen sterben im Straßenverkehr in NÖ,https://noe.orf.at/stories/3347978/
e5aee46152ae404e8ce7e1dabf2231da4cc4614774aa80ce037264f2bce73c33,2026-03-30 15:38:18.576175+00:00,de,orf.at,orf.at,2026-03-30,Countdown für neuen Bikepark läuft,https://noe.orf.at/stories/3347617/
1faae4c0fd31f4da241da864ea7dc3695a2fe08ec7f7d80a5701edf73f8651c8,2026-03-30 15:37:52.386284+00:00,de,orf.at,orf.at,2026-03-30,Leichte Erholung bei Dämmstoff-Produzenten,https://noe.orf.at/stories/3347988/
bde6c64e5fc571bbab700500a348fab39afadb863bf8a2502b2c57b3867655d8,2026-03-30 15:37:47.580599+00:00,de,orf.at,orf.at,2026-03-30,Elk baut um 60 Millionen neues Fertigungswerk,https://noe.orf.at/stories/3347376/
a526779620fc2bc6ae41be9ecefdcc4c54dc3082f4a45125978ac104d27d3250,2026-03-30 15:37:21.810059+00:00,de,orf.at,orf.at,2026-03-30,„Laufen gegen Krebs“ erneut vor Rekordjahr,https://noe.orf.at/stories/3347673/
6d3a5159ab86a0c0a0fd9caa00abb1e20e903934a259f081f22e4c52c24b00f8,2026-03-30 14:29:48.150971+00:00,de,krone.at,krone.at,2026-03-30,Inflation: Preise in Deutschland steigen deutlich,https://www.krone.at/4093417
1e0fafaaeb18f62c1f9f3bf0f5dbcb18ae00107ebe0fa4de6114a4ee6c3c6a7e,2026-03-30 14:29:33.809167+00:00,de,krone.at,krone.at,2026-03-30,Elf Auszubildende machen vegetarische Kochlehre,https://www.krone.at/4093475
670502dd2fb4352549978414d0436512bc57a5c083526eeb5d0d0cb1b7653a0b,2026-03-30 14:29:26.668058+00:00,de,krone.at,krone.at,2026-03-30,Reality-Star Mariposa liebt diesen Fußballprofi,https://www.krone.at/4093512
ded97f014679786a57b7664f244bbdb56756ca7b0f7b26a4949a2711181ba0a1,2026-03-30 14:29:21.226273+00:00,de,krone.at,krone.at,2026-03-30,Versicherungsmakler schlittert in Millionenpleite,https://www.krone.at/4093558
846b144b55f8b2868dcdf5274fc61f1d5032bc2fa09eab156f1e452cb5619b73,2026-03-30 14:29:15.232993+00:00,de,krone.at,krone.at,2026-03-30,So profitieren Hausbesitzer vom Energiegesetz,https://www.krone.at/90024091800
1dd2487c356e2ff2c620f962e846f483ef852367aae0b7b3b572ebde0eeb692c,2026-03-30 14:29:10.413924+00:00,de,krone.at,krone.at,2026-03-30,Länder wollen Änderung bei Medizin-Basisausbildung,https://www.krone.at/4093401
2e04e7d99bbb47e8a688a5da4ad54fed8302b51601e0f7f63c659e6c00dd6023,2026-03-30 14:28:59.092408+00:00,de,krone.at,krone.at,2026-03-30,Hypo vergab knapp eine Milliarde Euro neue Kredite,https://www.krone.at/4093270
af429b06933204ad5f932c935436079a601bbf92bb3d57f3896c2fa4b0dcec07,2026-03-30 14:28:53.528870+00:00,de,krone.at,krone.at,2026-03-30,Ab Sommer geht es von Klagenfurt nach Rom,https://www.krone.at/4093601
2e268f4d829d21c21d2ec54a79fb57ec4a1e3fd7a374c7f589e1e07993356548,2026-03-30 14:28:48.689481+00:00,de,krone.at,krone.at,2026-03-30,Russland will noch mehr Öl nach Kuba bringen,https://www.krone.at/4093376
82db45203fe8ed1b884c07f4252afa98562d0e87f7565ae6d94d9c717b5fa7b5,2026-03-30 14:28:43.589855+00:00,de,krone.at,krone.at,2026-03-30,Warum der Osterhase jetzt doch nicht frieren muss,https://www.krone.at/4093481
a2dbffaa6a409a2bef83bcb26d1986277b640e3bed3703b496c89309b61deaf1,2026-03-30 14:28:39.295235+00:00,de,krone.at,krone.at,2026-03-30,Falsche Lehrerin erhielt in Heidelberg Haftstrafe,https://www.krone.at/4093413
c4f51f621ef53cf6365aea61843aaeac6a61b25c75074aeb04af454ba5134cab,2026-03-30 14:28:33.558756+00:00,de,krone.at,krone.at,2026-03-30,Südkoreaner horten Müllsäcke – Grenze eingeführt,https://www.krone.at/4093588
bc6b0020e1a3bd0ddd426265296cfc2af9f09a0bd46bab47077c89183d735772,2026-03-30 14:28:28.042683+00:00,de,krone.at,krone.at,2026-03-30,ORF-Missbrauch: „Warum ich an Öffentlichkeit gehe“,https://www.krone.at/4093427
56da14c1215dbcfe477985711f3778853d05d6ab1a03f2cfa334604eeedc4146,2026-03-30 14:28:23.593499+00:00,de,krone.at,krone.at,2026-03-30,"„So ist die Chance größer, dass sie Ja sagt“",https://www.krone.at/4092816
fa51ad99b009f00c23541526462678e18c308f0afd345de454a08e50f9848b2d,2026-03-30 14:28:15.549647+00:00,de,krone.at,krone.at,2026-03-30,"3,72 Promille! Alkolenker mähte Ortstafel nieder",https://www.krone.at/4093571
43e66a6e35e828c6ff2cd79b751b8a600fdf00f68fafe2851af12100f90f9ffc,2026-03-30 14:28:10.147565+00:00,de,krone.at,krone.at,2026-03-30,Acht Monate Wartefrist für Ausbildungsplatz,https://www.krone.at/4093412
67cce334e5904072ce3f8641efadff8556e89fc10fb15d25bea44a2eb5399629,2026-03-30 14:28:05.362912+00:00,de,krone.at,krone.at,2026-03-30,Luxusautobauer jammern: „Absolute Katastrophe“,https://www.krone.at/4093402
7cee1fb116d190ce7a96106c5c9bbb8bf0d257409f355fef665e3844d47549e0,2026-03-30 14:27:59.567133+00:00,de,krone.at,krone.at,2026-03-30,Mysteriöser Todessturz: Was geschah wirklich?,https://www.krone.at/4093553
b9ba974a972501834459fdaac4bd223197b5fe202daaf3e801fe8c792f9cf3bd,2026-03-30 14:27:55.046805+00:00,de,krone.at,krone.at,2026-03-30,Wienerin (32) attackierte Spitalsarzt mit Säure,https://www.krone.at/4093393
6ea60862e8c05c55edb4a987fbc0bba08ace5c5da509d624b99b2ac98ea564e9,2026-03-30 14:27:50.295182+00:00,de,krone.at,krone.at,2026-03-30,"Tritte gegen Auto, Glastür zerstört: Mann entlarvt",https://www.krone.at/4093293
d4bfc857a0931773e78d0c3ed8edca12bf754a666d6dda66c9078fdd149cefc8,2026-03-30 14:23:59.440071+00:00,de,orf.at,orf.at,2026-03-30,Neue Regeln für Verkauf von Nikotinbeuteln und E-Liquids,https://orf.at/stories/3425395/
4e183d50c9eb42dc2fcf85afec1177cb2c2dbae90a068a971a3a6043c72c4e55,2026-03-30 14:23:54.441272+00:00,de,orf.at,orf.at,2026-03-30,Moskau weist erneut britischen Diplomaten aus,https://orf.at/stories/3425410/
c42d495888d035d62a36955ebf095e067aacda536205a22ad39454ac4bfb8d76,2026-03-30 14:23:49.470092+00:00,de,orf.at,orf.at,2026-03-30,EU-Ratspräsident: Guter Austausch mit Pakistan zu Diplomatie,https://orf.at/stories/3425414/
96239f6d3daa0bb39999afcdf2db4b3e19fc0661e5aa106973925f1e9215003b,2026-03-30 14:23:42.814229+00:00,de,orf.at,orf.at,2026-03-30,Wohnschirm und Schulstarthilfe bis 2029,https://orf.at/stories/3425391/
e6e6006a8e0eed526995d32201b566e71dbd72273fff75b847fd658909f915b9,2026-03-30 14:23:37.215064+00:00,de,orf.at,orf.at,2026-03-30,Angriffe auf Energieanlagen: Kiew schlägt Stopp vor,https://orf.at/stories/3425403/
32afac05e301ca1a479a7853bff368ab23ec2f13a96f5d6b6fa5218fce4b5408,2026-03-30 14:23:31.299739+00:00,de,orf.at,orf.at,2026-03-30,„WSJ“: Trump prüft Militäreinsatz zu Uranbergung,https://orf.at/stories/3425415/
e87bc229a96d91459387c10af427d9bc06c9269bef8fc2980213d05cdded5783,2026-03-30 14:23:26.704471+00:00,de,orf.at,orf.at,2026-03-30,Blitzartiger Coup mit Millionenbeute,https://orf.at/stories/3425388/
56afea04ef7c651f988d3d63c2215603237716c4b5ead8fc848b6b5293c7a13c,2026-03-30 14:23:21.129402+00:00,de,orf.at,orf.at,2026-03-30,WTO-Verhandlungen gehen ohne Reformpläne zu Ende,https://orf.at/stories/3425396/
f72c54057726ae6fc013124165ac7f6ede41d84a0608433d4a5181c23188f218,2026-03-30 14:23:17.275040+00:00,de,orf.at,orf.at,2026-03-30,Berlin strebt Rückkehr von 80 Prozent der Syrer an,https://orf.at/stories/3425429/
e0c63727959b2aa7bda500eab429e502d86a669779ced4e6dbd271643da40632,2026-03-30 14:23:11.173384+00:00,de,orf.at,orf.at,2026-03-30,Behörde: ORF verletzte mit „Weltjournal“ Objektivitätsgebot,https://orf.at/stories/3425413/
9596ee8002b8782923cd1060f272ac1eb9186ed9beb2132f7d9e39c078c5a215,2026-03-30 14:22:53.199487+00:00,de,orf.at,orf.at,2026-03-30,Geplänkel über Verkauf der MediaMarkt-Mutter in Österreich,https://orf.at/stories/3425430/
3154ead75e78b63f5810f42e620c682df74c597844cb593ad5f4010f5b967e41,2026-03-30 14:22:48.037113+00:00,de,orf.at,orf.at,2026-03-30,Unterrichtsmaterial: Lehrkräfte zahlen oft aus privater Kassa,https://orf.at/stories/3425401/
4a0fd1aafc971b480f5ed70b5137a35b6b68cb62974ae590e14c322fac975735,2026-03-30 14:22:42.873340+00:00,de,orf.at,orf.at,2026-03-30,Spanien sperrt Luftraum für Militärflüge,https://orf.at/stories/3425392/
c826249bbb930fd442cbc336b3925f6d1d24a15961d48966456bfc19f2505b15,2026-03-30 13:26:47.141742+00:00,de,orf.at,orf.at,2026-03-30,Osterverkehr gefährlich für Hasen,https://burgenland.orf.at/stories/3347960/
58d15ab7e8c9bf04b65cd7d4ad9064125e3d7553157320d007d6b00c93e08c05,2026-03-30 13:26:35.874295+00:00,de,orf.at,orf.at,2026-03-30,Andrang auf Medizin-Vorbereitungskurse,https://burgenland.orf.at/stories/3347907/
2797fbec7f179ae72f0ffe7ba0ef7b294b68e222ef9d4fdc7290be85816cd1da,2026-03-30 13:25:23.905305+00:00,de,orf.at,orf.at,2026-03-30,Ohne Führerschein: Polizei stoppt Alkolenker,https://burgenland.orf.at/stories/3347954/
541e3c519ffc03c74794c1ce48415d8ac4e4b4712eca451376481aba992c0307,2026-03-30 13:25:09.039569+00:00,de,orf.at,orf.at,2026-03-30,Schwerer Unfall bei Rudersdorf,https://burgenland.orf.at/stories/3347936/
f87e379ab62ade71994d9ceb4b8d64a2814949a5c69ca0b5edef872374ef18a9,2026-03-30 13:24:39.034527+00:00,de,orf.at,orf.at,2026-03-30,Modernisierungsarbeiten im Zeitplan,https://burgenland.orf.at/stories/3347911/
68121bd9c4b2979a4005206a7cc53ab1b1796834e559840f555a0a01e539726a,2026-03-30 13:17:53.335989+00:00,de,orf.at,orf.at,2026-03-30,Abbau von Mülldeponie Auen läuft,https://kaernten.orf.at/stories/3347977/
c8ce8f8c95e98ab3374821f410c51a75462591f95f9f423964815fb5883d551d,2026-03-30 13:17:45.999389+00:00,de,orf.at,orf.at,2026-03-30,Neue Flugverbindung Klagenfurt – Rom,https://kaernten.orf.at/stories/3347964/
a3cfee0c33fc0d9f2faca94e99f4c1f8e0b743f18230eb972324f58687c4ce12,2026-03-30 13:17:15.905696+00:00,de,orf.at,orf.at,2026-03-30,Strom-Sommertarif ab 1. April,https://kaernten.orf.at/stories/3347986/
5aaa0053ab023172d8c89102951a2f37552a5037d78244aebe2c6fc11d4db98e,2026-03-30 12:49:13.028872+00:00,de,derstandard.at,derstandard.at,2026-03-30,17-Jähriger plante offenbar Massaker an Schule in Italien,https://www.derstandard.at/consent/tcf/story/3000000314718/17-j228hriger-plante-offenbar-massaker-an-schule-in-italien
f91bd6bec4fc5791735d4ee9a4a19c07000b7122a6dc54a0a7fc8bd9cf622f55,2026-03-30 12:49:08.055987+00:00,de,derstandard.at,derstandard.at,2026-03-30,Doskozil will Pflegeheim Tagsätze entziehen: Betreiberin weist Vorwürfe zurück,https://www.derstandard.at/consent/tcf/story/3000000314631/doskozil-will-pflegeheim-tagsaetze-entziehen-betreiberin-weist-vorwuerfe-zurueck
243e38c4535bbf9aa3a1e20a93737717b46335f40dec5ae6f96c2ea91f60d88f,2026-03-30 12:49:03.499685+00:00,de,derstandard.at,derstandard.at,2026-03-30,"Russischer Öltanker erreicht Kuba, Trump: ""Kuba ist am Ende""",https://www.derstandard.at/consent/tcf/story/3000000314625/usa-lassen-laut-zeitungsbericht-russischen-oeltanker-nach-kuba-passieren
337a1edc1a1fdfc2f797be2d93f20440d909b8ed773a73ffeba3b9efc5a9ab1c,2026-03-30 12:48:48.058266+00:00,de,derstandard.at,derstandard.at,2026-03-30,ISS-Notfall: Astronaut konnte plötzlich nicht mehr sprechen,https://www.derstandard.at/consent/tcf/story/3000000314647/iss-notfall-astronaut-konnte-ploetzlich-nicht-mehr-sprechen
c5fcc31a952f882c93e1b6114045d398c9e8fbf00bdce70c1fec14c46cad9522,2026-03-30 12:48:43.396392+00:00,de,derstandard.at,derstandard.at,2026-03-30,"Wirtschaftsforscher: ""Warum soll man Sprit überhaupt billiger machen?""",https://www.derstandard.at/consent/tcf/story/3000000314626/wirtschaftsforscher-warum-soll-man-sprit-ueberhaupt-billiger-machen
7df7ef116eb0f3f254f817d669cc72e72515989a4a64464c13450c3ad8dcb541,2026-03-30 12:48:28.145068+00:00,de,derstandard.at,derstandard.at,2026-03-30,"Treibstoff ist teurer geworden, Reiserouten unsicherer – das hat Folgen für den Tourismus",https://www.derstandard.at/consent/tcf/story/3000000314645/treibstoff-ist-teurer-geworden-reiserouten-unsicherer-das-hat-folgen-fuer-den-tourismus
f42349645caf04f8e7c332b0fdfcf39e2c6092bbe573d5227f97658a6e4db92b,2026-03-30 12:48:23.184565+00:00,de,derstandard.at,derstandard.at,2026-03-30,Studie: KI ist ziemlich schlecht beim Zeichnen,https://www.derstandard.at/consent/tcf/story/3000000314629/studie-ki-ist-ziemlich-schlecht-beim-zeichnen
2bb484665028ec82e0635a13840721aa4f7806d6352ebb8c3ef77d8504a9c487,2026-03-30 12:48:13.118493+00:00,de,derstandard.at,derstandard.at,2026-03-30,"Ohne Satzverlust: Jannik Sinner schafft das ""Sunshine Double""",https://www.derstandard.at/consent/tcf/story/3000000314651/ojannik-sinner-schafft-das-sunshine-double
34ad7b66902592615f916c478c13b9bbe6017c5c3ee8b8ac249d17d7f84e0327,2026-03-30 12:36:45.697447+00:00,de,derstandard.at,derstandard.at,2026-03-30,Jährlich sterben 17.000 Hasen auf Österreichs Straßen,https://www.derstandard.at/consent/tcf/story/3000000314720/jaehrlich-sterben-17000-hasen-auf-oesterreichs-strassen
17b6bf3d39c7f9b71c32c570692789ae5f6a7a5a0abc1f0629a0e5342e16c1c9,2026-03-30 12:36:35.682480+00:00,de,derstandard.at,derstandard.at,2026-03-30,"Anne Hathaway wollte keine zu dünnen Models bei ""Der Teufel trägt Prada 2""",https://www.derstandard.at/consent/tcf/story/3000000314686/anne-hathaway-wollte-keine-zu-duennen-models-bei-der-teufel-traegt-prada-2
cd7313bff34165e6a2ebcea074d17e4eb8f20680c85389379fc0291f26caed9d,2026-03-30 12:36:30.745094+00:00,de,derstandard.at,derstandard.at,2026-03-30,"Israelisches Parlament billigt Haushalt für 2026, Neuwahlen abgewendet",https://www.derstandard.at/consent/tcf/story/3000000314624/israelisches-parlament-billigt-haushalt-fuer-2026-neuwahlen-abgewendet
56835211807d3b6077bdb743acef0ca93e55a7276082e382a91e5a92168b5a07,2026-03-30 12:35:50.978892+00:00,de,derstandard.at,derstandard.at,2026-03-30,Andreas Mailath-Pokorny als MUK-Geschäftsführer wiederbestellt,https://www.derstandard.at/consent/tcf/story/3000000314689/andreas-mailath-pokorny-als-muk-gesch228ftsf252hrer-wiederbestellt
21437a9fe1be8c63712c22c52ed76a9d00312e6fc7e9e748f6c0aff23b3b70ec,2026-03-30 12:35:30.261731+00:00,de,derstandard.at,derstandard.at,2026-03-30,Selenskyj zeigt sich offen für Waffenruhe über Ostern,https://www.derstandard.at/consent/tcf/jetzt/livebericht/3000000314612/russland-meldet-einen-toten-nach-drohnenangriff-in-der-region-rostow
de50a3bb279dab93a0690f623d17ebed7ba891a73bc6c3d21ede5a31317a3b86,2026-03-30 12:34:50.191401+00:00,de,derstandard.at,derstandard.at,2026-03-30,Tourismus in Griechenland und Zypern spürt Folgen der Iran-Krise,https://www.derstandard.at/consent/tcf/story/3000000314666/tourismus-in-griechenland-und-zypern-sp252rt-folgen-der-iran-krise
d24677f0f2920fbe537cd3c6eb81fdf363b585bdfe50d83654d39719e8bf304e,2026-03-30 12:34:30.255260+00:00,de,derstandard.at,derstandard.at,2026-03-30,Toronto stellt bei klarem Sieg über Orlando Magic neuen NBA-Rekord auf,https://www.derstandard.at/consent/tcf/story/3000000314652/toronto-stellt-bei-deklassiert-orlando-mit-13987
d90b3f56d1111109dbcf9a396ddd92b17d6da2e8e7b02ef3f8e5f2b4f2e4a87f,2026-03-30 12:34:10.293568+00:00,de,derstandard.at,derstandard.at,2026-03-30,Französisches KI-Start-up Mistral sammelt Geld für Rechenzentrum ein,https://www.derstandard.at/consent/tcf/story/3000000314725/franzoesisches-ki-start-up-mistral-sammelt-geld-fuer-rechenzentrum-ein
8e40b5645cb198438b92e05d5a9198efb1a32d8f991d80503042e757499f10f6,2026-03-30 12:34:05.609472+00:00,de,derstandard.at,derstandard.at,2026-03-30,Ex-Intendant des Salzburger Landestheaters Lutz Hochstraate gestorben,https://www.derstandard.at/consent/tcf/story/3000000314687/ex-intendant-des-salzburger-landestheaters-lutz-hochstraate-gestorben
c9d7559aa4850d9da04d098f91c1a21e9b10959706bfcbf41a189c8a8d00bdfe,2026-03-30 12:33:50.622605+00:00,de,derstandard.at,derstandard.at,2026-03-30,Folientunnel oder Gewächshaus – Eure Erfahrung?,https://www.derstandard.at/consent/tcf/story/3000000314648/folientunnel-oder-gewaechshaus-eure-erfahrung
733c7ef2ea9621fccc9593f4a8766616fbc10ee6167d96c1abe373622fd51fa1,2026-03-30 12:33:45.678905+00:00,de,derstandard.at,derstandard.at,2026-03-30,"""Tomb Raider""-Dreh nach Verletzung von Sophie Turner gestoppt",https://www.derstandard.at/consent/tcf/story/3000000314638/tomb-raider-dreh-nach-verletzung-von-sophie-turner-gestoppt
00a8dd2bba2434cf2cb4f43f480d5d550982bc0ed1f2bbc1a9fac0ae704f2138,2026-03-30 12:33:30.358636+00:00,de,derstandard.at,derstandard.at,2026-03-30,"Winter-Rückkehr ließ einige März-Wind-Rekorde purzeln, Ostern wird frühlingshaft",https://www.derstandard.at/consent/tcf/story/3000000314688/winter-rueckkehr-liess-einige-maerz-wind-rekorde-purzeln-ostern-wird-fruehlingshaft
2459c76cf525edce10555ad9249c394f42f2ef263f8d82c86d7aaaa66cb96747,2026-03-30 12:33:20.255824+00:00,de,derstandard.at,derstandard.at,2026-03-30,Camping-Boom in Deutschland: Übernachtungsrekord und steigende Preise,https://www.derstandard.at/consent/tcf/story/3000000314660/camping-boom-in-deutschland-220bernachtungsrekord-und-steigende-preise
778c72519e4f4bc6b2aa2ae698bf62305c3c7adf796ba9947245cd448f70a085,2026-03-30 12:33:05.518492+00:00,de,derstandard.at,derstandard.at,2026-03-30,Immersives Strauß-Museum am Wiener Naschmarkt stellt Betrieb ein,https://www.derstandard.at/consent/tcf/story/3000000314715/immersives-strauss-museum-am-wiener-naschmarkt-stellt-betrieb-ein
5c9e638e48cafcecd8f7ad3031998cc2cad7ec1d86c7612799b77ad97f9560df,2026-03-30 12:33:00.236134+00:00,de,derstandard.at,derstandard.at,2026-03-30,Chipkrise: Sony kann keine Speicherkarten mehr liefern,https://www.derstandard.at/consent/tcf/story/3000000314632/chipkrise-sony-kann-keine-speicherkarten-mehr-liefern
c1d13237b2bcab32e806b06f68b220eed9de1eb3723e0184c42ed8652e564255,2026-03-30 12:32:50.213072+00:00,de,derstandard.at,derstandard.at,2026-03-30,"Zu ""sexy"": Kim Novak will nicht von Sydney Sweeney verkörpert werden",https://www.derstandard.at/consent/tcf/story/3000000314657/zu-sexy-kim-novak-will-nicht-von-sydney-sweeney-verkoerpert-werden
3293011a4163b255de1dc458f4c97a42aa4204260c150d864b15eb76225182a1,2026-03-30 12:32:45.697579+00:00,de,derstandard.at,derstandard.at,2026-03-30,Iranische Hacker veröffentlichen Daten aus privatem Mailkonto von FBI-Direktor Kash Patel,https://www.derstandard.at/consent/tcf/story/3000000314667/iranische-hacker-veroeffentlichen-daten-aus-privatem-mailkonto-von-fbi-direktor-kash-patel
f134319ca86e48a0b4b6f7da95d017ca25217e98606d864c9f26ac6c4c92861f,2026-03-30 12:32:40.189755+00:00,de,derstandard.at,derstandard.at,2026-03-30,Spanien sperrt seinen Luftraum für Militärflüge mit Verbindungen zum Irankrieg,https://www.derstandard.at/consent/tcf/jetzt/livebericht/3000000314613/hpentagon-bereitet-laut-bericht-wochenlange-bodenoffensive-im-iran-vor
4c614a7b72b5aff3303d090369086f93647eadea49671f46453fef3ce7ad5771,2026-03-30 12:32:25.696643+00:00,de,derstandard.at,derstandard.at,2026-03-30,Hans-Gratzer-Preis 2026 an Autorin Susana AbdulMajid,https://www.derstandard.at/consent/tcf/story/3000000314701/hans-gratzer-preis-2026-an-autorin-susana-abdulmajid
f1f196c7f144653709d0bb66bd5c45fa97a0b417aa69a989dc987eec58540a72,2026-03-30 12:32:15.192566+00:00,de,derstandard.at,derstandard.at,2026-03-30,Erste Sicherheitsschleusen für ESC eingerichtet – strenge Standards für Securitys fehlen,https://www.derstandard.at/consent/tcf/story/3000000314630/erste-sicherheitsschleusen-fuer-esc-eingerichtet-strenge-standards-fuer-securitys-fehlen
e0acdf005b2ba201814da2db3e2f5aa10f0e116133769e5653f30eb30d48a5ca,2026-03-30 12:32:10.237981+00:00,de,derstandard.at,derstandard.at,2026-03-30,Wohnschirm und Schulstartaktionen sollen bis 2029 verlängert werden,https://www.derstandard.at/consent/tcf/story/3000000314678/wohnschirm-und-schulstartaktionen-sollen-bis-2029-verlaengert-werden
59678339c0b7098f291195a383e5c92a469d64e4250c787830d993e9c4a1e9e6,2026-03-30 11:38:58.116499+00:00,de,krone.at,krone.at,2026-03-30,Regierung verlängert Wohnschirm & Schulstarthilfe,https://www.krone.at/4093194
d0f31f37131df3fba0c85ee3a6cf48a65fc33b5253fb2ff07931fa63cfe96d54,2026-03-30 11:38:52.597894+00:00,de,krone.at,krone.at,2026-03-30,Italien: 17-Jähriger plante wohl Schul-Massaker,https://www.krone.at/4093186
9c407604363442451f830cf3e6ba5a1d632b6ef3d6e40106c1c17d3f0d42ecb3,2026-03-30 11:38:47.566221+00:00,de,krone.at,krone.at,2026-03-30,FPÖ: „50 islamistische Gefährder sind zu viel“,https://www.krone.at/4093272
73b5e402ca0c4448f98032a6591d3f7be2f327979e31315ccac2dcc7b97f60bf,2026-03-30 11:38:42.549443+00:00,de,krone.at,krone.at,2026-03-30,Fingerschnippen als Strategie im Kunsthistorischen,https://www.krone.at/4093288
39c96aa94a3a41388c351d480da57fc4e37562261a129bc8ad659a7bc45f18b9,2026-03-30 11:38:37.627940+00:00,de,krone.at,krone.at,2026-03-30,Auf den Spuren von Werder-Bremen-Spieler Grüll,https://www.krone.at/4092945
3c27a0b78ae59eeea29f06984b994a45ad053e868ce8aedb3f0c4d1e9055de45,2026-03-30 11:38:32.597074+00:00,de,krone.at,krone.at,2026-03-30,Fließen im Land und den Gemeinden Milch und Honig?,https://www.krone.at/4093274
e28a9d48ef0b75063fad6f369e1290d1a68f2719971d6483426a2f6bc18c5903,2026-03-30 11:38:27.571616+00:00,de,krone.at,krone.at,2026-03-30,Jugendsprache: Was sind die seltsamsten Begriffe?,https://www.krone.at/4092957
c133e5d9ac212cf295a93257846fc3a314628d54d7529d682359211beff483d4,2026-03-30 11:38:22.609952+00:00,de,krone.at,krone.at,2026-03-30,Wettbewerbschefin warnt vor Sprit-Eingriffen,https://www.krone.at/4093285
8fb78e8859618528f32eff8bb2c10ceea52e1f1d0170107afb25f7b10b9f0129,2026-03-30 11:38:17.633191+00:00,de,krone.at,krone.at,2026-03-30,Iran droht: Setzen US-Bodentruppen „in Brand“,https://www.krone.at/4093118
edc53c9a45870112eaac4929eebee68e601c97e7209cd7bbe4adf48507b27737,2026-03-30 11:38:12.422415+00:00,de,krone.at,krone.at,2026-03-30,„Ein Begräbnis muss nicht immer traurig sein“,https://www.krone.at/4092606
cf60517d1d510141ffcf095709fb3186825a0a64f8fcaa3f66e647a04778bc79,2026-03-30 11:38:07.563642+00:00,de,krone.at,krone.at,2026-03-30,Silbergehalt in Sammlermünzen wird reduziert,https://www.krone.at/4093347
684c63409a3b950d864a13e0500654de8d1cf956a3a9b9681a123aec8c5af493,2026-03-30 11:38:03.068913+00:00,de,krone.at,krone.at,2026-03-30,Mit Trumps Tech-Rat sind Konflikte vorprogrammiert,https://www.krone.at/4092567
b61c1b29aa063e470629fa1ade8f6350733c2a4bac88a80af382fe6520ddb68c,2026-03-30 11:37:57.585286+00:00,de,krone.at,krone.at,2026-03-30,Verkauf von Nikotinbeuteln ab Mittwoch geregelter,https://www.krone.at/4093312
5d4ac78ac18cdb80c3b65b3b4f56d364ac1c9c81cc1bf5145d67638b935a591b,2026-03-30 11:37:54.177442+00:00,de,krone.at,krone.at,2026-03-30,Rüstungsriese verhöhnt Kiew mit „Hausfrauen“-Sager,https://www.krone.at/4093080
c32775bac1f7a8db8a456effb0e4fff18c5ccf311e88485759ba6defa199576c,2026-03-30 11:37:47.513625+00:00,de,krone.at,krone.at,2026-03-30,Endabrechnung nach Job-Aus war nicht korrekt,https://www.krone.at/4093163
248ec58c92cb51267e71c9ea50e6d052fefa3ca54822172369a6f60e2ec57d74,2026-03-30 11:37:42.667747+00:00,de,krone.at,krone.at,2026-03-30,Wetterphänomen El-Niño für Herbst prognostiziert,https://www.krone.at/4093149
941a0b90ba47a9ec21407378a4ac7b16632beae10403c816bf9f498ce7df7309,2026-03-30 11:37:37.536780+00:00,de,krone.at,krone.at,2026-03-30,Wie die Soldaten der Natur auf die Sprünge helfen,https://www.krone.at/4092739
efbda1f599e217fda9c7f8d2d3a36aebb88f28be8ac6b96ec71e7622247704e6,2026-03-30 11:37:32.135465+00:00,de,krone.at,krone.at,2026-03-30,Gasthaus-Großbrand: Pächter und Helfer verurteilt!,https://www.krone.at/4093310
b45a3c923e69c4a426fbd889ffca2e81c1430c351d7a497a135aff1f4d9d4ee8,2026-03-30 11:37:27.629518+00:00,de,krone.at,krone.at,2026-03-30,Flugabgabe: Ryanair setzt Österreich eine Deadline,https://www.krone.at/4093295
af4dea51178358c70ad652b39df03b99209b5220926b2cad9bea3d0fecc22b8e,2026-03-30 11:37:22.617783+00:00,de,krone.at,krone.at,2026-03-30,Mann (30) würgt und verprügelt Freundin,https://www.krone.at/4093320
62aa96c967e2488df046fa4ed88f333df06feb4a61720a3a285a7aa080ea78bd,2026-03-30 11:37:17.915163+00:00,de,krone.at,krone.at,2026-03-30,Kritik am Land wegen Spielgruppen-Kürzungen,https://www.krone.at/4093324
dbab442d64af73a0aaf1049af7403e679d412e6a54302dce468e47ff697b2e21,2026-03-30 11:37:12.690361+00:00,de,krone.at,krone.at,2026-03-30,Drei Polizisten bei Fahrzeugkontrolle verletzt,https://www.krone.at/4093323
e409407e8b58c9ab482db5b74ef910dde0a8996ef5d9f990bec528c96bf5aa4f,2026-03-30 11:37:07.649948+00:00,de,krone.at,krone.at,2026-03-30,Saftkur statt Fleisch? Einfach „überwältigend“,https://www.krone.at/4091313
a49815ffd94fd81a54851cc16e4653f2f5243093139729bb9aeb62e26acafa10,2026-03-30 11:37:02.694421+00:00,de,krone.at,krone.at,2026-03-30,USA lassen Öltanker nach Kuba passieren,https://www.krone.at/4093218
6db83a3fb5c4b139f79d1639c7fff1807cfe5f1584cfe93b7ff0fb5fbc34692b,2026-03-30 11:36:57.900173+00:00,de,krone.at,krone.at,2026-03-30,Vier Jugendliche in gestohlenem Auto erwischt,https://www.krone.at/4093348
866cf11d71de691c7e338c239eae02be8ed6466742aba78e74d6c61304a9fc0c,2026-03-30 11:36:52.604119+00:00,de,krone.at,krone.at,2026-03-30,„Allahu Akbar“-Jubel: Berlin huldigt Ex-Terrorist,https://www.krone.at/4093291
12b0ae1ff0a3192cfd6895eedc92bd3a5c3ad0d72925db3168685468d667de6a,2026-03-30 11:36:47.724668+00:00,de,krone.at,krone.at,2026-03-30,Trotz Preisanstieg: Camping-Boom in Deutschland,https://www.krone.at/4093139
035e15054dc0c8c30d92c1e5a386b35d9a13faa0e074021c3ae377a8595db939,2026-03-30 11:36:38.402851+00:00,de,orf.at,orf.at,2026-03-30,Sommer- und Sozialtarif für Strom,https://wien.orf.at/stories/3347920/
b498dd4b0c07d95a107a27a66af1b3a54d5665857018e2d017644a92901170ec,2026-03-30 11:35:43.761411+00:00,de,orf.at,orf.at,2026-03-30,Hans-Gratzer-Preis an Susana AbdulMajid,https://wien.orf.at/stories/3347983/
ad6a3078b3fbdcc2c7a50cdbacc65ceb4a87cd15f739350cd102c9bbdd8825c0,2026-03-30 11:19:11.980549+00:00,de,orf.at,orf.at,2026-03-30,Stelzer fordert Lockerung bei Klimaauflagen,https://ooe.orf.at/stories/3347900/
4783cb0af2c07cc20eaafe2126cf3f8dea73c87660c3dc8d0015e6c5a8ed8302,2026-03-30 11:18:05.462193+00:00,de,orf.at,orf.at,2026-03-30,Drogengeschäfte aus Gefängniszelle,https://ooe.orf.at/stories/3347903/
9248774de9890535b13b542664458c8d495d1dcd070c62bdde558b69734859ab,2026-03-30 11:17:27.223591+00:00,de,orf.at,orf.at,2026-03-30,Hypo OÖ meldet gute Geschäfte mit Krediten,https://ooe.orf.at/stories/3347947/
2b9374e2e7938652ed0dd1d69d8b37e50ad0efa159420e0746865cbaec601e7e,2026-03-30 11:17:10.438713+00:00,de,orf.at,orf.at,2026-03-30,Jährlich sterben tausende Hasen auf den Straßen,https://ooe.orf.at/stories/3347946/
c87c7b042490fe5caf9031f8aa88cd282d87ee5c3eb54b584291ab41b7dca657,2026-03-30 11:17:07.341464+00:00,de,orf.at,orf.at,2026-03-30,Auto prallte gegen Bäume: Lenkerin verletzt,https://ooe.orf.at/stories/3347934/
f01a4451de76f01afe63ede2102ca0ec19a4072701adf7a90de8be5c093fc862,2026-03-30 09:24:18.701769+00:00,de,orf.at,orf.at,2026-03-30,Australien: Mutmaßlicher Polizistenmörder nach langer Flucht tot,https://orf.at/stories/3425373/
1285f332183a188b93dad941708c8adbaeecdc6b99cc02d638a36fdef5ad4d88,2026-03-30 09:24:13.667764+00:00,de,orf.at,orf.at,2026-03-30,Stromversorgung in Teheran angegriffen,https://orf.at/stories/3425364/
07d3193538ba0acac640960de6fe614417d07b85e9e13367f3185a1ce57e1817,2026-03-30 09:24:08.829823+00:00,de,orf.at,orf.at,2026-03-30,Kardinal erhält doch Zugang zu Grabeskirche,https://orf.at/stories/3425367/
b996b4fe66d323766e3bfd3eb2a1b28a0b783d37168499b411471c3698ed82d9,2026-03-30 09:24:03.889426+00:00,de,orf.at,orf.at,2026-03-30,Israels Parlament billigt Budget: Neuwahl abgewendet,https://orf.at/stories/3425365/
ca3e3f9db5b67e7d0ebd9c62b7996da734c2213f5924027a92f7d153d0834836,2026-03-30 09:23:52.622698+00:00,de,orf.at,orf.at,2026-03-30,„Tomb Raider“-Dreh nach Verletzung von Sophie Turner gestoppt,https://orf.at/stories/3425385/
65b30769b9b8ebbc1d1aeaa2e18c9321c45221a3ff75ae30f378da5bc96e5621,2026-03-30 09:23:36.985105+00:00,de,orf.at,orf.at,2026-03-30,Trump: US-Militär baut „Komplex“ unter neuem Ballsaal,https://orf.at/stories/3425382/
f6167207cd53f1733bd2566110851f78ef3a712f0b6d034c000491b6b5bcde95,2026-03-30 09:23:31.932799+00:00,de,orf.at,orf.at,2026-03-30,Iran-Krieg trifft auch Plastikpreise,https://orf.at/stories/3424921/
4707cc87f46b16981898c6e06977f23af86a2fe0a0e1a9529304b3242d3626ae,2026-03-30 09:23:25.084233+00:00,de,orf.at,orf.at,2026-03-30,Iran-Krieg geht mit voller Wucht weiter,https://orf.at/stories/3425372/
635991cf976a43a950c6b67c2dc1927fe8c0dd01598e3284b4df3541e39194ec,2026-03-30 09:23:17.455057+00:00,de,orf.at,orf.at,2026-03-30,Syriens Präsident Scharaa bei Merz,https://orf.at/stories/3425370/
7147daf0bcad8e8b3ac0f5f40a0674bd9bd14e7cb0461f67c244f2c5c6a6f2cc,2026-03-30 09:22:23.325870+00:00,de,orf.at,orf.at,2026-03-30,Ostsee: Gestrandeter Buckelwal liegt noch immer im Wasser,https://orf.at/stories/3425371/
47fa500ac7a5535f327c10244b28879edcdce3f70ae217c785de733066c31dc1,2026-03-30 09:22:15.846938+00:00,de,orf.at,orf.at,2026-03-30,Starke Kurseinbrüche an asiatischen Börsen,https://orf.at/stories/3425374/
8dc8761b42c0b522058f4812382169a0fce528285e92c164d25800ad0da4dcbe,2026-03-30 09:22:03.673208+00:00,de,orf.at,orf.at,2026-03-30,US-Kampfjets fangen Flugzeug über Trumps Anwesen ab,https://orf.at/stories/3425366/
88322094c507bd2c776a7023bfa912f1f4130e3cb1c2d10bc987b51228959af4,2026-03-30 08:18:06.971607+00:00,de,krone.at,krone.at,2026-03-30,Avita-Therme wieder zurück in der Erfolgsspur,https://www.krone.at/4092857
0e1479b34f80529474a284dd2866cc9bc9e0ae62e96de58a727fce709efb0d29,2026-03-30 08:18:00.487545+00:00,de,krone.at,krone.at,2026-03-30,Vermisster Jugendlicher (14) wieder aufgetaucht,https://www.krone.at/4093065
9ff989cb82d143366fa5adfe52152c827d353e8fd053c2aba548748fc44cbc3d,2026-03-30 08:17:55.586767+00:00,de,krone.at,krone.at,2026-03-30,Das ist bei Wanderunfällen für Ersthelfer zu tun,https://www.krone.at/4088480
de14a7a8211e7d448caad7ea3a4ea4a1a3f76f270d21ee3231ab76b09af22d6a,2026-03-30 08:17:50.152627+00:00,de,krone.at,krone.at,2026-03-30,Statt „Lamarr“: So soll das neue Gebäude aussehen,https://www.krone.at/4093087
4c2696d23befa5e994ce0b3271378dc78ec1e2f6ec817367cd54c94f179959b0,2026-03-30 08:17:45.000895+00:00,de,krone.at,krone.at,2026-03-30,Iran-Krieg: Auch Griechenland bangt um Tourismus,https://www.krone.at/4093063
1680ec283258049f62872b274ac7e6ece693e7e41eab40800253f961f8b8caf7,2026-03-30 08:17:19.167856+00:00,de,krone.at,krone.at,2026-03-30,Schon wieder tödlicher Drohnenangriff in Russland,https://www.krone.at/4093086
df932386409d1d5f137fbf79ddebdfcbacfece71a49d91103238c69cd9c4b6ae,2026-03-30 08:17:10.225926+00:00,de,krone.at,krone.at,2026-03-30,Fernsprechteilnehmer,https://www.krone.at/4092748
8d1f1f9b5057402da65d6ec0557f70c8a6cdeeaf863293e256e749d05f40846a,2026-03-30 07:20:49.369540+00:00,de,krone.at,krone.at,2026-03-30,Beim Hendl-Wirtshaus fahren jetzt die Bagger auf,https://www.krone.at/4092906
8b5f8364e4485f72c4e4a0254f17deff251f8195029cf3610f7b3203dabb3bae,2026-03-30 07:20:44.730549+00:00,de,krone.at,krone.at,2026-03-30,Kein Krippenplatz: „Können nicht immer Oma fragen“,https://www.krone.at/4091142
66a542718a952c88ce0cd1a8944dc0b067c741f14bdeb22812f1ea61e6807e93,2026-03-30 07:20:34.782725+00:00,de,krone.at,krone.at,2026-03-30,Berliner Philarmoniker: „Familie ist heimgekehrt“,https://www.krone.at/4092600
fabd8501d4e966071ff32b58721082436e4de34d49725755de3df3e3a960382b,2026-03-30 07:20:29.208508+00:00,de,krone.at,krone.at,2026-03-30,Bestätigt! Glasner wäre fast Bayern-Coach geworden,https://www.krone.at/4093035
5b3d124ca07a71ff889957f0a403cf662a5e647cdbae3bb7756ec36e8f89e6cb,2026-03-30 07:20:24.835331+00:00,de,krone.at,krone.at,2026-03-30,"Balli, balli – und ein „Hairchok“ zur Begrüßung!",https://www.krone.at/4092772
fb5037d0e44ed70f6a948d3aece4a02b478a6a276b280c347eb3d807e6d59383,2026-03-30 07:20:19.689426+00:00,de,krone.at,krone.at,2026-03-30,Trump: „Würde am liebsten das Öl im Iran nehmen“,https://www.krone.at/4093016
9db2fb98630b6a93552afecf3e1be6ecac374cef6668c292b563c51dff183386,2026-03-30 07:20:09.554104+00:00,de,krone.at,krone.at,2026-03-30,Familienvater seit Jahren Ziel von Horror-Anzeigen,https://www.krone.at/4092859
b0e2ab9fc63b0e665ebeab1cddd01c21c111ee250edf38d2d36495d7a8eaf168,2026-03-30 07:20:04.728679+00:00,de,krone.at,krone.at,2026-03-30,100 Euro als Geschenk zum Start ins Leben in Lofer,https://www.krone.at/4092868
6bf7662be8eadbfa1368106264839de2c3e243a7a662e598510ad870072bd177,2026-03-30 07:19:59.966253+00:00,de,krone.at,krone.at,2026-03-30,Fan stürzt im renovierten WM-Stadion in den Tod,https://www.krone.at/4093039
ad30610e16311db0f10cbe374f32c186547883207b74d9724f66feb3163e1c9d,2026-03-30 07:19:49.583403+00:00,de,krone.at,krone.at,2026-03-30,Warum Anrainer Angst vor „fiktiven“ Straßen haben,https://www.krone.at/4092759
623343298e9f9f3daf1dc4f659099e2fdbab9d211e71cfe91ce363ef4c3a57f2,2026-03-30 07:19:44.723002+00:00,de,krone.at,krone.at,2026-03-30,WTO-Konferenz: Brasilien widersetzt sich Trump,https://www.krone.at/4093028
b970de573ec0ee9a990005ad080455cfed27063cd16ac06544644c35608d88d8,2026-03-30 07:19:40.070445+00:00,de,krone.at,krone.at,2026-03-30,Thomas Stipsits: „Das Eierkratzen ist schwierig“,https://www.krone.at/4092128
831e5ec3c12d5d64d15afd45980e786858fa76f16a684d852ee539a73ad77a11,2026-03-30 07:19:33.919532+00:00,de,krone.at,krone.at,2026-03-30,Schokohase ohne Reue: Zu Ostern nicht verzichten!,https://www.krone.at/4085184
c63270f63b9d6a363bc57392ccacfce750f7d9477f411a6f70aaea5bb6c4e2ec,2026-03-30 07:19:24.876089+00:00,de,krone.at,krone.at,2026-03-30,Einige Fragezeichen und ein weiterer Fix-Ausfall,https://www.krone.at/4093066
e16ae7587537c043d6efbef419d922a6ef1c11bba0d09117e745c5e5f7f6e036,2026-03-30 07:19:18.926868+00:00,de,krone.at,krone.at,2026-03-30,Netanyahu gewährt Kardinal Zugang zur Grabeskirche,https://www.krone.at/4093045
6def258b576a7c7ab77e3ef50cdefe04f031ef37fbeccbb3de456471da2341e5,2026-03-30 07:19:14.785805+00:00,de,krone.at,krone.at,2026-03-30,Graz-Wahl: Kahr punktet sogar bei FPÖ-Wählern,https://www.krone.at/4091928
3a884957cec472266caef649f6a057d9a0e0bc3ba6be96f4863442b63f9ded63,2026-03-30 07:19:09.671239+00:00,de,krone.at,krone.at,2026-03-30,Fernandes: „Gesetzeslücke bei intimen Aufnahmen“,https://www.krone.at/4093030
4e29fca854176c9437cb0511274bce2e6032fcd4dd8379764fdd1c54de99cb35,2026-03-30 07:19:04.799753+00:00,de,krone.at,krone.at,2026-03-30,Erster seit 2017: Sinner schafft „Sunshine Double“,https://www.krone.at/4093032
6d293be25d1d5fe0035fe42de57bd845a6391b440458253dd1a61da5c2debfaa,2026-03-30 07:19:00.112560+00:00,de,krone.at,krone.at,2026-03-30,Immer perfekter: Firmen im Visier von KI-Hackern,https://www.krone.at/4091183
7e22133121804e435d0a044dfd5427325c1e2fb9147a7b4f37a0fc2a2825ca7c,2026-03-30 07:18:54.056943+00:00,de,krone.at,krone.at,2026-03-30,"Illegaler rammt Frau am Schutzweg, niemand haftet",https://www.krone.at/4091232
4f2221f132c8763d8e019624b10a3b678b02f364033827155391b740dc55d5d5,2026-03-30 07:18:49.534546+00:00,de,krone.at,krone.at,2026-03-30,Toronto: Historischer Lauf und zweithöchster Sieg,https://www.krone.at/4093058
127cec24e0ee2b934a52029abf692402f15e1128c1f1b1f30ff8e46b0598ad5e,2026-03-30 07:18:44.810015+00:00,de,krone.at,krone.at,2026-03-30,Abrechnung mit Bayern: „War Schlag ins Gesicht“,https://www.krone.at/4093015
523e307cd4ddabeadfd360489f5f78b0bbb444895684b0f39a7537d5dab4fd5b,2026-03-30 07:18:39.547712+00:00,de,krone.at,krone.at,2026-03-30,Lkw-Maut: Wirtschaft warnt vor höheren Kosten,https://www.krone.at/4092807
b2b8a18752c44af839899012ea93f01fd4a21a467bd5ec40adf53816e735e036,2026-03-30 07:18:34.826392+00:00,de,krone.at,krone.at,2026-03-30,„Nicht gut“: Prognose für gestrandeten Wal ernst,https://www.krone.at/4093052
64c02003653bd599d8564775e32a79204a0422fc51ae800f42846103990ffe44,2026-03-30 07:18:25.945345+00:00,de,krone.at,krone.at,2026-03-30,UNIFIL-Soldat bei Explosion im Südlibanon getötet,https://www.krone.at/4093021
c81b23ba6d75084ff49fe30e9cee712d5e5cfdfc61e8987d6bd150bb02660404,2026-03-30 07:18:19.665722+00:00,de,krone.at,krone.at,2026-03-30,Lebenstraum Koralmbahn wurde endlich wahr,https://www.krone.at/4092939
c1ccba01506b5e4e650692c36d27e98b575d0eee7d8e9db1fa5345e04f69aca5,2026-03-30 07:18:14.896990+00:00,de,krone.at,krone.at,2026-03-30,Totes Reh auf der Straße: Wagen landete im Graben,https://www.krone.at/4093038
9d1fbc37beda911b7d6a9da8f6e7b7c77178858ac565f1aa963f62a910394a1c,2026-03-30 07:18:09.968373+00:00,de,krone.at,krone.at,2026-03-30,Deutschland gegen Ghana ab 20.45 Uhr LIVE,https://www.krone.at/4092858
75792fb8331ed487e2fbd5566830a721c7265a58a0e30566ef546ef3b1803904,2026-03-30 07:17:59.238873+00:00,de,krone.at,krone.at,2026-03-30,Ski-Star Schwarz denkt über seine Zukunft nach,https://www.krone.at/4092882
7490780ff42c0b5f3b004841cc2f341d325f34a0ad498484e9c1398c91ab8dd2,2026-03-30 07:17:49.260570+00:00,de,krone.at,krone.at,2026-03-30,Nach Todesfall: Ein Spiel im Zeichen der Trauer,https://www.krone.at/4092966
5fbda758342b616ae358d51b9613b848372284b9796d87cf759cc22a8f9e3e53,2026-03-30 07:17:44.779963+00:00,de,krone.at,krone.at,2026-03-30,Das „Krone“-Fußballfest 2026 ab 20.15 Uhr LIVE,https://www.krone.at/4090090
cea72dbc4898eb9491920816dec2dcbdacbbd3256d03cc9ef22913c9252d69ef,2026-03-30 07:17:40.155051+00:00,de,krone.at,krone.at,2026-03-30,Der stille Kollaps unserer Flüsse und Bäche,https://www.krone.at/4091798
322d272b20b114a5cc0a4ac5b9bffb3b11219fd9ae5e672adaf06c5bf24cd323,2026-03-30 07:17:35.297539+00:00,en,krone.at,krone.at,2026-03-30,Illegal immigrant hits woman at crosswalk; no one held liable,https://www.krone.at/4093019
85b99f39f2ce51ff01edbd3ff85847b68da12723de0dfbe3723b28336fcbfa45,2026-03-30 07:17:30.128920+00:00,de,krone.at,krone.at,2026-03-30,„Klebrige“ Gauner machen Polizei das Leben schwer,https://www.krone.at/4092928
0b0be289165ee1562846712c8c259be7690811358c4be0cd8d0322ad23a4d821,2026-03-30 07:17:26.015029+00:00,de,krone.at,krone.at,2026-03-30,Der kalte Kaffee ist vor jedem Training Pflicht,https://www.krone.at/4093004
cab5d3c3a8a791a0db9710caf955b21c6af74b8610700d75c56bb7907c9b8e3d,2026-03-30 07:17:21.836545+00:00,de,krone.at,krone.at,2026-03-30,Citroën C3 Aircross: Unterschätzter Familienfreund,https://www.krone.at/4036792
794fbd235f39fa4f75c63234044e31f2b9cd480d54d082643aee838b3ce6903c,2026-03-30 07:17:17.916358+00:00,de,krone.at,krone.at,2026-03-30,"Scheib sinniert: „Teil, den man nicht immer sieht“",https://www.krone.at/4093026
e130bf5e708f5f78df62e74350aa5f6c038529e1658f66e752f0f213d7e21e41,2026-03-30 07:17:12.870924+00:00,de,krone.at,krone.at,2026-03-30,Ilzer muss zittern: Barca klopft bei Goalgetter an,https://www.krone.at/4093043
54cb3367b39beb950d7df5930b5fea4ae236555aeb9c2d76d6ba184dc93369eb,2026-03-30 07:17:11.464478+00:00,de,krone.at,krone.at,2026-03-30,Berühmte Hollywoodklänge am Kärntner Wörthersee,https://www.krone.at/4092823
5ee805309d6fc33bcc339af1c560f94caa217b2a2b0935389519a7fc8180fc1f,2026-03-30 06:23:17.198370+00:00,de,orf.at,orf.at,2026-03-30,Vegetarische Kochlehre schmeckt nicht,https://tirol.orf.at/stories/3347702/
30390555495100ecba1152b1218403f28c54bb3898d0f76f5cafab5e42daf6d4,2026-03-30 06:21:31.443112+00:00,de,orf.at,orf.at,2026-03-30,Tunnelreinigung beginnt nach Ostern,https://tirol.orf.at/stories/3347653/
204518f73f9e35fb6ae59e5999dc805f73b451699e292fae17a2c63857659605,2026-03-30 06:20:11.422227+00:00,de,orf.at,orf.at,2026-03-30,Erzberg setzt auf Mountainbike-Offensive,https://steiermark.orf.at/stories/3347812/
98fbb2dddcc5380376aaf865f5d01aa6517018cb062f683c256967dfdcea7985,2026-03-30 05:20:02.514094+00:00,de,orf.at,orf.at,2026-03-30,Ärger über lange Wartezeiten für ID-Austria,https://salzburg.orf.at/stories/3347915/
e92846dd040fe2c6407d82bc8591f554000bc7908d8a041fc67436a45fd8ce3b,2026-03-30 05:19:12.384843+00:00,de,orf.at,orf.at,2026-03-30,Betriebsklima: Festspiele wehren sich gegen Vorwürfe,https://salzburg.orf.at/stories/3347931/
178f19412fe22f258f2b4492a01728835f61f18bcdabf41e1487a727cf5b307a,2026-03-30 04:26:26.220089+00:00,de,krone.at,krone.at,2026-03-30,So viele Schüler wurden von Gymnasien abgewiesen,https://www.krone.at/4092815
e143eeb1ad9d78114d6a6c8c1cf2eb350c6a41bc7b3792f75b9cac2983351f7b,2026-03-30 04:26:21.406739+00:00,de,krone.at,krone.at,2026-03-30,Wie kaputt sind die Königshäuser Europas?,https://www.krone.at/4089585
f0c7ccfe600b3d16d6f40c8924722e845e1998e3c645a2d1f204df2b2dc1575f,2026-03-30 04:26:12.575781+00:00,de,krone.at,krone.at,2026-03-30,"Lehre unter Druck: Weniger Stellen, mehr Bewerber",https://www.krone.at/4092627
749e90a3ee3a0a957745a14e0fcbcf08646cd7657228da68c6e3d2d7c6cf960d,2026-03-30 04:25:58.291857+00:00,de,krone.at,krone.at,2026-03-30,Kürzere Intervalle der U-Bahn ersetzen 364 Busse,https://www.krone.at/4092027
bf871930ba4df40eea2a0c3c120222da616293b687a3951e41a6edc72d3e0183,2026-03-30 04:25:49.020070+00:00,de,krone.at,krone.at,2026-03-30,Hype um Zahnstocher sorgt an Schule für Wirbel,https://www.krone.at/4092920
101696fdae8b418c3e74fa9561d76fed296037a828651de99ce5f8dd91f8ea5c,2026-03-30 04:24:54.869811+00:00,de,krone.at,krone.at,2026-03-30,Krimineller (23) raubte Seniorin (86) aus: Anklage,https://www.krone.at/4092844
e508a8e026878e6ba31f90dd861a25fe79089f3c4b462da73683f63a24d131a5,2026-03-30 04:24:42.901917+00:00,de,krone.at,krone.at,2026-03-30,Tourismusverband will sein Gespartes verschenken,https://www.krone.at/4092780
d73ba59e33ffd1bc68f9ba2d0ddcaa8d7e6aa6f59d94d212c7e87c36f4a4354a,2026-03-30 04:24:17.200508+00:00,de,krone.at,krone.at,2026-03-30,Franz Ferdinand: Als Wien zu Buenos Aires wurde,https://www.krone.at/4093008
e60e3dc0f2b2ce47d06f01feeca97a00a004e815307965175571cc8796a89731,2026-03-30 04:22:22.107977+00:00,de,orf.at,orf.at,2026-03-30,Trend zur fleischlosen Osterjause,https://kaernten.orf.at/stories/3346953/
8cf01e6c03d5822422c46879b95a6f9c60eb3782fd37aaa6ac44818af48773db,2026-03-30 04:22:04.101631+00:00,de,orf.at,orf.at,2026-03-30,Wunsch-Vorname für Studierende möglich,https://kaernten.orf.at/stories/3347614/
9f4591e63230046efcc8ad83cab52e5e902e58c01cfd7f69d591f7a4fc31211c,2026-03-30 04:21:27.707252+00:00,de,orf.at,orf.at,2026-03-30,UNO-Blauhelmsoldat im Südlibanon getötet,https://orf.at/stories/3425361/
be944f4b9d2ab73b88d12f9565b29b0724bd762ffaaf549c1e81d371081640f4,2026-03-30 04:19:57.312060+00:00,de,orf.at,orf.at,2026-03-30,Golfstaaten melden erneuten Beschuss,https://orf.at/stories/3425362/
9fcbed8817bb864c5cd9d53d0d72358bc5597f3052fe899784c1936e25b09dd5,2026-03-30 01:19:08.612835+00:00,de,orf.at,orf.at,2026-03-30,Klinikfusion in der Josefstadt,https://wien.orf.at/stories/3347909/
