id,indexed_date,language,media_name,media_url,publish_date,title,url
06bffa2df8603226a1144bfda70517dd717c6f7a3c728783886dccf458db0524,2026-04-19 22:22:39.855456+00:00,hu,24.hu,24.hu,2026-04-19,Keane a Fradi-veresége után: Még sosem láttam ilyen játékvezetői döntéseket,https://24.hu/sport/foci/2026/04/19/keane-a-fradi-veresege-utan-meg-sosem-lattam-ilyen-jatekvezetoi-donteseket/
826d424c85bdc6a6ddde9b0f86f3eb48e3b4daf93085a1a491f54d89782d647b,2026-04-19 21:18:42.072985+00:00,hu,24.hu,24.hu,2026-04-19,A nap legfontosabb hírei – 2026. április 19.,https://24.hu/belfold/2026/04/19/a-nap-hirei-2026-04-19/
9e609f9df732d83fdf3bf2d079370b7957ae2a65298fcf35980143d63b9cef62,2026-04-19 21:18:37.091853+00:00,hu,24.hu,24.hu,2026-04-19,Patkányméreggel szennyezett HiPP bébiételek: szándékos mérgezés történhetett,https://24.hu/kulfold/2026/04/19/patkanymereg-hipp-bebietel-nyomozas-mergezes/
0c654c65eefe630bb5c301024f30dbd9e9a1e9cfb649071e52ba86df39f853a8,2026-04-19 21:17:09.675754+00:00,hu,24.hu,24.hu,2026-04-19,"Megdobálták a brit koronaékszereket, bíróság elé kell állniuk",https://24.hu/kulfold/2026/04/19/brit-koronaekszerek-megdobalas-birosag/
bb40c77627c24905f0d4d1923e1d7fc2a49e758c034bec92a4ab3e37deeb8680,2026-04-19 20:25:00.981963+00:00,hu,24.hu,24.hu,2026-04-19,A végén jött a dráma: 82. perces góllal verte az ETO a Fradit és az élre állt,https://24.hu/sport/foci/2026/04/19/labdarugo-nb-i-eto-fc-gyor-ferencvaros/
52ac1be18edbfe11657c6364157b0c8beb58fda44b199ab073df168de6bac392,2026-04-19 19:21:14.285796+00:00,hu,24.hu,24.hu,2026-04-19,Leszerelteti az arcfelismerő rendszert a kórházakban Hegedűs Zsolt,https://24.hu/belfold/2026/04/19/hegedus-zsolt-egeszsegugyi-miniszter-arcfelismero-rendszer/
acb4a767e4c4ec72a4928961687fbf65172ae7c93cec5df711b1cefd3c875ddb,2026-04-19 19:19:43.519230+00:00,hu,24.hu,24.hu,2026-04-19,Párizsiak ezreit kellett evakuálni egy világháborús bomba miatt,https://24.hu/kulfold/2026/04/19/parizs-masodik-vilaghaborus-bomba-evakualas-kiurites/
ae1656db894de24224323419612085c2dbd9d21d9f596b52905f6385f9885ea4,2026-04-19 19:18:43.331713+00:00,hu,24.hu,24.hu,2026-04-19,"Egy ütközés után eszméletét vesztette, mentő vitte el az NB II-es kapust",https://24.hu/sport/foci/2026/04/19/karcag-ajka-mento-labdaurgo-nb-ii-szabados-istvan/
a47cd83e551feef2de75226394966e28685f5d2b50b4e6a60ef806a9f1d6f9c1,2026-04-19 19:18:16.432455+00:00,hu,24.hu,24.hu,2026-04-19,"Nem szállítok szemetet"" – nem engedte felszállni a buszsofőr a Tisza Párt plakátjaival érkező fiúkat Pásztón",https://24.hu/belfold/2026/04/19/buszsofor-tiltas-tisza-part-plakat-fiuk-paszto-volan-vizsgalat/
ae65d8785bfd04b20a105265bbfddf58fcdde969b080f8dbb5c3f48c2b9c64a9,2026-04-19 19:18:13.777405+00:00,hu,24.hu,24.hu,2026-04-19,"Milák utcahosszal, a világ idei legjobbjával nyert az ob-n",https://24.hu/sport/2026/04/19/uszo-ob-milak-kristof-aranyerem-vilag-idei-legjobbja/
782b15fe24a2462683cca145f8966bf641b60afa03a48758df351a6c21f2d62b,2026-04-19 19:18:04.780132+00:00,hu,24.hu,24.hu,2026-04-19,A franciák a B csapatukkal is esélyesek lennének: rangsoroltuk a világbajnokság 48 válogatottját,https://24.hu/sport/foci/2026/04/19/foci-vb-2026-erosorrend/
6d1144edb3ccebabf5334af4bc12b5b143bacc29f520c845f3b0405a66ccc92e,2026-04-19 18:33:51.755338+00:00,hu,444.hu,444.hu,2026-04-19,"A NER örökös belügyminisztereként, összesen 20 év után búcsúzik a rekorder Pintér Sándor",https://444.hu/2026/04/19/a-ner-orokos-belugyminiszterekent-osszesen-20-ev-utan-bucsuzik-a-rekorder-pinter-sandor?utm_source=rss_feed&utm_medium=rss&utm_campaign=rss_syndication
46991743ff126577ab52bd87893ab3e5ac1dec31dded827537752e7e3fc875a3,2026-04-19 18:33:32.756398+00:00,hu,444.hu,444.hu,2026-04-19,Nyolc gyereket öltek meg egy louisianai fegyveres támadásban,https://444.hu/2026/04/19/nyolc-gyereket-oltek-meg-egy-louisianai-fegyveres-tamadasban?utm_source=rss_feed&utm_medium=rss&utm_campaign=rss_syndication
142fba558f9b03cee206e7b71a6cf6f8b2e75befc989fc778a167a3d01ae3202,2026-04-19 18:33:27.095107+00:00,hu,444.hu,444.hu,2026-04-19,A Szerencsejáték Zrt. szerint a sorsolási események eredményét semmilyen módon nem lehet befolyásolni,https://444.hu/2026/04/19/a-szerencsejatek-zrt-szerint-a-sorsolasi-esemenyek-eredmenyet-semmilyen-modon-sem-lehet-befolyasolni?utm_source=rss_feed&utm_medium=rss&utm_campaign=rss_syndication
f5fedc54eea06d52da643ca501448480afc88ca6b9d21b322019b1ab0bbaa3c9,2026-04-19 18:33:21.748601+00:00,hu,444.hu,444.hu,2026-04-19,"Több környező országban visszahívták a HiPP-bébiételeket, miután patkánymérget találtak bennük",https://444.hu/2026/04/19/tobb-kornyezo-orszagban-visszahivtak-a-hipp-bebieteleket-miutan-patkanymerget-talaltak-bennuk?utm_source=rss_feed&utm_medium=rss&utm_campaign=rss_syndication
27d38cdeaab2a49f924b9a092dbcecc594a19b8e5defa655245b375ddd666c6b,2026-04-19 18:33:15.689720+00:00,hu,444.hu,444.hu,2026-04-19,"Orbán: Hétfőtől újraindul a szállítás a Barátságon, ezt követően Magyarország feloldja a 90 milliárd eurós hitel blokkolását",https://444.hu/2026/04/19/orban-hetfotol-ujraindul-a-szallitas-a-baratsagon-ezt-kovetoen-magyarorszag-feloldja-a-90-milliard-euros-hitel-blokkolasat?utm_source=rss_feed&utm_medium=rss&utm_campaign=rss_syndication
e35ed40f642e55577d4b16671e46a963cc18a7ea3f36b663a7450336dec9b4d1,2026-04-19 18:33:11.006813+00:00,hu,444.hu,444.hu,2026-04-19,"Wáberer György: Soha nem érdekelt, mit gondolnak rólam az olyan politikusok, mint Kocsis Máté",https://444.hu/2026/04/19/waberer-gyorgy-soha-nem-erdekelt-mit-gondolnak-rolam-az-olyan-politikusok-mint-kocsis-mate?utm_source=rss_feed&utm_medium=rss&utm_campaign=rss_syndication
e0095deb7a0b221724c001974e9af7fd272fbd25e79d76633fef443e3aeda33c,2026-04-19 18:33:05.697459+00:00,hu,444.hu,444.hu,2026-04-19,"Borbás Marcsi is visszaszólt Kocsis Máténak: Az árulás vádja méltatlan, és bízom benne, hogy visszahull a vádló fejére",https://444.hu/2026/04/19/borbas-marcsi-is-visszaszolt-kocsis-matenak-az-arulas-vadja-meltatlan-es-bizom-benne-hogy-visszahull-a-vadlo-fejere?utm_source=rss_feed&utm_medium=rss&utm_campaign=rss_syndication
be3915f4d4aed9064c6a7afa9ec6224be9939802b0d881e17e42707c5f65886b,2026-04-19 18:33:00.906611+00:00,hu,444.hu,444.hu,2026-04-19,"Tizenöt éve a cseh elnök ellopott egy tollat, most az utódja visszaadta",https://444.hu/2026/04/19/tizenot-eve-a-cseh-elnok-ellopott-egy-tollat-most-az-utodja-visszaadta?utm_source=rss_feed&utm_medium=rss&utm_campaign=rss_syndication
e9aefbf777c62f7f4a3e6687e6fd8b471c27299e52cd03192a855a5e06fb9112,2026-04-19 18:32:48.621794+00:00,hu,444.hu,444.hu,2026-04-19,"A Szentkirályi már akkor is létezett, amikor Orbán Viktor még azt sem tudta, hol van – válaszolta Balogh Levente, miután Kocsis Máté leárulózta",https://444.hu/2026/04/19/a-szentkiralyi-mar-akkor-is-letezett-amikor-orban-viktor-meg-azt-sem-tudta-hol-van-valaszolta-balogh-levente-miutan-kocsis-mate-learulozta?utm_source=rss_feed&utm_medium=rss&utm_campaign=rss_syndication
f0ed2c4aaebd6fcc3f4f3598a77ff7a1ef2c8ac8fbd42dcd1217df9f52b67211,2026-04-19 18:25:22.256800+00:00,hu,24.hu,24.hu,2026-04-19,Balhés felvezetés után hatgólos meccsen lett bajnok a Bayern,https://24.hu/sport/foci/2026/04/19/bayern-munchen-bajnoki-cim-stuttgart-szurkoloi-osszecsapas/
f2e84f3e8bdc6edf897ed083119dfbdcc392ecfa13b7ad364581d66f83c9ad6b,2026-04-19 18:24:23.863354+00:00,hu,24.hu,24.hu,2026-04-19,"Csodagól, bődületes hiba, Haaland-villanás: a győztes rangadó után a City már az Arsenal nyakában liheg",https://24.hu/sport/foci/2026/04/19/premier-league-manchester-city-arsenal-bajnoki-rangado/
4faa035cd1de4776d2f1d99559531e3b242a955a5fbb48f13b3829fd8b32bfdd,2026-04-19 18:24:00.920046+00:00,hu,24.hu,24.hu,2026-04-19,Már az első félidőben eldöntötte a kupadöntőt a Veszprém,https://24.hu/sport/2026/04/19/kezilabda-magyar-kupa-donto-veszprem-tatabanya/
8e6e82c913bf1aea728d50f05d3032e07216fa1145cff8a5d6f59823c61ecabb,2026-04-19 18:23:55.895118+00:00,hu,24.hu,24.hu,2026-04-19,"Litvánia, Lettország és Észtország nem engedi át Robert Fico gépét Moszkvába",https://24.hu/kulfold/2026/04/19/robert-fico-moszkva-gyozelem-napja-repules/
60875d54148c24d86e681f49b8891b4dd701549e4f829202c32c3dd9f6d5e6b1,2026-04-19 17:27:24.464035+00:00,hu,24.hu,24.hu,2026-04-19,"Lövöldözés volt Louisianában, nyolc gyermek meghalt",https://24.hu/kulfold/2026/04/19/louisiana-lovoldozes-gyerekek-csaladi-vita/
eac7d697bf457b669b04bed8605edbf735a9394310b4d8c3a0199d14a7ef2177,2026-04-19 17:27:04.255935+00:00,hu,24.hu,24.hu,2026-04-19,"Nouvelle Vague: Rögtönözték a forgatókönyvet, a rendező két óra után hazament, mégis klasszikus született",https://24.hu/kultura/2026/04/19/nouvelle-vague-az-uj-hullam-kritika-kifulladasig-film/
f1b6992811f1ba172e095fb74857688764575b3f1cd9096c782ac5d70e3068e2,2026-04-19 17:26:54.160691+00:00,hu,24.hu,24.hu,2026-04-19,"Borbás Marcsi visszaszólt Kocsis Máténak: Az árulás vádja méltatlan, és bízom benne, hogy visszahull a vádló fejére",https://24.hu/belfold/2026/04/19/borbas-marcsi-kocsis-matenak-arulas-fidesz/
4528c2f2095bb3ddac6f22e8091b415e1bfd9376e20b52b9a2b6f580fbe63962,2026-04-19 17:26:27.049058+00:00,hu,24.hu,24.hu,2026-04-19,Kézi-BL: idegenben KO-zta riválisát az ETO,https://24.hu/sport/2026/04/19/noi-kezilabda-bajnokok-ligaja-odense-gyori-eto-negyeddonto/
5f505520cd5f8a17292c8d41524fd64447262a579478243977829a3c27d21f16,2026-04-19 17:26:17.364741+00:00,hu,24.hu,24.hu,2026-04-19,Norvégia nyárig megegyezne az új magyar kormánnyal az EGT-alapból Magyarországnak járó 92 milliárd forint sorsáról,https://24.hu/kulfold/2026/04/19/norvegia-egt-alap-92-milliard-forint-tisza-magyar-peter/
5888a4fcd0184559f95e38656659abbc9623d018788843f71994fd26688fe56e,2026-04-19 17:25:46.091014+00:00,hu,24.hu,24.hu,2026-04-19,"Fegyverrel, kötélcsapdával várták őket"" – durva támadással vádolják a Bükki Nemzeti Park munkatársait a szabálytalan terepmotorosok",https://24.hu/belfold/2026/04/19/motor-tamadas-bukki-nemzeti-park-rendorseg/
ab33089189578b9b003cd7adcd8cdc8b6224500873f7a0d56fca63baadf61956,2026-04-19 15:33:03.427885+00:00,hu,24.hu,24.hu,2026-04-19,"Orbán bejelentést tett, az utolsó pillanatig blokkolja az Ukrajnának szánt EU-s hitelt",https://24.hu/belfold/2026/04/19/orban-bejelentes-ukrajna-eu-hitel-blokkol/
15e6e07c2533acf0338e55e3c740372f057fd78a98d0af90d5846de0559d18de,2026-04-19 15:32:45.945374+00:00,hu,24.hu,24.hu,2026-04-19,Évek óta az egekben vannak a magyarországi lakbérek – de mit lehet tenni ellenük?,https://24.hu/kultura/2026/04/19/alberlet-lakber-berles-szocialis-lakas-otthon/
20f86d053bc11322e8d4b244e4dbf430158087162f436a1c234818b5db622ccb,2026-04-19 15:32:31.025494+00:00,hu,24.hu,24.hu,2026-04-19,"Elütöttek egy elszabadult fekete bárányt Budapesten, mindkét lába eltört",https://24.hu/belfold/2026/04/19/elszabadult-fekete-barany-budapest-baleset/
733751da248a714a3905bbcdd5229d5c10fc32ff6d0308f3b9493f71b08b2676,2026-04-19 15:32:25.900348+00:00,hu,24.hu,24.hu,2026-04-19,Vallási okokra hivatkozva nem ad ki fogamzásgátlót egy budapesti gyógyszertár,https://24.hu/belfold/2026/04/19/fogamzasgatlo-budapesti-patika-budai-irgalmasrendi-korhaz-granatalma-gyogyszertar/
bbb3f0d14dfa55d9360b8a026a36edce07a3b3ebc0d93cac7a53415b4c3f4825,2026-04-19 15:32:11.047273+00:00,hu,24.hu,24.hu,2026-04-19,"Szoboszlai gólpassz a 100. percben, a Liverpool nyerte a derbit",https://24.hu/sport/2026/04/19/premier-league-everton-liverpool-szoboszlai-dominik-mohamed-szalah/
4d16385f8b9bb679518491a71bbb861939c65588a139c7e2990cca7c10565b3e,2026-04-19 15:32:05.314344+00:00,hu,24.hu,24.hu,2026-04-19,"Ez a két díszfasz még mindig nem érti, mi történt"" – üzente Majka Kocsis Máténak és Rákay Philipnek",https://24.hu/belfold/2026/04/19/majka-kocsis-mate-rakai-philip/
7d2a44a3c0c717dc71e2316068060d3e48f204f6f634e47ee8f5a9228ad1636a,2026-04-19 15:31:47.686772+00:00,hu,24.hu,24.hu,2026-04-19,A hatos lottó vasárnapi sorsolásán már nem vitték el a főnyereményt,https://24.hu/belfold/2026/04/19/hatos-lotto-sorsolas-fonyeremeny-valasztas-utani-het/
c0726b21fa0e2b29505aff8816f7a2754ec5c0fad6823f01cef12bfd43301136,2026-04-19 14:28:19.846092+00:00,hu,444.hu,444.hu,2026-04-19,"Újabb gyújtogatás zsidó célpont ellen Londonban, egy héten belül már a harmadik",https://444.hu/2026/04/19/ujabb-gyujtogatas-zsido-celpont-ellen-londonban-egy-heten-belul-mar-a-harmadik?utm_source=rss_feed&utm_medium=rss&utm_campaign=rss_syndication
3cadae0cad222c2f95a69ee7be26bacd865270d592f8f276ec54766759ed2103,2026-04-19 14:27:46.884446+00:00,hu,444.hu,444.hu,2026-04-19,Donald Trump üzent Iránnak: Nincs többé Mr. Kedves Srác!,https://444.hu/2026/04/19/donald-trump-uzent-irannak-nincs-tobb-mr-kedves-srac?utm_source=rss_feed&utm_medium=rss&utm_campaign=rss_syndication
853c238bfa02ff17e319cbde1ddea0f9e95f7f9b104377cd420b17ee4f1f791e,2026-04-19 14:27:28.307081+00:00,hu,444.hu,444.hu,2026-04-19,Gyurcsány Ferenc (író) egy hét elteltével reagált a választások eredményére,https://444.hu/2026/04/19/gyurcsany-egy-het-elteltevel-reagalt-a-valasztasok-eredmenyere?utm_source=rss_feed&utm_medium=rss&utm_campaign=rss_syndication
ed2738e59e80f5e69f26dfef570cc2b80e5ce2222fa7ec93a5633e0d1d23de41,2026-04-19 14:27:02.036939+00:00,hu,444.hu,444.hu,2026-04-19,Semmilyen fogamzásgátlót nem adnak ki a Budai Irgalmasrendi Kórház patikájában a rend szellemiségére hivatkozva,https://444.hu/2026/04/19/semmilyen-fogamzasgatlot-nem-adnak-ki-a-budai-irgalmasrendi-korhaz-patikajaban-a-rend-szellemisegere-hivatkozva?utm_source=rss_feed&utm_medium=rss&utm_campaign=rss_syndication
ad4911e8c4bd21589b9a698c4a6d092ba6fad7f9b6d623fd43f4e17a3394f9f2,2026-04-19 14:23:02.892102+00:00,hu,24.hu,24.hu,2026-04-19,"Selyemzsinórt kapott Orbántól, most kiderült, hol folytatja a parlamentből kieső fideszes képviselő",https://24.hu/belfold/2026/04/19/szabo-tunde-ugyved-parlament-kiesett-fidesz-kepviselo/
fff00bd000f03245ef4ef256529aab439ebadffa8b49caee8c53a832983d09d8,2026-04-19 14:22:21.818528+00:00,hu,24.hu,24.hu,2026-04-19,Tartós tűzifahiány alakulhat ki Magyarországon,https://24.hu/tudomany/2026/04/19/tuzifa-tuzifahiany-fenntarthatosag-rezsicsokkentes-energia/
807d4db9fc5e35143dd464e86dcdc784f0ad5682c59ae1e648f46212caa91600,2026-04-19 14:22:10.926208+00:00,hu,24.hu,24.hu,2026-04-19,"Jeszenszky Zsolt a vereségről: Orbán Viktor Indiában tudtán kívül bálványimádást követett el, ez lehet az oka",https://24.hu/belfold/2026/04/19/jeszenszky-zsolt-india-orban-viktor-balvanyimadas-vereseg-lehetsges-ok-hajdu-peter/
b19c06effbb97bea1f9e8e7904d8ddd994b3cd40e09a00910dcdceea9df74c22,2026-04-19 14:22:05.041729+00:00,hu,24.hu,24.hu,2026-04-19,Márciusban újra gyorsult a lakásárak emelkedése,https://24.hu/otthon/2026/04/19/ingatlanpiac-lakasarak-emelkedese/
a892526fdb15e2463b46914f436476c6b8d9e25ab79f66a6658fc8ea9767bb29,2026-04-19 14:21:41.828560+00:00,hu,24.hu,24.hu,2026-04-19,"Trump: Ha Irán nem fogadja el az ajánlatunk, minden egyes erőművet és hidat romba döntünk",https://24.hu/kulfold/2026/04/19/hormuz-szoros-trump-iran-amerika-fenyegetes/
4adba95d78c0acac59f6c4eb393a2362470aaa841a4899ee8499c19930b50678,2026-04-19 14:21:23.512786+00:00,hu,24.hu,24.hu,2026-04-19,Hemingway is megsiratta a magyar katona halálát,https://24.hu/tudomany/2026/04/19/zalka-mate-iro-katona/
86cf23e68821761cfa55a3949dd1bfc2a47b57bec970be73697a5ab7a5e58d26,2026-04-19 14:21:18.492532+00:00,hu,24.hu,24.hu,2026-04-19,Körömrágós meccsen a Fradi döntetlent játszott a BL-negyeddöntőben,https://24.hu/sport/2026/04/19/noi-kezilabda-bajnokok-ligaja-negyeddonto-ferencvaros-metz/
b32b88c7afa6f90ee1f4476747102cc5809c099bb80e448dc44af11f8da78ca8,2026-04-19 13:26:40.427863+00:00,hu,444.hu,444.hu,2026-04-19,DJ Jeszy megtalálta a vereség okát: az indiai útján bálványimádást elkövető Orbán szabadította el a negatív energiákat,https://444.hu/2026/04/19/dj-jeszy-megtalalta-a-vereseg-okat-az-indiai-utjan-balvanyimadast-elkoveto-orban-szabaditotta-el-a-negativ-energiakat?utm_source=rss_feed&utm_medium=rss&utm_campaign=rss_syndication
46e0c4472813a364aa29fa3f888d11d4637f98ae01639e57fa6fdb122496c1f6,2026-04-19 13:26:27.775884+00:00,hu,444.hu,444.hu,2026-04-19,Többen megsebesültek egy egyetemi campuson kitört lövöldözésben az Egyesült Államokban,https://444.hu/2026/04/19/tobben-megsebesultek-egy-egyetemi-campuson-kitort-lovoldozesben-az-egyesult-allamokban?utm_source=rss_feed&utm_medium=rss&utm_campaign=rss_syndication
a71f5e0a665d8064962c8765f42538cea92b250151d45e2eeec72029dca8e1c0,2026-04-19 13:18:54.978556+00:00,hu,24.hu,24.hu,2026-04-19,Vihar: riasztást adtak ki nyugat-dunántúli járásokra,https://24.hu/belfold/2026/04/19/riasztas-villamlas-jegeso-zivatar/
06cd9f317d11c2233403fa984f21a4b948dd5dff9c39a355751749997cb4bad2,2026-04-19 13:18:47.959561+00:00,hu,24.hu,24.hu,2026-04-19,Halálos baleset az autóversenyen – Max Verstappent is sokkolták a történtek,https://24.hu/sport/2026/04/19/autosport-halalos-baleset-juha-miettinen-max-verstappen-reakcio/
84b0081848da5cdd79f78b132ae90baf2a855d200b4120eba8780268680be45e,2026-04-19 13:18:41.931729+00:00,hu,24.hu,24.hu,2026-04-19,"Pikó András: Dopeman nehezen adja vissza a díszpolgárságát, ugyanis az nincs neki",https://24.hu/belfold/2026/04/19/piko-andras-dopeman-diszpolgarsag/
f1be23968bd1bdc0755b000536facad1491adafc1199819cfb7ead82156bc822,2026-04-19 13:18:30.497688+00:00,hu,24.hu,24.hu,2026-04-19,"Reagált a Szerencsejáték Zrt. az e heti ""gyanús"" lottónyereményekre: A sorsolási események eredményét semmilyen módon sem lehet befolyásolni",https://24.hu/belfold/2026/04/19/lotto-fonyeremeny-szerencsejatek-zrt-reakcio/
c6d11a8a1b9ae80f698dea5e47d0483a78a6d31501acfae6017263f98f31dd29,2026-04-19 13:18:25.786581+00:00,hu,24.hu,24.hu,2026-04-19,Itt a civilek jelentése a 2026-os választásról,https://24.hu/belfold/2026/04/19/valasztasok-civil-jelentes-mti/
bc05250b19400ab5c959f82d3bf1f0eed8364c62c7885f6515feb3142bd66f5a,2026-04-19 13:18:08.346615+00:00,hu,24.hu,24.hu,2026-04-19,"Auschwitzi szögesdrót, naprepülő és néma ügyvédek a hét képein",https://24.hu/kulfold/2026/04/19/nagyvilag-het-kepei-fotogaleria-5/
1ca8db1855e83c6d1b038cd1c4f163df792e8a9fc42db1b561738fc9b86df77e,2026-04-19 13:17:58.543514+00:00,hu,24.hu,24.hu,2026-04-19,"Balogh Levente: Orbán még azt sem tudta, hol van, amikor a Szentkirályi már létezett",https://24.hu/belfold/2026/04/19/balogh-levente-reakcio-kocsis-mate-orban-viktor/
9f4133c908df9655ca02b9e7710aa514424fcf2edd21f722b5ef6e14003e07d2,2026-04-19 13:17:53.509205+00:00,hu,24.hu,24.hu,2026-04-19,Szakértő: Pénzkidobás természetes vércukorcsökkentőket szedni,https://24.hu/tudomany/2026/04/19/termeszetes-vercukorcsokkentok-hatastalanok-cukorbetegseg/
a14701e1aa6869ddbf4b58530b49ec9492afb4e4f941de2f03e254546e1654f4,2026-04-19 13:17:38.473805+00:00,hu,24.hu,24.hu,2026-04-19,Az MSZP-s Tóth József visszakéri a Margitszigetet,https://24.hu/belfold/2026/04/19/ujlipotvaros-angyalfold-toth-jozsef-mszp-polgarmester-margitsziget/
6075d5fbda660bd33e3d6ee670f6417a51e6b28978bd0473d07b3dd7189852ed,2026-04-19 13:17:25.410278+00:00,hu,24.hu,24.hu,2026-04-19,"Világcsúccsal nyerte a félmaratont egy robot, pedig a hajrában felborult",https://24.hu/sport/2026/04/19/humanoid-robot-ilagcsucs-felmaraton/
ceb586b976b5f32e00247eecfd729cc644692198ed001e54695b01e701de55a8,2026-04-19 12:28:49.006666+00:00,hu,444.hu,444.hu,2026-04-19,Pócs János távozó Fidesz-képviselő a választások utáni helyzetről: Levágták a disznót,https://444.hu/2026/04/19/pocs-janos-tavozo-fidesz-kepviselo-a-valasztasok-utani-helyzetrol-levagtak-a-disznot?utm_source=rss_feed&utm_medium=rss&utm_campaign=rss_syndication
086a81b7fc08a1235e717279765526a8525fc9910b7f31f8db00c534863f6d89,2026-04-19 12:28:43.894588+00:00,hu,444.hu,444.hu,2026-04-19,"Norvégia nyárig szeretne megegyezni az új magyar kormánnyal az EGT-alap Magyarországnak szánt 91,8 milliárd forintjáról",https://444.hu/2026/04/19/norvegia-nyarig-szeretne-megegyezni-az-uj-magyar-kormannyal-az-egt-alap-magyarorszagnak-szant-918-milliard-forintjarol?utm_source=rss_feed&utm_medium=rss&utm_campaign=rss_syndication
bde4030a341802fa9f922429b11fd5ac120c5d40eb42a476db6aa8f7ebc147c2,2026-04-19 12:28:36.976919+00:00,hu,444.hu,444.hu,2026-04-19,"Magyar Péter hazaküldené a Magyarországra menekült korrupt külföldi politikusokat, de ez nem lesz egyszerű",https://444.hu/2026/04/19/magyar-peter-hazakuldene-a-magyarorszagra-menekult-korrupt-kulfoldi-politikusokat-de-ez-nem-lesz-egyszeru?utm_source=rss_feed&utm_medium=rss&utm_campaign=rss_syndication
2af5c45a99eacbc2efb89d2a6aa7f306fa7f261515473c9611e41cd26ea85004,2026-04-19 12:28:31.376693+00:00,hu,444.hu,444.hu,2026-04-19,„Az adóhatóság nyakig benne volt”,https://444.hu/2026/04/19/az-adohatosag-nyakig-benne-volt?utm_source=rss_feed&utm_medium=rss&utm_campaign=rss_syndication
38c16e1caac9f54ac95a7916fa55b2ad30d44e256d2258d1612166852c85b0f1,2026-04-19 12:28:26.792721+00:00,hu,444.hu,444.hu,2026-04-19,"A Tisza Budapesten és Csongrád-Csanádban volt a legerősebb, és még a legfideszesebb megyében is lenyomta a kormánypártot",https://444.hu/2026/04/19/a-tisza-budapesten-es-csongrad-csanadban-volt-a-legerosebb-es-meg-a-legfideszesebb-megyeben-is-lenyomta-a-kormanypartot?utm_source=rss_feed&utm_medium=rss&utm_campaign=rss_syndication
3f6621c54a4e9891208d70ba82e11369d68a4f20a54d83fe21160566692dd616,2026-04-19 12:28:21.523156+00:00,hu,444.hu,444.hu,2026-04-19,"A civil választási jelentés szerint a választási folyamatot rendszerszintű egyenlőtlenségek jellemezték, de a szavazás napja alapvetően rendben zajlott",https://444.hu/2026/04/19/a-civil-valasztasi-jelentes-szerint-a-valasztasi-folyamatot-rendszerszintu-egyenlotlensegek-jellemeztek-de-a-szavazas-napja-alapvetoen-rendben-zajlott?utm_source=rss_feed&utm_medium=rss&utm_campaign=rss_syndication
08ea2136bced684e2e6578a89d6c294787d79e0e14d4072934d262096713f02f,2026-04-19 12:28:16.650512+00:00,hu,444.hu,444.hu,2026-04-19,A kamu Magyar Péter tavaly júniusban kérdezett a szombathelyi Lázárinfón,https://444.hu/2026/04/19/a-kamu-magyar-peter-tavaly-juniusban-kerdezett-a-szombathelyi-lazarinfon?utm_source=rss_feed&utm_medium=rss&utm_campaign=rss_syndication
03ddd15146de948a44ceaf7c5a180a5575b0d0130005287702dfb3dbf9e82b2f,2026-04-19 12:28:04.615170+00:00,hu,444.hu,444.hu,2026-04-19,Medvejelmezben elkövetett biztosítási csalás miatt ítéltek el három embert Kaliforniában,https://444.hu/2026/04/19/medvejelmezben-elkovetett-biztositasi-csalas-miatt-iteltek-el-harom-embert-kaliforniaban?utm_source=rss_feed&utm_medium=rss&utm_campaign=rss_syndication
4c848f19f9dee8b6f30147bfefc0181468704ca91c0bdf73cd8e448eddda0e69,2026-04-19 12:27:37.732785+00:00,hu,444.hu,444.hu,2026-04-19,"Kocsis Máté: A Fidesz 0,1 százaléka, a sunyi, pénzéhes potyautasok hurkolták a kötelet a nyakunk köré",https://444.hu/2026/04/19/kocsis-mate-a-fidesz-01-szazaleka-a-sunyi-penzehes-potyautasok-hurkoltak-a-kotelet-a-nyakunk-kore?utm_source=rss_feed&utm_medium=rss&utm_campaign=rss_syndication
bfc8235068004884eb31d9abb8bfe61d269f87df86dc9115d03587679f7046f8,2026-04-19 12:27:16.986371+00:00,hu,444.hu,444.hu,2026-04-19,Esővel és jéggel érkezik a hidegfront,https://444.hu/2026/04/19/esovel-es-jeggel-erkezik-a-hidegfront?utm_source=rss_feed&utm_medium=rss&utm_campaign=rss_syndication
fe91ff0590890cec089fc98ea82f8d127cd875c7d888b0d89388999ea70c26ec,2026-04-19 12:27:12.553894+00:00,hu,444.hu,444.hu,2026-04-19,"Mark Rutte nem látja jelét, hogy az Egyesült Államok kilépne a NATO-ból",https://444.hu/2026/04/19/mark-rutte-nem-latja-jelet-hogy-az-egyesult-allamok-kilepne-a-nato-bol?utm_source=rss_feed&utm_medium=rss&utm_campaign=rss_syndication
62aa6d1e30b4c97911a21627731c4de64c69404a72e4224ce26e7d1a5fc0953b,2026-04-19 10:28:20.938921+00:00,hu,24.hu,24.hu,2026-04-19,Kocsis Máté: Borbás Marcsi egy áruló,https://24.hu/belfold/2026/04/19/kocsis-mate-arulo-borbas-marcsi/
b1b16f7d7fcbbffbca6231d1ea0309b446f084ebe3a76fbbd9812e81bc6f0e7f,2026-04-19 10:28:06.956808+00:00,hu,24.hu,24.hu,2026-04-19,"Összeesett egy férfi a patikában, a személyzet mentette meg az életét",https://24.hu/belfold/2026/04/19/osszeesett-egy-ferfi-a-patikaban-a-szemelyzet-mentette-meg-az-eletet/
f72b69fdf46c771f33bac2d75ad679e9ea1c22f9412bda52e71946018128c82d,2026-04-19 10:28:00.764364+00:00,hu,24.hu,24.hu,2026-04-19,Lakástűzben szörnyethalt egy ember Kállón,https://24.hu/belfold/2026/04/19/kallo-lakastuz-halaleset/
01a2d597de3caf773d827169e6a2acf1a15b2c4c1a23a3a30494e3daad79f643,2026-04-19 10:27:50.802013+00:00,hu,24.hu,24.hu,2026-04-19,"A németek egyik legnagyobb sztárja is lemaradhat a vb-ről, csapata közölte a hírt",https://24.hu/sport/foci/2026/04/19/serge-gnabry-foci-vb-2026-serules-bayern-munchen/
72f882f146cb5661f316b0df574769c517e53d2e2f94a7ca49f956683ac2f9d6,2026-04-19 10:27:39.884217+00:00,hu,24.hu,24.hu,2026-04-19,Patkányméreggel szennyeződött a HiPP bébiétele,https://24.hu/belfold/2026/04/19/patkanymereg-hipp-bebietel-ausztria/
f4455a4e20fe63073f32aa7139e81ccb7e6acd7d0758d6981408f5835552e187,2026-04-19 10:27:29.816290+00:00,hu,24.hu,24.hu,2026-04-19,Molnár Áron fiktív árnyékkormányt állított össze a Fidesznek: Tóth Gabinak és Gáspár Győzőnek is javasolt pozíciót,https://24.hu/szorakozas/2026/04/19/molnar-aron-fidesz-fiktiv-arnyekkormany/
b4c38de9e3819af5eaf0f92878dd132b48938ae470c18c63f5b60d83532a8f3f,2026-04-19 10:27:03.048029+00:00,hu,24.hu,24.hu,2026-04-19,"Elképesztő károkat okozunk, ha a hisztiző gyerek kezébe rögtön telefont nyomunk némi csöndért cserébe",https://24.hu/elet-stilus/2026/04/19/gyerekek-kepernyoido-telefon-tablet-szulok-tiltas/
a02147a9b6f60da795fb021bc120b4227947852716cc47b6915c76ede4a1db44,2026-04-19 10:26:57.232007+00:00,hu,24.hu,24.hu,2026-04-19,"Ami nem hiányzik, az egy magyar srác doppingesete az ország legmagasabban jegyzett csapatánál""",https://24.hu/sport/2026/04/19/kerekparsport-tour-de-hongrie-doppingugy-eisenkrammer-karoly/
f5bf8c00b5f7dc0eaeff210e8a218a3e2e48e6057ae80cb6487b6129df113516,2026-04-19 10:26:17.184547+00:00,hu,24.hu,24.hu,2026-04-19,Magyar Péter szerdai interjúi: a magyarok harmada szerint a közmédia munkatársai megérdemelték a hangnemet,https://24.hu/belfold/2026/04/19/europion-orban-kormany-kozjogi-meltosagok-lemondasa-magyar-peter-kozmedia-interju/
7000add1c802ba6e5e17b6e8258a0376591de8ad1889b7b51c596a3199cf88fc,2026-04-19 10:26:11.232656+00:00,hu,24.hu,24.hu,2026-04-19,"Borbély Alexandra Nagy Ervin politikai szerepvállalásának elejéről: Azt gondoltam, nem biztos, hogy ilyen családban akarok gyerekeket nevelni, mert félek",https://24.hu/szorakozas/2026/04/19/borbely-alexandra-nagy-ervin-politikai-szerepvallalas/
812a7b63dc9bb06c4b69a439e2db401f629e62feeea404f27bf2a0bec8d0d991,2026-04-19 09:19:48.241355+00:00,hu,24.hu,24.hu,2026-04-19,A választás utáni héten minden lottón elvitték a főnyereményt,https://24.hu/belfold/2026/04/19/lotto-fonyeremeny-valasztasok-utan/
cf1e7ad73bb870fa19853c894bae4863fb4cb0b699e76a69d98007666329c580,2026-04-19 08:23:05.164752+00:00,hu,24.hu,24.hu,2026-04-19,"Az év legjobb sajtófotóin lángokban áll a világ, de a pandák legalább még megvannak",https://24.hu/kultura/2026/04/19/az-ev-legjobb-sajtofotoin-langokban-all-a-vilag-de-a-pandak-legalabb-meg-megvannak/
c69cbc1af56cb7953eace98edd8f6bb85ca7e4a9c703162d4086f57faaa7b915,2026-04-19 08:22:17.435410+00:00,hu,24.hu,24.hu,2026-04-19,"Molnár Áron Curtis nyaralós fotója láttán: ""Nagyon érik, hogy leírjam a celebek valódi felelősségét ebben a kampányban""",https://24.hu/szorakozas/2026/04/19/molnar-aron-curtis-nyaralas-fidesz-kampany/
7f97b9324c6dc2b81c14e81115c82ce619f3896cbf2f91689cf1ab7f7abae257,2026-04-19 08:21:54.471975+00:00,hu,24.hu,24.hu,2026-04-19,Megmutatta új párját Simon Attila,https://24.hu/szorakozas/2026/04/19/simon-attila-uj-parja-foto/
42bf96b5db8f857d8c234f4be5d43f4a974122e64f1bfd807cc71d78c9abfe4b,2026-04-19 08:21:47.460752+00:00,hu,24.hu,24.hu,2026-04-19,"Hallottuk, hogy Eric szeret flörtölni"" – többszörös szexuális erőszak vádjába bukott bele a Demokrata Párt feltörekvő képviselője",https://24.hu/kulfold/2026/04/19/usa-eric-swalwell-demokrata-part-szexualis-eroszak-vadja/
aa8e153af501809e43d8f4dfd93922dd7b7dd288d4f15b948cf16c78e7e11d00,2026-04-19 08:21:41.489998+00:00,hu,24.hu,24.hu,2026-04-19,"Nem hiszem el kategória"" – Lengyel Tamás ledarált iratokkal teli kukát fotózott le az MTI hátsó bejáratánál",https://24.hu/szorakozas/2026/04/19/lengyel-tamas-ledaralt-iratok-mti/
4867cb6ba14d8ddb2b4b9aea86c4c84f182d06d9ba848baf5f29fd594f59ed6e,2026-04-19 07:27:20.403410+00:00,hu,24.hu,24.hu,2026-04-19,„Nem vesztegethetünk el egyetlen percet sem” – a kiesés után azonnal kirúgta edzőjét a Diósgyőr,https://24.hu/sport/foci/2026/04/19/nb-i-kieses-diosgyor-nebojsa-vignjevic-kirugas/
88da6fba7272fa6b6943b0cdfa29211bdb6d99624ec5af07665d8b4c955318c5,2026-04-19 06:28:21.550390+00:00,hu,444.hu,444.hu,2026-04-19,Szijjártó Péter 150 óra szünet után újra posztolt,https://444.hu/2026/04/19/szijjarto-peter-150-ora-szunet-utan-ujra-posztolt?utm_source=hirstart&utm_medium=referral&utm_campaign=ct
09b076219fa94fef12903e22b62f655d7bd07de709341e994e2b43536fa75f23,2026-04-19 06:28:15.368692+00:00,hu,444.hu,444.hu,2026-04-19,"Dopeman: Visszaadom a díszpolgárságomat, b*zdmeg",https://444.hu/2026/04/19/dopeman-visszaadom-a-diszpolgarsagomat-bzdmeg?utm_source=hirstart&utm_medium=referral&utm_campaign=ct
41caf89e8fb0d31063924071ae4b0dce0078dcd9f907e5c406a8a04abb5711f3,2026-04-19 06:18:52.042798+00:00,hu,24.hu,24.hu,2026-04-19,Észak-Korea ballisztikus rakétákat indított a Japán-tenger felé,https://24.hu/kulfold/2026/04/19/eszak-korea-ballisztikus-raketa-japan-tenger-2/
e71179caebc908c64b483567f0dfbaeb5971ae0706af5896df4e8196e9ca88ea,2026-04-19 05:29:43.750368+00:00,hu,444.hu,444.hu,2026-04-19,Észak-Korea ballisztikus rakétákat lőtt ki,https://444.hu/2026/04/19/eszak-korea-ballisztikus-raketakat-lott-ki?utm_source=rss_feed&utm_medium=rss&utm_campaign=rss_syndication
c94a2b9b7524f21a171b28c8eb48b8cc1f0aaffc9bae1a2e01e63eddd8987d67,2026-04-19 05:28:59.302892+00:00,hu,444.hu,444.hu,2026-04-19,Földbe állt a Magyar Ikárosz,https://444.hu/2026/04/19/foldbe-allt-a-magyar-ikarosz?utm_source=rss_feed&utm_medium=rss&utm_campaign=rss_syndication
7d26d94ad45a90e89531246c1deac58295ad00f7b9dc9c58159000d4e8ed4e8f,2026-04-19 05:26:36.961244+00:00,hu,24.hu,24.hu,2026-04-19,"Harcolhatsz egy kávézóból is. Ülhetsz egy laptop mögött kávét szürcsölgetve, miközben egy drónt irányítasz"" – Kátya már több mint egy évtizede háborúzik az oroszokkal",https://24.hu/kulfold/2026/04/19/bahmut-katya-onkentes-haboru-riport/
154ca8b770242820b92d98a943f1d6a664578ee4be0e90a9e3402288d806b545,2026-04-19 05:25:33.713191+00:00,hu,24.hu,24.hu,2026-04-19,"Hidegfront érkezik, lehűléssel a nyomában",https://24.hu/belfold/2026/04/19/idojaras-hidegrfornt-vasarnap/
ba7e9e62ec7952440606b9aff74f62df4e57047e57dab31bf8f2fa0d9d224e4c,2026-04-19 05:24:58.003871+00:00,hu,24.hu,24.hu,2026-04-19,Egy éve ilyenkor: tíz métert zuhant a menekülő hűtlen férj,https://24.hu/szorakozas/2026/04/19/egy-eve-ilyenkor-tiz-metert-zuhant-a-menekulo-hutlen-ferj/
5a4d67baca6cba2d6dc1fb9ca2761f43d8101fb75ea85da9a153dbd9942fe647,2026-04-19 03:25:03.565995+00:00,hu,24.hu,24.hu,2026-04-19,"Nagyot harcolt az Atlético a kupadöntőben, de tizenegyesekkel elvérzett",https://24.hu/sport/foci/2026/04/19/spanyol-kiraly-kupa-donto-real-sociedad-atletico/
8ab238dcc13c3d9701537b0d5f782338a2faa09edd984fa866865e39c10befa3,2026-04-19 03:24:18.530545+00:00,hu,24.hu,24.hu,2026-04-19,Földrajzi legek: mennyire vagy képben a Föld csúcstartóival?,https://24.hu/elet-stilus/2026/04/19/foldrajzi-vilagrekordok-kviz/
ad5a8ea1e7f065aae4e00a4d16d531fb1548924135c72f3b9f0154d39039a954,2026-04-19 03:23:09.431774+00:00,hu,24.hu,24.hu,2026-04-19,"Hálás lehet a Laziónak, szinte olasz bajnoknak érezheti magát az Inter",https://24.hu/sport/foci/2026/04/19/olasz-foci-serie-a-napoli-lazio/
b1807ef8cb6167642bcf67539ca3589818a8037958666c4b50f56f4cf2d44471,2026-04-18 20:33:27.902070+00:00,hu,24.hu,24.hu,2026-04-18,Milák már a középdöntőben a világ idei legjobbját úszta,https://24.hu/sport/2026/04/18/uszo-ob-milak-kristof-sarkany-zalan-ugrai-panna-jackl-vivien/
5f46481f174cb6a7843deabd3a5a62a8a3978c6ebde5c30f2c3d4af99949f913,2026-04-18 20:28:31.378597+00:00,hu,24.hu,24.hu,2026-04-18,A brit miniszterelnökkel egyeztetett Magyar Péter,https://24.hu/belfold/2026/04/18/keir-starmer-magyar-peter/
3a689e45e07f5205933631771143bb8d0b6cbf2f0775270b6e02de2df98db6d1,2026-04-18 20:28:22.117411+00:00,hu,24.hu,24.hu,2026-04-18,Hétfőn ül össze először a rekordnagyságú Tisza-frakció,https://24.hu/belfold/2026/04/18/hetfon-ul-ossze-eloszor-a-rekordnagysagu-tisza-frakcio/
5a482e1eadf35980d31a997a0ac022d4489ba8b00f88673c482d017615aa470f,2026-04-18 20:28:01.600139+00:00,hu,24.hu,24.hu,2026-04-18,Női kézilabda: kiesett a Dunaújváros és a Kozármisleny,https://24.hu/sport/2026/04/18/noi-kezilabda-kiesett-a-dunaujvaros-es-a-kozarmisleny/
c20823c1b8b85e65dbefafc537dd1faafa62b22abeda74120b537587d7d08689,2026-04-18 20:27:04.047697+00:00,hu,24.hu,24.hu,2026-04-18,"NB I: győzelmével megmenekült az MTK, kiesett a Diósgyőr",https://24.hu/sport/foci/2026/04/18/nb-1-megmenekult-az-mtk-kiesett-a-diosgyor/
4a346a1cc3f2ec32fb43335a2194b291cf5d6671d834c5c3eaad73d4290d741b,2026-04-18 20:26:51.654471+00:00,hu,24.hu,24.hu,2026-04-18,Földrengés tarolta le San Franciscót 120 éve,https://24.hu/tudomany/2026/04/18/san-francisco-foldrenges-1906/
53e944c51428dea32f7ee96fcef50159c6152b56751a3cedb3909eb7ccbe5643,2026-04-18 20:26:49.408813+00:00,hu,444.hu,444.hu,2026-04-18,Már a saját értelmiségi holdudvara is bolond királynak nevezi Donald Trumpot,https://444.hu/2026/04/18/mar-a-sajat-ertelmisegi-holdudvara-is-bolond-kiralynak-nevezi-donald-trumpot?utm_source=rss_feed&utm_medium=rss&utm_campaign=rss_syndication
eaa33468b33db83082bf52b2f041f325f9d6ff797d0cb73b2b56e217a04202e8,2026-04-18 20:26:27.635162+00:00,hu,444.hu,444.hu,2026-04-18,"Bukta a mandátumát az ember, akinek a titkosszolgálatokat kellett volna felügyelnie",https://444.hu/2026/04/18/bukta-a-mandatumat-az-ember-akinek-a-titkosszolgalatokat-kellett-volna-felugyelnie?utm_source=rss_feed&utm_medium=rss&utm_campaign=rss_syndication
bfd71837b3122b80dcdec70705e676265d73d1de935fa89e23286a30e885357a,2026-04-18 19:26:47.098074+00:00,hu,24.hu,24.hu,2026-04-18,Political Capital: Győzteskompenzáció nélkül is meglett volna a kétharmad a Tiszának,https://24.hu/belfold/2026/04/18/political-capital-gyozteskompenzacio-ketharmad/
2ef401497929aea837d6959d626890f166e8f685bcf1727fbdf7a8078cc3d221,2026-04-18 19:26:32.770040+00:00,hu,24.hu,24.hu,2026-04-18,A nap hírei – 2026. 04. 18.,https://24.hu/belfold/2026/04/18/a-nap-hirei-2026-04-18/
aefb6a111c349ef94232f33c780652ee0ce0ae21ef782f5ec05d64c49c8fca9b,2026-04-18 19:26:02.827144+00:00,hu,24.hu,24.hu,2026-04-18,"Az volt a legnehezebb, hogy elhitessem az embereimmel, egyikük sem fog meghalni"" – csernobili túlélő mesélt lapunknak az erőműnél töltött napjairól",https://24.hu/tudomany/2026/04/18/csernobil-szergej-beljakov-interju/
8a177c3bad4d587a8cdb806b6fadb39b51032d2964d79ab674d3b00cd22a060a,2026-04-18 18:30:13.062260+00:00,hu,444.hu,444.hu,2026-04-18,"Terrorizmust éltető, őrjöngő tiszások után mozgássérült bárányokkal és Toroczkai Lászlóval tért vissza a lecsavart Tények",https://444.hu/2026/04/18/terrorizmust-elteto-orjongo-tiszasok-utan-mozgasserult-baranyokkal-es-toroczkai-laszloval-tert-vissza-a-lecsavart-tenyek?utm_source=rss_feed&utm_medium=rss&utm_campaign=rss_syndication
0edef004b800d7be309f8ba06797c9a506a8c0be4697936b3a50e00fae10b9df,2026-04-18 18:30:08.511376+00:00,hu,444.hu,444.hu,2026-04-18,Válogatás nélkül lövöldözött az emberekre egy férfi Kijevben,https://444.hu/2026/04/18/valogatas-nelkul-lovoldozott-az-emberekre-egy-ferfi-kijevben?utm_source=rss_feed&utm_medium=rss&utm_campaign=rss_syndication
d8c9d2e70518c13ac5789d1c3abd0334ffedf5219d51f5edc6e01db78964e1e6,2026-04-18 18:27:58.632486+00:00,hu,24.hu,24.hu,2026-04-18,Megszámlálták az összes voksot: hatalmas rekordot döntött a Tisza,https://24.hu/belfold/2026/04/18/valasztas-vegeremeny-tisza-rekord/
dc6cf578e361562b3f6ff6c4041ffa3317413408db12cedbe5869d64afb1d48b,2026-04-18 18:27:40.535555+00:00,hu,24.hu,24.hu,2026-04-18,"Ötöslottó: elvitték a 6,78 milliárdos fődíjat",https://24.hu/tech/2026/04/18/otoslotto-nyeroszamok-676-milliard/
641db5c29ecde638c919793f5d19b5820cb0f7221d6512f48219b9be241dcb18,2026-04-18 18:25:52.372023+00:00,hu,24.hu,24.hu,2026-04-18,Palvin Barbi férje fegyvert fogott egy feltételezett betörőre,https://24.hu/szorakozas/2026/04/18/palvin-barbara-betoro-fegyver/
22c550e4dbd4d6d1afb58c9c6d104610f82af6acfe7a61ae359165eca552add2,2026-04-18 18:25:02.254685+00:00,hu,24.hu,24.hu,2026-04-18,Tóth Alexék továbbírták a Bournemouth klubrekordját,https://24.hu/sport/foci/2026/04/18/angol-foci-bournemouth-premier-league/
ae70cfb5b17c0d6fb9371face99129454c289d86ee81225f2053a6bb52179390,2026-04-18 18:24:26.782501+00:00,hu,24.hu,24.hu,2026-04-18,Legalább hat embert megölt egy lövöldöző Kijev utcáin,https://24.hu/kulfold/2026/04/18/lovoldozes-tuszejtes-kijev-szupermarket/
0cb5c28dec3137815faf7d3626cd93330b3931968de6c3d25a32fd4a40453627,2026-04-18 18:20:35.849515+00:00,hu,24.hu,24.hu,2026-04-18,A Tisza áradása Rogán titkosszolgálatokért felelős emberét is elsodorta,https://24.hu/belfold/2026/04/18/a-tisza-aradasa-rogan-titkosszolgalatokert-felelos-emberet-is-elsodorta/
e455346bf2cce674b6535b92e141115f307382f6b81cb56800426b9b265ce2d7,2026-04-18 17:25:04.136594+00:00,hu,444.hu,444.hu,2026-04-18,Az MSZP még hisz a feltámadásban,https://444.hu/2026/04/18/az-mszp-meg-hisz-a-feltamadasban?utm_source=rss_feed&utm_medium=rss&utm_campaign=rss_syndication
c4adf9bb105f855c0f6331357a49e82099cb2074ed01f4e0e42589f3766f729a,2026-04-18 17:24:54.094587+00:00,hu,444.hu,444.hu,2026-04-18,"Magyar Péter megismételt választást követel Sárváron, ahol csak egy kamu MP ráindítása miatt nyerhetett a fideszes Ágh",https://444.hu/2026/04/18/magyar-peter-megismetelt-valasztast-kovetel-sarvaron-ahol-csak-egy-kamu-mp-rainditasa-miatt-nyerhetett-a-fideszes-agh?utm_source=rss_feed&utm_medium=rss&utm_campaign=rss_syndication
75e71b7d2ba11022eb419935fd97b0a1bd197f068cefa3989c68a769efef2784,2026-04-18 17:24:48.358627+00:00,hu,444.hu,444.hu,2026-04-18,Három évvel a vereség után még mindig belharcokkal bajlódik a Fidesz lengyel szövetségese,https://444.hu/2026/04/18/harom-evvel-a-vereseg-utan-meg-mindig-belharcokkal-bajlodik-a-fidesz-lengyel-szovetsegese?utm_source=rss_feed&utm_medium=rss&utm_campaign=rss_syndication
293a2ed82279f1adddb16012fc5980e475b3df1c26ab47488524390a9c60a8ea,2026-04-18 17:24:37.475741+00:00,hu,444.hu,444.hu,2026-04-18,Kim Lane Scheppele: Magyar Péternek most aligátorok között kell átkelnie a smaragdváros felé vezető úton,https://444.hu/2026/04/18/kim-lane-scheppele-magyar-peternek-most-aligatorok-kozott-kell-atkelnie-a-smaragdvaros-fele-vezeto-uton?utm_source=rss_feed&utm_medium=rss&utm_campaign=rss_syndication
67f4795f2f6ecabe4c717c71237d5315d94322b05db112e5dc271f5e76894f97,2026-04-18 17:24:34.418995+00:00,hu,444.hu,444.hu,2026-04-18,"Borízű hang #266 [hosszú]: Rendszerváltás bukófordulóval, DJ Kühllel és megafonos pedagógiai asszisztensekkel",https://444.hu/2026/04/18/borizu-hang-266-hosszu-rendszervaltas-bukoforduloval-dj-kuhllel-es-megafonos-pedagogiai-asszisztensekkel?utm_source=rss_feed&utm_medium=rss&utm_campaign=rss_syndication
416c4fd599fd40771fff52bdaf7e210db7d622d61d1917032bb8e8f208044e73,2026-04-18 17:24:28.159505+00:00,hu,444.hu,444.hu,2026-04-18,"Robbanás volt éjjel egy németországi gyalogos aluljáróban, egy ember meghalt",https://444.hu/2026/04/18/robbanas-volt-ejjel-egy-nemetorszagi-gyalogos-aluljaroban-egy-ember-meghalt?utm_source=rss_feed&utm_medium=rss&utm_campaign=rss_syndication
b93ec5560ed87ec3b0204d42d101596ad729f9f93e15fcf8800da3fec0004d6e,2026-04-18 17:24:22.280335+00:00,hu,444.hu,444.hu,2026-04-18,A földcsuszamlás egyetlen adatban: 10-ből 9 fideszes elbukott az egyéni választókerületben,https://444.hu/2026/04/18/a-foldcsuszamlas-egyetlen-adatban-10-bol-9-fideszes-elbukott-az-egyeni-valasztokeruletben?utm_source=rss_feed&utm_medium=rss&utm_campaign=rss_syndication
c6f04a2379c249c304216ac13f5306147dd296a3014eb5ad7ea53d46a3721fed,2026-04-18 17:24:17.684822+00:00,hu,444.hu,444.hu,2026-04-18,Megöltek egy francia békefenntartót Libanonban,https://444.hu/2026/04/18/megoltek-egy-francia-bekefenntartot-libanonban?utm_source=rss_feed&utm_medium=rss&utm_campaign=rss_syndication
13225b7537c5081a954ced53056ee26fd0509e1cd82841895b0bcec251831eb7,2026-04-18 17:24:12.597721+00:00,hu,444.hu,444.hu,2026-04-18,Megzenésítették a Hír TV választási leolvadását,https://444.hu/2026/04/18/megzenesitettek-a-hir-tv-valasztasi-leolvadasat?utm_source=rss_feed&utm_medium=rss&utm_campaign=rss_syndication
0c7b51edc372e53f8c48620be75fd1cad6a2c2cefde6b3316639995282edbc61,2026-04-18 17:24:07.961452+00:00,hu,444.hu,444.hu,2026-04-18,Újra Lezsák Sándor lett a Nemzeti Fórum elnöke,https://444.hu/2026/04/18/ujra-lezsak-sandor-lett-a-nemzeti-forum-elnoke?utm_source=rss_feed&utm_medium=rss&utm_campaign=rss_syndication
ca6058b5d823592da3ea9b3a55e145950477e67422efb8b6842f4c02f11df396,2026-04-18 17:24:00.739924+00:00,hu,444.hu,444.hu,2026-04-18,Máris csupaszon áll a propaganda fala,https://444.hu/2026/04/18/maris-csupaszon-all-a-propaganda-fala?utm_source=rss_feed&utm_medium=rss&utm_campaign=rss_syndication
2d042d371fa6463c5b2368f49e4415baef65ab8bb8b18730812bc39ee0962984,2026-04-18 17:23:57.008964+00:00,hu,444.hu,444.hu,2026-04-18,Trump május közepéig engedélyezte az orosz olaj vásárlását,https://444.hu/2026/04/18/trump-majus-kozepeig-engedelyezte-az-orosz-olaj-vasarlasat?utm_source=rss_feed&utm_medium=rss&utm_campaign=rss_syndication
e7fe2240875a30b431f7a94de40e945e8a379246b3d39ef915b09e9787cb3ae6,2026-04-18 17:23:34.110201+00:00,hu,444.hu,444.hu,2026-04-18,"21 Kutatóközpont: Többen bíztak a változásban, mint ahányan tartottak annak kockázataitól",https://444.hu/2026/04/18/21-kutatokozpont-tobben-biztak-a-valtozasban-mint-ahanyan-tartottak-annak-kockazataitol?utm_source=rss_feed&utm_medium=rss&utm_campaign=rss_syndication
72d2e7ec37c23cfeff30035f09be2313bdaa7d13d4b259b3a598bcb07f04036c,2026-04-18 17:23:29.175156+00:00,hu,444.hu,444.hu,2026-04-18,"Még egy képviselői helyet nyert a Tisza az utolsó szavazatszámlálásokon, már 141-en vannak",https://444.hu/2026/04/18/meg-egy-kepviseloi-helyet-nyert-a-tisza-az-utolso-szavazatszamlalasokon-mar-141-en-vannak?utm_source=rss_feed&utm_medium=rss&utm_campaign=rss_syndication
7bad36ee7755b992f3110561b1bbf4eb4c6e5943465196d66b0df5eceaa502b2,2026-04-18 17:21:40.897560+00:00,hu,24.hu,24.hu,2026-04-18,"Outcome: Hiába vagy körülrajongott sztár, előbb-utóbb bocsánatot kell kérned",https://24.hu/kultura/2026/04/18/outcome-kritika-keanu-reeves-film-apple-tv/
c4a09519231a1d8e5a77a22b88616ed06d920ca250c8b766b2da5e9280b61b92,2026-04-18 17:21:34.410049+00:00,hu,24.hu,24.hu,2026-04-18,"Kutyaürülékkel teli lakásban ""nevelte"" 11 hónapos gyerekét",https://24.hu/belfold/2026/04/18/kutyaurulek-lakas-kiskoru-veszelyeztetes/
95f7caa306dc2e41e634d5cfcdd7b24b11b255d49a61fb6e77d0a8cc1275b88c,2026-04-18 17:21:29.411858+00:00,hu,24.hu,24.hu,2026-04-18,Megöltek egy ENSZ-békefenntartót Libanonban,https://24.hu/kulfold/2026/04/18/ensz-bekefenntarto-halala-libanon/
b240c4029148c395e667aa0bdeeecb64e2342175f550c233c28342aaf4cc1f4f,2026-04-18 17:21:24.708562+00:00,hu,24.hu,24.hu,2026-04-18,"Nem sikerült a bravúr, vereséggel nyitott a berlini futballistennő",https://24.hu/sport/foci/2026/04/18/nemet-bundesliga-noi-edzo-debutalas-marie-louise-eta/
eac429824e41ad6696c7d65b0a97805e09901fafd24e3ad2f6a94ce5390865d3,2026-04-18 16:18:03.024019+00:00,hu,24.hu,24.hu,2026-04-18,"Félre kell állnia"" – felszólalt Vidnyánszky Attila ellen a Független Előadó-művészeti Szövetség",https://24.hu/kultura/2026/04/18/vidnyanszky-attila-fesz-lemondas/
47fe21d6465eae9a5dff8d408f07fa965623d413c1d06e6344ad08f2052bc5e3,2026-04-18 16:17:57.934104+00:00,hu,24.hu,24.hu,2026-04-18,"Appelgren kispárgázta a sorsdöntő hetest, MK-döntős a Veszprém",https://24.hu/sport/2026/04/18/kezilabda-magyar-kupa-veszprem-szeged-2/
2a1f87cb45eb97cf79d3aa5fd03973acc371a7d8a7fae07bbca5793f37febabf,2026-04-18 16:17:53.289441+00:00,hu,24.hu,24.hu,2026-04-18,"BL-botrány: megrúgta a mentősöket, és eldobta az asszisztens zászlaját",https://24.hu/sport/foci/2026/04/18/azsiai-bajnokok-ligaja-botrany-verekedes/
fc07cde4d86f49eaf4cbe142636263ce2cdfc654173934c3d366b58ba0c78643,2026-04-18 16:17:27.221753+00:00,hu,24.hu,24.hu,2026-04-18,"Bár egyéniben kikapott, újraválasztotta Lezsák Sándort az egyesülete",https://24.hu/belfold/2026/04/18/lesak-sandor-nemzeti-forum/
36f9a3ba584b6a39557f63578705270dd08d35648cfb9d9a8b903fa252d9fbbe,2026-04-18 16:17:22.187029+00:00,hu,24.hu,24.hu,2026-04-18,Törökök vagy oszmánok támadtak Magyarországra?,https://24.hu/tudomany/2026/04/18/torok-oszman-birodalom-mohacs/
76ac778029d1b7e0b9c41b6339c41aec1c35586b98d031d868c932dcdd805b94,2026-04-18 15:19:03.459581+00:00,hu,24.hu,24.hu,2026-04-18,"Madas László: Reális forgatókönyv, hogy hamarosan másnapi járatokat törölnek légitársaságok",https://24.hu/kulfold/2026/04/18/legikozlekedes-kerozinhiany-madas-laszlo/
98af4a094ba0833d7e11c44ff16fa2ee96aa45f1b7e58e03a16ebb156efb3d9c,2026-04-18 15:18:30.040013+00:00,hu,24.hu,24.hu,2026-04-18,"Végre számít az én szavam is"" – elsőszavazók az Orbán-rendszer utolsó óráiban",https://24.hu/belfold/2026/04/18/valasztas-2026-elsoszavazok-orban-rendszer-kepgaleria/
2fd4a797b6dccb896dc36ced1f9565770e4f0263243e898c0eac43a92fb35562,2026-04-18 15:18:19.897540+00:00,hu,24.hu,24.hu,2026-04-18,Orbán nélkül nehezen tudja elképzelni a fideszes kemény mag,https://24.hu/belfold/2026/04/18/gyules-fidesz-vereseg-utan-a-nemzeti-oldal-ferencz-orosolya/
4bb1ee33a7eab6bbafc1dbe8fc3d1a675fa8c1e2ff6617d852b5928606b8d902,2026-04-18 15:17:26.705776+00:00,hu,24.hu,24.hu,2026-04-18,A Stranger Things sztárja is szerepel az új Rambo-filmben,https://24.hu/kultura/2026/04/18/david-harbour-john-rambo/
38ae17ee21027ebf03d28d03a7b91b2cab4676f9463c5df98423f0e65f461076,2026-04-18 14:19:06.089773+00:00,hu,24.hu,24.hu,2026-04-18,"Közös csapdába estek, akik egy lakásból négyet, egy házból kettőt csináltak",https://24.hu/otthon/2026/04/18/lakas-haz-felszabdalas-birsag/
ca9bded1d36f23baa818c31154a7c368a0b6555819eb6cb38a18a99aa4bdb096,2026-04-18 14:18:30.274030+00:00,hu,24.hu,24.hu,2026-04-18,"Normális, hogy a nappalinkban arra várnak, hogy pisiljünk?"" – félt az idegentől, nem engedte be a doppingellenőrt a wimbledoni teniszbajnok",https://24.hu/sport/2026/04/18/tenisz-doppingvetseg-marketa-vondrousova/
4592e8adbd04e6782c64d4d764994f856a3d48b7e95a198a0cad935cebe4da1c,2026-04-18 14:18:13.078710+00:00,hu,24.hu,24.hu,2026-04-18,Baleset miatt teljesen lezárták az M1-es autópálya egyik szakaszát,https://24.hu/belfold/2026/04/18/m1-es-autopalya-utlezaras-baleset/
587ffe5bf423a206a8c59283e543e55e3c2a3982ed23afbf07c64ff2783bb246,2026-04-18 14:17:55.328470+00:00,hu,24.hu,24.hu,2026-04-18,"Ágh Péter csalással nyert"" – Magyar Péter új választást követel a vasi 2-es körzetben",https://24.hu/belfold/2026/04/18/agh-peter-csalassal-nyert-magyar-peter/
3cdf5a0b3c58eae6c7d643f1e883f9f19637378f547e87397deedee57eaeb5f2,2026-04-18 14:17:44.635608+00:00,hu,24.hu,24.hu,2026-04-18,Meghalt Nathalie Baye francia színésznő,https://24.hu/kultura/2026/04/18/nathalie-baye-szineszno-halala/
5ba52a947c909ad0ae3401fb01865dd321ddb642dd93a699e1aaddc2bcf5c693,2026-04-18 13:18:10.166083+00:00,hu,24.hu,24.hu,2026-04-18,Tüzet nyitottak több hajóra a Hormuzi-szorosban,https://24.hu/kulfold/2026/04/18/iran-hormuzi-szoros-hajok-tuzet-nyitottak/
5789ecc9c2c25dcb1e619da5318b242d6407b83cb4a39a4672bf99bec10d4d28,2026-04-18 13:18:06.144034+00:00,hu,24.hu,24.hu,2026-04-18,Megfutamodtak Európa legbátrabb harcosai,https://24.hu/kulfold/2026/04/18/orban-szijjarto-unios-csucsok-kihagyjak-elemzes/
7eb2e06e39e08f049ce78a61c6632bf75aaee2c2a6044aa3053394212d60a15b,2026-04-18 12:23:41.408766+00:00,hu,24.hu,24.hu,2026-04-18,"Szarok a rendőrségre, lelőlek, baszod"" – videón egy büntetőfékező sofőr ámokfutása a Hungária körúton",https://24.hu/tech/2026/04/18/budapest-hungaria-korut-buntetofekezes-video/
b0470737a9fa6d351fb5b5a598c98de2e3f95181fff8749350f9e62a3240f477,2026-04-18 12:22:50.605592+00:00,hu,24.hu,24.hu,2026-04-18,"Annyi levegőt fújtam ki magamból, ami bele se fér a tüdőmbe"" – egy meleg pár három hónapig küzdött, hogy közösen vehessék fel az Otthon Start hitelt",https://24.hu/belfold/2026/04/18/bejegyzett-elettars-otthon-start-hitel/
b24548152af91ec0adb243fb4f47c2c69c953465fcf266d5bac69e9aec813719,2026-04-18 12:22:04.805817+00:00,hu,24.hu,24.hu,2026-04-18,Orbán Balázs a külföldi befolyást okolja a súlyos vereségért,https://24.hu/belfold/2026/04/18/orban-balazs-valasztas-vereseg-okai/
5f398f389fd4ae843cd17c4d5f7f0da0fdd1243f1b0b20bbb425d4c0ccabacb4,2026-04-18 12:21:49.606148+00:00,hu,24.hu,24.hu,2026-04-18,"A győzteskompenzációval behúzott még egy helyet a Tisza, 141 képviselője lesz a parlamentben",https://24.hu/belfold/2026/04/18/fidesz-tisza-szoros-korzet-vegeredmeny/
ee4a4656b6b61978b46df1b00cd969fd899a6f3c3cbb9eb11c54ab72529a44b9,2026-04-18 11:26:45.792466+00:00,hu,24.hu,24.hu,2026-04-18,"Családi"" fotók a haláltáborból – az Auschwitz-album története",https://24.hu/belfold/2026/04/18/csaladi-fotok-auschwitz-album-tortenete-heti-fortepan/
fbf3c811a4404bcf32760fc525bc9bddfb38b89a156527d9a81fe8a3a48c830d,2026-04-18 11:26:40.978057+00:00,hu,24.hu,24.hu,2026-04-18,A pénteki volt az év eddigi legmelegebb napja,https://24.hu/tudomany/2026/04/18/ev-eddigi-legmelegebb-napja-aprilis-17/
36e1a9947aadbbe711c4a514c90be765aa1a57ea5c98908b5a88cb25264101f9,2026-04-18 11:25:31.941650+00:00,hu,24.hu,24.hu,2026-04-18,"Nyolc éve még a negyedosztályban szenvedett, de Lamparddal az élvonalba jutott a Coventry",https://24.hu/sport/foci/2026/04/18/angol-foci-coventry-city-feljutas-frank-lampard/
17e8f80e678de3efa215ef7b8154d8da3468453b88dfd1fbff2817d074b7c4ae,2026-04-18 11:25:27.038745+00:00,hu,24.hu,24.hu,2026-04-18,Fordulat a Közel-Keleten: Irán ismét lezárta a Hormuzi-szorost,https://24.hu/kulfold/2026/04/18/iran-hormuzi-szoros-donald-trump-kikoto-blokad/
6112d1a4f477ba83c49fe6b572943b4ec198b50ad995994aefbfb7e444723304,2026-04-18 11:23:38.986061+00:00,hu,444.hu,444.hu,2026-04-18,Irán ismét lezárta a Hormuzi-szorost,https://444.hu/2026/04/18/iran-ismet-lezarta-a-hormuzi-szorost?utm_source=rss_feed&utm_medium=rss&utm_campaign=rss_syndication
90fd2f7fefda028699e3fd5ea9bf6649626ba9df91c626d516a4d362e25fd00e,2026-04-18 11:23:34.022202+00:00,hu,444.hu,444.hu,2026-04-18,"Stabil Magyarország csak akkor lesz, ha többé senki nem szerezhet simán kétharmadot",https://444.hu/2026/04/18/stabil-magyarorszag-csak-akkor-lesz-ha-tobbe-senki-nem-szerezhet-siman-ketharmadot?utm_source=rss_feed&utm_medium=rss&utm_campaign=rss_syndication
a4de85aa60b1ba5cc1149b3a052559be5dc3bf183ff95a78c56f18b1ee43f0c4,2026-04-18 11:23:18.415367+00:00,hu,444.hu,444.hu,2026-04-18,Fegyverrel fenyegetőzött egy őrjöngő autós a Hungária körúton,https://444.hu/2026/04/18/fegyverrel-fenyegetozott-egy-orjongo-autos-a-hungaria-koruton?utm_source=rss_feed&utm_medium=rss&utm_campaign=rss_syndication
3c34a64c8d00aff16dc736b2d64f3c56fdcab0b91bfff6a2a4f4f957d3a60cf0,2026-04-18 11:23:13.464330+00:00,hu,444.hu,444.hu,2026-04-18,"Csányi Sándor nem érti a vagyonadót, Bojár Gábor viszont igazságosnak gondolja",https://444.hu/2026/04/18/csanyi-sandor-nem-erti-a-vagyonadot-bojar-gabor-viszont-igazsagosnak-gondolja?utm_source=rss_feed&utm_medium=rss&utm_campaign=rss_syndication
3df7d64c4f16d5c16709e59ac95e014ef270769e90b6fa25311ee9ed43efbce7,2026-04-18 11:22:56.850076+00:00,hu,444.hu,444.hu,2026-04-18,Hétvégi olvasni- és néznivalók a NER bukása utáni hétről,https://444.hu/2026/04/18/hetvegi-olvasni-es-neznivalok-a-ner-bukasa-utani-hetrol?utm_source=rss_feed&utm_medium=rss&utm_campaign=rss_syndication
6cf544328d0fc8896617db6cd937de860870a7c78e218e2e13fa366f89653b9a,2026-04-18 11:22:51.298303+00:00,hu,444.hu,444.hu,2026-04-18,Trump hirtelen nagyon vallásos lett,https://444.hu/2026/04/18/trump-hirtelen-nagyon-vallasos-lett?utm_source=rss_feed&utm_medium=rss&utm_campaign=rss_syndication
5035a74f46fd59ab4ee4d840f524f4d2f0f44363c565ee942677927db1012abe,2026-04-18 11:22:47.143616+00:00,hu,444.hu,444.hu,2026-04-18,"Zsebi, Lolka, Pacsi, Pizsi és a többiek: 10 zebra van a Mészáros Lőrinchez kötődő vadásztársaság tulajdonában",https://444.hu/2026/04/18/zsebi-lolka-pacsi-pizsi-es-a-tobbiek-10-zebra-van-a-meszaros-lorinchez-kotodo-vadasztarsasag-tulajdonaban?utm_source=rss_feed&utm_medium=rss&utm_campaign=rss_syndication
15cb789de296f49e6a2a487f3656417b1ff175e262ff7d99103ca8931507a4ac,2026-04-18 11:22:41.449583+00:00,hu,444.hu,444.hu,2026-04-18,Trump sejtelmesen annyit mondott: „Meglehetősen jó hírek érkeztek Iránról”,https://444.hu/2026/04/18/trump-sejtelmesen-annyit-mondott-meglehetosen-jo-hirek-erkeztek-iranrol?utm_source=rss_feed&utm_medium=rss&utm_campaign=rss_syndication
f7044a8d9116728f02fa2c5711f011ea7828c2bc4e3922841f35ccddd15af35d,2026-04-18 11:22:36.474138+00:00,hu,444.hu,444.hu,2026-04-18,"Orbánék hagyják, hogy Magyar Péterék döntsenek az árrés- és kamatstopokról",https://444.hu/2026/04/18/orbanek-hagyjak-hogy-magyar-peterek-dontsenek-az-arres-es-kamatstopokrol?utm_source=rss_feed&utm_medium=rss&utm_campaign=rss_syndication
387cd130a10ba6f156d7a1f2aa67d7e25a7f5175f3dcb9bb9c9cd192d5fa2b0e,2026-04-18 11:22:33.537553+00:00,hu,444.hu,444.hu,2026-04-18,„Mintha Kokó kiütötte volna Muhammad Alit” – Font Sándort 28 év után sodorta el a Tisza áradása,https://444.hu/2026/04/18/mintha-koko-kiutotte-volna-muhammad-alit-font-sandort-28-ev-utan-sodorta-el-a-tisza-aradasa?utm_source=rss_feed&utm_medium=rss&utm_campaign=rss_syndication
9949ae9bad26ce83c5b8896326a9ad23f5ce78cdcb008247e75f74b16088705b,2026-04-18 11:22:26.413724+00:00,hu,444.hu,444.hu,2026-04-18,"Ukrajna olajfinomítókat, Oroszország az energetikai infrastruktúrát támadta",https://444.hu/2026/04/18/ukrajna-olajfinomitokat-oroszorszag-az-energetikai-infrastrukturat-tamadta?utm_source=rss_feed&utm_medium=rss&utm_campaign=rss_syndication
ce6f111cf3c51c3fa341a3296f7cfa5bea5bfdb25627737033f5802b5b987199,2026-04-18 11:22:21.558754+00:00,hu,444.hu,444.hu,2026-04-18,"Bejött a kamu Magyar Péter trükkje, a fideszes jelölt megnyerte a sárvári körzetet",https://444.hu/2026/04/18/bejott-a-kamu-magyar-peter-trukkje-a-fideszes-jelolt-megnyerte-a-sarvari-korzetet?utm_source=rss_feed&utm_medium=rss&utm_campaign=rss_syndication
baec7441607cdc3be66277ae7cd8320adb69b67b915a1ba394f73449ff86066a,2026-04-18 11:22:11.640932+00:00,hu,444.hu,444.hu,2026-04-18,Japánban új nevet találtak ki a 40 foknál forróbb napokra,https://444.hu/2026/04/18/japanban-uj-nevet-talaltak-ki-a-40-foknal-forrobb-napokra?utm_source=rss_feed&utm_medium=rss&utm_campaign=rss_syndication
8495a1d8a825882a3a7f08e1b122a792f52c1640a295eb85e6ea828d6e06d5e2,2026-04-18 11:21:57.068267+00:00,hu,444.hu,444.hu,2026-04-18,Bayer Zsolt szerint egyáltalán nem kell a Fidesznek megpróbálni megszólítani a kormányváltást akaró fiatalokat,https://444.hu/2026/04/18/bayer-zsolt-szerint-egyaltalan-nem-kell-a-fidesznek-megprobalni-megszolitani-a-kormanyvaltast-akaro-fiatalokat?utm_source=rss_feed&utm_medium=rss&utm_campaign=rss_syndication
64e04401a95ef51fe741a855e9da937a23e099b4a7161182f573bd0f7c95a76a,2026-04-18 10:27:54.042395+00:00,hu,24.hu,24.hu,2026-04-18,21 Kutatóközpont: A korábbi szavazótáborok mindegyikéből elszívott a Tisza,https://24.hu/belfold/2026/04/18/21-kutatokozpont-meres-partpreferencia-valasztas-elott/
edd67ea9ea1cc05e5d9aab84d9e93d08dc283b6de34442e57949177194eff518,2026-04-18 10:27:48.927427+00:00,hu,24.hu,24.hu,2026-04-18,"UNICEF: Izraeli katonák megölték az ENSZ Gyermekalapjának két sofőrjét, akik ivóvizet szállítottak",https://24.hu/kulfold/2026/04/18/izraeli-unicef-soforok-megoltek/
887671ad8a8bfb7b8a87ff4126e888a471d16b8dbece715ee14a2c01048c51a5,2026-04-18 10:27:14.202694+00:00,hu,24.hu,24.hu,2026-04-18,"Papp Bence, Tóth Alex ügynöke: Ali szemmel látható módon nem rúgja tökön magát Bournemouthban",https://24.hu/sport/foci/2026/04/18/papp-bence-toth-alex-atigazolas-pl-bournemouth/
cc20a0bea46df766c5fa6a132a556d9734879bc809cbbab6b541fb6516b5e265,2026-04-18 10:27:04.493907+00:00,hu,24.hu,24.hu,2026-04-18,"ByeAlex szerint a Fidesz rosszul döntött, amikor olyan előadókkal kampányoltatott, mint Curtis vagy Dopeman",https://24.hu/szorakozas/2026/04/18/byealex-valasztasok-politika-magyarsag/
fc62cac9fb471426cb05b8dec2a870ac3403739d93f2f51e26ef3e37e1fd90b1,2026-04-18 09:28:14.199005+00:00,hu,24.hu,24.hu,2026-04-18,"Vizsgálatot indít a klinika, ahol az egyik orvosnál az a felirat szerepelt: ""tiszás szavazókat nem lát el""",https://24.hu/tech/2026/04/18/klinika-orvos-tiszas-szavazo-nem-lat-el-vizsgalat/
f7ff2f1f1a8861639425ef71bfcb4fb43db6fda0092b88b7c53b7b1bbae703ae,2026-04-18 09:27:00.288435+00:00,hu,24.hu,24.hu,2026-04-18,"Külföldi bűnszervezetekhez köthető emberölések történhettek Magyarországon, a holttestek nem kerültek elő",https://24.hu/belfold/2026/04/18/alvilag-emberolesek-nincs-holttest/
d1b69cc2e11854cb098d5f2152f9bd75b9e5369e619a44c4077f427ed36d5c30,2026-04-18 09:26:05.218109+00:00,hu,24.hu,24.hu,2026-04-18,Háromnapos nemzeti gyász: meghalt minden idők egyik legjobb kosárlabdázója,https://24.hu/sport/2026/04/18/kosarlabda-gyasz-halal-oscar-schmidt/
e8277feca576b933e09e86e72383601a74cc495dd03127d7543e885bb5d0e773,2026-04-18 09:25:35.065455+00:00,hu,24.hu,24.hu,2026-04-18,"Öt évre rektor marad Trócsányi László, volt fideszes igazságügyi miniszter",https://24.hu/belfold/2026/04/18/trocsanyi-laszlo-rektor-karoli-igazsagugyi-miniszter/
eba42c1c5617ec83facaf83f363b9287b1134387cbd6704afcf4f84e2250737f,2026-04-18 09:18:05.794787+00:00,hu,24.hu,24.hu,2026-04-18,Szombaton tovább csökken a benzin és a gázolaj ára,https://24.hu/tech/2026/04/18/tovabb-csokken-benzin-gazolaj-ar/
3d47efe21dd4f681d1ba9372887a38d31015ce7376d2552a56383e54e529643b,2026-04-18 09:17:17.804480+00:00,hu,24.hu,24.hu,2026-04-18,Hadházynak válaszolt a Nébih: Tíz zebra van a Mészáros Lőrinchez köthető vadásztársaság tulajdonában,https://24.hu/belfold/2026/04/18/hadhazy-akos-hatvanpuszta-zebra-meszaros-lorinc-vadasztarasag/
dc7c438b3fd546e74c0b4aef2b0bee9dc156cc856440ee3816563acf1319d55f,2026-04-18 08:33:01.672460+00:00,hu,444.hu,444.hu,2026-04-18,"Orbán Balázs: Mindig láttunk egy ösvényt, ami a győzelembe vezet",https://444.hu/2026/04/18/orban-balazs-mindig-lattunk-egy-osvenyt-ami-a-gyozelembe-vezet?utm_source=hirstart&utm_medium=referral&utm_campaign=ct
5bc02b16be473f26fcb4c421c7fb5ed344f776ecc32f0318549358035c7c078f,2026-04-18 08:27:55.892264+00:00,hu,24.hu,24.hu,2026-04-18,"Nagy Feró szerint ""gyűlöletszavazás"" történt április 12-én",https://24.hu/szorakozas/2026/04/18/nagy-fero-valasztasok-gyuloletszavazas/
f17b32f6d07628ff53d57d6f8b89b3edcaacf0f0f0e583cc2827b3653b1e0ed0,2026-04-18 08:25:46.292575+00:00,hu,444.hu,444.hu,2026-04-18,Sulyok Tamás már most kinevezte a jövőre induló újabb ötéves ciklusra Trócsányi Lászlót a Károli rektorává,https://444.hu/2026/04/18/mar-most-kineveztek-a-jovore-indulo-oteves-ciklusra-trocsanyi-laszlot-a-karoli-gaspar-reformatus-egyetem-rektorava?utm_source=hirstart&utm_medium=referral&utm_campaign=ct
5fa9a07d0389fc67284aa3268368fe6257a973a527d096732ff8cfa7fa3eb89f,2026-04-18 08:24:13.888775+00:00,hu,444.hu,444.hu,2026-04-18,Magyar Péter Bujdosó Andreát jelöli a Tisza frakcióvezetőjének,https://444.hu/2026/04/18/magyar-peter-bujdoso-andreat-jeloli-a-tisza-frakciovezetojenek?utm_source=hirstart&utm_medium=referral&utm_campaign=ct
5a7f35b6d69252cf648613d46d48fa2688792a1a6f6d3bb5b0ba721e4946bcc0,2026-04-18 08:20:30.806827+00:00,hu,24.hu,24.hu,2026-04-18,Bódog Tamás a 7-2-es vereség után: Hogy most kikaptunk? Pont tojok rá nagy ívben!,https://24.hu/sport/foci/2026/04/18/ujpest-nyiregyhaza-szelesi-zoltan-bodog-tamas/
7ae24f61c52fdb94722d745302be148eaae3b362227679f56670321d58303197,2026-04-18 08:18:50.483895+00:00,hu,24.hu,24.hu,2026-04-18,"Készüljön, ha az MBH-nál bankol: órákig nem lehet majd pénzt felvenni",https://24.hu/tech/2026/04/18/mbh-bank-megszakadas-karbantartas/
550fcfa7af767284b05c9b44af1a51b130584bb6f1f7fc300b0270ee49039df2,2026-04-18 08:18:35.594838+00:00,hu,24.hu,24.hu,2026-04-18,Ezek a legszebb településnevek Magyarországon,https://24.hu/tudomany/2026/04/18/legszebb-telepulesnevek-magyarorszagon-enyelv-szavazas/
78a314e2751da7f11cb131f49f755392cdfceb5906e9839fbec927a09b630595,2026-04-18 08:18:16.398496+00:00,hu,24.hu,24.hu,2026-04-18,"Molnár Áron: Azt mondtam magamnak, a választások után pihenek, de pár dologgal nem számoltam",https://24.hu/szorakozas/2026/04/18/molnar-aron-kozugyek-tartalomgyartas/
41aa65a5dc73b9d8dbae2f545caf13fdf4c233f491fe278a1fbd0da75dac1935,2026-04-18 08:18:03.142817+00:00,hu,24.hu,24.hu,2026-04-18,Marad az árrésstop és a védett üzemanyagár,https://24.hu/belfold/2026/04/18/arresstop-vedett-uzemanyagar-kormanyrendelet/
81f6b568b3cc661505011cb634f7b5bf8f9b3a7a26e38c93e641e2c8ba54632e,2026-04-18 08:17:29.088821+00:00,hu,24.hu,24.hu,2026-04-18,"Kiszámolták, mikor lehet bajnok legkorábban az Inter",https://24.hu/sport/foci/2026/04/18/serie-a-inter-gyozelem-kozel-a-bajnoki-cim/
821b66ad15f74a0159376ba719cba6ff4eee3220a8e2a63eecd7a53d07eed658,2026-04-18 08:17:14.603379+00:00,hu,24.hu,24.hu,2026-04-18,"24/7: Ezt a hetet lehetetlen volt előre elképzelni, és még csak hat napja tart",https://24.hu/belfold/2026/04/18/24per7-valasztas-katarzis-orban-viktor/
8de70fd12035ff56ca5e341af0e2e0b1b2f3e99cc5d72517548c53e799e99f92,2026-04-18 08:17:09.354870+00:00,hu,24.hu,24.hu,2026-04-18,"Megvan, kit javasol Magyar Péter a Tisza frakcióvezetőjének",https://24.hu/belfold/2026/04/18/bujdoso-andrea-tisza-frakciovezeto-magyar-peter/
13b454aa109fc78b9b33720ce8e5d4b3198177e606c9f4787a4d90f7b0c0506b,2026-04-18 06:31:50.579635+00:00,hu,24.hu,24.hu,2026-04-18,Trump: Elég jó hírek érkeztek Iránból,https://24.hu/belfold/2026/04/18/donald-trump-iran-jo-hirek/
81966024c23afc391b47936c792da704ff2bcf964cbc6b9a884797a9ae7edf7f,2026-04-18 06:31:24.318772+00:00,hu,24.hu,24.hu,2026-04-18,"Élvezze ki a szombati napsütéses időt, mert jön a hidegfront",https://24.hu/tudomany/2026/04/18/idojaras-elorejelzes-napsutes-hidegfront-eso/
2e83aac9c245b14d2ac157aacfcce4a1b5468d701a1d9ad2bbfd5a0b66216fc2,2026-04-18 06:31:19.238529+00:00,hu,24.hu,24.hu,2026-04-18,"Vidnyánszky Attila elmondta, miért nem hirdette még meg az új évadot a Nemzeti Színházban a kormányváltás után",https://24.hu/kultura/2026/04/18/vidnyaszky-attila-interju-nemzeti-szinhaz/
df31c3e4b1105171ea0cd666cabdd96ea229466ee4ac93ecc7c6f3165b9b3041,2026-04-18 06:31:11.856285+00:00,hu,24.hu,24.hu,2026-04-18,Harmadik gyerekét várja Natalie Portman,https://24.hu/szorakozas/2026/04/18/natalie-portman-harmadik-baba-varandossag/
18f1881a04d58ad18ef4cd0f15a26dc5d9dd361fa18576830123c3eb489f90ce,2026-04-18 06:31:05.821396+00:00,hu,24.hu,24.hu,2026-04-18,"Kilenc nap után megmenekült az állatkertből elszökött farkas, aki miatt a dél-koreai elnöknek is meg kellett szólalnia",https://24.hu/tudomany/2026/04/18/del-korea-allatkert-farkas-szokes/
5ab1b69d6ce94cc67415600e4be1b074c72b19193894fa165c72a6d0f39070f2,2026-04-18 06:31:01.203859+00:00,hu,24.hu,24.hu,2026-04-18,"Ebben a három kerületben még a Fidesz vezet, de könnyen megfordulhat az állás",https://24.hu/belfold/2026/04/18/nvi-atfordulas-fidesz-tisza-szavazatok/
19a7d9c66f807581c776d112ffb6aeca1f056ec63cd876dfe61d1bcf3d11d121,2026-04-18 06:30:55.752659+00:00,hu,24.hu,24.hu,2026-04-18,"Rubint Réka megkapta 7. kemoterápiás kezelését, ezt üzente utána követőinek",https://24.hu/szorakozas/2026/04/18/rubint-reka-kemoterapia-uzenet/
62eb050d38a63a332594097118432490163284af8ae5bae437f5153b7a9cfb96,2026-04-18 06:20:52.441022+00:00,hu,24.hu,24.hu,2026-04-18,"Csontvázak? Egész csontkamrák hullanak majd ki a szekrényből"" – mire számíthatunk a kormányzati átadás-átvételnél?",https://24.hu/belfold/2026/04/18/kormanyzat-atadas-atvetel-szigetvari-viktor-ligeti-miklos/
75a3f5876525b90629e44284f5b69a370150c74b2131d7e4e3eb5442aad62693,2026-04-18 04:27:32.900352+00:00,hu,24.hu,24.hu,2026-04-18,"Miután megtudta, mennyit kereshet a kutyájával, felmondott a munkahelyén egy brit asztalos",https://24.hu/szorakozas/2026/04/18/asztalos-felmondott-kutya-tobbet-keres-influenszer/
de0dc548c1eff852cda0054d686f08fbce318e39c083cecf283e55bb9883d6d0,2026-04-18 04:26:25.463522+00:00,hu,24.hu,24.hu,2026-04-18,Geometriakvíz: hány tizedesjegyig tudod a pi értékét?,https://24.hu/elet-stilus/2026/04/18/geometriakviz-hany-tizedesjegyig-tudod-a-pi-erteket/
f30c6341f0c0f91a66ab1ed6ff9f02fb1deab9be27d9a65630a8bab1cd703e1a,2026-04-18 04:25:53.228743+00:00,hu,24.hu,24.hu,2026-04-18,Elvirágzott a tulipán? Ezt a hibát most ne kövesd el,https://24.hu/otthon/2026/04/18/tulipan-elviragzas-hiba/
d0759b878c5e90ab7b4a74054ec93a4902b3ddba0c7def19dcd97f0f7808f370,2026-04-18 04:24:59.095233+00:00,hu,24.hu,24.hu,2026-04-18,"Ebben a kvízben csak virágokat kell felismerni képek alapján, mégis nehéz 10-ből 10-re jól válaszolni",https://24.hu/szorakozas/2026/04/18/kviz-viragok-foto-felismeres/
f7eec1aaac5fc33259746958228588380594a564485371131cc8e59d01792381,2026-04-18 02:26:22.224305+00:00,hu,24.hu,24.hu,2026-04-18,"Valter Attila: Kiégtem, mindent megkérdőjeleztem, de rájöttem, hogy nem hiányzik semmi",https://24.hu/sport/2026/04/18/valter-attila-kerekparsport-kieges/
27bdcea9d50167f328439a91a23f997a9601cd4ce5f196ec9b0b65fed2b529ec,2026-04-17 23:20:36.984450+00:00,hu,444.hu,444.hu,2026-04-17,„Megcsináltuk a lehetetlent”,https://444.hu/2026/04/17/megcsinaltuk-a-lehetetlent-mondta-a-nyirbatorban-fordito-barna-szabo-timea?utm_source=rss_feed&utm_medium=rss&utm_campaign=rss_syndication
c81592ff0d5053f8c53f87d6c22c5e7da0131e4ffeb63e586b7b32ea2f5278ab,2026-04-17 23:20:23.385248+00:00,hu,444.hu,444.hu,2026-04-17,"A ráckevei képviselőtestület megszüntette a fideszes Jakab Mihály megbízatását, mert méltatlanná vált arra",https://444.hu/2026/04/17/a-rackevei-kepviselotestulet-megszuntette-a-fideszes-jakab-mihaly-megbizatasat-mert-meltatlanna-valt-arra?utm_source=rss_feed&utm_medium=rss&utm_campaign=rss_syndication
791e96c2e5908c5954dbffa79bed77cbbf0a74c98b562c0edd81f6273ea90bd0,2026-04-17 23:20:17.620676+00:00,hu,444.hu,444.hu,2026-04-17,"Külképviseleti szavazás: már 140 mandátumnál a Tisza, Paks és Dombóvár után Nyírbátort is bukta a Fidesz",https://444.hu/2026/04/17/megvan-a-kulkepviseleti-szamlalas-elso-fideszes-vesztese-pakson-bukott-suli-janos?utm_source=rss_feed&utm_medium=rss&utm_campaign=rss_syndication
911b6a30bb32d011c170d8c5b98860ae08b602de23486e834e58ec1ce54ea1f9,2026-04-17 23:20:02.782748+00:00,hu,444.hu,444.hu,2026-04-17,"Kassai Enikő szerint „valami hekker” írta ki, hogy ő ne látna el tiszás pácienseket, a magánklinika vezetője belső vizsgálatot indított, és két, távozásban lévő kollégát emleget",https://444.hu/2026/04/17/kassai-eniko-szerint-valami-hekker-irta-ki-hogy-o-ne-latna-el-tiszas-pacienseket-a-maganklinika-vezetoje-belso-vizsgalatot-inditott-es-ket-tavozasban-levo-kollegat-emleget?utm_source=rss_feed&utm_medium=rss&utm_campaign=rss_syndication
f4f12e66f328b40a06461b9cc0b4db4710e1903c8d9f0ec8c1cef5804206502c,2026-04-17 23:19:56.789115+00:00,hu,444.hu,444.hu,2026-04-17,Törölték Kanye West lengyelországi koncertjét,https://444.hu/2026/04/17/toroltek-kanye-west-lengyelorszagi-koncertjet?utm_source=rss_feed&utm_medium=rss&utm_campaign=rss_syndication
bc6eb74f020fdf540661e926557905b6e517907959c04b353732ed081cac373a,2026-04-17 23:19:48.206569+00:00,hu,444.hu,444.hu,2026-04-17,"Egy magánklinika a honlapján azt írja, hogy a vezető orvosa „mostantól nem lát el Tiszás pácienseket”",https://444.hu/2026/04/17/egy-maganklinika-a-honlapjan-jelzi-hogy-a-vezeto-orvosa-mostantol-nem-lat-el-tiszas-pacienseket?utm_source=rss_feed&utm_medium=rss&utm_campaign=rss_syndication
b43edcb0ce98858a4fdbf0171a8135bb5a06d799215b843b6a68f2be75fed453,2026-04-17 23:19:43.545710+00:00,hu,444.hu,444.hu,2026-04-17,Az első bánatfeldolgozó fideszes rendezvényen már Huth Gergelyt kiáltották ki a legnagyobb magyar hazafinak,https://444.hu/2026/04/17/az-elso-banatfeldolgozo-fideszes-rendezvenyen-mar-huth-gergelyt-kialtottak-ki-a-legnagyobb-magyar-hazafinak?utm_source=rss_feed&utm_medium=rss&utm_campaign=rss_syndication
64a4dc199f089e4e6c1734a2732b0e078532315c56543c08e600ebc07c7afc99,2026-04-17 23:19:38.549991+00:00,hu,444.hu,444.hu,2026-04-17,"Már 3 mandátumot bukott a Fidesz a külképviseleti szavazatokkal, a nyírbátori Simon Miklós is veszített",https://444.hu/2026/04/17/mar-mandatumot-bukott-a-fidesz-a-kulkepviseleti-szavazatokkal-a-nyirbatori-simon-miklos-is-veszitett?utm_source=rss_feed&utm_medium=rss&utm_campaign=rss_syndication
e865b076d29b013bb4e4de166ce26b3795cdb956745b87893abeaf3a7d933ac1,2026-04-17 23:19:35.215709+00:00,hu,444.hu,444.hu,2026-04-17,Erzsébetváros sem fizeti be a szolidaritási adót,https://444.hu/2026/04/17/erzsebetvaros-sem-fizeti-be-a-szolidaritasi-adot?utm_source=rss_feed&utm_medium=rss&utm_campaign=rss_syndication
280210430bf419b74e5a1dd7bb120aa1d49fef7df4699b6b19d71905988d0d7a,2026-04-17 23:19:16.160700+00:00,hu,444.hu,444.hu,2026-04-17,"Vidnyánszky Attila szerint a Nemzeti Színházzal végig ellenszélben kellett dolgozniuk, majd rátért Marxra és Engelsre",https://444.hu/2026/04/17/vidnyanszky-attila-szerint-a-nemzeti-szinhazzal-vegig-ellenszelben-kellett-dolgozniuk-majd-ratert-marxra-es-engelsre?utm_source=hirstart&utm_medium=referral&utm_campaign=ct
e47d5090a31c45adbd3825dde068c6968725c1608b53db300ff3723dba8df562,2026-04-17 23:19:15.430043+00:00,hu,444.hu,444.hu,2026-04-17,A NER bukásával nem szabadult ki azonnal Putyin karmai közül Magyarország,https://444.hu/2026/04/17/a-ner-bukasaval-nem-szabadult-ki-azonnal-putyin-karmai-kozul-magyarorszag?utm_source=rss_feed&utm_medium=rss&utm_campaign=rss_syndication
0ded365bf9bf7bbe4deb98752a73480e148692b9525a07b0ce694290b11d48b8,2026-04-17 23:19:10.299760+00:00,hu,444.hu,444.hu,2026-04-17,"Király Nóra szerint sokan könyörögtek a Fideszben, hogy ne legyen gyűlöletkampány, de semmibe vették a kéréseiket",https://444.hu/2026/04/17/kiraly-nora-szerint-sokan-konyorogtek-a-fideszben-hogy-ne-legyen-gyuloletkampany-de-semmibe-vettek-a-kereseiket?utm_source=rss_feed&utm_medium=rss&utm_campaign=rss_syndication
7a34a5a356a5c99f2e949ab617662cefe5b601d51493ca82cef9ec133f9035fb,2026-04-17 21:39:16.757712+00:00,hu,24.hu,24.hu,2026-04-17,"Ilyen, ha felszabadult az Újpest: hét gólt szerzett Szélesi Zoltán csapata az NB I-ben",https://24.hu/sport/foci/2026/04/17/labdarugo-nb-i-ujpest-nyiregyhaza-7-2/
5acdc996388d6c833836418a4cedc570aae65db388e51fc8c081b2fc18ab2f7d,2026-04-17 20:28:35.380240+00:00,hu,24.hu,24.hu,2026-04-17,"Náray Tamás: Személyesen ismertem őket, ezért már 2009-ben tudtam, hogy baj lesz, ha a Fidesz kétharmadot szerez",https://24.hu/elet-stilus/2026/04/17/naray-tamas-interju-ner-emigracio/
6bab99883b6bb47c2810fc1a8578e2d88fc9e80bbcb43d5bf9e3c01cce93d372,2026-04-17 20:26:24.211466+00:00,hu,24.hu,24.hu,2026-04-17,"Fordított a Tisza Nyírbátorban, újraindulhat a fideszes Simon Miklós 18 éve jegelt büntetőügye",https://24.hu/belfold/2026/04/17/forditott-a-tisza-nyirbatorban-ujraindulhat-a-fideszes-simon-miklos-18-eve-jegelt-buntetougye/
f1ba6ebad991c075946318bf5483a35df2ba6cb19e066325cde7b9efad2cf8a4,2026-04-17 19:23:03.669808+00:00,hu,24.hu,24.hu,2026-04-17,"Az Eufória új évada úgy indul, mintha másik sorozatot néznénk",https://24.hu/kultura/2026/04/17/euforia-harmadik-evad-kritika-hbo/
6b4120f41dffba9ad030248143916a3c55c405fbddeed64796f0e630a0071b69,2026-04-17 19:22:59.029958+00:00,hu,24.hu,24.hu,2026-04-17,"Csepeli Fidesz-jelölt: Sokszor könyörögtünk, hogy ne ilyen kampány legyen, de szokás szerint semmibe vették a kérésünket",https://24.hu/belfold/2026/04/17/kiraly-nora-csepel-fidesz-valasztas/
9b6e158d23f0e052fd9b2a9db2d63b24ac67b50be13a605923672476b09d85da,2026-04-17 19:22:40.113940+00:00,hu,24.hu,24.hu,2026-04-17,ENSZ: Legalább harmincnyolcezer nőt és lányt öltek meg Izrael gázai háborújában,https://24.hu/kulfold/2026/04/17/ensz-legalabb-harmincnyolcezer-not-es-lanyt-oltek-meg-izrael-gazai-haborujaban/
71f4579dc0657cf5fa57c9d04ea8aefd6c65a2dfe3d4689b0ec3d7dd765c1d18,2026-04-17 19:22:07.649020+00:00,hu,24.hu,24.hu,2026-04-17,"Megkérdeztük Gönczi Gábort, távozik-e a TV2-től",https://24.hu/szorakozas/2026/04/17/gonczi-gabor-tv2-interju-marsi-aniko/
2b517ecb1a22ca5efe5aed0434bf89a4f8da9f9b0e3a43c582fac8034923d4a4,2026-04-17 19:21:33.260608+00:00,hu,24.hu,24.hu,2026-04-17,A nap legfontosabb hírei – 2026. április 17.,https://24.hu/belfold/2026/04/17/a-nap-legfontosabb-hirei-2026-aprilis-17/
103f06d5195d8d72c0cefe16a87f07f82dd5fc6f93129fefd269fa0bdc05fb09,2026-04-17 19:21:24.251917+00:00,hu,24.hu,24.hu,2026-04-17,"Csányi: Meglepődve hallgatom azokat, akik egyetértenek a vagyonadóval",https://24.hu/belfold/2026/04/17/csanyi-sandor-vagyonado-bojar-gabor/
f197622c1b8536419acf2ea40e0115debb1d96887877268207e6b4d7d5801b2b,2026-04-17 19:21:16.804253+00:00,hu,24.hu,24.hu,2026-04-17,Milák hangos sikere: megszakított egy 2019 óta íródó sorozatot az ob-n,https://24.hu/sport/2026/04/17/uszo-ob-milak-kristof-szabo-szebasztian-nemeth-nandor/
f740752ff489d331bcd956dc5042d40424be32ef657b3f95a7185d35c43e617c,2026-04-17 18:23:29.534413+00:00,hu,24.hu,24.hu,2026-04-17,Jogos-e a félelem és reszketés a magyar fociban a kormányváltás miatt?,https://24.hu/sport/foci/2026/04/17/felelmek-magyar-foci-kormanyvaltas-finanszirozas/
6a45615262f009d83ca252abef5264dcc89d8a9d9489253c48cf7072175a4142,2026-04-17 18:23:20.861516+00:00,hu,24.hu,24.hu,2026-04-17,Marsi Anikó a 24.hu-nak: Mindenképpen visszatérünk a TV2-re Gönczi Gáborral,https://24.hu/szorakozas/2026/04/17/marsi-aniko-gonczi-gabor-tv2-piheno-interju/
e5e129785c4861d0032905723df7acb476d71f99bb80ac9b5dfb33df721875c2,2026-04-17 18:22:56.404441+00:00,hu,24.hu,24.hu,2026-04-17,"Fordított a Tisza Pakson, még egy mandátumot szerzett a leendő kormánypárt",https://24.hu/belfold/2026/04/17/forditott-a-tisza-paks/
78acd2740b4c56438b3c9a6faa0f138a37201337baa24c79fd79d103e2653c38,2026-04-17 17:29:53.205283+00:00,hu,24.hu,24.hu,2026-04-17,"A Pragmata igazi popcorn-videójáték, amit elkezdesz, aztán nem tudod abbahagyni",https://24.hu/tech/2026/04/17/pragmata-teszt-jatekteszt-capcom/
d5c7cde79b2e88e7100cf10f545f19187e59a0fcab8421cda8d69ea659ba06fa,2026-04-17 17:29:26.873562+00:00,hu,24.hu,24.hu,2026-04-17,"Trump: Irán vállalta, hogy többé nem zárja le a Hormuzi-szorost",https://24.hu/kulfold/2026/04/17/trump-iran-hormuzi-szoros-lezaras/
0037835542d6dacb51b5b31ac2d5fc2535faa840801a116a7b22752eddbd2a73,2026-04-17 17:29:21.915595+00:00,hu,24.hu,24.hu,2026-04-17,Két magyar válogatott kézisre csaphat le egy Bundesliga csapat,https://24.hu/sport/2026/04/17/ket-magyra-valogatott-kezisre-csaphat-le-egy-bundesliga-csapat/
769aaa74946cf76d84c2be4560e1d10ad6bfa8f6c21ffa801e41a9598b40fb7c,2026-04-17 17:28:37.183403+00:00,hu,24.hu,24.hu,2026-04-17,"Nehéz úgy dinasztiát építeni Liverpoolban, ha hiányzik a stabil alapjáték",https://24.hu/sport/2026/04/17/bajnokok-ligaja-negyeddontok-visszavago-elemzes/
7f603594f933ca1ae99121155ba994eeba1b056d9a04b8b1238ab08e34e3180e,2026-04-17 17:28:21.320845+00:00,hu,24.hu,24.hu,2026-04-17,Szembenézés és megújulás: Van-e Orbán Viktor nélküli Fidesz?,https://24.hu/belfold/2026/04/17/podcast-haromharmad-magyar-peter-rubovszky-rita/
ee46d985c2197a10d72089681821adc5aa8ba0accf9e4f0aaf3e120eae3a63d6,2026-04-17 17:21:27.629694+00:00,hu,444.hu,444.hu,2026-04-17,"Gulyás Gergely bejelentette, hogy meghosszabbították az üzemanyagok védett árát",https://444.hu/2026/04/17/gulyas-gergely-bejelentette-hogy-meghosszabbitottak-az-uzemanyagok-vedett-arat?utm_source=rss_feed&utm_medium=rss&utm_campaign=rss_syndication
9e026853b75409e1811650c80e6aec39f44cc280af8c97ebc22ee5e63140fbb6,2026-04-17 17:21:22.391663+00:00,hu,444.hu,444.hu,2026-04-17,Feljelentették az RMDSZ-t a levélszavazatok kezelése miatt,https://444.hu/2026/04/17/feljelentettek-az-rmdsz-t-a-levelszavazatok-kezelese-miatt?utm_source=rss_feed&utm_medium=rss&utm_campaign=rss_syndication
841e1d1841ded74b1f7aca8ee9ea45ae8e6ab60fc5b47e8301aa10f41f0f1519,2026-04-17 17:21:17.976985+00:00,hu,444.hu,444.hu,2026-04-17,"Egy korszak vége: Nagy Márton és a gazdaság, ami nem akart úgy működni, ahogy ő mondta",https://444.hu/2026/04/17/egy-korszak-vege-nagy-marton-es-a-gazdasag-ami-nem-akart-ugy-mukodni-ahogy-o-mondta?utm_source=rss_feed&utm_medium=rss&utm_campaign=rss_syndication
ff8be6d7cdabd2e652c17c3fe34d0593baf4fb401d640cf0317c93fdec1a6c7f,2026-04-17 17:21:11.534445+00:00,hu,444.hu,444.hu,2026-04-17,"Kevés sikeres húzása volt a Fidesznek a kampányban, de a tipikus orosz trükk, a kamu Magyar Péter legalább bejött",https://444.hu/2026/04/17/keves-sikeres-huzasa-volt-a-fidesznek-a-kampanyban-de-a-tipikus-orosz-trukk-a-kamu-magyar-peter-legalabb-bejott?utm_source=rss_feed&utm_medium=rss&utm_campaign=rss_syndication
1bb52ea41e4b28d3499d8f69f691e521c3f0b722928405a12b10a6f992fdd065,2026-04-17 17:21:00.651428+00:00,hu,444.hu,444.hu,2026-04-17,Éhségsztrájkolnak a sajóbábonyi vegyipari cég dolgozói,https://444.hu/2026/04/17/ehsegsztrajkolnak-a-sajobabonyi-vegyipari-ceg-dolgozoi?utm_source=rss_feed&utm_medium=rss&utm_campaign=rss_syndication
469dbb09a46886be04241127f5118a059b21e264ab0995287925f9ce765bccf9,2026-04-17 17:20:55.597773+00:00,hu,444.hu,444.hu,2026-04-17,"Orbán elment az Alapjogokért Központhoz, ami totálisan félremérte a választási eredményt",https://444.hu/2026/04/17/orban-elment-az-alapjogokert-kozponthoz-ami-totalisan-felremerte-a-valasztasi-eredmenyt?utm_source=rss_feed&utm_medium=rss&utm_campaign=rss_syndication
62ddebd43045f835886737de6f4815d764bd3bc11581ce6b6507ba8d3341f193,2026-04-17 17:20:50.638792+00:00,hu,444.hu,444.hu,2026-04-17,„Pusztító csapással” fenyegette meg ellenfeleit az iráni Forradalmi Gárda,https://444.hu/2026/04/17/pusztito-csapassal-fenyegette-meg-ellenfeleit-az-irani-forradalmi-garda?utm_source=rss_feed&utm_medium=rss&utm_campaign=rss_syndication
ba1844b366f4616a429b74069a3de1d47f753df545db09669719a67443a4978d,2026-04-17 17:20:41.285960+00:00,hu,444.hu,444.hu,2026-04-17,"Az amerikai nagykövetség szerint az USA várakozással tekint arra, hogy szorosan együttműködjön az új kormánnyal",https://444.hu/2026/04/17/az-amerikai-nagykovetseg-szerint-az-usa-varakozassal-tekint-arra-hogy-szorosan-egyuttmukodjon-az-uj-kormannyal?utm_source=rss_feed&utm_medium=rss&utm_campaign=rss_syndication
2948d4f3f9e885883124d17e8c831166997f1183259dbfd2915b8305c711083a,2026-04-17 17:20:36.286104+00:00,hu,444.hu,444.hu,2026-04-17,"Márki-Zay Péter bejelentette, hogy Hódmezővásárhely nem fizeti be a szolidaritási adót",https://444.hu/2026/04/17/marki-zay-peter-bejelentette-hogy-hodmezovasarhely-nem-fizeti-be-a-szolidaritasi-adot?utm_source=rss_feed&utm_medium=rss&utm_campaign=rss_syndication
e60990674507904469e85bbc25652e6989c68778dd8c499d5a159d86ed613886,2026-04-17 17:20:28.464091+00:00,hu,444.hu,444.hu,2026-04-17,"Négyéves csúcson a forint, már 360 alatt járt pénteken az euró",https://444.hu/2026/04/17/negyeves-csucson-a-forint-mar-360-nal-az-euro?utm_source=rss_feed&utm_medium=rss&utm_campaign=rss_syndication
75f853942f3a7d1dbf6893fc521bfda7d7e0ee66790daf5f55e61ca9ebd5fe70,2026-04-17 17:20:23.981861+00:00,hu,444.hu,444.hu,2026-04-17,Csányi Sándor szerint nem a legjobb gazdasági környezetet örökölte a Tisza,https://444.hu/2026/04/17/csanyi-sandor-szerint-nem-a-legjobb-gazdasagi-kornyezetet-orokolte-a-tisza?utm_source=rss_feed&utm_medium=rss&utm_campaign=rss_syndication
2e7b1969d0ab8c1a87c8ffe7635f02ccd3821706729b4fa9682c01b860512133,2026-04-17 17:20:18.528405+00:00,hu,444.hu,444.hu,2026-04-17,Sulyok Tamás azonnali hatállyal mentett fel egy dandártábornokot,https://444.hu/2026/04/17/sulyok-tamas-azonnali-hatallyal-mentett-fel-egy-dandartabornokot?utm_source=rss_feed&utm_medium=rss&utm_campaign=rss_syndication
424724e47ed8825427e1f1ef106746c9e4b155f7cb80d216837ea6693923e783,2026-04-17 17:20:13.150036+00:00,hu,444.hu,444.hu,2026-04-17,Elkezdték számolni a külképviseleti szavazatokat,https://444.hu/2026/04/17/elkezdtek-szamolni-a-kulkepviseleti-szavazatokat?utm_source=rss_feed&utm_medium=rss&utm_campaign=rss_syndication
5096d934cd6ace5d14a29a40de7e8a644174bc627da17d1dad2cf53b1a08515a,2026-04-17 17:20:09.670518+00:00,hu,444.hu,444.hu,2026-04-17,Curtis: A napi politikában nem vettem részt,https://444.hu/2026/04/17/curtis-a-napi-politikaban-nem-vettem-reszt?utm_source=rss_feed&utm_medium=rss&utm_campaign=rss_syndication
c436ecf05d028121688fb60cc3e99bdcb177e911b1eef249c3f9045e2bc8ecfa,2026-04-17 17:20:01.547786+00:00,hu,444.hu,444.hu,2026-04-17,"A diaszpóra óriási exit pollja szerint a külképviseleti szavazók 90%-a szavazott a Tiszára, 7 a Fideszre, 2 a Mi Hazánkra és 0 a DK-ra",https://444.hu/2026/04/17/a-diaszpora-oriasi-exit-pollja-szerint-a-kulkepviseleti-szavazok-90-a-szavazott-a-tiszara-7-a-fideszre-2-a-mi-hazankra-es-0-a-dk-ra?utm_source=rss_feed&utm_medium=rss&utm_campaign=rss_syndication
aa67c4c8e4846f62d96cc3b6a313d6a421549ba01ba4d7ca71321e18f2a83e2b,2026-04-17 17:19:56.476786+00:00,hu,444.hu,444.hu,2026-04-17,"Kövér László: A Tisza Párt előtt semmiféle alkotmányos korlát nincsen, hogy a legvadabb rémálmaink szerinti alakzatba hozza Magyarországot",https://444.hu/2026/04/17/kover-laszlo-a-tisza-part-elott-semmifele-alkotmanyos-korlat-nincsen-hogy-a-legvadabb-remalmaink-szerinti-alakzatba-hozza-magyarorszagot?utm_source=rss_feed&utm_medium=rss&utm_campaign=rss_syndication
98f3ebcd9d75a9b4a6b68eb97ed5aa45ef30e550880fac18d24d12c6aebe16b5,2026-04-17 17:19:51.670463+00:00,hu,444.hu,444.hu,2026-04-17,Irán teljesen megnyitotta a Hormuzi-szorost a kereskedelmi hajók előtt,https://444.hu/2026/04/17/iran-teljesen-megnyitotta-a-hormuzi-szorost-a-kereskedelmi-hajok-elott?utm_source=rss_feed&utm_medium=rss&utm_campaign=rss_syndication
f8e2749b1a6db270ab8cab919e0767e0901049358bc2a3c358e8e8e90bde2b07,2026-04-17 17:19:48.476379+00:00,hu,444.hu,444.hu,2026-04-17,Az Intergitás Hatóság elnöke szerint a kormányváltás új feladatokat és új felelősséget jelent számukra,https://444.hu/2026/04/17/az-intergitas-hatosag-elnoke-szerint-a-kormanyvaltas-uj-feladatokat-es-uj-felelosseget-jelent-szamukra?utm_source=rss_feed&utm_medium=rss&utm_campaign=rss_syndication
d4dea365b294c1eac8c644ea6936b01bb02b542d178999fbb36dd1e9a58c273d,2026-04-17 17:19:41.636646+00:00,hu,444.hu,444.hu,2026-04-17,"Azóta mosolyog a finn köztársasági elnök, hogy Orbán Viktor megbukott",https://444.hu/2026/04/17/azota-mosolyog-a-finn-koztarsasagi-elnok-hogy-orban-viktor-megbukott?utm_source=rss_feed&utm_medium=rss&utm_campaign=rss_syndication
5d8b975b2f32e02ca44d6a976b5d46cbb04092b10b4abc574fc1fddaaa31ab5e,2026-04-17 17:19:38.564595+00:00,hu,444.hu,444.hu,2026-04-17,"Pozitív doppingtesztet adott az MBH Bank magyar kerékpárosa, az egész csapatot kizárták a Tour de Hongrie-ról",https://444.hu/2026/04/17/pozitiv-doppingtesztet-adott-az-mbh-bank-magyar-kerekparosa-az-egesz-csapatot-kizartak-tour-de-hongrie-rol?utm_source=rss_feed&utm_medium=rss&utm_campaign=rss_syndication
50d186c5d403b14b40661c3bc93a920f4a03ef1f520ee776b20631a72ad5802d,2026-04-17 17:19:31.400357+00:00,hu,444.hu,444.hu,2026-04-17,"Matolcsy Ádám szerint jövedelme törvényes, áll a vizsgálatok elé",https://444.hu/2026/04/17/matolcsy-adam-szerint-jovedelme-torvenyes-all-a-vizsgalatok-ele?utm_source=rss_feed&utm_medium=rss&utm_campaign=rss_syndication
c7a41c639937cf6ceb1aed65145d2ca85c0eee0ecb502cef4571e1bdd814281c,2026-04-17 17:19:26.439372+00:00,hu,444.hu,444.hu,2026-04-17,"Magyar Péter már az alakuló ülésen esküt tenne, amit hétvégén tartana, egy ceremóniával együtt",https://444.hu/2026/04/17/magyar-peter-mar-az-alakulo-ulesen-eskut-tenne?utm_source=rss_feed&utm_medium=rss&utm_campaign=rss_syndication
75f6be1aa6e0ff6b57280f38e3ec7d072164db6cb96729693e8417220702b3e4,2026-04-17 17:19:21.686699+00:00,hu,444.hu,444.hu,2026-04-17,Marsi Anikó és Gönczi Gábor lekerül a TV2 képernyőjéről,https://444.hu/2026/04/17/marsi-aniko-es-gonczi-gabor-lekerul-a-tv2-kepernyojerol?utm_source=rss_feed&utm_medium=rss&utm_campaign=rss_syndication
c34a3478104fa718287a24b04926ff3a427d16837a86028d90c74115818d1029,2026-04-17 17:19:16.156254+00:00,hu,444.hu,444.hu,2026-04-17,"A Fidesz veresége miatt elmaradt a buli az uzsoráséknál, valódi helyett csak AI-cigányok mentek megmenteni a NER-t",https://444.hu/2026/04/17/a-fidesz-veresege-miatt-elmaradt-a-buli-az-uzsoraseknal-valodi-helyett-csak-ai-ciganyok-mentek-megmenteni-a-ner-t?utm_source=rss_feed&utm_medium=rss&utm_campaign=rss_syndication
379b31aa806dccdde27985fffc171990534baaa694c304e7220c6f1cf882caa5,2026-04-17 17:19:11.212656+00:00,hu,444.hu,444.hu,2026-04-17,"Egy dolog lehet rosszabb annál, ha utálnak a szavazók – ha összekevernek azzal, akit utálnak a szavazók",https://444.hu/2026/04/17/egy-dolog-lehet-rosszabb-annal-ha-utalnak-a-szavazok-ha-osszekevernek-azzal-akit-utalnak-a-szavazok?utm_source=rss_feed&utm_medium=rss&utm_campaign=rss_syndication
c457ec9b15e7c9c70d5796a36ab95330f6722e7bf5fa945603a601fe2db328d4,2026-04-17 16:29:39.336646+00:00,hu,24.hu,24.hu,2026-04-17,"Ferencz Orsolya távozásra szólította fel azokat, akik a tetteikkel leküzdhetetlen teherként húzták le a Fideszt",https://24.hu/belfold/2026/04/17/mayar-uton-fideszes-gyules-huth-gergely/
b06f876d238a9239e415bd54853474948c1a50443eaa8e8267a8149b2e7c19bb,2026-04-17 16:28:40.060277+00:00,hu,atlatszo.hu,atlatszo.hu,2026-04-17,"Tömeges elbocsátások a fideszes trollfarmon, haladás a magyar kémkedés vizsgálatában",https://atlatszo.hu/mutyimondo/2026/04/17/tomeges-elbocsatasok-a-fideszes-trollfarmon-haladas-a-magyar-kemkedes-vizsgalataban/
e38b1de2e947e400f6795072ca4f7a11cdc2824bc33592016a552b01a7938373,2026-04-17 15:50:18.018302+00:00,hu,24.hu,24.hu,2026-04-17,Trónfosztás: már nem Fonyód a nyaralópiac sztárja,https://24.hu/otthon/2026/04/17/ingatlanpiac-vizparti-telepulesek/
fbee2884b54ae3a91909bb7137286b92a8bfb4346a7050e761803a10c226be97,2026-04-17 15:50:09.525217+00:00,hu,24.hu,24.hu,2026-04-17,"Karácsony: A látványom annyira felzaklatta egy idősebb honfitársunkat, hogy babakocsival dühösen áthajtott a lábamon",https://24.hu/belfold/2026/04/17/karacsony-gergely-haza-ellenzek/
60de50df2a32f8866bf8070acc2534a6d33bd275f24d15648908b63fa109dc66,2026-04-17 15:49:48.164631+00:00,hu,24.hu,24.hu,2026-04-17,A Népszabadság Egyesület felszólította a Mediaworks vezetését az archívum megnyitására,https://24.hu/belfold/2026/04/17/nepszabadsag-egyesulet-mediaworks-kesma-online-archivum/
5198271dfad376270f99adbae7e40411df824d9a00304aec335ef56174ff1646,2026-04-17 15:31:44.909700+00:00,hu,24.hu,24.hu,2026-04-17,Kigyulladt egy autó az M7-esen,https://24.hu/belfold/2026/04/17/kigyulladt-egy-auto-az-m7-esen-3/
e1b2bcc93bdb093357e606c1e22d400d31022c0f811de64bd9ed50970226023a,2026-04-17 15:31:30.134333+00:00,hu,24.hu,24.hu,2026-04-17,Lehűlés jön a napsütéses hétvége után,https://24.hu/tudomany/2026/04/17/idojaras-elorejelzes-eso-lehules/
95da57dda0c43735f63f3ac5c090d3cca6b46b481d2f76074a4e34fb407505cc,2026-04-17 15:30:21.057253+00:00,hu,24.hu,24.hu,2026-04-17,"Gönczi Gáborék lekerülnek a TV2 képernyőjéről: Anikóval azt a döntést hoztuk, hogy a mögöttünk hagyott nagyon kemény időszakot ki kell pihennünk",https://24.hu/szorakozas/2026/04/17/tv2-gonczi-gabor-marsi-aniko/
30bcf5f5e3041955d26456aa686c69c4795c9a5d3f0038b4388ac99802ecee33,2026-04-17 15:29:58.972249+00:00,hu,24.hu,24.hu,2026-04-17,"Az úszók kapitánya Milák visszalépéséről: Nyilvánvaló, hogy egy kétszeres olimpiai bajnok pofozóbabának nem áll oda",https://24.hu/sport/2026/04/17/uszo-ob-milak-kristof-sos-csaba/
453cab2c48f5fbcb7b7d84a6fa274978e83a04727275aa843117d35b6a441304,2026-04-17 14:48:39.614793+00:00,hu,24.hu,24.hu,2026-04-17,"Az emberi agy még nem tart ott, hogy fel tudja dolgozni azt, ami velünk történt"" - megszólaltak az Artemis-2 űrhajósai",https://24.hu/tech/2026/04/17/nasa-artemis-2-beszamolo/
72b3497300bdc783abc68c11051eab043eea0e3beaf8c2c3c51b8073272d5ba9,2026-04-17 14:48:04.388036+00:00,hu,24.hu,24.hu,2026-04-17,"Dopeman: a Tisza azért nem fog orbánozni, mert ""Orbán alatt nem éltek szarul a magyarok""",https://24.hu/kultura/2026/04/17/dopeman-valasztas-tisza-orban-fidesz-haboru-rezsicsokkentes/
6f4178726f34be00fcc2bc673d6ab254c8ce935ffb36e42a0ee629551119036b,2026-04-17 14:47:59.343864+00:00,hu,24.hu,24.hu,2026-04-17,A plakátokkal borított óbudai ház mostani képe azonnal mutatja a választási eredményt,https://24.hu/belfold/2026/04/17/obudai-plakatokkal-boritott-haz-vereseg-utan/
b57b346e907def60410490cc45473b40d3bda595432dbc9ba958e50c34648ae6,2026-04-17 14:47:48.595885+00:00,hu,24.hu,24.hu,2026-04-17,Márki-Zay: Korai még végleges győzelemről beszélni a Fidesz felett,https://24.hu/belfold/2026/04/17/marki-zay-peter-hodmezovasarhely-uzenet-szolidaritasi-hozzajarulas/
1d50d68567f3d91d54384a4ef45543491894575cb0d91dc0dcc5070f9554f116,2026-04-17 14:32:17.921467+00:00,hu,24.hu,24.hu,2026-04-17,Trump: Irán megnyitja a Hormuzi-szorost,https://24.hu/kulfold/2026/04/17/hormuzi-szoros-iran-trump/
6c98bf0a38adf5811a8f2a55f49fca8014c0ad36c7ed9eb94317e898e256a180,2026-04-17 14:32:06.793683+00:00,hu,24.hu,24.hu,2026-04-17,Magyar Péter: Hernádi Zsoltnak lesz egy útja Oroszországba,https://24.hu/fn/gazdasag/2026/04/17/baratsag-koolajvezetek-mol-hernadi-zsolt/
0ab10e897685dd9c27086cdcdc901865c942970fe29dfe5a8f4b9f6d5b78d005,2026-04-17 14:29:59.882010+00:00,hu,24.hu,24.hu,2026-04-17,"Még ebben a ciklusban benyújtja a Fidesz a védett üzemanyagár-hosszabbító javaslatát, hogy az új parlament azonnal bólinthasson rá",https://24.hu/belfold/2026/04/17/vedett-uzemanyagar-hosszabbitas/
c233571981cb02db4a07d5330496913b17b370f0ba3596a200ceff1060a60cbe,2026-04-17 14:19:25.486948+00:00,hu,24.hu,24.hu,2026-04-17,Az univerzum legrészletesebb térképe választ adhat egy régi rejtélyre,https://24.hu/tudomany/2026/04/17/vilagegyetem-galaxisok-sotet-energia/
8e763bef86a47a5bb88c20e39cc12dba4cef0a20c43212f28b7455f410cc3c61,2026-04-17 13:42:48.118489+00:00,hu,24.hu,24.hu,2026-04-17,"Fellebbezett, de még súlyosabb büntetést kapott a gyermekszínészt szexuálisan bántalmazó francia rendező",https://24.hu/kultura/2026/04/17/itelet-szexualis-bantalmazas-christophe-ruggia-adele-haenel/
f8082775fecf9fd4a501c8bdca3335662c192eb23a4f2a029d17eaaff30d4e81,2026-04-17 13:42:42.505639+00:00,hu,24.hu,24.hu,2026-04-17,Bíró Ferenc üzent a dolgozóknak: bővülhet az Integritás Hatóság mozgástere,https://24.hu/belfold/2026/04/17/integritas-hatosag-biro-ferenc-level/
cabd26db62c5a91b2c4819b6eda4e34a05775f07f5b41dcabbedca4f7d371c26,2026-04-17 13:42:34.803470+00:00,hu,24.hu,24.hu,2026-04-17,"Meghalt Szilágyi Virgil, a magyar film sokat látott operatőre",https://24.hu/kultura/2026/04/17/meghalt-szilagyi-virgil-operator/
2688326ed5d5a08206194ee2340133a533838f12984d18605f7f65f865612775,2026-04-17 13:42:26.370711+00:00,hu,24.hu,24.hu,2026-04-17,Kövér László: A Fidesznek össze kell szednie magát,https://24.hu/belfold/2026/04/17/kover-laszlo-fidesz-tisza-kormany/
518cb055b1c2bba6abbaab60c4d030b31f2be4b4d8dd12a5c6277559bb7af594,2026-04-17 13:41:51.663761+00:00,hu,24.hu,24.hu,2026-04-17,"ByeAlex kisegítette egy magyarázattal Bohár Dánielt arról, miért kapott ki ennyire a Fidesz",https://24.hu/szorakozas/2026/04/17/byealex-bohar-daniel-video-fidesz-tisza-vereseg/
0c58881a6706bf20d87abe88ba0eb247dbd894521480e24f28bb654792f25523,2026-04-17 13:41:46.577285+00:00,hu,24.hu,24.hu,2026-04-17,"Nem tudom megmagyarázni ezt az eredményt"" – megszólalt a magyar bringás, akinek pozitív lett a doppingtesztje",https://24.hu/sport/2026/04/17/makrai-balint-kerekpar-pozitiv-doppingteszt-nyilatkozat/
5c9d0e939492a7a24c413ae8ad244a3732f54f114ccb6163c68c8924b95b21d0,2026-04-17 13:41:41.665429+00:00,hu,24.hu,24.hu,2026-04-17,"Rossz szervet műtött ki a sebész, a páciens belehalt",https://24.hu/tudomany/2026/04/17/sebeszet-lep-maj-muhiba/
3980fe6b051178a264102451da984fd974e62e5cf400a8ab2647ae6041b525c3,2026-04-17 13:41:30.809455+00:00,hu,24.hu,24.hu,2026-04-17,Virágos LEGO-ruhát készített egy magyar divattervező,https://24.hu/kultura/2026/04/17/virag-lego-ruha-sarman-nora-doczy-balazs/
06d59e1632221aee1f3e4ddf2c09621a0600ce7b640b416e479e742ce5d05b2f,2026-04-17 13:41:10.560802+00:00,hu,24.hu,24.hu,2026-04-17,Matolcsy Ádám is megszólalt a választás eredményéről,https://24.hu/belfold/2026/04/17/matolcsy-adam-mnb-dubaj-valasztas/
caf7b7a317ec259ee0b170c8119762ee95f3e2eb4ca13ededf55627556a54c69,2026-04-17 13:41:04.674847+00:00,hu,24.hu,24.hu,2026-04-17,"Bármilyen feltételt szab az EU, Magyar Péter nem mondhatja azt, hogy nem tudja végrehajtani",https://24.hu/fn/gazdasag/2026/04/17/eu-penz-unios-forras-jogallamisag/
99f7681613d84e41cef781b0a581d9ffe17c1800ed680bdf5a41635405e63707,2026-04-17 13:18:38.465119+00:00,hu,24.hu,24.hu,2026-04-17,Magyar Péter: a Mol után a Richtert is meg fogom keresni,https://24.hu/fn/gazdasag/2026/04/17/magyar-peter-mol-mcc-richter/
489d58c7b43c65ee64c8280c8f829da6c098a1530a87d421ce92c718ab1cfff4,2026-04-17 13:17:26.524236+00:00,hu,24.hu,24.hu,2026-04-17,Tom Cruise-zal és Jerry Bruckheimerrel jön a Top Gun 3,https://24.hu/szorakozas/2026/04/17/top-gun-3-tom-cruise-folytatas/
8ef7b6d8153966322f05e13dd58f60a616ae20d80b0b60a31bc941cd20dee0b4,2026-04-17 13:17:21.556758+00:00,hu,24.hu,24.hu,2026-04-17,A Medián már a győzteshez húzás jelenségét méri,https://24.hu/belfold/2026/04/17/hann-endre-median-gyozteshez-huzas/
ac09e92c5cf960fc7a502c44f9dbd8d857e2c3b098a0d76bcf147bd14e303277,2026-04-17 12:40:34.889685+00:00,hu,24.hu,24.hu,2026-04-17,"Bankrablók ejtettek túszul 25 embert, majd eltűntek egy alagútban",https://24.hu/kulfold/2026/04/17/olaszorszag-bankrablas-napoly/
5dffc142b1ab439044fa38eeb6cea7c08bc353e1927eaad606e9c029251973df,2026-04-17 12:40:15.525074+00:00,hu,24.hu,24.hu,2026-04-17,Két díjat vitt haza az Alza az Ország Boltja versenyről,https://24.hu/belfold/2026/04/17/ket-dijat-vitt-haza-az-alza-az-orszag-boltja-versenyrol/
3cb3580aa1643c31263ea21d31be1fec051aeefb2ce8566869842ba5bf10fb54,2026-04-17 12:40:04.807352+00:00,hu,24.hu,24.hu,2026-04-17,Gulyás Gergely nem fogja többet bolondnak nevezni Magyar Pétert,https://24.hu/belfold/2026/04/17/gulyas-gergely-magyar-peter-bolond/
1621431a0020422635559f05da73ffb65249388b63aac1d5195270259b8aef3d,2026-04-17 12:39:59.875527+00:00,hu,24.hu,24.hu,2026-04-17,Hosszú leállások jönnek az Erste Banknál: utalni és online vásárolni sem lehet majd,https://24.hu/tech/2026/04/17/erste-bank-leallas-utalas-online-vasarlas/
af7b1d277052283a50285be67d8972a025005907a3ae192e535c9f8f16387be9,2026-04-17 12:39:30.189382+00:00,hu,24.hu,24.hu,2026-04-17,"Lövöldözött, majd rálőtt az osztálytársára egy 15 éves diák Csapon",https://24.hu/kulfold/2026/04/17/csap-iskolai-lovoldozes-serules/
12a2738fb1b37cf4b1635da28b3b735efdb60a4dd4f44250d1b4cf11b8c7a619,2026-04-17 12:38:59.906424+00:00,hu,24.hu,24.hu,2026-04-17,"Két egymást követő év trófeák nélkül már elfogadhatatlan"" – Pérez az öltözőben osztotta ki a Real-focistákat a BL-kudarc után",https://24.hu/sport/foci/2026/04/17/real-madrid-bajnokok-ligaja-kieses-florentino-perez/
e477e83833184a1babe550ab8894ea2335a228caa61debd46255ef4a7238bb8f,2026-04-17 12:28:16.738819+00:00,hu,24.hu,24.hu,2026-04-17,"Letartóztatták a TikTok-sztár D4vdot, akinek az autójából egy lány holtteste került elő",https://24.hu/kultura/2026/04/17/letartoztatas-d4vd-auto-holttest-maradvany-eltunt/
23d5ad37ae5066096b19dde6bfd2d0c2320b1021915e9768b9ffb23179e132dd,2026-04-17 12:27:42.165789+00:00,hu,24.hu,24.hu,2026-04-17,Az evolúció nem áll meg: több a vörös hajú és kevesebb a kopasz ember,https://24.hu/tudomany/2026/04/17/evolucio-genallomany-voros-haj/
3cfb3bc04bf19a5ddde977dbb517d230574dc130c9a17dc783228b1fff810ed9,2026-04-17 12:27:33.409858+00:00,hu,24.hu,24.hu,2026-04-17,"Cukiságbombát közölt a Rendőrség, miután nyugdíjazott egy kábítószer-kereső kutyát",https://24.hu/kultura/2026/04/17/rendorseg-nyugdij-kabitoszer-kereso-kutya/
1609a6e4b1e1c920aadc126dc3062427c26e736b839b1fcb256dba1e33748c14,2026-04-17 11:47:36.510395+00:00,hu,24.hu,24.hu,2026-04-17,GKI: elhalasztják ítéletüket a hitelminősítők a kormányváltás miatt,https://24.hu/fn/gazdasag/2026/04/17/gki-hitelminosito-adosbesorolas-koltsegvetes/
b0ef9ad5eef1a8cf1aca14581c8ba827338c6a44f66b52aecc9b484761901b99,2026-04-17 11:47:31.492432+00:00,hu,24.hu,24.hu,2026-04-17,Életveszélyes lehet ez a powerbank: egy idős nő már meghalt,https://24.hu/tech/2026/04/17/casely-powerbank-robbanas-halaleset/
8af04fd0726d2f46fbf9102b0b9fd8768f05ea5915f5ef341d797ebd6427f569,2026-04-17 11:37:52.360612+00:00,hu,24.hu,24.hu,2026-04-17,Az adatvédelmi hatóság figyelmeztetést adott ki: az iratmegsemmisítés bűncselekmény,https://24.hu/belfold/2026/04/17/adatvedelmi-hatosag-figyelmeztetes-iratmegsemmisites-buncselekmeny/
17734e342e4748662234c4691a4d9520a011c6d3c6ad336aecf267c7ac384195,2026-04-17 11:28:33.866123+00:00,hu,24.hu,24.hu,2026-04-17,"A fingós időjós Szalai Vivien a TV2-től való kirúgásáról: ""A széljárás változik""",https://24.hu/kultura/2026/04/17/fingos-idojos-idojaras-jelentes-szalai-vivien-kirugas-tv2/
c4dae35b91f3f6c382ae2000656497c743c1e9cb801557abdf9c14c3dae78229,2026-04-17 11:27:59.307122+00:00,hu,24.hu,24.hu,2026-04-17,Mol-osztalék: Magyar Péter puszta kézzel vágná el a pénzáramot a NER-es elitképzőtől,https://24.hu/fn/gazdasag/2026/04/17/magyar-peter-mol-osztalek-mcc/
6892a4cc10e36f5db41f9164cc6994d46e560e33240fd4256904851b30983b30,2026-04-17 11:27:12.422225+00:00,hu,24.hu,24.hu,2026-04-17,"Curtis: Érzékelem a felém irányuló mérhetetlen indulatot. Megértem, és bánt is",https://24.hu/szorakozas/2026/04/17/curtis-valasztas-indulatok/
741dd2ed05c46531b89affd71b75bb5bf835775b3a1dcbe4e9d73e55dc4f97d8,2026-04-17 11:26:57.799894+00:00,hu,24.hu,24.hu,2026-04-17,"Utolsó erejével még lecsap a NER a lómenhelyre, végrehajtást kért az épületük lebontására",https://24.hu/belfold/2026/04/17/lomenhely-lebontas-kormanyhivatal-kormanyvaltas/
bf66fe2c45c5599071b2a46ff7f5e1f130a79f75b112140b2519acdf333d981f,2026-04-17 11:23:37.721406+00:00,hu,24.hu,24.hu,2026-04-17,A Szépírók Társasága szakmai párbeszédet kezdeményez a Tisza-kormánnyal,https://24.hu/kultura/2026/04/17/szepirok-tarsasaga-tisza-kormany/
696b819fbf93e234ab8f5303885484f853454efe364ae88e315f8a43bddcb452,2026-04-17 11:23:24.967914+00:00,hu,24.hu,24.hu,2026-04-17,"Lapáttal elverték, majd letérdeltették és túszul ejtették a VII. kerületi besurranó tolvajokat",https://24.hu/belfold/2026/04/17/budapest-tolvajok-emberrablas-tuszejtes/
9a4d8589bf7981056dfca4abf630ae2e4d1fb3295602cd60d37bf1345cdb809c,2026-04-17 11:23:16.185382+00:00,hu,24.hu,24.hu,2026-04-17,"Megvan, mikor alakulhat meg az új magyar kormány",https://24.hu/belfold/2026/04/17/magyar-peter-parlament-sajtotajekoztato/
2afc5e4efeaae5cba315669ddcae707346c96c3eed2f90a40831cca6d2173c19,2026-04-17 11:22:43.854683+00:00,hu,24.hu,24.hu,2026-04-17,Magyar Péter érzékelte a Rubovszky Rita körüli vitát,https://24.hu/belfold/2026/04/17/magyar-peter-rubovszky-rita-vita-oktatasi-miniszter/
f9ad28d8c8f8bd9b585ec91b91664c834316718fdce0c077b53d4e4492d4a375,2026-04-17 11:22:28.420329+00:00,hu,24.hu,24.hu,2026-04-17,Horvát–szlovén határfolyóba fulladt egy szudáni menekült,https://24.hu/kulfold/2026/04/17/horvat-szloven-hatar-megfulladt-szudani-menekult/
808d1b10478686b3acf9983925e83144e832e8b853d392561ac0bca4ec4beff6,2026-04-17 11:22:07.877135+00:00,hu,24.hu,24.hu,2026-04-17,Másfélmillió fős kutatás cáfolta meg Donald Trumpot,https://24.hu/tudomany/2026/04/17/paracetamol-tylenol-kutatas-autizmus/
af8022da1a228b934b5998a2631bd25aae4ceea55412a80ef0045c2ea0dbcefe,2026-04-17 11:22:02.817002+00:00,hu,24.hu,24.hu,2026-04-17,"Erdélyi Mónika a Farm VIP-ről: Sokszor megaláztak, tettek róla, hogy rosszul érezzem magam",https://24.hu/szorakozas/2026/04/17/erdelyi-monika-farm-vip-tv2/
ad8a3d1674251595ff915221520c9c555ace51d8337d26c1a37536265c23f5df,2026-04-17 10:38:08.829098+00:00,hu,24.hu,24.hu,2026-04-17,VSquare: raklapszámra menekítik ki a készpénzt a NER-es oligarchák,https://24.hu/fn/gazdasag/2026/04/17/vagyonmenekites-oligarcha-ner-fidesz/
3c2176a46e48d737aa9145c6b1512c07dd2c99bbc69648f337706262201b42da,2026-04-17 10:37:15.822194+00:00,hu,24.hu,24.hu,2026-04-17,"Havas Henrik Orbánnak: nemcsak a csapatodat, de a hazádat is elárultad",https://24.hu/belfold/2026/04/17/havas-henrik-orban-viktor-arulo/
544569ab526fddcd83008e85bdb0d9235e01b1bc4a1e83ed127c4ac92318294d,2026-04-17 10:37:10.977420+00:00,hu,24.hu,24.hu,2026-04-17,"Távozik a Netflix egyik kulcsembere, bezuhantak a részvények",https://24.hu/kultura/2026/04/17/netflix-reed-hastings-reszveny/
c70453cab1587c95ceffccb425617eb82d8c046c2b99b86f4510e2c5a144cc46,2026-04-17 10:36:58.063028+00:00,hu,24.hu,24.hu,2026-04-17,Már zajlik a szavazatok összesítésének utolsó előtti fázisa,https://24.hu/belfold/2026/04/17/valasztas-szavazatosszesites-utolso-elotti-fazis/
30b4de8558c214aa626feccf34b587d6a3f785a6e9798b19179a0d459eb2384e,2026-04-17 10:23:38.794491+00:00,hu,24.hu,24.hu,2026-04-17,"Kiderült, ki lesz Friderikusz Sándor társműsorvezetője a tévés héten induló műsorában",https://24.hu/szorakozas/2026/04/17/friderikusz-sandor-talkshow-tarsmusorvezeto/
7093e21ed7eb172516196d026538efe086ae316004464ae058cbaf4a6e8511ac,2026-04-17 09:41:40.831470+00:00,hu,444.hu,444.hu,2026-04-17,Távozik hivatalából az ICE megbízott igazgatója,https://444.hu/2026/04/17/tavozik-hivatalabol-az-ice-megbizott-igazgatoja?utm_source=rss_feed&utm_medium=rss&utm_campaign=rss_syndication
ea21e1b36d998d060be9d86959de72ab06ed21119620d9561b260c73cba4acab,2026-04-17 09:41:31.370617+00:00,hu,444.hu,444.hu,2026-04-17,Holnaptól tovább csökken a benzinár,https://444.hu/2026/04/17/holnaptol-tovabb-csokken-a-benzinar?utm_source=rss_feed&utm_medium=rss&utm_campaign=rss_syndication
ad398e1b74835d9c1b3b2a6617e60b542eee836768ad106d4d164d0c7782f541,2026-04-17 09:40:57.720373+00:00,hu,444.hu,444.hu,2026-04-17,"Hivatalos, hogy a Mol csak a harmadik negyedévben fizet osztalékot a részvényeseinek",https://444.hu/2026/04/17/hivatalos-hogy-a-mol-csak-a-harmadik-negyedevben-fizet-osztalekot-a-reszvenyeseinek?utm_source=rss_feed&utm_medium=rss&utm_campaign=rss_syndication
b2bf99dfa7d8d37dea5515dd5e189d6b71f5e10c6a2bfcfc3c9a6f239780e0e1,2026-04-17 09:40:50.925522+00:00,hu,444.hu,444.hu,2026-04-17,A katolikus és az evangélikus egyház is gratulált Magyar Péternek és a Tiszának,https://444.hu/2026/04/17/a-katolikus-es-az-evangelikus-egyhaz-is-gratulalt-magyar-peternek-es-a-tiszanak?utm_source=rss_feed&utm_medium=rss&utm_campaign=rss_syndication
0d86c639f06b3d7c770cc813447dd56f2c02b421031343654625ff433e3137f3,2026-04-17 09:40:45.743069+00:00,hu,444.hu,444.hu,2026-04-17,A Demokratikus Koalíció júniusban megújul,https://444.hu/2026/04/17/a-demokratikus-koalicio-juniusban-megujul?utm_source=rss_feed&utm_medium=rss&utm_campaign=rss_syndication
44aac1be40f182ed27290b7eb1e99f3ea8c7102bc170141e062764ec54d30514,2026-04-17 09:40:25.651523+00:00,hu,444.hu,444.hu,2026-04-17,Pendragon és a holdvilág – élő felvétel és brunch a Nem rossz könyvek következő eseményén,https://444.hu/2026/04/17/pendragon-es-a-holdvilag-elo-felvetel-es-brunch-a-nem-rossz-konyvek-kovetkezo-esemenyen?utm_source=rss_feed&utm_medium=rss&utm_campaign=rss_syndication
6665a53d451ad30b6c12fa3631ec8fd0c6574c9bbfe34f734f16babe50e6521c,2026-04-17 09:39:09.626875+00:00,hu,24.hu,24.hu,2026-04-17,"Kováts Eszter, Körösényi András: Átalakítja az új vezér a vezérek demokráciáját?",https://24.hu/belfold/2026/04/17/kovats-eszter-korosenyi-andras-vezer-demokracia-magyar-peter/
e8801c938dd1d84cc628c04b4cf7f72616e616ca7d97330019c0eba13b15263c,2026-04-17 09:38:34.816118+00:00,hu,24.hu,24.hu,2026-04-17,Az M4-nek komoly kihívói lehetnek az NB I-es közvetítési jogokért,https://24.hu/sport/foci/2026/04/17/nb-i-kozvetitesi-jogok-m4-sport-rtl-amc/
3e5e46000490dfa9eabd893f0bb0256da7e314770fadffaaee7e037b05f9fea4,2026-04-17 09:37:44.918507+00:00,hu,24.hu,24.hu,2026-04-17,"Ennyit keres az átlagmagyar, megjöttek a friss számok",https://24.hu/fn/gazdasag/2026/04/17/ksh-ber-fizetes-kereset-2/
7e2f170907295eae1732e7f46cb29519bf67f3428b4660aed2757074f6a45f2c,2026-04-17 09:37:35.647969+00:00,hu,24.hu,24.hu,2026-04-17,Az Egyesült Államok nagykövetsége szoros együttműködés elé tekint Magyar Péter kormányával,https://24.hu/kulfold/2026/04/17/az-egyesult-allamok-nagykovetsege-szoros-egyuttmukodes-ele-tekint-magyar-peter-kormanyaval/
3b2c11526bbe51fa0f3d57c0deb8e4a6e0eaa09a494582e0a61600d4f56fa9ff,2026-04-17 09:35:20.101233+00:00,hu,24.hu,24.hu,2026-04-17,"Kiderült, miért hizlal a kenyér",https://24.hu/tudomany/2026/04/17/kenyer-fogyasztas-zsir-anyagcsere-hizas/
0b1d0fbae4f7dcd51c6ff8bb3805aca4ac20786e7d9916ca47f02749c08d03e1,2026-04-17 09:29:33.512399+00:00,hu,24.hu,24.hu,2026-04-17,Május végén távozik az Egyesült Államok leggyűlöltebb ügynökségének igazgatója,https://24.hu/kulfold/2026/04/17/egyesult-allamok-ice-igazgato-tavozas/
976505ea44b7db2b059dbe553fc8ae9b2a78429b4189cb0d8821c3e34c3a5132,2026-04-17 09:29:28.575518+00:00,hu,24.hu,24.hu,2026-04-17,"Még mindig megy a messenger.com, hiába jelentette be a Meta, hogy április 16-án leállítják",https://24.hu/tech/2026/04/17/messenger-com-megszunik-meta/
ac450495dda53e62228a94e66ed9793f37e0a19c0950e8ce6c3860fb50680f1b,2026-04-17 09:29:08.769433+00:00,hu,24.hu,24.hu,2026-04-17,Együtt eltemetett testvérpárt azonosítottak egy 1400 éves sírban,https://24.hu/tudomany/2026/04/17/angolszasz-kettos-sir-brit/
053d7db27525cee5d02f146e5ae07a75e4b65390bbe8a9403b6eb70eb27f6e9f,2026-04-17 09:28:17.210417+00:00,hu,24.hu,24.hu,2026-04-17,Drogokat árult egy katona a feleségével és a kiskorú gyermekeivel,https://24.hu/belfold/2026/04/17/katona-drogkereskedelem-gyerekek-letartoztatas/
36dff5237b6d3f295c90118cf849fac162a0c15a5f96b6ffd11871a6b22ec607,2026-04-17 09:27:41.649444+00:00,hu,24.hu,24.hu,2026-04-17,"Pénzmosással vádolják az MVM-et, vizsgálatot követel Magyar Pétertől egy szerb ügyvéd",https://24.hu/fn/gazdasag/2026/04/17/mvm-energia-penzmosas-korrupcio/
62ee10310720be5056e8da665e3dad4eba1408dfb902f8e19619a4dae2407e62,2026-04-17 09:24:20.608612+00:00,hu,24.hu,24.hu,2026-04-17,Gyilkossággal végződött a favágás Baranyában,https://24.hu/belfold/2026/04/17/karasz-emberoles-keseles-letartoztatas/
935aba70a3fe34627875770e12b1e6a1110446dea578658eda51b6ffe3425211,2026-04-17 09:24:04.828744+00:00,hu,24.hu,24.hu,2026-04-17,"Új kocsmárosnőt kap A mi kis falunk, ez az ismert színésznő alakítja",https://24.hu/kultura/2026/04/17/mi-kis-falunk-bata-eva/
58abc14e255167b69a762939263a36dbdc448a3f19c0633b4b8a307e6a165438,2026-04-17 09:24:00.080657+00:00,hu,24.hu,24.hu,2026-04-17,Leállás az OTP-nél: másfél óráig nem lehet majd fizetni és készpénzt felvenni sem,https://24.hu/tech/2026/04/17/otp-leallas-fizetes-keszpenzfelvetel/
7e9b4cd09683293f96403eaa68dd399a66d554d25c48b5ad211c98c862fc1766,2026-04-17 09:23:22.147774+00:00,hu,24.hu,24.hu,2026-04-17,19 éves bringás bukott meg a doppingteszten Mészáros Lőrinc csapatánál,https://24.hu/sport/2026/04/17/makrai-balint-poziztiv-doppingteszt-kerekpar/
820d8c3b00eb62c84f099e04ec5845f09e092443218a575a06a344d8266d8b9b,2026-04-17 09:23:17.265309+00:00,hu,24.hu,24.hu,2026-04-17,Eltörték egy bírságolni akaró kalauznő csuklóját a vasútvillamoson – videó,https://24.hu/belfold/2026/04/17/vasutvillamos-kalauz-csonttores-vademeles/
097d9470a68580c6d4b48a4a192333019b16b07b725fc179ff30a85e7bc0dc00,2026-04-17 09:22:39.450069+00:00,hu,24.hu,24.hu,2026-04-17,Fordulatra kényszerült a Mol Magyar Péter felszólítása után,https://24.hu/fn/gazdasag/2026/04/17/mol-osztalekfizetes-hernadi-zsolt-magyar-peter/
2b408b3d933537e75e48f1e167ac0ef4406c4055a003da28a5fbb45a3ecbb0f9,2026-04-17 09:22:34.449841+00:00,hu,24.hu,24.hu,2026-04-17,"Iványi a Der Standardnak: Orbánnak börtönben a helye, különben visszatér",https://24.hu/belfold/2026/04/17/ivanyi-gabor-standard-orban-borton/
3d0c19dbfde4927f4d86c5deaa0b4c9e2c958765849c7f135219ccd2cab12686,2026-04-17 08:32:42.757341+00:00,hu,444.hu,444.hu,2026-04-17,Most kezdődik a tánc a Fidesz gazdasági hátországában,https://444.hu/2026/04/17/most-kezdodik-a-tanc-a-fidesz-gazdasagi-hatorszagaban?utm_source=rss_feed&utm_medium=rss&utm_campaign=rss_syndication
f2c832491dd096d003c2f716dd48fe6e82ed21a56125d2ce91988be2a32c8447,2026-04-17 08:32:37.598584+00:00,hu,444.hu,444.hu,2026-04-17,"Trumpék arra számítanak, hogy az iráni csapat ott lesz a nyári foci vb-n",https://444.hu/2026/04/17/trumpek-arra-szamitanak-hogy-az-irani-csapat-ott-lesz-a-nyari-foci-vb-n?utm_source=rss_feed&utm_medium=rss&utm_campaign=rss_syndication
103203768b8b1cb266e503af4d6141972c57ad23f032e7a0cc3664c601492b9a,2026-04-17 08:32:20.348858+00:00,hu,444.hu,444.hu,2026-04-17,Orosz drón sértette meg Románia légterét,https://444.hu/2026/04/17/orosz-dron-sertette-meg-romania-legteret?utm_source=rss_feed&utm_medium=rss&utm_campaign=rss_syndication
ce78ca7379833d79014ea177285b3e50231e192a3775b7c25d1046daf3d792e6,2026-04-17 08:32:01.857510+00:00,hu,444.hu,444.hu,2026-04-17,14 éves lány meggyilkolásával gyanúsítják D4vd amerikai énekest,https://444.hu/2026/04/17/14-eves-lany-meggyilkolasaval-gyanusitjak-d4vd-amerikai-enekest?utm_source=rss_feed&utm_medium=rss&utm_campaign=rss_syndication
f68ec985e616f59334d70a464e87c35b98dbe30ba858e3550b6b2c0fa13855c6,2026-04-17 08:31:57.341494+00:00,hu,444.hu,444.hu,2026-04-17,Nagy Márton visszavonul a politikától,https://444.hu/2026/04/17/nagy-marton-visszavonul-a-politikatol?utm_source=rss_feed&utm_medium=rss&utm_campaign=rss_syndication
30b17120808df121466e7b0ea8f21042080d353240c8e26fdfbdc63b86147d40,2026-04-17 08:31:50.248876+00:00,hu,444.hu,444.hu,2026-04-17,"Nem Orbánnak veszik a telefont külföldön, hanem a győztesnek",https://444.hu/2026/04/17/nem-orbannak-veszik-a-telefont-kulfoldon-hanem-a-gyoztesnek?utm_source=rss_feed&utm_medium=rss&utm_campaign=rss_syndication
3d362c71504493a0997744a42416e05703eef700b82686f3b0f1bea7e6f02ba0,2026-04-17 08:31:35.209753+00:00,hu,444.hu,444.hu,2026-04-17,Óvadék ellenében szabadlábra helyezték a háborús bűnökkel vádolt ausztrál elitkatonát,https://444.hu/2026/04/17/ovadek-elleneben-szabadlabra-helyeztek-a-haborus-bunokkel-vadolt-ausztral-elitkatonat?utm_source=rss_feed&utm_medium=rss&utm_campaign=rss_syndication
63dc0bfec3122178224b9da78ebe29534facadbc23a2cc349bf28193a1a96ad8,2026-04-17 08:30:58.853882+00:00,hu,444.hu,444.hu,2026-04-17,"Iványi Gábor Orbán Viktorról: Ha nem vonják felelősségre, visszatérhet",https://444.hu/2026/04/17/ivanyi-gabor-orban-viktorrol-ha-nem-vonjak-felelossegre-visszaterhet?utm_source=rss_feed&utm_medium=rss&utm_campaign=rss_syndication
ab190e8e83d63151c8ba6f4af8b73b7188ed6a7d9b92718c72437527ba904896,2026-04-17 08:30:41.610296+00:00,hu,444.hu,444.hu,2026-04-17,"Ruff Bálint: Elkezdtünk egy beszélgetést Magyar Péterrel, folytatni is fogjuk",https://444.hu/2026/04/17/ruff-balint-elkezdtunk-egy-beszelgetest-magyar-peterrel-folytatni-is-fogjuk?utm_source=rss_feed&utm_medium=rss&utm_campaign=rss_syndication
2bec4187927d0b9581f7b20c7608355fc5b88445338b903c42e9fdfc9e184bb1,2026-04-17 08:21:03.175216+00:00,hu,24.hu,24.hu,2026-04-17,"Nagy Márton visszavonul a politikától, lekapcsolta a Facebook-oldalát",https://24.hu/belfold/2026/04/17/eltunt-nagy-marton-facebook-oldala/
e392a907f0031e50614137d8ca90d048709ab5633b937320f69bcebb663a247b,2026-04-17 08:20:53.186423+00:00,hu,24.hu,24.hu,2026-04-17,"A DK természetesen tovább működik""",https://24.hu/belfold/2026/04/17/dk-tisztujitas/
4ad3a7a68abfbb26a60ff731763023c5bdd6f8255553c602c0e5cc7a2bd92f1d,2026-04-17 08:19:57.516606+00:00,hu,24.hu,24.hu,2026-04-17,"Budapesten ad koncertet Schiff András, aki másfél évtizede Orbán miatt bojkottálja Magyarországot",https://24.hu/kultura/2026/04/17/schiff-andras-koncert-orban/
fbb0ce6ae890f98bd0a230f0b3c85ca6b4805640af95824de1dc3f187fd014dc,2026-04-17 07:33:17.070468+00:00,hu,24.hu,24.hu,2026-04-17,"Ezt kell tenned, ha ledarálandó irat kerül hozzád",https://24.hu/belfold/2026/04/17/tisza-part-iratmento-platform/
73b2ff404ce6d3d60418a37948ef1929e145ae14766eb61eb477e5de18cf7bde,2026-04-17 07:33:07.838577+00:00,hu,24.hu,24.hu,2026-04-17,"Az első meccsen tiszteletlenek voltak velünk, most a pályán válaszoltunk"" – balhés hangulatban ért véget a Konferencia Liga-negyeddöntő",https://24.hu/sport/foci/2026/04/17/konferencia-liga-strasbourg-mainz-visszavago/
405ccafaaa78d29ce40af6136e029a632c7a83f0f5ba24beaebbd2b37217b07e,2026-04-17 07:26:31.880969+00:00,hu,24.hu,24.hu,2026-04-17,"Lőszereket gyártott egy vadász otthon, majd eladta",https://24.hu/belfold/2026/04/17/ceglad-vdasz-loszerek-gyartas/
3ce26b9f2278c1f52cefb3a29ee303f7bdea0ed8c8143a1f501f0cebd215f3d8,2026-04-17 07:26:26.968326+00:00,hu,24.hu,24.hu,2026-04-17,"Újra költözhetnek majd Sátoraljaújhelyre olyanok, akik nem tudnak magyarul",https://24.hu/otthon/2026/04/17/satoraljaujhely-onazonossagi-reneet-visszavonas/
1114abd8c9503b943d026bc582b940525d9150c194caaca96d6bcbfbee951e72,2026-04-17 07:26:20.361091+00:00,hu,24.hu,24.hu,2026-04-17,"Kovi a róla szóló sorozatról: Olyan közegbe helyezi ezt a műfajt, amit nem kell szégyellni",https://24.hu/szorakozas/2026/04/17/kovi-birodalom-rtl-sorozat/
b48b6b11b28eeeb4412a1d0ce4edd40644131b4304f5499924d8ed152bb4769e,2026-04-17 07:26:15.320795+00:00,hu,24.hu,24.hu,2026-04-17,Kirúgják a Fidesz-kampány sötétebb részeit intéző cég alkalmazottait,https://24.hu/belfold/2026/04/17/kirugjasok-digitalis-demokracia-ugynokseg/
4234c42112857f042190ba05f8479d5738c195488ef406ce405613f7cad647c5,2026-04-17 07:26:08.000495+00:00,hu,24.hu,24.hu,2026-04-17,Eltűnt egy 14 éves lány Budapesten,https://24.hu/belfold/2026/04/17/budapest-eltunt-lany-kereses/
ccaae59047f8dbda93ff17d91e54261b8128d6c3a2415261bc7b70966a2c8115,2026-04-17 07:25:52.667609+00:00,hu,24.hu,24.hu,2026-04-17,Magyar Péter felszólításának eleget téve lemondott posztjáról a Közszolgálati Közalapítvány kuratóriumi tagja,https://24.hu/belfold/2026/04/17/silhavy-mate-kuratoriumi-tag-lemondas/
f8eeb635ffd0dd3c02744f525e01297c54a0436d35b15aaa19c29d3dfa44e55b,2026-04-17 07:25:43.983547+00:00,hu,24.hu,24.hu,2026-04-17,„Orosz Gyuri meglátta bennem a potenciált” – stand up turnéra indul Joshi Bharat,https://24.hu/szorakozas/2026/04/17/joshi-bharat-stand-up-turne/
48f46ddcfa3d78eda0394d1e711440be3658f9ad67dab956057b7419faa3aa8b,2026-04-17 07:25:26.669015+00:00,hu,24.hu,24.hu,2026-04-17,"Áder János kinevezte, Novák Katalin áthelyezte, Sulyok Tamás azonnali hatállyal felmentette",https://24.hu/belfold/2026/04/17/sulyok-tamas-bodo-bernadett-felmentes-pinter-sandor/
edaf6c8b692ec046e924c87d6f8066dbc591b30d0607c23328e1e5c7a12a1b9b,2026-04-17 07:24:41.729321+00:00,hu,24.hu,24.hu,2026-04-17,"Kína kész együttműködni az új magyar vezetéssel"" – gratulált a kínai miniszterelnök Magyar Péter választási győzelméhez",https://24.hu/belfold/2026/04/17/magyar-peter-kinai-miniszterelnok/
2c60afbd35417e70a3d6a40c1175e02914d03261c74fbffaa1a6131d1b59302f,2026-04-17 07:24:34.986293+00:00,hu,24.hu,24.hu,2026-04-17,Egész Budapesten megszüntetik a parlkolóautomatákat júliusban,https://24.hu/belfold/2026/04/17/budapest-megszunes-parlkoloautomata/
b107561d33d6e159df66827a18fea167165525f889020680658ac94f6a66de0b,2026-04-17 06:33:35.088663+00:00,hu,444.hu,444.hu,2026-04-17,Jó döntés már 35 éve,https://444.hu/2026/04/17/jo-dontes-mar-35-eve-vasarolj-a-spar-ban-es-nyerj-egy-alomlakast
1e5920b8ad9000ddd7888eaa755fe4a9d77f8a9e597125ba52fa043d6e8cf422,2026-04-17 06:33:23.557424+00:00,hu,444.hu,444.hu,2026-04-17,"Leszerelik Budapesten a parkolóautomatákat, nőnek a parkolási díjak",https://444.hu/2026/04/17/leszerelik-budapesten-a-parkoloautomatakat-nonek-a-parkolasi-dijak
6a7c641f4e2bc05e265eb78eb9ba641c723e4674ce452d25319497eb38fded75,2026-04-17 06:32:45.407380+00:00,hu,444.hu,444.hu,2026-04-17,Búcsú Orbán Viktor péntek reggeli agymenéseitől,https://444.hu/2026/04/17/bucsu-orban-viktor-pentek-reggeli-agymeneseitol
57e6e0fdf1e376e6f96ae0261f0f91e1325ec20e11a122d2646bf7685c7bf5c6,2026-04-17 06:25:41.227623+00:00,hu,444.hu,444.hu,2026-04-17,Tömegesen bocsátja el dolgozóit a Fidesz piszkos kampányait intéző trollfarm,https://444.hu/2026/04/17/tomegesen-bocsatja-el-dolgozoit-a-fidesz-piszkos-kampanyait-intezo-trollfarm?utm_source=hirstart&utm_medium=referral&utm_campaign=ct
e030e3d1236449a1818261f7690883903ef5e165201c71b8f4fcd230329b9250,2026-04-17 05:29:20.699880+00:00,hu,444.hu,444.hu,2026-04-17,"Honnan jött az a Gen Z áradat, akiket a rendszerbontó nagykoncerten és a választási népünnepélyen láttunk?",https://444.hu/2026/04/17/honnan-jott-az-a-gen-z-aradat-akiket-a-rendszerbonto-nagykoncerten-es-a-valasztasi-nepunnepelyen-lattunk?utm_source=rss_feed&utm_medium=rss&utm_campaign=rss_syndication
cede3671619bc40169bcfd9abdd0fd7cdadc94c90d9e073b4f6d89adaeec17ae,2026-04-17 05:29:13.679671+00:00,hu,444.hu,444.hu,2026-04-17,Sik Domonkos: Adjunk egy esélyt a „tanácskozó” demokráciának!,https://444.hu/2026/04/17/sik-domonkos-adjunk-egy-eselyt-a-tanacskozo-demokracianak?utm_source=rss_feed&utm_medium=rss&utm_campaign=rss_syndication
af7484e18080c87ca874fa5c3ccfa257c2720c00f00ce7e70f1e39aa5253630a,2026-04-17 05:28:00.756020+00:00,hu,444.hu,444.hu,2026-04-17,Lemondott mandátumáról a Közszolgálati Közalapítvány egyik kuratóriumi tagja,https://444.hu/2026/04/17/lemondott-mandatumarol-a-kozszolgalati-kozalapitvany-egyik-kuratoriumi-tagja?utm_source=rss_feed&utm_medium=rss&utm_campaign=rss_syndication
6dd22bcd603295e66d532af461f9bcb23bf45946e983091126d90ad4dc966c10,2026-04-17 05:27:31.285681+00:00,hu,444.hu,444.hu,2026-04-17,Életbe lépett a tűzszünet Libanon és Izrael között,https://444.hu/2026/04/17/eletbe-lepett-a-tuzszunet-libanon-es-izrael-kozott?utm_source=rss_feed&utm_medium=rss&utm_campaign=rss_syndication
fe585e5e01408dec1f49a5692b32351c94eac5f0c576f4fe15e693df85bc1a34,2026-04-17 05:27:06.761423+00:00,hu,444.hu,444.hu,2026-04-17,"„Az emberek félnek Öntől” – Putyint kritizálta az ismert orosz influenszer, a Kreml váratlanul reagált rá",https://444.hu/2026/04/17/az-emberek-felnek-ontol-putyint-kritizalta-az-ismert-orosz-influenszer-a-kreml-varatlanul-reagalt-ra?utm_source=rss_feed&utm_medium=rss&utm_campaign=rss_syndication
36945810f85572abea9da26718f7e9e1928c948bba30304bf0c814867787564e,2026-04-17 05:21:29.809788+00:00,hu,24.hu,24.hu,2026-04-17,Húsz fok feletti napsütéses idő lesz a kormányváltás utáni első hétvégén,https://24.hu/belfold/2026/04/17/idojaras-elorejelzes-hetvege-20-fok/
b47770a75548ac5a1b6953939e916d019b7003610e91b0a497e17fb39bfa3c9b,2026-04-17 04:33:17.481611+00:00,hu,24.hu,24.hu,2026-04-17,Mekk Elek kvíz: mennyire emlékszel az ezermester kalandjaira?,https://24.hu/szorakozas/2026/04/17/mekk-elek-az-ezermester-kviz/
cb2bed19c77ac8fe1c8841bd754e275d0cfb03e27f443c66b383162f4dd8109a,2026-04-17 04:32:37.473217+00:00,hu,24.hu,24.hu,2026-04-17,Kvíz: mennyire ismered a magyar kutyafajtákat?,https://24.hu/szorakozas/2026/04/17/magyar-kutyafajtak-kviz/
8542cd19463e1be3b2eb1d7f0c150157aa0b98e3b5c7cd6b45e382b9350a0124,2026-04-17 04:32:22.442140+00:00,hu,24.hu,24.hu,2026-04-17,"Ez a tíz kérdés megmutatja, mennyire ismered a közlekedési táblákat",https://24.hu/szorakozas/2026/04/17/kresz-tablak-forgalom/
70abfea3daf800925630d9dfff7f26d838880d4baaea01b1666a6b68503a5742,2026-04-17 04:31:58.319588+00:00,hu,444.hu,444.hu,2026-04-17,Bayer: A tetőteraszról lezavartak minket a pincébe,https://444.hu/2026/04/17/bayer-a-tetoteraszrol-lezavartak-minket-a-pincebe?utm_source=hirstart&utm_medium=referral&utm_campaign=ct
e180f41cc06a01585fc58c44789c13a7b45fde202e58e33d514cc9aac0a7df41,2026-04-17 04:31:27.949271+00:00,hu,24.hu,24.hu,2026-04-17,Hatalmas vagyont halmoztak fel az Orbán-érában a Fidesz-közeli alapítványok: 617 milliárdnál állt meg a számlálónk,https://24.hu/belfold/2026/04/17/fidesz-alapitvany-vagyon-mcc-schmidt-maria-kesma/
41d46a5b61a1e8fe10666eb86e5a67f2cdc6834c63c6e7e358cb5a50677dff26,2026-04-17 03:34:23.752204+00:00,hu,24.hu,24.hu,2026-04-17,Eltitkolták a magyar király halálát,https://24.hu/tudomany/2026/04/17/i-jozsef-kiraly-halala/
611fff74a91cc0e96007c0c6acee27e681b480fcfbce5f973a2a9fc2f0dd71e2,2026-04-17 03:33:33.519419+00:00,hu,24.hu,24.hu,2026-04-17,Honfoglalás kori sírokat tártak fel Kőszegen,https://24.hu/tudomany/2026/04/17/honfoglalas-kori-sirok-koszeg/
b9ec8d457626cd08c801016b391f74c727ca2f8998561dee94846adac29da3e9,2026-04-17 03:33:17.967668+00:00,hu,24.hu,24.hu,2026-04-17,Országa ötödét lemészárolta ez a diktátor,https://24.hu/tudomany/2026/04/17/pol-pot-hatalomra-jutasa/
750d406d0e856cc040275ec13216383a694a3ff72a9df7d48f3cbd5e2dde0ce4,2026-04-17 03:32:43.650683+00:00,hu,24.hu,24.hu,2026-04-17,Megdobatta csapattársait a magyar válogatott kézis,https://24.hu/sport/2026/04/17/kezilabda-norvegia-elverum-lukacs-peter/
17c0313f00f77e15dcf28d3c669204b25102ebd0b076bb2cf0b3327d88f7135f,2026-04-17 02:35:52.639197+00:00,hu,444.hu,444.hu,2026-04-16,Négy év után ismét meghívta a köztévé Hann Endrét,https://444.hu/2026/04/16/negy-ev-utan-ismet-meghivta-a-kozteve-hann-endret?utm_source=rss_feed&utm_medium=rss&utm_campaign=rss_syndication
f97ba23dede53377459ed805f47749ffbfaa6d115d04b3d2bf4cfe2590b5a4c9,2026-04-17 02:35:47.489552+00:00,hu,444.hu,444.hu,2026-04-16,A húsvéti tűzszünet után 18 embert öltek meg az orosz drónok és rakéták Ukrajnában,https://444.hu/2026/04/16/a-husveti-tuzszunet-utan-18-embert-oltek-meg-az-orosz-dronok-es-raketak-ukrajnaban?utm_source=rss_feed&utm_medium=rss&utm_campaign=rss_syndication
4c61429abfb8bcff204c155d8f4a1fcd064d66885c8ba8f6842a28b00af055ed,2026-04-16 22:58:49.376429+00:00,hu,24.hu,24.hu,2026-04-16,Varga Barnabás csapata majdnem csodát tett,https://24.hu/sport/foci/2026/04/16/aerk-athen-konferencia-liga-varga-barnabas-rayo-vallecano/
ef029ee5c5d458b6bd951638479c9515e1b9e939bf380c61d61769ea1ecf3b4e,2026-04-16 20:49:04.424644+00:00,hu,24.hu,24.hu,2026-04-16,"Kármán András: maradnak az árrésstopok május 31. után is, de továbbra is cél a kivezetésük",https://24.hu/fn/gazdasag/2026/04/16/karman-andras-arresstopok/
a20948dac9d22cde60b7e0867cc3f91fef0511fe703034f8a881d0a2b3556fdd,2026-04-16 20:46:58.284338+00:00,hu,24.hu,24.hu,2026-04-16,A nap legfontosabb hírei – 2026. április 16.,https://24.hu/belfold/2026/04/16/a-nap-legfontosabb-hirei-2026-aprilis-16/
1e0be7004a19ce6151c2630ee994b6f18c2a81f76f325205a99aa81ebf1a747d,2026-04-16 20:38:26.482587+00:00,hu,24.hu,24.hu,2026-04-16,DJ SEGGSZAGGATO nótájával és egy törött karú plakátgyűjtővel búcsúzik Nagy István agrárminiszter,https://24.hu/belfold/2026/04/16/dj-seggszaggato-nagy-istvan-agrarminiszter/
d08ca4669dbffcceb8ba07c7b8695d0e93e52e8ce93b8ce05f4c21edc6c5600b,2026-04-16 20:38:21.504651+00:00,hu,24.hu,24.hu,2026-04-16,"Beállt a magyar csatár a holland csapatba, remek gólpasszt adott fejjel",https://24.hu/sport/foci/2026/04/16/kovacs-bendeguz-az-alkmaar-konferencia-liga-golpassz/
121e8a08e1ae4992811e852551af2628629e6d506f9c0c60693056972985966f,2026-04-16 20:38:16.302985+00:00,hu,24.hu,24.hu,2026-04-16,"Miért hívták a női foglyok a magyar társaikat ""hülye zsidóknak"" Auschwitzban?",https://24.hu/belfold/2026/04/16/holokauszt-emleknap-lagernaplok-huhak-helena/
4403b990c48500a2acbb3001fbf45cf68a4ea8adaf8219c837aee4f90198b44c,2026-04-16 20:30:27.600754+00:00,hu,444.hu,444.hu,2026-04-16,"Akkora politikai földrengés van, hogy a fideszesek elkezdtek kitárulkozni",https://444.hu/2026/04/16/akkora-politikai-foldrenges-van-hogy-a-fideszesek-elkezdtek-kitarulkozni?utm_source=rss_feed&utm_medium=rss&utm_campaign=rss_syndication
ec0d7fefb866614db82496ec4aae0dbc22ff9f31b059e0d65795ec30259e147e,2026-04-16 20:30:13.057787+00:00,hu,444.hu,444.hu,2026-04-16,"Több levélszavazatot adtak le most a választók, mint négy évvel ezelőtt",https://444.hu/2026/04/16/tobb-levelszavazatot-adtak-le-most-a-valasztok-mint-negy-evvel-ezelott?utm_source=rss_feed&utm_medium=rss&utm_campaign=rss_syndication
9ac8fcb10570da25b55033649f244c3c73e63762e7dbbbffe253ec57df166eab,2026-04-16 20:30:08.078990+00:00,hu,444.hu,444.hu,2026-04-16,"Európának talán 6 hétre elegendő repülőgép-üzemanyaga van, figyelmeztet a Nemzetközi Energiaügynökség",https://444.hu/2026/04/16/europanak-talan-6-hetre-elegendo-repulogep-uzemanyaga-van-figyelmeztet-a-nemzetkozi-energiaugynokseg?utm_source=rss_feed&utm_medium=rss&utm_campaign=rss_syndication
54cbad118b055bb7e6bf70d9aca11896def0ea87011c1eff9416bc847f5051da,2026-04-16 20:30:00.412246+00:00,hu,444.hu,444.hu,2026-04-16,"Gulyás Gergely szerint alappal merülhet fel a megállapítás, hogy Magyar Péter bolond",https://444.hu/2026/04/16/gulyas-gergely-szerint-alappal-merulhet-fel-a-megallapitas-hogy-magyar-peter-bolond?utm_source=rss_feed&utm_medium=rss&utm_campaign=rss_syndication
3da186365478b7df18170843b198954172ba616e51887222105c9e521e9272e6,2026-04-16 20:29:57.259992+00:00,hu,444.hu,444.hu,2026-04-16,Izrael és Libanon 10 napos tűzszünetet kötött Trump szerint,https://444.hu/2026/04/16/izrael-es-libanon-10-napos-tuzszunetet-kotott-trump-szerint?utm_source=rss_feed&utm_medium=rss&utm_campaign=rss_syndication
1e4c71b9d037e3e1e85769ccdff8eafff43d2de2a93046afb7a889da839b0fda,2026-04-16 20:29:26.353626+00:00,hu,444.hu,444.hu,2026-04-16,Magyar Péter nem kér rendőri védelmet,https://444.hu/2026/04/16/magyar-peter-nem-ker-rendori-vedelmet?utm_source=rss_feed&utm_medium=rss&utm_campaign=rss_syndication
a6091bf27787d8685dc2cd70d798d37f5286b1c4ffba6c8d4c7de99a99771abc,2026-04-16 20:29:21.156355+00:00,hu,444.hu,444.hu,2026-04-16,Az új kormány megtartja a benzin védett árát,https://444.hu/2026/04/16/az-uj-kormany-megtartja-a-benzin-vedett-arat?utm_source=rss_feed&utm_medium=rss&utm_campaign=rss_syndication
8a7adb93c197aef4e531f06c72b2a2e93ec8c2ab940b8b87568e3571538b1c56,2026-04-16 20:29:16.202632+00:00,hu,444.hu,444.hu,2026-04-16,Szlovákia az Oroszország elleni szankciók megvetózásával fenyegetőzik,https://444.hu/2026/04/16/szlovakia-az-oroszorszag-elleni-szankcioit-megvetozasaval-fenyegetozik?utm_source=rss_feed&utm_medium=rss&utm_campaign=rss_syndication
0f23356172301330a76f4459338d26a9428d116a32c1591fdb4d7e95eeebfa28,2026-04-16 20:29:11.540772+00:00,hu,444.hu,444.hu,2026-04-16,"Nem várt fordulat: egy Digitális Polgári Kör „lépésről lépésre, tégláról téglára"" venné vissza a hazát",https://444.hu/2026/04/16/nem-vart-fordulat-egy-digitalis-polgari-kor-lepesrol-lepesre-teglarol-teglara-venne-vissza-a-hazat?utm_source=rss_feed&utm_medium=rss&utm_campaign=rss_syndication
23d108f5a55d0cacfdca34fb651a84668932347d1065e19cc5b452b367f1d4bd,2026-04-16 20:29:06.470215+00:00,hu,444.hu,444.hu,2026-04-16,"Mondd meg Semjén Zsolt Facebook-oldala alapján, hogy mi lett a választások eredménye",https://444.hu/2026/04/16/mondd-meg-semjen-zsolt-facebook-oldala-alapjan-hogy-mi-lett-a-valasztasok-eredmenye?utm_source=rss_feed&utm_medium=rss&utm_campaign=rss_syndication
6e91292b9e7da635283d5840778a2ecfc4d6ede5b67e665e5d5ace777f304cf5,2026-04-16 20:28:45.682889+00:00,hu,444.hu,444.hu,2026-04-16,A fideszes vezetésű Sátoraljaújhelyen visszavonják az önazonossági rendeletet,https://444.hu/2026/04/16/a-fideszes-vezetesu-satoraljaujhelyen-visszavonjak-az-onazonossagi-rendeletet?utm_source=rss_feed&utm_medium=rss&utm_campaign=rss_syndication
b02e3a8fde476f1fa7f5101a2b5d2327640bf379d716fad04c58e55c7eb70bc0,2026-04-16 20:28:40.721765+00:00,hu,444.hu,444.hu,2026-04-16,"Orbán: A luxizás szerepet játszott a választási eredményben, ennek a folytatása öngyilkosság lenne",https://444.hu/2026/04/16/orban-a-korabbi-formajaban-a-jobboldali-kozosseg-nem-tudja-folytatni?utm_source=rss_feed&utm_medium=rss&utm_campaign=rss_syndication
70c853e99cbf43f73ca3d9421cc5252f45f0b08a8a3220335e68c1aab4707ff0,2026-04-16 20:28:37.345894+00:00,hu,444.hu,444.hu,2026-04-16,Szennyező anyag került a szombathelyi kórház vízhálózatába,https://444.hu/2026/04/16/szennyezo-anyag-kerult-a-szombathelyi-korhaz-vizhalozataba?utm_source=rss_feed&utm_medium=rss&utm_campaign=rss_syndication
12d4520362a6527a25205247bbf1ef5e8a6fce5e50ad2a5200d04a211cd65f05,2026-04-16 20:18:37.141443+00:00,hu,24.hu,24.hu,2026-04-16,"Magyar Péter: biztosított az üzemanyagellátás, marad a védett benzinár",https://24.hu/belfold/2026/04/16/magyar-peter-vedett-benzinar-mol/
2b2e87edc592f60641df8476003a4b1fde7c4d256409ed93d9efbff9953fc31d,2026-04-16 20:16:56.986175+00:00,hu,24.hu,24.hu,2026-04-16,"Milák megvillant, nagy hajrával nyert aranyat az ob-n",https://24.hu/sport/2026/04/16/milak-kristof-aranyerem-uszo-ob-100-gyors/
5598d5e34c6978778f60b85c705377d770f1911d33f4cac30352e58f83a09867,2026-04-16 19:38:40.335237+00:00,hu,24.hu,24.hu,2026-04-16,"Összeszámolták a levélszavazatokat, elsöprő a Fidesz előnye",https://24.hu/belfold/2026/04/16/levelszavazatok-eredmeny-fidesz-tisza/
b73f07d73bffd3297eefa1ded96cc965401fea074d45dba1d54ef6d398ec684d,2026-04-16 19:37:56.009172+00:00,hu,24.hu,24.hu,2026-04-16,Új szakmával szemezget Zalatnay Sarolta,https://24.hu/szorakozas/2026/04/16/zalatnay-sarolta-uj-szakma-boraszat-erdeklodes/
146b9af21010c927de46748f89f1ec37574b577fd800ce6e910c8e723bee934b,2026-04-16 19:28:12.088034+00:00,hu,24.hu,24.hu,2026-04-16,"Ha kell, ""szertáros"" lesz Orbán, de ha úgy döntenek, szívesen újra ""a pályára vezeti a csapatot""",https://24.hu/belfold/2026/04/16/ha-kell-szertaros-lesz-orban-de-ha-ugy-dontenek-szivesen-ujra-a-palyara-vezeti-a-csapatot/
de81d58b68f8973050954c49260cbdf2930801dc7c230574fbd9c9766ef7d784,2026-04-16 19:26:56.288553+00:00,hu,24.hu,24.hu,2026-04-16,"Orbán: Ha a párt úgy dönt, akkor levezénylem a megújulást",https://24.hu/belfold/2026/04/16/orban-ha-a-part-ugy-dont-akkor-levezenylem-a-megujulast/
094df363d7cfe2a216f63a5047e73031e2bbeb84690eae859eae5242813adc94,2026-04-16 19:26:00.283900+00:00,hu,atlatszo.hu,atlatszo.hu,2026-04-16,"Felmerül az összejátszás gyanúja annál a 390 milliárdos tendernél, amit az Integritás Hatóság nem vizsgálhatott",https://atlatszo.hu/kozpenz/2026/04/16/felmerul-az-osszejatszas-gyanuja-annal-a-390-milliardos-tedernel-amit-az-integritas-hatosag-nem-vizsgalhatott/
5aaf381b43dc2d5935f9956c4498ac67ffd46471131ee19adaaefa929760684e,2026-04-16 19:24:12.688726+00:00,hu,atlatszo.hu,atlatszo.hu,2026-04-16,Lakossági fórumot ígér a tervezett NMP-üzemről a kunmadarasi polgármester,https://atlatszo.hu/orszagszerte/2026/04/16/lakossagi-forumot-iger-a-tervezett-nmp-uzemrol-a-kunmadarasi-polgarmester/
e22a97e3d926203dce3b0cb496ec8be11b97dfb9d7ff8001b052fcfee3f0bba1,2026-04-16 19:23:55.844174+00:00,hu,atlatszo.hu,atlatszo.hu,2026-04-16,„A vámpírok nem szeretik a napfényt” – így bénították meg a szavazatvásárló gépezetet az őrszemek,https://atlatszo.hu/kozugy/2026/04/16/a-vampirok-nem-szeretik-a-napfenyt-igy-benitottak-meg-a-szavazatvasarlo-gepezetet-az-orszemek/
b5b856b430802f7af1ef0e66aed49be9190f78869e50e989c061d7738f2b60bb,2026-04-16 19:23:14.752007+00:00,hu,atlatszo.hu,atlatszo.hu,2026-04-16,Köszönjük! Nélkületek nem éltük volna túl az Orbán-korszakot,https://atlatszo.hu/impakt/2026/04/16/koszonjuk-nelkuletek-nem-eltuk-volna-tul-az-orban-korszakot/
9b64249547a9283b30dd81d635837619e1e4729b20200df68266f1a10d8dc0bf,2026-04-16 19:23:02.200270+00:00,hu,24.hu,24.hu,2026-04-16,"Orbán szerint nem döntött rosszul, aki a Tiszára szavazott",https://24.hu/belfold/2026/04/16/orban-szerint-nem-dontott-rosszul-aki-a-tiszara-szavazott/
907e52b7f9792f149f1f6fa576eeb82d8828b2d0b834808663adf109508afe5d,2026-04-16 19:22:44.846993+00:00,hu,24.hu,24.hu,2026-04-16,Puszta kézzel fegyverzett le egy iskolai vérengzésre készülő volt diákot egy oklahomai igazgató – videó,https://24.hu/elet-stilus/2026/04/16/iskolai-lovoldozes-igazgato-megakadalyoz-oklahoma-video/
2de3e58bd2ab14128b81dde713f63620161a3ffa4b19882c48d89644234bcc4e,2026-04-16 19:22:28.074305+00:00,hu,24.hu,24.hu,2026-04-16,Ki a felelős a vereségért?,https://24.hu/belfold/2026/04/16/ki-a-felelos-a-veresegert/
be7dc801831045578343e4964e95cc8b85efd38ff88918e97c6049e27d533967,2026-04-16 19:22:22.693747+00:00,hu,24.hu,24.hu,2026-04-16,"Orbán: Újra kell szabni a Fidesz-listát, mert az nem egy ilyen vereségre készült",https://24.hu/belfold/2026/04/16/ujra-kell-szabni-a-fidesz-listat-mert-az-nem-egy-ilyen-veresegre-keszult/
84449e41980892125896057380e459f959d03f7a498608bbb2f03ea2b7c4ec35,2026-04-16 19:22:17.714166+00:00,hu,24.hu,24.hu,2026-04-16,Ruszin-Szendi Romulusz: Ne próbálkozzanak iratmegsemmisítéssel a Honvédelmi Minisztériumban,https://24.hu/belfold/2026/04/16/ruszin-szendi-romulusz-iratmegsemmisites-honvedelmi-miniszterium/
1098c30a6760928b3eff604bd64fe18e58ca0eaa682e46c727491eadee9cde8e,2026-04-16 19:22:12.767692+00:00,hu,24.hu,24.hu,2026-04-16,Orbán: sosem tűrtem a korrupciót,https://24.hu/belfold/2026/04/16/orban-sosem-turte-a-korrupciot/
9fe9a61cf49d4b15a53e10431e89d929674ef4e2a0a04afa6a0e6f816a103d17,2026-04-16 19:22:07.859307+00:00,hu,24.hu,24.hu,2026-04-16,"Orbán: Egyáltalán nem helyes, hogy a Tisza leváltaná az állami intézményi vezetőket",https://24.hu/belfold/2026/04/16/egyaltalan-nem-helyes-hogy-a-tisza-levaltana-az-allami-intezmenyi-vezetoket/
1c07d3dabe661a2b1d807ca5d44bfd1d5190205531cb42f8c72ea12096bf9b95,2026-04-16 19:22:03.418818+00:00,hu,24.hu,24.hu,2026-04-16,"Orbán: Én is azt gondoltam, győzni fogunk",https://24.hu/belfold/2026/04/16/orban-en-is-azt-gondoltam-gyozni-fogunk/
25b9e4f2036a590b41063f76e0c2934ddea4f85538c3cc111bd00e4976f12be3,2026-04-16 19:21:55.223138+00:00,hu,24.hu,24.hu,2026-04-16,Volt-e a kampányon kívül más oka is a vereségnek?,https://24.hu/belfold/2026/04/16/volt-e-a-kampanyon-kivul-mas-oka-is-a-veresegnek/
04dcb236dba8d87397fd8058400745c276bcdf5a4c811c65dfd0b16e5e69b6c0,2026-04-16 19:21:34.597169+00:00,hu,24.hu,24.hu,2026-04-16,Pánikban a magyar futball a választás után – de miért?,https://24.hu/sport/2026/04/16/podcast-ziccer-kormanyvaltas-osztalyozo-mlsz-bajnokok-ligaja/
33b7cc5709e41176cc64cb098ded3289133063627aacb785562eb264190600d0,2026-04-16 18:54:14.724816+00:00,hu,24.hu,24.hu,2026-04-16,"Orbán Viktor: Akik most bejutottak a Fidesz-frakcióba, nem azok az emberek, akikre szükségünk lesz",https://24.hu/belfold/2026/04/16/orban-viktor-interju-vereseg/
3ce506fad74112ba5c53cb89f084235478b425b044fff777171ac0ede70a3967,2026-04-16 18:54:06.585029+00:00,hu,24.hu,24.hu,2026-04-16,Trump: Tíznapos tűzszünetben állapodott meg Izrael és Libanon,https://24.hu/kulfold/2026/04/16/trump-tuzszunet-libanon-izrael/
d2c40da2e213cda595468af06ac1c66c77a5e06ac35f4bc3bd585d3bbcfc50f1,2026-04-16 18:54:01.604720+00:00,hu,24.hu,24.hu,2026-04-16,"Magyar Péter külpolitikája: ""Krakélerkedő kormány lesz, de lehet majd vele beszélni""",https://24.hu/kulfold/2026/04/16/magyar-peter-kulpolitika-eu-trump-foldosztas-podcast/
615c32507aa7fdb4b5edb26fb3c15f0a42d46a9377f09b797811d9f37a29b71c,2026-04-16 18:53:56.545755+00:00,hu,24.hu,24.hu,2026-04-16,Női kézi-Eb: megkapta csoportriválisait a magyar válogatott,https://24.hu/sport/2026/04/16/noi-kezilabda-europabajnoksag-2026-csoportok-magyarorszag/
e9b60296b4ec54426b44f2aba351b4d0afc040185fcc083f9d1e6125c58ef1e8,2026-04-16 18:53:22.665516+00:00,hu,24.hu,24.hu,2026-04-16,"Gulyás Gergely fenntartja, hogy Magyar Péter bolond",https://24.hu/belfold/2026/04/16/gulyas-gergely-interju-valasztas-2026/
df51efb6d03362eb98e67c1808bf69eb41ca8fd9ba9a92897d6bbe2777ec669a,2026-04-16 17:50:19.240109+00:00,hu,24.hu,24.hu,2026-04-16,"Vujity Tvrtko üzent a TV2 Napló jelenlegi készítőinek: ""Mindenkinek jobb, ha – ezen a néven – abbahagyjátok""",https://24.hu/szorakozas/2026/04/16/vujity-tvrtko-tv2-naplo-uzenet/
6c1d8605db872ab86818d56f1024a7f2200a3b3f694de32e4f1692b2e9ad0a10,2026-04-16 17:49:07.106293+00:00,hu,24.hu,24.hu,2026-04-16,"„A Gyula kiütötte kézzel, ba.meg!” – a dráma garantált, de az MLSZ gyakorlatilag becsapta az ajtót az NB II-es klubok előttált, de az MLSZ gyakorlatilag becsapta az ajtót az NB II-es klubok előtt",https://24.hu/sport/foci/2026/04/16/mlsz-ismet-bevezetik-az-osztalyozot/
7dda596ec22c76c0598ca1b257b1a67947832df60525054160c3b52d12ad6836,2026-04-16 17:37:37.444743+00:00,hu,24.hu,24.hu,2026-04-16,Mégis nyomoz a rendőrség Henry ellen,https://24.hu/belfold/2026/04/16/nyomoz-rendorseg-henry-ellen/
df49e508dc8f002a52402edbea8565361c277db78200ea930e96eef7b7e23d2c,2026-04-16 16:06:54.447416+00:00,hu,24.hu,24.hu,2026-04-16,"Mutatjuk, hány mandátum dől el a külképviseleti voksokon",https://24.hu/belfold/2026/04/16/valasztas-2026-kulkepviseleti-szavazatok/
cca3c05ed3974c5965824a4102f4a16644a749dbef70a7a8bed9db849d429feb,2026-04-16 16:06:45.760954+00:00,hu,24.hu,24.hu,2026-04-16,Nyomkövetőt tett a szavazólap mellé a borítékba,https://24.hu/kulfold/2026/04/16/nyomkovetot-szavazolap-boritekba-skocia-magyar/
bcbcd6995910cbb7efd25cf84e0f8262fc413fcdcdcdf4596842025723074f48,2026-04-16 15:55:14.107883+00:00,hu,24.hu,24.hu,2026-04-16,"Molnár Áron Vidnyánszky Attiláról: Katasztrófa, amit ez a csávó művelt a szakmánkkal",https://24.hu/szorakozas/2026/04/16/vidnyanszky-attila-nemzeti-szinhaz-kormanyzati-iranymutatas-molnar-aron/
171f6cd924418ae02fc52a537fd55b1095489b54ea4e860a29fca7b3f2136264,2026-04-16 15:53:54.636408+00:00,hu,24.hu,24.hu,2026-04-16,Nagyjából hat hétre elegendő repülőgép-üzemanyaga maradt Európának,https://24.hu/kulfold/2026/04/16/6-het-repulogep-uzemanyaga-europa/
e1a734a3f7551359ed0013a87f8497ed9cbe79891cc92226d02179d341c1d138,2026-04-16 15:53:45.952219+00:00,hu,24.hu,24.hu,2026-04-16,Kertművész: gyakori hiba miatt szárad ki túl gyorsan a legtöbb kert,https://24.hu/otthon/2026/04/16/kertmuvesz-szarazsag-ontozes-kert/
64329b5708461817e3043071376e8f1b8b8d68de666c6139648a63cff8b03e4c,2026-04-16 15:53:06.901052+00:00,hu,24.hu,24.hu,2026-04-16,Lövöldözés volt egy szegedi benzinkúton,https://24.hu/belfold/2026/04/16/szeged-benzinkut-lovoldozes/
95f3485b4a0769b95e7f54ba6ce661bd85e500d5cbb33f8fe14d6dc9fc5d42a6,2026-04-16 15:39:54.032126+00:00,hu,444.hu,444.hu,2026-04-16,"Tanúként hallgatta meg a bíróság Dézsi Csaba Andrást, volt győri polgármestert",https://444.hu/2026/04/16/tanukent-hallgatta-meg-a-birosag-dezsi-csaba-andrast-volt-gyori-polgarmestert?utm_source=rss_feed&utm_medium=rss&utm_campaign=rss_syndication
fa70f8811c5560372bd6844ddc5441de9b90bc4f78e8403e0dbf3df1d8c31ff8,2026-04-16 15:39:45.743146+00:00,hu,444.hu,444.hu,2026-04-16,Háromezer milliárdos vagyont szerezhetnének vissza Magyar Péterék egyetlen kétharmados szavazással,https://444.hu/2026/04/16/haromezer-milliardos-vagyont-szerezhetnenek-vissza-magyar-peterek-egyetlen-ketharmados-szavazassal?utm_source=rss_feed&utm_medium=rss&utm_campaign=rss_syndication
b4aa29f38b61e260e57dec82999b7277796789c8f2e51fbb362f8e482af6cd28,2026-04-16 15:39:36.830595+00:00,hu,444.hu,444.hu,2026-04-16,Kirúgták a TV2 hírigazgatóját,https://444.hu/2026/04/16/kirugtak-a-tv2-hirigazgatojat?utm_source=rss_feed&utm_medium=rss&utm_campaign=rss_syndication
dff7c36c99ca32d160ada4ef4e8aad7a400672dd071ac9bbbd88b6f59cf33049,2026-04-16 15:39:13.645719+00:00,hu,444.hu,444.hu,2026-04-16,Orbán bukása: dicstelen végjáték a győzelmi kényszerben,https://444.hu/2026/04/16/orban-bukasa-dicstelen-vegjatek-a-gyozelmi-kenyszerben?utm_source=rss_feed&utm_medium=rss&utm_campaign=rss_syndication
b57b8a13d8b565440ac135b9eb5c94fcbd306770408155d7317c51487d51d0c2,2026-04-16 15:39:08.295528+00:00,hu,444.hu,444.hu,2026-04-16,"Az EU már vészforgatókönyvön dolgozik, hogy megelőzze az üzemanyaghiányt a reptereken",https://444.hu/2026/04/16/az-eu-mar-veszforgatokonyvon-dolgozik-hogy-megelozze-az-uzemanyaghianyt-a-reptereken?utm_source=rss_feed&utm_medium=rss&utm_campaign=rss_syndication
e8f2c8824d60fc4dc74c19681c8a25ca453fac80a2e07f2988b3f69e4eb8180c,2026-04-16 15:39:00.392207+00:00,hu,444.hu,444.hu,2026-04-16,"Matolcsy György újabb videóval jelentkezett: szerinte abba kell hagyni a szűkösségről való beszélgetést, a bőség világa jön",https://444.hu/2026/04/16/matolcsy-gyorgy-ujabb-videoval-jelentkezett-szerinte-abba-kell-hagyni-a-szukossegrol-valo-beszelgetest-a-boseg-vilaga-jon?utm_source=rss_feed&utm_medium=rss&utm_campaign=rss_syndication
a67bd29d3d9070bc1382c1008a8aa8e9a0b725ecbd9f917f4f21a4751b105108,2026-04-16 15:38:23.486942+00:00,hu,444.hu,444.hu,2026-04-16,"Nem bízott a Fideszben, letesztelte a rendszert, hogy megérkezik-e a szavazata Skóciából",https://444.hu/2026/04/16/nem-bizott-a-fideszben-letesztelte-a-rendszert-hogy-megerkezik-e-a-szavazata-skociabol?utm_source=rss_feed&utm_medium=rss&utm_campaign=rss_syndication
322386f86ff16f952d429e4d79dd568e011bf88544b347e07ad80dd89aeaf16e,2026-04-16 15:38:23.216753+00:00,hu,24.hu,24.hu,2026-04-16,"Vonattal ütközött, meghalt az Arsenal és a Juventus korábbi kapusa",https://24.hu/sport/foci/2026/04/16/alexander-manninger-baleset-meghalt-labdarugas/
39791dda9cdb5e71c8f1fe38b3c820477f26f0dd91268d61c032f5b8eda2c8ca,2026-04-16 15:38:13.113862+00:00,hu,444.hu,444.hu,2026-04-16,"Tyúkól #66: Nem tudjuk, hogy hol a fejünk",https://444.hu/2026/04/16/tyukol-66-nem-tudjuk-hogy-hol-a-fejunk?utm_source=rss_feed&utm_medium=rss&utm_campaign=rss_syndication
b9e90b4a1384620d78eb1ce3c8e405f2e9d061254a2ffe85b05b375a76df5d5e,2026-04-16 15:38:10.611432+00:00,hu,24.hu,24.hu,2026-04-16,Habony-féle tanácsadó cégben volt kézbesítési megbízott a Tisza oktatásiminiszter-jelöltje,https://24.hu/belfold/2026/04/16/rubovszky-rita-habony-arpad-tanacsado-ceg/
e279f93666a5ffbad3b70c4cce192d367509ebc681f76e4c6b3aa0b28d6c68c6,2026-04-16 15:37:23.077650+00:00,hu,24.hu,24.hu,2026-04-16,Mfor: Egyetlen szavazással hatalmas vagyonokat szerezhet vissza a tiszás kétharmad,https://24.hu/fn/gazdasag/2026/04/16/kekva-mcc-tisza-allami-vagyonvisszaszerzes/
c65afae5d05b7871a4b7a80c953d930d0457ce3561898e71925e4b7624d7e28e,2026-04-16 15:37:08.277821+00:00,hu,24.hu,24.hu,2026-04-16,Spanyol élvonalbeli csapat kívánságlistáján szerepel Pécsi Ármin neve,https://24.hu/sport/foci/2026/04/16/pecsi-armin-sevilla-liverpool-sajtohir/
d9dfdf5292ce43a0e44d0c1f740853a2c24d6a9fbd3d5cb4995a26c518c6d904,2026-04-16 15:36:47.753256+00:00,hu,24.hu,24.hu,2026-04-16,Kamion és vonat ütközött Dunaszerdahelyen,https://24.hu/kulfold/2026/04/16/vonatbaleset-dunaszerdahelyen-kamion-vonat-kisiklott/
1a8dc325fa20f21659e5e23bffad4f68322ed8f9da58efbe1cc59850fb2a12ac,2026-04-16 15:36:38.467813+00:00,hu,24.hu,24.hu,2026-04-16,"Tanúként hallgatták ki Győr volt polgármesterét, Dézsi Csaba Andrást",https://24.hu/belfold/2026/04/16/tanukent-hallgattak-ki-gyor-volt-polgarmesteret-dezsi-csaba-andrast/
0aaf3a0b3d1e987d01076ff6a770456d865dcac618b9c450bcd9cae8547aa731,2026-04-16 15:36:06.574835+00:00,hu,24.hu,24.hu,2026-04-16,Rontja a memóriánkat az egyedüllét,https://24.hu/tudomany/2026/04/16/magany-idoskor-demencia-memoria/
f77aee0d7b9030a8ca7231c8e99b0d42fb9dd3e622353557c57cb08b61822afd,2026-04-16 15:35:55.697155+00:00,hu,24.hu,24.hu,2026-04-16,Szijjártó Péter: Sokat gondolkodom,https://24.hu/belfold/2026/04/16/szijjarto-peter-valasztas-2026-kulugyminiszter/
65253add0721f0e5444c706e6c01f7a4e88e74596c2e5f0ae5797f9019f7847d,2026-04-16 15:35:33.502617+00:00,hu,24.hu,24.hu,2026-04-16,"Radics Gigi: Úgy érzem, eljött a pillanat az életemben, amikor egy kicsit újra kell tervezni",https://24.hu/szorakozas/2026/04/16/radics-gigi-karrier-ujratervezes/
1ace386ef7eb5ee4a99efdcc6b148603e29dca8efffbb057b4fa6e23e9af3c8b,2026-04-16 15:35:28.344642+00:00,hu,24.hu,24.hu,2026-04-16,Az Akadémia egyetért a Tisza Párt programjának fő céljaival,https://24.hu/tudomany/2026/04/16/mta-tisza-part-egyuttmukodes/
3a0c01bcc6ad8317a84642c4a436818608d8a4379c9dd3e48fe11b038a5e6423,2026-04-16 15:02:15.295585+00:00,hu,24.hu,24.hu,2026-04-16,Ferencz Orsolya: Nagy Márton emberi minőségéről és szakmai munkásságáról sem tudnék jót mondani,https://24.hu/belfold/2026/04/16/valasztas-2026-ferencz-orsolya-interju/
e7176b5b309f7d5ad112f1ffaab64ff3d75bf621043f551bb43850a88826c45f,2026-04-16 15:02:10.295849+00:00,hu,24.hu,24.hu,2026-04-16,"Ádám elvesztése közügy lett, országos gyász"" – így búcsúztatták Nádasdy Ádámot",https://24.hu/kultura/2026/04/16/nadasdy-adam-temetes-grecso-krisztian/
a431ee60e2c7c0d784017d441af6ce7c5756c43309bc1ea0da9ccd0173e54c98,2026-04-16 15:02:01.257042+00:00,hu,24.hu,24.hu,2026-04-16,Utasok és sofőr nélkül balesetezett a miskolci busz,https://24.hu/belfold/2026/04/16/korlatnak-csapodott-busz-miskolc/
1e058e950b1d78f740e73797efd7ece666f921adae463f212f272546e258ab2a,2026-04-16 15:01:39.307935+00:00,hu,24.hu,24.hu,2026-04-16,"Kirúgták a TV2 hírigazgatóját, Szalai Vivient",https://24.hu/belfold/2026/04/16/szalai-vivien-tv2-tavozas-hirigazgato/
57ff1f5c2ff3fc3629ad4d73a10584148d6c5509980ac75cbe05956a751ab592,2026-04-16 15:01:07.212286+00:00,hu,24.hu,24.hu,2026-04-16,Pénteken megint csökken a gázolaj nagykereskedelmi ára,https://24.hu/fn/gazdasag/2026/04/16/gazolaj-nagykereskedelmi-ara-csokken/
5ced294a5248b6cbcc57c40b337e98709fb9d671fc9b208ad6f9ad4453d36bd0,2026-04-16 14:39:32.934659+00:00,hu,24.hu,24.hu,2026-04-16,Ukrán városokat támadott Moszkva: 17 halott,https://24.hu/kulfold/2026/04/16/ukran-varosokat-tamadtak-oroszok/
79d8cd7158a8bd037fd483ad5c5223584d01d83ec846b9249785734947d2fdbb,2026-04-16 14:38:58.003810+00:00,hu,24.hu,24.hu,2026-04-16,Török Gábor a közvetlen elnökválasztás mellett érvelt,https://24.hu/belfold/2026/04/16/torok-gabor-kozvetlen-elnokvalasztas-sulyok-tamas-magyar-peter/
de273597f8f9e2ee615d8b6dacd16923f7d03bd2b2206edee5558229c73b6161,2026-04-16 14:38:13.108930+00:00,hu,24.hu,24.hu,2026-04-16,"Úgy megörült a focista a bíró ítéletének, hogy homlokon csókolta",https://24.hu/sport/foci/2026/04/16/egyiptomi-foci-homlokon-csokolta-a-birot-a-gol-utan/
e1805c36847cf532d29c5e8358d67d61899b6f8fbd47c647f73c7db3692d8185,2026-04-16 14:33:33.405534+00:00,hu,24.hu,24.hu,2026-04-16,Kamionnal ütközött egy személyvonat Szlovákiában,https://24.hu/kulfold/2026/04/16/kamion-szlovakia-utkozes-vonat/
f8f567043308895b5447359349875e579af0926e3b878e8e2bc29d8294fefaaf,2026-04-16 14:31:51.258236+00:00,hu,24.hu,24.hu,2026-04-16,Először szólalt meg válásáról Rubint Rella,https://24.hu/szorakozas/2026/04/16/rubint-rella-valas-feldolgozas-hazvasarlas/
02a95995207211503fc4b62c332910a80d123ceba84d1289dcedc8b9f5b838b2,2026-04-16 14:28:54.219810+00:00,hu,444.hu,444.hu,2026-04-16,A katolikus egyháztól igazolhat oktatási minisztert a Tisza-kormány,https://444.hu/2026/04/16/a-katolikus-egyhaztol-igazolhat-oktatasi-minisztert-a-tisza-kormany?utm_source=rss_feed&utm_medium=rss&utm_campaign=rss_syndication
a0b91eee776e7db6d0d35350a111cc28810cfba4a1d187937fe88e37a61c7bde,2026-04-16 14:28:41.101753+00:00,hu,444.hu,444.hu,2026-04-16,Őrizetbe vették Halásztelek fideszes polgármesterét,https://444.hu/2026/04/16/orizetbe-vettek-halasztelek-fideszes-polgarmesteret?utm_source=rss_feed&utm_medium=rss&utm_campaign=rss_syndication
08e9ec09c699e85047ae547d7ebcff4f219199ac26ac9950d490c1a5332bccf2,2026-04-16 14:28:07.134530+00:00,hu,444.hu,444.hu,2026-04-16,Nincs katarzis elszámoltatás nélkül,https://444.hu/2026/04/16/nincs-katarzis-elszamoltatas-nelkul?utm_source=rss_feed&utm_medium=rss&utm_campaign=rss_syndication
eb1ac582fb20d21e75abd5d66c3b87df100bcdd98516a74767275f3154c761b8,2026-04-16 14:27:57.510098+00:00,hu,444.hu,444.hu,2026-04-16,"Iványi Gábor a köztársasági elnöki posztról: Szeretem annyira ezt az országot, hogy kész legyek elvállalni egy ilyen feladatot",https://444.hu/2026/04/16/ivanyi-gabor-a-koztarsasagi-elnoki-posztrol-szeretem-annyira-ezt-az-orszagot-hogy-kesz-legyek-elvallalni-egy-ilyen-feladatot?utm_source=rss_feed&utm_medium=rss&utm_campaign=rss_syndication
2ec3ffa198bb287cf1f81d8264d938cdbf5d448d699fcfcf6948602069b5097e,2026-04-16 14:27:50.225882+00:00,hu,444.hu,444.hu,2026-04-16,"Magyar fogadja Hernádi Zsoltot, és elvárja, hogy a Mol ne fizesse ki a 25 milliárdos osztalékot az MCC-nek",https://444.hu/2026/04/16/magyar-fogadja-hernadi-zsoltot-es-elvarja-hogy-a-mol-ne-fizesse-ki-a-25-milliardos-osztalekot-az-mcc-nek?utm_source=rss_feed&utm_medium=rss&utm_campaign=rss_syndication
1895e7dbde168bcad2703db61a7db72f26f8b5d579c0268e16d0d3d814448d63,2026-04-16 14:27:45.131400+00:00,hu,444.hu,444.hu,2026-04-16,Orbánék még a választások előtt leosztottak több millió eurót a határon túlra,https://444.hu/2026/04/16/orbanek-meg-a-valasztasok-elott-leosztottak-tobbmillio-eurot-a-hataron-tulra?utm_source=rss_feed&utm_medium=rss&utm_campaign=rss_syndication
5dc1661482400b150de5b6edfb9be82bd8bc169967e56a1fdfba11a4a6bc2716,2026-04-16 14:24:27.048380+00:00,hu,24.hu,24.hu,2026-04-16,"Mikortól fizethetünk euróval a boltokban? Milyen pozitív hatása lehet, és mik a kockázatok?",https://24.hu/fn/gazdasag/2026/04/16/mikortol-fizethetunk-euroval-boltokban/
8fd26b05f3be95aa06054152b89d61bd341e2980029e5269ab27db30565db51b,2026-04-16 12:58:05.085725+00:00,hu,24.hu,24.hu,2026-04-16,Fókuszban a generációk,https://24.hu/belfold/2026/04/16/fokuszban-a-generaciok/
87bddcb1cd1d23ac9126d3a276fc191151ad22f98f2c000fdfe4a593cc2739ff,2026-04-16 12:57:40.741635+00:00,hu,24.hu,24.hu,2026-04-16,"Őrizetbe vették Nagy Barnabást, Halásztelek fideszes polgármesterét – reagált az Országgyűlés Hivatala",https://24.hu/belfold/2026/04/16/halasztelek-polgarmester-gyanusitas/
47cdfe1441f2ec16ab0bb8ba82c14bbd5241ca72b412545ace09be0ddabc1e8a,2026-04-16 12:57:32.708601+00:00,hu,24.hu,24.hu,2026-04-16,Látványos hármas együttállás lesz hétvégén,https://24.hu/tudomany/2026/04/16/harmas-egyuttallas-venusz-hold-fiastyuk/
afb7764999c97d82265e8b0f3b81668b3c96ccfc69242d0f8eae6662d0e49c12,2026-04-16 12:54:29.221489+00:00,hu,24.hu,24.hu,2026-04-16,"Magyar Péter: Találkozom Hernádival, és elvárom, hogy a Mol ne fizessen osztalékot az MCC-nek",https://24.hu/belfold/2026/04/16/magyar-uzemanyag-mol-mcc/
e0fea6678469d9d39e20c6a1afe28f7018a0658d45e31ed50a94cb98a4e15633,2026-04-16 12:54:00.838422+00:00,hu,24.hu,24.hu,2026-04-16,„Ettől nem változik a barátságunk” – Pupp Réka Gyertyás Rózát földre csavarva jutott el az Eb-bronzmeccsig,https://24.hu/sport/2026/04/16/cselgancs-europa-bajnoksag-pupp-reka-gyertyas-roza/
6ef745c6c3dc561126ce4e51c3a656c35b78a41e8af972016d07ea127fd6d05c,2026-04-16 12:53:30.278945+00:00,hu,24.hu,24.hu,2026-04-16,A lojalitás mérgezővé vált – a Magyar Orvosi Kamara felelősségrevonást sürget,https://24.hu/belfold/2026/04/16/mok-egeszsegugy-lojalitas-elszamoltatas-valasztas-2026/
977321b70de007296bb45e33c2269967199b4529fd3b23cf53255e34b014c547,2026-04-16 12:53:19.713091+00:00,hu,24.hu,24.hu,2026-04-16,Válaszolt a vezérigazgató az MTI-sek független hírszolgáltatást követelő levelére,https://24.hu/belfold/2026/04/16/mti-altorjai-anita-valasz-kozmedia/
cc8bd5f48240f7e838bbb43556c5c7adf1817803998a6386bb8eb089a8711164,2026-04-16 12:52:30.526552+00:00,hu,24.hu,24.hu,2026-04-16,"Nagy Ervin: Aki annyi bűnt követett el a magyar színházi élet ellen, mint Vidnyánszky Attila, annak nem sok keresnivalója van a magyar kulturális döntéshozatalban",https://24.hu/kultura/2026/04/16/nagy-ervin-vidnyanszky-attila-szinhaz/
bd72a74baa5a2f486fdd48a3ec966283ac0a975b7a1de0aedb0a629a71a04100,2026-04-16 12:49:45.697393+00:00,hu,24.hu,24.hu,2026-04-16,15 kilós óriássünök éltek Ausztráliában,https://24.hu/tudomany/2026/04/16/ausztralia-tuskes-sun-pleisztocen/
0a514f895720466be5a8ae689cd0df2c2a5fe3c6f2cc3e7f8ae5420707ffa83e,2026-04-16 12:49:17.262969+00:00,hu,24.hu,24.hu,2026-04-16,Szijjártó kihagyja az EU külügyi tanácsának ülését – sajtóértesülés,https://24.hu/kozelet/2026/04/16/szijjarto-kulugyi-tanacs-ules-eu-kihagyja/
f87a7e1bbf07956bc5adc4f8900e23023752ad098f664e47c5fae33c163aa018,2026-04-16 12:48:20.525437+00:00,hu,24.hu,24.hu,2026-04-16,"Harry herceg: Amikor anyám meghalt, 13 évesen hallani sem akartam többet a királyi szerepkörömről",https://24.hu/szorakozas/2026/04/16/harry-herceg-gyasz-diana-hercegne/
0851d3de34aaf194d97f7b1c3ba821e0a6b2df6b656937ae4c8b7e5b9d3bed2c,2026-04-16 12:48:15.450600+00:00,hu,24.hu,24.hu,2026-04-16,"Azért csak ő a felelős, hogy elbukta"" – felcsútiak Orbán Viktor vereségéről",https://24.hu/belfold/2026/04/16/felcsut-valasztas-2026-orban-viktor-vereseg/
e8fc410775388ef800e8a3a3a9fcd30896e6cb5f3731a83bb568d62591bef488,2026-04-16 12:48:10.536583+00:00,hu,24.hu,24.hu,2026-04-16,3 millió euróval támogatták meg Orbánék a vajdasági magyar médiát a választások előtt,https://24.hu/fn/gazdasag/2026/04/16/bga-penzosztas-vajdasag-magyar-media-valasztas-2026/
fba13e90f16399e0d5248a913e99a5f92d5efa319de312e8b54a29c70b61e66f,2026-04-16 12:47:38.802496+00:00,hu,24.hu,24.hu,2026-04-16,"A NASA igazgatója válaszolt a kislánynak, aki azt kéri: a Pluto legyen újra bolygó",https://24.hu/tech/2026/04/16/pluto-bolygo-nasa-jared-isaacman-kislany-valasz/
b72ea8c71e89a88b33e74a6641698bc04babade2940fe1fd0440248b229821f7,2026-04-16 12:46:49.148122+00:00,hu,24.hu,24.hu,2026-04-16,"Mit várhatunk a Tisza-kormánytól az adózásban: mutatjuk, ki nyerhet a tervezett intézkedésekkel?",https://24.hu/fn/gazdasag/2026/04/16/adozas-tisza-kormany-tervezett-intezkedesek/
03441bed55bd2db94930a848d8a86ef94a265f022c7f69147db6c627f600b46e,2026-04-16 12:26:34.704547+00:00,hu,24.hu,24.hu,2026-04-16,"Szolidaritási adó: jön az újabb állami inkasszó, forronganak az önkormányzatok",https://24.hu/belfold/2026/04/16/szolidaritasi-hozzajarulas-onkormanyzat-allamkincstar-budapest-szolnok/
7a7441b76c5280b5d92df22253c81e82dbccb189597b6c4379606411b83e0af8,2026-04-16 12:25:18.708676+00:00,hu,24.hu,24.hu,2026-04-16,Új meteorrajt hozott létre egy darabokra tört aszteroida,https://24.hu/tudomany/2026/04/16/aszteroida-ustokos-meteorraj-fold/
1ddf1fd892bc8d5cefa48ff49c6a79e9cc1075b6f2bc673f07e53cc761d7ddc1,2026-04-16 12:25:13.824168+00:00,hu,24.hu,24.hu,2026-04-16,"Fényjelzéseket adott le egy kocsiba zárt mentőkutya, miután allergiás sokkot kapott a gazdája",https://24.hu/belfold/2026/04/16/kutya-eletmentes-fenyjelzesek/
f3f27a8a89c237759db21eae8cae053bd96474985cea77f294221263a7e610d7,2026-04-16 11:32:42.806929+00:00,hu,24.hu,24.hu,2026-04-16,Mit várnak leginkább a nyugdíjasok a kétharmados Tisza-kormánytól?,https://24.hu/fn/gazdasag/2026/04/16/nyugdijasok-tisza-kormany-nyugdijemeles/
af523a2ed79743cb3bd6ee18e6a0af9ef8b9989e95a16ab8ea87dd5e2ac2df3a,2026-04-16 11:32:37.897178+00:00,hu,24.hu,24.hu,2026-04-16,Fordulat a gyermekvédelemben: elkezdték kiküldeni az állami adatokat a Hintalovon Alapítványnak,https://24.hu/belfold/2026/04/16/hintalovon-alapitvany-gyermekvedelem-allami-adatok-valasztas/
23db5d34ff39cede759183d471292c26ad7d1d42ff1c220f67f2482efda394ec,2026-04-16 11:32:32.936660+00:00,hu,24.hu,24.hu,2026-04-16,44 rakétával és 650 drónnal támadták az ukrán lakosságot,https://24.hu/kulfold/2026/04/16/oroszorszag-ukrajna-haboru-tamadas/
a56a003f294aaea0209d4023b34a575bbe0a72f61f02a474dd73259a15cd06d3,2026-04-16 11:30:54.887676+00:00,hu,24.hu,24.hu,2026-04-16,Az elődöntőbe jutás után a kritikus drukkereknek üzent az Arsenal edzője.,https://24.hu/sport/foci/2026/04/16/mikel-arteta-arsenal-sporting-bl-negyeddonto/
acdd6d06b0f1e0bf27723159fc761077aa23ead6ef0ba1ea80cb7395555c3a47,2026-04-16 11:29:32.948270+00:00,hu,444.hu,444.hu,2026-04-16,"Keszthelyen végeztek az újraszámolással, maradt a tiszás győzelem",https://444.hu/2026/04/16/keszthelyen-vegeztek-az-ujraszamolassal-maradt-a-tiszas-gyozelem?utm_source=rss_feed&utm_medium=rss&utm_campaign=rss_syndication
e9d5ca595c8c7e7e3703892a319f06da7920405a79807aec551919f95e0a5b83,2026-04-16 11:28:46.658828+00:00,hu,444.hu,444.hu,2026-04-16,"Nagy Ervin: Aki annyi bűnt követett el a színházi élet ellen, mint Vidnyánszky Attila, annak nem sok keresnivalója van a magyar kulturális döntéshozatalban",https://444.hu/2026/04/16/nagy-ervin-aki-annyi-bunt-kovetett-el-a-magyar-szinhazi-elet-ellen-mint-vidnyanszky-attila-annak-nem-sok-keresnivaloja-van-a-magyar-kulturalis-donteshozatalban?utm_source=rss_feed&utm_medium=rss&utm_campaign=rss_syndication
acaf27cde0b2c49b38e03b0241b07982cc2eeeda022c055a5050ed6784cc1668,2026-04-16 10:45:50.235732+00:00,hu,24.hu,24.hu,2026-04-16,"Minden, amit tudnod kell a Brent olajról befektetőként – az egyik legfontosabb referencia a globális energiapiacon",https://24.hu/fn/gazdasag/2026/04/16/minden-amit-tudnod-kell-a-brent-olajrol-befektetokent-az-egyik-legfontosabb-referencia-a-globalis-energiapiacon/
0041484fbc76de5cc555b2f409544131caa99e507b0af07d739927473ffbe6e3,2026-04-16 10:45:45.105580+00:00,hu,24.hu,24.hu,2026-04-16,230 milliót kaszált ezzel a trükkel egy gyógyszerész,https://24.hu/belfold/2026/04/16/gyogyszeresz-recepthamisitas-vademeles/
fe0dae83ab9f35c086db086731f9b851b13c2a3a798c45f2def54fad0f5f3da1,2026-04-16 10:45:30.152339+00:00,hu,24.hu,24.hu,2026-04-16,"Szily Nóra: A vérnyomásom a magasba szökött, miután meghallgattam a közrádió Magyar Péter-interjúját",https://24.hu/szorakozas/2026/04/16/szily-nora-magyar-peter-kossuth-radio/
a1891f223d2540163e2a63b5c5e544979ba117c9d0d17e46c20f46d182293c74,2026-04-16 10:44:44.362894+00:00,hu,24.hu,24.hu,2026-04-16,Sokan örülhetnek a YouTube újításának,https://24.hu/tech/2026/04/16/youtube-shorts-rovid-videok-eltavolitas/
e16d7849ae4ab63a244304e72cf9409274aca36fad6565d5dcce8c020d409642,2026-04-16 10:44:20.090671+00:00,hu,24.hu,24.hu,2026-04-16,"Telex: Rubovszky Rita, a Ciszterci Iskolai Főhatóság igazgatója lehet a Tisza-kormány oktatási minisztere",https://24.hu/belfold/2026/04/16/tisza-oktatasi-miniszter-rubovszky-rita-ertesules/
6ec4594305d84dffe62669a352f5161a6d2c367f4068896e78a09aef0ed8e938,2026-04-16 10:44:04.046851+00:00,hu,24.hu,24.hu,2026-04-16,"Menekülnének a lakók: többen ""bármi áron"" eladnák otthonukat a szombathelyi városrészben, ahol azbesztbotrány robbant ki",https://24.hu/otthon/2026/04/16/szombathely-azbeszt-szennyezes-lakok-menekules/
20143ee9eb079e3cb07b206011485b24f8c35e53d38ae57aadb6a98c4c720ba3,2026-04-16 10:40:57.117432+00:00,hu,444.hu,444.hu,2026-04-16,"Műholdfelvételeken látható, ahogyan Izrael libanoni településeket rombol porig",https://444.hu/2026/04/16/muholdfelveteleken-lathato-ahogyan-izrael-libanoni-telepuleseket-rombol-porig
e92a674233cd9d32e25056f3c7e1800c63307318df9c4ec51bbaf8461699d5f2,2026-04-16 10:40:43.534172+00:00,hu,444.hu,444.hu,2026-04-16,Három és fél évtized fejlődés: így lett megkerülhetetlen szereplő a SPAR,https://444.hu/2026/04/16/harom-es-fel-evtized-fejlodes-igy-lett-megkerulhetetlen-szereplo-a-spar
9e4b00a764e89fb62738ab433d927bd54b62dd20b156ccc4ad996892d8cc52f0,2026-04-16 10:40:03.911146+00:00,hu,444.hu,444.hu,2026-04-16,"Hála az úrnak, megjöttek az urnák!",https://444.hu/2026/04/16/hala-az-urnak-megjottek-az-urnak
1badde68785cc6ec481d05df510be664515e0e9b526c49028d1e8b008e3f04ed,2026-04-16 10:39:53.629983+00:00,hu,444.hu,444.hu,2026-04-16,Nézettségi rekordot hozott a köztévének Magyar Péter,https://444.hu/2026/04/16/nezettsegi-rekordot-hozott-a-koztevenek-magyar-peter
03a06842ec295f001ff3d30b41ec5b20b6629d6fce707b19363a17d692ac99be,2026-04-16 10:39:36.644575+00:00,hu,444.hu,444.hu,2026-04-16,"A NER nem lesz normális attól, hogy vannak fideszesek, akik most normálisan viselkednek",https://444.hu/2026/04/16/a-ner-nem-lesz-normalis-attol-hogy-vannak-fideszesek-akik-most-normalisan-viselkednek
f20913d7e96096702cfd1cf6ed7b30f57ba273dac200c721ef839c24810ca493,2026-04-16 10:39:17.221449+00:00,hu,444.hu,444.hu,2026-04-16,Az amerikai blokád ellenére szankcionált óriástankerek léptek be a Perzsa-öbölbe,https://444.hu/2026/04/16/az-amerikai-blokad-ellenere-szankcionalt-oriastankerek-leptek-be-a-perzsa-obolbe
4d3e79427745c02bc869161e0f0bb89434ec7c9a6ae1ee3af0133b56a6052864,2026-04-16 10:39:04.212965+00:00,hu,444.hu,444.hu,2026-04-16,A nemzeti konzultáció reklámozása miatt elmarasztalta a közszolgálati médiaszolgáltatót a Médiatanács,https://444.hu/2026/04/16/a-nemzeti-konzultacio-reklamozasa-miatt-elmarasztalta-a-kozszolgalati-mediaszolgaltatot-a-mediatanacs
508dcce8931bd536f9be7d0ea1cfefeece790e8b5c00cd89dd25856bdd58b256,2026-04-16 10:38:53.436093+00:00,hu,444.hu,444.hu,2026-04-16,Lavinaszerűen omlik az Orbán-rendszer: négy nappal a választások után a Belügyminisztérium elkezdte kiadni a gyermekvédelmi adatokat,https://444.hu/2026/04/16/lavinaszeruen-omlik-az-orban-rendszer-negy-nappal-a-valasztasok-utan-a-belugyminiszterium-elkezdte-kiadni-a-gyermekvedelmi-adatokat
7bbab7312bec4499b5fa9f468d12d3f2b56ca47699e461257821d619b7b83153,2026-04-16 10:31:26.954914+00:00,hu,24.hu,24.hu,2026-04-16,Az Orbán-kormány bő 4 millió eurót szórt ki szlovák focikluboknak a választások előtt,https://24.hu/fn/gazdasag/2026/04/16/valasztas-2026-orban-kormany-szlovakia-tamogatasok-bga/
88ec4bf92fc367782666f3c5b059503022a23e8eb8eca6103a666febed683313,2026-04-16 10:29:39.417296+00:00,hu,24.hu,24.hu,2026-04-16,Újabb fideszes képviselő vonul vissza a politikától,https://24.hu/belfold/2026/04/16/veszprem-fidesz-ovadi-visszavonulas/
5bb8d0c64b8e7518430f627523aef40ebf455aa496109e004521eec654c55068,2026-04-16 10:28:59.086611+00:00,hu,24.hu,24.hu,2026-04-16,"Májusban jön a kilencvenes évek pornóiparát feldolgozó RTL-sorozat, Nagy Ervin is felbukkan benne",https://24.hu/kultura/2026/04/16/birodalom-kovacs-istvan-kovi-rtl-nagy-ervin/
5084edc1af9748f60fc1dbb61279c7779214cd258dfafe8a8e9d9fa96c7110f0,2026-04-16 10:18:22.404481+00:00,hu,24.hu,24.hu,2026-04-16,"Durván kilőttek a magyar ingatlanárak az Otthon Start óta, Európában nálunk drágultak a legjobban a lakások",https://24.hu/fn/gazdasag/2026/04/16/otthon-start-durva-lakasardragulas/
bc88f52e9e1b67594d1d7265566b4311e50a9f475b17c747b8f893462d6c6c11,2026-04-16 09:41:11.753690+00:00,hu,24.hu,24.hu,2026-04-16,„A valóság valószínűleg még rosszabb”,https://24.hu/tudomany/2026/04/16/amoc-eszak-atlanti-bukoaramlat-osszeomlas-kutatas/
d00b7fd71fc1bafe0165213040c802fcd4a6da82f3a889864fc4e968c558afaa,2026-04-16 09:40:47.561030+00:00,hu,24.hu,24.hu,2026-04-16,"Iványi Gábor a köztársasági elnökké jelölésről: Ha komoly felkérést kapnék, akkor tisztelettel és alázattal elfogadnám",https://24.hu/belfold/2026/04/16/ivanyi-gabor-interju-koztarsasagi-elnok/
b1d1c54f03b07b356a211454d9e83dbeb37cfec78cf13cd2d8aabd23146c8257,2026-04-16 09:40:38.668087+00:00,hu,24.hu,24.hu,2026-04-16,"Megvan, ki lesz a Sziget zárónapjának headlinere",https://24.hu/kultura/2026/04/16/sziget-fesztival-headliner-skrillex/
c589343f3831f649a1274fd8feb71c259ec6360e46207fac262105cff5d935e1,2026-04-16 09:40:14.105272+00:00,hu,24.hu,24.hu,2026-04-16,Róna Péter: Ki vitte ki az MNB-ből azt a 266 milliárdot?,https://24.hu/fn/gazdasag/2026/04/16/mnb-alapitvany-kozpenz-rona-peter/
49814cebc7355e2b8760502a8a919a59c38ea0359e2071f4a4d7dc18ce2d0b58,2026-04-16 09:40:08.340966+00:00,hu,24.hu,24.hu,2026-04-16,Schultz Nóra: Ez nem egy korhatáros rendszerváltás – mindenki kellett hozzá,https://24.hu/belfold/2026/04/16/schultz-nora-rendszervaltas-generaciok/
b317f350118a79fa32e780c238ff958b124a46dc77fdb05eba000f24398056d0,2026-04-16 09:40:03.412003+00:00,hu,24.hu,24.hu,2026-04-16,Éhségsztrájkba kezdenek a december óta fizetés nélkül lévő vegyipari cég dolgozói,https://24.hu/fn/gazdasag/2026/04/16/elmaradt-fizetes-egsegsztrajk-demonstracio-spl/
8e6fd8f8cf829174019e40eea87d0cb083527f311d082bccfc07387344ad79e0,2026-04-16 09:39:42.621823+00:00,hu,24.hu,24.hu,2026-04-16,444: A választás előtt több tíz milliós állami támogatást kapott a Penny-kártyás szavazatvásárlásban érintett egyesület,https://24.hu/belfold/2026/04/16/valasztas-2026-kerepes-hanko-balazs-tamogatas-rim-egyesulet/
7948ce8c510ea106bd7e7c4dd5cb42fa49cdb782009a8f2f84d6ee848fb6a36a,2026-04-16 09:39:06.063830+00:00,hu,24.hu,24.hu,2026-04-16,"„Ez a te hibád, a te kib.szott hibád!” – üvöltötte a Real csapatkapitánya a bírónak",https://24.hu/sport/foci/2026/04/16/dani-carvajal-slavko-vincic-bayern-munchen-real-madrid/
1d1e9f2411a4821e22fc6a5952d5f1c64430ae32959339b26d0d0cdaa35c3f41,2026-04-16 09:39:01.584389+00:00,hu,24.hu,24.hu,2026-04-16,"Elmarasztalta a köztévét a Médiatanács: 1,8 millió forintot kell fizetniük a Tisza-adós konzultáció reklámjai miatt",https://24.hu/kultura/2026/04/16/kozteve-mediatanacs-nemzeti-konzultacio/
91b9956185e680908872f7eef095f8cbc0d74b45adc64e6fd38c9feb73618c92,2026-04-16 09:23:35.608408+00:00,hu,24.hu,24.hu,2026-04-16,"Sváby András a kertévék indulása óta nem látott olyan nézettséget, amit Magyar Péter M1-interjúja produkált",https://24.hu/kultura/2026/04/16/magyar-peter-kozmedia-svaby-andras/
da94dfab5ad2074c62f1b6074074d94eb029077db103a3bfc2316c3d7372b4b1,2026-04-16 08:40:47.792959+00:00,hu,24.hu,24.hu,2026-04-16,Ilyen volt az esténk Török Gáborral az Akváriumban a Tisza kétharmada után,https://24.hu/belfold/2026/04/16/torokules-tisza-ketharmad-akvarium-galeria/
9d64643c66c0b2c75594efc0a1fb172b5921c5527895bb89ecba2f4ef13865de,2026-04-16 08:40:31.938403+00:00,hu,24.hu,24.hu,2026-04-16,Nyomoz az ügyészség egy Pest vármegyei polgármestert érintően,https://24.hu/belfold/2026/04/16/pest-megye-polgarmester-nyomozas/
c0feb105514a7aecbdae3a25260cc1d61a718c870d35c5be9a26c9a2119dd5b7,2026-04-16 08:40:14.678000+00:00,hu,24.hu,24.hu,2026-04-16,"Matolcsy: Át kell állni a bőségre, mi is ezt tettük",https://24.hu/belfold/2026/04/16/matolcsy-mnb-boseg-botrany/
fee1e2c211a4d57f1ad17fb91db111bdcb460ed5875fe2045d76be22f6fb53c3,2026-04-16 08:40:02.824162+00:00,hu,24.hu,24.hu,2026-04-16,"Megindokolták, hogy Orbán Viktor leköszönő kormányfő miért nem lesz ott a jövő heti uniós ülésen",https://24.hu/belfold/2026/04/16/europai-tanacs-ules-orban-tavolmaradas-indok/
d86ae67e536a26c98b401070978a078f5c2953f4d7a7bbbb6f60ef085587a5b3,2026-04-16 08:39:52.507526+00:00,hu,24.hu,24.hu,2026-04-16,Microsoft-botrány: Tiborcz István testvére volt a bírálóbizottság elnöke,https://24.hu/fn/gazdasag/2026/04/16/microsoft-botrany-tiborcz-peter-sandor-biralobizottsag/
397c8a063787f05d97206ecec042cd4c824f92e0279a3292be9dcaac21bfaec5,2026-04-16 08:39:08.413523+00:00,hu,24.hu,24.hu,2026-04-16,Tízezrekért árulják a tiszás választási plakátokat a Vinteden,https://24.hu/tech/2026/04/16/tisza-fidesz-mi-hazank-vinted-valasztasi-plakat/
8010c91c9cf96c6b733c5b4d10e9a54817dc538e6662c49283f5b112cebf53e0,2026-04-16 08:38:54.716039+00:00,hu,24.hu,24.hu,2026-04-16,Megérkezett az első mozgókép az AI-jal feltámasztott Val Kilmerről az utolsó szerepében,https://24.hu/szorakozas/2026/04/16/val-kilmer-ai-elozetes-as-deep-as-the-grave/
cb1a720e8b24b896ba499b514eb15b842f8b66e0afcbc13c6006bfc4a15eec5f,2026-04-16 08:38:27.200931+00:00,hu,24.hu,24.hu,2026-04-16,"Nádas Péter: Orbán Viktor szó szerint kirabolta az országot, az új kormány nehéz feladatok előtt áll",https://24.hu/kultura/2026/04/16/nadas-peter-valasztasok-magyar-peter/
12d89d22ea3557f963d24a9900200d2bafa72311b57d7b34f11fc20e1776459d,2026-04-16 08:38:12.796214+00:00,hu,24.hu,24.hu,2026-04-16,Magyar Péter székhelye nem a Karmelitában lesz,https://24.hu/belfold/2026/04/16/magyar-tisza-miniszterelnok-karmelita/
293492913c2cdb5b4fdc7abb7a325ed5c85b9986a9a7d117d0ef5cd792d744b0,2026-04-16 08:38:07.585718+00:00,hu,24.hu,24.hu,2026-04-16,150 embert csapott be egy autóalkatrészeket áruló fiatal,https://24.hu/belfold/2026/04/16/kecskemet-autoalkatreszek-hirdetesek/
e5b46bc1a7a05bb9fcf1bb7218fd83eb3a23c7657af155078a3b0f524ba89f45,2026-04-16 08:17:44.145379+00:00,hu,24.hu,24.hu,2026-04-16,A Real edzője a piros lapról: Hogy lehet valakit ilyenért kiállítani?,https://24.hu/sport/foci/2026/04/16/a-real-edzoje-a-piros-laprol-hogy-lehet-valakit-ilyenert-kiallitani/
c147fb9feeea9104e0b9aee03ffc4b2483b5188a9dd22981f0cba4c6a68f0179,2026-04-16 07:29:06.853306+00:00,hu,444.hu,444.hu,2026-04-16,Magyar Péter miniszterelnöki irodája nem a Karmelitában lesz,https://444.hu/2026/04/16/magyar-peter-miniszterelnoki-irodaja-nem-a-karmelitaban-lesz?utm_source=hirstart&utm_medium=referral&utm_campaign=ct
b358d74a1429a04689547101b078696bad618163dbd81fd38f9047bd98cc35ae,2026-04-16 07:19:34.529884+00:00,hu,444.hu,444.hu,2026-04-16,"Egy polgármestert „érintően” nyomoz az ügyészség, a készenléti rendőrséget is bevonva akcióznak Pest megyében",https://444.hu/2026/04/16/egy-polgarmestert-erintoen-nyomoz-az-ugyeszseg-a-keszenleti-rendorseget-is-bevonva-akcioznak-pest-megyeben?utm_source=hirstart&utm_medium=referral&utm_campaign=ct
5faf5d424143f686c88e908a0a1b82ca4510be5477b962cb6cf94e4efe3014e1,2026-04-16 07:19:12.434304+00:00,hu,24.hu,24.hu,2026-04-16,Egy svájci Mészáros-cég is felkeltheti a hatóságok figyelmét a kormányváltás után,https://24.hu/fn/gazdasag/2026/04/16/meszaros-korrupcio-opus-svajc/
6eef012f30549afcb6639b4f12ecaae044bb52173407e0af160690c915c1a98b,2026-04-16 06:45:48.687555+00:00,hu,24.hu,24.hu,2026-04-16,"Az Amerikai pite sztárja, Shannon Elizabeth indított egy OnlyFans-fiókot, miután elvált a férjétől",https://24.hu/szorakozas/2026/04/16/amerikai-pite-sztarja-shannon-elizabeth-onlyfans/
735ba308df05dd23c48fbb0353c733500ac3f3faffe902e4adb9bb7e510503d8,2026-04-16 06:45:05.642489+00:00,hu,24.hu,24.hu,2026-04-16,Telefonon egyeztetett Magyar Péter és a román miniszterelnök,https://24.hu/kozelet/2026/04/16/valasztas-gratulacio-roman-miniszterelnok-magyar-peter/
8d2ffe3345bbfa35c97909682ee897b036478c68761470da3d8966550204927f,2026-04-16 06:44:44.362049+00:00,hu,24.hu,24.hu,2026-04-16,"Megnézték, milyen hatása lehet egy erős napkitörésnek a társadalomra",https://24.hu/tech/2026/04/16/napkitores-legrosszabb-forgatokonyv-reszletek/
cdcecd9feb742f635ea01fd150545405955f354d933e4043f58902ca8c34795f,2026-04-16 06:43:46.993804+00:00,hu,24.hu,24.hu,2026-04-16,A Vidéki prókátor üzent az állami hírgyárosoknak,https://24.hu/belfold/2026/04/16/videki-prokator-mtva-hirszolgaltatas-urban-agnes/
a5701a53f7bb82917a088d23779c64dc304b1b6c44c87a785c5bd8fe21f847ad,2026-04-16 06:40:57.673994+00:00,hu,444.hu,444.hu,2026-04-16,Az afrikai oltási programnak is betesz az iráni háború,https://444.hu/2026/04/16/az-afrikai-oltasi-programnak-is-betesz-az-irani-haboru?utm_source=rss_feed&utm_medium=rss&utm_campaign=rss_syndication
5890f37b748d5362f21a54ef9c5706e86a34a29d35ab8f3db204988117fcd361,2026-04-16 06:40:22.399817+00:00,hu,444.hu,444.hu,2026-04-16,Tényleg visszavonul a politikától Navracsics Tibor,https://444.hu/2026/04/16/tenyleg-visszavonul-a-politikatol-navracsics-tibor?utm_source=rss_feed&utm_medium=rss&utm_campaign=rss_syndication
c1a6ee3ffe2f5c880a1f6dbfdcb434e17279246ba4e5df5c1659016086918832,2026-04-16 06:40:17.600448+00:00,hu,444.hu,444.hu,2026-04-16,Volt egy kis földrengés Somogyban,https://444.hu/2026/04/16/volt-egy-kis-foldrenges-somogyban?utm_source=rss_feed&utm_medium=rss&utm_campaign=rss_syndication
ef0691f2148c24668b6143d117b663c88de381c272570808af29e3a9ba2e1a1a,2026-04-16 06:40:14.167709+00:00,hu,444.hu,444.hu,2026-04-16,A republikánusok egyelőre még kitartanak Trump népszerűtlen háborúja mellett,https://444.hu/2026/04/16/a-republikanusok-egyelore-meg-kitartanak-trump-nepszerutlen-haboruja-mellett?utm_source=rss_feed&utm_medium=rss&utm_campaign=rss_syndication
331593711eff21f2b8c3caa72bc3eaef4d75570963367f95f282021bedc40a85,2026-04-16 06:39:54.028224+00:00,hu,444.hu,444.hu,2026-04-16,Kutyapárt: „Nem kellett volna elindulnunk a választáson”,https://444.hu/2026/04/16/kutyapart-nem-kellett-volna-elindulnunk-a-valasztason?utm_source=rss_feed&utm_medium=rss&utm_campaign=rss_syndication
ae8688d5305aa49646597d941f0c02ca511570186e426c6fa940277fa7ced708,2026-04-16 06:39:35.949066+00:00,hu,444.hu,444.hu,2026-04-16,Egyre több város tagadja meg a szolidaritási hozzájárulás befizetését,https://444.hu/2026/04/16/egyre-tobb-varos-tagadja-meg-a-szolidaritasi-hozzajarulas-befizeteset?utm_source=rss_feed&utm_medium=rss&utm_campaign=rss_syndication
e63a85851ba710fd7924f6563bd6b44d6130b13545461f8517056cb1703750c6,2026-04-16 06:39:24.520165+00:00,hu,444.hu,444.hu,2026-04-16,Az ukránok a tíz legnagyobb olajfinomító egyikét támadták Oroszországban,https://444.hu/2026/04/16/az-ukranok-a-tiz-legnagyobb-olajfinomito-egyiket-tamadtak-oroszorszagban?utm_source=rss_feed&utm_medium=rss&utm_campaign=rss_syndication
45da54febd32b43b1f94fc28fb5a57f5095b99762865cea37f631b2af261429a,2026-04-16 06:39:19.740422+00:00,hu,444.hu,444.hu,2026-04-16,"Tűz ütött ki egy kulcsfontosságú ausztrál olajfinomítóban, gondok lehetnek az üzemanyag-ellátással",https://444.hu/2026/04/16/tuz-utott-ki-egy-kulcsfontossagu-ausztral-olajfinomitoban-gondok-lehetnek-az-uzemanyag-ellatassal?utm_source=rss_feed&utm_medium=rss&utm_campaign=rss_syndication
2e3f95897bfcbbd23d80b9905189399da9fe1c95cd39b70728b10cc301940f9a,2026-04-16 06:39:03.260653+00:00,hu,444.hu,444.hu,2026-04-16,A rendőrség vizsgálja a Katy Perry elleni szexuális zaklatási vádakat,https://444.hu/2026/04/16/a-rendorseg-vizsgalja-a-katy-perry-elleni-szexualis-zaklatasi-vadakat?utm_source=rss_feed&utm_medium=rss&utm_campaign=rss_syndication
3cb4828b76e1c9a37247ec2e95a81d625241d020dde02e4961b005a6929b95a8,2026-04-16 06:38:45.256804+00:00,hu,444.hu,444.hu,2026-04-16,"Matematikailag lett volna rá esély, de valószínűtlen, hogy a Mi Hazánk visszalépése megakadályozhatta volna a Tisza-kétharmadot",https://444.hu/2026/04/16/matematikailag-lett-volna-ra-esely-de-valoszinutlen-hogy-a-mi-hazank-visszalepese-megakadalyozhatta-volna-a-tisza-ketharmadot?utm_source=rss_feed&utm_medium=rss&utm_campaign=rss_syndication
bc00c2d859b96cb4ee85b3fd019b4a4e0d036dac295ca8378f72d04f593cf801,2026-04-16 06:38:33.682685+00:00,hu,444.hu,444.hu,2026-04-16,"Nincs „kormányzati iránymutatás”, nem hirdeti meg a következő évadot a Nemzeti Színház",https://444.hu/2026/04/16/nincs-kormanyzati-iranymutatas-nem-hirdeti-meg-a-kovetkezo-evadot-a-nemzeti-szinhaz?utm_source=rss_feed&utm_medium=rss&utm_campaign=rss_syndication
79178f83c4c3434ed14f54a218107f428e476f0c645dbd000c6f2bb8fdcaaa2c,2026-04-16 06:25:41.130186+00:00,hu,444.hu,444.hu,2026-04-16,"Napokkal a választás előtt még tízmilliós támogatásokat kapott Hankó Balázstól az egyesület, amelyik Penny-kártyákkal vásárolt volna neki szavazatokat",https://444.hu/2026/04/16/napokkal-a-valasztas-elott-meg-tizmillios-tamogatasokat-kapott-hanko-balazstol-az-egyesulet-amelyik-penny-kartyakkal-vasarolt-volna-neki-szavazatokat?utm_source=hirstart&utm_medium=referral&utm_campaign=ct
58e1a6f62f193d4f76d11373bfb7461822a6a2e46d68b9f2ce90dbbedba2b19c,2026-04-16 06:24:46.143052+00:00,hu,24.hu,24.hu,2026-04-16,"Csütörtöki friss hírek, forgalom, időjárás – Reggeli pakk",https://24.hu/belfold/2026/04/16/csutortoki-friss-hirek-forgalom-idojaras-reggeli-pakk-446/
2f377bc2547a33bc7a6ee568d662de439d6656d7e6ff636f41370779fdd7bec7,2026-04-16 06:19:34.015318+00:00,hu,24.hu,24.hu,2026-04-16,"Az ízes tájszólással beszélő önjelölt megmondóember új szintre emeli a verbális agressziót"" – Szujó Zoltánnak nem tetszik, hogy Vályi István róla posztolt",https://24.hu/szorakozas/2026/04/16/valyi-istvan-szujo-zoltan-valasztas-vita/
d6ebc40b2f0bddd323a65868a8d1c79f3ec53826726f4f26312d4461f40123a9,2026-04-16 06:19:27.801737+00:00,hu,24.hu,24.hu,2026-04-16,Elengedték a puccs miatt elítélt volt főkémet az USA-ban,https://24.hu/kulfold/2026/04/16/usa-brazilia-puccs-kem/
ddc8f3a82f53afd909e795271f6963fa29426137482ab5961a824a5ac379c057,2026-04-16 06:19:22.646613+00:00,hu,24.hu,24.hu,2026-04-16,"Majka Pápai Jociról: Felfoghatatlan, hogy azoknak az embereknek a rendezvényén volt, akik tönkre akartak tenni engem",https://24.hu/szorakozas/2026/04/16/majka-papai-joci-fidesz-valasztas/
4001282b6f7c2d0c8fa80c3c5d1d7ce5c94aef2f7eb9def901f23829707b2019,2026-04-16 06:18:28.657684+00:00,hu,24.hu,24.hu,2026-04-16,Földrengés volt Magyarország területén,https://24.hu/belfold/2026/04/16/foldrenges-magyarorszag-horvatorszag-hatar/
b9e9de7645fb60e22a391221a35038f629ce35de1e87f7786c5118f06dcfe28e,2026-04-16 06:18:07.805428+00:00,hu,24.hu,24.hu,2026-04-16,Csütörtökön már gyakrabban bújik elő a nap,https://24.hu/belfold/2026/04/16/idojaras-2026-aprilis-16/
143c14ce43bd7cb69aa4ecccfaf6ffb4608c4f29280d376e784bb7e0f78ef7d0,2026-04-16 05:13:42.811864+00:00,hu,24.hu,24.hu,2026-04-16,"Így gyógyították a ""szüzek betegségét""",https://24.hu/tudomany/2026/04/16/szex-szuz-sapkor-betegseg/
63b3e26da3b3e394942935a1114f50305e63d5048553603c107b6b7545653882,2026-04-16 05:13:00.381204+00:00,hu,24.hu,24.hu,2026-04-16,"Kvíz: ""Tavaszi szél vizet áraszt"" – tudod folytatni a magyar népdalokat?",https://24.hu/elet-stilus/2026/04/16/kviz-magyar-nepdalok-idezetek/
5fbcfa4f209c9270a00ef0c47be2449dc925a9c2654a4994883fb3e28a9ddaa1,2026-04-16 05:12:46.791525+00:00,hu,24.hu,24.hu,2026-04-16,"Pócs János: A Fideszben nincs más, aki főnixmadárként a semmiből képes felemelkedni, csak Orbán Viktor",https://24.hu/belfold/2026/04/16/pocs-janos-interju-jaszbereny-valasztas-2026/
9cc39a3fb5c54c5a6e11887d243683450fd4c13085f2eb9132b702e12cbe068a,2026-04-16 05:12:02.354029+00:00,hu,24.hu,24.hu,2026-04-16,"Udvarias vagy, vagy csak annak hiszed magad? Teszteld magad ezzel az etikettkvízzel!",https://24.hu/szorakozas/2026/04/16/etikett-illemszabalyok-kviz/
98f85c572a6b992c80d773450052d202b41a6ff4f10fde87878ae22fd21e6b6f,2026-04-16 05:11:45.561651+00:00,hu,24.hu,24.hu,2026-04-16,Csak az okos lány tudja tökéletesen megoldani ezt a kvízt a Magyar népmesékből,https://24.hu/szorakozas/2026/04/16/kviz-magyar-nepmesek/
78eeb4924d8f030b97107210e1afbc843fae70683766f712b5e627bcba49ae05,2026-04-16 03:51:12.484895+00:00,hu,24.hu,24.hu,2026-04-16,"Mit akarsz? Fogd be a pofádat"" – üvöltötte Vinícius realos csapattársának",https://24.hu/sport/foci/2026/04/16/bayern-munchen-real-madrid-vinicius-jr-jude-bellingham/
211d4744c553e4b6af526bd820ba827cc531dad753be1be23ffe20e6596f5e4a,2026-04-16 03:49:07.915678+00:00,hu,24.hu,24.hu,2026-04-16,Ezért kínozták meg Zách Klárát,https://24.hu/tudomany/2026/04/16/merenylet-kiraly-bosszu-visegrad/
6fc58e7ac3467b28d2152f2ea6deb44e1808e87f1b7e3885453270062f1d40dd,2026-04-16 00:26:42.739578+00:00,hu,24.hu,24.hu,2026-04-15,"Milák nem tart ott, ahol kéne, visszaléptette az edzője",https://24.hu/sport/2026/04/15/milak-kristof-uszo-ob-szabo-almos-visszaleptetes/
72a9ef24bb4b9997a78b69fcfc2b3041d452f5bac446f5384e05728faf6c7c69,2026-04-16 00:25:13.859635+00:00,hu,24.hu,24.hu,2026-04-15,"Bajnokok Ligája: gólzáporos meccsen ejtette ki a Bayern a Realt, az Arsenal is az elődöntőben",https://24.hu/sport/foci/2026/04/15/bajnokok-ligaja-golzaporos-meccsen-ejtette-ki-a-bayern-a-realt-az-arsenal-is-az-elodontoben/
3fced31c18410f0bec061b8e71909a4fd317d28ce7386301dc2ce2707202bb63,2026-04-15 23:10:21.970619+00:00,hu,444.hu,444.hu,2026-04-15,"Magyar Péter telefonon egyeztetett Netanjahuval, és meghívta az 56-os forradalom megemlékezésére",https://444.hu/2026/04/15/magyar-peter-telefonon-egyeztetett-netanjahuval-es-meghivta-az-56-os-forradalom-megemlekezesere?utm_source=rss_feed&utm_medium=rss&utm_campaign=rss_syndication
0fbf6bcc9c1cdea1d2d97a0a7def0aa094847a0d224bc7f9bea0c547142e8efc,2026-04-15 23:10:15.506115+00:00,hu,444.hu,444.hu,2026-04-15,"Magyar az MTVA állománygyűléséről: Javaslom, hogy ne indítsanak fegyelmit",https://444.hu/2026/04/15/magyar-az-mtva-allomanygyuleserol-javaslom-hogy-ne-inditsanak-fegyelmit?utm_source=rss_feed&utm_medium=rss&utm_campaign=rss_syndication
bc68a5905d4af3043b1ea049ca8b7fef45859c98c110fa934d203145a3ba5032,2026-04-15 23:10:13.833551+00:00,hu,444.hu,444.hu,2026-04-15,Titkosszolgálatokhoz kötődő orosz diplomatát fogadott Kubatov Gábor fia a Külügyminisztériumban,https://444.hu/2026/04/15/titkosszolgalatokhoz-kotodo-orosz-diplomatat-fogadott-kubatov-gabor-fia-a-kulugyminiszteriumban?utm_source=rss_feed&utm_medium=rss&utm_campaign=rss_syndication
9f12367950af8f0727c13dee9ae60f9462d04f9d1a3cb5391a70f11ebb1e7a23,2026-04-15 23:09:36.861143+00:00,hu,444.hu,444.hu,2026-04-15,"„Soha ne add fel, soha, soha, soha” – így reagált Orbán Viktor a Fidesz 2002-es választási vereségére",https://444.hu/2026/04/15/soha-ne-add-fel-soha-soha-soha-igy-reagalt-orban-viktor-a-fidesz-2002-es-valasztasi-veresegere?utm_source=rss_feed&utm_medium=rss&utm_campaign=rss_syndication
6c4e4bf3c51c9a2a36ed280920f84545c540ac428c6aedf8ec7a5cbbf23e062f,2026-04-15 23:09:31.885262+00:00,hu,444.hu,444.hu,2026-04-15,Cser-Palkovics András: A nemzeti ellenállás vasárnap volt. Velünk szemben,https://444.hu/2026/04/15/cser-palkovics-andras-a-nemzeti-ellenallas-vasarnap-volt-velunk-szemben?utm_source=rss_feed&utm_medium=rss&utm_campaign=rss_syndication
f613e4e494a6ba3c9346f09437783ab92907311133791220e1be4b94cb81d542,2026-04-15 23:09:26.796023+00:00,hu,444.hu,444.hu,2026-04-15,"Milák Kristóf egy év után visszatért, két futamgyőzelemmel kezdte az országos bajnokságot",https://444.hu/2026/04/15/milak-kristof-egy-ev-utan-visszatert-ket-futamgyozelemmel-kezdte-az-orszagos-bajnoksagot?utm_source=rss_feed&utm_medium=rss&utm_campaign=rss_syndication
66293653fd6a8fd317bf134efb1c0026d70aebb8b5fdf711336ffa734f73ca8a,2026-04-15 23:08:58.473995+00:00,hu,444.hu,444.hu,2026-04-15,„Parasztlázadás” tört ki az állami hírügynökségnél,https://444.hu/2026/04/15/parasztlazadas-tort-ki-az-allami-hirugynoksegnel?utm_source=rss_feed&utm_medium=rss&utm_campaign=rss_syndication
1570f0f50dbc4a9366d39ffc7b242579fae4a2e99ec512be2e4d7a1804cfde64,2026-04-15 22:51:26.707971+00:00,hu,atlatszo.hu,atlatszo.hu,2026-04-15,Utolsó pillanatban választanák ki a 112-es segélyhívó rendszert továbbfejlesztő céget,https://atlatszo.hu/kozpenz/2026/04/15/utolso-pillanatban-valasztanak-ki-a-112-es-segelyhivo-rendszert-tovabbfejleszto-ceget/
3a5ea0d3b17f1c4182af8d31f356c9922d7205572e777c774aed27ba4072d17b,2026-04-15 22:51:21.537268+00:00,hu,atlatszo.hu,atlatszo.hu,2026-04-15,"Fellázadó magyar vidék: hazai pályán verte meg a Tisza a Fideszt, a legfideszesebb kerületekben álltak át legtöbben",https://atlatszo.hu/adat/2026/04/15/fellazado-magyar-videk-hazai-palyan-verte-meg-a-tisza-a-fideszt-a-legfideszesebb-keruletekben-alltak-at-legtobben/
54d5c821d8bc0b0b8a3713ebc6f9e299c067e5f992c26a1dc2d642cbb20248bd,2026-04-15 22:51:16.530528+00:00,hu,atlatszo.hu,atlatszo.hu,2026-04-15,"Felcsatolható dildó, síkosító és kötözőszett – céges számlára vásárolt a V-Híd dolgozója",https://atlatszo.hu/kozpenz/2026/04/15/felcsatolhato-dildo-sikosito-es-kotozoszett-ceges-szamlara-vasarolt-a-v-hid-dolgozoja/
071506bdf8fb17c1df54f75726009badf32789864057ff625e51ef652860338f,2026-04-15 22:50:12.388633+00:00,hu,atlatszo.hu,atlatszo.hu,2026-04-15,A közmédia szerint üzleti titok a fideszes USAID-filmre kötött forgalmazási szerződés,https://atlatszo.hu/kozpenz/2026/04/15/a-kozmedia-szerint-uzleti-titok-a-fideszes-usaid-filmre-kotott-forgalmazasi-szerzodes/
dca5bee449f3ed7ba450875accf445349e762fa486ea9ac547a0909084a5b55e,2026-04-15 22:37:52.733534+00:00,hu,24.hu,24.hu,2026-04-15,"Kovács Gergely: Így utólag, persze nem kellett volna elindulnunk a választáson",https://24.hu/belfold/2026/04/15/kovacs-gergp-kutya-part-hiba-volt-elindulni-kampany-tamogatas-visszafizetes/
aacd898b6f5b29f44810e30fff69e1b3b438086a0634a8997ce962e2acb5f836,2026-04-15 22:36:54.616899+00:00,hu,24.hu,24.hu,2026-04-15,A nap legfontosabb hírei – 2026. április 15.,https://24.hu/belfold/2026/04/15/a-nap-legfontosabb-hirei-2026-aprilis-15/
7f326740d126779a51fb8556627a476498f16c4aa0bf6b6576ff4b2e77b15c04,2026-04-15 21:07:13.793564+00:00,hu,24.hu,24.hu,2026-04-15,A 758 milliós hűtlen kezelés vádlottjai szerint ők a korábbi győri fideszes polgármester utasításait hajtották végre,https://24.hu/belfold/2026/04/15/gyor-hutlen-kezeles-fideszes-polgarmester-utasitasai/
15ddd2fa212815ba9f26a4b255e916531432e7314c1142455142a82ba4f7efd9,2026-04-15 21:06:04.099419+00:00,hu,24.hu,24.hu,2026-04-15,Bajnokok Ligája-negyeddöntő: Bayern München-Real Madrid,https://24.hu/sport/foci/2026/04/15/bajnokok-ligaja-negyeddonto-bayern-munchen-real-madrid-arsenal-sporting/
ba911ca862d2025ceba7e32c80ba97512b48374d351416c8165e2560e0839e58,2026-04-15 20:57:24.141690+00:00,hu,24.hu,24.hu,2026-04-15,Újraszámolták: még mindig a Tisza jelöltje áll nyerésre Keszthelyen,https://24.hu/belfold/2026/04/15/keszthelyen-ujraszamolas-tisza-varga-balazs-fidesz-nagy-balint/
580adb1ee7da33b1a71335132598a5013a854761358c69ed7cfc2c091836dba0,2026-04-15 20:56:29.874137+00:00,hu,24.hu,24.hu,2026-04-15,Vidnyánszky Attila: A következő évad meghirdetésével egyelőre várunk,https://24.hu/kultura/2026/04/15/vidnyanszky-attila-nemzeti-szinhaz-reagalas-kovetkezo-evad/
c2c8330a5b48e82b31241f414ea24800588ca3548a86f69905fccfa3ab38e611,2026-04-15 20:55:37.455736+00:00,hu,24.hu,24.hu,2026-04-15,Még idén férjhez menne Radics Gigi: legalább 300 fős lesz a lagzi és az énekesnő kislánya is fontos szerepet kap majd,https://24.hu/szorakozas/2026/04/15/radics-gigi-eskuvo-tervek/
8a8bfec8aacf241df2fbe3d84f966681bfcd0f343e008bf1969b90fca40a404c,2026-04-15 20:22:03.882423+00:00,hu,24.hu,24.hu,2026-04-15,Parasztlázadás tört ki az MTI-ben: független és szakmai alapon nyugvó hírszolgáltatást követelnek a dolgozók,https://24.hu/belfold/2026/04/15/kozmedia-lazadas-korleves-koveteles-fuggetken-hirszolgaltatas/
49f88ff726858271c5d6909751ace0ca657a913f9aaec2596c8de97e6a83910d,2026-04-15 20:21:33.548733+00:00,hu,24.hu,24.hu,2026-04-15,Milák Kristófnál hárman is gyorsabbak voltak fő számában az ob-n,https://24.hu/sport/2026/04/15/uszo-ob-milak-kristof-jaszo-adam-kokas-fanni/
6716b7db44dee56654dc70c73b54a2ae4efdc50ce81211c6f664568d825e60a9,2026-04-15 20:21:24.297797+00:00,hu,24.hu,24.hu,2026-04-15,"Teljesen új elnökségre van szüksége a Fidesznek"" – Cser-Palkovics András a kormánypárt hibáiról a Partizánban",https://24.hu/belfold/2026/04/15/cser-palkovics-andras-fidesz-uj-elnokseg-partizan/
2e685aac59e20226622d35c5522a42cd996bde76cee0d905edd1d5feeb813f64,2026-04-15 18:59:40.727463+00:00,hu,24.hu,24.hu,2026-04-15,"Lázár és Szijjártó sem bújhat ki a felelősség alól – elemzők a Fidesz vereségének okairól, az Orbán nélküli orbánizmusról",https://24.hu/belfold/2026/04/15/valasztas-fidesz-vereseg-felelos-orban-lazar-szijjarto/
7cec9190e49a72621d65bf9bb2c3779ab8fdcc0ab89b08075c17b26a50c57d91,2026-04-15 18:59:17.359847+00:00,hu,444.hu,444.hu,2026-04-15,Két napon belül másodszorra volt iskolai lövöldözés Törökországban: kilencen meghaltak,https://444.hu/2026/04/15/ket-napon-belul-masodszorra-volt-iskolai-lovoldozes-torokorszagban-kilencen-meghaltak?utm_source=rss_feed&utm_medium=rss&utm_campaign=rss_syndication
01b95e4fed738dbb141c1a663fda2ff0bb08a2c95d4bff6f61a06ccd9082cf98,2026-04-15 18:59:16.214175+00:00,hu,24.hu,24.hu,2026-04-15,"Lőw Zsolt az osztályozóról: A legjobb megoldásra törekedtünk, de tökéletes döntést nem lehet hozni",https://24.hu/sport/foci/2026/04/15/mlsz-osztalyozo-low-zsolt-labdarugas/
7b521747ce5307108d766934cad08793232303d9fec314ce89fd3d969e0dd4a4,2026-04-15 18:58:50.163976+00:00,hu,24.hu,24.hu,2026-04-15,"Rogán Antal az RTL-nek: ""Az emberek elfogadták azt a másik oldalról, hogy lehet egy sokkal jobb világot is teremteni""",https://24.hu/belfold/2026/04/15/rogan-antal-vereseg-felelos-valasztas-2026/
6f3bc0db0fff01c5248a72bc83cf50b4e02d4adbc404d052f4cf7529b72d7e61,2026-04-15 18:43:25.062410+00:00,hu,444.hu,444.hu,2026-04-15,"Még Semjén Zsolt is beszámolt arról, hogy Sulyok Tamással egyeztetett, Orbán oldalán viszont továbbra is semmi",https://444.hu/2026/04/15/meg-semjen-zsolt-is-beszamolt-arrol-hogy-sulyok-tamassal-egyeztetett-orban-oldalan-viszont-tovabbra-is-semmi?utm_source=rss_feed&utm_medium=rss&utm_campaign=rss_syndication
ee167f7938a2d290a789ef510f0144ab6b976dfb71b67569a567b2888dbc779e,2026-04-15 18:43:03.643944+00:00,hu,444.hu,444.hu,2026-04-15,Közmédia: A közmédiában fenyegette a közmédiát Magyar Péter,https://444.hu/2026/04/15/kozmedia-a-kozmediaban-fenyegette-a-kozmediat-magyar-peter?utm_source=rss_feed&utm_medium=rss&utm_campaign=rss_syndication
801d2198d6b62a0167c2a9ed75d34bf6687d6bf91b420d35200b5ac6b0b4e55c,2026-04-15 18:42:54.252428+00:00,hu,444.hu,444.hu,2026-04-15,Kármán András az MNB-ben találkozott Varga Mihállyal,https://444.hu/2026/04/15/karman-andras-az-mnb-ben-talalkozott-varga-mihallyal?utm_source=rss_feed&utm_medium=rss&utm_campaign=rss_syndication
e9abf98de89f2d0b699e5c62a6da943b60efe4668550e2c194ab1d94a52cf8f1,2026-04-15 18:42:49.780389+00:00,hu,444.hu,444.hu,2026-04-15,Orbán kihagyja a jövő heti uniós csúcstalálkozót,https://444.hu/2026/04/15/orban-kihagyja-a-jovo-heti-unios-csucstalalkozot?utm_source=rss_feed&utm_medium=rss&utm_campaign=rss_syndication
76ce1b14d5074e0f0ec0f8f393c76d6e9c7d5528a3ca0185108cd13d25fa0022,2026-04-15 18:42:46.000608+00:00,hu,444.hu,444.hu,2026-04-15,Nádas Péter: Magyar Péter a szépségének is köszönheti a győzelmét,https://444.hu/2026/04/15/nadas-peter-magyar-peter-a-szepsegenek-is-koszonheti-a-gyozelmet?utm_source=rss_feed&utm_medium=rss&utm_campaign=rss_syndication
d8548cfefee13bf884abe451929d9ff7731953bbb42f9e6bd62ecf1013a84ae0,2026-04-15 18:42:39.643719+00:00,hu,444.hu,444.hu,2026-04-15,"A PiS elismerte Kaczyński tévedését, de nem kért bocsánatot azért, mert azt mondta, hogy Magyar Péter megmikrózott egy kiskutyát",https://444.hu/2026/04/15/a-pis-elismerte-kaczynski-tevedeset-de-nem-kert-bocsanatot-azert-mert-azt-mondta-hogy-magyar-peter-megmikrozott-egy-kiskutyat?utm_source=rss_feed&utm_medium=rss&utm_campaign=rss_syndication
26d5da6a12259553075141043200ec02525c12da218e64a1152b031391d4f1de,2026-04-15 18:42:35.977869+00:00,hu,444.hu,444.hu,2026-04-15,"Óriásit bukott, 28 százalékos középpárttá zsugorodott a Fidesz Budapesten",https://444.hu/2026/04/15/oriasit-bukott-28-szazalekos-kozeppartta-zsugorodott-a-fidesz-budapesten?utm_source=rss_feed&utm_medium=rss&utm_campaign=rss_syndication
9d6e8a04b923b6655168e4574de92cdce592d6c58fbbc5dfa15cdc66968a8155,2026-04-15 18:42:26.854320+00:00,hu,444.hu,444.hu,2026-04-15,Felújítják a Madách és az Örs vezér teret,https://444.hu/2026/04/15/teljesen-felujitjak-a-madach-teret?utm_source=rss_feed&utm_medium=rss&utm_campaign=rss_syndication
0494d3b7a1649e6aa9f58f19eb809ffa8526938de50d63fecff67186eed5bec7,2026-04-15 18:42:21.988245+00:00,hu,444.hu,444.hu,2026-04-15,"Hont András szerint azért veszített a Fidesz, mert nem Magyar Péter volt a fő kampánytémája",https://444.hu/2026/04/15/hont-andras-szerint-azert-veszitett-a-fidesz-mert-nem-magyar-peter-volt-a-fo-kampanytemaja?utm_source=rss_feed&utm_medium=rss&utm_campaign=rss_syndication
ecb36e5ad3f7bffd6ba71ca39c1b357a2502518b9ae1d3e31e693b501b3ff653,2026-04-15 18:42:09.572076+00:00,hu,444.hu,444.hu,2026-04-15,Gulyás: „Sajnos Hann Endrének meg a feleségemnek volt igaza”,https://444.hu/2026/04/15/gulyas-sajnos-hann-endrenek-meg-a-felesegemnek-volt-igaza?utm_source=rss_feed&utm_medium=rss&utm_campaign=rss_syndication
1ef9017781020d15972dd46f4ebb5e3f4c05895fea73a2b9dcee63e91aac2e5c,2026-04-15 18:42:03.335628+00:00,hu,444.hu,444.hu,2026-04-15,"A CÖF már a Mi Hazánk és a Fidesz szavazatainak összeadásával bizonyítja, hogy Magyar Péter nem nyert akkorát",https://444.hu/2026/04/15/a-cof-mar-a-mi-hazank-es-a-fidesz-szavazatainak-osszeadasaval-bizonyitja-hogy-magyar-peter-nem-nyert-akkorat?utm_source=rss_feed&utm_medium=rss&utm_campaign=rss_syndication
22c1a17b7e911a0cafa28b5fe6c400b3fd6456b7c5a5e7059845fac2681c8150,2026-04-15 18:41:35.730722+00:00,hu,444.hu,444.hu,2026-04-15,"Rogán: Az emberek elfogadták azt a másik oldalról, hogy lehet egy sokkal jobb világot is teremteni",https://444.hu/2026/04/15/rogan-az-emberek-elfogadtak-azt-a-masik-oldalrol-hogy-lehet-egy-sokkal-jobb-vilagot-is-teremteni?utm_source=rss_feed&utm_medium=rss&utm_campaign=rss_syndication
ef6cdf501d01432a45d504ced601562d0069ae546fad960871c9b6554430b896,2026-04-15 18:41:26.262241+00:00,hu,444.hu,444.hu,2026-04-15,Garancsi István egy nappal a választás előtt szállt ki teljesen a Kopaszi Gát Zrt.-ből,https://444.hu/2026/04/15/garancsi-istvan-egy-nappal-a-valasztas-elott-szallt-ki-teljesen-a-kopaszi-gat-zrt-bol?utm_source=rss_feed&utm_medium=rss&utm_campaign=rss_syndication
56f78c040ad5538210d0f04f0236096e86fbc910346cb64646a4d8fce0fadc33,2026-04-15 18:34:40.245600+00:00,hu,24.hu,24.hu,2026-04-15,Kármán András az euró bevezetéséről is egyeztetett Varga Mihály MNB-elnökkel,https://24.hu/belfold/2026/04/15/karman-andras-egyeztetes-varga-mihaly-mnb/
8e1c106c66c617cccc9405f247e1e141481b09a25a4d282b297f4861c1fac403,2026-04-15 17:27:21.290457+00:00,hu,24.hu,24.hu,2026-04-15,"Gratulált Magyar Péternek Dean Norris, a Breaking Bad magyar származású színésze",https://24.hu/szorakozas/2026/04/15/dean-norris-magyar-peter-gratulacio/
d85783b0664284d9b305f63516cb5f86c4280e25f1cac24f1d516fc8a0a4e5af,2026-04-15 17:27:10.599993+00:00,hu,24.hu,24.hu,2026-04-15,"Óva intenék mindenkit attól, hogy önmarcangolásba kezdjen"" – Takács Péter megmagyarázta, miért veszített a Fidesz",https://24.hu/belfold/2026/04/15/takacs-peter-magyarazat-valasztasi-vereseg-orban-viktor/
c7989e0e39a3e23f25a8d741dab1bbc54134329d96e519ee68e66faeb37c15d5,2026-04-15 17:27:05.116582+00:00,hu,24.hu,24.hu,2026-04-15,"Orbán Balázs büszke arra, hogy a híresztelésekkel ellentétben Orbán Viktor átadja a hatalmat",https://24.hu/belfold/2026/04/15/orban-balazs-vereseg-demokracia-orban-viktor-hatalom-atadas/
4c220c205005316a9bbe3ccb45a1a373539adbe94e1de21de0668d05c2790057,2026-04-15 17:26:55.605425+00:00,hu,24.hu,24.hu,2026-04-15,"Eldőlhetett, ki lesz Tóth Alex edzője",https://24.hu/sport/foci/2026/04/15/marco-rose-bournemouth-toth-alex-premier-league/
5e1cc6e6102ed13b71e4664b1884a2bc17d346ec8bdb81c4e4fc096b96e07ac4,2026-04-15 17:10:03.036116+00:00,hu,24.hu,24.hu,2026-04-15,"Pásztor Anna azt állítja, Tóth Gabi pár hete felhívta, hogy menjen be a Fidesz-frakcióba beszélgetni Kocsis Mátéval",https://24.hu/szorakozas/2026/04/15/pasztor-anna-toth-gabi-fidesz/
ebcbd326e143c4948fc009a83b0c6e7aacf712eb09bb9232a1da9d806e3bebe5,2026-04-15 17:00:42.377756+00:00,hu,24.hu,24.hu,2026-04-15,Visszavonják a katonákat a kritikus energetikai infrastruktúrák őrzésétől,https://24.hu/belfold/2026/04/15/kritikus-infrastruktura-orzes-visszavonas-444/
48a2960ba4509b48ad890b3c032467c21cef1f95c06eb42314dbd005d878eebc,2026-04-15 16:56:55.855469+00:00,hu,24.hu,24.hu,2026-04-15,Több feljelentés sem volt elég az ukrán pénzszállítók fogvatartásával kapcsolatos nyomozás megindításához,https://24.hu/belfold/2026/04/15/ukran-penzszallitok-ugyeszseg-nyomozas/
5684146a63740a3340f3cd01054bd7f422d510c857dd15b165d6e1e49b6dca73,2026-04-15 16:56:18.741864+00:00,hu,24.hu,24.hu,2026-04-15,Váratlan bejelentés: mégsem Kárpáti Krisztián lesz az ETO kézicsapatának edzője,https://24.hu/sport/2026/04/15/eto-kezilabda-kopornyik-zsolt-karpati-krisztian-egeszsegugyi-helyzet/
f9fd9f9c565de5c377a459898bb892021b4c32bdcd0c00bec59223ff5ec4c93f,2026-04-15 16:55:57.469979+00:00,hu,24.hu,24.hu,2026-04-15,Ez a két kedvelt növény a gyakorlott kertészek rémálma,https://24.hu/otthon/2026/04/15/kerteszek-remalma-novenyek/
289af2f51c3b5b454c6bdcba69f6a9712da9c678998ced872ecfed77e299c4e2,2026-04-15 16:53:26.617824+00:00,hu,24.hu,24.hu,2026-04-15,Megvan a jogerős ítélet a Marina parti horrorisztikus darabolós gyilkosok ügyében,https://24.hu/belfold/2026/04/15/marina-part-darabolos-gyilkossag/
9324e8c80119f7428be8d6a8a01b7bcb51df6ddb243093e573dc31898a81a306,2026-04-15 16:53:21.683477+00:00,hu,24.hu,24.hu,2026-04-15,Politico: Orbán Viktor nem lesz ott az Európai Tanács jövő heti ülésén,https://24.hu/kulfold/2026/04/15/orban-viktor-europai-tanacs-nem-megy-el-robert-fico/
7520e1642c161aac352cd2c6e6df4ebce23c0a1083a677e923842e86fa455459,2026-04-15 16:53:16.689993+00:00,hu,24.hu,24.hu,2026-04-15,"Erdélyi Mónika a családjával együtt elhagyta volna Magyarországot, ha a Fidesz marad kormányon",https://24.hu/szorakozas/2026/04/15/erdelyi-monika-valasztas-eredmenye/
6deda7ffcef7080dc35ddc1e25b5a09a2cae4c82766d9cbae2003ffe58c621fe,2026-04-15 16:53:10.031262+00:00,hu,24.hu,24.hu,2026-04-15,"Miért érezhetjük a bámulatos átlagkereset-növekedés mellett, hogy lecsúszóban vagyunk?",https://24.hu/fn/gazdasag/2026/04/15/atlagkereset-novekedes-mellett-lecsuszas/
5116c77c83396d8a8c79eafffd8d32a91f1ac36e46746974bc496a047037dac3,2026-04-15 16:53:04.671712+00:00,hu,24.hu,24.hu,2026-04-15,"Feljelentették Orbán Viktort, mert elengedte a kormányt vezetés közben",https://24.hu/belfold/2026/04/15/orban-viktor-feljelentes-elengedte-a-kormanyt-video-brfk/
921c8d3cb78e85cda26498972dc433a4e277583f176eafe28d9b3c1535ce64c5,2026-04-15 16:52:59.836798+00:00,hu,24.hu,24.hu,2026-04-15,Szakértők: Mit kell azonnal megtennie Magyar Péternek a kormányalakítás után?,https://24.hu/fn/gazdasag/2026/04/15/szaguld-forint-otp-magyar-peter-kormanyprogram-adossaghegyek/
9061b97822496393b2e032783b7fba99c9f380f776d39be1e8f4e9b38cfe776c,2026-04-15 16:52:23.872022+00:00,hu,24.hu,24.hu,2026-04-15,"Aki kibírt 16 évet, kibír még 30 napot"" – feszült állománygyűlést tartottak a közmédiánál",https://24.hu/belfold/2026/04/15/nemeth-zsolt-kozmedia-csatornaigazgato-dolgozok-szabadsag/
b9386d62a438eef8ae9f09b1f43ae739fdc32812d5c2cfc54b27636c9ff03b0b,2026-04-15 16:52:06.701951+00:00,hu,24.hu,24.hu,2026-04-15,"Márki-Zay Pétert 3,2 millió forintra bírságolta a Nemzeti Választási Bizottság",https://24.hu/belfold/2026/04/15/marki-zay-petert-32-millio-nvi-birsag/
758df087c4d7d805f582a835da8082874326db94c81440e8072f219bb1ecad4c,2026-04-15 16:52:01.712208+00:00,hu,24.hu,24.hu,2026-04-15,Toroczkai László: A jelenlegi helyzetben Sulyok Tamásnak ki kellene töltenie a mandátumát,https://24.hu/belfold/2026/04/15/toroczkai-laszlo-sulyok-tamas-mandatum-kitoltes/
1640ba0ddf0df806006444755776b24c57b2781eaf1733bcfb16e019dea80497,2026-04-15 16:30:27.077663+00:00,hu,444.hu,444.hu,2026-04-15,"Az egyik leggazdagabb magyar, Jellinek Dániel szerint jó a Tisza gazdaságpolitikájának iránya",https://444.hu/2026/04/15/az-egyik-leggazdagabb-magyar-jellinek-daniel-szerint-jo-a-tisza-gazdasagpolitikajanak-iranya
79478f4cf7900e11e03efb2ac0ad0e48f175bcec53a6d40fc6abb56d824d4333,2026-04-15 16:30:16.807243+00:00,hu,444.hu,444.hu,2026-04-15,Toroczkai László: Sulyok Tamásnak ki kellene töltenie a mandátumát,https://444.hu/2026/04/15/toroczkai-laszlo-sulyok-tamasnak-ki-kellene-toltenie-a-mandatumat
098dc4eee123b3c33fcc17086325713b4785078e931caf136a2c5ea6c5b2d9c3,2026-04-15 16:30:11.872475+00:00,hu,444.hu,444.hu,2026-04-15,Panyi Szabolcs távozik a Direkt36-tól,https://444.hu/2026/04/15/panyi-szabolcs-tavozik-a-direkt36-tol
9947eea47da5aa22c9f9cb46fe9d8756f945b98c9e9f6192e172af4d746e6bbd,2026-04-15 16:30:06.814532+00:00,hu,444.hu,444.hu,2026-04-15,Tapsot kapott a közmédia folyosóján Magyar Péter,https://444.hu/2026/04/15/tapsot-kapott-a-kozmedia-folyosojan-magyar-peter
5fff3370fb3c50f1a0626d8ff7f13b1041489146ab8ac27c2291738a473b9c8f,2026-04-15 16:29:57.443617+00:00,hu,444.hu,444.hu,2026-04-15,"A populizmus eszméjét nem győzték le, a Fidesz lőtt hatalmas-hatalmas öngólt, mondja az MCC Brussels vezetője",https://444.hu/2026/04/15/a-fidesz-hatalmas-ongolja-a-vereseg-mondja-az-mcc-brussels-vezetoje-frank-furedi-magyar-kampanyat-is-dicserte
d06ebdf2ba6389128ab291f1a67adadbdc76633937fe5dae6347d0b1dd242846,2026-04-15 16:29:52.411905+00:00,hu,444.hu,444.hu,2026-04-15,Magyar Péter a Sándor-palota teraszán egy Scorsese-gesztussal üzent az egy terasszal arrébb olvasgató Orbánnak,https://444.hu/2026/04/15/magyar-peter-a-sandor-palota-teraszan-egy-scorsese-gesztussal-uzent-az-egy-terasszal-arrebb-olvasgato-orbannak
cb6558109d38c72e47f83e826acfcd1bee74c2782c71f1fc1361bcbbf9a8cfb9,2026-04-15 16:29:42.005189+00:00,hu,444.hu,444.hu,2026-04-15,Két nappal a választás után elkezdte visszavonni a katonákat a Magyar Honvédség a kritikus infrastruktúrák őrzésétől,https://444.hu/2026/04/15/ket-nappal-a-valasztas-utan-elkezdte-visszavonni-a-katonakat-a-honvedelmi-miniszterium-a-kritikus-infrastrukturak-orzesetol
94ee85ab47f9546c964f5b75530c02b57e303eea23010670286a70d5e2b9b446,2026-04-15 16:29:36.578108+00:00,hu,444.hu,444.hu,2026-04-15,Hann: A Fidesz becsapta és átverte a saját szavazóit,https://444.hu/2026/04/15/hann-a-fidesz-becsapta-es-atverte-a-sajat-szavazoit
62080e798d1d8cbbec81537363ee9e9abb2f54a22fa109d214a969e8b862a320,2026-04-15 16:29:32.446784+00:00,hu,444.hu,444.hu,2026-04-15,Karácsony: Szentkirályi Alexandra feljelentése után elmarasztalt az NVB,https://444.hu/2026/04/15/karacsony-szentkiralyi-alexandra-feljelentese-utan-elmarasztalt-az-nvb
56f1e1d4f02a4a548772e19420b0b19c9799396dca30a5ce24ebb2d4ac57f607,2026-04-15 16:29:26.588142+00:00,hu,444.hu,444.hu,2026-04-15,Orbánnal együtt távozik Káel Csaba filmügyi kormánybiztos is,https://444.hu/2026/04/15/orbannal-egyutt-tavozik-kael-csaba-filmugyi-kormanybiztos-is
793d665b00165fdc3c1369fc303fd1830bcc3aae676879b15acb297a2d3e3546,2026-04-15 16:28:57.170548+00:00,hu,444.hu,444.hu,2026-04-15,Szijjártó Péter a Karmelitában járt,https://444.hu/2026/04/15/szijjarto-peter-a-karmelitaban-jart
ff012d13261509c871f249fad53fbd05da399a4de0613f73c3661de484b7d0ac,2026-04-15 16:28:33.962537+00:00,hu,444.hu,444.hu,2026-04-15,Rendszerváltás LIVE: Magyar Péter egyenes adásban semmisítette meg az állampárti hazugsággyárat,https://444.hu/2026/04/15/rendszervaltas-live-magyar-peter-egyenes-adasban-semmisitette-meg-az-allamparti-hazugsaggyarat
a5134da14fcbe8086baa1156714c0d1590e66777fded7079676a495f190ee980,2026-04-15 16:28:22.152867+00:00,hu,444.hu,444.hu,2026-04-15,"A legrendszerváltóbb környék egyértelműen Újlipótváros volt, de több kerület is beszállt a versenybe a választásokon",https://444.hu/2026/04/15/a-legrendszervaltobb-kornyek-egyertelmuen-ujlipotvaros-volt-de-tobb-kerulet-is-beszallt-a-versenybe-a-valasztasokon
59bb5742967c3c1222410ec6362f3a4d54afd75cfe535c644a912c4a31e498e6,2026-04-15 16:22:20.184240+00:00,hu,24.hu,24.hu,2026-04-15,M1 Híradó: A közmédiában fenyegette a közmédiát Magyar Péter,https://24.hu/belfold/2026/04/15/m1-hirado-magyar-peter-kozmedia/
0d95b4d6b05318712029a30b7a3d821b3be84ded2f1150a3cdba5cb1f0d45bdc,2026-04-15 16:21:34.141987+00:00,hu,24.hu,24.hu,2026-04-15,Sosem látott méretet öltött az oroszlánok orvvadászata,https://24.hu/tudomany/2026/04/15/oroszlanok-orvvadaszat-afrika-krizis/
0f04fca75666e1ca0ab91a106df12f6ce27f29af8a03b9ee23a6d53d43073b0b,2026-04-15 16:21:24.396104+00:00,hu,24.hu,24.hu,2026-04-15,L. Simon László: A csaholóknak bocsánatot kell kérniük Orbán Viktortól,https://24.hu/kultura/2026/04/15/l-simon-laszlo-orban-viktor/
0bc1beeb70f049637098d19c50910f6a2a14802d9d14ead7fba9262ad33007b0,2026-04-15 16:21:19.167416+00:00,hu,24.hu,24.hu,2026-04-15,Távozik Panyi Szabolcs a Direkt36-tól,https://24.hu/belfold/2026/04/15/panyi-szabolcs-direkt36-tavozas/
57b1f4249d0d2e57d0c31d7f5f8560ae95028d0bb3269ba0d502239883b15f0f,2026-04-15 16:20:49.334640+00:00,hu,24.hu,24.hu,2026-04-15,"Felháborító, szakmaiatlan, igazságtalan"" – fideszes polgármester állt bele az MLSZ-be a szövetség újítása miatt",https://24.hu/sport/foci/2026/04/15/mlsz-osztalyozo-fehervar-cser-palkovics-andras/
e2cfe83376610fce4604980db86c15834f654c454ffb81efa10d9627aa3564cf,2026-04-15 14:48:49.541339+00:00,hu,24.hu,24.hu,2026-04-15,"A Fradit nem féltem, a Puskás Akadémia és társai féljenek"" – így látják a ferencvárosi szurkolók a jövőt a kormányváltás után",https://24.hu/sport/foci/2026/04/15/nb1-fradi-kormanyvaltas-szurkoloi-velemenyek/
602df1fe0e55eb003934ced2b8f5d9490fce959fb55ccde0ca6b002b7cfac9f7,2026-04-15 14:40:07.546997+00:00,hu,24.hu,24.hu,2026-04-15,"Vigyázzanak magukra, és tartsanak ki"" – tapssal fogadta Magyar Pétert a közmédia néhány munkatársa az MTVA alulájában",https://24.hu/belfold/2026/04/15/magyar-peter-taps-mtva-dolgozok/
55b17a9b59cf8e3560756112d3380976cd5ea051e1e238d4b12eab1c85065f35,2026-04-15 14:39:40.320970+00:00,hu,24.hu,24.hu,2026-04-15,"Marozsán Fábiánt nem törte meg a szünet, legyőzte Cicipaszt",https://24.hu/sport/2026/04/15/muncheni-tenisztorna-marozsan-fabian-sztefanosz-cicipasz-gyozelem/
5edf6f33014e17bffeef369d07e4bb2892b7c62251feb4f065e94db8589eae8c,2026-04-15 14:39:34.848022+00:00,hu,24.hu,24.hu,2026-04-15,Veiszer Alinda Magyar Péter köztévés interjújáról: Roppant kellemetlen volt,https://24.hu/szorakozas/2026/04/15/veiszer-alinda-kozmedia-magyar-peter/
15b709c0350faec1915c0946946edeee0c059bb6630d2a0f4dac4d0870e69574,2026-04-15 14:39:28.604742+00:00,hu,24.hu,24.hu,2026-04-15,"Gulyás Gergely először válaszolt sajtókérdésekre a vereség után: Sok állítás elhangzott, volt olyan, amiben tévedtünk",https://24.hu/belfold/2026/04/15/gulyas-gergely-kampany-tevedtunk/
d0bb4c05770a88b0d0f5c0bf294186c1fc5795f2c0c5ce85d3176b562c418952,2026-04-15 14:39:22.935052+00:00,hu,24.hu,24.hu,2026-04-15,Tarolt a tévében a Heti Hetes,https://24.hu/kultura/2026/04/15/heti-hetes-nezettseg-rtl-valasztasok/
24199003399995600b317c899bd7791853e8fed9f7c37ab012615d7d944cdb80,2026-04-15 13:55:40.147941+00:00,hu,24.hu,24.hu,2026-04-15,Utoljára 170 ezer éve látott üstökös vált megfigyelhetővé,https://24.hu/tudomany/2026/04/15/170-ezer-eve-nem-latott-ustokos/
f3e56d250046d60c032a170099b5fd3b5cb9348c82352f6a5c59f89d178edce3,2026-04-15 13:55:35.036544+00:00,hu,24.hu,24.hu,2026-04-15,"Ókovács Szilveszter a 24.hu-nak: Sem a pályázati kiírásban, sem a szerződésemben nem az áll, hogy ""kormányváltásig""",https://24.hu/kultura/2026/04/15/okovacs-szilveszter-interju-valasztas-2026-rost-andrea/
e6d27baaf7b215af718bacdb8eb9a410da460608e6669f54ad3044225774fb5b,2026-04-15 13:55:11.094549+00:00,hu,24.hu,24.hu,2026-04-15,"Nyílt utcán szurkáltak meg egy nyugdíjast Kárászon, életveszélyben van",https://24.hu/belfold/2026/04/15/karasz-keseles-nyugdijas-mentohelikopter/
d6cbdf3a507cfffc2e6bc4bd93e57dcc643010fa315a32a84e94920fa5a82b7d,2026-04-15 13:34:45.485039+00:00,hu,24.hu,24.hu,2026-04-15,Videó: Magyar kiszúrta Orbánt a Karmelita teraszán,https://24.hu/belfold/2026/04/15/orban-magyar-karmelita-tisza/
9c240b64d2d7bd9a2cf44dec39cddcf726019fab67178178581453778735d2d0,2026-04-15 13:33:58.745587+00:00,hu,24.hu,24.hu,2026-04-15,Két futamgyőzelemmel kezdte az országos bajnokságot Milák Kristóf,https://24.hu/sport/2026/04/15/orszagos-bajnoksag-nyitonap-milak-kristof-futamgyozelmek/
e95541984766520054fca43cd541c0b59ef3834fa078835c35d02bebae5802ba,2026-04-15 13:33:49.570160+00:00,hu,24.hu,24.hu,2026-04-15,"A Romániába érkezett magyar támogatások kivizsgálását kérik Magyar Pétertől, amelyek az Orbánt támogató propagandát táplálhatták",https://24.hu/kulfold/2026/04/15/romania-magyar-tamogatas-vizsgalat-magyar-peter/
68119871b84ecf2f4c4b7e014203932e26b2be8fb0331615d9eef70d87574ddf,2026-04-15 13:33:38.282520+00:00,hu,24.hu,24.hu,2026-04-15,"Pottyondy Edina Deák Dániel Partizán-szerepléséről: Berlin eleste után két nappal Mengele doktor asszisztense egy partizánnal beszélget, és az övsömör kezeléséről diskurálnak",https://24.hu/kultura/2026/04/15/pottyondy-edina-deak-daniel-partizan/
0d8dbdbf8c4e423f849b7355160cb127705bba510ec12d52ab0ea4c353ac7c0a,2026-04-15 13:33:15.313983+00:00,hu,24.hu,24.hu,2026-04-15,"Jobban táncol Trump, Putyin vagy Gyurcsány Ferenc, mint a Tisza politikusa?",https://24.hu/elet-stilus/2026/04/15/hegedus-zsolt-tanc-viralis-tisza/
5d3458a6635ba754c250b5fcb6c7e59fdf8ef2fc2f0a2bb210d26b418033bd1d,2026-04-15 13:33:08.265869+00:00,hu,24.hu,24.hu,2026-04-15,Nem lesz több kormányinfó – közölte Vitályos Eszter,https://24.hu/belfold/2026/04/15/nem-lesz-kormanyinfo-vitalyos-eszter/
4c113dff0554884b72e2c8fbee14b9d9ae30b8a22ed5e44eb2569ce4c70bfaca,2026-04-15 11:36:22.612264+00:00,hu,24.hu,24.hu,2026-04-15,"Le tudok mosakodni egyedül, ami óriási bravúr"" – így van Révész Sándor négy évvel a sztrókja után",https://24.hu/szorakozas/2026/04/15/revesz-sandor-sztrok-felepules/
46738d6a01fea51a97dc1585d2f80dcf85557edf5364893ce914e6198f998784,2026-04-15 11:36:17.728975+00:00,hu,24.hu,24.hu,2026-04-15,Válasz Online: csütörtökön magas szintű brüsszeli delegáció érkezik Budapestre a Tisza Párttal tárgyalni,https://24.hu/belfold/2026/04/15/brusszel-delegacio-magyar-peter-tisza-part-targyalas/
f3a66dc38cbd8020574db0a30acc850d830ffca5c2c60df3b7d50410dac54f8a,2026-04-15 11:25:07.233976+00:00,hu,444.hu,444.hu,2026-04-15,A választások után a lengyel ügyészség újra érdeklődik a Magyarországon bujkáló két volt politikusuk iránt,https://444.hu/2026/04/15/a-valasztasok-utan-a-lengyel-ugyeszseg-ujra-erdeklodik-a-magyarorszagon-bujkalo-ket-volt-politikusuk-irant?utm_source=rss_feed&utm_medium=rss&utm_campaign=rss_syndication
3050ae93f315e1ca8d5c4cc351fbd46ab3156d627673ecadd1a15ceb02c4dd53,2026-04-15 11:25:01.844235+00:00,hu,444.hu,444.hu,2026-04-15,Sorban harmadik hónapja nő több mint negyedével a hazai akkugyártás,https://444.hu/2026/04/15/sorban-harmadik-honapja-no-tobb-mint-negyedevel-a-hazai-akkugyartas?utm_source=rss_feed&utm_medium=rss&utm_campaign=rss_syndication
07034fb7450b48be38ef50d6d29aa523f9f1b5d329dd98bb79c7562556f44219,2026-04-15 11:24:57.228006+00:00,hu,444.hu,444.hu,2026-04-15,"A spanyol kormány úgy döntött, legalizálja félmillió illegális migráns helyzetét",https://444.hu/2026/04/15/a-spanyol-kormany-ugy-dontott-legalizala-felmillio-illegalis-migrans-helyzetet?utm_source=rss_feed&utm_medium=rss&utm_campaign=rss_syndication
aae0af1e26909eacfc641ab3d2f9e6c04c413140d4f98a12c3d177431b9f67a8,2026-04-15 11:24:52.080828+00:00,hu,444.hu,444.hu,2026-04-15,"Újabb nagy, literenként 24 forintos dízeláresést jelentett be a Mol",https://444.hu/2026/04/15/ujabb-nagy-literenkent-24-forintos-dizelaresest-jelentett-be-a-mol?utm_source=rss_feed&utm_medium=rss&utm_campaign=rss_syndication
1b5e2a1185d2dbb5a400223a17605b474849ae8088820410888327bf1b555090,2026-04-15 11:24:47.225922+00:00,hu,444.hu,444.hu,2026-04-15,Donald Trump szerint napokon belül újraindulhatnak az amerikai-iráni tárgyalások,https://444.hu/2026/04/15/donald-trump-szerint-napokon-belul-ujraindulhatnak-az-amerikai-irani-targyalasok?utm_source=rss_feed&utm_medium=rss&utm_campaign=rss_syndication
077022923b715170248f52e9ae6d686173afa640bd0ccf195e10f02e59326ea4,2026-04-15 11:24:44.415526+00:00,hu,24.hu,24.hu,2026-04-15,"Meghalt a Real Madrid ikonikus játékosa, Puskás Ferenc korábbi csapattársa",https://24.hu/sport/foci/2026/04/15/meghalt-jose-santamaria-real-madrid/
22e97848653b4ac3e36b3bb6199727834067b68c2f5a3377e59399ac6a71b55b,2026-04-15 11:24:42.055746+00:00,hu,444.hu,444.hu,2026-04-15,"Válasz Online: Már tárgyal Brüsszellel a Tisza az elakadt uniós pénzekről, de szorít az idő",https://444.hu/2026/04/15/valasz-online-brusszellel-targyal-a-tisza-az-elakadt-unios-penzekrol-de-szorit-az-ido?utm_source=rss_feed&utm_medium=rss&utm_campaign=rss_syndication
1f79d0fe22d11141ac350b41b0e832b0728a44e7fab55173cc2ea2fc66561365,2026-04-15 11:24:37.228888+00:00,hu,444.hu,444.hu,2026-04-15,Picasso-képet nyert egy párizsi férfi egy jótékonysági sorsoláson,https://444.hu/2026/04/15/picasso-kepet-nyert-egy-parizsi-ferfi-egy-jotekonysagi-sorsolason?utm_source=rss_feed&utm_medium=rss&utm_campaign=rss_syndication
73421f7ce9411d6b93cbe5f5fbebc19b49482540fd84a03fe6b6f4c836aa16b6,2026-04-15 11:24:31.789473+00:00,hu,444.hu,444.hu,2026-04-15,J. D. Vance amerikai alelnök kioktatta a pápát teológiából,https://444.hu/2026/04/15/jd-vance-amerikai-alelnok-kioktatta-a-papat-teologiabol?utm_source=rss_feed&utm_medium=rss&utm_campaign=rss_syndication
d5a4d8683ad274269124173b80726e40b53fa15ba1f4d0b81e12d53b397cb174,2026-04-15 11:24:26.642338+00:00,hu,444.hu,444.hu,2026-04-15,"Magyar Péter: Ha nem mond le a köztársasági elnök és a többi báb, alkotmánymódosítással távolítják el őket",https://444.hu/2026/04/15/magyar-peter-ha-nem-mond-le-a-koztarsasagi-elnok-es-a-tobbi-bab-alkotmanymodositassal-tavolitjak-el-oket?utm_source=rss_feed&utm_medium=rss&utm_campaign=rss_syndication
df1c2015c2dc0aef5f396c79096f5cbb68cc9cf64325c57e425fc9f8a3f060a7,2026-04-15 11:24:18.945960+00:00,hu,444.hu,444.hu,2026-04-15,"Túlzsúfoltság és vihar dönthette fel a menekülthajót, 250 embernek nyoma veszett",https://444.hu/2026/04/15/tulzsufoltsag-es-vihar-donthette-fel-a-menekulthajot-250-embernek-nyoma-veszett?utm_source=rss_feed&utm_medium=rss&utm_campaign=rss_syndication
951220b1afcfb39a2cdda996fe9678975bb2fa66672655f3c7058660b7fa720c,2026-04-15 11:24:16.530737+00:00,hu,24.hu,24.hu,2026-04-15,Jelentős csökkenés várható a piaci üzemanyagárakban,https://24.hu/fn/gazdasag/2026/04/15/benzin-uzemanyag-ar-csokkenes/
d6d83fd03b5ba4c266521773c9d5e819c7d41a894a23b362ecd21393d058318a,2026-04-15 11:24:13.646028+00:00,hu,444.hu,444.hu,2026-04-15,"Trump kedveli Magyart, szerinte jó munkát fog végezni",https://444.hu/2026/04/15/trump-kedveli-magyart-szerinte-jo-munkat-fog-vegezni?utm_source=rss_feed&utm_medium=rss&utm_campaign=rss_syndication
30825d3d765ff032b7917a717a74221e1f4f2effa3496ca540c1a790d246f3f3,2026-04-15 11:23:56.120879+00:00,hu,444.hu,444.hu,2026-04-15,Nőtt az antiszemita incidensek száma a nyugati országokban,https://444.hu/2026/04/15/nagyon-sok-az-antiszemita-tamadas-tavaly-20-zsidot-oltek-meg?utm_source=rss_feed&utm_medium=rss&utm_campaign=rss_syndication
8339e5f6c734f72428585daf24e60bab992e69a1f693b544637c1a7466913b61,2026-04-15 11:23:51.258775+00:00,hu,444.hu,444.hu,2026-04-15,Károly király nem találkozik Epstein áldozataival az amerikai útja során,https://444.hu/2026/04/15/karoly-kiraly-nem-talalkozik-epstein-aldozataival-az-amerikai-utja-soran?utm_source=rss_feed&utm_medium=rss&utm_campaign=rss_syndication
53bc77c29214b693b21bada15130f9a84c13374bc6baf4f1da8e4402dbe9dbab,2026-04-15 11:23:49.443544+00:00,hu,24.hu,24.hu,2026-04-15,Itt a vége: ma el kell búcsúznunk a Messenger egyik népszerű verziójától,https://24.hu/tech/2026/04/15/messenger-megszunik-bongeszo-meta/
10cd0dfb8b814880a8599c17ba8c0685122209d80d29d00344bdc6fed46a05de,2026-04-15 11:23:18.416070+00:00,hu,444.hu,444.hu,2026-04-15,"Kanye West már Marseille-ben sem biztos, hogy színpadra állhat",https://444.hu/2026/04/15/kanye-west-mar-marseille-ben-sem-biztos-hogy-szinpadra-allhat?utm_source=rss_feed&utm_medium=rss&utm_campaign=rss_syndication
3ef3734bfba64c70fa930c15aff64ac03f8571fae7120bb4d51627b4b9599fcd,2026-04-15 11:22:51.796196+00:00,hu,444.hu,444.hu,2026-04-15,"Rémálom Alabamában: 86 éves francia nőt vitt el a bevándorlási hatóság, aki egy régi szerelme miatt költözött az Államokba",https://444.hu/2026/04/15/remalom-alabamaban-86-eves-francia-not-vitt-el-a-bevandorlasi-hatosag-aki-egy-regi-szerelme-miatt-koltozott-az-allamokba?utm_source=rss_feed&utm_medium=rss&utm_campaign=rss_syndication
6e607af5dd6606d82fd451f1cfeb9165f1370ae6954f1567a81cfc303699c45e,2026-04-15 11:22:46.485069+00:00,hu,444.hu,444.hu,2026-04-15,Vitályos Eszter a Kormányinfóról: Nem lesz,https://444.hu/2026/04/15/vitalyos-eszter-a-kormanyinforol-nem-lesz?utm_source=rss_feed&utm_medium=rss&utm_campaign=rss_syndication
d33205b37121375b3f8ab6f10b62f4bc3dec82a22ab827d777bd5c0fa118f11b,2026-04-15 11:22:38.054713+00:00,hu,444.hu,444.hu,2026-04-15,HVG: A választás után 390 milliárdot osztottak ki egy informatikai tenderen,https://444.hu/2026/04/15/hvg-a-valasztas-utan-390-milliardot-osztottak-ki-egy-informatikai-tenderen?utm_source=rss_feed&utm_medium=rss&utm_campaign=rss_syndication
096f59538cb7745913b715d4adb1c6f9446c941aa99fc8324881fbe9cabbcadb,2026-04-15 10:59:33.691432+00:00,hu,444.hu,444.hu,2026-04-15,Magyar Péter a közmédiában: Ennek a hazugsággyárnak a kormányalakítás után vége van,https://444.hu/2026/04/15/magyar-peter-kossuth-radio-m1-kozmedia?utm_source=hirstart&utm_medium=referral&utm_campaign=ct
28d397d4fdb4c93c723b7f4bbe5579b743a7cac9015a674b63ffd6741fc5f8f7,2026-04-15 10:51:57.918481+00:00,hu,24.hu,24.hu,2026-04-15,"Sosem volt még ilyen"" – a Kossuth Rádió ma reggel elverte hallgatottságban Sebestyén Balázsék műsorát",https://24.hu/szorakozas/2026/04/15/magyar-peter-kozmedia-interju-sebestyen-balazs-reakcio/
b53dc74e6ad472e5201fdd815f1dc133d9c6e30aa0eb00f56207bd6191e72a1d,2026-04-15 10:50:26.570038+00:00,hu,24.hu,24.hu,2026-04-15,Török Gábor: Napóleoni időket idéz az állami média,https://24.hu/belfold/2026/04/15/torok-gabor-allami-media-palfordulas-magyar-peter/
60d9fd7bc53ea50f0b23c317e5972ae7cafdaa635d66341d05bd3a72ade97540,2026-04-15 10:39:29.815918+00:00,hu,24.hu,24.hu,2026-04-15,Vidnyánszky Attila rendkívüli ülést hívott össze a Nemzeti Színházban,https://24.hu/kultura/2026/04/15/vidnyanszky-attila-nemzeti-szinhaz-2/
6f7e888bc59fcfa69702db4b1995db5268b38912ffce3ea2502c67be0ba12bdf,2026-04-15 10:38:52.036367+00:00,hu,24.hu,24.hu,2026-04-15,Ki kapta a legtöbb voksot? Ki nyert a legnagyobb arányban? Ki a legnagyobb vesztes? – összegyűjtöttük a vasárnapi voksolás legjeit,https://24.hu/belfold/2026/04/15/tisza-magyar-valasztas-legnagyobbak/
e41b40e71af301f375e4be734094d64c2053e3c60e34cc11e050bac6e1b25438,2026-04-15 10:38:46.018696+00:00,hu,24.hu,24.hu,2026-04-15,"Káel Csaba távozik, nem vállalnak hosszútávú pénzügyi kötelezettségeket – a kormányváltás elérte a Nemzeti Filmintézetet",https://24.hu/kultura/2026/04/15/nfi-tavozik-kael-csaba/
320a888ffd71af144baff7a5a036f884502a45a70aabb648d95627acd5576a97,2026-04-15 10:38:30.748437+00:00,hu,24.hu,24.hu,2026-04-15,"Visszahallgatta, mit beszél a válófélben lévő neje az anyósával, ekkor jött rá, hogy mérget tettek a kávéjába",https://24.hu/belfold/2026/04/15/pecs-mergezes-no-anyos/
8660af431e1a84be79dbe95d2ace33ff8d002b2457fe30ccb15f3e5ebe833561,2026-04-15 10:37:55.669115+00:00,hu,24.hu,24.hu,2026-04-15,Eltűnhet a Fidesz? – Oszkó Péter a Dellában,https://24.hu/fn/gazdasag/2026/04/15/podcast-della-fidesz-oszko-peter-valasztas-2026/
c6c902acbc15b0ea0c8aef23908558cadc3e17d549c77a2dad73fc60c0e58131,2026-04-15 10:28:46.993724+00:00,hu,24.hu,24.hu,2026-04-15,Karácsony Gergely: bizonyos Szentkirályi Alexandra Éva magánszemély feljelentett,https://24.hu/belfold/2026/04/15/karacsony-gergely-bizonyos-szentkiralyi-alexandra-eva-maganszemely-feljelentett/
1afd1ec67cbd387c9a57913f6a549eff49ac1e75447c91fc14a89c48645ba1ae,2026-04-15 10:28:37.391892+00:00,hu,24.hu,24.hu,2026-04-15,Így jött létre az észak-koreai diktatúra,https://24.hu/tudomany/2026/04/15/eszak-koreai-diktatura-kiepitese/
dbdd9f3b50c110b98a12854997ed2a40d6338688cb9dc4193590883d440dd97d,2026-04-15 10:28:22.516618+00:00,hu,24.hu,24.hu,2026-04-15,"Megjelent a meghívó Orbán várhatóan utolsó EU-csúcsára, ahol a kormány orosz kapcsolata is szóba kerülhet",https://24.hu/kulfold/2026/04/15/orban-oroszorszag-europai-unio/
8df0068c85e6161bbd3b607c8efbc5333e6f507fd5f1e5b3059b154f95891312,2026-04-15 10:28:17.633831+00:00,hu,24.hu,24.hu,2026-04-15,"Neymar leállt vitatkozni egy szurkolóval, aki azzal viccelődött, hogy elhízott",https://24.hu/sport/foci/2026/04/15/copa-sudamericana-santos-deportivo-recoleta-neymar-szurkolo-vita/
51701bbb46b91829351f05df0adc6ea43d775193491ec39552101b31c13aa4f3,2026-04-15 10:28:07.455048+00:00,hu,24.hu,24.hu,2026-04-15,"Falusi Mariann elárulta, miért nem vállalt soha gyereket",https://24.hu/szorakozas/2026/04/15/falusi-mariann-ismerkedes-gyerekvallalas-ok/
1658baa719688ae9a35f440f1dc54a4141752631c0c243afcdd3c90501ea0124,2026-04-15 10:27:57.013455+00:00,hu,24.hu,24.hu,2026-04-15,"Elfogyott a keret, ezért felfüggeszti a kormány az 5+5 milliós otthonfelújítási programot az ország egy részében",https://24.hu/fn/gazdasag/2026/04/15/otthonfelujitasi-program-felfuggesztes-kormany-dontes/
c5cf3c9f06f75f88d72eba10b52f5788341d8db053356b3f95f9a767337a2123,2026-04-15 10:27:41.109441+00:00,hu,24.hu,24.hu,2026-04-15,Ultimátumot kapott a fideszes Szita Károly,https://24.hu/belfold/2026/04/15/gyorfi-mihaly-ultimatum-szita-karoly-mjvsz/
aa055fe8c559ab3a583aa386098cf2029348c1019b8649b6984a1f45065b6129,2026-04-15 10:27:30.669095+00:00,hu,24.hu,24.hu,2026-04-15,Testsúlycsökkentő termékeket hirdettek egy ismert gyógyszerhálózat nevében,https://24.hu/belfold/2026/04/15/gyogyszerhalozat-testsulycsokkento-termekek-visszaeles/
16df00a27c426b765e8ea0157e0c8a833c6f6f7c061ca7acd47042790f968854,2026-04-15 10:27:09.938318+00:00,hu,24.hu,24.hu,2026-04-15,Ő játssza Aragornt az új Gyűrűk Ura-filmben: A szürke ötven árnyalata rajongói örülhetnek,https://24.hu/kultura/2026/04/15/megvan-ki-jatssza-aragornt-a-keszulo-gyuruk-ura-filmben/
ff582a85974dc779d1a1aa6186415383f077c750d165bb51e2bd7c22c591db74,2026-04-15 08:41:00.810400+00:00,hu,24.hu,24.hu,2026-04-15,Nagy Márton: nem voltak túlzó előrejelzéseim,https://24.hu/belfold/2026/04/15/kormany-karmelita-fidesz-nagy-marton/
6420fccb5cef84218b0a75b05d0759c53217a0ae488db7c3cb2a7a46a189d366,2026-04-15 08:40:55.741325+00:00,hu,24.hu,24.hu,2026-04-15,"Magyar Péter Sulyok Tamással találkozik, megismételte, az államfőnek távoznia kell a hivatalából",https://24.hu/belfold/2026/04/15/magyar-peter-sulyok-tamas-sandor-palota-talalkozo/
def41fd78df8262e3b440bd47302b6b3a0008c77b3c1d4c31a0e461e8b8e1f9f,2026-04-15 08:40:45.315665+00:00,hu,24.hu,24.hu,2026-04-15,Alighanem a világbajnokságról is lemarad a Liverpool megsérülő támadója,https://24.hu/sport/foci/2026/04/15/bajnokok-ligaja-hugo-ekitike-serules-vilagbajnoksag/
13360bc5988a0eadfd75ca7c33b61baef3c08e59c44509e412b3fc647af0748e,2026-04-15 08:34:32.515777+00:00,hu,24.hu,24.hu,2026-04-15,Picasso-festményt nyert egy jótékonysági árverésen egy francia mérnök,https://24.hu/kultura/2026/04/15/tombola-picasso-festmeny-arveres/
3bb19b67b6aca7f49d43d35bc738862e31ac63775980e8e618f0fbf39eaa8ec7,2026-04-15 08:28:52.177712+00:00,hu,24.hu,24.hu,2026-04-15,"Toroczkai aggódik: szerinte át kellene írni a választási szabályokat, mert kétharmados fölénnyel visszaélni nem lehet",https://24.hu/belfold/2026/04/15/toroczkai-m1-valasztasi-szabalyok-mi-hazank/
9bff80fa5d125aa7e329c6e98afbf61f14cbad8c35187f141867b2ecd9d5b2f6,2026-04-15 08:21:45.044122+00:00,hu,24.hu,24.hu,2026-04-15,"Ezt a meccset ellopták!"" – a Barca sztárja a játékvezetőket szidta a BL-kiesés után",https://24.hu/sport/foci/2026/04/15/bajnokok-ligaja-barcelona-kieses-atletico-madrid-raphinh-nyilatkozat/
3e9f2f07e213d23fff9e0302739feb86a9f1428f058c5dcb38c8e4938b44c46b,2026-04-15 08:19:00.120303+00:00,hu,24.hu,24.hu,2026-04-15,"Több tízmillió dolláros kárt okozott a Jetflicks magyar programozója a társaival, H. Pétert az FBI segítségével kapták el Mohácson",https://24.hu/belfold/2026/04/15/jetflicks-fbi-elfogas-mohacs/
8d756ac0123d4cb5821e7011987b865fe52de53fd13b14ed742cd3dbc84a1d64,2026-04-15 08:18:38.924493+00:00,hu,24.hu,24.hu,2026-04-15,"Ennél igénytelenebb gyalázatot…"" – ByeAlex kiborult a Fidesz kampánydalán",https://24.hu/szorakozas/2026/04/15/fidesz-kampanydal-byealex-kritika/
a6495600e22bfe22ae3e94f6ab3fe7a062efe7758ef3b08653943c056622b889,2026-04-15 08:17:31.112878+00:00,hu,24.hu,24.hu,2026-04-15,Nicole Kidman haláldúlának tanul,https://24.hu/kultura/2026/04/15/nicole-kidman-halaldula-film/
ba556fcc9f97590f44979bcfce159afe7056065f498dc209831cb419f1b0b11f,2026-04-15 07:38:10.489566+00:00,hu,24.hu,24.hu,2026-04-15,A műsorvezető elnézést kért az interjú hangneméért,https://24.hu/belfold/2026/04/15/a-musorvezeto-elnezest-kert-az-interjut-hangnemeert/
9e445f79301d6b9e4c8dd01af71b2a531ff8aae15e5df166364b86d147c009e0,2026-04-15 07:37:57.984418+00:00,hu,24.hu,24.hu,2026-04-15,"Önöknél még azt is leadták, hogy Németországban nem szexelnek az emberek""",https://24.hu/belfold/2026/04/15/onoknel-meg-azt-is-leadtak-hogy-nemetorszagban-nem-szexelnek-az-embernek/
f4670610820fc54ba413c3daa74d8fc6aa1537da5ab080e7e8f7291897063269,2026-04-15 07:37:46.393603+00:00,hu,24.hu,24.hu,2026-04-15,"Most is a Rogánék által leírt propagandát olvassa föl""",https://24.hu/belfold/2026/04/15/most-is-a-roganek-altal-leirt-propagandat-olvassa-fol/
3284291f71e1224843b5221cbb28cd83911bb48c921f3e5f188a14cec3db8755,2026-04-15 07:37:41.034715+00:00,hu,24.hu,24.hu,2026-04-15,Donald Trump jó embernek nevezte Magyar Pétert,https://24.hu/kulfold/2026/04/15/donald-trump-magyar-peter-valasztas-2026-orban-viktor/
0f18d6e389d9de79eebf2a692554351a752194023bcd54c0ccf17f36305ffe39,2026-04-15 07:37:36.424299+00:00,hu,24.hu,24.hu,2026-04-15,"Magyar Péter: A propagandát nézőknek is bebizonyítjuk, hogy a Tisza minden magyart fog szolgálni",https://24.hu/belfold/2026/04/15/magyar-peter-a-propagandat-nezoknek-is-bebizonyitjuk-hogy-a-tisza-minden-magyart-fog-szolgalni/
5897ce4c31445a1ef581fba1de044f874ddcca38ca098b0184a4e0aa7547b065,2026-04-15 07:37:30.934173+00:00,hu,24.hu,24.hu,2026-04-15,"Robbie Keane: Ha megnyerjük a bajnokságot, az egyik legnagyobb teljesítmény, amit valaha elértem",https://24.hu/sport/foci/2026/04/15/nb1-fradi-puskas-akademia-robbie-keane-nyilatkozat/
22cc65879212a056776eecb78fa24d5e7ad4780ba1ec7d67eea30a412b766c96,2026-04-15 07:37:17.605254+00:00,hu,24.hu,24.hu,2026-04-15,Bálint Antónia: Karácsonykor majdnem kicsekkoltam ebből a világból,https://24.hu/szorakozas/2026/04/15/balint-antonia-betegseg-vallomas/
edc843378bda21c94250ef1c10148b168f9071168a781cd2b2634d6422764a0e,2026-04-15 07:37:07.289626+00:00,hu,24.hu,24.hu,2026-04-15,Magyar Péter: Orbánék csődbe vitték az országot,https://24.hu/belfold/2026/04/15/magyar-peter-orbanek-csodbe-vittek-az-orszagot/
c610ac036440f31e598965c42d7e3039a438effcbd177231f0034b2b94d1513a,2026-04-15 07:36:58.115065+00:00,hu,24.hu,24.hu,2026-04-15,"Vigyázzon, nehogy elnevesse magát itt a végén!""",https://24.hu/belfold/2026/04/15/vigyazzon-nehogy-elnevesse-magat-itt-a-vegen/
5e09c2c9cbece4db5f155b7d0a10841e0cbd265959571c6bc3b359efb0f2f84e,2026-04-15 07:36:45.162780+00:00,hu,24.hu,24.hu,2026-04-15,"Magyar a köztévében folytatja: ami itt folyt, attól Goebbels és az észak-koreai diktátor is megnyalta volna az ujjait",https://24.hu/belfold/2026/04/15/magyar-a-kozteveben-folytatja-ami-itt-folyt-attol-goebbels-es-az-eszak-koreai-diktator-is-megnyalta-volna-az-ujjait/
9feb07d7904f129ef186508bb70dbda818de4545a48db4b321c96867fe1026a6,2026-04-15 06:25:11.314718+00:00,hu,444.hu,444.hu,2026-04-15,"A MÁV másik igazgatósági tagja is megerősítette, hogy a kormány átnyúlt a fejük felett egyes döntésekben",https://444.hu/2026/04/15/a-mav-masik-igazgatosagi-tagjai-is-megerositette-hogy-a-kormany-atnyult-a-fejuk-felett-egyes-dontesekben?utm_source=hirstart&utm_medium=referral&utm_campaign=ct
b37e96e3a2201c28b9fe2ba62e07e725e0fa5e2871351f5879c9a20269d10374,2026-04-15 06:23:41.579160+00:00,hu,24.hu,24.hu,2026-04-15,Magyar Péter a közmédiában: fel fogjuk függeszteni a hírszolgáltatást,https://24.hu/belfold/2026/04/15/magyar-peter-miniszterelnok-tisza-kozmedia-interju/
af2fdea4280cb1042f4db3cd9ff7bd730286655ecac279b89243a57f0d64a3bf,2026-04-15 06:23:15.323300+00:00,hu,24.hu,24.hu,2026-04-15,Kajdi Csaba is beleállt Ördög Nórába a műsorvezető választás utáni posztját látva,https://24.hu/szorakozas/2026/04/15/ordog-nora-valasztas-utani-poszt-kajdi-csaba-torolt-komment/
d08464c74da420e481cd4ea364e3175dfa897a5e83301bc4d9f324f348d39de4,2026-04-15 06:22:30.431765+00:00,hu,24.hu,24.hu,2026-04-15,Újabb vezető beszélt a MÁV feletti politikai befolyásról,https://24.hu/belfold/2026/04/15/waberer-mav-lazar-fidesz-befolyas/
e0f33ea55c187888d13abe963f07771d02837e999fd640e39e868ff04e40a7be,2026-04-15 06:22:25.552839+00:00,hu,24.hu,24.hu,2026-04-15,Éjfélkor lejár a fizetési határidő: egymillió autóst figyelmeztet a NAV,https://24.hu/fn/gazdasag/2026/04/15/nav-gepjarmuado-fizetesi-hatarido-ejfel/
f1b7a42c9b6dbbf293015697e18e887c57a195fa279e822c18e367bf6c74080b,2026-04-15 06:22:09.544167+00:00,hu,24.hu,24.hu,2026-04-15,"Közel 31 évig titkolta, hogy van egy lánya – Anger Zsolt először szólalt meg az apaságról",https://24.hu/szorakozas/2026/04/15/anger-zsolt-lanya-31-evig-titkolta/
9ad8122573a063538f1eab83b9d63be72298a032f72da7edc92ead776444e7a8,2026-04-15 05:29:40.501016+00:00,hu,24.hu,24.hu,2026-04-15,Az Orbán-kormány még kiosztott 390 milliárd forintot informatikai szolgáltatásokra,https://24.hu/belfold/2026/04/15/kozbeszerzes-informatika-390-milliard-valasztas-2026/
c7a1b5db7a32695a1102107705730486efc62d8ad43ac6b876cfb985a4f9e7b2,2026-04-15 05:29:20.644067+00:00,hu,24.hu,24.hu,2026-04-15,Kvíz: 10 nyelvújítás előtti magyar szó – te tudod mi a mai megfelelőjük?,https://24.hu/kultura/2026/04/15/nyelvujitas-magyar-szavak-kviz/
954ad4af695bd1751df63172e62d5e9ef4cad9f06fcf42513b1f96d87af29164,2026-04-15 05:28:31.143539+00:00,hu,24.hu,24.hu,2026-04-15,Rubint Réka paróka nélkül került címlapra: így van most a rákkal küzdő fitneszedző,https://24.hu/szorakozas/2026/04/15/rubint-reka-paroka-nelkuli-cimlap-betegseg/
1454742dbbb1d988a5babb262b4698c820c0e28129709b08b713f281d17b43cf,2026-04-15 05:28:26.057128+00:00,hu,24.hu,24.hu,2026-04-15,"24 órás razzia: listán, hol mérnek a traffipaxok szerda reggeltől",https://24.hu/belfold/2026/04/15/traffipax-sebessegellenorzes-rendorseg-razzia/
0b91d7a36cb807e6ad7d99644d4a0c47af42d46f8c58b848839748ea025d70e8,2026-04-15 05:28:20.518080+00:00,hu,24.hu,24.hu,2026-04-15,"A Tisza a narancsvidékre is kiöntött – így vette be az országot Magyar Péter, körzetről körzetre",https://24.hu/belfold/2026/04/15/tisza-egyeni-valasztokerulet-csataterkorzet-valasztas-2026/
3de60e450dac581bd4d35857a7fa531b93162fc5e57378c086603adeee2ebbfe,2026-04-15 05:28:16.091756+00:00,hu,24.hu,24.hu,2026-04-15,Második gyerekét várja Tornóczky Anita,https://24.hu/szorakozas/2026/04/15/tornoczky-anita-masodik-gyerek-varandossag/
279cadff37ae5db6f88f531a7b114f495d4c42617cf96d0bd70ce033641ab878,2026-04-15 04:32:47.006591+00:00,hu,444.hu,444.hu,2026-04-15,"Olyanok is a Fidesz ellen fordultak hirtelen, akikről eddig egyáltalán nem tűnt úgy, hogy bajuk lenne a rendszerrel",https://444.hu/2026/04/15/olyanok-is-a-fidesz-ellen-fordultak-hirtelen-akikrol-eddig-egyaltalan-nem-tunt-ugy-hogy-bajuk-lenne-a-rendszerrel?utm_source=rss_feed&utm_medium=rss&utm_campaign=rss_syndication
1aa16bb716780801a64e67969a4900294a25305cd87eccab2443a39211d360cf,2026-04-15 04:25:16.089427+00:00,hu,444.hu,444.hu,2026-04-15,The End of a Beautiful Friendship,https://444.hu/2026/04/15/the-end-of-a-beautiful-friendship?utm_source=rss_feed&utm_medium=rss&utm_campaign=rss_syndication
31a0c1ed2bc839b0bc998565da431be96ce2dff4a28ec4edf0317a7cb89d28fd,2026-04-15 03:23:45.609657+00:00,hu,24.hu,24.hu,2026-04-15,Hivatalos: Jönnek az osztályozók a magyar futballba,https://24.hu/sport/foci/2026/04/15/mlsz-nb1-osztalyozo-nb2/
acf88074ece1d01da802bdd45b0a3221a9be9dc8cbfff1e42de5a7628873bf8e,2026-04-14 23:33:07.697536+00:00,hu,24.hu,24.hu,2026-04-14,"Bencsik András: Egy felelős van, könnyű megtalálni őt. Úgy hívják, Orbán Viktor",https://24.hu/belfold/2026/04/14/bencsik-andras-orban-felelos/
6680d0231baf82c50c42d8b4c36857f946a94aa504ea395565a3b10a7a90e325,2026-04-14 23:31:26.226974+00:00,hu,24.hu,24.hu,2026-04-15,"Majka: Egy ilyen rendszerben az olyan típusú embereket, mint én, vagy felakasztják vagy börtönbe küldik",https://24.hu/belfold/2026/04/15/majka-partizan/
6af7548add1c9f4d08eca5e667129e75eb3b1d609ee8acecaae497e7e6eaaf83,2026-04-14 22:37:51.086033+00:00,hu,444.hu,444.hu,2026-04-14,Erdoğan és Babiš is gratulált Magyar Péternek,https://444.hu/2026/04/14/erdogan-es-babis-is-gratulalt-magyar-peternek?utm_source=rss_feed&utm_medium=rss&utm_campaign=rss_syndication
0737220882d98aa764b179f064c930905fd122442d2beb40dde797a452d0dafc,2026-04-14 22:37:25.849623+00:00,hu,444.hu,444.hu,2026-04-14,Trump Orbánról: A barátom volt,https://444.hu/2026/04/14/trump-orbanrol-a-baratom-volt?utm_source=rss_feed&utm_medium=rss&utm_campaign=rss_syndication
3a47ed1f6c130c49937355bd7fe24f835ca2054c0a6840187e4fb249f4eaa7a2,2026-04-14 22:36:45.468479+00:00,hu,444.hu,444.hu,2026-04-14,"Donald Tusk megosztott egy videót, amin a Gyöngyhajú lányra fut Tokióban",https://444.hu/2026/04/14/donald-tusk-megosztott-egy-videot-amin-a-gyongyhaju-lanyra-fut-tokioban?utm_source=rss_feed&utm_medium=rss&utm_campaign=rss_syndication
25f1edda84bae394f7507d08fa98428f620317a5ebd36c049ae758977a0b4590,2026-04-14 22:36:27.104870+00:00,hu,444.hu,444.hu,2026-04-14,"Az Európai Központi Bank elnöke örül, hogy Magyar Péter be akarja vezetni az eurót",https://444.hu/2026/04/14/az-europai-kozponti-bank-elnoke-orul-hogy-magyar-peter-be-akarja-vezetni-az-eurot?utm_source=rss_feed&utm_medium=rss&utm_campaign=rss_syndication
33342c0dcc1aed02066b82fb33d5c3533944bae4c17a32f0ddbc547d3be6b8d1,2026-04-14 21:43:33.314460+00:00,hu,24.hu,24.hu,2026-04-14,"Próbálkozott becsülettel, de otthon is kikapott a Liverpool a PSG-től, kupa nélkül marad a szezonban",https://24.hu/sport/foci/2026/04/14/probalkozott-becsulettel-de-otthon-is-kikapott-a-liverpool-a-psg-tol-kupa-nelkul-marad-a-szezonban/
663c6e2444e7f5079ab5d4a072987232c047f6cd6134231ce3abce0bdc7626c1,2026-04-14 21:42:39.125872+00:00,hu,24.hu,24.hu,2026-04-14,A nap legfontosabb hírei – 2026.04.14.,https://24.hu/belfold/2026/04/14/a-nap-legfontosabb-hirei-2026-04-14/
eb85dc8ecd9c12b3b2477c71a2144c5d36f3717fe630994f6514b8296fc49dc3,2026-04-14 20:46:19.280933+00:00,hu,atlatszo.hu,atlatszo.hu,2026-04-14,Visszadobta a Kúria a Ruszin-Szendi „luxusvillája” miatt indított adatperünket,https://atlatszo.hu/kozadat/2026/04/14/visszadobta-a-kuria-a-ruszin-szendi-luxusvillaja-miatt-inditott-adatperunket/
6d7ceca14971568f57e29f99c487ebd8343a66ac6e8a5ff865cf1cbf490e6e4c,2026-04-14 20:27:18.429434+00:00,hu,24.hu,24.hu,2026-04-14,"Gombos Edina elárulta, miért vállalta el az Ázsia Expresszt",https://24.hu/szorakozas/2026/04/14/gombos-edina-azsia-expressz-forgatas/
09610952a494af78055571ace594043d14388535eb53a28aabe53365d0ae4fc8,2026-04-14 20:26:43.575229+00:00,hu,24.hu,24.hu,2026-04-14,Magyar Péternek gratuláltak Orbán szövetségesei,https://24.hu/belfold/2026/04/14/magyar-peter-erdogan-babis-gratulacio/
28c9cece42e17e2cc5298dcf74ac94ae3c59e753746685f92e7bd5d569e0570c,2026-04-14 20:26:24.473227+00:00,hu,24.hu,24.hu,2026-04-14,"Hátrányból fordított a Fradi, már nem játszott kevesebbet a riválisnál",https://24.hu/sport/foci/2026/04/14/nb1-halasztott-meccs-fradi-puskas-akademia/
398005564f36b4a2ca238a916ba8d23d413208a6f84eade924d6c8bcc5bb5383,2026-04-14 20:26:10.594383+00:00,hu,24.hu,24.hu,2026-04-14,Trump Orbánról: A barátom volt,https://24.hu/belfold/2026/04/14/donald-trump-orban-viktor-valasztas/
b7d6186188740252627fdb0ebe231fa6abe3c2cc3b7a17f10234ac7050880426,2026-04-14 19:40:04.471585+00:00,hu,24.hu,24.hu,2026-04-14,Bajnokok Ligája-negyeddöntő: Liverpool-PSG 0-0,https://24.hu/sport/foci/2026/04/14/bajnokok-ligaja-negyeddonto-visszavago-liverpool-psg-atletico-madrid-barcelona/
d0e37c49ef7462ebd67cca46b03772dc96e989ba77b8fc9374eb72cd1d23f26c,2026-04-14 18:45:39.315156+00:00,hu,24.hu,24.hu,2026-04-14,"Nehéz kezdés után visszajött a nagyágyú ellen Marozsán Fábián, de félbeszakadt a meccs",https://24.hu/sport/2026/04/14/muncheni-tenisztorna-marozsan-fabian-sztefanosz-cicipasz-felbeszakadt-meccs/
74ae0fffb923b665eb30fac0863646ec6ee82ad9495fed78a911c4c9d54a583b,2026-04-14 18:40:45.781484+00:00,hu,444.hu,444.hu,2026-04-14,"Hevesen tagadja a Külügyminisztérium, hogy szankciós anyagokhoz köthető dokumentumokat darálnának le",https://444.hu/2026/04/14/hevesen-tagadja-a-kulugyminiszterium-hogy-szankcios-anyagokhoz-kotheto-dokumentumokat-daralnanak-le
9ebf6df96a7d305c64e4601cabada4b79ecdc85dbfa406cc02b9ed6230044962,2026-04-14 18:40:40.367645+00:00,hu,444.hu,444.hu,2026-04-14,1993 óta először tárgyal egymással közvetlenül Izrael és Libanon,https://444.hu/2026/04/14/1993-ota-eloszor-targyal-egymassal-kozvetlenul-izrael-es-libanon
37c3f1b8af68c35bde6f28608941adcbe79788a0e1f6cfde24d6fbcfaad5300a,2026-04-14 18:40:17.290632+00:00,hu,444.hu,444.hu,2026-04-14,"Zsiday Viktor: A várakozás az, hogy Magyarország belátható időn belül belép az euróövezetbe, és onnantól fogva nincs forint",https://444.hu/2026/04/14/zsiday-viktor-a-varakozas-az-hogy-magyarorszag-belathato-idon-belul-belep-az-euroovezetbe-es-onnantol-fogva-nincs-forint
1bde0f0b2c75df6279e368cf4d2c5723974ab03b1342cb5b61d2f49e0692e0be,2026-04-14 18:39:29.103461+00:00,hu,444.hu,444.hu,2026-04-14,Bennfentes kereskedelem – a nyomozó főügyészség a választások előtt két héttel csendben lezárta a Magyar Péterrel összefüggésbe hozott büntetőeljárást,https://444.hu/2026/04/14/bennfentes-kereskedelem-a-nyomozo-fougyeszseg-a-valasztasok-elott-ket-hettel-csendben-lezarta-a-magyar-peterrel-osszefuggesbe-hozott-buntetoeljarast
2cfc830bfaa06cc0a79234b9172d8d248ce5ce46cedd3fb0f36e51ccfb0be0d8,2026-04-14 18:39:13.197814+00:00,hu,444.hu,444.hu,2026-04-14,Orbán több mint 24 órája nem posztolt,https://444.hu/2026/04/14/orban-tobb-mint-24-oraja-nem-posztolt
1cd2c1c24b2422872529467475449702e9eb566411b82a67d2e72df7689c7cb5,2026-04-14 18:39:07.173063+00:00,hu,444.hu,444.hu,2026-04-14,"Fenntarthatatlan a védett üzemanyagár, és minél tovább marad velünk, annál nagyobb problémákkal kell szembenézni",https://444.hu/2026/04/14/fenntarthatatlan-a-vedett-uzemanyagar-es-minel-tovabb-marad-velunk-annal-nagyobb-problemakkal-kell-szembenezni
3fb77835308bfb4b49a6af12488dca1aa363ab4d0eaece4006bd02c23077c818,2026-04-14 18:39:04.159834+00:00,hu,444.hu,444.hu,2026-04-14,"Tuzsonék annyira biztosra vették a győzelmet, hogy hétfő hajnalra megköszönték a bizalmat és megígérték a folytatást",https://444.hu/2026/04/14/tuzsonek-annyira-biztosra-vettek-a-gyozelmet-hogy-hetfo-hajnalra-megkoszontek-a-bizalmat-es-megigertek-a-folytatast?utm_source=hirstart&utm_medium=referral&utm_campaign=ct
a563fbfc97af979f4fa7451ea9358946acbe50235bc0289920030a6624cf093e,2026-04-14 18:38:33.825214+00:00,hu,444.hu,444.hu,2026-04-14,„Endre bá' él!” – Hann Endre videóösszeállítással röhögtette ki a róla hazudozó fideszeseket,https://444.hu/2026/04/14/endre-ba-el-hann-endre-videoosszeallitassal-rohogtette-ki-a-rola-hazudozo-fideszeseket
b2182133b43daa9c898e2d07051c81bd96123d2a8c24242b7e42ceceb2236cc1,2026-04-14 18:35:33.369367+00:00,hu,24.hu,24.hu,2026-04-14,„Forradalom történt a szavazófülkékben” – így reagáltak a párt a Fidesz 2010-es választási földcsuszamlásra,https://24.hu/belfold/2026/04/14/2010-valasztas-fidesz-mszp-reakciok/
4d90e246beea814091b4764fed9a94900e366cfc84ba69dcb78e9357dc2dc261,2026-04-14 18:35:17.909419+00:00,hu,24.hu,24.hu,2026-04-14,"Kaczynski elhitte, hogy Magyar Péter megsütött egy kölyökkutyát",https://24.hu/kulfold/2026/04/14/kaczynski-elhitte-hogy-magyar-peter-megsutott-egy-kolyokkutyat/
afcb1cbdc56a2ede896397360cd39954b9abe9fc6bfa9e36889865735763f7ee,2026-04-14 18:34:27.402874+00:00,hu,24.hu,24.hu,2026-04-14,"Hajdú Péter elmagyarázta, mit értett az alatt, hogy ""független""",https://24.hu/szorakozas/2026/04/14/hajdu-peter-munka-fuggetlenseg-politika/
c8981cc2420b82181bb87b596f0fa9abfbe9a9c9113a65e23997a7e3e03b8a36,2026-04-14 17:48:33.711005+00:00,hu,24.hu,24.hu,2026-04-14,Valamiben egyetért a kelet-nógrádi vesztes és a győztes a Tisza elsöprő győzelme után,https://24.hu/belfold/2026/04/14/becso-szafko-interju-valasztas-2026/
4b682ec02481418cff5cdc831e044970168a6c19ef282ea27f313662ef6b6826,2026-04-14 17:48:28.717402+00:00,hu,24.hu,24.hu,2026-04-14,"Tölgyessy Péter: Ha Orbán marad, és nem vonul vissza, az főnyeremény Magyarnak",https://24.hu/belfold/2026/04/14/tolgyessy-peter-orban-viktor-visszavonulas-magyar-peter/
288abb6ea1f85c1ee80b2e13b935255c6657fc8e8be67c2a23a08e87b83a7948,2026-04-14 17:48:14.551141+00:00,hu,24.hu,24.hu,2026-04-14,"Szujó Zoltánék közleményt adtak ki, miután határozatképtelenné váltak Gyulay Zsolt távozásával",https://24.hu/sport/2026/04/14/mnasz-autosport-gyulay-zsolt-lemondas-szujo-zoltan-kozlemeny-reakcio/
50c543592f6943d68761a2614fe77d118aed474c6dd4674e458cf9d2da01ed73,2026-04-14 17:48:07.401676+00:00,hu,24.hu,24.hu,2026-04-14,Molnár Gusztáv közös fotót posztolt újszülött kislányával,https://24.hu/szorakozas/2026/04/14/molnar-gusztav-kislanya-kozos-foto/
a4cb860445d74acf20c12b62a8ff2f65739463228ee515b968a670559105b911,2026-04-14 17:43:59.293529+00:00,hu,444.hu,444.hu,2026-04-14,A Lírában a történelem polcra kerültek az Orbán-rendszer politikai könyvei,https://444.hu/2026/04/14/a-liraban-a-tortenelem-polcra-kerultek-az-orban-rendszer-politikai-konyvei?utm_source=hirstart&utm_medium=referral&utm_campaign=ct
c03b8cb98dc434eb4415ac9898c7f1592b6e487307ed5a68d2a2211b874ee805,2026-04-14 17:37:48.508550+00:00,hu,24.hu,24.hu,2026-04-14,"Orbán bukása új esélyt jelent az NK Osijek számára"" – Eszéken is téma lett a Fidesz veresége",https://24.hu/sport/foci/2026/04/14/eszek-orban-viktor-valasztas-meszaros-lorinc-szemle/
a5f8b788e8c5f751e3ab804d5e93b88171cc73cd0430923a6df870c719644f26,2026-04-14 17:23:30.387309+00:00,hu,24.hu,24.hu,2026-04-14,"Varga Viktor: Már leszarom mindenkinek a véleményét, aki belém áll",https://24.hu/szorakozas/2026/04/14/varga-viktor-maganelet-penzugyi-problemak/
fbb803afcc3f59e116e0edda8ecedde64399226b37c54c73f0a5803252fcd5cc,2026-04-14 17:22:26.194199+00:00,hu,24.hu,24.hu,2026-04-14,"A Fideszben még nem látják, hogy mekkora vereséget szenvedtek",https://24.hu/belfold/2026/04/14/podcast-haromharmad-tisza-rendszervaltas-fidesz-vereseg/
74e4e5af0373a207743460f34d1a27f7bab35ce3d0e1e1fb4e6b4361af8e954a,2026-04-14 16:40:24.491441+00:00,hu,24.hu,24.hu,2026-04-14,"Kelemen Hunor találkozik Magyar Péterrel, de az ismeretlen Tisza Pártért egyelőre nem adja fel a Fideszt",https://24.hu/belfold/2026/04/14/kelemen-hunor-magyar-peter-talalkozo-fidesz/
df6b2ad5378297390d8261adec2103ee9732cf0b1eb1ccd28713ad8dc5a66b3b,2026-04-14 16:39:12.992867+00:00,hu,24.hu,24.hu,2026-04-14,Magyar Péter és Von der Leyen egyeztettek,https://24.hu/belfold/2026/04/14/von-der-leyen-magyar-peter/
6f7b6d1fffac8e7749a1731ded364138400ba97632ff6865fb00edce6eddefca,2026-04-14 16:38:41.028873+00:00,hu,444.hu,444.hu,2026-04-14,"Nagy Feró családjának most már minden fillérre oda kell figyelnie, pedig eddig sem éltek pazarlóan",https://444.hu/2026/04/14/nagy-fero-csaladjanak-most-mar-minden-fillerre-oda-kell-figyelnie-pedig-eddig-sem-eltek-pazarloan?utm_source=rss_feed&utm_medium=rss&utm_campaign=rss_syndication
7b1e9c9407e42aeb22b4e5e12d446fd78f1a439f18f0ed76014b9a1d8643a0c6,2026-04-14 16:38:36.435561+00:00,hu,444.hu,444.hu,2026-04-14,Karácsony szerint az Orbán-kormány szerdán újabb 37 milliárd forintot készül leemelni Budapest számlájáról,https://444.hu/2026/04/14/karacsony-szerint-az-orban-kormany-szerdan-ujabb-37-milliard-forintot-keszul-leemelni-budapest-szamlajarol?utm_source=rss_feed&utm_medium=rss&utm_campaign=rss_syndication
29658d96f4db735dbf14eefc9b16ecdc5ffeaa02613374ce443fc7b121c394bd,2026-04-14 16:38:29.262291+00:00,hu,444.hu,444.hu,2026-04-14,"Főleg apró falvakban bukott óriásit a Fidesz, de a felcsúti választókerület központjában is elvesztette szavazói 42 százalékát",https://444.hu/2026/04/14/fidesz-mi-hazank-telepulesi-valtoztas-valasztas-2026-partlista?utm_source=rss_feed&utm_medium=rss&utm_campaign=rss_syndication
62244fd85121f639c8b8133eab26713197aaa739a471180c53c04d4ab44b7935,2026-04-14 16:38:25.840699+00:00,hu,444.hu,444.hu,2026-04-14,"A győri férfi ledobta a 10. emeletről a barátnőjét, másodfokon 20 évre ítélték",https://444.hu/2026/04/14/a-gyori-ferfi-ledobta-a-10-emeletrol-a-baratnojet-masodfokon-20-evre-iteltek?utm_source=rss_feed&utm_medium=rss&utm_campaign=rss_syndication
27ab2b15afd87d17eccb51d27726f67d95c8f57bf215812a8f527e63aba00fc4,2026-04-14 16:38:18.956082+00:00,hu,444.hu,444.hu,2026-04-14,A Fidesz alufóliasisakosai szerint a marha magyar szavazók nem ismerték fel Orbán zsenialitását,https://444.hu/2026/04/14/a-fidesz-alufoliasisakosai-szerint-a-marha-magyar-szavazok-nem-ismertek-fel-orban-zsenialitasat?utm_source=rss_feed&utm_medium=rss&utm_campaign=rss_syndication
50cb2d99e6a05302e4469b8a46dfd7618bcc914855544e9a6c2b7937186b6dc5,2026-04-14 16:37:35.022352+00:00,hu,444.hu,444.hu,2026-04-14,Bayer Zsoltot okolja a Fidesz vereségéért korábbi műsorvezetőtársa,https://444.hu/2026/04/14/bayer-zsoltot-okolja-a-fidesz-veresegeert-korabbi-musorvezetotarsa?utm_source=rss_feed&utm_medium=rss&utm_campaign=rss_syndication
f1351ada0f3fb5158471b5c165e068dd1bb6bdfe007716672f8479de4696836a,2026-04-14 16:37:32.327751+00:00,hu,444.hu,444.hu,2026-04-14,"Nagy Blanka: Elégtételt érzek a megszégyenítésért, lejáratásért, azért, hogy szégyellnem kellett, hogy hogy hívnak",https://444.hu/2026/04/14/nagy-blanka-elegtetel-erzek-a-megszegyenitesert-lejaratasert-azert-hogy-szegyellnem-kellett-hogy-hogy-hivnak?utm_source=rss_feed&utm_medium=rss&utm_campaign=rss_syndication
ff9c6b30ad1aef398c1644bc828b801c6b400b575f0f5a48129bbc7561404424,2026-04-14 16:37:24.874100+00:00,hu,444.hu,444.hu,2026-04-14,"Orbán lengyel barátja, Jarosław Kaczyński szerint a magyar társadalom, ami megválasztotta Magyar Pétert, „egy kicsit beteg”",https://444.hu/2026/04/14/orban-lengyel-baratja-jaroslaw-kaczynski-szerint-a-magyar-tarsadalom-ami-megvalasztotta-magyar-petert-egy-kicsit-beteg?utm_source=rss_feed&utm_medium=rss&utm_campaign=rss_syndication
eafa42f595a195cd369eb49cb4cdc9df3e91be948bf535f1631d196d86a31ce2,2026-04-14 16:37:20.177059+00:00,hu,444.hu,444.hu,2026-04-14,Dmitrij Peszkov szerint az orosz elnök előbb-utóbb felveszi a kapcsolatot az új magyar miniszterelnökkel,https://444.hu/2026/04/14/dmitrij-peszkov-szerint-az-orosz-elnok-elobb-utobb-felveszi-a-kapcsolatot-az-uj-magyar-miniszterelnokkel?utm_source=rss_feed&utm_medium=rss&utm_campaign=rss_syndication
0a0456b5aa12cfcf86f777c762089a44b14415a4dc7e91f00a162c2623f55b2d,2026-04-14 16:37:15.185240+00:00,hu,444.hu,444.hu,2026-04-14,"Az óbudai polgármester a Tiszára szavazott, másokat is erre biztatott, majd kilépett a Demokratikus Koalícióból",https://444.hu/2026/04/14/az-obudai-polgarmester-a-tiszara-szavazott-masokat-is-erre-biztatott-majd-kilepett-a-demokratikus-koaliciobol?utm_source=rss_feed&utm_medium=rss&utm_campaign=rss_syndication
de4e0b6a85fb229c1dca54a5a38c6990f5c9f3e168c8122a3231dd94b521a78c,2026-04-14 16:37:10.032418+00:00,hu,444.hu,444.hu,2026-04-14,"Rogánt, Kósát, Szentkirályit és Bánkit is lehúzná a Fidesz országos listájáról a pártgyűlésre készülő újbudai fideszes képviselő",https://444.hu/2026/04/14/rogant-kosat-szentkiralyit-es-bankit-is-lehuzna-a-fidesz-orszagos-listajarol-a-partgyulesre-keszulo-obudai-fideszes-kepviselo?utm_source=rss_feed&utm_medium=rss&utm_campaign=rss_syndication
c162debe928ccfd877a0862ac2115637816118a5a45964c8d59bde8cc27b9661,2026-04-14 16:37:00.312478+00:00,hu,444.hu,444.hu,2026-04-14,A Kutyapárt baranyai szervezete már gyűjtést indított a kampánytámogatás visszafizetésére,https://444.hu/2026/04/14/a-kutyapart-baranyai-szervezet-mar-gyujtest-inditott-a-kampanytamogatas-visszafizetesere?utm_source=rss_feed&utm_medium=rss&utm_campaign=rss_syndication
d5d9d1d720319d2e17ddfe8bb61eb383fb04100af2b59c7beb4991e7e61fc11f,2026-04-14 16:36:55.001330+00:00,hu,444.hu,444.hu,2026-04-14,Zelenszkij április végéig újraindítaná a Barátság kőolajvezetéket,https://444.hu/2026/04/14/zelenszkij-aprilis-vegeig-ujrainditana-a-baratsag-koolajvezeteket?utm_source=rss_feed&utm_medium=rss&utm_campaign=rss_syndication
f9e7c9291879fe32a7bd83e8133630ed500b989aa8681d1673dee0f5a8280940,2026-04-14 16:36:47.891341+00:00,hu,444.hu,444.hu,2026-04-14,A langyos autokráciákat kiköpik a választók,https://444.hu/2026/04/14/a-langyos-autokraciakat-kikopik-a-valasztok?utm_source=rss_feed&utm_medium=rss&utm_campaign=rss_syndication
88cafeb112e4d475f33b298bd8852a0212ae6ef380316f5b33e308ff482ba531,2026-04-14 16:36:43.345111+00:00,hu,444.hu,444.hu,2026-04-14,"Dobrev Klára így próbálta Rogán módszerével besározni a Tiszát az utolsó pillanatban, Panyi Szabolcs nevét felhasználva",https://444.hu/2026/04/14/dobrev-klara-igy-probalta-rogan-modszerevel-besarozni-a-tiszat-az-utolso-pillanatban-panyi-szabolcs-nevet-felhasznalva?utm_source=rss_feed&utm_medium=rss&utm_campaign=rss_syndication
4c2a36d30c15c430a3a980f833c48e4e4bf8fc12aeb9233aefa9b0c47024cf4f,2026-04-14 16:36:37.674862+00:00,hu,444.hu,444.hu,2026-04-14,Jámbor András: Elindult Orbán maradék hatalmának megmentése és bűneinek relativizálása,https://444.hu/2026/04/14/jambor-andras-elindult-orban-maradek-hatalmanak-megmentese-es-buneinek-relativizalasa?utm_source=rss_feed&utm_medium=rss&utm_campaign=rss_syndication
bde9721322591bbf05319615c59f61deead65ea6baa022d5bccfc1a20cf00677,2026-04-14 16:36:32.765520+00:00,hu,444.hu,444.hu,2026-04-14,Kezdődik: Trombitás Kristóf állampárti influenszer hirtelen már bilincsben szeretné látni Matolcsyékat,https://444.hu/2026/04/14/kezdodik-trombitas-kristof-allamparti-influenszer-hirtelen-mar-bilincsben-szeretne-latni-matolcsyekat?utm_source=rss_feed&utm_medium=rss&utm_campaign=rss_syndication
e9c4f1b2a71969f20b81b5d786ebc1204ac7e27e2b78b23002b7212911502f74,2026-04-14 16:36:28.023427+00:00,hu,444.hu,444.hu,2026-04-14,"Azbeszttel szennyezett aszfalttal mérgezik a szombathelyieket, 30-szoros a munka-egészségügyi határérték-túllépés az Oladi-platón",https://444.hu/2026/04/14/azbeszttel-szennyezett-aszfalttal-mergezik-a-szombathelyieket-30-szoros-a-munka-egeszsegugyi-hatarertek-tullepes-az-oladi-platon?utm_source=rss_feed&utm_medium=rss&utm_campaign=rss_syndication
2022a65580cdf4dca69cc7b10422888a3a2fb3b03dabd771f584835f3481a935,2026-04-14 15:53:05.257240+00:00,hu,444.hu,444.hu,2026-04-14,"Pénzt kérnek a híveiktől a kétfarkú kutyák, hogy legyen miből visszafizetniük a kampánytámogatást",https://444.hu/2026/04/14/penzt-kernek-a-hiveiktol-a-ketfarku-kutyak-hogy-legyen-mibol-visszafizetniuk-a-kampanytamogatast?utm_source=hirstart&utm_medium=referral&utm_campaign=ct
86635fdbd443eb2afddb61af5070c358b9fd928072591a1fc51dc4e8316209bf,2026-04-14 15:48:26.115004+00:00,hu,24.hu,24.hu,2026-04-14,Kovács Gergely: Felszámolási eljárást fognak kezdeményezni a Kutya Párt ellen,https://24.hu/belfold/2026/04/14/kovacs-gergely-felszamolas-mkkp-tartozas/
b17909553b0b1fce902811e490cefffac4a68144b94743beadab4dfb5c8fd480,2026-04-14 15:45:36.905994+00:00,hu,24.hu,24.hu,2026-04-14,Így ért véget a futball kegyetlen rendszere – a tizenegyespárbajok története,https://24.hu/sport/foci/2026/04/14/futball-tizenegyesparbajok-tortenete/
812f1a448afbd316c73653356cc52ab525bc219ba420ed547959dc227fe09892,2026-04-14 15:45:31.193706+00:00,hu,24.hu,24.hu,2026-04-14,"Anne Applebaum a Fideszről: Ez egy nagyon csúnya, rendkívül agresszív kormány volt",https://24.hu/kultura/2026/04/14/anne-applebaum-orban-kormanyvaltas/
46746fb10ac41ab114644783e874b91f282946f8e1988dbc93a4784300e43bf2,2026-04-14 15:45:25.227625+00:00,hu,24.hu,24.hu,2026-04-14,"Óbuda polgármestere kilépett a DK-ból, miután a Tiszára szavazott",https://24.hu/belfold/2026/04/14/kiss-laszlo-dk-kilepes/
2724ec9bc83f4d97e34f8920dc1d318a9cbfe5f69eae2c3fb255ed89e459f816,2026-04-14 15:45:07.594542+00:00,hu,24.hu,24.hu,2026-04-14,"Tóth Alex új edzőt kap nyáron, távozik Andoni Iraola",https://24.hu/sport/foci/2026/04/14/premier-league-bournemouth-andoni-iraola-tavozik/
d3f80bbff0bbd544cbf6bb0b7c80b639372ba930b26b22f5562cb43d7a0854e1,2026-04-14 15:44:05.106923+00:00,hu,24.hu,24.hu,2026-04-14,Kertészmérnök: ezeket a fákat véletlenül se metsszük meg áprilisban,https://24.hu/otthon/2026/04/14/aprilis-metszes-tilos-novenyek/
b71126d76f38d6239a88f39be15ef9cc4374c8187ed263f5bffd186e240c5231,2026-04-14 15:44:00.135081+00:00,hu,24.hu,24.hu,2026-04-14,Még nincs megállapodás a Magyar Kézilabda Szövetség szponzoraival a következő szezonra,https://24.hu/sport/2026/04/14/kezilabda-szovetseg-szponzori-szerzodesek-targyalas/
2677415bdf3089ec6226f8667790046a057f186ed8fbe75611bd7b273e8e9fe8,2026-04-14 15:43:55.004719+00:00,hu,24.hu,24.hu,2026-04-14,"Borbás Marcsi 20 macskát tart a birtokán, mindegyiküknek hőszigetelt házikója van",https://24.hu/szorakozas/2026/04/14/borbas-marcsi-20-macska-hoszigetelt-hazikok/
8dc4424fe819a9f7b63603e5e8efd6d47d21f48051113babad666d0952d97b52,2026-04-14 15:43:50.014133+00:00,hu,24.hu,24.hu,2026-04-14,"Orbán Anita: Felszólítjuk Szijjártó Péter minisztert és kollégáit, hogy azonnal hagyjanak fel minden iratmegsemmisítéssel",https://24.hu/belfold/2026/04/14/orban-anita-iratmegsemmisites/
dfb3098ef4939ffb76002a63b4b09a1f63a7e40795bb230981f1f1218c954238,2026-04-14 15:43:44.991211+00:00,hu,24.hu,24.hu,2026-04-14,Íme az Országgyűléstől búcsúzó képviselők,https://24.hu/belfold/2026/04/14/bucsuzo-parlamenti-kepviselok-2026-valasztas/
f7a7b13df75f7c445eea93aced80c96bbf73995cb2956f0e60bf364907f9994f,2026-04-14 15:43:04.302630+00:00,hu,24.hu,24.hu,2026-04-14,Még az Xbox vezetője szerint is túl drága a Game Pass,https://24.hu/tech/2026/04/14/xbox-game-pass-microsoft-ar/
55e0950fbb324a49d0ed528e02e9e6f01a7b8c6c7e3e0e1355d995b781232c07,2026-04-14 15:22:54.195839+00:00,hu,444.hu,444.hu,2026-04-14,Magyar Péter az EU-s források feloldásáról egyeztetett telefonon Ursula von der Leyennel,https://444.hu/2026/04/14/magyar-peter-az-eu-s-forrasok-feloldasarol-egyeztetett-telefonon-ursula-von-der-leyennel?utm_source=hirstart&utm_medium=referral&utm_campaign=ct
e2164d796b3de319f08d8a9cbb8da883071dbc0c78cfee68f4af3bdd5162306b,2026-04-14 14:39:42.888546+00:00,hu,24.hu,24.hu,2026-04-14,"Zelenszkij ismét megígérte, hogy április végére kész a Barátság vezeték javítása",https://24.hu/kulfold/2026/04/14/zelenszkij-baratsag-vezetek/
ff5987495dac74c3c3088a943f0d459ac50df476d926464c1d01ea696c42bd2f,2026-04-14 14:38:48.061640+00:00,hu,24.hu,24.hu,2026-04-14,"Nagy Bogi elárulta, milyen viszonyt ápolnak most a volt férjével",https://24.hu/szorakozas/2026/04/14/nagy-bogi-valas-exferj-kapcsolat/
778ea31e6fce74c1038868ba6906fb6103bafdd181488157212974a576aec904,2026-04-14 14:37:54.280064+00:00,hu,24.hu,24.hu,2026-04-14,"Újratöltik a megcsappant üzemanyagkészleteket, megszólalt a készletező szövetség",https://24.hu/fn/gazdasag/2026/04/14/uzemanyag-keszlet-magyar-szenhidrogen-keszletezo-szovetseg-benzin-gazolaj/
d38c7071a07f1c8b390af7781755a81014bcec9334aabba7c8b4d2b5cf48341b,2026-04-14 13:41:07.441410+00:00,hu,24.hu,24.hu,2026-04-14,Kiderült: új iratmegsemmisítőket vásároltak Pintér Sándorék,https://24.hu/fn/gazdasag/2026/04/14/iratmegsemmisito-belugyminiszterium-pinter-sandor-beszerzes/
c83b9f804d9057463173adca55a6bbb816c3a6f8467ebdecea385e08014eeef6,2026-04-14 13:40:58.124001+00:00,hu,24.hu,24.hu,2026-04-14,Összeomlás veszélyére figyelmeztet a csernobili atomerőmű igazgatója,https://24.hu/tudomany/2026/04/14/csernobil-atomeromu-igazgato-greenpeace-figyelmeztetes/
45736898a4e93dcf0bbcd0db119abb7c7bf0c85c5bc5ae464b5a3fe27dcfae38,2026-04-14 13:40:22.913520+00:00,hu,24.hu,24.hu,2026-04-14,A Booking.com-os felhasználók egy részének hozzáfértek az adataihoz,https://24.hu/tech/2026/04/14/booking-szallas-adatszivargas-hekkerek/
25ee016906a23c370f2a66e0384fe59ba35e35d84a039bed890f3b1e08fffc21,2026-04-14 13:39:04.327982+00:00,hu,24.hu,24.hu,2026-04-14,"Geszti Péter: Magyarország lerázta magáról a rendszert, amely fojtogatta, megalázta, kifosztotta és mélységesen megosztotta",https://24.hu/kultura/2026/04/14/geszti-peter-magyarorszag-kormanyvaltas/
8cce4f64f6fd2649b9c33b8ad001671f94f168b3aec8d96d2cc7e2dfc849b181,2026-04-14 13:38:42.709162+00:00,hu,24.hu,24.hu,2026-04-14,Időnként gyerekek és nők is szerepeltek a neandervölgyiek étlapján,https://24.hu/tudomany/2026/04/14/neandervolgyi-emberek-kannibalizmuss-belgium/
e77ccd97e096a0c26510061a73b427b10702cfd8da16f81ce259bf692d241d69,2026-04-14 13:38:37.301861+00:00,hu,24.hu,24.hu,2026-04-14,"Kylian Mbappét véresre könyökölték a legutóbbi meccsen, kiderült, játszhat-e a BL-ben",https://24.hu/sport/foci/2026/04/14/kylian-mbappe-szemoldok-serules-real-bayern-munchen-bajnokok-ligaja/
f6f656519b223f06ff2277998d2a38dbdc8028b0fbb3ad485f93366e4e45a95f,2026-04-14 13:38:32.479629+00:00,hu,24.hu,24.hu,2026-04-14,Gázolt a vonat Monorierdőnél,https://24.hu/belfold/2026/04/14/gazolas-vonat-ferfi/
031b7a58cd6748ae91ac173e267ef4b38174fcd26a2b2d4e16f5b28eb688c6c2,2026-04-14 13:38:18.229082+00:00,hu,24.hu,24.hu,2026-04-14,Szaharai por és eső jön a hét közepén,https://24.hu/tudomany/2026/04/14/idojaras-elorejelzes-szaharai-por-eso/
9e97d07c9fceea2d036327b4c80e063d49fd56e9e5644e3723f5e00c14f2011f,2026-04-14 13:38:03.575280+00:00,hu,24.hu,24.hu,2026-04-14,Széthulló NER-ről és menekülő strómanokról írt dalt Fekete Giorgio,https://24.hu/kultura/2026/04/14/fekete-giorgio-kormanyvaltas-dal/
a06b896669c37207593ca5a227b233c7aac8faeb1a3d81e384b2ad70e3428229,2026-04-14 13:37:58.478951+00:00,hu,24.hu,24.hu,2026-04-14,"Olyan gyengéd, de közben férfias"" – Risztov Éva élő adásban fejtette ki, szerinte melyik magyar színész csókolhat a legjobban",https://24.hu/szorakozas/2026/04/14/risztov-eva-csok-csanyi-sandor/
d63807a05ebce609d5eca707e3ccb135b7e8c24a86024acc1884910d22955bad,2026-04-14 13:37:53.645652+00:00,hu,24.hu,24.hu,2026-04-14,"Gyulay Zsolt lemondott, határozatképtelenné vált Szujó Zoltán szövetsége",https://24.hu/sport/2026/04/14/mnasz-autosport-gyulay-zsolt-szujo-zoltan/
a7f3944d692a8bc078c661e711b31c916e767f1e759ff1ca1b255d40d6d5fa28,2026-04-14 13:37:46.312253+00:00,hu,24.hu,24.hu,2026-04-14,Dugába dőlhet Nagy Márton terve: új nagybank kopogtat be a magyar piacra,https://24.hu/fn/gazdasag/2026/04/14/pko-bank-bankfiok-nagy-marton-tisza-part/
5242f1bdff85ef499bc01a714f32f976a55475282bdfd196c4f07bcda46ca855,2026-04-14 13:29:29.858875+00:00,hu,444.hu,444.hu,2026-04-14,"Az állampárt bukása után a Petőfi TV-n bejelentették: mostantól nyitnak azok felé az alkotók felé, akik eddig nem szerepeltek",https://444.hu/2026/04/14/az-allampart-bukasa-utan-a-petofi-tv-n-bejelentettek-mostantol-nyitnak-azok-fele-az-alkotok-fele-akik-eddig-nem-szerepeltek?utm_source=hirstart&utm_medium=referral&utm_campaign=ct
d78ed3ada14b1bd88cc636ffab22e27fa83b0f82c476a5bb57396c561eb05237,2026-04-14 12:57:34.366808+00:00,hu,444.hu,444.hu,2026-04-14,Magyar Péter másfél év után ad interjút a közmédiában,https://444.hu/2026/04/14/magyar-peter-masfel-ev-utan-ad-interjut-a-kozmediaban?utm_source=hirstart&utm_medium=referral&utm_campaign=ct
08f0bc4f0fb0067955319ec70c8f7ac840f16dd4c4b5542027b8ccb0acd84609,2026-04-14 12:33:59.387193+00:00,hu,24.hu,24.hu,2026-04-14,"Azt üzente a Kreml, hogy kész a párbeszédre az új magyar kormánnyal",https://24.hu/belfold/2026/04/14/valasztas-2026-kreml-uzenet-magyar-peter-egyuttmukodes/
293f2589c1f325ad0009ef6a48a59491a8e20fb7d8e003b6d424ca826cbd051e,2026-04-14 12:31:18.876732+00:00,hu,24.hu,24.hu,2026-04-14,Bencsik Gábor kikelt Bayer Zsolt ellen,https://24.hu/belfold/2026/04/14/bencsik-gabor-kikelt-bayer-zsolt/
c9eed4f53fab0b1df68fd8c174e25c4db7935291ef1e976b3ccea8b86358b965,2026-04-14 12:31:10.374942+00:00,hu,24.hu,24.hu,2026-04-14,"Az MNB nem vonja ki az ötforintost, nem vezeti be az ötvenezrest",https://24.hu/fn/gazdasag/2026/04/14/mnb-inflacio-otforintos-otvenezres-keszpenz/
bd0bbcd9276b55d52373645345cc5413a8cfcd528d0b9f1671a1e1489eb19734,2026-04-14 12:30:05.851460+00:00,hu,24.hu,24.hu,2026-04-14,Molotov-koktélt dobtak és rá is lőttek az OpenAI vezetőjének házára,https://24.hu/tech/2026/04/14/openai-chatgpt-sam-altman-tamadas-molotov-koktelt-fegyver/
c1ac592e390a3700a82ec5757f38c8f8c5bedd2d1afc1372a93f623decea8e4c,2026-04-14 11:50:25.290828+00:00,hu,24.hu,24.hu,2026-04-14,"Íme, Brüsszel ultimátuma Magyar Péterékhez: ezt várják el a blokkolt EU-források felszabadításához",https://24.hu/fn/gazdasag/2026/04/14/eu-penz-europai-bizottsag-unios-forras-magyar-peter/
9ded41a6ebffdd16fd95ffa65bce180a0d417c9b7f8f09d310f36be6de0d0935,2026-04-14 11:50:20.215458+00:00,hu,24.hu,24.hu,2026-04-14,Junghausz üzent Szentkirályi Alexandrának: A nemzeti ellenállás vasárnap megtörtént!,https://24.hu/belfold/2026/04/14/fidesz-szentkiralyi-alexandra-junghausz-rajmund-nemzeti-ellenallas/
d368333f4d9d8c3ff0282b61bee4206a468c1bb5cfb7cf70be5c9f351d3775b9,2026-04-14 11:50:06.561897+00:00,hu,24.hu,24.hu,2026-04-14,Mire elég a Tisza-kétharmad? – Fleck Zoltán felvázolta a közjogi átalakítás legfőbb lépéseit,https://24.hu/belfold/2026/04/14/fleck-zoltan-tisza-ketharmad-allamfo-sulyok-tamas/
0aa9dde705406278e01af895d056f9b8decdf05d1b8c4173aa5fe09cdc291b8e,2026-04-14 11:50:01.869484+00:00,hu,24.hu,24.hu,2026-04-14,A Bayer Construct vezetője bocsánatot kért leveléért,https://24.hu/belfold/2026/04/14/bayer-construct-level-valasztas-bocsanat/
1c76075144ac65e44b37a752b534633b1bd112f80f580c4e3927d51d8ef49214,2026-04-14 11:49:16.394463+00:00,hu,24.hu,24.hu,2026-04-14,A maják drágakövet használtak fogtömésre,https://24.hu/tudomany/2026/04/14/majak-dragako-fogtomes-fogaszat/
afe09bcaeb2daf2041732d27fa6b783376859241d53e82443ad439c293a11ff5,2026-04-14 11:48:44.887038+00:00,hu,24.hu,24.hu,2026-04-14,Jon Stewart az amerikai polgároknak: Merítsetek vigaszt és erőt a magyarok öröméből,https://24.hu/kultura/2026/04/14/jon-stewart-magyarorszag-valasztas/
05a966538b4d51218641fb52016c36edafd55e42d72cd6874475addc91cd9e75,2026-04-14 11:48:04.564578+00:00,hu,24.hu,24.hu,2026-04-14,"Megvan a jogerős ítélet a győri férfi ügyében, aki kilógatta, majd kilökte a kétgyermekes párját a tizedikről",https://24.hu/belfold/2026/04/14/gyor-emberoles-kidobta-a-tizedikrol/
2e3186a8d4d9884c4ea3740f32fb13191dd129f7f5d86f86fed8d95d0d720971,2026-04-14 11:36:17.151307+00:00,hu,24.hu,24.hu,2026-04-14,Meghalt egy két hónapos csecsemő Erken,https://24.hu/belfold/2026/04/14/erk-csecsemo-halaleset-eljaras/
099e46c178d13844759f264ec930f27a5466691187f3e08e4cf991d4b987f522,2026-04-14 11:35:22.482884+00:00,hu,24.hu,24.hu,2026-04-14,Karácsony levelet írt a MÁK vezetőjének: kormányváltás idején ne inkasszózzák Budapest számláját,https://24.hu/belfold/2026/04/14/valasztas-2026-budapest-mak-inkasszo-karacsony-felszolitas/
4ee543bab0efe435f8b81c2fc69c57b69507ab078a9983ec8b06dfef232feddf,2026-04-14 11:35:17.460183+00:00,hu,24.hu,24.hu,2026-04-14,"A Fidesznek meg kell értenie, a társadalom miért üzente ezt"" – Békést, L. Simont és Demetert kérdeztük a Tisza-kétharmadról",https://24.hu/kultura/2026/04/14/bekes-marton-l-simon-laszlo-demeter-szilard-valasztas-2026/
f6d52f04e1ca5846da2fc0cc26db02ecffcd2ca1adabc05a4bddf9d033166e60,2026-04-14 11:35:12.443976+00:00,hu,24.hu,24.hu,2026-04-14,Magyar Péter szerda reggel a közmédia vendége lesz,https://24.hu/belfold/2026/04/14/magyar-peter-kozmedia/
f54f2f3bc906fee9ff41534860c6aaedf0745140756f692b176c29ee1be277f7,2026-04-14 11:35:02.973574+00:00,hu,24.hu,24.hu,2026-04-14,Eltűnt nép sziklarajzait fedezték fel,https://24.hu/tudomany/2026/04/14/mexiko-sziklarajzok-kozep-amerika/
154c38d9996f8adb4263fb6ed3f7af29fb871a4b7fbd17f530675c4fecb66cf1,2026-04-14 11:34:37.582250+00:00,hu,24.hu,24.hu,2026-04-14,"Molnár Áron: Gondoljunk azokra a Fidesz-szavazókra, akik most hallják először az M1 műsorában, hogy Magyar Péter nem akar magyar katonákat küldeni Ukrajnába",https://24.hu/szorakozas/2026/04/14/molnar-aron-valasztas-feldolgozas-empatia/
07c155b235b95c9bb02d6b31f3c49014786664fc2224e824075386072a2a0a7c,2026-04-14 11:34:07.019449+00:00,hu,24.hu,24.hu,2026-04-14,"„Kínos, ami történik” – azért támadják Schäferék új vezetőedzőjét, mert nő",https://24.hu/sport/foci/2026/04/14/marie-louise-eta-union-berlin-szexista-tamadasok-noi-vezetoedzo/
67c90cd8922262fc37d80380144cc69e7c8155bc22f084b141aeaf98ce2a386e,2026-04-14 11:33:36.787579+00:00,hu,24.hu,24.hu,2026-04-14,Debreceni polgármester: a korrupció miatt buktunk,https://24.hu/belfold/2026/04/14/debrecen-fideszes-polgarmestere-korrupcio/
a83ebb8747d9e3d4f77179eea438f218076bf370bd4e6de78b3058ea1ce33162,2026-04-14 11:31:48.392905+00:00,hu,24.hu,24.hu,2026-04-14,Ők lesznek Friderikusz Sándor vendégei a tévés új műsorának első részében,https://24.hu/szorakozas/2026/04/14/friderikusz-sandor-talkshow-elso-resz-vendegek/
01589946c9c3ea6f6fc85deb02f75a55ffac10350df79e36e4bc9331a0d47ac4,2026-04-14 11:21:35.196167+00:00,hu,444.hu,444.hu,2026-04-14,Méltatlanná vált hivatalára a Magyar Pétert trágár szavakkal gyalázó piliscsabai jegyző,https://444.hu/2026/04/14/meltatlanna-valt-hivatalara-a-magyar-petert-tragar-szavakkal-gyalazo-piliscsabai-jegyzo?utm_source=rss_feed&utm_medium=rss&utm_campaign=rss_syndication
9d75bdc2b1e761ba9e5378017973f96edb319e2789ce819ee4e47a9b1e0ccbd2,2026-04-14 11:21:11.173680+00:00,hu,444.hu,444.hu,2026-04-14,Jon Stewart szerint az amerikaiaknak is az Orbán bukását ünneplő magyarok képeiből kell erőt meríteni,https://444.hu/2026/04/14/jon-stewart-szerint-az-amerikaiaknak-is-az-orban-bukasat-unneplo-magyarok-kepeibol-kell-erot-meriteni?utm_source=rss_feed&utm_medium=rss&utm_campaign=rss_syndication
1b6218cf24fec7b43117a3a9c06471841623005dccd5608c14b6465bb2db20c4,2026-04-14 11:20:03.472002+00:00,hu,444.hu,444.hu,2026-04-14,"Tiborcz üzlettársa bocsánatot kért a dolgozóitól a választás előtti leveléért, amiben a Fidesz szavazására buzdított",https://444.hu/2026/04/14/tiborcz-uzlettarsa-bocsanatot-kert-a-dolgozoitol-a-valasztas-elotti-leveleert-amiben-a-fidesz-szavazasara-buzditott?utm_source=rss_feed&utm_medium=rss&utm_campaign=rss_syndication
31ce11f73a44b22071b211751552dcdc9b22c52b16fe3f4d9f3c262623afeeb3,2026-04-14 11:19:43.686571+00:00,hu,444.hu,444.hu,2026-04-14,"Volt diák nyitott tüzet egy török középiskolában, 16-an megsérültek",https://444.hu/2026/04/14/volt-diak-nyitott-tuzet-egy-torok-kozepiskolaban-16-an-megserultek?utm_source=rss_feed&utm_medium=rss&utm_campaign=rss_syndication
563003b2421e87063bc5558e1bd6ac3f5122a8c40e4c91b2c4b5479482662b59,2026-04-14 10:36:10.692830+00:00,hu,24.hu,24.hu,2026-04-14,Deutsch Tamás kormányváltás után: Minden eldől a maga idején,https://24.hu/sport/2026/04/14/tisza-ketharmad-magyar-sport-deutsch-tamas-gyulay-zsolt/
f72d6be57998503a5f463a18b39750c26788b1078515da9d135105043698f930,2026-04-14 10:32:12.764608+00:00,hu,24.hu,24.hu,2026-04-14,"Videón, ahogy felrobban egy üstökös a Napnál",https://24.hu/tech/2026/04/14/ustokos-soho-video-c2026a1-maps/
df9d6bf94b0f320e4d36d49a944d1bc4f04479ce1e996e03732ff7b63239b3d1,2026-04-14 10:32:05.643156+00:00,hu,24.hu,24.hu,2026-04-14,Már a héten újra tárgyalhat Irán és az USA,https://24.hu/kulfold/2026/04/14/iran-egyesult-allamok-ujra-targyalhat/
b64bd614ffed1460b5e8a34b11ce5d91fe61a7f8bb8a54bcd974f0ff2224ab3c,2026-04-14 10:31:02.198940+00:00,hu,24.hu,24.hu,2026-04-14,Hitelminősítő: súlyos kihívások várnak Magyar Péter kormányára,https://24.hu/fn/gazdasag/2026/04/14/fitch-hitelminosito-adossag-allamadossag/
295b325702a04c8d7a4fee2c5b3b0ab2279ddcbe1b56b3b4eaaa05add69c411c,2026-04-14 10:30:50.187497+00:00,hu,24.hu,24.hu,2026-04-14,Lemondott a Kétfarkú Kutya Párt pártigazgatója,https://24.hu/belfold/2026/04/14/valasztas-2026-lemondott-nagy-david-mkkp-partigazgato/
f8c9d6993a149b065cd96342a44cfdc415194369b2599e5c98f17005d686459e,2026-04-14 10:30:45.185058+00:00,hu,24.hu,24.hu,2026-04-14,Kirúgják a Magyar Pétert lebuzizó piliscsabai jegyzőt,https://24.hu/belfold/2026/04/14/valasztas-2026-piliscsaba-jegyzo-buzizas-felmentes/
16019feb9fbf0ed8699eef674c125b47560ac42e20a37185e62f3a78b25e96a1,2026-04-14 10:30:29.139756+00:00,hu,24.hu,24.hu,2026-04-14,"Britney Spears elvonóra ment – kiderült, kik játszották a legnagyobb szerepet a döntésben",https://24.hu/kultura/2026/04/14/britney-spears-rehab-elvono/
3ccc24995f3bdeeba8d59688c3ee7979261ae3e9ee6edf547b952ee7438b756e,2026-04-14 10:30:03.839083+00:00,hu,24.hu,24.hu,2026-04-14,Nyugdíjguru: ingoványos talajra léphet a Tisza a Férfiak40 bevezetésével,https://24.hu/fn/gazdasag/2026/04/14/nyugdij-nyugdijas-ferfiak-40-tisza-part/
1694c32ba49798b31b918de5d3be03a030881da147ef1b7343710c094aa02a85,2026-04-14 10:29:53.645344+00:00,hu,24.hu,24.hu,2026-04-14,Rendkívüli közleményt adott ki a Mészáros Csoport,https://24.hu/fn/gazdasag/2026/04/14/meszaros-csoport-meszaros-lorinc-opus-global-valasztas2026/
abf670e2df04f185211dda3a424b6c774d864eda9775f8c1074d80369ccd89ef,2026-04-14 10:25:08.080248+00:00,hu,24.hu,24.hu,2026-04-14,Hiller István a Tiszának: Csináljátok jól!,https://24.hu/belfold/2026/04/14/hiller-istvan-interju-valasztas2026/
8dd8641b02cc1503020d07b8c71783474c6d56bb7920bcff6508e40164f2690e,2026-04-14 09:41:58.851202+00:00,hu,444.hu,444.hu,2026-04-14,"35 év kellett hozzá, de most a fiataloké lett a rendszerváltás",https://444.hu/2026/04/14/35-ev-kellett-hozza-de-most-a-fiataloke-lett-a-rendszervaltas?utm_source=rss_feed&utm_medium=rss&utm_campaign=rss_syndication
eebf5eec5e9cde164d8b072b76052c38c2363c1d71cc77718bab306d1d9ec40b,2026-04-14 09:41:50.598381+00:00,hu,444.hu,444.hu,2026-04-14,Magas rangú orosz parancsnok halt meg egy márciusi repülőgép-balesetben,https://444.hu/2026/04/14/magas-rangu-orosz-parancsnok-halt-meg-egy-marciusi-repulogep-balesetben?utm_source=rss_feed&utm_medium=rss&utm_campaign=rss_syndication
cdc2eeee62e12007b02322f307c651fe6875e837de1c2ad80b4a9723a2d8c475,2026-04-14 09:41:20.259727+00:00,hu,444.hu,444.hu,2026-04-14,"Török Zoltán: Eshetnek még ki csontvázak a szekrényből, egy nagy fekete doboz, amit az új kormány megörököl",https://444.hu/2026/04/14/torok-zoltan-raiffeisen-gazdasagpolitika-koltsegvetes-hitelminosites-unios-penzek-eurobevezetes-gdp-ner-vallalatok?utm_source=rss_feed&utm_medium=rss&utm_campaign=rss_syndication
2a823486a9554efcf27c160323f60c7bccd1659ce706706966349f447ba4fbd3,2026-04-14 09:40:54.968216+00:00,hu,444.hu,444.hu,2026-04-14,"Nem kérnek Trump blokádjából a NATO-tagok, nő a feszültség a szövetségen belül",https://444.hu/2026/04/14/nem-kernek-trump-blokadjabol-a-nato-tagok-no-a-feszultseg-a-szovetsegen-belul?utm_source=rss_feed&utm_medium=rss&utm_campaign=rss_syndication
3e9ba079c610776160566a45d12171226342212d8e26db880e51672889bec4ff,2026-04-14 09:40:49.670928+00:00,hu,444.hu,444.hu,2026-04-14,"Hadházy Ákos sms-ben gratulált Magyarnak, májustól visszatér eredeti szakmájához",https://444.hu/2026/04/14/hadhazy-akos-sms-ben-gratulalt-magyarnak-majustol-visszater-eredeti-szakmajahoz?utm_source=rss_feed&utm_medium=rss&utm_campaign=rss_syndication
9753549720c7b163e7e38d7b842e88560cf53a666209e0a47ff579542e2769f1,2026-04-14 09:40:44.744813+00:00,hu,444.hu,444.hu,2026-04-14,"Maszkos bevándorlókat használhatott a görög rendőrség arra, hogy erőszakkal kitoloncoljon más bevándorlókat",https://444.hu/2026/04/14/maszkos-bevandorlokat-hasznalhatott-a-gorog-rendorseg-arra-hogy-eroszakkal-kitoloncoljon-mas-bevandorlokat?utm_source=rss_feed&utm_medium=rss&utm_campaign=rss_syndication
0ab890479c2ba7258e15aff121da0c6e14c862e389d2fc9b74ab505fd494624d,2026-04-14 09:40:39.703843+00:00,hu,444.hu,444.hu,2026-04-14,"Ezüstöt és imalepleket lopott egy zsinagógából, letartóztatták",https://444.hu/2026/04/14/ezustot-es-imalepleket-lopott-egy-zsinagogabol-letartoztattak?utm_source=rss_feed&utm_medium=rss&utm_campaign=rss_syndication
bff57b57c362668f4e0a3cf4cb07af4fb529414de3f82185b8cd7833f9bce6fc,2026-04-14 09:40:34.596297+00:00,hu,444.hu,444.hu,2026-04-14,Sulyok Tamás reagált a lemondására való felszólításra,https://444.hu/2026/04/14/sulyok-tamas-reagalt-a-lemondasara-valo-felszolitasra?utm_source=rss_feed&utm_medium=rss&utm_campaign=rss_syndication
44de0cdad5534263a663f7969170fa8c9f14bcf4c2c63db13b447cfdbc4cfaba,2026-04-14 09:40:24.440942+00:00,hu,444.hu,444.hu,2026-04-14,A héten folytatódhatnak az iráni–amerikai béketárgyalások,https://444.hu/2026/04/14/a-heten-folytatodhatnak-az-iraniamerikai-beketargyalasok?utm_source=rss_feed&utm_medium=rss&utm_campaign=rss_syndication
5b77393ff4b2b2eb588e5a350747bbbfc07b107f914f936cb23a3080056f223d,2026-04-14 09:40:14.909178+00:00,hu,444.hu,444.hu,2026-04-14,"Elfáradt, kipukkadt, újjászerveződne",https://444.hu/2026/04/14/elfaradt-kipukkadt-ujjaszervezodne?utm_source=rss_feed&utm_medium=rss&utm_campaign=rss_syndication
3c12d3185a6983d3aeecb71dd7165f8c4b133316836bd57a78e86c757ac85426,2026-04-14 09:40:09.411481+00:00,hu,444.hu,444.hu,2026-04-14,Az utolsó héten Orbánnak kampányoló JD Vance nem lepődött meg Orbán vereségén,https://444.hu/2026/04/14/az-utolso-heten-orbannak-kampanyolo-jd-vance-nem-lepodott-meg-orban-veresegen?utm_source=rss_feed&utm_medium=rss&utm_campaign=rss_syndication
81420f4b1af0c61efcd2e49530d01d57d720b67fe1a8bb1115c2039a4cf251b3,2026-04-14 09:40:04.452790+00:00,hu,444.hu,444.hu,2026-04-14,"Hiába bukott óriásit a Fidesz, Rogán, Lázár, Szijjártó, Kocsis és Menczer marad, több húzónevük eltűnhet",https://444.hu/2026/04/14/hiaba-bukott-oriasit-a-fidesz-rogan-lazar-szijjarto-kocsis-es-menczer-marad-tobb-huzonevuk-eltunhet?utm_source=rss_feed&utm_medium=rss&utm_campaign=rss_syndication
4f65c41a960df0e449512aaf75afc7840186ff7b18a50d4481df27e18fa10c1c,2026-04-14 09:39:59.129968+00:00,hu,444.hu,444.hu,2026-04-14,Molotov-koktéllal támadt az OpenAI vezetőjének otthonára egy texasi férfi,https://444.hu/2026/04/14/molotov-koktellal-tamadt-az-openai-vezetojenek-otthonara-egy-texasi-ferfi?utm_source=rss_feed&utm_medium=rss&utm_campaign=rss_syndication
3f602ebaa59e115224f4f16f36f545c2629074b0c5086bee51adb975cd347a87,2026-04-14 09:39:37.759005+00:00,hu,444.hu,444.hu,2026-04-14,"Trump megpróbálta elmagyarázni, miért ábrázolta magát Jézusként",https://444.hu/2026/04/14/trump-megprobalta-elmagyarazni-miert-abrazolta-magat-jezuskent?utm_source=rss_feed&utm_medium=rss&utm_campaign=rss_syndication
6f9376577ae456fb00d7ca90da8503dbe384c81a536d55529cc9ba1d0b2ba7ca,2026-04-14 09:39:31.350955+00:00,hu,444.hu,444.hu,2026-04-14,A Meta „beavatkozása” miatt megóvja a választásokat a Mi Hazánk,https://444.hu/2026/04/14/a-meta-beavatkozasa-miatt-megovja-a-valasztasokat-a-mi-hazank?utm_source=rss_feed&utm_medium=rss&utm_campaign=rss_syndication
0294e1cee7f337aedaad46a3400163f62d9def7ac94c045ae39549e6741a2c82,2026-04-14 09:39:13.116146+00:00,hu,444.hu,444.hu,2026-04-14,Komoly gazdasági kihívásokkal néz szembe az új magyar kormány a Fitch szerint,https://444.hu/2026/04/14/komoly-gazdasagi-kihivasokkal-nez-szembe-az-uj-magyar-kormany-a-fitch-szerint?utm_source=rss_feed&utm_medium=rss&utm_campaign=rss_syndication
03be5a20185a5669488d9ccf7de48528d1672102b41667159d21c19db695b9a3,2026-04-14 09:29:51.074926+00:00,hu,444.hu,444.hu,2026-04-14,"A Mészáros Csoportot nem billenti ki semmilyen választási eredmény, továbbra is erősítik a nemzetgazdaságot",https://444.hu/2026/04/14/a-meszaros-csoportot-nem-billenti-ki-semmilyen-valasztasi-eredmeny-tovabbra-is-erositik-a-nemzetgazdasagot?utm_source=hirstart&utm_medium=referral&utm_campaign=ct
55fe6c090593716e911afa2f4b5ad7d8718d64d4c8d9fce6231d93919acaa429,2026-04-14 09:29:33.431727+00:00,hu,atlatszo.hu,atlatszo.hu,2026-04-14,"Lefoglalták a zsámbéki önkormányzat autóit, mert nem fizetnek ki egy vállalkozót",https://atlatszo.hu/orszagszerte/2026/04/14/lefoglaltak-a-zsambeki-onkormanyzat-autoit-mert-nem-fizetnek-ki-egy-vallalkozot/
f6a3305a902273d04d39efafa9b1ecb8bef62a4f1b58adb2d515cad6861d40f2,2026-04-14 09:29:17.647607+00:00,hu,atlatszo.hu,atlatszo.hu,2026-04-14,"„Nézzük a tiszásokat, ők meg minket” – szavazatvásárlásról forgattunk Tatabányán, de civil kurázsit találtunk helyette",https://atlatszo.hu/orszagszerte/2026/04/14/nezzuk-a-tiszasokat-ok-meg-minket-szavazatvasarlasrol-forgattunk-tatabanyan-de-civil-kurazsit-talaltunk-helyette/
ae02e051a76d24a128edbbce186bd8a5b2fb8a67e21c49df177784b10cc5f8e5,2026-04-14 09:29:14.589798+00:00,hu,24.hu,24.hu,2026-04-14,Élő választási értékelés Török Gáborral: találkozzunk szerdán!,https://24.hu/belfold/2026/04/14/torokules-elo-akvarium/
01d06dd0f74d06a021cbb60fda2a35517ba57d77643b9ab9cc706793fb6d7483,2026-04-14 09:29:08.291484+00:00,hu,24.hu,24.hu,2026-04-14,Török Gábor: A választási rendszer szembefordult megvakult teremtőjével,https://24.hu/belfold/2026/04/14/torok-gabor-valasztasi-rendszer-fidesz-valasztas-2026/
a55d45857e680127542aae128cae56e8c4838e69555917ea43cdd23dd7625b70,2026-04-14 09:29:07.201302+00:00,hu,24.hu,24.hu,2026-04-14,"Még csak elkezdte az edzést a Barca a BL-rangadó előtt, az edző máris panaszt tett az UEFA-nál",https://24.hu/sport/foci/2026/04/14/atletico-madrid-bajnokok-ligaja-uefa-hansi-flick-panasz/
4f1fccff919055fd5475a2bb3b3fa674c202d5a04f73263b57e1a6a652448224,2026-04-14 09:28:24.770663+00:00,hu,24.hu,24.hu,2026-04-14,Bochkor Gábor a magas lakhatási költségek miatt tervez lakást venni a lányának,https://24.hu/szorakozas/2026/04/14/bochkor-gabor-lakhatas-lakasvasarlas-lanya/
d6e989a5aca8179ffb34590cf5f27e179dd35fa54e078df9f5c868cd2f1c86e5,2026-04-14 09:19:20.996317+00:00,hu,24.hu,24.hu,2026-04-14,Először találtak az emlősök ősétől származó tojást,https://24.hu/tudomany/2026/04/14/emlosok-tojas-rakas-kovulet/
99a11b4237460bc1effdc04557dda59bed103085bc9b5e87f547d9958aac3f56,2026-04-14 09:19:04.009581+00:00,hu,24.hu,24.hu,2026-04-14,"Petíció indult a Magyar Pétert ""kis buzinak"" nevező piliscsabai jegyző azonnali felmentéséért",https://24.hu/belfold/2026/04/14/valasztas-2026-piliscsaba-jegyzo-buzizas-peticio/
4ab2bba405eec32da8eeb3c0457f7146010b975f6a31ccb73a2ff8582fa049cd,2026-04-14 09:18:41.218716+00:00,hu,24.hu,24.hu,2026-04-14,Lengyel Tamás köszönetet mondott Hadházy Ákosnak a munkájáért,https://24.hu/kultura/2026/04/14/lengyel-tamas-hadhazy-akos-kormanyvaltas/
65ce1ce78a40f3df54e81a352178a8a9be435a2a5a8da038cc8049944412a8ea,2026-04-14 09:18:07.781079+00:00,hu,24.hu,24.hu,2026-04-14,"Elloptak 15 millió forintnyi ezüstöt a zsinagógából, majd elpasszolták a Klauzál téri piacon",https://24.hu/belfold/2026/04/14/budapest-zsinagoga-lopas-letartoztatas/
c72603fa6f61e020a084034c228a8881817d2c264d58558693a542048f1ba4e9,2026-04-14 09:17:57.127176+00:00,hu,24.hu,24.hu,2026-04-14,"Kisebb eséllyel lesz rákbeteg, aki házas",https://24.hu/tudomany/2026/04/14/hazassag-ferfi-no-rak-betegseg-kockazat/
92d84e5e5c521cddc04bbba9dd40f9c25d5a1b2ca11bfcb9de22498ed7e78fcb,2026-04-14 08:29:36.123227+00:00,hu,24.hu,24.hu,2026-04-14,Magyar Péter: A Tisza önkénteseinek ajánlom a történelmi győzelmet,https://24.hu/belfold/2026/04/14/valasztas-2026-magyar-peter-tortenelmi-gyozelem-onkentesek/
548d9f7777f1f6383d74915d06e4e3b4ed0c9f4bb775902dc0c9740cf0434f0f,2026-04-14 08:28:18.229058+00:00,hu,24.hu,24.hu,2026-04-14,Deák: hiba volt a pénisz-ügyben nyilatkozni,https://24.hu/belfold/2026/04/14/deak-daniel-bocsanatkeres-hann-endre/
06c66e4a6d7dc65b150e21f7ef52d7bd359807b87df5a910f6af9b6b8d96bac7,2026-04-14 08:28:09.472098+00:00,hu,24.hu,24.hu,2026-04-14,"Volt amerikai nagykövet: Orbán veresége a ""hazugságok elutasítása"" volt",https://24.hu/belfold/2026/04/14/valasztas-2026-david-pressman-tisza-gyozelem-trump/
252a4c536a557e3c47ebab49cd955e51f2d2b2e8aba79e940db71e40640b2709,2026-04-14 08:28:01.693361+00:00,hu,24.hu,24.hu,2026-04-14,"Vasvári Vivien Orbán Viktorról: Hiszem, hogy képes lesz megújulni, mint a főnixmadár, és még erősebben tér vissza",https://24.hu/szorakozas/2026/04/14/vasvari-vivien-orban-viktor/
422945c0f227665c5e2d1ffe4b26128e3517c20043b148550053e02541a863f1,2026-04-14 08:27:53.949396+00:00,hu,24.hu,24.hu,2026-04-14,Káosz a vb-résztvevőnél: kapitányt váltottak,https://24.hu/sport/foci/2026/04/14/foci-vb-2026-carlos-queiroz-ghanai-labdarugo-valogatott/
cb23fc928c57c8d3489a6af2a6917fc81a735e462958a5b4a372d8002c76a417,2026-04-14 08:27:48.841560+00:00,hu,24.hu,24.hu,2026-04-14,"Molnár Tamás: A magyarokat nem a gyomruk, hanem a szívük és a gerincük hívta szavazni",https://24.hu/kultura/2026/04/14/molnar-tamas-valasztas-reakcio/
6a685f852228cf7958a8fa9b5e4e69e0805cf9b16112bd247b4e71d9731c9540,2026-04-14 08:27:36.746329+00:00,hu,24.hu,24.hu,2026-04-14,Vészesen fogyatkozik a hazai biztonsági üzemanyag-tartalék,https://24.hu/fn/gazdasag/2026/04/14/uzemanyag-gazolaj-dizel-benzin/
a31d95aa1711d8b1b4efecf4fe33670185503d54b9d11c47b3decf64ca5ea596,2026-04-14 08:27:24.209077+00:00,hu,24.hu,24.hu,2026-04-14,"A Veszprém edzője a Szeged legyőzéséről: Tilos bárkinek is azt gondolnia, hogy ez innen folytatódik",https://24.hu/sport/2026/04/14/kezilabda-veszprem-szeged-rangado-xavi-pascual/
309746d932158ccb2c5b184af1a64674d05fb4e863fc1903471f90ec7861692b,2026-04-14 08:27:13.860692+00:00,hu,24.hu,24.hu,2026-04-14,"Elindult az oldal, ami megmutatja, mióta nem vitte háborúba Magyar Péter az országot",https://24.hu/tech/2026/04/14/magyar-peter-haboru-szamlalo-weboldal/
e0e64f68f08783dd159c8d49befd11fb7f4e36c19fcc122d057c5d93d1c03b3c,2026-04-14 08:27:02.646745+00:00,hu,24.hu,24.hu,2026-04-14,A család második otthona. 30 éve.,https://24.hu/elet-stilus/2026/04/14/a-csalad-masodik-otthona-30-eve/
8a66776284c303920155386e673c2ac1116de8c6cfb143835d5cf84d60a75e8f,2026-04-14 07:21:26.326764+00:00,hu,24.hu,24.hu,2026-04-14,"Az ""Orbán-bábok"" cseréje ""alkotmányozási tűzoltás""",https://24.hu/belfold/2026/04/14/majtenyi-laszlo-valasztas-2026-alkotmanyozas-magyar-peter/
ede6edcf5bd037d51f0306150857dde8f0d64a74533c5444503f223c135bb412,2026-04-14 07:21:21.993603+00:00,hu,24.hu,24.hu,2026-04-14,JD Vance nem lepődött meg Orbán vereségén,https://24.hu/kulfold/2026/04/14/jd-vance-orban-vereseg/
a405ce57cc51aa871f7c8b8e5b90b757479be6bb8e492ef326b4f99f93ae6183,2026-04-14 07:20:17.305006+00:00,hu,24.hu,24.hu,2026-04-14,"Több, mint egy évtized után bezár a Zoska kávézó, mindenki vihet belőle egy darabot emlékbe",https://24.hu/kultura/2026/04/14/zoska-kavezo-reggelizo-bezaras/
3c8c35631dd50e6eb629ef941eca449c0ccfcaef4b7cacb4cc91bf0e942c07fe,2026-04-14 06:21:58.733656+00:00,hu,24.hu,24.hu,2026-04-14,"Edzője Milák Kristófról: Nem bánnám, ha kikapna az ob-n",https://24.hu/sport/2026/04/14/milak-kristof-uszo-ob-szabo-almos/
a32965021e19fa1ad1b81a402814c6075c61c2204b2dfc80e26e29a65fd7bc27,2026-04-14 06:21:53.715505+00:00,hu,24.hu,24.hu,2026-04-14,Sajtónyilvános lesz az újraszámlálás a keszthelyi választókerületben,https://24.hu/belfold/2026/04/14/sajtonyilvanos-lesz-az-ujraszamlalas-a-keszthelyi-valasztokeruletben/
1a1121046c9f822b6794f1fe4da1cf4d0bf1151b9ec4560caa790ca0c820771e,2026-04-14 06:19:59.542178+00:00,hu,24.hu,24.hu,2026-04-14,Trump nekiment a pápának,https://24.hu/kulfold/2026/04/14/trump-nekiment-leo-papanak/
af6bc0d2f6b1dde95baba3d17d713169d60a3e0a7abf1e03cc542023a38dfd7c,2026-04-14 05:40:41.871689+00:00,hu,24.hu,24.hu,2026-04-14,Orbán bukása megosztja az amerikai jobboldalt,https://24.hu/kulfold/2026/04/14/valasztas-2026-eredmeny-republikanusok-kovetkeztetes/
b72cb60041729052f36f360aad7b6e3c1bc4ea02385b3a6014013ed2589e7606,2026-04-14 05:40:31.697102+00:00,hu,24.hu,24.hu,2026-04-14,Ezt üzente Gálvölgyi János Orbán Viktornak,https://24.hu/szorakozas/2026/04/14/galvolgyi-janos-orban-viktor-uzenet/
d27a8630755755ecd4544ff9e7bdf840c520fd63a5b22079b2eafbc79b72ae53,2026-04-14 05:40:26.703040+00:00,hu,24.hu,24.hu,2026-04-14,Hold kvíz: mennyit tudsz a Föld kísérőjéről?,https://24.hu/tudomany/2026/04/14/hold-kviz-tudomany-csillagaszat-teszt/
39e278ff98c2870650602115658d823d4e47a1cfe188968850b44ae34479d24f,2026-04-14 05:39:56.412092+00:00,hu,24.hu,24.hu,2026-04-14,Irodalmi kvíz: felismered a nagy klasszikust az első sorából? – II. felvonás,https://24.hu/kultura/2026/04/14/irodalmi-kviz-felismered-a-nagy-klasszikust-az-elso-sorabol-ii-felvonas/
c138444888db8f4b02275454e91439c3dacdbfb852b6f3d963d931a8c7ccbe2b,2026-04-14 05:39:45.580361+00:00,hu,24.hu,24.hu,2026-04-14,Trump blokád alá vette Irán kikötőit,https://24.hu/kulfold/2026/04/14/trump-blokad-iran-kikotoi/
9ed2f8a4e85230a3541079a7c40a2f9fc193e0ee9620314c2c7685575722fa3c,2026-04-14 05:39:34.323658+00:00,hu,24.hu,24.hu,2026-04-14,Nincs megállás: tovább erősödik a forint,https://24.hu/belfold/2026/04/14/tovabb-erosodik-a-forint-2/
30c83aec3840aa27a1529cac337ecdccacebf94dada993a9266d9402c52c814e,2026-04-14 05:39:21.200796+00:00,hu,24.hu,24.hu,2026-04-14,Az igazi napsütésre még várni kell,https://24.hu/belfold/2026/04/14/idojaras-2026-aprilis-14/
bcc83b435e4f4da63c7ef05e453abd1af8b2ccf29da010ddf1ecc163ae877001,2026-04-14 05:25:53.317562+00:00,hu,24.hu,24.hu,2026-04-14,"Hadházy reméli, hogy segítette Magyar ébredését",https://24.hu/belfold/2026/04/14/hadhazy-akos-lekoszon-interju-magyar-peter/
1fc1761b2b2a85ef7c173dfec113dedfed5c883172b3329c5a3b2bbb386bc72a,2026-04-14 03:29:57.901836+00:00,hu,24.hu,24.hu,2026-04-14,"Elképesztő butaság: hajhúzás miatt került emberhátrányba, kikapott a ManUnited",https://24.hu/sport/foci/2026/04/14/angol-foci-premier-league-leeds-united-manchester-united/
05fd6f9ad215d15167bd21dd6cabb6f26aa82e9e073da6ecaef90c9ae54a69f6,2026-04-14 03:29:33.902342+00:00,hu,24.hu,24.hu,2026-04-14,"II. József ""elkobozta"" a Szent Koronát",https://24.hu/tudomany/2026/04/14/ii-jozsef-elkobozta-a-szent-koronat/
16aff8c1f6575387c33b754e1afe002dfb95776b211288b6cd4f13039a3cefc4,2026-04-14 03:28:06.332159+00:00,hu,24.hu,24.hu,2026-04-14,Így ölték meg Abraham Lincolnt,https://24.hu/tudomany/2026/04/14/lincoln-elnok-merenylet-amerika/
863b991407fc84e3266f23c12a436bd5a33ea8ffd5ad6be3d4f3f904a00e67c0,2026-04-13 21:20:12.977604+00:00,hu,24.hu,24.hu,2026-04-13,Megérezte Bárány Donát hiányát a Debrecen,https://24.hu/sport/foci/2026/04/13/magyar-foci-nb-1-kisvarda-debrecen/
30c664809c353ef42b22af264bcc65a0614cdca15f0923bd0e9605348cf738a8,2026-04-13 20:36:59.609994+00:00,hu,24.hu,24.hu,2026-04-13,A nap legfontosabb hírei – 2026. április 13.,https://24.hu/belfold/2026/04/13/a-nap-legfontosabb-hirei-2026-aprilis-13/
c03ecfed0552ed8c30f07d012ffafdbccc8ad3c4efe76f85f92079a678a32b10,2026-04-13 20:35:04.912808+00:00,hu,24.hu,24.hu,2026-04-13,Wáberer élete egyik legboldogabb napján Magyar Péterékkel ünnepelt,https://24.hu/belfold/2026/04/13/waberer-elete-egyik-legboldogabb-napjan-magyar-peterekkel-unnepelt/
5ead1f2a09b7e06ea05bd71006d181da69e1c46cb5be7e638c3e79796a18aae7,2026-04-13 20:35:00.015867+00:00,hu,24.hu,24.hu,2026-04-13,Ostobának nevezte a szerb elnök Magyar Péter kijelentését,https://24.hu/belfold/2026/04/13/ostobanak-nevezte-a-szerb-elnok-magyar-peter-kijelenteset/
a9a108e25dc31fb35ccb1dfc775f7650332b916162b9601213978abc14d1ba91,2026-04-13 20:26:33.095100+00:00,hu,24.hu,24.hu,2026-04-13,"A Fidesz kiszervezte a piszkos munkát. Volt, aki bevállalta, és volt, aki nemet mondott rá"" – így értékelik a közvélemény-kutatók a választási eredményt",https://24.hu/belfold/2026/04/13/valasztas-kozvelemeny-kutatas-propaganda-szakma/
c572483a7033bf4e67eb85ac96a30918b6ce21c4485556cdc1e97e08782cee6a,2026-04-13 20:22:18.084969+00:00,hu,444.hu,444.hu,2026-04-13,"A nagyvárosokban tarolt, Budapesten mindenhol 60% fölött a Tisza, a Fidesz-lista egy helyen 25%-ot sem kapott",https://444.hu/2026/04/13/a-nagyvarosokban-tarolt-budapesten-mindenhol-60-folott-a-tisza-a-fidesz-lista-egy-helyen-25-ot-sem-kapott?utm_source=rss_feed&utm_medium=rss&utm_campaign=rss_syndication
af6bddb35903982be0d75af9ec2e54e279ade44a06ae299bd8167b8049541ad8,2026-04-13 20:20:33.143876+00:00,hu,444.hu,444.hu,2026-04-13,Orbán Viktor megszólalt,https://444.hu/2026/04/13/orban-viktor-megszolalt?utm_source=rss_feed&utm_medium=rss&utm_campaign=rss_syndication
908eaa004575766e59b706716d32048f42e4d6b358f7b0a537cd7982ece7eb53,2026-04-13 20:20:22.175752+00:00,hu,444.hu,444.hu,2026-04-13,Magyarország lerázta magáról az Orbán-rendszert,https://444.hu/2026/04/13/magyarorszag-lerazta-magarol-az-orban-rendszert?utm_source=rss_feed&utm_medium=rss&utm_campaign=rss_syndication
00ddf7b0af8398d388f49c81ed88118385d5afb302d61d6a98123bd625c6dc3f,2026-04-13 20:20:15.485278+00:00,hu,444.hu,444.hu,2026-04-13,"Négy fideszes képviseli 1998 óta a körzetét, de most mindannyian elbuktak",https://444.hu/2026/04/13/negy-fideszes-kepviseli-1998-ota-a-korzetet-de-most-mindannyian-elbuktak?utm_source=rss_feed&utm_medium=rss&utm_campaign=rss_syndication
547f8aaed3731eb2d7a28c3d8bcb27fc98e24cda21d6f13f407e3f76fb523e96,2026-04-13 19:28:18.139578+00:00,hu,24.hu,24.hu,2026-04-13,Magyar Péter: Levelet kaptam a köztársasági elnöktől,https://24.hu/belfold/2026/04/13/magyar-peter-levelet-kaptam-a-koztarsasagi-elnoktol/
8bbacd71691692dafaef62727cbe7ba9af945efbe28a58a3928dad1041f6e1ae,2026-04-13 19:27:54.571643+00:00,hu,24.hu,24.hu,2026-04-13,Hann Endre: A közvélemény-kutatásnak steril műszernek kellene lennie,https://24.hu/belfold/2026/04/13/hann-endre-median-kozvelemeny-kutatas-interju/
f5694d65c52ddc84b98e74ab132fb6c7791fa9519e1217a3566e617df80166a6,2026-04-13 19:27:37.961638+00:00,hu,24.hu,24.hu,2026-04-13,2002: Amikor a Fidesz először vesztett kormányon – és ami utána történt,https://24.hu/belfold/2026/04/13/2002-fidesz-vereseg-polgari-korok/
31e059e19442c676ca98d862dd9aa507aea7399de1c4907cd42cd63aa88e5482,2026-04-13 19:27:11.353258+00:00,hu,24.hu,24.hu,2026-04-13,Gratulált Magyar Péternek a fehérorosz diktátor,https://24.hu/belfold/2026/04/13/gratulalt-magyar-peternek-a-feherorosz-diktator/
9f5c0cf069b230ef62b60ad52c5ab4ebcafa3aa2fed08380c17267e773733acb,2026-04-13 19:27:05.855545+00:00,hu,24.hu,24.hu,2026-04-13,"Félidőben vesztésre állt, a hajrában hengerelt a Veszprém",https://24.hu/sport/2026/04/13/kezilabda-nb-i-veszprem-szeged/
b1506406e445334e8dd27bfc444b1c42e9310791d6e2d047e106e02088adbf77,2026-04-13 19:27:00.864227+00:00,hu,24.hu,24.hu,2026-04-13,10 európai vezetővel és Kelemen Hunorral beszélt ma telefonon Magyar Péter,https://24.hu/belfold/2026/04/13/10-europai-vezetovel-es-kelemen-hunorral-beszelt-ma-telefonon-magyar-peter/
378b886fe4493cf360c842bdc837ff81beeca46ecee02343fbb1b0ee6727d7d9,2026-04-13 18:29:45.876984+00:00,hu,24.hu,24.hu,2026-04-13,Orbán Viktor: Ma a munka elindul,https://24.hu/belfold/2026/04/13/orban-viktor-ma-a-munka-elindul/
7f7f38e4785be2ef10cf6b7f3376c82f903f3dba20b65deab7e15490c830e277,2026-04-13 18:28:52.217682+00:00,hu,24.hu,24.hu,2026-04-13,"Az a baj, hogy a kis buzi Magyar Péternek hittek a választók"" – értékelte a választások eredményét a piliscsabai jegyzőnő",https://24.hu/belfold/2026/04/13/az-a-baj-hogy-a-kis-buzi-magyar-peternek-hittek-a-valasztok-ertekelte-a-valasztasok-eredmenyet-a-piliscsabai-jegyzono/
76d4d5affa28d97f158e9ec5e10a283988a5039a036d34b583f75bd1c6434ba3,2026-04-13 18:19:45.828177+00:00,hu,444.hu,444.hu,2026-04-13,Sztrájkoltak a kínai vendégmunkások Oroszországban,https://444.hu/2026/04/13/sztrajkoltak-a-kinai-vendegmunkasok-oroszorszagban?utm_source=rss_feed&utm_medium=rss&utm_campaign=rss_syndication
1b08226a5dcfcd63bfded1ea882354c42715593f5d4a79061c8358a995870973,2026-04-13 18:19:40.935386+00:00,hu,444.hu,444.hu,2026-04-13,Egy korszak vége: Németh Balázs hétfőn már a saját műsorába se ment be,https://444.hu/2026/04/13/egy-korszak-vege-nemeth-balazs-hetfon-mar-a-sajat-musoraba-se-ment-be?utm_source=rss_feed&utm_medium=rss&utm_campaign=rss_syndication
1ceede26743e53a40fe72a97d1b52ce2a22a9598a8b6ea4763b12c8a2005b3c3,2026-04-13 18:19:35.906469+00:00,hu,444.hu,444.hu,2026-04-13,"Bulitudósítás: Úgy lüktetett a Margit híd, mint az ér Szijjártó Péter halántékán",https://444.hu/2026/04/13/bulitudositas-ugy-luktetett-a-margit-hid-mint-az-er-szijjarto-peter-halantekan?utm_source=rss_feed&utm_medium=rss&utm_campaign=rss_syndication
5363e47c41b15598e05dc82c4063827f1416e59ceb33831339aa35f45ccf8e0b,2026-04-13 18:19:31.975713+00:00,hu,444.hu,444.hu,2026-04-13,A bíróság két hónappal meghosszabbította a Szőlő utcai ügy négy gyanúsítottjának letartóztatását,https://444.hu/2026/04/13/a-birosag-kethonappal-meghosszabbitotta-a-szolo-utcai-ugy-negy-gyanusitottjanak-letartoztatasat?utm_source=rss_feed&utm_medium=rss&utm_campaign=rss_syndication
3ddefc5bd2c26e4b940f747a3406d53f4da9ab10271fb4df5a77ed701876616d,2026-04-13 18:19:20.834805+00:00,hu,444.hu,444.hu,2026-04-13,Előkerült Szijjártó,https://444.hu/2026/04/13/elokerult-szijjarto?utm_source=rss_feed&utm_medium=rss&utm_campaign=rss_syndication
9b11b5373564de100120e29fde695ebe3fd34a2b5b6b42a8b4d20df4bb063206,2026-04-13 18:19:10.990354+00:00,hu,444.hu,444.hu,2026-04-13,"Kipukkadt a lufi, de nem az a lufi",https://444.hu/2026/04/13/kipukkadt-a-lufi-de-nem-az-a-lufi?utm_source=rss_feed&utm_medium=rss&utm_campaign=rss_syndication
d854e216f103a834b0d671991296f9a8e07da83af092fd2022eb94b5e5c04dd4,2026-04-13 18:19:05.928550+00:00,hu,444.hu,444.hu,2026-04-13,Eltűnt a radnaimark.hu weboldal,https://444.hu/2026/04/13/eltunt-a-randaimarkhu-weboldal?utm_source=rss_feed&utm_medium=rss&utm_campaign=rss_syndication
1e7e6b230169f684d0234d23c27cb0a348d5c1eb8ae1fdde3d4e065e8344e940,2026-04-13 18:18:55.804878+00:00,hu,444.hu,444.hu,2026-04-13,Barcs Miklós: Túléltük a szarbánizmust!,https://444.hu/2026/04/13/barcs-miklos-tuleltuk-a-szarbanizmust?utm_source=rss_feed&utm_medium=rss&utm_campaign=rss_syndication
b9242a65ad5e00fc0c69e0abba67fd476a5062bee32c520d8dea2b36de52e5d2,2026-04-13 18:18:50.565968+00:00,hu,444.hu,444.hu,2026-04-13,"Hiába bukott meg az Orbán-kormány, még hetekig velünk maradhatnak",https://444.hu/2026/04/13/hiaba-bukott-meg-az-orban-kormany-meg-hetekig-velunk-maradhatnak?utm_source=rss_feed&utm_medium=rss&utm_campaign=rss_syndication
0719601e3384f31d9e74c6c19c23c2e076b00fe10fc96dcce5551b1c2165a993,2026-04-13 18:18:40.588439+00:00,hu,444.hu,444.hu,2026-04-13,"Ez nem egyszerű választási győzelem, ez népfelkelés az orbánizmus ellen",https://444.hu/2026/04/13/ez-nem-egyszeru-valasztasi-gyozelem-ez-nepfelkeles-az-orbanizmus-ellen?utm_source=rss_feed&utm_medium=rss&utm_campaign=rss_syndication
cd08ace2be0110d0194cbe1133889c049d52b61915f9faf93c25c115fb61fc7a,2026-04-13 18:18:30.570513+00:00,hu,444.hu,444.hu,2026-04-13,Elrendelték a Váci úti felüljárón tömegbalesetet okozó sofőr letartóztatását,https://444.hu/2026/04/13/elrendeltek-a-vaci-uti-feluljaron-tomegbalesetet-okozo-sofor-letartoztatasat?utm_source=rss_feed&utm_medium=rss&utm_campaign=rss_syndication
b4f16f319ece945fafb398ec726a50d494fa90c45b73880bbc3ba31b4fec2ebc,2026-04-13 18:18:27.634469+00:00,hu,444.hu,444.hu,2026-04-13,Ferencz Orsolya kivágná a nemzeti oldal testéből a vereségért felelősöket,https://444.hu/2026/04/13/ferencz-orsolya-kivagna-a-nemzeti-oldal-testebol-a-veresegert-felelosoket?utm_source=rss_feed&utm_medium=rss&utm_campaign=rss_syndication
e6cd1dbe8e4f73c14726925336fa7919cd430517297016c4eabdd6212800f0e0,2026-04-13 18:18:20.906742+00:00,hu,444.hu,444.hu,2026-04-13,Magyar Péter: Orbán Viktor többé nem lehet Magyarország miniszterelnöke,https://444.hu/2026/04/13/magyar-peter-ertekeli-a-valasztasok-eredmenyet?utm_source=rss_feed&utm_medium=rss&utm_campaign=rss_syndication
277161ae911a6603c08f98fee98a3073834388ffce271501dd75e4de5ca82b4e,2026-04-13 18:18:15.952467+00:00,hu,444.hu,444.hu,2026-04-13,Jámbor András szerint vizsgálat indulhat a Tisza elleni titkosszolgálati ügyben,https://444.hu/2026/04/13/jambor-andras-szerint-vizsgalat-indulhat-a-tisza-elleni-titkosszolgalati-ugyben?utm_source=rss_feed&utm_medium=rss&utm_campaign=rss_syndication
caa12420ce526ba547f7f85c81a4c5acce82a2ec4ce90c64dc6fe3b9e4757f17,2026-04-13 18:18:10.881046+00:00,hu,444.hu,444.hu,2026-04-13,XIV. Leó pápa visszaszólt az elnöknek: nem félek a Trump-kormányzattól,https://444.hu/2026/04/13/xiv-leo-papa-visszaszolt-az-elnoknek-nem-felek-a-trump-kormanyzattol?utm_source=rss_feed&utm_medium=rss&utm_campaign=rss_syndication
0b874f432bba1c72468e7dcf34b39fa2d9dd4e5b3cae19cbc084f3af938d3c24,2026-04-13 18:18:05.831409+00:00,hu,444.hu,444.hu,2026-04-13,"Egy hónap alatt feleződött, már csak 44 napra elég a magyar olajtartalék",https://444.hu/2026/04/13/egy-honap-alatt-felezodott-mar-csak-44-napra-eleg-a-magyar-olajtartalek?utm_source=rss_feed&utm_medium=rss&utm_campaign=rss_syndication
3379041a2093a7806e97c9a8c3858d33f37a0a4059bd8672eda91563475bd681,2026-04-13 18:18:00.533926+00:00,hu,444.hu,444.hu,2026-04-13,Reagált a Kreml Magyar Péter győzelmére,https://444.hu/2026/04/13/reagalt-a-kreml-magyar-peter-gyozelmere?utm_source=rss_feed&utm_medium=rss&utm_campaign=rss_syndication
de26d05183a34233d97a86e6773bf50384edb505a45d7c2d63ef2937cefdcc6a,2026-04-13 18:17:55.216117+00:00,hu,444.hu,444.hu,2026-04-13,"Az Alkotmánybíróság és az Állami Számvevőszék reagált arra, hogy Magyar lemondásra szólította fel a vezetőiket",https://444.hu/2026/04/13/az-alkotmanybirosag-es-az-allami-szamvevoszek-reagalt-arra-hogy-magyar-lemondasra-szolitotta-fel-a-vezetoiket?utm_source=rss_feed&utm_medium=rss&utm_campaign=rss_syndication
a4820fa6b0a93e686705025663b792e063f8bb5aa2467ce3314195080aa96913,2026-04-13 18:17:30.410319+00:00,hu,444.hu,444.hu,2026-04-13,Szimbolikus pillanatok az Orbán bukásához vezető úton,https://444.hu/2026/04/13/szimbolikus-pillanatok-az-orban-bukasahoz-vezeto-uton?utm_source=rss_feed&utm_medium=rss&utm_campaign=rss_syndication
c16432aeb4a8546a450334c9d3555fd177c3bde438a6e7bc0cbb87829344aab9,2026-04-13 18:17:20.275182+00:00,hu,444.hu,444.hu,2026-04-13,Hollandia: a boldog gyerekkor titka,https://444.hu/2026/04/13/hollandia-a-boldog-gyerekkor-titka?utm_source=rss_feed&utm_medium=rss&utm_campaign=rss_syndication
52954700e3f65fe9ebd984e92dea40a78f3ae345714e5e2a9ff61b4e7f64c424,2026-04-13 18:17:17.157825+00:00,hu,444.hu,444.hu,2026-04-13,Elvonóra ment Britney Spears,https://444.hu/2026/04/13/elvonora-ment-britney-spears?utm_source=rss_feed&utm_medium=rss&utm_campaign=rss_syndication
16496a17ceff311ef8a54419ea3a1eac77b8c9a360bc5d0df1ae9dfa46e28782,2026-04-13 18:17:10.286331+00:00,hu,444.hu,444.hu,2026-04-13,"Találtunk egy statisztikát, amely alapján Menczer Tamás nem is szerepelt olyan rosszul",https://444.hu/2026/04/13/talaltunk-egy-statisztikat-amely-alapjan-menczer-tamas-nem-is-szerepelt-olyan-rosszul?utm_source=rss_feed&utm_medium=rss&utm_campaign=rss_syndication
8a801b44f3764f26ffe130b4e7ea78c726d3377d885b2e242901c700c49fb3d4,2026-04-13 17:48:55.115177+00:00,hu,24.hu,24.hu,2026-04-13,"Rogán Antal megszólalt a választási vereség után, büntetésről és alázatról beszélt",https://24.hu/belfold/2026/04/13/rogan-antal-megszolalt-a-valasztasi-vereseg-utan-buntetesrol-es-alazatrol-beszelt/
bd290401d9ed4dc598769ff3cd466dd9716caa1903b95578d54236ac94a413a7,2026-04-13 17:48:48.993159+00:00,hu,24.hu,24.hu,2026-04-13,Vizsgálja az ügyészség a Gundalfék ellen indított büntetőeljárást,https://24.hu/belfold/2026/04/13/ugyeszseg-gundalf-viszgalat-gyermekpornografia-legfobb-ugyesz-titkosszolgaat/
f712ade5ade742a9b9476bbb9e0867e1ba86743e30f67cfe04926d91bd6c1aac,2026-04-13 17:48:38.622988+00:00,hu,24.hu,24.hu,2026-04-13,Nem aratott osztatlan sikert Ördög Nóra választás utáni napon közölt sejtelmes posztja,https://24.hu/szorakozas/2026/04/13/ordog-nora-valasztas-utani-posztja/
49529ac479fb3fad77fb9dc7c30605acf93dfb142897509760591dd978e46a13,2026-04-13 17:48:22.810663+00:00,hu,24.hu,24.hu,2026-04-13,Szurkolói pofon is elcsattant a hatalmas kézilabdabunyóban,https://24.hu/sport/2026/04/13/kezilabda-verekedes-szurkoloi-botrany-karvina-zubri/
da387c79fbd6873b49f78b3b5c1d093de5f4f0e68948fedcaf97e766e7027ad3,2026-04-13 17:48:07.563155+00:00,hu,24.hu,24.hu,2026-04-13,Felszállás után le is szállt a Wizz Air Budapest–Barcelona járata,https://24.hu/belfold/2026/04/13/wizz-air-budapest-barcelona-kenyszerleszallas/
ae2142e4877b2362008130de0ae9a59d24227720ec436f56d9c16997bd660e26,2026-04-13 17:47:40.703637+00:00,hu,24.hu,24.hu,2026-04-13,"Amikor Alex Ferguson átment humoristába, és a furcsa mezre fogta a kínos MU-zakót",https://24.hu/sport/foci/2026/04/13/1996-southampton-manchester-united-szurke-mez-alex-ferguson/
c81e0d36c2eccfea153afadcc04f656b94e52183281cccffc51644a55068a114,2026-04-13 17:47:25.196519+00:00,hu,24.hu,24.hu,2026-04-13,"EBESZ: A választók valódi alternatívák közül választhattak, de nem voltak egyenlő feltételek",https://24.hu/belfold/2026/04/13/ebesz-a-valasztok-valodi-alternativak-kozul-valaszthattak-de-nem-voltak-egyenlo-feltetelek/
b14ab758828923d0b5e06ae71282d674d01da28909c3e054b8e3bff546944cf0,2026-04-13 17:46:56.535544+00:00,hu,24.hu,24.hu,2026-04-13,Peszkov: A barátságtalan országoknak nem küldünk gratulációt,https://24.hu/belfold/2026/04/13/peszkov-a-baratsagtalan-orszagoknak-nem-kuldunk-gratulaciot/
96c61c92327cb52760ecdf2df8112fc1c596ffd3af57ced22c3b9ffec753c0eb,2026-04-13 17:27:52.572842+00:00,hu,444.hu,444.hu,2026-04-13,"Rogán: Tudom, hogy megbüntettek minket az emberek",https://444.hu/2026/04/13/rogan-tudom-hogy-megbuntettek-minket-az-emberek?utm_source=hirstart&utm_medium=referral&utm_campaign=ct
41bc88ca99d64feb9414e287d51312db03f420a3831b3feafe7ff2643c20536f,2026-04-13 16:51:02.775390+00:00,hu,24.hu,24.hu,2026-04-13,Török Gábor: Az Orbán-rendszernek nincs visszaút,https://24.hu/belfold/2026/04/13/podcast-torokules-valasztas-2026-tisza-fidesz/
c5be17e55903c0016e3abbef7872488152dd20a64fcf0d5e8cbe412d28eb87a2,2026-04-13 16:50:57.937593+00:00,hu,24.hu,24.hu,2026-04-13,"Piliscsabai jegyzőnő: „Az a baj, hogy a kis buzi Magyar Péternek hittek a választók”",https://24.hu/belfold/2026/04/13/buzi-magyar-peter-piliscsabai-jegyzo/
ab0a3ae3b5769e56e2568d56a26bedb2024c65700579b44a7c8f91a614af5e09,2026-04-13 16:33:10.734753+00:00,hu,24.hu,24.hu,2026-04-13,Magyar Orvosi Kamara: Let's dance,https://24.hu/belfold/2026/04/13/magyar-orvosi-kamara-lets-dance/
40ddfdc133210d8d0f1e844425e707bb4b8d3b773947956c58995eb2e70530ab,2026-04-13 16:32:59.384480+00:00,hu,24.hu,24.hu,2026-04-13,Tarjányi: Magyar Péternek már a jelöltté válás pillanatában meg kellett volna kapnia a személyi védelmet,https://24.hu/belfold/2026/04/13/tarjanyi-peter-tek-magyar-peter-szemelyi-vedelem/
ac7b99bb50d951e0556662544454e443eee9d8c2451926e4b41eb68b8e26be16,2026-04-13 16:32:50.085043+00:00,hu,24.hu,24.hu,2026-04-13,Magyar Péter nemzetközi sajtótájékoztatójának legfontosabb mondatai,https://24.hu/belfold/2026/04/13/magyar-peter-nemzetkozi-sajtotajekoztatojanak-legfontosabb-mondatai/
df75eba6d4583b1559f0c9f53e20442cec6fb0ffda035cbde9b8abf98f4e4039,2026-04-13 16:31:40.183969+00:00,hu,24.hu,24.hu,2026-04-13,Szoboszlai Dominik: Kész vagyok meghalni a pályán!,https://24.hu/sport/foci/2026/04/13/szoboszlai-dominik-liverpool-psg-bocsanatkeres/
8b33be38953198deddaebe3615c90a54068a6c5856222f7fd1faa4f1797d1c44,2026-04-13 16:26:17.293888+00:00,hu,444.hu,444.hu,2026-04-13,"A legmenőbb fideszesek és tiszások, akik lenyomták a saját pártjukat",https://444.hu/2026/04/13/a-legmenobb-fideszesek-es-tiszasok-akik-lenyomtak-a-sajat-partjukat?utm_source=hirstart&utm_medium=referral&utm_campaign=ct
a5c32b5e26c6ca21858dd9f8bcad88f214442d24189fa2c7d87d840555f3890a,2026-04-13 16:25:51.080421+00:00,hu,444.hu,444.hu,2026-04-13,"Ezek jelenthetik a változást: európai ügyészség, euró, visszalépés a Nemzetközi Büntetőbíróságba",https://444.hu/2026/04/13/ezek-jelenthetik-a-valtozast-europai-ugyeszseg-euro-visszalepes-a-nemzetkozi-buntetobirosagba?utm_source=hirstart&utm_medium=referral&utm_campaign=ct
8199cf77a2a94d481629cc4a49db62003ec9c3a677c21227726626b0df874ad8,2026-04-13 15:56:38.562288+00:00,hu,444.hu,444.hu,2026-04-13,Jó hosszú időre igyekezett bebetonozni a Fidesz a közjogi méltóságokat,https://444.hu/2026/04/13/jo-hosszu-idore-igyekezett-bebetonozni-a-fidesz-a-kozjogi-meltosagokat?utm_source=hirstart&utm_medium=referral&utm_campaign=ct
515eab1b361addd88e20cd3243aa15fd49d016e645c9308b684f49eace3070b4,2026-04-13 15:46:41.372301+00:00,hu,24.hu,24.hu,2026-04-13,Demeter Szilárd a 24.hu-nak: Keserű lesz az ébredés,https://24.hu/kultura/2026/04/13/demeter-szilard-interju-valasztas-2026-orban-viktor/
94412e64d4ed7d294c582e65415f8f7558e6504fc24e963dc59269f8548adc90,2026-04-13 15:46:35.042656+00:00,hu,24.hu,24.hu,2026-04-13,"Templomban erőszakoskodott a feleségével a háromszoros világbajnok, akit gyorsított eljárásban ítéltek el",https://24.hu/sport/2026/04/13/kerekparsport-eroszak-oscar-freire/
e360e60f10c300a5210a3df995ed00b3b54c54b040360f3a70370d97bf3d3de5,2026-04-13 15:46:19.675076+00:00,hu,24.hu,24.hu,2026-04-13,Lázár János megtörte a csendet,https://24.hu/belfold/2026/04/13/lazar-janos-megtorte-a-csendet/
0812e602a7f77af3dc68c27b018ab5ef24370cbe13939d9aaa8508d9ea3640d2,2026-04-13 15:45:56.358390+00:00,hu,24.hu,24.hu,2026-04-13,"Magyar Péter: Ott van egy 63-as lista az irodám falán, amiket ha elkövetnék, leszednének engem",https://24.hu/belfold/2026/04/13/magyar-peter-ott-van-egy-63-as-lista-az-irodam-falan-amiket-ha-elkovetnek-leszednenek-engem/
7f22cec0b954a69585e742a6fb47e3009cb8133e0b7142cced36bea77ac52142,2026-04-13 15:45:45.399400+00:00,hu,24.hu,24.hu,2026-04-13,"Magyar ígéri, nem lesz Orbán kettő",https://24.hu/belfold/2026/04/13/magyar-igeri-nem-lesz-orban-ketto/
8d827f94fd19c22fdc661adcb3bc444c6de205a029909bb4b2b4a3838afccfca,2026-04-13 15:45:35.040535+00:00,hu,24.hu,24.hu,2026-04-13,A Nézőpont Intézet módszertani önvizsgálatot indít,https://24.hu/belfold/2026/04/13/a-nezopont-intezet-modszertani-onvizsgalatot-indit/
f5baf9e21039fd6066cfbfafd85464e08097cae879885746e281b0bb2adbd702,2026-04-13 15:45:30.092960+00:00,hu,24.hu,24.hu,2026-04-13,Rossz előzés okozott tragédiát Üllőnél,https://24.hu/belfold/2026/04/13/ullo-motoros-halalos-baleset/
3ae3e04d1dcbf5b35e62fc74881a39574da226f2ba034f385e335b0820e0b976,2026-04-13 15:45:25.050756+00:00,hu,24.hu,24.hu,2026-04-13,"A választás a lehető legjobban sikerült"" – hogyan győzte le a volt rendőrkapitány Pócs Jánost?",https://24.hu/belfold/2026/04/13/jaszsag-halmai-ferenc-interju-valasztas-2026/
6e6e6c66d5a21094c63092c62659ff4c86a745efac0f28d8ee2858ccbd2c6fd8,2026-04-13 15:45:01.590285+00:00,hu,24.hu,24.hu,2026-04-13,"Sulyok Tamás egyeztetésre hívta Magyart, Orbánt és Toroczkait",https://24.hu/belfold/2026/04/13/sulyok-tamas-egyeztetesre-hivta-magyart-orbant-es-toroczkait/
66a86e12e7debd53f0c14416b273abf14b69b07f6dad8f94f32d2f29f172e6e4,2026-04-13 15:44:57.906198+00:00,hu,24.hu,24.hu,2026-04-13,Magyar Péter: Magyarországon a gyülekezési jog mindenkit megillet,https://24.hu/belfold/2026/04/13/magyar-peter-magyarorszagon-a-gyulekezesi-jog-mindenkit-megillet/
102f0f4e795b227dc8cc146932dffcbe4c79dd7341c3c3b1caeae7ea94eb8fa3,2026-04-13 15:17:35.264664+00:00,hu,444.hu,444.hu,2026-04-13,"Magyar Péter a 444-nek: Orbán Viktor nem lehet már miniszterelnök, rá is vonatkozni fog az alaptörvény",https://444.hu/2026/04/13/magyar-peter-a-444-nek-orban-viktor-nem-lehet-mar-miniszterelnok-ra-is-vonatkozni-fog-az-alaptorveny?utm_source=hirstart&utm_medium=referral&utm_campaign=ct
435c57ec6293250bfc6bd922c3726134b130f1904f68b7c17e6eb3228951f53a,2026-04-13 14:47:37.025183+00:00,hu,24.hu,24.hu,2026-04-13,Legyőzték a Fidesz nagyágyúit a Tisza orvosai,https://24.hu/belfold/2026/04/13/tisza-orvosok-valasztas-hegedus-zsolt-kincse-csongor/
34dc9d27210e7811f9a21a3480390101659810177e4fe8b47238328926b04e92,2026-04-13 14:47:32.255078+00:00,hu,24.hu,24.hu,2026-04-13,"Megdőlt, hogy Orbán Viktor a vidék nagy ismerője – Háromharmad a Fidesz-vereségről",https://24.hu/belfold/2026/04/13/podcast-haromharmad-tisza-ketharmad-median/
c75a3135d697ad4b63361d3f030df250e5d4a9d177b27b4528a2e607f6cae45b,2026-04-13 14:47:10.723715+00:00,hu,24.hu,24.hu,2026-04-13,"Tragédia a Váci úti felüljárónál: 30 milliós óvadékot ajánlott fel a balesetet okozó török sofőr, de letartóztatták",https://24.hu/kulfold/2026/04/13/vaci-uti-feluljaro-tragedia-ovadek/
bbbca4b596d521db0ee237c1aff451b8bc97bb018322cccafa60413d1dfe778d,2026-04-13 14:46:58.283855+00:00,hu,24.hu,24.hu,2026-04-13,"Magyar Péter szerint mindenki tudja Magyarországon, hogy Ukrajna áldozat",https://24.hu/belfold/2026/04/13/magyar-peter-szerint-mindenki-tudja-magyarorszagon-hogy-ukrajna-aldozat/
7c030d079576b5e7920243f1772dd794e7cfbd7318755eee995ae29b2aec8c9e,2026-04-13 14:46:48.603051+00:00,hu,24.hu,24.hu,2026-04-13,Magyar Péter az euró bevezetéséről beszélt,https://24.hu/belfold/2026/04/13/magyar-peter-az-euro-bevezeteserol-beszelt/
be9f44d043ce91b17d53cff974399754619b3487ebf6f628fce306e9a168d859,2026-04-13 14:46:43.893543+00:00,hu,24.hu,24.hu,2026-04-13,Kivizsgálják a Török Áramlatnál történt incidenst,https://24.hu/belfold/2026/04/13/kivizsgaljak-a-torok-aramlatnal-tortent-incidenst/
ab55e4c752945381f1fbd57959823cc2aa666dd11930d4531f67a032bfb05f4f,2026-04-13 14:37:29.898125+00:00,hu,24.hu,24.hu,2026-04-13,Magyar Péter szerint Ukrajna tíz éven belül nem csatlakozik az EU-hoz,https://24.hu/belfold/2026/04/13/magyar-peter-szerint-ukrajna-tiz-even-belul-nem-csatlakozik-az-eu-hoz/
c8c1ce1e20473cdef4cfec0ea0fb3441a492f83689409dcdc12cc320d5baabf4,2026-04-13 14:35:47.067190+00:00,hu,24.hu,24.hu,2026-04-13,Visszalépünk a Nemzetközi Büntetőbíróságba,https://24.hu/belfold/2026/04/13/visszalepunk-a-nemzetkozi-buntetobirosagba/
6325ec2e500cb32195e0929e23dbf8b7b1baa88abec364931367898910fbdb86,2026-04-13 14:35:31.182545+00:00,hu,24.hu,24.hu,2026-04-13,"Mikor ül össze az új parlament, mikor áll fel az új kormány? – a választás utáni folyamat lépésről lépésre",https://24.hu/belfold/2026/04/13/valasztas-2026-tisza-kormany-alakulas-menetrend-parlament/
15f74977e0909624ed1c63737d2a557183de0b2c1081fa83609c3d320a753d14,2026-04-13 14:35:07.824329+00:00,hu,24.hu,24.hu,2026-04-13,"Magyar Péter: Nem egy politikus feladata, hogy eldöntse, egy volt miniszterelnöknek a börtönben van-e a helye",https://24.hu/belfold/2026/04/13/magyar-peter-nem-egy-politikus-feladata-hogy-eldontse-egy-volt-miniszterelnoknek-a-bortonben-van-e-a-helye/
35745d8bdd37de7634f05c8cfbb7b006daf3a6cd752f1fa0f9f800bd44d825c6,2026-04-13 14:32:05.511552+00:00,hu,24.hu,24.hu,2026-04-13,Varga Mihály jegybankelnöknek bizalmat adott Magyar Péter,https://24.hu/belfold/2026/04/13/varga-mihaly-jegybankelnoknek-bizalmat-adott-magyar-peter/
89b0db89c53d1a15c23d6c5d1fd2001ecfd62c57068117736c9e8cad98670933,2026-04-13 14:32:00.435096+00:00,hu,24.hu,24.hu,2026-04-13,"Sebestyén Balázs a rendszerváltásról: Rühelltem, gyűlöltem, és nagyon vártam, hogy vége legyen",https://24.hu/szorakozas/2026/04/13/valasztas-2026-sebestyen-balazs-tisza-part-gyozelem/
979cb691b907b547d55a0b8ff87de7fd4c0d049168ad95386994319d0a9c083d,2026-04-13 14:31:55.523976+00:00,hu,24.hu,24.hu,2026-04-13,Újabb lendületet vett az amúgy is megerősödött forint,https://24.hu/belfold/2026/04/13/ujabb-lenduletet-vett-az-amugy-is-megerosodott-forint/
a27be4059007d9b5a202d031d3faea0026659e04aa72bb1933e6a02bc54af18d,2026-04-13 14:31:49.514632+00:00,hu,24.hu,24.hu,2026-04-13,Magyar Péter: Magyarország nem lesz nemzetközileg körözött bűnözők lerakóhelye,https://24.hu/belfold/2026/04/13/magyar-peter-magyarorszag-nem-lesz-nemzetkozileg-korozott-bunozok-lerakohelye/
7ecbdf9a68ad46b2e3d3a2619ed79e23de6ea90feda6cd3e50f23555ea9c9d2a,2026-04-13 14:31:31.841210+00:00,hu,24.hu,24.hu,2026-04-13,"Magyar Péter az orosz energiahordozókról: Mindent el fogunk követni a diverzifikációért, de ez nem jelenti azt, hogy le fogunk válni",https://24.hu/belfold/2026/04/13/magyar-peter-az-orosz-energiahordozokrol-mindent-el-fogunk-kovetni-a-diverzifikacioert-de-ez-nem-jelenti-azt-hogy-le-fogunk-valni/
a2220de8b7973b46cb249551b66f10e8d7b00580dad61c7ac4bcf66ee63a7010,2026-04-13 14:31:26.951147+00:00,hu,24.hu,24.hu,2026-04-13,Galla Miklós szerint az egészségügyben való rendrakást az ő műtétjével kellene kezdeni,https://24.hu/kultura/2026/04/13/galla-miklos-tisza-egeszsegugy-media-mutet/
3be443ee0837a82650aade2e40f7f31e9c6f8710d42318187c330b8fb7fc3de4,2026-04-13 14:31:01.122721+00:00,hu,24.hu,24.hu,2026-04-13,"Ne engedjék, hogy az igazság helyét a kényelmes közöny vegye át"" – a Kaliforniában elhunyt Jázmin édesanyja nyílt levelet írt Magyar Péternek",https://24.hu/belfold/2026/04/13/pellegrini-jazmin-magyar-peter-gyermekvedelem/
eea4090956b9285a1fd2ebc339098413505068183751695fd6270f137ab6c5e7,2026-04-13 14:29:56.375356+00:00,hu,24.hu,24.hu,2026-04-13,A vállalkozók is bizalmat szavaztak a kétharmados győzelmet arató Tiszának,https://24.hu/fn/gazdasag/2026/04/13/vosz-vallalkozok-tisza-egyuttmukodes/
23e9cb70e891ab9e39ed4880ef673e33e2954c18b57f6dae8092bf9355f4631b,2026-04-13 14:17:26.342620+00:00,hu,444.hu,444.hu,2026-04-13,A rendszerváltás napja,https://444.hu/2026/04/13/a-rendszervaltas-napja?utm_source=hirstart&utm_medium=referral&utm_campaign=ct
65f980bf49e3c840ef1299a48b3ef9125ce25f2ce07bd441b36a89d780c078b0,2026-04-13 13:48:58.833058+00:00,hu,24.hu,24.hu,2026-04-13,"Magyar szerint módosítani kell a mostani költségvetést, mert már összeomlott 2025-ben",https://24.hu/belfold/2026/04/13/magyar-szerint-modositani-kell-a-mostani-koltsegvetest-mert-mar-osszeomlott-2025-ben/
84ad568d0fca479af526d0a84ffa7d0db7dd7b13d9b8da13e2100192c8011bab,2026-04-13 13:48:37.122099+00:00,hu,24.hu,24.hu,2026-04-13,Magyar Péter. Orbán Viktor nem lehet többet Magyarország miniszterelnöke,https://24.hu/belfold/2026/04/13/magyar-peter-orban-viktor-nem-lehet-tobbet-magyarorszag-miniszterelnoke/
abdb0a47ba22203c75fb98c5e2065b5180d4812ba4816d6ef148295a4a4bda49,2026-04-13 13:47:57.012067+00:00,hu,24.hu,24.hu,2026-04-13,"Magyar: Sulyok Tamást azért tették oda, hogy mindent aláírjon, a menüt, az alaptörvényt, a jogszabályokat",https://24.hu/belfold/2026/04/13/magyar-sulyok-tamast-azert-tettek-oda-hogy-mindent-alairjon-a-menut-az-alaptorvenyt-a-jogszabalyokat/
22b13016d543c133e1b1a363e1d180e7646f7933cf6ac946f3b36dcc8abc950e,2026-04-13 13:47:51.690770+00:00,hu,24.hu,24.hu,2026-04-13,Elérhetetlenné vált a Radnai Márk és Magyar Péter lejáratásával fenyegető oldal,https://24.hu/belfold/2026/04/13/radnai-mark-fidesz-honlap-elerhetetlen/
c58b25bbd858178024f43b1e71357cfaf2f82456451fb41419a73e78c3fb0a64,2026-04-13 13:47:38.147656+00:00,hu,24.hu,24.hu,2026-04-13,Mi jelenti a legnagyobb veszélyt a nyugdíjasokra a választás után?,https://24.hu/fn/gazdasag/2026/04/13/nyugdijasok-veszely-elszegenyedes-valasztas/
42eafe5c5b7a99ceb3335ae12af92f816b3b800b457cd1174dc1056d85674805,2026-04-13 13:47:19.903099+00:00,hu,24.hu,24.hu,2026-04-13,"Magyar Péter: Szijjártó Péter megvan, a szankciós anyagokhoz köthető dokumentumokat darálják le éppen",https://24.hu/belfold/2026/04/13/magyar-peter-szijjarto-peter-megvan-a-szankcios-anyagokhoz-kotheto-dokumentumokat-daraljak-le-eppen/
fb7a5b0611c933a243c12d8819e9d2f86b86fb753dde3ff02874e141be18c26e,2026-04-13 13:47:15.422644+00:00,hu,24.hu,24.hu,2026-04-13,L. Simon László kíváncsian néz a Tisza-kormányzás elébe,https://24.hu/belfold/2026/04/13/l-simon-laszlo-kivancsian-nez-a-tisza-kormanyzas-elebe/
b3e86da0c28f2396344c34bdd71901b5b8923a2da3fe3db1353c26df968acbcc,2026-04-13 13:47:00.033900+00:00,hu,24.hu,24.hu,2026-04-13,Nemzetközi sajtótájékoztatót tart Magyar Péter,https://24.hu/belfold/2026/04/13/nemzetkozi-sajtotajekoztatot-tart-magyar-peter/
376a67d6b3648c5bb6c9b696b5a853066804919fa6ca052b5856dcb2d74f5857,2026-04-13 13:46:54.433266+00:00,hu,24.hu,24.hu,2026-04-13,"Azok kérdezhetnek először, akik az elmúlt 16 évben piaci alapon maradtak talpon",https://24.hu/belfold/2026/04/13/azok-kerdezhetnek-eloszor-akik-az-elmult-16-evben-piaci-alapon-maradtak-talpon/
66683e53c81ae461e52188cd7d266b914c4f629293df4b1f9638c5ce7b718ea1,2026-04-13 13:46:49.501879+00:00,hu,24.hu,24.hu,2026-04-13,"Magyar Péter a 24.hu kérdésére: Szeretném, ha semelyik magyar honfitársam nem fogadná el azt, hogy valaki közpénzt lop",https://24.hu/belfold/2026/04/13/magyar-peter-a-24-hu-kerdesere-szeretnem-ha-semelyik-magyar-honfitarsam-nem-fogadna-el-azt-hogy-valaki-kozpenzt-lop/
72f2c07cd76d3c940ac3e21fa518193a738295396848a218d4273c18bbce346c,2026-04-13 12:51:50.115468+00:00,hu,24.hu,24.hu,2026-04-13,A sajtótájékoztató után 3 órán át külföldi vezetőkkel egyeztet Magyar,https://24.hu/belfold/2026/04/13/a-sajtotajekoztato-utan-3-oran-at-kulfoldi-vezetokkel-egyeztet-magyar/
9cc3333f5aaed80b2b6a372d25da00feb579bf372d2325d621e406ed2129113a,2026-04-13 12:51:45.600429+00:00,hu,24.hu,24.hu,2026-04-13,"Békés Márton szerint a NER-nek vége, a Fidesznek meg kell értenie az okokat",https://24.hu/belfold/2026/04/13/bekes-marton-szerint-a-ner-nek-vege-a-fidesznek-meg-kell-ertenie-az-okokat/
aa0c0f37efe1a42493a89f013f5ebd4de1efef107c0945a252d0fa7af8510624,2026-04-13 12:51:40.410844+00:00,hu,24.hu,24.hu,2026-04-13,"Átlagosan alig 70 szavazatot kaptak, mégis büszke jelöltjeire a Szolidaritás Mozgalom",https://24.hu/belfold/2026/04/13/atlagosan-alig-70-szavazatot-kaptak-megis-buszke-jeloltjeire-a-szolidaritas-mozgalom/
16cb414afa653a232d4ee1fc2aebebfc4f5b8c9792c4e50ec8ea997cbd03056c,2026-04-13 12:51:34.978881+00:00,hu,24.hu,24.hu,2026-04-13,Pontlevonással kerülhet bajba Callum Styles csapata,https://24.hu/sport/foci/2026/04/13/angol-foci-west-bromwich-albion-pontlevonas-veszely/
d8e8dfa983d058bfb5246eb11d69e798e5861cc6517027098196cc019e261233,2026-04-13 12:51:29.971860+00:00,hu,24.hu,24.hu,2026-04-13,"Magyar Péter: Akár 141-142 képviselője is lehet a Tiszának, Szijjártó Péterék a szankciós anyagokhoz köthető dokumentumokat darálják le éppen – élőben a nemzetközi sajtótájékoztató",https://24.hu/belfold/2026/04/13/magyar-peter-nemzetkozi-sajtotajekoztato-elo/
fc381d24cc7f1e98dfd54e8bae6ac89bc7128d65b044fc64e1d7787118e21263,2026-04-13 12:51:16.051289+00:00,hu,24.hu,24.hu,2026-04-13,A Magyar Bankszövetség együttműködne a győztes Tisza Párttal,https://24.hu/fn/gazdasag/2026/04/13/magyar-bankszovetseg-tisza-part/
341d8fc2aaf66a721cedfdd5e3e6d6f2ba970b37768467529d1ebff0bac7971b,2026-04-13 12:50:51.274460+00:00,hu,24.hu,24.hu,2026-04-13,Óriási kráterre bukkantak a Holdon,https://24.hu/tech/2026/04/13/hold-oriasi-krater-melyedes-fotok/
05d2e8f886abcd26a4259ace6055443e459a1733709748d441733ff12a3e1083,2026-04-13 12:50:46.386597+00:00,hu,24.hu,24.hu,2026-04-13,"Beton.Hofi arra kéri az emberek főnökeit, hogy legyenek ma elnézőbbek",https://24.hu/kultura/2026/04/13/beton-hofi-skacok-nagy-gol-valasztas-fonok/
f82f0bbc24c93296f6434b8b5d4f359fe120e14cb8057928a4e1c15765fc6cca,2026-04-13 12:50:33.125542+00:00,hu,24.hu,24.hu,2026-04-13,A választás estéjén felkerült az HBO Max-ra a Tavaszi szél,https://24.hu/kultura/2026/04/13/hbo-max-tavaszi-szel-premier/
05564f3cb295a1642abd77937b9b2ab1385cb1874678174a46f662423946a461,2026-04-13 12:50:18.232955+00:00,hu,24.hu,24.hu,2026-04-13,Mégsem javítja memóriánkat a Gingko biloba?,https://24.hu/tudomany/2026/04/13/ginko-biloba-demencia-tanulmany/
450c2de6daf02a0e8e4f34288146bc02090b07a43674b3c946bc84ff03cf10f8,2026-04-13 12:31:09.599504+00:00,hu,444.hu,444.hu,2026-04-13,Képeken a Fidesz történelmi veresége és a tiszás örömünnep,https://444.hu/2026/04/13/kepeken-a-fidesz-tortenelmi-veresege-es-a-tiszas-oromunnep?utm_source=hirstart&utm_medium=referral&utm_campaign=ct
20a49b4cbd165e58642ef15ca0252bac54d4b56fd8be61bd20ba218855729f4a,2026-04-13 11:45:19.144927+00:00,hu,24.hu,24.hu,2026-04-13,Nagy Ervin: Még egy megvezetést nem bír ki a magyar társadalom,https://24.hu/belfold/2026/04/13/nagy-ervin-interju-fejer4-csatater/
9b61738ddcecc5cad74ec263d20f89db207de6db9380d3c23df2ced60a07fd76,2026-04-13 11:45:03.130092+00:00,hu,24.hu,24.hu,2026-04-13,"Mészáros Lajos: Nekem ez az egész képviselőség hirtelen jött négy éve, és most hirtelen múlt el",https://24.hu/belfold/2026/04/13/meszaros-lajos-villaminterju-csatater-fejer4/
131f29d0c7cb34d438a530c67e8e20474df78e655ed52a5e4a56dfd47900215b,2026-04-13 11:44:41.730123+00:00,hu,24.hu,24.hu,2026-04-13,"Ezen a szigeten több macska él, mint ember",https://24.hu/tudomany/2026/04/13/japan-macska-sziget-aoshima/
910b6d0e77a3fffed95d9d7f6e33f1fe99645da535cd419b059552d72ee5d8de,2026-04-13 11:44:07.894379+00:00,hu,24.hu,24.hu,2026-04-13,"Békés Márton a 24.hu-nak: A Nemzeti Együttműködés Rendszerének vége, félreismertük a társadalmat",https://24.hu/kultura/2026/04/13/bekes-marton-interju-valasztas-2026-ner-vege/
6ef72501a229d38ef22d37d5f84353deebed38099aa5a435725df73b3b2b9aeb,2026-04-13 11:37:11.683703+00:00,hu,24.hu,24.hu,2026-04-13,Az éjszaka sosem ért véget – ünneplő fiatalok a Tisza-győzelem után,https://24.hu/belfold/2026/04/13/tisza-gyozelem-buli-fiatalok-magyar-peter/
326adeadaa8b0b433c6ae41a71cc338d6545c8560aad6eefad1f0da164ffaef3,2026-04-13 11:36:39.857909+00:00,hu,24.hu,24.hu,2026-04-13,"Magyarország, szabad vagy!"" – üzent a Tisza győzelme után az Odaát című sorozat sztárja",https://24.hu/szorakozas/2026/04/13/misha-collins-odaat-tisza-part-gyozelem/
d0c7a809eb6f74c4bdb304435a72c2562d5b6d5e8eab02e3dbc1b3f05ff9320e,2026-04-13 11:32:27.229474+00:00,hu,444.hu,444.hu,2026-04-13,"Térképen, hogyan veszítette el 700 ezer szavazóját a Fidesz",https://444.hu/2026/04/13/terkepen-hogyan-veszitette-el-700-ezer-szavazojat-a-fidesz?utm_source=hirstart&utm_medium=referral&utm_campaign=ct
21977342b636b47251843cc85350164c3b566038220ec8dde9bbecbd9d15adc0,2026-04-13 11:27:30.416114+00:00,hu,24.hu,24.hu,2026-04-13,Az éhezők viadala színésze is a belvárosban sétálgatott a választás éjszakáján,https://24.hu/kultura/2026/04/13/josh-hutcherson-ehezok-viadala-szinesz-valasztas/
e9bad15d486c5962d2228339b89d4698dfd848482cdb89ce1ff8628dfe7364b6,2026-04-13 11:26:43.802077+00:00,hu,24.hu,24.hu,2026-04-13,"Üzemanyagár-csökkenés jöhet kedden, a gázolaj piaci ára mérséklődhet",https://24.hu/fn/gazdasag/2026/04/13/uzemanyagar-csokkenes-gazolaj-piaci-ar/
32f8bddc920b3631924a83708c5ad1594323552ec29d138e409cc7cb29c30250,2026-04-13 11:25:40.650861+00:00,hu,24.hu,24.hu,2026-04-13,"A mérkőzés végén az eredményt el kell fogadni"" – a Fideszt támogató kétszeres olimpiai bajnok is reagált a választásokra",https://24.hu/sport/2026/04/13/valasztas-2026-nagy-timea-reakcio/
a30372eca71900e432b62bf798a98a4e850c89e8b2186173b610efb1a715f7ed,2026-04-13 11:24:46.373408+00:00,hu,atlatszo.hu,atlatszo.hu,2026-04-13,"„Reméljük, hogy lesz változás” – videóriport a magukra hagyott baranyai aprófalvakból",https://atlatszo.hu/orszagszerte/2026/04/13/remeljuk-hogy-lesz-valtozas-videoriport-a-magukra-hagyott-baranyai-aprofalvakbol/
dd4956948e627ca28e817da59d335228905ec422d2f0312d8117c08bb5438416,2026-04-13 11:24:28.402308+00:00,hu,atlatszo.hu,atlatszo.hu,2026-04-13,Pár órával a Fidesz veresége után külföldre indultak a honvédségi repülők,https://atlatszo.hu/kozpenz/2026/04/13/par-oraval-a-fidesz-veresege-utan-kulfoldre-indultak-a-honvedsegi-repulok/
5c5331e2967f61d54827481fc7ecb69437a6420b2dbb92429849ddd87dac3f74,2026-04-13 10:47:34.750136+00:00,hu,444.hu,444.hu,2026-04-13,Meglepetés: nem lesz roma listás képviselő a parlamentben,https://444.hu/2026/04/13/meglepetes-nem-lesz-roma-listas-kepviselo-a-parlamentben?utm_source=hirstart&utm_medium=referral&utm_campaign=ct
f21a49225fd700da45afd9347d347291a48dcec160beccf0865e7ac069114e02,2026-04-13 10:41:18.901524+00:00,hu,24.hu,24.hu,2026-04-13,Lesz egy pár igazán meleg napunk,https://24.hu/tudomany/2026/04/13/idojaras-valtozas-meleg-aprilis/
02ed2628930258cef0249230770a34ac240ea22847132f6c66a3913b3751b3f8,2026-04-13 10:41:13.869426+00:00,hu,24.hu,24.hu,2026-04-13,"Olyan rossz koncertet adott a Coachellán Justin Bieber, hogy előkerült a szexizmus vádja",https://24.hu/kultura/2026/04/13/justin-bieber-szexizmus-coachella-sabrina-carpenter/
2a319ac1751410ecb0e0ffe5300d5e502dd90f65dada5fd1a536434c92d6c7d6,2026-04-13 10:40:53.886489+00:00,hu,24.hu,24.hu,2026-04-13,Újraszámolják a szavazatokat Zala 02-ben,https://24.hu/belfold/2026/04/13/ujraszamoljak-a-szavazatokat-zala-02-ben/
7322ad1120761ab468b80944d46e5d56d244a127378259141741e67f843c079d,2026-04-13 10:40:39.348368+00:00,hu,24.hu,24.hu,2026-04-13,"Reagált Polt Péter és Windisch László arra, hogy Magyar Péter távozásra szólította fel őket",https://24.hu/belfold/2026/04/13/reagalt-polt-peter-es-windisch-laszlo-arra-hogy-magyar-peter-tavozasra-szolitotta-fel-oket/
7fce291fad4015ad2bcef0baedbe1e6f646e916446e1cb48743c6be38f285c53,2026-04-13 10:40:27.376571+00:00,hu,24.hu,24.hu,2026-04-13,"Fegyveres rablók állították meg egy csapatbuszt, az egyik focistát meg is ölték",https://24.hu/sport/foci/2026/04/13/ghanai-bajnoksag-berekum-chelsea-samartex-dominic-frimpong-meghalt/
f8aea418af2ac1fb76b36425193002595f2b88b397c8d44e98655c5749e7a836,2026-04-13 10:40:11.966590+00:00,hu,24.hu,24.hu,2026-04-13,"Ferencz Orsolya miniszteri biztos: Amire nincs igény, az a megmagyarázhatatlan mesés gazdagogás, a nepotizmus, a kontraszelekált megélhetési karrierjobboldaliak falkái",https://24.hu/belfold/2026/04/13/ferencz-orsolya-miniszteri-biztos-amire-nincs-igeny-az-a-megmagyarazhatatlan-meses-gazdagogas-a-nepotizmus-a-kontraszelekalt-megelhetesi-karrierjobboldaliak-falkai/
30e7792f1d9afe2352de56e5ab762b8679096d0b61e00553d271e16384505cbb,2026-04-13 10:40:01.196257+00:00,hu,24.hu,24.hu,2026-04-13,Önként elvonóra jelentkezett Britney Spears,https://24.hu/szorakozas/2026/04/13/britney-spears-elvono-alkohol/
8da0d8623f255d947d3f7f69c8f53993e8bc3c630cb9db73ed8d9d3943c8e91e,2026-04-13 10:39:53.870016+00:00,hu,24.hu,24.hu,2026-04-13,"Rács mögött marad Kovács-Buna Károly, a Szőlő utcai gyerekverő megbízott igazgató",https://24.hu/belfold/2026/04/13/szolo-utca-kovacs-buna-karoly-gyerekveres-letartoztatas/
3c432aad190cd7590b207c37a3cfd418a14c4b463b34bb0dfc4d060cb804dbfd,2026-04-13 10:39:48.861308+00:00,hu,24.hu,24.hu,2026-04-13,Megszűnik a Microsoft egyik népszerű alkalmazása,https://24.hu/tech/2026/04/13/microsoft-outlook-lite-megszunes-datum/
89a10c6a73b9ec6c27c0b4c62a9c9cb6140da605a44552856809bc197747ac11,2026-04-13 10:39:43.892549+00:00,hu,24.hu,24.hu,2026-04-13,"Ferencz Orsolya: Nincs igény a megmagyarázhatatlan mesés gazdagodásra, a kontraszelekált megélhetési karrierjobboldaliak falkáira",https://24.hu/belfold/2026/04/13/ferencz-orsolya-gazdagogas-megelhetesi-karrierjobboldaliak/
13a9465f83d3a852bd1c7a4fcbc3973f1c066766c064742e64605866ed544982,2026-04-13 09:38:42.204438+00:00,hu,24.hu,24.hu,2026-04-13,"NVI: Huszonhárom egyéni választókerületben kisebb az első két jelölt közötti különbség, mint a megszámlálandó szavazatok lehetséges maximuma",https://24.hu/belfold/2026/04/13/nvi-huszonharom-egyeni-valasztokeruletben-kisebb-az-elso-ket-jelolt-kozotti-kulonbseg-mint-a-megszamlalando-szavazatok-lehetseges-maximuma-2/
f7cc338b64589a9da2d9abc6cfe3b5593c347664984b6b3b2f0c86551918a99a,2026-04-13 09:38:37.439878+00:00,hu,24.hu,24.hu,2026-04-13,Bajnai verssel köszönt el Orbántól,https://24.hu/belfold/2026/04/13/bajnai-verssel-koszont-el-orbantol/
0c596dd32338296e41cb26e3db5e88ba6bbeb251970e5c4a8ce59dc9019217bf,2026-04-13 09:38:32.189812+00:00,hu,24.hu,24.hu,2026-04-13,"Szentkirályi Alexandra is visszatért a sorosozáshoz, már a 2030-as kampányra készülne",https://24.hu/belfold/2026/04/13/szentkiralyi-alexandra-is-visszatert-a-sorosozashoz-mar-a-2030-as-kampanyra-keszulne/
fbfa77d0b6729c187a65209490f2d28e1a57038e5df2d61c2789e6b2388326c7,2026-04-13 09:38:26.592476+00:00,hu,24.hu,24.hu,2026-04-13,Orbán Balázs visszatért a sorosozáshoz,https://24.hu/belfold/2026/04/13/orban-balazs-visszatert-a-sorosozashoz/
3eed446297f566bb793dabb6ea598cf11a3c6083b3742c738fe2feed3d7052d9,2026-04-13 09:38:21.654559+00:00,hu,24.hu,24.hu,2026-04-13,"Kovács Gábor szerint Káel Csaba nem maradhat az NFI élén, Lajos Tamással és Rákay Fülöppel együtt pedig tiltsák ki őket a mozikból",https://24.hu/kultura/2026/04/13/kovacs-gabor-kael-csaba-rakay-fulop-lajos-tamas/
bb3508c91dd1a1d25fdaee9c96845283f35a2894114ba94797af97f9985dc880,2026-04-13 09:38:16.705179+00:00,hu,24.hu,24.hu,2026-04-13,Volt szlovák kormányfő Magyar Péternek: Gyorsan kezdj el takarítani!,https://24.hu/belfold/2026/04/13/volt-szlovak-kormanyfo-magyar-peternek-gyorsan-kezdj-el-takaritani/
5a7b4a81416ae4bf0dd08e2ced111829103bf04abfe071c26931513ce9f8d7fd,2026-04-13 09:37:34.426303+00:00,hu,444.hu,444.hu,2026-04-13,Orbán bukásának Magyarországon túlnyúló következményei lesznek – külföldi lapok a választásról,https://444.hu/2026/04/13/orban-bukasanak-magyarorszagon-tulnyulo-kovetkezmenyei-lesznek-kulfoldi-lapok-a-valasztasrol?utm_source=hirstart&utm_medium=referral&utm_campaign=ct
e3f1c3c010fd558a608da619482962f2e90113bad1260b4e560cfa6b01b386a2,2026-04-13 09:37:28.441238+00:00,hu,24.hu,24.hu,2026-04-13,"Megdicsőülve, tapsviharban vonult vissza minden idők egyik legjobb kézilabdakapusa",https://24.hu/sport/2026/04/13/kezilabda-visszavonult-katrine-lunde/
ccba2b438cefc3d0c661d9d199873944c2cac4256911f43b94f65f2f5ef453c2,2026-04-13 09:37:12.232175+00:00,hu,24.hu,24.hu,2026-04-13,A magyar politikatörténet eddigi legjobb táncjelenetét köszönhetjük Hegedűs Zsoltnak,https://24.hu/kultura/2026/04/13/tanc-batthyany-ter-hegedus-zsolt-valasztas/
1e3c444dc0e27e50097ddcdfa8ebe2e6276c0b9c21d7ba3ea45422ce0e6a32e5,2026-04-13 09:36:56.356053+00:00,hu,24.hu,24.hu,2026-04-13,Törölték a Lufthansa budapesti járatait,https://24.hu/belfold/2026/04/13/toroltek-lufthansa-budapesti-jaratait/
e69fb2f161dccc335ee861dc2e07e1f97de510d7315a515befd329adb3eb54aa,2026-04-13 08:37:13.204954+00:00,hu,24.hu,24.hu,2026-04-13,A választás utáni másnap: fotókon a Tisza-kétharmadra ébredő Budapest,https://24.hu/belfold/2026/04/13/valasztas-masnap-hetfo-galeria-tisza-magyar-peter-budapest/
814f806994850e73395ca1502c042df607eba7d9f03b2e60827a3b62f11e55bf,2026-04-13 08:36:49.522335+00:00,hu,24.hu,24.hu,2026-04-13,"Így reagált a tőzsde a Tisza kétharmadra: lejtőn a NER-es részvények, az OTP és a Mol emelkedőben",https://24.hu/fn/gazdasag/2026/04/13/tisza-ketharmad-tozsde-otp-opus/
08a801e7ee59ba6f1c335da65b3bcc158e876a968a6cdfdd67ad09bf66c0e3a1,2026-04-13 08:36:42.217744+00:00,hu,24.hu,24.hu,2026-04-13,"Kis Grófo: a győzelmet el kell ismerni, de Orbán Viktor egy igazi harcos",https://24.hu/kultura/2026/04/13/kis-grofo-orban-viktor-magyar-peter-valasztas-gyozelem/
16c235925e973ad51e1282e5ccce1e9ad3a0bac605016a91fd6e24a6549abc45,2026-04-13 08:36:33.583383+00:00,hu,24.hu,24.hu,2026-04-13,Újra kellett éleszteni egy szavazatszámlálót Budapesten,https://24.hu/belfold/2026/04/13/valasztas-budapest-ujraelesztes/
dd4cf6b69fa8e1a45e62d3a8a886597b83b3124c0424f0ebdf872459cfae7a08,2026-04-13 08:36:21.129899+00:00,hu,24.hu,24.hu,2026-04-13,"Árpa Attila: Ha Varga Judit nem írja alá a kegyelmi döntést, Magyar Péter most valószínűleg a Fidesz soraiban tapsolna Orbán győzelmének",https://24.hu/szorakozas/2026/04/13/arpa-attila-magyar-peter-tisza-part-batman-monte-cristo-grofja/
144347f4149fbb0af2892de69bcc0a6286af5e37fa8dd07d7b44992b86bdf4c0,2026-04-13 08:35:39.569333+00:00,hu,24.hu,24.hu,2026-04-13,Orbán Balázs: Rendezzük sorainkat,https://24.hu/belfold/2026/04/13/orban-balazs-rendezzuk-sorainkat/
61c8f346e49b4053d634af170d7f78282ba42f8d14a2898e0c46c2871250b6fe,2026-04-13 08:34:11.118865+00:00,hu,444.hu,444.hu,2026-04-13,"Hatalmas zuhanással kezdték a tőzsdei NER-cégek a napot, történelmi csúcson az OTP és a Mol árfolyama",https://444.hu/2026/04/13/hatalmas-zuhanassal-kezdtek-a-tozsdei-ner-cegek-a-napot-tortenelmi-csucson-az-otp-es-a-mol-arfolyama?utm_source=hirstart&utm_medium=referral&utm_campaign=ct
2e0fe90f6786066986f20f6223726a43e4ec4e30c43310eefad296a78f4c99ed,2026-04-13 08:29:58.116458+00:00,hu,24.hu,24.hu,2026-04-13,"Már látni, mikor térhet vissza az El Niño",https://24.hu/tudomany/2026/04/13/el-nino-enso-jelenseg-valtozas-szamitas/
cd2ba626f61770079055f72968e6b5e79f0b88d0c5155b56a5a7149eaf3d1ad3,2026-04-13 08:29:28.614739+00:00,hu,24.hu,24.hu,2026-04-13,"Tettünk érte, hogy Hann Endre nevessen a végén""",https://24.hu/belfold/2026/04/13/tettunk-erte-hogy-hann-endre-nevessen-a-vegen/
2217d1e249381a167f69719fcc6cdd5ac77ecf7210b411125de56262a1f88652,2026-04-13 08:29:19.830364+00:00,hu,24.hu,24.hu,2026-04-13,"Hello, PÉter! Büszkék vagyunk rád!",https://24.hu/belfold/2026/04/13/hello-peter-buszkek-vagyunk-rad/
57be22423b2606a7b7a7061823041c94a0b14899eabd99c64fa1b568759005ed,2026-04-13 08:29:14.158915+00:00,hu,24.hu,24.hu,2026-04-13,"Ha úgy érzed, te vagy balszerencsés, itt egy focista, akit úgy arcon lőttek, hogy a kapuba pattant a labda",https://24.hu/sport/foci/2026/04/13/paraguayi-foci-olimpia-rubio-nu-tizenegyes-ongol/
95861e055daecdc14e244d4e7d8b2a59b25b8064f99bd04badd33646cb7cb118,2026-04-13 08:28:27.913043+00:00,hu,24.hu,24.hu,2026-04-13,Schilling Árpád szerint a Tisza győzelme nem a baloldal veresége,https://24.hu/kultura/2026/04/13/schilling-arpad-tisza-gyozelem-baloldal-vereseg/
49b08d511ba79d4681aae913a04e383b3679275fa7de0ac7f26e311cdb23b368,2026-04-13 08:28:07.406300+00:00,hu,24.hu,24.hu,2026-04-13,"Pintér Bence: Annyira kikapott Fekete Dávid és Szeles Szabolcs, hogy innen nem lehet felállni",https://24.hu/belfold/2026/04/13/pinter-bence-annyira-kikapott-fekete-david-es-szeles-szabolcs-hogy-innen-nem-lehet-felallni/
524a291ac89eaac22d12331022162a544e1933f5737556d56ab57a4e716ba0f8,2026-04-13 08:28:02.886047+00:00,hu,24.hu,24.hu,2026-04-13,A Medián telibe találta a Tisza és a Fidesz listás eredményét,https://24.hu/belfold/2026/04/13/a-median-telibe-talalta-a-tisza-es-a-fidesz-listas-eredmenyet/
226e783493277be6da2cfde028c1b35f876f6df83fd659ca82f3fa7ef1b7adfa,2026-04-13 08:27:57.380667+00:00,hu,24.hu,24.hu,2026-04-13,"Schóbert Norbi: Nem lesz négy év Tisza, 2,5 millió ember nem fogja hagyni, hogy így átverjék",https://24.hu/szorakozas/2026/04/13/schobert-norbi-tisza-gyozelem-reakcio/
abd4d0fd4868ab10f92bf2cb16c8618341e953b81645a6f63ae6d15dbf7d243f,2026-04-13 08:27:46.906350+00:00,hu,24.hu,24.hu,2026-04-13,Pintér Bence lemondásra szólította fel a Fidesz helyi vezetőit,https://24.hu/belfold/2026/04/13/pinter-bence-lemondasra-szolitotta-fel-a-fidesz-helyi-vezetoit/
75da47159bb8b82cd63be043885eb934c163887e6f1cc18064b2011b1360778c,2026-04-13 08:27:38.184129+00:00,hu,24.hu,24.hu,2026-04-13,Mivel járhat a Tisza kétharmad a gazdaságban?,https://24.hu/fn/gazdasag/2026/04/13/tisza-ketharmad-forint-reszvenyek/
c9d07e29546a06b81d1d88cff2d312ed539a75dcd1b27dae865683ef250dfcf5,2026-04-13 08:19:22.898596+00:00,hu,24.hu,24.hu,2026-04-13,Hann Endre nem rúg bele bukott emberbe,https://24.hu/belfold/2026/04/13/hann-endre-orban-viktor-median-valasztas-2026/
13efd9c62d8b7fa40fe3bdd6525c38df2763b1f02e773425a4f14a88a3880be4,2026-04-13 08:17:27.943976+00:00,hu,24.hu,24.hu,2026-04-13,"Alföldi Róbert: most új világ jön, ahol az számít, ki hogyan dolgozik, és menyire tisztességes",https://24.hu/kultura/2026/04/13/alfoldi-robert-valasztas-gyozelem-velemeny/
042d0382bf827e36bc6b5d1c17a39a8642f2d17c280720887a73d2d9edd4dbc3,2026-04-13 08:17:21.424543+00:00,hu,24.hu,24.hu,2026-04-13,Ukrajna ismét ajánlja a magyarországi utazásokat,https://24.hu/belfold/2026/04/13/ukrajna-ismet-ajanlja-a-magyarorszagi-utazasokat/
915c7ec319b68bd09ff53b076809e49dbcf7342b621c9c935f048b03906c1d9e,2026-04-13 07:35:46.056372+00:00,hu,24.hu,24.hu,2026-04-13,Koncz Zsuzsa Barátság című dalával gratulált Magyar Péternek Emanuel Macron,https://24.hu/kultura/2026/04/13/koncz-zsuzsa-baratsag-emanuel-macron-gratulacio-magyar-peter/
f132a752058ec7b35f3cdd645fa301fcd82cd173abc0d0c308e45bd72ec27a36,2026-04-13 07:35:39.646409+00:00,hu,24.hu,24.hu,2026-04-13,Deák Dániel bocsánatot kért,https://24.hu/belfold/2026/04/13/deak-daniel-bocsanatot-kert/
288af0aca6f6efde189fe20880b88e8c1cd8981bd8e999e51db42d9d9683229b,2026-04-13 07:35:23.244537+00:00,hu,24.hu,24.hu,2026-04-13,Kapu Tibor: A demokratikus Magyarország győzött,https://24.hu/belfold/2026/04/13/kapu-tibor-a-demokratikus-magyarorszag-gyozott/
91cfc422b68e144a3d21cd62d55aaaf75792612fb1f14f21ec4ec8cfe56c72ae,2026-04-13 07:34:49.861626+00:00,hu,24.hu,24.hu,2026-04-13,"Figyelem, adófizetési határidő jár le két nap múlva",https://24.hu/fn/gazdasag/2026/04/13/gepjarmuado-aprilis-15-adofizetes/
0d4f3bb6b6a5c0fad140a9f6eda8ec2849e6b383072967e8cf7c2503fdcc02d1,2026-04-13 07:34:45.137577+00:00,hu,24.hu,24.hu,2026-04-13,Vajon miről beszélnek az M1-en?,https://24.hu/belfold/2026/04/13/vajon-mirol-beszelnek-az-m1-en/
75213a3edc111ae0a625f9f4b0b09fd51a6903336383b78293751ae1a188b34a,2026-04-13 07:34:39.880502+00:00,hu,24.hu,24.hu,2026-04-13,Ez már nem Orbán Viktor és a Fidesz országa: Magyar Péter valószerűtlen útja a politikai senkiföldjéről a rendszerváltásig vezetett,https://24.hu/belfold/2026/04/13/tisza-ketharmad-magyar-peter-valasztas-2026/
625f72a0e219d34ae6c9f58c2ced3c08bb2255067ffaaa9a2195142365a643fb,2026-04-13 07:34:35.471241+00:00,hu,24.hu,24.hu,2026-04-13,Jamie Lee Curtis Orbán vereségének örül: Ma büszke vagyok a magyar származásomra!,https://24.hu/szorakozas/2026/04/13/jamie-lee-curtis-valasztas-2026-orban-viktor/
3ff5e1219da2be8e3ae48e8edbc60c090cb37a7d8967f3157edb62af3bdedaf9,2026-04-13 07:34:30.164791+00:00,hu,24.hu,24.hu,2026-04-13,Magyar Péter: A Tisza-kormány minden magyar ember kormánya lesz,https://24.hu/belfold/2026/04/13/magyar-peter-a-tisza-kormany-minden-magyar-ember-kormanya-lesz/
4934134ec382d8b596f72df722df7c5bf111b1cf1da2aa5f0d10264307061091,2026-04-13 07:33:59.977152+00:00,hu,24.hu,24.hu,2026-04-13,"Felcsúton megszorította Tesselyt a tiszás jelölt, aki végül vitte a bicskei körzetet",https://24.hu/belfold/2026/04/13/felcsuton-megszoritotta-tesselyt-a-tiszas-jelolt-aki-vegul-vitte-a-bicskei-korzetet/
c9b6140fad7aa93af1773d5fe9d6f9769cee3c4a389d93e721cf59a0745a8406,2026-04-13 07:33:41.779161+00:00,hu,24.hu,24.hu,2026-04-13,"Megnéztük, miről beszélnek hétfőn a közmédiában: reggel 7:30-kor már a vietnámi háború borzalmai volt a téma, de brüsszelezésre is volt idő",https://24.hu/belfold/2026/04/13/kozmedia-m1-temak-vietnami-haboru/
4f048b08011380d8192523c30a87a119e87835205fd04bc80fb149152a24da17,2026-04-13 06:32:15.171550+00:00,hu,24.hu,24.hu,2026-04-13,Négyéves csúcson a forint,https://24.hu/belfold/2026/04/13/negyeves-csucson-a-forint/
ea856266484253d6ecda99da0951979fab2df4320d27992cb35b871726e9a563,2026-04-13 06:31:56.868481+00:00,hu,24.hu,24.hu,2026-04-13,"Tóth Gabi: Köszönöm a megannyi kuponjegyet, visszaváltós üvegek felajánlását, de nem kell aggódni értem",https://24.hu/szorakozas/2026/04/13/toth-gabi-tisza-part-gyozelem-gratulacio/
96619dfcf8be31623077544cb71491cde25a8183aaffb57da2cac6466aac87d1,2026-04-13 06:31:39.178102+00:00,hu,24.hu,24.hu,2026-04-13,A Magyar Nemzet főszerkesztője a Fidesz vereségéről: Csoda ez az eredmény,https://24.hu/belfold/2026/04/13/a-magyar-nemzet-foszerkesztoje-a-fidesz-veresegerol-csoda-ez-az-eredmeny/
3c11af93d69acb38a7bf7db541df8ab1654f1993057b20870195e1c6d2253675,2026-04-13 06:30:51.435544+00:00,hu,24.hu,24.hu,2026-04-13,Külföldi elemző a Tisza-kétharmadról: Szárnyalhat a forint a részvénypiac,https://24.hu/belfold/2026/04/13/kulfoldi-elemzo-a-tisza-ketharmadrol-szarnyalhat-a-forint-a-reszvenypiac/
2f10c9fb26182e468746029480e8d271a09abf27927e253f6c37bf8c4c0e9703,2026-04-13 06:30:46.024790+00:00,hu,24.hu,24.hu,2026-04-13,Milák Kristóf egy év után indul újra versenyen,https://24.hu/sport/2026/04/13/milak-kristof-egy-ev-utan-indul-ujra-versenyen/
27207650fe48657c8a29ce2e8f4dd6c3f8fcf8566f89f4175fa7fb4241a74348,2026-04-13 06:30:41.008226+00:00,hu,24.hu,24.hu,2026-04-13,Egyetlen megyében sem tudott győzni a Fidesz,https://24.hu/belfold/2026/04/13/egyetlen-megyeben-sem-tudott-gyozni-a-fidesz/
0b44e1efa56cae892fca5531be9e0ac58ebfbc647f0991177bffc87927dc7172,2026-04-13 06:30:35.977280+00:00,hu,24.hu,24.hu,2026-04-13,Üzent Magyar Péternek a Vidéki prókátor,https://24.hu/belfold/2026/04/13/uzent-magyar-peternek-a-videki-prokator/
c72cd0cfa0d7944b2657c5a188ad0968eaf43d9a0248a24ffd509e6161e942b2,2026-04-13 06:30:31.044446+00:00,hu,24.hu,24.hu,2026-04-13,"Négy éve száz százalékot kapott a Fidesz ezekben a borsodi falvakban, az egység tegnap itt is megbomlott",https://24.hu/belfold/2026/04/13/negy-eve-szaz-szazalekot-kapott-a-fidesz-ezekben-a-borsodi-falvakban-az-egyseg-tegnap-itt-is-megbomlott/
3af1f755e9240f8c92ce9b2b07ff8c580fdc367380ac2784948d051d7f5cef99,2026-04-13 06:30:23.716795+00:00,hu,24.hu,24.hu,2026-04-13,"Obama a magyar választásokról: A demokrácia sikere nemcsak Európában, hanem világszerte",https://24.hu/belfold/2026/04/13/obama-a-magyar-valasztasokrol-a-demokracia-sikere-nemcsak-europaban-hanem-vilagszerte/
7ee8ccf14bfac9c034323132b792a5715f1212b9b5107baea1f8101c55c1ad5d,2026-04-13 05:21:40.464307+00:00,hu,24.hu,24.hu,2026-04-13,"Izraeli médiavisszhang a magyar választásról: ""politikai földrengés"", ""drámai hatása lesz egész Európára""",https://24.hu/belfold/2026/04/13/izraeli-mediavisszhang-a-magyar-valasztasrol-politikai-foldrenges-dramai-hatasa-lesz-egesz-europara/
158726dffbb7de1783b5d730f052bc179b7c3002f2dcdbcd51913e83befb27c6,2026-04-13 05:21:27.885265+00:00,hu,24.hu,24.hu,2026-04-13,"Európa újra büszke lehet ránk"" – Örömmámor a Tisza eredményváróján",https://24.hu/belfold/2026/04/13/tisza-valasztas-magyar-peter/
3e7dc7fa0cb8c467139d295784b311d2cfc1bb7fdb5be3b240dd7ce06a4965b7,2026-04-13 05:21:16.051148+00:00,hu,24.hu,24.hu,2026-04-13,"Hétfői friss hírek, forgalom, időjárás – Reggeli pakk",https://24.hu/belfold/2026/04/13/hetfoi-friss-hirek-forgalom-idojaras-reggeli-pakk-429/
72a7967168e5bf9b1ff4cfacf0ac7a8de75315de8eb7532315d412254fdf5e76,2026-04-13 04:26:18.110386+00:00,hu,24.hu,24.hu,2026-04-13,Így vizsgáztak a közvélemény-kutatók,https://24.hu/belfold/2026/04/13/kozvelemeny-kutatas-valasztas-2026-median-nezopont/
a6d7f7385c15a86868a1f935b74a4c5d19d0fa91fcc99a9e03607970b3dd3c8f,2026-04-13 04:26:13.120714+00:00,hu,24.hu,24.hu,2026-04-13,"1990 óta nem látott elitcsere, ledönthetetlennek hitt Fidesz-bástyák estek el",https://24.hu/belfold/2026/04/13/valasztas-2026-eredmenyek-fidesz-rendszervaltas-tisza/
3aadd00d751ba572138787c5d32128c21a9fab18048750740d037be5723122cb,2026-04-13 04:25:06.932709+00:00,hu,24.hu,24.hu,2026-04-13,"Dobrev Klára lemondott, Hadházy Ákos visszavonul",https://24.hu/belfold/2026/04/13/dobrev-klara-lemondott-hadhazy-akos-visszavonul/
dae32b644b5e50e971be5164fcda7fca5fbd6099df1c4983d2f877e3284cdad1,2026-04-13 04:25:00.728976+00:00,hu,24.hu,24.hu,2026-04-13,"Török Gábor: A Fidesz legnagyobb hibája, hogy bezárkózott saját univerzumába",https://24.hu/belfold/2026/04/13/torok-gabor-a-fidesz-legnagyobb-hibaja-hogy-bezarkozott-sajat-univerzumaba-3/
f42a3179a34ae2a05369b9c8f824db9e66cffcb9db5cba98c7624a285667b8cb,2026-04-13 02:24:11.847641+00:00,hu,24.hu,24.hu,2026-04-13,Heroikus fordítással az Inter volt a forduló nagy győztese,https://24.hu/sport/foci/2026/04/13/como-inter-heroikus-forditas-serie-a/
4f8a6d7834ed2c024ce833318411f4be566f44ce38b6c6d79ff3868963ffcd73,2026-04-13 01:21:00.724425+00:00,hu,24.hu,24.hu,2026-04-13,A Patrióták EP-frakciója törölte hétfőre tervezett sajtótájékoztatóját,https://24.hu/belfold/2026/04/13/a-patriotak-ep-frakcioja-torolte-hetfore-tervezett-sajtotajekoztatojat/
6d4110b52979393ca2f89e0aa92a76ac5916cf860c22bc543cacf00321c7bddd,2026-04-13 01:20:32.645175+00:00,hu,24.hu,24.hu,2026-04-13,"Kapitány István a 24.hu-nak: az emberek arról szavaztak, milyen kormányzást szeretnének",https://24.hu/belfold/2026/04/13/kapitany-istvan-a-24-hu-nak-azt-mondta-az-emberek-arrol-szavaztak-milyen-kormanyzast-szeretnenek/
f46735a564a61c7ff07890c3258a216c365bcdb795e64e94daa3b1c37723291f,2026-04-13 01:20:27.409878+00:00,hu,24.hu,24.hu,2026-04-13,A Tisza sportpolitikai szakértője: A sport egy civil ügy,https://24.hu/belfold/2026/04/13/a-tisza-sportpolitikai-szakertoje-a-sport-egy-civil-ugy/
207c8484397ac14ebbfa09959f660d936ed7abe32a75bd72972bf1f6eb318aa4,2026-04-13 01:20:23.029765+00:00,hu,24.hu,24.hu,2026-04-13,"Donald Tusk magyarul üzente, hogy ""Ruszkik haza!""",https://24.hu/belfold/2026/04/13/donald-tusk-magyarul-uzente-hogy-ruszkik-haza/
d740af2329d70ca693214e78ee0a1a990c265ab4f7389ecf785f3d76731ad004,2026-04-13 01:20:17.459636+00:00,hu,24.hu,24.hu,2026-04-13,Menczer Tamás: Reggel videóval jelentkezem,https://24.hu/belfold/2026/04/13/menczer-tamas-reggel-videoval-jelentkezem/
11952a59c48b44d6132123229795087e890088a1042e5039af2d85b45eee9560,2026-04-13 01:19:58.354651+00:00,hu,24.hu,24.hu,2026-04-13,Palácsik-Ráthonyi Tímea Mészáros Lőrincen élcelődött az Instagramján,https://24.hu/belfold/2026/04/13/palacsik-rathonyi-timea-meszaros-lorincen-elcelodott-az-instagramjan/
6cfd5938b5f946ab7ba76cbc39a396abff4f7121a1e0bf78e831af26b66676ef,2026-04-13 01:19:43.157258+00:00,hu,24.hu,24.hu,2026-04-13,A német és roma nemzetiség sem szerzett mandátumot az új országgyűlésben,https://24.hu/belfold/2026/04/13/a-nemet-es-roma-nemzetiseg-sem-szerzett-mandatumot-az-uj-orszaggyulesben/
040b31a6289cf5813b1905c1f8f9d68c04ad937a4447742be95445b86a7786e2,2026-04-13 01:19:22.195803+00:00,hu,24.hu,24.hu,2026-04-13,"A francia Nemzeti Tömörülés elnöke: Orbán Viktor nagy hazafi, de a magyarok kifejezték véleményüket",https://24.hu/belfold/2026/04/13/a-francia-nemzeti-tomorules-elnoke-orban-viktor-nagy-hazafi-de-a-magyarok-kifejeztek-velemenyuket/
d729168abd5136351e334636d160e4e002d7fd0cd87145e78ec55a51fb838e7e,2026-04-13 01:19:01.617400+00:00,hu,24.hu,24.hu,2026-04-13,Török Gábor szerint ebben követte el a legnagyobb hibát a Fidesz,https://24.hu/belfold/2026/04/13/torok-gabor-szerint-ebben-kovette-el-a-legnagyobb-hibat-a-fidesz/
42c3be1031e5f45983a170f85a631a9b20d7a15d08f1f7462367cdaa1f84fbc7,2026-04-13 01:18:53.280042+00:00,hu,24.hu,24.hu,2026-04-13,"A Tisza operatív vezetője a 24.hu-nak: Készen állunk, van kész cselekvési tervünk",https://24.hu/belfold/2026/04/13/a-tisza-operativ-vezetoje-a-24-hu-nak-keszen-allunk-van-kesz-cselekvesi-tervunk/
cbe80f417700d4bce12a3b552236c877f915103ebb7f897cb004b4ebbca0f004,2026-04-12 23:25:48.930425+00:00,hu,24.hu,24.hu,2026-04-13,Keir Starmer: Magyar Péter győzelme történelmi pillanat az európai demokrácia számára,https://24.hu/belfold/2026/04/13/keir-starmer-magyar-peter-gyozelme-tortenelmi-pillanat-az-europai-demokracia-szamara/
b1f21d4da1fca558d9a39b5aae5edf902d80086a596fdc9cc8f65e8ef7b8fff3,2026-04-12 23:25:42.787379+00:00,hu,24.hu,24.hu,2026-04-13,"Örömkönnyek, örömmámor, örömünnep – fotókon a Tisza eredményváróját elöntő eufória",https://24.hu/belfold/2026/04/13/tisza-gyozelem-kepek/
cabf77aca973c5765274492cc00d52d69ecb049295bb14ca6402d5ef7d7a2732,2026-04-12 23:25:37.700851+00:00,hu,24.hu,24.hu,2026-04-13,Az Orbán mellett kampányoló Kelemen Hunor is gratulált Magyar Péternek a győzelemhez,https://24.hu/belfold/2026/04/13/az-orban-mellett-kampanyolo-kelemen-hunor-is-gratulalt-magyar-peternek-a-gyozelemhez/
7d86dc12b165685b9e8871fc689bc1bf55dfedfb2b9fb735255724ad7304bab7,2026-04-12 23:25:33.595025+00:00,hu,24.hu,24.hu,2026-04-13,Bódis Kriszta: szükség volt ekkora győzelemre,https://24.hu/belfold/2026/04/13/bodis-kriszta-szukseg-volt-ekkora-gyozelemre/
413eb297c3985c138ed791c63d0ef2b56c4abbdd75dedaf8cfcb77cb016f9dcb,2026-04-12 23:25:16.023385+00:00,hu,24.hu,24.hu,2026-04-13,Magyar kiállt a Novotel második emeleti ablakába,https://24.hu/belfold/2026/04/13/magyar-kiallt-a-novotel-masodik-emeleti-ablakaba/
29edff09351b56353ac30457a2dc90bbbb3cf0c80fc3ed177dc0cb11f880b298,2026-04-12 23:25:10.312203+00:00,hu,24.hu,24.hu,2026-04-13,Deutsch Tamás a tőle megszokott egyszerűséggel kommentálta a választás eredményét,https://24.hu/belfold/2026/04/13/deutsch-tamas-a-tole-megszokott-egyszeruseggel-kommentalta-a-valasztas-eredmenyet/
c9418d6f3af7d84afc3a179cbcf73015e7479fe0b897faef343b9405361ac73c,2026-04-12 23:24:40.720688+00:00,hu,24.hu,24.hu,2026-04-13,Utcabál,https://24.hu/belfold/2026/04/13/utcabal/
fe88a3df4219c7eaf22a89babd94615010cd9f7a56675209065818d0331b9dc6,2026-04-12 23:24:19.317232+00:00,hu,24.hu,24.hu,2026-04-13,"Nagy Dávid: Folytatjuk tovább, mikor gratuláltam Péternek, békejobbot ajánlott",https://24.hu/belfold/2026/04/13/nagy-david-folytatjuk-tovabb-mikor-gratulaltam-peternek-bekejobbot-ajanlott/
7b5e6ef55434fcd273c7d0170a6db52362505e33bbab0be9857087c6580e8883,2026-04-12 23:23:41.232780+00:00,hu,24.hu,24.hu,2026-04-13,Szijjártó és Lázár egyelőre csendben van,https://24.hu/belfold/2026/04/13/szijjarto-es-lazar-egyelore-csendben-van/
b01e6c5dd2baaf6476fbbe30520b4cd749d0ea90bd29f6ce9dc7e80d54458a32,2026-04-12 23:23:36.501918+00:00,hu,24.hu,24.hu,2026-04-13,"Ezzel búcsúzunk: Tisza: 138, Fidesz: 55, Mi Hazánk: 6",https://24.hu/belfold/2026/04/13/ezzel-bucsuzunk-tisza-138-fidesz-55-mi-hazank-6/
