id,indexed_date,language,media_name,media_url,publish_date,title,url
084930714ebb7207b451e335c7fd672dfc0d3a69a6e582d05a5018fc8bb80c14,2026-04-12 20:34:16.332017+00:00,hu,atlatszo.hu,atlatszo.hu,2026-04-12,Jó eséllyel 2/3-ot szerez a Tisza Párt: folyamatos tudósításunk a választási eredményekről,https://atlatszo.hu/adat/2026/04/12/erkeznek-a-valasztasi-eredmenyek-65-szazalekos-feldolgozottsag-mellet-a-tisza-vezet-az-egyeni-valasztokeruletekben/
7fbf24aa8152f17a59f0c00c573d1db8a2faf7f57de83496d10863a652a30699,2026-04-12 16:18:39.693504+00:00,hu,24.hu,24.hu,2026-04-12,Észak Pokla: drámai hajrában fosztották meg Pogacart a hiányzó győzelemtől,https://24.hu/sport/2026/04/12/parizs-roubaix-kerekpar-wout-van-aert-tadej-pogacar/
d5575cce45745936783e164af411cd4c7a1abeae4f542ac6bec5a4ea57e899a8,2026-04-12 16:18:31.070136+00:00,hu,24.hu,24.hu,2026-04-12,Két városban is bombariadó zavarta meg a voksolást,https://24.hu/belfold/2026/04/12/ket-varosban-is-bombariado-zavarta-meg-a-voksolast/
cfef473a9d1541116e0836982329d5c43513c1b1b2005898025b5646331fca23,2026-04-12 16:18:14.442103+00:00,hu,24.hu,24.hu,2026-04-12,"Több, visszaéléssel és csalással kapcsolatos bejelentés is érkezett a Tiszta Szavazás Koalícióhoz",https://24.hu/belfold/2026/04/12/tobb-visszaelessel-es-csalassal-kapcsolatos-bejelentes-is-erkezett-a-tiszta-szavazas-koaliciohoz/
b9537b90e95b43e656c9f42bf1878ceae53522f39dc98db284e59a28db442a06,2026-04-12 16:18:09.124806+00:00,hu,24.hu,24.hu,2026-04-12,Rövid ideig elérhetetlen volt a valasztas.hu az új látogatók számára,https://24.hu/belfold/2026/04/12/rovid-ideig-elerhetetlen-volt-a-valasztas-hu-az-uj-latogatok-szamara/
450c5f3d30c898f7b901cbbc864b357ca0002a19ed5cf9e8c11a9745ef2970b6,2026-04-12 16:18:00.514340+00:00,hu,24.hu,24.hu,2026-04-12,"Össze kéne mixelni az állandóságot és a változást""",https://24.hu/belfold/2026/04/12/ossze-kene-mixelni-az-allandosagot-es-a-valtozast/
5ab788b5c6ae298f225aacddfaa6176b2fa65a4ab725cde84f3b4831d895bd8a,2026-04-12 16:17:49.497077+00:00,hu,24.hu,24.hu,2026-04-12,Trump blokád alá vonta a Hormuzi-szorost,https://24.hu/kulfold/2026/04/12/trump-blokad-hormuzi-szoros/
65858ba010772c57a89fb9eb80e3633399966b37acae13a8ea9e564e1e9e87b6,2026-04-12 16:17:29.629584+00:00,hu,24.hu,24.hu,2026-04-12,Orbán szerint akár egy szavazaton múlhat minden,https://24.hu/belfold/2026/04/12/orban-szerint-akar-egy-szavazaton-mulhat-minden/
927126dad4088138e37b9a796836519f2384426cbb2dfe606fad40744bb3324e,2026-04-12 15:19:09.603747+00:00,hu,24.hu,24.hu,2026-04-12,"Orvos-Tóth Noémi: Szavazz, mert számítasz!",https://24.hu/belfold/2026/04/12/orvos-toth-noemi-szavazz-mert-szamitasz/
f65691503c57b9b7904480d194c9a1b5b09c8386a05c9f0acf57aae8a6dd0c5f,2026-04-12 14:47:59.812317+00:00,hu,24.hu,24.hu,2026-04-12,"A csata legelején megsérült a ketrecharcos, mégis brutálisan kiütötte ellenfelét az első menetben",https://24.hu/sport/2026/04/12/ketrecharc-carlos-ulberg-ko-gyozelem-jiri-prochazka/
1763bb483117b8e1bb4399cf80ae72e0c95bf41c7e07182513f7145b7b0987de,2026-04-12 14:37:14.839392+00:00,hu,atlatszo.hu,atlatszo.hu,2026-04-12,Nyírbátor egy körzetében senki nem a saját akaratából megy szavazni – élő tudósításunk a választókörzetekből,https://atlatszo.hu/kozugy/2026/04/12/ez-tortenik-most-a-valasztokorzetekben-elo-tudositasunk-a-szavazas-meneterol/
45896eb52c0a7d214171630f82f0f2839a4a833db093f2d01c3ebb76adaf3709,2026-04-12 14:19:25.167836+00:00,hu,24.hu,24.hu,2026-04-12,Tornakápolnán már mindenki szavazott,https://24.hu/belfold/2026/04/12/tornakapolnan-mar-mindenki-szavazott/
93119d195c58fc5c9d1cf1858aeeb3fd1f39939282231c4d9a70ffb7d8b31716,2026-04-12 14:19:14.150182+00:00,hu,24.hu,24.hu,2026-04-12,"Tiborcz üzlettársa levélben szólította fel a Bayer Construct és a Viastein cégek alkalmazottait, kire szavazzanak",https://24.hu/belfold/2026/04/12/tiborcz-uzlettarsa-levelben-szolitotta-fel-a-bayer-construct-es-viastein-cegek-alkalmazottait-kire-szavazzanak/
ae228a62905496ce138c06c964c7cf02c6b098e7390fc0012add51f8f5fdee28,2026-04-12 14:19:02.455849+00:00,hu,24.hu,24.hu,2026-04-12,"„A humor mindig ellenzéki, a Heti Hetes vajon 12-e után is az lesz?” – a klasszikus műsor sztárjait kérdeztük az újraindulásáról, 2. rész",https://24.hu/kultura/2026/04/12/heti-hetes-2026-ujraindulas-jakso-laszlo-hajos-andras-hajdu-steve/
f33c89a36801cc29c052c04ea6635372a9c97d024b5a6099eddb6a3a4ff5a196,2026-04-12 14:18:33.138066+00:00,hu,24.hu,24.hu,2026-04-12,"Miért nem inkább Isten igéjét hirdetik?""",https://24.hu/belfold/2026/04/12/miert-nem-inkabb-isten-igejet-hirdetik/
40885a510c7eff938db48fb228e636c6872abce056c2293de6536edb636067e0,2026-04-12 14:18:28.115953+00:00,hu,24.hu,24.hu,2026-04-12,Balogh Levente: Félt mindenki,https://24.hu/kozelet/2026/04/12/balogh-levente-gazdasag-valasztas-2026/
f5cb44b7af63c1bedaeb57494ca65730a8e468b10b58e6c99147e4dcb646a11d,2026-04-12 14:18:09.946145+00:00,hu,24.hu,24.hu,2026-04-12,"Kvíz: felismered, melyik politikus fiatalkori képét mutatjuk?",https://24.hu/elet-stilus/2026/04/12/kviz-politikusok-fiatalkori-fotoja/
90c08b74322b7089c8ba205b03c11e7fda1910cdc4bd1f16091f7bfaaf5a2cce,2026-04-12 14:17:54.594113+00:00,hu,24.hu,24.hu,2026-04-12,"Dobrev utcabálokra, örömünnepre számít",https://24.hu/belfold/2026/04/12/dobrev-utcabalokra-oromunnepre-szamit/
1e36bac5c4f2dcc59337342589666280f7769282e66b8b2a4be290add7e504ff,2026-04-12 14:17:49.557765+00:00,hu,24.hu,24.hu,2026-04-12,Magyar Péter: Rémhírt terjeszt a Fidesz,https://24.hu/belfold/2026/04/12/magyar-peter-remhirt-terjeszt-a-fidesz/
dadf764cfc093788ba2e244aaf237a374c0f4a2b25d9c06036126886d01fc5f6,2026-04-12 13:25:59.271233+00:00,hu,24.hu,24.hu,2026-04-12,"Bizakodik a kormányközeli kutatócég, szerintük a Fidesznek áll a zászló",https://24.hu/belfold/2026/04/12/kozvelemeny-kutatas-fidesz-mclaughlin/
6c881f421b652eead2cf7feef9ebea4e9c64985196c2448f0b89bfd5aee44c07,2026-04-12 13:24:37.267853+00:00,hu,24.hu,24.hu,2026-04-12,"Mi van, te fehér seggfej?"" – pattanásig feszült a hangulat a hevesi romatelepen, ahol négy éve 97 százalékkal nyert a Fidesz",https://24.hu/belfold/2026/04/12/valasztas-2026-heves-romatelep-szavazokor-fidesz-tisza/
0ed1e044ba0af72ba6e23385614dc141a9c9aa09802d48987bb74c0caaded6ff,2026-04-12 13:18:55.244912+00:00,hu,24.hu,24.hu,2026-04-12,"Kormányváltás? Program? Béke? Juttatások? Megkérdeztük, mi alapján döntenek szavazatukról az emberek",https://24.hu/belfold/2026/04/12/valasztas-2026-mi-alapjan-szavazunk/
28d4100a412fdf5d9f2164bd59b363d92f8782944ff37d875a010fc1d69968cb,2026-04-12 13:18:49.853555+00:00,hu,24.hu,24.hu,2026-04-12,"Kígyózó sorokban várják az emberek Zuglóban, hogy szavazhassanak – fotók",https://24.hu/belfold/2026/04/12/kigyozo-sor-szavazok-szent-istvan-gimnazium-valasztas-2026/
8ba2a1eede7b5a3f2a9f714bdf211fb79e07400a045e38a33c5e75513b7089b2,2026-04-12 13:18:27.925918+00:00,hu,24.hu,24.hu,2026-04-12,Brutálisan magas részvétel Gödön,https://24.hu/belfold/2026/04/12/brutalisan-magas-reszvetel-godon/
ec9cce94e9cd985fb80efb49344659d4d7c995c59c0f2f3890fc8f242c021585,2026-04-12 13:18:21.297664+00:00,hu,24.hu,24.hu,2026-04-12,"Óriáskoponya, macskasimogatás és alelnöki kampány a hét képein",https://24.hu/kulfold/2026/04/12/nagyvilag-het-kepei-fotogaleria-4/
771174ade945061d1689969be56a91a0122a6ee2ca33e140711e17b2c12bd1e7,2026-04-12 13:18:00.232244+00:00,hu,24.hu,24.hu,2026-04-12,Kígyózó sorok Zuglóban,https://24.hu/belfold/2026/04/12/kigyozo-sorok-zugloban/
11c2f283d9ec06eb834e213dfd957c7b424272dff0ca36b1a34f43727c20c340,2026-04-12 13:17:41.284455+00:00,hu,24.hu,24.hu,2026-04-12,Megjöttek a 13 órás részvételi adatok,https://24.hu/belfold/2026/04/12/megjottek-a-13-oras-reszveteli-adatok/
770fa911170ae359accef2f4314f3457a9e70f019bc92fe6472ec435a7a3bd4d,2026-04-12 13:17:35.634762+00:00,hu,24.hu,24.hu,2026-04-12,Alig lehet bejutni egy szavazókörbe a fideszes Zsigó Róbert óriásposztere miatt,https://24.hu/belfold/2026/04/12/alig-lehet-bejutni-egy-szavazokorbe-a-fideszes-zsigo-robert-oriasposztere-miatt/
3cd9c9c843de62f5cbf33cefc0cc8cbf0181897d424358bd65a86a5e76af2b1c,2026-04-12 13:17:27.741163+00:00,hu,24.hu,24.hu,2026-04-12,Hann Endre: Példátlan a részvétel,https://24.hu/belfold/2026/04/12/hann-endre-peldatlan-a-reszvetel/
ebd526b4fe20f9ff186a75c3f0ea6eca5c4d96ff572533ab56c5de12a1b94223,2026-04-12 13:17:11.833228+00:00,hu,24.hu,24.hu,2026-04-12,"Nem csillapodik a részvételi kedv: többen szavaztak 13 óráig, mint legutóbb délután háromig",https://24.hu/belfold/2026/04/12/nem-csillapodik-a-reszveteli-kedv-tobben-szavaztak-13-oraig-mint-legutobb-delutan-haromig/
34284f59adb3abb5605e47b68835e848af2c05cade20403f3d760edb76edd322,2026-04-12 13:17:06.865614+00:00,hu,24.hu,24.hu,2026-04-12,"Itt lassan haragusznak ránk, mert magyarok vagyunk"" – kárpátaljai magyarok az ukrán-magyar feszültségről",https://24.hu/kulfold/2026/04/12/karpatalja-magyarok-ukran-magyar-feszultseg/
5819452c0730bff07262789472b3831f8ab63681cae925b1a2c3b17b28ecf201,2026-04-12 11:18:06.748627+00:00,hu,24.hu,24.hu,2026-04-12,Több szavazó is rosszul lett,https://24.hu/belfold/2026/04/12/tobb-szavazo-is-rosszul-lett/
4e504d90c60720ef64b743a0a946ece71bf0d9b5f0b27484cebc775b9b3929e6,2026-04-12 11:17:59.992599+00:00,hu,24.hu,24.hu,2026-04-12,"A kormányok félnek a tiltakozó megmozdulásoktól"" – mitől sikeres egy tüntetés?",https://24.hu/tudomany/2026/04/12/tuntetes-demonstracio-hatalom-tomeg/
0d3b01b8103fa3e40fd1296dbe212e628f1b4458136935ed69c1cebb19b36ccd,2026-04-12 11:17:07.310060+00:00,hu,24.hu,24.hu,2026-04-12,"Horror a jégen, arcon lőtték koronggal az edzőt, kórházba került",https://24.hu/sport/2026/04/12/jared-bednar-jegkorong-nhl-colorado-avalanche/
f7d8bafee5bfea8ef566449d3c398439ad0bf5b6e0f5e25746e5449f9533864d,2026-04-12 10:18:51.863295+00:00,hu,24.hu,24.hu,2026-04-12,"Nem szarok oda, ahonnan enni kaptam"" – Böde Dániel elárulta, hogy a Fideszre szavaz",https://24.hu/sport/foci/2026/04/12/bode-daniel-fidesz-szavazas-kampanyolas/
b0e9b4abe5bf853f24e7d1733d5455eee7080fb4afe2864716c9e99e4a10f040,2026-04-12 10:18:34.167172+00:00,hu,24.hu,24.hu,2026-04-12,Kovács Áronék ismét babavárás elé néznek: az énekes megmutatta várandós párját is,https://24.hu/szorakozas/2026/04/12/kovacs-aron-parja-gyermekaldas-baba/
95b784d14bc7a7131b985ed37b599896b678e679b73045d363fe9a51e512fab7,2026-04-12 10:18:29.449001+00:00,hu,24.hu,24.hu,2026-04-12,Csézi Erzsébet: Mezőkövesden a rivális párt emberei csuklyában próbáltak megfélemlíteni,https://24.hu/belfold/2026/04/12/csezi-erzsebet-mezokovesden-a-rivalis-part-emberei-csuklyaban-probaltak-megfelemliteni/
cfa88b504fc39b7441c3cd5b92d498f4e704f5d32a65b3c9c5c4be95c44c3d06,2026-04-12 10:18:11.473440+00:00,hu,24.hu,24.hu,2026-04-12,"9:25-kor Magyar Péter 80, Orbán Viktor 20 százalékon állt a Polymarketen",https://24.hu/belfold/2026/04/12/polymarket-magyar-peter-orban-viktor-valasztas-2026/
79b46664a0d97fca69791159d95a179a0460556775b9e7176dc7150e33a97109,2026-04-12 10:17:28.145586+00:00,hu,24.hu,24.hu,2026-04-12,Polymarket: Magyar Péter és Orbán Viktor közt nyílt az olló,https://24.hu/belfold/2026/04/12/polymarket-magyar-peter-es-orban-viktor-kozt-nyilt-az-ollo/
13b04e79a618e92cc17b6e1938d1303bc382a9c4f958f2df2d5e2958db8cea1e,2026-04-12 09:19:26.628169+00:00,hu,24.hu,24.hu,2026-04-12,Egy fideszes polgármester már a Tiszára szavazott,https://24.hu/belfold/2026/04/12/egy-fideszes-polgarmester-mar-a-tiszara-szavazott/
2946778701b7d402eae02eb55a08f7c34fa49b0402e0be8b14d56d44f35992a4,2026-04-12 09:19:05.067338+00:00,hu,24.hu,24.hu,2026-04-12,"Békésben és Tolnában a legmagasabb, Borsodban a legalacsonyabb a részvétel",https://24.hu/belfold/2026/04/12/bekesben-es-tolnaban-a-legmagasabb-borsodban-a-legalacsonyabb-a-reszvetel/
0e35be37de8d73fc7da326d807214a74bf804d8f416970845182be59ba0a2cec,2026-04-12 09:18:30.801116+00:00,hu,24.hu,24.hu,2026-04-12,Usain Bolt korosztályos idejénél is jobbat futott az ausztrál csodagyerek,https://24.hu/sport/2026/04/12/gout-gout-200-meter-sprint-usain-bolt-atletika/
817a3753982d2dee08915c0e0a8c0f81052ed37fe9851a72d7049d7f180e557c,2026-04-12 09:17:55.349409+00:00,hu,24.hu,24.hu,2026-04-12,Elképesztően magas a részvétel,https://24.hu/belfold/2026/04/12/elkepesztoen-magas-a-reszvetel/
88c97000929e73ffd705538d4f6d467a6f386d5e0fbb88845d31446ea66ff0a4,2026-04-12 09:17:43.199919+00:00,hu,24.hu,24.hu,2026-04-12,Harrison Ford egyetemistaként klinikai depressziótól szenvedett: felidézte legsötétebb napjait,https://24.hu/szorakozas/2026/04/12/harrison-ford-klinikai-depresszio-vallomas/
fa7cd6f11016f7b82528a23eff90f45a29fe4d3d0e2e77919c2d261a2fccafc1,2026-04-12 09:17:27.608800+00:00,hu,24.hu,24.hu,2026-04-12,Orbán Balázs szerint a kormánypártnak kedvez a magas részvétel,https://24.hu/belfold/2026/04/12/orban-balazs-szerint-a-kormanypartnak-kedvez-a-magas-reszvetel/
0dceee05e4e8b1b7632dd5654b9a5fd7f8d70778773b9cdb7c7ed8fc45267acb,2026-04-12 09:17:22.622641+00:00,hu,24.hu,24.hu,2026-04-12,Tyson Fury 476 nap után győzelemmel tért vissza,https://24.hu/sport/2026/04/12/tyson-fury-arszlanbek-mahmudov-okolvivas-anthony-joshua/
92b166960942c4cc8ee4869222f1513c94ba75bcf464d63c75fcb965660f259d,2026-04-12 09:17:17.608953+00:00,hu,24.hu,24.hu,2026-04-12,Választási földrajz: eddig a Tiszának kedvezőek a részvételi adatok,https://24.hu/belfold/2026/04/12/valasztasi-foldrajz-eddig-a-tiszanak-kedvezoek-a-reszveteli-adatok/
d8c5a1a721ae01b7ebab13ddb2bb0a3e4cf9e503508274f599a1c524567ce3cb,2026-04-12 09:17:12.471274+00:00,hu,24.hu,24.hu,2026-04-12,Sült kolbásztól az egy embernek fenntartott szavazóhelyig – kvíz a választások múltjáról és legfurcsább jelenéről,https://24.hu/elet-stilus/2026/04/12/valasztas-erdekesseg-kviz/
5ef7885e3d238408a559d0621de4a6f630cb440d184d377f1f4fb1284b26fc1a,2026-04-12 09:17:08.606327+00:00,hu,24.hu,24.hu,2026-04-12,A szakértő a részvétel területi aspektusát is figyeli,https://24.hu/belfold/2026/04/12/a-szakerto-a-reszvetel-teruleti-aspektusat-is-figyeli/
731e3234f06522dad76ba9a4db86d907d13008027b0b99ba7c010bbc7eb135fa,2026-04-12 08:32:41.737793+00:00,hu,atlatszo.hu,atlatszo.hu,2026-04-12,Elkezdődött a választás – Kövesd nálunk élőben a részvételi adatokat!,https://atlatszo.hu/adat/2026/04/12/elkezdodott-a-valasztas-kovesd-nalunk-eloben-a-reszveteli-adatokat/
d5cf891d3a209e76dec4c4974e9ce6070a515fb229ad104f6c6111a6320c4d5d,2026-04-12 08:32:20.801999+00:00,hu,atlatszo.hu,atlatszo.hu,2026-04-12,Így zengett a „Mocskos Fidesz” és „Ruszkik haza” a Hősök terén pénteken – videóriport,https://atlatszo.hu/kozugy/2026/04/12/igy-zengett-a-mocskos-fidesz-es-ruszkik-haza-a-hosok-teren-penteken-videoriport/
f7115ca154a8e85ee882c5fbd91d22aae52dd72b9ff6b44d8ac7840e58c961c6,2026-04-12 08:32:15.991840+00:00,hu,atlatszo.hu,atlatszo.hu,2026-04-12,"Erdélyben a Fidesz vazallusai szervezik a levélszavazást, sokan csalástól tartanak",https://atlatszo.hu/kozugy/2026/04/12/erdelyben-a-fidesz-vazallusai-szervezik-a-levelszavazast-sokan-csalastol-tartanak/
1c0b9ef10184dc4965d32933944cc86325455a776ef9cd383e27dce864544cf4,2026-04-12 07:23:09.611739+00:00,hu,24.hu,24.hu,2026-04-12,Szigetszentmiklóson egy szavazatszámlálónak nem indult könnyen a reggel,https://24.hu/belfold/2026/04/12/szigetszentmikloson-egy-szavazatszamlalonak-nem-indult-konnyen-a-reggel/
7a4aa8c3ff3107b53bd534f796be6b71da684b728f134d8eaff91db9232bbcf9,2026-04-12 07:22:52.162186+00:00,hu,24.hu,24.hu,2026-04-12,Részvétel a csatatereken: Pócs kerületében megindultak a szavazók,https://24.hu/belfold/2026/04/12/reszvetel-a-csatatereken-pocs-keruleteben-megindultak-a-szavazok/
5051ca774c77b040ccb1a021a4cd731b1e59882dca396d4102d5e2e785cfe101,2026-04-12 07:22:46.908032+00:00,hu,24.hu,24.hu,2026-04-12,"Elszáll a rezsim""",https://24.hu/belfold/2026/04/12/elszall-a-rezsim/
0e17deacb8ef71a33bd5b23a4885f655e85ad9fe264ded3b9e16fba1439fc0de,2026-04-12 07:22:41.949065+00:00,hu,24.hu,24.hu,2026-04-12,"7 órai fővárosi részvételi adatok: a 7-es körzet hasít, a 2-es döcög",https://24.hu/belfold/2026/04/12/7-orai-fovarosi-reszveteli-adatok-a-7-es-korzet-hasit-a-2-es-docog/
312ec0b31d88d239b1f0d0213c182620791821179393d8223aeb09e622cecc42,2026-04-12 07:22:06.335125+00:00,hu,24.hu,24.hu,2026-04-12,Így néz ki a megyei részvétel a reggeli adatok szerint,https://24.hu/belfold/2026/04/12/igy-neznek-ki-a-megyei-reszveteli-adatok-a-reggeli-adatok-szerint/
a735a3cf765a006eb643ac9cd555d48bbb9f41d8ffe5146688b57c759eb81867,2026-04-12 07:21:43.877370+00:00,hu,24.hu,24.hu,2026-04-12,"Ennyien még nem voltak soha""",https://24.hu/belfold/2026/04/12/ennyien-meg-nem-voltak-soha/
b14c82490e98ddc2c0e36dcd25f338e806fd6f9ed97cfad3986c77bc54d0a737,2026-04-12 05:19:20.462414+00:00,hu,24.hu,24.hu,2026-04-12,Ma a Google is a magyarokról szól,https://24.hu/belfold/2026/04/12/ma-a-google-is-a-magyarokrol-szol/
81b7a29b2612d8c5e9333469e5dca395e224a2332e45d077ffb30b8793f9fa00,2026-04-12 05:18:57.300390+00:00,hu,24.hu,24.hu,2026-04-12,Mikor zárják az urnákat?,https://24.hu/belfold/2026/04/12/mikor-zarjak-az-urnakat/
78d852490e0d2f6a73771c52d32f7198a0c37809d1f8bee6232e6b66aa470234,2026-04-12 05:18:49.614835+00:00,hu,24.hu,24.hu,2026-04-12,Mutatjuk is a legfontosabb választási tudnivalókat,https://24.hu/belfold/2026/04/12/mutatjuk-is-a-legfontosabb-valasztasi-tudnivalokat/
b22ffe5f9f981947833eeda4e5bb66d882bebc28cb5c4eb3ed631acaabf306ef,2026-04-12 05:18:37.099860+00:00,hu,24.hu,24.hu,2026-04-12,Megkezdődött a szavazás,https://24.hu/belfold/2026/04/12/megkezdodott-a-szavazas-2/
ae49cb7547610dd709943e75e14aaae275c7af0f5181a2d3161c81813f345987,2026-04-12 05:18:27.047537+00:00,hu,24.hu,24.hu,2026-04-12,"Mit kell vinnem a szavazáshoz, hol szavazhatok?",https://24.hu/belfold/2026/04/12/mit-kell-vinnem-a-szavazashoz-hol-szavazhatok/
cac5ed5caa4688b6c6c50684af0b98a676b8dab71cd91dc1c57a0d9c2acc5dfc,2026-04-12 05:18:21.859261+00:00,hu,24.hu,24.hu,2026-04-12,Hatvan százalék közelében a levélszavazók aránya,https://24.hu/belfold/2026/04/12/hatvan-szazalek-kozeleben-a-levelszavazok-aranya/
f27020674183a7103cf6a732aaa564d93087a325609324eca61419f325212ce5,2026-04-12 04:30:20.679972+00:00,hu,24.hu,24.hu,2026-04-12,"Választás 2026 - élő hírfolyam: szavazás, részvétel és eredmények percről percre",https://24.hu/belfold/2026/04/12/valasztas-2026-elo-hirfolyam/
ecea19e333eb9cd15d8674a75f0e9e677f63f0e992fb5b6672a977bf43642143,2026-04-12 03:18:59.462317+00:00,hu,24.hu,24.hu,2026-04-12,"„Azon leszek, hogy a jövőben ilyesmi ne történhessen meg egyetlen kézilabdázóval sem Magyarországon” – súlyos szabálysértést emleget az elküldött szegedi kézis",https://24.hu/sport/2026/04/12/jim-gottfridsson-pick-szeged-szerzodesbontas-kozlemeny/
bceacc4e7cd95ff5d72ff8b966b9fc4d21d9478439752373fa86678f238bb8ff,2026-04-11 22:29:03.696176+00:00,hu,24.hu,24.hu,2026-04-11,54 éve fennálló gólrekordot döntött meg a brutális Bayern-támadógépezet,https://24.hu/sport/foci/2026/04/11/bundesliga-bayern-munchen-uj-golrekord/
3dbee95d4f904ddc177bcd6cc56dfc1ecffb36f13d3f5ce60aa364d44c757386,2026-04-11 22:28:00.542224+00:00,hu,24.hu,24.hu,2026-04-11,Így zárta a kampányt Orbán Viktor Budapesten – Galéria,https://24.hu/belfold/2026/04/11/orban-viktor-budapest-kampanyzaro-galeria/
1fdf3edbf6dab371cef9b3eb51210b6f919b4aa334bd5f694234fbf967d90c2c,2026-04-11 22:27:42.345543+00:00,hu,24.hu,24.hu,2026-04-11,Így zárta a kampányt Magyar Péter Debrecenben – Galéria,https://24.hu/belfold/2026/04/11/magyar-peter-kampanyzaro-debrecen-galeria/
0be8cc5f687b7065c1d298bae2e3b44443a95f6ec1e096c9d530cd786812cfc2,2026-04-11 21:26:47.456347+00:00,hu,24.hu,24.hu,2026-04-11,Leszedte a mezt az ellenfélről a magyar női kézis,https://24.hu/sport/2026/04/11/noi-kezilabda-eurokupa-magyarorszag-csehorszag/
86906e09db26123d0cdd5089736d60effa9b1b408f37ed744f00c66b46f47a39,2026-04-11 21:25:59.131508+00:00,hu,24.hu,24.hu,2026-04-11,"Videót közöltek a brutális balesetről, amelyben lezuhant egy autó a felüljáróról Budapesten",https://24.hu/belfold/2026/04/11/video-baleset-feluljaro-versenyzes/
c024e894503f94ba21fa7f4de2d0f8fc46261a974e3350d28d65212e28832498,2026-04-11 18:28:59.582842+00:00,hu,24.hu,24.hu,2026-04-11,"Magyar Péter Debrecenben: Nem arra kapott felhatalmazást Orbán Viktor, hogy egy orosz bábkormányt vezetve üljön bele Batthyány Lajos székébe",https://24.hu/kozelet/2026/04/11/magyar-peter-debrecenben-nem-arra-kapott-felhatalmazast-orban-viktor-hogy-egy-orosz-babkormanyt-vezetve-uljon-bele-batthyany-lajos-szekebe/
0d2fb734cfa6b65d4a048b378594dab025b4948a6989886b33cd0f18e2cb66dd,2026-04-11 18:28:51.934660+00:00,hu,24.hu,24.hu,2026-04-11,Szijjártó Péter Budapesten ismét felmelegítette a háborús propagandát,https://24.hu/belfold/2026/04/11/szijjarto-peter-budapesten-ismet-felmelegitette-a-haborus-propagandat/
d0db9efdd5f1ba853f8a0c58d63f7dfd490d56c470835122a0ffb5e7a0fd152c,2026-04-11 18:28:41.969727+00:00,hu,24.hu,24.hu,2026-04-11,"Magyar Péter Debrecenben: Új alkotmány lesz, amit népszavazás erősít meg",https://24.hu/kozelet/2026/04/11/magyar-peter-debrecenben-uj-alkotmany-lesz-amit-nepszavazas-erosit-meg/
c15b6dd1cb49ce8e53992fdb7e3873f7e7f2946588a2188f0c3808dcf9378975,2026-04-11 18:28:36.763866+00:00,hu,24.hu,24.hu,2026-04-11,"Fico: Kívánom, hogy Viktor minden politikai célja megvalósuljon a választásokon",https://24.hu/kozelet/2026/04/11/robert-fico-orban-valasztas/
f067eae12c78b8d07cbe436bdd5e355daed15550899cac340c90e65d54bd1ae7,2026-04-11 18:28:32.212504+00:00,hu,24.hu,24.hu,2026-04-11,"Szijjártó Péter felelősségre vonása, a Szőlő utca-botrány feltárása – ezeknek az ígéreteknek tapsoltak leginkább",https://24.hu/kozelet/2026/04/11/szijjarto-peter-felelossegre-vonasa-a-szolo-utca-botrany-feltarasa-ezeknek-az-igereteknek-tapsoltak-leginkabb/
e61b32575e1edf991b72f4c1c9fbde756f274c31a0ac487548a1e39913653751,2026-04-11 18:27:49.030461+00:00,hu,24.hu,24.hu,2026-04-11,Szijjártó Péter Budapesten: Legyen ez a valaha volt legnagyobb győzelmünk,https://24.hu/belfold/2026/04/11/szijjarto-peter-budapesten-legyen-ez-a-valaha-volt-legnagyobb-gyozelmunk/
ce7fdd5130745b7d1974338576b8775f8c7a11de118ea1457270ffa8d7e0d617,2026-04-11 18:27:33.155865+00:00,hu,24.hu,24.hu,2026-04-11,Magyar Péter Debrecenben: Azonnal vizsgálatot indítunk Szijjártó Péter ellen,https://24.hu/kozelet/2026/04/11/magyar-peter-debrecenben-azonnal-vizsgalatot-inditunk-szijjarto-peter-ellen/
2d1a0c9de8649956e11603453d3aa61d77489261a0e125fe607623181c1c6571,2026-04-11 18:27:03.833732+00:00,hu,24.hu,24.hu,2026-04-11,Lázár János Budapesten: Orbán Viktor kezeli a válságokat,https://24.hu/belfold/2026/04/11/lazar-janos-budapesten-orban-viktor-kezeli-a-valsagokat/
d3a8458ddfdee2ba89e2bb32e0197b38f2ddd35574673890da61a2f76ec94ef0,2026-04-11 18:26:58.993978+00:00,hu,24.hu,24.hu,2026-04-11,"Magyar Péter Debrecenben: Aki közpénzt elemel, Szabó Bencékkel és Pálinkás századosokkal találja magát szembe",https://24.hu/kozelet/2026/04/11/magyar-peter-debrecenben-aki-kozpenzt-elemel-szabo-bencekkel-es-palinkas-szazadosokkal-talalja-magat-szembe/
063e9d5f9fee35791d04a3b15c47984f2c411450b91564b5c073542aa0bc9ad8,2026-04-11 18:26:49.843870+00:00,hu,24.hu,24.hu,2026-04-11,"Lázár János Budapesten: A mi programunk a hétköznapi, egyszerű embereknek szól",https://24.hu/belfold/2026/04/11/lazar-janos-budapesten-a-mi-programunk-a-hetkoznapi-egyszeru-embereknek-szol/
96d1280087d6c98b0d830056b2e4dbc833d8acc89ea3263a52d25684a484f540,2026-04-11 17:36:22.153068+00:00,hu,24.hu,24.hu,2026-04-11,"Begurult Magyar Péter autója, megérkezett Debrecenbe a Tisza Párt elnöke",https://24.hu/kozelet/2026/04/11/begurult-magyar-peter-autoja-megerkezett-debrecenbe-a-tisza-part-elnoke/
0246561e638c59a39dea64ca02f000e08bbd0c02d09341e60ca021e2c1515785,2026-04-11 17:36:18.000301+00:00,hu,24.hu,24.hu,2026-04-11,"Magyar Péter Debrecenben: Két éve kinevettek minket, ma már nem nevetnek",https://24.hu/kozelet/2026/04/11/magyar-peter-debrecenben-ket-eve-kinevettek-minket-ma-mar-nem-nevetnek/
f6f28079f4691de6139d3615fe57062d84be7353e46bea491f781e4e92f847ca,2026-04-11 17:36:12.120449+00:00,hu,24.hu,24.hu,2026-04-11,Melyik androidos csúcsmobil éri meg jobban? Teszten a Samsung Galaxy S26 Ultra és a Xiaomi 17 Ultra,https://24.hu/tech/2026/04/11/samsung-galaxy-s26-ultra-xiaomi-17-ultra-teszt/
10b1d0c1d7fb58c1fc4f93a9d92cfda29b0c07b33b7c3c3102e7a0d2f1b4f0b6,2026-04-11 17:36:07.672856+00:00,hu,24.hu,24.hu,2026-04-11,Hoppá: váratlanul távozott a Szeged Eb-győztes kézise,https://24.hu/sport/2026/04/11/pick-szeged-tavozott-jim-gottfridsson/
72a80ffcaaf3ad9f2db0f4ca6ad47f1d2e13e1200b4363eb410bc03cbc308ed0,2026-04-11 17:34:41.262861+00:00,hu,24.hu,24.hu,2026-04-11,"Magyar Péter Debrecenben: Mára egy a nemzet, egy a zászló",https://24.hu/kozelet/2026/04/11/magyar-peter-debrecenben-mara-egy-a-nemzet-egy-a-zaszlo/
3f12a5969399230b2add8712631cb68861ef6c593f289953493775c46861f89a,2026-04-11 17:34:35.093738+00:00,hu,24.hu,24.hu,2026-04-11,Magyar Péter Debrecenben: Az első ciklusban felújítjuk a Nagyállomást,https://24.hu/kozelet/2026/04/11/magyar-peter-debrecenben-az-elso-ciklusban-felujitjuk-a-nagyallomast/
0b3c0d05e34444b121f2fd852d90af9265bcf1dd4f56a8115c2d53c51d23f05e,2026-04-11 17:34:30.299974+00:00,hu,24.hu,24.hu,2026-04-11,"Magyar Péter Debrecenben: Megváltoztattuk, miről szól a politika",https://24.hu/kozelet/2026/04/11/magyar-peter-debrecenben-megvaltoztattuk-mirol-szol-a-politika/
9564ff51a3515f8cf5bc8eaf6e869ee98c8fddf81b0493cda56c7e810a7bf458,2026-04-11 17:30:04.369458+00:00,hu,24.hu,24.hu,2026-04-11,Titkos szövetséget kötöttek Magyarország ellen 1921-ben,https://24.hu/tudomany/2026/04/11/trianon-kisantant-fenyegetes-tortenelem/
ac3a4154e0d7aa458dfb348419109539d7317c9f65b651a19271c549ee503939,2026-04-11 17:29:45.213011+00:00,hu,24.hu,24.hu,2026-04-11,"A kampány akkor kampány, ha személyesen találkozunk – néhány idézet Orbán négy évvel ezelőtti beszédéből",https://24.hu/belfold/2026/04/11/a-kampany-akkor-kampany-ha-szemelyesen-talalkozunk-nehany-idezet-orban-negy-evvel-ezelotti-beszedebol/
0f58b4acb7f0e342a58a349c00b4c6f2ab979facda1c63ceadcee6f933959833,2026-04-11 17:29:37.603313+00:00,hu,24.hu,24.hu,2026-04-11,Ezúttal nem vidéki várost választott a Fidesz a kampányzáróhoz,https://24.hu/belfold/2026/04/11/ezuttal-nem-videki-varost-valasztott-a-fidesz-a-kampanyzarohoz/
fec18a9665e1a8e8528f03a65c979823a6cfa25a665f64aee5cac69cce8a06b9,2026-04-11 17:29:24.172640+00:00,hu,24.hu,24.hu,2026-04-11,"Sinner olyat csinált, amire eddig csak a Federer, Nadal, Djokovic trió volt képes",https://24.hu/sport/2026/04/11/tenisz-monte-carlo-donto-carlos-alcaraz-jannik-sinner/
b6b41b11536b260e3d536cf251155e551f9c5018ee0f0c83ef882c38fd10e2df,2026-04-11 17:29:09.984907+00:00,hu,24.hu,24.hu,2026-04-11,"Bizakodó, jó hangulatban gyűltek össze a tiszások",https://24.hu/kozelet/2026/04/11/bizakodo-jo-hangulatban-gyultek-ossze-a-tiszasok/
80a6a6750e6193c3e1fea21b95331f741594eff347eef9c5173ac6b3988f647e,2026-04-11 17:28:55.108341+00:00,hu,24.hu,24.hu,2026-04-11,Gyülekeznek a fideszesek a várban,https://24.hu/belfold/2026/04/11/gyulekeznek-a-fideszesek-a-varban/
0720e29faa1c8457440ba93dc0e088e13a7d446d78ca76e21865317fc5ab35e7,2026-04-11 17:28:49.585761+00:00,hu,24.hu,24.hu,2026-04-11,Ingatlanpiac: ezek a budapesti agglomeráció legolcsóbb és legdrágább települései,https://24.hu/otthon/2026/04/11/budapest-agglomeracio-ingatlanarak/
9dda14ede952e745144aaaa33793fc9708fc76a5faaa43164275c04cce277463,2026-04-11 17:28:38.845516+00:00,hu,24.hu,24.hu,2026-04-11,A Budai Várban zárja a kampányt a Fidesz,https://24.hu/belfold/2026/04/11/kampanyzaro-2026-fidesz-orban-viktor-elo-kozvetites/
3d571ee71abbde81a01bd555cf1f186e078f66a809510d3534ba054c9b291ef0,2026-04-11 17:28:30.658584+00:00,hu,24.hu,24.hu,2026-04-11,"Magyar Péter még sehol, feltűnt egy ""g*ci nagy háború lesz!"" feliratú molinó",https://24.hu/kozelet/2026/04/11/magyar-peter-meg-sehol-feltunt-egy-gci-nagy-haboru-lesz-feliratu-molino/
b84b865b0a2789ee874719a98b3851fdae5c8747902d9bbcc6b51c4bf3e027ef,2026-04-11 17:28:06.291161+00:00,hu,24.hu,24.hu,2026-04-11,Húsz perccel a kezdés előtt megtelt az Egyetem tér Debrecenben,https://24.hu/kozelet/2026/04/11/husz-perccel-a-kezdes-elott-megtelt-az-egyetem-ter-debrecenben/
ca8d9a1508f5ae82cb7801069d89d813165440b9dde42618926cd342fbf0610c,2026-04-11 16:28:18.550475+00:00,hu,24.hu,24.hu,2026-04-11,"Török Gábor elárulta, mi lenne a számára ideális kimenete a választásnak",https://24.hu/belfold/2026/04/11/torok-gabor-velemeny-elemzes/
9237dad29a4071a703b637abd1f28ce2939d98f8a4d442f1dbd4bc7cdb22eb6a,2026-04-11 16:28:13.566238+00:00,hu,24.hu,24.hu,2026-04-11,700 településen járt két év alatt,https://24.hu/kozelet/2026/04/11/700-telepulesen-jart-ket-ev-alatt/
c8cffaabb0977e84090a2d6ae32f21bbff9841dd0fde0bdfbfd9464195d04186,2026-04-11 16:28:07.503759+00:00,hu,24.hu,24.hu,2026-04-11,Ruszin-Szendi Romulusz: Egy autós el akarta gázolni a tiszás aktivistákat Nádudvaron,https://24.hu/belfold/2026/04/11/nadudvar-tisza-auto-ruszin-szendi-romulusz/
ec5cc47cf88e58c2d4e26ae2e053dba19e06e773c4133c846075a8a55b04b9ab,2026-04-11 16:27:37.612848+00:00,hu,24.hu,24.hu,2026-04-11,"Magyar Péter még színpadra se lépett Debrecenben, de már megtelt az Egyetem tér",https://24.hu/kozelet/2026/04/11/magyar-peter-debrecen-szombat-beszed-kampanyzaro/
cdb0e6c0f57a82520ba2dec62fa03fcf9297589c783917fa21a04bcee0d79dbf,2026-04-11 16:27:32.643054+00:00,hu,24.hu,24.hu,2026-04-11,Az NB I legpechesebb játékosa először lőtt érvényes gólt az Újpestben,https://24.hu/sport/foci/2026/04/11/nb-i-kazincbarcika-ujpest-krajcsovics-abel/
51b5839ec376d49cbfd4b8d7699034c0189679037eb1f8a385b42abd19a4f6ee,2026-04-11 16:27:22.811400+00:00,hu,24.hu,24.hu,2026-04-11,Gyülekezik a tömeg Debrecenben Magyar Péter beszéde előtt,https://24.hu/kozelet/2026/04/11/gyulekezik-a-tomeg-debrecenben-magyar-peter-beszede-elott/
46c4ad4f3c86363a24b313767033174cb0f8fbaec80e46fdc3600fe194c10411,2026-04-11 16:22:28.601542+00:00,hu,24.hu,24.hu,2026-04-11,"Önmerénylet, hekkertámadás, titkosszolgálati beavatkozás: mennyire kell ezektől tartani a kampány hajrájában?",https://24.hu/belfold/2026/04/11/kampanyhajra-onmerenylet-hackertamadas-titkosszolgalat/
fa48aaeab56fc70177d0b1327889e815458f8c21481608e2c79a179759813db5,2026-04-11 15:23:59.390227+00:00,hu,24.hu,24.hu,2026-04-11,Tóth Alex is részese volt a Bournemouth óriási bravúrjának,https://24.hu/sport/foci/2026/04/11/premier-league-arsenal-bournemouth-toth-alex/
53d99befdea017be042e0103f935fc3a7519e17c420e82d10cb303d9ee427da6,2026-04-11 15:23:54.450656+00:00,hu,24.hu,24.hu,2026-04-11,"„Mennyi esély van arra, hogy az új Heti Heteshez is találtak két ekkora zsenit?” – a klasszikus műsor sztárjait kérdeztük az újraindulásáról, 1. rész",https://24.hu/szorakozas/2026/04/11/heti-hetes-2026-ujraindulas-havas-henrik-hernadi-judit-verebes-istvan/
ec07b61db5c63469e3439a8da3a3c615e8e4f8237556addda81cced9c3bf93c2,2026-04-11 15:23:27.496795+00:00,hu,24.hu,24.hu,2026-04-11,Amerikai hadihajók haladtak át a Hormuzi-szoroson,https://24.hu/kulfold/2026/04/11/amerikai-hadihajok-hormuzi-szoros/
93c96eab45779ffd9a17780b9002fd86e90cb7f2e457801d92b1673b8d9b97bd,2026-04-11 15:22:47.064024+00:00,hu,24.hu,24.hu,2026-04-11,"70 éves lett Hernádi Judit, aki a film és a színház mellett a show-műsorokat is meghódította – galéria",https://24.hu/kultura/2026/04/11/hernadi-judit-hetven-szuletesnap-galeria/
2926b939c0c9a81dbb4c5d03d15a3790dde80469b5f2259ffdde7ae877cbfa29,2026-04-11 14:24:16.848020+00:00,hu,24.hu,24.hu,2026-04-11,"Wáberer György 300 ezer forintot ad azoknak, akik választási csalást lepleznek le",https://24.hu/belfold/2026/04/11/waberer-gyorgy-valasztasi-csalas-300-ezer-forint/
729a349ec657e6e2715ecca12d53e9ea2eecd74c2821157022f2671226c4100f,2026-04-11 14:21:07.715123+00:00,hu,24.hu,24.hu,2026-04-11,"Listavezetői interjúk a 24.hu-n: négyen kötélnek álltak, Orbán nem válaszolt, a romák jelöltje az utolsó pillanatban lemondta a beszélgetést",https://24.hu/kozelet/2026/04/11/listavezetoi-interjuk-a-24-hu-n-negyen-kotelnek-alltak-orban-nem-valaszolt-a-romak-jeloltje-az-utolso-pillanatban-lemondta-a-beszelgetest/
fa33ecede10392c12cc4a74f5898bd5afd6e82f7810d26bb3305dc80516b37f1,2026-04-11 14:21:02.289104+00:00,hu,24.hu,24.hu,2026-04-11,"A ciprusiak nem akarnak brit támaszpontot, félnek a háborútól",https://24.hu/kulfold/2026/04/11/ciprus-iran-drontamadas-nato-eu-dw/
51a954bc27e24edad4d7d1479afdb9aef7e1caeedd902d519ce3d35a37c772ce,2026-04-11 14:20:57.120458+00:00,hu,24.hu,24.hu,2026-04-11,"Eckü arról, hogy Gulyás Gergely fejére rakta volna a heréjét: A választási őrület túlcsúszott bennem tegnap, ne haragudjatok!",https://24.hu/belfold/2026/04/11/ecku-bocsanat-gulyas-gergely-here/
61ecbe0546d4ed444c4b2bdb253fccaa3c076c916d21c1f4828955e0e3455e8c,2026-04-11 14:20:52.056861+00:00,hu,24.hu,24.hu,2026-04-11,Élelmiszer-adományok kiválasztottaknak – választási csalást követtek el a Mészáros-csomagokat osztó fideszes politikusok?,https://24.hu/belfold/2026/04/11/fidesz-valasztasi-csalas-elelmiszercsomag/
3f19a6b57f9734101d77666a1fef273c15d9a763283f502cfbc57f0428225ea8,2026-04-11 14:20:16.879627+00:00,hu,24.hu,24.hu,2026-04-11,Őrizetbe vették a két ember halálával járó balesetet okozó sofőrt,https://24.hu/kozelet/2026/04/11/feluljaro-baleset-rendorseg/
e3011fa57b7a69fd83ea26e7db8379afac268b423820476360cb20ba9765450b,2026-04-11 13:18:36.553412+00:00,hu,24.hu,24.hu,2026-04-11,Melyik felmérés hiteles? Melyik fideszest kedvelik leginkább a tiszások? – Török Gábor kérdéseit is feltettük kutatásunkban,https://24.hu/kozelet/2026/04/11/21-kutatokozpont-torok-gabor-kerdesei/
b8fb4ba30826b8ef70b6a8042749317a84eab6073446871c64c6dac2eaf4dbfb,2026-04-11 13:18:07.714806+00:00,hu,24.hu,24.hu,2026-04-11,Gyalogost sodort el autó a belvárosban – a rendőrség lezárta a Vámház körutat,https://24.hu/belfold/2026/04/11/baleset-vamhaz-korut/
77834f3153226a5448c1a601e8d601655f2b598d74ed6bb0544be47dee53b409,2026-04-11 13:17:34.876083+00:00,hu,24.hu,24.hu,2026-04-11,"Lokális kárt"" okozhatott volna a szerbiai gázvezetéken a mellette talált négy kiló robbanóanyag",https://24.hu/kulfold/2026/04/11/a-szerbiai-gazvezetek-szabotazs-robbanoanyag-magyarkanizsa/
4d735169b6e06e7ad34bf1fd09672f6ccc0a823fdd9bbd3eaaef5b89a8450cb7,2026-04-11 13:17:13.344326+00:00,hu,24.hu,24.hu,2026-04-11,JD Vance megérkezett Iszlámábádba,https://24.hu/kulfold/2026/04/11/jd-vance-iszlamabad-pakisztan-iran/
0ecc4c825f7f5d5097dba272727f5f519e3148982b0082e58b010a9dfc938db3,2026-04-11 13:17:09.670235+00:00,hu,24.hu,24.hu,2026-04-11,"Tűz tombolt a bázeli stadionban, a futballisták minden felszerelése odaveszett",https://24.hu/sport/foci/2026/04/11/svajci-foci-stadiontuz-fc-basel/
0fdd97debd7433d295de2f578a089fc566fed8f7db3627d0f359daa333c35572,2026-04-11 12:26:42.575514+00:00,hu,24.hu,24.hu,2026-04-11,"Varga Judit felbukkant, és elmondta, hogyan szavaz vasárnap",https://24.hu/belfold/2026/04/11/varga-judit-valasztas-szavazas/
9a8d6a0c0c912cad6ffed612e14001a2d50886475f940521f138265e37e7c5bb,2026-04-11 12:25:49.930093+00:00,hu,24.hu,24.hu,2026-04-11,Kézi-BL: harminc százalék esélyt ad egykori játékosa a Veszprémnek,https://24.hu/sport/2026/04/11/kezilabda-bl-veszprem-fuchse-berlin-kentin-mahe/
5b675e9fee5025ef45284b993962b0ab9008ad8f37b1e53ba39560c59195e224,2026-04-11 12:25:07.309938+00:00,hu,atlatszo.hu,atlatszo.hu,2026-04-11,"Tóni, a Főnök, Tömjén Zsolti és a többiek – félfikciós regény a NER-ről",https://atlatszo.hu/kult/2026/04/11/toni-a-fonok-tomjen-zsolti-es-a-tobbiek-felfikcios-regeny-a-ner-rol/
0c94a82cf94761a4c588927fd36edd3621bdee4d648c1d566ad436191f152a17,2026-04-11 12:24:29.382607+00:00,hu,atlatszo.hu,atlatszo.hu,2026-04-11,Választási Monitor: utolsó mandátumbecslésünk a választások előtt,https://atlatszo.hu/kozugy/2026/04/11/valasztasi-monitor-utolso-mandatumbecslesunk-a-valasztasok-elott/
3c26771b4278eb4bbe53c192e5b8d7779119f64afe7f708f32f5ef8bf55e6ce5,2026-04-11 12:24:23.698821+00:00,hu,atlatszo.hu,atlatszo.hu,2026-04-11,"Mészárosék átvették volna a becsődölt Bászna Gabonát, de végül nem ők fizettek",https://atlatszo.hu/kozpenz/2026/04/11/meszarosek-atvettek-volna-a-becsodolt-baszna-gabonat-de-vegul-nem-ok-fizettek/
d87e961afb2661be6047e8c09f1504c2d65179eae89e55bd790aa776700fbd7c,2026-04-11 11:36:38.000285+00:00,hu,24.hu,24.hu,2026-04-11,"Arne Slot irányításával mostanra minden eltűnt, amit Jürgen Klopp összerakott Liverpoolban",https://24.hu/sport/foci/2026/04/11/psg-liverpool-arne-slot-jurgen-klopp-elemzes/
a172955b1ad7e6a09ada1d8ab5d6584d56d69471b637ba92c2bb40398ba613d8,2026-04-11 11:35:20.947836+00:00,hu,24.hu,24.hu,2026-04-11,"Az MSZP frakcióvezetője arra biztatja a választókat, hogy szavazzanak a Tiszára",https://24.hu/belfold/2026/04/11/toth-bertalan-tisza-szavazas/
521a5810b25e3ca17fdac7e9c161b1d6f984b4c0444972965c0bc22986df2cb0,2026-04-11 11:26:23.448869+00:00,hu,24.hu,24.hu,2026-04-11,"A skizofrénia teljesen más, mint ahogy azt a legtöbben gondolnák",https://24.hu/tudomany/2026/04/11/pszichologia-cikksorozat-szakerto-skizofrenia-szkizofrenia/
72f97355736ee945d17ded34207c54a20857fe391b0aac958ed79158a85c3f21,2026-04-11 11:26:18.236212+00:00,hu,24.hu,24.hu,2026-04-11,Figyelmeztet a minisztérium: megtévesztő e-mail terjed a választással kapcsolatban,https://24.hu/kozelet/2026/04/11/valasztas-megteveszto-email-lakcimkartya/
fe00a2e0f03048a5172b2df5e561bb174efcf3ddf4d28adc3a89b058a0dd7a6f,2026-04-11 10:34:34.137554+00:00,hu,24.hu,24.hu,2026-04-11,"Hann Endre: Határozottan merem állítani, hogy a Tisza nyeri a választást",https://24.hu/kozelet/2026/04/11/hann-endre-median-valasztas-tisza/
a983491a23a7f4be05c56bdda1b3cfbe56452e1bd492314275cf75c6fea427dc,2026-04-11 10:34:23.526086+00:00,hu,24.hu,24.hu,2026-04-11,Hogyan szorítható keretek közé a propaganda?,https://24.hu/kozelet/2026/04/11/hogyan-szorithato-keretek-koze-a-propaganda/
20ea93aa2195fe75a4c3a93460cf6d3e159205c7576918843e1c4a4ec02245fa,2026-04-11 10:34:06.635585+00:00,hu,24.hu,24.hu,2026-04-11,"Gyászmagyarkának nevezték, az osztrák himnuszt kezdték el játszani a győzelmekor",https://24.hu/sport/2026/04/11/elso-magyar-olimpiai-bajnoki-cim-hajos-alfred-130-eve/
ea1a2362e0815323d8115c9c8884d6207de85b387edd92ad68b8bbc59f337dd6,2026-04-11 10:34:01.609393+00:00,hu,24.hu,24.hu,2026-04-11,"Donald Trump: Örömmel fektetünk be abba a jövőbeli jólétbe, amelyet Orbán folyamatos vezetése fog előidézni",https://24.hu/kulfold/2026/04/11/trump-orban-magyarorszag-gazdasag/
b4e6f33fcae1ce5b19fba9c8f14373ee2544afdcae437c4bb0ab2af65aed3a51,2026-04-11 10:33:46.413098+00:00,hu,24.hu,24.hu,2026-04-11,"Mindentől messze, a szívhez közel"" – kanyargás a budai hegyekben az úttörő köztársaságtól a gyermekvasútig",https://24.hu/kozelet/2026/04/11/budai-hegyek-uttoro-koztarsasag-gyermekvasut-heti-fortepan/
ff7f8bd87cc015e0cae757ffd6d13569849e58cf4503cf4f8e364ab763bbf0e7,2026-04-11 10:33:17.675692+00:00,hu,24.hu,24.hu,2026-04-11,„Élhető fizetést kellett volna adnotok nekünk” – felgyújtotta a munkahelyét egy raktári alkalmazott Kaliforniában,https://24.hu/kulfold/2026/04/11/ontario-felgyujtott-raktar-fizetes/
8b0e117aeb445d8f027c758d98bc080b295df35123ce8450c3502a12144acea4,2026-04-11 09:33:53.690003+00:00,hu,24.hu,24.hu,2026-04-11,Magyar Péter: A fideszes maffiának már nincs hatalma felettetek,https://24.hu/kozelet/2026/04/11/magyar-peter-valasztas-szavazatvasarlas/
641512c10559cfcb2f538b82f3bab9623530a647ff05aa2566201380e0c1f0df,2026-04-11 09:33:08.582350+00:00,hu,24.hu,24.hu,2026-04-11,"Orbán egymillió kézfogást vár, tőle egyetlen kézfogást kértek, de mást adott",https://24.hu/belfold/2026/04/11/orban-egymillio-kezfogas-kezcsok/
642141abff32037d26a93e7febfa08e510ac70dc2d9f7fe27d96a36e77f19211,2026-04-11 09:32:32.264060+00:00,hu,24.hu,24.hu,2026-04-11,"Jól jöhet az ausztriai szigorítás annak, aki most vásárolna elektromos rollert magyarországi használatra",https://24.hu/tech/2026/04/11/elektromos-roller-ausztria/
16a0e6f295277328894e78305b9ea1bde814570cbf5d270e9a55a0d1d897def6,2026-04-11 09:32:13.474582+00:00,hu,24.hu,24.hu,2026-04-11,"Mínusz 7,4 fok! – megdőlt a hajnali hidegrekord",https://24.hu/belfold/2026/04/11/hidegrekord-nyirtass-nyirlugos/
72247ac4aaa8a5addcf0386b1caf9627295fdea2d9c717e15c3a645f77a9dd85,2026-04-11 09:32:02.706927+00:00,hu,24.hu,24.hu,2026-04-11,"Török Gábor: Magyar Péterrel olyan kontraszt képződött meg, amiben másképp látjuk Orbán Viktort",https://24.hu/belfold/2026/04/11/podcast-torokules-orban-viktor-magyar-peter-valasztas-2026/
b26af3875d7af2972b5f7be36ca34c991a499be5cea26fdfaecad1eabc2e5594,2026-04-11 09:31:35.309751+00:00,hu,24.hu,24.hu,2026-04-11,"Ez itt és a Holdon is tizenegyes"" – forrong a dühtől a Real Madrid, a bajnoki címbe kerülhet ez a döntés",https://24.hu/sport/foci/2026/04/11/real-madrid-girona-mbappe-fejserules-elmaradt-bunteto/
5abeb33274517386e353e6943270fbf197cb3731f29722b8903dd5ad23fe3de2,2026-04-11 08:34:48.794491+00:00,hu,24.hu,24.hu,2026-04-11,Rendszerbontó Nagykoncert: Bulizók is beálltak szemetet szedni az esemény után,https://24.hu/belfold/2026/04/11/rendszerbonto-nagykoncert-bulizok-szemetszedes/
b1c57304a51666dfc38029fdcc17638b1983a3e1186f7e0270e8886002001ff3,2026-04-11 08:34:35.709141+00:00,hu,24.hu,24.hu,2026-04-11,"Rigai nagykövet: Nem Moszkvába mennek egyetemre a gyerekeink, hanem Berlinbe, Párizsba, Helsinkibe",https://24.hu/kozelet/2026/04/11/rigai-magyar-nagykovet-urkuti-gyorgy-europai-unio/
19d524e6c69c320f6a7d697a625b022ef99cb3899e2156a15ecf50d06b0d44b8,2026-04-11 08:34:30.042753+00:00,hu,24.hu,24.hu,2026-04-11,"Citadella: ""A szabadság bástyája"" a szabadság ellen épült, ráadásul bástyája sem volt soha",https://24.hu/kultura/2026/04/11/citadella-szabadsag-szobor-legenda-tortenelemhamisitas/
779c7502ac51145f052a13ed7890658ac74516ed109fdb8611dff8478a46bb6e,2026-04-11 08:34:15.014526+00:00,hu,24.hu,24.hu,2026-04-11,"Tóth Gabi: A jó oldalon állok, Isten oldalán állok, a rendszerváltó koncerten meg drogos kutyák veszik elő a péniszüket",https://24.hu/szorakozas/2026/04/11/toth-gabi-rendszerbonto-nagykoncert-drogos-kutyak/
b237d34eaf19577a63ddf62a2c0dbecf067b0069cb8227c9a7789106d03a5079,2026-04-11 08:33:55.250786+00:00,hu,24.hu,24.hu,2026-04-11,"Gyarmati Andrea ajánlata a választási lázban égő országnak: Ízek, imák, szerelmek",https://24.hu/belfold/2026/04/11/gyarmati-andrea-valasztas-izek-imak-szerelmek/
75d4f74c423788fadb5523cb5fb80ed7210b3a8422e6366ff9b6f023e16140ab,2026-04-11 08:31:29.065699+00:00,hu,24.hu,24.hu,2026-04-11,"Mi vagyunk a rendszerváltás legfontosabb része, mert mi vagyunk a jövő"" – Rendszerbontó Nagykoncert",https://24.hu/belfold/2026/04/11/rendszerbonto-nagykoncert-puzser-robert-saiid-dzsudlo/
1abdb000cb6525dcda0a45a892c5562acda2e62f03c9951b39e53aca48c9344f,2026-04-11 07:32:04.116738+00:00,hu,24.hu,24.hu,2026-04-11,Illegális versenyzés okozta a XIII. kerületi balesetet – helyszíni videó,https://24.hu/belfold/2026/04/11/xiii-kerulet-baleset-versenyzes/
b8913555666efd6214e9ed61e0aa0772a688f6cc3b3f15b848b5e4fc6f1fb05e,2026-04-11 07:31:59.250826+00:00,hu,24.hu,24.hu,2026-04-11,Megszületett Molnár Gusztáv kislánya: „A magyar költészet napján megérkezett gyermekem”,https://24.hu/szorakozas/2026/04/11/molnar-gusztav-gyerek-szuletes-kislany/
6adf3b565fe994bc8ab1ac9a8a738ec797a99ad05bf5db9f3638df30c1577535,2026-04-11 07:31:37.713086+00:00,hu,24.hu,24.hu,2026-04-11,Robbie Keane: A jó futballistákat jobban kellene védeni,https://24.hu/sport/foci/2026/04/11/ftc-diosgyor-robbie-keane-nyilatkozat/
4d456b797c45e6f28be2c167bc1273ced217ea3c533e5a8740cbb82377469554,2026-04-11 07:31:04.008716+00:00,hu,24.hu,24.hu,2026-04-11,255 ezer magyar már szavazott szombat reggelig – levélben,https://24.hu/belfold/2026/04/11/levelszavazat-valasztas2026/
94ca209deba4fb551d50e57bdc483770ab8e5bea919b20070fc3610e79536a8e,2026-04-11 07:30:26.664605+00:00,hu,24.hu,24.hu,2026-04-11,"24/7: Fordított szilveszter, megszülető család – három választási éjszaka",https://24.hu/belfold/2026/04/11/24per7-valasztasi-ejszaka-nagykoncert/
c73531e19ce76dad016fb678eec400de0b70c51438905964c7850a922fdb5620,2026-04-11 06:35:21.044591+00:00,hu,24.hu,24.hu,2026-04-11,Így fog kinézni a Trump-kormányzat gigászira tervezett diadalíve,https://24.hu/kulfold/2026/04/11/trump-diadaliv-tervek-amerika/
76699e49d7e062e993579491cebb72094ba9145cb934fdaa0be12cdb0d543c1b,2026-04-11 06:34:22.580733+00:00,hu,24.hu,24.hu,2026-04-11,"Van, ahol már szombaton lehet szavazni",https://24.hu/kozelet/2026/04/11/kulkepviseleti-szavazas-valasztas2026/
17c7fd15434318377c7142914987d642093ef56b2bb839b5ec554257ee4a8714,2026-04-11 06:34:17.537381+00:00,hu,24.hu,24.hu,2026-04-11,"Mutatjuk, melyik választókerületek billenése jelzi a Tisza áradását, és melyek az újbóli Fidesz-sikert",https://24.hu/kozelet/2026/04/11/valasztokeruleti-kisokos-indikator-korzetek/
63f65a72b3be01d84e2938e5fac33e9e93d3f0ca37bbcd4d6baee4d5bb10fbb5,2026-04-11 06:33:56.839831+00:00,hu,24.hu,24.hu,2026-04-11,"Óceánban landolt a NASA Holdat megkerülő űrkabinja, az Orion",https://24.hu/tudomany/2026/04/11/orion-nasa-hold/
f7649b071e920293fdc48ef35fca1682ae3dcb626a0e8e02d0cf46e2fb632947,2026-04-11 06:33:41.593595+00:00,hu,24.hu,24.hu,2026-04-11,Ötvenhat éves sérült túrázót mentettek a föld mélyéből,https://24.hu/belfold/2026/04/11/barlangi-mentes-matyas-hegy/
90df5776b98170dde0e98eea4f957d56df23730704edb575e93dd805835929be,2026-04-11 06:33:36.553521+00:00,hu,24.hu,24.hu,2026-04-11,"Hajdú Péter elárulta, mi volt Orbán Viktor kikötése a miniszterelnöki interjú előtt",https://24.hu/szorakozas/2026/04/11/hajdu-peter-orban-viktor-interju-kikotes/
31f2da21c1148ab16820adf7c4c6216edf56476334aaca49b5c2496b422c9e96,2026-04-11 06:33:31.607657+00:00,hu,24.hu,24.hu,2026-04-11,"Pottyondy Edina: Felmérhetetlen, milyen roncsolást okozott a NER a magyarok lelkében",https://24.hu/belfold/2026/04/11/pottyondy-edina-haboru-propaganda/
758fbf49b60cfbb2f82f13c48233f39f05fe7159f40046ad5be0ad31c1cd72df,2026-04-11 06:33:26.165682+00:00,hu,24.hu,24.hu,2026-04-11,"Ember Márk is ott volt a Rendszerbontó Nagykoncerten: ""történelem… tiszta történelem""",https://24.hu/szorakozas/2026/04/11/rendszerbonto-nagykoncert-hosok-tere-ember-mark/
2521ba683999825bf0734efad44ab0c88446da4d703cf964d68f870488b73d4e,2026-04-11 06:33:02.096387+00:00,hu,24.hu,24.hu,2026-04-11,Pető Péter: A vissza nem lépő ember tisztessége,https://24.hu/kozelet/2026/04/11/kapufa-peto-peter-valasztas-2026-barkoczi-balazs/
724b5e192f9f5418416f71c01de020323893f7c38bfb79580eb718e3943a7629,2026-04-11 05:17:47.699350+00:00,hu,24.hu,24.hu,2026-04-11,"A repülőtéri keresőkutya jelezte, hogy valami furcsa van a bőröndben",https://24.hu/elet-stilus/2026/04/11/moby-kanada-hatarorseg-nyers-hus-keresokutya/
48c099eb9d7788f9b76d42d5ea22d74d532d555470be31e6cdce99b9e60813ed,2026-04-11 05:17:40.595886+00:00,hu,24.hu,24.hu,2026-04-11,Karambol után lezuhant a felüljáróról egy autó a XIII. kerületben – ketten meghaltak,https://24.hu/belfold/2026/04/11/baleset-karambol-feluljaro/
01e68d71e3f28c0123805e9b2a1e49180ba9ec5aeec03d96e38013a3472e1478,2026-04-11 03:19:55.074218+00:00,hu,24.hu,24.hu,2026-04-11,"Utolsó másodperces, egészpályás gól döntött a kézilabda NB I-ben",https://24.hu/sport/2026/04/11/kezilabda-nb1-eto-tatabanya-patrick-toniazzo-lemos-egeszpalyas-gol/
e79192870240350cfe4afe8023fa1132d69700517b740352d3af429c2302f2c8,2026-04-10 22:42:36.504883+00:00,hu,24.hu,24.hu,2026-04-10,"Zebrák, hős századosok és plakátégetés – a Rendszerbontó Nagykoncert képekben",https://24.hu/kultura/2026/04/10/rendszerbonto-nagykoncert-puzser-robert-polgari-ellenallas/
a5d3a3e650347dc4bb6ebc2f4a35989cbcdb3799ed2a385bd33b442c94bb3756,2026-04-10 22:42:31.944811+00:00,hu,24.hu,24.hu,2026-04-10,"Véget ért az esemény, itt lehet képeket nézegetni",https://24.hu/kultura/2026/04/10/veget-ert-az-esemeny-itt-lehet-kepeket-nezegetni/
5f36bb074ca0d9302a9744e8c2a378b3a85a460891d5a897928b9c347c15e894,2026-04-10 22:28:34.257757+00:00,hu,24.hu,24.hu,2026-04-10,Szózattal zárult Rendszerbontó Nagykoncert,https://24.hu/kultura/2026/04/10/szozattal-zarult-rendszerbonto-nagykoncert/
3518eccc42fbe759dcfd0d7a676e9c3b11c327421133d8bdf1188536afca9f90,2026-04-10 22:28:11.799383+00:00,hu,24.hu,24.hu,2026-04-10,Plakátokat égetnek,https://24.hu/kultura/2026/04/10/plakatokat-egetnek/
f1f74a9bb5fd2ca99540e62cfe909406a05c08c47f7a342565f3553f626b5279,2026-04-10 22:28:06.204093+00:00,hu,24.hu,24.hu,2026-04-10,"Hiába terült el vérző fejjel Mbappé, elmaradt a tizenegyes és a Real Madrid-győzelem is",https://24.hu/sport/foci/2026/04/10/la-liga-real-madrid-girona-elmaradt-tizenegyes-kylian-mbappe/
4afb80849a4225581dec47115f29ad8ce93c7ab4b1984d87ff2d4b0c16fa8957,2026-04-10 22:27:50.779297+00:00,hu,24.hu,24.hu,2026-04-10,"Itt a finálé, Azahriah a színpadon",https://24.hu/kultura/2026/04/10/itt-a-finale-azahriah-a-szinpadon/
d73bc09780413a16d1b3ba9657681e53e11d7292ddcf2eaa90b4866d3172207f,2026-04-10 22:27:45.477899+00:00,hu,24.hu,24.hu,2026-04-10,Szabó Bence és Pálinkás Szilveszter meglepetés fellépése a nagykoncert tetőpontja,https://24.hu/kultura/2026/04/10/szabo-bence-es-palinkas-szilveszter-meglepetes-fellepese-a-nagykoncert-tetopontja/
29cfea05e56fa8fdd5ef03b6c1de4d59e55114e9629521ed900a535b122a562e,2026-04-10 22:27:06.096790+00:00,hu,24.hu,24.hu,2026-04-10,Simán beférni a térre,https://24.hu/kultura/2026/04/10/siman-beferni-a-terre/
16116fcce892563175adeea9e2b67e127abc894ba209e160d1c99ece15f6b97b,2026-04-10 22:26:26.004135+00:00,hu,24.hu,24.hu,2026-04-10,"Nem számít, mi volt a parancs, soha többé vodka narancs!"" – Puzsér Róbert a színpadon",https://24.hu/kultura/2026/04/10/nem-szamit-mi-volt-a-parancs-soha-tobbe-vodka-narancs-puzser-robert-a-szinpadon/
2bbddee96e2e1dffe588c107ebb1fb34a7b2f38f146cf7fe43bec137cf252920,2026-04-10 21:32:29.361996+00:00,hu,444.hu,444.hu,2026-04-10,Nem fért be a közmédiába a rendszerbontó koncert,https://444.hu/2026/04/10/nem-fert-be-a-kozmediaba-a-rendszerbonto-koncert?utm_source=rss_feed&utm_medium=rss&utm_campaign=rss_syndication
c25784508911a7731df01a09b966d375d7d3066bd15fd63370d39baed36bcc06,2026-04-10 21:32:24.205207+00:00,hu,444.hu,444.hu,2026-04-10,"Orbán válasza a rendszerbontó koncertre: Pataky Attila, Kis Grófo, Curtis és Dér Heni",https://444.hu/2026/04/10/orban-valasza-a-rendszerbonto-koncertre-pataky-attilakis-grofo-curtis-es-der-heni?utm_source=rss_feed&utm_medium=rss&utm_campaign=rss_syndication
b3f54e2310fa321920133730a30a96224408e47cf085d17a19320f91d9db5740,2026-04-10 21:32:18.642096+00:00,hu,444.hu,444.hu,2026-04-10,"Keresik a fogást a rendszerbontó koncerten, kormánytagok kapaszkodnak Eckü heréjébe",https://444.hu/2026/04/10/keresik-a-fogast-a-rendszerbonto-koncerten-kormanytagok-kapaszkodnak-ecku-herejebe?utm_source=rss_feed&utm_medium=rss&utm_campaign=rss_syndication
be6b5b60a5958ae07918e3947dbf17828bfd80ad9660c87b7ff7105f0d02883f,2026-04-10 21:31:40.101702+00:00,hu,444.hu,444.hu,2026-04-10,Mától teljes körűen érvényes az EU új digitális határ-ellenőrzési rendszere,https://444.hu/2026/04/10/matol-teljes-koruen-ervenyes-az-eu-uj-digitalis-hatarellenorzesi-rendszere?utm_source=rss_feed&utm_medium=rss&utm_campaign=rss_syndication
4a0dd5a80514e71613c21652f79e483efa54edbe2947855c525a009fa300875a,2026-04-10 21:31:32.296321+00:00,hu,444.hu,444.hu,2026-04-10,"Az üzemanyagárak emelkedése miatt tüntető írek utakat és kikötőket zárnak le, amitől persze tovább emelkednek az üzemanyagárak",https://444.hu/2026/04/10/az-uzemanyagarak-emelkedese-miatt-tunteto-irek-utakat-es-kikotoket-zarnak-le-amitol-persze-tovabb-emelkednek-az-uzemanyagarak?utm_source=rss_feed&utm_medium=rss&utm_campaign=rss_syndication
17f3a4770480c52146c1e9bc96577e4967b91d4259e0766fc99e4d943aefe1f3,2026-04-10 21:31:25.612080+00:00,hu,444.hu,444.hu,2026-04-10,"„A sötétség nem attól tűnik el, hogy várunk, hanem attól, hogy valaki elkezd világítani” – Szabó Bence és Pálinkás Szilveszter is beszédet mondott a rendszerbontó nagykoncerten",https://444.hu/2026/04/10/a-sotetseg-nem-attol-tunik-el-hogy-varunk-hanem-attol-hogy-valaki-elkezd-vilagitani?utm_source=rss_feed&utm_medium=rss&utm_campaign=rss_syndication
cd9915a3b6821a69f67a6b6ec044fb1b8d52be5c544e181e21ae2880fa630eb7,2026-04-10 21:31:20.533659+00:00,hu,444.hu,444.hu,2026-04-10,Orbán Viktor fájdalmas vereséggel kezdte a hétvégét,https://444.hu/2026/04/10/orban-viktor-egy-fajdalmas-vereseggel-kezdte-ezt-a-hetveget?utm_source=rss_feed&utm_medium=rss&utm_campaign=rss_syndication
83ae202fcc1b4eae7c7866995ce0e747f9b47b7fcb8a09d4ca15d28a42f5ff37,2026-04-10 21:31:09.466451+00:00,hu,444.hu,444.hu,2026-04-10,"Látványos ábrák mutatják meg, hogyan söpörték ki Orbánék az államkasszát a választásra",https://444.hu/2026/04/10/latvanyos-abrak-mutatjak-meg-hogyan-soportek-ki-orbanek-az-allamkasszat-a-valasztasra?utm_source=rss_feed&utm_medium=rss&utm_campaign=rss_syndication
13f7c04b318a6a0e3d39b54b5f5a4aebc55fdb29c80d27597e5b2686528fc950,2026-04-10 21:30:50.197763+00:00,hu,444.hu,444.hu,2026-04-10,Szabotázsakció miatt került veszélybe németek millióinak üzemanyag-ellátása,https://444.hu/2026/04/10/szabotazsakcio-miatt-kerult-veszelybe-nemetek-millioinak-uzemanyagellatasa?utm_source=rss_feed&utm_medium=rss&utm_campaign=rss_syndication
e6fc760be7f38d0c1da78b3d39bf02a38ae7701879c41fa4f76958fa19ff231e,2026-04-10 21:30:39.894993+00:00,hu,444.hu,444.hu,2026-04-10,"„Remélem, legalább olyan fáradtak, mint én” – nagyon szófogadó közönség előtt tartott kampánybeszédet Orbán Székesfehérváron",https://444.hu/2026/04/10/remelem-legalabb-olyan-faradtak-mint-en-nagyon-szofogado-kozonseg-elott-tartott-kampanybeszedet-orban-szekesfehervaron?utm_source=rss_feed&utm_medium=rss&utm_campaign=rss_syndication
c222072ff25aa30609c9bd3aaf07f67c2db59fbeba6561b2dd8b9208094253d2,2026-04-10 21:30:34.722013+00:00,hu,444.hu,444.hu,2026-04-10,Az iráni háború Teflon Markot is megégeti,https://444.hu/2026/04/10/az-irani-haboru-teflon-markot-is-megegeti?utm_source=rss_feed&utm_medium=rss&utm_campaign=rss_syndication
169096b853ffd97935534c4e3ceb02b4f86fc5b1152d4f793ad77310dd70d6c6,2026-04-10 21:30:28.206260+00:00,hu,444.hu,444.hu,2026-04-10,Elmeszelte a választási bizottság Sárvár fideszes polgármesterét törvénysértő kampányolás miatt,https://444.hu/2026/04/10/elmeszelte-a-valasztasi-bizottsag-sarvar-fideszes-polgarmesteret-torvenyserto-kampanyolas-miatt?utm_source=rss_feed&utm_medium=rss&utm_campaign=rss_syndication
83d907563661f8efadf20e6f66b667d3bdcbe53b3630d43298c11cffd0389c99,2026-04-10 21:30:17.843404+00:00,hu,444.hu,444.hu,2026-04-10,"„Mindent megpróbálnak, az orosz nyuszi tojt robbanóanyagot is” – új videó Bödőcs Tibortól",https://444.hu/2026/04/10/mindent-megprobalnak-az-orosz-nyuszi-tojt-robbanoanyagot-is-uj-video-bodocs-tibortol?utm_source=rss_feed&utm_medium=rss&utm_campaign=rss_syndication
2465727d5eb2e87e1982da8637ca21833d5e4b505c5e9d3f8863deeda10a57b1,2026-04-10 21:24:17.809872+00:00,hu,24.hu,24.hu,2026-04-10,A Quimby forradalomról énekel,https://24.hu/kultura/2026/04/10/a-quimby-forradalomrol-enekel/
5c42a40bf8d4d17511b1a081fdd65a8437dd6f200a3d643c0302ecc83cb36fd3,2026-04-10 21:23:52.218957+00:00,hu,24.hu,24.hu,2026-04-10,Szabó Bence és Pálinkás Szilveszter a színpadról szól a tömeghez,https://24.hu/kultura/2026/04/10/szabo-bence-es-palinkas-szilveszter-a-szinpadrol-szol-a-tomeghez/
0776536c2be871cf9d6508de15de087d6a8385bbf6b9c51d2cde48ee1dd8050d,2026-04-10 20:54:38.265502+00:00,hu,24.hu,24.hu,2026-04-10,Az Andrássyn a Bajza utcánál a tömeg vége,https://24.hu/kultura/2026/04/10/az-andrassyn-a-bajza-utcanal-a-tomeg-vege/
0de20f0d437e064f1e70e982b5ddf94f6d17a9a1c8a2a9beaf9fed09d6475aa3,2026-04-10 20:53:55.422065+00:00,hu,24.hu,24.hu,2026-04-10,"Orbán Viktor Székesfehérváron: ""Nyilván ebben a városban is vannak tiszások, csak itt nem szokás elrontani mások örömét""",https://24.hu/kozelet/2026/04/10/orban-viktor-szekesfehervar-kampany/
6190d4490a7c6c5d4d8ace01dde052a040f04f57e6f0cddc4db3342667db1a5b,2026-04-10 20:53:41.066577+00:00,hu,24.hu,24.hu,2026-04-10,"A kormányváltás nem cél, csak a kezdet""",https://24.hu/kultura/2026/04/10/a-kormanyvaltas-nem-cel-csak-a-kezdet/
a376cedeff656acea0eefd9f03e5143fd411e593fbd1d24dd3c237b22c0dd764,2026-04-10 20:53:20.345579+00:00,hu,24.hu,24.hu,2026-04-10,"Aki nem ugrál, fideszes!""",https://24.hu/kultura/2026/04/10/aki-nem-ugral-fideszes/
d6d2ae918c5f44fae70cad27f26047933df8cd9e66164166dd3a712dece24987,2026-04-10 20:53:15.448086+00:00,hu,24.hu,24.hu,2026-04-10,Zebrák is feltűntek a közönségben,https://24.hu/kultura/2026/04/10/zebrak-is-feltuntek-a-kozonsegben/
b1a01037028a46f3b54d89036e8890b915a2236bbf4bc10e1c1167ef6b72120c,2026-04-10 20:53:09.900397+00:00,hu,24.hu,24.hu,2026-04-10,"Szabó Zsófi azt mondja, van a baráti körében ellenzéki, de a többségüknek „helyén van az eszük”",https://24.hu/szorakozas/2026/04/10/szabo-zsofi-hajdu-peter-bekoltozve-interju/
89fae1d413577800aa8888ac26e0efbca514492f4a02440b2f98c1e38d745dd2,2026-04-10 20:53:05.157556+00:00,hu,24.hu,24.hu,2026-04-10,"A fiatal Orbánra válaszul jön a ""Ruszkik haza!""",https://24.hu/kultura/2026/04/10/a-fiatal-orbanra-valaszul-jon-a-ruszkik-haza/
2562c7c055f8a46e3f6b5212d0ad2864d3c6b5f31ed8d6cf41a7a08ce08b71bf,2026-04-10 20:52:37.591340+00:00,hu,24.hu,24.hu,2026-04-10,"Semmifajta provokációnak nem dőlünk be""",https://24.hu/kultura/2026/04/10/semmifajta-provokacionak-nem-dolunk-be/
fb3fcb4c6506ab9fcd4e7bae4b9f635ec53fc632e98daf55918cfd2cb8b5bca2,2026-04-10 20:52:32.508588+00:00,hu,24.hu,24.hu,2026-04-10,"Trump támogatása egy cseresznye lehetne a kampánytorta tetején"" – Schultz Nóra szerint azonban tortasütéshez nem elég",https://24.hu/belfold/2026/04/10/trump-orban-amerika-valasztas/
c8b52a2ee97eddbb53400fa77641143ba2ae9d0e9e963c967c97fae5d354b671,2026-04-10 20:52:24.882651+00:00,hu,24.hu,24.hu,2026-04-10,"Válogatott játékosokkal indult be az ETO, lefocizta a Puskás Akadémiát",https://24.hu/sport/foci/2026/04/10/nb1-eto-puskas-akademia-vitalis-gol-golpassz/
4b310814d25f86db43969b3c0d40ce20e17f740b3d2d1f17776e1cc30cf1e694,2026-04-10 20:42:42.657626+00:00,hu,atlatszo.hu,atlatszo.hu,2026-04-10,"Rakétákat vesz a kormány Amerikától, hatalmas a hiány az államkasszában",https://atlatszo.hu/mutyimondo/2026/04/10/raketakat-vesz-a-kormany-amerikatol-hatalmas-a-hiany-az-allamkasszaban/
83bbfff260b5392411b0c96cddd02b2fb1416d7523e25318acf71cd3b92415c4,2026-04-10 20:42:36.248864+00:00,hu,24.hu,24.hu,2026-04-10,"Mintha az elitben ledőlt volna néhány gát"" – Árulkodó jelek a választás utolsó hetében",https://24.hu/belfold/2026/04/10/podcast-haromharmad-orban-viktor-kampany-valasztas-2026/
569b6dfe7f22f9a9fd16e2fa3686c89bce069b71cdfd127bf74dcfbabaffb364,2026-04-10 20:42:30.425088+00:00,hu,24.hu,24.hu,2026-04-10,"Gulyás Gergely válaszolt Eckünek, aki a színpadról keményen beleállt a miniszterbe",https://24.hu/kultura/2026/04/10/gulyas-gergely-valaszolt-eckunek-aki-a-szinpadrol-kemenyen-beleallt-a-miniszterbe/
3c8d2a82ed5e29eaf234339daf061ec8e386d3947803e266081c119a5626470b,2026-04-10 20:42:20.642693+00:00,hu,24.hu,24.hu,2026-04-10,Mintha csökkenne a tömeg a Rendszerbontó Nagykoncerten,https://24.hu/kultura/2026/04/10/mintha-csokkenne-a-tomeg-a-rendszervaltas-nagykoncertjen/
624f37c7fce73aa9d9312f27c6e208e09af2d340043888ef3dc1634541a9e11f,2026-04-10 20:41:42.975398+00:00,hu,24.hu,24.hu,2026-04-10,Saiid Gundalfék előtt tiszteleg,https://24.hu/kultura/2026/04/10/saiid-gundalfek-elott-tiszteleg/
9b25dc79bc16fe9bd56102815f6b68b8be660b9fd3529b86af26fcab0fb68e4d,2026-04-10 20:41:32.090640+00:00,hu,24.hu,24.hu,2026-04-10,"Inkább véditek a temus Ceausescu aranybudiját?""",https://24.hu/kultura/2026/04/10/inkabb-veditek-a-temus-ceausescu-aranybudijat/
9615a19c7926da39cc214da7024faa4a4e2f4477e83c2e9f517d8ed1fd94cdaf,2026-04-10 20:41:21.493077+00:00,hu,24.hu,24.hu,2026-04-10,Minerva Intézet: rekordrészvétel és Tisza-győzelem várható vasárnap,https://24.hu/kozelet/2026/04/10/minerva-intezet-rekordreszvetel-tisza-gyozelem-aprilis-kutatas/
8f15d33cb7039ab42d88b91248ee421db9964692be4cf987f0ed2c2290dde531,2026-04-10 20:41:16.981914+00:00,hu,24.hu,24.hu,2026-04-10,Zebra és ennyi – életképek a koncert hajrájára ráfordulva,https://24.hu/kultura/2026/04/10/zebra-es-ennyi-eletkepek-a-koncert-hajrajara-rafordulva/
6e422386d252a685e9f71f21731e6d8bdb7b28a80dd4e2dc9a802c6f74ebfd5a,2026-04-10 20:41:00.693082+00:00,hu,24.hu,24.hu,2026-04-10,"Bródy János: Remélem, hogy a jövő héten ez a dal már nem lesz érvényes",https://24.hu/kultura/2026/04/10/brody-janos-remelem-hogy-a-jovo-heten-ez-a-dal-mar-nem-lesz-ervenyes/
d983dc00e8e3db54bb58e005fe663199978aeb78c32c7162ba96f5d14b532b1e,2026-04-10 20:40:55.624110+00:00,hu,24.hu,24.hu,2026-04-10,"Érett a meglepetés, ám a DVTK kapusa hagyott egy labdát a hálóba hullani, amitől beindult a Fradi",https://24.hu/sport/foci/2026/04/10/nb1-fradi-diosgyor-megyeri-gabor-potyagol/
9967f2f8838bcffcbe7127af3763e25847e2ff484b73391220ed30436ffcbfe4,2026-04-10 20:40:33.038778+00:00,hu,24.hu,24.hu,2026-04-10,Bödőcs Tibor: Ilyen könnyű választás előtt még nem álltam,https://24.hu/kozelet/2026/04/10/bodocs-tibor-ilyen-konnyu-valasztas-elott-meg-nem-alltam/
19204add5b7557c0cffbd7153f518a5aceea3a0b810ae426f9ccb65e465ca843,2026-04-10 20:22:57.556803+00:00,hu,24.hu,24.hu,2026-04-10,Szabó Bence és Pálinkás Szilveszter a backstage-ben,https://24.hu/kultura/2026/04/10/szabo-bence-es-palinkas-szilveszter-a-backstage-ben/
04626ccba22d1fb63378a2dc8cffb1fba4a500157b17c2759e99017254d62031,2026-04-10 20:22:43.795284+00:00,hu,24.hu,24.hu,2026-04-10,"A FIFA fityiszt mutatott Iránnak, nem kerülnek el a meccseik az Egyesült Államokból",https://24.hu/sport/foci/2026/04/10/foci-vb-2026-csoportkor-irani-valogatott-egyesult-allamokban-marad-fifa/
6def11eed660a5d7f8bd413117676492ae41f8a552bfcd24f84fe734714717ec,2026-04-10 20:22:08.165872+00:00,hu,24.hu,24.hu,2026-04-10,Márki-Zay Péter is a nagykoncerten,https://24.hu/kultura/2026/04/10/marki-zay-peter-is-a-nagykoncerten/
01858de73ee95dac08f7eaf213c6cf51a5fdca7de3a63f18cbb7fe8d16cd5ab2,2026-04-10 20:21:45.549382+00:00,hu,24.hu,24.hu,2026-04-10,Tömeghelyzet: A Hősök terére még mindig nem lehet odaférni,https://24.hu/kultura/2026/04/10/tomeghelyzet-a-hosok-terere-meg-mindig-nem-lehet-odaferni/
0ece3b0ad12a3b534f113dcd8f8d387f09b1ae74ac3376d9da9ab877d638ad95,2026-04-10 19:34:50.674634+00:00,hu,24.hu,24.hu,2026-04-10,"Magyar Péter szerint balhékkal, bombariadókkal zavarhatják meg a választást",https://24.hu/kozelet/2026/04/10/magyar-peter-miskolc-valasztas/
4990f033f54ae8c50549e783079ff8a1375422eb383f64250526cd683ac519f1,2026-04-10 19:34:45.961587+00:00,hu,24.hu,24.hu,2026-04-10,Dé:Nash ejtene pár szót arról a bizonyos kisegérről,https://24.hu/kultura/2026/04/10/denash-ejtene-par-szot-arrol-a-bizonyos-kisegerrol/
ae5832e0453bb15006ffb4bd7900a47a57bf5f5c485821aee7ceac4bf3227602,2026-04-10 19:34:40.975941+00:00,hu,24.hu,24.hu,2026-04-10,Az Andrássyn még mindig csak jön a tömeg,https://24.hu/kultura/2026/04/10/az-andrassyn-meg-mindig-csak-jon-a-tomeg/
8bb328d2f6181de80c87c7f978279d3ced0081d54b650f3d36ad3a995a58aa20,2026-04-10 19:34:35.919018+00:00,hu,24.hu,24.hu,2026-04-10,Vitáris Iván visszatérne a Szent István-i útra,https://24.hu/kultura/2026/04/10/vitaris-ivan-visszaterne-a-szent-istvan-i-utra/
0f7a11c725fc67dc6a0dde1f5eb0f8c3290394ac96cc76dafde8e98468da4dcf,2026-04-10 19:34:19.331073+00:00,hu,24.hu,24.hu,2026-04-10,"Viktor! Savanyú a narancs!""",https://24.hu/kultura/2026/04/10/viktor-savanyu-a-narancs/
08814e5409e259ff74cb15773e6840a7c9e96046c38a128d63bfca92821db896,2026-04-10 19:34:14.395066+00:00,hu,24.hu,24.hu,2026-04-10,"Besötétedett, erősödik a koncerthangulat",https://24.hu/kultura/2026/04/10/besotetedett-erosodik-a-koncerthangulat/
77d09ff6309e5a35cb12c37c59418a430fc20873bb9f64f00ea0e7b8600d9728,2026-04-10 19:33:59.324382+00:00,hu,24.hu,24.hu,2026-04-10,"Mit loptál ma Kolbász Viktor?""",https://24.hu/kultura/2026/04/10/mit-loptal-ma-kolbasz-viktor/
ee7365fa74e0057235862f9668b42e8e3e3179aba65c57b0163ab4ac6dae9846,2026-04-10 19:33:28.344160+00:00,hu,24.hu,24.hu,2026-04-10,"Mi szabadabbak vagyunk, mint ti valaha lesztek!""",https://24.hu/kultura/2026/04/10/mi-szabadabbak-vagyunk-mint-ti-valaha-lesztek/
14852d194058c93aeb1f780c54dca1c55aa80149c9f963b89c9227e8074a0fe5,2026-04-10 19:33:12.341266+00:00,hu,24.hu,24.hu,2026-04-10,A Nagykoncert leggyengébb pontja,https://24.hu/kultura/2026/04/10/a-nagykoncert-leggyengebb-pontja/
08332482571d52cbbcd50a1f02eda81e9c6501cf8979ede3edcb757bf8401c10,2026-04-10 19:33:06.377646+00:00,hu,24.hu,24.hu,2026-04-10,A nap hírei – 2026. 04. 10.,https://24.hu/kozelet/2026/04/10/a-nap-hirei-2026-04-10/
2b334db810e119cb4cdaa19024d0b786632237da949ec667ef169d3a184dbcbd,2026-04-10 19:33:05.048590+00:00,hu,24.hu,24.hu,2026-04-10,"Felemás élmény lett az új Citadella, amivel a kormány minden eddiginél erősebb nyomot akart hagyni Budapesten",https://24.hu/kultura/2026/04/10/ismeretlen-budapest-citadella-kritika-szabadsag-bastyaja/
9ab545753011e156e6c7744dfbd105ae51493e573bfaafc2f254ffbb5cf1259f,2026-04-10 18:21:02.888138+00:00,hu,24.hu,24.hu,2026-04-10,"Dé:Nash a vasárnapi választásról: Az abszolút vég vagy egy remény, hogy még valami jó is kisülhet a dologból",https://24.hu/kultura/2026/04/10/denash-a-vasarnapi-valasztasrol-az-abszolut-veg-vagy-egy-remeny-hogy-meg-valami-jo-is-kisulhet-a-dologbol/
ca3fbbae065ab7a49bad082236fea3ccd9884407fbff9b82ba2670eeabfbe980,2026-04-10 18:20:47.944935+00:00,hu,24.hu,24.hu,2026-04-10,"Beértek azok is, akik végeztek a munkában",https://24.hu/kultura/2026/04/10/beertek-azok-is-akik-vegeztek-a-munkaban/
f822dfc8d4d8ef3dedb078dadb0af313d4716907de1c2c7fc690f6406eaf9c32,2026-04-10 18:20:43.050633+00:00,hu,24.hu,24.hu,2026-04-10,"Pajor Tamás: Inog ez az Armani-, Ferrari-, Louis Vuitton-birodalom",https://24.hu/kultura/2026/04/10/pajor-tamas-inog-ez-az-armani-ferrari-louis-vuitton-birodalom/
6c5a14d0ef85d340db93151e69fb424fe68f6ebf3f2c84b238a694e79c1c8ba3,2026-04-10 18:20:31.731910+00:00,hu,24.hu,24.hu,2026-04-10,"Reményt ad, hogy ilyen sokan kiállunk a rendszerváltás mellett""",https://24.hu/kultura/2026/04/10/remenyt-ad-hogy-ilyen-sokan-kiallunk-a-rendszervaltas-mellett/
f44892644c6a0f3f58685e4bab560885ee3f5d6dcbd56d2eef47096fd4c6d00d,2026-04-10 18:20:10.144040+00:00,hu,24.hu,24.hu,2026-04-10,"Mikee Mykanic: Szabad Magyarország, szabad kultúra, bazdmeg!",https://24.hu/kultura/2026/04/10/mikee-mykanic-szabad-magyarorszag-szabad-kultura-bazdmeg/
9dc14053f40becefdd24af020ecd449127018f1fc8001afe5fff23aff9cab664,2026-04-10 18:19:50.622939+00:00,hu,24.hu,24.hu,2026-04-10,"Fideath"" és ""vége kicsi"" graffitik a Fidesz székháznál",https://24.hu/kultura/2026/04/10/fideath-es-vege-kicsi-graffitik-a-fidesz-szekhaznal/
c676e2e615ab368c0ac4cecb3abd7b9cd7a03825601f8261d775ad69624d1acf,2026-04-10 18:19:42.546488+00:00,hu,24.hu,24.hu,2026-04-10,Még mindig csak jönnek,https://24.hu/kultura/2026/04/10/meg-mindig-csak-jonnek/
53848543fdb65006e7208a9052e0f9befa90dd59a00a4d09874a43c87a43f9af,2026-04-10 18:19:36.594452+00:00,hu,24.hu,24.hu,2026-04-10,Vitézy: A MÁV egy füstölő mozdonnyal búcsúztatta el Lázár Jánost,https://24.hu/belfold/2026/04/10/vitezy-mav-fustolo-lazar/
0dba455f1a42ca7d6ebe3987c464a426bbb82a710cecec6e4935f47db1b716ba,2026-04-10 18:19:29.073731+00:00,hu,24.hu,24.hu,2026-04-10,"Van, aki már a crowdsurfölést is kipróbálta",https://24.hu/kultura/2026/04/10/van-aki-mar-a-crowdsurfolest-is-kiprobalta/
44fc5119791593a51ad67f4b5538641852d9bc9cf4e54fe54d6b4a8213a3316b,2026-04-10 18:19:23.967248+00:00,hu,24.hu,24.hu,2026-04-10,"Jól sikerült együtt lógni a Juventus játékosaival, új szerződést kapott az edző",https://24.hu/sport/foci/2026/04/10/juventus-luciano-spalletti-szerzodeshosszabbitas/
0fb8d348632187b2cf7ce287458911fdc0f2ddf5fe43a851dec9cecfdba3094f,2026-04-10 17:34:49.541507+00:00,hu,444.hu,444.hu,2026-04-10,"„Jön, jön a kicsi forradalom” – hatalmas a tömeg a rendszerbontó nagykoncerten, a dalok között zúg a mocskosfideszezés és a ruszkik, haza",https://444.hu/2026/04/10/nagy-tomeg-elott-kezdodott-a-rendszerbonto-nagykoncert-mar-az-elso-fellepo-utan-megindult-a-mocskosfideszezes
95da3ea9757061c86dfed8333caa8c2df15c958437dec47898b5a8989af6ffab,2026-04-10 17:34:35.419341+00:00,hu,444.hu,444.hu,2026-04-10,Az ügyészség szerint a nyomozásuk nem tárt fel kapcsolatot a Szőlő utcai intézet igazgatója és Soltész Miklós között,https://444.hu/2026/04/10/az-ugyeszseg-szerint-a-nyomozasuk-nem-tart-fel-kapcsolatot-a-szolo-utcai-intezet-igazgatoja-es-soltesz-miklos-kozott
f2183b961f4a00a67407016b3d546f5c439575da8599b9e4d990a61ee3795af2,2026-04-10 17:34:26.991652+00:00,hu,444.hu,444.hu,2026-04-10,Rendszerzáró bulitól rendszerbontó nagykoncertig – keretbe foglalva a Fidesz 36 éves története,https://444.hu/2026/04/10/rendszerzaro-bulitol-rendszerbonto-nagykoncertig-keretbe-foglalva-a-fidesz-36-eves-tortenete
e324400e6ecc7b17b38fee90244393c03178a230dcb6a96b4e13dcb01587f322,2026-04-10 17:34:16.684219+00:00,hu,444.hu,444.hu,2026-04-10,"Már Farkasházi Réka, sőt Palácsik-Ráthonyi Tímea is rendszerváltásról posztol",https://444.hu/2026/04/10/mar-farkashazi-reka-sot-palacsik-rathonyi-timea-is-rendszervaltasrol-posztol
9510015c9f9a6ed8ad33a571f509e847edfbf25c85967d8ddae9dab9ea92c1e6,2026-04-10 17:33:56.980982+00:00,hu,444.hu,444.hu,2026-04-10,"Orbán Viktor harmadszor is bement Rónai Egonhoz, és szinte összetörten vallotta meg, hogy nem érti a szabadságot követelő fiatalokat",https://444.hu/2026/04/10/orban-viktor-harmadszor-is-bement-ronai-egonhoz-es-szinte-osszetorten-vallotta-meg-hogy-nem-erti-a-szabadsagot-kovetelo-fiatalokat
d80bab627587e567cefedfd1f1928644082cbb8c1bc3809f7484270e0f913be7,2026-04-10 17:33:52.436462+00:00,hu,444.hu,444.hu,2026-04-10,Panyi Szabolcs a 444-nek: Magyarország orosz kémközponttá vált,https://444.hu/2026/04/10/panyi-szabolcs-a-444-nek-magyarorszag-orosz-kemkozpontta-valt
e4f194a8078f47e34c06bd8e69f01a16597d68fff8b04f79f16a49ed67cea591,2026-04-10 17:33:46.961244+00:00,hu,444.hu,444.hu,2026-04-10,"Wáberer György az országot eluraló félelmet érzékeltetve mesélt egy NER-es vállalkozóról, aki egy tárgyaláson még rá is ült a kikapcsolt telefonjára",https://444.hu/2026/04/10/waberer-gyorgy-az-orszagot-eluralo-felelmet-erzekeltetve-meselt-egy-ner-es-vallalkozorol-aki-egy-targyalason-meg-ra-is-ult-a-kikapcsolt-telefonjara
3c53183f4643429035194c366406be92349d7f20fa20ff6620d43c503c880b4e,2026-04-10 17:33:43.880019+00:00,hu,444.hu,444.hu,2026-04-10,Magyar Péter szerint „a TISZA jelöltjeinek kamu visszalépéséről küldenek üzeneteket”,https://444.hu/2026/04/10/magyar-peter-szerint-a-tisza-jeloltjeinek-kamu-visszalepeserol-kuldenek-uzeneteket
be1ba77599cbfb5dff9d4c8225a1bd3be967c53f5e9a6d3911f947f43790b49f,2026-04-10 17:33:36.928730+00:00,hu,444.hu,444.hu,2026-04-10,"A Zelenszkij-adminisztráció első embere szerint az ukránok közel állnak ahhoz, hogy megállapodjanak Putyinnal",https://444.hu/2026/04/10/zelenszkij-legfobb-tanacsadoja-szerint-ukrajna-kozel-all-ahhoz-hogy-megallapodjanak-putyinnal
f55e9559c065df38f3d479867ebf72ed155b3cbff17297af329ba956e7d25dad,2026-04-10 17:33:32.600556+00:00,hu,444.hu,444.hu,2026-04-10,"Számos külföldi nagyvárosban nem lesz tiszás külképviseleti megfigyelő, csak fideszes a szavazáson",https://444.hu/2026/04/10/szamos-kulfoldi-nagyvarosban-nem-lesz-tiszas-kulkepviseleti-megfigyelo-csak-fideszes-a-szavazason
cbcc47817ee5827d5f233c74c10bf0e02883a93c66f06e2a4f488ccf256d6f26,2026-04-10 17:23:48.508588+00:00,hu,24.hu,24.hu,2026-04-10,Gáspár Laci vécét adott át Pécelen,https://24.hu/szorakozas/2026/04/10/gaspar-laci-wc-pecel/
d58b3e7d819d53f20ba09953240bc1be0fdc9522d6b1f8287f6d3fa56dd74718,2026-04-10 17:23:26.886678+00:00,hu,24.hu,24.hu,2026-04-10,"Róna Dániel a V-napban: Olyan folyamat indulhatott el a társadalomban, mint a Tizenkét dühös ember című filmben",https://24.hu/belfold/2026/04/10/rona-daniel-a-v-napban-olyan-folyamat-indulhatott-el-a-tarsadalomban-mint-a-tizenket-duhos-ember-cimu-filmben/
658af55e917308208cccc6d04fbc2fe7d8bc9f223c47357db6d5949927960304,2026-04-10 17:23:11.963535+00:00,hu,24.hu,24.hu,2026-04-10,Magyar Péter Egerben: Mind a 106 választókerületben komoly győzelmi eséllyel indulunk,https://24.hu/kozelet/2026/04/10/magyar-peter-egerben-mind-a-106-valasztokeruletben-komoly-gyozelmi-esellyel-indulunk/
c6bf037ba719f18216455670bef86cb90b6235480f08a0f22591a3c815a22286,2026-04-10 17:23:05.400657+00:00,hu,24.hu,24.hu,2026-04-10,Piknikezők a Városligetnél,https://24.hu/kultura/2026/04/10/piknikezok-a-varosligetnel/
b183e18921daf933c0ec1318ffb390ec72c96800d095a5d02c44d1860ba92d73,2026-04-10 17:22:21.573289+00:00,hu,24.hu,24.hu,2026-04-10,Akasszátok fel a királyokat! – szavalja Vilmányi Benett,https://24.hu/kultura/2026/04/10/akasszatok-fel-a-kiralyokat-szavalja-vilmanyi-benett/
27f2a6beb80ef11578b839489ac4ce18a90e5419f1838cfdb75138dffb5e0dd8,2026-04-10 17:22:16.393144+00:00,hu,24.hu,24.hu,2026-04-10,Látható mennyiségben vannak a távozók is,https://24.hu/kultura/2026/04/10/lathato-meretben-mennek-el-is-emberek-a-koncertrol/
583b06e9803bdad5db1c0be52fc8b297649a1b13691af776c53453516246178c,2026-04-10 16:46:18.953017+00:00,hu,24.hu,24.hu,2026-04-10,Sickratmanék Novák Katalinnak írtak dalt,https://24.hu/kultura/2026/04/10/sickratmanek-novak-katalinnak-irtak-dalt/
76fd3e2cc6dc7d4b77b55efd146f22f51ec6ab1745214855c63d87d17dbadb07,2026-04-10 16:46:13.950347+00:00,hu,24.hu,24.hu,2026-04-10,A Dózsán van már szinte csak hely a nagykoncertezőknek,https://24.hu/kultura/2026/04/10/a-dozsan-van-mar-szinte-csak-hely-a-nagykoncertezoknek/
68926946fbe216381469f244aa6e4d238c4d8db3a28f3566d6466f36410e0519,2026-04-10 16:45:56.860800+00:00,hu,24.hu,24.hu,2026-04-10,A kortársak szerint döglött disznók tartották életben a magyar királyfit,https://24.hu/tudomany/2026/04/10/ii-lajos-ulaszlo-mohacs/
022cf647827724bb9103cd98b60b553ae274b30f3e5e880b079dae01d03c2496,2026-04-10 16:45:49.533060+00:00,hu,24.hu,24.hu,2026-04-10,Arne Slot szerint a vezetőség és a szurkolók is támogatják őt,https://24.hu/sport/foci/2026/04/10/liverpool-arne-slot-fulham-sajtotajekoztato-tamogatas/
7bad99beed2d9057c1ffa5aaf49258e3be3aeb860e3ac855d9102784457adb63,2026-04-10 16:45:10.709891+00:00,hu,24.hu,24.hu,2026-04-10,Körbekerítették az orosz nagykövetséget,https://24.hu/kultura/2026/04/10/korbekeritettek-az-orosz-nagykovetseget/
cbf9775712f54aeffa20be8a3a2f7733c568bd939749f8859c0c343a2ac4574b,2026-04-10 16:45:00.345211+00:00,hu,24.hu,24.hu,2026-04-10,Színpadon a fiatal Orbán,https://24.hu/kultura/2026/04/10/szinpadon-a-fiatal-orban/
204090a8cd58dfcd26f6f30486de0ed8df09efea29eccf6a0291022d6afd727d,2026-04-10 16:23:56.720274+00:00,hu,24.hu,24.hu,2026-04-10,A nyertes eddig Beton.Hofi,https://24.hu/kultura/2026/04/10/a-nyertes-eddig-beton-hofi/
dbf642831a373aae05433ccaf139cf136838ab179ec94db00907bd78e9eebdd1,2026-04-10 16:23:42.287853+00:00,hu,24.hu,24.hu,2026-04-10,"Egy gyermek-sportegyesület kisbuszával autózott a fideszes képviselő, akinek ittas vezetés miatt már bevonták a jogosítványát",https://24.hu/belfold/2026/04/10/balatonfuzfo-ittas-vezetes-kisbusz-fideszes-kepviselo/
75c8bd909daa3cef0dd8e650b308a60a5c04d6c43c011cecdd3bad8d357145b1,2026-04-10 16:23:33.086009+00:00,hu,24.hu,24.hu,2026-04-10,21 Kutatóközpont: A Tisza megfordított egy fideszes bástyát Békésben,https://24.hu/kozelet/2026/04/10/21-kutatokozpont-a-tisza-megforditott-egy-fideszes-bastyat-bekesben/
eaac5fbd551dfc8830b1a6bbf9f42de2a8e84b3723c84c9db15110c7f70b50c1,2026-04-10 16:23:27.679642+00:00,hu,24.hu,24.hu,2026-04-10,"Dióssy Klári először beszélt daganatos megbetegedéséről: „Banálisnak tűnő történet volt, ahogy észrevettem”",https://24.hu/szorakozas/2026/04/10/diossy-klari-daganatos-betegseg/
ee27d144bf0d331ac0cad228757b0e1ec16e2ba1d0136d3d6798372545bb76d5,2026-04-10 16:23:10.196671+00:00,hu,24.hu,24.hu,2026-04-10,"Narancsbukta, Fuck NER karkötő, színültik telt Hősök tere – képeken a Rendszerbontó Nagykoncert",https://24.hu/kultura/2026/04/10/narancsbukta-fuck-ner-karkoto-szinultik-telt-hosok-tere-kepeken-a-rendszerbonto-nagykoncert/
cc856ab28b94c9d64ecc7c7eb3f260371ccf00d5561ed5f07fff32a00e2e41c6,2026-04-10 16:22:50.292122+00:00,hu,24.hu,24.hu,2026-04-10,Orbán Viktor Wáberer Györgyről: Baj van a toronyban,https://24.hu/kozelet/2026/04/10/orban-viktor-interju-ronai-egon-atv-magyar-peter-valasztas-2026/
a47bf80971239eddfdc5fad90f23660ca38f7074b4eaf69ab2664530061aad4e,2026-04-10 16:22:25.887923+00:00,hu,24.hu,24.hu,2026-04-10,"Székesfehérvári megyéspüspök Orbán esti fellépéséről: ""A püspöki palotából szervezik, irányítják, védik az eseményt""",https://24.hu/belfold/2026/04/10/spanyi-antal-puspok-kampany/
8aa1eb2ff93711d073cebc2231991733897b524df32332dea65a4ec9f57bc61c,2026-04-10 16:22:14.096878+00:00,hu,24.hu,24.hu,2026-04-10,Majka fizetett provokátorokra számít,https://24.hu/kultura/2026/04/10/majka-fizetett-provokatorokra-szamit/
0471ea515b31d21884bc726fa4a3c917c5efbb1981009ab8e7ea9e438c5f5005,2026-04-10 16:22:08.985072+00:00,hu,24.hu,24.hu,2026-04-10,Fogy a hely a Dózsa György úton,https://24.hu/kultura/2026/04/10/fogy-a-hely-a-dozsa-gyorgy-uton/
026524034a8c3381a49588c69bf273be7c3e486fd54938a6e30859700abbc0cf,2026-04-10 16:22:04.448058+00:00,hu,24.hu,24.hu,2026-04-10,Meg lehet-e közelíteni ekkora tömegrendezvényt gyerekekkel?,https://24.hu/kultura/2026/04/10/meg-lehet-e-kozeliteni-ekkora-tomegrendezvenyt-gyerekekkel/
d6ae9757f3e3d652208036612ac1006d765a95d6aab496c41a1f9fad55a9fc9e,2026-04-10 15:43:58.340223+00:00,hu,atlatszo.hu,atlatszo.hu,2026-04-10,Kunmadarason nyitna NMP-üzemet a máshol sikertelenül próbálkozó kínai cég,https://atlatszo.hu/orszagszerte/2026/04/10/kunmadarason-nyitna-nmp-uzemet-a-mashol-sikertelenul-probalkozo-kinai-ceg/
33b3dd5a4639eb8b90cd0ca6aef75712b9a71703859cf02bd8c8a2ba183a08cf,2026-04-10 15:43:42.963636+00:00,hu,atlatszo.hu,atlatszo.hu,2026-04-10,Tucatjával adhattak be hamis mozgóurnás kérelmeket egyetlen e-mail címről,https://atlatszo.hu/kozugy/2026/04/10/tucatjaval-adhattak-be-hamis-mozgournas-kerelmeket-egyetlen-e-mail-cimrol/
8a4a9635ef7cb24fb23ca34dc8ec1d6eeb2b9d96984fda0c60b1b079a11e6ea4,2026-04-10 15:43:37.523606+00:00,hu,atlatszo.hu,atlatszo.hu,2026-04-10,Committee to Protect Journalists: tíz pont a lakájmédia felszámolásáért a választás után,https://atlatszo.hu/kozugy/2026/04/10/committee-to-protect-journalists-tiz-pont-a-lakajmedia-felszamolasaert-a-valasztas-utan/
a2bb238372244a240801542301a907c08da840167287dc2d2745c9cd9f158409,2026-04-10 15:43:16.944858+00:00,hu,atlatszo.hu,atlatszo.hu,2026-04-10,VSquare: tömeges megfigyelésre alkalmas izraeli kémszoftver Magyarországon,https://atlatszo.hu/kozugy/2026/04/10/vsquare-tomeges-megfigyelesre-alkalmas-izraeli-kemszoftver-magyarorszagon/
1692def76ec8480f1b373a0c8abf8113d128ee39f36d6ae8d45f52afee8cf570,2026-04-10 15:18:00.045323+00:00,hu,24.hu,24.hu,2026-04-10,Minimum ezer a sör a rendszerváltó koncerten,https://24.hu/kultura/2026/04/10/minimum-ezer-a-sor-a-rendszervalto-koncerten/
8ee462c4c760356365aa396c83a10888e2525ae71d1271a3b5e398e58977d7f9,2026-04-10 14:44:22.441404+00:00,hu,24.hu,24.hu,2026-04-10,"Mehringer Marci: Én azt szeretném, hogy az én fiamnak már ne kelljen rendszert váltania",https://24.hu/kultura/2026/04/10/mehringer-marci-en-azt-szeretnem-hogy-az-en-fiamnak-mar-ne-kelljen-rendszert-valtania/
df0c7b910ca915385305d6196ad9e8ab8f890c93611d462c547f6b6a77314dde,2026-04-10 14:43:58.495087+00:00,hu,24.hu,24.hu,2026-04-10,Nem mindenki vállalta a fellépést,https://24.hu/kultura/2026/04/10/nem-mindenki-vallalta-a-fellepest/
aad1b4c35a356121e3f6992cf7ba422fc87bb5196efa8dbafa00803f03d0e432,2026-04-10 14:43:42.132046+00:00,hu,24.hu,24.hu,2026-04-10,"Caramel: Olyan világra vágyom, ahol senki nem emelkedik ki a többi közül",https://24.hu/szorakozas/2026/04/10/caramel-celebek-bulvar-kapcsolat/
edd0145a4ccbacc8d0e739413e6f3169899f09c84da2c4a285125a3bb2c3f7aa,2026-04-10 14:43:37.126600+00:00,hu,24.hu,24.hu,2026-04-10,Ezek lesznek a műsorsávok,https://24.hu/kultura/2026/04/10/ezek-lesznek-a-musorsavok/
7778b1a727940c9855bddf79f13db7f95d208419543963c9aec212a0ce1bcf53,2026-04-10 14:43:32.057834+00:00,hu,24.hu,24.hu,2026-04-10,"Meduza: Már megvan, hogyan adná el a Kreml a Fidesz vereségét",https://24.hu/kozelet/2026/04/10/kreml-fidesz-valasztasi-vereseg/
a990dcc9d8669c4640975d79091a0be3bfb54962334e3f8d3d4852efe40d33b7,2026-04-10 14:43:27.148918+00:00,hu,24.hu,24.hu,2026-04-10,"Indul a versenyfutás az idővel, megsérült a Bayern München csodagyereke",https://24.hu/sport/foci/2026/04/10/bayern-munchen-lennart-karl-izomszakadas/
a77b7972eed7c031f46ed1a26da8c75601568a1e8ef3e44c6e673cd1ce12cdfc,2026-04-10 14:43:14.758011+00:00,hu,24.hu,24.hu,2026-04-10,"Vége van, kicsi!"" – rendszerváltó buli egy kőhajításnyira a Fidesz-székháztól",https://24.hu/kultura/2026/04/10/vege-van-kicsi-rendszervalto-buli-egy-kohajitasnyira-a-fidesz-szekhaztol/
3c387f38ad0ac09727fd46c364b2f13e63d403e756344df381f67cfba4be234f,2026-04-10 14:42:58.656998+00:00,hu,24.hu,24.hu,2026-04-10,A színpad előtti rész meg is telt,https://24.hu/kultura/2026/04/10/1545/
2e5136315bacba94b6717176c95ce383db5449e6fad829eb324e13d854543156,2026-04-10 14:42:44.754422+00:00,hu,24.hu,24.hu,2026-04-10,"Messzebbről is látható, hallható lesz a koncert",https://24.hu/kultura/2026/04/10/messzebbrol-is-lathato-hallhato-lesz-a-koncert/
ca9e20fb862e49af47e26733f5e3ed97839bec865c0fe964c260881560d86b99,2026-04-10 14:42:22.501381+00:00,hu,24.hu,24.hu,2026-04-10,"Ez egy nagyon-nagyon átpolitizált koncert"" – percről percre a Rendszerbontó Nagykoncertről",https://24.hu/kultura/2026/04/10/rendszerbonto-nagykoncert-puzser-robert-azahriah-beton-hofi-krubi/
73f5c5c3487078dbcff0ef8345f8a9a656e2d7fa40124ddc746db4a480be80dd,2026-04-10 14:42:02.122489+00:00,hu,444.hu,444.hu,2026-04-10,A Fidesz Demokrácia Központot hoz létre a választás idejére,https://444.hu/2026/04/10/a-fidesz-demokracia-kozpontot-hoz-letre-a-valasztas-idejere?utm_source=rss_feed&utm_medium=rss&utm_campaign=rss_syndication
53be9442e30f2c234d77845c7e13b5fc876f481b864c00629b83430ebad5e65b,2026-04-10 14:41:56.798783+00:00,hu,444.hu,444.hu,2026-04-10,"Megmutatjuk, kikből választhatsz vasárnap",https://444.hu/2026/04/10/megmutatjuk-kikbol-valaszthatsz-vasarnap?utm_source=rss_feed&utm_medium=rss&utm_campaign=rss_syndication
266b944afc547c2b43a9820859e671a09171adda9de9d75769341d1a10c1a74f,2026-04-10 14:41:51.940934+00:00,hu,444.hu,444.hu,2026-04-10,Három héten belül kerozinhiánnyal szembesülhetnek az európai repterek,https://444.hu/2026/04/10/harom-heten-belul-kerozinhiannyal-szembesulhetnek-az-europai-repterek?utm_source=rss_feed&utm_medium=rss&utm_campaign=rss_syndication
2e5aabd04a8113156fc458e0fc1be2bf1f23c5eb0caaa859df4ffc15cae4d655,2026-04-10 14:41:44.179729+00:00,hu,444.hu,444.hu,2026-04-10,"Két nappal a választások előtt még megdobja a Mol 25 milliárddal az MCC-t, Hernádiék majdnem az egész profitjukat kifizetik osztalékba",https://444.hu/2026/04/10/ket-nappal-a-valasztasok-elott-meg-megdobja-a-mol-25-milliarddal-az-mcc-t-hernadiek-majdnem-az-egesz-profitjukat-kifizetik-osztalekba?utm_source=rss_feed&utm_medium=rss&utm_campaign=rss_syndication
35653fc203afc5d82300b1047a12ef5abf625d63576bb388e918792fbe1dd199,2026-04-10 14:41:41.090691+00:00,hu,444.hu,444.hu,2026-04-10,"Hogyan érdemes állatot választani, Tengeri akváriumok, egzotikus kétéltűek (Szily László: Idegtartás",https://444.hu/2026/04/10/hogyan-erdemes-allatot-valasztani-tengeri-akvariumok-egzotikus-keteltuek-szily-laszlo-idegtartas-23-24-fejezet?utm_source=rss_feed&utm_medium=rss&utm_campaign=rss_syndication
279f4862900de9a697de70b9425834f72f9fea9303c7dee71a00981d4a7b00fb,2026-04-10 14:41:35.515979+00:00,hu,444.hu,444.hu,2026-04-10,"Te is már a választással álmodsz? Meséld el, hogy mit!",https://444.hu/2026/04/10/te-is-mar-a-valasztassal-almodsz-meseld-el-hogy-mit?utm_source=rss_feed&utm_medium=rss&utm_campaign=rss_syndication
b75a05c703f834e305199a7204c2fea9514eccf065c341349eeea2d0dcb22d3b,2026-04-10 14:41:26.891630+00:00,hu,444.hu,444.hu,2026-04-10,"Tíz év alatt 158,9 milliárd forint ment a felcsúti fociba",https://444.hu/2026/04/10/tiz-ev-alatt-1589-milliard-forint-ment-a-felcsuti-fociba?utm_source=rss_feed&utm_medium=rss&utm_campaign=rss_syndication
8b075f7bb6adf6e9fc8e7ee1e9a536aae83794fb74b102bf3f695e8d0a49c748,2026-04-10 14:41:21.077606+00:00,hu,444.hu,444.hu,2026-04-10,"Az iráni háború egyik következménye: Ázsia helyett Spanyolországba megy, aki napfényre vágyik",https://444.hu/2026/04/10/az-irani-haboru-egyik-kovetkezmenye-azsia-helyett-spanyolorszagba-megy-aki-napfenyre-vagyik?utm_source=rss_feed&utm_medium=rss&utm_campaign=rss_syndication
d9357c1038684e81e56d70838fdfa6099d84fd07705d84017cd5b516e7819da1,2026-04-10 14:41:15.550729+00:00,hu,444.hu,444.hu,2026-04-10,"Mészáros Lőrinc már nem is volt tulajdonos a V-Hídban, amikor az márciusban szinte az utolsó fillérét is átutalta neki",https://444.hu/2026/04/10/meszaros-lorinc-mar-nem-is-volt-tulajdonos-a-v-hidben-amikor-az-marciusban-szinte-az-utolso-fillerjet-is-atutalta-neki?utm_source=rss_feed&utm_medium=rss&utm_campaign=rss_syndication
bbb4a1f011aaaf13e02332fcd9ea4d1b495a0d8d5837737f29b8c8eb3643de09,2026-04-10 14:41:11.071316+00:00,hu,444.hu,444.hu,2026-04-10,A választás előtt egy nappal 25 forinttal csökken a dízel ára,https://444.hu/2026/04/10/a-valasztas-elott-egy-nappal-25-forinttal-csokken-a-dizel-ara?utm_source=rss_feed&utm_medium=rss&utm_campaign=rss_syndication
c0921f93ceaebb9b4de18f168b293af8b9e1dddeee750c796c3233de4f9bf44d,2026-04-10 14:41:04.602985+00:00,hu,444.hu,444.hu,2026-04-10,Hét év börtönre ítélték a megasztáros Fekete Dávidot,https://444.hu/2026/04/10/het-ev-bortonre-iteltek-a-megasztaros-fekete-davidot?utm_source=rss_feed&utm_medium=rss&utm_campaign=rss_syndication
b413788c928128c1938744ace6ffc9f37497823171daa3074a0d3c04c88c9d81,2026-04-10 14:40:57.335731+00:00,hu,444.hu,444.hu,2026-04-10,"A rendőrség felkészült a választásra, pártbefolyástól mentesen!",https://444.hu/2026/04/10/a-rendorseg-felkeszult-a-valasztasra-partbefolyastol-mentesen?utm_source=rss_feed&utm_medium=rss&utm_campaign=rss_syndication
087efd21316ef9745c2bbfa7a93b09ffab80765b25894b05a05113c3c27f46f5,2026-04-10 14:40:51.151192+00:00,hu,444.hu,444.hu,2026-04-10,A Meduza forrásai szerint már a Kreml is Orbán vereségére készül,https://444.hu/2026/04/10/a-meduza-forrasai-szerint-mar-a-kreml-is-orban-veresegere-keszul?utm_source=rss_feed&utm_medium=rss&utm_campaign=rss_syndication
6dd2f7886f3c2de8203aabb95658c669814b290ed784bdda71e835c78fd52b8a,2026-04-10 14:40:45.585783+00:00,hu,444.hu,444.hu,2026-04-10,"No, kedves magyar falvak, ha 1,2 millióból nem lesztek versenyképesek, akkor semmiből!",https://444.hu/2026/04/10/no-kedves-magyar-falvak-ha-12-milliobol-nem-lesztek-versenykepesek-akkor-semmibol?utm_source=rss_feed&utm_medium=rss&utm_campaign=rss_syndication
8ff7b06e3672d65f779ae741f1f51c7405be3ddf7c78fca76d664b6307d6858a,2026-04-10 14:40:35.780536+00:00,hu,444.hu,444.hu,2026-04-10,"Vitézy: 3000 lakás a Népszigetre, közlekedési fejlesztések és garanciák nélkül",https://444.hu/2026/04/10/vitezy-3000-lakas-a-nepszigetre-kozlekedesi-fejlesztesek-es-garanciak-nelkul?utm_source=rss_feed&utm_medium=rss&utm_campaign=rss_syndication
9840d8c58edcaacc44f34edf54959f90c9efcec2abc879887d3d68de089f6794,2026-04-10 14:40:21.107386+00:00,hu,444.hu,444.hu,2026-04-10,"Digitális harcosok, AI-videók és trollfarmok – a Fidesz mindent bedobott, hogy uralja a közösségi médiát",https://444.hu/2026/04/10/digitalis-harcosok-ai-videok-es-trollfarmok-a-fidesz-mindent-bedobott-hogy-uralja-a-kozossegi-mediat?utm_source=rss_feed&utm_medium=rss&utm_campaign=rss_syndication
bca5caf3a3fedeb16ab5636d25d92f214725fe34f1c3846bec032ff39b9be022,2026-04-10 14:19:46.057528+00:00,hu,24.hu,24.hu,2026-04-10,PC-elemzés: Más kémmozit néz a Fidesz- és a Tisza-tábor,https://24.hu/kozelet/2026/04/10/pc-elemzes-valasztasi-csalas-befolyas/
1c8f6c9ec6820c9ad3f8d3d58376e9d601de7ac19c52ec3241837d3dc8aac7af,2026-04-10 14:19:26.185805+00:00,hu,24.hu,24.hu,2026-04-10,Megszületett Nyári Dia kislánya,https://24.hu/szorakozas/2026/04/10/nyari-dia-kislanya-megszuletett/
b5f617edd99af40549d691e43f4a98c419865b07361ff166e62868f04edc4e97,2026-04-10 14:19:04.302255+00:00,hu,24.hu,24.hu,2026-04-10,Már a Messengeren sem bújhat el az ember Szabó Zsófiék Magyar Pétert savazó megjegyzései elől,https://24.hu/belfold/2026/04/10/szabo-zsofi-hajdu-peter-kis-grofo-messenger-uzenetek-propaganda/
4d04e95ff6df82294648770d5f46f93630c15d105b0cb38f34e1003709a260d5,2026-04-10 14:18:50.369111+00:00,hu,24.hu,24.hu,2026-04-10,"MOK: minden hatodik orvos csak a magánellátásban gyógyít, az államiban nem",https://24.hu/belfold/2026/04/10/maganellatas-orvosok-munka-femeres-mok/
065c1d40dce1664e17b6f125efcb6c7307f14cc0c70a8fc1e6358d8bac6f0689,2026-04-10 14:18:45.395339+00:00,hu,24.hu,24.hu,2026-04-10,Nyomozás indult Sárváron a független Magyar Péter ajánlásai miatt,https://24.hu/belfold/2026/04/10/magyar-peter-nyomozas-ajanlasok/
3e928419e8a972bff2b03b0ce55965dabc7e01908f38457090d6c2559f2e45b9,2026-04-10 14:18:23.176716+00:00,hu,24.hu,24.hu,2026-04-10,Orbán Viktortól kaptak levelet a Magyar Sportújságírók Szövetségének tagjai,https://24.hu/sport/2026/04/10/orban-viktor-level-magyar-sportujsagirok-szovetsege/
1dce11fb2e6e22146cf3ea12b4a460abce0b2ed04688247e3b09366e1aec88c8,2026-04-10 14:18:05.043854+00:00,hu,24.hu,24.hu,2026-04-10,Wáberer György a félelemről: Egy NER-es egy tárgyalás alatt ráült a kikapcsolt mobiljára,https://24.hu/belfold/2026/04/10/waberer-gyorgy-interju-valasztas2026/
763c2ab4be9610a11a8b5c95a8ebfcf8df273bedcd038922bac8ca96f9c9de5d,2026-04-10 14:18:00.025729+00:00,hu,24.hu,24.hu,2026-04-10,A Magyar Nemzeti Bank harminchárom műtárgya került az egri Dobó István Vármúzeumba,https://24.hu/kultura/2026/04/10/magyar-nemzeti-bank-mutargy-dobo-istvan-varmuzeum-letet/
bb2872e036a99fd7b7712f5d05f627ef84bee917356f46816c533fa5827db4c6,2026-04-10 14:17:11.237506+00:00,hu,24.hu,24.hu,2026-04-10,Ráthonyi-Palácsik Tímea beszállt a kampányba: Lengyel Tamás videóját is megosztotta követőivel,https://24.hu/szorakozas/2026/04/10/rathonyi-palacsik-timea-ellenzeki-kampanyvideok/
5c91b7f908af04bd8b7e96aa7821c17e75bf5627cb1492aafdf0919a8d1eecc8,2026-04-10 14:17:06.883677+00:00,hu,24.hu,24.hu,2026-04-10,Halálos baleset az M2-esen,https://24.hu/belfold/2026/04/10/halalos-baleset-m2/
aa5e49071a9a300d1ac6c05c141c6e23f8e73808596ff3784b29a82732867d39,2026-04-10 13:19:21.207754+00:00,hu,24.hu,24.hu,2026-04-10,"Libanon csak akkor tárgyal közvetlenül Izraellel, ha tűszünet lép életbe",https://24.hu/kulfold/2026/04/10/libanon-csak-akkor-targyal-kozvetlenul-izraellel-ha-tuszunet-lep-eletbe/
4c788579dc99b31799faa762ac0f39ffccc1c66d32398082370f55eefbee3378,2026-04-10 13:18:54.897402+00:00,hu,24.hu,24.hu,2026-04-10,Így nézett ki megnyitásakor a 160 éves Fővárosi Állatkert,https://24.hu/tudomany/2026/04/10/fovarosi-allatker-160-fotok/
83358bff5e9708ada147c4002c8c0df702c0ebdb7dca830739ddde568e2c0bd8,2026-04-10 13:18:21.474438+00:00,hu,24.hu,24.hu,2026-04-10,"Kovács Márta, a 24.hu újságírója is bekerült a WAN-IFRA NextGen AI Leaders programjába",https://24.hu/kozelet/2026/04/10/wan-ifra-nextgen-ai-leaders-program-kovacs-marta/
f6e35c93ee82f7a9561d0ff163c91fd41e53dec08c5a4f31289565ca7e0380b1,2026-04-10 13:18:03.683849+00:00,hu,24.hu,24.hu,2026-04-10,Egy új módszer előremozdíthatja a férfi fogamzásgátlást,https://24.hu/tudomany/2026/04/10/ferfi-fogazasgatlo-rak-hormonmentes/
eca138fe78a5f6e6f98fdda569e3e549010144deff26f15e9cd1a67037362b1d,2026-04-10 13:17:27.655667+00:00,hu,24.hu,24.hu,2026-04-10,"135 év után először nem lesz szakszervezeti majális a Városligetben, mert nem kaptak rá engedélyt",https://24.hu/kozelet/2026/04/10/varosliget-szakszervezet-majalis-elmarad/
091219ce09835b4a4206f5a0535dabe346fa15ed915f588dce469b74fff71e2f,2026-04-10 13:17:22.666928+00:00,hu,24.hu,24.hu,2026-04-10,32 órás tűzszünet lép életbe szombaton Oroszország és Ukrajna között,https://24.hu/kulfold/2026/04/10/oroszorszag-ukrajna-tuzszunet/
eab66f480d6ac5ed270682034232912da7fee2f29631572bf0ae062136c41665,2026-04-10 13:17:17.815984+00:00,hu,24.hu,24.hu,2026-04-10,Zárul az olló a régiós fővárosok lakásárai között,https://24.hu/otthon/2026/04/10/zarul-az-ollo-a-regios-fovarosok-lakasarai-kozott/
71700e65170737f26006e5b58e0811d1f1ddb4bd17dd460f5b2e486de4749467,2026-04-10 13:17:12.873538+00:00,hu,24.hu,24.hu,2026-04-10,"Sokkal jobban fáj, ha egy másik játékos ócsárol"" – mondta a focista, akit azzal provokáltak, hogy csónakkal érkezett Afrikából",https://24.hu/sport/foci/2026/04/10/omar-el-hilali-spanyol-foci-rasszizmus-csonakon-erkeztel/
82ef39eaa96f8489c1eec1dd10db00d6e5d4e72569a1af6ef4f9cac4a024a0aa,2026-04-10 12:18:53.716478+00:00,hu,24.hu,24.hu,2026-04-10,Közelebb kerültünk egy űrbéli rejtély megfejtéséhez,https://24.hu/tudomany/2026/04/10/piros-potty-csillagaszat-fekete-lyuk/
d21d335080b80d49b42524c891185a460b483df78724b17b28eea0509ff90cc9,2026-04-10 12:18:48.732746+00:00,hu,24.hu,24.hu,2026-04-10,"Gálvölgyi János is nyíltan támogatja a Tisza jelöltjét, videóban buzdít a rendszerváltásra",https://24.hu/kultura/2026/04/10/galvolgyi-janos-tisza-weigand-istvan-video-valasztas-rendszervaltas/
6ebed43d3be17e679c2d8a789f3c93623c64c4c959948dc7fc4174dae0710d49,2026-04-10 12:18:35.171379+00:00,hu,24.hu,24.hu,2026-04-10,"Demokrácia Központot állít fel a Fidesz, a ""tiszás választási csalásokat"" figyelik majd",https://24.hu/kozelet/2026/04/10/valasztas-demokracia-kozpont-tiszas-valasztasi-csalas/
3932a454df73c7898c553524254faa89bafc88d5cc49ee7119195d248bb8b373,2026-04-10 12:17:42.278230+00:00,hu,24.hu,24.hu,2026-04-10,"Geszti Péter: Csókolom a kezét annak, aki gyerekrajzokkal ragasztotta le az abuzív választási plakátot a Bartók Béla úton",https://24.hu/szorakozas/2026/04/10/geszti-peter-valasztasi-plakat-gyerekrajzok/
0dbc9edb3e45492ac33f2b9023de0781ac6e06ba0d3e34bbdd1a1e25b85b823f,2026-04-10 12:17:32.144151+00:00,hu,24.hu,24.hu,2026-04-10,Ennél izgalmasabb választási verseny nincs Budapesten,https://24.hu/kozelet/2026/04/10/zuglo-erzsebetvaros-hadhazy-akos-velkey-gyorgy-radics-bela-valasztas2026/
ca77ee83e27eb0b29d16e0bb167160525cfd3bd855e28870f88f764a1a856fbd,2026-04-10 11:49:07.366342+00:00,hu,444.hu,444.hu,2026-04-10,Hankó Balázs le akarta tiltani az osztrák Die Pressének adott interjúját,https://444.hu/2026/04/10/hanko-balazs-le-akarta-tiltani-az-osztrak-die-pressenek-adott-interjujat?utm_source=hirstart&utm_medium=referral&utm_campaign=ct
e735b57955e9a325e47475571f069447485168ab7c75bb599a5ffbf8e1be6456,2026-04-10 11:29:45.221541+00:00,hu,24.hu,24.hu,2026-04-10,"A Győr focistája a bajnoki hajráról: Annak örülnénk, ha kupagyőztesek és bajnokok lennénk, de ott van a Ferencváros",https://24.hu/sport/foci/2026/04/10/schon-szabolcs-nb1-gyor-fradi-bajnoki-hajra/
efc3ae53961e87edae7d75c62f66e527d7c3a6ad3b073832e0f8c6ea87410373,2026-04-10 11:18:10.925365+00:00,hu,24.hu,24.hu,2026-04-10,Májusban pénzügyi bombát élesít az EU Magyarországgal szemben – bárki kerül is kormányra,https://24.hu/fn/gazdasag/2026/04/10/koltsegvetes-hiany-eu-tulzottdeficit%E2%80%91eljaras/
96aad5bbc2cd321f98cacaeaec51f49febcbfdf8ee6ce3c150891a405786707a,2026-04-10 11:17:35.356182+00:00,hu,24.hu,24.hu,2026-04-10,Péterfy Bori videóban állt ki a Tisza egyik jelöltje mellett,https://24.hu/kultura/2026/04/10/peterfy-bori-tisza-video-weigand-istvan-valasztas/
b6f449bf9543190594baa30d6715f4f7450963ef2e46af8718f1984e7c91c61e,2026-04-10 11:17:30.648487+00:00,hu,24.hu,24.hu,2026-04-10,Vitézy Dávid: Két nappal a választás előtt a kormány 3000 lakást engedélyezett a Népszigetre,https://24.hu/kozelet/2026/04/10/vitezy-david-nepsziget-3000-lakas/
369ee8cf93dc54101b6c5a681ed7461f99bd9bb11b581e093fe1fdf858d90414,2026-04-10 11:17:25.180205+00:00,hu,24.hu,24.hu,2026-04-10,"Legfőbb ügyész: Nincs olyan adat, amely szerint Juhász Péter Pál és Soltész Miklós kapcsolatban álltak volna",https://24.hu/kozelet/2026/04/10/juhasz-peter-pal-valasz-legfobb-ugyesz-soltesz-miklos/
392ada5fe5f26b918b504570d7dbb4629987223d27d5389395a903e389f96f04,2026-04-10 11:17:13.103195+00:00,hu,24.hu,24.hu,2026-04-10,Üzent a választóknak Sulyok Tamás köztársasági elnök,https://24.hu/kozelet/2026/04/10/uzent-a-valasztoknak-sulyok-tamas-koztarsasagi-elnok/
c745095f78f422ee98411418c9ec5f495f2758ee54bce9b33ec444b024d3b4f9,2026-04-10 11:17:08.078290+00:00,hu,24.hu,24.hu,2026-04-10,"Tizenöt évre tiltottak el, lassan gyilkosságért nem kapnak annyit"" – megszólalt a bírót fejbe rúgó megyei focista",https://24.hu/sport/2026/04/10/tizenot-evre-tiltottak-el-lassan-gyilkossagert-nem-kapnak-annyit-megszolalt-a-birot-fejbe-rugo-megyei-focista/
572874e901328bf5966bf8cad5556caec1e6557f81222d005891207a7de2ecf1,2026-04-10 10:46:51.037381+00:00,hu,444.hu,444.hu,2026-04-10,"Trump kárpótlásul azért, hogy nem jött el, még egy posztban kiállt Orbán mellett",https://444.hu/2026/04/10/trump-karpotlasul-azert-hogy-nem-jott-el-meg-egy-posztban-kiallt-orban-mellett?utm_source=rss_feed&utm_medium=rss&utm_campaign=rss_syndication
79a6502d59be43f89ca5f2483adea06dd49fa8ec53bca506486cb021bd200c24,2026-04-10 10:46:38.935212+00:00,hu,444.hu,444.hu,2026-04-10,Törölte a Budapestről induló és oda érkező pénteki járatait a Lufthansa,https://444.hu/2026/04/10/torolte-a-budapestrol-indulo-es-oda-erkezo-penteki-jaratait-a-lufthansa?utm_source=rss_feed&utm_medium=rss&utm_campaign=rss_syndication
57fa79614d4dc0619f5e4246843b144d01eb12e384e957739cf66ca5cf2233ca,2026-04-10 10:44:47.845783+00:00,hu,444.hu,444.hu,2026-04-10,Sulyok Tamás megszólalt,https://444.hu/2026/04/10/sulyok-tamas-megszolalt?utm_source=rss_feed&utm_medium=rss&utm_campaign=rss_syndication
f86328b397c927d7a048dc8a66cf6022b67b0e1f0c99fc29244039c4db81cc90,2026-04-10 10:44:16.075290+00:00,hu,444.hu,444.hu,2026-04-10,"Balogh Levente köszöni, de nem kér újra az orosz befolyás alatt élésből",https://444.hu/2026/04/10/balogh-levente-koszoni-de-nem-ker-ujra-az-orosz-befolyas-alatt-elesbol?utm_source=rss_feed&utm_medium=rss&utm_campaign=rss_syndication
5f25f9e44259ee736915af864e004c09b42d275235294aab8ee95a4eb7658e88,2026-04-10 10:44:10.995688+00:00,hu,444.hu,444.hu,2026-04-10,"Szinte teljesen kiürítették Orbánék az államkasszát a választás előtt, március végén sosem volt ekkora a hiány",https://444.hu/2026/04/10/szinte-teljesen-kiuritettek-orbanek-az-allamkasszat-a-valasztas-elott-marcius-vegen-sosem-volt-ekkora-a-hiany?utm_source=rss_feed&utm_medium=rss&utm_campaign=rss_syndication
c21bc6f55fe8e5a996146923b121923f79b9362549c05f26648ff745bc4afad8,2026-04-10 10:31:16.229121+00:00,hu,24.hu,24.hu,2026-04-10,"Az a romos épület az iskola volt"" – fényes nappal szedik szét a házakat a drog és bűnözés sújtotta Mátraverebélyben",https://24.hu/belfold/2026/04/10/matraverebely-drog-riport/
0143f7afdcac99fa97d2925e140aab4c334ff981d8db66e8164d61c0b6a70ee7,2026-04-10 10:30:08.903969+00:00,hu,24.hu,24.hu,2026-04-10,Az MTVA a Trollfoci szerkesztőjét igazolta le online igazgatónak,https://24.hu/kozelet/2026/04/10/mtva-online-igazgato-trollfoci/
e378606f9cffd54d19277e8e7f9f903d12b3ca4a2abd7c4a74e86d4ef3651092,2026-04-10 10:30:02.688486+00:00,hu,24.hu,24.hu,2026-04-10,"Magyar Péter üzenete: Arra kérjük a búcsúzó miniszterelnököt, hogy kellő higgadtsággal és méltósággal fogadja el majd a magyar nép ítéletét",https://24.hu/kozelet/2026/04/10/magyar-peter-uzenet-valasztas-2026/
0a6c9fbf9d818c07230cede8860e5551a403d4ef9e1391eb31b2bd1acff7cf5a,2026-04-10 10:29:20.475718+00:00,hu,24.hu,24.hu,2026-04-10,"Balogh Levente a 24.hu-nak: Nem akarom megélni azt, hogy visszakerüljön a vasfüggöny",https://24.hu/kozelet/2026/04/10/balogh-levente-valasztas-2026-szavazas-europai-unio/
96f9d389c1379fb590ce9ce6041fa05d295f63016ee561ec3054f037f3d92f86,2026-04-10 10:29:12.410464+00:00,hu,24.hu,24.hu,2026-04-10,"Majka fizetett provokátorokra számít a Rendszerbontó Nagykoncerten, mindenkit óva int tőlük",https://24.hu/kultura/2026/04/10/majka-provokator-rendszerbonto-nagykoncert/
f992039396900603f6a6e1288da2a5b2b0f7c7d236bd1304d3fde425c26379b8,2026-04-10 10:18:05.161945+00:00,hu,24.hu,24.hu,2026-04-10,"Rákos daganatnak nevezte Izraelt a pakisztáni védelmi miniszter, aztán törölte a posztot",https://24.hu/kulfold/2026/04/10/rakos-daganatnak-nevezte-izraelt-a-pakisztani-vedelmi-miniszter-aztan-torolte-a-posztot/
14d5d1216c0e649cf45cba9eb4be6a5e57516a11517eaec5fc0fc7040e4d298e,2026-04-10 10:17:45.651125+00:00,hu,24.hu,24.hu,2026-04-10,"A DK-nál a véleményemet tudták eddig is"" – mondta a párt hajdú-bihari jelöltje, aki a tiszás ellenfelét ajánlja maga helyett",https://24.hu/kozelet/2026/04/10/csige-tamas-dk-tisza/
1f1f59cb8873cefe693310744f02d0ae2c0559d91931d3a264f240f9cdc3bb5a,2026-04-10 10:17:40.754196+00:00,hu,24.hu,24.hu,2026-04-10,"Dér Heni, Szabó Zsófi és Vasvári Vivien is ott lesznek a Fidesz szombati kampányzáró eseményén",https://24.hu/szorakozas/2026/04/10/fidesz-kampanyzaro-esemeny-der-heni-szabo-zsofi-curtis/
fef1df09138c153bff99a2608b7e7e790a8e9df625be6d92c9086e5e8fd53724,2026-04-10 10:17:35.819044+00:00,hu,24.hu,24.hu,2026-04-10,Vádat emeltek a volt fideszes politikus ellen a titokzatos Dézsi-videó ügyében,https://24.hu/belfold/2026/04/10/vademeles-hajto-peter-titokzatos-dezsi-video/
435821f9bfe715401c00c99921d534bbe22742aced721c26b65c5da866e28979,2026-04-10 10:17:30.876545+00:00,hu,24.hu,24.hu,2026-04-10,Így lett Mexikó császára a magyar királyi herceg,https://24.hu/tudomany/2026/04/10/miksa-mexikoi-csaszar-magyar-herceg/
3d31c015984670d90aab539832d6a8cacdbead05acb6faef546e224c00d679a0,2026-04-10 10:17:24.441000+00:00,hu,24.hu,24.hu,2026-04-10,"Orbán ""erővel szeretné bevenni az internetet"" – milyen kampányeszközökkel él a Fidesz, miket használ a Tisza?",https://24.hu/kozelet/2026/04/10/tisza-fidesz-kampanyeszkoz-identitas/
2fa56df1c01b2bdebeaaf4a47057b902bc7987ad3d126ce9e4a28cb082eee384,2026-04-10 10:17:19.326004+00:00,hu,24.hu,24.hu,2026-04-10,Ördög Nóráékat kidobták az Ázsia Expressz egyik forgatási helyszínéről,https://24.hu/szorakozas/2026/04/10/azsia-expressz-kidobtak-a-stabot-egy-forgatasi-helyszinrol/
795bcf52f5bb4f84184cd98c542e97647c93c691dacb834a00067c5ed476357d,2026-04-10 10:17:15.316044+00:00,hu,24.hu,24.hu,2026-04-10,"Lakatos László a választásokról: ahogyan családtagot, úgy szavazatot sem adunk el",https://24.hu/kultura/2026/04/10/lakatos-laszlo-valasztas-csaladtag-szavazat-nem-elado/
1dda4db08aaf72385a62159f9f6a855815f6a4d84a35f0b2b34b482172b55df7,2026-04-10 10:17:10.558055+00:00,hu,24.hu,24.hu,2026-04-10,Egész családokat áldoztak fel az ókori Koreában,https://24.hu/tudomany/2026/04/10/del-korea-temetkezes-ember-aldozat/
d17cf1b6296ed04c60a24c90a2eedf81424380e468d0bee813f8b97165f59f9b,2026-04-10 10:17:05.600654+00:00,hu,24.hu,24.hu,2026-04-10,Zelenszkij: Még tavasszal befejeződik a Barátság kőolajvezeték javítása,https://24.hu/kozelet/2026/04/10/zelenszkij-meg-tavasszal-befejezodik-a-baratsag-koolajvezetek-javitasa/
1e10a913567a53415eabd5d08f9ead43e01f54a6be9f70e9244a3b3ed9552f1e,2026-04-10 09:37:58.603782+00:00,hu,444.hu,444.hu,2026-04-10,Orbán reggeli riogatása Grósz Károly fehérterroros beszédét idézte fel Lakner Zoltánban,https://444.hu/2026/04/10/orban-reggeli-riogatasa-grosz-karoly-feherterroros-beszedet-idezte-fel-lakner-zoltanban?utm_source=hirstart&utm_medium=referral&utm_campaign=ct
03c03e63413484cad3b1f89281094dabd173407908793a00c2726d20bd8a648f,2026-04-10 09:29:09.338898+00:00,hu,444.hu,444.hu,2026-04-10,"Magyar: Egy dologban egyetértünk, Magyarországnak összefogásra, egységre és biztonságra van szüksége",https://444.hu/2026/04/10/magyar-egy-dologban-egyetertunk-magyarorszagnak-osszefogasra-egysegre-es-biztonsagra-van-szuksege?utm_source=hirstart&utm_medium=referral&utm_campaign=ct
a184a2efdf9a5dce95971503399dacb26cf0ef7f41f440c92d173f79e4f71a20,2026-04-10 09:27:44.716925+00:00,hu,444.hu,444.hu,2026-04-10,"Nagy Dávid: Húzom fel a gép orrát ezerrel, bassza meg",https://444.hu/2026/04/10/nagy-david-huzom-fel-a-gep-orrat-ezerrel-bassza-meg?utm_source=hirstart&utm_medium=referral&utm_campaign=ct
50316d5025df6333f754d87dcc85f2f5bcdd2bd2895487c091d57477c1328f8a,2026-04-10 09:19:32.743369+00:00,hu,24.hu,24.hu,2026-04-10,70 év alatt egyszer sem fordult elő hasonló a legrangosabb kézikupában,https://24.hu/sport/2026/04/10/ferfi-kezilabda-bajnokok-ligaja-negyeddonto-veszprem-szeged/
e16c0341d3effb89492b999f22246fe0bf52aadf277fe688347050cf46bf77e3,2026-04-10 09:19:20.715137+00:00,hu,24.hu,24.hu,2026-04-10,Polgárháború robbant ki egy ugandai csimpánzközösségben,https://24.hu/tudomany/2026/04/10/csimpanzok-polgarhaboru-uganda-etologia/
083f5ed5d69bb0fc371886406e14d8e66ad44c9c72afb87e4078b12fb06cdc50,2026-04-10 09:19:00.806353+00:00,hu,24.hu,24.hu,2026-04-10,"Oroszországban mostantól büntetendő, ha valaki tagadja a szovjetek ellen elkövetett népirtást",https://24.hu/kultura/2026/04/10/szovjet-nepirtas-buntetendo-torveny-oroszorszag/
3f5a932acc27bea6a5c53d1c71549c344cc1ee3b1eeefd6626525e4603218fb0,2026-04-10 09:18:15.534366+00:00,hu,24.hu,24.hu,2026-04-10,Házkutatást tartottak a milliárdokat elnyelő Szabolcsi Alma Centrumban,https://24.hu/kozelet/2026/04/10/hazkutatas-szabolcsi-alma-centrum-integritas-hatosag/
58e2cc8431b3e93cdfd04cac36634f49d5f0ec956efdf0f66924f64909c210aa,2026-04-10 09:17:55.351447+00:00,hu,24.hu,24.hu,2026-04-10,Megérkezett az iráni delegáció Iszlámábádba,https://24.hu/kulfold/2026/04/10/megerkezett-az-irani-delegacio-iszlamabadba/
eb95562b6c996f76f38b170e0d5e0c0fe64a36508468a2871a3c02d20ab96bee,2026-04-10 09:17:31.369163+00:00,hu,24.hu,24.hu,2026-04-10,Németországban fogtak el egy top 50-es magyar bűnözőt,https://24.hu/belfold/2026/04/10/toplistas-magyar-bunozo-nemetorszag/
43588dabe371192087f98f89fcac31a4b27f80f8fdb54c8b7499fa61ff150959,2026-04-10 09:17:25.713529+00:00,hu,24.hu,24.hu,2026-04-10,Közel háromszázezren látták már a Magyar menyegzőt,https://24.hu/kultura/2026/04/10/magyar-menyegzo-nezoszam-300-ezer/
2da0e21d027ab63de79d86569fe71264c7fd3f21cc0e9032790532a0df4b520e,2026-04-10 09:17:21.443437+00:00,hu,24.hu,24.hu,2026-04-10,"Trump: Menjetek el, szavazzatok Orbán Viktorra!",https://24.hu/kozelet/2026/04/10/donald-trump-uzenet-orban-viktor/
31ad3ca8dc6ec5d56ae2e43e521b385229504166857674524ec227871fdbd94f,2026-04-10 09:17:10.764468+00:00,hu,24.hu,24.hu,2026-04-10,"Balogh Levente: Arról kell szavaznunk, hogy gyermekeink európaiként vagy pedig Európában kitaszítottként éljenek tovább",https://24.hu/kozelet/2026/04/10/balogh-levente-valasztas-oroszok-europa/
41c4ada0a382e79078c09161e301430f27c67e4767075e2d83a0b215172578ff,2026-04-10 08:32:57.990597+00:00,hu,atlatszo.hu,atlatszo.hu,2026-04-10,A gödi akkugyár szennyezéseiről és a Samsung terjeszkedéséről beszélt Bodnár Zsuzsa az ATV Start-ban,https://atlatszo.hu/impakt/2026/04/10/a-godi-akkugyar-szennyezeseirol-es-a-samsung-terjeszkedeserol-beszelt-bodnar-zsuzsa-az-atv-start-ban/
34b1ab97395a51dd96bf3853f3c8a98f998470382d9ef57d28a33d0af181d2c6,2026-04-10 08:32:12.277612+00:00,hu,atlatszo.hu,atlatszo.hu,2026-04-10,"Átjelentkezők, külföldi szavazók: a Tisza számára biztató az eddigi választói aktivitás",https://atlatszo.hu/adat/2026/04/10/atjelentkezok-kulfoldi-szavazok-a-tisza-szamara-biztato-az-eddigi-valasztoi-aktivitas/
f9213f904b79ef33ec84d75134a93e813d6b8af70e2b6a2af48597516e00ec7d,2026-04-10 08:19:05.893464+00:00,hu,444.hu,444.hu,2026-04-10,"„Magyar Péterben látom azt az Orbán Viktort, akivel együtt dolgoztam”",https://444.hu/2026/04/10/magyar-peterben-latom-azt-az-orban-viktort-akivel-egyutt-dolgoztam?utm_source=rss_feed&utm_medium=rss&utm_campaign=rss_syndication
cc34b0a4874c75f6ac759dc9ec955df505d5028f20252a1abd36dba07fb7356b,2026-04-10 08:19:00.857189+00:00,hu,444.hu,444.hu,2026-04-10,Hadházy új fotókat közölt Mészáros Lőrinc „prosztóklasszicista stílusban” épülő kastélyáról,https://444.hu/2026/04/10/hadhazy-uj-fotokat-kozolt-meszaros-lorinc-prosztoklasszicista-stilusban-epulo-kastelyarol?utm_source=rss_feed&utm_medium=rss&utm_campaign=rss_syndication
f7f01cf9aed2225788357dfa9136de9d6f5c65427a6058bc27ba029c7cb7f123,2026-04-10 08:18:51.860787+00:00,hu,444.hu,444.hu,2026-04-10,Külképviseleten szavazol? Meséld el!,https://444.hu/2026/04/10/kulkepviseleten-szavazol-meseld-el?utm_source=rss_feed&utm_medium=rss&utm_campaign=rss_syndication
e257253178c3087b64360fb60f9d4764cfb222e73a90e439bd39da917aa7b0ba,2026-04-10 08:18:42.248057+00:00,hu,24.hu,24.hu,2026-04-10,Czippán Anett és párja a gyerekeik miatt döntöttek a különélés mellett,https://24.hu/szorakozas/2026/04/10/czippan-anett-parja-kuloneles-gyerekneveles/
a55bee0a797c82005f74806e8137e89bfde37a4888ac28f3069682add6fcc6a5,2026-04-10 08:18:42.108833+00:00,hu,444.hu,444.hu,2026-04-10,"Trump arra kérte Netanjahut, hogy „fogja vissza” magát Libanonban",https://444.hu/2026/04/10/trump-arra-kerte-netanjahut-hogy-fogja-vissza-magat-libanonban?utm_source=rss_feed&utm_medium=rss&utm_campaign=rss_syndication
61b7a57ef2da4c8354ce66dc8beb2c768a5791b1f58d11fd4d0f0d045b0b8e84,2026-04-10 08:18:37.003110+00:00,hu,444.hu,444.hu,2026-04-10,Zelenszkij: Ukrajna betartja a húsvéti tűzszünetet,https://444.hu/2026/04/10/zeleszkij-ukrajna-betartja-a-husveti-tuzszunetet?utm_source=rss_feed&utm_medium=rss&utm_campaign=rss_syndication
886adda11bc614caaaa01cae16e383268c1ec2e08a0f5d4d6389f4de949f233f,2026-04-10 08:18:34.841040+00:00,hu,24.hu,24.hu,2026-04-10,"Pártbefolyástól mentes működést, fegyvertelen szolgálatot ígér a rendőrség a választásokra",https://24.hu/belfold/2026/04/10/rendorseg-kozlemeny-valasztasok/
aa403c6eb05e234e04593e0cbc8e00dcd81bd4d7e12ad1ff86cc180d99846df4,2026-04-10 08:18:25.269998+00:00,hu,24.hu,24.hu,2026-04-10,Mága Zoltán XIV. Leó pápának hegedült a Vatikánban,https://24.hu/kultura/2026/04/10/maga-zoltan-xiv-leo-papa-vatikan-koncert/
13fd33f3a631a26f462b5df5e9064330b1c1a3dcf0037057baa703bbb32db765,2026-04-10 08:18:21.256407+00:00,hu,24.hu,24.hu,2026-04-10,Trump szerint nem ebben állapodtak meg Iránnal,https://24.hu/kulfold/2026/04/10/trump-szerint-nem-ebben-allapodtak-meg-irannal/
07e102952675c4f1bc298f2b71eff1cad586841b4619b9117fabd9d8e24d73ee,2026-04-10 08:17:52.418106+00:00,hu,24.hu,24.hu,2026-04-10,Donald Trump: Nem ebben állapodtunk meg,https://24.hu/kulfold/2026/04/10/kozel-kelet-iran-haboru-hirfolyam-hirek/
a1c43ab7485b8e044ce8f78efa973491527a94e7426ed4ae8b404ec626cfb71a,2026-04-10 08:17:47.676813+00:00,hu,24.hu,24.hu,2026-04-10,"Trump megkérte Netanjahut, hogy legyen visszafogottabb",https://24.hu/kulfold/2026/04/10/trump-megkerte-netanjahut-hogy-legyen-visszafogottabb/
02e020dee426d20161857d3b52bd8c04f8d4d8efbdee7bcb8041941ae052b440,2026-04-10 08:17:36.019503+00:00,hu,444.hu,444.hu,2026-04-10,"Melania Trump tagadja, hogy bármilyen kapcsolata lett volna Jeffrey Epsteinnel",https://444.hu/2026/04/10/melania-trump-tagadja-hogy-barmilyen-kapcsolata-lett-volna-jeffrey-epsteinnel?utm_source=rss_feed&utm_medium=rss&utm_campaign=rss_syndication
003b9787385586d1abb5583ae4b46bb307ab0ad09ca57fb45c91e1fae5cfa67d,2026-04-10 08:17:22.315744+00:00,hu,444.hu,444.hu,2026-04-10,Nem ez lehetett Orbán győzelmi terve a választás előtti utolsó napokra,https://444.hu/2026/04/10/nem-ez-lehetett-orban-gyozelmi-terve-a-valasztas-elotti-utolso-napokra?utm_source=rss_feed&utm_medium=rss&utm_campaign=rss_syndication
7da2f0adb23969f9ce44653a21daf9eac59c931147a020f9bc7e89e7a7e898e4,2026-04-10 08:17:19.147197+00:00,hu,444.hu,444.hu,2026-04-10,"Van, aki felszántja az országot, meg van, aki nem",https://444.hu/2026/04/10/van-aki-felszantja-az-orszagot-meg-van-aki-nem?utm_source=rss_feed&utm_medium=rss&utm_campaign=rss_syndication
0174bf9bf3f716ba6c185b86f197d7a64803b7b419041cb6bf22d399178c57aa,2026-04-10 08:17:18.659504+00:00,hu,24.hu,24.hu,2026-04-10,Ókori római temetőt fedeztek fel Maroskeresztúron,https://24.hu/tudomany/2026/04/10/okori-romai-temeto-maroskeresztur/
a93acea1dea6a801e6810ba3455e19474d0ec62ec1d94b1c1537709bd2a980d0,2026-04-10 08:17:13.689264+00:00,hu,444.hu,444.hu,2026-04-10,Milyen tavasz? Péntek reggelre leesett a hó a Mátrában és a Bükkben is,https://444.hu/2026/04/10/milyen-tavasz-pentek-reggelre-leesett-a-ho-a-matraban-es-a-bukkben-is?utm_source=rss_feed&utm_medium=rss&utm_campaign=rss_syndication
383b0300c0d42ade31bb93a25dbde20702a17dfa318024edce1e9c64692312f9,2026-04-10 08:17:11.387237+00:00,hu,24.hu,24.hu,2026-04-10,"A játékvezetés nem felelt meg a jelenlegi szabályoknak"" – a Barcelona panaszt nyújtott be az elmaradt 11-es után",https://24.hu/sport/foci/2026/04/10/bajnokok-ligaja-barcelona-atletico-madrid-kezezes-panasz-uefa/
e09f67caa24428309032ca5c162861d07d697b24b078bbd15f24bfbd8bf3e8de,2026-04-10 08:17:10.833351+00:00,hu,444.hu,444.hu,2026-04-10,"A Publicus szerint is erősödött a Tisza, a biztos szavazó pártválasztók körében már 52-39-re vezet a Fidesz előtt",https://444.hu/2026/04/10/a-publicus-szerint-is-erosodott-a-tisza-a-biztos-szavazo-partvalasztok-koreben-mar-52-39-re-vezet-a-fidesz-elott?utm_source=rss_feed&utm_medium=rss&utm_campaign=rss_syndication
55d87e7bff886c0ba136bc5e722e3e965c68631e522681e072d0eeba015d43aa,2026-04-10 07:19:27.503576+00:00,hu,24.hu,24.hu,2026-04-10,"Azért ez döbbenetes"" – Molnár Áron összehasonlította, hány állomásos volt Magyar Péter, illetve Orbán Viktor országjárása",https://24.hu/szorakozas/2026/04/10/molnar-aron-magyar-peter-orban-viktor-orszagjaras/
8b9eedbee819e9f6016b68a47ecb1c5465ddd55a7ced5ba9b19204ad688207ab,2026-04-10 07:19:22.433227+00:00,hu,24.hu,24.hu,2026-04-10,"Borókai Gábor: Magyar Péterben látom azt az Orbán Viktort, akivel együtt dolgoztam",https://24.hu/belfold/2026/04/10/borokai-gabor-fidesz-kampany-magyar-peter-szemlelek/
8b28829d3f543f31c208836ee7625f7a0b20e7d1323c3660c0f487d3b6dccb91,2026-04-10 07:19:17.998030+00:00,hu,24.hu,24.hu,2026-04-10,"Pénteki friss hírek, forgalom, időjárás – Reggeli pakk",https://24.hu/belfold/2026/04/10/penteki-friss-hirek-forgalom-idojaras-reggeli-pakk-420/
e5d5acd6dbdf71b74cf74fd15929aeb617a06d0459097960bf125e81ea966f2a,2026-04-10 07:18:52.657781+00:00,hu,24.hu,24.hu,2026-04-10,Orbán Viktor több száz milliárd sorsáról döntött,https://24.hu/belfold/2026/04/10/orban-viktor-kozlony-hatarozatok-koltsegvetes/
a281e6e50ccf00aa9b1ae4bec444b470582e5052bd73618940c453a6059265e6,2026-04-10 07:18:31.999125+00:00,hu,24.hu,24.hu,2026-04-10,"Guardian: Ha le is váltják Orbán, nem garantált, hogy visszatér a demokrácia Magyarországon",https://24.hu/belfold/2026/04/10/magyar-peter-orban-viktor-valasztas-2026-guardian-velemeny/
5ddf398b69e90419d1665c7121c9c8a3262c5d77cc747659ced97f3ee8abb4b0,2026-04-10 07:18:00.625269+00:00,hu,24.hu,24.hu,2026-04-10,"Volt idő, amikor szerettei azt tanácsolták Alföldi Róbertnek, hogy sötétedés után inkább ne menjen kutyát sétáltatni",https://24.hu/szorakozas/2026/04/10/alfoldi-robert-kozeleti-szerepvallalas/
2e35612ac6f9c76f83490fd527f041ba789856eb08aafef2dc8694f125cf4fa7,2026-04-10 07:17:40.795581+00:00,hu,24.hu,24.hu,2026-04-10,"Slot fel akarta találni a spanyolviaszt a PSG ellen, de csúfos vége lett",https://24.hu/sport/foci/2026/04/10/bajnokok-ligaja-negyeddonto-odavagok-elemzes/
6efe598b420575f98121f28008f67fa2246d816a3f24815aeb270bb76bf32cdb,2026-04-10 07:17:35.981207+00:00,hu,24.hu,24.hu,2026-04-10,"Orbán Viktor üzenete: Ez most nem a széthúzás, nem a harag és nem a gyűlölködés ideje",https://24.hu/belfold/2026/04/10/orban-viktor-uzenet-valasztas/
a2a4bb1b6ffc61b699b178cee602dbc9f28720e59943be25b2328be549694ae3,2026-04-10 07:17:13.753729+00:00,hu,24.hu,24.hu,2026-04-10,Baj van az Artemis–2 hőpajzsával,https://24.hu/tech/2026/04/10/artemis-2-visszateres-hopajzs/
24dd8a6e150a035f7815cf5e72b982d8d064cf243627135575c1addfc1561509,2026-04-10 07:17:09.291114+00:00,hu,24.hu,24.hu,2026-04-10,"Zöld borítékot kapnak az átjelentkezők és külképviseleten szavazók, a szavazat csak a boríték lezárása után érvényes",https://24.hu/belfold/2026/04/10/atjelentkezes-kulkepviselet-zold-boritek-lezart/
d0f3476105c992789813b560ff1be3da93e8e3311b088415eb5635df0f817f20,2026-04-10 06:37:05.386942+00:00,hu,444.hu,444.hu,2026-04-10,"Orbán Viktor káosszal, nyomással és szervezett fenyegetéssel riogatott már hajnalban",https://444.hu/2026/04/10/orban-viktor-kaosszal-nyomassal-es-szervezett-fenyegetessel-riogatott-mar-hajnalban?utm_source=hirstart&utm_medium=referral&utm_campaign=ct
9a047d92a33c97002a906e77dabad9a2fefe6035d06aec98354a749051ccc358,2026-04-10 05:23:43.745319+00:00,hu,444.hu,444.hu,2026-04-10,"Mára megsemmisült a Gárdonyt 18 évig uraló helyi Fidesz, most sem lesz jelöltjük az időközi választáson",https://444.hu/2026/04/10/mara-megsemmisult-a-gardonyt-18-evig-uralo-helyi-fidesz-most-sem-lesz-jeloltjuk-az-idokozi-valasztason?utm_source=hirstart&utm_medium=referral&utm_campaign=ct
8eda42549954ee7c32988c4c6533123e69c58961371be9f2236f52903bd715f9,2026-04-10 05:22:50.330976+00:00,hu,24.hu,24.hu,2026-04-10,Vastagabb felhőzet sodródhat fölénk pénteken,https://24.hu/belfold/2026/04/10/idojaras-pentek-14/
7e90a18e2170d164f936cce406e281302ecbb9b87061d06ce41abce87f23bcfb,2026-04-10 05:22:12.506189+00:00,hu,24.hu,24.hu,2026-04-10,"A biztonságos működéshez szükséges létszámot messze nem érjük el"" – drámai képet festettek az egészségügyről a kórházigazgatók",https://24.hu/belfold/2026/04/10/egeszsegugy-korhazigazgatoi-palyazatok/
1a9e658df7bcdfb7b916170387750dd0823fd9a0da70ad5ed48227cbe8675768,2026-04-10 05:21:41.482580+00:00,hu,24.hu,24.hu,2026-04-10,Mennyire vagy képben az elemekkel? – kvíz az iskolai kémiaórák tananyagából,https://24.hu/tudomany/2026/04/10/altalanos-iskolai-kemia-kviz/
f01dc46bd1e8b86291d2ef171228338560bf483920276344989f75f78e0f8c8d,2026-04-10 05:21:20.034365+00:00,hu,24.hu,24.hu,2026-04-10,Mennyire vezetsz helyesen? Ezzel a tíz kérdéssel tesztelheted KRESZ-tudásod!,https://24.hu/kultura/2026/04/10/kviz-kresz-auto-kozlekedes/
71a5144ce4a0f8653c769a7807db988190922b5e117e070645f92f291a6dddc4,2026-04-10 05:21:00.174311+00:00,hu,24.hu,24.hu,2026-04-10,"Állati kvíz: te tudod, milyen gyorsan képes futni egy tehén?",https://24.hu/szorakozas/2026/04/10/allati-erdekessegek-kviz/
ea7d2a4bd056a7c2efb898cc79c885d8056842f5f30213c28ee23092bf1474c6,2026-04-10 05:20:42.013780+00:00,hu,24.hu,24.hu,2026-04-10,"Az emberek csak akkor hinnék el, hogy igazi merénylet történt, ha valaki tényleg meg is halna"" – kétharmadlázban égő tömeg fogadta Magyar Pétert Győrben",https://24.hu/belfold/2026/04/10/magyar-peter-orszagjaras-gyor-dioszegi-neher/
a14168f44765bef7b3128043ad0c7b85b94f8706cb8940bef6d42add533a4af2,2026-04-10 03:18:05.490431+00:00,hu,24.hu,24.hu,2026-04-10,Így vette vissza Magyarország a Délvidéket,https://24.hu/tudomany/2026/04/10/delvidek-trianon-revizio-tortenelem/
c850962d99679e522d23c2832950ac84b5fbc1f368ecd773f34a166ccc15f5e7,2026-04-10 03:17:15.474885+00:00,hu,24.hu,24.hu,2026-04-10,"Nem volt ellenszere a PSG-nek, magabiztosan jutott tovább a Veszprém",https://24.hu/sport/2026/04/10/kezilabda-bajnokok-ligaja-psg-veszprem/
1b007ca2656d4a9a0652a32032c2c670b3a64dd74382daeb21f01c1b279ff830,2026-04-10 03:17:11.767118+00:00,hu,24.hu,24.hu,2026-04-10,Pezsgőt pusztítottak a champagne-i zavargásban,https://24.hu/tudomany/2026/04/10/pezsgo-zavargas-franciaorszag-tortenelem/
d5e64c984a38f4e8812ca95b94cad2f0ee059fc7a65caf453397759b459c0448,2026-04-09 22:44:06.694302+00:00,hu,24.hu,24.hu,2026-04-09,Negyven méteres öngóllal ikszelt Portóban a Nottingham,https://24.hu/sport/foci/2026/04/09/europa-liga-porto-nottingham/
19c662fbde9fc2c36d20b6550744505adfcd1b377d20226291ededd3cdf01aab,2026-04-09 22:39:15.683157+00:00,hu,444.hu,444.hu,2026-04-09,Magyar Péter feketeruhások helyett tömeget vitt a győri utcákra,https://444.hu/2026/04/09/magyar-peter-feketeruhasok-helyett-tomeget-vitt-a-gyori-utcakra
21124806568d57062dff6ba51211d74a7ef5afbb2c3041b3154b1fc4ad2cdfd6,2026-04-09 22:38:32.599406+00:00,hu,444.hu,444.hu,2026-04-09,"Trump fenyegetni kezdte a NATO-t, miután beszélt a szövetség főtitkárával",https://444.hu/2026/04/09/trump-fenyegetni-kezdte-a-nato-t-miutan-beszelt-a-szovetseg-fotitkaraval
64957df373d6ff66058926da5c8bf643e8471199a5d4a40f28dc58fb71847327,2026-04-09 22:38:20.203525+00:00,hu,444.hu,444.hu,2026-04-09,"Orbán már nem azt kéri, hogy mindenki hozzon el még egy embert, hanem azt, hogy mindenki hozzon el mindenkit",https://444.hu/2026/04/09/orban-mar-nem-azt-keri-hogy-mindenki-hozzon-el-meg-egy-embert-hanem-azt-hogy-mindenki-hozzon-el-mindenkit
5875deefefd1022dec6365fbe3db7152f0fdf19f917a89b069e7463f72ec3843,2026-04-09 22:38:10.151476+00:00,hu,444.hu,444.hu,2026-04-09,Putyin húsvéti tűzszünetet hirdetett,https://444.hu/2026/04/09/putyin-husveti-tuzszunetet-hirdetett
6907146b4b22f0b410f9fd050db5f6e8ddf65bd165d5a6d89db293d2e7420bd7,2026-04-09 22:37:51.490650+00:00,hu,444.hu,444.hu,2026-04-09,"Végleges a jelöltlista, 639-en indulnak egyéni mandátumért",https://444.hu/2026/04/09/vegleges-a-jeloltlista-639-en-indulnak-egyeni-mandatumert
ceee51d2a41fb23bd9c196b259ad6df6595b3945ee0d18c6cd71e03cac950c0f,2026-04-09 22:37:44.784428+00:00,hu,444.hu,444.hu,2026-04-09,A fiatalok búcsúzni jöttek Orbántól Debrecenben,https://444.hu/2026/04/09/a-fiatalok-bucsuzni-jottek-orbantol-debrecenben
d0456d0d0268d406c20c694d6b55fc9d1ffba11cd8e891c9191ab36dc8d7c2e2,2026-04-09 22:37:39.672590+00:00,hu,444.hu,444.hu,2026-04-09,Vance konvoja miatt percekre megállítottak egy mentőautót az Andrássyn,https://444.hu/2026/04/09/vance-konvoja-miatt-percekre-megallitottak-egy-mentoautot-az-andrassyn
25498f723107d0c6466c3ebc54db8ab5ee867ff495970d4db7081a27678cc458,2026-04-09 21:35:24.958169+00:00,hu,24.hu,24.hu,2026-04-09,Orbán Viktor reggel bejelent valamit,https://24.hu/belfold/2026/04/09/orban-viktor-bejelentes/
cf51444dd4ba5fb897f1eef805cab70e39bf8d0b296241db7b12c4e83cfaa9c2,2026-04-09 20:37:50.381238+00:00,hu,24.hu,24.hu,2026-04-09,Kilenc idény után távozik Szoboszlaiék csapattársa,https://24.hu/sport/foci/2026/04/09/liverpool-andy-robertson-tavozik/
1788ff2fce1958c164e06e9ed6f9d45e65a39ac14feead8289115693f2078206,2026-04-09 20:37:28.581998+00:00,hu,24.hu,24.hu,2026-04-09,"Varga kapufáig jutott, sima vereséget szenvedett az AEK Madridban",https://24.hu/sport/foci/2026/04/09/konferencia-liga-aek-athen-varga-barnabas/
93b2aa742dff02e7fdb2b26538ecb284c7957fa482e63e8c8ca3106621129d73,2026-04-09 20:37:01.560241+00:00,hu,24.hu,24.hu,2026-04-09,A nap legfontosabb hírei – 2026. 04. 09.,https://24.hu/belfold/2026/04/09/a-nap-legfontosabb-hirei-2026-04-09/
dccd037e78a30d53d64a0d504b50c46dbc67f5df91a3618a9e8fa102c3fa717c,2026-04-09 20:36:51.730383+00:00,hu,24.hu,24.hu,2026-04-09,Percekre megállítottak egy mentőt az amerikai alelnök konvoja miatt Budapesten,https://24.hu/belfold/2026/04/09/budapest-mento-konvoj-jd-vance/
9c77feefea90b0ff7283a307e8b1f96b1a442677b6e3cc2a54b1cadeea0a121f,2026-04-09 20:36:40.811665+00:00,hu,24.hu,24.hu,2026-04-09,"Üvöltve sírt szegény"" – gyerekei is megszólaltak Rubint Réka betegségéről",https://24.hu/szorakozas/2026/04/09/rubint-reka-betegseg-schobert-lara-ifjabb-schobert-norbert/
c30d9d0e6e01882c1fdc31e4831462e5201df5f9e84047f53b2011082f5e1e5c,2026-04-09 20:36:25.276572+00:00,hu,24.hu,24.hu,2026-04-09,"Két szerelmes az ágyban is rendszert bonthat, ha az egyik John Lennon – mire mentek a politikus koncertek?",https://24.hu/kultura/2026/04/09/rendszerbonto-nagykoncert-politikus-protest-koncertek/
d4922a5caafa06cc801d578ab0ea2e40a9ab36f0180dd8e102ced07ed2f7c719,2026-04-09 20:36:20.261373+00:00,hu,24.hu,24.hu,2026-04-09,Bezárta a játékraktárba és vízzel locsolta a gyerekeket egy bölcsődei nevelő,https://24.hu/belfold/2026/04/09/bolcsode-bantalmazas-balloszog/
7bbb454f34b5adb9154943590d0b0ecc46d042d7ab519830026b892b80fbd30e,2026-04-09 20:36:15.487221+00:00,hu,24.hu,24.hu,2026-04-09,Magyar Péter Győrben: Egész jól nézünk ki. Talán még sosem néztünk ki ilyen jól,https://24.hu/belfold/2026/04/09/magyar-peter-gyor/
d3326ebdb63c660c068b6623fa0cc0591c66ab28a43f0a244334ddb7c1c70a31,2026-04-09 19:26:23.067874+00:00,hu,444.hu,444.hu,2026-04-09,Pont a kampányhajrában tart ingyenes bulit Pócs János körzetében a Szerencsejáték Zrt.,https://444.hu/2026/04/09/pont-a-kampanyhajraban-tart-ingyenes-bulit-pocs-janos-korzeteben-a-szerencsejatek-zrt?utm_source=rss_feed&utm_medium=rss&utm_campaign=rss_syndication
fa77f3f204bba0f0780bfb49bd6f8c32aae61059d1e7e701c8f2553b685c1bf8,2026-04-09 19:26:12.888045+00:00,hu,444.hu,444.hu,2026-04-09,Orbán meglocsolta Schmidt Máriát,https://444.hu/2026/04/09/orban-meglocsolta-schmidt-mariat?utm_source=rss_feed&utm_medium=rss&utm_campaign=rss_syndication
473f5312cd0cbcd8be65498958d3c0d29c4f57d675933d4e0034cc0ebd30c9f4,2026-04-09 19:25:43.956825+00:00,hu,444.hu,444.hu,2026-04-09,"Bezárta a játékraktárba, rángatta a fülüket és vízzel locsolta a gyerekeket egy bölcsődei nevelő Ballószögön",https://444.hu/2026/04/09/bezarta-a-jatekraktarba-rangatta-a-fuluket-es-vizzel-locsolta-a-gyerekeket-egy-bolcsodei-nevelo-balloszogon?utm_source=rss_feed&utm_medium=rss&utm_campaign=rss_syndication
af26d63e5d03c9d2aa1c37258c47965287848ccdfa4c7fcd9c4152a1f6273122,2026-04-09 19:25:35.074418+00:00,hu,444.hu,444.hu,2026-04-09,"Meloni eltávolodik Trumptól, hogy mentse magát",https://444.hu/2026/04/09/meloni-eltavolodik-trumptol-hogy-mentse-magat?utm_source=rss_feed&utm_medium=rss&utm_campaign=rss_syndication
490ab55567394283e0ac66f34ff86c60c8c929f11851f3aaafc41f0a7218c3fe,2026-04-09 19:25:26.968652+00:00,hu,444.hu,444.hu,2026-04-09,Orbitálisat hazudnak Orbánék a legújabb plakátjukon,https://444.hu/2026/04/09/orbitalisat-hazudnak-orbanek-a-legujabb-plakatjukon?utm_source=rss_feed&utm_medium=rss&utm_campaign=rss_syndication
96a6634d46a50d517a10923233d6cddf17b93885ccb6e0b257f457b5947d2c8d,2026-04-09 19:25:01.894817+00:00,hu,444.hu,444.hu,2026-04-09,Izraeli csapások veszélyeztetik a tűzszünetet – Netanjahu most tárgyalásokat ajánl Libanonnak,https://444.hu/2026/04/09/izraeli-csapasok-veszelyeztetik-a-tuzszunetet-netanjahu-most-targyalasokat-ajanl-libanonnak?utm_source=rss_feed&utm_medium=rss&utm_campaign=rss_syndication
922d64ec65cf203920d6090449bb744f232b4e219b1a83ab65479119226ca60e,2026-04-09 19:24:19.781869+00:00,hu,444.hu,444.hu,2026-04-09,Írországban a hadsereggel oszlatják fel az elszállt üzemanyagárak ellen tüntetők útblokádjait,https://444.hu/2026/04/09/irorszagba-a-hadsereggel-oszlatjak-fel-az-elszallt-uzemanyagarak-ellen-tuntetok-utblokadjait?utm_source=rss_feed&utm_medium=rss&utm_campaign=rss_syndication
434cc11028fe2012bdca508c06a99a6f42865db6194340272eae96213c248f74,2026-04-09 19:24:08.115990+00:00,hu,444.hu,444.hu,2026-04-09,Szijjártó reagált a francia külügyminiszter árulózására és kiakadt Zelenszkijre,https://444.hu/2026/04/09/szijjarto-reagalt-a-francia-kulugyminiszter-arulozasara-es-kiakadt-zelenszkijre?utm_source=rss_feed&utm_medium=rss&utm_campaign=rss_syndication
36dcc92303a48b5a71f7273de9daea703c5d3790af4fed31d6bb88d2ae62fa8c,2026-04-09 18:41:59.997351+00:00,hu,24.hu,24.hu,2026-04-09,"Szaddám Huszein vigyorogva kényszerít, hogy az életed árán is megünnepeld a szülinapját",https://24.hu/kultura/2026/04/09/az-elnok-tortaja-kritika/
549625270f443eac53570e1d0ba8fdee939a21d32bff27c28d3c488ce7e31265,2026-04-09 18:21:29.584262+00:00,hu,24.hu,24.hu,2026-04-09,"Orbán arról, hogy Trump nem volt ott: De ott volt",https://24.hu/belfold/2026/04/09/orban-benzinkut/
73c2d57cc1cad04f2fe2796a8048bcc14a5a33887c53286c500f7766bedcd663,2026-04-09 18:21:01.249607+00:00,hu,24.hu,24.hu,2026-04-09,"Az egyetlen szovjetellenes provokáció az orosz vodka reklámja volt"" – meghalt Bugár Imre diszkoszvető, aki szembeszállt a kommunista rezsimmel",https://24.hu/sport/2026/04/09/atletika-diszkoszvetes-gyasz-meghalt-bugar-imre/
a83843cdaa99c9abe5df6a804145d4b124c375a83aaf481b4be3e18b89e2edda,2026-04-09 18:20:15.301365+00:00,hu,24.hu,24.hu,2026-04-09,"Hajós András a Heti Hetesről: Lehet, hogy más kormányzat lesz, és akkor tök izgi lesz megélni, hogy nem csak Orbán Viktorról kell beszélni",https://24.hu/szorakozas/2026/04/09/hajos-andras-heti-hetes-orban-viktor/
27d5db4205aca969a3e42400bc05dc9201e050a37a6815c048217dac5ead1be5,2026-04-09 18:19:43.449940+00:00,hu,24.hu,24.hu,2026-04-09,"M1-es autópálya: földcsuszamlás történt, amire nem készültek fel",https://24.hu/fn/gazdasag/2026/04/09/foldcsuszamlas-m1-autopalya-gondatlansag-lazar-janos/
8189af18f4259a47b3d3602e5d389e074b55cf6b81ffcbd21fde0acf2af460f2,2026-04-09 18:19:33.521387+00:00,hu,24.hu,24.hu,2026-04-09,"Orbán azt tanácsolta a fiataloknak, hogy ne felejtsék el megköszönni a kormány jótéteményeit az idősebbeknek",https://24.hu/belfold/2026/04/09/orban-viktor-debrecen-orszagjaras/
2d04fa36c05e25eafe3f12bf54a6459a09261b0d8ae79266c06eacbdb5ebec15,2026-04-09 17:21:41.605858+00:00,hu,444.hu,444.hu,2026-04-09,Visszalépett Czeglédy Csaba Szombathelyen,https://444.hu/2026/04/09/visszalepett-czegledy-csaba-szombathelyen?utm_source=rss_feed&utm_medium=rss&utm_campaign=rss_syndication
98011dded3d0c6c64f88afc572c405dd7512b3d62e8d7d17160a833aa42cac6d,2026-04-09 17:21:33.084291+00:00,hu,444.hu,444.hu,2026-04-09,Az országos listás pártok jelöltjei közül senki sem lépett vissza csütörtökön a határidőig,https://444.hu/2026/04/09/az-orszagos-listas-partok-jeloltjei-kozul-senki-nem-lepett-vissza-csutortokon-a-hataridoig?utm_source=rss_feed&utm_medium=rss&utm_campaign=rss_syndication
59bed2673fc52c1107d9db2d81c0f3a34380887b912fbe2e74850098a94c87e5,2026-04-09 17:21:20.155265+00:00,hu,444.hu,444.hu,2026-04-09,"Orbán: Nem bízunk mi a külföldi szavakban! – Jaber: Shout-out, Mr. Orban, baby!",https://444.hu/2026/04/09/orban-nem-bizunk-a-kulfoldi-szavakban-jaber-shout-out-mr-orban-baby?utm_source=rss_feed&utm_medium=rss&utm_campaign=rss_syndication
32a596e99d197d6ed980a098f10512104eb51761325f5f1495a836ebf9a16592,2026-04-09 17:21:15.167974+00:00,hu,444.hu,444.hu,2026-04-09,"Magyar Péter Sopronban: Elmegyünk Dubajba, Csádba, Amerikába, hazahozzuk a magyarok pénzét",https://444.hu/2026/04/09/magyar-peter-sopronban-elmegyunk-dubajba-csadba-amerikaba-hazahozzuk-a-magyarok-penzet?utm_source=rss_feed&utm_medium=rss&utm_campaign=rss_syndication
e7639f79eb9c614bc0d42ec47bf25868dec4b1761641bae0a7ae13fe4525233f,2026-04-09 17:21:05.005018+00:00,hu,444.hu,444.hu,2026-04-09,Gulyás Gergely szerint Pálinkás százados tehetségtelen katona volt,https://444.hu/2026/04/09/gulyas-gergely-szerint-palinkas-szazados-tehetsegtelen-katona-volt?utm_source=rss_feed&utm_medium=rss&utm_campaign=rss_syndication
8ab054929b8f01ff93ca8692ec17f0ca741d2204a35c9883b800862fd3a52e4f,2026-04-09 17:20:36.209103+00:00,hu,444.hu,444.hu,2026-04-09,Magyar vízummal csempészték a vietnámiakat az Egyesült Királyságba,https://444.hu/2026/04/09/a-magyar-vizummal-csempesztek-a-vietnamiakat-az-egyesult-kiralysagba?utm_source=rss_feed&utm_medium=rss&utm_campaign=rss_syndication
52ff13d9ddce5b5a9034d2d310128b64a3dd69311e5d3cd873583fb42dfc4762,2026-04-09 17:20:25.242998+00:00,hu,444.hu,444.hu,2026-04-09,A hatóságok manipulálták az ukrán pénzszállítókról közzétett videót az ügyvédjük szerint,https://444.hu/2026/04/09/a-hatosagok-manipulaltak-az-ukran-penzszallitokrol-kozzetett-videot-az-ugyvedjuk-szerint?utm_source=rss_feed&utm_medium=rss&utm_campaign=rss_syndication
0cc5b20a0774d2d2ad6e4c4910747f7719fd2f9c6251f1118d76c2a769a9654e,2026-04-09 17:20:08.644960+00:00,hu,444.hu,444.hu,2026-04-09,"Egy hónap után kurtán-furcsán elutasította a rendőrség, hogy nyomozást indítson a Mol bennfenteskereskedelem-gyanús ügyében",https://444.hu/2026/04/09/mol-bennfentes-kereskedelem-gyanu-rendorseg-nyomozas?utm_source=rss_feed&utm_medium=rss&utm_campaign=rss_syndication
c2c6d3cafec41443d35a96d2d60df165b62c4d790c95969325e23d71b587c584,2026-04-09 17:19:58.179732+00:00,hu,444.hu,444.hu,2026-04-09,Az orosz hatóságok átkutatták a Novaja Gazeta moszkvai szerkesztőségét,https://444.hu/2026/04/09/az-orosz-hatosagok-atkutattak-novaja-gazeta-moszkvai-szerkesztoseget?utm_source=rss_feed&utm_medium=rss&utm_campaign=rss_syndication
ff8be33ab2963852a9a59520924c3996c24257d156278541268bd42b1101f4d0,2026-04-09 16:44:45.554807+00:00,hu,24.hu,24.hu,2026-04-09,"Friss hírek érkeztek Galla Miklósról: ""A műtét beláthatatlan messzeségben van""",https://24.hu/szorakozas/2026/04/09/galla-miklos-csuklas-mutet/
fd388cca32fe003da49a783eed5a20f03ce621f8d607c35491fb982c6607db8e,2026-04-09 16:44:17.013864+00:00,hu,24.hu,24.hu,2026-04-09,"A Szex és New Yorkban ismerte meg a világ, aztán majdnem kormányzó lett belőle – 60 éves Cynthia Nixon",https://24.hu/kultura/2026/04/09/cynthia-nixon-szuletesnap-szex-es-new-york/
496b50e55b1b3dec861e4f3b60c05c114acae2cb45a94faf3f931999234d6b95,2026-04-09 16:44:11.999051+00:00,hu,24.hu,24.hu,2026-04-09,"Zelenszkij kárpátaljai magyarokkal találkozott, Szijjártó kiakadt",https://24.hu/kulfold/2026/04/09/karpatalja-zelenszkij-szijjarto-orosz-ukran-haboru/
38b74ec028caa1fa581aa98fbd556ef56315f448b0b612cd53e0d94714f236e5,2026-04-09 16:43:43.687499+00:00,hu,24.hu,24.hu,2026-04-09,Gulyás Gergely Pálinkás Szilveszterről: Kellően tehetségtelen volt katonának,https://24.hu/belfold/2026/04/09/gulyas-gergely-palinkas-szilveszter/
f860d102b16bc273aa13aadbe3353a1698b5e5b5726ff6a6513dd6e4546ea2d9,2026-04-09 16:37:29.757656+00:00,hu,444.hu,444.hu,2026-04-09,"De ott volt – mondta Orbán a 444-nek, amikor arról kérdeztük, hogy Trump nem jött el személyesen",https://444.hu/2026/04/09/de-ott-volt-mondta-orban-a-444-nek-amikor-arrol-kerdeztuk-hogy-trump-nem-jott-el-szemelyesen?utm_source=hirstart&utm_medium=referral&utm_campaign=ct
20eea8646ecca850d9466fa094e2a004c248bccac7dd0c8c29673e3900e1b61a,2026-04-09 15:48:02.000078+00:00,hu,24.hu,24.hu,2026-04-09,Bárány Donát nagyon pórul járt a görögök elleni sérülésével,https://24.hu/sport/foci/2026/04/09/barany-donat-serules-mutet/
1aaa3486c3e48d969e673cc7dc6644a523dec929c77d0703837c797cbc243b59,2026-04-09 15:36:38.324964+00:00,hu,444.hu,444.hu,2026-04-09,"Úgy kapott levélben szavazólapot, hogy nem is regisztrált, de emiatt elméletben duplán szavazhatna",https://444.hu/2026/04/09/ugy-kapott-levelben-szavazolapot-hogy-nem-is-regisztralt-de-emiatt-elmeletben-duplan-szavazhatna?utm_source=hirstart&utm_medium=referral&utm_campaign=ct
5310ec26a59e35aea60babb179349799c0d5b28b9e3ca16225cf6779b07f6457,2026-04-09 15:33:06.766679+00:00,hu,24.hu,24.hu,2026-04-09,"Schumacher Vanda ledöbbent, amikor egy Beverly Hills-i telefonos boltban megkérdezték tőle, kire fog szavazni április 12-én",https://24.hu/szorakozas/2026/04/09/schumacher-vanda-usa-magyarorszag-valasztasok/
fb4f3b0ae891f3d7e11b7cec981fc90c8556aee70e3d40e9e787e6dbe8f66bda,2026-04-09 15:31:50.457399+00:00,hu,24.hu,24.hu,2026-04-09,Magyar Péter: A Tisza-kormány nyilvánosságra hozza a bicskei kegyelmi ügy aktáját,https://24.hu/belfold/2026/04/09/magyar-peter-kegyelmi-ugy/
27ff240b98dca984c99e16c452e3f63a53d9173fa04be6bae7421290a35a20f8,2026-04-09 15:31:29.422973+00:00,hu,24.hu,24.hu,2026-04-09,"Visszalépett Czeglédy Csaba, a DK szombathelyi jelöltje",https://24.hu/belfold/2026/04/09/czegledy-csaba-visszalepes-dk-szombathely/
1f248c9edf18f8e2c1b2bad66108a06edac4c01704774c034f671b5afd6f575d,2026-04-09 15:21:49.394483+00:00,hu,444.hu,444.hu,2026-04-09,"Cáfolni próbálta, de megerősítette a cikkünket a Kocsis Máté által vezetett DPK",https://444.hu/2026/04/09/cafolni-probalta-de-megerositette-a-cikkunket-a-kocsis-mate-altal-vezetett-dpk?utm_source=rss_feed&utm_medium=rss&utm_campaign=rss_syndication
8938938d1420c7bdbc0bdd60d1fb7ab0762717399a21f63b2345381fb7c44b6c,2026-04-09 15:21:41.625363+00:00,hu,444.hu,444.hu,2026-04-09,Magyar Péter: A Tisza-kormány nyilvánosságra hozza a kegyelmi ügy aktáit,https://444.hu/2026/04/09/magyar-peter-a-tisza-kormany-nyilvanossagra-hozza-a-kegyelmi-ugy-aktait?utm_source=rss_feed&utm_medium=rss&utm_campaign=rss_syndication
fad45abb3a6e7bcba0089c20f0e1836b747420ae11e014c2ae9c5207d39c2acc,2026-04-09 15:21:04.788737+00:00,hu,444.hu,444.hu,2026-04-09,"Orbán: „Előttem is voltak miniszterelnökök, utánam is lesznek bőven”",https://444.hu/2026/04/09/orban-elottem-is-voltak-miniszterelnokok-utanam-is-lesznek-boven?utm_source=rss_feed&utm_medium=rss&utm_campaign=rss_syndication
73afab6aa935da323e39aaaeac4157e15edbad3477fb3b26cc515eb06660cac4,2026-04-09 15:21:00.852354+00:00,hu,444.hu,444.hu,2026-04-09,14 nap után mentették ki a mexikói bányászt egy beszakadt bányából,https://444.hu/2026/04/09/14-nap-utan-mentettek-ki-a-mexikoi-banyaszt-egy-beszakadt-banyabol?utm_source=rss_feed&utm_medium=rss&utm_campaign=rss_syndication
872a39e7e20faf6026d5bd696c153aba434a44413191068d949c18b6e3155978,2026-04-09 15:19:49.776523+00:00,hu,444.hu,444.hu,2026-04-09,Lopni próbáltak a Szőlő utcai javítóintézet kiürítése közben,https://444.hu/2026/04/09/lopni-probaltak-a-szolo-utcai-javitointezet-kiuritese-kozben?utm_source=rss_feed&utm_medium=rss&utm_campaign=rss_syndication
e47b059ae9e2d4bbe8d5781fdf316154ff73375217ea818bba54eab116f820d2,2026-04-09 14:48:44.498730+00:00,hu,24.hu,24.hu,2026-04-09,"Januári fizetésüket még nem kapták meg az Oxigén Family Hotel dolgozói, áprilisban",https://24.hu/fn/gazdasag/2026/04/09/elmaradt-fizetes-oxigen-hotel-noszvaj/
46de724f813fa06cd6e75119014398df39fa8dcd12db7ead9d34f7aec9b40ef1,2026-04-09 14:48:20.226028+00:00,hu,24.hu,24.hu,2026-04-09,"George Clooney: Az egy háborús bűnös, aki azt mondja, hogy el fog törölni egy civilizációt a föld színéről",https://24.hu/kultura/2026/04/09/george-clooney-donald-trump-haboru/
76e2797866bdfc40133bebf8dba41019b86cab6eb2f6b68a6573c559f07f0605,2026-04-09 14:48:08.728193+00:00,hu,24.hu,24.hu,2026-04-09,100 évig tartó kutatással derítenék ki a finnek boldogságának titkát,https://24.hu/tudomany/2026/04/09/finnorszag-boldogsag-kutatas-szaunazas/
5b0fc4853642202a58eed494e1ecbae7fc41c8354cdb50836197935b04863a41,2026-04-09 14:48:03.287901+00:00,hu,24.hu,24.hu,2026-04-09,A francia külügyminiszter szerint a magyar kormány elárulta az uniót,https://24.hu/kulfold/2026/04/09/jean-noel-barrot-magyarorszag-europai-unio-putyin/
ed143a47a3090d27e37dd2ce757216212a28f64351fd3ac40655477704de5bb9,2026-04-09 14:47:14.810783+00:00,hu,24.hu,24.hu,2026-04-09,"A sároraljaújhelyi polgármester felszólította Wáberer Györgyöt, mondjon le a tisztségeiről",https://24.hu/belfold/2026/04/09/waberer-szamosvolgyi-peter-satoraljaujhely/
c9603de937793cd6ff347df5d70c4141d528b8e9e6764c176b0277ffe3d4fb11,2026-04-09 14:47:00.442894+00:00,hu,24.hu,24.hu,2026-04-09,"Magyarnak vagy Orbánnak kedvez a magas részvétel? – Hann Endre, Mikecz Dániel és Mráz Ágoston Sámuel válaszol",https://24.hu/belfold/2026/04/09/valasztas-magyar-peter-orban-viktor-reszvetel-rekord/
355c8d5ef80e1ffdd7a6ede2f7bf5330a3ac6b51f29d8f081dd88641ff0ce59b,2026-04-09 14:46:49.041068+00:00,hu,24.hu,24.hu,2026-04-09,"„A Pancho Arénában még sosem jártam” – Hankó Balázs egy osztrák lapnak beszélt Felcsútról, sajtószabadságról és a magyar kultúrpolitikáról",https://24.hu/kultura/2026/04/09/hanko-balazs-osztrak-interju/
999c0a51e0635e1072bee675788fd6907875d6b0bfc1c66cbf1e7c6db0ca11cd,2026-04-09 14:46:41.688361+00:00,hu,24.hu,24.hu,2026-04-09,"ByeAlex a vasárnapi választásokról: Zárjunk le egy korszakot, szerelmeim!",https://24.hu/szorakozas/2026/04/09/byealex-valasztas-2026-szavazas-fontossag/
9ddb3d7c477ea5057d98553751a9301354629a524ce023fa5b47fea37bc65bac,2026-04-09 14:46:36.709757+00:00,hu,24.hu,24.hu,2026-04-09,Pető Péter: Búcsú egy Orbán-korszaktól,https://24.hu/belfold/2026/04/09/orban-korszak-fidesz-valasztas-2026/
0caa8eeb25ce994b30a0ecae093940c11e322b5940fb4a37961e09f4c9764d99,2026-04-09 14:46:31.640272+00:00,hu,24.hu,24.hu,2026-04-09,Több száz magyar kormányzati jelszó került ki az internetre,https://24.hu/tech/2026/04/09/magyar-miniszterium-jelszo-szivargas-kurvaanyad1-adolf/
4829ab2968cc726b920a0a8328f46cca18a8a0df245505a1fac50c92ec175686,2026-04-09 13:50:41.429034+00:00,hu,atlatszo.hu,atlatszo.hu,2026-04-09,Videóinterjú: mit gondolnak Kijivben a magyarországi orosz akciókról?,https://atlatszo.hu/vilagterkep/2026/04/09/videointerju-mit-gondolnak-kijivben-a-magyarorszagi-orosz-akciokrol/
815c88f717238cc1c494b3512b17c3c5f14b2172f8dfd94c5cc40aaea4172d82,2026-04-09 13:49:43.425022+00:00,hu,24.hu,24.hu,2026-04-09,Puzsér Róbert Majkáról: Súlyos kulturális averzióim vannak vele szemben,https://24.hu/szorakozas/2026/04/09/puzser-robert-majka-kulturalis-averziok/
0d9eb2f1aa3e923b91a304ed1e0cbe8b3ed87200dc215c08a968d8f6961a3629,2026-04-09 13:49:37.420587+00:00,hu,24.hu,24.hu,2026-04-09,"A Nagy Ő egykori győztese felidézte, miről szólt utolsó beszélgetésük Lovas Annabellával, akinek nemrég derült fény a halálára",https://24.hu/szorakozas/2026/04/09/a-nagy-o-lovas-annabella-meghalt-szalai-laura-baratsag/
ec5d65c97e2f74d91039b32f4b83603f1468831858a0e61d4c4cf480df490ce0,2026-04-09 13:49:32.328971+00:00,hu,24.hu,24.hu,2026-04-09,"A Liverpool védője arról, hogy a PSG rápihen a BL-visszavágóra: Bárcsak a Premier League-ben is lehetne ilyet csinálni",https://24.hu/sport/foci/2026/04/09/ibrahima-konate-liverpool-psg-halasztas-bl-visszavago/
18cb9ad92fc905a2d2ecff7a3c1ff6342105495d9f8fd3e66366de6e0b184a27,2026-04-09 13:48:39.641448+00:00,hu,24.hu,24.hu,2026-04-09,"Szilágyi Szilvi Puzsérék Rendszerbontó Nagykoncertjéről: Egy kicsit az én hibám, hogy a férjem nem lesz ott",https://24.hu/szorakozas/2026/04/09/puzser-robert-rendszerbonto-nagykoncert-caramel-tavolmaradas/
c20721384beae254d0a555c0e5ea7c2292d3e4d529aad8f6b9c3bf617bbb985d,2026-04-09 13:48:10.207206+00:00,hu,24.hu,24.hu,2026-04-09,Fontos kérdésben kell döntenie a Gmail-felhasználóknak,https://24.hu/tech/2026/04/09/google-gmail-ai-mesterseges-intellgencia/
aadf8c3f45932b3ec684d8d8f036c25e06ac46fc8abcc4875085b37cda301378,2026-04-09 13:47:59.273135+00:00,hu,24.hu,24.hu,2026-04-09,"Orbán szerint nem zárható ki, hogy titkosszolgálati szál húzódik Szabó Bencéék nyilvánosság elé lépése mögött",https://24.hu/belfold/2026/04/09/orban-viktor-valasztas-index-interju/
f6eb86bf70b10b2e985a140aecea1f5845b3496b8bea863469a7859fa6816d25,2026-04-09 13:47:36.500057+00:00,hu,24.hu,24.hu,2026-04-09,Görögország jövőre betiltja a közösségi média használatát a 15 éven alattiaknak,https://24.hu/tudomany/2026/04/09/gorogorszag-kozossegi-media-korlatozas/
e6814aabdf50097bb1272d653a9a1e6417414888954d3a4e8b1ca9f122e4a8b4,2026-04-09 13:35:19.361087+00:00,hu,444.hu,444.hu,2026-04-09,"Kurvaanyad1, Adolf, 1234567: több száz ilyen, és ehhez hasonló kormányzati jelszó kering az interneten a Bellingcat nyomozása szerint",https://444.hu/2026/04/09/kurvaanyad1-adolf-1234567-tobb-szaz-ilyen-es-ehhez-hasonlo-kormanyzati-jelszo-kering-az-interneten-a-bellingcat-nyomozasa-szerint?utm_source=hirstart&utm_medium=referral&utm_campaign=ct
e34395e3460a7993cc6fa820a8b75425ca106f08b6125451f16946db44af610f,2026-04-09 13:21:40.463708+00:00,hu,444.hu,444.hu,2026-04-09,Magyar Péter csádozással reagált a „geci nagy háborús” hangfelvételre,https://444.hu/2026/04/09/magyar-peter-csadozassal-reagalt-a-geci-nagy-haborus-hangfelvetelre?utm_source=rss_feed&utm_medium=rss&utm_campaign=rss_syndication
e512697017b9db0bdd706cd7f78a806944eb9cc79321dddf34c4442b59961c28,2026-04-09 13:21:36.180247+00:00,hu,444.hu,444.hu,2026-04-09,"Egy újabb kormánypárti előrejelzés szerint nemcsak Vitályos, Menczer és Németh Balázs, de Tuzson Bence is elbukja egyéniben a választást",https://444.hu/2026/04/09/egy-ujabb-kormanyparti-elorejelzes-szerint-nemcsak-vitalyos-menczer-es-nemeth-balazs-de-tuzson-bence-is-elbukja-egyeniben-a-valasztast?utm_source=rss_feed&utm_medium=rss&utm_campaign=rss_syndication
e44a53752402c821b24862afd8c6c01c07095906c5fe808b9a05ffcbf8ecc656,2026-04-09 13:21:30.494740+00:00,hu,444.hu,444.hu,2026-04-09,Wáberer György árulónak tartja a Fidesz felső vezetését és muszájnak a rendszerváltást,https://444.hu/2026/04/09/waberer-gyorgy-arulonak-tartja-a-fidesz-felso-vezeteset-es-muszajnak-a-rendszervaltast?utm_source=rss_feed&utm_medium=rss&utm_campaign=rss_syndication
e2726af328d17cc1fccfbf19e1483c1a84b123d007a398a2911efca7c4bccb68,2026-04-09 13:21:26.271036+00:00,hu,444.hu,444.hu,2026-04-09,Francia külügyminiszter: Magyarország elárulta az EU-t,https://444.hu/2026/04/09/francia-kulugyminiszter-magyarorszag-elarulta-az-eu-t?utm_source=rss_feed&utm_medium=rss&utm_campaign=rss_syndication
040ab59fbcf646d69122ae488c614e6b61bcfbbd3c7ca51e3dddac5e6a9c588f,2026-04-09 13:21:20.594774+00:00,hu,444.hu,444.hu,2026-04-09,Rekordot döntöttünk: a választás előtti utolsó Kormányinfón zsinórban harmadszor sem kaptunk szót,https://444.hu/2026/04/09/rekordot-dontottunk-a-valasztas-elotti-utolso-kormanyinfon-zsinorban-harmadszor-sem-kaptunk-szot?utm_source=rss_feed&utm_medium=rss&utm_campaign=rss_syndication
ff544e4ae49fd689219a8c60adc93c47d07d452ae181bc929180aa7217f45664,2026-04-09 13:21:02.675845+00:00,hu,444.hu,444.hu,2026-04-09,Négy nappal a választás előtt sikerült lezárni a nemzeti petíciót,https://444.hu/2026/04/09/negy-nappal-a-valasztas-elott-sikerult-lezarni-a-nemzeti-peticiot?utm_source=rss_feed&utm_medium=rss&utm_campaign=rss_syndication
c743c797ee606f895dd141c26ac5470f6a1735add517938d94268c70cabd9135,2026-04-09 13:20:54.906475+00:00,hu,444.hu,444.hu,2026-04-09,"Az ukránok szerint már 1,3 millió fölött van a háború orosz áldozatainak száma",https://444.hu/2026/04/09/az-ukranok-szerint-mar-13-millio-folott-van-a-haboru-orosz-aldozatainak-szama?utm_source=rss_feed&utm_medium=rss&utm_campaign=rss_syndication
248f1fdbdcb07dbe1443c5c057ce758acaf8bbeb13c1efef2bd18c1abe972da3,2026-04-09 13:20:44.786444+00:00,hu,444.hu,444.hu,2026-04-09,"Lefoglalta a rendőrség három, Vas 02-ben induló képviselőjelölt ajánlóíveit",https://444.hu/2026/04/09/lefoglalta-a-rendorseg-harom-vas-02-ben-indulo-kepviselojelolt-ajanloiveit?utm_source=rss_feed&utm_medium=rss&utm_campaign=rss_syndication
d18eca56395dff8544020d0c03e06a29a2f633c6357ad206b364fd6e2a1947f8,2026-04-09 13:20:26.517098+00:00,hu,444.hu,444.hu,2026-04-09,És most mit miért tett a kormány? Nem derült ki – ez volt a választások előtti utolsó Kormányinfó,https://444.hu/2026/04/09/es-most-mit-miert-tett-a-kormany-jon-a-valasztasok-elotti-utolso-kormanyinfo?utm_source=rss_feed&utm_medium=rss&utm_campaign=rss_syndication
871e4dd895f9eeb47f388e59fc6cdae001a5e01bff51357e038d836ef0a93d63,2026-04-09 13:20:17.540881+00:00,hu,444.hu,444.hu,2026-04-09,Sik Domonkos: Hogyan rövidítheti le a Tisza a NER végjátékát?,https://444.hu/2026/04/09/sik-domonkos-hogyan-roviditheti-le-a-tisza-a-ner-vegjatekat?utm_source=rss_feed&utm_medium=rss&utm_campaign=rss_syndication
0604fa125c43fe242ec5d1e318a29a731101d599035b55bc71ab5b75038bf513,2026-04-09 13:20:14.072179+00:00,hu,444.hu,444.hu,2026-04-09,"Új mégsem-szabály: ma délután négyig léphet vissza, aki nem akar jelölt lenni",https://444.hu/2026/04/09/uj-megsem-szabaly-ma-delutan-negyig-lephet-vissza-aki-nem-akar-jelolt-lenni?utm_source=rss_feed&utm_medium=rss&utm_campaign=rss_syndication
de23153cda0d2ef183985fb3f7015c5f65edf277795e984eb3e9f0837f713ca2,2026-04-09 13:20:07.505241+00:00,hu,444.hu,444.hu,2026-04-09,"Több ezer önkéntes megy vasárnap a legzűrösebb településekre, hogy jelenlétével akadályozza a szavazatvásárlásokat",https://444.hu/2026/04/09/tobb-ezer-onkentes-megy-vasarnap-a-legzurosebb-telepulesekre-hogy-jelenletevel-akadalyozza-a-szavazatvasarlasokat?utm_source=rss_feed&utm_medium=rss&utm_campaign=rss_syndication
3f5f589f83734f4ae5be65abfe0d4dab6046d1bfccbf415af8777c8efd4e29c3,2026-04-09 13:19:41.075118+00:00,hu,444.hu,444.hu,2026-04-09,"NVI: Szoros eredmény esetén csak a szavazást követő szombaton, 100 százalékos feldolgozottság mellett lehet ismert a választás végeredménye",https://444.hu/2026/04/09/nvi-szoros-eredmeny-eseten-csak-a-szavazast-koveto-szombaton-100-szazalekos-feldolgozottsag-mellett-lehet-ismert-a-valasztas-vegeredmenye?utm_source=rss_feed&utm_medium=rss&utm_campaign=rss_syndication
a30adc3387567f81909c4d8c06b134c5c097fad2010610f1bbbacabb271c72cc,2026-04-09 13:19:37.832480+00:00,hu,444.hu,444.hu,2026-04-09,"Rendőrszakszervezet: A statisztikában nem látszik a létszámhiány, miközben egyre kevesebb az utcán szolgálatot teljesítő rendőr",https://444.hu/2026/04/09/rendorszakszervezet-a-statisztikaban-nem-latszik-a-letszamhiany-mikozben-egyre-kevesebb-az-utcan-szolgalatot-teljesito-rendor?utm_source=rss_feed&utm_medium=rss&utm_campaign=rss_syndication
57e6b4249b394cd3a57bf04a9bd55503f3b70f3eead4391596d14424739e4a1f,2026-04-09 13:19:30.978809+00:00,hu,444.hu,444.hu,2026-04-09,"Orbán anyját is bevetették a finisben, hogy elmondja, fia már négyévesen kívülről tudta a Toldit",https://444.hu/2026/04/09/orban-anyjat-is-bevetettek-a-finisben-hogy-elmondja-fia-mar-negyevesen-kivulrol-tudta-a-toldit?utm_source=rss_feed&utm_medium=rss&utm_campaign=rss_syndication
99c94985910ecfaa6fe9dbd178d779af11b8c7a17d6206b882a5121402303ec7,2026-04-09 13:19:26.095827+00:00,hu,444.hu,444.hu,2026-04-09,Orosz tengeralattjárókat lepleztek le a britek az Egyesült Királyságtól északra,https://444.hu/2026/04/09/orosz-tengeralattjarokat-lepleztek-le-a-britek-az-egyesult-kiralysagtol-eszakra?utm_source=rss_feed&utm_medium=rss&utm_campaign=rss_syndication
e49e56eba8f8b6946661048e14a8a84f7bcd8c4deac7be9f29ece7a097b2d92f,2026-04-09 12:41:32.639771+00:00,hu,24.hu,24.hu,2026-04-09,"Titkosszolgálatok próbálták rávenni a végrehajtót, hogy tegyen hamis terhelő vallomást Magyar Péterre",https://24.hu/belfold/2026/04/09/kiss-ferenc-vegrehajto-titkosszolgalatok-magyar-peter-rogan-antal/
f570481808303e7bc4c502ab072dd3aad0bc5ac7dd4eac99a48a24d947ca8b8b,2026-04-09 12:37:40.228203+00:00,hu,24.hu,24.hu,2026-04-09,"A Tisza 50, a Fidesz 37 százalékon az Ideánál",https://24.hu/belfold/2026/04/09/valasztas-2026-idea-intezet-tisza-fidesz/
9c227f673e4b02432ef38c341734342d403118780284275745dfd109888506d6,2026-04-09 12:36:56.575289+00:00,hu,24.hu,24.hu,2026-04-09,"A Rendszerbontó Nagykoncert szervezői a 24.hu-nak: Provokációra nem számítunk, inkább készülünk rá",https://24.hu/kultura/2026/04/09/rendszerbonto-nagykoncert-puzser-robert-azahriah-krubi/
734337cba658af69389bcdcdb30e8ef8753283ffc42ed09c6a4f9aa044b9b577,2026-04-09 12:36:43.684130+00:00,hu,24.hu,24.hu,2026-04-09,Kínai segítséggel támadhat amerikai bázisokra Irán,https://24.hu/tech/2026/04/09/iran-kina-usa-muholdkepek/
3173b638eff815871bfddf71bfc1bd97d548787fb06714fadfe4e34b8fc1c497,2026-04-09 12:36:04.522158+00:00,hu,24.hu,24.hu,2026-04-09,Nemes Jeles László új filmje is bekerült a cannes-i filmfesztivál versenyprogramjába,https://24.hu/kultura/2026/04/09/nemes-jeles-moulin-cannes/
61fe9b3a7b0d8555cf90ca50a5844cc6893ee3af61df10e6632fba10297a2602,2026-04-09 12:35:59.285114+00:00,hu,24.hu,24.hu,2026-04-09,Lidl 186 milliós GVH-bírsága: még nem került pont az ügy végére,https://24.hu/fn/gazdasag/2026/04/09/lidl-186-millio-gvh-birsag/
0d52e4b81796f9efaf455bd7bbbf9483f7497e5a753cb824234a3f690cb2e40d,2026-04-09 12:35:33.560111+00:00,hu,24.hu,24.hu,2026-04-09,"Szabó Zsófi az RTL-es éveiről: A főnökeim azt mondták, én vagyok a NER-es trófea",https://24.hu/szorakozas/2026/04/09/szabo-zsofi-rtl-csatornavaltas-sztarbox/
a1949fdd02c93867801a1bba6466ddb39a6b0c69d96dffbd26a8805915ea1be6,2026-04-09 11:43:11.229588+00:00,hu,24.hu,24.hu,2026-04-09,Idegesítő hibát javít az Apple legújabb frissítése,https://24.hu/tech/2026/04/09/apple-iphone-ipad-frissites-ios-2641/
85713419f00e1a30fd786180a99bef229a7062e16edb2e2398924eb9f0683df9,2026-04-09 11:43:06.228969+00:00,hu,24.hu,24.hu,2026-04-09,Nagy Ervin feljelentést tett,https://24.hu/belfold/2026/04/09/nagy-ervin-feljelentest-tett/
82c41fc777ebf25407f5b7dcd0d17de3d48a06db33d67d59cef2864bf9d020cb,2026-04-09 11:42:19.695425+00:00,hu,24.hu,24.hu,2026-04-09,Magyar srác a Forma-1 előszobájában,https://24.hu/sport/2026/04/09/nagy-roland-aston-martin-aston-martin-akademia-forma-1-formula-1-fernando-alonso-dpk-racing/
2510fe69a97e67228a97f9f15be8822513fb61d29ba0c50ba418d31626e1fa62,2026-04-09 11:40:54.492645+00:00,hu,24.hu,24.hu,2026-04-09,Lélektani határt lépett át az újlakások négyzetméterára Budapesten,https://24.hu/otthon/2026/04/09/ujlakas-piac-negyzetmeterar-ketmillio-forint/
766ef8906ed66aaf3ac2d5fc4d56140ad0802b6a6f7448ca2e582ba477bf1614,2026-04-09 10:42:07.109872+00:00,hu,24.hu,24.hu,2026-04-09,A franciák egy döbbenetes statisztikával alázzák a Liverpoolt,https://24.hu/sport/2026/04/09/fc-liverpool-psg-paris-saint-germain-bajnokok-ligaja-bl-hvitcha-varatskhelia/
6e19ac9f4c6c3aa6315c5b1fdfccf7d79a6af10403ed35ea95cdb6df5b2fa62c,2026-04-09 10:41:35.488430+00:00,hu,24.hu,24.hu,2026-04-09,Izrael tovább támadja a Hezbollahot Dél-Libanonban,https://24.hu/kulfold/2026/04/09/izrael-tovabb-tamadja-a-hezbollahot-del-libanonban/
e4f249a53693c58fe71d26c21b3c27dda80d2db48ad4cc642167df1070bf0b49,2026-04-09 10:40:52.928885+00:00,hu,24.hu,24.hu,2026-04-09,Ilyen volt a választás előtti élő Háromharmad a Turbinában,https://24.hu/belfold/2026/04/09/haromharmad-kozonsegtalalkozo-valasztas-turbina/
92aae606a676ce4a137363289547a2367148fd5b093f7212380a565d9f138adb,2026-04-09 10:35:39.449355+00:00,hu,24.hu,24.hu,2026-04-09,"Wáberer György: Azok a fideszes vezetők tekinthetők árulónak, akik 180 fokos fordulatot vettek politikájukban",https://24.hu/belfold/2026/04/09/waberer-gyorgy-telex-interju/
c8e5365b7dbca2ebbae287d2306a6383909cf929c086f9b028d703d478b97641,2026-04-09 10:34:59.996289+00:00,hu,24.hu,24.hu,2026-04-09,Nagy Ervin: Nem ismerek Magyar Péternél ösztönösebb embert,https://24.hu/belfold/2026/04/09/nagy-ervin-interju-csatater-dunaujvaros-valasztas-2026/
1964ffef7e8a228d93a3be502304f3e93abb40e9c3214c388ae205ea1155f3cc,2026-04-09 10:34:37.729045+00:00,hu,24.hu,24.hu,2026-04-09,Mészáros Lajos: Magyar Péter politikai hazárdőr,https://24.hu/belfold/2026/04/09/meszaros-lajos-interju-csatater-dunaujvaros-valasztas2026/
c4fdf27c47573083845f71e35e90f9ecdbb02508a2ad7b5e473ec7d6a5b8fb18,2026-04-09 10:33:59.308081+00:00,hu,24.hu,24.hu,2026-04-09,"Magyarországról, szabad szemmel is látható lesz ez a különleges üstökös",https://24.hu/tudomany/2026/04/09/magyarorszag-panstarrs-ustokos-megfigyeles-mikor/
e2efaaef4b4986904b3dd94fe009519bd86be8750ed3662e4284097dabcf4132,2026-04-09 10:33:54.299091+00:00,hu,24.hu,24.hu,2026-04-09,"Leégett a vb helyszíne, majd Horváth Lotti történelmet írt",https://24.hu/sport/2026/04/09/horvath-lotti-vivas-parbajtor/
75ffb48e2928e3a72e61f2cc3a6eeeaedc9de4fc9989d0be879a11eedbab892d,2026-04-09 10:33:45.589824+00:00,hu,24.hu,24.hu,2026-04-09,"Sisi, Bongor, és az Elefánt is fellép az idei Kolorádón",https://24.hu/kultura/2026/04/09/kolorado-fesztival-2026-fellepok/
1774c980d955a819f2f440b8113e4921ac1d0c1c099f662901017e90e4c0c0af,2026-04-09 10:33:40.222933+00:00,hu,24.hu,24.hu,2026-04-09,Új fejlesztés segíthet fenntarthatóbbá tenni a légi közlekedést,https://24.hu/tech/2026/04/09/katalizator-repules-fenntarthato-uzemanyag/
941aec05c098d68e2300c90e6d0ce0bb3041ee74729f3b6e3bef7cad2331c68f,2026-04-09 10:23:05.978229+00:00,hu,atlatszo.hu,atlatszo.hu,2026-04-09,Rogánhoz köthető magán-titkosszolgálatnak kémkedhetett „Henry” a Tiszánál,https://atlatszo.hu/kozugy/2026/04/09/roganhoz-kotheto-magan-titkosszolgalatnak-kemkedhetett-henry-a-tiszanal/
075a7e6555b123d79a145d423ae2d952f838e0d5f0ef60b5714361d404280da6,2026-04-09 10:21:49.290186+00:00,hu,atlatszo.hu,atlatszo.hu,2026-04-09,A Fidesz-frakció 363 millió forintért csináltatott filmet az USAID-ről Kálomistáékkal,https://atlatszo.hu/kozpenz/2026/04/09/a-fidesz-frakcio-363-millio-forintert-csinaltatott-filmet-az-usaid-rol-kalomistaekkal/
736ccee657a0a8a0a5ad20956dcb4407d7c0e54526eaa872301c1d945dc8fa5a,2026-04-09 09:34:50.435462+00:00,hu,24.hu,24.hu,2026-04-09,"NVI: vasárnap este 8-tól jönnek az eredmények, szoros verseny esetén egy hetet várni kell a végeredményre",https://24.hu/belfold/2026/04/09/valasztas-2026-nvi-eredmenyek-kozlese/
e5ab7c1ddd1e50df4fe701269ae14ef3e798332d3928ade311495522b7b77145,2026-04-09 09:34:39.336438+00:00,hu,24.hu,24.hu,2026-04-09,A Netflix új rendszere forradalmasíthatja a filmipart,https://24.hu/tech/2026/04/09/netflix-ai-film-keszites/
b9f2e3fc8972bf0548040407b95a1ab961be2968a4238861f58ed6858bb18667,2026-04-09 09:34:25.024245+00:00,hu,24.hu,24.hu,2026-04-09,Kivágták a gyermekmolesztálási vádakra utaló részeket az új Michael Jackson-filmből,https://24.hu/kultura/2026/04/09/michael-jackson-film-ujraforgatas/
addac637fa12d9b884a03e5f97dbf5be91df7b257542c8f02497f338456ce21d,2026-04-09 09:34:14.035388+00:00,hu,24.hu,24.hu,2026-04-09,"Olyan kütyüvel állt elő a Dyson, amire kevesen számíthattak a márkától",https://24.hu/tech/2026/04/09/dyson-hushjet-mini-cool-hordozhato-ventilator/
840cae057381481a68c4fe5cbce43548b1d68f41eda1370d36648e29299623e2,2026-04-09 09:33:51.040315+00:00,hu,24.hu,24.hu,2026-04-09,"Változott a terv, JD Vance sietve elhagyta Budapestet",https://24.hu/kulfold/2026/04/09/jd-vance-elhagyta-budapestet/
475a20c779be219f97a3bd4855cb374d04af35adbaea18700ff455dd0d8c131a,2026-04-09 09:28:27.338405+00:00,hu,24.hu,24.hu,2026-04-09,Zölden izzó tűzgömb szelte át az eget Magyarország felett,https://24.hu/tudomany/2026/04/09/zold-izzo-tuzgomb-magyarorszag-video/
e2dedcf6ff76e816f45ac02832b8c05167190463fad7f4e3d60207227f8c0435,2026-04-09 09:28:21.047456+00:00,hu,24.hu,24.hu,2026-04-09,"814 ezres gázszámlát kapott Horváth Éva, de nem érti az okát",https://24.hu/szorakozas/2026/04/09/horvath-eva-gaz-szamla/
d05d9f018750cd714a63a9576fbcaea0ac9a2a8c348746bded5a53788d8e7caa,2026-04-09 09:28:16.266588+00:00,hu,24.hu,24.hu,2026-04-09,"Változott a terv, JD Vance sietve elhagyta Budapestet",https://24.hu/kulfold/2026/04/09/valtozott-a-terv-jd-vance-sietve-elhagyta-budapestet/
8305d06abc083ceee889ad1e58f3f220e3c15104a408b1ecb77fac632ed13900,2026-04-09 09:27:40.236534+00:00,hu,24.hu,24.hu,2026-04-09,Itt a hivatalos bejelentés: jól bevásároltunk amerikai olajból és fegyverekből,https://24.hu/fn/gazdasag/2026/04/09/budapest-vance-megallapodas/
842a8790cd4ab83a296d4320c0b4216e21eab239177e9e894eed0ec6e2435878,2026-04-09 09:27:09.263668+00:00,hu,24.hu,24.hu,2026-04-09,Gulyás a választás előtti utolsó Kormányinfón: A kétharmad megszerzése a csodák világába tartozik,https://24.hu/belfold/2026/04/09/gulyas-gergely-kormanyinfo-benzinar-fidesz/
4bb25a8e915f0138bf10a8f6c6059386a0864dee49f43c69c5dcd8a96f4316d0,2026-04-09 09:26:47.379043+00:00,hu,24.hu,24.hu,2026-04-09,"Átlátszó: zsarolt hackerekkel, volt AH-sokkal dolgozó, Rogánhoz köthető magán-titkosszolgálat kémkedhetett a Tiszánál",https://24.hu/belfold/2026/04/09/atlatszo-rogan-magan-titkosszolgalat-kemkedes-tisza-part/
0e7744032d14b1598c5e55c9ebd9c36266fc891c574d2ece3fce9d99aa930334,2026-04-09 09:26:35.844799+00:00,hu,24.hu,24.hu,2026-04-09,"BL: Szoboszlai Dominik kapta a legalacsonyabb osztályzatot, de bizakodó",https://24.hu/sport/2026/04/09/szoboszlai-dominik-liverpool-fc-paris-saint-germain-psg-bajnokok-ligaja-bl-bl-negyeddonto/
6ed52ff818789ac01f37c2edbfc184704dc6217ca8b463054b03040e25aa57a3,2026-04-09 08:34:11.814861+00:00,hu,24.hu,24.hu,2026-04-09,"15 év börtönt kapott a drogdíler, akitől Matthew Perry a halálát okozó ketamint kapta",https://24.hu/kultura/2026/04/09/matthew-perry-drogdiler-borton/
447e00fc75c1d8fc14e2b5b8da353a1ce9bc60c988584e68960a17479b3d0234,2026-04-09 08:33:11.124690+00:00,hu,24.hu,24.hu,2026-04-09,"A kosz eltüntetésével a ""lelkünket szabadítjuk fel""",https://24.hu/elet-stilus/2026/04/09/a-kosz-eltuntetesevel-a-lelkunket-szabaditjuk-fel/
ddd0c11632ef135157304ec01f8180c39ec4996793592c45f475fa546837b8cb,2026-04-09 08:33:03.181408+00:00,hu,24.hu,24.hu,2026-04-09,"Nem lakást veszünk, életminőséget választunk – ezért lett kulcskérdés, hol élünk",https://24.hu/belfold/2026/04/09/nem-lakast-veszunk-eletminoseget-valasztunk-ezert-lett-kulcskerdes-hol-elunk/
f046e5ef3ffe4dddfc81d3b994ca65977da571e55d0d9d07ae3706b40d02b17a,2026-04-09 08:32:58.128816+00:00,hu,24.hu,24.hu,2026-04-09,"Gyilkosság Bács-Kiskunban, ketten őrizetben",https://24.hu/belfold/2026/04/09/gyilkossag-bacs-kiskunban-ketten-orizetben/
854d34fd37a2931ed129fb4861347721b320c5c209b468e01701e079252cc35e,2026-04-09 08:32:49.348514+00:00,hu,24.hu,24.hu,2026-04-09,"Videón, ahogyan felrobban Elon Musk űrrakétája",https://24.hu/tech/2026/04/09/elon-musk-starship-sapcex/
769408b380e564efb21e73ac45de4a5d37085de2f9044136ce6fa4ff1c4af87e,2026-04-09 08:32:35.965571+00:00,hu,24.hu,24.hu,2026-04-09,Orbán Viktor a kampány finisében bevetette édesanyját is,https://24.hu/belfold/2026/04/09/orban-viktor-edesanyja-kampanyvideo-valasztas-2026/
cd580e3e84d3755c111ca767f389445432f83c9dd68753b431d34be2505f7224,2026-04-09 08:32:23.338989+00:00,hu,24.hu,24.hu,2026-04-09,"Esterházy Márton 70: ""Mexikóban szánalmas volt a teljesítményünk, de továbbjuthattunk volna""",https://24.hu/sport/2026/04/09/esterhazy-marton-70-eves-szuletesnap/
03490ccfd446255927fe62d84dd1360525d1f5fcb45249cb05894842b8a17c02,2026-04-09 08:32:18.332560+00:00,hu,24.hu,24.hu,2026-04-09,Meduza: Az orosz nagykövetség dolgozóinak csaknem fele kapcsolatban állhat titkosszolgálatokkal,https://24.hu/belfold/2026/04/09/meduza-orosz-nagykovetseg-titkosszolgalatok/
6e506b5f95a29aa853e3dd06055dbf3560714f64824c8ab9f5685bc5bfcd7f1e,2026-04-09 08:32:13.442349+00:00,hu,24.hu,24.hu,2026-04-09,Még sosem volt ilyen: bontóba került egy szinte új Boeing repülőgép,https://24.hu/tech/2026/04/09/boeing-787-bontotelep-alig-futott-repulogep/
0484e26cc6b632069a3bd856087a92b56f709089ac8b6ba0f71e5447df31feb2,2026-04-09 08:32:08.709570+00:00,hu,24.hu,24.hu,2026-04-09,"Válassz velünk! Élő műsorokkal, elemzésekkel, Török Gáborral érkezik a maratoni V-nap",https://24.hu/belfold/2026/04/09/valassz-velunk-v-nap-valasztas-2026-musor/
5db2c00b65dc61463b11fe80784102242c56daf92a5a7a7f354677f1e8813959,2026-04-09 08:20:10.984686+00:00,hu,24.hu,24.hu,2026-04-09,"BL: Kovács Istvánt ekézik Barcelonában, mert egyértelmű 11-est nem adott meg",https://24.hu/sport/2026/04/09/kovacs-istvan-bajnokok-ligaja-bl-fc-barcelona-atletico-madrid-bunteto-kezezes/
81afe31780ad385b702d1dbf49c2cf5514fea46b3463718fbd714259087254e4,2026-04-09 06:37:05.885250+00:00,hu,444.hu,444.hu,2026-04-09,"Zelenszkij szerint „nem sokat segít”, hogy J. D. Vance Budapesten kampányolt Orbánnak",https://444.hu/2026/04/09/zelenszkij-szerint-nem-sokat-segit-hogy-j-d-vance-budapesten-kampanyolt-orbannak?utm_source=rss_feed&utm_medium=rss&utm_campaign=rss_syndication
79cebee53da910c4cf90028a07aa09ecefe5e80bb0b1e5cbacaa5c85acac89e6,2026-04-09 06:37:00.936075+00:00,hu,444.hu,444.hu,2026-04-09,"Lázár helyettese aláírta, amit Lázár leállított",https://444.hu/2026/04/09/lazar-helyettese-alairta-amit-lazar-leallitott?utm_source=rss_feed&utm_medium=rss&utm_campaign=rss_syndication
7697d45589647e620e22f46a5aa408df1fe8966feddbc272e196e421c35e56bf,2026-04-09 06:36:52.968019+00:00,hu,444.hu,444.hu,2026-04-09,"Izrael minden eddiginél durvább csapást mért Libanonra, Irán már most értelmetlennek tartja a béketárgyalásokat",https://444.hu/2026/04/09/izrael-minden-eddiginel-durvabb-csapast-mert-libanonra-iran-mar-most-ertelmetlennek-tartja-a-beketargyalasokat?utm_source=rss_feed&utm_medium=rss&utm_campaign=rss_syndication
7176a08b52d7d312d5874b2a2641701944aaa72f60c070540aaba2a0bb593d47,2026-04-09 06:36:48.344663+00:00,hu,444.hu,444.hu,2026-04-09,"Szép lett a kastély Rogán feleségének falujában, miután Rogán ismerősei megvették és felújították",https://444.hu/2026/04/09/szep-lett-a-kastely-rogan-felesegenek-falujaban-miutan-rogan-ismerosei-megvettek-es-felujitottak?utm_source=rss_feed&utm_medium=rss&utm_campaign=rss_syndication
495c2a88ad3a5deee87bfa85625c52ce9506368e2f9885fa5115321c22ea1d10,2026-04-09 06:35:52.606740+00:00,hu,444.hu,444.hu,2026-04-09,"Trump zokon vette, hogy a NATO nem segítette őt az Irán elleni háborúban",https://444.hu/2026/04/09/trump-zokon-vette-hogy-a-nato-nem-segitette-ot-az-iran-elleni-haboruban?utm_source=rss_feed&utm_medium=rss&utm_campaign=rss_syndication
4d55725a3902a99e9f8896d2449327c45b53398c1b91a40d5bff58cc08f9479e,2026-04-09 06:35:45.471478+00:00,hu,444.hu,444.hu,2026-04-09,"Orbán tíz éve hízeleg Trumpnak, az eredmény: néhány kedves szó egy kihangosított mobiltelefonból",https://444.hu/2026/04/09/orban-tiz-eve-hizeleg-trumpnak-az-eredmeny-nehany-kedves-szo-egy-kihangositott-mobiltelefonbol?utm_source=rss_feed&utm_medium=rss&utm_campaign=rss_syndication
49c5f226d3729e46546f9cf369c1fb35ab247069db27a1e54004f6e533fd81de,2026-04-09 06:35:28.007414+00:00,hu,444.hu,444.hu,2026-04-09,Szabó Bence: A NAV-ot nem véletlenül hívták megszüntető gyárnak,https://444.hu/2026/04/09/szabo-bence-a-nav-ot-nem-veletlenul-hivtak-megszunteto-gyarnak?utm_source=rss_feed&utm_medium=rss&utm_campaign=rss_syndication
e96245e028204ef618033ac30e7ac72dbab51789b4a7f43a75575890636e9fea,2026-04-09 06:35:23.109643+00:00,hu,444.hu,444.hu,2026-04-09,"Oroszok Kiskunlacházán, meg a vonal másik oldalán",https://444.hu/2026/04/09/oroszok-lachazan-meg-a-vonal-masik-oldalan?utm_source=rss_feed&utm_medium=rss&utm_campaign=rss_syndication
4d916b5cfa110045eab59c39fed925abf344b842277a47ebd1355e3115e672e6,2026-04-09 06:34:23.558276+00:00,hu,24.hu,24.hu,2026-04-09,Völner Pál ellen fegyelmi vizsgálat indulhat,https://24.hu/belfold/2026/04/09/volner-pal-fegyelmi-vizsgalat-ugyvedi-kamara/
4b53b0fbc25386f554bfcf53c5d7c7d7e13f3979bd3b0dfeea5014d72b07e219,2026-04-09 06:33:38.382226+00:00,hu,24.hu,24.hu,2026-04-09,Gáspár Evelin: Csalódtam a tiszásokban,https://24.hu/szorakozas/2026/04/09/gaspar-evelin-tisza-szimpatizans-csalodas/
a9f44286b7c30873e3ed7ea4108a1f1b6c7a33d0b07c51e19f0e1a6175a8c3cd,2026-04-09 06:32:50.524409+00:00,hu,24.hu,24.hu,2026-04-09,Az Alkotmányvédelmi Hivatal nem találta kockázatosnak Simon Miklós 18 éven át jegelt büntetőügyét,https://24.hu/belfold/2026/04/09/simon-miklos-buntetougy-alkotmanyvedelmi-hivatal/
7916438c59f856cf2ee53f3838163a5e2ec5c06cb4d18c6a53cf17916054d036,2026-04-09 06:32:38.931739+00:00,hu,24.hu,24.hu,2026-04-09,Szabó Bence: A NAV-ot nem véletlenül hívták megszüntető gyárnak,https://24.hu/belfold/2026/04/09/szabo-bence-nav-megszunteto-gyar/
460217a173948df58d5570358028fc519461feb55955075ae3bc3f471009ff65,2026-04-09 06:29:33.389376+00:00,hu,444.hu,444.hu,2026-04-09,"Márki-Zay az egykori ellenzékről: A fele hülye, a másik fele áruló, miért törődnél velük?",https://444.hu/2026/04/09/marki-zay-az-egykori-ellenzerol-a-fele-hulye-a-masik-fele-arulo-miert-torodnel-veluk?utm_source=hirstart&utm_medium=referral&utm_campaign=ct
7af47cc6b4823295d2fcbfda8f38c4dffb9905e87b4fca743e7e80ea1959b9a4,2026-04-09 06:22:00.134279+00:00,hu,24.hu,24.hu,2026-04-09,"Trump: A NATO nem volt ott, amikor szükségünk volt rá",https://24.hu/kulfold/2026/04/09/iran-kozel-kelet-haboru-usa-trump-izrael/
3b265c634def65a0ca288e2e67d6b5f62369a73ca2f4ef2cc783fcc0d282e4b0,2026-04-09 06:21:30.940064+00:00,hu,24.hu,24.hu,2026-04-09,Wossala Rozina a Tisza pártos Orbán Anitával főz,https://24.hu/szorakozas/2026/04/09/wossala-rozina-orban-anita-fozes/
5adcfeab4b460e3086d23fcbc4c907fc1f115da4050fbedf46ec7a253e6b02c1,2026-04-09 06:21:06.476845+00:00,hu,24.hu,24.hu,2026-04-09,Az amerikai elnök csalódott a NATO-ban,https://24.hu/kulfold/2026/04/09/az-amerikai-elnok-csalodott-a-nato-ban/
8dacb5dc18807d4182ad782c751e7be002a6c3e262509dc7b503dd325ed405af,2026-04-09 06:20:35.310504+00:00,hu,24.hu,24.hu,2026-04-09,"Izrael durva légicsapást mért Libanonra, több mint 250 halottról számoltak be – Irán értelmetlennek látja folytatni a béketárgyalásokat",https://24.hu/kulfold/2026/04/09/izrael-durva-legicsapast-mert-libanonra-tobb-mint-250-halottrol-szamoltak-be-iran-ertelmetlennek-latja-folytatni-a-beketargyalasokat/
0c7653fc80d9e3200a8e133896fc0bb8c2e20e6a99751ac658aeaeb1ce1800d0,2026-04-09 06:20:28.797479+00:00,hu,24.hu,24.hu,2026-04-09,"T. Danny: Havonta 12-15 millió forintot költöttem el, javarészt drogokra",https://24.hu/elet-stilus/2026/04/09/t-danny-drogfuggoseg-dokumentumfilm/
a8ec5cd70fb961d4d53c92d2fe69e0cc295328050b7cf9de944fd188dd1a0e58,2026-04-09 06:20:10.161616+00:00,hu,24.hu,24.hu,2026-04-09,"A magyarok többsége még mindig EU-párti, de nőtt a bizonytalanok aránya",https://24.hu/belfold/2026/04/09/unios-tagsag-euro-magyarorszag-kutatas-21-kutatokozpont/
42c2bd820196b331b9da7553f7b934c72056fd873e02798364accfebf4d8db50,2026-04-09 05:18:00.961342+00:00,hu,444.hu,444.hu,2026-04-09,Semjén Zsolt nem szántja fel az országot,https://444.hu/2026/04/09/semjen-zsolt-nem-szantja-fel-az-orszagot?utm_source=hirstart&utm_medium=referral&utm_campaign=ct
e495d430bf8acc5b2c3b58682f83893acd60175e8760544f660fa169ad9139c6,2026-04-09 04:39:15.380014+00:00,hu,24.hu,24.hu,2026-04-09,"Ha valaki meg akar élni, kénytelen másodállást vállalni"" – interjú a rendőrszakszervezet vezetőivel",https://24.hu/belfold/2026/04/09/rendorseg-rendorszakszervezet-rendorhiany-krsz-interju/
80f281676a3b1010499c80a746816717ae2e1b24d67709a130725f06ff96437e,2026-04-09 04:38:49.291763+00:00,hu,24.hu,24.hu,2026-04-09,"Beugratós történelmi kvíz: tudod, melyik esemény történt előbb?",https://24.hu/szorakozas/2026/04/09/tortenelmi-kviz-melyik-esemeny-volt-elobb/
543218a9c17e6a3399a78ca1a505e29aa32f9cb778cbe899a7472d3ecbc8c075,2026-04-09 04:38:15.852959+00:00,hu,24.hu,24.hu,2026-04-09,Heti Hetes kvíz: mennyire emlékszel a legendás magyar talk show-ra?,https://24.hu/elet-stilus/2026/04/09/heti-hetes-kviz-magyar-talkshow/
74895c8b8d55e84031664b7a0e900c7aa46efe5399ebd3a81e817af6e113cf3e,2026-04-09 04:38:05.245267+00:00,hu,24.hu,24.hu,2026-04-09,Mennyit hallottál a leghajmeresztőbb összeesküvés-elméletekről?,https://24.hu/elet-stilus/2026/04/09/kviz-hajmereszto-hihetetlen-osszeeskuves-elmelet/
aec6ad5797379a50b01314c52b69140b75aac5a394f92638d1f9cc8e4e1893fc,2026-04-09 04:37:36.174833+00:00,hu,24.hu,24.hu,2026-04-09,Milyen gyakran kell lecserélni a WC-kefét?,https://24.hu/otthon/2026/04/09/wc-kefe-cserelese/
939a5294ddedc14ef68a760a1a09f951f2d06bc788aab0f28f65455f40291891,2026-04-09 03:18:00.084767+00:00,hu,24.hu,24.hu,2026-04-09,"Arne Slot: Szerencsések vagyunk, hogy 2-0-ra kaptunk ki",https://24.hu/sport/foci/2026/04/09/bajnokok-ligaja-psg-liverpool-arne-slot-nyilatkozat/
84ead562382e0f854af55d979c332dd6971d71bc553fc90bca1df94c0da4d7c9,2026-04-09 03:17:20.830332+00:00,hu,24.hu,24.hu,2026-04-09,Ezért lett öngyilkos a híres betyár,https://24.hu/tudomany/2026/04/09/betyar-ongyilkossag-dunantul-tortenelem/
b129947feb2b0c3eaae770650a7ae2dbd865d2402ae6cbd1e6a60afeae913631,2026-04-09 03:17:11.198291+00:00,hu,24.hu,24.hu,2026-04-09,Húszcentis római csontpéniszt találtak Hollandiában,https://24.hu/tudomany/2026/04/09/penis-romai-hollandia-regeszet/
d0dd6e890b4bd8d2350f1828f24db0d85f1d2eea876383da798bd5642f2e4d73,2026-04-08 23:38:12.123405+00:00,hu,24.hu,24.hu,2026-04-09,Spórolási tippek az ALDI-ban!,https://24.hu/belfold/2026/04/09/sporolasi-tippek-az-aldi-ban/
c3373e4f902aef63a8a0d778151096a9e33042626f64f14a3d71c6d7d34a6a6c,2026-04-08 22:37:07.695307+00:00,hu,24.hu,24.hu,2026-04-08,"Párizsba utazott a Liverpool, hogy betolja a buszt, de így is rommá verte játékban a BL-címvédő",https://24.hu/sport/foci/2026/04/08/parizsba-utazott-a-liverpool-hogy-betolja-a-buszt-de-igy-is-romma-verte-jatekban-a-bl-cimvedo/
6ae404805cbb9ebfe334104a2efd69143e87b6b75db1feea490941cbe70b6811,2026-04-08 22:25:50.345595+00:00,hu,444.hu,444.hu,2026-04-08,Z. Kárpát Dániel sem indul a választáson,https://444.hu/2026/04/08/z-karpat-daniel-sem-indul-a-valasztason?utm_source=rss_feed&utm_medium=rss&utm_campaign=rss_syndication
d4d26174bf4f4826e088a755cafbc0e4f80d3ca6c7e648192fe4d79d299b46f2,2026-04-08 22:25:15.669969+00:00,hu,444.hu,444.hu,2026-04-08,15 évre ítélték Matthew Perry dealerjét,https://444.hu/2026/04/08/15-evre-iteltek-matthew-perry-dealerjet?utm_source=rss_feed&utm_medium=rss&utm_campaign=rss_syndication
4f47bbdf531ac2ebbc83e8e9dbccb8b3fa0af79f6be20e655fecad74045c514b,2026-04-08 22:25:01.216184+00:00,hu,444.hu,444.hu,2026-04-08,A Fidesz minden szavazatért lehajol: buzizás és rúzsos seggűzés élőben a köztévében,https://444.hu/2026/04/08/a-fidesz-minden-szavazatert-lehajol-buzizas-es-ruzsos-segguzes-eloben-a-kozteveben?utm_source=rss_feed&utm_medium=rss&utm_campaign=rss_syndication
85a70a8231c9dd2ffe826a21d5120c12f3cc099efadd068f228b852840c256c4,2026-04-08 22:24:51.930002+00:00,hu,444.hu,444.hu,2026-04-08,Feladni soha nem fogja – Orbán Viktor Sopronban,https://444.hu/2026/04/08/feladni-soha-nem-fogja-orban-viktor-sopronban?utm_source=rss_feed&utm_medium=rss&utm_campaign=rss_syndication
b32ec5a18398b26f2d5ca4cf71d954c9a3b81fc2de54af963616f58ac0ae4e52,2026-04-08 22:24:29.257461+00:00,hu,444.hu,444.hu,2026-04-08,Még életében emlékdomborművet kapott Korda György,https://444.hu/2026/04/08/meg-eleteben-kapott-emlekdombormuvet-korda-gyorgy?utm_source=rss_feed&utm_medium=rss&utm_campaign=rss_syndication
2ffd276926dc1195c5171e7bd14c5518ae230181f2dacdc6156596b05843a8fa,2026-04-08 21:29:00.973862+00:00,hu,24.hu,24.hu,2026-04-08,"Volt titkosszolgálati tiszt: Politikai célokra használták az AH-t, maffiarendszer működött a végrehajtóknál",https://24.hu/belfold/2026/04/08/vegrehajtok-ah-sebok-krisztian-titkosszolgalat-interju/
92060c85dbad0eb1125859ccb4a30ad1bf28dd85b95a6cecb6e11b6e5c6938e5,2026-04-08 21:27:26.745655+00:00,hu,24.hu,24.hu,2026-04-08,27 milliárdba került volna a csádi misszió,https://24.hu/belfold/2026/04/08/27-milliard-forint-csadi-missziot/
29f3e8b019a4868dd52f3b1ebd46e6a5342f099024dfb6581f20f8be37293d13,2026-04-08 20:35:09.183893+00:00,hu,24.hu,24.hu,2026-04-08,A nap legfontosabb hírei 2026. április 8-án,https://24.hu/belfold/2026/04/08/napi-hirosszefoglalo-2026-04-08/
8110f2383f75fbf9d1944775e35182a0088f01470dc1b060caeeb1d34b34f091,2026-04-08 20:34:17.960593+00:00,hu,24.hu,24.hu,2026-04-08,JD Vance alelnök vezeti az Iránnal tárgyaló amerikai delegációt szombaton,https://24.hu/kulfold/2026/04/08/jd-vance-alelnok-vezeti-az-irannal-targyalo-amerikai-delegaciot-szombaton/
b8b6bd8833ada79cbb9bbc994817e70b3252293fdf0f5cecc3651d9413897ff6,2026-04-08 20:34:01.841995+00:00,hu,24.hu,24.hu,2026-04-08,"Az emberölésnek nincs romantikája"" – a magyar true crime-ról beszélgettünk a BŰNtények Podcast alkotójával",https://24.hu/kultura/2026/04/08/szatmari-peter-buntenyek-podcast-interju/
6947ec04a2d94287581c3f659e83c66b9767a6b388c26aa640bcda16196ede61,2026-04-08 20:33:48.744558+00:00,hu,24.hu,24.hu,2026-04-08,Rejtőzködnek a tanúként beidézett győri fideszes politikusok a helyi kukáscég volt ügyvezetőjének büntetőügyében,https://24.hu/belfold/2026/04/08/gyor-per-rejtozkodo-fideszesek/
82d7bd7764d77562da42d5a47ef9b838438ec1f26d9d14c2c553af48e89522bd,2026-04-08 20:32:50.173202+00:00,hu,24.hu,24.hu,2026-04-08,Magyar Nagykanizsán rekord-győzelemről beszélt,https://24.hu/belfold/2026/04/08/magyar-peter-nagykanizsan/
4baa527240568a9bb39e12c9e90446e3ce61e34a34f46a203e9171ed8c6de859,2026-04-08 20:32:45.585715+00:00,hu,24.hu,24.hu,2026-04-08,"Nagyon észnél kellett lennie a hajrában, de továbbjutott a szegedi kézilabdacsapat a BL-ben",https://24.hu/sport/2026/04/08/nagyon-esznel-kellett-lennie-a-hajraban-de-tovabbjutott-a-szegedi-kezilabdacsapat-a-bl-ben/
ab1869da921f159c99bc005f84b426472024f988eba9458ebf5782a5d311ea96,2026-04-08 19:33:31.234672+00:00,hu,24.hu,24.hu,2026-04-08,BL-negyeddöntő: Paris Saint-Germain – Liverpool 1-0,https://24.hu/sport/foci/2026/04/08/bajnokok-ligaja-negyeddonto-psg-liverpool-barcelona-atletico-madrid/
239b2fbd571257a5dc88b30956398900e1df50fd1cbca8e9d3fe8ca153a799dd,2026-04-08 19:25:44.228403+00:00,hu,24.hu,24.hu,2026-04-08,Jól bevált helyen tartja az eredményváróját a Fidesz,https://24.hu/belfold/2026/04/08/fidesz-eredmenyvaro-balna-2026/
2134623d6fbc3f4f05976287a045eabb82be953a02168eeeb1104d67260e01c0,2026-04-08 19:25:39.331702+00:00,hu,24.hu,24.hu,2026-04-08,Orbán: Az amerikai alelnök látogatása cáfolja az oroszbarátságról szóló ostoba gyanúsítgatásokat,https://24.hu/belfold/2026/04/08/orban-vance-oroszok-orszagjaras-sopron/
f750993dd7200eaf8abe4b43a3fb9d46da169f8933106e03d0c245246a26feba,2026-04-08 19:24:43.809607+00:00,hu,24.hu,24.hu,2026-04-08,"Ne bontsunk pezsgőt, nagyon messze vannak az álláspontok továbbra is"" – Sárközy Miklós az iráni tűzszünetről",https://24.hu/kulfold/2026/04/08/iran-usa-izrael-tuzszunet-elemzes-sarkozy-miklos/
75df7536ab25110ab82146a853aa8bed30bde778ad5d8865b0e8ee7a16f1a771,2026-04-08 19:24:26.202199+00:00,hu,24.hu,24.hu,2026-04-08,A selejtező mérkőzések után hét válogatott futballista elszökött,https://24.hu/sport/foci/2026/04/08/afrikai-foci-eritrea-het-jatekos-megszokott/
11f2a2843ebf70ff5b1f203377ab7513ef9a584b4fdf9500de7e9cfe4bad6162,2026-04-08 19:24:18.258492+00:00,hu,24.hu,24.hu,2026-04-08,"Majka nem lesz ott Puzsérék Rendszerbontó Nagykoncertjén, visszautasította a felkérést",https://24.hu/elet-stilus/2026/04/08/puzser-robert-rendszerbonto-nagykoncert-majka/
6a2b75032564d36da374e284cf3019c9fe365b2638eb3316c902f63b9f522585,2026-04-08 19:24:11.131722+00:00,hu,24.hu,24.hu,2026-04-08,Az Oscsadbank szerint a NAV meghamisította a bizonyítékként közétett videót,https://24.hu/belfold/2026/04/08/oscsadbank-nav-meghamisitotta-videot/
c4ede3a368ded5111cf514287c2d5aa5b790f3e9064dfbb53537526d403329a7,2026-04-08 18:38:53.768646+00:00,hu,444.hu,444.hu,2026-04-08,"Vance nem gondolja, hogy az USA beleavatkozna a magyar választásokba",https://444.hu/2026/04/08/vance-nem-gondolja-hogy-az-usa-beleavatkozna-a-magyar-valasztasokba?utm_source=rss_feed&utm_medium=rss&utm_campaign=rss_syndication
c108cd3144797b029668ecebca0d3ca276e5677cff102ca61f1fa58229c600f8,2026-04-08 18:38:48.800383+00:00,hu,444.hu,444.hu,2026-04-08,Az ukrán pénzszállítók ügyvédje szerint a NAV egy 2023-as videóval akar igazolni egy 2025-ös ügyet,https://444.hu/2026/04/08/az-ukran-penzszallitok-ugyvedje-szerint-a-nav-egy-2023-as-videoval-akar-igazolni-egy-2025-os-ugyet?utm_source=rss_feed&utm_medium=rss&utm_campaign=rss_syndication
919e2ed2474daebde0956ba80288d5e0df613944baecb697e25931235e4a0224,2026-04-08 18:38:42.596412+00:00,hu,444.hu,444.hu,2026-04-08,13 nyilvános beszéd 1-gyel szemben: ennyire másként hajrázik a kampányban Magyar és Orbán,https://444.hu/2026/04/08/13-nyilvanos-beszed-1-gyel-szemben-ennyire-maskent-hajrazik-a-kampanyban-magyar-es-orban?utm_source=rss_feed&utm_medium=rss&utm_campaign=rss_syndication
4b63cfa5a279caac0d6cb5c8d116da2ab6d0e25c794d9d4db9e74cda4cb76250,2026-04-08 18:38:37.617969+00:00,hu,444.hu,444.hu,2026-04-08,"Orbán Balázs attól fél, hogy az ellenzék nem fogja elfogadni a választási vereséget",https://444.hu/2026/04/08/orban-balazs-attol-fel-hogy-az-ellenzek-nem-fogja-elfogadni-a-valasztasi-vereseget?utm_source=rss_feed&utm_medium=rss&utm_campaign=rss_syndication
d1022f6fc7322e033d7959c01354b129773593d657b704f4354374f6fb8c21e8,2026-04-08 18:38:32.483397+00:00,hu,444.hu,444.hu,2026-04-08,A Sátán prófétájának végnapjai címmel írt eszkatologikus próféciát a Békemenet főszervezője,https://444.hu/2026/04/08/a-satan-profetajanak-vegnapjai-cimmel-irt-eszkatologikus-profeciat-a-bekemenet-foszervezoje?utm_source=rss_feed&utm_medium=rss&utm_campaign=rss_syndication
c23b6f884d5f47a44d433fbee6986eaf72c6682d49432ce0972ce009a8d9b262,2026-04-08 18:38:12.092874+00:00,hu,444.hu,444.hu,2026-04-08,"Jogerősen elítéltek két vádlottat a túlárazott pécsi buszvásárlás ügyében, aminek még az utolsó perbeszédében is előkerült a fideszes Bánki Erik neve",https://444.hu/2026/04/08/volvogate-pecsi-itelotabla-jogeros-itelet-gazdasagi-csalas-penzmosas-pecs-tuke-busz-csizi-peter-banki-erik-pava-zsolt?utm_source=rss_feed&utm_medium=rss&utm_campaign=rss_syndication
531e3578b65b059902da72bd6e9228ae6406f1a3a28e87cfd607a51017ceb1eb,2026-04-08 18:38:06.696011+00:00,hu,444.hu,444.hu,2026-04-08,"Orbán Viktor csapata győzelemre játszik, csak félórája nem veszik észre, hogy véletlenül 90 fokkal elforgatva tették ki hozzá a videót",https://444.hu/2026/04/08/orban-viktor-csapata-gyozelemre-jatszik-csak-feloraja-nem-veszik-eszre-hogy-veletlenul-90-fokkal-elforgatva-tettek-ki-hozza-a-videot?utm_source=rss_feed&utm_medium=rss&utm_campaign=rss_syndication
1a86ef02c56b1dfcced66cad285c63c9d69a543b55f831e69d5e02c0985c6ddc,2026-04-08 18:38:02.081450+00:00,hu,444.hu,444.hu,2026-04-08,"Magyar Péter beszéd közben kóstolta be az orosz propagandistát Lacházán, a tömeg pedig „ruszkik, haza!"" skandálásban tört ki",https://444.hu/2026/04/08/magyar-peter-beszed-kozben-kostolta-be-az-orosz-propagandistat-lachazan-a-tomeg-pedig-ruszkik-haza-skandalasban-tort-ki?utm_source=rss_feed&utm_medium=rss&utm_campaign=rss_syndication
91afc9e6dc418486a373e8a83fb031876b4a4e51c2d0054acc57d168e2729a55,2026-04-08 18:37:56.930245+00:00,hu,444.hu,444.hu,2026-04-08,"„Olyanokkal is találkozunk, akik még nem is hallottak a Mi Hazánkról”",https://444.hu/2026/04/08/olyanokkal-is-talalkozunk-akik-meg-nem-is-hallottak-a-mi-hazankrol?utm_source=rss_feed&utm_medium=rss&utm_campaign=rss_syndication
9ec8d1bafb6d2f6dc7c1a5f2b2ab33b3cbf283f7ad5ebbfe2be68c0d45c3d62f,2026-04-08 18:37:52.062906+00:00,hu,444.hu,444.hu,2026-04-08,"J.D. Vance egy nappal tovább marad Budapesten, szerdán és csütörtökön is lezárások lesznek",https://444.hu/2026/04/08/jd-vance-egy-nappal-tovabb-marad-budapesten-szerdan-es-csutortokon-is-lezarasok-lesznek?utm_source=rss_feed&utm_medium=rss&utm_campaign=rss_syndication
f2bde72cf59faa75bb74e44574b3ba9ef6eef323ae8b211381e20ad7f72f95f9,2026-04-08 18:37:42.117104+00:00,hu,444.hu,444.hu,2026-04-08,A Kreml szerint a kiszivárgott Orbán-Putyin beszélgetés „a magyar miniszterelnök mellett szóló érv”,https://444.hu/2026/04/08/a-kreml-szerint-a-kiszivargott-orban-putyin-beszelgetes-a-magyar-miniszterelnok-mellett-szolo-erv?utm_source=rss_feed&utm_medium=rss&utm_campaign=rss_syndication
f9b18f68b39d55416531450b7dcb042624222841ca488f99e1d3366c0764e517,2026-04-08 18:37:36.832652+00:00,hu,444.hu,444.hu,2026-04-08,"Bár a kormány szerint szó sincs csádi misszióról, tavaly novemberben még több mint 27 milliárdos költséggel számolt a Honvédelmi Minisztérium csak 2026-ra",https://444.hu/2026/04/08/bar-a-kormany-szerint-szo-sincs-csadi-missziorol-tavaly-novemberben-meg-tobb-mint-27-milliardos-koltseggel-szamolt-a-honvedelmi-miniszterium-csak-2026-ra?utm_source=rss_feed&utm_medium=rss&utm_campaign=rss_syndication
0d52d72b90ffbaa68ca327f5b34ed688dd2edb0ccf8897d364f2db75fb54a5b2,2026-04-08 18:37:26.761370+00:00,hu,444.hu,444.hu,2026-04-08,"Vitézy: „Nem ma kezdődött, hogy az orosz érdek felülírta a magyar közérdeket”",https://444.hu/2026/04/08/vitezy-nem-ma-kezdodott-hogy-az-orosz-erdek-felulirta-a-magyar-kozerdeket?utm_source=rss_feed&utm_medium=rss&utm_campaign=rss_syndication
1a8b00edb6cf2e2b05e8cf02d8475d8496786e7066d6597f4b21f6f3c02b466c,2026-04-08 18:37:20.758369+00:00,hu,444.hu,444.hu,2026-04-08,Kampányhajrá és világpolitika a Hormuzi-szoros felszabadításától az elfuserált szerbiai bombaügyig,https://444.hu/2026/04/08/kampanyhajra-es-vilagpolitika-a-hormuzi-szoros-felszabaditasatol-az-elfuseralt-szerbiai-bombaugyig?utm_source=rss_feed&utm_medium=rss&utm_campaign=rss_syndication
cced998304a0b6332f32224b95840324d3f7eb55f31b5dc3ac28f4b1e2306b07,2026-04-08 18:37:10.541677+00:00,hu,444.hu,444.hu,2026-04-08,"„Az emberek azt hiszik, hogy a miniszterelnök mindent el tud intézni, de a valóságban ez nem így van” – mondta Orbán Viktor a Blikknek",https://444.hu/2026/04/08/az-emberek-azt-hiszik-hogy-a-miniszterelnok-mindent-el-tud-intezni-de-a-valosagban-ez-nem-igy-van-mondta-orban-viktor-a-blikknek?utm_source=rss_feed&utm_medium=rss&utm_campaign=rss_syndication
1f6b1ad81c377d2eea293d94a3c5a7b0af9b03dc35e56870c5a60537ca41bd7f,2026-04-08 18:37:05.657922+00:00,hu,444.hu,444.hu,2026-04-08,"Szijjártó minden segítséget felajánlott Iránnak egy újabb, a Washington Postban publikált lehallgatási jegyzőkönyv szerint",https://444.hu/2026/04/08/szijjarto-minden-segitseget-felajanlott-irannak-egy-ujabb-a-washington-postban-publikalt-lehallgatasi-jegyzokonyv-szerint?utm_source=rss_feed&utm_medium=rss&utm_campaign=rss_syndication
ff6f6c23970f68ee19a3ce20c96b16d522a80829d524bf153ca272bc97f097d1,2026-04-08 18:37:00.774459+00:00,hu,444.hu,444.hu,2026-04-08,"A Médiahatóság nem tesz semmit a közösségi médiát elárasztó álhírek és kampánymanipuláció ellen, pedig lennének eszközei",https://444.hu/2026/04/08/a-mediahatosag-nem-tesz-semmit-a-kozossegi-mediat-elaraszto-alhirek-es-kampanymanipulacio-ellen-pedig-lennenek-eszkozei?utm_source=rss_feed&utm_medium=rss&utm_campaign=rss_syndication
1adc322876dfe39dc79e39676c4d6fc34d206e3205ed318ff0ef93a46adef949,2026-04-08 18:36:57.250779+00:00,hu,444.hu,444.hu,2026-04-08,"Felfüggesztett börtönt kért az ügyészség a borsodi fiatalra, aki 46 iskolában idézett elő bombariadót",https://444.hu/2026/04/08/felfuggesztett-bortont-kert-az-ugyeszseg-a-bordosi-fiatalra-aki-46-iskolaban-idezett-elo-bombariadot?utm_source=rss_feed&utm_medium=rss&utm_campaign=rss_syndication
647655694a4da7891e40943444419df4be237f8112ed3e2a24ce2d18a5f59d91,2026-04-08 18:36:41.350419+00:00,hu,444.hu,444.hu,2026-04-08,"„Akikkel Te most közösséget vállalsz, azok szemében Te éppen ugyanolyan NER-es tolvaj, bűnöző vagy, mint mi” – Nagy János Wáberernek",https://444.hu/2026/04/08/akikkel-te-most-kozosseget-vallalsz-azok-szemeben-te-eppen-ugyanolyan-ner-es-tolvaj-bunozo-vagy-mint-mi-nagy-janos-waberernek?utm_source=rss_feed&utm_medium=rss&utm_campaign=rss_syndication
9bb6537f0fcaebc4cbc31cc92e49efe3539b1daf730382d9c4973030b92a3b30,2026-04-08 18:36:24.670915+00:00,hu,444.hu,444.hu,2026-04-08,"A másik, fideszes Magyar Péter szabálytalan plakátjai lepték el Kőszeget, pedig eddig nem kampányolt",https://444.hu/2026/04/08/a-masik-fideszes-magyar-peter-szabalytalan-plakatjai-leptek-el-koszeget-pedig-eddig-nem-kampanyolt?utm_source=rss_feed&utm_medium=rss&utm_campaign=rss_syndication
7caaa53707351e59e745aa1b57a7121de50e4a39407c5494ab16db7b53e43ad5,2026-04-08 18:36:19.909675+00:00,hu,444.hu,444.hu,2026-04-08,"Két kézzel fogsz karlendíteni, ha megtudod, mi volt az a szám, amire Orbán a kocsijában mulatott: a Vadhajtások kampánydala",https://444.hu/2026/04/08/ket-kezzel-fogsz-karlenditeni-ha-megtudod-mi-volt-az-a-szam-amire-orban-a-kocsijaban-mulatott-a-vadhajtasok-kampanydala?utm_source=rss_feed&utm_medium=rss&utm_campaign=rss_syndication
85997edb2f93ecdc8e81a67729602a0492059f56af0a8ac13b9c8342fa904ef8,2026-04-08 18:36:16.885995+00:00,hu,444.hu,444.hu,2026-04-08,"Két újabb, a magyar választásokat célzó hálózatot törölt a TikTok",https://444.hu/2026/04/08/ket-ujabb-a-magyar-valasztasokat-celzo-halozatot-torolt-a-tiktok?utm_source=rss_feed&utm_medium=rss&utm_campaign=rss_syndication
0cfd34897c669799dfb45f9fdfce385108d63e3893dd3cedc2f4a2cd5f1eb3a7,2026-04-08 18:20:24.755979+00:00,hu,24.hu,24.hu,2026-04-08,"Nullára verték a világ tizedik legjobb teniszezőjét, hétszer verte szét az ütőjét dühében",https://24.hu/sport/2026/04/08/monte-carlo-danyiil-medvegyev-het-szettort-uto-matteo-berrettini/
45bc1589da90d6d755c81067e8bcf4e1aea75cfbf107a528bc7521562ec04ffe,2026-04-08 17:39:17.448610+00:00,hu,24.hu,24.hu,2026-04-08,Ilyen fát inkább ne ültessünk a házunk közelébe,https://24.hu/otthon/2026/04/08/fugefa-ultetese-haz-kozelebe/
12f162f6a321198b2d9682a7246d7cae7ac5a21672eec54dbc3374f5b84e6570,2026-04-08 17:38:42.806276+00:00,hu,24.hu,24.hu,2026-04-08,Visszalép a képviselőjelöltségtől Z. Kárpát Dániel,https://24.hu/belfold/2026/04/08/z-karpat-daniel-visszalepes-valasztas-2026/
03cb3ef28d28b4b61dc9e2e4cdff7222c43e80954772fd87276ebaf519840a05,2026-04-08 17:38:10.050228+00:00,hu,24.hu,24.hu,2026-04-08,"Magyar ""lenyúlta"" Orbán idézetét Kaposváron",https://24.hu/belfold/2026/04/08/magyar-peter-kaposvaron-talan-soha-nem-neztunk-ki-ilyen-jol/
438aefc0c65b137f8f7e9cb159e0bed1060a21b41413f71f9c732f091102d565,2026-04-08 17:21:52.506748+00:00,hu,24.hu,24.hu,2026-04-08,„A pályán meghalni lenne a legnagyszerűbb dolog” – a futballvilág siratja a forradalmi innovációval előrukkoló Mircea Lucescut,https://24.hu/sport/foci/2026/04/08/a-futballvilag-siratja-mircea-lucescut-portre/
8fbcb35541f8d4afff895d2faba99bd2a7dfb33122c4bad5267524401f1f0116,2026-04-08 17:21:47.490353+00:00,hu,24.hu,24.hu,2026-04-08,Nagy a torlódás az M1-esen,https://24.hu/belfold/2026/04/08/torlodas-m1-es/
919951658f45cf4bf2bda2574fb44a5d509be80cc556fc7edfc51afd551a02af,2026-04-08 17:20:32.955551+00:00,hu,24.hu,24.hu,2026-04-08,"Árpa Attila üzent azoknak, akiket megzsaroltak vagy pénzt ajánlottak a szavazatukért",https://24.hu/elet-stilus/2026/04/08/arpa-attila-2026-valasztas-szavazas-zsarolas-tanacs/
0861d37086c21ed06f373664bb357d6197da278ba9ed9fbde152782f82f34ed6,2026-04-08 16:47:32.807887+00:00,hu,24.hu,24.hu,2026-04-08,"Csak Orbánt fel ne hozza, mert itt hányom el magam""",https://24.hu/belfold/2026/04/08/orban-valasztas-2026-edeleny-kazincbarcika/
20e3d779100eeec508dbe452dcce671c0bd8fc57a6a6c3ed916b3ffd882dc94a,2026-04-08 16:20:10.138328+00:00,hu,24.hu,24.hu,2026-04-08,Trump 50 százalékos büntetővámot jelentett be az Iránnak fegyvereket szállító országokra,https://24.hu/kulfold/2026/04/08/trump-50-szazalekos-buntetovamot-jelentett-be-az-irannak-fegyvereket-szallito-orszagokra/
88f541a4aa426458203c2b70f830652e8ab60c3168934294828c62716868b470,2026-04-08 16:19:40.165219+00:00,hu,24.hu,24.hu,2026-04-08,A DVSC közleményt adott ki a stadionon kívül maradt Fradi-szurkolókkal kapcsolatban,https://24.hu/sport/foci/2026/04/08/nb1-debrecen-ferencvaros-szurkoloi-csoportok-kozlemeny/
6b8c3e236d1411c693a8b15cafc86698f3f712f3d165c7a42fd2a6a2a9b36b4d,2026-04-08 16:19:30.258238+00:00,hu,24.hu,24.hu,2026-04-08,Caramel Nagy Ervin oldalán állt ki a Tisza Párt mellett,https://24.hu/elet-stilus/2026/04/08/caramel-nagy-ervin-tisza-part-kiallas/
28bdb78219afc5775aea22e4cf35c45d6d7e5c34ef3a6aa3e67bbbc33e39a66e,2026-04-08 16:19:25.252679+00:00,hu,24.hu,24.hu,2026-04-08,Leárulózta Wáberer Györgyöt a Miniszterelnöki Irodát vezető államtitkár,https://24.hu/belfold/2026/04/08/nagy-janos-allamtitkar-arulo-waberer-elso-szavazok/
c46f77c2ccfb0482a90f66fd236a57086b7ed60afcb6a8004fad5ab1d60dcf46,2026-04-08 16:19:19.450864+00:00,hu,24.hu,24.hu,2026-04-08,Továbbra is zárva a Hormuzi-szoros,https://24.hu/kulfold/2026/04/08/tovabbra-is-zarva-a-hormuzi-szoros/
2a0d6097663a5330941e8a9c626ea1bb08fe7b07fc0c686d039a644bc9b08ed5,2026-04-08 16:19:02.518340+00:00,hu,24.hu,24.hu,2026-04-08,"Odavolt a gumicukorért az óvodákra és iskolákra szakosodó tolvaj, ha tudott, meg is vacsorázott",https://24.hu/belfold/2026/04/08/ovoda-iskola-tolvaj-gumicukor/
d5b67f1c077ea4f8d31ee91b6666a5c704558c2d102d0f3dde020338dac760d6,2026-04-08 15:29:54.624314+00:00,hu,444.hu,444.hu,2026-04-08,"Az USA és Irán is győzelemnek tekinti a tűzszünetet, de a nagy kérdés, hogy mi jön majd ezután",https://444.hu/2026/04/08/az-usa-es-iran-is-gyozelemnek-tekinti-a-tuzszunetet-de-a-nagy-kerdes-hogy-mi-jon-majd-ezutan?utm_source=hirstart&utm_medium=referral&utm_campaign=ct
c0509109845001f42462d7a79f41e49c2575ce6951c15f60ea825d7cff75d1ca,2026-04-08 15:20:55.692717+00:00,hu,24.hu,24.hu,2026-04-08,Elek Gábor csapata az EL-döntőben találkozhat magyarokkal felálló Thüringerrel,https://24.hu/sport/2026/04/08/europa-liga-negyes-donto-sorsolas-esztergom/
c2a5999ef219b960ebed662db46d84cc81e0a3ec0610c522838fb346f57f1525,2026-04-08 15:20:30.306060+00:00,hu,24.hu,24.hu,2026-04-08,"Orbán: Úgy tudjuk, hogy nyerésben vagyunk",https://24.hu/belfold/2026/04/08/valasztas-2026-orban-felmeres-szamok-fidesz/
3a7a6b0b8d78a9fc85200d1828c61f47e45c37c96883071274a43dde8c7f31f4,2026-04-08 15:20:13.954475+00:00,hu,24.hu,24.hu,2026-04-08,"„A hét végére börtönbe kerültök” – ellopták Cardi B hitelkártyáját, a rapper a tolvajoknak üzent",https://24.hu/kultura/2026/04/08/cardi-b-hitelkartyacsalas-lopas/
4c07ba231d2cbcdf569810ebc7e819e4d8d59e855592b8b7e53ac0b5133441c3,2026-04-08 15:19:56.230798+00:00,hu,24.hu,24.hu,2026-04-08,Szijjártó Péter segítséget ajánlott Iránnak a csipogós támadások után – sajtóértesülés,https://24.hu/kulfold/2026/04/08/szijjarto-iran-segitseg-csipogok-hezbollah-wapo-ertesules/
377b8ee9a281a5459a1d8d395314557b5efdc0b0e651395d3557b8198dda3d5d,2026-04-08 15:19:51.939860+00:00,hu,24.hu,24.hu,2026-04-08,Komoly következményekkel járhat a szarvasagancs gyűjtése,https://24.hu/tudomany/2026/04/08/agancs-gyujtes-szarvas-magyarorszag/
89b7c203e350e82d405fbdd0b123e902352c356e064f188ff642d9fe81127d8c,2026-04-08 15:19:46.575815+00:00,hu,24.hu,24.hu,2026-04-08,"Hiába a tűzszünet, folytatódtak az iráni támadások Kuvait, az Emírségek és Bahrein ellen",https://24.hu/kulfold/2026/04/08/hiaba-a-tuzszunet-folytatodtak-az-irani-tamadasok-kuvait-az-emirsegek-es-bahrein-ellen/
d4d02888af713882adb7e247d914950c907d2207e8e22f2bdd4fe8ac80a8ee75,2026-04-08 15:19:05.203633+00:00,hu,24.hu,24.hu,2026-04-08,Magyar: lépjen vissza a két csaló Fidesz-jelölt,https://24.hu/belfold/2026/04/08/magyar-peter-fidesz-debrecen-visszalepes/
27efc90a0e6e6047a6e7a27b60b9f8e36a64b922ab89dc0092b4862abf580db6,2026-04-08 15:19:00.298496+00:00,hu,24.hu,24.hu,2026-04-08,"Kiara Lord elmondta, mi idegesíti a legjobban Ázsia expresszes csapattársában",https://24.hu/elet-stilus/2026/04/08/azsia-expressz-kiara-lord-david-petra-idegesito-szokas/
4ad918d3801e34fef63e28c005304e301bdd802268b9fcd764b8c75ff06b86d5,2026-04-08 15:18:57.666415+00:00,hu,444.hu,444.hu,2026-04-08,"Újabb kipakoló rendőr: Az NNI kiberbűnözés elleni osztályának ajtajára kódolva írták ki, hogy „Fuck Orbán, Fuck Putyin""",https://444.hu/2026/04/08/ujabb-kipakolo-rendor-az-nni-kiberbunozes-elleni-osztalyanak-ajtajara-kodolva-irtak-ki-hogy-fuck-orban-fuck-putyin?utm_source=hirstart&utm_medium=referral&utm_campaign=ct
8fe829e78468d91237f684ec12399ad0e15af3cf623e1ec181ee673e659317b2,2026-04-08 14:20:19.134862+00:00,hu,24.hu,24.hu,2026-04-08,"Mészáros Lőrinc ""megúszta"", nem lett semmi a Lázár János által ígért szigorú elszámoltatásból",https://24.hu/belfold/2026/04/08/r-kord-meszaros-lorinc-lazar-janos-alvallalkozok/
3178b5448646c2404fe2002723a7aac9244e33a627afd1110c9033b5a5ec308c,2026-04-08 14:20:14.409691+00:00,hu,24.hu,24.hu,2026-04-08,Holtan találtak egy fiatal magyar férfit Grönlandon,https://24.hu/belfold/2026/04/08/gronland-meghalt-magyar-ferfi/
2ed5ac0983742f2a2ad95b888095f777ef36f6735605b40b72996ae49d169adf,2026-04-08 14:19:58.838496+00:00,hu,24.hu,24.hu,2026-04-08,Nagyon hasznos frissítést kapnak az elmúlt évek Samsung tévéi,https://24.hu/tech/2026/04/08/samsung-teve-google-cast-frissites/
74f69f47304d907e5fb05e39c20b7f89300c73e88a0c30b8fe9ecc28143d9acf,2026-04-08 14:19:51.949506+00:00,hu,444.hu,444.hu,2026-04-08,"Szijjártó Lavrovnak: „Nem éreztem úgy, hogy az európaiak nagyon boldogok lennének, tudod? És ebből éreztem, hogy a dolgok talán jól mentek”",https://444.hu/2026/04/08/szijjarto-lavrovnak-nem-ereztem-ugy-hogy-az-europaiak-nagyon-boldogok-lennenek-tudod-es-ebbol-ereztem-hogy-a-dolgok-talan-jol-mentek?utm_source=hirstart&utm_medium=referral&utm_campaign=ct
8a71b3056e528761af5a021c6da0f5fc724471f1560af5a5c8c88dfaf1125369,2026-04-08 14:19:42.077091+00:00,hu,24.hu,24.hu,2026-04-08,"A Poco X8 Pro Max tényleg hatalmas akkumulátort kapott, és nem ez az egyetlen jó tulajdonsága",https://24.hu/tech/2026/04/08/xiaomi-poco-x8-pro-max-okostelefon-8500-mah/
48b8a49cacbf8bdfcfc03b82731bbe768eca27e7f5e744a4d76a391d44e75908,2026-04-08 14:19:35.865092+00:00,hu,24.hu,24.hu,2026-04-08,Nem akármilyen budai ingatlanban lakik Romanowski,https://24.hu/belfold/2026/04/08/halozat-budapest-lengyel-politikus/
75b0c8cfed5bd383f165020da15c24921273c0766b7b7ed0997dc9c29f4eb3df,2026-04-08 14:19:31.261112+00:00,hu,24.hu,24.hu,2026-04-08,"41 éves korában meghalt Lakatos Nikoletta, a MOME rektori kabinetfőnöke, a roma művészeti világ meghatározó alakja",https://24.hu/kultura/2026/04/08/meghalt-lakatos-nikoletta/
d55af8e81777479e99095e18fdc2a543b3d7ae09c2f05cc80baf3b23a7f7c6a2,2026-04-08 14:19:25.289370+00:00,hu,24.hu,24.hu,2026-04-08,Agyonvertek egy férfit Hejőcsabán,https://24.hu/belfold/2026/04/08/miskolc-hejocsaba-emberoles-letartoztatas/
4801f67ec915edc8bff4d5c9df413f7351c8eec5a3fe434cf6fb7b425150b1d7,2026-04-08 14:19:06.413451+00:00,hu,24.hu,24.hu,2026-04-08,Hajtóvadászatot indított a rendőrség Fajta Norbert ellen a felesége meggyilkolása miatt,https://24.hu/belfold/2026/04/08/szigethalom-emberoles-fajta-norbert-hajtovadaszat/
636921db4fca39626fe7230e5aed7c2b571aaf535a1d34dfbd1a6e45aba2ba22,2026-04-08 14:19:01.469968+00:00,hu,24.hu,24.hu,2026-04-08,"Nagy Dávid: Ebben az országban kell egy erő, amelyik nem gyáva szar",https://24.hu/belfold/2026/04/08/nagy-david-interju-mkkp-listavezeto-valasztas-2026/
0349b87789c848bf7237ec5efeecea97a4933abd3602238ef8bfb2eaa6575b01,2026-04-08 14:18:55.194952+00:00,hu,24.hu,24.hu,2026-04-08,Kiderült: nem az NGM szervezte Nagy Mártonék Fertő tavi útját,https://24.hu/belfold/2026/04/08/kiderult-nem-az-ngm-szervezte-nagy-martonek-ferto-tavi-utjat/
fb0fa1f2e2d2634a6be0526e5c0c502fbd14841e114b624303048ca8f57127d2,2026-04-08 13:21:41.142183+00:00,hu,24.hu,24.hu,2026-04-08,"Néha a jó szándékú, nyílt zsarolás a legjobb megoldás"" – újabb Szijjártó–Lavrov-beszélgetések kerültek nyilvánosságra",https://24.hu/kulfold/2026/04/08/szijjarto-peter-szergej-lavrov-vsquare/
2dbd5398f75a71f4a4f5420c314d23f2d5126fa024e97da9300a170941f3967a,2026-04-08 13:21:28.450732+00:00,hu,24.hu,24.hu,2026-04-08,"Orbán rettegett intézőembere, a Temuról rendelt Bill Gates – Rogán Antalról készített videót Lengyel Tamás",https://24.hu/kultura/2026/04/08/lengyel-tamas-rogan-antal/
c1424926357c47225bbe22845c75b0d1e1ad56dc45d108ecf4632d47a6d2fdf8,2026-04-08 13:21:20.596375+00:00,hu,24.hu,24.hu,2026-04-08,Manuel Neuer Lionel Messi magasságába ért,https://24.hu/sport/foci/2026/04/08/manuel-neuer-bayern-munchen-lionel-messi-bajnokok-ligaja-bl/
a229ec67022d5d5fd87fba75690646556ccc1cba95cd55a7e7480e629a454381,2026-04-08 13:20:44.360165+00:00,hu,24.hu,24.hu,2026-04-08,"Még több lenyűgöző fotón a Hold, ahogy még sosem láthatta",https://24.hu/tech/2026/04/08/artemis-2-kuldetes-hold-fotok-flyby/
d49ab4434331db584b7edfb2a3c3988ca9df997e7a23293de199c11d89a9c6c5,2026-04-08 13:20:32.842175+00:00,hu,24.hu,24.hu,2026-04-08,Demjén Ferenc letiltatta a Mi vagyunk a NER című paródiavideót,https://24.hu/kultura/2026/04/08/demjen-ferenc-mi-vagyunk-a-ner/
362d6235b6ee66bfae56e4c0939a3134495a2d0bf8dc791a5d0b5b0475f15a1b,2026-04-08 13:20:27.691097+00:00,hu,24.hu,24.hu,2026-04-08,A Tisza küldi a legtöbb delegáltat a választási bizottságokba,https://24.hu/belfold/2026/04/08/valasztasi-bizottsagok-delegaltak-tisza-fidesz-2026/
293231579ef6074892473d881003af888dd8605d3c84cf20dd61d39153bf5d81,2026-04-08 13:20:22.800189+00:00,hu,24.hu,24.hu,2026-04-08,Ruszin-Szendi Romulusz: Szalay-Bobrovinczky Kristófnak hálás lehet a fiatalság,https://24.hu/belfold/2026/04/08/ruszin-szendi-nyilt-level-koszonet-szalay-bobrovinczky/
23136dc752de8d80b756df17bb9da5db25a43784261a599a04fc0b47acb77bec,2026-04-08 13:20:17.799002+00:00,hu,24.hu,24.hu,2026-04-08,Kováts Eszter: Először a félelemmel kell kezdenünk valamit,https://24.hu/belfold/2026/04/08/kovats-eszter-valasztas-kampany-felelem-megosztottsag/
6643e207a8767678b9ef9db92fcb4e82d66bb6433d0a912afdbd887bf9af2d16,2026-04-08 12:20:38.754775+00:00,hu,444.hu,444.hu,2026-04-08,"Kiderült, hogy nem úgy volt Nagy Mártonék Fertő tavi kitelepülése, ahogy arról a miniszter beszélt",https://444.hu/2026/04/08/kiderult-hogy-nem-ugy-volt-nagy-martonek-ferto-tavi-kitelepulese-ahogy-arrol-a-miniszter-beszelt?utm_source=hirstart&utm_medium=referral&utm_campaign=ct
7432459c571ca3beb5c10e2f987460e7b6a1dab783c1a768172138c0a4513d4e,2026-04-08 11:45:58.528757+00:00,hu,24.hu,24.hu,2026-04-08,"Mikel Arteta: Rendkívüli, varázslatos, hihetetlen",https://24.hu/sport/foci/2026/04/08/mikel-arteta-david-raya-arsenal-sporting-lisszabon-bajnokok-ligaja-bl-bl-negyeddonto-labdarugas-foci/
67635cf90f1aae7475d56d27f0610021f6626157503fff544d71f57201b361bf,2026-04-08 11:45:41.921107+00:00,hu,24.hu,24.hu,2026-04-08,"Politico: 12 pontos együttműködési megállapodást írt alá az oroszokkal Szijjártó, az orosz nyelvű oktatás erősítése is felmerült",https://24.hu/kulfold/2026/04/08/szijjarto-peter-egyuttmukodes-megallapodas-oroszorszag-moszkva/
12e0a8078b6a35e4dbe1e7c15c658bd21a3f99c9359aed2f4287a2fc1af2c033,2026-04-08 11:45:36.591517+00:00,hu,24.hu,24.hu,2026-04-08,Az adatközpontok újabb káros hatását fedezték fel,https://24.hu/tudomany/2026/04/08/adatkozpont-homerseklet-valtozas-klima/
076db4ccc6d55e3fb320f4284ef72250d55b47d1356ab56d1bd4331d7da99729,2026-04-08 11:44:01.615255+00:00,hu,444.hu,444.hu,2026-04-08,A Medián biztos kétharmadot jósol a Tiszának,https://444.hu/2026/04/08/a-median-sima-ketharmadot-josol-a-tiszanak?utm_source=hirstart&utm_medium=referral&utm_campaign=ct
7a582b25954f137700057d1d74687e41e502bcca4b0093a64c3bfe630d802512,2026-04-08 11:42:47.038398+00:00,hu,atlatszo.hu,atlatszo.hu,2026-04-08,"„Ez már nem szórás, ez nyilvánvaló csalás” – podcast a közvélemény-kutatásokról",https://atlatszo.hu/kozugy/2026/04/08/ez-mar-nem-szoras-ez-nyilvanvalo-csalas-podcast-a-kozvelemeny-kutatasokrol/
c4bd15b29b4f8c0bee9f101c241cf180d249f7753f3607ff497bed955a24d018,2026-04-08 11:42:41.980371+00:00,hu,atlatszo.hu,atlatszo.hu,2026-04-08,Orbán nemzetközi brigadérosai a magánszférájukra hivatkozva titkolják közpénzes bevételeiket,https://atlatszo.hu/kozpenz/2026/04/08/orban-nemzetkozi-brigaderosai-a-maganszferajukra-hivatkozva-titkoljak-kozpenzes-beveteleiket/
489cf4197e26c6bd6e23e12a845afc4d91fd945b2973798d35aec5508f93b7d9,2026-04-08 11:41:49.023350+00:00,hu,atlatszo.hu,atlatszo.hu,2026-04-08,Mintavétellel igazolt olajszennyezés történt az oroszlányi hulladékfeldolgozó mellett,https://atlatszo.hu/kornyezet/2026/04/08/hatalmas-olajszennyezes-tortent-az-oroszlanyi-hulladekfeldolgozo-mellett/
8290d77784f8ec661abd29c8ab20fb12e2cfec6f192add0bb72e646039c997b6,2026-04-08 11:41:27.151813+00:00,hu,24.hu,24.hu,2026-04-08,Itt a 24.hu választási térképe: egy helyen minden fontos információ és adat,https://24.hu/belfold/2026/04/08/valasztas-2026-valasztokeruletek-jeloltek-adatok/
194eaf107b187c7fb754e09e8cf43af71f1be2e56f2fd680ab82edc858bf0780,2026-04-08 11:41:21.184201+00:00,hu,24.hu,24.hu,2026-04-08,Az eddigi legnagyobb adatlopást vitte végbe egy kínai hekker,https://24.hu/tech/2026/04/08/kina-kiberbunozes-hekker-adatlopas/
ff9855b650cdcdaf79ac4cdaeba051b5ebe9199fd6457e89c00321add3423298,2026-04-08 11:40:39.638756+00:00,hu,atlatszo.hu,atlatszo.hu,2026-04-08,Közpénzzel kitömött alapítvány prominense ad szállást a Budapestre menekült lengyel politikusnak,https://atlatszo.hu/kozpenz/2026/04/08/kozpenzzel-kitomott-alapitvany-prominense-ad-szallast-a-budapestre-menekult-lengyel-politikusnak/
37709095f95d2daa56ffae34ed3e21cd6fe77522107c5f17ebdb862308090e5f,2026-04-08 11:39:56.102481+00:00,hu,24.hu,24.hu,2026-04-08,Már itthon is lehet fizetni a Huawei jó pár okosórájával,https://24.hu/tech/2026/04/08/huawei-okosorak-erinteses-fizetes-curve-pay/
3cf72f7d90c72ab2d5c21688f90ae892f8b84f5ff341a534c4d64c0c2a96d7e0,2026-04-08 11:39:51.120002+00:00,hu,24.hu,24.hu,2026-04-08,Magyar Péter: Lehet kétharmados Tisza-győzelem is és egy nagyon gyenge győzelem is,https://24.hu/belfold/2026/04/08/magyar-peter-median-ketharmad-kalocsa/
4727c612f77ed45bf5f0e304838773fb4323891d86c6264056a2484d1eadc35b,2026-04-08 11:28:21.945518+00:00,hu,444.hu,444.hu,2026-04-08,Politico: 12 pontos tervben állapodott meg Magyarország és Oroszország a kapcsolatok erősítéséről,https://444.hu/2026/04/08/politico-12-pontos-tervben-allapodott-meg-magyarorszag-es-oroszorszag-a-kapcsolatok-erositeserol?utm_source=hirstart&utm_medium=referral&utm_campaign=ct
1ebbcdabced5212e27359f16ca4b1f87ff81ebc5b57a7971f8793b61b83a13e2,2026-04-08 10:48:06.707573+00:00,hu,24.hu,24.hu,2026-04-08,Kiloptátok a gyermekek szeméből a fényt és a jövőt – Tompa Andrea összegezte az elmúlt 16 évet,https://24.hu/kultura/2026/04/08/tompa-andrea-manifesztum-fidesz/
d0832dc2fc94a8c0aad00eca6d494e6eba8e5aa6c770e3a5423811b54633cada,2026-04-08 10:48:01.815863+00:00,hu,24.hu,24.hu,2026-04-08,"Újabb volt NNI-s rendőr tálalt ki: politikai kényszer, celebeket kiszolgáló VIP-rendőrség és koncepciós eljárások",https://24.hu/belfold/2026/04/08/nni-rendorseg-interju-politika-virag-norman-viktor/
cbfe7a4cd8e879444ecc6c847a3ab090280c159a202e225988612dcd2c4928a2,2026-04-08 10:47:56.734774+00:00,hu,24.hu,24.hu,2026-04-08,Kiégés ellen szabadsággal? Egyre több cég ismeri fel: a pihenési lehetőség biztosítása alapfeltétel,https://24.hu/elet-stilus/2026/04/08/kieges-ellen-szabadsaggal-egyre-tobb-ceg-ismeri-fel-a-pihenesi-lehetoseg-biztositasa-alapfeltetel/
8eb223f90813cb12ddf8fa4d1be3ecc5e3ff8b83cd64cfdae600606122068dc2,2026-04-08 10:47:30.222433+00:00,hu,24.hu,24.hu,2026-04-08,Folyamatosan bővül a Fidesz kamuprofil-hálózata,https://24.hu/tech/2026/04/08/troll-profilok-politika-kampany/
062d9824938e39d595ba95f4a4560dd5c9e26489aa9148a97bec522e03fcb81a,2026-04-08 10:47:24.941670+00:00,hu,24.hu,24.hu,2026-04-08,"HVG: 2051-ig szerződtek le Pintér Sándor volt államtitkárának érdekeltségével, amely az állami vízkészleten kereshet vagyonokat",https://24.hu/belfold/2026/04/08/pinter-sandor-tasnadi-laszlo-vizkeszlet-tokodaltaro/
ba0fea2075897e617f6ad169491e6c2cd35e0056cfef5814b865f8119d3a9b14,2026-04-08 10:47:20.207441+00:00,hu,24.hu,24.hu,2026-04-08,Medián: biztos kétharmados Tisza-győzelem jöhet,https://24.hu/belfold/2026/04/08/median-tisza-ketharmad-mandatumbecsles/
2c708c3a624558b4003a3380ba6ff00b4e37ddd729046c9d2d2bc386206f5a8a,2026-04-08 10:46:48.778208+00:00,hu,24.hu,24.hu,2026-04-08,"Van egy rossz hírem, uram"" – Magyar Péter az orosz propagandának üzent Kiskunlacházán",https://24.hu/belfold/2026/04/08/magyar-peter-kiskunlachaza-orszagjaras/
624eb95a935a76b0dfbe3334e174c63a64f0b5a733cd94ec0233ef0206dfc966,2026-04-08 10:46:43.598842+00:00,hu,24.hu,24.hu,2026-04-08,Harsányi Levente Vadon Janinak: Annyiszor belém álltál minden ok nélkül,https://24.hu/elet-stilus/2026/04/08/heti-hetes-vadon-jani-harsanyi-levente-komment/
f0cfb2843ea66547a61d2f1590b47c4c34a360eb7ab4ba61242166da30555989,2026-04-08 10:46:24.656811+00:00,hu,24.hu,24.hu,2026-04-08,Mbappé dühös: a Real-Bayern lefújása után történtekről alig beszélnek,https://24.hu/sport/foci/2026/04/08/kylian-mbappe-real-madrid-bayern-munchen-bajnokok-ligaja-bl-bl-negyeddonto/
1711e195dd88ceef45a125407b705dc612c216bd819a04fba3b460ee0f0c5767,2026-04-08 10:25:12.589257+00:00,hu,24.hu,24.hu,2026-04-08,"Ez volt az utolsó tanácsom Orbán Viktornak"" – Csaba László a Dellában",https://24.hu/fn/gazdasag/2026/04/08/podcast-della-csaba-laszlo-utolso-tanacs-orban-viktornak/
4cb76ada1c6d1a1e79a2d5caa8d2983f376b66df5fe22f7895b990031e4ea5a6,2026-04-08 09:44:44.146684+00:00,hu,24.hu,24.hu,2026-04-08,"Labdarúgás: Erdélyi Zsolt 4,92 másodperc alatt lőtt gólt",https://24.hu/sport/foci/2026/04/08/erdelyi-zsolt-gol-kozepkezdesbol-nagy-gol-tapioszecso-fc/
ab94689e7a524e3ffbb8e0ae9f9498f0c6dfb23d3bae85f0557771e42c0d8dfe,2026-04-08 09:44:31.821621+00:00,hu,24.hu,24.hu,2026-04-08,Meghalt Ambrus László,https://24.hu/sport/2026/04/08/ambrus-laszlo-sulyemeles-meghalt-elhunyt/
c4fd3d9f2219acf53d7787157cf9d1b9d1380f8a7285bf25d04e014a261cc405,2026-04-08 09:44:25.481793+00:00,hu,24.hu,24.hu,2026-04-08,Aubrey Plaza első gyerekét várja férje halála után egy évvel,https://24.hu/elet-stilus/2026/04/08/aubrey-plaza-elso-gyereket-varja-ferje-halala-utan-egy-evvel/
7b5ec018df9c933f151fd8be8d409730a34ef32697a3334afed5698a0ebacc24,2026-04-08 09:44:01.818315+00:00,hu,24.hu,24.hu,2026-04-08,Rácz András: Orbán Viktor porig alázta saját magát és az országot is,https://24.hu/belfold/2026/04/08/racz-andras-orban-putyin-telefonbeszelgetes-leirat/
599c2f1b7ac487ed946de1ad0d86562fbb47e64033486e5a63c5a9f172362ab0,2026-04-08 09:43:11.520618+00:00,hu,24.hu,24.hu,2026-04-08,Hobbikertészet: ezeket a különleges zöldségeket ültetik egyre többen,https://24.hu/otthon/2026/04/08/vetomag-trendek/
ad65148b87b4c0f417938a691ddc19c21dc7a03e90a21bf06bc706fb9f434df6,2026-04-08 09:42:30.682675+00:00,hu,24.hu,24.hu,2026-04-08,"Szabó Zsófi: Bármilyen szakmát megtanulok, bárhol megállom a helyem",https://24.hu/elet-stilus/2026/04/08/szabo-zsofi-hajdu-peter-penz/
1e41fca6fa67379d9bf6b037019548c33897061b440d91754999be4adb0f7083,2026-04-08 09:42:25.118720+00:00,hu,24.hu,24.hu,2026-04-08,"Pihentem én eleget"" – Halász Judit betegségéről és a visszatérésről beszélt",https://24.hu/kultura/2026/04/08/halasz-judit-vigszinhaz-betegseg/
41865b5b2ff2c4e7ecddadb39cc714d7ffc1ba2038ead98f4bbde79cf113f5e7,2026-04-08 09:42:20.869137+00:00,hu,24.hu,24.hu,2026-04-08,Privát fényképek letöltésével vádolják a Meta volt alkalmazottját,https://24.hu/tech/2026/04/08/meta-visszaeles-facebook-kiberbunozes/
67aa0729a114db8bc8af770653e8db796959b248b90792eac8c145b39ea1df92,2026-04-08 09:42:14.662142+00:00,hu,24.hu,24.hu,2026-04-08,"Aranykonvoj-ügy: videót közölt a NAV, amin szerintük az ukrán pénzszállítók papírokat hamisítanak, ügyvédjük szerint felvétel a 2023-as",https://24.hu/belfold/2026/04/08/aranykonvoj-nav-ukran-penzszallito-hamisitas-video/
a51a3c5f6a90bfb667bb25567f0482de4a1a0c5d68170a1cd4fe795a3dd9c854,2026-04-08 09:22:29.144909+00:00,hu,444.hu,444.hu,2026-04-08,Még a futókat is elküldték a Feneketlen-tótól J. D. Vance MCC-s látogatása miatt,https://444.hu/2026/04/08/meg-a-futokat-is-elkuldtek-a-feneketlen-totol-j-d-vance-mcc-s-latogatasa-miatt
d7b0b0f0aeb774e451a37cf6f2c04f9616897c7ebea97f615ef15c0c0ac61999,2026-04-08 09:22:24.037198+00:00,hu,444.hu,444.hu,2026-04-08,Három éve nem látott növekedést hozott a február a benzinkutakon,https://444.hu/2026/04/08/harom-eve-nem-latott-novekedest-hozott-a-februar-a-benzinkutakon
17fa27818dfffb85257f4bf22ad6d4575300124c2f628012ffb6f0c781cd8dd2,2026-04-08 09:21:58.526733+00:00,hu,444.hu,444.hu,2026-04-08,"Két évre ítélték a nőt, aki egy pécsi kórházban nekirontott a gyerekorvosnak",https://444.hu/2026/04/08/ket-evre-iteltek-a-not-aki-egy-pecsi-korhazban-nekirontott-a-gyerekorvosnak
f0bc04f4115120e38442d28fc316892ea64a7c15ae88a50a8851ceabdfeb5b75,2026-04-08 09:21:37.853859+00:00,hu,444.hu,444.hu,2026-04-08,Harmincezer privát fényképet tölthetett le a Facebookról a Meta volt alkalmazottja,https://444.hu/2026/04/08/harmincezer-privat-fenykepet-tolthetett-le-a-facebookrol-a-meta-volt-alkalmazottja
68e3895451351c180e3d0830f6b34c7936035ec85d72146da462a05f7b7c7260,2026-04-08 09:21:17.164661+00:00,hu,444.hu,444.hu,2026-04-08,Kanye West kitiltása miatt törölték az egész Wireless fesztivált,https://444.hu/2026/04/08/kanye-west-kitiltasa-miatt-toroltek-az-egesz-wireless-fesztivalt
2fd87ee8f872b534f8e9eaca2ab14afe9327e9ed5676e566844e3591cf85802f,2026-04-08 09:21:03.543898+00:00,hu,444.hu,444.hu,2026-04-08,Pénzmosás miatt nyomoz a NAV az ukrán pénzszállító ügyében,https://444.hu/2026/04/08/penzmosas-miatt-nyomoz-a-nav-az-ukran-penzszallito-ugyeben
8fe6311cfcdb704e184bb26cb1dbbd51a63792504512ed9035dd7318ede7db50,2026-04-08 09:20:44.454846+00:00,hu,444.hu,444.hu,2026-04-08,"150 milliós elektromos Rolls-Royce bukkant fel az MNB-botrány egyik kulcsszereplőjének cégénél, bár szerintük tévedés történt",https://444.hu/2026/04/08/150-millios-elektromos-rolls-royce-bukkant-fel-az-mnb-botrany-egyik-kulcsszereplojenek-cegenel-bar-szerintuk-tevedes-tortent
6efb418cb75bca35a4f403478133db8719f3a6f07ee2d346fd6d05bfa4eeb5f4,2026-04-08 09:20:39.918101+00:00,hu,444.hu,444.hu,2026-04-08,"Ez a 3 Gundalf-pillanat jól mutatja, hogyan reccsent meg a propagandagépezet",https://444.hu/2026/04/08/ez-a-3-gundalf-pillanat-mutatja-meg-hogyan-reccsent-meg-a-propagandagepezet
57c3850b486c6ef29df9ec1f2b3ec03c62b339885b62362d2bd03b7b00f42f90,2026-04-08 09:20:32.391286+00:00,hu,444.hu,444.hu,2026-04-08,"A kisegér, a sztár és a bátonyterenyei polgármester",https://444.hu/2026/04/08/a-kiseger-a-sztar-es-a-batonyterenyei-polgarmester
829df44aefc789a5c958e0ebb42d5ab27535f1f77393ba2f54a7628f84a3ad9f,2026-04-08 09:20:10.328819+00:00,hu,444.hu,444.hu,2026-04-08,"Sokat köszönhet a kormány az árstopnak, 1,8 százalék volt az infláció márciusban",https://444.hu/2026/04/08/sokat-koszonhet-a-kormany-az-arstopnak-18-szazalek-volt-az-inflacio-marciusban
cc353d432dd0a3d30d529f400f258a55517cff6d19acd2156930c58e2a55a973,2026-04-08 09:20:05.587420+00:00,hu,444.hu,444.hu,2026-04-08,Orbán Sára kiköltöztette cégét a Tiborcz-féle irodaházból,https://444.hu/2026/04/08/orban-sara-kikoltoztette-ceget-a-tiborcz-fele-irodahazbol
a4b499eab6952d53545e371d4402716906facc5b6b673b5e2fe3d8bf958657e1,2026-04-08 08:45:43.512904+00:00,hu,444.hu,444.hu,2026-04-08,"Képtelen kilábalni a gödörből a magyar ipar, ismét csökkent a termelés februárban",https://444.hu/2026/04/08/keptelen-kilabalni-a-godorbol-a-magyar-ipar-ismet-csokkent-a-termeles-februarban?utm_source=hirstart&utm_medium=referral&utm_campaign=ct
b73c40a2e3566e2824efe7c010109fbf0211b29cd8cf957d48e580a135447267,2026-04-08 08:40:51.774069+00:00,hu,24.hu,24.hu,2026-04-08,Véletlenül a saját bankjait bénította meg Oroszország,https://24.hu/tech/2026/04/08/vpn-oroszorszag-bankok-leallas/
4c6b82a688a868052e563c4060e6c9bfe4806c5958aae1c48e9fd6faa8a8c51d,2026-04-08 08:40:46.415287+00:00,hu,24.hu,24.hu,2026-04-08,"Robbantással fenyegetett iskolákat, vádat emeltek ellene",https://24.hu/belfold/2026/04/08/vademeles-iskola-robbantas-fenyegetes/
424156127fc063c44e8aa068a4db274e2934305bbaad17e2c3f486a09dab0499,2026-04-08 08:40:08.231792+00:00,hu,24.hu,24.hu,2026-04-08,Fontos újítást vezetett be az Erste Bank,https://24.hu/tech/2026/04/08/erste-bank-george-csalok-elleni-vedelem/
259ad2dc918ed35ddb9b9c6c39ce4fb465751e5c2e17b40b3829a36efdcbd5b0,2026-04-08 08:39:51.482399+00:00,hu,24.hu,24.hu,2026-04-08,Összejátszott a zalai kórház egyik osztályvezető főorvosnője egy kamupszichiáterrel,https://24.hu/belfold/2026/04/08/zalaegerszeg-korhaz-foorvos-kamu-pszichiater/
95e8b3533c8317495a324b61dcc7fb399ed2e3350e16849604859e4865a255b2,2026-04-08 08:39:22.610216+00:00,hu,24.hu,24.hu,2026-04-08,"„Azt választottuk, hogy ne legyenek választások” – animációs film készül Bödőcs Tibor regényéből",https://24.hu/kultura/2026/04/08/bodocs-tibor-mulat-a-manezs/
3ca06aabaefe9c7f3385889747174714094b8cd420a6b8192be55842fe96fe55,2026-04-08 08:39:17.866786+00:00,hu,24.hu,24.hu,2026-04-08,A Hezbollah leállította a harci cselekményeket,https://24.hu/kulfold/2026/04/08/a-hezbollah-leallitotta-a-harci-cselekmenyeket/
71360699441f0feff10042c91cc622993787e4cf98c15f8f15e1d41c752d5bcc,2026-04-08 08:39:12.615469+00:00,hu,24.hu,24.hu,2026-04-08,"Debrecen tiszás jelöltje közölt egy felvételt, amin szerinte a Fidesz jelöltje és a roma önkormányzat vezetője ""szavazatvásárlásról"" egyeztet",https://24.hu/belfold/2026/04/08/felvetel-debrecen-barcsa-lajos-aba-horvath-istvan-elemiszercsomag/
899e38f576ddf5ddfe44cae0936969377d5487876aa62cc1f676a3c4313e2ad1,2026-04-08 08:39:07.526465+00:00,hu,24.hu,24.hu,2026-04-08,"12 év fegyházat kértek a férfira, aki rágyújtott egy faházat négy ismerősére",https://24.hu/belfold/2026/04/08/varpalota-tuz-fahaz-gyujtogatas/
5e4565ecf43ec9cb7eff4889720fb47c0ce30143208be4e9780f7a665a4d014a,2026-04-08 08:38:45.012911+00:00,hu,24.hu,24.hu,2026-04-08,"Torkon ragadta, majd ajtóba verte a doktornő fejét egy nagymama, amikor meglátta, hogy branül van a kéthetes unokája halántéki vénájában",https://24.hu/belfold/2026/04/08/pecs-gyermekorvos-nagymama-tamadas/
885042deafad082d44c31a85d337b122f219c764c5f6e14a2cc8e93dffe6ac7e,2026-04-08 08:38:40.395255+00:00,hu,24.hu,24.hu,2026-04-08,"Magyar Péter: Senki sem tudhatja, milyen umbuldák lesznek",https://24.hu/belfold/2026/04/08/magyar-peter-valasztas-2026-fidesz-umbulda/
835ab06080114b0e3a74c05699d3a96a9209f3a6d141c07bf07c5b62bdc25ded,2026-04-08 08:34:13.942058+00:00,hu,444.hu,444.hu,2026-04-08,"Dobrev Klára: Fiúk, hahó, Orbán Viktor rendszerét kell leváltani, nem a DK-t",https://444.hu/2026/04/08/dobrev-klara-fiuk-haho-orban-viktor-rendszeret-kell-levaltani-nem-a-dk-t?utm_source=hirstart&utm_medium=referral&utm_campaign=ct
957fdc221ba9de380edea28768c0d52138743f46e736748ae40e1d8e5180212b,2026-04-08 07:36:59.937922+00:00,hu,24.hu,24.hu,2026-04-08,Ugrásszerűen erősödött a forint szerda reggelre,https://24.hu/fn/gazdasag/2026/04/08/forint-euro-erosodes-deviza-arfolyam/
8e90241e574216e9ec05d96793937119cc690e2358ff69e0ccc1b4b1d1b5401f,2026-04-08 07:36:54.580463+00:00,hu,24.hu,24.hu,2026-04-08,Súlyos sérülést szenvedett Ugrai Roland,https://24.hu/sport/foci/2026/04/08/ugrai-roland-serules-fcu-winklarn/
aa84d385b8f23ceba59c345bad8ca7ef57da0fc3998bf8e89ea740b4900c8d9d,2026-04-08 07:36:33.443835+00:00,hu,24.hu,24.hu,2026-04-08,"BL: ""A Bayern a katasztrófa szélére sodorta a Real Madridot""",https://24.hu/sport/foci/2026/04/08/real-madrid-bayern-munchen-bajnokok-ligaja-bl-bl-negyeddonto-sajtovisszhang-labdarugas/
5ade92262923a704bdd7241da33e45c97bc7f050ff2c535bed4ab5a11e964b54,2026-04-08 07:36:28.336160+00:00,hu,24.hu,24.hu,2026-04-08,Izrael támogatja Trump döntését,https://24.hu/kulfold/2026/04/08/izrael-tamogatja-trump-donteset/
42562a613fa2c0bc156c86047c5527233e649f50a92d98ec51de9152c175ee38,2026-04-08 07:36:01.305537+00:00,hu,24.hu,24.hu,2026-04-08,"Az amerikai és magyar himnuszt is elénekelte Radics Gigi JD Vance és Orbán előtt – felrótták a netezők, hogy sokat hajlítgatott",https://24.hu/elet-stilus/2026/04/08/radics-gigi-himnusz-amerikai-magyar-jd-vance-orban-viktor/
18b449a82a98169a71e78e7412fc46041a1680ce0af407b6bdbea9c7b909ad39,2026-04-08 07:35:56.357389+00:00,hu,24.hu,24.hu,2026-04-08,Izrael evakuálálási parancsot adott ki egy libanoni város lakóinak,https://24.hu/kulfold/2026/04/08/izrael-evakualalasi-parancsot-adott-ki-egy-libanoni-varos-lakoinak/
0bf5c1096349e953a407d78adc43da2e9696f690eb4d608dead62ebe9e3dfcb4,2026-04-08 07:35:51.292347+00:00,hu,24.hu,24.hu,2026-04-08,"Menekítjük a vagyont Dubajba"" – Somogyi András kiparodizálta Orbán Viktor vezetős-éneklős videóját",https://24.hu/elet-stilus/2026/04/08/orban-viktor-enekel-vezet-video-somogyi-andras-parodia/
75bb5f730aa55c1a03ae41069cdf69747dc012b46fc1b6e90ad64837e8f1edfd,2026-04-08 07:35:31.565532+00:00,hu,24.hu,24.hu,2026-04-08,Már csak egy hét és megszűnik a Messenger egyik népszerű verziója,https://24.hu/tech/2026/04/08/messenger-com-bongeszo-megszunik-pin-kod/
b3be39923291ccecfcf3b11ec9eb495f06c927d2e77aa9d20805b2b1d0c087b0,2026-04-08 07:17:42.544565+00:00,hu,444.hu,444.hu,2026-04-08,"Varga Judit csípőből tiszás propagandistának nevezte az újságírót, aki felhozta neki a Schadl–Völner-ügyet",https://444.hu/2026/04/08/varga-judit-csipobol-tiszas-propagandistanak-nevezte-az-ujsagirot-aki-felhozta-neki-a-schadlvolner-ugyet?utm_source=hirstart&utm_medium=referral&utm_campaign=ct
1cc9cf85140e3407e12b239fad4c0558fc2834d21ab89f34487a9886081b62d9,2026-04-08 06:24:33.365247+00:00,hu,24.hu,24.hu,2026-04-08,Trump: Nagy nap ez a világbéke számára!,https://24.hu/kulfold/2026/04/08/trump-nagy-nap-ez-a-vilagbeke-szamara/
4487e16e622432a3ce8c56dbc63eb44414d5989a766c6abc29670436e5bf90ce,2026-04-08 06:24:25.849934+00:00,hu,24.hu,24.hu,2026-04-08,Az extra villantás sem maradt el az új Eufória vörös szőnyeges premierjén,https://24.hu/elet-stilus/2026/04/08/euforia-3-evad-premier-villantas-natasha-lyonne/
c2b047fa38baac87df70ac954fc8802cd211d1a93808436d0975643721fc99cb,2026-04-08 06:24:07.456698+00:00,hu,24.hu,24.hu,2026-04-08,Zuhan a kőolaj világpiaci ára,https://24.hu/kulfold/2026/04/08/zuhan-a-koolaj-vilagpiaci-ara/
f498d6ab9451a927994cd401750aaaede74aa6663545ac929de7cf09434713b1,2026-04-08 05:34:50.648406+00:00,hu,24.hu,24.hu,2026-04-08,"Orbán Viktor szerint „az önfeltáró vallomások"" valójában a Fidesznek dolgoznak",https://24.hu/belfold/2026/04/08/orban-viktor-valasztas-csad/
84d839ed92c720373c423e3fc38dd67055d93415706b53ba5669602739db9304,2026-04-08 05:34:41.860259+00:00,hu,24.hu,24.hu,2026-04-08,Iránytűs fordulat: A többség Tisza-győzelemre számít,https://24.hu/belfold/2026/04/08/iranytu-felmeres-hangulattisza-fidesz-valasztas-2026/
ed95fc22c524904873ca0a73c0711cda7de73afa9e00c0f42d23800b2985b3fc,2026-04-08 05:33:49.269830+00:00,hu,24.hu,24.hu,2026-04-08,"Szerdai friss hírek, forgalom, időjárás – Reggeli pakk",https://24.hu/belfold/2026/04/08/szerdai-friss-hirek-forgalom-idojaras-reggeli-pakk-427/
996b9a1374f85c680286904a19335f670db35e0cee33723deb91efad0ab0dc34,2026-04-08 05:33:29.987991+00:00,hu,24.hu,24.hu,2026-04-08,Az ENSZ főtitkára üdvözli a közel-keleti tűzszünetet,https://24.hu/kulfold/2026/04/08/az-ensz-fotitkara-udvozli-a-kozel-keleti-tuzszunetet/
4bbfcf5908c6a3de4d0d1834d6da7023350f9a2b40368e37753c771c61b832c2,2026-04-08 05:28:39.817205+00:00,hu,24.hu,24.hu,2026-04-08,"Szijjártó: Legyen már itt a választás, és legyen eredmény",https://24.hu/belfold/2026/04/08/szijjarto-valasztas-jd-vance-lavrov-putyin/
6d9d5be71b951de6a5893c6c70d977671207e60d060043d127175d521f7d0b23,2026-04-08 05:28:28.781565+00:00,hu,444.hu,444.hu,2026-04-08,"Gundalf, a sztár",https://444.hu/2026/04/08/gundalf-a-sztar?utm_source=rss_feed&utm_medium=rss&utm_campaign=rss_syndication
7c146f2c040f14b4ce670e469b0c5f713c2bccb6872a641262317c218d72ca8f,2026-04-08 05:28:28.432612+00:00,hu,24.hu,24.hu,2026-04-08,"Sütő Enikő: Aktív életem van, csak a moziban veszem igénybe a nyugdíjasjegyet",https://24.hu/elet-stilus/2026/04/08/suto-eniko-67-eves-nyugdij/
b6df264c0990279ceecde944c1dde7982f28aded9fa316f1f871a927646fcec0,2026-04-08 05:28:23.195301+00:00,hu,24.hu,24.hu,2026-04-08,Irakban szabadon engedték Shelly Kittleson amerikai újságírónőt fogva tartói,https://24.hu/kulfold/2026/04/08/irakban-szabadon-engedtek-shelly-kitteleson-amerikai-ujsagironot-fogva-tartoi/
3c6338571b589a3573d35a6a72ad0044e059188b8469629d0ebdb1e952a1d0ae,2026-04-08 05:28:21.904058+00:00,hu,444.hu,444.hu,2026-04-08,Szabadon engedték az Irakban elrabolt amerikai újságírót,https://444.hu/2026/04/08/szabadon-engedtek-az-irakban-elrabolt-amerikai-ujsagirot?utm_source=rss_feed&utm_medium=rss&utm_campaign=rss_syndication
65b7261821b1df9f47213f2d516fc38f32dad5fe0b5f8e691e34f53b5cccf433,2026-04-08 05:28:18.158351+00:00,hu,24.hu,24.hu,2026-04-08,"150 milliós Rolls-Royce-t azonosítottunk Matolcsy Ádám barátjánál, ám azt állítja, tévedésből jegyezték be a luxusautó adatait",https://24.hu/belfold/2026/04/08/mnb-matolcsy-somlai-balint-rolls-royce/
6451e2dbec8c1d477ace97830a8dc5cfbd3ca3ce50603438d1b8705f7bd609bd,2026-04-08 05:27:45.846536+00:00,hu,24.hu,24.hu,2026-04-08,Donald Trump kéthetes tűzszünetet jelentett be,https://24.hu/kulfold/2026/04/08/donald-trump-kethetes-tuzszunetet-jelentett-be/
b334902b3f32bd983964ca02ec768495a26b60a137f700de6c426d0fec569740,2026-04-08 05:27:21.276805+00:00,hu,444.hu,444.hu,2026-04-08,Bill Gates tanúskodni fog az Epstein-bizottság előtt,https://444.hu/2026/04/08/bill-gates-tanuskodni-fog-az-epstein-bizottsag-elott?utm_source=rss_feed&utm_medium=rss&utm_campaign=rss_syndication
cbcea35f9b7ad3d394db33eaa0e29c6b76d26dfe1973c0c3942365f67b7bcb69,2026-04-08 05:26:58.082428+00:00,hu,24.hu,24.hu,2026-04-08,"Király Linda címlapon mutatta meg vőlegényét, Rolandot",https://24.hu/elet-stilus/2026/04/08/kiraly-linda-volegenye-roland-cimlap-foto/
5eba3440359c8f3cc1f53d9c5bfe9fbbec7e621afa5d61b9477c9e62de4281e4,2026-04-08 05:26:49.245716+00:00,hu,444.hu,444.hu,2026-04-08,"Kéthetes tűzszünetet jelentett be Trump, Irán megnyitja a Hormuzi-szorost",https://444.hu/2026/04/08/kethetes-tuzszunetet-jelentett-be-trump-iran-megnyitja-a-hormuzi-szorost?utm_source=rss_feed&utm_medium=rss&utm_campaign=rss_syndication
bbfbd7bd4826110633dd64df8f4ce30db5850a52ff874b4759c58e4b32360452,2026-04-08 05:26:38.063278+00:00,hu,24.hu,24.hu,2026-04-08,"Trump kéthetes tűzszünetet jelentett be, Irán beleegyezett a Hormuzi-szoros megnyitásába",https://24.hu/kulfold/2026/04/08/iran-kozel-kelet-haboru-usa-izrael-trump-elo/
8e244893c0b7db674ff46374f53c9f5722cd1f2fe23407840419e6a3652cb7c6,2026-04-08 05:26:33.067452+00:00,hu,24.hu,24.hu,2026-04-08,Mik szerepelnek Irán tízpontos tervében?,https://24.hu/kulfold/2026/04/08/mik-szerepelnek-iran-tizpontos-terveben/
e356f94a981a2d36bd24b52ec7c5b8822da8fa36e797c3277acc582c576b8a65,2026-04-08 05:26:27.380177+00:00,hu,24.hu,24.hu,2026-04-08,A Miskolci Törvényszék bírája: Ez így nem maradhat tovább!,https://24.hu/belfold/2026/04/08/cseuscsak-renata-birosag-interju/
2d910f9bb709e4d54a4000238e53ac4e2d0104c8dc9ea0730d919517c90b094b,2026-04-08 04:25:33.489937+00:00,hu,24.hu,24.hu,2026-04-08,Ebben az izzasztó Tarantino-kvízben egyetlen képkockáról kell beazonosítani a mester filmjét!,https://24.hu/elet-stilus/2026/04/08/quentin-tarantino-filmjei-napi-kviz-kepek-jelenetek/
61e1dd02df19268035204b290e596db70684ea1ecaa3d8f20bfadaa93a8c3b91,2026-04-08 04:25:29.099774+00:00,hu,24.hu,24.hu,2026-04-08,"Kvíz: „Én vagyok a híres egyfejű” – mennyire ismered Süsü, a sárkány kalandjait?",https://24.hu/elet-stilus/2026/04/08/kviz-susu-a-sarkany-magyar-mese/
2dd5ec4180e6fe2ee6ac96de1b0f4796d4e1704547b7f3fe66389b2f805bb3db,2026-04-08 03:33:16.437169+00:00,hu,24.hu,24.hu,2026-04-08,Hiába remekelt Lukács Péter és Máthé Dominik a kézilabda EL-ben,https://24.hu/sport/2026/04/08/kezilabda-europa-liga-elverum-melsungen/
887d79e3631600f3ddbc419074fdc867246de6cd8a3cab6ce6181750372deda7,2026-04-08 01:23:50.712112+00:00,hu,444.hu,444.hu,2026-04-07,Vučić aktivistái segíthetik a Fidesz-listára szavazást a szerbiai magyarok körében,https://444.hu/2026/04/07/vucic-aktivistai-segithetik-a-fidesz-listara-szavazast-a-szerbiai-magyarok-koreben?utm_source=rss_feed&utm_medium=rss&utm_campaign=rss_syndication
233d1b5efc362c0f2f7d4df9fcaf3bc6b815efac1946b7f2f7aebac0530f19db,2026-04-08 01:23:40.746062+00:00,hu,444.hu,444.hu,2026-04-07,"Vance telefonon kapcsolta Trumpot, majd a nyugati civilizáció sorsa felől vezette le, miért kell Orbánra szavaznia a magyaroknak",https://444.hu/2026/04/07/vance-telefonon-kapcsolta-trumpot-majd-a-nyugati-civilizacio-sorsa-felol-vezette-le-miert-kell-orbanra-szavaznia-a-magyaroknak?utm_source=rss_feed&utm_medium=rss&utm_campaign=rss_syndication
7f280b3ceefb7fc70042415434ae241599a68eb6fcc0977d73651e3f12a2974e,2026-04-08 01:23:33.724281+00:00,hu,444.hu,444.hu,2026-04-07,"Gyenge fagyokkal indult a munkahét, a választás napján eső is lehet",https://444.hu/2026/04/07/gyenge-fagyokkal-indult-a-munkahet-a-valasztas-napjan-eso-is-lehet?utm_source=rss_feed&utm_medium=rss&utm_campaign=rss_syndication
b232cbd001c11dc5e56f31e38088505e86eac4f2c0786a130fbde4edb24f87f6,2026-04-08 01:23:21.764514+00:00,hu,444.hu,444.hu,2026-04-07,"Meghalt a román válogatott szövetségi kapitánya, aki közel két hete a vb-pótselejtezőn még ott ült a kispadon",https://444.hu/2026/04/07/meghalt-a-roman-valogatott-szovetsegi-kapitanya-aki-ket-hete-a-vb-potselejtezon-meg-ott-ult-a-kispadon?utm_source=rss_feed&utm_medium=rss&utm_campaign=rss_syndication
c137669a6ea1fb0b28a046c3827897b9c315cde1a4dbbf55f812cc94343f527b,2026-04-08 01:22:31.576698+00:00,hu,444.hu,444.hu,2026-04-07,"Buszokat támadtak az oroszok, nyolcan meghaltak Ukrajna délkeleti részén",https://444.hu/2026/04/07/buszokat-tamadtak-az-oroszok-nyolcan-meghaltak-ukrajna-delkeleti-reszen?utm_source=rss_feed&utm_medium=rss&utm_campaign=rss_syndication
1ea58d724e075189c7b528a511e474741f8b2cac28048a5d8694b69241416477,2026-04-08 01:21:52.338881+00:00,hu,444.hu,444.hu,2026-04-07,Democracy Noir: Így építette le Orbán a demokráciát,https://444.hu/2026/04/07/democracy-noir-igy-epitette-le-orban-a-demokraciat?utm_source=rss_feed&utm_medium=rss&utm_campaign=rss_syndication
41bdda72de3a9dd6ab11045f95c740413895da28667611faf0be8294b5841c55,2026-04-08 00:38:04.748669+00:00,hu,444.hu,444.hu,2026-04-07,"Orbán szerint semelyik jelölt nem mondhatja azt, hogy a választás le van futva",https://444.hu/2026/04/07/orban-szerint-semelyik-jelolt-nem-mondhatja-azt-hogy-a-valasztas-le-van-futva?utm_source=hirstart&utm_medium=referral&utm_campaign=ct
7a52370ed64ee127f591dda6746b9638fa1d4a97d88019c45f96b9ead639bfab,2026-04-08 00:22:18.887940+00:00,hu,444.hu,444.hu,2026-04-07,Magyar Péter mellett Gundalf is felállt a színpadra Vácon,https://444.hu/2026/04/07/magyar-peter-mellett-gundalf-is-felallt-a-szinpadra-vacon?utm_source=hirstart&utm_medium=referral&utm_campaign=ct
46f6eb90ff7fd625fc576616c13e867efe9797f6b4f298d9334a1f89bed1566d,2026-04-07 23:24:41.206459+00:00,hu,444.hu,444.hu,2026-04-07,"„Még a villanyoszlopra is leszavaznak az emberek, csak már elég”",https://444.hu/2026/04/07/meg-a-villanyoszlopra-is-leszavaznak-az-emberek-csak-mar-eleg?utm_source=hirstart&utm_medium=referral&utm_campaign=ct
4c932587c44231f36ca1bf743b7005b93e1c2fe77f2562f0573bde3354a2be45,2026-04-07 22:40:31.277768+00:00,hu,24.hu,24.hu,2026-04-08,"Ma már az idő a legnagyobb érték egy felújításnál"" – interjú Markovich Bélával, a Mapei Kft. ügyvezetőjével",https://24.hu/fn/gazdasag/2026/04/08/ma-mar-az-ido-a-legnagyobb-ertek-egy-felujitasnal-interju-markovich-belaval-a-mapei-kft-ugyvezetojevel/
46e150b3787c34d5347faa11d6d5d484904f704ff1ceab200ab262a86a46c786,2026-04-07 21:37:42.817398+00:00,hu,24.hu,24.hu,2026-04-07,Alaposan meglepte a Real Madridot a Bayern München,https://24.hu/sport/foci/2026/04/07/alaposan-meglepte-a-real-madridot-a-bayern-munchen/
90fdc4e56303cdac72635a5e974360dde460a9419a368109343e74d5d01db3a8,2026-04-07 20:32:50.553203+00:00,hu,24.hu,24.hu,2026-04-07,Wáberer György a Facebookon: választhatsz Európa és az oroszok között,https://24.hu/belfold/2026/04/07/waberer-gyorgy-coming-out-facebook-europa-vagy-oroszok/
bdc069e66645346152bcd73f24eb4fa1355bddc1784677856e7e1ea9e68c29c6,2026-04-07 20:32:26.307936+00:00,hu,24.hu,24.hu,2026-04-07,Vak ment meg világtalant,https://24.hu/kulfold/2026/04/07/jd-vance-budapest-orban-elemzes/
464fcf474c8856be23ef80599e8de44af14f2776941d516ba83fbd044e51a866,2026-04-07 20:32:12.065668+00:00,hu,24.hu,24.hu,2026-04-07,"BL-negyeddöntő: Real Madrid–Bayern München 0-2, Sporting–Arsenal 0-0",https://24.hu/sport/foci/2026/04/07/bl-negyeddonto-real-madrid-bayern-munchen-sporting-arsenal/
023d709777c263ec5531fb9a85a160249284acab08e4d63065fc06a4a260d48a,2026-04-07 20:31:56.658733+00:00,hu,24.hu,24.hu,2026-04-07,Újra összekapott a magyar és a lengyel miniszterelnök,https://24.hu/belfold/2026/04/07/orban-putyin-tusk-vita/
4371faebe0263784f296771b7f170839cdb90949f01d985199c33bf6aae43492,2026-04-07 20:31:31.714981+00:00,hu,24.hu,24.hu,2026-04-07,A nap legfontosabb hírei – 2026. 04. 07.,https://24.hu/belfold/2026/04/07/a-nap-legfontosabb-hirei-2026-04-07/
f500396d3171370773ce4622460770bfe657622485917e09a976499ffc6dd4e3,2026-04-07 20:31:05.574077+00:00,hu,24.hu,24.hu,2026-04-07,"Gyászol a román futball, meghalt Mircea Lucescu",https://24.hu/sport/foci/2026/04/07/gyaszol-a-roman-futball-meghalt-mircea-lucescu/
95802b3a8950647d3a87f4ae7faee9e5f80fbdb1ca0d50ff65dbaf7e2596202f,2026-04-07 19:23:24.082022+00:00,hu,24.hu,24.hu,2026-04-07,Szakértő: A generációs konfliktust a politikusok gerjesztik.,https://24.hu/belfold/2026/04/07/generacios-konfliktus-partpreferencia-politika/
18a1f1a971c74a6a0054f03378b7c760cc53659f05db14cf16a37139efa06f2d,2026-04-07 19:23:13.552482+00:00,hu,24.hu,24.hu,2026-04-07,Török Gábor: JD Vance segítőkész volt mindkét oldallal,https://24.hu/belfold/2026/04/07/torok-gabor-jd-vance-segitokesz/
1a8980a3155f80cdaa10a9b76c58352b17da73903559bc950f345cace25c7339,2026-04-07 19:22:58.644487+00:00,hu,24.hu,24.hu,2026-04-07,"Nem a szimpatikus vesztes címért megyünk"" – a házigazdával játszik az Esztergom kézicsapata az Európa Liga-elődöntőben",https://24.hu/sport/2026/04/07/kezilabda-noi-europa-liga-negyes-donto-dijon-esztergom/
878621e92717cc5b388774ce924431af19a81f2e40af12a890994a1c1b3ff68c,2026-04-07 19:22:32.962122+00:00,hu,24.hu,24.hu,2026-04-07,"Vasvári Vivien, miután szelfizett Orbánnal: Úgy megölelgettem, mint Micimackó a kis mézes csuprát",https://24.hu/elet-stilus/2026/04/07/orban-viktor-vasvari-vivien-szelfi-talalkozas/
83f58e5b6542da0eefb034ca95bf68ab8a87dac0cb06bba8e4dc3577ff1dbe22,2026-04-07 19:22:19.699050+00:00,hu,24.hu,24.hu,2026-04-07,Gundalf felszólalt Magyar Péter váci országjárásán,https://24.hu/belfold/2026/04/07/magyar-tisza-gundalf-orszagjaras/
e70f59a7e9bf7e1d4884b78c7bc4f2a54f9248be7dcf33c70ad1117c26f8c2bb,2026-04-07 18:37:10.905204+00:00,hu,444.hu,444.hu,2026-04-07,A szív szakácsa,https://444.hu/2026/04/07/a-sziv-szakacsa?utm_source=hirstart&utm_medium=referral&utm_campaign=ct
ad5f82e2745531db6e66438dba03f9bc23b9e959f4155896915dfd85739935d6,2026-04-07 18:21:12.178882+00:00,hu,24.hu,24.hu,2026-04-07,"Krokodilnak ábrázolt kapusán gúnyolódott, felfüggesztették a Cruzeiro futballistáját",https://24.hu/sport/foci/2026/04/07/brazil-foci-gunyolodas-eltiltas-wallace-cruzeiro/
dc3926ab06a571920506b7a879017e37f606521ca8bc65ed8f872bf78e1e2738,2026-04-07 18:19:59.776520+00:00,hu,24.hu,24.hu,2026-04-07,"Vucic: ha a világban válság lesz, nem tartják meg nyáron az előrehozott választásokat",https://24.hu/kulfold/2026/04/07/szerbia-vucic-elorehozott-valasztasok/
3ef6dfbc21b2b3df2a6d99eabd2d74d8da7424504ede08a94dfc95ef0767448c,2026-04-07 17:43:44.028237+00:00,hu,444.hu,444.hu,2026-04-07,"Wáberer György: Arról döntesz, hogy Európához akarsz-e tartozni vagy az oroszokhoz",https://444.hu/2026/04/07/waberer-gyorgy-arrol-dontesz-hogy-europahoz-akarsz-e-tartozni-vagy-az-oroszokhoz?utm_source=hirstart&utm_medium=referral&utm_campaign=ct
6d5d3d98d6b0cefcc083db1fd28a18d5eb85b85889043c5d14182f6dcf47f408,2026-04-07 17:35:13.443466+00:00,hu,24.hu,24.hu,2026-04-07,Roma kérvények: választás elleni bűncselekmény miatt nyomoznak,https://24.hu/belfold/2026/04/07/valasztas-nyomozas-roma-budapest/
1f6e7c588e64e56789ebc0e528e7add2f746ea6867a8b78bbc90c4b27a2bc76f,2026-04-07 17:35:08.577424+00:00,hu,24.hu,24.hu,2026-04-07,Képeken az amerikai alelnök budapesti látogatása,https://24.hu/belfold/2026/04/07/vance-amerika-alelnok-kepek/
aba4f964c43877a3f07ee09acabf7bdc6683c5569460e6f5f363a5e678596203,2026-04-07 17:34:48.185058+00:00,hu,24.hu,24.hu,2026-04-07,Genderprogram nevében megcsonkított gyerekekről,https://24.hu/belfold/2026/04/07/genderprogram-neveben-megcsonkitott-gyerekekrol/
450be26e080e23a561124a7278153a99b4ff245937adb172975b9a65216ae815,2026-04-07 17:33:49.075981+00:00,hu,24.hu,24.hu,2026-04-07,"Vance a végén csak kimondta, hogy Orbán Viktorra kell szavazni",https://24.hu/belfold/2026/04/07/vance-a-vegen-csak-kimondta-hogy-orban-viktorra-kell-szavazni/
bfbb319f1ef00a6977b6b9e0c0daee0d754138957eeea32ab986117ac3c37695,2026-04-07 17:22:08.165130+00:00,hu,24.hu,24.hu,2026-04-07,Senki nem volt munkaidőben Rogán-Szendrei Cecília és Sarka Kata osztalékhányó lapjánál,https://24.hu/belfold/2026/04/07/senki-nem-volt-munkaidoben-rogan-szendrei-cecilia-es-sarka-kata-osztalekhanyo-lapjanal/
e4d97e71d2a31d6bdf66b5f49a8c9aa29a1ddc879b11b20a13049d178d3fa62c,2026-04-07 17:22:03.245433+00:00,hu,24.hu,24.hu,2026-04-07,"Vance nem akarja megmondani, kire szavazzanak a magyarok, de…",https://24.hu/belfold/2026/04/07/vance-nem-akarja-megmondani-kire-szavazzanak-a-magyarok-de/
f154195ad16a183c26bb3a759011f3fc149ab3a9ed3d74dbc6061be90bfbfcc7,2026-04-07 17:21:29.676477+00:00,hu,24.hu,24.hu,2026-04-07,"Döntött az MLSZ, ekkor lesz az Újpest-Ferencváros derbi",https://24.hu/sport/foci/2026/04/07/dontott-az-mlsz-ekkor-lesz-az-ujpest-ferencvaros-derbi/
843b1cb0c9d38da4118948d7e76b50536f3fd70e408ec2a973af12102a2393f5,2026-04-07 17:20:55.666323+00:00,hu,24.hu,24.hu,2026-04-07,Kaphatnánk a magyar családtámogatásokból?,https://24.hu/belfold/2026/04/07/kaphatnank-a-magyar-csaladtamogatasokbol/
f1b3e93be3718c4091447d630b7e9a0dc3b45f8935529345d4ffcc74d62aac7f,2026-04-07 17:20:50.687480+00:00,hu,24.hu,24.hu,2026-04-07,"Az iráni háború miatti energiaválság súlyosabb, mint az 1973-as, 1979-es és 2022-es együttvéve",https://24.hu/kulfold/2026/04/07/az-irani-haboru-miatti-energiavalsag-sulyosabb-mint-az-1973-as-1979-es-es-2022-es-egyuttveve/
5133919b3c776038a2e79756687d52224c00e58ccbb7440e6b8ed85bd678cae4,2026-04-07 17:20:45.823694+00:00,hu,24.hu,24.hu,2026-04-07,"A progresszív liberalizmus rossz, de a magyarországi progresszió jó",https://24.hu/belfold/2026/04/07/a-progressziv-liberalizmus-rossz-de-a-magyarorszagi-progresszio-jo/
3464585111f27b828eaf321607253c06cd4a5fc84f609773f87753ca77be8ee9,2026-04-07 17:20:09.735670+00:00,hu,24.hu,24.hu,2026-04-07,Vance beszédje elején felhívta Trumpot,https://24.hu/belfold/2026/04/07/vance-beszedje-elejen-felhivta-trumpot/
b21da83f60bf4442d200bee1d9a2b41d7f0f4920ecda8d7a036bd610c4d27c13,2026-04-07 17:20:04.987757+00:00,hu,24.hu,24.hu,2026-04-07,Brüsszel utálja Orbán Viktort,https://24.hu/belfold/2026/04/07/brusszel-utalja-orban-viktort/
8633142fd55c65f5fbd7a71d72d84db57fce7b966ccdad5614fbcdd763f1b760,2026-04-07 17:19:58.376529+00:00,hu,24.hu,24.hu,2026-04-07,"Vance: A választáson arról döntenek, hogy Szent Istvánt követik-e",https://24.hu/belfold/2026/04/07/vance-a-valasztason-arrol-dontenek-hogy-szent-istvant-kovetik-e/
cbf45a118a8bd3370448d635a5096234e759de5403e871061398d98806824d53,2026-04-07 17:19:51.818886+00:00,hu,24.hu,24.hu,2026-04-07,A szélsőbaloldal elfoglalta az egyemeket,https://24.hu/belfold/2026/04/07/a-szelsobaloldal-elfoglalta-az-egyemeket/
ac792078bd169194a1127152de1a5ed53cbfd1836ed2b8c7fb597cf6dfd26248,2026-04-07 16:37:11.476252+00:00,hu,444.hu,444.hu,2026-04-07,Transtelex: az „Árad a Tisza” szlogen skandálása miatt vertek meg három fiatalt Sepsiszentgyörgyön a helyi focicsapat edzői,https://444.hu/2026/04/07/transtelex-az-arad-a-tisza-szlogen-skandalasa-miatt-vertek-meg-harom-fiatalt-sepsiszentgyorgyon-a-helyi-focicsapat-edzoi?utm_source=rss_feed&utm_medium=rss&utm_campaign=rss_syndication
d36130eccc3c20bb3740af6c9db2763cd916b62238aba609afe8635eb9a9638d,2026-04-07 16:37:07.053923+00:00,hu,444.hu,444.hu,2026-04-07,Elhunyt a Ki nyer ma? műsorvezetője,https://444.hu/2026/04/07/elhunyt-a-ki-nyer-ma-musorvezetoje?utm_source=rss_feed&utm_medium=rss&utm_campaign=rss_syndication
c9b33987a463aeb269fcc41edc12f60b85888aa83a56523b685dfa0ef13ebece,2026-04-07 16:37:01.540703+00:00,hu,444.hu,444.hu,2026-04-07,"„Ez a rendszer embert faragott belőlem” – VV Aurelio úgy buzdít a Fidesz támogatására, hogy el van tiltva a közügyektől",https://444.hu/2026/04/07/ez-a-rendszer-embert-faragott-belolem-vv-aurelio-ugy-buzdit-a-fidesz-tamogatasara-hogy-el-van-tiltva-a-kozugyektol?utm_source=rss_feed&utm_medium=rss&utm_campaign=rss_syndication
ebdb89280af07c6f4cacc591c095445877c0be18384a5055b49f96bff48428a7,2026-04-07 16:36:21.770740+00:00,hu,444.hu,444.hu,2026-04-07,"Orbán kézmozdulata azt sugallta, kevésbé biztos a győzelmében, mint J. D. Vance",https://444.hu/2026/04/07/orban-kezmozdulata-azt-sugallta-kevesbe-biztos-a-gyozelmeben-mint-j-d-vance?utm_source=rss_feed&utm_medium=rss&utm_campaign=rss_syndication
e1a1b77810a6fa13349ee72524e128243457cf4a504f1de456f645900c79615e,2026-04-07 16:35:34.618321+00:00,hu,444.hu,444.hu,2026-04-07,"Szinte soha nem szivárognak ki így vezetők beszélgetései, mint most az Orbán–Putyin-telefon",https://444.hu/2026/04/07/szinte-soha-nem-szivarognak-ki-igy-vezetok-beszelgetesei-mint-most-az-orbanputyin-telefon?utm_source=rss_feed&utm_medium=rss&utm_campaign=rss_syndication
e237a04736fb3437ddda94cab10b923f42e068bb5cea16db13302e62b3c62557,2026-04-07 16:27:26.201679+00:00,hu,444.hu,444.hu,2026-04-07,"Aleksandar Vucic belengette, hogy nyáron nem biztos, hogy megtartják az előrehozott választásokat",https://444.hu/2026/04/07/aleksandar-vucic-belengette-hogy-nyaron-nem-biztos-hogy-megtartjak-az-elorehozott-valasztasokat?utm_source=hirstart&utm_medium=referral&utm_campaign=ct
edc1e4ed401a12cdec6cdaa39b06c409505c7ffc02e2832348dacef46970fec1,2026-04-07 16:27:10.126077+00:00,hu,atlatszo.hu,atlatszo.hu,2026-04-07,Két honvédségi helikopterrel repült Orbán és Szijjártó a húsvéthétfői gázcsőlátogatásra,https://atlatszo.hu/kozpenz/2026/04/07/ket-honvedsegi-helikopterrel-repult-orban-es-szijjarto-a-husvethetfoi-gazcsolatogatasra/
44dafbddd4f5dee7a60148f25248a7333bd448065025d44a443b12436e9f2669,2026-04-07 16:19:44.959280+00:00,hu,24.hu,24.hu,2026-04-07,Trumpnak köszönhetjük a fordulatot,https://24.hu/belfold/2026/04/07/trumpnak-koszonhetjuk-a-fordulatot/
ed52d7ef1c4601b08b4a226bee41dc760132b4f7cd1f99019c640292ebf06777,2026-04-07 16:19:40.121176+00:00,hu,24.hu,24.hu,2026-04-07,"Woke, gender, normalitás",https://24.hu/belfold/2026/04/07/woke-gender-normalitas/
eeda57268513464b33ed0a71ed2d2cc6f2e7cd13d14e172100e64a148b5eb902,2026-04-07 16:19:15.517065+00:00,hu,24.hu,24.hu,2026-04-07,"Nyerészkedéssel vádolja az OMSZ a Tiszának is dolgozó magán mentőket, miközben pénzért biztosítja a Békemenetet és Orbán országjárását",https://24.hu/belfold/2026/04/07/omsz-tisza-budaors-magan-mentok-egeszsegugyi-biztositas/
cba330868ed5cf3cc9f610ba967849e2f547ab4b1a87e179cc1cc1223e325e86,2026-04-07 16:18:18.780054+00:00,hu,24.hu,24.hu,2026-04-07,A NER-közeli 4iG négy jelentős űr- és hadiipari megállapodást kötött amerikai nagyágyúkkal,https://24.hu/fn/gazdasag/2026/04/07/4ig-ur-hadiipar-amerika/
e2dd845bad4e8e7feb1197db35ce57d9392cc3d0976871800d16893e361ec733,2026-04-07 16:18:14.133728+00:00,hu,24.hu,24.hu,2026-04-07,Ez a magyarok évszázada lesz,https://24.hu/belfold/2026/04/07/ez-a-magyarok-evszazada-lesz/
4bee862d02a08c3a91dc0fc8a01f9c90b57de8bd5ae186cb61058d2599ed11f8,2026-04-07 16:18:08.871507+00:00,hu,24.hu,24.hu,2026-04-07,Rétisas-turul két barát,https://24.hu/belfold/2026/04/07/retisas-turul-ket-barat/
a800eebb65620ce247095117ab5a83744f573f6646811d282acc8b22a9a76310,2026-04-07 16:17:54.547371+00:00,hu,24.hu,24.hu,2026-04-07,Egy Tiszta Pártot éltető fiatalt véresre verte Sepsiszentgyörgyön,https://24.hu/sport/foci/2026/04/07/politikai-vita-tisza-part-verekedes-sepsi-osk/
a62a858163a36d2387301859b6b8fe8a3d1876b49d893f9c5294bc2bbfd2f62b,2026-04-07 16:17:40.111754+00:00,hu,24.hu,24.hu,2026-04-07,A királynő egykori jobbkeze elárulta: II. Erzsébetet mindig lázba hozta egy Abba-dal,https://24.hu/elet-stilus/2026/04/07/erzsebet-kiralyno-abba-dancing-queen/
17fdb382749ed23df2d0bdd848bcac2da7f95de93bcd00fc92ae5407b4166234,2026-04-07 16:17:34.979686+00:00,hu,24.hu,24.hu,2026-04-07,"Lenyűgöző fotók: megjöttek a képek, amelyeket az Artemis-2 űrhajósai készítettek a Holdról",https://24.hu/tech/2026/04/07/artemis-2-kuldetes-fotok-hold/
92fdfeae2aab9909f2bbea925dd52055afe69542490774154897ef6eebbba21a,2026-04-07 16:17:11.693786+00:00,hu,24.hu,24.hu,2026-04-07,"Direkt36: Titokban az állam adott pénzt Jászaiéknak, hogy vásárolják fel az államtól a hadiipari cégeket",https://24.hu/belfold/2026/04/07/direkt36-4ig-jaszai-gellert-hadiipari-cegek/
9c12d319b04450cd1c3c8d3f74cc906d782b0af256ac2f71ba0d44b5a935a508,2026-04-07 15:50:52.876810+00:00,hu,24.hu,24.hu,2026-04-07,Bezár Wossala Rozina étterme,https://24.hu/kultura/2026/04/07/bezar-a-bestia-wosssala-rozina/
834872fc78d38f7a7346f63e4999d847dfe573db4004ee6dd409402cdb0ace9f,2026-04-07 14:45:49.986447+00:00,hu,24.hu,24.hu,2026-04-07,Megvan a jogerős ítélet a nyírmihálydi baltás gyilkosság ügyében,https://24.hu/belfold/2026/04/07/nyirmihalydi-baltas-gyilkos-itelet/
e039604dcd1aecf88f2ffb0a023888ccc18ed591e5374fe0014295dd0e938c52,2026-04-07 14:41:28.834579+00:00,hu,atlatszo.hu,atlatszo.hu,2026-04-07,"Mibe kerül a kerítés, hova lettek a migránsok – kormánypárti képviselőt is faggattunk",https://atlatszo.hu/kozugy/2026/04/07/mibe-kerul-a-kerites-hova-lettek-a-migransok-kormanyparti-kepviselot-is-faggattunk/
dc722255409064fc324312fde14739e02b6f6af2fde12325a306b2a1b3df4482,2026-04-07 14:40:25.110918+00:00,hu,atlatszo.hu,atlatszo.hu,2026-04-07,Családbarát rendezvényen regisztrált elérhetőségeken kampányolt a Fidesz érdi jelöltje,https://atlatszo.hu/orszagszerte/2026/04/07/csaladbarat-rendezvenyen-regisztralt-elerhetosegeken-kampanyolt-a-fidesz-erdi-jeloltje/
a3d4c7d59f585243f290320537041ea427fa83d2c2259a1d27e1a1e5bba48da5,2026-04-07 14:36:00.007210+00:00,hu,444.hu,444.hu,2026-04-07,"Lövöldözés volt az izraeli főkonzulátusnál Isztambulban, az egyik támadó meghalt",https://444.hu/2026/04/07/lovoldozes-volt-az-izraeli-fokonzulatusnal-isztambulban-az-egyik-tamado-meghalt
bbb43a731c1ecc0b35fe673d32e47caa14ef00aeac3f7a16e7536c8c038589b9,2026-04-07 14:35:44.179934+00:00,hu,444.hu,444.hu,2026-04-07,"Az amerikai hadsereg megint a Harg-szigetet lövi, ahol Irán legfontosabb olajexport-központja van",https://444.hu/2026/04/07/az-amerikai-hadsereg-megint-a-harg-szigetet-lovi-ahol-iran-legfontosabb-olajexport-kozpontja-van
eb74ab9dbdb0d3285578776ef58218048ae4119913b3b85ad4b39272e4820a28,2026-04-07 14:34:49.384348+00:00,hu,444.hu,444.hu,2026-04-07,Kanye West rappert kitiltották az Egyesült Királyságból,https://444.hu/2026/04/07/kanye-west-rappert-kitiltottak-az-egyesult-kiralysagbol
f4c535c4a0014ebcf349213c0589089f53597efc14acc222347a1b4765b9a998,2026-04-07 14:34:41.962170+00:00,hu,444.hu,444.hu,2026-04-07,"Az Egyesült Államok közlekedési hatósága utasadatokat adott át az ICE-nak, hogy ki tudják szűrni a bevándorlókat",https://444.hu/2026/04/07/az-egyesult-allamok-kozlekedesi-hatosaga-utasadatokat-adott-at-az-ice-nak-hogy-ki-tudjak-szurni-a-bevandorlokat
13065c68b69e7ccf2554ecb1f045d1a862ce49c62899ba5cf1d5e73781fdf374,2026-04-07 14:34:36.818111+00:00,hu,444.hu,444.hu,2026-04-07,Magyar: Az USA is elengedte Orbán Viktor kezét,https://444.hu/2026/04/07/magyar-az-usa-is-elengedte-orban-viktor-kezet
ae3436d08321b3fae4278d6a84c7ed2349e1146280ddb552dc75f05928a0d8ce,2026-04-07 14:34:28.016720+00:00,hu,444.hu,444.hu,2026-04-07,Oroszország elhalasztja három holdküldetését,https://444.hu/2026/04/07/oroszorszag-elhalasztja-harom-holdkuldeteset
0de04e9a852c5aca3d1613a1d50e25997395df1ac7eaf82713b1a455dc04d0bd,2026-04-07 14:34:21.600692+00:00,hu,444.hu,444.hu,2026-04-07,"Nem, nem szabadna úgy látnunk Magyarország miniszterelnökét, hogy mulatósra kalimpál",https://444.hu/2026/04/07/nem-nem-szabadna-ugy-latnunk-magyarorszag-miniszterelnoket-hogy-mulatosra-kalimpal
ea83576f38313384c826b08cbd67169883dd0f268f290ea99dcbcc39bc53996b,2026-04-07 14:34:14.235395+00:00,hu,444.hu,444.hu,2026-04-07,Trump már az egész iráni civilizáció kiirtásával fenyegetőzik,https://444.hu/2026/04/07/trump-mar-az-egesz-irani-civilizacio-kiirtasaval-fenyegetozik
0cda5a5881d8d586026b504f0ffc088ddf9182ac79bb23111ddcf3742abe3b4f,2026-04-07 14:26:41.830938+00:00,hu,24.hu,24.hu,2026-04-07,Fegyverként is használható naperőművet telepítene az űrbe Kína,https://24.hu/tech/2026/04/07/fegyverkent-is-hasznalhato-naperomuvet-telepitene-az-urbe-kina/
c13ca05ed1d0faef9fdd145ff67cb783a2583898a9aabb37e55fe77c5cb28660,2026-04-07 14:26:06.332911+00:00,hu,24.hu,24.hu,2026-04-07,Az Egyesült Államok már a Trump által kitűzött határidő előtt bombázta a Kharg-sziget olajfinomítóját,https://24.hu/kulfold/2026/04/07/az-egyesult-allamok-mar-a-trump-altal-kituzott-hatarido-elott-bombazta-a-harg-sziget-olajfinomitojat/
cb6a33e0c27cbee558bed435b49aff027970f65670ca77ca5c74b581663f4898,2026-04-07 14:25:07.819161+00:00,hu,24.hu,24.hu,2026-04-07,Ezért hallott korábban több űrhajós is furcsa zajt a Hold túlsó oldalán,https://24.hu/tech/2026/04/07/hold-tulso-oldala-furcsa-zaj-apollo-10-11/
7cf885337b759c0e4f11d3ac8444419040a2559d29fbe622d894121727f6c985,2026-04-07 14:25:01.797736+00:00,hu,24.hu,24.hu,2026-04-07,Magyar Péter: Az USA is elengedte Orbán kezét,https://24.hu/belfold/2026/04/07/magyar-peter-az-usa-is-elengedte-orban-kezet/
af419ccc59f9f03edf588cf774d30d550e47285ce4e4b41dfa0257861b4b6a75,2026-04-07 14:24:34.953683+00:00,hu,24.hu,24.hu,2026-04-07,"Nem tárgyalják gyorsított eljárásban az Aston Martin-os gázoló ügyét, reagált az ügyvéd",https://24.hu/belfold/2026/04/07/aston-martin-gazolas-nem-lesz-gyorsitott-eljaras/
09c63d06c5fe42dacb7ca2ce4e36d9fe1852b11503095b3283623f37714b2cfe,2026-04-07 13:46:22.706732+00:00,hu,24.hu,24.hu,2026-04-07,Rogán 50 milliós kedvezményes lakáskölcsönt vezetett be a titkosszolgálatok dolgozóinak,https://24.hu/belfold/2026/04/07/rogan-antal-nemzetbiztonsagi-szolgalatok-50-millios-lakaskolcson/
04049914560e212d3ccd0df1df8cbdd05f1cb5c5d11777db80c69256052fd79f,2026-04-07 13:46:17.457112+00:00,hu,24.hu,24.hu,2026-04-07,Elnézést kért a húsvéti politikai prédikációért a fóti katolikus egyházközség,https://24.hu/belfold/2026/04/07/kampany-egyhaz-bocsanatkeres/
93a00b92d3f372762c19840903162d101db31b0fb54c6d51809d7673251545b8,2026-04-07 13:46:12.472279+00:00,hu,24.hu,24.hu,2026-04-07,"Trump szerint egy egész civilizáció hal meg ma este, ha Irán nem köt megállapodást",https://24.hu/kulfold/2026/04/07/trump-szerint-egy-egesz-civilizacio-hal-meg-ma-este-ha-iran-nem-kot-megallapodast/
0cf2fcaf8a48028549e318201bc52afd2ae39ee1afbc680ed05376d784982435,2026-04-07 13:45:52.142005+00:00,hu,24.hu,24.hu,2026-04-07,MOK: ezeknek a kórházaknak kritikus a helyzete,https://24.hu/belfold/2026/04/07/mok-korhaz-hodmezovasarhely-mako/
541c97582125727270b184826ab297017d607d18d9258ae92c627714bce0452b,2026-04-07 13:45:41.137848+00:00,hu,24.hu,24.hu,2026-04-07,"Magyar kutatás mutatja meg, hogyan hat agyunkra valójában a kannabisz",https://24.hu/tudomany/2026/04/07/kannabis-fuggoseg-hasznalat/
f6414e3da1e8f9a3fceccad4d8f534828cac2e98c816528671c160f0485c87f7,2026-04-07 13:45:23.407737+00:00,hu,24.hu,24.hu,2026-04-07,"Meghalt Czigány György, a Ki nyer ma? műsorvezetője",https://24.hu/kultura/2026/04/07/meghalt-czigany-gyorgy-radio/
e71fc57bd8d8e8e34908a8d5da20282920565c27b04f4b03b28aaae54cbf2657,2026-04-07 13:45:18.376029+00:00,hu,24.hu,24.hu,2026-04-07,Nem engedik be Kanye Westet Nagy-Britanniába,https://24.hu/kultura/2026/04/07/kanye-west-nagy-britannia/
75a9fbc925a19c901e937ce39a5c8eb6eec982df3fdda15fb3e80cedc9440d99,2026-04-07 13:44:35.431468+00:00,hu,24.hu,24.hu,2026-04-07,Külön világbajnokságot kap a maratonfutás,https://24.hu/sport/2026/04/07/atletika-maratoni-vilagbajnoksag-tervezet/
de4c905573a050cc1d43e10283ecd8e65486d16e38b263b10525c4ac077a19a0,2026-04-07 13:43:38.707267+00:00,hu,444.hu,444.hu,2026-04-07,JD Vance a brüsszeli bürokraták beavatkozásaitól félti a magyar választásokat,https://444.hu/2026/04/07/jd-vance-a-brusszeli-burokratak-beavatkozasaitol-felti-a-magyar-valasztasokat?utm_source=hirstart&utm_medium=referral&utm_campaign=ct
665d2d06effe447ba93318a22c5fea644416e14554b3fe36f27f4eaac9be1a20,2026-04-07 13:42:40.820317+00:00,hu,24.hu,24.hu,2026-04-07,"„Erőszakkal, megfélemlítéssel és megalázóan bánt a gyerekekkel” – megrázó vallomást tett a 18 éves magyar műkorcsolyázó",https://24.hu/sport/2026/04/07/zsembery-katinka-mukorcsolya-gyermekbantalmazas-sebestyen-julia/
c1c6f53b172b231065986c9aae954cca7beededfc1cefcce5cce5d35e23157da,2026-04-07 13:26:22.263608+00:00,hu,24.hu,24.hu,2026-04-07,"Ha Orbán kikap a választáson, az új miniszterelnökkel is együtt fognak működni?",https://24.hu/belfold/2026/04/07/ha-orban-kikap-a-valasztason-az-uj-miniszterelnokkel-is-egyutt-fognak-mukodni/
4ce23df37c70b933d210497f1db6439fbad2c351b6428b619d350ddd9583ef6e,2026-04-07 13:25:44.149393+00:00,hu,24.hu,24.hu,2026-04-07,Mit jelent a magyar-amerikai energetikai együttműködés?,https://24.hu/belfold/2026/04/07/mit-jelent-a-magyar-amerikai-energetikai-egyuttmukodes/
1873c2a6f5e99451c7330c6732f625762a541f0cd6a85899f1e1c19c4df0d32d,2026-04-07 13:25:31.540206+00:00,hu,24.hu,24.hu,2026-04-07,Kérdés Vance-nek: mi a helyzet Iránnal?,https://24.hu/belfold/2026/04/07/kerdes-vance-nek-mi-a-helyzet-irannal/
e894cc38d239d6482ba58543ba134a164d55d4cf3e455b1610c639c52c661fe2,2026-04-07 13:25:11.722270+00:00,hu,24.hu,24.hu,2026-04-07,"Manapság alig látni, most mégis friss fotók kerültek elő a 73 éves David Hasshelhoffról",https://24.hu/elet-stilus/2026/04/07/david-hasshelhoff-friss-fotok-osz-haj-szemuveg/
d7daea4a4c0a103727163baa00d237f717f40cc00d7c22e3633f8db318f71ac2,2026-04-07 12:44:13.047608+00:00,hu,24.hu,24.hu,2026-04-07,Hadházy Ákos nagyon kiakadt a Kúriára,https://24.hu/belfold/2026/04/07/hadhazy-akos-kuria-nemzeti-peticio-valasztas-2026/
07e4eba83c27e46aa315fb382121430b41807bc4ae3a249492991d38f7b41366,2026-04-07 12:44:07.795251+00:00,hu,24.hu,24.hu,2026-04-07,Vance: Brüsszel tönkre akarja tenni Magyarországot,https://24.hu/belfold/2026/04/07/vance-brusszel-tonkre-akarja-tenni-magyarorszagot/
7a5db6150eae5ce3b763cabcdf21fe193e2d0b90aebdaa64c25d48eeac115cc1,2026-04-07 12:44:00.990454+00:00,hu,24.hu,24.hu,2026-04-07,"Láthatatlan kezek irányítanak"" – a Real Madrid TV a Barcelona győzelme után ment neki a játékvezetésnek",https://24.hu/sport/foci/2026/04/07/barcelona-atletico-madrid-gerard-martin-piros-lap-real-madrid-tv/
e917bb91e8cffad97a75fe04848209f25b90351e7d0b5849558550520be528de,2026-04-07 12:43:55.999799+00:00,hu,24.hu,24.hu,2026-04-07,Vadon Jani is Heti Hetes-szereplő lesz – ezért mondott igent az RTL-nek,https://24.hu/elet-stilus/2026/04/07/heti-hetes-vadon-jani-rtl/
092d53441430deb597a90450738084f1faa1aa980da1054c1411d389e185e9a2,2026-04-07 12:43:20.572596+00:00,hu,24.hu,24.hu,2026-04-07,Újabb Heti Hetes szereplőt jelentettek be: Hajós András örülhet neki a legjobban,https://24.hu/elet-stilus/2026/04/07/heti-hetes-utolso-szereplo-linczenyi-marko/
1dacb471f5d3576a63905df37e51915b46317857280d9f5a1b5a8bb8d62cb9eb,2026-04-07 12:43:16.235843+00:00,hu,24.hu,24.hu,2026-04-07,Orbán: Megerősítettük a stratégiai együttműködést az űripari és védelmi területen,https://24.hu/belfold/2026/04/07/orban-megerositettuk-a-strategiai-egyuttmukodest-az-uripari-es-vedelmi-teruleten/
1e7603b6cd1972e09e6b698030755deffec3cfe5eebd2cb5935b830bc0e9c267,2026-04-07 12:43:09.655482+00:00,hu,24.hu,24.hu,2026-04-07,Vance: A brüsszeli bürokrácia befolyásolni próbálja a magyar választást,https://24.hu/belfold/2026/04/07/vance-a-brusszeli-burokracia-befolyasolni-probalja-a-magyar-valasztast/
baf41a2a9960aec61d9f9309c1f7766849419fb3bd8a8b468471864b2f556784,2026-04-07 12:43:04.689199+00:00,hu,24.hu,24.hu,2026-04-07,"Kanye West brit zsidókkal akar találkozni, hogy csitítsa a londoni fesztiválbalhéját",https://24.hu/kultura/2026/04/07/kanye-west-london-fesztival-antiszemita/
ceab315e979a7d58e483e88ec872a95434ce3accdb2cdeee29e2bdddf835b186,2026-04-07 12:42:59.419862+00:00,hu,24.hu,24.hu,2026-04-07,Jönnek a reggeli fagyok: így védhetjük meg a gyümölcsfákat,https://24.hu/tudomany/2026/04/07/reggeli-fagy-idojaras-elorejelzes-gyumolcsfa-vedelem/
4f4d9886d25cb9436b2f1416c7ff775c56591af679e8fa3cb977262c8d678881,2026-04-07 12:42:48.592063+00:00,hu,24.hu,24.hu,2026-04-07,Próbáltak megoldást találni az ukrajnai háború lezárására?,https://24.hu/belfold/2026/04/07/probaltak-megoldast-talalni-az-ukrajnai-haboru-lezarasara/
dcacefece1319041449224a31e8697ec3122d38d84276333d79e67e10af32fe1,2026-04-07 12:19:12.053840+00:00,hu,444.hu,444.hu,2026-04-07,"Térkővel, léccel, fém kandeláberrel is ütlegelte a wc automatáját a férfi, hogy megszerezze a benne lévő pénzt, de 198 ütés is kevés volt",https://444.hu/2026/04/07/terkovel-leccel-fem-kandelaberrel-is-utlegelte-a-wc-automatajat-a-ferfi-hogy-megszerezze-a-benne-levo-penztde-198-utes-is-keves-volt?utm_source=rss_feed&utm_medium=rss&utm_campaign=rss_syndication
325199a02349a02ba7d1f65f5da789b13e1c2b72df4302f6069728821ed44eb0,2026-04-07 12:19:06.415282+00:00,hu,444.hu,444.hu,2026-04-07,"Orbán szembesült azzal, hogy már nem uralja az emberek figyelmét",https://444.hu/2026/04/07/orban-szembesult-azzal-hogy-mar-nem-uralja-az-emberek-figyelmet?utm_source=rss_feed&utm_medium=rss&utm_campaign=rss_syndication
2eb35d45734a0abc220260d2faf415740a2797ad6078ef33ccdbcac391c63a45,2026-04-07 12:18:44.744786+00:00,hu,444.hu,444.hu,2026-04-07,18 forinttal emelkedik a dízel piaci ára szerdától,https://444.hu/2026/04/07/18-forinttal-emelkedik-a-dizel-piaci-ara-szerdatol?utm_source=rss_feed&utm_medium=rss&utm_campaign=rss_syndication
bdbe66b826f03bb1e9da520a11c1977a996a6172b829eb66358d5ad4613b68d5,2026-04-07 12:18:25.424241+00:00,hu,444.hu,444.hu,2026-04-07,"Bige szerint Lázár János miatt nem kaptak hatósági engedélyt, beperli az államot",https://444.hu/2026/04/07/bige-szerint-lazar-janos-miatt-nem-kaptak-hatosagi-engedelyt-beperli-az-allamot?utm_source=rss_feed&utm_medium=rss&utm_campaign=rss_syndication
5891f5e73f0dc421c65bc4df897481ec69404e18013d97c74d1a2f9356f6e5ef,2026-04-07 12:18:10.241891+00:00,hu,444.hu,444.hu,2026-04-07,"Pálinkás Szilveszter állítja, New York-i állást is ajánlott neki a miniszter, ha nem ad interjút",https://444.hu/2026/04/07/new-york-i-allast-is-ajanlott-a-miniszter-palinkas-szilveszternek-ha-nem-ad-interjut?utm_source=rss_feed&utm_medium=rss&utm_campaign=rss_syndication
d11cb60b910c14de75ed1ad3f5a97456cff50d36326b4201e0221ea180408058,2026-04-07 12:18:01.705089+00:00,hu,444.hu,444.hu,2026-04-07,Teherautóval ütközött egy francia szupergyors vonat Lens közelében,https://444.hu/2026/04/07/katonai-teherautoval-utkozott-egy-francia-szupergyors-vonat-lens-kozeleben?utm_source=rss_feed&utm_medium=rss&utm_campaign=rss_syndication
fa1bf663f7211d34b31691cf90b178799babd6c092c588fc49cbb232bdb631f2,2026-04-07 12:17:56.633148+00:00,hu,444.hu,444.hu,2026-04-07,"35 percet gyalogolhattak a reptér felé azok, akik Vance érkezése körül akartak kijutni",https://444.hu/2026/04/07/35-percet-gyalogolhattak-a-repter-fele-azok-akik-vance-erkezese-korul-akartak-kijutni?utm_source=rss_feed&utm_medium=rss&utm_campaign=rss_syndication
bbb306405c1e4b3541ad84fa3acb835e739b2a9abbcad0b1dd292b7ace7cbba2,2026-04-07 12:17:46.685303+00:00,hu,444.hu,444.hu,2026-04-07,Már több mint 151 ezer levélszavazat érkezett a Nemzeti Választási Irodához,https://444.hu/2026/04/07/mar-tobb-mint-151-ezer-levelszavazat-erkezett-a-nemzeti-valasztasi-irodahoz?utm_source=rss_feed&utm_medium=rss&utm_campaign=rss_syndication
9814f5166d159436d25ce9bad061b86f776d35c151ffeb0e27bbc388b15cd069,2026-04-07 11:37:36.064338+00:00,hu,24.hu,24.hu,2026-04-07,Szektorbezárást kapott a Nyíregyháza labdarúgócsapata,https://24.hu/sport/foci/2026/04/07/nb1-nyiregyhaza-spartacus-szektorbezasaras-rasszizmus-mlsz/
003bd309e96303d53c2a01539b5d29ddd9779584c7ded516cd4e79f1dc6102a3,2026-04-07 11:37:30.002692+00:00,hu,24.hu,24.hu,2026-04-07,"Mi ez a mese az oroszlánról és az egérről, amit Orbán említett Putyinnak?",https://24.hu/kultura/2026/04/07/oroszlan-es-eger-orban-putyin/
468fa4ccd261196fe5d145b040e4e75716a2aa73177cbca2fcc85c9850fb6e93,2026-04-07 11:31:19.218769+00:00,hu,24.hu,24.hu,2026-04-07,Politico: Orbán még egy utolsót kockáztat a MAGA-kártya kijátszásával,https://24.hu/belfold/2026/04/07/politico-orban-meg-egy-utolsot-kockaztat-a-maga-kartya-kijatszasaval/
84afb3de165242414cbfc18a8d8d3f3f2edbc8ef48e80c0d87c09777197f7126,2026-04-07 11:31:14.277170+00:00,hu,24.hu,24.hu,2026-04-07,Szijjártó Péter: Orbán Viktor és Donald Trump barátsága gyakorlatilag új aranykort hozott létre ebben a rendszerben,https://24.hu/belfold/2026/04/07/szijjarto-peter-orban-viktor-es-donald-trump-baratsaga-gyakorlatilag-uj-aranykort-hoztak-letre-ebben-a-rendszerben/
8cbb3648c46db49ff8e338b0fe9d0a9870b722db215057612b27425ccdec7843,2026-04-07 11:31:08.992550+00:00,hu,24.hu,24.hu,2026-04-07,Dióssy Klári visszatér a Ridikülbe: először beszél súlyos betegségéről,https://24.hu/elet-stilus/2026/04/07/diossy-klari-sulyos-betegseg/
f1ed88dfe09b77b15384733001b0933a7782dce98eb2af9373f69e197fe30ddd,2026-04-07 11:31:03.865429+00:00,hu,24.hu,24.hu,2026-04-07,"Elkeseredésében fém kandelláberrel próbálkozott a vécéautomatára kétszázszor lesújtó férfi, ám így is hoppon maradt – videó",https://24.hu/belfold/2026/04/07/kaposvar-rongalas-mosdo-kandellaber/
e6945fe5463d853192260a891010e9b583483d3cc61b8d8f37c93114a8033de9,2026-04-07 11:30:49.562253+00:00,hu,24.hu,24.hu,2026-04-07,Hárman meghaltak egy lövöldözésben Izrael isztambuli konzulátusánál,https://24.hu/kulfold/2026/04/07/harman-meghaltak-egy-lovoldozesben-izrael-isztambuli-konzulatusanal/
59cfa10ed7f52868967d390a75a03fb869f908aae6ee84bae039cfdb8c6dca52,2026-04-07 11:29:57.681611+00:00,hu,24.hu,24.hu,2026-04-07,Itt a teljes Putyin–Orbán beszélgetés 2025 októberéből,https://24.hu/belfold/2026/04/07/orban-putyin-teljes-beszelgetes/
e4ea79bbd4893575f19fe03bb408eb546191d72e18272f4e3db4495b383287e9,2026-04-07 11:29:43.761548+00:00,hu,24.hu,24.hu,2026-04-07,Ugrik egy nagyot szerdán a gázolaj piaci ára,https://24.hu/fn/gazdasag/2026/04/07/uzemanyagarak-emelkedes-aprilis-8/
4125b213906f23cbddbcf45ae97d7bfbef70ae213136b8c7a1bd967bc3a0dd89,2026-04-07 11:29:19.401595+00:00,hu,24.hu,24.hu,2026-04-07,"Sokkos állapotban vagyok"" – a svédek hőse nem lehet ott a nyári világbajnokságon",https://24.hu/sport/2026/04/07/foci-vb-2026-sved-valogatott-gustav-lundgren-serules/
18dac8e0ce8bee38dd719f51e3d8a68626f851cbc315fc6a10e2cbbbf20f6b38,2026-04-07 11:29:06.672252+00:00,hu,24.hu,24.hu,2026-04-07,Kiszámolták: ennyi embert tudna maximum eltartani a Föld,https://24.hu/tudomany/2026/04/07/kutatas-fold-nepesseg-maximum-optimalis/
1bf48dd5462829ca9dfef51b21da58fbb9e30427a0d7ae87866a7b721cfb4242,2026-04-07 11:20:46.983663+00:00,hu,24.hu,24.hu,2026-04-07,Toroczkai László: A Mi Hazánk és a Tisza harcáról fognak szólni a következő évek,https://24.hu/belfold/2026/04/07/toroczkai-laszlo-mi-hazank-interju-valasztas-2026/
8c663929130ff0923ab0b5fc70992baf5fcea8294e1a3bec137969ba95abd24b,2026-04-07 10:39:23.679111+00:00,hu,24.hu,24.hu,2026-04-07,Félreértettük eddig a maják ősi civilizációját,https://24.hu/tudomany/2026/04/07/maja-birodalom-civilizacio-ujrairasa/
5fd52b43dd25c67f754fcf862be383236dc430c149ffe493e918895f8593b5e3,2026-04-07 10:39:14.128216+00:00,hu,24.hu,24.hu,2026-04-07,"500 millió eurónyi szándékos kárt okoztak a cégcsoportunknak"" – Bige László nyílt levélben üzent Lázár Jánosnak",https://24.hu/belfold/2026/04/07/bige-laszlo-nyilt-level-lazar-janos/
1ccbc1a4f4436cf0151b95b2499fd5359f79bac6b97ceea69035821ead6030a5,2026-04-07 10:38:47.116216+00:00,hu,24.hu,24.hu,2026-04-07,Rangos brit irodalmi díjat kapott Moskát Anita,https://24.hu/kultura/2026/04/07/moskat-anita-scifi-mesterhazugsag/
93017a6e4cd9a9983d910d62e188f542c8ec5a2ee466c04834deda5ce4876261,2026-04-07 10:38:40.332686+00:00,hu,24.hu,24.hu,2026-04-07,"Republikon: Magyar Pétert 41, Orbán Viktort 38 százalék tartja alkalmasnak miniszterelnöknek",https://24.hu/belfold/2026/04/07/republikon-orban-magyar-konpetencia/
e5d5d0da2a3bb613e7bc8de5694ac831eae62c6ab287888eb527f29fc7024f33,2026-04-07 10:38:23.680526+00:00,hu,24.hu,24.hu,2026-04-07,"„Bármilyen ügyben, amelyben segítségre lehetek, rendelkezésre állok” – a Bloomberg nyilvánosságra hozta Orbán és Putyin tavaly októberi beszélgetésének leiratát",https://24.hu/belfold/2026/04/07/orban-putyin-telefonbeszelgetes-leirat/
e28ee2993b81635fb120b67c5dda99c518dabc92d86758e5d6ca4dd0a093a243,2026-04-07 10:38:07.717512+00:00,hu,24.hu,24.hu,2026-04-07,"„Ilyen ronda se voltam még soha” – mondta Rubint Réka, mikor kihullott a haja",https://24.hu/elet-stilus/2026/04/07/rubint-reka-hajhullas/
96cf96f10acc31a73974e45a552b809735232c373b831cd073ac7bbf5de66648,2026-04-07 10:38:02.570256+00:00,hu,24.hu,24.hu,2026-04-07,Marsi Anikó: A magyar fiataloknak mi keresnivalója lenne egy háborúban katonaként? Semmi!,https://24.hu/elet-stilus/2026/04/07/marsi-aniko-magyar-fiatalok-haboru/
2e55db3287e185af0986adcad38151613c9a73471e30b7c24dbf975dce06c9d0,2026-04-07 10:37:30.929206+00:00,hu,24.hu,24.hu,2026-04-07,Vance látogatása miatt gyalogolniuk kellett a reptérre igyekvő utasoknak,https://24.hu/belfold/2026/04/07/vance-latogatasa-miatt-gyalogolniuk-kellett-a-repterre-igyekvo-utasoknak/
e8ba832fca8e88df737e057979565cb623358bd2ece2077996434880a3fb2346,2026-04-07 10:37:19.396208+00:00,hu,24.hu,24.hu,2026-04-07,Orbán és Vance amerikai olajvásárlásról köt egyezséget – sajtóértesülés,https://24.hu/belfold/2026/04/07/orban-es-vance-amerikai-olajvasarlasrol-kot-egyezseget-sajtoertesules/
df9ac8bf979962533a072a46af36ee36d1f6742f3e9d3800c9e1e20d3c7902db,2026-04-07 10:36:20.854099+00:00,hu,24.hu,24.hu,2026-04-07,"Európa egyik legcsodálatosabb arénájában, egy fantasztikus szurkolótábora előtt léphetek pályára hétről hétre"" – hosszabbított a szegedi átlövő",https://24.hu/sport/2026/04/07/kezilabda-szeged-borut-mackovsek-szerzodeshosszabbitas/
0560a4335328dbcae84b925ec9eb875ab78d211aca5f29c89ee13fbac14cff24,2026-04-07 09:39:29.359773+00:00,hu,444.hu,444.hu,2026-04-07,"Mesébe illő diplomácia: Orbán népmesei egérként segítette volna az orosz oroszlánt, Putyint",https://444.hu/2026/04/07/mesebe-illo-diplomacia-orban-nepmesei-egerkent-segitette-volna-az-orosz-oroszlant-putyint?utm_source=hirstart&utm_medium=referral&utm_campaign=ct
6a0ab9a331b197d2d8a30bf7825794d0dd4cb3024a521571fbabce62ea886d3f,2026-04-07 09:34:09.393358+00:00,hu,24.hu,24.hu,2026-04-07,"Először vihettek mobilt az űrbe az asztronauták, különleges iPhone modellt kaptak",https://24.hu/tech/2026/04/07/apple-iphone-nasa-artemis-2-reszletek/
8a5100589c5b472d6acb8341e49eece4ab79da138c6cf4c0f3cc463ecc9f83ae,2026-04-07 09:33:46.356475+00:00,hu,24.hu,24.hu,2026-04-07,"Havi százezret kapott egy nő azért, hogy a cége számlájára érkezhessenek a bűncselekményekből származó milliók",https://24.hu/belfold/2026/04/07/havi-szazezret-kapott-egy-no-azert-hogy-a-cege-szamlajara-erkezhessenek-a-milliok/
425e814e7ea03ce0e0d698b8e37f3e34429cfe9e88d29a3cc62fe93dcc9e800b,2026-04-07 09:33:41.359649+00:00,hu,24.hu,24.hu,2026-04-07,Szijjártó Péter fogadta Vance-t,https://24.hu/belfold/2026/04/07/szijjarto-peter-fogadta-vance-t/
95478ad23d14372e647a45e6571a335e23703485cc9ade3911eaaacae5968341,2026-04-07 09:33:36.361991+00:00,hu,24.hu,24.hu,2026-04-07,"„Az egész pohárral kellett volna, miniszter úr” – elégedetlenkedett a Mokka műsorvezetője, mire Hankó Balázs nyakon öntötte egy deci vízzel",https://24.hu/elet-stilus/2026/04/07/hanko-balazs-locsolas-zavaros-eszter-tv2-mokka/
8a0b50282f9dc2d85621bce32e806f41518a486fd367811e171a3dd507d3f7e6,2026-04-07 09:33:22.613213+00:00,hu,24.hu,24.hu,2026-04-07,JD Vance megérkezett Budapestre,https://24.hu/belfold/2026/04/07/jd-vance-megerkezett-budapestre/
2fe4286edf2b62d3c8e706dddb6fb996acdd0b2227599e6f4a7fc5c8c44d7343,2026-04-07 09:32:55.628021+00:00,hu,24.hu,24.hu,2026-04-07,"Tűzzel játszik, aki így szerel fel kamerát a házára",https://24.hu/otthon/2026/04/07/haz-kamera-gdpr/
436e3b5ed25d753cf7d5aaf58e11800d37451da0f4910a7e859ee35864d55499,2026-04-07 09:32:50.375071+00:00,hu,24.hu,24.hu,2026-04-07,"Ne kiabálj, mert úgysem hallja senki!"" – mondta a buszon megismert nőnek, majd elővette a kést és a péniszét",https://24.hu/belfold/2026/04/07/miskolc-szexualis-eroszak-rablas/
1c3d3101c7aab6bb1534efdc9e1043ea9713e2dc3b9680e7daf8f992a1f614e3,2026-04-07 09:32:45.506313+00:00,hu,24.hu,24.hu,2026-04-07,"Reakció Belgrádból: ""Ezek azok az okok, amelyek miatt Vucic segíteni akart Orbánnak""",https://24.hu/kulfold/2026/04/07/orban-vucic-magyar-szerb-hatar-robbanoanyag/
827e9496ffdabf76288ff64db1e4fdd9beac1a5b4a6ae4f5369eb10fe1d30c40,2026-04-07 09:32:17.719516+00:00,hu,24.hu,24.hu,2026-04-07,Rám séf még nem volt ilyen hatással – Takács Lajos halálára,https://24.hu/kultura/2026/04/07/takacs-lajos-olimpia-sef-szakacs-nekrolog/
a4f8f7b59e482e67f729cc87b7d6436bbc713b5df115646d79e8933ad19bef46,2026-04-07 09:32:12.709962+00:00,hu,24.hu,24.hu,2026-04-07,Halálos baleset miatt lezárták az M5-öst Budapest felé,https://24.hu/belfold/2026/04/07/m5-os-halalos-baleset-lezaras/
9bebe7cc12a4c25714da916d413662932488527c9ea0a00a4a2580201ac20d1c,2026-04-07 08:38:41.765477+00:00,hu,24.hu,24.hu,2026-04-07,"Kihagyja a vb-selejtezőket a magyar kosaras, akinek eltört az állkapcsa",https://24.hu/sport/2026/04/07/noi-3x3-kosarlabda-valogatott-vb-selejtezo-papp-klaudia/
097521ed97f1a96ff817f922d9d1257ed7de8b1e70692b838ca352854f6fb45e,2026-04-07 08:33:49.970702+00:00,hu,24.hu,24.hu,2026-04-07,"Magyar Péter üzent JD Vance-nek: Ne a magyar emberek fizessék meg az árát, hogy Orbán Viktor mellett kampányol",https://24.hu/belfold/2026/04/07/magyar-peter-uzent-jd-vance-nek-ne-a-magyar-emberek-fizessek-meg-az-arat-hogy-orban-viktor-mellett-kampanyol/
8636f98e7992f354742a9a3fccad4026b8ea6476f11947dc95c085740e1916e1,2026-04-07 08:33:07.976173+00:00,hu,24.hu,24.hu,2026-04-07,"Én javasoltam nekik a szlogent, hogy ígérjenek rá a Tiszára"" – mondja állítólag Debrecen alpolgármestere a Jobbik jelöltjéről egy hangfelvételen",https://24.hu/belfold/2026/04/07/barcsa-lajos-jobbik-debrecen/
41f21999c21b5177d14248ea3feb129c99e2f6b3038070fd169ba115effd90a7,2026-04-07 08:32:04.848346+00:00,hu,24.hu,24.hu,2026-04-07,"A kapus csak feküdt a gólvonalon, ő mégse tudott az üres kapuba lőni",https://24.hu/sport/foci/2026/04/07/brazil-bajnoksag-remo-gremio-kihagyott-helyzet/
0af870426919a9ebbc5d5dabe2c54916bf3667c8f57372b7d0d5b29a70aa84de,2026-04-07 08:31:54.565833+00:00,hu,24.hu,24.hu,2026-04-07,"Mi történik az emberi testtel a Holdon? A válasz ijesztőbb, mint gondolná",https://24.hu/tudomany/2026/04/07/nasa-artemis-misszio-holdbazis/
99d7f04ad0d2206682695b71cb4d46948d30936e1d0cf98db8b385bc173247da,2026-04-07 08:31:38.392356+00:00,hu,24.hu,24.hu,2026-04-07,"Megkerülte a Holdat az Artemis–2, már hazafelé tartanak az űrhajósok",https://24.hu/tech/2026/04/07/artemis-2-hold-megkerulese-hazaut/
1127695d07cda063624439fa123f3e100dfafd19a66681cce71c67c6300d5025,2026-04-07 08:18:51.990892+00:00,hu,444.hu,444.hu,2026-04-07,"Háborús bűncselekmény vádjával letartóztatták az ausztrál katonát, aki a legtöbb kitüntetést kapta",https://444.hu/2026/04/07/haborus-buncselekmeny-vadjaval-letartoztattak-az-ausztral-katonat-aki-a-legtobb-kituntetest-kapta?utm_source=rss_feed&utm_medium=rss&utm_campaign=rss_syndication
0fa6d51a293dcd894a3534ebe7673e856096060c876a081bcb9057ea1a8810ab,2026-04-07 08:18:36.851776+00:00,hu,444.hu,444.hu,2026-04-07,"A kínaiak és Mészárosék is panaszkodtak a kőre, amit Orbán apja szállított a Budapest-Belgrád vasúthoz",https://444.hu/2026/04/07/a-kinaiak-es-meszarosek-is-panaszkodtak-a-kore-amit-orban-apja-szallitott-a-budapest-belgrad-vasuthoz?utm_source=rss_feed&utm_medium=rss&utm_campaign=rss_syndication
512f1f893205088a56e870ad5421fcf1d8624df947b73df358e403ef95d766a0,2026-04-07 08:18:30.069484+00:00,hu,444.hu,444.hu,2026-04-07,"Trump egyáltalán nem aggódik amiatt, hogy háborús bűncselekményt követhet el Iránban",https://444.hu/2026/04/07/trump-egyaltalan-nem-aggodik-amiatt-hogy-haborus-buncselekmenyt-kovethet-el-iranban?utm_source=rss_feed&utm_medium=rss&utm_campaign=rss_syndication
576eea91e091469d2a6534d0135510ef4c1392a5d527b4b731f329a991426596,2026-04-07 08:18:20.743378+00:00,hu,444.hu,444.hu,2026-04-07,Telex: Kupacokban állt a fekete por az álmennyezet fölött a gödi Samsung gyárban,https://444.hu/2026/04/07/telex-kupacokban-allt-a-fekete-por-az-almennyezet-folott-a-godi-samsung-gyarban?utm_source=rss_feed&utm_medium=rss&utm_campaign=rss_syndication
aecabf8c2aace0e90a69610e7644943712b8cb6e10acd043a64de60bad1b53a4,2026-04-07 08:18:05.546699+00:00,hu,444.hu,444.hu,2026-04-07,"Meglőtték Floridában Offsetet, a rappert",https://444.hu/2026/04/07/meglottek-floridaban-offsetet-a-rappert?utm_source=rss_feed&utm_medium=rss&utm_campaign=rss_syndication
103638743b63a9caebc21f668dc3638acc18a356fda5504aaf53eb297bfe98bb,2026-04-07 07:37:28.117063+00:00,hu,444.hu,444.hu,2026-04-07,„Az ország sorsa akár 30 ezer szavazaton is múlhat”,https://444.hu/2026/04/07/az-orszag-sorsa-akar-30-ezer-szavazaton-is-mulhat-mondta-magyar-peter-rackeven-reggel-7-korul?utm_source=hirstart&utm_medium=referral&utm_campaign=ct
f2076c42a6fb4fe1158720f5b4b79717f787ca868eb6352a3bf5342cd67a39f7,2026-04-07 07:34:10.837887+00:00,hu,24.hu,24.hu,2026-04-07,"Az elnök helyett az alelnök jön, hogy Orbán mellett kampányoljon",https://24.hu/belfold/2026/04/07/az-elnok-helyett-az-alelnok-jon-hogy-orban-mellett-kampanyoljon/
3f8ec275b9cd94c8ac7c967d5351ef6136547bb859918b0d9a0d3a6d88bd0e10,2026-04-07 07:34:01.397030+00:00,hu,24.hu,24.hu,2026-04-07,"Ma senki ne üljön vonatra Iránban, üzeni az izraeli hadsereg",https://24.hu/kulfold/2026/04/07/ma-senki-ne-uljon-vonatra-iranban-uzeni-az-izraeli-hadsereg/
611c354569341645d71851bc86501b30cd9d3359f1927e5bd9a4d04e1290e483,2026-04-07 07:33:26.345091+00:00,hu,24.hu,24.hu,2026-04-07,"MCC-Kutató: A kampány utolsó hónapjaiban rendkívüli nyomást helyeztek rám, hogy Fidesz-propagandát írjak",https://24.hu/belfold/2026/04/07/mcc-kutato-fidesz-propaganda-valasztas/
8a8e0d87a73556c3e11b604ea74b961a85fd12cd1a0209fe14a127854cf5efab,2026-04-07 07:32:43.351320+00:00,hu,24.hu,24.hu,2026-04-07,JD Vance már úton van Budapestre,https://24.hu/belfold/2026/04/07/jd-vance-mar-uton-van-budapestre/
180698a63a2e3956d63b92a03c2706d5fc63336f790a1d5ae6156416958541a5,2026-04-07 07:32:23.711698+00:00,hu,24.hu,24.hu,2026-04-07,Meglőtték Offset rappert egy floridai kaszinó előtt,https://24.hu/kultura/2026/04/07/offset-lovoldozes-florida-rapper/
56f457531fc3493c9c7d1af659c9d49e904cb1d46da182ad55f6aceb1a5e824a,2026-04-07 07:32:18.813073+00:00,hu,24.hu,24.hu,2026-04-07,Ketyeg az óra: hamarosan lejár Trump Iránnak adott ultimátuma,https://24.hu/kulfold/2026/04/07/iran-kozel-kelet-haboru-hirfolyam-2/
642d7c3ccd568c1b80715370e05bba5ae337812ecc427b6270f068baa509dc55,2026-04-07 07:32:14.127811+00:00,hu,24.hu,24.hu,2026-04-07,JD Vance már úton van Magyarországra,https://24.hu/belfold/2026/04/07/jd-vance-magyarorszag-orban-viktor-elo/
eb24e131f5ecce1b4d318a0ecbee19da99fba06d2e80edf82c702803cf37fbcc,2026-04-07 07:31:58.084595+00:00,hu,24.hu,24.hu,2026-04-07,"Kevesebb mint 18 óra, és lejár az Iránnak adott ultimátum",https://24.hu/kulfold/2026/04/07/kevesebb-mint-18-ora-es-lejar-az-irannak-adott-ultimatum/
0318ed158a197e681414eac2d494542d474405830aa62202ae8624ddbe4288f4,2026-04-07 07:31:41.922218+00:00,hu,24.hu,24.hu,2026-04-07,Tóth Gabi reagált Tóth Vera kijelentéseire: „Nem kell egyet értenünk mindenben”,https://24.hu/elet-stilus/2026/04/07/toth-gabi-toth-vera-reakcio/
47379369f03d346adb9fbf086e7f13a304160b6c4366d2c1c1509fac40c51333,2026-04-07 07:31:37.034455+00:00,hu,24.hu,24.hu,2026-04-07,Svájci technológia hozhat áttörést a vizesedő magyar otthonok és a penész elleni küzdelemben,https://24.hu/belfold/2026/04/07/svajci-technologia-hozhat-attorest-a-vizesedo-magyar-otthonok-es-a-penesz-elleni-kuzdelemben/
87eb46364d62d83585ab4f676486a4bdb03d14497e93a97328a09a9343798b85,2026-04-07 07:24:48.345861+00:00,hu,24.hu,24.hu,2026-04-07,"Könnyű okoskodni tévéstúdiókból meg tanácsadói szerződések mögül"" – visszaszólt a DK politikusa a visszalépésüket nyílt levélben kérő volt baloldali vezetőknek",https://24.hu/belfold/2026/04/07/gy-nemeth-erzsebet-visszalepes-nyilt-level/
d7c7d2f0578eb35b9305ce9166456b60ae6ab1b34cc34bc058b530370478b2a1,2026-04-07 07:24:38.777978+00:00,hu,24.hu,24.hu,2026-04-07,Török Gábor: Orbán Viktor programjának meglepetése a budapesti zárás,https://24.hu/belfold/2026/04/07/orban-viktor-budapest-torok-gabor/
2082f9f6735f027f8553643bb464d2e4792f5547e6d4c63f31cb1d3e4b034287,2026-04-07 07:23:56.472705+00:00,hu,24.hu,24.hu,2026-04-07,"Lilu egyetlen okot emelt ki, amiért nem szavaz Orbán Viktorra",https://24.hu/elet-stilus/2026/04/07/lilu-miert-nem-szavaz-orban-viktorra/
69a4ce3d79d7e2ac318cc383fd38f2fa93b9988eeb2c1e925644e2a7bde53d9a,2026-04-07 07:23:45.534118+00:00,hu,24.hu,24.hu,2026-04-07,"A Juventus edzője nem is tudta, de az NB I-ben is használt fiatalszabállyal és magyaros ajánlással példálózott",https://24.hu/sport/foci/2026/04/07/olasz-valogatott-luciano-spalletti-nyilatkozat-serie-a-fiatalszabaly-hazai-jatekosok/
678e8e542be4ed8d51487b5d6ad940ea3d72a6483998267dd30cf624e94e42db,2026-04-07 07:20:12.114572+00:00,hu,24.hu,24.hu,2026-04-07,"Nagyinterjú Magyar Péterrel: ""Már zajlik a rendszerváltás""",https://24.hu/belfold/2026/04/07/magyar-peter-interju-valasztas-2026/
ab28030919d419515dd4073aedf43e7634d92ac65bd0230e6283096917205cdc,2026-04-07 06:29:48.309263+00:00,hu,24.hu,24.hu,2026-04-07,"Meghalt Madarász Katalin, a nótakirálynő",https://24.hu/kultura/2026/04/07/madarasz-katalin-meghalt/
d696fffb1e959c849e86a4a5129bba99a9e76c9e63959470990ac37a77e5d297,2026-04-07 06:29:22.579723+00:00,hu,24.hu,24.hu,2026-04-07,Nem tágít az erős szél,https://24.hu/belfold/2026/04/07/nem-tagit-az-eros-szel/
80d487d7f6ef095db37eb7d06ebc6785be29a2c261d98634e0fb6b4777718395,2026-04-07 06:29:17.438514+00:00,hu,24.hu,24.hu,2026-04-07,"Medián: A fideszesek közel fele a Tiszától, a teljes népesség viszont a Fidesztől számít választási csalásra",https://24.hu/belfold/2026/04/07/valasztasi-csalas-tisza-fidesz/
d91a66e4b6f015876ef29b4b4e3705f58960372f6263eab67ac3c4cbf7298e96,2026-04-07 06:29:10.457678+00:00,hu,24.hu,24.hu,2026-04-07,"Tóth Vera: Minden érző, alkotó, szerető, öntudatra ébredő embert kérek, hogy menjen el szavazni és szavazzon a változásra",https://24.hu/elet-stilus/2026/04/07/toth-vera-szavazas-politikai-kiallas/
8b2d6d962bf0c0908658b387cbe3cf57fc05f771cf218a1e8e794318e1657281,2026-04-07 06:28:58.719400+00:00,hu,24.hu,24.hu,2026-04-07,Orbán Viktor ezt üzente a rákbeteg Rubint Rékának,https://24.hu/elet-stilus/2026/04/07/orban-viktor-rubint-reka-komment/
80293ed657fe525acf56660e53361cdd6ec8145f49ea0dab40badd09bf8bab2d,2026-04-07 06:28:52.969324+00:00,hu,24.hu,24.hu,2026-04-07,"Mészáros Lőrinc cége is szóvá tette, hogy problémák vannak az építőanyaggal, amit Orbán Győzőék szállítanak a Budapest-Belgrád vasút építéséhez",https://24.hu/belfold/2026/04/07/dolomit-meszaros-lorinc-panasz/
5b2929aaeb764f5b980578b2d94487660be410a9d0e53a10d7d5a78a597437b1,2026-04-07 06:28:45.960416+00:00,hu,24.hu,24.hu,2026-04-07,JD Vance Magyarországon: Orbán miniszterelnök megmentési kísérlete,https://24.hu/kulfold/2026/04/07/jd-vance-magyarorszagon-orban-miniszterelnok-megmentesi-kiserlete/
db10576a14cddb41bcc4c0456ed57db5af841703bcc892bd772893b2453fba03,2026-04-07 06:28:36.537580+00:00,hu,24.hu,24.hu,2026-04-07,A GVH esküszegéssel vádolja vezető közgazdászát,https://24.hu/belfold/2026/04/07/gvh-reagalas-berezvai-zombor-partizan/
8b3f58295d3f48c39e8c883b402b41d7039cc5ec2155b831bada4535912cf822,2026-04-07 06:28:28.240482+00:00,hu,24.hu,24.hu,2026-04-07,"Keddi friss hírek, forgalom, időjárás – Reggeli pakk",https://24.hu/belfold/2026/04/07/keddi-friss-hirek-forgalom-idojaras-reggeli-pakk-422/
56e467235bed8c6e7d566f6e859ec5a1cc8c41714a129452329788400b68d3e2,2026-04-07 06:28:23.367178+00:00,hu,24.hu,24.hu,2026-04-07,"Telex: volt, hogy megbontották a gödi Samsung-gyár álmennyezetét, és 10-15 centi magasan állt fölötte a fekete por",https://24.hu/belfold/2026/04/07/samsung-sdi-gyar-fekete-por/
d66502504a790948c3368a9f863e525a628aa88c003738ccf01059fcdc93e3ed,2026-04-07 06:25:58.926902+00:00,hu,444.hu,444.hu,2026-04-07,Budapesten zárja a kampányát Orbán Viktor,https://444.hu/2026/04/07/budapesten-zarja-a-kampanyat-orban-viktor?utm_source=hirstart&utm_medium=referral&utm_campaign=ct
91f802f8e9a43b2fc1d5c46fa3bf0493c37040b62203b5fed884e86a0cb5c6a4,2026-04-07 04:29:48.574471+00:00,hu,24.hu,24.hu,2026-04-07,Fizika kvíz: mennyire emlékszel az általános iskolában tanultakra?,https://24.hu/tudomany/2026/04/07/kviz-altalanos-iskolai-fizika-alapok/
cea397235b111c22e860eb9df4339544f943d669d8cdd486e249e5120067d666,2026-04-07 04:23:02.872318+00:00,hu,24.hu,24.hu,2026-04-07,"Évadváró Eufória-kvíz: ezzel a 10 kérdéssel megtudhatod, készen állsz-e a folytatásra",https://24.hu/kultura/2026/04/07/euforia-sorozat-kviz/
1f315cd37f4ea7141fc763ff43b9cd59f362923a59efa8f9ef9962bed539a448,2026-04-07 03:29:01.264393+00:00,hu,24.hu,24.hu,2026-04-07,Kvíz: ismered a magyar sport sztárpárjait?,https://24.hu/sport/2026/04/07/kviz-magyar-sport-sztarparok/
f3ebc6b99b5e002264691fc7e442a7185a91d83d3c141435a7cb20cfc1e55bb5,2026-04-07 03:28:54.195318+00:00,hu,24.hu,24.hu,2026-04-07,"Kvíz: kitalálod, melyik magyar színész látható az archív képen? – II. felvonás",https://24.hu/elet-stilus/2026/04/07/kviz-magyar-szineszek-fiatalon-napi-kepek/
ced9e9bc726e8f73bb7554167a3ef2255287a2f45578283203854dcd6265e293,2026-04-07 02:22:12.797882+00:00,hu,24.hu,24.hu,2026-04-07,A minimalista győzelmek királya újabb skalpot szerzett a rangadón,https://24.hu/sport/foci/2026/04/07/serie-a-napoli-milan/
0640cb84bd4965e23629b551a7f48568eac341765f552cdcd20df811a6e42806,2026-04-06 23:32:11.277380+00:00,hu,444.hu,444.hu,2026-04-07,Ezek történtek húsvétkor,https://444.hu/2026/04/07/ezek-tortentek-husvetkor?utm_source=rss_feed&utm_medium=rss&utm_campaign=rss_syndication
69b749146743bcbc3921a797054f3223320aa7c7386f18ea1329f392c046190c,2026-04-06 23:31:22.911068+00:00,hu,444.hu,444.hu,2026-04-06,"Felsőbb utasításra leállított vizsgálatról, a kormánynak kellemetlen megállapítások átírásáról és a NER-ellenségekre kiszabott túlzó büntetésekről beszélt a GVH vezető közgazdásza",https://444.hu/2026/04/06/felsobb-utasitasra-leallitott-vizsgalatrol-a-kormanynak-kellemetlen-megallapitasok-atirasarol-es-a-ner-ellensegekre-kiszabott-tulzo-buntetesekrol-beszelt-a-gvh-vezeto-kozgazdasza?utm_source=rss_feed&utm_medium=rss&utm_campaign=rss_syndication
17ae77aa2132272fa536b47489256ba631e2ea169ada24cf91d314b9209c527c,2026-04-06 21:27:40.016582+00:00,hu,24.hu,24.hu,2026-04-06,Az energetikai létesítményekre vonatkozó részleges tűzszünetet javasol az ukrán elnök,https://24.hu/kulfold/2026/04/06/zelenszkij-energetikai-letesitmenyek-tuzszunet-javaslat/
14ed3858c1ab5be27c1674da5f008125b6cfc5ccaac9bac4d0c0d8db0bdf092f,2026-04-06 20:35:37.612669+00:00,hu,444.hu,444.hu,2026-04-06,"Hősként ünneplik a bosnyákok a 14 éves labdaszedőt, aki ellopta Donnarumma súgócetlijét",https://444.hu/2026/04/06/hoskent-unneplik-a-bosnyakok-a-14-eves-labdaszedot-aki-ellopta-donnarumma-sugocetlijet
0484ec9296ab844974159b39c2bdce07352d398f99e8a5af0136af8e5c6efaee,2026-04-06 20:35:24.758694+00:00,hu,444.hu,444.hu,2026-04-06,Egy nappal az esemény előtt is toboroznak nézőket Orbán Viktor és J. D. Vance keddi gyűlésére,https://444.hu/2026/04/06/egy-nappal-az-esemeny-elott-is-toboroznak-nezoket-orban-viktor-es-jd-vance-keddi-gyulesere
0ed46c984159feebb10ec4dc725210012cf4f2b60f8921487b54ed7c702c0239,2026-04-06 20:26:27.572472+00:00,hu,24.hu,24.hu,2026-04-06,Történelmi pillanat: az Orion űrhajó már megdöntötte az Apollo-13 rekordját,https://24.hu/tech/2026/04/06/artemis-2-kuldetes-rekord-apollo-13/
c0567711f67736d3e882734b9029d0e38973128d1a05482d62b4a7c3716e7733,2026-04-06 20:24:57.803875+00:00,hu,24.hu,24.hu,2026-04-06,A kormányzati iparosítás ára: Debrecenben a legélesebb a lakhatási válság,https://24.hu/belfold/2026/04/06/debreceni-lakhatasi-valsag-iparositas-akkugyar/
e7afd7112b2e751018d659f09d7ca9028c533891bfd8d106b407fe735f3e3e5f,2026-04-06 20:23:50.112339+00:00,hu,24.hu,24.hu,2026-04-06,A nap legfontosabb hírei – 2026. április 6.,https://24.hu/belfold/2026/04/06/a-nap-legfontosabb-hirei-2026-aprilis-6/
bb7e79cba2585a164f93ffba70cf147eeda9d19b39a385be3e3c2863906a7048,2026-04-06 19:41:07.720122+00:00,hu,24.hu,24.hu,2026-04-06,"„Ha ezt hamarabb tudom, el sem megyek” – eltört az állkapcsa a kupadöntőn lekönyökölt kosarasnak",https://24.hu/sport/2026/04/06/papp-dia-allkapocstores-sopron-kosarlabda-mk-donto/
6d2019459241890269759ba6c94e2dc320748895bbc85ea268041df14cb7e9f2,2026-04-06 19:06:22.830323+00:00,hu,24.hu,24.hu,2026-04-06,Miért adunk könnyebben pénzt egy halott sztár családjának?,https://24.hu/kultura/2026/04/06/adomanygyujtes-van-der-beek/
74d1ea53f518d3edc548b1ec7035a2f4f25ec8ce13e860064f2995d2e4d0d561,2026-04-06 19:05:52.897857+00:00,hu,24.hu,24.hu,2026-04-06,Már Kanye West kitiltására szólították fel a brit kormányt,https://24.hu/szorakozas/2026/04/06/kanye-west-wireless-festival/
b293dfedb39766223d5beb33f28a6a8f20ad71165a4c61b7e7f2c49aa95c86cd,2026-04-06 19:05:29.457475+00:00,hu,24.hu,24.hu,2026-04-06,"Kicentizte a pólóválogatott, de végül legyűrte a görögöket",https://24.hu/sport/2026/04/06/vizilabda-vilagkupa-magyarorszag-gorogorszag/
ce185a285e276441bad2a88b7f9c31ec9dd6a34b84bf91b92fdebe067a4d9287,2026-04-06 19:05:10.177830+00:00,hu,24.hu,24.hu,2026-04-06,"Egyre nagyobb lett a politikai kontroll"" – megszólalt a GVH vezető közgazdásza, aki állása elvesztésére számít",https://24.hu/fn/gazdasag/2026/04/06/politikai-nyomas-gvh-vezeto-kozgazdasz-berezvai-zombor/
463cd1e67ef7532d39f43d32537526bf09a354a7b75673971e3f1e5577abf500,2026-04-06 19:04:31.842608+00:00,hu,24.hu,24.hu,2026-04-06,"Teherán visszautasítja a tűzszünetet, a háború végleges lezárását akarja",https://24.hu/kulfold/2026/04/06/iran-tuzszunet-usa-visszautasitas/
b214446e3d8289e5a7b41a9a53e62b83ad4d68bb63f24185ab13d9166db0211d,2026-04-06 19:04:05.985538+00:00,hu,444.hu,444.hu,2026-04-06,"„13-án keressél magadnak egy másik országot, baszd meg” – mondta Pócs János egy tiszásnak",https://444.hu/2026/04/06/13-an-keressel-magadnak-egy-masik-orszagot-baszd-meg-mondta-pocs-janos-egy-tiszasnak?utm_source=rss_feed&utm_medium=rss&utm_campaign=rss_syndication
5b27e5d5652fced619f25a2341058cefd3dc3f6bd1cbd95947c9b5fc5a515697,2026-04-06 19:03:20.119883+00:00,hu,444.hu,444.hu,2026-04-06,"Nem, nem a zsidók miatt drága a benzin",https://444.hu/2026/04/06/nem-nem-a-zsidok-miatt-draga-a-benzin?utm_source=rss_feed&utm_medium=rss&utm_campaign=rss_syndication
97a8f036a3d0209477e196a708682f96ef60eb9e9066cbdf2dba72e9e07fcc61,2026-04-06 19:02:17.505804+00:00,hu,444.hu,444.hu,2026-04-06,"Az Orbán családban 20 ezer forintot kap locsolásért egy 2,5 éves kisgyerek",https://444.hu/2026/04/06/az-orban-csaladban-20-ezer-forintot-kap-locsolasert-egy-25-eves-kisgyerek?utm_source=rss_feed&utm_medium=rss&utm_campaign=rss_syndication
66ea90214646f3a6c88e5d5e53827bfeb37cf113e0bba8ca50faab3f5431f6a5,2026-04-06 19:02:12.842170+00:00,hu,444.hu,444.hu,2026-04-06,Marco Rossi szerint reálisan ki kellett volna jutnia a vébére a magyar csapatnak,https://444.hu/2026/04/06/marco-rossi-szerint-realisan-ki-kellett-volna-jutnia-a-vebere-a-magyar-csapatnak?utm_source=rss_feed&utm_medium=rss&utm_campaign=rss_syndication
04c106a40625b18bcf1549e5d35254ded9ebde440b19e6adabb07709471eee55,2026-04-06 19:01:57.952703+00:00,hu,444.hu,444.hu,2026-04-06,Borízű hang #264: Adolf feketehattyú-rudlija [rövid verzió],https://444.hu/2026/04/06/borizu-hang-264-adolf-feketehattyu-rudlija-rovid-verzio?utm_source=rss_feed&utm_medium=rss&utm_campaign=rss_syndication
b3616580d2a258b9a15dc2382af8acc1f5e2147ebee6d34f7f190ca9d9a394c0,2026-04-06 18:32:35.477815+00:00,hu,24.hu,24.hu,2026-04-06,"Irán az OpenAI egyik adatközpontján tervez revansot venni, ha Trump megtámadja az ország erőműveit",https://24.hu/tech/2026/04/06/forradalmi-garda-open-ai-adatkozpont-tamadas/
a6e0a4b3f0eb9f6767d79da6876170e26e0977d56b096c1c303ff117f08a12d6,2026-04-06 18:31:18.728168+00:00,hu,24.hu,24.hu,2026-04-06,Nemzeti hős lett Boszniában a Donnarummát megszívató labdaszedő,https://24.hu/sport/foci/2026/04/06/bosznia-olaszorszag-vb-potselejtezo-labdaszedo-gianluigi-donnarumma/
eeee5a84c2ab18cf23d740185750b1ad86dd55897e9bf23308f92e05c1319495,2026-04-06 17:11:49.105939+00:00,hu,24.hu,24.hu,2026-04-06,"Lövöldözés volt a Fehér Ház közelében, miközben Trump is az elnöki rezidencián tartózkodott",https://24.hu/kulfold/2026/04/06/lovoldozes-feher-haz-kozeleben/
ccca04b8aaf4715dce0f50bd82986f9466dc95b96025fc4a81dab80bfcd40e7f,2026-04-06 17:11:31.851906+00:00,hu,24.hu,24.hu,2026-04-06,Rengeteget spórolhatna az ország a Kádár-kockák felújításán – de hogyan érdemes nekiállni?,https://24.hu/kultura/2026/04/06/kadar-kocka-kockahaz-felujitas-program-kormany/
0bca4b3ce333c5c8ecc1cb24c90ebfec23224710fa8e445b9f12851c7987329b,2026-04-06 17:11:26.125552+00:00,hu,24.hu,24.hu,2026-04-06,Baloldali képviselőjelölteket kér visszalépésre Lendvai Ildikó és több volt miniszter,https://24.hu/belfold/2026/04/06/baloldali-jeloltek-visszalepes-keres-lendvai-ildiko/
170517019cd4dff9214378ccf62f36f1757e8b1303a4e49e2e184bebc9f74dca,2026-04-06 17:10:44.588439+00:00,hu,24.hu,24.hu,2026-04-06,"Fontos változás jön a Samsung telefonoknál, főleg a régebbi készülékeket érinti",https://24.hu/tech/2026/04/06/samsung-messages-megszunik-google/
8d2a32b4647d4335c700d69d5740c55b047f837396525aca39fb36e8d33e6c0f,2026-04-06 16:49:29.796528+00:00,hu,24.hu,24.hu,2026-04-06,"Gyomnövényként irtjuk a kertben, pedig már az ókorban légúti, emésztési és lázas megbetegedéseket kezeltek vele",https://24.hu/otthon/2026/04/06/kerek-repkeny-gyomnoveny/
80504829826f8b8425511f41d94ce757d680e417691b17e37e89a3834bbee798,2026-04-06 16:49:18.451598+00:00,hu,24.hu,24.hu,2026-04-06,"Éjszaka lesz, ahol fagyhat, de holnap 15 fok feletti hőmérséklet várható",https://24.hu/tudomany/2026/04/06/idojaras-elorejelzes-aprilis-6-7/
5e6fb55e1956ac7c7fc95b584ab7ea711c77355db76ff8d441beb04c72b6f56f,2026-04-06 16:49:11.732749+00:00,hu,24.hu,24.hu,2026-04-06,Rob Schneider: hogyan lett a tökös csajból Fidesz-párti harcos?,https://24.hu/elet-stilus/2026/04/06/rob-schneider-patriota-budapest-trump-orban-oltasellenesseg/
374b4bf18972a88d9b232f05a8aac87186724494e7240dc36935cf8f57280553,2026-04-06 16:48:44.201317+00:00,hu,24.hu,24.hu,2026-04-06,"Ne habozz! Változtass!"" – tiszás plakát előtt üzent Zacher Gábor",https://24.hu/elet-stilus/2026/04/06/zacher-gabor-tisza-part-plakat-uzenet-mozgas-most-vagy-soha/
feeb38efe3b655c00984651c1f061e801a3a7406ba6b3f28985cbb2fad89590c,2026-04-06 16:48:33.303247+00:00,hu,24.hu,24.hu,2026-04-06,"Tarjányi Péter: Ha a helyzet valóban súlyos, a miniszterelnöknek kötelessége tájékoztatni az induló pártok vezetőit",https://24.hu/belfold/2026/04/06/tarjanyi-peter-ha-a-helyzet-valoban-sulyos-a-miniszterelnoknek-kotelessege-tajekoztatni-az-indulo-partok-vezetoit/
5ad6a38e5138d9d59bbe7c42c792c9ee7d5f8bdc8632f912fd4a91559866544c,2026-04-06 16:48:03.180429+00:00,hu,24.hu,24.hu,2026-04-06,"Elérte a Holdat az Artemis–2-küldetés – az űrhajósok hamarosan olyan messze jutnak, mint még korábban senki",https://24.hu/tech/2026/04/06/artemis-2-hold-elerese/
566eca243da892b85645db14cc976ddc8b0c568b7b6eec30801e2ebf4b3524e9,2026-04-06 16:47:48.024268+00:00,hu,24.hu,24.hu,2026-04-06,Húsvét után megint változik a menetrend a Déli körvasút fejlesztése miatt,https://24.hu/belfold/2026/04/06/deli-korvasut-uj-szakasz-husvet-utan-valtozas/
0b1ddc10f033d1eac358f5f3cb66fbd8813e5fa9500003eff8a8178ec1a59bf4,2026-04-06 16:44:56.780132+00:00,hu,444.hu,444.hu,2026-04-06,"Megszólalt a Kreml a szerbiai gázvezeték ügyében, Orbánhoz hasonlóan ők is csak utalgatnak Ukrajnára",https://444.hu/2026/04/06/megszolalt-a-kreml-a-szerbiai-gazvezetek-ugyeben-orbanhoz-hasonloan-ok-is-csak-utalgatnak-ukrajnara?utm_source=rss_feed&utm_medium=rss&utm_campaign=rss_syndication
5fd43010111ac134cfa2824fd4e931c5cee9fe317d6f45610c50bd1fda0f9827,2026-04-06 16:44:51.868181+00:00,hu,444.hu,444.hu,2026-04-06,"Egy kutató névvel és arccal lenyilatkozta, hogy a kormány a szakmai kutatói pályázatokba is belenyúl politikai okokból",https://444.hu/2026/04/06/egy-kutato-nevvel-es-arccal-lenyilatkozta-hogy-a-kormany-a-szakmai-kutatoi-palyazatokba-is-belenyul-politikai-okokbol?utm_source=rss_feed&utm_medium=rss&utm_campaign=rss_syndication
11c7ed1f7b1126bc55dbe23296c9503622f11d6858d416d1c72648d6a809be19,2026-04-06 16:44:32.239880+00:00,hu,444.hu,444.hu,2026-04-06,"Az ukrán pénzszállítók és Szabó Bence ügyében sincs olyan dokumentum, ami a kormánypárt állításait igazolná – Laczó Adrienn a 444-nek",https://444.hu/2026/04/06/az-ukran-penzszallitok-es-szabo-bence-ugyeben-sincs-olyan-dokumentum-ami-a-kormanypart-allitasait-igazolna-laczo-adrienn-a-444-nek?utm_source=rss_feed&utm_medium=rss&utm_campaign=rss_syndication
ac63ed726a230cfe5439c2284de5d95ccf01c233bfeb97d0edfa98e468b05fab,2026-04-06 16:44:01.381655+00:00,hu,444.hu,444.hu,2026-04-06,"Magyar Péter elárulta, hol várja a választás eredményét",https://444.hu/2026/04/06/magyar-peter-elarulta-hol-varja-a-valasztas-eredmenyet?utm_source=rss_feed&utm_medium=rss&utm_campaign=rss_syndication
96a8c1b4aa8f114f8850ff9b4f1991244fed20e5cac0e4d0017187e1822230f4,2026-04-06 16:43:44.663587+00:00,hu,444.hu,444.hu,2026-04-06,"Nagyjából ugyanannyian szavaznak a fővárosban átjelentkezéssel, mint négy éve",https://444.hu/2026/04/06/nagyjabol-ugyanannyian-szavaznak-a-fovarosban-atjelentkezessel-mint-negy-eve?utm_source=rss_feed&utm_medium=rss&utm_campaign=rss_syndication
6330de122876726d4e6cfa4effbedf77c439c0b8c84053a56a3cc76234c1b030,2026-04-06 16:43:39.673058+00:00,hu,444.hu,444.hu,2026-04-06,"Lezárják fél Budapestet, mert jön az amerikai alelnök kampányolni a Fidesznek",https://444.hu/2026/04/06/lezarjak-fel-budapestet-mert-jon-az-amerikai-alelnok-kampanyolni-a-fidesznek?utm_source=rss_feed&utm_medium=rss&utm_campaign=rss_syndication
47a38bf3673587faeb77ffb5667a7a3513872063fb13ff93c78685222e9f4c9c,2026-04-06 16:43:20.063491+00:00,hu,444.hu,444.hu,2026-04-06,"Az oroszok éjjel Odesszát támadták, Zelenszkij szerint a húsvéti eszkalációt választották az ünnepi tűzszünet helyett",https://444.hu/2026/04/06/az-oroszok-husveti-ejjel-odesszat-tamadtak?utm_source=rss_feed&utm_medium=rss&utm_campaign=rss_syndication
cb98f2a14144148291d06718535ea156794d30b84a7b1cd8e6bc290e5a44bd74,2026-04-06 16:43:15.041462+00:00,hu,444.hu,444.hu,2026-04-06,"Tóth Vera arról posztolt, hogy tiszás",https://444.hu/2026/04/06/toth-vera-arrol-posztolt-hogy-tiszas?utm_source=rss_feed&utm_medium=rss&utm_campaign=rss_syndication
0d085783ad305ea3c67c0234685126a5de8f5591fa171bf8edbfaa853d903aa2,2026-04-06 16:43:10.125965+00:00,hu,444.hu,444.hu,2026-04-06,"Izrael megölte az Iráni Forradalmi Gárda hírszerzésének vezetőjét, Irán visszautasítja a tűzszüneti javaslatokat",https://444.hu/2026/04/06/izrael-megolte-az-irani-forradalmi-garda-hirszerzesenek-vezetojet-iran-visszautasitja-a-tuzszuneti-javaslatokat?utm_source=rss_feed&utm_medium=rss&utm_campaign=rss_syndication
b6ca0212fe52198039e8c44e6737bae102ef66acc30134754483548e5d765ec6,2026-04-06 16:43:02.524389+00:00,hu,444.hu,444.hu,2026-04-06,Meghalt Takács Lajos séf,https://444.hu/2026/04/06/meghalt-takacs-lajos-sef?utm_source=rss_feed&utm_medium=rss&utm_campaign=rss_syndication
4b6d95d51f99d793c387a61ed6ded00c7a0b4ef372aba9d4baacb13f78565d9c,2026-04-06 16:31:37.025412+00:00,hu,24.hu,24.hu,2026-04-06,"13-án keressél magadnak egy másik országot, baszd meg"" – mondta a közműárokba bemászó tiszás háziorvosnak Pócs János",https://24.hu/belfold/2026/04/06/jaszapati-pocs-janos-farady-zoltan/
7ee9735a2aef9ae577b64c3203ed241e57baafdc044adc25e36c7a17076da781,2026-04-06 16:22:34.411184+00:00,hu,24.hu,24.hu,2026-04-06,"Nyilvánvalóan nagyon rossz példa"" – a győztes Pogacar a piros jelzés ellenére hajtott át a vasúti átjárón a kerékpárversenyen",https://24.hu/sport/2026/04/06/tadej-pogacar-flandriai-korverseny-vasuti-atjaro/
25edb25fedab87252bf0a9c74f2a2c763f68d164482737b7265d1714b9291396,2026-04-06 16:21:25.093835+00:00,hu,24.hu,24.hu,2026-04-06,Húsvéthétfőn kicsit erősödött a forint,https://24.hu/fn/gazdasag/2026/04/06/husvet-hetfo-forint-erosodes/
54d2ec5ef785db12f7da09924af60c3f2961755f767f090e2999856ca479a647,2026-04-06 16:21:01.713699+00:00,hu,24.hu,24.hu,2026-04-06,Tóth Vera a Tisza Pártról szóló filmet ajánlotta az Instagramon,https://24.hu/szorakozas/2026/04/06/toth-vera-tavaszi-szel-tisza-part-instagram/
d29c75e52067f789647f0f8e686a37dd211c4b3543b4ea806016e6e5a38952a1,2026-04-06 16:20:56.561134+00:00,hu,24.hu,24.hu,2026-04-06,"Magyar: Színvonaltalan színjáték, amit Orbán előad",https://24.hu/belfold/2026/04/06/magyar-peter-felelemkelto-operettkormany-vagy-mukodo-magyarorszag/
1c84b0a5c95120370becc0fd1bcdce3310645b58fd374c1336d35073e914dcf2,2026-04-06 16:20:47.175088+00:00,hu,24.hu,24.hu,2026-04-06,"Olyat figyelhet meg az Artemis–2 legénysége, amit emberi szem korábban még nem láthatott",https://24.hu/tudomany/2026/04/06/artemis-2-orion-hold-orientale-medence/
39d689c3256225d8c98aa122ed85556af3240a2086f6e39092e926cdef812e57,2026-04-06 16:20:24.556497+00:00,hu,24.hu,24.hu,2026-04-06,Így borítja fel az amerikai alelnök látogatása a tömegközlekedők életét,https://24.hu/belfold/2026/04/06/jd-vance-alelnok-budapest-tomegkozlekedes-kaosz/
377f12f5574500b3ee66de694155ddec8908af7ea2e4bed2f12854cfd5aa8847,2026-04-06 15:09:54.138910+00:00,hu,24.hu,24.hu,2026-04-06,Rossi: Jelenleg nem mindenki áll mellettem Magyarországon,https://24.hu/sport/foci/2026/04/06/marco-rossi-magyar-valogatott-olasz-valogatott/
ebbda7692f93a455e21d7bbacc294692e6dd8630a89568001a5fbb499f874c14,2026-04-06 14:50:14.231054+00:00,hu,24.hu,24.hu,2026-04-06,Magyar Péter: A félelemkeltő operettkormány és a működő Magyarország között választunk,https://24.hu/belfold/2026/04/06/magyar-peter-orban-valasztas/
3f0615b0ccfb6a9b010bad19f36a7d54372a3c37f832235d1e63fdc10c6ae47b,2026-04-06 14:49:58.995976+00:00,hu,24.hu,24.hu,2026-04-06,"Bár bizonyítéka nincs rá, de Moszkva szerint Kijevnek köze van a Szerbiában talált robbanóanyaghoz",https://24.hu/belfold/2026/04/06/bar-bizonyiteka-nincs-ra-de-moszkva-szerint-kijevnek-koze-van-a-szerbiaban-talalt-robbanoanyaghoz/
e2020963b9348fe407099376ae4fd673fb61662ca17127b23e2f63ffd17468c0,2026-04-06 14:49:12.837939+00:00,hu,24.hu,24.hu,2026-04-06,Ezt gondolta a liberalizmus vadhajtásának Bethlen István,https://24.hu/tudomany/2026/04/06/bethlen-istvan-valasztojog-tortenelem/
a3fc94cc7829b2ba11fad4e3b75555bfb861270db3c8af7a541e45aca23ffd7b,2026-04-06 14:49:06.240819+00:00,hu,24.hu,24.hu,2026-04-06,Meghalt Takács Lajos séf,https://24.hu/kultura/2026/04/06/meghalt-takacs-lajos-sef/
0c4be09c779f591341d530755968d80922bcfba81b662f2028a63f0bac3fbeb6,2026-04-06 14:48:36.423882+00:00,hu,24.hu,24.hu,2026-04-06,Szélvihar: több megyét érintő riasztást adtak ki,https://24.hu/belfold/2026/04/06/idojaras-riasztas-szelvihar-szellokes/
79c1c6c46be6cee7b5929afe3b98d46459bc6429f7e5d7495813a653abedd088,2026-04-06 14:48:14.164375+00:00,hu,24.hu,24.hu,2026-04-06,Sárközi és az Egri csillagok: valóban cigányok is védték a magyar végvárakat?,https://24.hu/tudomany/2026/04/06/cigany-roma-vegvar-szexualis-ragadozo/
df0113dbe46839532ca72bc37b393fe7592a0848c8517ba02eafad2688c13c7e,2026-04-06 14:19:57.254103+00:00,hu,24.hu,24.hu,2026-04-06,"Iránhoz eljutott egy tűzszünetről szóló tervezet, de szerintük az USA nem áll készen a békére",https://24.hu/kulfold/2026/04/06/iran-amerika-tuzszunet-haboru/
5552411b2f6e9fd3ee7580427aa0993294af850dbb672c5bc9f39a2739dcc156,2026-04-06 14:19:25.637114+00:00,hu,24.hu,24.hu,2026-04-06,"Nem tudom megmenteni magam!"" – ezért lett öngyilkos Széchenyi István",https://24.hu/tudomany/2026/04/06/szechenyi-istvan-ongyilkossag-tortenelem/
6ec657adec2b8332d5194d2005cc2bf8f7809bdfc1b69eb349bb21d417a03cc8,2026-04-06 12:35:28.976621+00:00,hu,24.hu,24.hu,2026-04-06,Guardiola másodedzője buktatta le a Manchester City csapatkapitányát,https://24.hu/sport/foci/2026/04/06/manchester-city-bernardo-silva-tavozik/
5c68f099405c9f9d8711b426708bf66b55fe50d7eb8bfbc62399394a352d135b,2026-04-06 12:35:18.033600+00:00,hu,24.hu,24.hu,2026-04-06,Meghalt A Nagy Ő korábbi szereplője: a Kanári-szigeteken találtak rá a holttestére,https://24.hu/elet-stilus/2026/04/06/lovas-annabella-nagy-o-meghalt/
de757c3daa7f4cf3419f0fee42ebb397b24a5ea1fd45e4f7017d001bb0b3818e,2026-04-06 12:35:00.754798+00:00,hu,24.hu,24.hu,2026-04-06,"Húsvéti mise Fóton: Gyurcsány próbálja kiirtani Jézust, orosz katonatiszt gratulált Orbán Viktor miatt",https://24.hu/belfold/2026/04/06/fot-katolikus-mise-gyurcsany-orban/
7a7a15f34920431b5c0c75d278a0bbb1cb1f056f6ca558c6939b3851fb0982a0,2026-04-06 12:25:37.279325+00:00,hu,atlatszo.hu,atlatszo.hu,2026-04-06,"Kecskeméten ötször, Budapesten csak egyszer jártak: térképen Magyar, Orbán és Lázár országjárása",https://atlatszo.hu/adat/2026/04/06/kecskemeten-otszor-budapesten-csak-egyszer-jartak-terkepen-magyar-orban-es-lazar-orszagjarasa/
a5b19146d1b8884569692e6366e14e3161b670da66a3804df31727345f9d0720,2026-04-06 11:30:05.861986+00:00,hu,444.hu,444.hu,2026-04-06,"Orbán a gázvezeték megtekintése után: Nem a Fidesz csinált kampányt ebből az ügyből, hanem az ellenfelei",https://444.hu/2026/04/06/orban-a-gazvezetek-megtekintese-utan-nem-a-fidesz-csinalt-kampanyt-ebbol-az-ugybol-hanem-az-ellenfelei?utm_source=hirstart&utm_medium=referral&utm_campaign=ct
4938b11bed967f4f00c832872a31ae6bcbfe7c2d0fe11baaf98e55340280107d,2026-04-06 10:42:32.396197+00:00,en,24.hu,24.hu,2026-04-06,"Péter Magyar: Matolcsy, Mészáros, and Tiborcz will be the first priority clients of the National Asset Recovery Office",https://24.hu/belfold/2026/04/06/peter-magyar-tisza-elections-interview/
81ae824eceb07782472ff9d3cbea52dc18515e9dd2f443ca2b381dd718b21c93,2026-04-06 10:42:15.794206+00:00,hu,24.hu,24.hu,2026-04-06,Kínok közt halt meg: ezek voltak Mátyás király utolsó szavai,https://24.hu/tudomany/2026/04/06/matyas-kiraly-halal-stoke-fuge/
0a9cb57bef76a09488312631b3f32a655c36c92a445fe4befb225dfa125fcfdf,2026-04-06 10:41:11.612486+00:00,hu,24.hu,24.hu,2026-04-06,Sokan nem tudják: az idén már nem kell lakcímkártya a szavazáshoz,https://24.hu/belfold/2026/04/06/valasztas-2026-milyen-okmannyal-szavazhatok/
ec755b29eb7761df3cfd8fe5d826c881c3604a07fed5e9026e8ea464c7e7493e,2026-04-06 10:41:01.158510+00:00,hu,24.hu,24.hu,2026-04-06,"Négy éve halt meg apukám. Azóta enyhültek bennem a korábbi indulatos érzelmeim"" – Jásdi Juli rajzokkal mutatja be a szitává lyukasztott családok hétköznapjait",https://24.hu/belfold/2026/04/06/jasdi-juli-tintalo-alkoholizmus-konyv/
a99964c10367a3808f842d9710f396656c08ef5722ec7db0e17ded2928716c9c,2026-04-06 10:40:46.314057+00:00,hu,24.hu,24.hu,2026-04-06,"Fontosabb volt, hogy gyermekem szülessen, mint hogy párom legyen"" – spermadonáció Svédországban",https://24.hu/kulfold/2026/04/06/spermadonor-europai-korkep-dw/
9cbcd492f20b96a9ceae34dde5d1e93125f3d183c39de83c2c739eb7fda6d0d5,2026-04-06 10:31:04.685697+00:00,hu,444.hu,444.hu,2026-04-06,"Hegyet mászott, hasadékban rejtőzött az iráni fejvadászok elől, miközben a CIA elterelő műveletet indított",https://444.hu/2026/04/06/hegyet-maszott-hasadekban-rejtozott-az-irani-fejvadaszok-elol-mikozben-a-cia-elterelo-muveletet-inditott-kozzetettek-az-amerikaiak-a-lelott-f-15-os-tisztjenek-megmentesenek-tortenetet?utm_source=hirstart&utm_medium=referral&utm_c
b5509bc339b0a3d7db1304a7120e66673fb0b4f36577c42fb4ffcaa365dec263,2026-04-06 09:36:10.266338+00:00,hu,24.hu,24.hu,2026-04-06,Még négy napig lehet mozgóurnát igényelni a választásra,https://24.hu/belfold/2026/04/06/mozgourrna-igenyles-szavazas-valasztas/
1bf73f0c08b8f1af16551791843e86c64bf2bc9d3e6bf080425d0687b4368e3e,2026-04-06 09:35:48.480521+00:00,hu,24.hu,24.hu,2026-04-06,"Rubint Réka elárulta, miért most állt nyilvánosság elé a betegségével",https://24.hu/elet-stilus/2026/04/06/rubint-reka-betegseg-ujjaszuletes-konyv/
c3c3b3e561bbd3093629ded798a64c895475db69a233bd6d101c0fcb09e0c367,2026-04-06 09:35:25.093025+00:00,hu,24.hu,24.hu,2026-04-06,Életet menthet a Balatonon: ezt jelentik a villanó lámpák,https://24.hu/tudomany/2026/04/06/eletet-menthet-a-balatonon-ezt-jelentik-a-villano-lampak/
d9087978b5ef1673cf9048a33f717c38c2d7d2d97e1fbaf67b80ee62fca5ab9a,2026-04-06 09:35:15.811683+00:00,hu,24.hu,24.hu,2026-04-06,Brutálisan nagy gól jelentette a fordulópontot az Inter-Roma rangadón,https://24.hu/sport/foci/2026/04/06/hakan-calhanoglu-bombagol-inter-roma/
20cb1e605ac9a29635cff726256ad9ab5b4353bacb1007092c7fd2e23830dd5b,2026-04-06 09:34:27.636344+00:00,hu,24.hu,24.hu,2026-04-06,60 ezer átjelentkező szavaz Budapesten a választáson,https://24.hu/belfold/2026/04/06/valasztas-szavazas-budapest-atjelentkezes/
441a9d9525d1fee60ddf6542c7fdd158ade3286387190696f3b3271a75db2c7d,2026-04-06 09:33:49.112745+00:00,hu,24.hu,24.hu,2026-04-06,Húsvét a sussexieknél: Meghan Markle egy csokor ünnepi felvételen mutatta meg Harry herceggel közös gyerekeiket,https://24.hu/elet-stilus/2026/04/06/harry-herceg-meghan-markle-husvet-archie-lilibet/
a4302da969301b19dbb07ff00cc8b62fcc095fae2efb04c93860be096957238e,2026-04-06 08:33:16.276011+00:00,hu,24.hu,24.hu,2026-04-06,"Ha a hamis zászlós művelettel már nem tudják az ellenzék ellen fordítani a közvéleményt, el is halaszthatják a választást""",https://24.hu/belfold/2026/04/06/ha-a-hamis-zaszlos-muvelettel-mar-nem-tudjak-az-ellenzek-ellen-forditani-a-kozvelemenyt-el-is-halaszthatjak-a-valasztast/
04a0b709e86cc10f20266535252348e3218490d2bfbcc5a2752a5e6c1ef04d38,2026-04-06 08:32:49.538331+00:00,hu,24.hu,24.hu,2026-04-06,"Gáspár Bea nem készült húsvéti menüvel A Nagy Duett napján, férje úgy megharagudott ezért, hogy a vita hevében össze is csomagolta a holmiját",https://24.hu/elet-stilus/2026/04/06/gaspar-bea-gaspar-gyozo-husveti-menu-veszekedes/
5ec3c1cd35e0e240cec7c7ce3a5589c828dc340ab3f9427744fb89fbb696e937,2026-04-06 08:32:41.302292+00:00,hu,24.hu,24.hu,2026-04-06,"Orbán elnézett a vezetékhez a ""szabotázs"" után",https://24.hu/belfold/2026/04/06/orban-gazvezetek-szabotazs-muvelet/
f73782c7ea6a714d3ce59efee0a925065a0b1675c932df6e033f66ca4528001f,2026-04-06 08:32:02.389931+00:00,hu,24.hu,24.hu,2026-04-06,24 focistát állított ki a bíró a meccs után kitört tömegverekedés miatt,https://24.hu/sport/foci/2026/04/06/tomegverekedes-24-kiallitas-francia-foci/
19392f44a3d655ace14150b0f7c8f07a7e74d7f2e09857b6e8c4e3406a25758c,2026-04-06 08:31:40.755308+00:00,hu,24.hu,24.hu,2026-04-06,Rejtélyes lovas ölte meg a hitehagyott császárt,https://24.hu/tudomany/2026/04/06/csaszar-roma-keresztenyseg-csata/
808e5a4a9404a17c6a5b4aa578d96c2b529519d05158f12e725b66bd535083fb,2026-04-06 08:31:27.350317+00:00,hu,24.hu,24.hu,2026-04-06,"Keresik a robbanószerkezet elhelyezőjét, a szerb illetékesek migránsokról beszélnek",https://24.hu/belfold/2026/04/06/keresik-a-robbanoszerkezet-elhelyezojet-a-szerb-illetekesek-migransokrol-beszelnek/
d10255e7518e8dac97d22b2f72b69eaa082fdf62393cf446218d820876d18071,2026-04-06 08:31:22.800642+00:00,hu,24.hu,24.hu,2026-04-06,Orbán a szerb-magyar határra utazott reggel,https://24.hu/belfold/2026/04/06/orban-a-szerb-magyar-hatarra-utazott-reggel/
2b42729b44254690e08ffae4ca5c0bb2e546bda3d4171774c529f41153e4f2fb,2026-04-06 08:31:17.417824+00:00,hu,24.hu,24.hu,2026-04-06,"Orbán: Magyarország most biztonságban van, váratlanul szabotázsakció nem történhet",https://24.hu/belfold/2026/04/06/orban-magyarorszag-most-biztonsagban-van-varatlanul-szabotazsakcio-nem-tortenhet/
c03b67095ec6368ce8a771ff5b3491045f1d4bd3973ec0dc4f471623df588ef7,2026-04-06 08:20:52.685635+00:00,hu,444.hu,444.hu,2026-04-06,"Rogán a Bayer showban: A választás után kemény időszak következik, meg fognak minket támadni",https://444.hu/2026/04/06/rogan-a-bayer-showban-a-valasztas-utan-kemeny-idoszak-kovetkezik-meg-fognak-minket-tamadni?utm_source=hirstart&utm_medium=referral&utm_campaign=ct
beb47c16f1edd4ce2f966650b0aa4b7cfaf616ee50a850352de600494ca64acc,2026-04-06 07:30:27.739862+00:00,hu,24.hu,24.hu,2026-04-06,Iráni politikusok Trumpnak: pokolba taszítja az USA-t,https://24.hu/belfold/2026/04/06/trump-iran-usa-haboru/
48947d00b3dc345fc052352a33bed9f1574b2da8f1e88177a856c8275e15ada2,2026-04-06 07:30:22.729443+00:00,hu,24.hu,24.hu,2026-04-06,"A Nagy Duett: eldőlt, melyik korábban kiesett páros térhet vissza a döntőre",https://24.hu/elet-stilus/2026/04/06/a-nagy-duett-galaadas-visszatero-versenyzok/
4d48bfeb54c409d1e87ad82184bf1cdb4067cd894568c7d36153072a3a845b70,2026-04-06 07:30:06.007470+00:00,hu,24.hu,24.hu,2026-04-06,Válása után újra rátalált a szerelem Peller Mariannra,https://24.hu/elet-stilus/2026/04/06/peller-mariann-uj-parja/
351e63491d7366c1badd912a89d15a99dd04fd19846e175e41e34a58525f25cc,2026-04-06 07:29:48.564490+00:00,hu,24.hu,24.hu,2026-04-06,Vízbehányó hétfő a mai nap,https://24.hu/tudomany/2026/04/06/locsolas-husvet-hetfo-hagyomany/
52d82d801554a0bbe2503bc56c838f7a6012305e623d4bf4e0fb59a3db0f4931,2026-04-06 07:29:41.622789+00:00,hu,24.hu,24.hu,2026-04-06,Magyar virágkor: így néztek ki Nagy Lajos híres palotái,https://24.hu/tudomany/2026/04/06/nagy-lajos-palota-visegrad/
8ca8a5ef68d343810b937538a7156d1d8fec6c5055a2797dffe03d832717a4b8,2026-04-06 07:29:28.595473+00:00,hu,24.hu,24.hu,2026-04-06,"Vele tuti gáz lesz közöttünk"" – Kiara Lord máris beleállt Ázsia Expresszes vetélytársaiba",https://24.hu/elet-stilus/2026/04/06/azsia-expressz-kiara-lord-vetelytarsak/
7e3f1438e131e2b1edd7746c49c936a4396bde3b123afc94f459b0b22ef6e7e8,2026-04-06 07:29:23.477220+00:00,hu,24.hu,24.hu,2026-04-06,Buda Péter: akár el is halaszthatják a választást,https://24.hu/belfold/2026/04/06/robbanoszerkezet-szerbia-gazvezetek-orban/
04b5d01ed0dd9eecc772789b8f98f39e147c39e5510c029614e6f721d4bec457,2026-04-06 07:28:28.814246+00:00,hu,24.hu,24.hu,2026-04-06,"A felső fogsora az konkrétan gatya"" – hordágyon vitték le a kupadöntőn a lekönyökölt kosarast",https://24.hu/sport/2026/04/06/papp-dia-serules-felso-fogsor-sopon-mk-donto/
9dae96cadabfa4e348c128a03e9850bf0d9c4650c4406c0a7de5e6dc2bc0652e,2026-04-06 07:26:49.461730+00:00,hu,24.hu,24.hu,2026-04-06,Kálnoki Kis Attila: Lázár Jánost sportvezetőként nehéz sikeresnek láttatni,https://24.hu/sport/2026/04/06/lazar-janos-tenisz-szovetseg-velemeny/
1656ae01c445b44f2456401900fe035d1783a4da9b749848469699a339c00900,2026-04-06 07:22:48.642707+00:00,hu,444.hu,444.hu,2026-04-06,"Orbán alig bírta kinyitni a szemét, úgy jelentette be, hogy indul a szerb határra",https://444.hu/2026/04/06/orban-alig-birta-kinyitni-a-szemet-ugy-jelentette-be-hogy-indul-a-szerb-hatarra?utm_source=rss_feed&utm_medium=rss&utm_campaign=rss_syndication
2bbd4462d7eabba3c4bb2d992a77d22e72d85c9b5a664c1c50f23a4faa416885,2026-04-06 07:21:51.388687+00:00,hu,444.hu,444.hu,2026-04-06,"A szerbek már kívülről fújják azt az „ismeretlen elkövetős”, „bombafenyegetős” forgatókönyvet, amivel most Orbánt próbálta megsegíteni Vučić",https://444.hu/2026/04/06/a-szerbek-mar-kivulrol-fujjak-azt-az-ismeretlen-elkovetos-bombafenyegetos-forgatokonyvet-amivel-most-orbant-probalta-megsegiteni-vucic?utm_source=rss_feed&utm_medium=rss&utm_campaign=rss_syndication
c141d271e67484ab0b8c111d193d954c8a668ff5a9a24da37e188de2a87ed76b,2026-04-06 05:29:06.264212+00:00,hu,24.hu,24.hu,2026-04-06,"Gyűlöltek a börtönben, mert más vagyok"" – meglátogattuk az ismét bábaként dolgozó Geréb Ágnest",https://24.hu/belfold/2026/04/06/gereb-agnes-baba-gondozas-nyugdij-interju/
de48ac0d042eb502f45690b9e9f5ba52011215436ea6c9a2ca024508c6775c56,2026-04-06 05:28:46.524716+00:00,hu,24.hu,24.hu,2026-04-06,"Pár nap leforgása alatt egy ikerpár mindkét tagjával lefeküdt, máig nem tudja, melyikük a gyereke apja",https://24.hu/elet-stilus/2026/04/06/ikerpar-apasag-nem-tudja-melyik-apa/
cbd38b6b287d274e71d6b398fa762d3e5a0589c8efefcccff91b2b2eb021dc24,2026-04-06 05:28:29.546775+00:00,hu,24.hu,24.hu,2026-04-06,"Orbán Viktor szerint újabb szabotázsakció történt, ellenőrzik a Török Áramlat magyar szakaszát",https://24.hu/belfold/2026/04/06/orban-fidesz-szabotazs-vezetek/
e35b5526445161ab17c087ccb0d0f407e944ddb90b5331b2920a181f38bebebc,2026-04-06 05:27:11.495199+00:00,hu,24.hu,24.hu,2026-04-06,"Időjárás: hidegfront érkezett, vége a melegnek",https://24.hu/tudomany/2026/04/06/idojaras-hidegfront-lehules-hideg/
e00a024f58067b283c3dc7dadc6b656481cb23765b7fc7415436fa5a7d1e0ecd,2026-04-06 04:32:13.625468+00:00,hu,24.hu,24.hu,2026-04-06,Kvíz: mennyire ismered a híres rockbandák zenészeit?,https://24.hu/kultura/2026/04/06/kviz-mennyire-ismered-a-hires-rockbandak-zeneszeit/
4d309ef7f5352bba923a00310b83b8b4abeff0fcc89656345b08d29e24b42440,2026-04-06 04:31:47.861670+00:00,hu,24.hu,24.hu,2026-04-06,Képes kvíz: felismered a magyar sztárok gyerekeit?,https://24.hu/szorakozas/2026/04/06/magyar-sztarok-gyerekei-kepes-kviz/
a77081df4fadb46debce89548e5f2cf3aafbeec42a6b10df09b79fd608354e24,2026-04-06 03:30:11.569284+00:00,hu,24.hu,24.hu,2026-04-06,"Nagyot csatázott, de végül elveszítette első WTA-döntőjét Udvardy Panna",https://24.hu/sport/2026/04/06/bogotai-tenisztorna-udvardy-panna-donto-marie-bouzkova-vereseg/
