id,indexed_date,language,media_name,media_url,publish_date,title,url
aa7325e0488fbdc433e7ec77d6f5fec242b41d63bb3f89be5cb7f21c67249cb0,2026-04-27 00:21:16.152949+00:00,hu,blikk.hu,blikk.hu,2026-04-16,Életmentő térgondnokok a fővárosban (x),https://www.blikk.hu/pr/eletmento-tergondnok-fovaros/krqetjv
e163c8713efbabe6e4bb42bc06e2bd3e48d0a7f62d88702d018dcb2092b42ced,2026-04-20 10:31:15.879607+00:00,hu,blikk.hu,blikk.hu,2026-04-14,Új időszámítás a szerencsejátékok történetében – megérkezett a Lutri! (x),https://www.blikk.hu/pr/szerencsejatek-sorsolas-jatekos/qcr6dqr
9f895595c3708b27ca059714b1bbf47b8d6983e8d37bece9133e10f328c245e6,2026-04-20 01:19:05.576871+00:00,hu,origo.hu,origo.hu,2026-04-19,Bayer Show - Miért alakult így a választás eredménye?,https://hirtv.origo.hu/ahirtvhirei/2026/04/bayer-show-miert-alakult-igy-a-valasztas-eredmenye
3480cb64f8c79c65d94f6f1ce5302e3c5f23e1c4149f8595f8067c27ff66192f,2026-04-20 01:18:45.829966+00:00,hu,origo.hu,origo.hu,2026-04-19,Csörte - Vajon mi következik ezután?,https://hirtv.origo.hu/ahirtvhirei/2026/04/csorte-vajon-mi-kovetkezik-ezutan
595e0d039f630fd2510082a0d4b36f1a980a8d56fd00e65dca4a0cec7f4fc02a,2026-04-20 01:18:32.280487+00:00,hu,origo.hu,origo.hu,2026-04-19,Drágábban parkolhatunk júliustól Budapesten,https://hirtv.origo.hu/ahirtvhirei/2026/04/dragabban-parkolhatunk-juliustol-budapesten
4dcff455402ffcbcac643665534203fc562bfe9a017f735206a5fa6f34bfc26e,2026-04-20 01:18:18.073285+00:00,hu,origo.hu,origo.hu,2026-04-19,Akár már hétfőn megindulhat az olaj hazánk felé,https://hirtv.origo.hu/ahirtvhirei/2026/04/akar-mar-hetfon-megindulhat-az-olaj-hazank-fele
00bfe693441cbd8f8dcf2ad70423f7551f5bf476591912e437c57337d922b677,2026-04-20 01:17:47.981430+00:00,hu,origo.hu,origo.hu,2026-04-19,Vajon lehettek műszaki problémák?,https://hirtv.origo.hu/hirtvkulfold/2026/04/vajon-lehettek-muszaki-problemak
383b0b54cf8537dd9f04fc3409d2f08c574d51f5d7970e2e6daefab1491d621f,2026-04-20 01:17:20.117525+00:00,hu,origo.hu,origo.hu,2026-04-19,"Önkormányzati -, és EP választások külön-külön?",https://hirtv.origo.hu/ahirtvhirei/2026/04/onkormanyzati-es-ep-valasztasok-kulon-kulon
e240fe35639d573d2fe64e2c2fa037ed9360884eea346438cbab9c3262393a2e,2026-04-20 01:17:12.258258+00:00,hu,origo.hu,origo.hu,2026-04-19,Sajtóklub – Őszinte szembenézés a kétharmados vereség után,https://hirtv.origo.hu/ahirtvhirei/2026/04/sajtoklub-oszinte-szembenezes-a-ketharmados-vereseg-utan
e758d61afaf018470875ab53722a05b07370a6cbedc441e3de05bb5ad0c89872,2026-04-20 00:18:07.274833+00:00,hu,origo.hu,origo.hu,2026-04-19,Képzeletből születő segítség – rajzpályázatot hirdetett az MVM a rászoruló gyermekekért,https://www.origo.hu/itthon-hirdetes/2026/04/kepzeletbol-szuleto-segitseg-rajzpalyazatot-hirdetett-az-mvm-a-raszorulo-gyermekekert
972267ea977224eec7995f185d87c5afcf40b94e630969e6bced731dec984c5a,2026-04-19 21:27:06.688841+00:00,hu,blikk.hu,blikk.hu,2026-04-19,Választási adok-kapok a Heti Hetesben,https://www.blikk.hu/sztarvilag/hazai-sztarok/heti-hetes-rtl-majka-hajos-andras/8qvns21
3e9793da869db4b4d7605b92997061e6c52c380a894846dde7b5eacfe2c2fe07,2026-04-19 21:27:01.798796+00:00,hu,blikk.hu,blikk.hu,2026-04-19,Lépéselőnyben a Győr a Fradival szemben!,https://www.blikk.hu/sport/magyar-foci/gyor-fradi-eredmeny/6xskdg9
18e119c51c74432c4d649b6243c894169948c90cb68761d8e055362788412139,2026-04-19 21:26:56.755066+00:00,hu,blikk.hu,blikk.hu,2026-04-19,Modern Talking-csapda és Tinder-nyomozás: így keresték a szerelmet a Heti Hetes szereplői,https://www.blikk.hu/sztarvilag/hazai-sztarok/heti-hetes-rtl-hajos-andras-vadon-jani-majka/k1xgvez
422decfa686c6bedefbcbb0febe82c8273cfba6f208044bc384fb9044e4e9fba,2026-04-19 21:26:46.541741+00:00,hu,blikk.hu,blikk.hu,2026-04-19,"Áron alul kelt el Krausz Gábor nászajándéka a Kincsvadászokban, még vacsorát is kell főznie",https://www.blikk.hu/sztarvilag/hazai-sztarok/krausz-gabor-kincsvadaszok-naszajandek/3tyseht
a9bf507106b1e4bd491703811553d49fc9e0af5cb44f258ac0f374899b731726,2026-04-19 21:26:41.721124+00:00,hu,blikk.hu,blikk.hu,2026-04-19,"Égett a lelátó, ünnepelt az ETO a Fradi ellen – fotók",https://www.blikk.hu/galeria/eto-fradi-galeria/80qelwk
f8abc11a0dce69ce0c396aa5ae1d8948a7c206c511f0d7cfe05035c6210407b9,2026-04-19 21:25:26.355904+00:00,hu,index.hu,index.hu,2026-04-19,Csak semmi különös: a Bayern München április közepére megnyerte a Bundesligát,https://index.hu/sport/futball/2026/04/19/bundesliga-30.-fordulo-bayern-munchen-vfb-stuttgart/
5b2bd6eaaab0f50b1cd16982ba7605ad2830bad2fc1cf3a0bfa99947de86a3aa,2026-04-19 21:25:21.146239+00:00,hu,index.hu,index.hu,2026-04-19,Balogh Levente kikérte magának Kocsis Máté vádját,https://index.hu/belfold/2026/04/19/kocsis-mate-fidesz-balogh-levente-szentkiralyi-asvanyviz/
8f36478338f891cd2d2e9491ad3686c30db22144eb5468dcc9d2821ca7893aba,2026-04-19 21:25:16.393562+00:00,hu,index.hu,index.hu,2026-04-19,Krausz Ferenc alapítványa belpolitikai okokra hivatkozva kihátrált a Nemzeti Tudósképző Akadémia finanszírozása mögül,https://index.hu/belfold/2026/04/19/krausz-ferenc-alapitvany-belpolitikai-helyzet-elvonal-csucskutatasi-es-tehetseggondozo-alapitvany/
9958882ae5c3967ae6245aa187750015c6ae612b1954d44ecaa51f58d29aecd4,2026-04-19 21:25:11.304319+00:00,hu,index.hu,index.hu,2026-04-19,"Turpisságot vélnek felfedezni Curtis fotóján, szavazzon: Ön szerint hol van, Kolumbiában vagy Csopakon?",https://index.hu/belfold/2026/04/19/curtis-enekes-fidesz-vereseg-csalodas-nyaralas-csopak-kolumbia-szavazas-medellin/
a4ad5023e5655abff3ec1c2b186ef0db7115fea00667a0b20d8b4be6a3a1df81,2026-04-19 21:25:06.256292+00:00,hu,index.hu,index.hu,2026-04-19,"Családi konfliktusból lett tragédia, nyolc gyereket öltek meg egy louisianai fegyveres támadásban",https://index.hu/kulfold/2026/04/19/lovoldozes-louisiana-gyerekek-halal-csaladi-vita-gyanusitott-autolopas-egyesult-allamok/
43c684036096fb46092822409b8b229f9a3d76eb4a23ceec1a825e0aaf73fb5d,2026-04-19 21:25:01.109357+00:00,hu,index.hu,index.hu,2026-04-19,"Pusztító erővel érkezik a hidegfront, fagyot és jégesőt hoz magával, nagyot zuhan a hőmérséklet",https://index.hu/belfold/2026/04/19/hidegfront-csapadek-fagy-szellokes-jegeso-zivatar-szlovenia/
a285eaeb4c4771b2167736560ccfb3c80886230333424b0fada81afdc69ea540,2026-04-19 21:24:56.147226+00:00,hu,index.hu,index.hu,2026-04-19,"Ez történne, ha hirtelen megszűnne a Föld mágneses tere",https://index.hu/tudomany/til/2026/04/19/magneses-nullter-laboratorium-magnetoszfera-eltunese-napszel-iranytu-vandor-madarak-uv-sugarzas/
5ec84517a5a734d891a581f5c9924850a54a2b8d7ce7bd7d15770a3a5f596d02,2026-04-19 21:24:51.221329+00:00,hu,index.hu,index.hu,2026-04-19,Milák Kristóf az országos bajnokság utolsó napján a világ idei legjobb idejét úszta 100 méter pillangón,https://index.hu/sport/uszas/2026/04/19/orszagos-uszo-bajnoksag-sopron-milak-kristof-100-meter-pillango-1.-hely/
f7b5a78b7e1231509ae37993753b03336e03455d634b746e79802cf119743abd,2026-04-19 21:24:46.010858+00:00,hu,index.hu,index.hu,2026-04-19,"Norvégia 92 milliárd forintot küldhet Magyarországnak, ha nyárig sikerül megegyezni az új Tisza-kormánnyal",https://index.hu/gazdasag/2026/04/19/norvegia-kormany-megegyezes-egt-alap-92-milliard-astrid-bergmal/
d8e47f570d223ddd13cea3c6c9851f724b3341ac7b3e0fcaada5b3c9e3b77003,2026-04-19 21:24:32.394869+00:00,hu,index.hu,index.hu,2026-04-19,A szakma jövőbeli kilátásairól tart közgyűlést a Magyar Színházi Társaság,https://index.hu/kultur/2026/04/19/magyar-szinhazi-tarsasag-kozgyules-hetfo-bodor-johanna-elnok-interju/
8a96ce43099ed6cf2f11aabe7b086ef1e5aa8d6bd3e7f7de708634cbdf6a74bb,2026-04-19 21:24:18.273095+00:00,hu,index.hu,index.hu,2026-04-19,Donald Trump szerint a szénsavas üdítőitalok elpusztítják a rákos sejteket,https://index.hu/kulfold/2026/04/19/donald-trump-szensavas-udito-rakos-sejtek-pusztitas/
431d667b39fd8b75fdba8734c1be7b5664a572e2f63dafe88a6e54e0306ce29d,2026-04-19 21:24:13.479719+00:00,hu,index.hu,index.hu,2026-04-19,"Irán inkább vállalja a teljes megsemmisülést, mintsem ismét leüljön az Egyesült Államokkal tárgyalni",https://index.hu/kulfold/2026/04/19/donald-trump-irani-haboru-beketargyalas-masodik-fordulo-elutasitas/
b0e38ff11ea37c80e1ee0b5762357e320bef171af2b733e579e6b27ca344f782,2026-04-19 21:24:08.300171+00:00,hu,index.hu,index.hu,2026-04-19,"Borbás Marcsi jogi lépéseket tervez Kocsis Máté ellen, Wáberer György is megszólalt",https://index.hu/belfold/2026/04/19/kocsis-mate-borbas-marcsi-waberer-gyorgy-reakcio-arulo-valasztas/
f3451381291ee65e16224a8d89a09df6864f9a6025cfbacebb4298aba0c64d59,2026-04-19 21:24:03.281423+00:00,hu,index.hu,index.hu,2026-04-19,Tragikusan hamar zárt be a nagy sikerű budapesti cukrászda,https://index.hu/kultur/jardasziget/2026/04/19/bonbonnerie-floris-cukraszda-budapest-london-epiteszforum-kultbudapest/
907416e945d745e231639fc2a873f14447fcd52d826d532cd7e04a7f22e86d54,2026-04-19 21:23:58.879950+00:00,hu,index.hu,index.hu,2026-04-19,"Elütöttek egy elszabadult fekete bárányt Budapesten, az állat mindkét lába eltört",https://index.hu/belfold/2026/04/19/soroksar-fekete-barany-sofor-budapesti-rendor-fokapitanysag-allatmento-liga/
ed39d09ea57bb67ee0dca4f796f96117f899f2304ba6ba9fa7b844e21ce586b3,2026-04-19 21:23:53.339058+00:00,hu,index.hu,index.hu,2026-04-19,"Újra legyőzte a Ferencvárost, hatalmas lépést tett a bajnoki cím felé az ETO FC Győr",https://index.hu/sport/futball/2026/04/19/labdarugo-nb-i-30.-fordulo-eto-fc-gyor-ferencvarosi-tc-osszefoglalo/
50080b5388eefa7199ec0196f217d4603a89baaec66362d6a25430f85edda869,2026-04-19 21:23:29.305218+00:00,hu,index.hu,index.hu,2026-04-19,Simon Attila megmutatta új kedvesét,https://index.hu/mindekozben/poszt/2026/04/19/simon-attila-megmutatta-uj-kedveset/
b228cdc18e2fbf471ce0363042e28213dfe68da1ee556b3a730d3d4c441d191c,2026-04-19 21:23:17.820120+00:00,hu,index.hu,index.hu,2026-04-19,"Visszatértek a vörös bundás kedvencek, ezek a kisrókák mindenkit levesznek a lábáról",https://index.hu/mindekozben/poszt/2026/04/19/aranyos-rokak-voros-bundas-visszaterok/
a7a341254edd7a322cfb452adcbf15c551d5dea554497d4c98067065f66fc9d2,2026-04-19 21:23:07.838020+00:00,hu,index.hu,index.hu,2026-04-19,"Kritikus pillanatban nyert rangadót a Manchester City, vesztett pontokban beérte az éllovas Arsenalt",https://index.hu/sport/futball/2026/04/19/angol-premier-league-33.-fordulo-manchester-city-arsenal-osszefoglalo/
4e61c53170448f44c1a1e14a0262d4ffbe9e872996e8c1c61fed667fbe708dbc,2026-04-19 21:23:01.092411+00:00,hu,index.hu,index.hu,2026-04-19,"Esélyt sem adott a döntőben a Tatabányának, már 32-szeres kupagyőztes a Veszprém",https://index.hu/sport/kezilabda/2026/04/19/ferfi-magyar-kupa-negyes-donto-helyosztok-otp-bank-pick-szeged-neka-one-veszprem-tatabanya-osszefoglalo/
341f240fed7c6369cd519ed10708c7792e463b9cfc18ef930d98b2d3592f1650,2026-04-19 21:22:28.087378+00:00,hu,origo.hu,origo.hu,2026-04-19,Robbie Keane kritizálta a magyar játékvezetést a Győr-Fradi után,https://www.origo.hu/sport/sport-futball/2026/04/robbie-keane-gyor-fradi-vezetoedzo-ertekeles
31b1e56d366015d17ec83dfecbe0ba32ed75415ba96ba26b18651b8f7f1ff1d0,2026-04-19 20:21:29.579270+00:00,hu,blikk.hu,blikk.hu,2026-04-19,Ájultan esett össze a kapus az NB II-es meccsen,https://www.blikk.hu/sport/magyar-foci/ajka-kapus-ajulas/kchbqw1
9cad0d17ff07749b211954a7904217dada0ee34eeb906d450d2a6873159f47f9,2026-04-19 20:21:00.641631+00:00,hu,blikk.hu,blikk.hu,2026-04-19,Mindenki Stohl Andrást irigyli: Sérülése ellenére is első és második helyen végzett Kiss Kriszta a fitnesz versenyen,https://www.blikk.hu/galeria/kiss-kriszta/tnjz5pt
cb5b3ece1f338ac53fc07ee1e4f235fd60fe8f6b30e1a43c09d52936e2e11938,2026-04-19 20:20:55.857470+00:00,hu,blikk.hu,blikk.hu,2026-04-19,Kórházba került a hétfőn elgázolt bárány – Már egy önkéntesnél gyógyul,https://www.blikk.hu/aktualis/belfold/rendorseg-brfk-barany-baleset-soroksar/t0kzhdf
2bcf47818b6becae0ce15f869032c28ce86b229dda0e34913739d3367a390b78,2026-04-19 20:20:46.057591+00:00,hu,blikk.hu,blikk.hu,2026-04-19,Így fogott kezet Magyar Péter és Gulyás Gergely: biciklis felvonulás és fotósnak állt makákó a hét legérdekesebb pillanatai között,https://www.blikk.hu/galeria/het-kepei-galeria-magyar-pater-gulyas-gergely-sopro-budapest/4y2w6wt
bc131da1c010345ae11b2bf26d50f3872713875a06fa997731e602f6f3f1509c,2026-04-19 20:20:24.945492+00:00,hu,blikk.hu,blikk.hu,2026-04-19,"A Tankcsapda dobosa szigorú apa, de soha nem erőltet semmit gyermekeire",https://www.blikk.hu/sztarvilag/hazai-sztarok/fejes-tamas-tankcsapda-csalad-kincsvadaszok/4pcdb87
cb6214e3536a16a31229b63f222f60d2dc41e479bfee88dc3debd875298aaa0e,2026-04-19 20:19:52.864608+00:00,hu,blikk.hu,blikk.hu,2026-04-19,Év végéig maradhat az árrésstop: ezt mondta a Nemzeti Kereskedelmi Szövetség főtitkára,https://www.blikk.hu/gazdasag/vasarlas/arresstop-nemzeti-kereskedelmi-szovetseg-elelmiszerek/fy2gbty
f7ccb234cf19fc7f8ae5f8e232de12fc993652706d189fa2092938e7ebbc508c,2026-04-19 20:19:44.413495+00:00,hu,blikk.hu,blikk.hu,2026-04-19,„Hipnotizálva voltunk” – Bochkor Gábor bevallotta: Risztov Éva teljesen megváltoztatta a reggeleit,https://www.blikk.hu/sztarvilag/hazai-sztarok/bochkor-gabor-risztov-eva-radio-reggelek/d8pj3zb
71348c6b04fd4d801d041bddde9bedc69f9041572fce2100ac29013778e7d5b3,2026-04-19 20:19:35.950744+00:00,hu,blikk.hu,blikk.hu,2026-04-19,"Az énekes úgy véli, Tóth Gabi szeretethiánya is közrejátszhat döntéseiben",https://www.blikk.hu/sztarvilag/hazai-sztarok/byealex-toth-gabi-politika/erxlkmw
c94d3bb9afadbb30ddd141d8d0bc447df7a63838737f2e3d4faedb498d943dd3,2026-04-19 20:19:31.328603+00:00,hu,blikk.hu,blikk.hu,2026-04-19,Gábor Zsazsa hollywoodi otthonában bulizott a Beatles zenekar,https://www.blikk.hu/sztarvilag/hazai-sztarok/gabor-zsazsa-beatles/q7dtfe2
09bd4fa8696b832aeef77ffe07e99a4fa76d2ef887f5b803b1c27473e2b866b0,2026-04-19 19:28:00.289450+00:00,hu,origo.hu,origo.hu,2026-04-19,"Horrorisztikus jelenetek, a terror sikolyai - a tömegbe hajtott egy autó",https://www.origo.hu/nagyvilag/2026/04/gazolas-autoval-hajtott-tomegbe-no-londonban
a464a570bf789701ee9f8b7888b7a057b3d9091fef31195b926a8a4c81887d7d,2026-04-19 19:26:42.615096+00:00,hu,origo.hu,origo.hu,2026-04-19,Kirúgási hullám indulhat a kormányváltás után?,https://www.origo.hu/belpol/2026/04/munkahely-tisza-part-kirugasi-hullam-kormanyvaltas-utan
bd556a28079b3da07e842eacea3c1a9f73574afea39321728d8ec3b29983d905,2026-04-19 19:26:36.717225+00:00,hu,origo.hu,origo.hu,2026-04-19,"Megint tönkrevert mindenkit a Bayern München, a 35. bajnoki cím is bekerült a vitrinbe",https://www.origo.hu/sport/sport-futball/2026/04/bayern-munchen-35-bajnok-stuttgart-nemet-bundesliga
0906dd51f2d027a8557761e0f74e2bfb845a374d0d8c668863bca32526df8773,2026-04-19 19:26:31.498808+00:00,hu,origo.hu,origo.hu,2026-04-19,"A szárazság már érezteti hatását, több nagy tűz volt az országban vasárnap",https://www.origo.hu/kek-hirek/2026/04/tuz-tuzoltok-szarazsag
e086438c37309ba6dfc5ed1fc3399ac7f58135e2774de65f549a84c63baf2ca5,2026-04-19 18:29:44.105690+00:00,hu,blikk.hu,blikk.hu,2026-04-19,"Fésűs Nelly: Egyszerűen otthagyom, amire nincs szükségem",https://www.blikk.hu/sztarvilag/hazai-sztarok/fesus-nelly-abel-anita-xantus-barbara-palikek-vilaga-b-oldal-oregedes/1n58jkr
642a39f8ceab37751854c8db427ce25167f80bb82a624b53eca875338050ac41,2026-04-19 18:29:11.504492+00:00,hu,blikk.hu,blikk.hu,2026-04-19,"Ritka statisztikai együttállás: Nyolc év múlva történhet meg újra, hogy minden lottó főnyereményt elvisznek",https://www.blikk.hu/gazdasag/penz/otoslotto-nyeremeny-rekord-penz-szerencsejatek-zrt/7fq7r88
9f7ac57f1a80d24d41c063ee6a16e06efbbe5965f37ea1ff7b1ba6e29d9f5226,2026-04-19 18:29:01.317109+00:00,hu,blikk.hu,blikk.hu,2026-04-19,Vérfürdőbe torkollott a családi vita: 1 és 14 év közötti gyerekek haltak meg egy lövöldözés során Louisianában,https://www.blikk.hu/aktualis/kulfold/lovoldozes-louisiana-amerika-gyerekek/ks6bf8t
9a562a9a2fda4c70aea2b76afaf279481f0c38d68c17ed80ba317bd2ce66b9bd,2026-04-19 18:28:01.982392+00:00,hu,origo.hu,origo.hu,2026-04-19,"Ne irtsa ki! – Nem gyom, hanem hasznos gyógynövény!",https://www.origo.hu/itthon/2026/04/kerek-repkeny-kertben-gyogynoveny-mire-jo
a3a96caf7112233b2b96d039e06b4f3b7766bbc9d50c773215e5128e95eb12fe,2026-04-19 18:27:56.382753+00:00,hu,origo.hu,origo.hu,2026-04-19,A Premier League szuperrangadóján még a mezt is letépték Erling Haalandról,https://www.origo.hu/sport/sport-futball/2026/04/premier-league-city-arsenal-szuperrangado-haaland
ac3f40564aea7ce17de6a5aa9ff51dc2ea7aed1ef1538988e5267043e87078c3,2026-04-19 18:27:51.540920+00:00,hu,origo.hu,origo.hu,2026-04-19,"Így ismerhetjük fel a hamis webáruházakat, mielőtt ellopnák a pénzünket",https://www.origo.hu/techbazis/2026/04/hamis-webaruhazak-igy-ismerhetjuk-fel
ac03140df3db8d58baf29504e2f837bf3687e5d1fece9fb43d2a91f51627cf93,2026-04-19 18:27:46.393056+00:00,hu,origo.hu,origo.hu,2026-04-19,Illegális terepmotorosokon ütöttek rajta a Bükki Nemzeti Parkban,https://www.origo.hu/kek-hirek/2026/04/terepmotor-rajtautes-nemzeti-parkban
72199f048d40c8782e716fc0f8e3724bd0a6741e49734db405188f573250b63f,2026-04-19 18:27:41.498006+00:00,hu,origo.hu,origo.hu,2026-04-19,Vérfagyasztó tragédia: 8 gyermeket lőttek agyon – a legfiatalabb áldozat mindössze 1 éves volt,https://www.origo.hu/nagyvilag/2026/04/verengzes-8-gyereket-lottek-agyon-csaladi-drama-soran
a75762cec02a388065b68eda460d8739f614526c811854900438f02f57a3a723,2026-04-19 18:27:37.064800+00:00,hu,origo.hu,origo.hu,2026-04-19,"Brooklyn Decker klasszikus amerikai bombázó, gyönyörű, hosszú lábakkal – dögös fotók",https://www.origo.hu/foto/2026/04/brooklyn-decker-galeria
88f484f1b7f396feb6985ae0a5af20ec3b297fc3131656830a328c4f3f5026d1,2026-04-19 18:27:31.565341+00:00,hu,origo.hu,origo.hu,2026-04-19,Milák Kristóf elképesztő idővel verte a mezőnyt a 100 pillangó döntőjében,https://www.origo.hu/sport/sport-egyeni/2026/04/milak-kristof-pillango-gyors-uszo-ob-olimpiai-bajnok
fa30926374a7a885685cb334078ba009660b3185ee763f3431d45fc8636ca12b,2026-04-19 18:27:16.272633+00:00,hu,origo.hu,origo.hu,2026-04-19,Ez már nem egészséges életmód – veszélyes trend terjed,https://www.origo.hu/nagyvilag/2026/04/orthorexia-eveszavar-dieta
888b0a65d8e8b1976cd6bf2a3d8fded06c1b5d9baaddec4b4a2fc587794e98ba,2026-04-19 18:27:06.767923+00:00,hu,origo.hu,origo.hu,2026-04-19,Megdöbbentő felfedezést tettek a kutatók: ezek az ételek okozhatják a térdfájást,https://www.origo.hu/nagyvilag/2026/04/ultrafeldolgozott-elelmiszerek-terd-izuleti-kopas
e2374686b76edfd86ab01d0cd19fbd91ad8a205bd97df131f76532b0f34103be,2026-04-19 18:26:52.073545+00:00,hu,origo.hu,origo.hu,2026-04-19,"Szex idős korban: miért fontos, és mire érdemes figyelni?",https://www.origo.hu/nagyvilag/2026/04/szex-idos-korban-egeszseg-test-lelek-intimitas
2f607a00230ecd2d722cc9ccfc484a429161afeb3c9edf150ddc77f9a2871f20,2026-04-19 18:26:44.198281+00:00,hu,origo.hu,origo.hu,2026-04-19,"Varga Barnabás gól nélkül maradt, mégis hatalmas dicséretet kapott",https://www.origo.hu/sport/sport-futball/2026/04/varga-barnabas-aek-athen-paok-gol-nelkul-dicseret
596c1b99f6328a8d045fa3fd3f7d41125caa0eacef98869ce7d04188e6ee08b4,2026-04-19 18:26:40.684798+00:00,hu,origo.hu,origo.hu,2026-04-19,Dávid Petra megvillantotta szexi dekoltázsát,https://www.origo.hu/teve/2026/04/david-petra-megvillantotta-szexi-dekoltazsat
a23e7ff59d6e23c03a573d8b5c3cf2366c47c6b6aec921a42a99753fbd0a1c6a,2026-04-19 18:26:34.979065+00:00,hu,origo.hu,origo.hu,2026-04-19,Nem volt kérdés: már 32-szeres kupagyőztes a One Veszprém,https://www.origo.hu/sport/sport-csapat/2026/04/one-veszprem-ferfi-kezilabda-magyar-kupa-donto
e950e8733f5b05d963d92844c7f128c33d62648ff42776352177c1bf83db6943,2026-04-19 18:26:29.167963+00:00,hu,origo.hu,origo.hu,2026-04-19,Szoboszlai Dominik elképesztő mérföldkőhöz érkezett a Liverpoolban,https://www.origo.hu/sport/sport-futball/2026/04/szoboszlai-dominik-liverpool-100-premier-league
25ed3de77db5154ccda58d96722ffaefb58c4d3831876626e8489dcf7128af6b,2026-04-19 18:26:24.227514+00:00,hu,origo.hu,origo.hu,2026-04-19,"Végzetesek lehetnek, mégis mindenki ülteti őket: ezek a legveszélyesebb mérgező növények",https://www.origo.hu/itthon/2026/04/mergezo-novenyek-veszely-kert-disznoveny
d4ef6b74c8dfb744ab35d001a694ceaad24027dd3dfb44ff9d74891539078b73,2026-04-19 18:26:19.374552+00:00,hu,origo.hu,origo.hu,2026-04-19,Max Verstappen drámája: hihetetlenül bukta el a biztos győzelmet,https://www.origo.hu/sport/f1/2026/04/max-verstappen-drama-nurburgring-mercedes-verseny
f1e68cf2dac6582ab379b32408e4bec951b8d9de6ad3dc67e2a33f29e1e1880c,2026-04-19 18:26:14.188884+00:00,hu,origo.hu,origo.hu,2026-04-19,A brazil szupermodell Bruna Marquezine minden porcikájával levesz a lábadról – mutatjuk az elképesztő fotóit,https://www.origo.hu/foto/2026/04/bruna-marquezine-galeria
979c55eb961a785888e647fa9feee54a4de9b857087496da2f41ff752a9c74c6,2026-04-19 18:26:09.241647+00:00,hu,origo.hu,origo.hu,2026-04-19,Csillaghullás Kecskeméten – ilyen lett Magyarország új büszkesége,https://www.origo.hu/auto/2026/04/mercedes-glb-kecskemet-auto-gyar
52c9dc0e75df6f9208dc664a5af17849c2afdb04575a5dbb7a6567c8ac1c9797,2026-04-19 18:26:04.195377+00:00,hu,origo.hu,origo.hu,2026-04-19,A Győri ETO hatalmas lépést tett a budapesti Final Four felé,https://www.origo.hu/sport/sport-csapat/2026/04/gyori-eto-odense-noi-kezilabda-bajnokok-ligaja
48d6f1cc110141605df52066741672738dbd8539459d21f04bd79d8f7adc5d6e,2026-04-19 18:25:59.161445+00:00,hu,origo.hu,origo.hu,2026-04-19,A Fradi és az ETO előrehozott bajnoki döntőt játszik az NB I-ben – ÉLŐ,https://www.origo.hu/sport/sport-futball/2026/04/fradi-eto-donto-nb-i
2d3a58bb8584e143ee8bd9c8388dba11cecc2cd5798c17707cc46ea54b700c13,2026-04-19 18:25:54.170424+00:00,hu,origo.hu,origo.hu,2026-04-19,Chloe Bennet mellei majdnem átdöfik a pólóját – brutál szexi fotók,https://www.origo.hu/foto/2026/04/chloe-bennet-galeria
a5a29e0eb4e454e1a1b43db5de82f8d08760a08dfca8a0cec3601c3fa093eba4,2026-04-19 18:25:49.380458+00:00,hu,origo.hu,origo.hu,2026-04-19,Horror az NB II-ben: mentő szállította kórházba az ájult kapust,https://www.origo.hu/sport/sport-futball/2026/04/nb-ii-kozarmisleny-ajka-elajult-szabados-istvan
7c80f9a5dbf9c93ef568c6324f0b9c9a0298a1cc44aa6d2c57148c643181ae10,2026-04-19 18:25:44.221440+00:00,hu,origo.hu,origo.hu,2026-04-19,"Megcsípte egy darázs a férfit, így segített megmenteni gazdája életét a hős kutya",https://www.origo.hu/kek-hirek/2026/04/kutya-eletmentes-sopron-rendorok
a4584be3a3747bed9e502bd2d7dd0a01a03ccf9d8c122f6c54d2a26615a21f79,2026-04-19 17:34:39.852686+00:00,hu,blikk.hu,blikk.hu,2026-04-19,Jeszenszky Zsolt szerint ezért vesztett a Fidesz: „Orbán Viktor akaratán kívül kaput nyitott a gonosz szellemek felé”,https://www.blikk.hu/politika/magyar-politika/jeszenszky-zsolt-orban-viktor-valasztas-vereseg-szellemek/gx9dp1p
3c54aa0770ea0bff6344957eb58f5472f62469646db06302f422a54cf846f8a7,2026-04-19 17:34:13.671326+00:00,hu,blikk.hu,blikk.hu,2026-04-19,"Ellopták a világhírű énekesnő autóját, benne beteg ikrei életmentő orvosi felszereléseivel",https://www.blikk.hu/sztarvilag/nemzetkozi-sztarok/lopas-jesy-nelson-ikrek-betegseg-sma/dthxvyx
2d1f3cf2541733e67c1c799b0ae747a7cfdaedb4b7170b462e90b8c1cdaacdf1,2026-04-19 17:33:59.134391+00:00,hu,blikk.hu,blikk.hu,2026-04-19,Ilyen van a Premier League-ben? Banális gólt szerzett az Arsenal – videó,https://www.blikk.hu/sport/kulfoldi-foci/mancity-arsenal-eredmeny/73rfwv4
6665beb156e896ce227f0ad809f72c343df9a8415352ac70f69c15e895d5246c,2026-04-19 17:25:30.604179+00:00,hu,index.hu,index.hu,2026-04-19,Szoboszlai Dominik mesés szögletével jóvátette 99 perc vergődését,https://index.hu/sport/futball/2026/04/19/premier-league-33.-fordulo-everton-liverpool-szoboszlai-dominik-ertekeles/
9f3922674fca22a8c8420f40150f3dcca6c85b9cd52bcf35621f33e9719aa121,2026-04-19 17:25:25.611698+00:00,hu,index.hu,index.hu,2026-04-19,Nem mindennapi ítéletet hozott a bíróság az álmedve támadása után,https://index.hu/kulfold/2026/04/19/medvejelmez-rongalas-biztositasi-csalas-luxusauto-rolls-royce-mercedes-borton/
6bab1e13c9e912fdff01327c9a023a662215f24f704f5e4261c1ac9936858a35,2026-04-19 17:25:20.483239+00:00,hu,index.hu,index.hu,2026-04-19,"Újabb gyújtogatási kísérlet történt egy londoni zsinagóga ellen, erősödik az antiszemita támadáshullám az országban",https://index.hu/kulfold/2026/04/19/london-zsinagoga-tamadas-gyujtogatas-scotand-yard-antiszemita-tamadasok/
484cfc96c92873600177235720e65ba369badce5d1e57cc1986d8d2540ac3c01,2026-04-19 17:25:15.638069+00:00,hu,index.hu,index.hu,2026-04-19,Már megint pattanásig feszülnek az idegeink a Netflix sorozatától,https://index.hu/kultur/cinematrix/2026/04/19/beef-balhe-teve-netflix-sorozat-streaming-a24-lee-sung-jin-oscaar-isac-felso-tizezer-drama-kritika/
fe96f9ecc88d80c51aeab02d0915019d0d353f84d864bf91e72fe64c8e9f06be,2026-04-19 17:25:10.635935+00:00,hu,index.hu,index.hu,2026-04-19,Támadások kereszttüzébe került a magyar válogatott középpályás női vezetőedzője,https://index.hu/sport/futball/2026/04/19/bundesliga-union-berlin-schafer-andras-marie-louise-eta-vezetoedzo-tamadasok/
8a08788f9511cf8d48a93d3674b58c1b794bebca6bc998a3a08416bc43e60788,2026-04-19 17:25:05.487956+00:00,hu,index.hu,index.hu,2026-04-19,"Donald Trump üzent Iránnak: Ha nem fogadja el az ajánlatunkat, minden egyes erőművet és hidat romba döntünk",https://index.hu/kulfold/2026/04/19/donald-trump-irani-haboru-tuzszuneti-megallapodas-hormuzi-szoros-hajoforgalom/
9de729bb9b32e232adb6eb8fedc8fb71aa3aecaa1487c5ab3cb6b4f6b3828a6e,2026-04-19 17:25:00.937183+00:00,hu,index.hu,index.hu,2026-04-19,"Kihúzták a hatos lottó nyerőszámait, csaknem 90 millió forint volt a tét",https://index.hu/gazdasag/2026/04/19/hatos-lotto-nyeroszamok-nyeremeny-szerencsejatek-zrt-szamsorsolas/
1117b4a1ab4c65ed3f73594de067f537cbd32f7151bc2ec04657f3b6399b1d95,2026-04-19 17:24:56.604211+00:00,hu,index.hu,index.hu,2026-04-19,"Saját hasonmásává változtatta kutyáját egy nő, milliók nevetnek a szürreális videón",https://index.hu/mindekozben/poszt/2026/04/19/sajat-hasonmasava-valtoztatta-kutyajat-egy-not-vicces-video/
2179331ecf0a8e2b46ab93989b76e2c851af09a71d63d62f3e80a940be99a9e7,2026-04-19 17:24:50.693089+00:00,hu,index.hu,index.hu,2026-04-19,"130 éve állt meg a vonat, amely elindította a magyar festészet legnagyobb forradalmát",https://index.hu/kultur/senkitobbet/2026/04/19/nagyvarad-nagybanya-42-remekmu-ferenczy-karoly-kiallitas/
36a0bcfbd66ab0dbd7d212f43efef8821ad4c3290700173b31f6c84552bd1edc,2026-04-19 17:24:45.641511+00:00,hu,index.hu,index.hu,2026-04-19,A választások után kiderült: nem találtak jelentős szennyezést az akkumulátorgyárak környezetében,https://index.hu/belfold/2026/04/19/akkumulator-gyarak-szennyezes-vizsgalat-greenpeace-god-komarom-soskut-tarnok/
96cf2deb2e2163e80bd05ca0a03e2b5c58bbd75b5da59048a2954059f1e0cb78,2026-04-19 17:24:40.688433+00:00,hu,index.hu,index.hu,2026-04-19,"A 100. percben Van Dijk befejelte a győztes gólt, idegenben nyert városi derbit a Liverpool",https://index.hu/sport/futball/2026/04/19/angol-premier-league-33.-fordulo-everton-liverpool-osszefoglalo-arne-slot-szoboszlai-dominik/
2190d69a842175d813d73931e16753ebd86f444310deeb3f88e2ddd6171ee3d9,2026-04-19 17:24:35.460813+00:00,hu,index.hu,index.hu,2026-04-19,"Döntetlent játszott a Fradi az első meccsen, a Győr magabiztos előnyt harcolt ki a BL-negyeddöntőben",https://index.hu/sport/kezilabda/2026/04/19/noi-kezilabda-bajnokok-ligaja-ftc-rail-cargo-hungaria-metz-odense-gyori-audi-eto-kc-osszefoglalo/
0d74715aebef43a1c00add9db4d0f3a6069a43a144dd7124c61c9937b5627418,2026-04-19 17:24:30.487905+00:00,hu,index.hu,index.hu,2026-04-19,"Jöhet a Feketék fehéren 2, de van egy bökkenő",https://index.hu/kultur/2026/04/19/feketek-feheren-film-folytatas-mozi/
8cd7c88617d29806ab015717b6e58b7c14388d6395450ea2b932350ccd8ed052,2026-04-19 17:24:25.861730+00:00,hu,index.hu,index.hu,2026-04-19,Hét perc alatt 80 százalékra tölt az SK On új akkumulátora,https://index.hu/gazdasag/2026/04/19/sk-on-akkumulator-elektromos-auto-szoul-interbattery-2026/
511bbd1b21eecc43f1f1befc76104f2d59dbc01d26132a631df09f499783fdb3,2026-04-19 17:24:20.714552+00:00,hu,index.hu,index.hu,2026-04-19,"Szabó Tímea üzent Rákay Philipnek: Látod, Kálmán, te is ugyanolyan sötét hülye vagy, mint a többi fideszes haverod",https://index.hu/belfold/2026/04/19/szabo-timea-rakay-philip-nav-vizsgalat-tisza-part-valasztas-2026/
3b36c79a69f7b128634e351202bb355d4e791880ced2381e2921bc36e921f466,2026-04-19 17:24:16.643635+00:00,hu,index.hu,index.hu,2026-04-19,"Böde Dániel gólja döntött, a Paks a szezonban harmadjára is legyőzte a Puskás Akadémiát",https://index.hu/sport/futball/2026/04/19/labdarugo-nb-i-30.-fordulo-paksi-fc-puskas-akademia-osszefoglalo/
30ae9593419b54554b2871c0f032526ca337116c154d611a190bfef952b43644,2026-04-19 17:23:58.081597+00:00,hu,index.hu,index.hu,2026-04-19,Gyógyszertári dolgozók és vásárlók mentették meg az összeesett férfi életét egy budapesti patikában,https://index.hu/belfold/2026/04/19/budapest-xiii-kerulet-gyogyszertar-ujraelesztes-orszagos-mentoszolgalat/
ed112268e74948e12c8411dc2f7b8499714e32d089ed6367df697237de8811bb,2026-04-19 17:23:52.713334+00:00,hu,index.hu,index.hu,2026-04-19,„Minden lóf*sznak van vége!” – Majka páros lábbal szállt bele Kocsis Mátéba és Rákay Philipbe,https://index.hu/kultur/2026/04/19/majka-kocsis-mate-rakay-philip-vita-orszaggyulesi-valasztasok/
9e48e5d82a6ce1c11875456d448f4deaf4cceb96bd4e762541447ad85d7273ce,2026-04-19 17:23:46.984902+00:00,hu,index.hu,index.hu,2026-04-19,Megszólalt a Szerencsejáték Zrt. a választás utáni lottócsodáról: nem lehet befolyásolni a sorsolás eredményét,https://index.hu/gazdasag/2026/04/19/szerencsejatek-zrt-nyeremeny-milliardok-lotto/
b3eb775169d8bd799f891f85469bfde19727630fb0d1e82d2f0101b7f203391b,2026-04-19 17:23:40.406006+00:00,hu,index.hu,index.hu,2026-04-19,"Orbán Viktor jelzést kapott Ukrajnától a Barátság kőolajvezeték ügyében, Magyarország álláspontja nem változott",https://index.hu/belfold/2026/04/19/orban-viktor-brusszel-ukrajna-baratsag-koolajvezetek-unios-hitel/
354ec04b9ec1cb6e65019535012d20cbbb069e1f64835a39de4eb5958bd9238d,2026-04-19 17:23:34.993308+00:00,hu,index.hu,index.hu,2026-04-19,"Lövöldözés tört ki Amerikában egy egyetemi campuson, több sérültet kórházba vittek",https://index.hu/kulfold/2026/04/19/lovoldozes-egyesult-allamok-egyetem-campus-iowa-sebesultek/
d3ea728b98f21279d29a4a3bf0f5fbc3d5c8c1d1649173caea2f09bcd2124897,2026-04-19 17:23:30.118844+00:00,hu,index.hu,index.hu,2026-04-19,"Jeszenszky Zsolt szerint a választási vereség mögött az áll, hogy Orbán Viktor indiai útján bálványimádást követett el",https://index.hu/belfold/2026/04/19/jeszenszky-zsolt-hajdu-peter-orban-viktor-fidesz-bukas-valasztas-india/
868909842effe996678a58127e7150a5adb890c1b6a2d21803c09464814f53fb,2026-04-19 17:23:25.934768+00:00,hu,index.hu,index.hu,2026-04-19,"Megyeri Csilla: „38 évesen szültem, de mit csináljak, ha csak két éve találtam meg a gyerekem apját?”",https://index.hu/mindekozben/poszt/2026/04/19/megyeri-csilla-38-evesen-szultem-de-mit-csinaljak-ha-csak-ket-eve-talaltam-meg-a-gyerekem-apjat-/
cb3757a661eb0a5de87e985ba5d85f8837fdc599e2a83e26bbff5ba0ca4ef64e,2026-04-19 17:23:19.955611+00:00,hu,index.hu,index.hu,2026-04-19,"Tucatjával zárnak be a szállodák, legyen résen, ha ebbe az európai országba készül",https://index.hu/kulfold/2026/04/19/norvegia-sztrajk-etterem-szalloda-beremeles-fizetesek/
24764ef376492aa2aed9f728e8b99d10f97678b97bd3a64c82de4eb9afdf1383,2026-04-19 17:23:15.530695+00:00,hu,index.hu,index.hu,2026-04-19,A pszichedelikus gyógyszerek engedélyezésének felgyorsításáról döntött az amerikai kormányzat,https://index.hu/kulfold/2026/04/19/egyesult-allamok-donald-trump-ibogain-pszichedelikus-gyogyszerek/
3d75abe0de8012c87edb255e12c3aa1bc95ece3bf8b5cf281ada1f3bda90b6f0,2026-04-19 17:23:10.134835+00:00,hu,index.hu,index.hu,2026-04-19,"Legendás alak tér vissza Budapestre, és még fizetni sem kell érte",https://index.hu/kultur/2026/04/19/pestext-irodalmi-fesztival-konyvek-irok-kultbudapest/
bcca46ea47d9941bf42c6b0e47c43f7d8fdd75171f75e4e25e8ad08f604af708,2026-04-19 17:23:09.487654+00:00,hu,blikk.hu,blikk.hu,2026-04-19,"Vajon mit jelent, ha mindig tele van a székünk ruhákkal?",https://www.blikk.hu/eletmod/lelek/szek-ruhak-jelentes/0p0qcd4
6673d0e572fde5512234e496c0618ef34db276ad58a2495649e4f76d21161082,2026-04-19 17:21:46.919370+00:00,hu,blikk.hu,blikk.hu,2026-04-19,„Nagyobb üzlet a politikában segget nyalni” – Majka kíméletlenül beleállt Rákay Philipbe és Kocsis Mátéba,https://www.blikk.hu/sztarvilag/hazai-sztarok/majka-rakay-philip-kocsis-mate/fpexz22
bb3cda89428d586ae218037de02586af55535dbfdbd75fa7c9bf2da6e357462f,2026-04-19 17:21:41.669746+00:00,hu,blikk.hu,blikk.hu,2026-04-19,"Trump ultimátuma: „Szép szóval vagy erővel, de lesz megállapodás”",https://www.blikk.hu/politika/vilagpolitika/trump-iran-konfliktus-amerika/6bnh1dw
ed019aa302a592d456526bffa82e7af2173bcd0ece7bf1eab1944c75e1ccbc8b,2026-04-19 17:21:36.472553+00:00,hu,blikk.hu,blikk.hu,2026-04-19,"Felismerné a 8 éves Krisz Rudit? Előkerült egy felvétel, így énekelt Geszti Péter mellett az egykori tinisztár! – videó",https://www.blikk.hu/sztarvilag/hazai-sztarok/krisz-rudi-geszti-peter/5b0vp1j
99e70c0e8198bdc5cd62faf3f24423b291f06a33237b3319c0d356f0756048cb,2026-04-19 17:21:13.981766+00:00,hu,blikk.hu,blikk.hu,2026-04-19,Borbás Marcsi visszavágott Kocsis Máténak: „A pénzt nem én vittem haza”,https://www.blikk.hu/sztarvilag/hazai-sztarok/borbas-marcsi-arulas-kocsis-mate-valasztas/7b7dcw5
d9d64e0d9fc91099ada72ea651e51d3c3fc680f481e2feeeb0d35e76be8b54c8,2026-04-19 16:18:48.593308+00:00,hu,blikk.hu,blikk.hu,2026-04-19,Drámai csatában hosszabbításban dőlt el a Liverpool városi rangadója,https://www.blikk.hu/sport/kulfoldi-foci/everton-liverpool-eredmeny/9pwz1z3
fb7a8b53209079f7c05fcd512bd58629c4f565a377fb6b86cdfecd4e286792d5,2026-04-19 15:33:39.945103+00:00,hu,origo.hu,origo.hu,2026-04-19,Tündéri fotón Sydney van den Bosch kislánya,https://www.origo.hu/teve/2026/04/sydney-van-den-bosch-lanya-ul-papa-oleben-fotokkal
eb74c735ae28f82a19b155cd4a01e38b9afdb1ed423b8d038ffee2428b468bfb,2026-04-19 15:33:35.033253+00:00,hu,origo.hu,origo.hu,2026-04-19,Döbbenetes összegért kelt el egy Titanic-mentőmellény,https://www.origo.hu/nagyvilag/2026/04/titanic-mentomelleny-dobbenetes-osszegert-kelt-el
211e53adf5e22eee3366c9eef8aee176d7e8465ad068352cccc5669e1c47e5ab,2026-04-19 15:33:29.188093+00:00,hu,origo.hu,origo.hu,2026-04-19,"Lefejelte ellenfelét a Paks védője, végül Böde Dániel klasszisa döntött az NB I-ben",https://www.origo.hu/sport/sport-futball/2026/04/nb-i-paks-puskas-akademia-bode-daniel-gol-video
0f6f40110727877ed9c6b93f9b8f5585881df64e2cce0820ed1d1cb26ce5f0ec,2026-04-19 15:33:24.329005+00:00,hu,origo.hu,origo.hu,2026-04-19,Ukrán csoda: váratlanul megjavult a Barátság kőolajvezeték,https://www.origo.hu/belpol/2026/04/olajszallitas-baratsag-koolajvezetek-zelenszkij
871a9433774719e3ebbf6c049a82734a8ad68aea037838e6de200cc924b35c1f,2026-04-19 15:33:18.626050+00:00,hu,origo.hu,origo.hu,2026-04-19,Holttestre bukkantak a tűzoltók Kállón,https://www.origo.hu/kek-hirek/2026/04/haztuz-holttest-halalos
57e2c98abfa82f2d66bb5b50182e1f54dadc37447bdca6162d9ca577adb3987e,2026-04-19 15:33:13.578206+00:00,hu,origo.hu,origo.hu,2026-04-19,Zelenszkij lebukott: ezért nem meri kiírni az ukrajnai választásokat,https://www.origo.hu/nagyvilag/2026/04/kijev-kaosz-mozgositas-mendel
e212d7fad42a72d3ef7df9d20808992aeb090ec9b39ce421d98ad921c4d126f5,2026-04-19 15:33:00.010712+00:00,hu,origo.hu,origo.hu,2026-04-19,Megint lezárták a világ egyik legfontosabb útvonalát: elszállhat az olaj ára,https://www.origo.hu/kulpol/2026/04/iran-olaj-hormuzi-szoros-usa
c7904208607ec766fd8e81680299c41e46e906b08d068d817a7fef2db1417d54,2026-04-19 15:32:45.883811+00:00,hu,origo.hu,origo.hu,2026-04-19,"Kiütéssel nyert a Szeged, bronzérmes a Magyar Kupában",https://www.origo.hu/sport/sport-csapat/2026/04/szeged-neka-kezilabda-magyar-kupa-bronzmeccs
54b937e64563660397592764eaa823f40a2422b91c4199d09c4f6bce75899dd0,2026-04-19 15:32:41.733996+00:00,hu,origo.hu,origo.hu,2026-04-19,Rita Ora újra bevállalta: ilyen forró fotókat ritkán látni,https://www.origo.hu/nagyvilag/2026/04/rita-ora-bikinis-fotok-instagram
43b88f54dad358ecd15ce89e5347d3b32131ea4baf94e4685f8d1849143bc287,2026-04-19 15:32:18.833119+00:00,hu,origo.hu,origo.hu,2026-04-19,Figyelem: fekvőrendőrön áthajtva robbanhat a légzsák!,https://www.origo.hu/auto/2026/04/figyelem-fekvorendoron-athajtva-robbanhat-a-legzsak
55ceda56864662625c71c6e0c48fc943933f59429cb9a234662dfb4a0d609b83,2026-04-19 15:32:13.700429+00:00,hu,origo.hu,origo.hu,2026-04-19,"Orbán Viktor bejelentést tett a Barátság kőolajvezetékről, üzent az ukránoknak is",https://www.origo.hu/belpol/2026/04/orban-viktor-baratsag-koolaj-vezetek-ukrajna
858afbd71e13252bd7c57b07afeec50a0fb210bb65a14fb0b4c07fd8b83edcaa,2026-04-19 15:32:08.563183+00:00,hu,origo.hu,origo.hu,2026-04-19,30 kilótól szabadult meg Balogh Tamásné – így néz ki most!,https://www.origo.hu/teve/2026/04/sefek-sefe-balogh-tamasne-eszter-fogyas
59a54b0be6dcd87bab6d3e32c4f4dcd16e4cf9e2fdb4b5e4c9a4e26a4a284895,2026-04-19 15:32:03.281256+00:00,hu,origo.hu,origo.hu,2026-04-19,Hihetetlen odavágót játszott a Fradi a Bajnokok Ligája negyeddöntőjében,https://www.origo.hu/sport/sport-csapat/2026/04/fradi-metz-noi-kezilabda-bajnokok-ligaja-negyeddonto
6d132348574f04893fa8adaf901ba08743bc415b4af1b79d20e617f7b3e79ca4,2026-04-19 15:31:58.475251+00:00,hu,origo.hu,origo.hu,2026-04-19,Tizenkét napig élt együtt áldozata oszladozó holttestével a gyilkos,https://www.origo.hu/kek-hirek/2026/04/holttest-12-napig-hazban-telford-gyilkossag
8c0e1ce411e45d56ae930e163b4d30cc4be7941902532bda4e3d4dcece76bf75,2026-04-19 15:31:53.958118+00:00,hu,origo.hu,origo.hu,2026-04-19,"Meglepő adatok: hiába csökken a kereslet, a garázsok nem lesznek olcsóbbak",https://www.origo.hu/gazdasag/2026/04/garazs-meglepo-adatok-hiaba-csokken-a-kereslet
4e290b71f867dee0651f518858497a7a1fe3b91579d67082cd08c7b28a0f7691,2026-04-19 15:31:48.480126+00:00,hu,origo.hu,origo.hu,2026-04-19,Ukrajna nekiment Washingtonnak: újra szankciókat követelnek,https://www.origo.hu/kulpol/2026/04/washingtoni-ukran-nagykovet-meresz-hangnem
135336dd4d68e0657fb9cc2bc9b7da49969e534c7c66328f566a2ad44bdf9432,2026-04-19 15:31:43.948276+00:00,hu,origo.hu,origo.hu,2026-04-19,"Ezt tudta? – amerikai villanyautóból már több van Magyarországon, mint Ladából",https://www.origo.hu/auto/2026/04/tesla-lada-villanyauto-szovjet
879ffc53443d7ac801e26fc48dd1877f6a332bbdde4b3a911f6a2a964657a345,2026-04-19 15:31:38.626829+00:00,hu,origo.hu,origo.hu,2026-04-19,Szoboszlai Dominik a 100. percben adott gólpasszt a liverpooli városi rangadón,https://www.origo.hu/sport/sport-futball/2026/04/szoboszlai-dominik-golpassz-everton-liverpool
71772272d02e982d2755b187c05eecd67d0b01e7d7a804bc219d8765dd22b9d4,2026-04-19 15:31:24.296430+00:00,hu,blikk.hu,blikk.hu,2026-04-19,Külföldre költözött magyar hírességek vajon tényleg hazajönnek a kormányváltás után?,https://www.blikk.hu/sztarvilag/hazai-sztarok/hazakoltozes-kulfoldrol-sztarok/qc2ks97
4335165a55143cbbeba90221371b6537ad1f6d6fb7a416136b24c7391ef92313,2026-04-19 15:31:18.979859+00:00,hu,blikk.hu,blikk.hu,2026-04-19,"„Ha van olaj, van pénz” – Orbán Viktor drámai bejelentést tett a Barátság kőolajvezetékről",https://www.blikk.hu/gazdasag/penz/baratsag-koolajvezetek-orban-viktor-brusszel/1dp0v8z
8708ea01de45fb9825128a5024983708ad436a6b2d5da3463ecb57f615289647,2026-04-19 15:31:14.333599+00:00,hu,blikk.hu,blikk.hu,2026-04-19,Kihúzták a Hatoslottó nyerőszámait: ezzel a hat számmal vajon lett valakinek telitalálata?,https://www.blikk.hu/gazdasag/penz/hatoslotto-nyeroszamok-vasarnap-aprilis/ebv2dt9
9c23f9d70a95d04fd8e40f85e0db43d79fc36b1856cfd305e84e202a9f887224,2026-04-19 15:30:41.943152+00:00,hu,blikk.hu,blikk.hu,2026-04-19,"A Szentkirályi-alapító: „A cég már akkor létezett, amikor Orbán Viktor még azt sem tudta, hol van”",https://www.blikk.hu/politika/magyar-politika/balogh-levente-szentkiralyi-asvanyviz-kocsis-mate-fidesz-valasztas2026/3gw751m
cf9620fbaf323d9154ef75ebe118282771cfbf052f50c8e85c841f3d179b461d,2026-04-19 15:30:37.762578+00:00,hu,blikk.hu,blikk.hu,2026-04-19,A 60 lépcsőfokos teszt segít felmérni az állóképességet,https://www.blikk.hu/eletmod/egeszseg/lepcsoteszt-mennyire-vagyunk-fittek/hpfzddg
85d7d27f8a2918a9e6d26325d1d22400fac2549fde4c0d8caac595d3acb1a4ae,2026-04-19 15:30:32.550718+00:00,hu,blikk.hu,blikk.hu,2026-04-19,Az emberhátrány sem volt akadály: a Paks legyőzte a Puskást,https://www.blikk.hu/sport/magyar-foci/paks-puskas-eredmeny-futball-nbi/z185hly
d04b910c9634f4c7e15fbf05ef1c2e2ff9bd3513feb0e7600c2a6f95bf967d13,2026-04-19 15:18:50.739654+00:00,hu,origo.hu,origo.hu,2026-04-19,Kövér László lesz a Bayer Show vendége,https://hirtv.origo.hu/ahirtvhirei/2026/04/kover-laszlo-lesz-a-bayer-show-vendege
80346bfd2b144fcdb98bb283474d20dfd66169e6fc3ba9fd070b6c7aff021b41,2026-04-19 15:18:35.788004+00:00,hu,origo.hu,origo.hu,2026-04-19,Megérkezett a tavasz a Mecsekbe is - e növény helyét titok övezi,https://hirtv.origo.hu/ahirtvhirei/2026/04/megerkezett-a-tavasz-a-mecsekbe-is-e-noveny-helyet-titok-ovezi
8d659b9fa2e8189aab7343051788990afbc99ae30dbc164d3b94b6f1787a127b,2026-04-19 15:18:25.906815+00:00,hu,origo.hu,origo.hu,2026-04-19,A németek elégedetlenek az üzemanyagárakkal,https://hirtv.origo.hu/hirtvkulfold/2026/04/a-nemetek-elegedetlenek-az-uzemanyagarakkal
d9a93b24672539e5193833de841b89441db86bb15f3c4826ef6cc55be76c6673,2026-04-19 15:18:13.320224+00:00,hu,origo.hu,origo.hu,2026-04-19,"Választások utáni jövőkép - Mi lesz veled, Magyarország?",https://hirtv.origo.hu/ahirtvhirei/2026/04/valasztasok-utani-jovokep-mi-lesz-veled-magyarorszag
5d5f5ea8d432fd361e2ca8b22016f87bf805fe34e69d6f2baed7872158aae74a,2026-04-19 15:18:06.288331+00:00,hu,origo.hu,origo.hu,2026-04-19,Mikor érkezik el a megbékélés ideje?,https://hirtv.origo.hu/ahirtvhirei/2026/04/mikor-erkezik-el-a-megbekeles-ideje
4afdb7603b76406d9855bc9d2b70387542a6f20f5178e8d5c0d91346cb95c9ac,2026-04-19 15:17:59.090024+00:00,hu,origo.hu,origo.hu,2026-04-19,Kerozinhiány Olaszországban,https://hirtv.origo.hu/ahirtvhirei/2026/04/kerozinhiany-olaszorszagban
5969049bb7ba4a12e7b4bb00ff1010f85a8ee1ad2b225ada7c3b7b20f17f95e2,2026-04-19 15:17:53.025966+00:00,hu,origo.hu,origo.hu,2026-04-19,Az önkormányzatok mutassanak példát,https://hirtv.origo.hu/ahirtvhirei/2026/04/az-onkormanyzatok-mutassanak-peldat
761d0a77c9344a85383f6118c7d488680d84cedf6e853cda5324ad5f8cdf6154,2026-04-19 15:17:49.572001+00:00,hu,origo.hu,origo.hu,2026-04-19,Ismét lezárta Irán a Hormuzi-szorost,https://hirtv.origo.hu/hirtvkulfold/2026/04/ismet-lezarta-iran-a-hormuzi-szorost
55c6facf1b3eef0be34e3ae56ffc6e1d2878b98350a0ae4db4d87c76fab41772,2026-04-19 14:30:49.989163+00:00,hu,blikk.hu,blikk.hu,2026-04-19,"Gyurcsány üzent a választás után: ""Aki kisajátítja az igazságot, felszámolja önmagát""",https://www.blikk.hu/politika/magyar-politika/gyurcsany-ferenc-demokratikus-koalicio-valasztas2026-politikus/v5ercs1
0288f8deaff5162ef71edfe1e3a15cb764548ea10dd27f46709637883ab01909,2026-04-19 14:30:34.952809+00:00,hu,blikk.hu,blikk.hu,2026-04-19,Borbély Alexandra megdöbbentő kijelentést tett Friderikusz műsorában: ezért akart elmenekülni Magyarországról,https://www.blikk.hu/sztarvilag/hazai-sztarok/borbely-alexandra-magyarorszag-nagy-ervin/6mvrpxq
15f2c97c902f3926fdabd46ed4131113ffcae0b3771c0678c603d1776a0eb3b7,2026-04-19 14:30:28.512715+00:00,hu,blikk.hu,blikk.hu,2026-04-19,"Súlyos vád a terepmotorosoktól: fegyverrel, kötélcsapdával várták őket",https://www.blikk.hu/aktualis/krimi/kotelcsapda-serules-terepmotoros-bukk-erdoorok/t96ny96
695de3f0206a417bb33f2b27e365395f6c37a14bcf2dcea2bc265d57c084cee0,2026-04-19 14:30:20.264797+00:00,hu,blikk.hu,blikk.hu,2026-04-19,Az elszalasztott lehetőségek hosszú távon jobban fájnak,https://www.blikk.hu/eletmod/lelek/megbanas-tettek-kihagytunk/lcmm38e
5b827ffaa22165d4d832695ec652cfc468af6e9a31decb2fde9fe2f8d0f74f8b,2026-04-19 14:29:10.587022+00:00,hu,blikk.hu,blikk.hu,2026-04-19,Meghalt dr. Fullér István,https://www.blikk.hu/sport/meghalt-fuller-istvan/byszgsb
f0945749db951d8425687c989b5bde9dd9755a7368aafefe433fadd34c9e2c54,2026-04-19 13:29:48.481833+00:00,hu,blikk.hu,blikk.hu,2026-04-19,"Csányi Sándor figyelmeztet: ha ez megszűnik, csapatok dőlhetnek be",https://www.blikk.hu/sport/csanyi-sandor-mlsz-nb-i-kozvetitesi-jogok/03w5htd
945186872a5e2488bde8753e9194571de62f5f092489f3b50e295db783f491e7,2026-04-19 13:29:38.555974+00:00,hu,blikk.hu,blikk.hu,2026-04-19,"Keane-t vinnék Angliába, nagy bajba kerülhet a Fradi",https://www.blikk.hu/sport/robbie-keane-frank-lampard-fradi-edzo-angol-bajnoksag-foci/wmdpeb1
eace4078985be930df335e785a098230d5370f97b3e466e339305d9cbe2ac2ea,2026-04-19 13:29:28.969708+00:00,hu,blikk.hu,blikk.hu,2026-04-19,Már nem titok: megmutatta új kedvesét Simon Attila,https://www.blikk.hu/sztarvilag/hazai-sztarok/simon-attila-volt-felesege-valas-uj-baratnoje/06qqwjl
b4a61a7cf1bba4755e8871dd97b1874a9619608144b710e48d60b31a9dc8195c,2026-04-19 13:28:59.351271+00:00,hu,blikk.hu,blikk.hu,2026-04-19,Viharos széllel és lehűléssel ér véget a hétvége,https://www.blikk.hu/aktualis/belfold/elsofokoku-riasztas-hidegfront-zivatatar/jjtc31e
d534d8c9e3f75badff33b2e16c3fc9c42d028f24560f6080b0fb66d59f1a9e4b,2026-04-19 13:28:30.148714+00:00,hu,blikk.hu,blikk.hu,2026-04-19,Szörnyű tragédia: verseny közben halt meg a csodaszép triatlonos,https://www.blikk.hu/sport/triatlon-verseny-gyasz/rrbsvnh
27fba2a9205f0793372b9163eb6e5df859fde78b33d353a68781e7130a350c27,2026-04-19 13:28:06.539834+00:00,hu,blikk.hu,blikk.hu,2026-04-19,"Ezeket a falatokat jobb, ha soha nem adja a kutyájának, különben komoly egészségi kockázatot vállalhat, amiről sok gazdi nem is tud",https://www.blikk.hu/eletmod/tippek/jutalomfalat-veszelyei/zvtlh45
9d1b14963b93438aa1c8872129b02b277bb5ecfeceae909838e6c06282e1590e,2026-04-19 13:28:01.373469+00:00,hu,blikk.hu,blikk.hu,2026-04-19,Nyílt videóban szólt be Vidnyánszky Attilának Makranczi Zalán,https://www.blikk.hu/sztarvilag/hazai-sztarok/makranczi-zalan/r23x678
023f689ff351d1cf60ac7014e09c699ec68967e7dd00a0606aabd36bd0149111,2026-04-19 13:25:40.325479+00:00,hu,index.hu,index.hu,2026-04-19,"Lezárult a csalási ügy, amelyben eltűnt 303 milliárd euró",https://index.hu/kulfold/2026/04/19/kina-ingatlanepites-evergrande-csod-bukas-hszu-csia-jin/
52f18030b660e16b71124ea031ca7f89ac476c8929616c7f4a972c342f85e2b9,2026-04-19 13:25:35.717410+00:00,hu,index.hu,index.hu,2026-04-19,"Áll a bál a színházi szakmában, kőkeményen visszaszóltak Vidnyánszky Attilának",https://index.hu/kultur/2026/04/19/vidnyanszky-attila-beres-attila-miskolci-nemzeti-szinhaz-nyilt-level-szinhaz/
ef351df6727aaa50e444556ed842927ae59876fc7933ad9103f1cd5af8cb405c,2026-04-19 13:25:30.860888+00:00,hu,index.hu,index.hu,2026-04-19,"Kutyája több pénzt keres nála, ezért otthagyta munkahelyét",https://index.hu/mindekozben/poszt/2026/04/19/kutyaja-tobb-penzt-keres-nala-ezert-otthagyta-munkahelyet/
642afd0b3c6342d6bd7f9919be747ab5403c6a9ab5638038fbfb07589992c3d2,2026-04-19 13:25:25.421565+00:00,hu,index.hu,index.hu,2026-04-19,Zajlik az év olajbiznisze: vörös vonalakat húzott a szerb miniszter a Mol vezérének,https://index.hu/gazdasag/2026/04/19/mol-nis-hernadi-zsolt-voros-vonal-uzlet/
04e0ce65f86ab5fb705b1046a46e4cc7db015eb4ce9304d652a445eb9bc6a780,2026-04-19 13:25:20.499031+00:00,hu,index.hu,index.hu,2026-04-19,"Megszólalt Gyurcsány Ferenc a választások után, nem tudni, hogy politikai jóslat vagy üzenet",https://index.hu/belfold/2026/04/19/gyurcsany-ferenc-valasztas-2026-orban-viktor-magyar-peter-nyugati-civilizacio-konyv/
e2534b4c33b7a7f024e2a579ab82c2fc9f2f2cb5564dbe3d6f2fc13b53bac3fc,2026-04-19 13:25:15.252207+00:00,hu,index.hu,index.hu,2026-04-19,"Kocsis Máté szerint Borbás Marcsi, Balogh Levente és Wáberer György árulók",https://index.hu/belfold/2026/04/19/kocsis-mate-fidesz-valasztas-2026-orban-viktor-magyar-peter-tisza-part-matolcs-borbas-marcsi-balogh-levente-szentkiralyi/
90b2bc256c1c006bd7d47cc5a6c36c4684fd505dabacc46c97242866d151c9a5,2026-04-19 13:25:10.449339+00:00,hu,index.hu,index.hu,2026-04-19,"Üzemanyaghiány nyírja ki az ázsiai légi közlekedést, felkészül Európa",https://index.hu/kulfold/2026/04/19/legikozlekedes-azsia-europa-jegyarak-uzemanyag-hormuzi-szoros-blokad-legitarsasag/
d5ce033d8368217713f07b266b346f9156a41379f41e7d8d205c388c42c7e079,2026-04-19 13:25:05.256493+00:00,hu,index.hu,index.hu,2026-04-19,Visszatérés a mélyről – Kalo Bone története,https://index.hu/kultur/2026/04/19/visszateres-a-melyrol---kalo-bone-tortenete/
6f903c4392d8f877d050ca6db9e808bab306725673b849617a36c752ce105b96,2026-04-19 13:25:00.544342+00:00,hu,index.hu,index.hu,2026-04-19,A bolhapiacon minden régi kabátnak vagy órának saját drámája van,https://index.hu/kultur/multkep/2026/04/19/bolhapiac-piac-vasar-aru-kincs/
831c2cc6f2348ecdfec2fd70346a7942f36be3a26eb3df987fca54468d630062,2026-04-19 13:24:55.287182+00:00,hu,index.hu,index.hu,2026-04-19,Ezt reméli az új kormánytól a Magyar Művészeti Akadémia,https://index.hu/kultur/2026/04/19/turi-attila-magyar-muveszeti-akadamia-mma-orszaggyulesi-valasztasok-elnok/
38b80692110d998952eb78273830d01ece1cdc45a036cd8d17feeac108257962,2026-04-19 13:24:50.798763+00:00,hu,index.hu,index.hu,2026-04-19,Egy tavaly júniusi Lázárinfón is feltűnt a „hamis” Magyar Péter,https://index.hu/belfold/2026/04/19/magyar-peter-valasztas-lazarinfo-szombathely-agh-peter-strompova-viktoria/
cecf37480e7f5cbfbfab15e26c1a933a17245d8eec43607179f7b242c30d8ebc,2026-04-19 13:24:45.682544+00:00,hu,index.hu,index.hu,2026-04-19,"A férfi nem kér több kemót, a nő hallani sem akar róla",https://index.hu/kultur/2026/04/19/david-eldridge-a-vege-rozsavolgyi-szalon-dicso-daniel-hegyi-barbara-schneider-zoltan-kultbudapest/
3d16a33031f3d69ce624f3ef62b7bb6bd06b39b2a1c18c1dab1fc65e38c9550a,2026-04-19 13:24:40.247627+00:00,hu,index.hu,index.hu,2026-04-19,Halálos lakástűz volt Kállón,https://index.hu/belfold/2026/04/19/nograd-varmegye-kallo-halalos-tuz/
ab24bd32eadd6e5ab609e45fb6263b9e4f026efa3e6461a2fd3c14415f3edc32,2026-04-19 13:24:35.606610+00:00,hu,index.hu,index.hu,2026-04-19,"Lionel Messi két góllal kedveskedett új, egykor analfabéta edzőjének",https://index.hu/sport/futball/2026/04/19/lionel-messi-guillermo-hoyos-denver-colorado-rapids-futball-labdarugas-mls-amerikai-bajnoksag/
c3224b9819fba02e7a6ad2785582bc45e09fee22f09b938c1725fdd55b8531af,2026-04-19 13:24:30.653274+00:00,hu,index.hu,index.hu,2026-04-19,"Amit mindig tudni akart a tacskójáról, de sosem merte megkérdezni",https://index.hu/tudomany/2026/04/19/tacsko-vadaszkutya-dogz-fesztival-falkaseta-kutyatartas/
dfdf09c127daad5808685183d132454d6df415716164d9dc7c0624f8f9db4b30,2026-04-19 13:24:25.334945+00:00,hu,index.hu,index.hu,2026-04-19,Molnár Áron nem tudott elmenni szó nélkül Curtis friss fotója mellett,https://index.hu/belfold/2026/04/19/molnar-aron-curtis-zenesz-rapper-szinesz-kozossegi-media/
1d3c57f8f12927500fb51eec092e547f5895dd3c11acdea864d7698f05cc30d3,2026-04-19 13:24:20.202744+00:00,hu,index.hu,index.hu,2026-04-19,Magyar Hang: Kövér László már közölte Orbán Viktorral a jövőjéről hozott döntést,https://index.hu/belfold/2026/04/19/orban-viktor-kover-laszlo-kdnp-egyhaz-tisza-part-valasztas-2026-orszaggyules/
a135b9b34e480e493faacf805c707f152d2cd11735548840f126efbd5437fc28,2026-04-19 13:24:15.842293+00:00,hu,origo.hu,origo.hu,2026-04-19,"Döbbenetes és megrázó, ahogy összeomlottak a sztárfocisták",https://www.origo.hu/sport/sport-futball/2026/04/atletico-madrid-drama-vereseg-kupadonto-simeone-alvarez
e8f5c169431559cd00f78abf44ba8d7ff35fde520f9f037c50328d42fa38ff96,2026-04-19 13:24:12.249865+00:00,hu,index.hu,index.hu,2026-04-19,Egy fiatal lány virágba borította a színpadot és a lelkünket,https://index.hu/kultur/2026/04/19/deva-koncert-mupa-viragzas-kultbudapest/
fafecc5453777a1d5000bd6c37c262e5e852ef6534b7bb6dd4ba014bcb74867c,2026-04-19 13:24:11.760061+00:00,hu,origo.hu,origo.hu,2026-04-19,Szexi bikiniben perzselte fel a tengerpartot a bombázó sportolónő – képek,https://www.origo.hu/sport/sport-laza/2026/04/szexi-lauryn-davey-atlteika-instagram-kepek
7280d90340fd99a05beb6a314828ff39440886a2e0653003cf4e4baa5c0d1b2d,2026-04-19 13:24:07.692341+00:00,hu,index.hu,index.hu,2026-04-19,A Trónok harca sztárja kulcsfigura lehet a Batman 2-ben,https://index.hu/kultur/2026/04/19/charles-dance-batman-2-tronok-harca-harvey-dent-edesapja-mozi-film-szerep/
b56533117169b554bed2fcbc92e25604e0ab734d998f9cd9fb7517858bd85123,2026-04-19 13:24:05.808757+00:00,hu,origo.hu,origo.hu,2026-04-19,"Kiderült, Szoboszlaiék ott lesznek-e az Everton elleni kezdőcsapatban",https://www.origo.hu/sport/sport-futball/2026/04/szoboszlai-kerkez-everton-liverpool-pl-kezdocsapat
38d401cbd17b3615134235ec8fb16f1cc6a065c34fed8fcc6969466d05359184,2026-04-19 13:24:01.429666+00:00,hu,origo.hu,origo.hu,2026-04-19,Mesés nyereményekkel fizetné le a netezőket a Microsoft,https://www.origo.hu/techbazis/2026/04/microsoft-edge-nyeremenyjatek-auto-penz
3c623a4fd2480da24ccf9443fa1884e61f60e732b447840f82ed8f1b9a357565,2026-04-19 13:23:55.809520+00:00,hu,origo.hu,origo.hu,2026-04-19,Hoppá! Mégis mennek magyar katonák Ukrajnába?,https://www.origo.hu/belpol/2026/04/racz-andras-ukrajna-tisza-part-magyar-katonak
5eb308fb6912f66daa9faf54680e42be56edaff487a93091c1ff48b6faaceb0b,2026-04-19 13:23:50.880715+00:00,hu,origo.hu,origo.hu,2026-04-19,Adóemelés vagy adócsökkentés? Teljes zavar a Tisza körül,https://www.origo.hu/belpol/2026/04/tisza-part-adoemeles-adocsokkentes-teljes-zavar
b31c67be3ce2053e7b605553a6545de650c41ed7b99811ae05a597da1b2b5fb8,2026-04-19 13:23:45.847981+00:00,hu,origo.hu,origo.hu,2026-04-19,Brüsszelben tárgyalt a Tisza: ez lehet az ára az uniós pénzeknek,https://www.origo.hu/belpol/2026/04/unios-tamogatasok-magyar-peter-tisza-brusszel
3e8a2d2fb18528af02089b8a616bf3164621940d059fdc4f17026425134526e2,2026-04-19 13:23:41.647750+00:00,hu,index.hu,index.hu,2026-04-19,Megindultak a tárgyalások a leendő Tisza-kormány és az Európai Bizottság között az uniós pénzek hazahozataláról,https://index.hu/belfold/2026/04/19/magyar-peter-tisza-kormany-erasmus-egyetem-horizon/
0bf0bb54dac1fc288654e42768ee87f4c134a4820be31bf91503534ede1bd527,2026-04-19 13:23:41.449241+00:00,hu,origo.hu,origo.hu,2026-04-19,Újabb fájdalmas lépés vár Till Tamás szüleire,https://www.origo.hu/kek-hirek/2026/04/till-tamas-gyilkossag-gyerek
c46c1b83b8c30f7d0aac104af16e2c52665bbcd59e8f2e65f6ff72565f23feac,2026-04-19 13:23:37.280710+00:00,hu,index.hu,index.hu,2026-04-19,"Könnyekig hatotta Horváth Tamás Péterfi Andit, ezzel a nem mindennapi ajándékkal lepte meg feleségét",https://index.hu/mindekozben/poszt/2026/04/19/konnyekig-hatotta-horvath-tamas-peterfi-andit-ezzel-a-nem-mindennapi-nevnapi-ajandekkal-lepte-meg-feleseget/
d057e5dfb24c67c85ddd4e564cdf41d58a1ad3e1015f4daadc11b1be1f7d575d,2026-04-19 13:23:36.911651+00:00,hu,origo.hu,origo.hu,2026-04-19,Rákos betegséggel verte át az embereket: együttérzésből csinált rengeteg pénzt,https://www.origo.hu/nagyvilag/2026/04/rakos-csalas-hamis-rakdiagnozis-brutalis-atveres
743b2b078b44bcd11a1aa05d69260165429d17bf3d249d4eaca11a5f89875685,2026-04-19 13:23:32.787585+00:00,hu,index.hu,index.hu,2026-04-19,"Kiss Kriszta bikinifitnessz-versenyről jelentkezett be, két kategóriában is érmet szerzett A Nagy Ő győztese",https://index.hu/mindekozben/poszt/2026/04/19/kiss-kriszta-bikinifitnessz-versenyrol-jelentkezett-be-ket-kategoriaban-is-ermet-szerzett-a-nagy-o-gyoztese/
f381ea9ddbcf22f5f21553a29e2b0ddfea84f4a3f96d6c81b35583e393df1267,2026-04-19 13:23:30.807614+00:00,hu,origo.hu,origo.hu,2026-04-19,Pánik Nagykállón: elszabadult póni rohant a városban,https://www.origo.hu/kek-hirek/2026/04/poni-keltett-remuletet-nagykallo-utcain
937960809a4d8e32aa493bc4bf006ba0c52315d920a8bbd79de1470c3ac5b10c,2026-04-19 13:23:25.944797+00:00,hu,origo.hu,origo.hu,2026-04-19,Bébiételbe rejtett patkányméreg – A HiPP kivonta teljes termékkínálatát az üzletekből,https://www.origo.hu/gazdasag/2026/04/bebietel-patkanymereg-zsarolas
e9d95482465d14c78bc86b86416420e6a5500eed731e1202163febb47baba924,2026-04-19 13:23:20.831270+00:00,hu,origo.hu,origo.hu,2026-04-19,"Kocsis Máté megnevezett három árulót, kíméletlen írást tett közzé a politikus",https://www.origo.hu/belpol/2026/04/kocsis-mate-valasztas-2026-tisza-arulo
0679946f1c2e13681309f7f7425f2a921f0a0977bf991527466f6654322892d4,2026-04-19 13:23:15.936523+00:00,hu,origo.hu,origo.hu,2026-04-19,Hatalmas robbanás rázta meg Amerikát – „járulékos veszteségnek” nevezte az áldozatokat a merénylő,https://www.origo.hu/nagyvilag/2026/04/oklahomai-robbantas-1995-terrorizmus-merenylet
e9cdbdb0c158f68548639d2e6d77fdcc39188c8c10666e6ea1f18c1413d8e186,2026-04-19 13:23:10.804261+00:00,hu,origo.hu,origo.hu,2026-04-19,Szerelmes lett egymásba az Exatlon két bajnoka?,https://www.origo.hu/teve/2026/04/exatlon-ket-bajnoka-szerelmes-lett-egymasba
fb10bf14925bf0aaed78a0f5d30b470f4b2d685e83c3a27cec89100815807967,2026-04-19 13:23:05.950042+00:00,hu,origo.hu,origo.hu,2026-04-19,"Tudod, mi van a tányérodon? – Indul a 2026-os Safe2Eat kampány",https://www.origo.hu/itthon/2026/04/safe2eat-kampany-nebih-efsa-elelmiszer-biztonsag
cee5dc15b09a88d0c56f5305b0ee4c79606b06f51188dffb23c290a12fd082e2,2026-04-19 13:23:01.080340+00:00,hu,origo.hu,origo.hu,2026-04-19,"Gamer nagyi a bosst püfölte, a rendőrök pedig az ajtaját: azt hitték, meghalt",https://www.origo.hu/kek-hirek/2026/04/videojatek-gamer-nagymama
ff6b38f475d0f70ad52d7a2702ac9cebb9ff596689764f7bca7cf1f934f228fc,2026-04-19 13:22:57.098568+00:00,hu,origo.hu,origo.hu,2026-04-19,Rekordnyeremény az ötöslottón – íme minden idők legnagyobb nyereményei,https://www.origo.hu/gazdasag/2026/04/lotto-ezek-voltak-a-legnagyobb-nyeremenyek
cf664601347c2cbdd177bfbf57bd600ca0554adbb729811db6945682c7f79b22,2026-04-19 13:22:51.697385+00:00,hu,origo.hu,origo.hu,2026-04-19,"Schäferék női edzője támadások alatt, a szövetség kiáll mellette",https://www.origo.hu/sport/sport-futball/2026/04/schafer-union-berlin-marie-louise-eta-noi-edzo-tamadas
cd5e19d805e8f9506e16fc96a2ae41c28bde6308805adb3c0a2a7953cf0f32d2,2026-04-19 13:22:45.858691+00:00,hu,origo.hu,origo.hu,2026-04-19,"Előbb megalázták, majd kirabolták a BL-győztes csapat játékosait",https://www.origo.hu/sport/sport-csapat/2026/04/magdeburg-kezilabda-nemet-kupa-claar-lagergren-rablas
b2ec6cbed5d5a51139e6a4277e82515b4347dbe90d4ddbee1346889108353925,2026-04-19 13:22:41.533116+00:00,hu,origo.hu,origo.hu,2026-04-19,Liberális médiasztár ismerte el: hamis képet fest a média Orbán Viktorról,https://www.origo.hu/belpol/2026/04/orban-viktor-hamis-kep-bill-maher-vallomas-diktator
36efc93175310f1936032344b2ce558272b1e5b49a286f03d2c959a1032cc2e2,2026-04-19 13:22:35.818645+00:00,hu,origo.hu,origo.hu,2026-04-19,Emberi világcsúcsot döntött meg egy humanoid robot a félmaratonon,https://www.origo.hu/nagyvilag/2026/04/humanoid-robot-vilagcsucsot-dontott-peking-felmaraton
e321c5b17bdfb264887ac70592195bb4a8cae10f6b019d38e7c36c319a41a50b,2026-04-19 13:22:31.194333+00:00,hu,origo.hu,origo.hu,2026-04-19,"Még van hely a nyári táborokban: de aki késlekedik, sokkal többet fizethet",https://www.origo.hu/gazdasag/2026/04/taborok-nyari-szunet-arak-foglaltsag
f8ce19db363431c3fdf90a7ea3e52c81f27eff0facfbbd4ce47dd468fe47f21c,2026-04-19 13:22:26.908098+00:00,hu,origo.hu,origo.hu,2026-04-19,Drámai képek a helyszínről: fejtetőn állt meg a kocsi a szombati balesetben,https://www.origo.hu/kek-hirek/2026/04/baleset-kepet-suzuki
01ab544879c9d119798a76cea8e173c3ce5681916328ba59b6e772747a0d7af3,2026-04-19 13:22:21.048134+00:00,hu,origo.hu,origo.hu,2026-04-19,"Időben kellett volna befejezni: sorozatok, amiket nem kellett volna húzni, mint a Dallast!",https://www.origo.hu/filmklub/2026/04/sorozat-folytatas-twin-peaks-dexter-true-detective
ab8368e541ba297f24481c591735661120e5ffdfb7e88825613113bd0bd97f37,2026-04-19 13:22:15.931534+00:00,hu,origo.hu,origo.hu,2026-04-19,"Sokkoló tragédia az Ironmanen: eltűnt a vízben, meghalt egy 38 éves sportolónő",https://www.origo.hu/sport/sport-egyeni/2026/04/meghalt-ironman-triatlon-uszas-mara-flavia-araujo
8bfdcaf667761eada1c508678f794d340110a286c2b6399e448680d34ff208d1,2026-04-19 13:22:10.807062+00:00,hu,origo.hu,origo.hu,2026-04-19,És hány meg hány tiszás hazugságra derül majd ugyanígy fény?,https://www.origo.hu/belpol/2026/04/godi-akkumulatorgyar-hamis-vad-tisza-part-domotor-csaba
3f4aae0d046697305d9633f7743ee00baf2c0732bef855d169017bcf88809d47,2026-04-19 13:22:05.832408+00:00,hu,origo.hu,origo.hu,2026-04-19,"Vannak turisták, aki kifejezetten nyalni jönnek a Balatonra – nyakunkon a hagyományos fagyiverseny",https://www.origo.hu/itthon/2026/04/balaton-fagyija-vannak-turistak-aki-nyalni-jonnek
b52f07924717d9eb9335253c7f11dfcde24ca6d60cbc22deadde900f9bd3b081,2026-04-19 13:22:01.494987+00:00,hu,origo.hu,origo.hu,2026-04-19,Varga Barnabás meseszép barátnője intim pillanatot osztott meg – fotó,https://www.origo.hu/sport/sport-laza/2026/04/varga-barnabas-parja-laura-intim-kep-instagram
c034a2a803943b95981335e063cfa2ed1fd12e38545332f6cdad57c5e2511e40,2026-04-19 13:21:55.795806+00:00,hu,origo.hu,origo.hu,2026-04-19,Magyar Péter húzása pánikot keltett: a baloldali influenszerek rettegnek,https://www.origo.hu/belpol/2026/04/oktatasi-miniszter-rubovszky-noar-pankotai-mandiner
1d887663b11195b812810c23eb1843c3da177c869c5d69563527f2d341bceb73,2026-04-19 13:21:50.037213+00:00,hu,origo.hu,origo.hu,2026-04-19,Otthon Start: mennyivel jobban éri meg a piaci hitelekhez képest?,https://www.origo.hu/gazdasag/2026/04/otthon-start-mennyivel-jobban-eri-meg-a-piaci-hitelekhez-kepest
e6fb01c4eab6eee64cb53a196b3a2d3e060e02d6db9922240d076ddcd9beabbf,2026-04-19 13:21:46.516011+00:00,hu,origo.hu,origo.hu,2026-04-19,"SZÉP-kártya: lejár a határidő, az MVM-nél is április végéig kell nyilatkozni – heti összefoglaló",https://www.origo.hu/gazdasag/2026/04/szep-kartya-lejar-a-hatarido-az-mvm-nel-is-osszefoglalo
305ebc579f84eb9849f73a5e333bec49fa0f1616ea03f6722631f120a4274bdf,2026-04-19 13:21:40.145071+00:00,hu,origo.hu,origo.hu,2026-04-19,Megdöbbentő bejelentést tett a SALROM: megtalálták a parajdi sóbánya-katasztrófa felelőseit,https://www.origo.hu/kek-hirek/2026/04/parajdi-sobanya-katasztrofa-felelosei-a-hodok
249ed6105d18d819f72d5a081e39687ed7a915673488e46b99502bf609de7682,2026-04-19 13:21:35.095229+00:00,hu,origo.hu,origo.hu,2026-04-19,Az olcsó villanyautók alternatívája lehet a klasszikus elektromos autó,https://www.origo.hu/auto/2026/04/az-olcso-villanyautok-alternativaja-lehet-a-klasszikus-elektromos-auto
f5a083e7aba33e31dbc95763558666ab6b99567a2fa00f1a57c47292a7991b7a,2026-04-19 13:21:30.037289+00:00,hu,origo.hu,origo.hu,2026-04-19,"Sokan gyomnövénynek hiszik, közben súlyos üzenetet küld a kertünk állapotáról",https://www.origo.hu/nagyvilag/2026/04/pitypang-gyomnoveny-kert-allapota
d39ab06d169b1a3fadb05460b02ce2a3d91dbc1593a2ae295b785ae5a2e40c2a,2026-04-19 13:21:25.815804+00:00,hu,origo.hu,origo.hu,2026-04-19,Újabb sokkoló eset történt Londonban: egymás után gyújtogatják a zsinagógákat,https://www.origo.hu/nagyvilag/2026/04/gyujtogatasos-tamadas-london-zsinagoga
8469a17dbce77e85e9048ec4ef366d591816405d50640ab46486abe9a99e3d19,2026-04-19 13:21:20.877909+00:00,hu,origo.hu,origo.hu,2026-04-19,Tapétavágóval támadt haragosára egy férfi Szegeden,https://www.origo.hu/kek-hirek/2026/04/tapetavagoval-tamadt-haragosara-egy-ferfi-szegeden
768df8737b50d44c4635eb40c97baf5f47c40a41fa6848134d9da29aca5de816,2026-04-19 13:21:15.684038+00:00,hu,origo.hu,origo.hu,2026-04-19,Küklopszok voltunk! Sokkoló állítás az ősünkről,https://www.origo.hu/tudomany/2026/04/szem-a-fej-tetejen-innen-indult-szemunk-tortenete
98274322f278a9ee3d8e1fcc2c65d068dd1a2338b2b89327ec73ce8b0bd7491b,2026-04-19 13:21:10.063534+00:00,hu,origo.hu,origo.hu,2026-04-19,Hatalmas titkot árult el Szabó Győző: új korszak kezdődhet az életében,https://www.origo.hu/teve/2026/04/szabo-gyozo-vendeglatas-etterem-kavezo
bed4dd3e13387e874bf6d6f448dc97c286bd47d37d5c82c6c3e222432bdcb9a4,2026-04-19 13:21:05.509852+00:00,hu,origo.hu,origo.hu,2026-04-19,Mindenki erre vágyott – ez volt a ´90-es évek luxusa,https://www.origo.hu/auto/2026/04/mindenki-erre-vagyott-ez-volt-a-90-es-evek-luxusa
a8568954a3c23c8257a423bcbc1563f06761e6d6a0d827bf0dee5bd3cc4ec160,2026-04-19 12:35:58.361908+00:00,hu,index.hu,index.hu,2026-04-19,Mi lesz Magyar Péter EP-mandátumával miniszterelnökké választása után?,https://index.hu/belfold/2026/04/19/magyarorszag-magyar-peter-tarr-zoltan-gal-kinga-borvendeg-zsuzsanna-europai-parlament-mandatum-orszaggyules/?utm_source=hirstart&utm_medium=referral&utm_campaign=ct
f0fa5eb6a4c06fb914df4cd0aa45817d5deeeb66abf203707a5f3df8b6cd3ed3,2026-04-19 12:28:46.397386+00:00,hu,blikk.hu,blikk.hu,2026-04-19,Halálos kimenetelű lakástűz Kállón – villanyrezsó okozhatta a tragédiát,https://www.blikk.hu/aktualis/belfold/nograd-varmegye-kallo-lakastuz/q7m3myp
df2c5ff4798ea83116e9dfa9b4409dcc2abc64e437a1215dec19da9c18e3f4d5,2026-04-19 12:28:41.694552+00:00,hu,blikk.hu,blikk.hu,2026-04-19,Ez kemény: a kiesés után elkezdődött a sárdobálás Diósgyőrben,https://www.blikk.hu/sport/horvath-csenger-pancsics-dusan-dvtk-foci/4cpl02q
f0d74f086392ce09701753ae8f21ad554b2c77c00c09b1798852f8ba8055bfa4,2026-04-19 12:28:15.199644+00:00,hu,blikk.hu,blikk.hu,2026-04-19,Kitört a balhé a választás után: Dopeman kijelentése Pikó Andrásnál kiverte a biztosítékot,https://www.blikk.hu/politika/magyar-politika/dopeman-diszpolgarsaga-piko-andras-visszavagott/8hcq255
8a761c7f964589b36fc0da9f779943595391abe8d345a8c38d21c1b6250ac23e,2026-04-19 12:28:10.037042+00:00,hu,blikk.hu,blikk.hu,2026-04-19,"Több mint 6,7 milliárd forintot nyert az Ötöslottó egyetlen telitalálatos szelvénye",https://www.blikk.hu/gazdasag/penz/otoslotto-16-het/epfrs21
380a339c8fead4ccecc5f420ed61abbac71e99d07b2bc1b8dfaf3e80b2d18a93,2026-04-19 12:28:01.182888+00:00,hu,blikk.hu,blikk.hu,2026-04-19,Civilek is részt vehettek az Északi Áramlat-robbantásokban,https://www.blikk.hu/aktualis/kulfold/eszak-aramlat-robbantas/4ppmzjj
155b15c6254764da899ec303b70e71badc932078d61be452ec8a3fa3e63db59b,2026-04-19 12:27:33.872831+00:00,hu,blikk.hu,blikk.hu,2026-04-19,"Íme, a vb-ről lemaradó sztárok álomcsapata!",https://www.blikk.hu/sport/kulfoldi-foci/foci-vb-remalomcsapat/hkq5ejz
7be8bd8d8fd8f2389260f0252eed735907f6c04fb88ef10b59f261ef03d4bffa,2026-04-19 12:27:28.063720+00:00,hu,blikk.hu,blikk.hu,2026-04-19,Humanoid robot világcsúcsot futott a pekingi félmaratonon,https://www.blikk.hu/galeria/peking-e-town-robot-felmaraton-rekord/t9gpj2w
08ac2e69aa46e46fbbcdc81d655d1698a1e0f27bf3486f7a1af6d31e5edbbaff,2026-04-19 12:27:18.007086+00:00,hu,blikk.hu,blikk.hu,2026-04-19,Kocsis Máté nem lát történelmi vereséget a választás után,https://www.blikk.hu/politika/magyar-politika/kocsis-mate-velemenye-valasztasok-tisza-part/2mjy293
1a59249218a426a1bc9340010b34adc22f582f01b2e4998e9e22a0a0b4468ff8,2026-04-19 12:26:55.357572+00:00,hu,blikk.hu,blikk.hu,2026-04-19,A Csabai Csülök Karnevál idén minden eddiginél látványosabb show-t ígér,https://www.blikk.hu/blikk-tv/csabai-csulok-karnevel-dj-dominique-a-hazigazda-elarulta-miben-lesz-mas/ldgxj8v
6533ad2578bd7a2764b4606a8b87b2cae7ec698935749f8023f633617f04ad20,2026-04-19 11:23:34.865552+00:00,hu,blikk.hu,blikk.hu,2026-04-19,Mexikóban fogták el a magyar körözési toplistás bűnözőt,https://www.blikk.hu/aktualis/krimi/drogkereskedo-elfogas/bnqrq4h
c66936fbdb57f71910cf3b7e2556ca1768c72bb9141ec20ad268933d3e7f756e,2026-04-19 11:23:29.867769+00:00,hu,blikk.hu,blikk.hu,2026-04-19,"Váratlan fordulat a madridi edzőváltás ügyében, Szoboszlai jövőjére is hatással lehet",https://www.blikk.hu/sport/kulfoldi-foci/mourinho-real-madrid/j239bh4
ba786a598f914c0f6baa494e3d6b30da75cb0bfa81218094a9051a4f7d19e602,2026-04-19 11:22:54.248517+00:00,hu,blikk.hu,blikk.hu,2026-04-19,"Reflektorral kért segítséget Kajla kutya, és megmentette a gazdáját Sopronban",https://www.blikk.hu/aktualis/belfold/kutya-eletmento-reflektor-auto-ajult/31ydrgy
f92127fd884c2c0298f2e4eb2fc80751c98797f69085a373c61b05a9d358138b,2026-04-19 10:23:05.758754+00:00,hu,blikk.hu,blikk.hu,2026-04-19,"Nászajándék a kalapács alatt, Krausz Gábor bevallotta, miért szabadulna a herenditől",https://www.blikk.hu/sztarvilag/hazai-sztarok/kincsvadaszok-vip-tv2-krausz-gabor-mutargy-takats-tamas/vmxdkck
9fb97d3c76f7a205a1cbb911ba19eff961e0ce632303f505f0806d2f5c08cf27,2026-04-19 10:22:58.205830+00:00,hu,blikk.hu,blikk.hu,2026-04-19,A lefolyóba öntött zsír komoly károkat okozhat a csövekben,https://www.blikk.hu/eletmod/tippek/dugulas-veszely/046qq87
6981ea6620245b71e3d7b294ed531104cebe4565714b6e6f704d554c78f0f0e8,2026-04-19 10:22:48.756813+00:00,hu,blikk.hu,blikk.hu,2026-04-19,Visszatérhet a vendéglátásba Szabó Győző: új kávézó és étterem is szóba került,https://www.blikk.hu/sztarvilag/hazai-sztarok/szabo-gyozo-etterme-nagy-bejelentes/7rs0ed8
e29a4c498008b76dc969de030f5e045b50cb214df705229f0ebb154f12320934,2026-04-19 10:22:43.816955+00:00,hu,blikk.hu,blikk.hu,2026-04-19,Már pénzért árulják az interneten az idei választási plakátokat,https://www.blikk.hu/gazdasag/penz/szavazas-kampany-plakat-ar/cx708vb
4b56c63282902df310573c095cf382289fb6067ba91cb329f9620cddbc52f9dd,2026-04-19 10:22:09.439085+00:00,hu,blikk.hu,blikk.hu,2026-04-19,"Megszólalt a választás után a magyar Erste vezére, Jelasity Radován, Zorán-dallal üzent",https://www.blikk.hu/gazdasag/penz/erste-bank-jelasity-radovan-megszolalt-orban-viktor-valasztas/kc8rq94
d679da7e26962260a791b9acaa0e8a5ed6c435b117960a7790432c1ea54fdc80,2026-04-19 10:22:01.307567+00:00,hu,blikk.hu,blikk.hu,2026-04-19,Toxikus munkahelyi környezet: mikor beszélhetünk ilyen jogsértésről?,https://www.blikk.hu/aktualis/munkahelyi-diszkriminacio-jogi-lepesek/7m4qx96
55383718adfadb5a29b898b357770da8e9fa135cd97ed8da3d19ec0470d77f94,2026-04-19 10:21:47.656211+00:00,hu,blikk.hu,blikk.hu,2026-04-19,Sokk Olaszországban: Klinsmann fia kórházba került,https://www.blikk.hu/sport/jurgen-klinsmann-jonathan-klinsmann-korhaz-fejserules-cesena/d6z06l3
34f26346d9dbec0b8f790e8fc533810360dbb96fdabd90f41df2238e8be4cff9,2026-04-19 09:25:53.147101+00:00,hu,index.hu,index.hu,2026-04-19,"Rákay Philip: Betyárvilág vár ránk, mert a tiszások vért akarnak inni",https://index.hu/kultur/2026/04/19/rakay-philip-fidesz-magyar-peter-tisza-part-valasztas-2026-ferencz-orsolya/
00c94364d0174ddb2ab1e26b046399a5f268410fc417becc327e435e5d49c133,2026-04-19 09:25:44.965030+00:00,hu,index.hu,index.hu,2026-04-19,Erotikus modellből lett búvárnő robbanthatta fel az Északi Áramlatot,https://index.hu/kulfold/2026/04/19/eszaki-aramlat-gazvezetek-robbantas-nyomozas-the-wall-street-journal-konyv/
263d71e1dedb8a6bfa9ceb2499d63976626186aa1b3f06c3fcdc93e45901ca3f,2026-04-19 09:25:32.372897+00:00,hu,index.hu,index.hu,2026-04-19,"Török Gábor: A külképviseleti és átjelentkezős szavazatokkal 3,3 millió fölé ment a Tisza Párt",https://index.hu/belfold/2026/04/19/torok-gabor-valasztas-2026-kulkepviseleti-szavazas/
52603a1e629ea7890a62ea05f07aeddaaf0376c9edf3a66a053ae078d9baa62f,2026-04-19 09:25:28.410805+00:00,hu,index.hu,index.hu,2026-04-19,"Erdélyi Mónika „nagyon nem szerette"" a Farm VIP-t, azt is elárulta, miért",https://index.hu/mindekozben/poszt/2026/04/19/erdelyi-monika-nagyon-nem-szerette-a-farm-vip-t-azt-is-elarulta-miert/
e95713f3c6c6ea8b7c193fae79ede169b2fd7d2abcd9f2a8ddfc4f82c8a65519,2026-04-19 09:25:22.264973+00:00,hu,index.hu,index.hu,2026-04-19,"Kimondták, mikor veszíthette el Orbán Viktor az országot",https://index.hu/belfold/2026/04/19/orban-viktor-fidesz-magyar-peter-tisza-karizma-valasztas-szabo-andrea/
3bcd026b4b9261b26c7d7e51460085e452eb7716a06d5507a7d0bbb969c260a8,2026-04-19 09:25:17.644012+00:00,hu,index.hu,index.hu,2026-04-19,"Kim Dzsongun nem bír magával, Észak-Korea megint kilőtt néhány ballisztikus rakétát",https://index.hu/kulfold/2026/04/19/kim-dzsongun-eszak-korea-ballisztikus-raketa-japan-tenger-del-korea/
a9d6919d20b6d0833f613d331e00078fe7f507aa998859f379e36089206dbd4c,2026-04-19 09:25:12.468801+00:00,hu,index.hu,index.hu,2026-04-19,"Valami nagyon hiányzott a magyaroknak, de most pótolják",https://index.hu/kultur/2026/04/19/maszk-orszagos-szineszegyesulet-czintos-jozsef-dij-szinesz-szinhaz-dij-kultubudapest-zoltan-aron/
2f4fce7de7e6ef691012a57d14b130d666042806104965ac96cb98ece97e6e47,2026-04-19 09:25:07.452012+00:00,hu,index.hu,index.hu,2026-04-19,"Valami történt, sorra mondják le Kanye West európai koncertjeit",https://index.hu/kultur/2026/04/19/kanye-west-ye-koncert-svajc-fc-basel-lemondas/
8bddd045caa5599a13a30b10bd236c124c8bc45c0cc5c4d0cdbae446cf40feb0,2026-04-19 09:25:00.583354+00:00,hu,index.hu,index.hu,2026-04-19,Bébiételbe rejtett patkányméreg – zsarolók célkeresztjében a HiPP,https://index.hu/kulfold/2026/04/19/ausztria-burgerland-bebietel-zsarolas-mereg/
ae9bd465528100d804cb4954dd47b5dc3a1efe69c262f2f5c5fc638f7399d1f4,2026-04-19 09:24:55.455108+00:00,hu,index.hu,index.hu,2026-04-19,"A baloldal legerősebb polgármestere szerint önkormányzati reform kell, és a száguldozókkal le kell számolni",https://index.hu/belfold/2026/04/19/dr-toth-jozsef-polgarmester-budapest-xiii-kerulet-tisza-part-kepviselo-valasztas-2026/
28bf15760f93c693ab566aff1c4786f06a36f4e8887b0760cc1cf4785b184157,2026-04-19 09:24:47.779616+00:00,hu,index.hu,index.hu,2026-04-19,"A Friderikusz TalkShow-val a hamvaiból támasztottak fel egy műfajt, de megérte?",https://index.hu/fomo/2026/04/19/friderikusz-sandor-friderikusz-talk-show-rtl/
fe48aa7da72325233492120f1538215d4517279ee72f9e1746cbffdba0ea3dd7,2026-04-19 09:24:37.966605+00:00,hu,index.hu,index.hu,2026-04-19,"Erre az ejtőernyős trükkre senki sem számított, szó szerint levegőben lógott a tragédia",https://index.hu/sport/amerikaifutball/2026/04/19/fennakadt-sikloernyo-eredmenyjelzo-virginia-tech/
eda12b9c8436378611d0736a4b3c84b11af53821678daf918965b219346f2c9a,2026-04-19 09:24:33.543600+00:00,hu,index.hu,index.hu,2026-04-19,"Felrobbantotta a netet két pilóta abszurd rádióbeszélgetése, rögtön a netezők kedvenceivé váltak",https://index.hu/mindekozben/poszt/2026/04/19/felrobbantotta-a-netet-ket-pilota-abszurd-radiobeszelgetese/
43b3ce103ffbf6aae0fcb6924ea1ef75db7f04ec298abde55bee8740d84ab73a,2026-04-19 09:24:24.123825+00:00,hu,index.hu,index.hu,2026-04-19,"Tarjányi Péter: Nem az a kérdés, mennyi a vagyon, hanem hogy miből lett",https://index.hu/belfold/2026/04/19/hatvanpuszta-zebra-tarjanyi-peter-val-volgyi-vadasztarsasag-meszaros-lorinc-orban-viktor/
970b30a2fd473eee1b855c969b6eeab490098fe9dafde2bcb2ab2c672538badb,2026-04-19 09:23:38.670063+00:00,hu,index.hu,index.hu,2026-04-19,"A norvégok legyőzésével zárták a vb-t a magyar női hokisok, de a feljutás elmaradt",https://index.hu/sport/jegkorong/2026/04/19/jegkorong-hoki-magyar-valogatott-noi-divizios-vb-masodik-hely-ezusterem/
716c02fad80394e0dd0ecde951b86028a62343635075f3fe5ec0560b04e42330,2026-04-19 09:23:10.238217+00:00,hu,blikk.hu,blikk.hu,2026-04-19,Donald Trump rendeletben gyorsítja a pszichedelikus gyógyszerek engedélyezését,https://www.blikk.hu/politika/vilagpolitika/donald-trump-pszichedelikus-gyogyszerek-engedelyezese/xwkveq1
d7505d0bcb736ec1b736c8ff83268d2e2cddb41502c90e9b1f334b656c59635e,2026-04-19 09:23:03.219207+00:00,hu,blikk.hu,blikk.hu,2026-04-19,Legkeresettebb vízparti települések Magyarországon,https://www.blikk.hu/gazdasag/vasarlas/vizparti-ingatlan-arak/jwcpq4w
68c78bcf69235a10a31fc3636581d5d3fbe470c6c0b47be06c621de5260cf62e,2026-04-19 09:22:34.628445+00:00,hu,blikk.hu,blikk.hu,2026-04-19,Ezekhez a ruhákhoz tilos öblítőt használni mosáskor,https://www.blikk.hu/eletmod/tippek/oblito-hasznalata/q8j89td
778eba93d0cc6c969a70daa8bfd0bae204e159f03a641ae05690cb0f102d953c,2026-04-19 09:22:30.037904+00:00,hu,blikk.hu,blikk.hu,2026-04-19,Egy perc alatt lett Özbas Szofi Európa-bajnok,https://www.blikk.hu/sport/ozbasz-szofi-europa-bajnoksag-aranyerem-judo-cselgancs/yb34l05
01256d8c892d4d369bee7b518bb781efbf314a0c87fbaa225c16066dfbaec64a,2026-04-19 09:22:24.555943+00:00,hu,blikk.hu,blikk.hu,2026-04-19,"Bravúros magyar teljesítmény a vb-n, de elmaradt az álom",https://www.blikk.hu/sport/hoki-noi-jegkorong-magyar-valogatott-budapest/fdd7jed
ccfb8b8e5efefc40121c2403b95e9d1075aeff1884c896cbde505f2829124c59,2026-04-19 09:22:19.990213+00:00,hu,blikk.hu,blikk.hu,2026-04-19,Győrfi Pál is reagált: életet mentettek egy budapesti patikában,https://www.blikk.hu/aktualis/belfold/gyorfi-pal-mento-ferfi-osszeesett-rosszullet/0m5y0w1
20c3cda720cc3d2ee998094b148a36e5ac33c24dd1918ba9743fb4ffa4fdf3a5,2026-04-19 09:22:12.589904+00:00,hu,origo.hu,origo.hu,2026-04-19,Magyar Péter bosszúvágya a győzelem után sem csillapodott – a Fidesz jelöltjébe is beleállt,https://www.origo.hu/belpol/2026/04/magyar-peter-bosszuvagy-agh-peter-fidesz-tisza-part
84caffa30aae79c0af5009f94d41a32aecd9a117a34c1d071e62a83963d4889a,2026-04-19 09:22:07.644839+00:00,hu,origo.hu,origo.hu,2026-04-19,A magyar tornászlány megvillantotta a formás melleit – fotó,https://www.origo.hu/sport/sport-laza/2026/04/szekely-zoja-instagram-szexi-foto-mell-combok
03353a73eb28795670b639380d2ff36806831e6bc768be1bff9194c025edfc9e,2026-04-19 09:22:02.835939+00:00,hu,origo.hu,origo.hu,2026-04-19,Megbolondul az időjárás – napok alatt jön a változás,https://www.origo.hu/itthon/2026/04/idojaras-jovo-het-szel-csapadek-napsutes
7feb1c14b7cb1d17ef6cae681c35f7d437cec7236e6af62057787286bce3f5e3,2026-04-19 09:21:57.633893+00:00,hu,origo.hu,origo.hu,2026-04-19,"„Ha egy körrel kevesebb sört iszok"" – megdöbbentő vallomást tett a magyar válogatott hőse",https://www.origo.hu/sport/sport-csapat/2026/04/hetenyi-zoltan-szapporo-hos-hoki-nhl-betegseg-interju
66c37b7bc1abcc3b1a6a50055f710f46296ebd84e498a7ba07cd46c2a87bb92e,2026-04-19 09:21:52.667267+00:00,hu,origo.hu,origo.hu,2026-04-19,Tömeges rosszullét: 24 focista került kórházba egyetlen meccs után Aradon,https://www.origo.hu/sport/sport-futball/2026/04/korhaz-tomeges-rosszullet-foci-romania-steaua-bucuresti
a8fc051e76f22bb2c26bfefa6f0c295710b0afe9b7658a4dd0e937531f8f965b,2026-04-19 09:21:47.567858+00:00,hu,origo.hu,origo.hu,2026-04-19,"Vastaps kísérte a Liverpool magyarját, akinek a játékával édesapja szerint még van egy gond",https://www.origo.hu/sport/sport-futball/2026/04/farkas-erik-liverpool-u18-golpassz-farkas-csaba-angol
5b80f9ddaf92c383c3386d341e6df9bcb2d0e748019d9833fcd87b7faa5da595,2026-04-19 09:21:42.556621+00:00,hu,origo.hu,origo.hu,2026-04-19,Jelentős veszteségeket szenvedtek el az ukrán erők,https://www.origo.hu/kulpol/2026/04/ukran-erok-jelentos-vesztesegeket-szenvedtek
15814f93984a4a853f9c0e0f8beee184e439986b7599af33abb9c70f33c338cb,2026-04-19 09:21:38.336147+00:00,hu,origo.hu,origo.hu,2026-04-19,"Van, ahol ismét urnákhoz vonulnak az emberek – időközi választást tartanak Baranyában",https://www.origo.hu/belpol/2026/04/idokozi-polgarmester-valasztas-gilvanfa
f2aa2a6a4ba99b510345f9af0ed27901f20f1e26aec0d286bb78ea619956014b,2026-04-19 09:21:32.963094+00:00,hu,origo.hu,origo.hu,2026-04-19,Teljesen átalakul az Aldi – minden boltját átszabják Magyarországon,https://www.origo.hu/gazdasag/2026/04/atalakulas-elott-a-nemet-boltlanc-hazai-uzletei
48d4668350c4784aa2429de2ecebef813beeba6c8f1b226c7f5d9f620d117b17,2026-04-19 09:21:27.586495+00:00,hu,origo.hu,origo.hu,2026-04-19,Brutális áremelést jelentett be a Meta – mélyebben a zsebébe kell nyúlnia,https://www.origo.hu/techbazis/2026/04/headset-vr-meta-quest-3s-aremeles-dragulas
406510738d978fb07673146e269617298a879c9e80601833e6c2547eeb7453c3,2026-04-19 09:21:22.592475+00:00,hu,origo.hu,origo.hu,2026-04-19,Vége az ingyen plakátolásnak? Fizethetnek a pártok,https://www.origo.hu/belpol/2026/04/valasztasi-plakatok-hatarido-eltavolitas-mti
8b2d498c691a5a5dcde3102514c240e5e50dca854f89a56710818d2f9f69b464,2026-04-19 09:21:18.115983+00:00,hu,origo.hu,origo.hu,2026-04-19,Shahed drónok pusztítottak az ukrán városban,https://www.origo.hu/kulpol/2026/04/ukran-varosban-orosz-drontamadas-pusztitott
7e3ae20d682cb232103b9dcb246148445ac6187d79d8c1b5cb5b62056992e231,2026-04-19 09:21:12.645409+00:00,hu,origo.hu,origo.hu,2026-04-19,Csökkenni vagy nőni fog az adó? Ellentmondásba ütköznek a Tisza Párt zavaros tervei,https://www.origo.hu/belpol/2026/04/tisza-part-adoemeles-csokkentes-szja-afa-gazdasagi-terv
5d965b31f458867b72d84597e65c118392b79dd01002115f925b9136230a0897,2026-04-19 09:21:07.757348+00:00,hu,origo.hu,origo.hu,2026-04-19,A patrióták nem felejtenek: Matteo Salvini üzent Orbán Viktornak Milánóból,https://www.origo.hu/belpol/2026/04/orban-viktor-matteo-salvini-uzenet-patriota-olaszorszag
e931b0a373250fa3a86359bd02752654d0491950a2734d52031b11d6237c73ab,2026-04-19 09:21:02.478379+00:00,hu,origo.hu,origo.hu,2026-04-19,Szörnyű tragédia: halálos tömegbaleset történt Max Verstappenék versenyén – videó,https://www.origo.hu/sport/f1/2026/04/meghalt-nurburgring-juha-miettinen-verstappen-verseny
76791208090c2a047d13b0efe64003ea702ec788529d8431c2921dca52ec6592,2026-04-19 09:20:57.733227+00:00,hu,origo.hu,origo.hu,2026-04-19,"A világ végére futott, de hiába: Mexikóban kapták el a magyar drogdílert",https://www.origo.hu/kek-hirek/2026/04/drogkereskedo-magyar-mexikoban-fogtak-el
14e1d6d52fc9f36712d6e959b8a402e9752836b02512901f54078f95b5e04aaa,2026-04-19 09:20:53.311931+00:00,hu,origo.hu,origo.hu,2026-04-19,Botrány a One Direction forgatásán: verekedés miatt állt le a munka,https://www.origo.hu/kek-hirek/2026/04/one-direction-forgatasan-verekedes
8e0d8ac52ad0a0ee330f3a0fd2dca4f2dd179c14b54e3485ab34a961737f1f48,2026-04-19 09:20:48.149101+00:00,hu,origo.hu,origo.hu,2026-04-19,Vége a száguldozásnak – erre minden autós figyeljen,https://www.origo.hu/auto/2026/04/autopalya-sebesseg-sofor-utkezelo
bc9ba98d13ef503864e91de1a1da2a9ef27e4b7b82d915fc86c2b44b6f9ad748,2026-04-19 09:20:42.930837+00:00,hu,origo.hu,origo.hu,2026-04-19,Csodabogár épületek: a vasútállomásból kialakított irodaháztól az építőkockákra emlékeztető cégközpontig,https://www.origo.hu/gazdasag/2026/04/cegkozpontok-vallalati-identitas
8017b3d6dfb47761e5683173130762f2106e32c983f5dde4ef419dd2f13d1e4d,2026-04-19 09:20:37.949635+00:00,hu,origo.hu,origo.hu,2026-04-19,Moszkva félelmetes erősítést kapott: ezt a rettegett fegyvert vethetik be,https://www.origo.hu/nagyvilag/2026/04/szu-35s-oroszorszag-uj-vadaszgepek
a34d790e4f5d4eb118970d7a7f0549a540caebf732f4a8ad66d96dc783a61843,2026-04-19 09:20:33.229208+00:00,hu,origo.hu,origo.hu,2026-04-19,Vérfagyasztó: ollóval szúrta ki a férfi szemét egy nő a fővárosban – videó,https://www.origo.hu/kek-hirek/2026/04/olloval-szurta-ki-a-ferfi-szemet-egy-no-belgradban
2eefd367c8b1f539a1adc2aee52be383e44ebe4ea16a3388dd58ddab70275690,2026-04-19 09:20:27.901100+00:00,hu,origo.hu,origo.hu,2026-04-19,Fokozódik a feszültség: Észak-Korea ballisztikus rakétákat indított,https://www.origo.hu/nagyvilag/2026/04/eszak-korea-ballisztikus-raketa-nuklearis-kapacitas
3b1658a95fe94a813a59d9463023a290859406dfd499a1b3f77f83dc89eecfce,2026-04-19 09:20:22.578972+00:00,hu,origo.hu,origo.hu,2026-04-19,Az orvosok is ledöbbentek: hónapokig törött lábbal versenyzett a síző,https://www.origo.hu/sport/sport-egyeni/2026/04/lab-tores-szezon-44-verseny-laura-huber-dobbenet-si
261b7083f997ee71a3c960fa94e4e0319325307865a4c82e92f322601b8f25f0,2026-04-19 09:20:18.055424+00:00,hu,origo.hu,origo.hu,2026-04-19,Újabb sztárfocista marad le a világbajnokságról?,https://www.origo.hu/sport/sport-futball/2026/04/foci-vb-serules-serge-gnabry-nemet-focivalogatott
51c3c8cfbf6bc9ee08ecd4c1e5dc89f51e6b00522ff9b103b571dbc994bdcd04,2026-04-19 09:20:12.629508+00:00,hu,origo.hu,origo.hu,2026-04-19,Aggasztó fordulat: Észak-Korea felpörgette az atomfegyvergyártást,https://www.origo.hu/kulpol/2026/04/eszak-korea-atomfegyver-globalis-veszely
44619dc69e3b0126fb9c9f81d386ece8199481a3da0a37de37cc12d1ca9e8bb7,2026-04-19 09:20:07.887969+00:00,hu,origo.hu,origo.hu,2026-04-19,Erotikus modell is részt vehetett az Északi Áramlat felrobbantásában – friss részletek!,https://www.origo.hu/nagyvilag/2026/04/eszaki-aramlat-gazvezetek-felrobbantasa-nyomozas
7e967fc2bfe444927f3029789310668739aa468aa7363de7cb9bc4434d3e3b99,2026-04-19 09:20:03.477955+00:00,hu,origo.hu,origo.hu,2026-04-19,"Saját kisfiát kínozta a tatabányai férfi – felfoghatatlan, amit tett",https://www.origo.hu/kek-hirek/2026/04/eroszak-kisfiu-apa-ollo
766278c52d91d27da8bcb253e9c0b11cbf4907406f5abb87bb185e1aee076a95,2026-04-19 09:19:58.109823+00:00,hu,origo.hu,origo.hu,2026-04-19,"Véget ért a szavazatszámlálás, mutatjuk a hivatalos végeredményt",https://www.origo.hu/belpol/2026/04/valasztas-2026-vegeredmeny-tisza-part-fidesz-mi-hazank
9c9b91f22de0bc4442d3c49ae95274e05a34b9240f6ad33ba6f75732b15d1b7f,2026-04-19 09:19:52.658100+00:00,hu,origo.hu,origo.hu,2026-04-19,"Szijjártó Péter hat nap után megtörte a csendet, váratlan üzenetet tett közzé",https://www.origo.hu/itthon/2026/04/szijjarto-peter-uzenet-foci
08fc6139edbfa464fc4f289afc69c0d8e2945fecaef2e4dd1958d246a2f5badd,2026-04-19 09:19:47.670204+00:00,hu,origo.hu,origo.hu,2026-04-19,"Kizárólag luxusautókra támadt egy medve, kiderült, miért",https://www.origo.hu/kek-hirek/2026/04/medve-luxusauto-mercedes-rolls-royce
096af8e30c2b1f5e9c579a484128a9b94ae180f9d7f0a541e2658338d66e3198,2026-04-19 09:19:45.055405+00:00,hu,index.hu,index.hu,2026-04-19,"A halál torkából jött vissza, most ő a széthullott Fidesz egyik legerősebb bástyája",https://index.hu/belfold/2026/04/19/mateszalka-kovacs-sandor-fidesz-valasztas-2026/?utm_source=hirstart&utm_medium=referral&utm_campaign=ct
c128e017ebb069315b9cf6c82d2950b04292b6edf538049313958e734d3f638a,2026-04-19 09:19:43.496407+00:00,hu,origo.hu,origo.hu,2026-04-19,Szörfparadicsom épül Európa legnagyobb vízesésénél – ezt senki nem látta jönni!,https://www.origo.hu/nagyvilag/2026/04/vizeses-europa-legnagyobb-szorfparadicsom-epul
3cbaab919ebb2c59be1ebc670783bb1c63d616c5e4ee83f429d9b4416d60094c,2026-04-19 09:19:38.151812+00:00,hu,origo.hu,origo.hu,2026-04-19,Magyarország után Szlovákia is lép: Fico beperli az EU-t,https://www.origo.hu/kulpol/2026/04/szlovakia-pert-indit-az-eu-ellen
a7608b79f41d02182f9774bc597c9766429e7b4b67c88e78e26dd7191ed1b774,2026-04-19 09:19:32.896160+00:00,hu,origo.hu,origo.hu,2026-04-19,"Figyelem! Nagy változás jön az egészségügyben, a gyógyszerfelírást érinti",https://www.origo.hu/itthon/2026/04/recept-osztol-gyogyszeresz-is-felirhatja
67bd8270632f4348f731369513138b9a19a23891555c0caed753a6ae3246bee9,2026-04-19 08:23:30.916363+00:00,hu,blikk.hu,blikk.hu,2026-04-19,Emelkedett az átlagkamat az Otthon Start hitel megjelenése után,https://www.blikk.hu/gazdasag/penz/otthon-start-dragulas-piaci-lakashitelek/mz6vc3f
9bbeb1deb5ad328d8b49d94800aefc3c053feb056442cc414338f7b402563e22,2026-04-19 08:23:26.279925+00:00,hu,blikk.hu,blikk.hu,2026-04-19,"Minden szem Milákra szegeződik: olyan időt úszott, amit idén senki",https://www.blikk.hu/sport/milak-kristof-jaclk-vivien-sarkany-zalan-ugrai-panna-uszo-orszagos-bajnosag/35957ld
e8f42d25430e757d3d986dd4af720a1f1d56f6649cb6ade92ec44b590fd6ac69,2026-04-19 08:23:08.164845+00:00,hu,blikk.hu,blikk.hu,2026-04-19,Eldől Győrben a bajnoki cím sorsa? Nem lenne példátlan,https://www.blikk.hu/sport/magyar-foci/gyor-fradi-meccs/mhmj9xm
b1d4d2604aabc91b62f66dcd780df2f917939fbcd65ad13a14cc197112c9a6de,2026-04-19 08:22:54.697183+00:00,hu,blikk.hu,blikk.hu,2026-04-19,Ez az ötperces kínai reggeli rutin energiát ad egész napra,https://www.blikk.hu/eletmod/tippek/kinai-otperces-reggeli-gyakorlat/n4gkzt9
1bef7ac300a582c892017019a6b234b2a8f4a6ab670d1d02577ab4f0a6bfe83e,2026-04-19 08:22:48.710154+00:00,hu,blikk.hu,blikk.hu,2026-04-19,Április harmadik hetében a csillagjegyek új kihívások elé néznek,https://www.blikk.hu/eletmod/lelek/heti-horoszkop/72z24m1
7a05f197ee226058a827d6e8a08b8ab6852f229e33dddb24614644f73e6cc1a9,2026-04-19 08:22:41.888706+00:00,hu,blikk.hu,blikk.hu,2026-04-19,"Ennyit kérnek most a neten a legkeresettebb választási plakátokért, a pártoknak alig lesz mit leszedniük",https://www.blikk.hu/aktualis/belfold/orszaggyulesi-valasztas-2026-plakat-leszedes-arak/2vrl8tm
53c56e5f17cc233f4f01c067db80ce715e0d81567dfe99532cc17f6859e51f56,2026-04-19 08:22:37.174654+00:00,hu,blikk.hu,blikk.hu,2026-04-19,"Elmenekült a szovjetek elől, legenda lett Frankl András az F1-ben: büszke, hogy Sennával és Schumacherrel dolgozott",https://www.blikk.hu/sport/frankl-andras-forma1/sn7q480
84348701569929c98e3ac3bc5130984ae2d87224b0bda9ae2c980ba75e9cf425,2026-04-19 08:22:31.890639+00:00,hu,blikk.hu,blikk.hu,2026-04-19,"Az Exatlon Hungary nemcsak verseny, hanem lelki kapaszkodó is lett a Halász családnak",https://www.blikk.hu/sztarvilag/hazai-sztarok/exatlon-hungary-halasz-csalad-gyasz-feldolgozasa/gl28bq9
8f6bfe2f4cbcc697db3b06870576c292c1db535d6dd66bab92c7dde9594f502f,2026-04-19 08:22:23.274781+00:00,hu,blikk.hu,blikk.hu,2026-04-19,Komplex hadművelet a Krím-félszigeten: több orosz célpont is megsemmisült,https://www.blikk.hu/aktualis/kulfold/orosz-hadihajo-tamadas/lbflqp2
74897d062158dfc0aab580f1c85993bdd1a938b13c59cd4832ec1d6e7176dc1f,2026-04-19 08:22:04.489671+00:00,hu,blikk.hu,blikk.hu,2026-04-19,Hogyan lett a rántotta a bőség és újjászületés szimbóluma,https://www.blikk.hu/eletmod/gasztro/tavaszi-tojasrantotta/87p77wq
b95b877166a020f8df9213f9bd005308582c227fbcfc2509f8663a54d162033b,2026-04-19 08:21:49.897375+00:00,hu,blikk.hu,blikk.hu,2026-04-19,"Elkezdődött a takarítás a kieső Diósgyőrnél, az edző az első áldozat",https://www.blikk.hu/sport/magyar-foci/dvtk-kieses-edzo/49td264
66c63acdd7c818fbf1ecfa782317b721f487b468cc649147d2b696d956df0e17,2026-04-19 08:21:44.731714+00:00,hu,blikk.hu,blikk.hu,2026-04-19,Őszinte vallomás szakításról és újrakezdésről: megszólalt Rubint Rella,https://www.blikk.hu/sztarvilag/hazai-sztarok/rubint-rella-otthon/vpmt0gx
9f59af29a3e2a25d9347654d008ad69dc4d37987792bcdd34befd3697acb242b,2026-04-19 08:21:38.832075+00:00,hu,blikk.hu,blikk.hu,2026-04-19,Egyedi ízek és kreatív kombinációk a Balaton Fagyija versenyen,https://www.blikk.hu/eletmod/gasztro/balaton-fagyi-turisztikai-vonzero-osszecsapas/n2jtsqv
7cf626a5c5511c8c184ac67e277cb3f17448888a484d26e8da5906ea2f146e5a,2026-04-19 06:21:27.020609+00:00,hu,blikk.hu,blikk.hu,2026-04-19,Donald Trump a Hormuzi-szorosról: Az Egyesült Államok nem enged az iráni nyomásnak,https://www.blikk.hu/aktualis/kulfold/donald-trump-iran-haboru/ph1hnc3
3c0f0759f2df5d7840b638ea455d11606390b0a8ac98781cd3ff898ca89d033f,2026-04-19 06:21:21.652461+00:00,hu,blikk.hu,blikk.hu,2026-04-19,Most őszintén: megy ötösre ez az iskolás matek röpdolgozat?,https://www.blikk.hu/ferfiaknak/tech/matek-kviz-ropdolgozat/k7bv1d7
9c127ffc19a9a7c68dee6a01415ba871e3d0fb379c5186bfc1c92936f66a1fd1,2026-04-19 06:21:16.533618+00:00,hu,blikk.hu,blikk.hu,2026-04-19,Tavaszias vasárnap után hidegfront hoz változást az időjárásban,https://www.blikk.hu/aktualis/belfold/hidegfront-napsutes-idojaras-vasarnap/jce9hbl
21191103613dbed214146f5fd41e44ced9a9270bceb7b8f9e2265812e22e5080,2026-04-19 06:20:51.878373+00:00,hu,blikk.hu,blikk.hu,2026-04-19,"Megtörte a csendet Szijjártó Péter: „A mi szövetségünk örök + 2 év""",https://www.blikk.hu/politika/magyar-politika/szijjarto-peter-eltunt-visszatert-kispest-futballsiker/7zzge03
fe9b6a69c836cfa5a8fc15bd8709ec92128de8d44796b76e0260b9cd3d7e3af2,2026-04-19 06:20:40.155091+00:00,hu,blikk.hu,blikk.hu,2026-04-19,Ryan Gosling hálószobatitkai,https://www.blikk.hu/sztarvilag/nemzetkozi-sztarok/ryan-gosling-eva-mendes-hazassag-szex/ynn2p6g
1d8825a17ff23fa2f9e8b65bda42776c1ccafaec75042d84e6575eebfb69cbda,2026-04-19 06:19:50.808731+00:00,hu,blikk.hu,blikk.hu,2026-04-19,"A Tisza Párt 141 mandátummal kezdi meg a munkát, hétfőn tartja első ülését a frakció",https://www.blikk.hu/politika/magyar-politika/magyar-peter-tisza-part-frakcio-bujdoso-andrea/h0pevl6
c937490c6f36b7b0ba70880d75dabbcdba918c612cd6c0c57f8b5b809ff83369,2026-04-19 06:19:31.051540+00:00,hu,blikk.hu,blikk.hu,2026-04-19,Ez az 5 csillagjegy imádja a függetlenséget,https://www.blikk.hu/eletmod/lelek/horoszkop-csillagjegyek-fuggetlenseg/ty6n9kg
a13c8b45fec6b79f186918d5b375c68236149fd48a3ddd86ecea989c487cde46,2026-04-19 06:18:50.112401+00:00,hu,origo.hu,origo.hu,2026-04-19,"Egyetlen pofonegyszerű dolog kell a szőlőnek, de eddig szinte mindenki rosszul csinálta",https://www.origo.hu/tudomany/2026/04/szolotermesztes-ezen-modszere-hosszu-tavon-javasolt
da9309a0062c6ccf091ed4628d768c7246fc137b2e47a5d77b3cf8b3235c1f49,2026-04-19 06:18:45.862714+00:00,hu,origo.hu,origo.hu,2026-04-19,"Egy őrjítő szokás, amit sokan csinálnak, pedig nagyon idegesítő",https://www.origo.hu/nagyvilag/2026/04/udvariatlansag-hangos-telefonozas-etikett
b4f50884a49a68fa0c2ef474d0f27afaa2e0b6d57ad23a932f6a0da28e02268a,2026-04-19 06:18:38.406593+00:00,hu,origo.hu,origo.hu,2026-04-19,"Fordulat a Közel-Keleten, a válság megtépázta a német kormánykoalíciót",https://www.origo.hu/kulpol/2026/04/kozel-keleten-fordulat-a-nemet-kormanykoalicio-valsagba
20925c0d28d23465efb7d0034119e37f897eab39619a9af23b87a71415f302fd,2026-04-19 06:18:05.246098+00:00,hu,origo.hu,origo.hu,2026-04-19,Jöhet egy kis nevetés? Ezek a szőke nős viccek még mindig tarolnak,https://www.origo.hu/itthon/2026/04/szoke-nos-viccek-nevetes-poen-vicc
284ccfc5d69d8071e0c1c87ea1514080624683ac09781be8150039f5adb95276,2026-04-19 06:17:56.687261+00:00,hu,origo.hu,origo.hu,2026-04-19,Ősi titokra derült fény: elveszett világ rejtőzött az Északi-tenger mélyén,https://www.origo.hu/nagyvilag/2026/04/elveszett-vilag-rejtozott-az-eszaki-tenger-melyen
961c9de8c288eba13ccfb9a57a0a545aed45186453d7ad750938933eec2d1528,2026-04-19 06:17:47.442992+00:00,hu,origo.hu,origo.hu,2026-04-19,Súlyos figyelmeztetés: egy gyakori hiánybetegség növelheti az Alzheimer-kór kockázatát,https://www.origo.hu/nagyvilag/2026/04/alzheimer-kor-kockazat-novelheti-hianybetegseg
dabe1db89644b23f068a9eba20d24a1abec513a9a9e662da18dbaf178a72bde0,2026-04-19 06:17:42.272307+00:00,hu,origo.hu,origo.hu,2026-04-19,A népszerű fájdalomcsillapítók más gyógyszerrel keveredve halálos méreggé válnak,https://www.origo.hu/nagyvilag/2026/04/fajdalomcsillapito-gyogyszer-mereg-kockazat
358d06e02f82cf90c5756eee23f47c71bc07d720b62948560254521d971deb2a,2026-04-19 06:17:37.516770+00:00,hu,origo.hu,origo.hu,2026-04-19,Hollywoodi tündérmese Monacóban: 70 éve volt Grace Kelly és Rainier herceg álomesküvője,https://www.origo.hu/foto/2026/04/hollywoodi-tundermese-monacoban-70-eve-volt-grace-kelly-es-rainier-herceg-alomeskuvoje
d4c48313a97545ac1dc294b763d8ae0ef67b1ff5d9f1c110bd446318131265bf,2026-04-19 06:17:32.219968+00:00,hu,origo.hu,origo.hu,2026-04-19,"Ha ezt a kvízt tökéletesen kitölti, akkor ön egy félisten – ám a többség elbukik rajta!",https://www.origo.hu/nagyvilag/2026/04/kviz-mitologia-istenek
9892aaec435fd1d7a7522daa1d304625fc51bfd5f1b5579b8dd762e11c2b83ac,2026-04-19 06:17:27.462963+00:00,hu,origo.hu,origo.hu,2026-04-19,Elég egy szikra: innen indulhat az újabb világgazdasági válság,https://www.origo.hu/kulpol/2026/04/eleg-egy-szikra-innen-indulhat-az-ujabb-vilaggazdasagi-valsag
4315e32d16f78c0b862ed33f968ca913fb3679c3d59c2955c2afbb5713ea75ce,2026-04-19 06:17:22.885369+00:00,hu,origo.hu,origo.hu,2026-04-19,"A véletlen felfedezés, amely örökre megváltoztatta a pszichiátriát",https://www.origo.hu/foto/2026/04/a-veletlen-felfedezes-amely-orokre-megvaltoztatta-a-pszichiatriat
9a4775ac0558f0555547fa2fe54c67112d350500063f800ffe8f4c7d8abf7ddc,2026-04-19 06:17:18.060546+00:00,hu,origo.hu,origo.hu,2026-04-19,"Elgázolta a kisfiát az anyuka, nekiesett az internet",https://www.origo.hu/techbazis/2026/04/anyuka-gyerek-elutes-kozossegi-media-influencer
d095778a975dbf2b378d1abc43977eff8b212c3677504b83ae3dbdde796fbbcb,2026-04-19 06:17:14.258206+00:00,hu,origo.hu,origo.hu,2026-04-19,A rizs evése komoly következményekkel járhat,https://www.origo.hu/itthon/2026/04/rizs-feher-barna-egeszseg-emesztes-puffadas
89114eb1e482bbb66d0d73b22359fc791c97200f22f551e13428e46537fe0fd3,2026-04-19 05:29:51.861144+00:00,hu,origo.hu,origo.hu,2026-04-19,Jön az NB I csúcsrangadója: a Fradi és az ETO előrehozott döntőt játszik a bajnoki címért,https://www.origo.hu/sport/sport-futball/2026/04/ferencvaros-donto-eto-nb-i-aranyerem
681ac5b6a0877bf760264c62e37b5e4f2b9ac708c9d8feadefa551b97ead47a6,2026-04-19 05:29:46.717970+00:00,hu,origo.hu,origo.hu,2026-04-19,"Hugo Ekitiké szezonjának véget vetett, most kiderült, miért ettől a sérüléstől félnek legjobban a focisták",https://www.origo.hu/sport/sport-futball/2026/04/hugo-ekitike-achilles-serules-liverpool-focista
2f556929933f232a5b0c6553a4faf4adbf5fa86115eed53a45f41cffb632c27f,2026-04-19 05:29:41.231976+00:00,hu,origo.hu,origo.hu,2026-04-19,"Liverpool: Itt az utolsó esély, hogy Szoboszlai Dominikék megmentsék Arne Slotot?",https://www.origo.hu/sport/sport-futball/2026/04/liverpool-everton-arne-slot-kirugas-szoboszlai-dominik
5c2b6e02bc77d660bb1d72a1244a8da9023fd77b420474c99841775c8ae93cd8,2026-04-19 05:29:36.343968+00:00,hu,origo.hu,origo.hu,2026-04-19,"Lerobbant autó miatt akadtak el a rögbisek, szédületes, hogyan oldották meg – videó",https://www.origo.hu/auto/2026/04/auto-lerobbant-rogbisek
0bc7883be0c253bc91efc5cc783f3c1278497c293eb39a158d988de7f46bded0,2026-04-19 05:29:31.131414+00:00,hu,origo.hu,origo.hu,2026-04-19,"Hatékony az átlagsebesség-mérés, 90%-ot esett a gyorshajtások száma",https://www.origo.hu/auto/2026/04/gyorshajtas-hatekony-az-atlagsebesseg-meres
2ab8a6b941167a77f0270eec74715322f26c7f0745c8f491c17cc5c3121762e2,2026-04-19 05:29:24.890122+00:00,hu,origo.hu,origo.hu,2026-04-19,"Csak egyetlen ország van a világon, amely minden élelmiszercsoportból önellátó",https://www.origo.hu/gazdasag/2026/04/mutragya-elelmiszer-onellatas
77c248ecdd2f8371b57a2fa8b69b4cbe1b6c21b729d6b1f354ae32f91bb751d3,2026-04-19 05:29:05.829520+00:00,hu,origo.hu,origo.hu,2026-04-19,Újabb piacokat hódíthat meg az Ikarus,https://www.origo.hu/auto/2026/04/ujabb-piacokat-hodithat-meg-az-ikarus
7a6e963e0cce929130da23a1ec65193d631d55bb7f2420f6c92b16ce2ccfdf46,2026-04-19 05:28:49.395921+00:00,hu,origo.hu,origo.hu,2026-04-19,Káromkodva balhézott a szurkolókkal a kiesés szélén álló csapat sztárfocistája – videó,https://www.origo.hu/sport/sport-futball/2026/04/leicester-city-harry-winks-szurkolok-balhe-video
bf55c938553051b203e1eb33dc7ad209fdbaa83cccc306aa774cbdc1b3f689e4,2026-04-19 05:28:29.203613+00:00,hu,origo.hu,origo.hu,2026-04-19,„Nem a mi szintünkhöz valóak” – Révész Attila porig alázta saját játékosait a vereség után,https://www.origo.hu/sport/sport-futball/2026/04/revesz-attila-kisvarda-mtk-interju-kirugas
06c6b612b257ac64b2b2a13305ad0d9a0ad07100f6d04010d2a23b5f82e5150f,2026-04-19 05:26:08.669831+00:00,hu,origo.hu,origo.hu,2026-04-18,Kétharmadból kétharmadba: mi áll a választási eredmények hátterében?,https://hirtv.origo.hu/ahirtvhirei/2026/04/ketharmadbol-ketharmadba-mi-all-a-valasztasi-eredmenyek-hattereben
42d8b7c69587443bd03a8a97a43c4bc6fab3f3cd4c7b294e25ea7b7664503bf8,2026-04-19 05:25:00.935861+00:00,hu,origo.hu,origo.hu,2026-04-18,"Részegen ért célba, most a kiutasítás ellen küzd – abszurd sztori a sífutás világából",https://hirtv.origo.hu/ahirtvhirei/2026/04/reszegen-ert-celba-most-a-kiutasitas-ellen-kuzd-abszurd-sztori-a-sifutas-vilagabol
16d9c5e8776e0b769e53364d6f1005cc96e00e42e82430e70343f4af964ae962,2026-04-19 05:23:37.949646+00:00,hu,index.hu,index.hu,2026-04-19,"Van, aki imádja, van, aki kiakad attól, ami a Lövölde téren történik",https://index.hu/kultur/2026/04/19/cairo-contemporary-kiallitas-galeria-kultbudapest/
ac7521eedf239f7cb037cfb7261b30de3c248ad9691bac9489cb3ab7d8e5b14e,2026-04-19 05:23:17.091665+00:00,hu,index.hu,index.hu,2026-04-19,"Kettészakad az ország: napsütéssel indul, viharos hidegfronttal zárul a vasárnap",https://index.hu/belfold/2026/04/19/idojaras-elorejelzes-napsutes-viharos-szel-hidegfront-eso-radar/
9f46775a51bc0cdca47f6e46e9f54bbd2f408c09d835f9e99e03821270279f6d,2026-04-19 05:23:05.903472+00:00,hu,index.hu,index.hu,2026-04-19,"Padlóra küld mindenkit a magyarok visszatérő ellenfele, pedig nem is olyan nehéz legyőzni",https://index.hu/belfold/2026/04/19/egeszeg-tavaszi-faradtsag-mozgas-kikapcsolodas-pihenes-kerekpar-futas/
1f965c4397487f67e4113962fc49ea2ed54512cc0d07d04c940643f26f3c8288,2026-04-19 05:22:59.510407+00:00,hu,index.hu,index.hu,2026-04-19,Összetett műveletet hajtottak végre az ukránok a Krímen: lángokban Oroszország flottája,https://index.hu/kulfold/2026/04/19/roszorszag-ukrajna-orosz-ukran-konfliktus-moszkva-kijev-vlagyimir-putyin-volodimir-zelenszkij-europai-unio-nato-beketargyalasok/
b9eaa1730f7d91bd025c57bab20c7b9a57e4780b4c9c1041d1ce670fcfc470dd,2026-04-19 05:22:54.632683+00:00,hu,index.hu,index.hu,2026-04-19,"Felfedezték a forradalmi fogyasztószer természetes alternatíváját, és nincsenek mellékhatásai sem",https://index.hu/tudomany/2026/04/19/fogyaszto-szer-agy-termeszetes-molekula-zsir-egetes/
3f7847bfb8615a9a5e9bb6a7307ab47933ef117c9470ec0451d05be9f89d6528,2026-04-19 05:22:48.353709+00:00,hu,index.hu,index.hu,2026-04-19,"Mexikóban fogtak el egy magyar kábítószer-kereskedőt, az Interpol vörös figyelmeztetést adott ki ellene",https://index.hu/kulfold/2026/04/19/mexiko-magyar-ferfi-orizetbe-vetel-korozes-kabitoszer-kereskedelem/
27cab843c507a73e7285719f2ee4029392f6cb091ba0d6acde2b6c9a659984c9,2026-04-19 05:22:30.367154+00:00,hu,index.hu,index.hu,2026-04-19,Öt év után ötből csak egy beteg éli túl ezt a gyilkos kórt,https://index.hu/belfold/2026/04/19/tudorak-modern-diagnosztika-semmelweis-egyetem-pulmanologiai-klinika/
d98b90bcbc48b38637a96577beda2cd51f71ab87548eb9e7b9e3bdbe3441be71,2026-04-19 05:22:04.850542+00:00,hu,index.hu,index.hu,2026-04-19,"Magyar Péter úgy berúgta az ajtót, hogy sokan egyből a pánikgombra tenyereltek",https://index.hu/gazdasag/2026/04/19/tozsde-kormanyvaltas-magyar-peter-forint-forintarfolyam-euro/
04db393aed78966c44f364b7bd66ad91c0b14f83bf16b421d163cdc09934abae,2026-04-19 05:21:51.651761+00:00,hu,index.hu,index.hu,2026-04-19,Hollywood kitaszította magából szexbotrányba keveredett állócsillagát,https://index.hu/kultur/2026/04/19/james-franco-kviz-szuletesnap-szinesz-hollywood/
3075d09371a4ad845a7c2eecd4fed0f9636dfe80de127249189d973400e58e9b,2026-04-19 05:21:36.250172+00:00,hu,index.hu,index.hu,2026-04-19,Verekedésig fajult a One Direction egykori tagjainak vitája,https://index.hu/fomo/2026/04/19/zayn-malik-louis-tomlinson-one-direction-botrany-verekedes/
6d2be34b1eec2e4cb56e8306ee2b8257a1ffcb0b45ce7242acc4f73663da2103,2026-04-19 05:21:32.333588+00:00,hu,index.hu,index.hu,2026-04-19,„Orbán Viktor barát és patrióta” – Matteo Salvini éltette a magyar miniszterelnököt a Dóm téren,https://index.hu/kulfold/2026/04/19/olaszorszag-dom-ter-matteo-salvini-orban-viktor-patriota-nagygyules/
9ccb483332f5b624f1d0359ae811dbfdd712685467e4c58dda1589e449393b87,2026-04-19 04:20:56.059234+00:00,hu,blikk.hu,blikk.hu,2026-04-19,"Figyelmeztet az autó, mielőtt elütnék? Megdöbbentő, mire képes az új rendszer",https://www.blikk.hu/auto/intelligens-kozlekedesi-rendszer-okos-varos/91xh9r0
1e415221630dbb3a6f48d70fd5408a92f752bcb85f20808e130a924d2412ada4,2026-04-19 04:19:40.537992+00:00,hu,blikk.hu,blikk.hu,2026-04-19,Börzsönyi hegyimentők: ennyiért mentenek életet,https://www.blikk.hu/aktualis/belfold/borzsonyi-hegymentok/wx7pr95
8c3867a96471f62d6f728643f008d18089421c9f985dc9f526667ebbd44d672b,2026-04-19 04:19:30.072068+00:00,hu,blikk.hu,blikk.hu,2026-04-19,Tényleg jön? Friss részletek derültek ki a Donald Trump nevével fémjelzett mobilról,https://www.blikk.hu/ferfiaknak/tech/trump-mobil-okostelefon-amerika-donald-elorendeles/e1xnk5r
720e33630f2216ad0eb29abfdab49b885e6d7f8e37e52bde852fbca7b0ee57f5,2026-04-19 04:19:20.003627+00:00,hu,blikk.hu,blikk.hu,2026-04-19,Aggasztó hírek évekkel a Covid-járvány kitörése után: hosszú távú agykárosodásra figyelmeztetnek a kutatók,https://www.blikk.hu/ferfiaknak/tech/covid-koronavirus-szovodmenyek-kutatas-jarvany/pbv8s22
f196ea8a7481b25d9ad112a56e241a3ea0b2c99cff1ac15be070ee7c8f1f5864,2026-04-19 04:19:05.127406+00:00,hu,blikk.hu,blikk.hu,2026-04-19,Páfrány és kaládium: trópusi hangulat árnyékos teraszokon,https://www.blikk.hu/eletmod/tippek/arnyekkedvelo-novenyek/f6f81tq
52a198914a8f6e45a263f6429da33cc86acbf5c2fa5855cc620e03880490c32e,2026-04-19 04:19:00.597826+00:00,hu,blikk.hu,blikk.hu,2026-04-19,"Lázadnak az önkormányzatok, nem fizetik be az adót!",https://www.blikk.hu/gazdasag/penz/onkormanyzatok-varmegyek-foispanok/x7m1dyz
a0b49c43ec458affca4a61327ded5f7e6f340f1f029ae6ebda806370c58de0a4,2026-04-18 23:25:11.378717+00:00,hu,origo.hu,origo.hu,2026-04-19,A kiesés után azonnal kirúgta edzőjét a Diósgyőr,https://www.origo.hu/sport/sport-futball/2026/04/diosgyor-nb-i-kieses-kirugas-nebojsa-vignjevic
6e4a4f174b5db4b7c2c0fc8534d5786923ac3c1fb9a9b8bdd174b9541a4cf21a,2026-04-18 22:32:29.522494+00:00,hu,origo.hu,origo.hu,2026-04-18,„Vedd le a mezt” – dühöngtek a DVTK-szurkolók a kiesés után,https://www.origo.hu/sport/sport-futball/2026/04/diosgyor-kieses-vedd-le-a-mezt-video
5e27c6cd0664c2519bc9ddb1a0a97f03ed4d47a2444e51352957f87bd3788f64,2026-04-18 22:31:35.715273+00:00,hu,blikk.hu,blikk.hu,2026-04-18,Csemer Boglárka nehéz gyerekkoráról és édesanyja alkoholizmusáról vallott,https://www.blikk.hu/sztarvilag/hazai-sztarok/csemer-boglarka-vallomas-edesanya-alkoholizmus/47bkdhh
aaaedad3b6b19f834a021b6d1e2b0f4c7fb34eba970f4b8144e6a046ebef35f1,2026-04-18 22:31:26.430540+00:00,hu,blikk.hu,blikk.hu,2026-04-18,Sérült festmény nyitotta meg a kaput Amerika felé: Náray Tamás a Friderikusz TalkShow-ban osztotta meg hihetetlen történetét,https://www.blikk.hu/sztarvilag/hazai-sztarok/naray-tamas-friderikusz-talkshow-amerika-festmeny/v2mpy59
798820ec52ba3bfe9388a100885a6db8c1378c41e97f12a737d21d1093e050cc,2026-04-18 21:33:04.303114+00:00,hu,index.hu,index.hu,2026-04-18,"Őrült rekordkísérlet, közel 24 órán át sétált egy bevásárlókocsival a hátán",https://index.hu/mindekozben/poszt/2026/04/18/24-oran-at-setalt-egy-bevasarlokocsival-a-hatan-a-lelkesz/
1e285edba8d240b1017527e9e6adbc0ff265752b9e043f3784699c3d8e2dbae7,2026-04-18 21:32:57.603866+00:00,hu,index.hu,index.hu,2026-04-18,Alapjaiban formálja újra egyik legnépszerűbb termékét az Apple,https://index.hu/techtud/2026/04/18/apple-macbook-pro-macbook-ultra-m6-chip-uj-dizajn/
c6882250002ee684a61352947902d813088c1b74ab5080ed39a0ed68f8ec5fcb,2026-04-18 21:32:50.139352+00:00,hu,index.hu,index.hu,2026-04-18,Teljesen leégett egy 30 kárpátaljai utast szállító busz Szlovákiában,https://index.hu/kulfold/2026/04/18/szlovakia-kisbusz-kigyulladt-buszbaleset-leegett-karpataljai-lakosok/
1fd58a56edad45062116a2c27088701e03a6b8caf4184b185330eade4920d307,2026-04-18 21:32:20.183826+00:00,hu,index.hu,index.hu,2026-04-18,"Valaki nagyot kaszált, elvitték minden idők legnagyobb ötöslottó-főnyereményét",https://index.hu/gazdasag/2026/04/18/szerencsejatek-otos-lotto-nyeroszamok-fonyeremeny/
b191f80da84cd2175212e7bb06132c75ad40f3de9f6d41593512222e4b65c877,2026-04-18 21:32:15.404533+00:00,hu,index.hu,index.hu,2026-04-18,"Repkedtek az Eb-idők Sopronban, Sárkány Zétény 23 éves rekordot döntött meg",https://index.hu/sport/uszas/2026/04/18/orszagos-uszo-bajnoksag-sopron-sarkany-zalan-ugrai-panna-jackl-vivien/
06de0aecf5dcc3de398b37c8e90d4bb18604f520e332478ebc87a5d7656d3521,2026-04-18 21:31:53.286298+00:00,hu,index.hu,index.hu,2026-04-18,"Hatalmas lépést tett a BL-részvétel felé a Manchester United, négy bajnoki óta nyeretlen a Chelsea",https://index.hu/sport/futball/2026/04/18/tottenham-brighton-bournemouth-newcastle-toth-alex-premier-league-angol-bajnoksag/
972a4d24d82262c321e7c5bcfa3db0777f21dd0767cff76bbf6c03eaeee788d2,2026-04-18 21:31:46.235093+00:00,hu,index.hu,index.hu,2026-04-18,"Cölibátust fogadott, ezért mondott le az alkalmi kapcsolatokról a fiatal szépség",https://index.hu/mindekozben/poszt/2026/04/18/colibatust-fogadott-ezert-mondott-le-az-alkalmi-kapcsolatokrol-a-fiatal-no/
b569ec1beacf950e172233755b2cda8e05a73221ce7937371a8af572f6ecd25c,2026-04-18 21:22:57.038969+00:00,hu,blikk.hu,blikk.hu,2026-04-18,Nem mindennapi történettel és céllal érkezik a Kincsvadászok VIP-ba Sasvári Sándor,https://www.blikk.hu/sztarvilag/hazai-sztarok/sasvari-sandor-kincsvadaszok-vip/5kcfgl2
f3946f6c6d56510def7afc5f6913944668f265b7e7e66a027c6ddf69aa14251b,2026-04-18 21:22:44.796160+00:00,hu,blikk.hu,blikk.hu,2026-04-18,"Megsérült a világsztár, így nem koncertezhetett Domingóékkal az MVM Dome-ban",https://www.blikk.hu/aktualis/belfold/domingo-dimash-hauser-mvm-dome-koncert-serules/5blsl13
3939753e1d955dcbec3c2882fb5251648323fceec46e5123a44a0cbfd0b57a30,2026-04-18 21:22:37.831378+00:00,hu,blikk.hu,blikk.hu,2026-04-18,Halálos baleset miatt szakadt félbe Max Verstappen versenye,https://www.blikk.hu/sport/forma-1/max-verstappen/7vl171c
4520c01594ecf574cd22d49ce69ae207af5481c257b4031f699b29a2f1ef6a6d,2026-04-18 21:22:17.251553+00:00,hu,blikk.hu,blikk.hu,2026-04-18,"Lengyel Tamás nem hitt a szemének, amikor belefutott a ledarált papírral teli kukában, lefotózta",https://www.blikk.hu/politika/magyar-politika/lengyel-tamas-ledaralt-papir-kukaban-valasztas/s76zwnw
fdb8fefeb0d895fa1cfcec45f63b07c1edba07ab6a9bbf364697acad916b1a08,2026-04-18 21:22:12.402390+00:00,hu,blikk.hu,blikk.hu,2026-04-18,„Neked van Fonogram-díjad?” – Odaszúrtak Hajós Andrásnak a Friderikusz TalkShow-ban,https://www.blikk.hu/sztarvilag/hazai-sztarok/friderikusz-talkshow-kovacsovics-fruzsina-hajos-andras/d4mkg6y
b88935459d1e4a811b5df2f3a7ce5e9ee54a8bd8eb6f276d3b43c50e5883d934,2026-04-18 21:21:11.586322+00:00,hu,blikk.hu,blikk.hu,2026-04-18,Borzalmas baleset Szlovákiában – Teljesen kiégett egy kárpátaljai utasokat szállító busz,https://www.blikk.hu/aktualis/kulfold/buszbaleset-leegett-szlovakia-e50-es-ut/4q6tv2x
f73ea8fde688cfdbc15383af1acef490ff698654ca14cb364b65b824a2047e63,2026-04-18 21:21:06.612498+00:00,hu,blikk.hu,blikk.hu,2026-04-18,Itt a vége: a Diósgyőr az NB I másik biztos kiesője,https://www.blikk.hu/sport/magyar-foci/diosgyor-debrecen-nbi-kieses/vew5714
7c5786b94e13effbdbeae5a1c5575273fcdd6c0dbe9e93661881f281cdaab572,2026-04-18 21:19:46.541863+00:00,hu,index.hu,index.hu,2026-04-18,"Eszméletlenül találtak rá egy medencében a francia színésznőre, egy héttel később meghalt",https://index.hu/kultur/2026/04/18/nadia-fares-francia-szineszno-gyasz-parizs-uszoda/?utm_source=hirstart&utm_medium=referral&utm_campaign=ct
4c6065f9f2255072a8ad0a4df4bb4fcf31aec396a203ac69bb1e661db6b1fe11,2026-04-18 20:28:56.667823+00:00,hu,origo.hu,origo.hu,2026-04-18,"Meghallgatta a bíróság Kaiser Ede volt barátnőjét, aki már semmire sem emlékszik",https://www.origo.hu/kek-hirek/2026/04/kaiser-ede-volt-baratnoje-semmire-sem-emlekszik
b3993a24160e86e749b8ebbe3b52fc635d83956c79bd6b4376c7b3695f73ebd5,2026-04-18 20:28:51.669141+00:00,hu,origo.hu,origo.hu,2026-04-18,Óriási lépést tett a bennmaradás felé az MTK Budapest,https://www.origo.hu/sport/sport-futball/2026/04/mtk-budapest-kisvarda-nbi-bennmaradas
ac9b75b944a9fa781ee9c45397f596ccb25e76b3eb1a679185390617f21cfdce,2026-04-18 20:28:25.370734+00:00,hu,origo.hu,origo.hu,2026-04-18,Kiadták a riasztást a tudósok: hatalmas veszély közeleg,https://www.origo.hu/tudomany/2026/04/vadallatok-kereskedelem-jarvany
5a43b2fa85251f38839acb437bd885d8fd3fd8cda43d1a3566def78300894674,2026-04-18 20:28:17.639039+00:00,hu,origo.hu,origo.hu,2026-04-18,Élelmiszerbolt elé zuhant le egy férfi Barslédecen,https://www.origo.hu/kek-hirek/2026/04/zuhanas-barsledec-halaleset-vizsgalat
afe3f53717cb5aca6cbe62f79a16e4d4c45a44e43b1cb0b72de5d3439a633dcd,2026-04-18 20:27:47.919444+00:00,hu,origo.hu,origo.hu,2026-04-18,"Négy fázis, ami mindent meghatároz: így működik a test szex közben",https://www.origo.hu/itthon/2026/04/szexualis-elmeny-kutatas-szakaszok
f71be84629f7ebf6a8bc30f00268787c2d6b99743fad1c9f502a2cf9e12a78b7,2026-04-18 20:27:34.103132+00:00,hu,origo.hu,origo.hu,2026-04-18,A magyar női hokiválogatott tagjai szörnyű hírt kaptak a sorsdöntő meccs előtt,https://www.origo.hu/sport/sport-csapat/2026/04/valogatott-noi-hoki-kieses-vilagbajnoksag
e0067eeef86618a6bf62c4aa57e47be421e5a65d62edf1bfc0bd59f68351e1e4,2026-04-18 20:26:50.367681+00:00,hu,origo.hu,origo.hu,2026-04-18,Hihetetlen! Elvitték az Ötöslottó rekordösszegű főnyereményét,https://www.origo.hu/itthon/2026/04/otoslotto-fonyeremeny-rekord-nyeremeny
6c59d23b7e0555ae13e4f68071e0078d67093cd330e7b3cd6ac95955711e8698,2026-04-18 20:26:37.886465+00:00,hu,origo.hu,origo.hu,2026-04-18,Greenpeace-vizsgálat: véget ért a találgatás az akkugyárak körül,https://www.origo.hu/belpol/2026/04/akkumulatorgyar-greenpeace-vizsgalat-igazoltak-felelmek
702ce5e40d383931ebf959165554fad5f79a1d7f3667ba411570277c8e43134d,2026-04-18 20:26:32.938737+00:00,hu,origo.hu,origo.hu,2026-04-18,Gyászolják a futballt Miskolcon: a Diósgyőr kiütéssel zuhant ki az NB I-ből,https://www.origo.hu/sport/sport-futball/2026/04/diosgyor-nb-i-kieses-kiutes
f6ab298d65e5404f19f08a6167ce6d5bf44977b050b248abbe02802a4fe55472,2026-04-18 20:26:27.829012+00:00,hu,origo.hu,origo.hu,2026-04-18,Átírhatja a történelmet a sötét mélytengeri titok,https://www.origo.hu/tudomany/2026/04/szenelnyelo-regiokra-bukkantak-az-ocean-melyen
464e32b2380a2da37a485fec87283a247bae9167da195cfbb759e7e31363928b,2026-04-18 20:26:08.530826+00:00,hu,origo.hu,origo.hu,2026-04-18,Forradalom az autózásban: 5 perc alatt feltöltött villanyautó – ez mindent megváltoztat!,https://www.origo.hu/nagyvilag/2026/04/elektromos-auto-forradalom-5-perc-alatt-feltolt
0fce78028231cb1ee4021d5c1ae2a96b08df0ef41048182542a16512e81eeb79,2026-04-18 20:26:04.460636+00:00,hu,origo.hu,origo.hu,2026-04-18,"Kegyetlen gyilkosság, felkavaró dolgokat tett mostohatestvérével egy fiú",https://www.origo.hu/nagyvilag/2026/04/gyilkossag-nemi-eroszak-hajout-florida-birosag
b600c7ae7a6bf47a1b67d936c3994ed583e5a591965b9761e461eaadf94a35b0,2026-04-18 20:25:58.499235+00:00,hu,origo.hu,origo.hu,2026-04-18,Jógapózban találták meg egy medence alján a világhírű színésznőt,https://www.origo.hu/nagyvilag/2026/04/tragikus-jogapozban-talaltak-medence-aljan-szineszno
350bc832a1a4ef187a1833104d5d46b5f3019b2c85632ec1a521a9d985350ec2,2026-04-18 20:25:54.095457+00:00,hu,origo.hu,origo.hu,2026-04-18,"Rákot okoz: 5 halálos hiba, amit nap mint nap elkövetünk",https://www.origo.hu/nagyvilag/2026/04/rakot-okoz-5-halalos-hiba-amit-nap-mint-nap-elkovetunk
db1ecdc9daa7590c31217fb63f82f968ae7fa4c7778345ebe70a50c70a9ea8f8,2026-04-18 20:25:36.329220+00:00,hu,origo.hu,origo.hu,2026-04-18,Csodagyümölcs segíthet a daganatos betegeknek: visszahozhatja az étkezés örömét a kemoterápia után,https://www.origo.hu/nagyvilag/2026/04/kemoterapia-csodabogyo-daganatos-betegek-etkezes-orom
8a7858e80b79e34e8adc2e667bb4b1db846dd1b2be0f558a8efb24bd7c5204d9,2026-04-18 20:25:22.919750+00:00,hu,origo.hu,origo.hu,2026-04-18,Gyorsan merül az okostelefonja? Egy egyszerű trükk segíthet,https://www.origo.hu/nagyvilag/2026/04/okostelefon-akkumulator-merules-kalibralas
2dadfafc90bd631c19f62f2ce514c7195ce90b587272d3f0e164c1e49c322cea,2026-04-18 20:24:44.962966+00:00,hu,origo.hu,origo.hu,2026-04-18,"Íme 7 meglepő dolog, ami megvédheti az agyát a leépüléstől!",https://www.origo.hu/nagyvilag/2026/04/demencia-7-dolog-ami-megvedheti-agyat-leepulestol
f6797df403e0a8b5b5976df2d77dd0850a449d652060dc6ea4923df04bfc3b5a,2026-04-18 20:24:39.479712+00:00,hu,origo.hu,origo.hu,2026-04-18,"Mutatjuk mit tehet, ha üzemanyaghiány miatt törlik a járatát",https://www.origo.hu/nagyvilag/2026/04/uzemanyaghiany-legikozlekedes-jarat-utas
7d2e461119d47ea162667a2698b7817295a891709c3d33274d9dfcedf55bf519,2026-04-18 20:24:10.146885+00:00,hu,origo.hu,origo.hu,2026-04-18,A 67 éves Madonna partiba vágta magát a Coachellán – csak erős idegzetűeknek,https://www.origo.hu/nagyvilag/2026/04/madonna-coachella-fesztival-fellepes
5900a3cac00d414a6cc9f9fc8a7b4cf6e6bcc1a887499fd089d7d4ff7801aa92,2026-04-18 20:20:38.354882+00:00,hu,blikk.hu,blikk.hu,2026-04-18,"Kiszámolták, a győzteskompenzáció nélkül is meglett volna a kétharmad a Tiszának",https://www.blikk.hu/politika/magyar-politika/gyozteskompenzacio-tisza-part-mandatum-fidesz/276ydr3
cb87d1bda5103ee23aa969aec24e9eb95ce688ded81af3d41212a823a5790054,2026-04-18 19:31:49.273630+00:00,hu,blikk.hu,blikk.hu,2026-04-18,Édesanyja állapota miatt fájdalmas döntést kellett meghoznia Molnár Anikónak,https://www.blikk.hu/sztarvilag/hazai-sztarok/molnar-aniko-edesanyja-alzheimer-kor/4ysf670
46b12f11012b973a47fc4087b408ead6b91fdedb26815f018ed960d6b456a4e0,2026-04-18 19:30:52.167386+00:00,hu,blikk.hu,blikk.hu,2026-04-18,"Valaki megnyerte minden idők legnagyobb Ötöslottó főnyereményét, itt vannak a nyerőszámok",https://www.blikk.hu/gazdasag/penz/otoslotto-nyeroszamok-aprilis-18/56vnl80
c5934a2cf418a6bfe8adc7a7649f0b97cb0b7aacc56bf94b7cd084c2fc2e90f6,2026-04-18 19:30:38.454387+00:00,hu,blikk.hu,blikk.hu,2026-04-18,"Minden szavazatot megszámoltak, Tisza-kétharmad lesz",https://www.blikk.hu/politika/magyar-politika/2026-valasztas-eredmenye-tisza-part-ketharmad/cq0evdz
46bcdda436e444fd512c044738ff16ac0a76a1842d112ddcb5b7661d33540774,2026-04-18 19:30:25.507961+00:00,hu,blikk.hu,blikk.hu,2026-04-18,"Csernus Imre kimondta, mit éreznek a magyarok valójában a választás eredménye miatt",https://www.blikk.hu/politika/magyar-politika/csernus-imre-ronai-egon-valasztas-magyarok/e79rvcf
e559b1df95701e5b8548c2456ae9bcaab5542bc2d963e609ee66c382516f4760,2026-04-18 19:29:58.770805+00:00,hu,blikk.hu,blikk.hu,2026-04-18,Elhagyatottnak hitte a vasútvonalat? – Tovább részletek derültek ki a Liverpool korábbi kapusának haláláról,https://www.blikk.hu/sport/kulfoldi-foci/alexander-manninger-vonat-baleset-halal/jkj30el
fb31e7f0dfc4447de608ca59f6d5e472b761f4ee613eb059d46d3199f561e768,2026-04-18 19:29:49.078004+00:00,hu,blikk.hu,blikk.hu,2026-04-18,A múlt heti vita után most is kimaradt a SzerencseSzombat adásból Freddie,https://www.blikk.hu/sztarvilag/hazai-sztarok/freddie-szerencseszombat-musorvezeto-vita/78vn4f3
4764411c7e456eebcb4fd45d2d8bd76bc79ffecf226df62c59525a4cc0e83a1c,2026-04-18 19:23:28.617044+00:00,hu,origo.hu,origo.hu,2026-04-18,Kérdések az Európai Bizottság elvárásai körül: mi kell az uniós pénzekhez?,https://hirtv.origo.hu/ahirtvhirei/2026/04/kerdesek-az-europai-bizottsag-elvarasai-korul-mi-kell-az-unios-penzekhez
a24f403cfce3ebba26801de6b893235cb6ad31c20f0ff6137f52f882b404344f,2026-04-18 19:23:18.289393+00:00,hu,origo.hu,origo.hu,2026-04-18,Szeretetország elszabadult,https://hirtv.origo.hu/ahirtvhirei/2026/04/szeretetorszag-elszabadult
e6be5937eb5b561e5014b427b6bc5112565462770176feab65dc559055057cbb,2026-04-18 19:22:59.821124+00:00,hu,origo.hu,origo.hu,2026-04-18,Durva közúti konfliktus Budapesten: dudálás után pisztollyal fenyegetőzött egy férfi,https://hirtv.origo.hu/ahirtvkekhirei/2026/04/durva-kozuti-konfliktus-budapesten-dudalas-utan-pisztollyal-fenyegetozott-egy-ferfi
eaa51ff68524ddde3704578a1eaf3141c22310a364c0d235e3adfa42b5d6d132,2026-04-18 19:22:39.368314+00:00,hu,origo.hu,origo.hu,2026-04-18,Szigorúan a háttérben zajlik: brit szerepvállalás az ukrán hitelprogramban,https://hirtv.origo.hu/hirtvkulfold/2026/04/szigoruan-a-hatterben-zajlik-brit-szerepvallalas-az-ukran-hitelprogramban
42ccc1336ed1e021d9a954930002075fb876c7332d32d1089fa4ef7920c81bd9,2026-04-18 19:22:34.400480+00:00,hu,origo.hu,origo.hu,2026-04-18,"Orbán Viktor szerint a Fidesznek újra kell szerveznie magát, mert a hazafiaké a jövő",https://hirtv.origo.hu/ahirtvhirei/2026/04/orban-viktor-szerint-a-fidesznek-ujra-kell-szerveznie-magat-mert-a-hazafiake-a-jovo
16576708e867761ff92aed3f54579de1778c449b85b0447327aaf06fb5770cf7,2026-04-18 19:22:23.069179+00:00,hu,origo.hu,origo.hu,2026-04-18,Energiaár-robbanás után jön a gazdasági sokk: meddig bírják az olasz családok?,https://hirtv.origo.hu/hirtvkulfold/2026/04/energiaar-robbanas-utan-jon-a-gazdasagi-sokk-meddig-birjak-az-olasz-csaladok
d76a3d64546b779e1de3f110f56b5d6cb49b763fc07b5b8a9cbf1ea409198b3f,2026-04-18 19:22:08.338880+00:00,hu,origo.hu,origo.hu,2026-04-18,Az USA ultimátumot adott Iránnak,https://hirtv.origo.hu/hirtvkulfold/2026/04/az-usa-ultimatumot-adott-irannak
e82ca66e7157fa46cac05f12fec47b5d73d00be367d3bec7ec1eb18659832aae,2026-04-18 19:21:48.755540+00:00,hu,origo.hu,origo.hu,2026-04-18,Újabb bizonytalan fejezet a közel-keleti válságban,https://hirtv.origo.hu/hirtvkulfold/2026/04/ujabb-bizonytalan-fejezet-a-kozel-keleti-valsagban
877ec164b261dd95dd2911aa3c449af48582ad6d939bb6b9102e45e0fb5815f1,2026-04-18 19:21:37.137024+00:00,hu,origo.hu,origo.hu,2026-04-18,Olaszország kettészakad: Ukrajna támogatása helyett saját válságkezelést követelnek,https://hirtv.origo.hu/hirtvkulfold/2026/04/olaszorszag-ketteszakad-ukrajna-tamogatasa-helyett-sajat-valsagkezelest-kovetelnek
2ee1ea296970bdbe1ff8e0c942913578f76661e3ca4b62887565b3c719f39c11,2026-04-18 19:21:32.619089+00:00,hu,origo.hu,origo.hu,2026-04-18,Figyelmeztetnek a szakértők: veszélyes lehet az árrésstop megszüntetés,https://hirtv.origo.hu/ahirtvhirei/2026/04/figyelmeztetnek-a-szakertok-veszelyes-lehet-az-arresstop-megszuntetes
f8dfe11e32ace94d20216ca609c04d81214a36c1bb2ad389c40075780755618e,2026-04-18 18:26:13.834624+00:00,hu,index.hu,index.hu,2026-04-18,Itt a választás végeredménye: még több mandátumot szerzett a Tisza,https://index.hu/belfold/2026/04/18/magyar-peter-tisza-part-valasztas-2026-orszaggyules-vegeredmeny/
62c71f5558453ecb61a2aab4aebbf3e2895ad36ec2b3d49795c08f8ee842261d,2026-04-18 18:26:08.733592+00:00,hu,index.hu,index.hu,2026-04-18,Meghalt egy francia ENSZ-békefenntartó Dél-Libanonban egy nappal a tíznapos tűzszünet bejelentése után,https://index.hu/kulfold/2026/04/18/libanon-tamadas-hezbollah-siita-milicia-francia-ensz-bekefenntarto-aldozat/
4050385d4bb5dccb47784e647f1a195c6a890062f0ca86e502e441e33768c1b9,2026-04-18 18:26:05.037560+00:00,hu,index.hu,index.hu,2026-04-18,Sebestyén Balázs spirituális oldaláról Peller Mariann rántotta le a leplet: Gyakorlatilag nálunk beszélt először erről,https://index.hu/mindekozben/poszt/2026/04/18/sebestyen-balazs-spiritualis-oldala-peller-mariann-rantotta-le-a-leplet/
265feaabd0984f9b4e89ea49163774fe8a8953306063e4dc98459e53b3a9f658,2026-04-18 18:25:58.853331+00:00,hu,index.hu,index.hu,2026-04-18,Halálos baleset történt az M1-es autópályán: személyautó és kisbusz ütközött,https://index.hu/belfold/2026/04/18/m1-es-autopalya-baleset-teljes-utzar-tatabanya-kisbusz-szemelyauto-utkozes/
65c137ae632cd0e7113fdcb05038b92c3311858c201a1daf95592be3f89455db,2026-04-18 18:25:53.925085+00:00,hu,index.hu,index.hu,2026-04-18,"Kiderült, pontosan hány zebra található Hatvanpusztán",https://index.hu/belfold/2026/04/18/hadhazy-akos-nebih-zebra-vadasztarsasag-hatvanpuszta/
6aa0c92ab7c535df360daffbc6661b0a33e8e56dc4fed85de8d4fb8832cd3103,2026-04-18 18:25:49.032946+00:00,hu,index.hu,index.hu,2026-04-18,Hazai vereséggel indított a topligák történetének első női futballedzője,https://index.hu/sport/futball/2026/04/18/union-berlin-marie-lousie-eta-schafer-andras-bundesliga-nemet-bajnoksag-wolfsburg-dortmund/
b2afeb62140e7edab4c56a51a5f794df96f9a9ac109fbe2d8d26e2208160c89b,2026-04-18 18:25:43.949056+00:00,hu,index.hu,index.hu,2026-04-18,"Nem akarjuk elengedni a fosszilis energiát, a pingvineket és fókákat is feláldozzuk inkább",https://index.hu/tudomany/2026/04/18/antarktisz-allatvilag-veszelyeztetett-faj-klimavaltozas-csaszarpingvin-antarktiszi-medvefoka/
86226ca6dacc4303290441cc98cc5ee4234aa0e333ef011f50fc3b64a577b9cd,2026-04-18 18:25:33.741141+00:00,hu,index.hu,index.hu,2026-04-18,"Az irodalomba is behatolt a mesterséges intelligencia, jaj a művészeknek",https://index.hu/techtud/2026/04/18/gustave-flaubert-carl-gustav-jung-ai-irodalom-/
9b74d54ba251aa58b445ee14a2ad762478bef02f7466111bcef0a5fb56319f49,2026-04-18 18:25:28.919825+00:00,hu,index.hu,index.hu,2026-04-18,Történelmi elismerés: Juhász Dorkát választották meg a szezon legjobbjának az Euroligában,https://index.hu/sport/kosarlabda/2026/04/18/juhasz-dorka-noi-kosarlabda-euroliga-legfiatalabb-mvp/
58c7b517200dba026ed06ca699ad5c3b4f6baf7f76066b5876e040be76f6da42,2026-04-18 18:25:20.529843+00:00,hu,index.hu,index.hu,2026-04-18,"Tönkreteheti a kapcsolatokat az együtt alvás, átlagosan hatszor ébresztik fel egymást a párok",https://index.hu/fomo/2026/04/18/alvas-problema-parkapcsolat-szerelem-hazassag-valas-sleep-divorce/
07b127c8b0a0448eee12b45fc2a31c69677d8fa6cc36017a7c8d5e7de1f32e1a,2026-04-18 18:25:15.682539+00:00,hu,index.hu,index.hu,2026-04-18,"„Számítottam arra, hogy a Tisza melletti kiállásom miatt lemondanak majd koncerteket” – kitálalt Szekeres Adrien",https://index.hu/fomo/2026/04/18/szekeres-adrien-tisza-part-koncert-zeneipar-kitalalt/
ec8902522fae10793d6e0f3bf6d9e410b831a5d3950a44d974de5d873e7fb1d7,2026-04-18 18:25:11.745533+00:00,hu,index.hu,index.hu,2026-04-18,"Peter Srámek nem áll le, A Nagy Duett után jön az új lemez",https://index.hu/mindekozben/poszt/2026/04/18/peter-sramek-a-nagy-duett-utan-jovobeli-tervek/
fe97a3cd18ae284395d0c138b6396a49bc6f17d4ed1839733e3447b8abb6b98f,2026-04-18 18:25:04.709230+00:00,hu,index.hu,index.hu,2026-04-18,"Folytatódik a vita a pápa és Donald Trump között, az amerikai elnök valótlan állítást tett XIV. Leóról",https://index.hu/kulfold/2026/04/18/egyesult-allamok-donald-trump-xiv.-leo-vita-iran-nuklearis-fegyver/
1e9b4ce356d74c3cec8d152a1c715486577129c4f3737457d4225cd414e016c9,2026-04-18 18:24:59.264725+00:00,hu,index.hu,index.hu,2026-04-18,"A Zalaegerszeg kiütötte a sereghajtót, nagy lépést tett a bennmaradás felé az MTK",https://index.hu/sport/futball/2026/04/18/nb-i-2025-2026-30.fordulo-zalaegerszeg-kazincbarcika-mtk-budapest-kisvarda/
5a2b1145c81745208ba28442df065b2bd407e2fedca4a1aaccc07168a17fbe28,2026-04-18 18:24:31.871763+00:00,hu,index.hu,index.hu,2026-04-18,"Búcsúzott a kupából a címvédő Szeged, hetesek után tartotta életben a Veszprém négy évtizedes sorozatát",https://index.hu/sport/kezilabda/2026/04/18/veszprem-szeged-ferfi-kezilabda-magyar-kupa-2025-2026-elodonto/
4ff93006bf2be3dbfd66ba748f7e67e5343d6f5142cae44d0a43d00e961c41b7,2026-04-18 18:24:27.854634+00:00,hu,index.hu,index.hu,2026-04-18,"A lengyel miniszterelnök meggyőzte Robert Ficót, aki nem veszi át Orbán Viktor negatív szerepét az EU-ban",https://index.hu/kulfold/2026/04/18/donald-tusk-robert-fico-orban-viktor-europai-unio/
49cb4a3b2505a290617bdc58bb07960e36988c1d542072c1df5e15579226b48b,2026-04-18 18:24:09.502623+00:00,hu,index.hu,index.hu,2026-04-18,"Összehangolt mentőakció a Börzsönyben, hegyimentők és tűzoltók mentettek ki egy túrázót",https://index.hu/belfold/2026/04/18/borzsony-turazo-nagymaros-hegyimentes-labserules-hegyimentok-tuzoltosag-mentesi-munkalat/
187473d649289e9b928782406f9ea55929b7968099e24318f96d3d0474d73c73,2026-04-18 18:23:24.670321+00:00,hu,blikk.hu,blikk.hu,2026-04-18,Állatkínzás és kiskorú veszélyeztetése miatt hallgattak ki egy 23 éves nőt,https://www.blikk.hu/aktualis/belfold/allatkinzas-kiskoru-veszelyeztetese-eljaras-xiv-kerulet/cre5tlr
7c104bee168fe242a2697d4f7543ff7cd043f71f16a069532a5563e8cd47b8c5,2026-04-18 18:22:57.244809+00:00,hu,blikk.hu,blikk.hu,2026-04-18,"Fontos győzelmet szerzett, így nagy lépést tett a bennmaradás felé az MTK",https://www.blikk.hu/sport/magyar-foci/mtk-kisvarda-nb-i-eredmeny/z0eemlm
d04e5117a281f8fffc265f4746e8db24f306724707997e1bdd28a554fe7ce34e,2026-04-18 18:21:14.518796+00:00,hu,index.hu,index.hu,2026-04-18,Ezen a területen földcsuszamlásszerű változások jönnek Magyar Péter győzelmével,https://index.hu/kultur/2026/04/18/tisza-part-kulturalis-program-szinhaz-film-magyar-peter-nagy-ervin/?utm_source=hirstart&utm_medium=referral&utm_campaign=ct
cbe0508cffff59ef0ea7b52125e57627c3900d8cb5e69b0b67eb154bca5ab510,2026-04-18 17:33:36.336907+00:00,hu,blikk.hu,blikk.hu,2026-04-18,Hormuzi-szoros: az újabb lezárás után az irániak több kereskedelmi hajóra is rálőttek,https://www.blikk.hu/politika/vilagpolitika/hormuzi-szoros-lezaras-hajotamadas/npnm6dz
56db216ce66effc36abd93ccc20157bea12d124e8fa9c28bf20fe4f1d45bed30,2026-04-18 17:33:06.610632+00:00,hu,blikk.hu,blikk.hu,2026-04-18,"Gépfegyveres férfi nyitott tüzet a járókelőkre Kijevben, túszokat is ejtett egy szupermarketben",https://www.blikk.hu/aktualis/kulfold/lovoldozes-kijev-tuszok/gf8tfz4
c0b1ba8bc0227e35013c921b661b3998340075ed6915f3f85b3bd176c1adaabf,2026-04-18 17:32:51.760658+00:00,hu,blikk.hu,blikk.hu,2026-04-18,Hét végi időjárás: sok lesz a napsütés,https://www.blikk.hu/aktualis/het-vegi-idojaras-elorejelzes/b1er2l5
33e67ddbdf5be225c3966446642f709c23c93b501c5c3e46d3c62c953bda43f2,2026-04-18 17:32:26.476525+00:00,hu,blikk.hu,blikk.hu,2026-04-18,Michelle Pfeiffer 67 évesen is nagyon dögös,https://www.blikk.hu/sztarvilag/filmklikk/michelle-pfeiffer-igazi-bombazo/5fb3e2h
20f9c5ca76bf42ab96f9430ba4ecb5bb38bd50142661c2ed45d723260ac8bd62,2026-04-18 17:32:19.513471+00:00,hu,origo.hu,origo.hu,2026-04-18,"Juliana Paes, a telenovella-sztár olyan képeket posztolt, amiken a ruha csak jelzésértékű – mutatjuk a dögös képeit",https://www.origo.hu/foto/2026/04/juliana-paes-galeria
04f1c32f1a8873d1b2779ef3ef5275e0fe04d8ca93744e4bfb927612c75ecb3c,2026-04-18 17:32:12.906487+00:00,hu,origo.hu,origo.hu,2026-04-18,"Rangadót nyert a Honvéd, közel az NB I-be való visszajutáshoz",https://www.origo.hu/sport/sport-futball/2026/04/nb-i-honved-gyozelem-feljutas
4882cd24af828f08c05e1621330c721b04b16190465aa275dfd971d501c74e1f,2026-04-18 17:32:06.303160+00:00,hu,origo.hu,origo.hu,2026-04-18,Brit miniszterelnök hazudik vagy eltitkoltak előle mindent? Döbbenetes ügy robbant ki,https://www.origo.hu/kulpol/2026/04/miniszterelnok-brit-dobbenetes-ugy-robbant-ki-nagykovet
f2d8b5d39447b8f2d546c96d9d8ea970923286b190e52029958bc5dd0a481cd9,2026-04-18 17:32:01.116877+00:00,hu,origo.hu,origo.hu,2026-04-18,Rejtélyes holttestre bukkantak Újbudán,https://www.origo.hu/kek-hirek/2026/04/test-rupphegyi-halaleset-ujbuda
96a38d10e49bec8ecfdccb541f7fb1e7cfbb19fb80940c3ed047bd40a6e554d3,2026-04-18 17:31:56.119902+00:00,hu,origo.hu,origo.hu,2026-04-18,Pénzügyi zűrzavarra fogadnak a tengerentúli vagyonkezelők,https://www.origo.hu/gazdasag/2026/04/bank-maganhitel-alapok-barclays-citigroup-cds
46edebeae50005093f30e6b6196de8db83ddfad1e77fd972278ba9ffed42d8a7,2026-04-18 17:31:52.159294+00:00,hu,origo.hu,origo.hu,2026-04-18,Sok a tévhit a tesztoszteronról – pedig nem így működik az izomépítés,https://www.origo.hu/itthon/2026/04/tesztoszteron-izomepites-etrend-edzes
2e23712f7f71164f9f0356b451e87815d686680639a72f0682a147176b1bb6ea,2026-04-18 17:31:47.010914+00:00,hu,origo.hu,origo.hu,2026-04-18,Halálos baleset bénította a sztráda forgalmát ezen a szakaszon,https://www.origo.hu/kek-hirek/2026/04/baleset-benitotta-a-sztrada-forgalmat-ezen-a-szakaszon
d7aeeb97ef150b64d4125cf4486dae2d6c24dda2c27ce99212bc2b55e82ef44e,2026-04-18 17:31:41.116032+00:00,hu,origo.hu,origo.hu,2026-04-18,Női edző küldte pályára Schäfer Andrást: a meccs előtt még a kabala is őt ölelgette,https://www.origo.hu/sport/sport-futball/2026/04/noi-edzo-kabalafigura-union-berlin-bundesliga
50bec63277dc3387db6396d60a860fb508cbd0a62583fadbdce5ae4cd88ae66f,2026-04-18 17:31:36.868531+00:00,hu,origo.hu,origo.hu,2026-04-18,Kitiltották az autóstalálkozóról a Nissan-tulajokat,https://www.origo.hu/auto/2026/04/nissan-kitiltottak-az-autostalalkozorol-a-tulajokat
ac63f1d19b7327194298ad51e49d439b69140a82d304d3347d56f2d76d6f042b,2026-04-18 17:31:31.209512+00:00,hu,origo.hu,origo.hu,2026-04-18,Hétméteresek döntöttek: a One Veszprém megállította a címvédőt a Magyar Kupa elődöntőjében,https://www.origo.hu/sport/sport-csapat/2026/04/one-veszprem-magyar-kupa-kezilabda-elodonto-szeged
38b0efac9060c160a3e1014e49908698aff486429858a3628781c64577364e2d,2026-04-18 17:31:26.245097+00:00,hu,origo.hu,origo.hu,2026-04-18,"Nem hiszi el, mi számít tiltott tárgynak a hajókon",https://www.origo.hu/nagyvilag/2026/04/hajout-csomag-szabaly-biztonsag-eloiras
8cc2be174ba6bfc105492a87b8874ac92e1f06bf81539465c6ca90f60c843f56,2026-04-18 17:31:21.928686+00:00,hu,origo.hu,origo.hu,2026-04-18,A One Veszprém bírta jobban a hullámvasutazást a Magyar Kupában,https://www.origo.hu/sport/sport-csapat/2026/04/one-veszprem-ligetvari-szeged-magyar-kupa-elodonto
c2c56874973cdfe5fd910d57dd56aa5a5f00f85dceb94b27ea368d7044a7d2ca,2026-04-18 17:31:17.060090+00:00,hu,origo.hu,origo.hu,2026-04-18,A Whitney Houston‑filmből ismert színésznő karakteres szépséggel és dekoltázzsal hódít – dögös képek,https://www.origo.hu/foto/2026/04/naomi-ackie-galeria
18423f56d399c27b99e72e2ca355eb37a68c2a0ba9f225bc15ed19c9680a2995,2026-04-18 17:31:11.372380+00:00,hu,origo.hu,origo.hu,2026-04-18,Magyar Péter nem fogadja el az eredményt: új választást követel Vas vármegyében,https://www.origo.hu/belpol/2026/04/magyar-peter-eredmeny-uj-valasztas-vas-varmegye
c90147f6e029576b2c1b16c89cd9dc63dd415cffd6287a30d0f677752c32b1fe,2026-04-18 17:31:06.273926+00:00,hu,origo.hu,origo.hu,2026-04-18,Sokkoló mellékhatás: tényleg létezik az „Ozempic-arc”?,https://www.origo.hu/nagyvilag/2026/04/ozempic-arc-sokkolo-mellekhatas-tenyleg-letezik
97bcdfe5cd7518ba3a1d8cb969fba4b54f51b5a2f92f52b26a3dd64163d00d5d,2026-04-18 17:31:01.240792+00:00,hu,origo.hu,origo.hu,2026-04-18,Így bántalmazták a HírTV stábját a tiszások Balatonfüreden,https://www.origo.hu/belpol/2026/04/hirtv-stab-tiszas-bantalmazas
b3c5ed2fb14a814c2eaabd133e97983513a57e3cd0b30059cb441df2f83f3cae,2026-04-18 17:30:56.215569+00:00,hu,origo.hu,origo.hu,2026-04-18,A visszatérő Milák Kristóf tönkreverte a mezőnyt pillangóúszásban,https://www.origo.hu/sport/sport-egyeni/2026/04/milak-kristof-visszateres-ob-100-pillango
04669e541c432686d5c54107aa8cc90c19eb27ea74dd3b3287a48334c3ff7bc2,2026-04-18 17:30:51.118947+00:00,hu,origo.hu,origo.hu,2026-04-18,Tóth Alex csapata újabb hatalmas bravúrt ért el a Premier League-ben,https://www.origo.hu/sport/sport-futball/2026/04/toth-alex-newcastle-bournemouth-bravur
e583065845b85bc043ef9d0e7dacee945774f31374a0f0023e8e259e69622cfd,2026-04-18 17:30:47.113552+00:00,hu,origo.hu,origo.hu,2026-04-18,"Hatalmas kártérítést követel a magyar nő, akinek kő zuhant a fejére a népszerű turistalátványosságnál",https://www.origo.hu/kek-hirek/2026/04/koomlas-szlovenia-karteritest-kovetel-a-magyar-no
d15baffe265433ed4fcd984b6471655ed89e294b7505dff364cb4d9226b95117,2026-04-18 17:30:41.137798+00:00,hu,origo.hu,origo.hu,2026-04-18,Elfogy Európa? Több mint ötvenmillióval csökkenhet a lakosság,https://www.origo.hu/belpol/2026/04/europa-elfogy-otvenmillioval-csokkenes-lakossag
1b2de842fcbdbae80e1fcf5ce37bf400aa191d9f1426f431445049a08b5add28,2026-04-18 17:30:36.306521+00:00,hu,origo.hu,origo.hu,2026-04-18,Az NB I meglepetéscsapata óriási lépést tett a bronzérem megszerzése felé,https://www.origo.hu/sport/sport-futball/2026/04/nb-i-zalaegerszeg-kazincbarcika-osszefoglalo
9c8ea3518148c4e7adfef97890f79a5fb5f82e5d7044df9f47dc150427b49969,2026-04-18 17:30:31.151172+00:00,hu,origo.hu,origo.hu,2026-04-18,A hét legdögösebb csaja a csodás mellű Francia Raisa lett az Origo látogatói szerint,https://www.origo.hu/foto/2026/04/francia-raisa-galeria2
1242e394745466ef4dfdb05752592109aa21488126425194a525fd015cc236dc,2026-04-18 17:18:16.229875+00:00,hu,blikk.hu,blikk.hu,2026-04-18,"Budapesten elszálltak a garázsárak, vidéken megállt az idő",https://www.blikk.hu/gazdasag/vasarlas/garazsarak-budapesten-videken/bq45fz9
be72c90de8fdf4e0e9cd3c1eeaf717591e315660257b793d1d56df3dc16ef72b,2026-04-18 17:17:46.132431+00:00,hu,blikk.hu,blikk.hu,2026-04-18,Megszületett a Kőgazdag fiatalok sztárjának kisbabája – megérkezett Nina,https://www.blikk.hu/sztarvilag/hazai-sztarok/kogazdag-fiatalok-demeny-vanda-kislanya-megszuletett/x738vr6
49633ae83d2580a4b328fd3da4642256a6d8a0ee01208dc0679dbc4a8ab1c73f,2026-04-18 17:17:33.747769+00:00,hu,blikk.hu,blikk.hu,2026-04-18,Mentőakció a Börzsönyben: hegyimentők és tűzoltók hozták ki a megsérült túrázót,https://www.blikk.hu/aktualis/veszhelyzet/szent-mihaly-hegy-turazo-serules-borzsonyi-hegyimento-szolgalat/fld07s3
de368fb6909878c53e2d7310b4bcfabc0d4e3a035454bd23539db4673e4eaa84,2026-04-18 17:17:24.138483+00:00,hu,blikk.hu,blikk.hu,2026-04-18,Kaiser Ede exe megszólalt a kocsiban talált fegyverről,https://www.blikk.hu/aktualis/belfold/kaiser-ede-baratnoje/wfm3383
c9eb64920f6286b4f0d1a1584177d2118f8e1abc042d65a1ee8013a7f444a83a,2026-04-18 17:17:18.524278+00:00,hu,blikk.hu,blikk.hu,2026-04-18,Elképesztő csatát követően hétméteresekkel jutott a Veszprém a Magyar Kupa-döntőjébe a Szegeddel szemben,https://www.blikk.hu/sport/magyar-kupa-elodonto-veszprem-szeged-eredmeny/bwx0qsq
5335a5f386504e362bc916cb127ccbbc9bbe0a50353b1014735ce8cff19c8a78,2026-04-18 17:17:15.535778+00:00,hu,blikk.hu,blikk.hu,2026-04-18,Újra Lezsák Sándor lett a Nemzeti Fórum elnöke,https://www.blikk.hu/politika/magyar-politika/lezsak-sandor-nemzeti-forum-egyesulet-elnoke/xc05383
c7f3ca97d1e974cd9f3e5ea98c6fcc976c4cbe60e5f0daa877091aa2b1eebfa1,2026-04-18 17:17:11.396854+00:00,hu,blikk.hu,blikk.hu,2026-04-18,"Menet közben vette észre a tüzet, leszállt és azonnal oltani kezdte a kigyulladt házat – Hős lett az erdélyi buszsofőr",https://www.blikk.hu/aktualis/kulfold/buszsofor-csiksomlyo-tuz-oltas/b980p1q
f3691e149b7086d0b6e4fafdec193b4126a02065bc799fad86b6b0f561c2d119,2026-04-18 16:29:29.048430+00:00,hu,index.hu,index.hu,2026-04-18,"„Ha nem mész el szavazni, nem jövök haza” – így lett a Tisza vidéki fővárosa Szeged",https://index.hu/belfold/2026/04/18/tisza-part-szeged-valasztas-2026-egyeni-korzet-jelolt-stumpf-magyar-peter-fovaros/?utm_source=hirstart&utm_medium=referral&utm_campaign=ct
c02ffae772496fd1aa15fcaadc541b94b83b9655658a80ff299150b10f91527c,2026-04-18 15:29:39.495886+00:00,hu,blikk.hu,blikk.hu,2026-04-18,60 év után meglépi a Nutella: új ízt dob piacra,https://www.blikk.hu/eletmod/gasztro/ferrero-nutella-uj-iz-erkezik-60-ev-utan/jb4bvg4
1015893a6463e8d017cfae0cd816005c8eb27942f6c721abeb8cd2fd707e3164,2026-04-18 15:29:30.495446+00:00,hu,blikk.hu,blikk.hu,2026-04-18,Tbiliszben sem talált legyőzőre: Özbas Szofi megvédte Európa-bajnoki címét,https://www.blikk.hu/sport/ozbas-szofi-europa-bajnok-cselgancs/glg4v3f
0c3e6963c18ce78e8f12e18823a77a6f1db78ce55a8f5a9d17923186745170a3,2026-04-18 15:29:22.482724+00:00,hu,blikk.hu,blikk.hu,2026-04-18,Könnyed győzelemmel lépett fel a bajnoki dobogóra a Zalaegerszeg,https://www.blikk.hu/sport/magyar-foci/zalaegerszeg-kazincbarcika-nb-i-eredmeny/33dr740
df1921d145a24d7bbe9c626cc9c7014826953aa8fa0523362a339ede0bd49681,2026-04-18 15:29:10.192468+00:00,hu,blikk.hu,blikk.hu,2026-04-18,"Rajongói estek neki Kefirnek, veszélyes útra vitte beteg feleségét",https://www.blikk.hu/sztarvilag/hazai-sztarok/kecskes-tibor-kefir-felesege-felelotlenseg/pptbv7t
e9d328bf9c8a7a7e78d0b3c512386103f2b7924f2dc651017511a64e530625ec,2026-04-18 15:29:00.382490+00:00,hu,blikk.hu,blikk.hu,2026-04-18,Már a német pénzügyminiszter is riadót fújt a kerozinhiány miatt,https://www.blikk.hu/gazdasag/vasarlas/uzemanyag-valsag-kerozinhiany-irani-haboru/f2tnk9m
7f4528a73485a42934a52d246310cf8ae8c55f568f6e798f527a50f65e1f43a3,2026-04-18 15:28:55.320335+00:00,hu,blikk.hu,blikk.hu,2026-04-18,"Kiss Kriszta négy év után újra színpadra áll, Stohl András nem tud a helyszínen szurkolni neki",https://www.blikk.hu/sztarvilag/hazai-sztarok/kiss-kriszta-nagy-o-stohl-andras-fitnesz/v348fz8
4d06a974977c0021d7ed5fe8a44a1abadccd21ab28225ec5ae793e8d97aa24e6,2026-04-18 15:28:46.243178+00:00,hu,blikk.hu,blikk.hu,2026-04-18,77 évesen hosszú betegség után meghalt Nathalie Baye,https://www.blikk.hu/sztarvilag/nemzetkozi-sztarok/nathalie-baye-szineszno-meghalt-77-evesen/q5b8e79
dd13bf889e97ada5fd9900242e3e1e681df160043ba73c3ffa14a301d73eab87,2026-04-18 15:28:32.421544+00:00,hu,blikk.hu,blikk.hu,2026-04-18,"Zokogásban tört ki Horváth Tamás felesége, nem mindennapi ajándékkal lepte meg az énekes a névnapján – videó",https://www.blikk.hu/sztarvilag/hazai-sztarok/horvath-tamas-felesege-andi-nevnap/j7wen5g
e887e9a35692b1749cb723d7126d3a99b72aa62342eec258580d5a66b1e1e005,2026-04-18 15:28:25.377097+00:00,hu,blikk.hu,blikk.hu,2026-04-18,Világszenzáció: Magyar meteoritvadász talált rá az aranynál tízszer drágább űrbéli kincsre,https://www.blikk.hu/ferfiaknak/tech/magyar-meteoritvadasz-usa/z1h5f6f
92442472608a566ad9f8b0894d5570d2ae2517c33e497d835bde7c91d1639bfb,2026-04-18 14:36:24.263995+00:00,hu,origo.hu,origo.hu,2026-04-18,Az okosóránk is figyel minket – ezeket az adatokat gyűjti rólunk,https://www.origo.hu/techbazis/2026/04/okosorank-is-figyel-minket-adatokat-gyujt-rolunk
d22132036489ae85a31c7f7de56c861fcda004728d5901df86ca5d4ca703a44c,2026-04-18 14:36:19.317573+00:00,hu,origo.hu,origo.hu,2026-04-18,"Juhász Dorka történelmet írt, óriási elismerésben részesült",https://www.origo.hu/sport/sport-csapat/2026/04/juhasz-dorka-mvp-euroliga
8c919c5f7bbdde4adb5d6a8e082c12c9b90f351c74c74886619d4094fb104c6a,2026-04-18 14:36:13.872180+00:00,hu,origo.hu,origo.hu,2026-04-18,"Megtagadta a doppingtesztet, négy éves eltiltást kaphat a bajnok",https://www.origo.hu/sport/sport-egyeni/2026/04/eltiltas-dopping-tenisz-marketa-vondrousova-wimbledon
883f08376da81bc4c5911a70c5d34464c31b000d36eadf401f4a7995ec34ac6b,2026-04-18 14:36:09.469025+00:00,hu,origo.hu,origo.hu,2026-04-18,Ez nem hiányzott: kórházba került a Real Madrid sztárja,https://www.origo.hu/sport/sport-futball/2026/04/real-madrid-korhaz-raul-asencio-virus-alaves
1283b6a122ecd79448feef29e1abba92e2330e0ffbfef8ac9b1619f0d57aa7a2,2026-04-18 14:36:03.755572+00:00,hu,origo.hu,origo.hu,2026-04-18,Kevesebb mint egy percig tartott a döntő: Özbas Szofi fojtással lett Európa-bajnok,https://www.origo.hu/sport/sport-egyeni/2026/04/ozbas-szofi-cselgancs-europa-bajnoksag-aranyerem
3fd8797fa83b20b04798d1e5136453051f1485db8a5dfa8507ea8c9d5b8671f6,2026-04-18 14:35:59.432429+00:00,hu,origo.hu,origo.hu,2026-04-18,"Veszélybe kerülhetnek a jelszavaink, ha így tároljuk őket!",https://www.origo.hu/techbazis/2026/04/jelszo-veszely-bongeszo
27b93146ce2ca526806f092a306a2e7bebd52c79644d5e5bdda51eb11774c1b9,2026-04-18 14:35:53.836121+00:00,hu,origo.hu,origo.hu,2026-04-18,Halálos baleset az M3-as autópályán: megpróbálta megmenteni párját a sofőr,https://www.origo.hu/kek-hirek/2026/04/baleset-halalos-rosszullet-par
68e52ffdfadd8a4ee360951200255aa71ba12971bb36448a8caef154fc90ce0d,2026-04-18 14:35:48.759526+00:00,hu,origo.hu,origo.hu,2026-04-18,Újabb ágazat küldött vészjelzést a szövetségi kormánynak,https://www.origo.hu/gazdasag/2026/04/fuvarozo-kamion-szallitmanyozas-amerikai-irani-haboru
59fb0b8738a9224d2a074e57926f88878481eb3d4c48426b6b391798f8f1939b,2026-04-18 14:35:43.843020+00:00,hu,origo.hu,origo.hu,2026-04-18,Ezt a hibát mindenki elköveti a kertben – pedig komoly ára van,https://www.origo.hu/nagyvilag/2026/04/mikromuanyag-kert-talaj-cserep
863631998a0ac6ae1d0fdf776c50ea9446597763ee4449329fadb49900f5d63c,2026-04-18 14:35:34.804181+00:00,hu,origo.hu,origo.hu,2026-04-18,Veszélybe került Palvin Barbi élete – a férje fegyvert rántott,https://www.origo.hu/teve/2026/04/palvin-barbi-betoro-ferj-eletveszely-fegyver
2daeb41802bc5e48b1ec733bf19a421334bdbcefb14bbf560483539e4e865ec1,2026-04-18 14:35:29.724133+00:00,hu,origo.hu,origo.hu,2026-04-18,Milák Kristóf újabb nehéz döntést hozott az úszó ob-n,https://www.origo.hu/sport/sport-egyeni/2026/04/milak-kristof-uszo-ob-visszalepes
1bbfd0f57784c51adfb16d4cc9784eff77c8767987aa2ad9d511c7163c2c892c,2026-04-18 14:35:14.110669+00:00,hu,origo.hu,origo.hu,2026-04-18,"Azon dolgoznak a magyar kutatók, hogy az autók megsejtsék a veszélyhelyzeteket",https://www.origo.hu/auto/2026/04/veszelyhelyzet-magyar-kutatok-az-autok-megsejtsek
b2e89229bbb74358b9c21f644c683a3c84c23ee3c4ed4cf3d9174e5785b23dc0,2026-04-18 14:35:08.026202+00:00,hu,origo.hu,origo.hu,2026-04-18,"Meghalt Nathalie Baye, a franciák egyik legkedveltebb színésznője",https://www.origo.hu/nagyvilag/2026/04/nathalie-baye-franciak-kedvelt-szineszno-meghalt
4775fa88e3d447ea0ab504f6f3bcb3ff1ad38f40ab1435dc4093c8f36fc3ad1d,2026-04-18 14:34:57.020613+00:00,hu,origo.hu,origo.hu,2026-04-18,Robbanás rázta meg a várost – sokkoló látvány fogadta a mentőket az aluljáróban,https://www.origo.hu/nagyvilag/2026/04/robbanas-nemetorszag-aluljaro-serult-halott
d7feb320ff3219db724ed83e10d70d33454192ffd70a0f51963c2dc5eedfdcc8,2026-04-18 14:34:52.015046+00:00,hu,origo.hu,origo.hu,2026-04-18,"Elfelejtettük, hogyan kell beszélgetni? A szakértők szerint van kiút",https://www.origo.hu/nagyvilag/2026/04/kommunikacios-keszseg-parbeszed-hogyan-fejlesztheto
3c7538154e038d6920b7033be42c2ead922d090628eb045d6932ffc1d1af0256,2026-04-18 14:34:46.903933+00:00,hu,origo.hu,origo.hu,2026-04-18,11 kutyát és egy eldeformálódott koponyájú csecsemőt mentettek ki a horroranya lakásából – videóval,https://www.origo.hu/kek-hirek/2026/04/horroranya-11-kutya-eldeformalodott-koponyaju-csecsemo
9aa1fd02441959a6851ff4824c5686a5232e6a08b9455eb488bd7e485b34b3b2,2026-04-18 14:34:41.500929+00:00,hu,origo.hu,origo.hu,2026-04-18,"Izomsérv és bokaficam után áll színpadra Stohl András szerelme, Nagy Ő Kriszta",https://www.origo.hu/teve/2026/04/nagy-o-kriszta-negy-ev-utan-all-szinpadra-stohl-andras
8bc293a8fe6ca9f6d141a25eae01b71b59ba5c2b3ba1f392c2f92cc70272b67c,2026-04-18 14:34:39.775065+00:00,hu,index.hu,index.hu,2026-04-18,"Magyar Péter csalást emleget, nem ismeri el a fideszes Ágh Péter győzelmét",https://index.hu/belfold/2026/04/18/magyar-peter-agh-peter-vas-varmegye-valasztas-2026/
dc1ac1a3a6c67151925a2e3ce9e10a165cf7946f1a752b3ca188cead20e0c366,2026-04-18 14:34:17.511135+00:00,hu,index.hu,index.hu,2026-04-18,"Új húsgolyók érkeznek az Ikeába, de nem úgy, ahogy gondolnánk",https://index.hu/fomo/2026/04/18/ikea-magyarorszag-husgolyo-nyaloka/
955a47af50e9d53babc1e72791618760e8e5b4330c521eefd159b97ee15164d8,2026-04-18 14:34:13.040749+00:00,hu,index.hu,index.hu,2026-04-18,"Nem történt meglepetés Tbilisziben, megvédte Eb-címét Özbas Szofi",https://index.hu/sport/2026/04/18/birkozas-ozbas-zsofi-donto-melkia-auchecorne-tbiliszi-cselgancs-europa-bajnoksag/
c2e451197fc175d983c7ed080e7721895ae2355ecad0ba1176cf186b181bac88,2026-04-18 14:34:07.446743+00:00,hu,index.hu,index.hu,2026-04-18,"Máris megtalálták a Tények új műsorvezetőjét, miután Gönczi Gáborék pihenőre vonultak",https://index.hu/fomo/2026/04/18/tv2-tenyek-gonczi-gabor-marsi-aniko-vitanyi-gabor/
2e3cff470f5106fd5bbb7c59f538bdbd844b06c1ebe50488b4ff2ceaa35484f7,2026-04-18 14:34:03.039500+00:00,hu,index.hu,index.hu,2026-04-18,"Megpróbáltak betörni Palvin Barbaráék otthonába, Dylan Sprouse fegyverrel a kezében teperte földre a betörőt",https://index.hu/fomo/2026/04/18/dylan-sprouse-palvin-barbara-betores-hollywood-hills-birtokhaboritas-911-amerika/
0d9128ed6bad0774addaa9555dfba41c1895af1293d756c9987d271438510d11,2026-04-18 14:33:58.475140+00:00,hu,index.hu,index.hu,2026-04-18,"Sophie Turner visszatért a sérülése után, rövidesen újraindul a Tomb Raider forgatása",https://index.hu/mindekozben/poszt/2026/04/18/sophie-turner-serulese-mindent-boritott-ujraindul-a-forgatas/
7f52c7cc2a9f48cd02e58d9b00653175c7d8ef7cb21c1bf48f4a84e6c032f0d4,2026-04-18 14:33:52.338904+00:00,hu,index.hu,index.hu,2026-04-18,Új AI-alapú rendszer térképezi fel az antiszemitizmust milliárdnyi közösségi médiás tartalomban,https://index.hu/techtud/2026/04/18/tett-es-vedelem-alapitvany-mesterseges-intelligencia-rendszer-bemutatas-brusszel/
7aeeafb538c0fc62c16d9cd080305e67838c36b209fda32c940b28c580300138,2026-04-18 14:33:47.377666+00:00,hu,index.hu,index.hu,2026-04-18,Meghalt Nathalie Baye,https://index.hu/kultur/2026/04/18/meghalt-nathalie-baye-szineszno-francia-cesar-dij/
e900d9458e7f95c612721b028818bd3822e2b9d81f706df94cc46e6c1d0f1c82,2026-04-18 14:33:42.349284+00:00,hu,index.hu,index.hu,2026-04-18,"Nagy Feró szerint a demokrácia győzött április 12-én, és Orbán Viktor a legokosabb",https://index.hu/fomo/2026/04/18/nagy-fero-valasztas-2026-orban-viktor-fidesz-kdnp-tisza-part/
679d3e69f2049c59dcdcee414b20f1a970013a67d3f8f004d6f1c7de5e5869fd,2026-04-18 14:33:37.703709+00:00,hu,index.hu,index.hu,2026-04-18,ByeAlex megszólalt a drogbotrányáról: önként adta át a kábítószert a rendőrségnek,https://index.hu/fomo/2026/04/18/byealex-interju-curtis-dopeman-fidesz-tisza-part/
d2573e59ba7c753a24f51f09cf6340950e34dfc7a2583c79ac5cdc530f242719,2026-04-18 14:33:32.485328+00:00,hu,index.hu,index.hu,2026-04-18,Szoboszlait is jól ismerő edző kerülhet a magyar válogatott játékos csapatának élére,https://index.hu/sport/futball/2026/04/18/marco-rose-bournemouth-uj-edzo-toth-alex-rb-premier-league-angol-bajnoksag/
b5fccd3c0f59c3f74b67c5a7a8e19a51dca94f2b044bf899ea6e63e13c4a1a15,2026-04-18 14:33:27.483537+00:00,hu,index.hu,index.hu,2026-04-18,Kezd kipukkadni a Beatrix hercegnő férjének olasz nemessége körül fújt lufi,https://index.hu/fomo/2026/04/18/beatrix-hercegno-edoardo-mapelli-mozzi-olasz-kastely-egyesult-kiralysag-grof-fonemes-arisztrokrata/
df6781bb7f8f66c8e098d8ef7d32ab441ca6a2ce6cf5c59894e32abc1f321922,2026-04-18 14:33:23.110435+00:00,hu,index.hu,index.hu,2026-04-18,A Hormuzi-szoros lezárása után máris tűz alá vették az áthaladó hajókat,https://index.hu/kulfold/2026/04/18/egyesult-allamok-iran-iran-usa-konfliktus-hormuzi-szoros-lezaras-hajok-tamadas/
818973c39fa527d0d4a9ef90aa45829186082da31f602f0a91f1b67f9a4bd64f,2026-04-18 14:33:17.727136+00:00,hu,index.hu,index.hu,2026-04-18,"Hódít a sportág, amit akár ötvenévesen is elkezdhetsz, és világklasszissá válhatsz",https://index.hu/sport/2026/04/18/darts-adc-wdf-pdc-amator-erd-tekauer-greta-norbert-kelemen-peter/
39d93a6f17d8b69a1ce161629c414372056c46c4878790bac50970df8ee949f0,2026-04-18 14:33:06.252297+00:00,hu,index.hu,index.hu,2026-04-18,"Egy ember meghalt, miután robbanás történt egy németországi aluljáróban",https://index.hu/kulfold/2026/04/18/nemetorszag-aluljaro-robbanas-saar-videk-halalos-aldozat/
32bf55063b69cced0ce401e8cee29388e66a8e98fa32092a4682eb20c47c932f,2026-04-18 14:33:00.728500+00:00,hu,index.hu,index.hu,2026-04-18,Rókabérc – újra megjelent a magyar krimilegenda,https://index.hu/kultur/2026/04/18/rokaberc-meszoly-agnes-konyv-kritika-krimi/
47d4f2424ac9c400b5abf794a7c5a8b0781418b8233af4378f587cf4acaedec2,2026-04-18 14:32:55.666917+00:00,hu,index.hu,index.hu,2026-04-18,Tárgyalásra hívta Magyar Pétert Győr polgármestere,https://index.hu/belfold/2026/04/18/gyor-polgarmester-pinter-bence-targyalas-magyar-peter-tisza-part-kezdemenyezes-onkormanyzat/
9ff42c3ca8666134e8fcdd533be5109d7c1a2859a7405c86da5ba919acf29610,2026-04-18 14:32:51.705713+00:00,hu,index.hu,index.hu,2026-04-18,"Jack Black újra mosolyt csalt az emberek arcára, így néz ki a valódi lazaság",https://index.hu/mindekozben/poszt/2026/04/18/jack-black-bringas-kiruccanas-memgyanus-foto/
18992f42800eea3abf8c95f194d3baaba9bc3a506f7eff6790615f525fce0815,2026-04-18 14:32:37.585374+00:00,hu,index.hu,index.hu,2026-04-18,"Hatalmasat ugrott a választások óta Magyar Péter követőinek száma, ez állhat a háttérben",https://index.hu/belfold/2026/04/18/magyar-peter-tisza-part-elnok-kozossegi-media-facebook-oldal-forgacs-mariann-szakerto-valasztas-2026/
75c0361c04397cc7b957baf7670ca9be77a71d8cd6c0378c263b8a00ce61ddff,2026-04-18 14:23:47.821794+00:00,hu,blikk.hu,blikk.hu,2026-04-18,Rejtélyes emberölések: külföldi bűnszervezetek állhatnak a háttérben,https://www.blikk.hu/aktualis/krimi/rejtelyes-emberolesek-magyarorszagon/hdgge6j
909f1601284b2a5a708d31272c022b0e69b803ecf94669dce30c07a3d5d9c966,2026-04-18 14:23:43.142926+00:00,hu,blikk.hu,blikk.hu,2026-04-18,"Elhunyt az olimpiák kosárkirálya, Oscar Schmidt",https://www.blikk.hu/sport/oscar-schimdt-meghalt/vdw1yjy
402aa8644893e9496d83aace12136978dabfa48e33ab606d857431e1d9f8c600,2026-04-18 14:23:37.226642+00:00,hu,blikk.hu,blikk.hu,2026-04-18,Mit keres Beton.Hofi és Szabó Győző egy színpadon?,https://www.blikk.hu/sztarvilag/hazai-sztarok/csinibaba-tancdalfesztival-szabo-gyozo-csakanyi-eszter-cserhati-zsuzsa-horvath/0ndbkn6
5d22d780a255feacac951cb46fca80dc19aa426abfe66766502da839f117f0d0,2026-04-18 14:23:25.603492+00:00,hu,blikk.hu,blikk.hu,2026-04-18,Dráma Hollywoodban: Palvin Barbara férje fegyvert rántott a betolakodóra,https://www.blikk.hu/sztarvilag/hazai-sztarok/hollywood-betoro-palvin-barbara-dylan-sprouse/dk5g6kr
83417e1092269dbe4d995981ec05b09ed025c3835bb17a67ac6794a55076b09f,2026-04-18 14:23:20.599653+00:00,hu,blikk.hu,blikk.hu,2026-04-18,Fegyverrel fenyegetőzött egy ámokfutó sofőr a Hungária körúton,https://www.blikk.hu/aktualis/belfold/amokfuto-sofor-fegyverrel-fenyegtozes/s6d39te
cc7c2d7dcf6938d81851618bd299b7df97b2544e43b19902545db2c8da138611,2026-04-18 14:23:15.855068+00:00,hu,blikk.hu,blikk.hu,2026-04-18,Juhász Dorkát az Euroliga legjobbjának választották – ráadásul ezzel rekordot is döntött,https://www.blikk.hu/sport/juhasz-dorka-euroliga-mvp-2026/01ngd4b
46e157afe2575b6c6d0cb4854ba7bc7816d42157fb5a5493bc8c0ff84b773c7e,2026-04-18 14:23:03.990715+00:00,hu,blikk.hu,blikk.hu,2026-04-18,Robbanás történt éjszaka egy németországi aluljáróban,https://www.blikk.hu/aktualis/kulfold/robbanas-volt-nemetorszagi-aluljaro/9blz2wj
3b18b2e8b62f48e63d074c83c3ff7294f60faab3ec2a558c52cbc9b71316311a,2026-04-18 14:22:34.473369+00:00,hu,blikk.hu,blikk.hu,2026-04-18,Tárgyalásra hívta Magyar Pétert Győr polgármestere,https://www.blikk.hu/politika/magyar-politika/magyar-peterrel-gyor-polgarmestere-sulyos-penzugyi-gondok/bw82hnl
de12f1a32e7cd4eabab735e0d8473f98abd42f0d3e62a369ef2cb493deaa0ae4,2026-04-18 14:22:29.826376+00:00,hu,blikk.hu,blikk.hu,2026-04-18,Magyar Péter rendkívüli bejelentése a választási csalásról,https://www.blikk.hu/politika/magyar-politika/magyar-peter-valasztasi-csalas/x1kxtwk
24421602c483bfccabcf32a65a7f7730846bc33be466b9d49e11508298492774,2026-04-18 14:22:05.505395+00:00,hu,blikk.hu,blikk.hu,2026-04-18,Halálos baleset történt az M1-esen,https://www.blikk.hu/aktualis/belfold/halalos-baleset-m1-es-autopalya/n5dxtvp
747fcd0dc838bd257ec8f039950fa184279737d1e65d1edeaa53ca63e2b8c9d2,2026-04-18 13:18:44.877182+00:00,hu,blikk.hu,blikk.hu,2026-04-18,"Felejtse el a fotelt! Éva néni (75) megmutatja, hogyan kell 60 év szünet után visszatérni az életbe",https://www.blikk.hu/aktualis/belfold/idos-edzes-siker-egeszseg-betegseg-eva-neni/hvbg10b
57e3b562f4f88c5ee3cdc8c3d6acb21bc3e0c909b5e60c3a7297223fa7ce079e,2026-04-18 13:17:17.318152+00:00,hu,blikk.hu,blikk.hu,2026-04-18,"141 képviselője lesz a Tiszának a parlamentben: ma is behúztak egy újabb mandátumot, pedig nem fordult át egyik szoros körzet sem",https://www.blikk.hu/politika/magyar-politika/valasztas-mandatumok-szama/vmnwdmr
abc82b5c8fbc159b1076f3500e778e1b153937e31d5d20706c025b3c384d5ef3,2026-04-18 12:34:53.320357+00:00,hu,origo.hu,origo.hu,2026-04-18,Erős üzenet a jobboldalon: összefogás és megújulás nélkül nem lehet siker,https://hirtv.origo.hu/ahirtvhirei/2026/04/eros-uzenet-a-jobboldalon-osszefogas-es-megujulas-nelkul-nem-lehet-siker
c6ac75609ce4539b0682e28a7bd845a827136701bd6ac6c31b479e21491a7261,2026-04-18 12:34:01.171169+00:00,hu,origo.hu,origo.hu,2026-04-18,Budapesti parkolási reform: sokak szerint igazságtalan szabályok jönnek,https://hirtv.origo.hu/ahirtvhirei/2026/04/budapesti-parkolasi-reform-sokak-szerint-igazsagtalan-szabalyok-jonnek
2af7391a0ebf0bfeb755b232976b2706a79dd211c2c3b7a8427b8d405d8b9205,2026-04-18 12:33:43.553043+00:00,hu,origo.hu,origo.hu,2026-04-18,Új politikai trend: dedikált plakátokért fizetnek súlyos pénzeket a Tisza Párt szimpatizánsai,https://hirtv.origo.hu/ahirtvhirei/2026/04/uj-politikai-trend-dedikalt-plakatokert-fizetnek-sulyos-penzeket-a-tisza-part-szimpatizansai
f7b1326385ac9027890890f41baf5d5e558a3d93de6dc46038ef425384fbfe04,2026-04-18 12:32:55.938378+00:00,hu,origo.hu,origo.hu,2026-04-18,Fizikai inzultus a HírTV stábja ellen: elfajult a helyzet Balatonfüreden,https://hirtv.origo.hu/ahirtvhirei/2026/04/fizikai-inzultus-a-hirtv-stabja-ellen-elfajult-a-helyzet-balatonfureden
98c31d36d848083143c953d74caa38d8538ae74f219a59be318b176b293e1fbb,2026-04-18 12:32:28.457071+00:00,hu,origo.hu,origo.hu,2026-04-18,Kevesebb lehet az elektromos autó az iráni háború miatt – ez az összefüggés,https://www.origo.hu/gazdasag/2026/04/kobalt-kensav-irani-haboru-elektromos-auto
d8a2e77fc43696ac326a09cc6d937c919721980c720e5331edbd81ec545f8e8d,2026-04-18 12:32:11.048081+00:00,hu,origo.hu,origo.hu,2026-04-18,Világsztárok támogatják a Pick Szeged kirúgott klasszisát,https://www.origo.hu/sport/sport-csapat/2026/04/pick-szeged-jim-gottfridsson-botrany-kezilabda-hansen
be0660c0e16ecf37dedb349b386dd15b4ac6c7ca9e5e052eca2a8685b9e2e047,2026-04-18 12:31:51.171945+00:00,hu,origo.hu,origo.hu,2026-04-18,Tiszás fizikai inzultus a HírTV stábja ellen: elfajult a helyzet Balatonfüreden,https://www.origo.hu/belpol/2026/04/tiszas-fizikai-inzultus-hirtv
875c181efe380b18bc5ee0fb0776efaecbc017b5014375a0b97a1290f3431b7a,2026-04-18 12:31:16.076027+00:00,hu,origo.hu,origo.hu,2026-04-18,"Orbán Balázs elmondta, mik voltak a vereség okai – itt a lista",https://www.origo.hu/belpol/2026/04/orban-balazs-vereseg-kijozanito-pofon-ok
05db3d3763a33b463d13e597c0bfb037e755789db498ff37f1c8c4528654a41f,2026-04-18 12:21:42.515162+00:00,hu,origo.hu,origo.hu,2026-04-18,Nem létező énekesnő került a zenei toplista élére,https://www.origo.hu/techbazis/2026/04/enekesno-mi-ai-itunes-toplista-ingarose
5d2784b5b033a047cfa476b7af08a8e7fa9e66bdc7577748fce4f870c88c9ef6,2026-04-18 12:21:37.375358+00:00,hu,origo.hu,origo.hu,2026-04-18,Nem eszi meg az ételt a macskája? Ez állhat a háttérben,https://www.origo.hu/nagyvilag/2026/04/macskak-etel-tal-etkezesi-szokas-kutatas
ba6e652cccb25e3b541febe3c9a321efca6017f41e819d2bc7adf536c0ccdc29,2026-04-18 12:21:32.705046+00:00,hu,origo.hu,origo.hu,2026-04-18,A mozgósítások eredményére büszke Budanov,https://www.origo.hu/kulpol/2026/04/meglepo-kijelentest-tett-az-ukran-elnoki-hivatal-vezetoje
11ed5b137354568a85a045b39be98d7555744aa2661143d260990ab9df06ad02,2026-04-18 12:21:27.546621+00:00,hu,origo.hu,origo.hu,2026-04-18,"Kiderült, kiktől rettegünk a legjobban: ebből az 5 filmes lényből imádnak horrort csinálni",https://www.origo.hu/filmklub/2026/04/leny-film-sello-vampir-frankenstein
a709fdd964c8fcfff59cb8f57df27f78282b850ed9065bf37bf00acc2a3b4bc7,2026-04-18 12:21:21.578047+00:00,hu,origo.hu,origo.hu,2026-04-18,Fontos indézkedések lejárati határidejét szűntette meg a kormány,https://www.origo.hu/gazdasag/2026/04/kormanyrendelet-kamatstop-arresstop-vedett-ar-uzemanyag
2226dbdfd8bb3df3d5c22ed70bdbdcdc4118b391e29d05c2c9663317cd1cb343,2026-04-18 12:21:16.596826+00:00,hu,origo.hu,origo.hu,2026-04-18,"Alattomos párkapcsolati manipuláció, amit sokan észre sem vesznek",https://www.origo.hu/nagyvilag/2026/04/manipulacio-parkapcsolat-amit-sokan-eszre-sem-vesznek
e7baa7162bc28fcd4b61bae3aee27d402e64e27e3fcc034870347fe35ce6ca27,2026-04-18 12:21:11.310875+00:00,hu,origo.hu,origo.hu,2026-04-18,Ledöbbentek a rajongók: szakított barátnőjével az aranylabdás női focista,https://www.origo.hu/sport/sport-futball/2026/04/megan-rapinoe-szakitott-sue-bird-leszbikus-par
d28938da8c0dd13044edfee4a379eed88e38fc0b97d8717e39d7523d861f81c6,2026-04-18 12:21:03.987875+00:00,hu,origo.hu,origo.hu,2026-04-18,Nem a locsolás a megoldás? Ezzel mentheti meg a kertjét a kiszáradástól,https://www.origo.hu/itthon/2026/04/kerteszkedesi-tippek-locsolas-kiszaradas
a0fb1e47b45f19583ccf253f0ec40d7b59f1a726ed8e38ee1cf57c1ab0b98e77,2026-04-18 12:20:54.450800+00:00,hu,origo.hu,origo.hu,2026-04-18,Fordulat: máris leállt a hajóforgalom a Hormuzi-szoroson – mutatjuk az okokat,https://www.origo.hu/gazdasag/2026/04/egyezseg-amerikai-irani-megallapodas-hormuzi-szoros
dcf681a0ddf07d3beff9e0dbc8d8adbc35c797a2d1a0836dea895bcaea430d63,2026-04-18 12:20:49.721873+00:00,hu,origo.hu,origo.hu,2026-04-18,Pofátlan és balesetveszélyes közúti mutatvány Debrecenben – videó,https://www.origo.hu/kek-hirek/2026/04/baleset-keresztezodes-veszelyes-kamera
2d284a0818fba632266050b01522b9cdcd0d99cef6b50a7cc0995eda01b63696,2026-04-18 12:20:45.045813+00:00,hu,origo.hu,origo.hu,2026-04-18,Rejtélyes körülmények között tűnt el a kisbaba Baranyában,https://www.origo.hu/kek-hirek/2026/04/eltunt-baba-baranya
7a7c83d0cd440fcda67054726dcb3691467452fc14958c8527e5a8d7db896304,2026-04-18 12:20:39.315315+00:00,hu,origo.hu,origo.hu,2026-04-18,Fordulat a Microsoftnál: visszavonulót fújtak a mesterséges intelligenciának!,https://www.origo.hu/nagyvilag/2026/04/mesterseges-intelligencia-microsoft-visszavonulo
11fbcd968445e391dd975a410e2c066f0a73b5e391b0dcfde30be56047eb3996,2026-04-18 12:20:34.344496+00:00,hu,origo.hu,origo.hu,2026-04-18,"Egy Windows-frissítés, és minden adatát elveszítheti – brutális BitLocker-csapda fenyeget!",https://www.origo.hu/nagyvilag/2026/04/bitlocker-csapda-windows-frissites-adatvesztes
e49785c19bccc29de7c7bfa032b6b756def1759b657f32840c4d8d3eb9b8f04f,2026-04-18 12:20:29.332669+00:00,hu,origo.hu,origo.hu,2026-04-18,Drasztikus dohányzási tilalomra készül ez az ország: több milliós bírság jöhet,https://www.origo.hu/kulpol/2026/04/dohanyzas-ellen-torokorszag-drasztikus-lepesekre-keszul
c4d5d23a34f4e27646f56e89415af70427b8145fdd0674a2d6fb3fafd90fa37f,2026-04-18 12:20:23.716078+00:00,hu,origo.hu,origo.hu,2026-04-18,"Izomláznak hisszük, de végzetes bajt is jelezhet",https://www.origo.hu/nagyvilag/2026/04/izomlaz-betegseg-fajdalom-tunet
50ee9f48bab72cc3b1b4ba5d9887151a8c56848c7038a3207d6d3fcea6d3a7b3,2026-04-18 12:20:19.385957+00:00,hu,origo.hu,origo.hu,2026-04-18,Meghalt a magyar vívósport olimpiai érmes legendája,https://www.origo.hu/sport/sport-egyeni/2026/04/marosi-jozsef-elhunyt-olimpiai-erem-vivas
b0236838fa569de14439918c3b262127ca4d72a2ca8893cf1b0a5836e1096e33,2026-04-18 12:20:13.722116+00:00,hu,origo.hu,origo.hu,2026-04-18,Egy őrült sofőr pisztollyal fenyegetett egy másikat a Hungária körúton – videó,https://www.origo.hu/kek-hirek/2026/04/pisztoly-hungaria-korut-sofor-video
06a782f6c01f5bf6360b315843581b03353b48bc7815d33695560f5e5a22c381,2026-04-18 12:20:09.420358+00:00,hu,origo.hu,origo.hu,2026-04-18,Tömegbaleset Jászladánynál: nagy erőkkel vonultak ki a mentőegységek,https://www.origo.hu/kek-hirek/2026/04/baleset-tomegbaleset-karambol
37e2621010f556bc6318fe0d6d1267b6ebb277b1a29eca1bd874b20008300169,2026-04-18 12:20:04.497512+00:00,hu,origo.hu,origo.hu,2026-04-18,Vége a kényelmetlen repülésnek: hálófülkéket helyeznek a turistaosztályra egy légitársaságnál – fotók,https://www.origo.hu/gazdasag/2026/04/halofulke-lesz-turistaosztalyra-egy-legitarsasagnal
e930511dea3ef6f3889c8227da6be7559bc162604c4e28bd81ad128d51a1e09b,2026-04-18 12:19:51.566799+00:00,hu,origo.hu,origo.hu,2026-04-18,Rejtélyes halálsorozat: tudósok tűnnek el vagy halnak meg furcsa körülmények között,https://www.origo.hu/nagyvilag/2026/04/halalsorozat-tudosok-tunnek-el-halnak-meg
0fe6b5474218dcae774b6ce623864bd34ab87b929fe1a28071d967cff56d9698,2026-04-18 12:19:36.375127+00:00,hu,origo.hu,origo.hu,2026-04-18,Liu Shaolin Sándor edzését váratlan esemény szakította félbe − fotó,https://www.origo.hu/sport/sport-egyeni/2026/04/liu-shaolin-sandor-olimpiai-bajnok-edzes-foto
c498b9a27f9efc891159daa0c4d52a27dca0016a460d2e786f5686c1421a4085,2026-04-18 12:19:31.649482+00:00,hu,origo.hu,origo.hu,2026-04-18,Külföldi drogmaffiák áldozatainak holttestét keresik Magyarországon a hatóságok,https://www.origo.hu/kek-hirek/2026/04/drogmaffia-magyarorszagon-gyilkossag
1fd0dfdac4e30bb74b14509d5f70c8defeb1be9c573690e27bacbdb739e87a3c,2026-04-18 12:19:26.782959+00:00,hu,origo.hu,origo.hu,2026-04-18,Ferencz Orsolya: A karrierjobboldaliak távozzanak a közösségünkből,https://www.origo.hu/belpol/2026/04/ferencz-orsolya-karrierjobboldaliak-tavozzanak
b46c37a77b63143fc42806aa31fc7683ca2a84586473c907e8832bd22cd53eb6,2026-04-18 12:19:20.777545+00:00,hu,origo.hu,origo.hu,2026-04-18,ETO-Fradi: milliárdokról dönt az NB I csúcsrangadója,https://www.origo.hu/sport/sport-futball/2026/04/fradi-eto-nb-i-fizz-liga-rangado-bajnokok-ligaja
fa17c102c0a3ac2dad1cb707ffe8ac0d9988fa592b00321a3d8b085a8046a71b,2026-04-18 12:19:16.420350+00:00,hu,origo.hu,origo.hu,2026-04-18,Mi történik? Michelle Pfeiffer filmjében OnlyFansen birkóznak a 19 éves leányanyák,https://www.origo.hu/filmklub/2026/04/michelle-pfeiffer-streamingpremier
6a17c0809c4e59274e8bdbb646a7d5f98156dd598b7a62feb33a2c34cd325b0f,2026-04-18 11:36:45.276316+00:00,hu,blikk.hu,blikk.hu,2026-04-18,"Szekeres Adrien kitálalt róla, milyen ürüggyel mondták le a fellépéseit, miután kiállt a Tisza mellett",https://www.blikk.hu/sztarvilag/hazai-sztarok/szekeres-adrien-fellepes-tiltas-tisza/2gf18f6
255d454f84fc79c2490b2406bb1e38b1a1750ae366d0ba77343eb59cf066e826,2026-04-18 11:36:29.842925+00:00,hu,blikk.hu,blikk.hu,2026-04-18,"ByeAlex szerint a Fidesz hibázott, amikor olyan előadódakat engedtek be a kampányba, mint Curtis, Dopeman vagy Jaber",https://www.blikk.hu/sztarvilag/hazai-sztarok/byalex-interju-drog-valasztas/0p2rf58
8b920a26ce9872ead981c6ee6580716ecc936763133a15887d5eee4edc0df893,2026-04-18 11:25:21.807557+00:00,hu,index.hu,index.hu,2026-04-18,Adatmegosztásra kényszerítheti a Google-t az Európai Bizottság,https://index.hu/techtud/2026/04/18/google-adatmegosztas-tech-orias-mesterseges-intelligencia-ai-europai-bizottsag/
b77e3a8c52d6f72abdc61bac66b93485abc19c0405cf5124496d65db2b1dda7b,2026-04-18 11:25:17.577542+00:00,hu,index.hu,index.hu,2026-04-18,A diplomások legnagyobb rémálmát élte át egy fiatal nő,https://index.hu/mindekozben/poszt/2026/04/18/harom-diplomas-allaskereso/
89d8f521bb4a63c95345f0e36117b367b9ce33a695e79a5cd0aa37fe515715bd,2026-04-18 11:25:11.621935+00:00,hu,index.hu,index.hu,2026-04-18,"Gyászol a magyar sport, meghalt az olimpiai ezüst- és bronzérmes Marosi József",https://index.hu/sport/2026/04/18/marosi-jozsef-paula-vivo-vivas-olimpiai-ezustermes-bronzermes-1956-melbourne-vilagbajnok-gyasz-elhunyt-meghalt/
208d724fde5cb3977d3403927fbd9a055de30c82c42d4118251ed1e23165e47a,2026-04-18 11:25:06.719715+00:00,hu,index.hu,index.hu,2026-04-18,Nagy Attila Tibor: Meg tud újulni a Fidesz Orbán Viktorral?,https://index.hu/velemeny/2026/04/18/orban-viktor-fidesz-politika-valasztas-vereseg-sokkhatas-kormanyvaltas-szembenezes-elemzes/
e38c816e3d3e57e9cfc5ce44c2770762095a95a07835776bfcf92434b418ca2e,2026-04-18 11:25:02.567285+00:00,hu,index.hu,index.hu,2026-04-18,Nem várt helyen találtak rá András volt yorki herceg exfeleségére,https://index.hu/fomo/2026/04/18/sarah-ferguson-andras-herceg-mountbatten-windsor-feleseg-retteges/
5b65661632b2d9a52483ba2dfe561109b2bcd7496eb7ee42624b97cc0de2db2b,2026-04-18 11:24:56.955472+00:00,hu,index.hu,index.hu,2026-04-18,"Dagad a botrány! Rákkeltő, holttesteket tartósító anyaggal dolgozhat a Shein",https://index.hu/fomo/2026/04/18/shein-greenpeace-botrany-rakkelto-anyag-veszelyes/
609a2c463ba4811b91fcaf33a5b40326091f6406f325b2537649acc4f763050a,2026-04-18 11:24:53.756395+00:00,hu,index.hu,index.hu,2026-04-18,Natalie Portman harmadik gyermekével várandós,https://index.hu/mindekozben/poszt/2026/04/18/natalie-portman-harmadik-gyermekevel-varandos/
dbf5a972fbd87afdb578f4b96e9d4aec588f3493a0fefd33597fb4774e9502ce,2026-04-18 11:24:46.681946+00:00,hu,index.hu,index.hu,2026-04-18,Rubint Réka a kórházból üzent rajongóinak,https://index.hu/fomo/2026/04/18/rubint-reka-rak-betegseg-kemoterapia-rajongok/
a2c2593fa42f7354c000f8c6bd7d06bdffc470280a3bdc0f282e72ac07a2cef6,2026-04-18 11:24:40.219169+00:00,hu,index.hu,index.hu,2026-04-18,Drónnal takarították el a darázsfészket egy ősi kínai költő szobrának füléből,https://index.hu/mindekozben/poszt/2026/04/18/dronnal-takaritottak-el-a-darazsfeszket-egy-osi-kinai-kolto-szobranak-fulebol/
19608303dbbbd2e7f67403b79d30e8542eb50c5756ccd86ae4fcfda32f649006,2026-04-18 11:24:34.639891+00:00,hu,index.hu,index.hu,2026-04-18,"Új dinasztia születhet Amerikában, aminek egy hórihorgas francia állna útjába",https://index.hu/sport/kosarlabda/2026/04/18/nba-2025-2026-rajatszas-beharangozo-oklahoma-city-thunder-detroit-pistons-boston-celtics-san-antonio-spurs/
56c1a34bce8b3f10c09b9afaef8bffce52543dcc3af8b6cb89ddabf030cecadf,2026-04-18 11:24:29.667087+00:00,hu,index.hu,index.hu,2026-04-18,A jelenlegi kormány lényegében Magyar Péterékre hagyja a „piszkos munkát”,https://index.hu/gazdasag/2026/04/18/kamatstop-arresstop-arkorlatozas-uzemanyagarstop-kiskereskedelem-hitelpiac-hitel-piaci-verseny-magyar-peter-tisza-part/
f0adebdf2bedab791fb0342839e23e61baa7ceeecd9170d9ea0bec22050ce51c,2026-04-18 11:24:24.557045+00:00,hu,index.hu,index.hu,2026-04-18,"Egy generáció csendes krízise, ami dühöt és szorongást szül",https://index.hu/fomo/2026/04/18/szorongas-klimavaltozas-klimaszorongas-okoszorongas-fiatalok-krizis/
073acc62ddafeb9a6e9fef7a356395cc828fa6aa77b02c3439bfa8ec43bdf1c0,2026-04-18 11:24:19.690339+00:00,hu,index.hu,index.hu,2026-04-18,Harmadik gyermekét várja Natalie Portman,https://index.hu/fomo/2026/04/18/natalie-portman-szineszno-terhes-harmadik-gyermek/
eaad09b034b13149c9628bd553b091047b87211a5cf3b2253fdc9716ca4e3842,2026-04-18 11:24:14.862704+00:00,hu,index.hu,index.hu,2026-04-18,"Fogyóban van Donald Trump türelme, véget vethet a tűzszünetnek",https://index.hu/kulfold/2026/04/18/iran-haboru-egyesult-allamok-donald-trump-hormuzi-szoros/
221ea8ffcc7255be48edb86f39b9b771963f8f839e647fa996022ca82c856174,2026-04-18 11:24:09.969482+00:00,hu,index.hu,index.hu,2026-04-18,"Nem tűrte tovább Irán az amerikai „kalózkodást”, újra lezárta a Hormuzi-szorost",https://index.hu/kulfold/2026/04/18/iran-haboru-hormuzi-szoros-lezaras-egyesult-allamok-donald-trump/
3b91e7b442323c227be6718ed5b9c4e5b0b04ad4ce30c702c375b26eeb9a46fd,2026-04-18 11:24:04.657761+00:00,hu,index.hu,index.hu,2026-04-18,Újabb fideszes képviselő búcsúzott el a politikától,https://index.hu/belfold/2026/04/18/fidesz-mihalffy-szeged-valasztas-2026/
c1a08a5b988aa9114a87a0493fd2900fd8f974699ef76f21f642e452f8dbc56e,2026-04-18 11:23:59.899792+00:00,hu,index.hu,index.hu,2026-04-18,"Hozzányúlt az árrésstophoz, a kamatstophoz és a védett üzemanyagárakhoz a leköszönő Orbán-kormány",https://index.hu/belfold/2026/04/18/magyar-kozlony-kormanyrendelet-arresstop-kamatstop-vedett-uzemanyagar-meghosszabbitas/
792d83e065526f7acc1f6214dd8ca2b15efb46bc17d5557f1f749fdeefcfde76,2026-04-18 11:23:49.664241+00:00,hu,index.hu,index.hu,2026-04-18,A Tisza még egy választókerületben fordíthat,https://index.hu/belfold/2026/04/18/tisza-part-fidesz-forditas-valasztas-2026/
b223640026faab3d6a43e517e0caa8eba0a1786dd84b156c9287d7d959f31053,2026-04-18 10:32:20.504365+00:00,hu,blikk.hu,blikk.hu,2026-04-18,Ezért mostantól mindig tegyen egy parafadugót a mosogatógépbe,https://www.blikk.hu/eletmod/tippek/parafa-mosogatogep/ce833fm
24b4e7cb932738e37d97c431441acdf0d2bc863b1eaa23a22ce7f4ba07057da3,2026-04-18 10:32:08.130016+00:00,hu,blikk.hu,blikk.hu,2026-04-18,"Peter Šrámek nem tud pihenni A Nagy Duett után, megmondta, miért",https://www.blikk.hu/sztarvilag/hazai-sztarok/peter-sramek-uj-lemezzel-keszul-oriasi-legendak-enekelnek-majd-vele/dzyf2hw
b23d3d86df00f0e398e587d4e5b2ed986defb3830929d2d893ae99e1f384c2b3,2026-04-18 10:31:54.233596+00:00,hu,blikk.hu,blikk.hu,2026-04-18,A tegnapi volt az év eddigi legmelegebb napja,https://www.blikk.hu/aktualis/belfold/idojaras-ev-legmelegebb-nap/002gq3l
db9ad4c3b30ceba0dd8adcdd23cf07216326be4c7b384c7893aadee5e7a45f0a,2026-04-18 10:31:02.862914+00:00,hu,blikk.hu,blikk.hu,2026-04-18,28 évesen legyőzte a rák a sorozatszárt,https://www.blikk.hu/sztarvilag/nemzetkozi-sztarok/elhunyt-finnian-garbutt/fw7m2mn
59fea0a4425326ee75efa8da13efe38d982c0ba89bb78f3eab0c1ffc91addc6d,2026-04-18 10:30:50.310585+00:00,hu,blikk.hu,blikk.hu,2026-04-18,"Bálint Ádám őszintén beszél az ADHD-járól, így él a betegséggel",https://www.blikk.hu/sztarvilag/hazai-sztarok/balint-adam-adhd/f5erl9c
c4e89a99a707b5f96a34f62838e6ada8b8f4204e217755f36a99debba9059605,2026-04-18 10:30:45.745154+00:00,hu,blikk.hu,blikk.hu,2026-04-18,"Irán visszavonta döntését, újra szigorú katonai felügyelet alá vonta a Hormuzi-szorost",https://www.blikk.hu/politika/vilagpolitika/iran-korlatozasok-hormuzi-szoros/yscfyeg
516e4f7dd13090d5bfff26bb03a726bd33a3fb304ae91c21e01718b655711848,2026-04-18 10:30:31.440781+00:00,hu,blikk.hu,blikk.hu,2026-04-18,"Nagy Feró: Ez egy gyűlöletszavazás volt, ezt el kell ismerni",https://www.blikk.hu/sztarvilag/hazai-sztarok/nagy-fero-valasztas-gyules-vertanuk-tere/g1eeczl
f3e5f6d92c4865252d13d14f3d47564c151830f52d97d840622f36ada378cb0f,2026-04-18 10:18:48.348397+00:00,hu,origo.hu,origo.hu,2026-04-18,Ferencz Orsolya szerint nem egy ember hibája a vereség,https://hirtv.origo.hu/ahirtvhirei/2026/04/ferencz-orsolya-szerint-nem-egy-ember-hibaja-a-vereseg
a165a9369da15efe7ce74fc524937c2bc47477fa24539a65e253c52503ba213c,2026-04-18 10:17:54.572033+00:00,hu,origo.hu,origo.hu,2026-04-18,Orbán Balázs szerint az elégedetlenség és a külső beavatkozás hozta a bukást,https://hirtv.origo.hu/ahirtvhirei/2026/04/orban-balazs-szerint-az-elegedetlenseg-es-a-kulso-beavatkozas-hozta-a-bukast
4807a2c0797b4b3c201547831647c65a66ddfbb5ad4ed945335783d36a82c625,2026-04-18 09:29:40.589183+00:00,hu,blikk.hu,blikk.hu,2026-04-18,Meghalt Marosi József,https://www.blikk.hu/sport/marosi-jozsef-halala-olimpia/gfn4vxj
b32702e9f5e465819747d862292de192434acc53c89b6ae1c01fde7900c512f3,2026-04-18 09:29:35.576202+00:00,hu,blikk.hu,blikk.hu,2026-04-18,"A legújabb kutatás szerint a mozgás hatékonyabb lehet a cukorbetegség megelőzésében, mint gondolnánk",https://www.blikk.hu/eletmod/egeszseg/testmozgas-cukorbetegseg-gyogyszer/bbt7r5w
c4e8ae7dffd33082864b4ff0aa26d3cef466d7819325d56ced5574b68fcf696e,2026-04-18 09:29:30.673937+00:00,hu,blikk.hu,blikk.hu,2026-04-18,A paradicsomos húsgombóc eredete és titkos elkészítése,https://www.blikk.hu/eletmod/gasztro/paradicsomos-husgomboc-recept/rdyzkvv
1468c8ac982761531b152e8ba48a69418ef1c99fff0872873d15a545e52d52b2,2026-04-18 09:29:23.093433+00:00,hu,blikk.hu,blikk.hu,2026-04-18,"Kikerültek az első felvételek A mi kis falunkból: így fogadták az új kocsmárost, Földes Esztert az RTL sikersorozatában",https://www.blikk.hu/sztarvilag/hazai-sztarok/pajkaszeg-kocsma-kocsmarosne/qz4vm10
0447e3dccacefd5dc21b5d2605192c77709e920d93ea797bd8a0cfb3386e583f,2026-04-18 09:29:13.936345+00:00,hu,blikk.hu,blikk.hu,2026-04-18,Hét éve nem szerepelt nagyjátékfilmben: mi történt Emma Watsonnal?,https://www.blikk.hu/sztarvilag/nemzetkozi-sztarok/emma-watson-szuletesnap-harry-potter-film/fkm8c3d
b2ef6739814611922d5feb3203d5de31b731ef2be62020dc657892d1febfdfcd,2026-04-18 09:29:08.957539+00:00,hu,blikk.hu,blikk.hu,2026-04-18,"Natalie Portman ismét terhes, harmadik gyermekét várja",https://www.blikk.hu/sztarvilag/nemzetkozi-sztarok/natalie-portman-harmadik-gyermeket-varja/ebftptv
c5cd3671081b66e85852c596866f573cb82528ebf1ae04ba1df3a3fe91bbab25,2026-04-18 09:29:03.878792+00:00,hu,blikk.hu,blikk.hu,2026-04-18,"Elfogultság, veszekedések és erős vélemények: ezek voltak a Heti Hetes legnagyobb balhéi",https://www.blikk.hu/sztarvilag/hazai-sztarok/heti-hetes-balhek/enbr3w1
0dcb20cfb0249c8d5821af154ed07f113c84b294e283ed28f5a0db151fd38410,2026-04-18 09:28:58.904512+00:00,hu,blikk.hu,blikk.hu,2026-04-18,"Százszorszép a tányéron: piskóta, tészta és saláta receptek",https://www.blikk.hu/eletmod/tippek/szazszorszep-receptek/d9tqz8n
45f3a4c413c86a7125d82dea5ca6eda1067697ffb3717f9bdafadf84849222c5,2026-04-18 09:28:54.571673+00:00,hu,blikk.hu,blikk.hu,2026-04-18,"Aranycsata itthon és Angliában, mindent eldöntő csúcsrangadók – Jön a tavasz legizgalmasabb futballhétvégéje: mutatjuk a programot",https://www.blikk.hu/sport/kulfoldi-foci/hetvegi-focimeccsek-premier-league-serie-a-nb-i/bclqxny
ebb9b0ae89d4217b13270dfc6b3a54277946073fff362bae60a2bcd1cdcdc602,2026-04-18 09:28:38.258721+00:00,hu,blikk.hu,blikk.hu,2026-04-18,"Pokoli hőség, extrém tempó: megnéztük, készül az Exatlon Hungary a Dominikai Köztársaságban",https://www.blikk.hu/sztarvilag/hazai-sztarok/exatlon-hungary-forgatas-dominikai-koztarsasag/ekkk172
64c2c5c4876872783da7c5c80e28cf5be6bae047c1335b4220999a21effdf6ad,2026-04-18 09:28:33.880305+00:00,hu,blikk.hu,blikk.hu,2026-04-18,Trump szerint jól haladnak a közel-keleti tárgyalások Iránnal,https://www.blikk.hu/politika/vilagpolitika/trump-hormuzi-szoros-iran/kjrr5n7
083a09332b2c138c3f992470c0451d5d11e090d41b16e821e1593fa232560e5a,2026-04-18 09:28:28.557635+00:00,hu,blikk.hu,blikk.hu,2026-04-18,Bujdosó Andrea vezetheti a valaha volt legnagyobb frakciót,https://www.blikk.hu/politika/magyar-politika/tisza-part-frakciovezetoje-magyar-peter-bujdoso-andrea/4ck8hpt
3ab961943614fa4b20a36a362b1c3a005699a801e657d4c3c2674a9275b560ed,2026-04-18 09:28:23.457550+00:00,hu,blikk.hu,blikk.hu,2026-04-18,"Két rebarbarás recept, ami feldobja a tavaszi étkezéseket otthon",https://www.blikk.hu/eletmod/gasztro/rebarbara-recept/956122v
57081557b9b8458468380d7fed578d8d7dc9850767f222ea21a1093f002123fa,2026-04-18 09:28:15.507719+00:00,hu,blikk.hu,blikk.hu,2026-04-18,"Választás: Ebben a három választókerületben van még esély arra, hogy a Tisza megfordítsa az állást",https://www.blikk.hu/politika/magyar-politika/valasztas-utolso-billego-valasztasi-korzetek/7yfz0qs
d53be5445ebf1a0ca369a1794f8f0145ad6c487cfd74988870cbd702cdaf1c15,2026-04-18 09:27:56.801235+00:00,hu,blikk.hu,blikk.hu,2026-04-18,"Lang Györgyi lakásában jártunk, ahol még mindig minden úgy áll, mintha ma is ott élne",https://www.blikk.hu/sztarvilag/hazai-sztarok/falusi-mariann-lakasa/fgfnjjh
64fbfecb4dd7a2116f712a979119832fca1b86a90236dc445d88acff87d02cce,2026-04-18 09:21:14.275879+00:00,hu,origo.hu,origo.hu,2026-04-18,A bevándorlás ellen tüntetnek Milánóban,https://www.origo.hu/kulpol/2026/04/milano-patriotak-bevandorlas
7add683e8304856ef07afa7f3c9532d56b8eb2f5fa20bde1010147dcd4a1316f,2026-04-18 09:21:08.357334+00:00,hu,origo.hu,origo.hu,2026-04-18,"Meghökkentő fordulat: egészségesnek hittük őket, de rákot okozhatnak",https://www.origo.hu/nagyvilag/2026/04/rak-gyumolcs-zoldseg-novenyvedo-szer
d34bfc9115ab4cf3f2731fa49626243e118f78981c7c6ee6c875c31b1e3f4e58,2026-04-18 09:21:03.400914+00:00,hu,origo.hu,origo.hu,2026-04-18,„Nehéz lesz visszakerülni” − Dibusz Dénes elmondta a véleményét Gróf Dávidról,https://www.origo.hu/sport/sport-futball/2026/04/grof-david-dibusz-denes-fradi-gyor-nb-i
cc6bd8c3c609b06378978fa0dd17f31fb2100143b6c48d7e13e0419d7c9f8c55,2026-04-18 09:20:58.980279+00:00,hu,origo.hu,origo.hu,2026-04-18,"Kis híján hét embert ölt meg az ózdi férfi, mégsem kellett börtönbe vonulnia",https://www.origo.hu/kek-hirek/2026/04/ongyilkossag-ozd-tuz-itelet
49b6bf9d817ac8ecc5ec4580e219a82f85bd54239237bd0c363f69ec2123f583,2026-04-18 09:20:53.637680+00:00,hu,origo.hu,origo.hu,2026-04-18,Egyetlen csapás után összeomlott Csernyihiv energetikai rendszere – videó,https://www.origo.hu/kulpol/2026/04/aram-osszeomlott-a-csernyihiv-energetikai-rendszere
bdbea6ecbfa96750ee40c81903f6f6908bcad9409c69442b0760a0cefa5b2aa3,2026-04-18 09:20:46.750464+00:00,hu,origo.hu,origo.hu,2026-04-18,Veszélyben a világ legszebb kincsei: eltűnhetnek a szemünk elől ezek a csodálatos műemlékek,https://www.origo.hu/foto/2026/04/veszelyben-a-vilag-legszebb-kincsei-eltunhetnek-a-szemunk-elol-ezek-a-csodalatos-muemlekek
efac11650557199c3e3e6a36332daee6ebbde2e998124d69daf3e412207c34cc,2026-04-18 09:20:31.036937+00:00,hu,origo.hu,origo.hu,2026-04-18,Botrány Hollywoodban: verekedésbe keveredett a rapsztár egy McDonald's-ban!,https://www.origo.hu/nagyvilag/2026/04/verekedes-botrany-hollywood-rapsztar-mcdonalds
decf75bb86215b499f2292eea40c593c29f53afaf75024493f9f262d92ecc484,2026-04-18 09:20:25.516706+00:00,hu,origo.hu,origo.hu,2026-04-18,Kellett a pofon? Vadkerti Adél durván nekiment a csapattársainak,https://www.origo.hu/itthon/2026/04/exatlon-hungary-vadkerti-adel-csapat-parbaj-indulat
b8408682840643d022111feabd28d1c48fcad7114fe751239b00cabc474c8b88,2026-04-18 09:20:20.927278+00:00,hu,origo.hu,origo.hu,2026-04-18,"Meghalt Oscar Schmidt, legendás kosárlabdázó",https://www.origo.hu/sport/sport-csapat/2026/04/oscar-schmidt-meghalt-brazilia-legendas-kosarlabda
07052d0dd8127884d8dde0c53585e8eb0c952a2dc0652732e129578a7752dc3c,2026-04-18 09:20:15.249233+00:00,hu,origo.hu,origo.hu,2026-04-18,Éheznek az amerikai katonák a Közel-Keleten? Sokkoló fotók!,https://www.origo.hu/nagyvilag/2026/04/kozel-kelet-amerikai-katona-elelmezes
1f511b52075bb96c03aff9f31e0058a026d1002021e3f1364aa5fc1313d5a7c2,2026-04-18 09:20:01.821054+00:00,hu,origo.hu,origo.hu,2026-04-18,Pikáns hálószobatitkokat árult el a sztárfocista felesége,https://www.origo.hu/nagyvilag/2026/04/sztarfocista-loris-karius-feleseg-haloszabtitkok
43b4fda829d1f1ee01ccb1a3019c43293209e980cd12ceb37a9e54d6d1767c04,2026-04-18 09:19:55.933406+00:00,hu,origo.hu,origo.hu,2026-04-18,Magyar Péter szakértői már a megszorításokat készítik elő?,https://www.origo.hu/belpol/2026/04/megszoritasok-magyar-peter-szakertoi-mar-elokeszitk
68b7ed0cf296676336b44c39eb96aa09b6fcb429ec9c01b02fa26601ea5b387d,2026-04-18 09:19:51.928769+00:00,hu,origo.hu,origo.hu,2026-04-18,Már 140 mandátuma van a Tisza Pártnak,https://www.origo.hu/belpol/2026/04/mar-140-mandatuma-van-a-tisza-partnak
6a49d63d38685f1fcde8a63e86f4b35e974cbf1e0fb81db690ad7df8f17a82a2,2026-04-18 09:19:32.805349+00:00,hu,origo.hu,origo.hu,2026-04-18,Hihetetlen baki: szürreális gólt lőtt a magyar válogatott futballista csapattársa − videó,https://www.origo.hu/sport/sport-futball/2026/04/magyar-valogatott-nikitscher-tamas-rio-ave-kapushiba
f3371b55a467a9e1f271cc9cece87a0743c922da9de57de6200ab43fecebbf52,2026-04-18 09:19:25.376470+00:00,hu,origo.hu,origo.hu,2026-04-18,"Kiderült, Max Verstappen miatt távozott a Red Bull kulcsembere",https://www.origo.hu/sport/f1/2026/04/max-verstappen-forma-1-red-bull-gianpiero-lambiase
84f554ce588424b4ced60ae91cd1e15045902d4609add01ec186a46b04fcc4c0,2026-04-18 09:19:11.535188+00:00,hu,origo.hu,origo.hu,2026-04-18,"Ez a világ legszebb helye, mégis alig ismerik: rejtett paradicsom szabadtéri kalandokhoz",https://www.origo.hu/gazdasag/2026/04/picos-de-europa-nemzeti-park
91243cde8608ddb5a69acc3a3c85923c56963fe7d98a2cd1779423c3b6104c2c,2026-04-18 07:33:41.369145+00:00,hu,index.hu,index.hu,2026-04-18,"Magyar Péter bejelentette, ki lesz a Tisza Párt frakcióvezetője",https://index.hu/belfold/2026/04/18/magyar-peter-tisza-part-bujdoso-andrea-frakciovezeto/
a65aed1d1c32dec8ac84362434f7fc2f97dfe5b51d381ef81dfd8bfd25f93bcc,2026-04-18 07:33:25.535177+00:00,hu,index.hu,index.hu,2026-04-18,"Évekkel Neil Armstrong halála után özvegye olyanra bukkant, amiről úgy tudták, a Holdon maradt",https://index.hu/tudomany/til/2026/04/18/nasa-apollo-11-neil-armstrong-carol-held-knight-ozvegy/
de15511af4874c38f2501cd15ce102838550efa79c31627bde7e3010703500b8,2026-04-18 07:33:25.430975+00:00,hu,blikk.hu,blikk.hu,2026-04-18,Marad a védett üzemanyagár és az árrésstop,https://www.blikk.hu/gazdasag/vasarlas/rendelet-vedett-uzemanyagar-es-az-arresstop/w1hdwvj
638f8e373a671d9bee01be12e42c9f564af56cd7af214d87dd50ef3a36ac15af,2026-04-18 07:33:12.357400+00:00,hu,blikk.hu,blikk.hu,2026-04-18,Ritka pillanat: közös fotón Hegyi Barbara és Zorán,https://www.blikk.hu/sztarvilag/hazai-sztarok/hegyi-barbara-zoran-kozos-foto/etlfbhd
48c36cdbc19a55a699a506601b6d32b1bc42a91a61442c4af6fd22072b16639a,2026-04-18 07:33:05.604172+00:00,hu,index.hu,index.hu,2026-04-18,"„Kiveszem a pisztolyom, oszt szájba lőlek” – őrjöngve fenyegetőzött a büntetőfékezős autós Budapesten",https://index.hu/belfold/2026/04/18/budapesti-autosok-hungaria-korut-sofor-pisztoly-loves-fenyegetes-elozes-felvetel/
a13785e528d17067f3090087c13af5bb19e5f8abd0a77e61cca2a05371031211,2026-04-18 07:32:36.441223+00:00,hu,index.hu,index.hu,2026-04-18,"Visszahívnak és kivonnak a forgalomból egy gyógyszert, a betegeket kártalanítják",https://index.hu/belfold/2026/04/18/nngyk-gyogyszer-richter-decaris-fereghajto-visszahivas-betegek-kartalanitas-hatoanyag/
6636135632bd59a0e4ed46bbdda596f68c8017c46c0d2a78d3c68c9a9a0f4c96,2026-04-18 07:32:18.017044+00:00,hu,blikk.hu,blikk.hu,2026-04-18,Kullancsok a tavaszi sétákon: ezek a legnagyobb veszélyek kutyákra,https://www.blikk.hu/eletmod/tippek/kullancs-elleni-vedekezes/3bpl25e
a7e24739f8e9c5f3ccd8478af1c9cdd3930402e984dfd98993c308e80921b7f8,2026-04-18 07:26:44.427503+00:00,hu,blikk.hu,blikk.hu,2026-04-18,"Ezért jobb, ha nem húzza ki a gyufát ezeknél a csillagjegyeknél – meglepő, kik reagálnak a leghevesebben, ha igazságtalanság éri őket",https://www.blikk.hu/eletmod/lelek/asztrologia-erzelmi-kitroresek/7hyqm78
4e69e0ebb8ebacae50130be070158bccb66752849d514f601100fd5f9da72896,2026-04-18 07:26:37.586266+00:00,hu,index.hu,index.hu,2026-04-18,"Bolyhos macska a könyvtár négylábú őre, ezért rajong érte minden diák",https://index.hu/mindekozben/poszt/2026/04/18/bolyhos-macska-a-konyvtar-negylabu-ore-ezert-rajong-erte-minden-oxfordi-diak/
fe67405bc1e4181d7f2ad0c46ffd64f6f1fe4ac7e7dc3f327d1aa1db3c7ca68e,2026-04-18 07:26:32.513608+00:00,hu,index.hu,index.hu,2026-04-18,Újabb európai ország mondott nemet Kanye Westnek,https://index.hu/fomo/2026/04/18/kanye-west-ye-rapper-lengyelorszag-koncert-stadion-lemondas-torles/
6782a6ff32181c59371471457398f11bbb6a547c069a4e839f02cc167b7a6b29,2026-04-18 07:26:27.569639+00:00,hu,blikk.hu,blikk.hu,2026-04-18,"Mi történik, ha egy bálna véletlenül bekap egy embert?",https://www.blikk.hu/aktualis/kulfold/hosszuszarnyu-balna-lenyelte/l16sx95
4bd0b21e7cd59708a0edad6e7f56f63941b898453dd19fe169166f6f9e008b50,2026-04-18 07:26:26.962797+00:00,hu,index.hu,index.hu,2026-04-18,Évszázadok alatt lett a magyarok legjobb barátja a puli,https://index.hu/tudomany/2026/04/18/puli-kutya-dogz-fesztival/
5706629c5327794f913fa5db5ea279e25eb3ba24c4befad388572de4e288d760,2026-04-18 07:26:22.549665+00:00,hu,index.hu,index.hu,2026-04-18,"„Méltatlanná vált” tisztsége betöltésére, megszüntették Ráckeve fideszes képviselőjének megbízatását",https://index.hu/belfold/2026/04/18/rackeve-onkormanyzat-jakab-mihaly-kepviselo-fidesz-deak-tibor-polgarmester-menesztes/
8d53287197240d3bae02a508bdf672ea4c0111afa2c276f761bddd4fb4802dbc,2026-04-18 07:26:17.119352+00:00,hu,index.hu,index.hu,2026-04-18,"Férfi hokisaink visszavágtak a lengyeleknek, hosszabbításban lett meg a győzelem",https://index.hu/sport/jegkorong/2026/04/18/jegkorong-hoki-vb-vilagbajnoksag-felkeszules-magyar-lengyel-valogatott-ujpest-stipsicz-bence-dobos-bendeguz/
fc70cf0ac204a9e6a1d414698965cb645036aa95330d8fa4cc5273c8ecf18d98,2026-04-18 07:26:12.940267+00:00,hu,blikk.hu,blikk.hu,2026-04-18,Kúszónövényekkel varázslatos zöld paraván a kertben,https://www.blikk.hu/eletmod/tippek/kuszonoveny/tthkg1p
7513ee881bff9e1052f4c24dda0047f0cf28395208aa296adea309e3382a02d1,2026-04-18 07:26:12.601016+00:00,hu,index.hu,index.hu,2026-04-18,"Milák Kristóf újabb sprintszámot nyert meg, élete legjobbjával verte a korábbi egyeduralkodót",https://index.hu/sport/uszas/2026/04/18/uszas-uszo-ob-orszagos-bajnoksag-sopron-milak-kristof-szabo-szebasztian-petroczki-zsombor/
1bab3da392ada5f920ae60b096c525461ba26a12d111c6d78b7e5ec2902319eb,2026-04-18 07:26:07.209497+00:00,hu,index.hu,index.hu,2026-04-18,Feltételekhez kötné az Európai Parlament az EU és Egyesült Államok közötti megállapodást,https://index.hu/kulfold/2026/04/18/europai-parlament-egyesult-allamok-kereskedelmi-megallapodas-washington-donald-trump-ursula-von-der-leyen/
0f340e19f4b990ba26ef9224dc137d94e9e539f360cffe69452644a9e8115a2f,2026-04-18 07:25:58.717342+00:00,hu,index.hu,index.hu,2026-04-18,"Puzsér Róbert: Amint Gyurcsány eltakarodott, Orbán Viktor védtelenné vált",https://index.hu/belfold/2026/04/18/csatater-valasztas-2026-puzser-robert-magyar-peter-orban-viktor-fidesz-tisza-part-valasztas/
3dd79995a95ba193c4ce06a5a182eddc54fc18507974319626d596ffe668e0ea,2026-04-18 07:25:53.676142+00:00,hu,index.hu,index.hu,2026-04-18,"Drámai pillanatok egy budapesti jégcsarnok büféjében, kis híján tragédiába fulladt egy kávérendelés",https://index.hu/belfold/2026/04/18/orszagos-mentoszolgalat-budapest-jegcsarnok-ujraelesztes-mentesiranyito/
389f65a430815cb051520d3486dba06b7281db0fdf9833d1c9ae8308166a60a4,2026-04-18 07:25:48.784464+00:00,hu,index.hu,index.hu,2026-04-18,"Nyolc gyermeket szült, férjét, szeretőjét is megölték",https://index.hu/kultur/2026/04/18/lucrezia-borgia-legendak-meregkevero-politikai-hazassagok-szuletesnap-kviz/
537d3d96f3ec59a7e666068ae8846a2d241ccf340145a7c2ddcb99a9f9f2d69c,2026-04-18 07:25:43.657068+00:00,hu,blikk.hu,blikk.hu,2026-04-18,Kéri Kitty jászai-Mari díja,https://www.blikk.hu/sztarvilag/hazai-sztarok/keri-kitty-jaszai-dij-rendezes-csalad/y7bc1w9
dbffb65f3a0864ee0adc51cad46a6c920aae488b93554499f6d9224a912ab04e,2026-04-18 07:25:35.594263+00:00,hu,index.hu,index.hu,2026-04-18,"A '70-es évek Dózsáját idézte az Újpest, hetet számolt a Nyíregyházára",https://index.hu/sport/futball/2026/04/18/labdarugas-futball-magyar-bajnoksag-fizz-liga-ujpest-nyiregyhaza-horvath-krisztofer/
860432fb07b2021818c5971d7a1bebc1ff818048252f2fb4b84566249fea3b23,2026-04-18 07:25:27.107099+00:00,hu,index.hu,index.hu,2026-04-18,"Donald Trump kinyújtotta kezét Vlagyimir Putyinnak, hatalmas segítséget kapott Moszkva",https://index.hu/kulfold/2026/04/18/roszorszag-ukrajna-orosz-ukran-konfliktus-moszkva-kijev-vlagyimir-putyin-volodimir-zelenszkij-europai-unio-nato-beketargyalasok/
ffa0ce53ac59e57e725fae0c6d1e47623e09baa50ae708a847d789cfaf720f57,2026-04-18 07:25:23.835091+00:00,hu,blikk.hu,blikk.hu,2026-04-18,"Bocsánatot kért a csepeli Fidesz-jelölt: ""Sokan, sokszor könyörögtünk, hogy ne ilyen kampány legyen, de szokás szerint semmibe vették a kérésünket""",https://www.blikk.hu/politika/magyar-politika/kiraly-nora-csepeli-fidesz-jelolt-bocsanatot-kert/wzcpy0p
275e8e6fbab7c919f34335682d98a5ed2f3aa872178e33c781b47cfd7f38e75b,2026-04-18 07:25:13.525605+00:00,hu,index.hu,index.hu,2026-04-18,"Férfiak aratták le a babérokat, pedig nők alkották ezeket a festményeket",https://index.hu/fomo/2026/04/18/szexizmus-muveszet-london-nok-kiallitas/
71b7419f1076cb0680a305bd0bd1232b3a2c060f74a3a0b68133884d31af21e5,2026-04-18 07:25:06.491369+00:00,hu,index.hu,index.hu,2026-04-18,"Minden gyulladással végeznek a fűszerek, ha jól használjuk őket",https://index.hu/tudomany/2026/04/18/fuszer-gyulladas-rak-cukor-betegseg-ehizas-immun-sejt/
64d491d52565122b35ba3a73bb12ec8046cae2e1ec5db37b5d62d1cd9956330a,2026-04-18 07:24:44.518440+00:00,hu,index.hu,index.hu,2026-04-18,Bocsánatot kért mindenkitől a gyűlöletkampány miatt a Fidesz képviselőjelöltje,https://index.hu/belfold/2026/04/18/kiraly-nora-valasztas-2026-fidesz-ertekeles-kampany/
3008e0377f474c3676c91752129d4e6970c95f06a85bb72f1ba479a13a6e9999,2026-04-18 07:24:40.246493+00:00,hu,blikk.hu,blikk.hu,2026-04-18,Liptai Claudia férjével és 9 éves kisfiával bulizott,https://www.blikk.hu/sztarvilag/hazai-sztarok/liptai-claudia-buli-video/5ld3t7t
33ec4f4ce9d923eee774ff95b690185202ee30ecbab974c09ccd4088b10ea3cc,2026-04-18 06:25:38.493749+00:00,hu,origo.hu,origo.hu,2026-04-18,Emberekre vadásztak pénzért egy elátkozott vidéken – sokan odavesztek,https://www.origo.hu/nagyvilag/2026/04/halal-csondje-western-sergio-corbucci-film-klaus-kinski
a6cbba5d9700a774a5c48ed4fe4cb4f4d9ae5364780eec029e9a776fc6b5f746,2026-04-18 06:25:33.527012+00:00,hu,origo.hu,origo.hu,2026-04-18,Tóth Balázs sem tudta megakadályozni: megvan a Premier League első feljutója,https://www.origo.hu/sport/sport-futball/2026/04/premier-league-toth-balazs-blackburn-coventry
27616cddea3e0f0cb39dd347c64e19cdfaa8f647a0c7cce1f87ffc7898068ea8,2026-04-18 06:25:28.506211+00:00,hu,origo.hu,origo.hu,2026-04-18,Nagyon kidurrantak a szívdöglesztő Sydney Sweeney légzsákjai ebben az öreg Chevyben,https://www.origo.hu/auto/2026/04/sydney-sweeney-chevrolet-camaro-szineszno-auto
88d0f2814092fddac1dbcc70d4509390275c14d1d3b9f4d830c908bcda4c2650,2026-04-18 06:25:23.555239+00:00,hu,origo.hu,origo.hu,2026-04-18,Spanyolország félmillió migránsnak adhat tartózkodási engedélyt,https://www.origo.hu/kulpol/2026/04/migrans-illegalis-bevandorlas-spanyolorszag-madrid
44783304de5922fe8984c02d484b5ed9356963669dca7e5369b29d1ddfba4f86,2026-04-18 06:25:18.516049+00:00,hu,origo.hu,origo.hu,2026-04-18,Csődbe ment a német autógyártás meghatározó szereplője,https://www.origo.hu/auto/2026/04/csod-nemet-autoipar-gyartas-erich-jaeger
840d519d9e1c70eee8aa0080b4d1f0864e1c47d61e5b982a9e1ccaec6f1d6b94,2026-04-18 06:25:13.491468+00:00,hu,origo.hu,origo.hu,2026-04-18,Életveszélyben lehet Lukasenko - megrázó hír érkezett,https://www.origo.hu/nagyvilag/2026/04/feheroroszorszag-haboru-lukasenko
16e3c89fcd5561d9a121707b9fd20e40569641fc0c6fe7090617391fba88a1e9,2026-04-18 06:25:04.309581+00:00,hu,origo.hu,origo.hu,2026-04-18,Az ukrán nagykövet Magyar Péterről beszélt,https://www.origo.hu/belpol/2026/04/az-ukran-nagykovet-magyar-peterrol-beszelt
d8d044e9e959abbc92186bf1171975ecc81bb2b491853dd15d6bc3db59114b56,2026-04-18 06:24:46.176486+00:00,hu,origo.hu,origo.hu,2026-04-18,Hamarosan fontos változás lép életbe a gyógyszertárakban,https://www.origo.hu/itthon/2026/04/e-recept-szabalyok-valtozas-gyogyszer-kivaltas-konnyebb
3ad031971c410627c30952b15e4537059a66a3770d48d6c36661d4eb278c4512,2026-04-18 06:24:41.163893+00:00,hu,origo.hu,origo.hu,2026-04-18,A saját kezezése után rúghatott volna tizenegyest az NB I-es focista az Újpest ellen – videó,https://www.origo.hu/sport/sport-futball/2026/04/ujpest-nyiregyhaza-nb-i-tijani-kezezes-tizenegyes-video
b23e4e32e353f3f812df9540fe7f0335c13e2f550eeadda469550c886e59b01c,2026-04-18 06:24:36.199287+00:00,hu,origo.hu,origo.hu,2026-04-18,19 éves leányanya az Onlyfans-on pankrátorkodik: Margot bajban van!,https://www.origo.hu/filmklub/2026/04/onlyfans-elle-fanning-nicole-kidman-michelle-pfeiffer
f81240be702bf954d97c7a73d00982f331105f32051ed2eb838f21020b620fc6,2026-04-18 06:24:31.263813+00:00,hu,origo.hu,origo.hu,2026-04-18,Madridból pótolhatja Robert Lewandowskit a Barcelona,https://www.origo.hu/sport/sport-futball/2026/04/barcelona-atigazolas-atletico-madrid-sorloth
d4e22c5677a915353a15c67a8f39db831657053639fedab1212491cbe7c109bc,2026-04-18 06:24:26.167098+00:00,hu,origo.hu,origo.hu,2026-04-18,"Nem is sejted, mit tesz a testeddel a rukkola",https://www.origo.hu/tudomany/2026/04/rukkola-titka-kis-level-nagy-hatas
e978a908cc88e5b942d4d3c0dd9ec901ab0ff691762090688c2e06cf7278702a,2026-04-18 06:24:21.149951+00:00,hu,origo.hu,origo.hu,2026-04-18,"Fűthető biztonsági öv a legújabb őrület, de van itt más csemege is!",https://www.origo.hu/auto/2026/04/futheto-biztonsagi-ov-a-legujabb-orulet-de-van-itt-mas-csemege-is
453c7dfb7a9c3dd943ec44dd381ad9d07d94db2e03af0be62d4dfa85e73a877f,2026-04-18 06:24:16.172405+00:00,hu,origo.hu,origo.hu,2026-04-18,"Tíz éve porosodó, gyönyörű kincset találtak egy váci garázsban – fotók",https://www.origo.hu/auto/2026/04/porsche-pajtalelet-vaci-garazs
30c2779f95a61a8b80e6962359e05ef8cc7e959756bfe3c46f69af30316760bb,2026-04-18 06:24:11.322846+00:00,hu,origo.hu,origo.hu,2026-04-18,Így teltek Einstein utolsó napjai – érdekes fordulatok a vég pillanataiban,https://www.origo.hu/nagyvilag/2026/04/albert-einstein-halal-1995-erdekessegek
ec4a888acd59c67be35f17f9780f2edabf5979dadd563cf5236be513923fb1e4,2026-04-18 06:24:06.143705+00:00,hu,origo.hu,origo.hu,2026-04-18,Brutális offenzíva jöhet: Oroszország a háború lezárására készül,https://www.origo.hu/nagyvilag/2026/04/haboru-orosz-ukran-donbasz-fordulat-tamadas
c7b01e23b6ffe3485a2b6442f4f7def9718acad64c06309890ef5b65dec8d2f8,2026-04-18 06:24:00.195802+00:00,hu,origo.hu,origo.hu,2026-04-18,„Tojok rá nagy ívben” – mondta az NB I-es edző az újpesti hetes után,https://www.origo.hu/sport/sport-futball/2026/04/nb-i-ujpest-nyiregyhaza-bodog-tamas
6c2f50463caa2838b423e78b6361e3ea9cf26e2a153fb4371c060941481373f5,2026-04-18 06:23:46.224333+00:00,hu,origo.hu,origo.hu,2026-04-18,"A FIFA elnöke továbbra is tesz a szurkolókra, akik sokallják a foci-vb jegyárait",https://www.origo.hu/sport/sport-futball/2026/04/fifa-jegyarak-infantino-botrany-szurkolok
596ceb3e1a4a4cc8e6a51ce8cc3447a6fa731574e4b4b6f1b3cc5ab0a46ddf8b,2026-04-18 06:23:42.627786+00:00,hu,origo.hu,origo.hu,2026-04-18,Hajnali sokk Oroszországban: robbanások ébresztették a lakosokat,https://www.origo.hu/kulpol/2026/04/robbanasok-ebresztettek-a-lakosokat-oroszorszagban
1a5d36bfc8f3060b98ceb6e89b783cefc5a1fa98ce9154cd3912bdc639ece95e,2026-04-18 06:23:36.197646+00:00,hu,origo.hu,origo.hu,2026-04-18,A tragédiából kovácsoltak előnyt: kis híján teljesen elpusztult San Francisco,https://www.origo.hu/nagyvilag/2026/04/san-francisco-i-foldrenges-utorenges-tuz-varos-tulelok
bd422d26bc9acf04ab3007e377438729c504739a6e172d51f47f7bd74ade91c4,2026-04-18 06:23:32.065767+00:00,hu,origo.hu,origo.hu,2026-04-18,"Kávéra várva esett össze a férfi a jégcsarnokban, óriási küzdelem kezdődött a megmentéséért",https://www.origo.hu/kek-hirek/2026/04/ujraelesztes-jegcsarnok-bufe-segitseg
aed4832d6462f81824581a562bf377b58dd6ccacd657c68f6bf20b9d6745d1c4,2026-04-18 06:23:26.240618+00:00,hu,origo.hu,origo.hu,2026-04-18,"Választás 2026: csalás nem történt és tisztességes volt, ám külső nyomás árnyékolta be",https://www.origo.hu/belpol/2026/04/valasztas-2026-csalas-nem-tortent-es-tisztesseges-volt-am-kulso-nyomas-arnyekolta-be
533d36c1f859aa9f2d9ea706d2bf144f9bfd8c76a7ff8298c9ca5970c1592032,2026-04-18 06:23:21.269396+00:00,hu,origo.hu,origo.hu,2026-04-18,"Az ETO FC Győr válogatott klasszisa szerint már nem lenne meglepetés, ha elvennék a bajnoki címet a Fraditól",https://www.origo.hu/sport/sport-futball/2026/04/eto-fc-gyor-vitalis-milan-fradi-interju-nb-i
374c5ab4a4ad5e1ca7eb11e86cee92faed0d8cf988e39041c7db06ce7c6ff46d,2026-04-18 06:18:18.206910+00:00,hu,blikk.hu,blikk.hu,2026-04-18,Hétvégi időjárás: sok lesz a napsütés,https://www.blikk.hu/aktualis/hetvegi-idojaras-elorejelzes/b1er2l5
4a318a5fc21de2a16318942e8dc1fe4ffd8b69cbd1ff326894dc68f8beaaf7e1,2026-04-18 06:18:12.966622+00:00,hu,blikk.hu,blikk.hu,2026-04-18,Gyarmatitól Szulákig: hány híres Andreát tud beazonosítani?,https://www.blikk.hu/sztarvilag/hazai-sztarok/hires-andrea-nevnap-kviz/k8rzx5e
dd0667939a3acd0daef1b77f8e4ac1ed7d0f073a5768acecc4469ce1820f8211,2026-04-18 06:18:01.203448+00:00,hu,blikk.hu,blikk.hu,2026-04-18,"Vadkerti Adélnak ""elege van a b*szogatásból"", visszaszólt a csapattársainak",https://www.blikk.hu/sztarvilag/hazai-sztarok/vadkerti-adel-exatlon-konfliktus/89xkvzf
eab57bc0cc3c2d0d805b4ce7083cd234871c77000eb7955aaeb25d7320703f9c,2026-04-18 06:17:13.877508+00:00,hu,blikk.hu,blikk.hu,2026-04-18,Így futnak a magyarok,https://www.blikk.hu/eletmod/egeszseg/futas-kutatas-nehez-elkezdeni/efd3ykc
1018c9864788b1c300b57d8f7e467c57e741e05403b3fa1729b900c122c70f53,2026-04-18 04:25:29.301150+00:00,hu,index.hu,index.hu,2026-04-18,Igazi kirándulóidővel indul a hétvége: napsütés és tavaszi meleg vár ránk,https://index.hu/belfold/2026/04/18/idojaras-elorejelzes-napsutes-tavaszi-ido-hetvege-szombat-radar/
3a32f7a3e30a347c0b96757ac1f88c0c71f08de0a278e544785766e574ba89ee,2026-04-18 04:21:22.221115+00:00,hu,blikk.hu,blikk.hu,2026-04-18,Schobert Norbi fájdalmas vallomása Rékáról,https://www.blikk.hu/sztarvilag/hazai-sztarok/schobert-norbi-sztrok-betegseg-csod-rubint-reka/lp86ebf
eced581642dd80986f37e3cd3bc530649f4daa259b4a7f5579c193f4485f8839,2026-04-18 04:21:17.010218+00:00,hu,blikk.hu,blikk.hu,2026-04-18,"A 2 éves kislány a születésnapja után lett rosszul, 35 napig lélegeztetőgépen volt utána",https://www.blikk.hu/aktualis/belfold/tudomutet-lelegeztetogep-kislany/77ep2y9
bbca76a5b58fa87c2e814f9b42ac4a343c3f0f7530562ad3ee37332cb8c9f3ce,2026-04-18 04:21:03.432739+00:00,hu,blikk.hu,blikk.hu,2026-04-18,"Autóvadászok, figyelem! A forint most mindent felboríthat",https://www.blikk.hu/auto/forint-erosodes-hasznalt-auto-import/qbk84cp
16f90a9c37e0667964fcdd7a5c69d604dfb0f5180f54d23f5dcadac5e64201f6,2026-04-18 04:20:22.230994+00:00,hu,blikk.hu,blikk.hu,2026-04-18,"Ha ez a beválik, még nehezebben tudunk majd elszakadni az okostelefonunktól",https://www.blikk.hu/ferfiaknak/tech/mesterseges-intelligencia-okostelefon-hasznalat/f50fqs4
72ca08e391293436e98de8b5ddb4e7fff944eddb33e27d6ab247b8dba8024440,2026-04-18 04:19:56.630083+00:00,hu,blikk.hu,blikk.hu,2026-04-18,"Miért érezheti magát valaki rosszul, ha mindent jól csinál",https://www.blikk.hu/eletmod/egeszseg/mikrotapanyag-hiany/xdyrkb4
556a23984a2c98cbbec9ae73e995eb8c0ec3aa5956da95315afa883916e2f56e,2026-04-18 04:19:35.083924+00:00,hu,blikk.hu,blikk.hu,2026-04-18,"Kitalálja, melyik az egyik legmegnyugtatóbb szabadtéri tevékenység, ami segít frissen tartani az agyat is?",https://www.blikk.hu/ferfiaknak/tech/madar-mefgigyeles-agy-demencia-friss-termeszet-egeszseg/cex4nb0
57808e662fcbd84966874c76e9f63c3d69358405931f6e30eac71bd25c75d50f,2026-04-18 03:30:58.418332+00:00,hu,origo.hu,origo.hu,2026-04-18,Fordulat a Közel-Keleten: elkerülhető az olajválság?,https://www.origo.hu/kulpol/2026/04/hormuzi-szoros-kozel-keleti-konfliktus-olajvalsag
24c87e09ae40e91004c4e51d14b279eae926d76290b43a1477afa3963cde30e5,2026-04-18 03:30:02.042590+00:00,hu,origo.hu,origo.hu,2026-04-18,Szókincsteszt: Ön hányat ismer ezek közül a szavak közül?,https://www.origo.hu/itthon/2026/04/kviz-szokincsteszt-on-hanyat-ismer
0fb6f525f567fc64bad40b59139a4ee5ff044125f425e925d80080dd00bf070a,2026-04-18 03:29:55.053344+00:00,hu,origo.hu,origo.hu,2026-04-18,Óvatos ünnepet jelenthet a hormuzi nyitás Európának – érdemes figyelni a következő napok hajóforgalmát,https://www.origo.hu/gazdasag/2026/04/iran-rendkivuli-bejelentese-elkepeszto-cunamit-inditott-el-mi-kovetkezik-most
42604f81c7fbefcfd6406a03e69f32d3618020a61a92381120a0c6593a8b7257,2026-04-18 03:29:05.658589+00:00,hu,origo.hu,origo.hu,2026-04-18,Mérgező só szivárog az ivóvízbe: egekbe löki a vérnyomást,https://www.origo.hu/tudomany/2026/04/sos-ivoviz-emeli-a-vernyomast
ed4e10a976aa80df533690973211f17eece024ef265ea4441b8b4838b25b284c,2026-04-18 03:27:56.403568+00:00,hu,origo.hu,origo.hu,2026-04-17,Az Újpest kivégezte a tavasz egyik legjobb csapatát a Szusza Ferenc Stadionban – videó,https://www.origo.hu/sport/sport-futball/2026/04/ujpest-nyiregyhaza-kivegzes-horvath-krisztofer
de233acf5b24f8df96c39880ecf8ae9a00c01e4c8fc03a7c67eaa95c34640f21,2026-04-17 23:35:11.481304+00:00,hu,origo.hu,origo.hu,2026-04-17,Iványi Gábor a bíróság után az államfői székbe vágyik,https://hirtv.origo.hu/ahirtvhirei/2026/04/ivanyi-gabor-a-birosag-utan-az-allamfoi-szekbe-vagyik
31047d97c864c53839f3575794f794889aa5f98c40baa735e8598bb1ad23f76a,2026-04-17 23:34:34.180146+00:00,hu,origo.hu,origo.hu,2026-04-17,Szakértők vagy statiszták? Magyar Péter „elitalakulata” máris gyanakvást kelt a választókban,https://hirtv.origo.hu/ahirtvhirei/2026/04/szakertok-vagy-statisztak-magyar-peter-elitalakulata-maris-gyanakvast-kelt-a-valasztokban
1deb875be626831141fc48ea1ef93497303a73240f67aecac84be2f30890d562,2026-04-17 23:34:23.759370+00:00,hu,origo.hu,origo.hu,2026-04-17,Jogállam vagy diktátum? Magyar Péter fenyegetéssel indítja az új korszakot,https://hirtv.origo.hu/ahirtvhirei/2026/04/jogallam-vagy-diktatum-magyar-peter-fenyegetessel-inditja-az-uj-korszakot
cd7524dff784c9b572edbea2bed6425bf6e25410b8b8260402e2188fd4824ee4,2026-04-17 23:33:45.718425+00:00,hu,origo.hu,origo.hu,2026-04-17,Szervezeti és erkölcsi megtisztulást várnak a Fidesztől,https://hirtv.origo.hu/ahirtvhirei/2026/04/szervezeti-es-erkolcsi-megtisztulast-varnak-a-fidesztol
6bfaa343878e7baabe70a70fb61d0cd2f2811c7070cace70c16994c399e9390a,2026-04-17 23:33:35.704166+00:00,hu,origo.hu,origo.hu,2026-04-17,Beatrix von Storch a Bundestagban méltatta a leköszönő Orbán Viktort,https://hirtv.origo.hu/hirtvkulfold/2026/04/tenyszeru-beatrix-von-storch-a-bundestagban-meltatta-a-lekoszono-orban-viktort
cbd17f0db664c18890c634917516fc851b513b3057323011aef8ededcb13b587,2026-04-17 23:33:08.143459+00:00,hu,origo.hu,origo.hu,2026-04-17,Patrióta vízió vagy politikai ütközőzóna? Vita robbant ki a stúdióban,https://hirtv.origo.hu/ahirtvhirei/2026/04/patriota-vizio-vagy-politikai-utkozozona-vita-robbant-ki-a-studioban
9d690217b0ad2e95a72dbb1a4038b0edd40b8c9844677cf0a04d1f2c2287ab86,2026-04-17 23:20:16.260633+00:00,hu,origo.hu,origo.hu,2026-04-17,Pizzafutár és járókelők mentették meg az iszapba süppedt férfit Túrkevén,https://www.origo.hu/kek-hirek/2026/04/iszapba-suppedt-ferfi-turkeven-eletmentes
1ca8731879067e33eaa7cc5d08beef3ae6f26decc7e673b2cdea5c11b7a3f572,2026-04-17 22:27:17.840528+00:00,hu,index.hu,index.hu,2026-04-17,"Interjút adott Orbán Balázs, szerinte a jelenlegi formájában vége van a Fidesznek",https://index.hu/belfold/2026/04/17/orban-balazs-fidesz-kampanyfonok-valasztas-2026-interju/
ad92987b96a6a67cdfe75c3657b4ed63dd0f246905b6789731a801653cfe199f,2026-04-17 22:26:57.857309+00:00,hu,index.hu,index.hu,2026-04-17,"A választás után megszólalt Gyurcsány Ferenc, de nem azt mondta, amire mindenki várt",https://index.hu/belfold/2026/04/17/gyurcsany-ferenc-szin-ter-krimi-gyilkos-igazsagok-konyviras/
32091b8016c35cb975eefb7a6081fe39e7fd86abc3569a20cdee31207231557d,2026-04-17 22:26:02.877313+00:00,hu,index.hu,index.hu,2026-04-17,"Vidnyánszky Attila: Azok az erők munkálkodnak most is, akik 1965-ben felrobbantották a Nemzetit",https://index.hu/kultur/2026/04/17/vidnyanszky-attila-nagy-ervin-nemzeti-szinhaz-kultura-tisza-part-valasztas-2026-magyarorszag/
5a858449e716615452caeaaa9e6df427224397853ab783ccb0183587adef5685,2026-04-17 22:25:58.137270+00:00,hu,index.hu,index.hu,2026-04-17,Tóth Balázsék percekre voltak a szezon legnagyobb bravúrjától,https://index.hu/sport/futball/2026/04/17/angol-masodosztaly-blackburn-rovers-coventry-city-toth-balazs-bajnoki-merkozes-helyszini-tudositas/
cb2cfe208019b29e49eebbd49a6068e443f955808aa830645a9bbb2287958d7c,2026-04-17 22:25:53.118522+00:00,hu,index.hu,index.hu,2026-04-17,"Pogány Induló húsz percben kimondott mindent, amit mások órák alatt sem mernek",https://index.hu/kultur/zene/2026/04/17/pogany-indulo-valamit-majd-kitalalok-zene-album-lemez-rap-kultbudapest/
185a99a30bff7d357a515e92acb33f1bc923cfb575195d0fecc9881b41698916,2026-04-17 22:25:46.186090+00:00,hu,index.hu,index.hu,2026-04-17,"Trópusi paradicsom a nappaliban, dzsungelt csinált a teljes lakásából",https://index.hu/mindekozben/poszt/2026/04/17/tropusi-paradicsom-a-nappaliban-dzsungel-lett-a-lakasbol/
31401985d50190c16ee146abb77fdf8263d12dd5cddad9b97307c55f488dfc59,2026-04-17 20:44:47.990218+00:00,hu,origo.hu,origo.hu,2026-04-17,"Nagy bajban vannak a fecskék, de közös összefogással még segíthetünk rajtuk",https://www.origo.hu/itthon/2026/04/fecskek-segitseg-sargyujto-hely-2026
3bb14eb4228112162f8a7e8ed553b97656ffd3e586db0ba52a5b24b5960297af,2026-04-17 20:44:43.826104+00:00,hu,origo.hu,origo.hu,2026-04-17,Amit sok vendég nem tud: ezért lehet kényes kérdés a hotelszobák tisztasága,https://www.origo.hu/nagyvilag/2026/04/hotel-higienia-tisztasag-szalloda
210340a951dae3c0cb0b241dade000f339afb55a1ce67fa4eabf09b23bf3cf6e,2026-04-17 20:44:38.021912+00:00,hu,origo.hu,origo.hu,2026-04-17,Amikor nem csak valakit veszítünk el: az absztrakt gyász,https://www.origo.hu/itthon/2026/04/amikor-nem-csak-valakit-veszitunk-el-az-absztrakt-gyasz
96eeec8edf3cd90a078bc131f5d1d83176c310b59e3754e3cc2048eff7a7b86c,2026-04-17 20:44:26.232789+00:00,hu,origo.hu,origo.hu,2026-04-17,Megszólalt a Fidesz kampányfőnöke,https://www.origo.hu/belpol/2026/04/fidesz-kampanyfonok-reakcio
3692bfb2ef0f9ff9a5332764179c934c6244b101ed5c07a9c01cf6e46ab83e65,2026-04-17 20:44:21.300432+00:00,hu,origo.hu,origo.hu,2026-04-17,Szenzációs áttörés: kigyógyult a HIV-ből egy férfi a műtét után,https://www.origo.hu/nagyvilag/2026/04/hiv-virus-gyogyulas-transzplantacio-mutet
d0379b106093d8ebf64fdbcc746df01fcd17bc2e37210902fe54172be2715bea,2026-04-17 20:44:06.434957+00:00,hu,origo.hu,origo.hu,2026-04-17,Új korszak jöhet a háborúban – Zelenszkij nagy bejelentést tett,https://www.origo.hu/nagyvilag/2026/04/volodimir-zelenszkij-orosz-ukran-haboru-legvedelem
214c3192cf2daf6a6bcc5e191f17b60c68b84ce6b3bc07292d1bb41b71d27c17,2026-04-17 20:43:53.005503+00:00,hu,origo.hu,origo.hu,2026-04-17,Sokkot kapott a mozdonyvezető: 20 élő madárpókot talált a vonaton,https://www.origo.hu/nagyvilag/2026/04/madarpok-vonaton-felejtett-csomag-nemetorszag
efac5e5eed06d7fae1f535cc2ab49988e1a0d995fe86a824b9808bf27321791e,2026-04-17 20:43:44.704949+00:00,hu,origo.hu,origo.hu,2026-04-17,Mi rejtőzhet a Neptunusz mélyén? – a kutatók egy lehetetlen anyagra bukkantak,https://www.origo.hu/tudomany/2026/04/uranusz-es-a-neptunusz-belsejeben-uj-anyagra-leltek
b84590903a72da7e6da24ecabed99bed96f5beedd2b360c2fa76e4de728fd620,2026-04-17 20:43:40.204504+00:00,hu,origo.hu,origo.hu,2026-04-17,Karácsonyról tartunk népszavazást hamarosan,https://www.origo.hu/belpol/2026/04/nepszavazas-december-24-munkaszuneti-nap-szakszervezet
5edaad294fb7a4ba5e62bc96e61853dd986935b9519f55ab7c9eef69df85fbe8,2026-04-17 20:43:34.891839+00:00,hu,origo.hu,origo.hu,2026-04-17,Titokzatos mélyedésekre bukkantak Magyarországon – a szakemberek is tanácstalanok,https://www.origo.hu/itthon/2026/04/rejtelyes-kutak-zala-megye-erdoben
7dec2d8a0fc8b48bb002aea50b3c8f08991c82846903d21971ce51e3c0c4515e,2026-04-17 20:43:10.882525+00:00,hu,origo.hu,origo.hu,2026-04-17,Magyar Péter: hárommal több képviselői helyünk van,https://www.origo.hu/belpol/2026/04/orszaggyules-magyar-peter-szavazatszamlalas
706503910c35c652f45fe74c360e6090f56de097717d405fef7db6dfaeaaa7e1,2026-04-17 20:43:02.840331+00:00,hu,origo.hu,origo.hu,2026-04-17,Merész mérlegelés: fehérnemű vs. szinte semmi – minden szem a bokszolónőkre szegeződött – videó,https://www.origo.hu/nagyvilag/2026/04/bokszolono-merlegeles-szexi
485d0465c4d1c60fe73ad3d728096ecebbb33257b0216387d5586647eeafdb2e,2026-04-17 20:42:55.873531+00:00,hu,origo.hu,origo.hu,2026-04-17,Hosszabbításos drámát hozott a magyar válogatott mérkőzése,https://www.origo.hu/sport/sport-csapat/2026/04/magyar-valogatott-jegkorong-lengyelorszag-vb
4fe9899975842dd0b392681205626bd382145230582f45f5fdb7f18162966baa,2026-04-17 20:42:48.252036+00:00,hu,origo.hu,origo.hu,2026-04-17,"Nem lassult le az emberi evolúció, csak nem vesszük észre a jeleket",https://www.origo.hu/tudomany/2026/04/evolucio-ember-lassulas
3eb6b2dd7e809019316fabb5fad82b42643f8959f5911a5ecf03b7b2819c1a99,2026-04-17 20:40:07.236404+00:00,hu,blikk.hu,blikk.hu,2026-04-17,Bacskai Balázs is felszólalt Vadkerti Adél döntése ellen: újra egymásnak feszültek a bajnokok az Exatlon Hungaryben,https://www.blikk.hu/sztarvilag/hazai-sztarok/bacskai-balazs-vadkerti-adel-valkusz-mate-exatlon-hungary/tff1zkq
51cbe9083c49f45f56ecd9788905e573bb6bbfb986e5536c8d3b19de9a2fc0b6,2026-04-17 20:40:02.151927+00:00,hu,blikk.hu,blikk.hu,2026-04-17,Így van most Horváth Tamás felesége: már mankó nélkül közlekedik,https://www.blikk.hu/sztarvilag/hazai-sztarok/horvath-tamas-peterfi-andrea-baleset/zz2hp9f
ad082becbdd3d344ab0b9465315968eb590700aa324443eeef21288f155e7292,2026-04-17 20:39:55.895225+00:00,hu,blikk.hu,blikk.hu,2026-04-17,„Itt az idő!” – Lakatos László elhagyta az országot,https://www.blikk.hu/sztarvilag/hazai-sztarok/lakatos-laszlo-a-nagy-duett-stand-up-comedy/k32m8bd
525139f358208385611192ae1418eff77f46c1d5c72642f48dc49a6b4d4dc046,2026-04-17 20:39:02.803804+00:00,hu,blikk.hu,blikk.hu,2026-04-17,„Még mindig a kedvenc helyem a Földön” – A paradicsomban töltődik fel Schumacher Vanda – fotók,https://www.blikk.hu/sztarvilag/hazai-sztarok/schumacher-vanda-luxus/cjwfcem
bdaf02828a8121ec11bbe26835394e5e8c515bc20cdda59deb7a883c9e89069b,2026-04-17 20:38:58.177704+00:00,hu,blikk.hu,blikk.hu,2026-04-17,Rubint Réka megható üzenettel jelentkezett a hetedik kemoterápiája után,https://www.blikk.hu/sztarvilag/hazai-sztarok/rubint-reka-kemoterapia/e63z23x
6ae990d65e10fcb3fde1fe3f683bd920cc2883da5bfef22990eca7b91c233e9b,2026-04-17 20:38:19.092110+00:00,hu,blikk.hu,blikk.hu,2026-04-17,"Horváth triplázott, az Újpest kiütötte a Nyíregyházát",https://www.blikk.hu/sport/magyar-foci/ujpest-nyiregyhaza-horvath-krisztofer/hzylvvh
fa6f808af8bb44a2e04ae2ace4a826889308926fc1ffae7a2c2ca4ce93919545,2026-04-17 19:39:17.598951+00:00,hu,blikk.hu,blikk.hu,2026-04-17,Rendezvényt tartottak a nemzeti oldal jövőjéért Huth Gergelyék: Gajdics Ottó is felszólalt,https://www.blikk.hu/politika/magyar-politika/nemzeti-oldal-rendezveny-huth-gergely-gajdics-otto/5ecw1ve
4c2004375ec98239d68aa4b1f2d9c912a50bfd3f07533d08564ce3818cf45bf1,2026-04-17 19:39:10.302400+00:00,hu,blikk.hu,blikk.hu,2026-04-17,"Kaczynski elismerte, hogy kamuzott Magyar Péterről, de gratulálni nem fog neki",https://www.blikk.hu/aktualis/kulfold/kaczynski-magyar-peter-gratulacio-kamu/5b8hly1
f8a238ecae8a0d0fc50b57246ccd1ae05fa5ec617f6e8c90878d7c8e2ae32ad9,2026-04-17 19:39:05.368442+00:00,hu,blikk.hu,blikk.hu,2026-04-17,"Felpörögtek az események: egy kevésbé szoros választókerület is megfordult, újabb mandátum cserélt gazdát... aztán még egy",https://www.blikk.hu/politika/magyar-politika/tolna-02-valasztokerulet-szijjarto-gabor-csibi-krisztina/pprgwnl
3d5bda63f4419a59dd52f2b3eb209434dd6661c5885a7e5a177b95f0580c6590,2026-04-17 19:39:00.842117+00:00,hu,blikk.hu,blikk.hu,2026-04-17,"Van, akit megcsal az emlékezete, és úgy emlékszik, hogy a győztesre voksolt, vizsgálódik a Medián",https://www.blikk.hu/politika/magyar-politika/median-hann-edre-kozvelemenykutatas/xjnm5tv
9b929dc6c79f89c1b6bd5d88ee74434ca49c409511793861fcd10cef1867a16b,2026-04-17 19:31:54.497981+00:00,hu,index.hu,index.hu,2026-04-17,"Zokogva fogadta a köszöntést Bodrogi Gyula, így ünnepelték a 92 éves színészt",https://index.hu/mindekozben/poszt/2026/04/17/zokogva-fogadta-a-koszontest-bodrogi-gyula-igy-unnepeltek-a-92-eves-szineszt/
86af7a34b75efccf0b3af2b6fd27da554e08fde8581d6013656be37c6d63e422,2026-04-17 19:31:49.031892+00:00,hu,index.hu,index.hu,2026-04-17,Megérdemelt pihenés vár Ticóra,https://index.hu/belfold/2026/04/17/tico-rendorkutya-magyar-rendorseg-felderito-kutya-bucsu-nyugdijazas/
4a52a02d8d6f9df7e8e8a196b070bb3964fdf0c528d8dedcc4b499501fb44455,2026-04-17 19:31:41.892420+00:00,hu,index.hu,index.hu,2026-04-17,"Egy lépéssel közelebb kerültünk ahhoz, hogy december 24-e munkaszüneti nap legyen",https://index.hu/belfold/2026/04/17/december-24.-karacsony-szenteste-nepszavazasi-kezdemenyezes-nemzeti-valasztasi-bizottsag-magyarorszag/
c09b276964d1f4403adc81f359ea9b82e45f3570b329f18905c9baded504003c,2026-04-17 19:31:36.779377+00:00,hu,index.hu,index.hu,2026-04-17,Nehéz idők várnak Magyarországra és a Tisza-kormányra,https://index.hu/gazdasag/2026/04/17/hormuzi-szoros-gyorgy-laszlo-elemzes-tisza-part-magyar-peter/
7fb1385844d51e56f5a9e82ba0695ebb21318f2a2e85569d15446a62228c205d,2026-04-17 19:31:24.208585+00:00,hu,index.hu,index.hu,2026-04-17,Kényszerből vetkőzik neki Elle Fanning ebben az új sorozatban,https://index.hu/kultur/cinematrix/2026/04/17/margo-bajban-van-elle-fanning-teve-sorozat-apple-tv-david-e-kelley-a24-pilot-mini-kritika/
39672f58c38ffea53e02ecefe5013574e89253841445b3e11f4c9548597adaf7,2026-04-17 19:31:12.174067+00:00,hu,index.hu,index.hu,2026-04-17,"Hivatalosan jön a Top Gun 3, de Tom Cruise búcsúzhat a szerepétől",https://index.hu/mindekozben/poszt/2026/04/17/elkeszul-a-top-gun-3-es-tom-cruise-is-visszater/
1a1c44d985e71fa42b3d62b578120d685cf723569698ff15fa52fdb3c24bfbd9,2026-04-17 19:30:45.629755+00:00,hu,index.hu,index.hu,2026-04-17,"A virágpor lenne a csodaszer, a pollen pedig az örök ellenség?",https://index.hu/tudomany/2026/04/17/mehesz-bodo-jozsef-attila-viragpor-pollen/
533e503db79bfb03dfa3a64dcd0745a731fa9e5d80d1668c2dd9f24dfe6a22f7,2026-04-17 19:30:41.001927+00:00,hu,index.hu,index.hu,2026-04-17,"Befutott a Samsung új népmobilja, teszten a Galaxy A57",https://index.hu/tech/cellanaplo/2026/04/17/samsung-galaxy-a57-teszt/
9609f70664441530878b591b6fcb05f174ea60b3f65498012beab2ccc5959fe9,2026-04-17 19:30:32.018406+00:00,hu,index.hu,index.hu,2026-04-17,Ettől a döntéstől óva int minden európai országot a Nemzetközi Valutaalap,https://index.hu/kulfold/2026/04/17/imf-nemzetkozi-valutaalap-uzemanyagado-csokkentes-europa-kozel-keleti-konfliktus/
7b103b189bc0327ba867ac8cebc871b109114088775954f798eb5eae40132101,2026-04-17 19:30:27.238702+00:00,hu,index.hu,index.hu,2026-04-17,Olaszország legyőzésével a magyar válogatottnak még él a reménye az elit vb-re,https://index.hu/sport/jegkorong/2026/04/17/noi-jegkorong-divizio-i-a-s-vilagbajnoksag-magyarorszag-olaszorszag-osszefoglalo/
891871e5741e62c5663f68cb81471a0efedd8ddf2941a18812d73ac0a66c0108,2026-04-17 19:30:21.732433+00:00,hu,index.hu,index.hu,2026-04-17,"Leégett Ausztrália második legnagyobb finomítója, most vannak csak igazán bajban",https://index.hu/kulfold/2026/04/17/ausztralia-olajfinomito-leeges-koolaj-uzemanyag-hiany-beszerzes/
f10f7060255d9b8a51cdd391bb27259c4ced46aca4ce7e65ee1e22bc472b970e,2026-04-17 19:30:16.145800+00:00,hu,index.hu,index.hu,2026-04-17,"Előléptek Magyar Péter kulcsemberei, akik eddig a háttérben mozogtak",https://index.hu/belfold/2026/04/17/magyar-peter-valasztas-2026-kormanyalakitas-miniszterelnok-alakulo-ules-bujdoso-andrea-velkey-gyorgy-laszlo/
26c003cbd8304ea2f56820874604455f01341ac0dcc2fbb858dcd2463ae20e61,2026-04-17 19:30:00.910319+00:00,hu,index.hu,index.hu,2026-04-17,"Marsi Anikó elárulta, hol láthatjuk majd őt a pihenője után",https://index.hu/fomo/2026/04/17/marsi-aniko-gonczi-gabor-tv2-televizio-kereskedelmi-tevek-magyarorszag/
cfd89354b6b56471e37202c11276d99e2072bb510d881497358decfdf20c9e6d,2026-04-17 19:29:58.328322+00:00,hu,index.hu,index.hu,2026-04-17,"Horrorfilmbe illő jelenetek, elképesztő madárinvázió a futballmeccsen",https://index.hu/sport/futball/2026/04/17/ausztralia-labdarugas-melbourne-victory-newcastle-jets-madarinvazio-video/
687b901ea82c3134de4e2dc81a89f1112372368764aad66ada604621a29e7952,2026-04-17 19:24:53.638824+00:00,hu,blikk.hu,blikk.hu,2026-04-17,Új számban nyert ob-t Milák Kristóf,https://www.blikk.hu/sport/milak-kristof-50-pillango/17tb3w0
c6d7140a48e50a06d59f6749c10de9db537165a7884f3ca67b9600fbd76b6947,2026-04-17 19:24:16.814968+00:00,hu,blikk.hu,blikk.hu,2026-04-17,Mi történt? Levették Lengyel Johanna arcát a plakátokól – itt a magyarázat a különös döntésre,https://www.blikk.hu/sztarvilag/hazai-sztarok/lengyel-johanna-vasovski-margitsziget-koncert/dw3hkgg
67e6ddce1c2af69dfddb14f8fb19d38a2a6e97d5c4134777a8e744f2a9065f49,2026-04-17 19:23:40.728157+00:00,hu,blikk.hu,blikk.hu,2026-04-17,Herceg Dávid megszólalt a kislánya betegségéről: „Most már sokkal jobban vagyunk”,https://www.blikk.hu/sztarvilag/hazai-sztarok/herceg-david-kislanya-sarah-szemproblema/gx79g13
4be9d78cfe8bcaac81c56e6c380c78d0b5fc89e70ea378a489b42424a1d66d6f,2026-04-17 19:23:22.710246+00:00,hu,blikk.hu,blikk.hu,2026-04-17,"Kisboltba indult Vali néni, katonák, rendőrök, polgárőrök, kutyások indultak a felkutatására",https://www.blikk.hu/aktualis/belfold/eltunt-no-idos-asszony-kereses-tapolca-veszprem-varmegye/ty251gs
13c626ea8daf1b12c348b5222580d24077556a3a07deab075aff87aa84e9a794,2026-04-17 19:23:14.433239+00:00,hu,blikk.hu,blikk.hu,2026-04-17,"Minitanfolyam: ezt kell csinálni, ha a MOHU-gép visszadobja a palackot",https://www.blikk.hu/aktualis/belfold/mohu-tanfolyam-visszavaltas-gep-palack/4jl4emr
5313f26edb02381a34de8f974a921cd06ca4606fca12e75536e1fbe9710db419,2026-04-17 19:23:09.387102+00:00,hu,blikk.hu,blikk.hu,2026-04-17,Ezért mondták le Lengyelországban is Kanye West koncertjét,https://www.blikk.hu/aktualis/kulfold/lengyelorszag-koncert-lemondas/zf4lrrr
09021e5bcadde3b99eea0c15655a04e0981ce1360115dd2e4b0516b4b94faed4,2026-04-17 18:40:55.679034+00:00,hu,origo.hu,origo.hu,2026-04-17,"Kíváncsi, milyen idő várható a hétvégén? Tőlünk megtudhatja",https://www.origo.hu/itthon/2026/04/idojaras-szombaton-homerseklet
c2bb5a02b4e135e2f590fbefa76f76fe113c97b0f6aff3451feba751635b9928,2026-04-17 18:40:39.975259+00:00,hu,origo.hu,origo.hu,2026-04-17,"Karácsonyi ""ajándék"" júliusban: a főváros megint az autósok helyzetét nehezítené",https://www.origo.hu/belpol/2026/04/karacsony-gergely-parkolas-tiltakozas-autosok
30f0b49d023fb0a55cc5025548e053156d5efd8634dec23819d72715e6230b79,2026-04-17 18:40:32.500428+00:00,hu,origo.hu,origo.hu,2026-04-17,Ő vezette a Tényeket Gönczi Gábor és Marsi Anikó távozása után,https://www.origo.hu/itthon/2026/04/tenyek-marsi-aniko-gonczi-gabor-tavozasa
30781a91d8651870b79c4180195de9fb5d6ad6f1f97107bd2dc04601288ba3a0,2026-04-17 18:40:27.799068+00:00,hu,origo.hu,origo.hu,2026-04-17,Ezt látnia kell! Szexi bombaként robbant be a két énekesnő erotikus tánca,https://www.origo.hu/nagyvilag/2026/04/szexi-videoklip-tyla-zara-larsson-she-did-it-again
58fe8f7c660623ccabe402f6266efbe3f63b9846889d302334c15cd6d064e9a8,2026-04-17 18:40:08.787042+00:00,hu,origo.hu,origo.hu,2026-04-17,"Mit álmodunk a halál előtt? – Új kutatás tárta fel, mit láthatnak az emberek a halál közeledtével",https://www.origo.hu/nagyvilag/2026/04/almok-halal-elott-mit-latunk-az-elet-vegen
aa88e5045d685d979fad8dadf691f9c1bad786564649a08300f514d112a71fff,2026-04-17 18:40:03.428354+00:00,hu,origo.hu,origo.hu,2026-04-17,Hihetetlen: brutális összeget keresett egy 13 éves fiú egy malaccal,https://www.origo.hu/nagyvilag/2026/04/malac-rekord-arveres-houston-rodeo
5004c6e942725b6610bc8e8bcf65df7a7029bd64035cb4ef6195371ab7bbe4ac,2026-04-17 18:39:58.746222+00:00,hu,origo.hu,origo.hu,2026-04-17,Egyre nagyobb a baj: újabb magyarországi városokat érint az azbeszt-ügy,https://www.origo.hu/kek-hirek/2026/04/azbeszt-ugy-ujabb-nyugat-magyarorszagi-varosokat-erint
9d6bcf3259d447398d91c8c5217ed165b46c669155e1c392acc12abc36fd683c,2026-04-17 18:39:53.292607+00:00,hu,origo.hu,origo.hu,2026-04-17,Bravúrgyőzelmet aratott a hazai világbajnokságon a magyar válogatott,https://www.origo.hu/sport/sport-csapat/2026/04/magyar-valogatott-jegkorong-vilagbajnoksag-olaszorszag
6f29949c1fe4e91ed412d03bc2fe794098e098b55164f5f75d39c34f88cd5700,2026-04-17 18:39:48.927312+00:00,hu,origo.hu,origo.hu,2026-04-17,Szélsőséges csoport drónos fenyegetése miatt zártak le egy londoni parkot,https://www.origo.hu/nagyvilag/2026/04/dronos-fenyegetes-londoni-park-szelsoseges-csoport
8238dd0c2e7364b0a2f049b5a489817f34024ff0d89db5c9d69c36b8493e0492,2026-04-17 18:39:43.290978+00:00,hu,origo.hu,origo.hu,2026-04-17,Haldokló betegek vallottak a látomásaikról – döbbenetes részletek,https://www.origo.hu/nagyvilag/2026/04/halal-elotti-latomasok-betegek-almok
a06e15723a418276f5d14fdaffc6c24b9de1865232629e32e0ac2c8d201269a0,2026-04-17 18:39:38.783029+00:00,hu,origo.hu,origo.hu,2026-04-17,Fontos bejelentést tett Irán a Hormuzi-szorosról – erre senki se számított,https://www.origo.hu/nagyvilag/2026/04/hormuzi-szoros-iran-megnyitas
9a37f0cb5147cfb5916890ce3180d8b8dc75cc4fa34f2fc3acc1cacc929427ca,2026-04-17 18:39:33.619595+00:00,hu,origo.hu,origo.hu,2026-04-17,"Tóth Alex csapata máris megegyezett az új edzővel, a magyarok jól ismerik",https://www.origo.hu/sport/sport-futball/2026/04/toth-alex-bournemouth-marco-rose-uj-edzo-rb-leipzig
709492dc938eb860179460d7b69adebbb16220ad33994d42a845ddffcef02d0c,2026-04-17 18:39:28.780073+00:00,hu,origo.hu,origo.hu,2026-04-17,"Hajmeresztő dologra jött rá Hawking, más lehet az univerzum, mint hittük",https://www.origo.hu/tudomany/2026/04/fekete-lyuk-hawking-univerzum
08d60d416ae5c8f7f7e3aedff1a23d49faf647d520e99dd61be50d115ee080be,2026-04-17 18:39:23.353827+00:00,hu,origo.hu,origo.hu,2026-04-17,Dzsudzsák Balázs megvillantotta méregdrága sportautóját – kép,https://www.origo.hu/sport/sport-laza/2026/04/dzsudzsak-balazs-meregdraga-alomauto-foto
087dc70622a298205c78274adba3044bb37ff483b74ef98bafbbe2065f02d8d6,2026-04-17 18:39:16.333749+00:00,hu,origo.hu,origo.hu,2026-04-17,Szenzáció! Hatalmas pénzösszeget kaszált ma valaki a hatos lottón,https://www.origo.hu/itthon/2026/04/hatos-lotto-nyeremeny-szerencsejatek
a136101834b244e794839bf59958aabc25b261dbe38b4c9a31ea9c3c44ecf155,2026-04-17 18:39:06.294042+00:00,hu,origo.hu,origo.hu,2026-04-17,"Milák Kristóf még mindig keresi legjobb formáját, de így is csodát tett az ob-n",https://www.origo.hu/sport/sport-egyeni/2026/04/milak-kristof-csodat-tett-az-uszo-ob-n
f47e1d43543cd4fe87fd8fc289ca36955f10b10d466b0288993b8f8a966fa703,2026-04-17 18:33:47.544968+00:00,hu,blikk.hu,blikk.hu,2026-04-17,Újra van vízszolgáltatás a Markusovszky kórház sürgősségijén,https://www.blikk.hu/aktualis/belfold/markusovszky-korhaz-viz-szolgaltatas-helyreallitas/jg5c91v
93de5ab8f2bc073e3920b30bf7d7987c76b73ff44a6d479d1f5c36e10299ed14,2026-04-17 18:33:20.708777+00:00,hu,blikk.hu,blikk.hu,2026-04-17,Kigyulladt egy autó az M7-esen Törökbálintnál: személyi sérülés nem történt,https://www.blikk.hu/aktualis/belfold/m7-auto-kigyulladt-torokbalint/cnlgxc1
63f6682f54747460f9aeeacc9a149b4593543ccc9a2e7ea52dfd8f021186ed2d,2026-04-17 18:33:15.983702+00:00,hu,blikk.hu,blikk.hu,2026-04-17,"Megszólalt Marsi Anikó, miután kiderült, hogy jövő héttől nem ők vezetik Gönczi Gáborral a TV2 hírműsorait",https://www.blikk.hu/sztarvilag/hazai-sztarok/marsi-aniko-megszolalt-tv2-tenyek/3gn4dxd
33b924de72a2fd63755e1229660379b0a2488a0e9602acd2c000a717f587548a,2026-04-17 18:30:39.567771+00:00,hu,index.hu,index.hu,2026-04-17,"Csányi Sándor az Indexnek az új kormányról: A konstruktív együttműködés mellett szót emelek, ha kell",https://index.hu/gazdasag/2026/04/17/csanyi-sandor-otp-bank-vagyonado-hitel-hitelpiac-bank-magyar-peter-orban-viktor-valasztas-magyar-gazdasag/?utm_source=hirstart&utm_medium=referral&utm_campaign=ct
5130c49ae550783d6136c38b9d6bdcaca56185da4c633031256ef276834a3146,2026-04-17 18:29:52.481614+00:00,hu,index.hu,index.hu,2026-04-17,"Rendőrségi eljárás indulhatott a Ferencváros kapusa, Gróf Dávid ellen",https://index.hu/sport/futball/2026/04/17/grof-david-labdaszedo-rendorsegi-eljaras-ujpest-ftc-derbi-botrany/?utm_source=hirstart&utm_medium=referral&utm_campaign=ct
85dc4eb376a04c40991cec4e68900ab79becdb5852d9bb238b35e787e4c7bf1c,2026-04-17 18:29:34.771574+00:00,hu,origo.hu,origo.hu,2026-04-17,Végjáték vagy újrakezdés? A jobboldali közösség jövője a politikai sivatagban,https://hirtv.origo.hu/ahirtvhirei/2026/04/vegjatek-vagy-ujrakezdes-a-jobboldali-kozosseg-jovoje-a-politikai-sivatagban
27d3f6218376f9758887da4e842613663c8772e7bae5dfb3500a35ffa4535635,2026-04-17 18:28:44.491518+00:00,hu,origo.hu,origo.hu,2026-04-17,Kommentháború tört ki: sokakat kiakasztott a Tisza Párt döntése,https://hirtv.origo.hu/ahirtvhirei/2026/04/kommenthaboru-tort-ki-sokakat-kiakasztott-a-tisza-part-dontese
ad19f3cc0651507ff3ca26a89e2f102b1bf26cf43dbc80b15207d600d9b884ab,2026-04-17 18:28:28.939795+00:00,hu,origo.hu,origo.hu,2026-04-17,Megtartották a Pesti Srácok által szervezett Magyar Úton Gyűlést,https://hirtv.origo.hu/ahirtvhirei/2026/04/megtartottak-a-pestisracok-altal-szervezett-magyar-uton-gyulest
8a02e9651eea1f7c357a22754b6fde255b69d9790b5c79d6359cff32e3e79fa8,2026-04-17 18:20:26.087722+00:00,hu,blikk.hu,blikk.hu,2026-04-17,"""Biztos jó Németh Balázst hívtatok?"", összetévesztik a Fidesz képviselőjelöltjével a gödöllői egyetem docensét",https://www.blikk.hu/politika/magyar-politika/nemeth-balazs-valasztas-nevrokon-fidesz-teves-uzenetek/f8e53vh
59c8bcddb974aaf3e2e32d6ba9b67db1b7aa7e7da4d2906e865fa90decd2ff2b,2026-04-17 18:20:21.617685+00:00,hu,blikk.hu,blikk.hu,2026-04-17,"Péntek délelőtt először ülhet egy asztalhoz a Tisza, a Fidesz és a Mi Hazánk",https://www.blikk.hu/politika/magyar-politika/parlament-fidesz-tisza-mi-hazank/bbtpswr
6f8084eb15d0608a6b175c89b5ea6c48e85875f9a1a5ef3c7f96897a5c80cee2,2026-04-17 18:19:47.012261+00:00,hu,blikk.hu,blikk.hu,2026-04-17,Victoria Beckham 52 éves lett: A Spice Girl ikonját egy pillanat alatt megutálták a fia esküvője után,https://www.blikk.hu/sztarvilag/nemzetkozi-sztarok/victoria-beckham-szuletesnap/8dm09bk
8423eb1b2861d60495cd4516ae759257f51ca84182ee5c701f03170a5da9f1cb,2026-04-17 18:19:41.250719+00:00,hu,blikk.hu,blikk.hu,2026-04-17,"""Utolsó adás"" – Nagy bejelentést tett az RTL Reggeli stábja, végleg lezárul egy korszak",https://www.blikk.hu/sztarvilag/hazai-sztarok/rtl-reggeli-musor-bejelentes-bucsuzik-studio/q86fsqr
5d8090668ec8bbe8c8051af90fffd8477d5eef93699dc0192917cfb950f6caf7,2026-04-17 18:19:24.452676+00:00,hu,blikk.hu,blikk.hu,2026-04-17,Fontos pozíciót kapott Nagy László,https://www.blikk.hu/sport/csapat/nagy-laszlo-ihf/wflkrsb
6cf370f130ad097da62758017c4258e9894379aad98a723d907397b9c5cf3727,2026-04-17 18:19:20.125121+00:00,hu,blikk.hu,blikk.hu,2026-04-17,Magyar Péter felszólítására lemondott a közmédia kuratóriumának tagja,https://www.blikk.hu/politika/magyar-politika/kozmedia-magyar-peter-kuratorium/2nwv4xs
152af3b360058b6d0eae2c305fa1be9ed469eaed22cfb6e1f3204b1ab03619eb,2026-04-17 17:38:13.058766+00:00,hu,blikk.hu,blikk.hu,2026-04-17,Németországon belül válthat a magyar válogatott kézikapus,https://www.blikk.hu/sport/csapat/bartucz-laszlo-pergel-andrej/5v7p1zp
4e772a841233a650fc720869f2565f7536d17fb1116c7a0a250bb63e76e44543,2026-04-17 17:38:07.713372+00:00,hu,blikk.hu,blikk.hu,2026-04-17,Kiderülnek a magyar pornóipar titkai az RTL új sorozatában,https://www.blikk.hu/sztarvilag/hazai-sztarok/birodalom-sorozat-indul/1y7ffb1
259164c7ec39be98e0e1682b5df09e5defcf39712063195b891ebecb8170cafc,2026-04-17 17:37:43.461522+00:00,hu,blikk.hu,blikk.hu,2026-04-17,Dárdai Blanka és Baracsi Dániel Olaszországban pihennek együtt,https://www.blikk.hu/sztarvilag/hazai-sztarok/dardai-blanka-parja-utazas/p1n90kn
04f727002413a434c3d05719505c340ae1f139841b46546e94698e497c47d4d6,2026-04-17 17:37:37.861695+00:00,hu,blikk.hu,blikk.hu,2026-04-17,Igazi grófné látta vendégül: erdélyi útjáról mesélt Trokán Nóra,https://www.blikk.hu/sztarvilag/hazai-sztarok/trokan-nora-utazas-erdely-bethlen-csalad/jys8gvx
4dd6322c3a7c16e3ce7e0a1f5e9d3b4e7b8582b5c4094adaf5401e1ca97e0282,2026-04-17 17:37:33.205012+00:00,hu,blikk.hu,blikk.hu,2026-04-17,"Most érkezett: megfordult az egyik legszorosabb választókerület, miután megszámolták az összes szavazatot",https://www.blikk.hu/politika/magyar-politika/tolna-03-valasztokerulet-suli-janos-cseh-tamas/etfv58k
9cebbe1c3b95c4d33e12ac7b894690c43f4c1c1f33e76b85fea4c7656885ad70,2026-04-17 17:37:28.636281+00:00,hu,blikk.hu,blikk.hu,2026-04-17,"Visszahívnak egy gyógyszert, mert neurológiai kockázatokkal jár a szedése",https://www.blikk.hu/aktualis/belfold/gyogyszervisszahivas-fereghajto-dontes/f30b62j
e7ea9dce91ce2d8dbd82f25505c49d6d23ce7d09b749bf7b6d8c1c9843b7dd05,2026-04-17 17:37:23.388853+00:00,hu,blikk.hu,blikk.hu,2026-04-17,Örömhír a rajongóknak: a hatalmas sikerrel lezajlott Oltári srácok turné mégsem a végső búcsút jelentette a közönségtől,https://www.blikk.hu/sztarvilag/hazai-sztarok/oltari-sracok-musical-visszateres/hepxklf
566cfbdff317783957ad10b77d2076e1f3d720ace4652c0f4045b7373ffedbe3,2026-04-17 17:37:18.682184+00:00,hu,blikk.hu,blikk.hu,2026-04-17,Lakásbiztosítás: mikor nem fizet a biztosító vészhelyzet esetén,https://www.blikk.hu/eletmod/tippek/biztositas-asszisztencia-kar-mnb/gxjlq1v
06725718128e8ff3bb54fde3b2459b88eeec00d09fcafb2dddece452c42cafeb,2026-04-17 17:37:01.944707+00:00,hu,blikk.hu,blikk.hu,2026-04-17,Ő vezette a Tények műsorát Gönczi Gábor és Marsi Anikó távozása után,https://www.blikk.hu/sztarvilag/hazai-sztarok/tv2-tenyek-musorvezeto-gonczi-gabor-marsi-aniko-vitanyi-judit/enjdzt8
18a63427648c4ba6fe0320f641672d2cec391167389cc0a66764c5697b7850c3,2026-04-17 17:36:56.862547+00:00,hu,blikk.hu,blikk.hu,2026-04-17,Török Ádám emléke ma is él a zenésztársak és barátok körében,https://www.blikk.hu/sztarvilag/hazai-sztarok/torok-adam-halal-evfordulo/6nwh7kq
af2a7ab2b4d32a8d06bdca84a3862dda01d890ba8090e09897b62e5a56c69eab,2026-04-17 17:36:32.128683+00:00,hu,blikk.hu,blikk.hu,2026-04-17,Életmentés egy fővárosi jégcsarnokban: a civilek és a mentősök összefogtak,https://www.blikk.hu/aktualis/belfold/orszagos-mentoszolgalat-jegcsarnok-eletmentes/qdhfb93
a3b4b41d7d59edd25247842a5857af79c1ea86a9e099597b2c2ca4fd2a3b9050,2026-04-17 17:36:26.375341+00:00,hu,blikk.hu,blikk.hu,2026-04-17,A vb előtt két hónappal cserél kapitányt Szaúd-Arábia,https://www.blikk.hu/sport/kulfoldi-foci/herve-renard-menesztes/16c1tq1
f29e32a8cae0f46b6e69f2ec986ec45eae52b6ff1df7b0f388dcbd12a46ae2a8,2026-04-17 17:20:37.173161+00:00,hu,origo.hu,origo.hu,2026-04-17,El sem kezdődött még a foci-vb: máris kirúgtak egy szövetségi kapitányt,https://www.origo.hu/sport/sport-futball/2026/04/foci-vb-2026-szaud-arabia-kirugtak-szovetsegi-kapitany
91f3901643b9adbbb889d5dafa205d42fc3b6bb95ddce2f326f7b3d4c59fb15e,2026-04-17 17:20:08.493638+00:00,hu,origo.hu,origo.hu,2026-04-17,"Megnézték, mi van Toszkána alatt; elborzadtak attól, amit találtak",https://www.origo.hu/tudomany/2026/04/magma-mennyisege-toszkana-alatt-szupervulkanhoz-merheto
673ad436c8c9850ecf90732af70ba6c8218789b161494c1f2f6b1ea069e9752e,2026-04-17 17:19:11.012678+00:00,hu,origo.hu,origo.hu,2026-04-17,Veszélyes is lehet az air fryer – ezt sokan nem tudták,https://www.origo.hu/nagyvilag/2026/04/air-fryer-egeszseges-vagy-veszelyes-elonyei-hatranyai
47eb202c8172eab8227a5875da8ba5e52be70b280d7c35f2b7e27af415f157e0,2026-04-17 16:45:21.829659+00:00,hu,origo.hu,origo.hu,2026-04-17,Európai fegyvergyárakra csapna le Moszkva?,https://www.origo.hu/kulpol/2026/04/europa-fegyvergyar-moszkva
17ca0d7b1adf0bcb5fc130d9a9d290f101d3a22c9b3dd78ab500fa590a40516e,2026-04-17 16:45:16.398125+00:00,hu,origo.hu,origo.hu,2026-04-17,Teherautó gázolt el egy nőt Kőröshegyen,https://www.origo.hu/kek-hirek/2026/04/teherauto-gazolt-el-egy-not-koroshegyen
d07885b4c7569ca3b727578bb3741a41166d1bb0a11e8de0d9d3d0b274b46a75,2026-04-17 16:45:08.988718+00:00,hu,origo.hu,origo.hu,2026-04-17,Zöld füstöt látott áldozata szeméből szivárogni a szepesófalui iskolai mészáros,https://www.origo.hu/kek-hirek/2026/04/iskolai-meszaros-szepesofalu
bb67a46911cf95c914075d2d31c15f50c122fb5ec691b928b670df298917fe38,2026-04-17 16:45:05.455481+00:00,hu,blikk.hu,blikk.hu,2026-04-17,"A hajózás veszélybe kerülhet a Balaton déli partján, idejekorán apad a tó",https://www.blikk.hu/aktualis/belfold/balaton-hajozas-vizszint-deli-part-figyelmeztetes/mbc64ns
dbb47c8e76a88c8a6191760f0c45828b63c126ef40697eacf0e07d366ad1f29f,2026-04-17 16:45:03.532430+00:00,hu,origo.hu,origo.hu,2026-04-17,A kijelölt szavazókörök megkezdték a külképviseleteken és átjelentkezéssel szavazók voksainak az összeszámolását,https://www.origo.hu/belpol/2026/04/szavazokorok-megkezd-osszeszamolas
313a1010bbffc5d24de83081afba113f1476b99944720f7825040b1ea16755ee,2026-04-17 16:44:57.420588+00:00,hu,origo.hu,origo.hu,2026-04-17,"Mély dekoltázs vagy bikinifelső – ezek a világsztár, Camila Mendes legfőbb fegyverei – szexi galéria",https://www.origo.hu/foto/2026/04/camila-mendes-galeria
8ea879a2ba544e2ed78831613b0481ecbadeb4a62148cc9c29448dda61ae19f2,2026-04-17 16:44:52.155957+00:00,hu,origo.hu,origo.hu,2026-04-17,"Évekkel előre tudni lehet, kinél alakulhat ki bőrrák",https://www.origo.hu/tudomany/2026/04/borrak-evekkel-elorejelezheto-az-mi-vel
57416d0c6ac2903d2cb63dd6c3b64518e4392c86ae0d2870d89e4f71a3f933b6,2026-04-17 16:44:50.539140+00:00,hu,blikk.hu,blikk.hu,2026-04-17,"Ilyen volt Horváth Csenge és Barabás Ottó esküvője – Mesébeillő, ahogy szerelmük kibontakozott",https://www.blikk.hu/sztarvilag/hazai-sztarok/horvath-csenge-barabas-otto-kapcsolat/nh6hh8t
3585431fee75089488570d8f974f1aa97f4b89c4a0392ce7dd0551e1872134da,2026-04-17 16:44:42.230055+00:00,hu,blikk.hu,blikk.hu,2026-04-17,50 éves lett Fekete Pákó: nagy bulival ünnepli meg,https://www.blikk.hu/sztarvilag/hazai-sztarok/fekete-pako-50-eves/cs3c95t
3491977b9999f6c32f4cd7b2d84e79d61a533092feb53b7142c31d640184d503,2026-04-17 16:44:36.976992+00:00,hu,origo.hu,origo.hu,2026-04-17,"Mica Argañaraz, az argentin szupermodell extra hosszú combjai a képernyő elé szegeznek – szexi fotók",https://www.origo.hu/foto/2026/04/mica-arganaraz-galeria
1f40bdd8e31bd8bb5857d669f6be53ff9790600363f168d0e8b35733278a1456,2026-04-17 16:44:20.344277+00:00,hu,blikk.hu,blikk.hu,2026-04-17,"Újabb fordulat: Sosem lesz felelőse, hogy felrobbant a puska László kezében?",https://www.blikk.hu/aktualis/belfold/mesterloveszpuska-baleset/bexbhk9
726e76af4af5ebccb36a550235dfc87bb125aceb433fca50fced044aecea9be4,2026-04-17 16:44:14.641072+00:00,hu,origo.hu,origo.hu,2026-04-17,"Borulhat minden, amit a világegyetemről hittünk – új dimenziót fedeztek fel",https://www.origo.hu/nagyvilag/2026/04/het-dimenzio-vilagegyetem-univerzum-fekete-lyuk
20956933796a204fed97438bec3d04e0acc9cc37da00a01b2a32c02dc8acd704,2026-04-17 16:44:10.260151+00:00,hu,origo.hu,origo.hu,2026-04-17,Amit senki nem mond el a lepedőakrobatikáról – ezen bukik el a legtöbb kapcsolat,https://www.origo.hu/nagyvilag/2026/04/szextanacsok-7-dolog-amit-szakertok-nem-ajanlanak
986fee77081ececd2c5fe6315e46398fb1f92c42371c88c08553c41aeb59eac4,2026-04-17 16:43:52.309590+00:00,hu,origo.hu,origo.hu,2026-04-17,Itt a lista: őket zárta ki Macron az iráni háborús csúcsról,https://www.origo.hu/belpol/2026/04/macron-irani-haborus-csucs-merz-starmer-meloni
8cf795a8e6fadf1bd298f13033cc633110bc20fd867b2b44f6e579c5a1aca6af,2026-04-17 16:43:51.783448+00:00,hu,blikk.hu,blikk.hu,2026-04-17,Vége a trükközésnek! Új életkor-ellenőrző alkalmazás jöhet az EU-ban a gyermekek online biztonságáért,https://www.blikk.hu/aktualis/kulfold/europai-unio-eletkor-ellenorzo-alkalmazas-kozossegi-media/xg7jmsm
f365a18528a2fcf04dec7de9b9582a33f751d069b9bb066d422b68fe9b9d765d,2026-04-17 16:43:46.748694+00:00,hu,blikk.hu,blikk.hu,2026-04-17,"Történelmet írt Horváth Laura, a világ legfittebb nője",https://www.blikk.hu/sport/horvath-laura-vilag-legfittebb-noje-film/45qhhmb
e9b60bedfa4270992860db605516cec67b089cc91da5d3d5c73b96fea113ccc5,2026-04-17 16:43:46.332251+00:00,hu,origo.hu,origo.hu,2026-04-17,"Rablás Miskolcon: 3 és fél órán át, macsétával tartotta rettegésben áldozatait",https://www.origo.hu/kek-hirek/2026/04/rablas-miskolc-macseta-fenyegetes
796aead60fddadaa790ac5612dcab9be5b16c16920dde5f433ead53222a2ce8e,2026-04-17 16:43:42.146668+00:00,hu,blikk.hu,blikk.hu,2026-04-17,"„Mi történt velünk?” – szörnyülködik Karácsony, miután valaki az alvó unokájával a babakocsiban gázolt át a lábán Nádasdy Ádám temetésén",https://www.blikk.hu/politika/magyar-politika/karacsony-gergely-nadasdy-adam-temetes-babakocsi/wdge5nx
cf2e7808d0ef5859980d35b55b2461ee8a6e05c966cea26800f6b7e271b8f195,2026-04-17 16:43:36.388108+00:00,hu,blikk.hu,blikk.hu,2026-04-17,Milák Kristóf visszalépéséről beszélt Sós Csaba,https://www.blikk.hu/sport/milak-kristof-visszalepes-sos-csaba/ds2jk41
3f7d06d2923c1277a0137f0ca0246a830381dd51526b58bae0e654cbc7b9a0e3,2026-04-17 16:43:31.871478+00:00,hu,origo.hu,origo.hu,2026-04-17,"Kiderült, mikor cserél pilótát a Forma-1 új csapata",https://www.origo.hu/sport/f1/2026/04/forma-1-cadillac-colton-herta-spanyol-nagydij
da23f86f7cfc7b13a807ec7781797d2f16693f67a0be5133377fea1e10314543,2026-04-17 16:38:02.334854+00:00,hu,index.hu,index.hu,2026-04-17,"Irán megnyitja a Hormuzi-szorost, azonnal zuhanni kezdtek az olaj- és gázárak",https://index.hu/kulfold/2026/04/17/haboru-iran-donald-trump-hormuzi-szoros-olajar-egyesult-allamok/
e0b092eece601a61f51f51bc6ed605711f903e0058d0573094e30cc10e6140e5,2026-04-17 16:37:43.608636+00:00,hu,index.hu,index.hu,2026-04-17,"Elindultak a találgatások, több név is felmerült Pintér Sándor lehetséges utódjaként",https://index.hu/belfold/2026/04/17/bucsek-gabor-tisza-part-belugyminiszter-valasztas-2026-kinevezes-pinter-sandor/
31383505580ed4e781b82e0787b64b254b517ad175b084680111f3beb2342d95,2026-04-17 16:37:29.465339+00:00,hu,index.hu,index.hu,2026-04-17,"Noszály Sándor kitálalt, világsztárokkal ünnepelt, de közben mély depresszióba zuhant",https://index.hu/mindekozben/poszt/2026/04/17/noszaly-sandor-leonardo-dicaprio-novak-djokovic-kozos-tortenet/
b98b13fb6dc88e74fdf9b1ecb84d5ac13241bb8fb495e1d5cb1a5f4f883ef7c1,2026-04-17 16:37:23.472372+00:00,hu,index.hu,index.hu,2026-04-17,Bombafenyegetés-hullám kényszerítette térdre a bevásárlóközpontokat és iskolákat a szomszédunkban,https://index.hu/kulfold/2026/04/17/nyugat-balkan-bombafenyegetes-iskola-bevasarlokozpont-nyomozas-hatosag-rendorseg/
b24906a0d1b52115c0971a1a4b3debd576b7558720e4bcc4ad076b2ae878cd03,2026-04-17 16:37:18.377977+00:00,hu,index.hu,index.hu,2026-04-17,Ruszin-Szendi Romulusz felháborodott a Honvédelmi Minisztériumból kiszivárgott pletykán,https://index.hu/belfold/2026/04/17/ruszin-szendi-romulusz-honvedelmi-miniszterium-szalay-bobrovniczky-kristof-honvedseg-facebook-kozossegi-media/
6677d0a611e2171a118bcd22965d667d6e1c84488b36daac3f9828196216822e,2026-04-17 16:37:13.119175+00:00,hu,index.hu,index.hu,2026-04-17,Két hónappal a világbajnokság előtt kirúgták az egyik szövetségi kapitányt,https://index.hu/sport/futball/2026/vb/2026/04/17/vb-2026-szaud-arabia-valogatott-herve-renard-menesztes/
a4614a778f192a4f8ee2f6ff9ddd046f8a04f8788e0e927e9685d973f55c7c55,2026-04-17 16:36:29.943772+00:00,hu,index.hu,index.hu,2026-04-17,"Egy méh akadályozta egy Bécsbe tartó járat felszállását, többórás késést okozott",https://index.hu/kulfold/2026/04/17/meh-innsbruck-becs-repulogep-jarat-pilota-sebessegmero-felszallas-megszakitas/
d2ce97b9584823c4fcce0f30e176e2d841eb02633d896d2a0e6267bd89a9761e,2026-04-17 16:36:22.330082+00:00,hu,index.hu,index.hu,2026-04-17,"Megszólalt Matolcsy Ádám: Legális úton szereztem a vagyonom, bármilyen hatósággal együttműködöm",https://index.hu/gazdasag/2026/04/17/matolcsy-adam-matolcsy-gyorgy-mnb-magyar-nemzeti-bank-vagyon-tisza-part/
92ffa3b06e4bf4a028bbbaad6c9fb413815f143154fa117f94203a233693a4cf,2026-04-17 16:35:52.266402+00:00,hu,index.hu,index.hu,2026-04-17,„Meglett az eljegyzésünk”,https://index.hu/mindekozben/poszt/2026/04/17/hatartalan-szerelem-rtl-eljegyzes-gyuru/
0441954f29b9bdd71b5560de37de0eba5d5dc46e39908111b114ff5c985343ae,2026-04-17 16:35:27.306023+00:00,hu,index.hu,index.hu,2026-04-17,Kigyulladt egy autó az M7-esen Törökbálintnál,https://index.hu/belfold/2026/04/17/auto-autotuz-katasztrofavedelem-m7-autopalya-torokbalint-tuzoltas/
b59d450b5d8b43bbf18f2939c4ad0cb1278a5b020253789211ca68d4c14dcf0a,2026-04-17 16:35:11.614679+00:00,hu,index.hu,index.hu,2026-04-17,"XIV. Leó pápa zsarnokokat emleget, ezzel új front nyílt a Donald Trump elleni csörtében",https://index.hu/kulfold/2026/04/17/xiv.-leo-papa-donald-trump-vita-uzenet-egyesult-allamok/
32d6a34524a7340dc920e8794ee44879059bef9c5a48255c7da2aaa8829e3961,2026-04-17 16:34:57.063560+00:00,hu,index.hu,index.hu,2026-04-17,"A választás után sem pihennek Hann Endréék, elindult a Medián legújabb felmérése",https://index.hu/belfold/2026/04/17/hann-endre-median-felmeres-valasztas-2026-tisza-part-gyozelem-szavazok-felmeres/
c0582579b0c91d3b90e77080467f06bd8fa3608e65379c81257cc1be8f1010f4,2026-04-17 16:34:52.247844+00:00,hu,index.hu,index.hu,2026-04-17,Marsi Anikó és Gönczi Gábor is eltűnik a TV2 képernyőjéről,https://index.hu/fomo/2026/04/17/marsi-aniko-gonczi-gabor-tv2-szalai-vivien-televizio-magyarorszag/
c28ea2c6ece21b13aacd89e9f8d0f3d43b33af4c32eb0d39d349c581c6912f5a,2026-04-17 16:34:46.876228+00:00,hu,index.hu,index.hu,2026-04-17,"Leszerelik Budapesten a parkolóautomatákat, mégis drágul a parkolás",https://index.hu/belfold/2026/04/17/budapest-parkoloautomata-parkolasi-dij-leszereles-emelkedes/
aece92ead49ffea6ed6ad79f57452672f7f135901c3f23a3bd52a5c79aa1db18,2026-04-17 16:34:42.110564+00:00,hu,index.hu,index.hu,2026-04-17,Műholdjainknál is közelebb halad el egy aszteroida a Föld mellett,https://index.hu/tudomany/2026/04/17/apophisz-kaosz-istene-foldsurlo-kisbolygo-aszteroida-nasa-urkutatas-2029-utkozesveszely/
22c0db72406d4397f0c625607825f9affdf9b51f8df869025febe71b2c8f39a5,2026-04-17 16:34:26.773263+00:00,hu,index.hu,index.hu,2026-04-17,"Ezért járnak rosszul sokan a biztosításukkal – mutatjuk, hogyan kerülhető el",https://index.hu/gazdasag/2026/04/17/etika-biztositas-gelei-toth-gabriella-szerzodes-nyugdij-eletbiztositas-kerdesek/
15ef39475230eeffdb382692411bb5d788efcef6ab3603974fd8001e62e56d18,2026-04-17 16:23:05.341142+00:00,hu,blikk.hu,blikk.hu,2026-04-17,"Minden eddiginél gyorsabb kormányalakítás jöhet, de kik lesznek a miniszterek? Összeszedtük az esélyeseket",https://www.blikk.hu/politika/magyar-politika/uj-kormany-alakulas-tisza-magyar-peter-miniszter/h95120g
9198dff82ddaaa49ca63f280770d9b668bffb50baa1a289f946fb560e3ad60a6,2026-04-17 16:22:54.510369+00:00,hu,blikk.hu,blikk.hu,2026-04-17,Vége az olcsó repülésnek? Válságba került a légi közlekedés a nyári szezon előtt,https://www.blikk.hu/gazdasag/penz/legi-kozlekedes-legitarsasag-kerozin-aremelkedes/6n7k0nh
107539aa39679b1ba6d8128c32913631ac213b0c1df6335406b0678b6ea21295,2026-04-17 15:47:16.493879+00:00,hu,blikk.hu,blikk.hu,2026-04-17,Méregdrága sportautót kapott ajándékba Dzsudzsák Balázs – azt is tudni kitől,https://www.blikk.hu/sport/magyar-foci/dzsudzsak-balazs-alomauto-bmw/wnw4e7v
78b3803ca7caa52f1073875d5751b1acf85545c2c2a67e75435f04666572d335,2026-04-17 15:46:56.277310+00:00,hu,blikk.hu,blikk.hu,2026-04-17,Orbán Viktor már alá is írta a rendeletet: döntött a kormány a védett üzemanyagárról,https://www.blikk.hu/politika/magyar-politika/vedett-ar-uzemanyag-dontott-a-kormany-rendelet/4hx0te7
63239f8c602eb7cd00fbc09577cb73f1e8f296744ec7dfc24e900914fb5a9fae,2026-04-17 15:46:34.216183+00:00,hu,blikk.hu,blikk.hu,2026-04-17,Lakást vásárolt Bódi Bence felesége: három év influenszerkedés után tudta megvenni az ingatlant,https://www.blikk.hu/sztarvilag/hazai-sztarok/bodi-bence-varga-rebeka-lakasvasarlas/c24frgb
dc1e794341b2414d9892bd55d2eb6f66c68d8db3836ab58bc83cbc5ff8c26ac4,2026-04-17 15:46:27.089289+00:00,hu,blikk.hu,blikk.hu,2026-04-17,Elhányta magát az Al-Nasszr meccsén Cristiano Ronaldo,https://www.blikk.hu/sport/kulfoldi-foci/cristiano-ronaldo-hanyas/7j8sx87
5fa96e7a7059624b36a68ffd2016cd95b926b487556e6a1545ee0590d377d53e,2026-04-17 15:46:18.217548+00:00,hu,blikk.hu,blikk.hu,2026-04-17,Feszültséggel teli volt az Exatlon Hungary 20. adása: kiderült ki fog párbajozni,https://www.blikk.hu/sztarvilag/hazai-sztarok/exatlon-hungary-huszadik-adas-galeria/dppt291
a0c81f192cea158f9d930bccf5f900236f6c9e1520fd0635c980804a1161aac0,2026-04-17 15:45:42.646303+00:00,hu,blikk.hu,blikk.hu,2026-04-17,"Ekler Luca megtörte a csendet az exatlonos doppingügyről: „Eszembe juttatta, mi minden vár otthon”",https://www.blikk.hu/sztarvilag/hazai-sztarok/ekler-luca-doppingugy-reakcio/3lbsykt
3ed6e6a9d5d42030586f2f9e7679232fe8c444b2128f9c018463bf20a59f3aa5,2026-04-17 15:44:53.551908+00:00,hu,blikk.hu,blikk.hu,2026-04-17,Elkobozzák a gyorshajtók autóját,https://www.blikk.hu/aktualis/gyorshajtok-elkobzas-auto-kozlekedes-buntetes/99qrj6z
bb6058c192bc56285e4924190bb2c9e35be49443c1e4447283a04d46f3c8ddee,2026-04-17 15:40:14.122890+00:00,hu,index.hu,index.hu,2026-04-17,"Magyar Péter nagytakarításra készül az Alkotmánybíróságon, lehet, hogy új bírák jönnek",https://index.hu/belfold/2026/04/17/magyar-peter-alkotmanybirosag-polt-peter-mandatum-letszam/?utm_source=hirstart&utm_medium=referral&utm_campaign=ct
3859c2a223d84adfb8992d06dcb7ef90bbfed47ac15c033735725284c55f6619,2026-04-17 15:31:53.479504+00:00,hu,origo.hu,origo.hu,2026-04-17,"Történelem íródik Schäfer András csapatánál, a FIFA is gratulált",https://www.origo.hu/sport/sport-futball/2026/04/schafer-andras-noi-edzo-marie-louise-eta-bundesliga
b041844872eb2787a80970972d4f45e45630fb97c994f7367b98a3f76872df18,2026-04-17 15:31:44.980400+00:00,hu,origo.hu,origo.hu,2026-04-17,Magyar Péter lemond a mandátumáról – összeférhetetlenség áll fenn,https://www.origo.hu/belpol/2026/04/magyar-peter-osszeferhetetlenseg-lemond-europa-mandatum
748ad1f7085f4a3406b33a6d7925613cde75944cd82013a20a8e636321f86d8c,2026-04-17 15:31:39.427593+00:00,hu,origo.hu,origo.hu,2026-04-17,Tolvai Reni hálós harisnyában mutatja meg formás idomait,https://www.origo.hu/teve/2026/04/tolvai-reni-halos-harisnya-instagram-bejegyzes
2a4cdeaa987b84f5d5bcad43619b886df42bc3c93d6a5f0ac5c213008de8e881,2026-04-17 15:31:19.732081+00:00,hu,origo.hu,origo.hu,2026-04-17,Váratlan fordulat a TV2-nél – eltűnnek a képernyőről a népszerű műsorvezetők,https://www.origo.hu/itthon/2026/04/tenyek-marsi-aniko-gonczi-gabor-tv2-valtozasok
e6982d7ae2ea15b4bbf1cd5aba2ece7df6d115a584dffdecb4a20c7d68cdb3a0,2026-04-17 15:31:14.715384+00:00,hu,origo.hu,origo.hu,2026-04-17,Itt a baljós üzenet! Megnevezték a legnagyobb veszélyt Európára nézve,https://www.origo.hu/kulpol/2026/04/europa-haboru-veszely-frederik-vansina
047d1b71325089f9c09d545f58c6d4b50070cc3b13a96c2e559cd3079423cca9,2026-04-17 15:31:09.757621+00:00,hu,origo.hu,origo.hu,2026-04-17,Amikor kicsúszik a talaj: krízis és megküzdés,https://www.origo.hu/itthon/2026/04/amikor-kicsuszik-a-talaj-krizis-es-megkuzdes
7fc5c226544d143809b031f244070db16f318546f5804ce955e8971c1a3743b9,2026-04-17 15:31:02.959109+00:00,hu,origo.hu,origo.hu,2026-04-17,"Az Arsenal legjobbja nem játszhat a bajnoki döntőn, 16 éves csodagyerek pótolhatja",https://www.origo.hu/sport/sport-futball/2026/04/arsenal-saka-serules-manchester-city
45367cbb72eb601cf5f3476bec73416f475a7ff1893e597ee740b19f89893434,2026-04-17 15:30:58.163143+00:00,hu,origo.hu,origo.hu,2026-04-17,"Újabb szenzációs olajhír: teljesen szabaddá vált a Hormuzi-szoros – szakad az olaj ára, négyéves csúcson a forint, durranak a pezsgők",https://www.origo.hu/gazdasag/2026/04/olajar-hormuz-nyitas-forint
eb631706fb3552b0530aacd685cefc89d6c8dafc3ed7de9e0fd8d64e7f57123d,2026-04-17 15:30:37.134312+00:00,hu,origo.hu,origo.hu,2026-04-17,"A világhírű színésznő, America Ferrera vadítóan kerek melleket villant – dögös galéria",https://www.origo.hu/foto/2026/04/america-ferrera-galeria
c93e297f0b12c6d4fb6cc4b54e69b40e47daa3008fa27dcac8fa3c15ac03f063,2026-04-17 15:30:26.477924+00:00,hu,origo.hu,origo.hu,2026-04-17,Kocsis Máté: Így adjuk át az országot,https://www.origo.hu/belpol/2026/04/kocsis-mate-igy-adjuk-at-az-orszagot
419388d7cf58b5e7ea4d7a2966f1cf0a024c3f22ba3778ff53e6741dd2e5da80,2026-04-17 15:30:15.121639+00:00,hu,origo.hu,origo.hu,2026-04-17,Súlyos káosz az Európai Ügyészségnél: korrupció árnyékában működő szuperhatóság,https://www.origo.hu/belpol/2026/04/europai-ugyeszseg-kaosz-korrupcio-tisza-part
2b9b92c4e544ec217b52b8a015a3b997e2ad667a5e98fcd56bf3a472243e707d,2026-04-17 15:30:10.090788+00:00,hu,origo.hu,origo.hu,2026-04-17,Kövér László: A legvadabb rémálmaink szerinti alakzatba hozhatják Magyarországot,https://www.origo.hu/belpol/2026/04/kover-laszlo-magyarorszag-tisza-part-hazelnok-politikus
f324bacd8b2b8471fab3524eee862d87976d4b2de568c0feaebc3758b090f6d8,2026-04-17 15:30:05.080299+00:00,hu,origo.hu,origo.hu,2026-04-17,Bombariadó söpört végig a Nyugat-Balkánon – rendkívüli intézkedések indultak,https://www.origo.hu/nagyvilag/2026/04/bomba-riado-nyugat-balkan-varosokban-riasztas
abdf59cb9244e654515b759315ba112e323ef11b96b64c4248f9b2359f2c02f9,2026-04-17 15:29:56.937353+00:00,hu,origo.hu,origo.hu,2026-04-17,Donald Trump: Irán megnyitja a Hormuzi-szorost,https://www.origo.hu/kulpol/2026/04/trump-iran-megnyit-hormuzi-szoros
68d19e0ac706b2ee209a305bd21c74b4de0a42752afd4f72cefa9bee44942292,2026-04-17 15:29:51.865694+00:00,hu,origo.hu,origo.hu,2026-04-17,"Túl szexi volt, ezért rúgták ki a brit rendőrnőt",https://www.origo.hu/nagyvilag/2026/04/rendorno-zaklatas-elbocsatas-botrany-2026
3c7ccf19a0f89b2006ec3bebb4e293d936093eaf2d8096d0a3912a27568c563c,2026-04-17 15:29:46.682306+00:00,hu,origo.hu,origo.hu,2026-04-17,Láthatatlan teher: a kisebbségi stressz pszichológiája,https://www.origo.hu/itthon/2026/04/lathatatlan-teher-a-kisebbsegi-stressz-pszichologiaja
86b821763a20cc3286ee555d0e0d5969d0e078fb122af804b3b696d196a009a0,2026-04-17 15:29:35.292403+00:00,hu,origo.hu,origo.hu,2026-04-17,"Emberrablás az utcán, egy benzinkutas mentette meg a 16 éves lányt – videóval",https://www.origo.hu/kek-hirek/2026/04/emberrablas-benzinkutas-tinedzser-lany-rendorseg
b0f6877ac6a1ffde34139e409ce5c79695c4b15db4a0d47603abaa13da791536,2026-04-17 15:29:30.436441+00:00,hu,origo.hu,origo.hu,2026-04-17,Családapát ölt meg a villám a benzinkút parkolójában,https://www.origo.hu/nagyvilag/2026/04/villamcsapas-tragikus-baleset-egyesult-allamok
7b38e53a110aef8cb36b67e4458b66601fa146fa88818f3dcee583613574a62a,2026-04-17 15:29:25.644867+00:00,hu,origo.hu,origo.hu,2026-04-17,Paige Spiranac merész képet osztott meg – ezért beszél most mindenki róla,https://www.origo.hu/sport/sport-laza/2026/04/paige-spiranac-golfozo-kebelcsoda-instagram
570a0cccfc82271cdbd09d80e544fe0a30ffd312fcd70c80f103e0b1d943760b,2026-04-17 15:29:20.381749+00:00,hu,origo.hu,origo.hu,2026-04-17,„Hihetetlen ritka” − Szoboszlai Dominik a Liverpool legjobbja,https://www.origo.hu/sport/sport-futball/2026/04/szoboszlai-dominik-premier-league-liverpool-toplista
e0c13a2049cd6feb902c5fcad726c4a083cb82d38dabe6ceed4aed114575372c,2026-04-17 15:28:54.713915+00:00,hu,blikk.hu,blikk.hu,2026-04-17,Harcsafogó találkozó Kisgyalán: kapitális halak a horgokon,https://www.blikk.hu/aktualis/belfold/harsasberki-togazda-harcsafogo-talalkozo/fhpsxm1
9ac727fedac757fc415920b921a27bd247ef4c28610fb324b9adcf0d1a43d361,2026-04-17 15:28:46.639662+00:00,hu,blikk.hu,blikk.hu,2026-04-17,"A Mol vezére, Hernádi Zsolt Oroszországba készül, hamarosan megnyílhat a Barátság kőolajvezeték",https://www.blikk.hu/politika/magyar-politika/baratsag-koolajvezetek-hernadi-zsolt-magyar-peter-oroszorszag/xv2qrg8
56c0a6159a8e5e53173c962f286067e8b243f2d43a7e4a0b315f249ad928fc18,2026-04-17 15:28:41.550660+00:00,hu,blikk.hu,blikk.hu,2026-04-17,"""Azért eszi forrón a levest, mert aki tüzet fúj, annak fel kell tankolnia"" – ezt mondták kollégái Rubovszky Ritáról, a lehetséges oktatási miniszterről",https://www.blikk.hu/politika/magyar-politika/rubovszky-rita-tisza-oktatasi-miniszter/h3wr2h1
9263ef6bcad338ddbbe927d5ce7ecaa55f8a1e2e37ae10708798f6e0c1d666a2,2026-04-17 15:28:27.031537+00:00,hu,blikk.hu,blikk.hu,2026-04-17,"Kökény Dani elindult a világhírnév felé, New Yorkban forgatott klipet az új dalához",https://www.blikk.hu/sztarvilag/hazai-sztarok/kokeny-dani-al-di-meola-kozos-dal/2kmvheq
df7af68dfcd7404d2f1a8f7258aaa0777299d4660ac2cf71355e1bed55fcf9ac,2026-04-17 15:28:16.978694+00:00,hu,blikk.hu,blikk.hu,2026-04-17,A 3–3–3 randiszabály segíthet tisztábban látni a kapcsolatot,https://www.blikk.hu/eletmod/lelek/randiszabaly-kapcsolat/yjxl9l4
415bbe2f474e991049a128ead21a44bfc81150d2f60463df222eb6c57ed89a77,2026-04-17 15:27:35.924522+00:00,hu,blikk.hu,blikk.hu,2026-04-17,Dedikált mezeiből összegyűlt hatalmas összeggel segít a rászoruló gyerekeken Marozsán Fábián,https://www.blikk.hu/sport/marozsan-fabian-tenisz-adomany-segitseg/4nh1k93
c75d3745e53d051999fa1b83fd8a97bb4f5b1d8c348bb762439e63a1277ac9a6,2026-04-17 15:27:26.228125+00:00,hu,blikk.hu,blikk.hu,2026-04-17,A Real-elnök az öltözőben hordta le a királyi gárda ászait,https://www.blikk.hu/sport/kulfoldi-foci/real-madrid-florentino-perez/ep37qf6
2075d57d21c9a60eb4ed522933eb8b85fc48433829c2751c991191057feb5b85,2026-04-17 15:27:11.481430+00:00,hu,blikk.hu,blikk.hu,2026-04-17,Lekerül a TV2 képernyőjéről Marsi Anikó és Gönczi Gábor – megszólal a műsorvezető a döntésről,https://www.blikk.hu/sztarvilag/hazai-sztarok/tv2-tenyek-marsi-aniko-gonczi-gabor-tavozas-ok/4297j1h
6a655bbc48a6d54f5fbdb09fba000f46c9ef59ff1ed1408df6360d0a6abcf72f,2026-04-17 14:44:20.625441+00:00,hu,blikk.hu,blikk.hu,2026-04-17,"Költözhet az NB I az M4 Sportról, kevés lehet a tévé-előfizetés",https://www.blikk.hu/sport/magyar-foci/nb-i-kozvetites-mlsz/sz6q9bn
e8f27ec5f945808afc2ce5587ba666de9f05e6b6c55678ce22f80b5a90399077,2026-04-17 14:44:06.308162+00:00,hu,blikk.hu,blikk.hu,2026-04-17,"Motorosok ejtettek ""sebet"" a Kis-Bükk erdein",https://www.blikk.hu/aktualis/belfold/bukk-termeszet-hatosag-motorosok-kar-rendorseg/vpdbmel
609833c436194d95679e176f94cff17daf340288f53e5306ec1cc45455e7c81e,2026-04-17 14:44:02.158352+00:00,hu,blikk.hu,blikk.hu,2026-04-17,"Valószínűleg haldoklik a routered, és még csak nem is tudsz róla: így lehet ellenőrizni",https://www.blikk.hu/ferfiaknak/tech/internet-router-karbantartas/qrf94ch
60520690e6d07e7d636aef9d789ee47f21a4eb64cdc445c3391993b0477f62e9,2026-04-17 14:43:56.526351+00:00,hu,blikk.hu,blikk.hu,2026-04-17,Magyar Péter lemond az EP-mandátumáról: ez az oka,https://www.blikk.hu/politika/magyar-politika/magyar-peter-ep-mandatum-lemond/pbb8de4
26a7146da92f70844c4b5b9e8e4f3206f0382f651ec66f3a15bb70858c1044f0,2026-04-17 14:42:41.588679+00:00,hu,origo.hu,origo.hu,2026-04-17,Energiakrízis Olaszországban: milliók maradhatnak fűtés és világítás nélkül,https://hirtv.origo.hu/hirtvkulfold/2026/04/energiakrizis-olaszorszagban-milliok-maradhatnak-futes-es-vilagitas-nelkul
cb6ac9d5c56d078e59e4990eb1094163d6acf8fb579c2b40795dbcafd47c229f,2026-04-17 14:42:36.534186+00:00,hu,origo.hu,origo.hu,2026-04-17,Időjárás-érzékenység és ízületi fájdalom – tanácsok a tavaszi „beinduláshoz”,https://hirtv.origo.hu/hirtvszines/2026/04/izuleti-fajdalom-tanacsok
087da9dac16b07cd26076afb6e6cbafeaeb4a6acbe02d33bbbbb19c0b8c67517,2026-04-17 14:42:06.738975+00:00,hu,origo.hu,origo.hu,2026-04-17,Több ezer gyorshajtó egy nap alatt – országos razziát tartott a rendőrség,https://hirtv.origo.hu/ahirtvkekhirei/2026/04/tobb-ezer-gyorshajto-egy-nap-alatt-orszagos-razziat-tartott-a-rendorseg
033101eb71bf0fd1a7c2e5bf64a57688fde5e18ca507deb5c3f3b5678e3f82f3,2026-04-17 14:41:51.987610+00:00,hu,origo.hu,origo.hu,2026-04-17,A politikai megosztottság gátolja az amerikai bevándorlási rendszer reformját,https://hirtv.origo.hu/hirtvkulfold/2026/04/a-politikai-megosztottsag-gatolja-az-amerikai-bevandorlasi-rendszer-reformjat
9ea9f1688b2076f53b5132baaf423841b884fc8973bc01eca4786ac5fa23b1e2,2026-04-17 14:41:46.748823+00:00,hu,origo.hu,origo.hu,2026-04-17,IMF-riasztás: A Hormuzi-szoros blokádja globális sokkot okozhat,https://hirtv.origo.hu/hirtv-gazdasagi-hirei/2026/04/imf-riasztas-a-hormuzi-szoros-blokadja-globalis-sokkot-okozhat
c6d3128cb4e76835959daf4d714d06ff617c0e3cf8f80cfdfa505b3ed814f887,2026-04-17 14:41:41.700742+00:00,hu,origo.hu,origo.hu,2026-04-17,Nem kell a Tiszásoknak az oktatásiminiszter-jelölt?,https://hirtv.origo.hu/ahirtvhirei/2026/04/nem-kell-a-tiszasoknak-az-oktatasiminiszter-jelolt
f9056bb4afcb702381c4aa013eaf0f5394ca7ef3024dc382929393c7347b9374,2026-04-17 14:41:36.903101+00:00,hu,origo.hu,origo.hu,2026-04-17,Megújulást sürget Orbán Viktor – erős üzenet a Patriótának adott interjúban,https://hirtv.origo.hu/ahirtvhirei/2026/04/megujulast-surget-orban-viktor-eros-uzenet-a-patriotanak-adott-interjuban
ab06a8cfc0bb57a84a3df72083c790955579f4648ec4e06ce7b2e46032da59eb,2026-04-17 14:41:31.837471+00:00,hu,origo.hu,origo.hu,2026-04-17,A német parlamentben dicsérték Orbán Viktor munkáját,https://hirtv.origo.hu/hirtvkulfold/2026/04/a-nemet-parlamentben-dicsertek-orban-viktor-munkajat
fc4d3e9afa6e88c82007f3d6d292049556d9c6ffe09516aba76fec19fe3981ed,2026-04-17 14:41:26.766003+00:00,hu,origo.hu,origo.hu,2026-04-17,A tehetség diadala: Sallai Jenő rangos nemzetközi díjat nyert New Yorkban,https://hirtv.origo.hu/kultura/2026/04/a-tehetseg-diadala-sallai-jeno-rangos-nemzetkozi-dijat-nyert-new-yorkban
6aa565cd4aee14b71562fbbadd81c3fdbcacc4189d518aa3a822d180ea3a1bde,2026-04-17 14:41:21.810959+00:00,hu,origo.hu,origo.hu,2026-04-17,Szorít az idő: elképesztő összeg forog kockán Magyarország számára,https://hirtv.origo.hu/ahirtvhirei/2026/04/szorit-az-ido-elkepeszto-osszeg-forog-kockan-magyarorszag-szamara
7b48864a199fd87c0471cdc15ad1521c97487beb09b454c7979f8e921c07e927,2026-04-17 14:41:16.707494+00:00,hu,origo.hu,origo.hu,2026-04-17,"Magyar Péter elárulta, mi lenne az első dolga a HírTV-vel",https://hirtv.origo.hu/ahirtvhirei/2026/04/magyar-peter-elarulta-mi-lenne-az-elso-dolga-a-hirtv-vel
2b44777471b04b0a4c84c9cd8cbd3dc154b3fa201ea2d11257947a314a7076c5,2026-04-17 14:41:05.080042+00:00,hu,origo.hu,origo.hu,2026-04-17,Összeomolhat az európai légi közlekedés,https://hirtv.origo.hu/hirtvkulfold/2026/04/osszeomolhat-az-europai-legi-kozlekedes
8253a89b32b1a70599d737ba4485b8cc3002e4fef3c729534f7808f63686def3,2026-04-17 14:41:00.087999+00:00,hu,origo.hu,origo.hu,2026-04-17,Politikai fordulat: Magyar Péter Budapestre hívta az izraeli kormányfőt,https://hirtv.origo.hu/ahirtvhirei/2026/04/politikai-fordulat-magyar-peter-budapestre-hivta-az-izraeli-kormanyfot
aee73720e7ceb8b35f2727e5a55ac8ba0ac5537722cb7290f4bd4a996908ea5e,2026-04-17 14:40:55.135297+00:00,hu,origo.hu,origo.hu,2026-04-17,Tárgyalóasztalnál a pártok: körvonalazódik az új parlamenti struktúra,https://hirtv.origo.hu/ahirtvhirei/2026/04/targyaloasztalnal-a-partok-korvonalazodik-az-uj-parlamenti-struktura
f2441761b8e2bf1777fa7b7900b96066ef94b67c9404b5401d81fd6729e37c51,2026-04-17 14:40:40.384352+00:00,hu,origo.hu,origo.hu,2026-04-17,Ellenzékben is egység kell – Kövér László megszólalt a vereségről,https://hirtv.origo.hu/ahirtvhirei/2026/04/ellenzekben-is-egyseg-kell-kover-laszlo-megszolalt-a-veresegrol
96436394ca12459378082021667581fa147becdcb0216d1d1e2562ec671adb4e,2026-04-17 14:40:34.117978+00:00,hu,origo.hu,origo.hu,2026-04-17,"Ébred a kert: metszés, ültetés és új kezdetek",https://hirtv.origo.hu/hirtvszines/2026/04/ebred-a-kert-metszes-ultetes-es-uj-kezdetek
d0aad3d29d16a2d403b92cc4df893a48c322bd5bde208a4a09a6f327274f7bfd,2026-04-17 14:40:29.494972+00:00,hu,origo.hu,origo.hu,2026-04-17,Több mint 360 millió forintot érő festményt nyert tombolán egy férfi,https://hirtv.origo.hu/hirtvszines/2026/04/tobb-mint-360-millio-forintot-ero-festmenyt-nyert-tombolan-egy-ferfi
6297897e96a417a2d5318cb865a578d3f1183bfa5af00684be44ffdc8209dbad,2026-04-17 14:40:24.025581+00:00,hu,origo.hu,origo.hu,2026-04-17,Gazdasági vita: kivezetné a Tisza Párt az árrésstopot,https://hirtv.origo.hu/hirtv-gazdasagi-hirei/2026/04/gazdasagi-vita-kivezetne-a-tisza-part-az-arresstopot
dcd083c10dc88a7908991a94459dada068700e9f142ca90aa88b00dc62333173,2026-04-17 14:40:19.067434+00:00,hu,origo.hu,origo.hu,2026-04-17,Ifj. Lomnici Zoltán: Jogállami alapokat sérthet a közjogi méltóságok statáriális elmozdítása,https://hirtv.origo.hu/ahirtvhirei/2026/04/ifj-lomnici-zoltan-napindito
5ca02e8f4c378fa47f78507b62eb095940c892b57517e8502268664c65ea010b,2026-04-17 14:35:05.817153+00:00,hu,blikk.hu,blikk.hu,2026-04-17,Megszólalt a doppinggyanúba keveredett magyar bringás,https://www.blikk.hu/sport/makrai-balint-kerekparos-dopping/16xbve9
4a76d368dc992f1c56ab94d5de414e05fc684f48127b784d87cfa6d0a8629525,2026-04-17 14:34:44.413109+00:00,hu,blikk.hu,blikk.hu,2026-04-17,Trükk egy kanállal: így csökkentheted a páratartalmat az ablakban,https://www.blikk.hu/eletmod/tippek/para-ellen-kanal/cyk5hdv
b800004cf9adc664e9a9d11aec2f271d387285bc1045df8c7073ce18eda2a1df,2026-04-17 14:33:59.803243+00:00,hu,blikk.hu,blikk.hu,2026-04-17,45 év hűség után: ilyen ajándékot adott a BMW egy dolgozónak – leesik az álla!,https://www.blikk.hu/auto/bmw-nyugdijba-vonulas/spcgvvq
65bc4007d5795f86cb8003fd0dd6f1cef8cfc4c7daa48b8c2fbc8216b09101f0,2026-04-17 14:33:54.526387+00:00,hu,blikk.hu,blikk.hu,2026-04-17,"Remek hír a magyar autósoknak: Szabad a Hormuzi-szoros, máris zuhan az olajár!",https://www.blikk.hu/gazdasag/penz/olajar-hormuzi-szoros-uzemanyagar/8w9znhs
394812b5168a21e702384328f2abb3b77ea422842a628246e4c582381e6b6587,2026-04-17 14:33:39.531758+00:00,hu,blikk.hu,blikk.hu,2026-04-17,"A régi mobilokban és az e-hulladékokban sok a veszélyes anyag, miközben tele vannak értékkel, amin kereshet",https://www.blikk.hu/ferfiaknak/tech/e-hulladek-ujrahasznositas/dbvdweg
a93dd0b3e93681e00aa6ef79fdd5290e9cf1f772efb09b6baaaebcbffb09ca2f,2026-04-17 14:33:10.547699+00:00,hu,blikk.hu,blikk.hu,2026-04-17,Izrael és Libanon tíznapos tűzszünetet kötött: meddig fog tartani a béke?,https://www.blikk.hu/galeria/izrael-libanon-tuzszunet-galeria/w2d7kq4
17b8246e94829dffc7b32051fb155bdd6fc10efde8914472a62ad0608b91ed8d,2026-04-17 14:22:59.915165+00:00,hu,blikk.hu,blikk.hu,2026-04-17,"Gulyás Gergely megígérte, nem nevezi többet bolondnak Magyar Pétert",https://www.blikk.hu/aktualis/belfold/gulyas-gergely-magyar-peter-politika-bolond-tisztelet/sjqtbp6
efe34bdc2162199dcadd224c854baaf4c8559af623217e410b6e7a6e56096f78,2026-04-17 14:22:51.893455+00:00,hu,blikk.hu,blikk.hu,2026-04-17,Egy kétéves kislány magára csukta az autót: a tűzoltóknak kellett kiszabadítani,https://www.blikk.hu/aktualis/belfold/orszagos-katasztrofavedelmi-foigazgatosag-kislany-auto-beszorul/gm7xw2x
f50bf187ebec3ef3dcdebd4867b1e48cca9de93f5a15fc0399be6466f3b25612,2026-04-17 14:22:22.305352+00:00,hu,blikk.hu,blikk.hu,2026-04-17,"Hiába győzött a parlamenti választásokon, Magyar Péter továbbra sem nem szólalhat fel az Európai Parlamentben",https://www.blikk.hu/politika/vilagpolitika/magyar-peter-ep-buntetes-felszolalas/hgv8eqz
2f6f76fefb0ae4b3fe88bd88dd138521cac4b5d7c9e49f7d1c6ff767aff46931,2026-04-17 14:22:02.324612+00:00,hu,blikk.hu,blikk.hu,2026-04-17,"Nem mentség a lebukott Makrai Bálintnak, de az országúti kerékpározásban gyakoriak a pozitív doppingbotrányok",https://www.blikk.hu/sport/orszaguti-kerekpar-doiioingbotranymakrai/lf6w2fe
8887fadcf2ec29ea1dda1645d05b421e2c8dc9385925d38091c1b419cb3508a6,2026-04-17 13:46:53.891485+00:00,hu,blikk.hu,blikk.hu,2026-04-17,Szívszorító sorokkal búcsúzik a horrorbalesetben meghalt korábbi csapattársától Gianluigi Buffon,https://www.blikk.hu/sport/kulfoldi-foci/gianluigi-buffon-alex-manninger-gyasz/kelqb64
03c16374978a170cfc2288f9e611e2c1232636716f9c7dfc9a8a72d6a7e60fe6,2026-04-17 13:46:48.807946+00:00,hu,blikk.hu,blikk.hu,2026-04-17,Boggie megrendítő vallomása az édesanyja alkoholbetegségéről: „Hamarabb fölnyílt a szemem...”,https://www.blikk.hu/sztarvilag/hazai-sztarok/csemer-boglarka-boggie-vallomas-alkoholizmus/j7sx7z1
06a2a82dda19e477159c827dfe58f7255980b182be6b96ea22b1c3caf3b2c48b,2026-04-17 13:46:42.987016+00:00,hu,blikk.hu,blikk.hu,2026-04-17,"Új országjáró műsorral tér vissza Borbás Marcsi, A Gólkirályság sztárjával együtt szerepel benne: videón az óriási bejelentés",https://www.blikk.hu/sztarvilag/hazai-sztarok/borbas-marcsi-uj-sorozat/8kz8wtl
4be506d93db927765e440e03ac1f301c6d827ab0ca97fcb4ea6c76fec088c0e7,2026-04-17 13:46:38.537865+00:00,hu,blikk.hu,blikk.hu,2026-04-17,"Csányi Sándor megszólalt a Tisza Párt kétharmados győzelméről és azt is elárulta, mire számít az új kormánytól",https://www.blikk.hu/politika/magyar-politika/csanyi-sandor-otp-tisza-part-gyozelem-bank/bycgvkw
53684da84dd4a4822bd2dbc38912e8074e7c75f246571954e9e8da7ea55aa149,2026-04-17 13:46:33.143287+00:00,hu,blikk.hu,blikk.hu,2026-04-17,Utcára vonultak az emberek a szekszárdi kormányhivatalnál,https://www.blikk.hu/politika/magyar-politika/szekszard-kormanyhivatal-kiurites-katasztrofavedelem/rthqxes
ba9180d0df1db9dc5ffd72917c4a855b7e28a115814bfe8c750ebeda30128d24,2026-04-17 13:46:28.637656+00:00,hu,blikk.hu,blikk.hu,2026-04-17,Valóra vált Kövér László rémálma,https://www.blikk.hu/politika/magyar-politika/kover-laszlo-remalma-valasztas/g8wx3s4
5ac38f9d0f54e94f14e33cba08ac544193daca0d8e034ca181e4a1d6512822fd,2026-04-17 13:46:19.480744+00:00,hu,blikk.hu,blikk.hu,2026-04-17,Félmillió euró kártérítést követel Szlovéniától egy magyar nő,https://www.blikk.hu/aktualis/belfold/szlovenia-no-magyar-baleset-karterites/r3s3xrg
f3b91e00ad7d22edf5465569905a66069d959edaefd5cc5a78e017ed36782154,2026-04-17 13:46:07.012643+00:00,hu,blikk.hu,blikk.hu,2026-04-17,Hétfőtől új helyszínről jelentkezik az RTL Reggeli: Peller Anna és Tihanyi Péter együtt nosztalgiázott,https://www.blikk.hu/sztarvilag/hazai-sztarok/rtl-reggeli-uj-helyszin-bucsu-peller-anna-tihanyi-peter/3snxzkt
63a5af06e7aebf9f117ec9cc375e38734c1b29982bba1497c2d9160adf5e2811,2026-04-17 13:46:02.039130+00:00,hu,blikk.hu,blikk.hu,2026-04-17,"Elhunyt Szilágyi Virgil, a magyar televíziós filmgyártás egyik legmeghatározóbb operatőre",https://www.blikk.hu/sztarvilag/hazai-sztarok/meghalt-szilagyi-virgil-operator/fyx5ne7
b578bc17ad4e1c2602ef84cfc04b798ccd538db48c9a3b49263391354a143431,2026-04-17 13:45:57.708038+00:00,hu,blikk.hu,blikk.hu,2026-04-17,Áprilisban négy csillagjegy pénzügyi sikerekre számíthat,https://www.blikk.hu/eletmod/lelek/horoszkop-csillagjegyek-kedvezo-idoszak/sd6dxg5
77afcd373a8abd116c5aa3866ea9fd823407b8cf80898757661bdcbf72a5295d,2026-04-17 13:45:52.392105+00:00,hu,blikk.hu,blikk.hu,2026-04-17,"Matolcsy Ádám: ""Az alapítványi vagyonból semmi nem hiányzik""",https://www.blikk.hu/gazdasag/penz/matolcsy-adam-vagyonvisszaszerzes/k8ls2dh
8ae31928acb9df278076b6aa662788da3da46d4d5d285b83115e3721767a79ee,2026-04-17 13:45:49.484794+00:00,hu,index.hu,index.hu,2026-04-17,"Stand-up-humorista lesz Joshi Bharat, jövő héten indul a turnéja",https://index.hu/mindekozben/poszt/2026/04/17/stand-up-humorista-lesz-joshi-bharat-jovo-heten-indul-a-turneja/
34d320df3004da77cfd3752258a8acf13b8a7dd49a2d0e5582fefbe3fe213427,2026-04-17 13:45:37.739911+00:00,hu,index.hu,index.hu,2026-04-17,Ismert énekesnő csatlakozik Friderikusz Sándorhoz egy új szerepben az RTL műsorában,https://index.hu/kultur/2026/04/17/kovacsovics-fruzsina-friderikusz-talkshow-kulisszatitkok-friderikusz-sandor-rtl-konferanszie/
f77c887f0e8304b22432035bab0b91f93f5ca7cf68525afbeb0a2ded3d34ee1f,2026-04-17 13:45:32.583799+00:00,hu,index.hu,index.hu,2026-04-17,Meghalt Szilágyi Virgil operatőr,https://index.hu/kultur/2026/04/17/szilagyi-virgil-operator-balazs-bela-dij-magyar-filmakademia-meghalt/
9820e550a19612ea6869d693fe4532e3b2d27cc322739056ccb92685c01dbcb3,2026-04-17 13:45:27.852231+00:00,hu,index.hu,index.hu,2026-04-17,"Van egy fontos szövetséges, aki még nem vette fel a kapcsolatot Magyar Péterrel",https://index.hu/kulfold/2026/04/17/magyar-peter-giorgia-meloni-valasztasok-2026-tisza-part-magyarorszag-olaszorszag-diplomacia-nemzetkozi-kapcsolatok/
60b806fe86f2f8ecc657d7b0b5d5012b8d5e7292569a4b9100bc270856bb90c9,2026-04-17 13:45:22.886352+00:00,hu,index.hu,index.hu,2026-04-17,Káel Csaba távozásának hírére azonnal megmozdult a magyar filmes világ,https://index.hu/kultur/2026/04/17/deak-kristof-film-finanszirozas-tervek-nfi-kael-csaba/
69465afdc69eb291f74860a49c5681498351e7c26417e529fb5365107267a76a,2026-04-17 13:45:17.896619+00:00,hu,index.hu,index.hu,2026-04-17,Távozik az amerikai bevándorlási hatóság vezetője,https://index.hu/kulfold/2026/04/17/egyesult-allamok-bevandorlasi-hatosag-ice-vezeto-tavozas/
85c99df4a112c8b07c185002263c3597c64adc530177b8edd2ce7d53ccd5d9e1,2026-04-17 13:45:12.845256+00:00,hu,index.hu,index.hu,2026-04-17,Bemutatták az év legkínosabb fetrengését a futballpályákon – videó!,https://index.hu/sport/futball/2026/04/17/concacaf-bajnokok-kupaja-2026-negyeddonto-visszavago-seattle-sounders-tigres-diego-lainez/
bee60294386f017166a41d793c08d0c09c87775c95f00eb8698fe31fa25024e5,2026-04-17 13:45:07.856857+00:00,hu,index.hu,index.hu,2026-04-17,Visszavonult a rekordpontszámmal olimpiát nyerő páros,https://index.hu/sport/telisport/2026/04/17/teli-olimpia-2026-mukorcsolya-miura-riku-kihara-rjuicsi-visszavonulas/
de54757be95f84b3a40194d6d2fb3c5221227666cc27c1a8ea2c67328a3d70a4,2026-04-17 13:45:02.844644+00:00,hu,index.hu,index.hu,2026-04-17,"Elindult a spárgaszezon, a kereslet évről évre nő",https://index.hu/belfold/2026/04/17/kifli.hu-sparga-kereset-novekedes-tavasz-online-vasarlas-rendeles-szupermarket-hazai-termek/
dbb652a794f40b0f805469feb3539a51be63ca4458b5fdc74e5ce2ca8d6f75a7,2026-04-17 13:44:57.874867+00:00,hu,index.hu,index.hu,2026-04-17,Novak Djokovics sérülés miatt nem indul a madridi mestertornán,https://index.hu/sport/tenisz/2026/04/17/tenisz-atp-1000-madrid-novak-djokovics-serules-visszalepes/
f645799cc2e2fbbdff825c28d46956fd5af10039ce6b84ab58f451188ce9abd1,2026-04-17 13:44:50.693163+00:00,hu,index.hu,index.hu,2026-04-17,"Gazsi Zoltán: Ha betartok minden orvosi tanácsot, akkor sem vagyok itt",https://index.hu/belfold/2026/04/17/ficzere-podcast-gazsi-zoltan-betegseg-ero-lelek-vezeto-gondolatisag/
d1ee5a07976449db3fec5139d57dc565dcde5bcec9d82c6ccd351e7747f508af,2026-04-17 13:44:45.835524+00:00,hu,index.hu,index.hu,2026-04-17,Bayer Zsolt: A tetőteraszról lezavartak minket a pincébe,https://index.hu/belfold/2026/valasztas/2026/04/17/bayer-zsolt-podcast-magyar-nemzet-ambrozy-aron-valasztas-2026/
de4461cb1d91e1f2c864271b3fb54d4e6a0be013a07ee76b6f1682ae16b683df,2026-04-17 13:44:41.466950+00:00,hu,index.hu,index.hu,2026-04-17,"Vujity Tvrtko arra kéri a Napló készítőit, fejezzék be a műsort: „Adjátok vissza a kegyeleti méltóságát”",https://index.hu/mindekozben/poszt/2026/04/17/vujity-tvrtko-arra-keri-a-naplo-keszitoit-fejezzek-be-a-musort-adjatok-vissza-a-cenzurazni-akart-majd-megolt-tv2-naplo-kegyeleti-meltosagat/
566b83e6b1c94791c3f55f9f70694c53c63f66b38d3b8b7e6fec5ae56ad5e7fa,2026-04-17 13:44:35.898760+00:00,hu,index.hu,index.hu,2026-04-17,"Tizenkét perc alatt jutott Vörös János, a Stand baristája a Julius Meinl nemzetközi döntőjébe",https://index.hu/kultur/degusztator/2026/04/17/julius-meinl-barista-championship-budapest-gasztrobudapest-kultbudapest-time-out-market/
27e2ee30486301c0fa3c9724e40299914ebeec7e8a63d16692c303f1e6995009,2026-04-17 13:44:31.002204+00:00,hu,index.hu,index.hu,2026-04-17,"Szemléletváltásra van szükség, rengeteg lehetőség rejlik a magyar futballstadionokban",https://index.hu/sport/futball/2026/04/17/michiel-vanderheyden-the-arena-group-interju-puskas-arena-football-forum-hungary-2026/
76f48ccce3fb5f267ed096975eb54f928208bbdb2f7de693102a61b67f7ea437,2026-04-17 13:44:04.514728+00:00,hu,index.hu,index.hu,2026-04-17,Rövidített útvonalon jár hétvégén a szentendrei HÉV,https://index.hu/belfold/2026/04/17/hev-kozlekedes-vaganyzar-szentendrei-hev-tomegkozlekedes-bkk/
81cc69587b8487e22ac082206e5af29b2515aa8f4ce556b111eb0a8aead27a15,2026-04-17 13:43:57.592708+00:00,hu,index.hu,index.hu,2026-04-17,Lengyelország felszámolhatja a központi korrupcióellenes hivatalt,https://index.hu/kulfold/2026/04/17/lengyelorszag-szejm-kozponti-korrupcioellenes-hivatal-felszamolasa-cba-karol-nawrocki/
78d16cc998ba2698374ea10b998b8790c60e90262a653adc11ade5babbf1fb55,2026-04-17 13:43:41.512569+00:00,hu,index.hu,index.hu,2026-04-17,"Curtis először szólalt meg a választások után: Csalódott vagyok, de nem változtatnék a politikai nézeteimen",https://index.hu/belfold/2026/04/17/curtis-enekes-rapper-politika-magyarorszag-valasztasok-2026-reakcio/
cccbff0f8baaad02031e8d8cef1c0d8e8cb8822e0c56eb0bf4860b459f3d6bd3,2026-04-17 13:43:31.757867+00:00,hu,index.hu,index.hu,2026-04-17,"„Se sz*rni, se h*gyozni nem tudunk” – időzített bombán ücsörögnek a sajóbábonyi vegyi üzem dolgozói",https://index.hu/belfold/2026/04/17/sajobabony-vegyi-uzem-ehsegsztrajk-spl-europe-miskolc-veszelyes-hulladek-fizetes-ber-munka-biztonsag/
848fcfa0c42dd294f0ccb5e7f030fcca0bf34ed0f7f691e5a8e3843580fd58fb,2026-04-17 13:43:00.521850+00:00,hu,index.hu,index.hu,2026-04-17,"Bódi Bence és párja, Varga Rebeka nagy mérföldkőhöz érkeztek a kapcsolatukban: Végtelenül hálásnak és áldottnak érzem magam",https://index.hu/mindekozben/poszt/2026/04/17/bodi-bence-felesege-varga-rebeka-nagy-siker-merfoldko-az-eleteben/
7b1c5d11f78e2b9a81c6608b2a13bd397bffaab12dc500cd4b56f6ccda99e4ec,2026-04-17 13:41:16.305499+00:00,hu,origo.hu,origo.hu,2026-04-17,"Megdöbbentő, ami Európában történik – Ez vár Magyarországra is?",https://www.origo.hu/itthon/2026/04/politikai-hobbista-jeszenszky-zsolt-europa-magyarorszag
4689b345a6b1d1ba3c77b24d70bfbeee8ff6b5268cd1194b44b7f027b82edbbf,2026-04-17 13:41:11.814388+00:00,hu,origo.hu,origo.hu,2026-04-17,Hatalmas változást jelentett be a Netflix,https://www.origo.hu/gazdasag/2026/04/netflix-hatalmas-valtozast-jelentett-be
6c8ad69f6b9aad753a40f2476ae48ef13959faefd8a5901e7e7d5ff5af19ad1b,2026-04-17 13:41:07.507721+00:00,hu,origo.hu,origo.hu,2026-04-17,Lézerpengék a valóságban: miért marad a Star Wars fénykard örök álom?,https://www.origo.hu/tudomany/2026/04/fenykard-a-valosagban-star-wars
e6b876d4564a0b414f106b4b3dcd800e8e5ff1f67c05cf0a7ab81b5cc2731ae0,2026-04-17 13:41:02.697652+00:00,hu,origo.hu,origo.hu,2026-04-17,Tavaszi autós nagytakarítás olcsón – ezeket az eszközöket érdemes beszerezni,https://www.origo.hu/itthon/2026/04/spar-tavaszi-autos-nagytakaritas-olcson
b962f92165fb7629eaaa2c8181aafb2490e17ec05172a6b05bab5968462c9e4d,2026-04-17 13:40:56.583430+00:00,hu,origo.hu,origo.hu,2026-04-17,Brutális bankleállásokat jelentettek be hazánkban: sok helyen az ATM-ek sem működnek majd,https://www.origo.hu/gazdasag/2026/04/bank-leallasokat-jelentettek-be-hazankban
2b302602d5f913ffc35558d3ca5d3187b6c511f424fb34833fb861da3a88d2d2,2026-04-17 13:40:51.365777+00:00,hu,origo.hu,origo.hu,2026-04-17,"Emberrablás Budapesten – nem a rendőrséget hívták, hanem…",https://www.origo.hu/kek-hirek/2026/04/emberrablas-budapest-tolvajok-zsarolas
8313d1c90823c7ed41f57cc2998af5cc88d886d1a01e6e2dc65d763d87e31aa1,2026-04-17 13:40:46.996168+00:00,hu,origo.hu,origo.hu,2026-04-17,Így lett Horváth Laura a világ legfittebb nője – már online a róla szóló film,https://www.origo.hu/sport/sport-egyeni/2026/04/horvath-laura-legfittebb-no-dokumentumfilm
578c46a55b89b284f477447bda50a691b2b1a14e0e65de9b2115e96c87a5cb83,2026-04-17 13:40:42.221148+00:00,hu,origo.hu,origo.hu,2026-04-17,Milliós kár a befektetésnek tűnő csalásból,https://www.origo.hu/belpol/2026/04/internetes-csalas-millios-kar
d8c7d9b10c5283edd9139315e61bf579a2bec3a30091c1829b22340b566ce54a,2026-04-17 13:40:36.642438+00:00,hu,origo.hu,origo.hu,2026-04-17,Új ízzel jött ki a Nutella – ezt sokan imádni fogják,https://www.origo.hu/nagyvilag/2026/04/nutella-peanut-uj-iz-bejelentes-60-ev-utan
4de20702a7647e08a86fc426e1ed29dc1b75b16689c16c561eb27881e0d437bc,2026-04-17 13:40:31.543434+00:00,hu,origo.hu,origo.hu,2026-04-17,A Mi Hazánk ismét Dúró Dórát jelöli az Országgyűlés alelnökének,https://www.origo.hu/belpol/2026/04/toroczkai-laszlo-mi-hazank-ismet-duro-dora-alelnok
e2e298567cefc8fde579a1d56e9798bedfa64615acd32bd6d56cc36e923257da,2026-04-17 13:40:26.164868+00:00,hu,origo.hu,origo.hu,2026-04-17,"Zaklatott, erőszakolt és gyermekeket rontott meg egy tanárnő – sokkoló részletek",https://www.origo.hu/nagyvilag/2026/04/szexualis-bantalmazas-tanarno-pedofil-vad
fec34904e1b083529120619e5791c3e8e4bea9928168cca116a0624eb685969c,2026-04-17 13:40:21.990223+00:00,hu,origo.hu,origo.hu,2026-04-17,A legtöbb autós elköveti ezeket az életveszélyes hibákat – ön ne tegye!,https://www.origo.hu/auto/2026/04/defekt-auto-veszely-lathatosagi-melleny
993bb2c650bfa5945216a64f11fc86e5d3d0e68ff08b0f7ab139edda64f19915,2026-04-17 13:40:16.449984+00:00,hu,origo.hu,origo.hu,2026-04-17,"Maradjon távol, ebben az étteremben nem látják szívesen",https://www.origo.hu/techbazis/2026/04/etterem-kina-tul-nepszeru-influencer
e7099155c25aa9aa76060119aa294cb101c0279c10fbaf1189230d931b55ce97,2026-04-17 13:40:11.402376+00:00,hu,origo.hu,origo.hu,2026-04-17,Rendkívüli interjút ad ma Kocsis Máté,https://www.origo.hu/belpol/2026/04/rendkivuli-interjut-ad-ma-kocsis-mate
d71c852c6a10045c144e12ce2cc3906412cae2c6313758c1b64ae33d19c79e52,2026-04-17 13:40:06.193917+00:00,hu,origo.hu,origo.hu,2026-04-17,Meztelen nő holttestére bukkantak a túrázók,https://www.origo.hu/nagyvilag/2026/04/holttest-meztelen-no-kalifornia
11748a7bc109f913037cf93d0592a3cfd795bbd65ee5113a544acbf10607ef1c,2026-04-17 13:40:01.237484+00:00,hu,origo.hu,origo.hu,2026-04-17,Magyar Péter bejelentést tett a Barátság kőolajvezetékről,https://www.origo.hu/gazdasag/2026/04/vedett-ar-baratsag-vezetek-magyar-peter
2ac5f1390277e58a8d764af21a3f4e4d5327d8503e7619011d2616c393a12eba,2026-04-17 13:39:56.679490+00:00,hu,origo.hu,origo.hu,2026-04-17,Áttörés a Hormuzi-szoros hajóforgalmában: az első olajtanker áthajózott a blokádon,https://www.origo.hu/gazdasag/2026/04/szallitmany-hormuz-elso-olajtanker
ee74d579ec2f635e2d7d7b50df423732b1f7b8a82b759873a4ffc636ffaeb248,2026-04-17 13:39:52.079797+00:00,hu,origo.hu,origo.hu,2026-04-17,"Gulyás Gergely: Olyan Fidesz-frakció kell, amely a párt megújulását képes szimbolizálni",https://www.origo.hu/belpol/2026/04/gulyas-gergely-fidesz-frakcio-part-megujulas-egyeztetes
49c126009aac07a5fac2653cb0208f996085ea72a3fe86e512c2c78500d466d1,2026-04-17 13:39:46.190500+00:00,hu,origo.hu,origo.hu,2026-04-17,"Európa összefogott és rátámadt a kínaiakra – kérdés, ez segíthet-e",https://www.origo.hu/auto/2026/04/elektromos-auto-europa-kina-generator
2aebc08bc7d2b8cf7d546d088f0c95dad6b2328fb9460e239a1cf6e07937cdd0,2026-04-17 13:39:41.254705+00:00,hu,origo.hu,origo.hu,2026-04-17,Az egész világot elfoglalja az iszlám? Hol rontotta el Európa?,https://www.origo.hu/itthon/2026/04/iszlam-europa-sayfo-omar-politikai-hobbista
3e77c23d632f3efa3694a58377571a79155e5913e937eb73ec036b9162bb9121,2026-04-17 13:39:36.400064+00:00,hu,origo.hu,origo.hu,2026-04-17,Senki nem számított erre: rendőrautó sodorta el a biciklist a Gubacsi úton,https://www.origo.hu/kek-hirek/2026/04/baleset-ripityara-tort-a-rendorauto
575c72fac222d5b42476733be2247dfd5bf5639d41ca1b9d997b6ee54b2b0c68,2026-04-17 13:39:31.189279+00:00,hu,origo.hu,origo.hu,2026-04-17,Szemétkupac lesz a Kossuth térből – Magyar Péter így ünnepelné a hatalomátvételt,https://www.origo.hu/belpol/2026/04/magyar-peter-uj-kormany-alakulo-ules-tisza-part
a4e6b42404530ba495cf1152518d44bcad1776c3a57fa9d62e392e80f07a5313,2026-04-17 13:39:18.989426+00:00,hu,origo.hu,origo.hu,2026-04-17,Elhunyt a legendás operatőr – gyászol a magyar filmvilág,https://www.origo.hu/itthon/2026/04/szilagyi-virgil-elhunyt-operator
ec3d57d933c75310c1348f35e5813395a690e54c7ff459279e899e83c9f67d12,2026-04-17 13:39:13.914864+00:00,hu,origo.hu,origo.hu,2026-04-17,Megszólalt a pornózásról Aleska Diamond,https://www.origo.hu/teve/2026/04/aleska-diamond-safrany-emese-pornosztar
a029500dff0d13d938ac46b02d37d292bbcc3466df645e8204fcbab8ed7f0716,2026-04-17 13:39:09.184397+00:00,hu,origo.hu,origo.hu,2026-04-17,"Magyar katonák indultak Marokkóba, hogy részt vegyenek az African Lion gyakorlaton",https://www.origo.hu/belpol/2026/04/magyar-katonak-indultak-marokko-african-lion-gyakorlat
2472893b020ef8c834957b6a1a2be7bd3a20721fa8aecb63235ad3c3a654b8a1,2026-04-17 12:47:53.060687+00:00,hu,blikk.hu,blikk.hu,2026-04-17,Már az útlevél sem elég? Durva szabályokat vezettek be a népszerű úticéloknál: a telefonunk jelszavát is elkérhetik,https://www.blikk.hu/aktualis/kulfold/hatar-ellenorzes-telefon-jelszavak/qf0gnz9
f949160f44b096f8e24c2014c99269ab684092504e447c03e168aadedf6394ce,2026-04-17 12:47:48.227578+00:00,hu,blikk.hu,blikk.hu,2026-04-17,Mégis nyomoz a rendőrség „Henry” ügyében – új részletek derültek ki,https://www.blikk.hu/politika/magyar-politika/nyomozas-rendorseg-kihallgatas-henry/cb1ygzt
3fd448227ade4e795b4ac9bd4e00e78e08121b19f0be7e6bd59d5212e9db00e1,2026-04-17 12:47:26.057717+00:00,hu,blikk.hu,blikk.hu,2026-04-17,Bucsek Gábor lehet Magyarország következő belügyminisztere Pintér Sándor után,https://www.blikk.hu/politika/magyar-politika/belugyminiszterium-bucsek-pinter/n62dd9q
2ba35b2ea29a0f0251b6f723d0b8f2e435417ffe9f3d3dc236a6283f9908313f,2026-04-17 12:47:19.563382+00:00,hu,blikk.hu,blikk.hu,2026-04-17,Visszautasította a TV2-t a legendás műsorvezető: Erdélyi Mónika szerint az Ázsia Expressz csak egy „gladiátorműsor”,https://www.blikk.hu/sztarvilag/hazai-sztarok/azsia-expressz-musorvezeto-erdelyi-monika/xg8jp3w
cdb21dfdc26d698985edd2dbfce14688a285e2265c9c7c802755f2a1dbc2f47a,2026-04-17 12:47:04.701524+00:00,hu,blikk.hu,blikk.hu,2026-04-17,A Mi Hazánk ismét Dúró Dórát jelöli az Országgyűlés alelnökének,https://www.blikk.hu/politika/magyar-politika/toroczkai-laszlo-mi-hazank-orszaggyules-alakulo-uleset-elokeszito-targyalas/0vr50pz
e08ab81cfb31c25cf7f62d624b1640b7a5835f5d5e5313c93297fd0944fd0fab,2026-04-17 12:46:59.693959+00:00,hu,blikk.hu,blikk.hu,2026-04-17,"Kiengedik a halászteleki polgármestert, egy parlamenti képviselő is bajba kerülhet",https://www.blikk.hu/aktualis/belfold/halasztelek-polgarmester/1vgmhfb
d0a99ee1e070d64c6ba67991e8c17a3c6c84435baafbe2c969d5e76cc921c67f,2026-04-17 12:46:46.273404+00:00,hu,blikk.hu,blikk.hu,2026-04-17,Bemutatták az első magyar tervező által készített LEGO ruhát,https://www.blikk.hu/aktualis/belfold/lego-ruha-magyar-tervezo-saman-nora-daroczy-balazs/qeff9p5
2864824b157dbf7f183a803ad7ee2f262ffcddff38ca910b5d107e0dd10a5ff0,2026-04-17 12:46:35.971537+00:00,hu,blikk.hu,blikk.hu,2026-04-17,"Budapesten eltűnnek a parkolóautomaták, 25%-kal nő a parkolás ára",https://www.blikk.hu/auto/parkoloautomata-megszuntetes-budapest/t3p1v49
07d2c55212c5bb039cd349d7d6fe052fa6417db061daaac8635263047d200d52,2026-04-17 12:46:31.120309+00:00,hu,blikk.hu,blikk.hu,2026-04-17,"Emilio elájult a forgatáson, életmentő gépekre kötötték, az orvos tinával közölte: óriási a baj",https://www.blikk.hu/sztarvilag/hazai-sztarok/emilio-betegseg-bekoltozve-hajdu-peterhez/l6nrdjq
fca119cefe4e700da67fa67017efccdcb846cf47a0fb45f2462b2193db08b733,2026-04-17 12:22:11.125933+00:00,hu,origo.hu,origo.hu,2026-04-17,Drága fotó készült: ennyibe került a száguldás Nyíregyházán,https://www.origo.hu/kek-hirek/2026/04/gyorshajtas-draga-foto-keszult-nyiregyhazan
02b6a4d5acee7c8f4b0c1075169ede3fcbf2db5bd80ed3ef0b62c77cad3e0ece,2026-04-17 12:22:05.158324+00:00,hu,origo.hu,origo.hu,2026-04-17,Nem maradt következmények nélkül a családon belüli bántalmazás,https://www.origo.hu/kek-hirek/2026/04/csaladon-beluli-eroszak-nem-kovetkezmenyek-nelkul
373d78a2bae1ddb811e52ee9183fb21fcfbf773b0d74b8ff437879e376f0b128,2026-04-17 12:22:00.353101+00:00,hu,origo.hu,origo.hu,2026-04-17,Nagy a baj! Lángra kapott egy amerikai atomhordozó – ijesztő részletek,https://www.origo.hu/nagyvilag/2026/04/hadihajo-atomhodozo-amerikai
43b59277fcdd03de1fbec090f617b521e48e7cd92b4222539b41c591d3e3f32d,2026-04-17 12:21:55.217251+00:00,hu,origo.hu,origo.hu,2026-04-17,Az alacsony önértékelés impulzív vásárláshoz vezet a férfiaknál – a nőknél viszont nem,https://www.origo.hu/itthon/2026/04/impulsziv-vasarlas-alacsony-onertekeles-ferfiak-kutatas
74fe10723131f168526305a31176d606385e387201224307ded3fe9c0c74b0d2,2026-04-17 12:21:50.410542+00:00,hu,origo.hu,origo.hu,2026-04-17,Schumacher igent mondott – kamerák előtt házasodik a korábbi F1-es pilóta,https://www.origo.hu/sport/f1/2026/04/schumacher-ralf-eskuvo-valosagshow-keszthelyi-vivien
03a96ace2b65287eb22655241f35e8dc33966066f87d8e44802d3cc380a96736,2026-04-17 12:21:45.190256+00:00,hu,origo.hu,origo.hu,2026-04-17,Készüljön a legrosszabbra: csendes gyilkos ébredezik az óceánokban,https://www.origo.hu/tudomany/2026/04/metankibocsatas-rejtett-forrasa
f74ceba5c3863dcb22f697d14e22c396e2c1a53c8d3943a144b65307da0b42ed,2026-04-17 12:21:40.380646+00:00,hu,origo.hu,origo.hu,2026-04-17,"Holttestet találtak Pécsen, egyelőre senki sem tudja, mi történt",https://www.origo.hu/kek-hirek/2026/04/holttest-pecs-ismeretlen-pecs-korozes
e123eb5af217d9c5723a2edddbed6bab2066bb2f37c615c8bc09c0e6fe66d84f,2026-04-17 12:21:35.403187+00:00,hu,origo.hu,origo.hu,2026-04-17,"Magyar Péter: Több békességet, megértést és bizalmat szeretnék kérni",https://www.origo.hu/belpol/2026/04/magyar-petert-sajatjai-tamadjak-egybol-megertest-ker
1f62793449a0aa7adc41e5ec50b4f13a8b50e0d80c601e24fc5232370fc29ac2,2026-04-17 12:21:33.012029+00:00,hu,blikk.hu,blikk.hu,2026-04-17,"Pozitív lett a magyar sportoló doppingtesztje, nem indul a körversenyen az MBH Bank csapata",https://www.blikk.hu/sport/makrai-balint-kerekpar-dopping-mbh-bank/kxle2hp
0f1364a7f618816682c6061b99064e64a41a63b8c41809ae7012e4aaa5c2fba1,2026-04-17 12:21:30.588876+00:00,hu,origo.hu,origo.hu,2026-04-17,Elképesztő beismerés a német parlamentben: A Fidesz lekörözte a német kormányt,https://www.origo.hu/belpol/2026/04/fidesz-nemetorszag-beismeres-gazdasag-migracio-16-ev
e89bafabbe6d3184fe4a92083b4bd3850891f9b7cbf3b987cfa0a1f42e63fd13,2026-04-17 12:21:25.222785+00:00,hu,origo.hu,origo.hu,2026-04-17,Választás 2026 – Megkezdődött a szavazatok átadása az egyéni választókerületi választási irodáknak,https://www.origo.hu/belpol/2026/04/nemzeti-valasztasi-iroda-atjelentkezok-kulkepviselet
8e4e6e4d2d33077b625a768c0f7912471936fce11f226f5243d89b4720c60c99,2026-04-17 12:21:15.284579+00:00,hu,origo.hu,origo.hu,2026-04-17,Hivatalos: jön a Top Gun 3 — Tom Cruise is visszatér!,https://www.origo.hu/filmklub/2026/04/top-gun-3-keszul
6a521dbf913df692374db3b80d7053dbee26eaa52bdc2f042f684a859481b0fb,2026-04-17 12:21:10.451166+00:00,hu,origo.hu,origo.hu,2026-04-17,Az opera és a balett nem volt elég: Timothée Chalamet a kedvenc rendezőjét is passzolta,https://www.origo.hu/filmklub/2026/04/timothee-chalamet-nolan-film-kylie-jenner
563e17af69a321c4795b967fc9260222f359c1ba6827759ae2bf503a7fea5fc2,2026-04-17 12:21:05.459166+00:00,hu,origo.hu,origo.hu,2026-04-17,Halálos kombináció: mobilozó gyalogos lépett autó elé Dunakeszin – videó,https://www.origo.hu/auto/2026/04/gyalogos-auto-dunakeszi-zebra
5af795821a114226dadfc8cf233ea9c73a4e9d310be52670f0df42411a4b96eb,2026-04-17 12:21:00.416961+00:00,hu,origo.hu,origo.hu,2026-04-17,Filmbe illő hajtóvadászat: végül így fogták el a szökött farkast – videó,https://www.origo.hu/nagyvilag/2026/04/farkas-szokott-allatkert-del-korea
87d16b246e310fd2e37912f1552bf5edfd39e44f2800dcf7fda4161a79695fef,2026-04-17 12:20:59.765215+00:00,hu,blikk.hu,blikk.hu,2026-04-17,43 millió egy gyorshajtásért: ennyit fizetett egy milliomos Finnországban,https://www.blikk.hu/aktualis/kulfold/finnorszag-birsag-buntetes/ew3xhps
add626ddf04eb3e120870ec54ae690205f36aa5ae2194bda68e14a8901624c5b,2026-04-17 12:20:52.176789+00:00,hu,origo.hu,origo.hu,2026-04-17,Percek alatt elszabadult a pokol – túszokat ejtettek egy nápolyi bankban,https://www.origo.hu/nagyvilag/2026/04/bankrablas-napoly-alagut-csatorna-tuszok
9ea891db31b2d2aaba2478d6a6e9c43a4b0e11b714c2f027efff18f7891d905e,2026-04-17 12:20:47.397773+00:00,hu,origo.hu,origo.hu,2026-04-17,"Tárgyalóasztalhoz ültek a pártok, formálódik az új Országgyűlés – friss információk!",https://www.origo.hu/belpol/2026/04/orszaggyules-fidesz-tisza-part-kormany-parlament-ules
9b763c975fb2656a9d793798883867003fe5cfbaab7cc444e2538fd9f164da4f,2026-04-17 12:20:41.700372+00:00,hu,origo.hu,origo.hu,2026-04-17,Az egész világ teljesen eladósodik 2029-re,https://www.origo.hu/belpol/2026/04/allamadossag-vilag-europa
f5893807eb096098f01ee11fd4be2caa06a66ce81d4a3c39e9b19292cdec3bd5,2026-04-17 12:20:37.431173+00:00,hu,origo.hu,origo.hu,2026-04-17,Meghökkentő szettben jelent meg Zendaya a Dűne 3 eseményén,https://www.origo.hu/nagyvilag/2026/04/zendaya-dune-3-ruha-cinemacon-2026
9da23d7aa93c6adfe097f10707227c56898af6b2cd3b4248dbcf4030782566a0,2026-04-17 12:20:31.361139+00:00,hu,origo.hu,origo.hu,2026-04-17,"Emberölés Kárászon, késsel támadt rá és halálra szúrta az áldozatát egy férfi – videóval",https://www.origo.hu/kek-hirek/2026/04/emberoles-karasz-kes-halal-aldozat-video
4e1c32d2c0f166fd29ac50df3ca5d2834f215b2cbcda6d4bd388806b4567958b,2026-04-17 12:20:26.333584+00:00,hu,origo.hu,origo.hu,2026-04-17,Kiborultak Zelenszkijre: fejőstehén lett Németországból,https://www.origo.hu/nagyvilag/2026/04/zelenszkij-fejostehen-nemetorszag
fe877797e16c9aab8d11618649bcded2abf4da28bcaaec58ea9af87c3dc57523,2026-04-17 12:20:21.403974+00:00,hu,origo.hu,origo.hu,2026-04-17,Tovább gyűrűzik az azbeszt-ügy: már a játszóteret is bezárták,https://www.origo.hu/itthon/2026/04/azbeszt-ugy-ausztria-jatszoter-bezarasa
47e42ba2e4cae7d5eac3de7e9d624d860ced94082b1c924827d7362b27b1ad74,2026-04-17 12:20:16.367202+00:00,hu,origo.hu,origo.hu,2026-04-17,A lengyelek már humanoid robottal üldözik a vaddisznókat,https://www.origo.hu/techbazis/2026/04/vaddiszno-humanoid-robot-lengyelorszag-varso
4c75e2ad10804604d78db504642bf737a6dce1bb5c6a5bfb8493b519d3a41fe1,2026-04-17 12:20:03.204450+00:00,hu,origo.hu,origo.hu,2026-04-17,Fájdalmas titkot osztott meg Frey Timi – erre senki sem számított,https://www.origo.hu/teve/2026/04/frey-timi-baratsag-veszteseg-tiktok-vallomas
ebb66a7ff40486af9bccb2997e90ebbd4ddd4fb067b69d8c0874f938735ccd0e,2026-04-17 12:19:58.304100+00:00,hu,origo.hu,origo.hu,2026-04-17,Világsztárok között tűnt fel Noszály Sándor – itt a bizonyíték,https://www.origo.hu/teve/2026/04/noszaly-sandor-vilagsztarok-foto
7e4a5d42825ee48f779e55f8964ec0ca34a2d0cbf5f0f59c9f51781b86761468,2026-04-17 12:19:50.985118+00:00,hu,origo.hu,origo.hu,2026-04-17,"Rengeteg megkeresést küld ki a NAV, fizetési kötelezettségről és visszaigénylésről is szólhatnak",https://www.origo.hu/gazdasag/2026/04/ertesito-adoszamla-nav-gazdalkodo
2c9756cc0df02ffc426d952663d24385c2d29db41a3a2dc472461102bd439e47,2026-04-17 11:50:26.463716+00:00,hu,blikk.hu,blikk.hu,2026-04-17,"Kovácsovics Fruzsina új szerepben mutatkozik be Friderikusz Sándor oldalán: ""Izgatottan várom""",https://www.blikk.hu/sztarvilag/hazai-sztarok/friderikusz-sandor-kovacsovics-fruzsina-talkshoe-rtl/b4hq3jm
c43223ae207908f270db7173770e903c71634d92ab23946f9f86f5864a7ff8a4,2026-04-17 11:49:21.314950+00:00,hu,blikk.hu,blikk.hu,2026-04-17,Napi százezer forintért keres európai munkatársakat Elon Musk MI-cége,https://www.blikk.hu/gazdasag/penz/elon-musk-munka-tavmunka-milliardos-mesterseges-intelligencia/2m4jery
59e5fc7eaafe9b388f480eb33984410afd765c04e082e766dc5933df52a01cc9,2026-04-17 11:49:10.566083+00:00,hu,blikk.hu,blikk.hu,2026-04-17,"Diego Maradona orvosa megszólalt, döbbenetes dolgokat állít a focilegenda halálával kapcsolatban",https://www.blikk.hu/sport/kulfoldi-foci/diego-maradona-orvos-targyalas-halal/wp81d48
797efed4c25a87bd8f79fd70718bceb76da101a6f4d2a36607f61235c113dad7,2026-04-17 11:48:48.435998+00:00,hu,blikk.hu,blikk.hu,2026-04-17,Megszólalt Curtis a választás eredményéről,https://www.blikk.hu/sztarvilag/hazai-sztarok/curtis-valasztas-eredmeny/l3q44nk
a74703be10ae17a7b897b922b465688cf90f5b9a2e3d605246a0e1539498c251,2026-04-17 11:21:53.707100+00:00,hu,blikk.hu,blikk.hu,2026-04-17,"Itt a bejelentés, ekkor foglalhatja el Magyar Péter a miniszterelnöki tisztséget",https://www.blikk.hu/politika/magyar-politika/magyar-peter-oktatasi-miniszter/8qgwjsw
8b38f413dc6bc686ee898c75cd2c2402e58525a11a6d2435980c1383f9c19e89,2026-04-17 11:21:26.189680+00:00,hu,blikk.hu,blikk.hu,2026-04-17,"Derült égből villámcsapás: a szakszervezet szerint ki-, bejelentették tudtukon kívül a munkaválallókat a makói gumigyárban",https://www.blikk.hu/aktualis/belfold/mako-gumigyar-munkaviszony-tb/qbl5rqz
a814a95cd1a592c2556b89de9715624a8b24a0ab93f685977ad2931027efec81,2026-04-17 11:20:44.464924+00:00,hu,blikk.hu,blikk.hu,2026-04-17,Az AI a bálnáktól az egerekig feltöri az állatok nyelvi kódjait és megteremti a fajok közötti párbeszédet,https://www.blikk.hu/ferfiaknak/tech/ember-es-allatok-kommunikacioja-ai-segitsegevel/t8tnm6h
cca5e94e95c2a1f7f48f8e69cfd28936c3c637b16f3d49b0617105e0409f6a4e,2026-04-17 11:20:31.088128+00:00,hu,blikk.hu,blikk.hu,2026-04-17,Félidei show-műsorral lepi meg Infantino a futball-világbajnokság döntőjének nézőit,https://www.blikk.hu/sport/kulfoldi-foci/infantino-foci-vb-show-musor/elh0684
d85e437c483c18d89bc272f55d59294231b4b09d93ab62cf6ef05d0cc9db082f,2026-04-17 11:20:20.282109+00:00,hu,blikk.hu,blikk.hu,2026-04-17,Lezárások a Margit hídtól a Városligetig: Mutatjuk az I Bike Budapest útvonalát,https://www.blikk.hu/aktualis/belfold/i-bike-budapest-forgalomkorlatozas-budapest-kerekparos-felvonulas/qpx61rx
bc267449231532cf51efb6a32e7ecb0a586836f0623b5270b1e40b2b26c98473,2026-04-17 11:20:10.961491+00:00,hu,blikk.hu,blikk.hu,2026-04-17,"Kik azok a fideszes nagyágyúk, akik noha bejutottak a parlamentbe, mégis lecseléri őket Orbán Viktor?",https://www.blikk.hu/politika/magyar-politika/orban-viktor-frakcio-fidesz-lecserelik/v9ee06y
9ee4b64a1f07bff45045b2f657ba7e65ba815661cdf9cbbee0ca136194622896,2026-04-17 11:19:31.885634+00:00,hu,blikk.hu,blikk.hu,2026-04-17,"Ezekkel a rakott burgonyákkal a család étkezése napokra megoldható, ráadásul pénztárcabarát módon",https://www.blikk.hu/eletmod/gasztro/rakott-krumpli-receptek/cc4723n
e2ac3688ebc6d6f6b90bb46cf2170fbc588391b9e072a79e719bf9d158056a04,2026-04-17 11:19:02.974365+00:00,hu,index.hu,index.hu,2026-04-17,"Szoboszlaiék történelmi rangadót játszanak, vasárnap eldőlhet a PL-arany sorsa",https://index.hu/sport/futball/2026/04/17/premier-league-2025-2026-33.-fordulo-beharangozo-manchester-city-arsenal-everton-liverpool/
31c5e9ed8a8d3c36dfc6a9f37c16b20f7c86c2be824247fb00e38d85825b849d,2026-04-17 11:18:56.384554+00:00,hu,index.hu,index.hu,2026-04-17,Lesz-e kormánypárti punk az ellenzéki punkból?,https://index.hu/velemeny/2026/04/17/kormanyvaltas-tisza-part-fidesz-orban-viktor-nemzeti-egyuttmukodes-rendszere-ketharmad-kormany-punk/
5e6b1f9e86d26b9cd1dd4bbde3ea886a8dbb9cd9c35731261ee876b5c3f53ecd,2026-04-17 11:18:51.428057+00:00,hu,index.hu,index.hu,2026-04-17,"Tarjányi Péter: Nem a zúzógép a lényeg, hanem az, amit nem látunk",https://index.hu/belfold/2026/04/17/tarjanyi-peter-tisza-part-trollfarm-fidesz-dpk/
050459139313e8c89dcdd4dbb392e2f7cc34078e9e4ff0c3c25cd9dafaf21c61,2026-04-17 11:18:46.394914+00:00,hu,index.hu,index.hu,2026-04-17,Reagált a Városliget Zrt. Karácsony Gergely felszólítására: Soha nem döntünk politikai alapon,https://index.hu/belfold/2026/04/17/karacsony-gergely-budapest-fopolgarmester-indamedia-varosliget-bejegyzes-majus-1-majalis/
a6abd400c984fb7676ee776fc5d72dc6de9cd2945076c14f10153c4e4ab16205,2026-04-17 11:18:41.334118+00:00,hu,index.hu,index.hu,2026-04-17,„Erkölcsi kötelességnek éreztük” – kizárták az MBH Bank csapatát,https://index.hu/sport/bringa/2026/04/17/kerekpar-tour-de-hongrie-2026-mbh-bank-kizaras-makrai-balint-dopping-eisenkrammer-karoly/
7b73bb947096a6c9eed9e05b52a0919950fc2dde4227a2b7dc499f895a3eb028,2026-04-17 11:18:26.367919+00:00,hu,index.hu,index.hu,2026-04-17,"Új korszak kezdődik a Reggeliben, változások elé néz a műsor: „Utolsó adás”",https://index.hu/mindekozben/poszt/2026/04/17/uj-korszak-kezdodik-a-reggeliben-valtozasok-ele-nez-a-musor-utolso-adas/
ed3ab3cb707ca2f9d05cf3256ce95a726bd7e376bf030d668a3090c51ed56e2b,2026-04-17 11:18:16.013541+00:00,hu,index.hu,index.hu,2026-04-17,"Nem fukarkodik az OTP Bank, 300 milliárd forintot oszt szét",https://index.hu/gazdasag/2026/04/17/otp-bank-kozgyules-bank-bankszektor-penzugyi-eredmeny-csanyi-sandor-csanyi-peter-valasztas-extraprofitado/
bdc15941e96af9a2a8b556439aadedfe3ddbdb6030b00e18a4989cd3724d6454,2026-04-17 11:18:07.229730+00:00,hu,index.hu,index.hu,2026-04-17,"Nyávogott és ugatott egymásnak két pilóta, a légi forgalmi irányítóközpont lépett közbe",https://index.hu/kulfold/2026/04/17/ronald-reagan-washington-nemzeti-repuloter-legiforgalmi-iranyito-kozpont-allathangok/
41aa2c4a89c293376628a75d9cfeb0dd17e9f261c3ec2fabe903b26ce8a4c0d1,2026-04-17 11:18:01.997770+00:00,hu,index.hu,index.hu,2026-04-17,"Nyáry Krisztián: Felszentelt pap is lehet oktatási miniszter, ha hisz az iskolák autonómiájában",https://index.hu/kultur/2026/04/17/nyary-krisztian-tisza-part-oktatasi-miniszter-rubovszky-rita/
9f863e63a0487ba84c6a9b386363fdb4bf2a0b6fc840019b75b370b08c11ec87,2026-04-17 11:17:47.257009+00:00,hu,index.hu,index.hu,2026-04-17,"Orbán Viktor politikájának értékei, hibái és vereségének okai",https://index.hu/velemeny/2026/04/17/orban-viktor-valasztasi-vereseg-fidesz-velemeny/
bb92a68ba3ed3891b15826affd0daf3e60c881b5e1e43913df5ac9d2870bef82,2026-04-17 11:17:32.817896+00:00,hu,index.hu,index.hu,2026-04-17,Félmillió eurót követel Szlovéniától egy magyar nő egy baleset miatt,https://index.hu/belfold/2026/04/17/szlovenia-magyarorszag-triglav-nemzeti-park-per-karterites-baleset/
4eb1be67cdc712f220f3ef144f41ece830dd331110ed63bc55d9dca9612e6f01,2026-04-17 11:17:28.350634+00:00,hu,index.hu,index.hu,2026-04-17,"Egész Németország Timmynek drukkol, Hawaiiról hoztak specialistát a haldokló bálna megmentésére",https://index.hu/kulfold/2026/04/17/puposbalna-timmy-mentes-balti-tenger-hawaii-allatorvos/
34caf1d0f101f8fbb757de6542b08ff637a8895e2c96c11eb4f6716b6bfeb89d,2026-04-17 11:17:23.554078+00:00,hu,index.hu,index.hu,2026-04-17,"Kerékpáros felvonulást rendeznek szombaton Budapesten, forgalomkorlátozásokra kell számítani",https://index.hu/belfold/2026/04/17/bkk-budapest-kerekparos-felvonulas-rendezveny-forgalomkorlatozas-szombat/
9118fba889c90d6e5a11828f42098c878d8da045c3f4e0438a22d0b1cd7a9758,2026-04-17 11:17:20.294732+00:00,hu,index.hu,index.hu,2026-04-17,Victoria Beckham megtörte a csendet a fia eltávolodásáról és a családi viszályról,https://index.hu/fomo/2026/04/17/victoria-beckham-interju-brooklyn-beckham-david-beckham-csalad-kapcsolat/
820a70a254ec30d8946d3278bf536163fffe4b861f1d9aa347cf735d485df23b,2026-04-17 11:17:16.304972+00:00,hu,index.hu,index.hu,2026-04-17,"A Momentum kéri az Európai Bizottságot és Parlamentet, hogy gyorsan oldják fel az EU-s pénzeket",https://index.hu/belfold/2026/04/17/momentum-europai-bizottsag-parlament-bedo-david-donath-anna-europai-unios-tamogatasok-level/
dd1c79274b8c229df6d89b5f5e08a1f32229819304ba95a0e057d8848185cdb0,2026-04-17 10:32:52.218834+00:00,hu,origo.hu,origo.hu,2026-04-17,"A rendőrök elől menekült a kecskeméti tolvaj, amikor az úttestre lépve azonnal elgázolta egy autó",https://www.origo.hu/kek-hirek/2026/04/tolvaj-kecskemet-rendorok-uldozes-gazolas
b0d4db8be75839003fb41da9812ae43611c384331c2169f257807ea0ee6a98cc,2026-04-17 10:32:46.394468+00:00,hu,origo.hu,origo.hu,2026-04-17,Döbbenetes vallomás: Shane Tusup mellett fel akarta adni az úszást Jackl Vivien,https://www.origo.hu/sport/sport-egyeni/2026/04/shane-tusup-jackl-vivien-uszas-edzo-tanitvany
c9598d0457cc858817fd8908afed3a51d8cf2e451645cd0ea76d116b6f21fe23,2026-04-17 10:32:42.039388+00:00,hu,origo.hu,origo.hu,2026-04-17,Árokba csúszott egy kisbusz a 37-esen,https://www.origo.hu/kek-hirek/2026/04/baleset-arokba-csuszott-egy-kisbusz-a-37-esen
493ff1f7d87a436b09089f5cff5d1c2c9e21e91ce94773ad3ac9c5e101744a0e,2026-04-17 10:32:37.154880+00:00,hu,origo.hu,origo.hu,2026-04-17,Később fizet osztalékot a Mol Magyar Péter fellépése után,https://www.origo.hu/gazdasag/2026/04/mol-kesobb-fizet-osztalekot-magyar-peter-fellepese
9891a754691a09954ab39c9d3c8aa3968ac8ce88801ff8b3ce55d7990b16cc53,2026-04-17 10:32:31.289606+00:00,hu,origo.hu,origo.hu,2026-04-17,Meglepő döntés született: átrajzolhatják Magyarország térképét,https://www.origo.hu/gazdasag/2026/04/az-orszag-terkepet-atrajzolhatjak
b7788f31ccb727a90c3c920d1c514f267859242a065bd1597e020083d8629040,2026-04-17 10:32:26.417086+00:00,hu,origo.hu,origo.hu,2026-04-17,"Nagy bajban Zelenszkij, Washingtonnak könyörög",https://www.origo.hu/kulpol/2026/04/zelenszkij-washingtonnak-konyorog-nagy-baj-tamogatas
247443daf344a1b2a275e8a7aa6c0f6992dcea9c08ba4728c838cfbdb3a67706,2026-04-17 10:32:22.056208+00:00,hu,origo.hu,origo.hu,2026-04-17,"Kiskorúakat is bevontak a drogbizniszbe, életfogytiglant kaphat az egész család",https://www.origo.hu/kek-hirek/2026/04/letartoztatas-kiskoruakat-is-bevontak-a-drogbizniszbe
f5196037a4e7aa222d868f17269b867ca132e6285d956162e62a15427badb53b,2026-04-17 10:32:16.385327+00:00,hu,origo.hu,origo.hu,2026-04-17,Halálos áldozatot szedett a tűzveszélyes mobilkiegészítő,https://www.origo.hu/techbazis/2026/04/tuzveszelyes-casely-power-pods-e33a-kulso-akku
65bdc9038284ca19d64e08f346e7979432e328b5ab3b9a9515429392ea03ad2a,2026-04-17 10:32:11.412196+00:00,hu,origo.hu,origo.hu,2026-04-17,"Tovább drágul a budapesti parkolás, eltűnhetnek az automaták",https://www.origo.hu/itthon/2026/04/parkolo-automata-budapesti-parkolas-dijemeles
559169c3cd1fbc885b55ecfffa9091a568337b39384338542b87216fb0417bef,2026-04-17 10:32:06.412302+00:00,hu,origo.hu,origo.hu,2026-04-17,"Tömegverekedés robbant ki a somogyi bál után, 30 ember esett egymásnak",https://www.origo.hu/kek-hirek/2026/04/tomegverekedes-bal-utan-somogy
319979cea6b3b65e904d38fd29f10b9b4e6e6385042746b6ee8ad3e93a6533de,2026-04-17 10:32:01.412551+00:00,hu,origo.hu,origo.hu,2026-04-17,Elfogytak a szavak: Arne Slot megint elővette Szoboszlait,https://www.origo.hu/sport/sport-futball/2026/04/arne-slot-liverpool-everton-sajtotajekoztato
6c2d2ebea6c4f3da79c1b2fbd7bf279b4dd3f8580e4fb021bbd825bd6c933143,2026-04-17 10:31:56.396025+00:00,hu,origo.hu,origo.hu,2026-04-17,"Kiderült, mikortól lehet euró Magyarországon",https://www.origo.hu/gazdasag/2026/04/euro-magyarorszagon-ettol-a-datumtol-lehet
ea3c957b5d3fc9d88e1af18176bdd65e68440c36f842fe7dcc7ea460444c6741,2026-04-17 10:31:51.691045+00:00,hu,origo.hu,origo.hu,2026-04-17,Súlyos vádak kerültek napvilágra: Zelenszkij bejelentheti a lemondását – részletek,https://www.origo.hu/nagyvilag/2026/04/zelenszkij-lemondas-korrupcio
cf0373e4f4bd70229c1487be12cf04c85b1e067db230c1946a656c674a9be432,2026-04-17 10:31:46.398392+00:00,hu,origo.hu,origo.hu,2026-04-17,Behálózták és megfenyegették a kárpátaljai iskolai lövöldözés elkövetőjét,https://www.origo.hu/kek-hirek/2026/04/iskolai-lovoldozes-karpatalja
d35945423e8da84a82979bee7c0148eca326b4254e9e49d7f95b7f3d5fb3b6df,2026-04-17 10:31:41.403106+00:00,hu,origo.hu,origo.hu,2026-04-17,Buffon szívhez szóló búcsúja a balesetben meghalt Manningertől,https://www.origo.hu/sport/sport-futball/2026/04/olasz-legenda-buffon-manninger-juventus
8a025d8d5bfa0d1dc3ebb83906cff0296f4071436389f6711c475e2a37dcba91,2026-04-17 10:31:37.210009+00:00,hu,origo.hu,origo.hu,2026-04-17,"Munkabaleset maradandó sérüléssel, bíróság előtt a munkáltató",https://www.origo.hu/kek-hirek/2026/04/maradando-serules-birosag-elott-a-munkaltato
8429d2732e4feea995fa46446d258ebabfcf12b0d4a86fcb89afcbfbaab48dd5,2026-04-17 10:31:31.417921+00:00,hu,origo.hu,origo.hu,2026-04-17,Megújul Budapest két ikonikus tere,https://www.origo.hu/gazdasag/2026/04/varos-ket-ikonikus-tere-megujul
00f43cf477744e2abca96d8d4912207eb61dec4159f06c0eea4cfbe781ae58d8,2026-04-17 10:31:26.521346+00:00,hu,origo.hu,origo.hu,2026-04-17,"Először ül egy asztalhoz a Tisza, a Fidesz és a Mi Hazánk – kulcsfontosságú döntések várhatók",https://www.origo.hu/belpol/2026/04/tisza-part-fidesz-mi-hazank-parlament-targyalas-dontes
ceafe94665dc539d2fcd03cf122e295cd7923a690b2994f82e2b3dd642d77605,2026-04-17 10:31:21.417956+00:00,hu,origo.hu,origo.hu,2026-04-17,"Durva beismerést tett Kapitány István, a Tisza gazdasági miniszteri várományosa",https://www.origo.hu/belpol/2026/04/kapitany-istvan-tisza-part-szakterulet-miniszter-auto
ec9782d2f29da8b18747b45f57937a0b7d9d835e6539b327dd2d2895ba899a81,2026-04-17 10:31:16.411020+00:00,hu,origo.hu,origo.hu,2026-04-17,Fegyver dördült egy iskolában – diák lőtt osztálytársára Kárpátalján,https://www.origo.hu/nagyvilag/2026/04/iskolai-lovoldozes-karpataljan-diak-ralott-tarsara
f4dc350d26cdfc94f369985a8951ea9c46f6af87b7a4d3c9a6e2a14834ad373b,2026-04-17 10:31:11.417477+00:00,hu,origo.hu,origo.hu,2026-04-17,Mesterek nélkül nincs jövő – 18 kitüntetett vette át a MOL – Új Európa Alapítvány Mester-M Díját,https://www.origo.hu/itthon/2026/04/mester-m-dij-2026-dijazottak-pedagogusok-edzok-tanarok
383e2314adb23375356f2378ef1297e510e4da827bdfc2c063656c60c5ab9e98,2026-04-17 10:31:06.429972+00:00,hu,origo.hu,origo.hu,2026-04-17,Váratlan fordulat: egy tollvonással eltörli a halálbüntetést egy ország,https://www.origo.hu/nagyvilag/2026/04/halalos-itelet-eltorlese-mianmar
017c73b533fbcce927ce5bdaa4c778c52245e4bdf3d3f7008c6800212f2b3fc2,2026-04-17 10:31:01.390755+00:00,hu,origo.hu,origo.hu,2026-04-17,"Letartóztatták az Éhezők viadala színészét, súlyos vádak érték",https://www.origo.hu/nagyvilag/2026/04/ehezok-viadala-ethan-jamieson-letartoztatas-2026
68845da60ce41b56eb52befcdc0ad21c00810e958cc465be2ba414bac5d9d4ef,2026-04-17 10:30:56.402174+00:00,hu,origo.hu,origo.hu,2026-04-17,"Otthonában gyártott lőszereket, de hamar megbukott a mellékkereset",https://www.origo.hu/kek-hirek/2026/04/loszerek-otthonaban-gyartott-de-hamar-megbukott
f2a41ca77aadd9446481199a4fa55e49cde593b68786aea0e9f5351ad8578f0e,2026-04-17 10:30:51.388760+00:00,hu,origo.hu,origo.hu,2026-04-17,Nem akarnak önvezető taxiba ülni az utasok,https://www.origo.hu/techbazis/2026/04/onvezeto-taxi-biztonsag-felelmek-nepszeruseg
fab8c022a703dc83c16adca953b2984c8c5bcdb0673e1b75332b9bf797e7c016,2026-04-17 10:30:47.107143+00:00,hu,origo.hu,origo.hu,2026-04-17,Hatósági eljárás indulhat a labdaszedőt meglökő Fradi-kapus ellen,https://www.origo.hu/sport/sport-futball/2026/04/grof-david-hatosagi-eljaras-labdaszedo-fradi-ujpest
847c523d3f8f3f06eb6d495230bc76e535d94a453fd8cc5a8e52d72efc20919b,2026-04-17 10:30:41.429723+00:00,hu,origo.hu,origo.hu,2026-04-17,"Kiderült, kik a világ legbefolyásosabb vezetői – az EU kimaradt az élvonalból",https://www.origo.hu/kulpol/2026/04/time-magazin-legbefolyasosabb-vezetok-top-100
81bf5f95a5a2e71019c92bb6945db24b8dd70869f0db5786a1195b369e3ace8c,2026-04-17 10:30:36.396662+00:00,hu,origo.hu,origo.hu,2026-04-17,Kábítószer: titkos szobában termesztette a drogot egy férfi Borsodban,https://www.origo.hu/kek-hirek/2026/04/kabitoszer-termesztes-titkos-szoba-borsod
0fab599ce997984a08f4b32fa59c2ced8f570cddeaf5b4b33a32c437fcd7b021,2026-04-17 10:30:31.433184+00:00,hu,origo.hu,origo.hu,2026-04-17,Lemondott a Jobbik delegáltja a Közszolgálati Közalapítvány kuratóriumi tagságáról,https://www.origo.hu/belpol/2026/04/lemondott-jobbik-delegalt-kozszolgalati-kozalapitvany
60ee827a0a5089e2211b5077220e0f4db65fad35b0b0e43a057a246dba3644af,2026-04-17 10:30:26.419025+00:00,hu,origo.hu,origo.hu,2026-04-17,Nagy Márton visszavonul a politikától,https://www.origo.hu/belpol/2026/04/nagy-marton-visszavonul-politikatol
0d820b168cce9590cc76a9b5ee001127b0d517f1843967a2065ae56acd1c4d91,2026-04-17 10:30:21.389421+00:00,hu,origo.hu,origo.hu,2026-04-17,Ez minden magyart érint! Ezt mondta Magyar Péter a védett árról,https://www.origo.hu/gazdasag/2026/04/vedett-ar-uzemanyag
55d83937e0ca3a825eecd697b232453af600d282116f1236c9be5eace7eca676,2026-04-17 10:30:17.203847+00:00,hu,origo.hu,origo.hu,2026-04-17,Öt perc után eltűnt a gép – többen életüket vesztették egy helikopter-balesetben,https://www.origo.hu/nagyvilag/2026/04/helikopter-baleset-indonezia-borneo-nyolc-halott
08c9e2cfda624f3ce3c6a757708727e61d61eb3fb47a5aad6b1380a38dc54c26,2026-04-17 10:30:11.442414+00:00,hu,origo.hu,origo.hu,2026-04-17,Pozitív lett a magyar sztárkerékpáros doppingtesztje,https://www.origo.hu/sport/sport-egyeni/2026/04/makrai-balint-dopping-pozitiv-minta-verseny
fa04db0b1ffff92b9d5b9b945cf645ba17248bc24ce1d135c7f9a77f355c94ac,2026-04-17 10:30:06.448207+00:00,hu,origo.hu,origo.hu,2026-04-17,"Dietilén-glikol került a szombathelyi kórház vizébe, 11 ember ihatott belőle",https://www.origo.hu/itthon/2026/04/szennyezett-viz-szombathelyi-korhaz-kozlemeny
d2b822681209142f9c3c1a9fe2e09ae1508b48c49a61a7300ff4e4874bbf8579,2026-04-17 10:30:01.226625+00:00,hu,origo.hu,origo.hu,2026-04-17,Eltörte a jegyellenőr csuklóját egy dühös utas Szegeden – videóval,https://www.origo.hu/kek-hirek/2026/04/jegyellenor-csuklotorest-okozott-szeged
e17516d2e066eea76893cb907bc3d75a115487c26e3eadf6d8547713e3ba4c7c,2026-04-17 10:29:56.461577+00:00,hu,origo.hu,origo.hu,2026-04-17,Milliárdok érkeznek Kijevbe – Európa egyszerűen átutalja az orosz vagyon hozamát,https://www.origo.hu/gazdasag/2026/04/hozam-vagyon-utalas
6b4ca9a658eb866f12362a84d35a275de8231c04ed852a3794b3356c2367dc0a,2026-04-17 10:29:51.432762+00:00,hu,origo.hu,origo.hu,2026-04-17,Megjöttek a számok: ennyi az átlagfizetés Magyarországon,https://www.origo.hu/gazdasag/2026/04/mar-felmillio-forint-felett-az-atlagos-netto-atlagkeres
612d12830f454f66737f9a564641e0d216bb0efd7bd9e78a751a8a1c9d682b7d,2026-04-17 10:29:46.426450+00:00,hu,origo.hu,origo.hu,2026-04-17,Rákos mutációt indíthat be ez a boltokban árult édesítő,https://www.origo.hu/tudomany/2026/04/szukraloz-dns-karosito-edesito
846109d3de402a10f4b3902b47dd267a3c9773935cb69a96cc845c671e5151f7,2026-04-17 10:29:41.459627+00:00,hu,origo.hu,origo.hu,2026-04-17,Dér Heni megszólalt a műtét után: hosszú lesz a felépülés,https://www.origo.hu/itthon/2026/04/der-heni-plasztikai-mutet-utan-vallomas
f2aa3f493a158e27196593ce1f061911a95dce90589aca06c0d3b9289e66a3f5,2026-04-17 10:27:33.085643+00:00,hu,blikk.hu,blikk.hu,2026-04-17,Ezért esznek a kutyák füvet,https://www.blikk.hu/eletmod/tippek/kutya-fuvet-eszik/dxb8y9t
a9fcfc53934bf634af79d4a1880015d221f3f34d6d74672a1257754e4479e636,2026-04-17 10:26:41.409434+00:00,hu,blikk.hu,blikk.hu,2026-04-17,Közel a végeredmény: kezdik feldolgozni a külképviseleti szavazatokat,https://www.blikk.hu/politika/magyar-politika/kulkepviseleti-szavazas-atjelentkezes-szamoljak-valasztas-vegeredmeny/704y2np
274eb3d60c5e19dfda7810ca452e8c8f80160a2f0426de75d2f9a7876cf4e6f8,2026-04-17 10:26:19.619074+00:00,hu,blikk.hu,blikk.hu,2026-04-17,Hoppá! Noszály Sándor Leonardo DiCaprio oldalán győzte le Novak Djokovicot! – fotó,https://www.blikk.hu/sztarvilag/hazai-sztarok/noszaly-sandor-leonardo-dicaprio-novak-djokovic/s6tkzkm
c5bfc76e07aa3fb91b3c93a272d0a11ac3b959ac99eab05137768b5f9adec725,2026-04-17 10:26:07.997559+00:00,hu,blikk.hu,blikk.hu,2026-04-17,Súlyos ügy: egy katona a feleségével és két kiskorú gyerekükkel együtt árult drogot,https://www.blikk.hu/aktualis/belfold/drog-kabitoszer-hazaspar-gyerekek-katona/92r3p2r
115c4a10a2acb2824bab5e22927a090fc282ac195470790798ab6898dfac353a,2026-04-17 10:26:03.066896+00:00,hu,blikk.hu,blikk.hu,2026-04-17,„Végigröhögtük a felvételt” – Joshi Bharat mikrofont ragad és stand-up turnéra indul,https://www.blikk.hu/sztarvilag/hazai-sztarok/joshi-bharat-stand-up-turne/w4tw2pr
3ec842dd8c5e00d9c411cbdb4e54b2acb184f30e72c021850e9a455b48957d88,2026-04-17 10:25:42.737306+00:00,hu,blikk.hu,blikk.hu,2026-04-17,Online elnökválasztásra készül a DK – Újraépítenék a pártot a választási vereség után,https://www.blikk.hu/politika/magyar-politika/demokratikus-koalicio-tiszujitas-dobrev-klara-lemondott-valasztas2026/1sz7xzn
43c3222ddd87415c72bcc2a718ca2f8e86d7a15e6a28752d4590d8aa114a9e6c,2026-04-17 10:25:28.275252+00:00,hu,blikk.hu,blikk.hu,2026-04-17,Így fogott kezet Magyar Péter és Gulyás Gergely,https://www.blikk.hu/aktualis/magyar-peter-gulyas-gergely-kezfogas/gyxg3zt
bf56c8bfe0658a792751a625ca53a7fb94d3285b403370854f575da0309a2416,2026-04-17 09:30:03.813747+00:00,hu,blikk.hu,blikk.hu,2026-04-17,"Bírságolni készült a jegyellenőr, eltörte a csuklóját a bliccelő, videóra vették a döbbenetes esetet",https://www.blikk.hu/aktualis/belfold/jegyellenor-bantalmazas-ugyeszseg-szeged-tram-train/sp4tfwb
0f169ef5a043cd38f7a58a5b0bc9a8bc05dc10fa6252b54d47f6273fa767ee73,2026-04-17 09:30:03.555048+00:00,hu,index.hu,index.hu,2026-04-17,"Sulyok Tamás azonnali hatállyal felmentette a dandártábornokot, akit még Áder János nevezett ki",https://index.hu/belfold/2026/04/17/bodo-bernadett-sulyok-tamas-pinter-sandor-ader-janos-novak-katalin-ruszin-szendi-romulusz/
51a9abf0ec8726dfbe34bb38f1d09fd30b81590a170d9f6d66632fbea7f1645b,2026-04-17 09:29:58.613118+00:00,hu,index.hu,index.hu,2026-04-17,"Takarítást végeznek hétvégén az Árpád hídon, érdemes figyelemmel közlekedni",https://index.hu/belfold/2026/04/17/budapesti-kozmuvek-arpad-hid-fkf-tisztitas-aprilis-hetvege-felhivas/
35fa75091f29e255591efc162c0d0cec35fb1f94bf94f3c7c35169fd14d00842,2026-04-17 09:29:57.602958+00:00,hu,blikk.hu,blikk.hu,2026-04-17,Jó választás lenne Rubovszky Rita oktatási miniszternek?,https://www.blikk.hu/politika/magyar-politika/rubovszky-rita-tisza-jelolt-oktatas-miniszter/gw6ydel
678731d225163bf8979f5d7597e0ca97f5f108274e80b2435121198549867181,2026-04-17 09:29:52.075369+00:00,hu,index.hu,index.hu,2026-04-17,"Madár olyasmivel lepi meg rajongóit, amire még nem volt példa",https://index.hu/sport/boksz/2026/04/17/madar-gala-bunyo-szinvonalas-madarfeszek/
7857648a11d6639647f9b260c05c32545da3fb566c89464bf47b491d25c77a84,2026-04-17 09:29:47.615031+00:00,hu,blikk.hu,blikk.hu,2026-04-17,Már az életünket is ismeri a Google új képgenerátora: jön a személyre szabott Gemini,https://www.blikk.hu/ferfiaknak/tech/google-gemini-kepgenerator-gmail-mesterseges-intelligencia/9rhkkwp
31950e735841c0c9a729a4a97443ce35a45d3103e6a8844c92605401ec5e14c1,2026-04-17 09:29:39.215273+00:00,hu,index.hu,index.hu,2026-04-17,"Terrortámadás egy kárpátaljai magyar iskolában, fegyverrel támadt társára egy diák",https://index.hu/kulfold/2026/04/17/terrortamadas-karpatalja-magyar-iskola-ukrajna/
d057a885dccb20c016fe3bea9b2db056a0d7a65a23a6b710ffa5cbc394ac0222,2026-04-17 09:29:33.995303+00:00,hu,index.hu,index.hu,2026-04-17,"Vádat emeltek egy utas ellen, aki eltörte egy ellenőr csuklóját a Tramtrain vasútvillamoson",https://index.hu/belfold/2026/04/17/szeged-ferfi-vademeles-jegyellenor-tramtrain-csuklotores-eroszak-birsag/
a2e7e487ea73989d22fdb03d8e674dae42f954f50608ef6723300e987f831b51,2026-04-17 09:29:30.008513+00:00,hu,index.hu,index.hu,2026-04-17,"Fájdalmas válás után jött a fordulat, Rubint Rella megvalósította az álmát",https://index.hu/mindekozben/poszt/2026/04/17/osszetort-de-talpra-allt-rubint-rella-uj-eletet-kezdett-sajat-otthonaban/
62d2869ef587f2245bb1c5084e81a3b890745aa2a1ce4fab5092426b58b54df2,2026-04-17 09:29:28.203572+00:00,hu,blikk.hu,blikk.hu,2026-04-17,"Gyászol a magyar atlétika, meghalt a sportág legendája",https://www.blikk.hu/sport/meghalt-skoumal-andras-atletika-gyasz/5yq1ffq
f642e7574026bffbbca9a668c8465eef02903e02b93f2cde3efbd6c87aca9eef,2026-04-17 09:29:24.089537+00:00,hu,index.hu,index.hu,2026-04-17,A Fradi után a Betist is megszórta az Európa-liga elődöntőjébe jutó Braga,https://index.hu/sport/futball/2026/04/17/europa-liga-2025-2026-negyeddonto-betis-braga-visszavago/
a9d23575f9732c695a386d54bfc2a9d3913c72ca553ef62b4a60a0decad22f27,2026-04-17 09:29:08.114257+00:00,hu,index.hu,index.hu,2026-04-17,"Nincs fék az ingatlanpiacon, folyamatosan emelkednek a lakásárak",https://index.hu/gazdasag/2026/04/17/ingatlan-lakasarak-emelkedes-budapest-videk-lakas/
ba751a56a07a9135141a0e39454ea5f1c15db0bceaf570f48180a1e982b94f6f,2026-04-17 09:29:07.858361+00:00,hu,blikk.hu,blikk.hu,2026-04-17,Magyar Péter a Parlamentben: üzent a leendő oktatási miniszter miatt is,https://www.blikk.hu/politika/magyar-politika/magyar-peter-oktatasi-miniszter/chh6vg8
6f888974a8a24873b3b1efdcd354e401368f8ad25845ca627af21329bc87179b,2026-04-17 09:29:02.760328+00:00,hu,index.hu,index.hu,2026-04-17,"Zárt ajtók mögött tárgyal a Fidesz és a Tisza Párt, ma sok minden eldőlhet",https://index.hu/belfold/2026/04/17/orszaggyules-parlament-valasztas2026-fidesz-kdnp-tisza-part-mi-hazank-mozgalom/
68f26ca4f5d77d86176907c4ad00da7111190a2e2def8b448c83a9152bd13204,2026-04-17 09:28:50.548579+00:00,hu,blikk.hu,blikk.hu,2026-04-17,"Gyilkosságért tartóztatták le az énekest, miután egy feldarabolt női holttestet találtak az autójában",https://www.blikk.hu/sztarvilag/nemzetkozi-sztarok/enekes-letartoztatas-gyilkossag/k69mslx
2c75ac1a8c40c6a8b2fc35914677c1c31924d873881fab3214c48d9ab60a4afe,2026-04-17 09:28:35.368515+00:00,hu,index.hu,index.hu,2026-04-17,Nemzetközi filmet mutattak be a világbajnok magyar sportolóklasszisról,https://index.hu/sport/2026/04/17/red-bull-world-fitness-project-horvath-laura-dokumentumfilm-together-we-rise/
9639076954ca0b8b9bf790bf8a02aaa7fdb3036f6e68c9d36a6fb224764c069a,2026-04-17 09:28:30.594629+00:00,hu,index.hu,index.hu,2026-04-17,Varga Barnabásék közel voltak az óriási csodához a nemzetközi kupaporondon,https://index.hu/sport/futball/2026/04/17/konferenicaliga-negyeddonto-visszavagok-aek-athen-rayo-vallecano-varga-barnabas/
53b23e999a7557e355360b4ab9c0864974414685209c9831fa6d922a4a55cca3,2026-04-17 09:28:25.288842+00:00,hu,index.hu,index.hu,2026-04-17,Az Orbán-rendszer bukása után ismét Magyarországon lép fel Schiff András,https://index.hu/kultur/2026/04/17/schiff-andras-zongoramuvesz-magyarorszag-fellepes-visszateres-orban-viktor-vereseg-budapest-koncert/
32f3c84e30a8f84b81560b07f38a246d83366a49d02f1e6fef9e9f2bb3333a63,2026-04-17 09:28:20.573629+00:00,hu,blikk.hu,blikk.hu,2026-04-17,Győrben támadt rá egy volt ügyfele a szociális dolgozóra,https://www.blikk.hu/aktualis/krimi/rablo-tamadas/674q453
ca10f18870e3e776ff4317d07d7066433de7bfe8960d039c1690ac528706e751,2026-04-17 09:28:15.924515+00:00,hu,index.hu,index.hu,2026-04-17,"Nemcsak Orbán Viktor, de Szijjártó Péter is kihagyja jövő héten az uniós találkozóját",https://index.hu/kulfold/2026/04/17/europai-unio-magyarorszag-kulugyek-tanacsa-szijjarto-peter-orban-viktor-talalkozo-tavolmaradas-kihagyas/
2d67beacb47a19919847383f500d69d2baf8256836c059ef27469ee2a3aaa5d6,2026-04-17 09:28:02.524818+00:00,hu,blikk.hu,blikk.hu,2026-04-17,"Trump úgy látja, Irán lemondana az atomfegyverről",https://www.blikk.hu/politika/vilagpolitika/trump-iran-atomfegyver/9tzwdbb
a713c1c0387ad2fb2f9c5c9b2712ad78e52602c65883cf37506fa911e5594d4d,2026-04-17 08:39:10.612441+00:00,hu,origo.hu,origo.hu,2026-04-17,A McLaren főnökének bejelentése mindent megváltoztat,https://www.origo.hu/sport/f1/2026/04/mclaren-andrea-stella-forma-1-bejelentes
21b2ef7a5ad93f230965190c6e8cd55c93602ed60b598991d1ad5c0eba9cbb03,2026-04-17 08:39:06.312630+00:00,hu,origo.hu,origo.hu,2026-04-17,"Dróntámadás bénította meg a leningrádi térséget, leállt a reptér",https://www.origo.hu/kulpol/2026/04/leningrad-drontamadas-repter
a1f7030ff9f38e57a76f99990dc626ab33d9d381a9e3ec3c39218e26f4c6ed99,2026-04-17 08:29:59.901006+00:00,hu,blikk.hu,blikk.hu,2026-04-17,"Mit kell tennie, ha egy kullancs rátapad a bőrére? Szórja meg ezzel az összetevővel, és 20 percen belül magától leválik.",https://www.blikk.hu/eletmod/tippek/kullancs-eltavolitas/dcge9pf
d29c070f03a88d1fc25925bd6efd720859d15344841e5637636841cd85e27cff,2026-04-17 08:29:49.449575+00:00,hu,blikk.hu,blikk.hu,2026-04-17,Visszatér a Nokia: saját fejlesztésű csúcsmobil érkezik,https://www.blikk.hu/ferfiaknak/tech/nokia-uj-telefon-megjelenes/qkb52jt
9dcc4555b48f753c517bebe4f28250760cef8574ca46530e50dc2385a902c676,2026-04-17 08:29:28.054859+00:00,hu,blikk.hu,blikk.hu,2026-04-17,Kamerák előtt megy férjhez Ralf Schumacher,https://www.blikk.hu/sport/ralf-schumacher-eskuvo-sky-dokumentumfilm/lklg9xs
ae07e5204b94aa836ec6c72d798f737afaf20bfcca0d3f5fbb615d5d9f0591d5,2026-04-17 08:28:59.651940+00:00,hu,blikk.hu,blikk.hu,2026-04-17,Szörnyű baleset Tiszaalpáron: Vonat és személyautó karambolozott,https://www.blikk.hu/aktualis/belfold/auto-vonat-utkozott-tiszaaalpar-katasztrofavedelem/zt199px
59ac83cb0df841cf1cf5b6ae8c31a39ed91366c09531f86cf631b6850d02a33a,2026-04-17 08:28:54.516807+00:00,hu,blikk.hu,blikk.hu,2026-04-17,Fegyveres támadás Kárpátalján: Kilencedikes tanuló lőtt rá osztálytársára Csapon,https://www.blikk.hu/aktualis/kulfold/lovoldozes-karpatalja-iskola-ungvar/0cjjtj1
033cef6a8a490facb3f3a17a9ba887e721225472da3e0818326d430087ae9356,2026-04-17 08:28:49.685367+00:00,hu,blikk.hu,blikk.hu,2026-04-17,"Nagy Márton bejelentette, hogy visszavonul a politikától",https://www.blikk.hu/politika/magyar-politika/nagy-marton-visszavonulas-politika/w5cm2kq
0638ed4e43966ab6d0ab4f279313d1e28c5f50a8041451fb54d7b58d3fad9f33,2026-04-17 08:28:44.969605+00:00,hu,blikk.hu,blikk.hu,2026-04-17,"Új korszak, új esélyek? Pénz beszél a választás után, erre lenne szükség a csúcsmenedzserek szerint",https://www.blikk.hu/gazdasag/penz/magyar-gazdasag-jovoje-money-talks/29d0gpp
72026f9e45ff1dc48c65881e0ef0abc341414fc23fa6ae0020a92c76ef980016,2026-04-17 08:28:08.372329+00:00,hu,blikk.hu,blikk.hu,2026-04-17,Orbán Viktor helyett más valaki szólalt meg a Kossuth rádió péntek reggeli interjújában,https://www.blikk.hu/politika/magyar-politika/orban-kossuth-radio-helyettes/yx9rpgb
a28172421bf2c726e37d44892fd1c570c96806345fb81767faf544a37b21766a,2026-04-17 08:23:13.779178+00:00,hu,index.hu,index.hu,2026-04-17,"Gyilkosságért letartóztatták az amerikai énekest, miután korábban egy feldarabolt női holttestet találtak az autójában",https://index.hu/fomo/2026/04/17/d4vd-egyesult-allamok-enekes-holttest-gyilkossag-letartoztatas/
1feec03114d32f0eaa16b1fd7988935ad414625928e4ec7ffa311c337ee3ee8f,2026-04-17 08:23:06.760345+00:00,hu,index.hu,index.hu,2026-04-17,"Tavalyhoz képest nőtt a magyarok fizetése, de ez nem mindenkit érint",https://index.hu/gazdasag/2026/04/17/magyarorszag-ksh-ber-atlagber-realber-median-adatok-fizetes-kereset/
c82787514c4258ddd8435f952debceda8b8c82f1dfd62b416fdf18fa2ff7394a,2026-04-17 08:23:02.841472+00:00,hu,index.hu,index.hu,2026-04-17,"Olyan grandiózus lett a Dűne 3., hogy az első beszámolók szerint a Disney is eltolhatja az új Bosszúállók premierjét",https://index.hu/mindekozben/poszt/2026/04/17/dune-3-elso-7-perc-mozi-rajongok-monumentalis-visszajelzes/
bbfab243a11ca87c878a056b318bdd3b35456684726650c1f4afb0cc2581f21b,2026-04-17 08:22:56.716099+00:00,hu,index.hu,index.hu,2026-04-17,"Lelőtte feleségét, majd öngyilkos lett az amerikai politikus",https://index.hu/kulfold/2026/04/17/virginia-egyesult-allamok-kormanyzo-helyettes-feleseg-ongyilkossag-meghalt-rendorseg/
9b3edabed8f1ae7da7cb4376ad49a671a89ad7c639266ed2465157e7f79757b4,2026-04-17 08:22:51.819364+00:00,hu,index.hu,index.hu,2026-04-17,A közmédia kuratóriumának egyik tagja Magyar Péter felhívására lemondott,https://index.hu/belfold/2026/04/17/magyar-peter-tisza-part-silhavy-mate-tibor-lemondas-kozmedia-orszaggyulesi-valasztas-kuratoium/
a696fd6466578eac80e7a99a038209ac9a0c47f97f7e100ef7298126f57b75cf,2026-04-17 08:22:45.873483+00:00,hu,index.hu,index.hu,2026-04-17,"A rendőrök lelőttek egy nőt, miután megvágott egy hároméves kisfiút egy Walmart-parkolóban",https://index.hu/kulfold/2026/04/17/rendorseg-egyesult-allamok-nebraska-omaha-walmart-kes-tamadas-fenyegetes-gyermek/
353b46cef497e6dcc70ac32a9060229c7c2156ab6ec306837aa3edd83c082fb7,2026-04-17 08:22:39.915914+00:00,hu,index.hu,index.hu,2026-04-17,Kórházba került Christina Applegate,https://index.hu/fomo/2026/04/17/christina-applegate-szklerozis-multiplex-betegseg-korhaz-egy-rem-rendes-csalad-szineszno/
b89d8f652148a4f22fd26e13e36479d3b9cc482d9e167a0a73524ed2073c9438,2026-04-17 08:22:32.911994+00:00,hu,index.hu,index.hu,2026-04-17,"Nagy Márton visszavonul a politikától, törölték a Facebook-oldalát",https://index.hu/belfold/2026/04/17/nagy-marton-nemzetgazdasagi-miniszter-facebook-oldal-torles-eltunes/
8f9b2b25ea50e0168ecdc0724a01db2b458ffd1b284e489e222ee43237e63394,2026-04-17 08:22:11.722998+00:00,hu,index.hu,index.hu,2026-04-17,"Ferencz Orsolya szerint Nagy Márton teljesítménye nulla, Lázár Jánost sem kímélte",https://index.hu/belfold/2026/04/17/ferencz-orsolya-miniszteri-biztos-urkutatas-orszaggyulesi-kepviselo-fidesz-valasztas-2026/
3b30b5ca61bb0da76ed002cfe732be811ad1df5ac30ad586e5113682de9875d0,2026-04-17 08:22:06.661512+00:00,hu,index.hu,index.hu,2026-04-17,"Milák Kristóf 100 méter gyorson megvillant, a specialista Németh Nándort is legyőzve lett aranyérmes",https://index.hu/sport/uszas/2026/04/17/uszas-uszo-ob-orszagos-bajnoksag-sopron-milak-kristof-nemeth-nandor-jackl-vivien/
d652f1462d6670dd333f2599e1cc6ae03bd78669fa8d8598a015fe66f61a8e0a,2026-04-17 08:21:57.514502+00:00,hu,index.hu,index.hu,2026-04-17,Nem tér napirendre az internet népe Zendaya vörös szőnyeges szettje felett,https://index.hu/mindekozben/poszt/2026/04/17/zendaya-ruha-voros-szonyeg-dune-3/
85bfd704ff8c4e2785c1ab2ea11d01d1a7b4098220b729d0867b1789bca7c5b7,2026-04-17 08:21:51.420420+00:00,hu,index.hu,index.hu,2026-04-17,Hárman haltak meg egy németországi bőrfeldolgozó üzemben történt balesetben,https://index.hu/kulfold/2026/04/17/nemetorszag-borfeldolgozo-uzem-halal-baleset/
919515b8b0f562a15e0b74f7c294960e294f36c25b2e589ae56773617e55fa4b,2026-04-17 08:21:46.669862+00:00,hu,index.hu,index.hu,2026-04-17,Vádat emeltek egy lőszereket engedély nélkül értékesítő férfi ellen,https://index.hu/belfold/2026/04/17/cegled-ferfi-loszer-ertekesites-visszaeles-engedely-ugyeszseg-vademeles/
ca8df801e405ce7ca27a3f348f2e5094ffc560c28a4f24c323729510317b8021,2026-04-17 08:21:41.658891+00:00,hu,index.hu,index.hu,2026-04-17,A magyar oktatás valós helyzete 2026-ban,https://index.hu/velemeny/2026/04/17/magyar-oktatas-valos-helyzet-gyoztesek-vesztesek/
06e55390a8c9b17519a6b50b01ee62c82e40c8574a90eef03d40a2bfb5c01a79,2026-04-17 08:21:37.106494+00:00,hu,index.hu,index.hu,2026-04-17,"Még ki sem nevezték, de máris óriási vita robbant ki az új oktatási miniszter személyéről",https://index.hu/belfold/2026/04/17/rubovszky-rita-tisza-part-oktatasi-miniszter-vita-pankotai-lili-veiszer-alinda-kommenthaboru/
35b8504b201b28d649f4858c7bb301e0259cc189a6fc9a6122ec72ff90dc3d4e,2026-04-17 07:36:58.971408+00:00,hu,blikk.hu,blikk.hu,2026-04-17,Luxusrejtekhely az Alpokban: Megtalálták a hónapok óta keresett ex-hercegnét,https://www.blikk.hu/sztarvilag/nemzetkozi-sztarok/sarah-ferguson-jeffrey-epstein-andars-herceg-botrany-megtalaltak/jq92jsw
717e78512074e1acbd64a924c3d29baf02774234597a49f220e050833fa5dfd6,2026-04-17 07:36:53.561529+00:00,hu,blikk.hu,blikk.hu,2026-04-17,Negyven éve nem rendezi az okozott kárt a Honvéd egykori ünnepelt focistája,https://www.blikk.hu/sport/magyar-foci/kerepeczky-gyorgy-baleset/mjqlm2h
ff152364a3134de4a794084a3b485841c06d682892c2d2c197a4b50132ba6b64,2026-04-17 07:36:48.600920+00:00,hu,blikk.hu,blikk.hu,2026-04-17,Ez a gyönyörű színésznő volt Radnai Márk barátnője,https://www.blikk.hu/politika/magyar-politika/radnai-mark-szerelem-szineszno-tisza-part/snd7hwm
e70c7e7407ae83f87e7ebfae756d359d8d9c2c9285b058a297015076de578c8d,2026-04-17 07:36:48.394914+00:00,hu,origo.hu,origo.hu,2026-04-17,Három emberéletet követelt egy üzemi baleset egy szennyvíztisztítóban,https://www.origo.hu/nagyvilag/2026/04/uzemi-baleset-nemetorszag-runkel-halalos-tragedia-2026
e809eac2aa6d6cd7088324bfc00be641665c72e6cba7ead9ac7f9ecfaf296de3,2026-04-17 07:36:43.898461+00:00,hu,blikk.hu,blikk.hu,2026-04-17,Sulyok Tamás döntött: azonnali hatállyal felmentettek egy magas rangú vezetőt,https://www.blikk.hu/politika/magyar-politika/sulyok-dandartabornok-felmentes/ydgdfp4
560336b6e3c1254783a6e04b83a2a6e4751046fce6e7edcaa027cf306733d916,2026-04-17 07:36:38.362882+00:00,hu,origo.hu,origo.hu,2026-04-17,Újabb örömhír Horváth Csengétől: a babavárás után jöhetett az esküvő is,https://www.origo.hu/teve/2026/04/horvath-csenge-titokban-ferjhez-ment-foto-2026
432be7a144d0d01558ab44284fae408f7ac6c2940f3a62296b94c8aa23ec04b7,2026-04-17 07:36:36.267972+00:00,hu,blikk.hu,blikk.hu,2026-04-17,"Leszerelik az összes parkolóautomatát Budapesten, emelkednek a díjak is",https://www.blikk.hu/aktualis/belfold/budapest-parkoloautomata-leszereles/m6nwgm2
b12f4d694a9e0c2232bc2382b08d7fec6ceacade62e772f2bd44196ef37fde42,2026-04-17 07:36:18.908675+00:00,hu,origo.hu,origo.hu,2026-04-17,Magyar Péter brutális terve: teljes káosz jöhet a közjogi méltóságok leváltásával,https://www.origo.hu/belpol/2026/04/magyar-peter-kozjogi-meltosagok-levaltas-kaosz-sulyok
0d0d30b9863706370e02d992d8d7f49a87aeada68606f62a69e95e3ecdb0f239,2026-04-17 07:36:07.438190+00:00,hu,blikk.hu,blikk.hu,2026-04-17,Gróf Dávid újabb vizsgálatokra számíthat a labdaszedő fellökése miatt – sajtóhír,https://www.blikk.hu/sport/magyar-foci/grof-labdaszefo-eljaras/lhr6z3j
eb41c0fb8247add2b5ca9cf884a92d0a41d7677eab59567750801213f3831494,2026-04-17 07:35:52.944799+00:00,hu,blikk.hu,blikk.hu,2026-04-17,"A professzor elárulja, hogy milyen az ideális reggeli",https://www.blikk.hu/eletmod/egeszseg/idealis-reggeli-a-professzor-szerint/hz94smd
3ed3fae2b20271da4f20fd1eeb0180a93338ac1d986aa228e90871ea74c06b6f,2026-04-17 07:35:43.803130+00:00,hu,blikk.hu,blikk.hu,2026-04-17,Több száz sajátgyártású lőszert adott el: komoly bajba került egy ceglédi férfi,https://www.blikk.hu/aktualis/krimi/cegled-loszer-gyartas/rf0khdp
0a72ed7af962679c55c2392c13eb8abf45ba1f8176ce982a0df6e48c644c446f,2026-04-17 07:35:41.546790+00:00,hu,origo.hu,origo.hu,2026-04-17,Döbbenet: ennyit keresett a Liverpool a BL-kieséssel,https://www.origo.hu/sport/sport-futball/2026/04/liverpool-bajnokok-ligaja-penz-kereset
c44131411bb887742bc313bab6b07a43bfc579e130145b65d4c694294963e3bf,2026-04-17 07:35:30.862182+00:00,hu,blikk.hu,blikk.hu,2026-04-17,"Hivatalos: Tom Cruise újra vadászgépbe ül, jön a Top Gun 3!",https://www.blikk.hu/sztarvilag/filmklikk/top-gun-visszateres-tom-cruise/2g8t6yt
b9b49f98cd9e185bf0da673589324ab32182b64c2f5b7c2f8e0e81487e5b078c,2026-04-17 07:35:19.110344+00:00,hu,blikk.hu,blikk.hu,2026-04-17,"Hoppá: nem tér vissza Bata Éva A mi kis falunkba, kiderült, ki lesz az új kocsmáros az RTL sikersorozatában",https://www.blikk.hu/sztarvilag/hazai-sztarok/mi-kis-falunk-bata-eva-csere/xmmq0b2
5e231f29824d4b6300b7643941102cf6a110b7dbe3b56667b9dc89a9c29341d0,2026-04-17 07:35:17.392854+00:00,hu,origo.hu,origo.hu,2026-04-17,Hátborzongató gyilkosság: 14 éves lány holttestére bukkantak az ismert énekes kocsijában,https://www.origo.hu/nagyvilag/2026/04/gyilkossag-d4vd-letartoztatas-los-angeles
f0a8fa3c7f46440068d63de413c1d02e4d1692ced97399e40635aee5547d61c3,2026-04-17 07:35:08.879032+00:00,hu,blikk.hu,blikk.hu,2026-04-17,"""Borzasztó élmény volt"" – Vadkerti Adél megszólalt a Blikknek a vitatott döntéséről",https://www.blikk.hu/sztarvilag/hazai-sztarok/vadkerti-adel-parbaj-dontes/y82ymcq
b5f4463f85b777a3c5c52adf60037bab31854eebd69f78f3493f849da36f9b68,2026-04-17 07:34:58.348451+00:00,hu,blikk.hu,blikk.hu,2026-04-17,Sokan összetévesztik a légkeveréssel: mit jelent ez a ventilátor szimbólum a sütőn?,https://www.blikk.hu/eletmod/tippek/ventilator-szimbolum/q7x2mek
cf62943aa4059d72909db863ddbe9e1da42f66786387fc60151602c6ecdbb4f2,2026-04-17 07:34:47.359303+00:00,hu,blikk.hu,blikk.hu,2026-04-17,"9 mm-es pisztollyal támadt három emberre, letartóztatták Az éhezők viadala fiatal sztárját",https://www.blikk.hu/sztarvilag/nemzetkozi-sztarok/letartoztattak-ehezok-viadala-sztar-lovoldozes/4hcjhcq
732a28ca8175adda67af8bf0d7a9ab405eab5f1f54e8e99b3fd030a63dcb9a0a,2026-04-17 07:34:46.418198+00:00,hu,origo.hu,origo.hu,2026-04-17,Magyar Péter szimbolikus lépésével kommunista hagyományt folytatna,https://www.origo.hu/belpol/2026/04/magyar-peter-szimbolikus-lepes-kommunista-hagyomany
8f38f36fc6c1706d8aad3085f583f8fbda3202d2c8521695b214f6ece3e11e74,2026-04-17 07:34:41.700151+00:00,hu,blikk.hu,blikk.hu,2026-04-17,Érkezik a Birodalom: A magyar pornópápa aranykora,https://www.blikk.hu/sztarvilag/hazai-sztarok/kovi-kovacs-kovi-istva-rtl-sorozat-felnottfilm-birodalom/twx4nx4
117d19f5c4d008a174dca3c362844f088d7c1a01f8658991324eb2d20ae73f8e,2026-04-17 07:24:22.699718+00:00,hu,origo.hu,origo.hu,2026-04-17,Szoboszlait eladná a Liverpool? Nevetséges vételárról beszélt a Manchester United legendája,https://www.origo.hu/sport/sport-futball/2026/04/szoboszlai-dominik-liverpool-gary-neville-ian-wright
efd0f4427dcea36532fc7dcf484543e339fde9b45b111498ab92b31c78f08961,2026-04-17 07:24:17.692206+00:00,hu,origo.hu,origo.hu,2026-04-17,Ön is veszélyben lehet! Már biztosítási csalásra is használják a mesterséges intelligenciát,https://www.origo.hu/techbazis/2026/04/auto-biztositasi-csalas-ai-mi-manipulalt-kep
0a963d1400cc2a373f195234bb2658d42a89e47a139d202a0d91c137bd25e997,2026-04-17 07:23:49.135859+00:00,hu,origo.hu,origo.hu,2026-04-17,Harkovban nem engedik visszavonulni az ukrán egységeket,https://www.origo.hu/kulpol/2026/04/harkovban-visszavonul-ukran-egysegek
a89a0865b94518758dbdcf48f20aa095255423f749f0109408a068a2030ce2cb,2026-04-17 07:23:40.814995+00:00,hu,origo.hu,origo.hu,2026-04-17,Ennyi volt a tavasz? Meglepő fordulat jön az időjárásban,https://www.origo.hu/itthon/2026/04/idojaras-napos-hetvege-zapor-szel
eeef54913b8a6bb8db05d4c173108a31d4de9cba338ca64d5cb5a022e95ef286,2026-04-17 07:23:33.556413+00:00,hu,origo.hu,origo.hu,2026-04-17,Nagy bejelentést tett Orbán Viktor: teljesen átalakul a jobboldal,https://www.origo.hu/belpol/2026/04/orban-viktor-valasztas-fidesz-patriota-atszervezes
9bec5015e50e9215b7869948b9c8be4bca7a3a08f457c66a5e2d23e5f4af2e6d,2026-04-17 07:23:27.802517+00:00,hu,origo.hu,origo.hu,2026-04-17,Már a NATO légterében: orosz drón hatolt be Magyarország mellett,https://www.origo.hu/nagyvilag/2026/04/romania-nato-legter-orosz-dron-magyarorszag
59ab06f8feccac9592c9925779cae4561100e3820db0e0fce64e4a4d1be82532,2026-04-17 07:23:17.518921+00:00,hu,origo.hu,origo.hu,2026-04-17,Hihetetlen: megint nem fogott kezet Bondár Annával az ukrán teniszező,https://www.origo.hu/sport/sport-egyeni/2026/04/bondar-anna-olekszandra-olijnikova-tenisz-kezfogas
7264be73ab766bcde3987fb92340363795b8f3a778f6e21232a8a9dd038ac415,2026-04-17 07:22:56.354168+00:00,hu,blikk.hu,blikk.hu,2026-04-17,"Forintbúcsúztató 2030-ra? Megnéztük, mi áll Magyar Péter euró-ígérete és a valóság között",https://www.blikk.hu/aktualis/belfold/magyar-peter-euro-bevezetese/739z812?utm_source=hirstart&utm_medium=cpc&utm_campaign=blikk-hirstart
b4897128aeb8844ff675a6cb6289a314238827f4bd6f4d74847e180013816d43,2026-04-17 07:22:51.551905+00:00,hu,index.hu,index.hu,2026-04-17,"Még számolják a szavazatokat, több választókerület átbillenhet a másik oldalra",https://index.hu/belfold/2026/04/17/valasztas2026-orszaggyulesi-valaszasok-egyeni-valasztokeruletek-nemzeti-valasztasi-iroda-fidesz-kdnp-tisza-part/?utm_source=hirstart&utm_medium=referral&utm_campaign=ct
1c33507acfbec274741ed888af36862b059cb7b071b11bf22700eb6da4713540,2026-04-17 07:22:48.274227+00:00,hu,origo.hu,origo.hu,2026-04-17,Kórházba került az Egy rém rendes család sztárja – egyre nagyobb a baj,https://www.origo.hu/nagyvilag/2026/04/christina-applegate-korhaz-sm-allapot-2026
19019eb5c7d98160c892bfd3b00e8128cb4f7cf71cd7bc91f7fc9f28ad3d2d9c,2026-04-17 07:22:41.327060+00:00,hu,origo.hu,origo.hu,2026-04-17,Közel a béke? Nagy alku jön Iránnal,https://www.origo.hu/kulpol/2026/04/irannal-alku-beke-tuzszunet-trump
017d88145313b1a1c03f213dda4ec4f26dbf3638d027e0d2637db5b63306c297,2026-04-17 05:35:23.376352+00:00,hu,blikk.hu,blikk.hu,2026-04-17,Óriási boldogság: titokban férjhez mehetett a babát váró Horváth Csenge,https://www.blikk.hu/sztarvilag/hazai-sztarok/titokban-ferjhez-ment-horvath-csenge/dv9jv2j
4bf56e5e4ce396a7a00c77e8f6466996e16331c7be13847e6fb0997b6b4c9e7e,2026-04-17 05:25:47.248478+00:00,hu,index.hu,index.hu,2026-04-17,Ruszin-Szendi Romulusz: A Honvédelmi Minisztériumban „nagy hőfokon” működnek a darálógépek,https://index.hu/belfold/2026/04/17/ruszin-szendi-romulusz-tisza-part-szalay-bobrovniczky-kristof-honvedelmi-miniszterium-iratmegsemmisites/
7d400a0b6bf74be2cd7f5ab4fdda1fae78d1cd90563f978475052f5bc4f16ed6,2026-04-17 05:25:37.488676+00:00,hu,index.hu,index.hu,2026-04-17,A brazil elnök szerint Donald Trumpnak nincs joga „reggel felébredni és egy országot fenyegetni”,https://index.hu/kulfold/2026/04/17/donald-trump-egyesult-allamok-luiz-inacio-lula-da-silva-brazilia-fenyegetes/
d20086b5f7cd16424dd32a0463024d7fd224518c531cfa8bed2492a80cb827b6,2026-04-17 05:25:24.675957+00:00,hu,index.hu,index.hu,2026-04-17,Ez a dolog kifejezetten zavarta Gabriel García Márquezt,https://index.hu/kultur/2026/04/17/gabriel-garcia-marquez-vilagirodalom-kviz-iro-irodalom-szaz-ev-magany/
be2cf32832881465b6719308334ec764d6e884deb3e64220c388f31e989472f4,2026-04-17 05:25:19.891156+00:00,hu,index.hu,index.hu,2026-04-17,A fél országra kiadták a figyelmeztetést,https://index.hu/belfold/2026/04/17/idojaras-elorejelzes-radar-napos-ido-gomolyfelho-zivatar-figyelmeztetes-zapor-eso/
bbbea3b5900bb274734b58bfc716bc6c4b55b05471d7fba08a05e268c91be0e3,2026-04-17 05:25:16.074109+00:00,hu,index.hu,index.hu,2026-04-17,Oscar-díjas színész tűnt fel Budapesten utcáin,https://index.hu/mindekozben/poszt/2026/04/17/eddie-redmayne-harry-potter-univerzum-sztarja-budapesten/
a7860ef73b52e3acc3e6d23e33fa61836bee0dee74fd5fd3e29f40265ade1bdd,2026-04-17 05:25:09.863006+00:00,hu,index.hu,index.hu,2026-04-17,"Florentino Pérez berontott a Real Madrid öltözőjébe, és lehordta a sárga földig Mbappéékat",https://index.hu/bajnokokligaja/2026/04/17/bl-negyeddonto-florentino-perez-real-madrid-bayern-munchen-allianz-arena-mbappe-perez-vinicius-carlo-ancelotti/
aa41d5c9a154cb53cc352274a634d17f7c02af5becc600fd01272e7576b1113c,2026-04-17 05:25:04.614748+00:00,hu,index.hu,index.hu,2026-04-17,"Centiken múlt, hogy elgázolják a zebrán telefonozó gyalogost",https://index.hu/belfold/2026/04/17/dunakeszi-budapesti-autosok-zebra-gyalogos-robogo-fiumei-ut-ujpest-baja-x-kerulet/
2ac7a3d0027ab51906a3b359bd62c3c6924a4d6d08e655fea871e33389f03169,2026-04-17 05:25:00.675054+00:00,hu,index.hu,index.hu,2026-04-17,Mit jelent ma amerikainak lenni? Kinek jár születéskor az állampolgárság?,https://index.hu/kulfold/2026/04/17/usa-legfelsobb-birosag-dontes-szuletessel-jaro-allampolgarsag-donald-trump/
8dbb07efd8f8eb2dd72ba6b838a587445a24fcbd2f9722647bbdff0659b22dd8,2026-04-17 05:24:48.279035+00:00,hu,index.hu,index.hu,2026-04-17,"Rekordot rekordra halmoz a magyar felsőoktatás, új trend van kialakulóban",https://index.hu/belfold/2026/04/17/felsooktatas-jelentkezes-rekord-oktatas-egyetem-elte-bme-pannon-egyetem/
bbb9bb91dee17052d09c22fb0d8bbc4e925f50af125f4ba8d827a6159be22001,2026-04-17 05:24:33.779526+00:00,hu,index.hu,index.hu,2026-04-17,Akár háromórás várakozást is teremthet a reptereken az EU új beléptetési rendszere,https://index.hu/kulfold/2026/04/17/europai-unio-eu-belepteto-rendszer-fennakadas-sor-repuloter/
e348c6d18187dcba1471f06801188b825c0a84a1653dc46745ce817adeb7c537,2026-04-17 05:24:02.801511+00:00,hu,index.hu,index.hu,2026-04-17,"A kutyákat sem kerülik el az egészségügyi problémák, ezekre a tünetekre figyeljen",https://index.hu/tudomany/2026/04/17/dogz-fesztival-kutya-egeszsegugyi-problema/
74d43746d8240f5b49508fb145331d2a69bbf50544dd2966c3f2e3729d1d69be,2026-04-17 05:23:58.205298+00:00,hu,index.hu,index.hu,2026-04-17,"A Kreml figyelmeztetést küldött Finnországnak és a balti államoknak, súlyos következményeket helyezett kilátásba",https://index.hu/kulfold/2026/04/17/oroszorszag-ukrajna-orosz-ukran-konfliktus-moszkva-kijev-vlagyimir-putyin-volodimir-zelenszkij-europai-unio-nato-beketargyalasok/
847f741dd181888f340f91e844dc1f9b8158512828f5b9d2300b6bf3e72c2fbf,2026-04-17 05:23:33.888504+00:00,hu,blikk.hu,blikk.hu,2026-04-17,Budapesten bukkant fel az Oscar-díjas hollywoodi sztár – videó,https://www.blikk.hu/sztarvilag/nemzetkozi-sztarok/eddie-redmayn-oscar-dijas-szinesz-forgatas-budapest/hhdl0mg
bcf7e14cbbdb46921ee746cb36cecdbc2bb9d5762ee56741af2c71ac44c937be,2026-04-17 05:23:28.490516+00:00,hu,blikk.hu,blikk.hu,2026-04-17,"Ma is kitart a 24 fok, hétvégére pedig igazi túraidő várható",https://www.blikk.hu/aktualis/belfold/idojaras-elorejelzes-hetvege-tavasz/pbwhpe0
c309ba88fa29558bbd03f0a0afebf7af29ac79b89542bc67856a982a4de5c60c,2026-04-17 05:23:17.369993+00:00,hu,blikk.hu,blikk.hu,2026-04-17,"Ez a három csillagjegy most olyan változást élhet át, amely egész életükre hatással lehet, és új fejezetet nyithat számukra",https://www.blikk.hu/eletmod/lelek/csillagjegy-valtozas/nf18018
834f8cd42022ff6713814cb34cacbb5ae06d941e15c613fae5405c58c583d1d3,2026-04-17 05:23:10.547103+00:00,hu,blikk.hu,blikk.hu,2026-04-17,"18 szavazat Ózdon, 25 Tiszaburán – Mi történt azokkal, akikre alig szavazott valaki?",https://www.blikk.hu/aktualis/belfold/2026-os-valasztas/ewbfp8b
9ab22923b373eea12024ce6ada13d9a3d41d6a7c0df96f75631cb904b8a1e211,2026-04-17 05:22:45.143895+00:00,hu,blikk.hu,blikk.hu,2026-04-17,Súlyosbodott a betegsége? Kórházba került Christina Applegate,https://www.blikk.hu/sztarvilag/nemzetkozi-sztarok/christina-applegate-korhaz-sclerosis-multiplex/mv89f5t
630a83763964728a6bf13b27000a5d4b8f9a73c07d624d3101e713e2efa53ec3,2026-04-17 05:22:22.384837+00:00,hu,blikk.hu,blikk.hu,2026-04-17,Jelentősen csökkenhet a magyar miniszterelnök fizetése,https://www.blikk.hu/politika/magyar-politika/magyar-peter-miniszterelnok-fizetes-csokkentes/t17xn7r
faf895d64b96dcf9e1cdf73e065edd6b41ee8d55c0f963b7cedbcf2dbab86ec8,2026-04-17 05:22:11.050185+00:00,hu,blikk.hu,blikk.hu,2026-04-17,A Bolondos dallamok karakterei sokakat vidítanak fel a mai napig,https://www.blikk.hu/sztarvilag/nemzetkozi-sztarok/rajzfilm-kviz-dodo-kacsa-bolondos-dallamok-mese/d42yy8p
3314a08abdf79a772254dc9035e3def4ba1a18f5f45a24311d25470f49b80c58,2026-04-17 05:21:53.041302+00:00,hu,origo.hu,origo.hu,2026-04-17,Megdöbbentő számokat hozott a rendőrség országos razziája,https://www.origo.hu/auto/2026/04/rendorseg-razzia-speedmarathon-auto
684ee1fceeab5e43046c628565b644f09b4df60c53916a352efd0d4487aed1f1,2026-04-17 05:21:37.470326+00:00,hu,origo.hu,origo.hu,2026-04-17,"Gyászol a magyar atlétika, meghalt a sportág legendája",https://www.origo.hu/sport/sport-egyeni/2026/04/magyar-atletika-skoumal-andras-halal-gyasz
2ba9290a844eac01b6ee80ba297e2fd60b2eedb84db5b2095a002441d331d1cc,2026-04-17 04:32:00.534989+00:00,hu,origo.hu,origo.hu,2026-04-17,"Jerrie Mock legendája: az első nő, aki körberepülte a Földet",https://www.origo.hu/nagyvilag/2026/04/jerrie-mock-legendaja
7f999139ef0c29c9adfc90a41c41d3ffaf1f61d0fd4dc2c6bf729bb25c20b1fc,2026-04-17 04:31:55.706026+00:00,hu,origo.hu,origo.hu,2026-04-17,"Gyakran kereskedik a Vinteden? Mutatjuk, kell-e adóznia utána",https://www.origo.hu/gazdasag/2026/04/vinted-mutatjuk-kell-e-adoznia-utana
70820eede632f9df7724a3f737e3bc7b9b25ce0685f208a70f574947b785271d,2026-04-17 04:31:49.142049+00:00,hu,origo.hu,origo.hu,2026-04-17,Lelki feltöltődés hazai tájakon – szakrális helyek nyomában,https://www.origo.hu/utazas/2026/04/szakralis-helyek-magyarorszagon-a-lelki-feltoltodes
5b953fedd9167f154c376d42c41d4f6ea2072f48cadc0cd607942d2812ea218f,2026-04-17 04:31:39.645255+00:00,hu,origo.hu,origo.hu,2026-04-17,Megszólalt a Tesco: így hat a vállalatra az iráni háború,https://www.origo.hu/gazdasag/2026/04/tesco-irani-haboru-inflacio
2f2118d4cb96c68baa89b489aaa1c37dd3e08045122179d2b04189463779b060,2026-04-17 04:31:34.354110+00:00,hu,origo.hu,origo.hu,2026-04-17,"Milák Kristóf aranyéremmel tért vissza, hamarosan érkezik a csúcsforma?",https://www.origo.hu/sport/sport-egyeni/2026/04/milak-kristof-uszo-ob-100-gyors-nemeth-nandor-edzo
d1e226bf2db3f9af3ded1d6d6a648e37b16582b366ee6cdaeff81c32a80f0967,2026-04-17 04:31:29.211534+00:00,hu,origo.hu,origo.hu,2026-04-17,"A Balaton rejtett arcai: különleges túrák, titkos útvonalak és páratlan kilátók várják a látogatókat",https://www.origo.hu/utazas/2026/04/balaton-rejtett-arcai-titkos-turautvonalak-es-kilatok
407d207387001cc03c8dbf0c930314f5fcfd7656816f941f82aaede581032a8e,2026-04-17 04:31:19.128768+00:00,hu,origo.hu,origo.hu,2026-04-17,"Hülyét csinált a hatóságból a pofátlan gyorshajtó, a végén mégis ráfázott",https://www.origo.hu/auto/2026/04/gyorshajto-pofatlan-tartozas
56b8467ecb94d520f85fa24dbbf5a7d902d548683341b2f88bee2d8de08c75e5,2026-04-17 04:31:13.060847+00:00,hu,origo.hu,origo.hu,2026-04-17,"Hét kérdés, ami a legtöbb embert összezavarja – Ön hányra tudja a választ?",https://www.origo.hu/nagyvilag/2026/04/kviz-tortenelem-melyik-tortent-korabban
45943ee119ae2e03314be84778d7d6552494ad45851aae803091da5ea21d9b77,2026-04-17 04:31:07.223251+00:00,hu,origo.hu,origo.hu,2026-04-17,"Lángoló városok, tehetetlen légvédelem: olyasmi történt Ukrajnában, amire rég volt példa",https://www.origo.hu/kulpol/2026/04/ukrajna-legvedelem-orosz-ukran-haboru
9d8d17afcfd46dfa76b7328dace7647482325da563f78618f47b68a1953a1b6a,2026-04-17 04:31:02.299535+00:00,hu,origo.hu,origo.hu,2026-04-17,"Elítélteket engedne szabadon a francia kormány, egyre nagyobb a felháborodás",https://www.origo.hu/kulpol/2026/04/elitelt-szabadon-francia-kormany
2cafe4b9e795383412c4d4732d734a1e6d55a55b579bce5e2485204d39a8bc75,2026-04-17 04:30:43.509145+00:00,hu,origo.hu,origo.hu,2026-04-17,"Üdvözöljük Magyarországot az Európai Unióban! - De vajon tudják-e sokan, hogy mire voksoltak?",https://www.origo.hu/velemeny/2026/04/europai-unioban-magyarorszag-valasztas
1d69240ea421a0ba4f1c9c7ca2dc138ddd66b9aab50ec7f600f374bb49b4c545,2026-04-17 04:30:38.528832+00:00,hu,origo.hu,origo.hu,2026-04-17,"Az AEK elnöke a pályára rohant, Nikolics Varga Barnabásról is beszélt",https://www.origo.hu/sport/sport-futball/2026/04/varga-barnabas-aek-rayo-nikolics-elnok-konferencia-liga
aac9be60d7b1b9c0389a2f143bdfc08602e938cc2b375f181858c0dd26dcd575,2026-04-17 04:30:34.586259+00:00,hu,origo.hu,origo.hu,2026-04-17,Olcsóbbak lettek a hibridek és az elektromos autók a használt piacon,https://www.origo.hu/auto/2026/04/elektromos-autok-olcsobbak-lettek-a-hasznalt-piacon
1fad6419c4e67e47c56cf3460a2955e3b1465b99d64dfa7cfbb2121295c9d83e,2026-04-17 04:30:27.524836+00:00,hu,origo.hu,origo.hu,2026-04-17,"Ködben, esőben szenvednek a gyalogosfelismerők",https://www.origo.hu/auto/2026/04/gyalogosfelismero-kodben-esoben-szenvednek
88a809562fc98239821666b26171decacb60a4c52d4b124caa15cc34eb6574cf,2026-04-17 04:30:24.837578+00:00,hu,index.hu,index.hu,2026-04-17,Hónapok alatt eldőlhet a magyar gazdaság sorsa az új kormány alatt,https://index.hu/gazdasag/2026/04/17/magyar-gazdasag-kormanyvaltas-tisza-part-magyar-peter-money-talks-koka-janos-balogh-petya-kkv-vallalatok-egeszsegugy/?utm_source=hirstart&utm_medium=referral&utm_campaign=ct
4f4780dfb4713e5eb8ac50ee5421d101872e6c88054bbadf84ce40efebceb7f6,2026-04-17 04:30:14.902283+00:00,hu,origo.hu,origo.hu,2026-04-17,Megújult a legnépszerűbb európai Toyota,https://www.origo.hu/auto/2026/04/toyota-megujult-a-legnepszerubb-europai
2ea536d5ab3e868afbc64268f73f3b8fc44d5c9ca49b352d39c86718240095b2,2026-04-17 04:30:09.194139+00:00,hu,origo.hu,origo.hu,2026-04-17,Tündérmeséből vérfagyasztó horror: a PL egykori csodacsapata a szakadék szélére zuhant,https://www.origo.hu/sport/sport-futball/2026/04/leicester-city-mese-bukas-premier-league-harmadosztaly
af719eb69979f8d409a492a5969fbc83ea5a68f5266f0b059cb9a873e90c3003,2026-04-17 04:29:47.875747+00:00,hu,origo.hu,origo.hu,2026-04-17,Végre kitálalt a Hatalmas kis hazugságok prodcere: Ez lesz Nicole Kidman és Reese Witherspoon sorsa,https://www.origo.hu/filmklub/2026/04/hatalmas-kis-hazugsagok-nicole-kidman-reese-witherspoon
b6c89e222ea41e2234a3507e3ddad6f8c82e0b15cf51d5ce94a8abc50b07cd2f,2026-04-17 04:29:42.755251+00:00,hu,origo.hu,origo.hu,2026-04-17,"Elképesztő, mit köpött ki magából brutális erővel a fekete lyuk",https://www.origo.hu/tudomany/2026/04/fekete-lyuk-energiasugarak-merese-cygnus-x1
c86eb1ac04c744cfb573adbe248584373ace996ca4a3748565aaafbdab38e082,2026-04-17 04:22:20.994410+00:00,hu,blikk.hu,blikk.hu,2026-04-17,Nincs több kiskapu: lízingelt kocsit is visz a rendőr Ausztriában,https://www.blikk.hu/auto/ausztria-gyorshajtas-auto-elkobzas/pc6kypy
770c76211e8c615b924ddd0483d9a1869c20a756b9d284c0dfcd87554e64577b,2026-04-17 04:22:02.831740+00:00,hu,blikk.hu,blikk.hu,2026-04-17,"A Samsung új tévéi már nem csak nézhetők, hanem aktívan kommunikálnak is a felhasználókkal",https://www.blikk.hu/ferfiaknak/tech/samsung-szerint-televiziozas-jovoje/dq1g88l
a3bfe4018e77092c99026b68a746528e51c0f30aca1c193db3a2fa01909e827d,2026-04-17 04:21:46.551957+00:00,hu,blikk.hu,blikk.hu,2026-04-17,"Bejutottunk a Samsung hírhedt gödi akkumulátorgyárába: megmutatjuk, hol érte baj a munkásokat – exkluzív videó",https://www.blikk.hu/aktualis/belfold/god-akkumulatorgyar-mergezesek/bqjqwyp
96aa5bc98079ccdb8b690e46baa82797aa0abfb040a45bc883a0c6ba74dbdcc9,2026-04-17 03:25:46.940250+00:00,hu,blikk.hu,blikk.hu,2026-04-17,Közel 25 éve tart Majka és Pápai Joci szoros kapcsolata,https://www.blikk.hu/sztarvilag/hazai-sztarok/majka-papai-joci-baratsag-politika/qb0hpr4
483bac61705ad820a17f8508049249bb691b774555a953add78ac9d60bfbcd15,2026-04-17 03:25:05.527684+00:00,hu,blikk.hu,blikk.hu,2026-04-17,Tavaszi biciklitúrák: így készülhet fel a váratlan helyzetekre,https://www.blikk.hu/eletmod/tippek/tavaszi-biciklizes/0vzlz6c
dcc8605f3961195cfcec321a511bed54ccb6ea9adaa028756c6fe63ced236174,2026-04-17 03:25:00.802881+00:00,hu,blikk.hu,blikk.hu,2026-04-17,Megjelent a Meta AI a WhatsAppban: valóban biztonságosabb lesz a csevegés nélküle?,https://www.blikk.hu/ferfiaknak/tech/whatsapp-meta-ai-kikapcsolasa/sy6qx4f
0cbd992e3f6b29f5599965b49ba831d42bc78cb5544c80b4086656569279c9ba,2026-04-17 00:22:09.893705+00:00,hu,origo.hu,origo.hu,2026-04-16,"Szalai Piroska elárulta, mi menti meg a rezsinket",https://hirtv.origo.hu/ahirtvhirei/2026/04/szalai-piroska-elarulta-mi-menti-meg-a-rezsinket
a76410104b31ceb3880b5f28c1cfd5321dddfce39b88e86c8daa87d43d966b90,2026-04-17 00:21:56.237127+00:00,hu,origo.hu,origo.hu,2026-04-16,Brüsszel már Ukrajna befizetéseit tervezi a Tisza győzelme után,https://hirtv.origo.hu/hirtvkulfold/2026/04/brusszel-mar-ukrajna-befizeteseit-tervezi-a-tisza-gyozelme-utan
97cfa2ce36e7e3594eeed928131d363141577dac35791d6a8340b43a0598fc9d,2026-04-17 00:21:06.619560+00:00,hu,origo.hu,origo.hu,2026-04-16,Csepregi Éva és a Neoton Família titkai az Ikon legújabb adásában,https://hirtv.origo.hu/ahirtvhirei/2026/04/csepregi-eva-es-a-neoton-familia-titkai-az-ikon-legujabb-adasaban
10d7ca0b3fcee3fa729293a1d3ed6d9c4c32c215d47589207ebb259aa6c5c8ac,2026-04-17 00:21:01.773553+00:00,hu,origo.hu,origo.hu,2026-04-16,"Orbán Viktor vállalta a felelősséget a vereségért, Magyar Péter tőzsdei kárt okozott",https://hirtv.origo.hu/ahirtvhirei/2026/04/orban-viktor-vallalta-a-felelosseget-a-veresegert-magyar-peter-tozsdei-kart-okozott
3200e6b06fe2f04fcfb2f1c1bbedd1f0c356885ea881314109767a0bbdaf5218,2026-04-16 23:13:11.356589+00:00,hu,origo.hu,origo.hu,2026-04-16,Arcformához válaszd a szemüveget!,https://www.origo.hu/itthon-hirdetes/2026/04/arcformahoz-valaszd-a-szemuveget
1b2f5c61a80e5518f5cbf6a0a5e869acc91ddfe6c80b2d1f7fcd1ce4a443f88e,2026-04-16 22:49:44.782344+00:00,hu,index.hu,index.hu,2026-04-16,"Gulyás Gergely szerint van egy közös pont, amelyben a Fidesz egyetért a Tisza Párttal",https://index.hu/belfold/2026/04/16/gulyas-gergely-hirtv-interju-magyar-peter-tisza-part-valasztas-2026/
d79e2e229156539f8b77967188f2580b21d85831275d4ea674306f58b7d0ef39,2026-04-16 22:49:37.473927+00:00,hu,index.hu,index.hu,2026-04-16,"Elvitték a hatos lottó főnyereményét, több mint 721 millió forint talált gazdára",https://index.hu/gazdasag/2026/04/16/lotto-hatoslotto-sorsolas-fonyeremeny/
54a182b4e78f17bee9519f9fe443976a74e65950e2596c0dc6df2ca2b2f78414,2026-04-16 22:49:33.087000+00:00,hu,index.hu,index.hu,2026-04-16,Újabb híres színésznő csatlakozik A mi kis falunk szereplőihez,https://index.hu/mindekozben/poszt/2026/04/16/mi-kis-falunk-foldes-eszter-rtl-sorozat/
dda1052d1d7544b99fe7ce90eaba21d47b757c496e28a33d1f2f27fc9a6ae317,2026-04-16 22:49:27.460005+00:00,hu,index.hu,index.hu,2026-04-16,"Karácsony Gergely: Azt szeretném, ha lenne egy tiszás helyettesem",https://index.hu/belfold/2026/04/16/karacsony-gergely-fopolgarmester-budapest-egyenes-beszed-ronai-egon/
dee2caa82e325403976040e5e78874f931321473363b24fa372c7bc3ffdddf4e,2026-04-16 22:49:16.568143+00:00,hu,index.hu,index.hu,2026-04-16,A férfi hokiválogatott négygólos hazai vereséggel indította vb-felkészülési sorozatát,https://index.hu/sport/jegkorong/2026/04/16/magyar-lengyel-jegkorong-hoki-valogatott-vb-vilagbajnoksag-felkeszules-veletek-barhova-turne/
601b3efd429027a1eca36634f5a75a5bd0f3f336a67e8705a377ffc99fa5b81a,2026-04-16 22:47:25.654537+00:00,hu,origo.hu,origo.hu,2026-04-16,Leesik az álla: ilyen fejlett humanoid robotokat még nem látott – videó,https://www.origo.hu/nagyvilag/2026/04/robot-humanoid-tokia-bemutato
c975c3f0613c80f122ea4561a10433163f00c6e667347eadb43ab7c8afb6ee5f,2026-04-16 22:47:20.593815+00:00,hu,blikk.hu,blikk.hu,2026-04-16,"Közel állt Varga Barnabás klubja a csodához, de végül elbúcsúzott a Konferencialigától",https://www.blikk.hu/sport/kulfoldi-foci/aek-athen-varga-barnabas-konferencialiga/6mdlxyz
b804d12fa40cd96c5235b8371ab3bbac32082d5a1a171bfbb03e0f61eab4345d,2026-04-16 22:33:23.095156+00:00,hu,blikk.hu,blikk.hu,2026-04-16,"Valkusz Máté szerint nagyon rossz döntést hozott Adél: ""Nem esett jól, amikor kimondta a nevemet""",https://www.blikk.hu/sztarvilag/hazai-sztarok/valkusz-mate-parbaj/95rmqcz
4e98f5b4e1cb5ac5ef9005a042b8685705f5515433d846995da3045ee76edb7b,2026-04-16 22:26:01.917283+00:00,hu,origo.hu,origo.hu,2026-04-16,Ezzel a meglepő módszerrel akár 10 évvel fiatalabbnak tűnhet,https://www.origo.hu/nagyvilag/2026/04/belrendszer-egeszsege-etrend-orvos
45430dba96c696a58164daf3dd6ac056141d60a7c052c2aa9851e0fe46e40646,2026-04-16 22:25:56.558066+00:00,hu,origo.hu,origo.hu,2026-04-16,Megjöttek a friss számok: lezárult a levélszavazatok összesítése,https://www.origo.hu/itthon/2026/04/levelszavazatok-valasztas-valasztopolgar-nvi
e0109256822d289de453510889ae4c250c6cf3ff67f782e5d7f6eb176a4241e8,2026-04-16 22:25:52.018086+00:00,hu,origo.hu,origo.hu,2026-04-16,A vb-re készülő magyar válogatott négygólos vereséget szenvedett,https://www.origo.hu/sport/sport-csapat/2026/04/magyar-valogatott-ferfi-jegkorong-lengyelorszag
b6ad2311c35cc9c6bfc5f5d013e616ef3e953396f6701c8a4abc4e0bc0cfb3fa,2026-04-16 22:25:46.581226+00:00,hu,origo.hu,origo.hu,2026-04-16,"Mindenki issza ezt az egészségesnek hitt italt, most azonban leleplezték a veszélyeit",https://www.origo.hu/nagyvilag/2026/04/cukormentes-udito-egeszseg-cukor-edesitoszer
be3b01f3efdfdbb33149b57ad7d2827ee824e620b7fbac195059a0684622d318,2026-04-16 22:24:42.041941+00:00,hu,origo.hu,origo.hu,2026-04-16,"Baleset Szolnokon: az ütközés után kigyulladt és kiégett az egyik autó – képekkel, videóval",https://www.origo.hu/kek-hirek/2026/04/baleset-szolnokon-kigyulladt-es-kiegett-az-egyik-auto
00afed638822e360bffe23bbb9d74608bc78bea901d7bedf0319b39f4b1ad24f,2026-04-16 22:24:36.592590+00:00,hu,origo.hu,origo.hu,2026-04-16,Hoppá! A svédek kezdenek kifarolni a digitális oktatás mögül,https://www.origo.hu/nagyvilag/2026/04/tankonyv-svedorszag-papiralapu-oktatas
3d795b22488bbfa739fe44d8854b671d9f746ddbbeee537d8bbf1fd07bdf4e9b,2026-04-16 22:24:31.372359+00:00,hu,origo.hu,origo.hu,2026-04-16,"Pokollá teheti a napjait a pollenszezon, ezek a szerek segíthetnek",https://www.origo.hu/nagyvilag/2026/04/pollenszezon-szenanatha-tunet-allergia
5a4b0c4e50db9583f1e5c68e7b1448fd0e8cc803678a4c0ef19a8fbe5973ebb7,2026-04-16 22:24:22.079524+00:00,hu,origo.hu,origo.hu,2026-04-16,"Hihetetlen: Varga Barnabás csapata ledolgozta a hátrányát, de végül ez sem lett elég",https://www.origo.hu/sport/sport-futball/2026/04/varga-barnabas-aek-athen-rayo-vallecano-konferncia
974f5db608ccf41f7dab5fdac1bc67c81b08b1624ee4d3f141114425fdafe17c,2026-04-16 22:24:17.315463+00:00,hu,origo.hu,origo.hu,2026-04-16,Orbán Viktor: Legyetek büszkék az elmúlt 16 év nemzeti vívmányaira!,https://www.origo.hu/belpol/2026/04/orban-viktor-legyetek-buszkek-az-elmult-16-ev-nemzet
1e2746b8359781b84af6cb8c5ed8940c8c768014de0a369ec0dd677c6efcabcc,2026-04-16 22:24:12.326213+00:00,hu,origo.hu,origo.hu,2026-04-16,Takács Péter Orbán Viktort idézte: Nem szurkolunk a hazánk ellen,https://www.origo.hu/belpol/2026/04/takacs-peter-orban-viktort-idezte
a89853d36e41bfd172c5a555fa3083cc7be28c031bed94d65bbda76d2de16a02,2026-04-16 22:24:07.134707+00:00,hu,origo.hu,origo.hu,2026-04-16,Brutális gyilkosság Baranyában: bosszútól tartanak a késelő rokonai Kárászon,https://www.origo.hu/kek-hirek/2026/04/keselo-rokonai-karaszon-bosszutol-tartanak
8b20e8fb3e6d713fc5f46da712d7e939541cad89c5ef77c64dcf4e41d71d7af5,2026-04-16 22:24:02.853948+00:00,hu,origo.hu,origo.hu,2026-04-16,Trump atomfegyverekkel kapcsolatos kijelentése mindenkit megdöbbentett,https://www.origo.hu/nagyvilag/2026/04/trump-iran-atomfegyver
2cc9ce6d366fb3f1853dc312f2fb29e1d46a4b61fc9d475283d05809aa83c965,2026-04-16 22:23:57.423994+00:00,hu,origo.hu,origo.hu,2026-04-16,"Megdöbbentő fogás a reptéren: senki sem gondolná, hogy mit csempésznek manapság",https://www.origo.hu/nagyvilag/2026/04/hangyacsempeszet-kinai-ferfi-buntetes-kenya
d61f4a74f9ec59f07d2d5a3ae0c068cbb5ff25ecaaa12279dad5370df5c1836b,2026-04-16 22:23:52.266367+00:00,hu,origo.hu,origo.hu,2026-04-16,Kovács Bendegúz gólpasszal robbant be a felnőttek közé − videó,https://www.origo.hu/sport/sport-futball/2026/04/kovacs-bendeguz-debutalt-golpassz-konferencialiga
b30db5380638da654df22af3f6f64820b5cc6e20ce571539ee7511a124ea6ac5,2026-04-16 22:23:47.011173+00:00,hu,origo.hu,origo.hu,2026-04-16,"Életéért küzd a fiatal humorista, súlyos betegséget diagnosztizáltak nála",https://www.origo.hu/nagyvilag/2026/04/rak-halalos-betegseg-fiatal-humorista
1ebcb558117962441c8f1e4dca15aa46d37193c9ff4e713e77a08de9e6b7dc7c,2026-04-16 22:21:29.634009+00:00,hu,blikk.hu,blikk.hu,2026-04-16,"Visszatér a rebootba az eredeti Baywatch szexszimbóluma, akibe mindenki szerelmes volt: ő az – fotó",https://www.blikk.hu/sztarvilag/nemzetkozi-sztarok/erika-eleniak-baywatch-reboot-visszater/27nw0zx
fb4ad13e73f4ca533fa78ef72c1e04d4bd7e141f58fe0276962808721691e8dc,2026-04-16 22:21:11.343072+00:00,hu,blikk.hu,blikk.hu,2026-04-16,"Gólpasszal debütált az Alkmaar felnőttcsapatában a 19 éves, 199 centis magyar csatár a Konferencialigában",https://www.blikk.hu/sport/kulfoldi-foci/kovacs-bendeguz-alkmaar-konferencia-liga/sde78ms
51c5986eab5427f78fccd4cf9419867d82b04f26d60e806d482431fc79e68fe1,2026-04-16 22:21:06.386646+00:00,hu,blikk.hu,blikk.hu,2026-04-16,"Pankotai Lili szerint elfogadhatatlan, ha tényleg Rubovszky Rita lenne a Tisza oktatási minisztere",https://www.blikk.hu/politika/magyar-politika/pankotai-lili-tisza-part-rubovszky-rita-oktatasi-miniszter-kritika/10hzgwm
16e4bb18430fc4167c981a4cac285f553125d459ab46760a1e136e30787816a6,2026-04-16 22:20:39.853657+00:00,hu,blikk.hu,blikk.hu,2026-04-16,"A fideszes Ferencz Orsolya szerint Nagy Márton teljesítménye nulla volt, Lázár János pedig hiteltelen, amikor a luxizókat bírálja",https://www.blikk.hu/politika/magyar-politika/ferencz-orsolya-valasztasok-2026-vereseg-fidesz-felelosok-lista/nflqyk3
d83b9968383666920c62af1b9c33a9bf2369af5f8b659a6e2289965a251b693b,2026-04-16 22:20:32.346143+00:00,hu,blikk.hu,blikk.hu,2026-04-16,Kőgazdag Aurél eladásra hirdeti 6 millió forintos luxusóráját,https://www.blikk.hu/sztarvilag/hazai-sztarok/kogazdag-aurel-luxusora-eladas/8qb1kz1
1fc5bf9a64b83747c968363e5da99161a0fbafb14bde2c1c109c2c5371dcb166,2026-04-16 22:20:24.744968+00:00,hu,blikk.hu,blikk.hu,2026-04-16,Csonka András meglepő vallomást tett: ezért kapta meg Pici szerepét a Família Kft.-ben,https://www.blikk.hu/sztarvilag/hazai-sztarok/csonka-andras-pici-szerep-familia-kft-laszlo-lilla/dcpx0sf
345b01475ee442a2e001976097b4fd3b5597fba2c27e6dc977387892e0bcded0,2026-04-16 22:20:14.448964+00:00,hu,blikk.hu,blikk.hu,2026-04-16,"100. szülinapján köszöntötte Dukai Regina a nagymamáját, aki a szeretetről üzent a fiataloknak a rendszerváltás kapcsán",https://www.blikk.hu/sztarvilag/hazai-sztarok/dukai-regina-mamaja-100-szulinap/c74wc6t
06e2925527f3063898179c63034e64ee55aeaa312981a34d44315f0a5ac4dae3,2026-04-16 22:20:08.751444+00:00,hu,blikk.hu,blikk.hu,2026-04-16,„Jöhet a hárem” – Varga Viktor guruló szerájt épített magának: így néz ki a luxus-lakóautó,https://www.blikk.hu/sztarvilag/hazai-sztarok/varga-viktor-lakoauto-szeraj-harem/zywlc10
ec7468c6a40611f15f76355c04ab60506fc577db246b94a1775662d7a2cd9c95,2026-04-16 22:20:03.581630+00:00,hu,blikk.hu,blikk.hu,2026-04-16,Karvalics Eszter könnyek között vallott szerelméről az Exatlon Hungaryben: Marozsán Fábián hiánya felemészti,https://www.blikk.hu/sztarvilag/hazai-sztarok/karvalics-eszter-marozsan-fabian-exatlon-hungary/yk4jyh3
73f82d80a73b7164d19da59aa3f5a867c6b018fcb1a5591cdee1a87078dda08b,2026-04-16 22:19:48.821690+00:00,hu,blikk.hu,blikk.hu,2026-04-16,Mi lett vele? Így él most a megasztáros Bíró Csongor,https://www.blikk.hu/sztarvilag/hazai-sztarok/biro-csongor/f21rb7c
f810f52e3109c253faab52c131e64c9b4c92b3e6eafe8b68f7d5b5b95d02f671,2026-04-16 22:19:23.914118+00:00,hu,blikk.hu,blikk.hu,2026-04-16,Meghökkentő ajánlat: tetovált női hátakat akart eladni a fiatal művész,https://www.blikk.hu/sztarvilag/hazai-sztarok/rtl-legjobb-ajanlat-tetovalt-hat/dtk6l8j
87f2e495f53221146a0d763ff07678bfb704e61f8d7d10da0a9c6d83ac5f0937,2026-04-16 21:14:51.229354+00:00,hu,origo.hu,origo.hu,2026-04-16,Döbbenetes videó – mintha bibliai csapás sújtaná Izraelt,https://www.origo.hu/nagyvilag/2026/04/bibliai-csapas-izrael-mehek-rajzasa
c92051d9b5209d67425bd1b8eb92c525bbc87de824b21af9e4be4e8240134edb,2026-04-16 21:14:45.913521+00:00,hu,origo.hu,origo.hu,2026-04-16,"A háború már a boltokig érhet, ezekből lehet hiány a következő hónapokban",https://www.origo.hu/nagyvilag/2026/04/elelmiszerhiany-nagy-britannia-szen-dioxid-hiany
78e760b9aa1e2e20208c7277b99171cc3dd9c8e5e9e7210e98041d932de3f668,2026-04-16 21:14:40.886059+00:00,hu,origo.hu,origo.hu,2026-04-16,"Úgy feszül a dögös énekesnőn a rövidnadrág, hogy attól azonnal leesik az álla",https://www.origo.hu/nagyvilag/2026/04/sabrina-carpenter-szexi-enekesno-fenek
3f6461df4b593442428e27354b658b4a35de4e6f7a792d144d771b178bee60f6,2026-04-16 21:14:36.559745+00:00,hu,origo.hu,origo.hu,2026-04-16,"A Raiffeisen elemzője szerint Magyar Péterékkel együtt jön a megszorítások, a piaci árak és a különadók korszaka",https://www.origo.hu/belpol/2026/04/megszoritasok-piaci-arak-kulonadok
afe3dd38b92e1171688289ae51c9e01fdd223ff07d02a5a417c9e62681432f3b,2026-04-16 21:14:31.635726+00:00,hu,origo.hu,origo.hu,2026-04-16,Időutazó mutatta meg az 5000. évet? Ijesztő képpel sokkolta az internetet,https://www.origo.hu/nagyvilag/2026/04/idoutazo-5000-ev-los-angeles-foto
6b0d7e56e65d40c400ab875daf85163d2c2055392482318f9239431ac01b41f0,2026-04-16 21:14:26.566155+00:00,hu,origo.hu,origo.hu,2026-04-16,"Nem kell tudni, milyen az idegen élet – ezzel a módszerrel mégis rálelhetünk",https://www.origo.hu/tudomany/2026/04/foldon-kivuli-elet-keresese-uj-modszerrel-tortenik
92c60141420d9710f43221346454334f0daafbc3fdd7c63c120e8b7a046481c1,2026-04-16 21:14:20.935015+00:00,hu,origo.hu,origo.hu,2026-04-16,"Valami felrobbant a Nap mellett, most a szilánkjai bombázzák a Földet",https://www.origo.hu/tudomany/2026/04/uj-meteorraj-nap-tepte-aszteroida
cf6c7357ba3b22bd64b655bb41a3d9d6780bce90e35b8586f08e9d7f1a1157b5,2026-04-16 21:14:16.216222+00:00,hu,origo.hu,origo.hu,2026-04-16,"Erre kevesen figyelnek a fogmosás után, pedig figyelmeztetnek a szakértők",https://www.origo.hu/nagyvilag/2026/04/nyelvtisztitas-fontossagara-hivjak-fel-a-figyelmet
badbfd191ae4ff7777fc1695b63d523ac9e04f156e2bf13db77ea660bd068d1f,2026-04-16 21:14:10.909340+00:00,hu,origo.hu,origo.hu,2026-04-16,Orvosi csoda: felgyógyult a halálos agydaganatból,https://www.origo.hu/tudomany/2026/04/agydaganat-amely-figyelmeztette-a-beteget
0dbc344fc0589ee470be4c6ad56a37cc7cbc9472193c67b09e86d9a717a9afe2,2026-04-16 21:14:06.856704+00:00,hu,origo.hu,origo.hu,2026-04-16,Ezt lélegezzük be? Sokkoló dologra jöttek rá a tudósok,https://www.origo.hu/tudomany/2026/04/dns-a-levegoben-mindent-elarul-a-kornyezetrol
ba61c42dcf0e806a7fbc925b25841054c1e0a03d7fb1e0cfba169a34f17ed002,2026-04-16 21:14:00.951281+00:00,hu,origo.hu,origo.hu,2026-04-16,"Szörnyű tragédia: elgázolt egy 77 éves nőt, majd kilométereken át vonszolta",https://www.origo.hu/nagyvilag/2026/04/gazolas-egyesult-kiralysag-idos-no
010d6cec566b35de49c724c4fa583571f274e1918d351fd95aa190732d37309d,2026-04-16 21:13:56.080974+00:00,hu,origo.hu,origo.hu,2026-04-16,Folytatódik a BL-botrány: hivatalos panaszt nyújtott be a Barcelona,https://www.origo.hu/sport/sport-futball/2026/04/barcelona-atletico-madrid-bajnokok-ligaja-panasz
5728e4c7d75013997f53e8e675d7b6a8c6dfa345de88162bc81af3f99241ac50,2026-04-16 20:21:02.562182+00:00,hu,blikk.hu,blikk.hu,2026-04-16,Összesítették a levélszavazatokat: itt az eredmény,https://www.blikk.hu/politika/magyar-politika/valasztas-2026-nvi-levelszavazatok-feldolgozasa/b0vnf7f
5d462efaef2f120e7c8870a0b2303c53fa45f91ba2707a4ad27d4bd5f3bb9454,2026-04-16 20:20:46.531367+00:00,hu,blikk.hu,blikk.hu,2026-04-16,"Szokatlan szerepben, egy teljesen másfajta sorozattal tér vissza a képernyőre a Jóbarátok Joey-ja",https://www.blikk.hu/sztarvilag/nemzetkozi-sztarok/matt-leblanc-joey-visszater-flint-sorozat/c44brgz
4420c1a7dec4b02c0b2c6bfeef250aed8a08812b5b240fc50c93ae172c4e8704,2026-04-16 20:20:41.710786+00:00,hu,blikk.hu,blikk.hu,2026-04-16,Mutatjuk a mai nap hat legfontosabb számát,https://www.blikk.hu/gazdasag/penz/hatos-lotto-nyeroszamai-16-het-csutortok/l65z9t9
982fb08f2eab450d24b240cf07166096739b5c156bd70257c7faaae35a8e023f,2026-04-16 20:19:58.797215+00:00,hu,blikk.hu,blikk.hu,2026-04-16,Egyre több fiatalnál diagnosztizálnak tüdőrákot Magyarországon,https://www.blikk.hu/eletmod/egeszseg/tudorak-beteg/9zwz1pd
f5c4d910babc0813d02cc2487f8124d1894c0ef263815fa93129bc3c2819aa3a,2026-04-16 20:19:38.735789+00:00,hu,blikk.hu,blikk.hu,2026-04-16,Sok hülyeséget beszél – Belerúgott Max Verstappen apja Schumacherbe,https://www.blikk.hu/sport/forma-1/ralf-schumacher-verstappen-apja-beszolas/f714gy7
dc4c04cfa9c523957d37341bdcbf441694f488824ff7e29319c835b4a09d40e8,2026-04-16 20:19:28.721075+00:00,hu,blikk.hu,blikk.hu,2026-04-16,Magyar Péter bejelentése a Mol vezérrel való tárgyalása után: ez lesz a védett ár sorsa,https://www.blikk.hu/gazdasag/penz/magyar-peter-vedett-ar-bejelentes/hr4wh3l
0ca4a958963ab0769385377c67fc71e5b3222947e1ac5195cf462005a7a567eb,2026-04-16 20:19:14.259084+00:00,hu,blikk.hu,blikk.hu,2026-04-16,Kármán András szerint 2030-ra reális cél lehet az euró bevezetése Magyarországon,https://www.blikk.hu/gazdasag/penz/karman-andras-tisza-part-eurozona/z93n3d4
83d566a3bbe9b6096744f7c4809be6f59a77b839187100de64a371186c755b79,2026-04-16 20:19:08.957684+00:00,hu,blikk.hu,blikk.hu,2026-04-16,Az MTA tárgyalásokat kezdeményez a Tisza Párttal,https://www.blikk.hu/politika/magyar-politika/mta-tisza-part-egyeztetes-unios-forrasok-tudomanyos-szabadsag/q9rld9j
64664bb0b50cd811fc0a9e96f85af3c8b6fbfa864311fc2032d51da980b208e4,2026-04-16 20:19:07.379631+00:00,hu,index.hu,index.hu,2026-04-16,Egy hegy gyomrában megbúvó erőmű jelenthet megoldást az energiaválságra,https://index.hu/tudomany/2026/04/16/ausztria-alpok-tirol-kuhtai-megujulo-energia-eromu-viz-energia/
6810017f14d623e6f9b9b235079295c07e8c2111972bc8a1c47bdce9c1fa8cd1,2026-04-16 20:19:04.665228+00:00,hu,blikk.hu,blikk.hu,2026-04-16,"Nagy Bogi azt mondja, a válása után most egy évig biztosan nem ismerkedik, pedig ajánlata van bőven – Bár a műsorvezető telefonszámát azért elfogadná...",https://www.blikk.hu/sztarvilag/hazai-sztarok/nagy-bogi-valas-uj-kapcsolat-ismerkedes/2ky7vdb
74dbfd1d795b1f52b35d34ef9aeecfb5c1f9d09faaa44a7f14596f9b0360ee12,2026-04-16 20:19:02.128159+00:00,hu,index.hu,index.hu,2026-04-16,Reagált az Indamedia Karácsony Gergely bejegyzésére,https://index.hu/belfold/2026/04/16/karacsony-gergely-budapest-varosliget-dogz-fesztival-indamedia-magyar-szakszervezeti-szovetseg/
ade8c528cbdf97415fb8707d31da1912fd95236d4a78f907024fda8a0164d25a,2026-04-16 20:18:51.898565+00:00,hu,index.hu,index.hu,2026-04-16,Új alapokra helyezné a kormányzati viszonyt a Szépírók Társasága,https://index.hu/kultur/2026/04/16/szepirok-tarsasaga-irodalom-orszaggyulesi-valasztasok-kulturpolitika/
83c3a79e63d316a8b61a84f8abc368e62eacdcb91f1c153f4f4594522ec2aea2,2026-04-16 20:18:22.206352+00:00,hu,index.hu,index.hu,2026-04-16,"„Főnixmadár vagy” – Schobert Norbert 55 éves lett, így köszöntötte Rubint Réka a születésnapján",https://index.hu/mindekozben/poszt/2026/04/16/schobert-norbert-szuletesnap-rubint-reka-koszontes/
be70775752b484e7cb999cf752ee8f427a2fc1dfbe190384eaf3585641aac976,2026-04-16 20:18:13.605144+00:00,hu,index.hu,index.hu,2026-04-16,"November óta nyomozza a rendőrség, hogy ki lehet a magát Henrynek kiadó személy",https://index.hu/belfold/2026/04/16/tisza-part-gundalf-henry-szabo-bence-nyomozas-nni/
80b3d72e4f1c8627854294489ab2606d58072280c67fa4e8ba6c09f6f5c666b4,2026-04-16 20:18:06.117663+00:00,hu,index.hu,index.hu,2026-04-16,Magyar Péterék megállapodtak a Mollal: marad a védett üzemanyagár,https://index.hu/gazdasag/2026/04/16/magyar-peter-tisza-part-mol-hernadi-zsolt-uzemanyag-vedett-ar/
9f13056fafb024a18f47929f5ccdee4dc36071cc9bbd18e4bf5954ef01ff99de,2026-04-16 20:18:00.309590+00:00,hu,index.hu,index.hu,2026-04-16,"Donald Trump bejelentette, hogy tíznapos tűzszünetet kötött Izrael és Libanon",https://index.hu/kulfold/2026/04/16/donald-trump-egyesult-allamok-izrael-libanon-tuzszunet/
c7a441aa79da921cebb863a73c615ad185990f07186690bfff217954d82991d8,2026-04-16 20:17:33.805255+00:00,hu,index.hu,index.hu,2026-04-16,Európa kiszorítja a WhatsAppot és a Signalt a kormányzati kommunikációból,https://index.hu/kulfold/2026/04/16/whatsapp-signal-hivatalos-kommunikacio-europa-kormany-tiltas/
ef877a84a367b3b9758acc72ce560e8304a6c55085b633fd3a8d601c4f2dec35,2026-04-16 20:17:09.421639+00:00,hu,index.hu,index.hu,2026-04-16,"Mesterséges intelligencia segítségével tér vissza Val Kilmer, itt az új filmjének előzetese",https://index.hu/mindekozben/poszt/2026/04/16/val-kilmer-mesterseges-intelligencia-visszateres-a-film-vaszonra-elozetes/
d723a3e4a40e2fa76e19264a0d3d1bfc7d36896ce6fb5b324dca15d387933606,2026-04-16 20:09:00.816480+00:00,hu,origo.hu,origo.hu,2026-04-16,"Tiszás politikusok nyilatkoznak arról, hogy Magyarország leválik az orosz energiahordozókról",https://hirtv.origo.hu/hirtv-gazdasagi-hirei/2026/04/tiszas-politikusok-nyilatkoznak-arrol-hogy-magyarorszag-levalik-az-orosz-energiahordozokrol
062fc8785275598d808ca49f73a643cc827028383f4ee64935664af91e7a6483,2026-04-16 20:08:55.816343+00:00,hu,origo.hu,origo.hu,2026-04-16,Tavaszköszöntő fesztivállal indult a szezon Balatonkenesén,https://hirtv.origo.hu/hirtvszines/2026/04/tavaszkoszonto-fesztivallal-indult-a-szezon-balatonkenesen
7c71513484cf347d42062993b5463fc973578b246439767c2e020a5bc59357d7,2026-04-16 20:08:35.370241+00:00,hu,origo.hu,origo.hu,2026-04-16,"Európa vérével sakkoznak: A brit flotta süllyed, a pakisztáni atomernyő pedig kinyílt",https://hirtv.origo.hu/hirtvkulfold/2026/04/europa-verevel-sakkoznak-a-brit-flotta-sullyed-a-pakisztani-atomernyo-pedig-kinyilt
34fd300041fd73e490636961f5eba3a3add3ae749de465717e6f269e0d54194f,2026-04-16 20:08:30.533053+00:00,hu,origo.hu,origo.hu,2026-04-16,Nagyon közel az iráni konfliktus vége - erről beszélt az amerikai elnök a Fox Newsnak,https://hirtv.origo.hu/hirtvkulfold/2026/04/nagyon-kozel-az-irani-konfliktus-vege-errol-beszelt-az-amerikai-elnok-a-fox-newsnak
8244336d450cdfa83116999fafe87f50f5c79a1869db983305a2003a51ce3bd7,2026-04-16 20:08:25.442272+00:00,hu,origo.hu,origo.hu,2026-04-16,Alkotmányjogászok: Alaptalan Magyar Péter megfosztási eljárása az államfő ellen,https://hirtv.origo.hu/ahirtvhirei/2026/04/alkotmanyjogaszok-alaptalan-magyar-peter-megfosztasi-eljarasa-az-allamfo-ellen
4777f24b26c0df17fdaeae45b0e2ccdbac4cb29cff70181066bb9bbbf5df3622,2026-04-16 20:08:20.393932+00:00,hu,origo.hu,origo.hu,2026-04-16,Orrfogó és tőzsdei mészárlás: A garázs-diplomácia és a politikai gőg legújabb mélypontja,https://hirtv.origo.hu/ahirtvhirei/2026/04/orrfogo-es-tozsdei-meszarlas-a-garazs-diplomacia-es-a-politikai-gog-legujabb-melypontja
dbbb15b2453c82342957bc0fb0f25c9f81df340ec4f9c9431b42462f4ce4b20b,2026-04-16 20:08:15.619215+00:00,hu,origo.hu,origo.hu,2026-04-16,Fényes nappal késelték meg Kárászon az idős férfit,https://hirtv.origo.hu/ahirtvkekhirei/2026/04/fenyes-nappal-keseltek-meg-karaszon-az-idos-ferfit
afe2b7f27e0fb871dcdab5db650a00bbea82c6a509d49dbcf6238005667e96a8,2026-04-16 20:08:10.619370+00:00,hu,origo.hu,origo.hu,2026-04-16,Ausztrália vészhelyzeti üzemanyag-megállapodást kötött a blokád miatt,https://hirtv.origo.hu/ahirtvhirei/2026/04/ausztralia-veszhelyzeti-uzemanyag-megallapodast-kotott-a-blokad-miatt
abb24875ae1d1cfb00b144673cfaea04c8097c4e7832673c1d37a8363ceb3c07,2026-04-16 20:08:05.680264+00:00,hu,origo.hu,origo.hu,2026-04-16,HírTv,https://hirtv.origo.hu/ahirtvhirei/2026/04/82-ev-tavlatabol-is-faj-a-nap-amikor-a-magyar-kozigazgatas-a-halal-kiszolgalojava-valt
72fd7612c0b851dc9e400ca4698229207694d8d9d4b84c84a3b6291c1d50dfbc,2026-04-16 20:08:00.452635+00:00,hu,origo.hu,origo.hu,2026-04-16,"Amíg a mentőautó a dugóban áll, ők már életeket mentenek – ingyen és szabadidőben",https://hirtv.origo.hu/ahirtvhirei/2026/04/amig-a-mentoauto-a-dugoban-all-ok-mar-eleteket-mentenek-ingyen-es-szabadidoben
562ed1f651a3e598ba171139660cf779d5edde7cb0ea362f04fc3d27d2e73f0b,2026-04-16 20:07:55.306956+00:00,hu,origo.hu,origo.hu,2026-04-16,Megérkeztek a külképviseleti szavazatok – több körzetben is döntőek lehetne,https://hirtv.origo.hu/ahirtvhirei/2026/04/megerkeztek-a-kulkepviseleti-szavazatok-tobb-korzetben-is-dontoek-lehetne
0728f5aea1a88e2047304c5205b4e265a53db8352da00b17447ad515ea70f3cd,2026-04-16 20:07:50.549247+00:00,hu,origo.hu,origo.hu,2026-04-16,Világnézeti szembenállás: a pápa és Trump más utat lát a békéhez,https://hirtv.origo.hu/hirtvszines/2026/04/vilagnezeti-szembenallas-a-papa-es-trump-mas-utat-lat-a-bekehez
f3ece685636ea5e6a96cf45a9c1889f18db3ac81310b219348ea1fcf63f2c1bb,2026-04-16 20:07:45.829323+00:00,hu,origo.hu,origo.hu,2026-04-16,Jelentős tőzsdei veszteséget okozott Magyar Péter MOL-ra vonatkozó nyilatkozata,https://hirtv.origo.hu/ahirtvhirei/2026/04/jelentos-tozsdei-veszteseget-okozott-magyar-peter-mol-ra-vonatkozo-nyilatkozata
7337141bbe2fdf0fc8b7e6074daf476de42f3917977e086d3200d0d8bf52ccb7,2026-04-16 20:07:35.828943+00:00,hu,origo.hu,origo.hu,2026-04-16,Magyar Péter már az indulásnál lángba borítaná a társadalmi békét?,https://hirtv.origo.hu/ahirtvhirei/2026/04/magyar-peter-mar-az-indulasnal-langba-boritana-a-tarsadalmi-beket
d424878ecd47e0d2fa710a21117b80094ecc250fa23143f82d903f08632ce300,2026-04-16 20:07:30.680129+00:00,hu,origo.hu,origo.hu,2026-04-16,Hol érdemes megszállni? Mutatjuk az idei díjazottakat,https://hirtv.origo.hu/hirtvszines/2026/04/hol-erdemes-megszallni-mutatjuk-az-idei-dijazottakat
d2b48ffb3f46228b25e08031498f4e05540cdbc61fa0e6be7aac111bdc3d075c,2026-04-16 20:07:25.747820+00:00,hu,origo.hu,origo.hu,2026-04-16,A nemzeti oldal összezár: demonstrációval erősítenék az egységet,https://hirtv.origo.hu/ahirtvhirei/2026/04/a-nemzeti-oldal-osszezar-demonstracioval-erositenek-az-egyseget
6e43ecdb5416c78d698e0cb0e4b2f3f14cc23ca7938a1111c7c355d97847d717,2026-04-16 20:07:20.927985+00:00,hu,origo.hu,origo.hu,2026-04-16,Szélesítenék a mozgósítást Ukrajnában: fiatalok és nők is érintettek lehetnek,https://hirtv.origo.hu/hirtvkulfold/2026/04/szelesitenek-a-mozgositast-ukrajnaban-fiatalok-es-nok-is-erintettek-lehetnek
516d34e4497384a0114e527c018df9f79270ac39dc15ec9cca5c445462b15a3b,2026-04-16 20:07:16.094672+00:00,hu,origo.hu,origo.hu,2026-04-16,Szeméremsértés miatt tettek feljelentést a Hősök terei koncert eseményei után,https://hirtv.origo.hu/ahirtvhirei/2026/04/szemeremsertes-miatt-tettek-feljelentest-a-hosok-terei-koncert-esemenyei-utan
9517b53ac4ffdac6e435976ae827937d99f794d883ad6d0d94382d3230fca88b,2026-04-16 20:07:11.422747+00:00,hu,origo.hu,origo.hu,2026-04-16,"Mennyire jogszerű, amit Magyar Péter mond a köztársasági elnök elmozdításáról?",https://hirtv.origo.hu/ahirtvhirei/2026/04/mennyire-jogszeru-amit-magyar-peter-mond-a-koztarsasagi-elnok-elmozditasarol
f181177202c357c48344560dc529dabc03f35647782c38782d2c3af60fadb66a,2026-04-16 20:07:05.922809+00:00,hu,origo.hu,origo.hu,2026-04-16,Több tagállam is visszafogottabb Kijev gyorsított csatlakozásával kapcsolatban,https://hirtv.origo.hu/hirtvkulfold/2026/04/tobb-tagallam-is-visszafogottabb-kijev-gyorsitott-csatlakozasaval-kapcsolatban
8f048fee3fc1be062617bb3ce0fbafa2e4760bfc765b5b4ed382792e56f151da,2026-04-16 20:06:55.476103+00:00,hu,origo.hu,origo.hu,2026-04-16,Hordókba tankolnának az autósok: elszabadult a pánik Szicíliában,https://hirtv.origo.hu/hirtvkulfold/2026/04/hordokba-tankolnanak-az-autosok-elszabadult-a-panik-sziciliaban
a7b64972c229a1bb4e0ba5941731ded747de62645c3f6ebf01b085ae6375259a,2026-04-16 20:06:41.300981+00:00,hu,origo.hu,origo.hu,2026-04-16,Közeledés helyett patthelyzet: továbbra is bizonytalan az amerikai–iráni alku,https://hirtv.origo.hu/hirtvkulfold/2026/04/kozeledes-helyett-patthelyzet-tovabbra-is-bizonytalan-az-amerikai-irani-alku
5c7b3551137aca030811a321fea054c38f6a82cc7a060134a4bf8d27a1dfbd67,2026-04-16 20:04:21.871978+00:00,hu,origo.hu,origo.hu,2026-04-16,Orbán Viktor: Teljes megújulásra van szükség!,https://www.origo.hu/belpol/2026/04/orban-viktor-rendkivuli-interjut-ad-a-patriotan-kovesse-velunk-eloben
789fc2e594827d293cac85b10232c3bbd5db3e67214f46d5c6d5bbed8e1f0963,2026-04-16 19:26:00.383569+00:00,hu,blikk.hu,blikk.hu,2026-04-16,Visszaülne az iskolapadba a 78 éves Zalatnay Cini: ezt a szakmát akarja kitanulni,https://www.blikk.hu/sztarvilag/hazai-sztarok/zalatnay-cini-tanulas-uj-szakma-borasz/bstycxg
d83b77d75c377c134bbba0c051f22a83344db2f974e13e84d7b107fd70f85d18,2026-04-16 19:25:51.356788+00:00,hu,blikk.hu,blikk.hu,2026-04-16,"Gulyás Gergely ráduplázott: továbbra is tartja, hogy „Magyar Péter bolond”",https://www.blikk.hu/politika/magyar-politika/gulyas-gergely-magyar-peter-bolond/73lxrf5
7a0d5e9f3e5e071931e38f760bc52c90ebab847e11a584078cc41dbe6d9b1a1e,2026-04-16 19:25:46.353988+00:00,hu,blikk.hu,blikk.hu,2026-04-16,Sorsoltak a női kézilabda-válogatottnak: mutatjuk a mieink csoportellenfeleit az Eb-n,https://www.blikk.hu/sport/magyar-noi-kezilabda-valogatott-sorsolas/rbj6td1
ca317c4e1f723317e235d2b320aa833a6ccc965290e146e37f7a336f1b6ec667,2026-04-16 19:23:59.169341+00:00,hu,blikk.hu,blikk.hu,2026-04-16,"Nem bízott a Fideszben, nyomkövetőt tett a borítékba",https://www.blikk.hu/aktualis/belfold/nyomkoveto-boritek-fidesz-bizalom-szavazas-valasztas/6sbb2hh
37133498085254d520a67867d967307e876a2dc13c6e9518bd664be2e8097d70,2026-04-16 19:11:51.158349+00:00,hu,blikk.hu,blikk.hu,2026-04-16,Vontatókötéllel mentették meg egy iszapos csatornába zuhant idős férfi életét a hős helyiek Túrkevén,https://www.blikk.hu/aktualis/belfold/eletmentes-baleset-turkeve-kerekparos/mclkphb
512a8d99b21feda525e9b0ded2d9bd1b87e59fd9ba759a034a1ae926fb28eb88,2026-04-16 19:11:45.941676+00:00,hu,blikk.hu,blikk.hu,2026-04-16,"Döbbenetes adatot közölt az ukrán rendőrség, ennyi gyermek vált a háború áldozatává",https://www.blikk.hu/politika/vilagpolitika/halalos-aldozatok-ukrajna-gyerekek-haboru/lrbs4sp
3bfbd524f2213bed853c01285f0c5fd7ee0e2ceced04740256d5a4c7d44605fe,2026-04-16 19:11:36.303655+00:00,hu,blikk.hu,blikk.hu,2026-04-16,Vezessük be minél gyorsabban az eurót?,https://www.blikk.hu/gazdasag/penz/euro-bevezetese-magyarorszag/27wr0kq
ef04c5b09b333b44cac50f709033655352abcdedcb8928fc8f336046f9fb65e2,2026-04-16 19:11:31.100570+00:00,hu,blikk.hu,blikk.hu,2026-04-16,"Pócs János szerint nem szabad elengedni Orbán Viktor kezét: ""Nem gondolom, hogy távoznia kéne""",https://www.blikk.hu/politika/magyar-politika/pocs-janos-orban-valasztas-vereseg/q1q58mp
fe78328f532e1088f9664660ce9e27f5e35dc619c3f6ed654fb671ba66c4263b,2026-04-16 19:11:26.067875+00:00,hu,blikk.hu,blikk.hu,2026-04-16,"Drámai pillanatok az Exatlonban, Ekler Luca elsírta magát a futamok után",https://www.blikk.hu/sztarvilag/hazai-sztarok/ekler-luca-siras-exatlon/j8dysyz
7852276d5d60d769f2c469e595a5150a7f76fd1feeb9033134b0e3eb64ee7f9b,2026-04-16 19:11:03.766900+00:00,hu,blikk.hu,blikk.hu,2026-04-16,Végre véget érhet Tóth Gabi és Tóth Vera testvérháborúja,https://www.blikk.hu/sztarvilag/hazai-sztarok/toth-gabi-vera-csalad-beke/swnjd0d
09080699e497e27c7eeffdbaba18c9060f1d3c277f1ca7857fba0cf813f10f68,2026-04-16 19:10:44.605077+00:00,hu,blikk.hu,blikk.hu,2026-04-16,Most érkezett: kivonultak a hatóságok egy Pest vármegyei polgármester ügyében,https://www.blikk.hu/aktualis/belfold/polgarmester-rendorseg-pest-varmegye-ugyesseg-tek/y2nzjtc
0ce1d9de8633f0c5326bf7e0e6b7bf34fee5b699719e49c67a666f729661519b,2026-04-16 19:10:29.241593+00:00,hu,blikk.hu,blikk.hu,2026-04-16,"Vége a 27 hetes várakozásnak? 6,76 milliárddal írhat történelmet az Ötöslottó ezen a hétvégén",https://www.blikk.hu/gazdasag/penz/otoslotto-jackpot-rekordnyeremeny-szerencsejatek-zrt/89j77gt
12c43395bd4930275fcde9811d02d61297eb013b5d1300883bd64687c1a5651b,2026-04-16 19:10:22.056334+00:00,hu,blikk.hu,blikk.hu,2026-04-16,Ezért büntetnek meg tízezrekre a stoptáblánál – sokan nem jól tudják a szabályt,https://www.blikk.hu/auto/kresz-stoptabla-szabaly/kxtt8yv
bc1f1300dc2f9b85ab451ac8d1992ca14d6d3f94bd6eb1c1df004a37f20c89a8,2026-04-16 19:10:16.822870+00:00,hu,blikk.hu,blikk.hu,2026-04-16,Privát luxusbirodalmat és saját emeletet kapnak Kulcsár Edina és G.w.M gyermekei a házfelújítás során,https://www.blikk.hu/sztarvilag/hazai-sztarok/kulcsar-edina-gwm-hazfelujitas-luxus/fezrpyt
3a5f5b2cfed254e34b1c5593a4dd21c90751870b983c06f77e33bdcf2c522ab2,2026-04-16 19:10:04.298960+00:00,hu,blikk.hu,blikk.hu,2026-04-16,Az Amerikai pite igazi szexszimbóluma ma megnyitja az OnlyFans-oldalát,https://www.blikk.hu/sztarvilag/nemzetkozi-sztarok/shannon-elizabeth-amerikai-pite-onlyfans/74lzlmc
08fd17645c199586fa1c3c47c3ccbe91cdffbb82fa8f326ed7972315eef3d464,2026-04-16 18:58:00.215769+00:00,hu,blikk.hu,blikk.hu,2026-04-16,11 ember fogyaszthatott a szombathelyi kórház fagyállóval szennyezett vizéből – megszólalt az intézmény,https://www.blikk.hu/aktualis/belfold/szennyezes-viz-fagyallo-rendorseg-nyomozas/7pm0lhq
56ffddb41ce19089f9796771ac2be8116094ff09274f73dbb504782f494309af,2026-04-16 18:57:48.281613+00:00,hu,blikk.hu,blikk.hu,2026-04-16,"Vasárnap inkább fájdalmat, hétfőn ürességet is""",https://www.blikk.hu/politika/magyar-politika/orban-viktor-fidesz-valasztas-patriota-interju/mkhp3d1
dcde0e3e8c736f6bc67ee4b26a0bee753469717eb1f93f31f47ec8154edf7e8d,2026-04-16 18:57:44.134172+00:00,hu,blikk.hu,blikk.hu,2026-04-16,"„Ne hazudjál, hát hozzád járok retyóra!” – förmedt rá Majka Hajós Andrásra a luxusvécék kapcsán – videó",https://www.blikk.hu/sztarvilag/hazai-sztarok/majka-hajos-andras-luxus-wc-vita/brjqfz4
60d670bf0ab9396d40b4a54731080d77a8bd36e556507468707d0c91065c6d3d,2026-04-16 18:57:38.407317+00:00,hu,blikk.hu,blikk.hu,2026-04-16,Megszólalt Ekler Luca dominikai ellenőrzéséről a Magyar Antidopping Csoport: ezért szálltak ki az Exatlon sztárjához,https://www.blikk.hu/sport/ekler-luca-exatlon-doppingvizsgalat/mqlggly
94b6ce7c72e5e14f243c7462fd3e77c30d86c72d9201ea65d09363422036d3be,2026-04-16 18:57:15.262832+00:00,hu,blikk.hu,blikk.hu,2026-04-16,Donald Trump bejelentése: tíznapos tűzszünetet hirdetett Izrael és Libanon között,https://www.blikk.hu/aktualis/kulfold/donald-rump-tuzszunet-libanon-izrael/1djmn7f
6b7831b5aee3a8bb6677730ae5d9852353a3629f8a5cf78c7f80f6e2e7d6266d,2026-04-16 18:57:00.360721+00:00,hu,blikk.hu,blikk.hu,2026-04-16,"Marhapörkölt lábasban, ahogy ő szerette: Antal Imrére emlékeznek egykori törzshelyén, a Piroska Vendéglőben",https://www.blikk.hu/sztarvilag/hazai-sztarok/antal-imre-piroska-vendeglo-emlekezes/wkewgz3
5b4257b7c0db39da617af3f2b7ec0b5c72c10e178f3e032ce3ecd46fa33f5d33,2026-04-16 18:54:09.843113+00:00,hu,origo.hu,origo.hu,2026-04-16,"Nekiestek a németek Zelenszkijnek – ott ütik, ahol csak érik",https://www.origo.hu/nagyvilag/2026/04/zelenszkij-nemet-die-welt
e8166f16957067edf5951ab4e3cc78eaf6fa7fc38880114947a353c9b6b47fb4,2026-04-16 18:54:05.252423+00:00,hu,origo.hu,origo.hu,2026-04-16,Magyar Péter bejelentésére meredeken zuhanni kezdtek a Mol- és a Richter-részvények,https://www.origo.hu/gazdasag/2026/04/magyar-peter-bejelentesere-meredeken-zuhanni-kezdtek-a-mol-es-a-richter-reszvenyek
7f970e9099996c792bb51b3e58ab6c7011e9e42e5806826157618ff72e64f351,2026-04-16 18:54:00.186667+00:00,hu,origo.hu,origo.hu,2026-04-16,"Milák Kristóf megvédte a címét, viszont fő számában új bajnokot avattak",https://www.origo.hu/sport/sport-egyeni/2026/04/milak-kristof-uszo-ob-sopron-100-gyors-200-pillango
185c5d3e502fcaa4543ded5e8b0bc46c87f5c300551d492e4498ddf37a1303c2,2026-04-16 18:53:55.645449+00:00,hu,origo.hu,origo.hu,2026-04-16,Majtényi: Az idősek csak a levegőt rontják a közjogi intézményekben,https://www.origo.hu/belpol/2026/04/majtenyi-laszlo-mediatorveny-tisza-ketharmad-soros
28f7c92812c3f5793e3d0d67eafc6f9be3e8a034a98f8f67cfd78ae672132eb8,2026-04-16 18:53:50.873140+00:00,hu,origo.hu,origo.hu,2026-04-16,Megőrült? Élő adásban fejelt az asztalába a híres futballszakértő − videó,https://www.origo.hu/sport/sport-futball/2026/04/premier-league-paolo-di-canio-megorult-sky-italia
09f40c9d72b51a83601824258187c23551c1e0bfaf46acb596fcb6c579d81c4d,2026-04-16 18:53:45.211189+00:00,hu,origo.hu,origo.hu,2026-04-16,"Megvan a „szerencsés rohadék"", aki a világ egyik legszebb nőjével randizik",https://www.origo.hu/nagyvilag/2026/04/sydney-sweeney-parja-poszt
e5d11cbd22ba2bb851cc797e958c4dd93a811b9d0fea4a58aed6fc0a5e4da272,2026-04-16 18:53:39.868715+00:00,hu,origo.hu,origo.hu,2026-04-16,Magyar Péter jogellenes követelése 1 óra alatt 143 milliárd forintot égetett el,https://www.origo.hu/belpol/2026/04/magyar-peter-mol-143-milliard-forint-hernadi-zsolt
0a40849549cf9b6fed738487566556e694791620e3bbf372c4ae71359290d161,2026-04-16 18:53:34.886126+00:00,hu,origo.hu,origo.hu,2026-04-16,Igen súlyos büntetést kaphat Halásztelek őrizetbe vett polgármestere,https://www.origo.hu/kek-hirek/2026/04/halasztelek-orizetbe-vett-polgarmestere-sulyos-buntetes
4fcb7f6e798b0602d0ff32c8835d1c5c19eeb6a99c8c550ac72d3b59ae342640,2026-04-16 18:53:30.191086+00:00,hu,origo.hu,origo.hu,2026-04-16,"Gulyás Gergely: A mi feladatunk, hogy feltárjuk az okokat",https://www.origo.hu/belpol/2026/04/gulyas-gergely-interjut-ad-kovesse-nalunk-eloben
d4b0f5c33d40e38cade27e3896762b413514f11e1f4885507acc819639e2b360,2026-04-16 18:53:24.895971+00:00,hu,origo.hu,origo.hu,2026-04-16,"Tragikus hirtelenséggel meghalt az Arsenal és a Liverpool híres kapusa, Alex Manninger",https://www.origo.hu/sport/sport-futball/2026/04/alex-manninger-meghalt-autobaleset-arsenal-liverpool
a83a3296da708623fef4dea1c700e06201dccf9e1ad00b56846264991a5834b0,2026-04-16 18:53:20.349486+00:00,hu,origo.hu,origo.hu,2026-04-16,Durva időjárási változások jöhetnek a napokban,https://www.origo.hu/itthon/2026/04/idojaras-pentek-szombat-napos-gomolyfelhos
12188828fce4d3a8d48b14e396baf0d1e24f44dd875e395a3080c60a37d033cb,2026-04-16 18:53:15.026942+00:00,hu,origo.hu,origo.hu,2026-04-16,Fagyos volt vagy profi? Shakira videóján vitázik a net,https://www.origo.hu/nagyvilag/2026/04/shakira-operator-elesett-video-botrany
c80a267393354083d5ccddf714206653b8340f6b30e7ae765e233b90a643376e,2026-04-16 18:53:10.202941+00:00,hu,origo.hu,origo.hu,2026-04-16,"Szüksége volt elhunyt anyja nyugdíjára, döbbenetes dologra szánta el magát a férfi",https://www.origo.hu/nagyvilag/2026/04/holttest-wales-fagyaszto-csalas-nyugdij
831445a5c5a11a9c3448cf9a4c5918c6fbb3f47ea2433c2aa706676d599ebdb2,2026-04-16 18:53:04.894639+00:00,hu,origo.hu,origo.hu,2026-04-16,"Egyre kevesebb a mellplasztika, mutatjuk, mik a legfrissebb trendek!",https://www.origo.hu/nagyvilag/2026/04/esztetikai-beavatkozasok-mozgatjak-a-piacot
f5c106997649837f3062090347f762fcebfbe519c5e0d45e8d8721d0eeb205d0,2026-04-16 18:52:59.889025+00:00,hu,origo.hu,origo.hu,2026-04-16,"Messi is beállt a sorba, ő is kipróbálja a gazdagok új hóbortját",https://www.origo.hu/sport/sport-futball/2026/04/messi-klub-vasarlas-cornella-barcelona
92f4ec8824ba1f304e5f8c02edb829e6c60f1bb6816bdbbc0a513b340ab64fdf,2026-04-16 18:52:55.855417+00:00,hu,origo.hu,origo.hu,2026-04-16,"Használt széfet vett az interneten, milliós kincset talált benne",https://www.origo.hu/nagyvilag/2026/04/aranyrud-szef-veletlenul-talalt-aranyrud
be407e473b0b657189482e4cd3437b0311fa5e31203c8fca23f6729b0cc213f7,2026-04-16 18:52:50.523287+00:00,hu,origo.hu,origo.hu,2026-04-16,"Iskolai lövöldözés: diák nyitott tüzet az órán, kiürítették az épületet",https://www.origo.hu/kek-hirek/2026/04/lovoldozes-diak-iskola-tanora-karpatalja
9ddcb5586ecedada15dce91e104ab0435bfc464cbf9b65389e4ed55b50e4852a,2026-04-16 18:52:45.439641+00:00,hu,origo.hu,origo.hu,2026-04-16,"Nathalie Emmanuel, a Trónok harca sztárja kőkemény mellekkel és feszes testtel hódít – dögös képek",https://www.origo.hu/foto/2026/04/nathalie-emmanuel-galeria
8d4885755aa40d05330caaadd2e2e35791d722445fcf5719c1098844bea4aa95,2026-04-16 18:52:40.111447+00:00,hu,origo.hu,origo.hu,2026-04-16,"Az R ‑díva, Mýa kerek mellei és telt, nőies formái brutálisan jól mutatnak – szexi galéria",https://www.origo.hu/foto/2026/04/mya-galeria
4cd4ec131b53d7abd934e2e64b1e555d3ca0745647632b30118c3b11c589fa0c,2026-04-16 18:52:35.964411+00:00,hu,origo.hu,origo.hu,2026-04-16,"Cseh László és Phelps egykori nagy riválisa, Ryan Lochte újabb botrányba keveredett",https://www.origo.hu/sport/sport-egyeni/2026/04/ryan-lochte-uszas-cseh-phelps-botrany-feleseg-rehab
497ecac8057781804e9807ba49128e817f370db0aa366fd133b234810fa44767,2026-04-16 18:52:30.288794+00:00,hu,origo.hu,origo.hu,2026-04-16,"Döbbenetes bizonyíték: lebukott Zelenszkij szándéka, erre készül valójában",https://www.origo.hu/nagyvilag/2026/04/zelenszkij-beke-zaharova
4596a21503f4181bf8a855c3ec005722c45b4d61598b5e706564535348c00012,2026-04-16 18:52:25.671633+00:00,hu,origo.hu,origo.hu,2026-04-16,Megemlékezés a holokauszt magyarországi áldozatainak emléknapján,https://www.origo.hu/belpol/2026/04/holokauszt-magyarorszagi-aldozatainak-emleknapja
a2c2866b3324bb94a0505635fa087d5ea8b5217ca15ffdca07810344851d1b56,2026-04-16 18:52:19.915226+00:00,hu,origo.hu,origo.hu,2026-04-16,"Szexi tornaruhában támasztja a falat Palvin Barbi, helyette is izzadni kezd, ha meglátja! – galéria",https://www.origo.hu/itthon/2026/04/palvin-barbi-modell-szexi-foto-tornaruha
a2ef16bbcadb13bd6bc7123f9a85152a386eef9b831a8389353ec277c6be2723,2026-04-16 18:52:15.256355+00:00,hu,origo.hu,origo.hu,2026-04-16,Egyetlen vérmintából szűrhető lesz a legtöbb ráktípus,https://www.origo.hu/tudomany/2026/04/rak-egyetlen-vermintabol-szurheto
388e8f3ce2efd647322cf67d25b96659ab60112110bfee1375162704513bfc69,2026-04-16 18:52:09.927348+00:00,hu,origo.hu,origo.hu,2026-04-16,"Tudja, hogy mekkora az átlagos péniszméret? Mutatjuk!",https://www.origo.hu/nagyvilag/2026/04/peniszmeret-mi-az-atlagos
bbe3a9dda9697b21f8791647b8b5bd7dc4af02881468678387a31752b9c0788f,2026-04-16 18:52:04.920819+00:00,hu,origo.hu,origo.hu,2026-04-16,Újabb fordulatot vett az ukrán aranyvécés botrány,https://www.origo.hu/kulpol/2026/04/aranyvece-korrupcios-botrany-ukrajna
d124757739d6ad737803e8ed0e053780abec5c640c4d0bae5140860773df377b,2026-04-16 18:51:59.884657+00:00,hu,origo.hu,origo.hu,2026-04-16,Fordulat a Közel-Keleten: Trump bejelentette a tűzszünetet,https://www.origo.hu/nagyvilag/2026/04/donald-trump-izrael-es-libanon-tuzszunet
c2f729fbd1102d1e129e348f2647ee5b6ce040d6f7521294e930496d91ce7add,2026-04-16 18:51:55.213802+00:00,hu,origo.hu,origo.hu,2026-04-16,Új információk a szegedi benzinkúti lövöldözésről,https://www.origo.hu/kek-hirek/2026/04/lovoldozes-szeged-benzinkut-uj-informaciok
b2dc936c6c58e22f9eee99f043d5381459a3f04f0b98162509a3285208c52b29,2026-04-16 18:51:49.948617+00:00,hu,origo.hu,origo.hu,2026-04-16,"Öt év után visszatér a legendás énekesnő, de nem úgy, ahogy mindenki várta",https://www.origo.hu/nagyvilag/2026/04/adele-visszateres-zene-film
5a19a597bd2e9570df6119fef450b820bed591b7c14cd5109830def314a93a2b,2026-04-16 18:51:45.218386+00:00,hu,origo.hu,origo.hu,2026-04-16,Megviselt üléspárna javítása: eladáskor is jól jöhet,https://www.origo.hu/auto/2026/04/megviselt-ulesparna-javitasa-eladaskor-is-jol-johet
f1c5b9b908a406f8f9c8f5ff89aae99c62e01f65b84d1316a35c1c8b11352f00,2026-04-16 18:51:40.870563+00:00,hu,origo.hu,origo.hu,2026-04-16,Ki a hibás? A választási vereség mélyebb okai,https://www.origo.hu/itthon/2026/04/politikai-hobbista-valasztasi-eredmenyek-elemzese
8c5dc822ce7558e16d318bd9068b5f4d1565a30991d1eb16c20815213a90a95c,2026-04-16 18:51:35.213823+00:00,hu,origo.hu,origo.hu,2026-04-16,Megkapta ellenfeleit a női kézilabda-válogatott az Európa-bajnokságra,https://www.origo.hu/sport/sport-csapat/2026/04/kezilabda-valogatott-noi-europa-bajnoksag-2026-csoport
47064c00e7e8192a5dd8d13463a9887836f9da6ba5e3a84e77be542fa32efd7d,2026-04-16 18:51:29.877473+00:00,hu,origo.hu,origo.hu,2026-04-16,"Kate Bosworth olyan édesen kívánatos a képein, mintha egy mestercukrász készítette volna marcipánból – finoman szexi galéria",https://www.origo.hu/foto/2026/04/kate-bosworth-galeria
4429c04cee774c6e801e76b84e6c7d391ccd9a8b417f33c6ca92b06d5116cf4b,2026-04-16 18:51:24.967550+00:00,hu,origo.hu,origo.hu,2026-04-16,Felfedezték a koleszterin csökkentésének egy forradalmi új módszerét,https://www.origo.hu/tudomany/2026/04/koleszterin-csokkentes-uj-modszer
efd970cf2eec397e61b2002ced7b976b66d26d07f4aeba0170d1534a9839c40b,2026-04-16 18:51:20.219839+00:00,hu,origo.hu,origo.hu,2026-04-16,Gyilkosság: széklábbal verte agyon az apját az ajaki férfi – videóval,https://www.origo.hu/kek-hirek/2026/04/gyilkossag-ajak-szeklab-itelet-apagyilkos
a4a53e695243546f87a0c1041ea14c8326ab2b7ef82c5a4290e8c21537441b4b,2026-04-16 18:51:15.088196+00:00,hu,origo.hu,origo.hu,2026-04-16,"Csak kicsit kell változtatni az edzésrutinon, hogy sokkal tovább éljünk",https://www.origo.hu/tudomany/2026/04/edzes-hosszu-elet
5fc778f184d239407bc9b45944f52867bade8e1a16e71db192a18afb179f8e8e,2026-04-16 18:51:09.897130+00:00,hu,origo.hu,origo.hu,2026-04-16,"Magyar Úton Gyűlést szervez péntekre a PestiSrácok-csapat, Ferencz Orsolya is felszólal",https://www.origo.hu/belpol/2026/04/magyar-uton-gyulest-szervez-pentekre-a-pestisracok-csapat-ferencz-orsolya-is-felszolal
bfdb11002036dec052ae85c4607b411af6ecd24586eea36d54a4ef0aa146223b,2026-04-16 18:51:05.187393+00:00,hu,origo.hu,origo.hu,2026-04-16,"Lelőtték az iskolaigazgatót, miközben testével állította meg a fegyveres támadót",https://www.origo.hu/nagyvilag/2026/04/hos-fegyveres-tamado-iskolaigazgato-oklahoma
a5a83d4b902e4923922ec78c4d3651c19e390677593a21c8a60382d36dbb1c91,2026-04-16 18:51:00.182769+00:00,hu,origo.hu,origo.hu,2026-04-16,"Szoboszlai Dominik egy képpel, Kerkez egy mondattal reagált csapattársa drámájára",https://www.origo.hu/sport/sport-futball/2026/04/szoboszlai-dominik-kerkez-reakcio-liverpool-ekitike
f8c48c31b9f391d183dee4bcafcd8f2b3b0a117d1859736ff57391a7961ed355,2026-04-16 18:50:54.468841+00:00,hu,origo.hu,origo.hu,2026-04-16,Lesújtó hírt erősített meg a Liverpool: ettől tartottak a szurkolók,https://www.origo.hu/sport/sport-futball/2026/04/liverpool-hugo-ekitike-serules-premier-league
fd0eb90c9ac40c10a3108c0bc2a67124d904db4d98412545d54cb17ecfbf96ca,2026-04-16 18:50:42.684099+00:00,hu,index.hu,index.hu,2026-04-16,"A Pentagon bejelentette: készek folytatni a háborút Iránnal, ha lejár a tűzszünet",https://index.hu/kulfold/2026/04/16/egyesult-allamok-iran-iran-usa-konfliktus-pentagon-tuzszunet-vege-tamadasok/
fe181d925b21cc9b9c7ab6d8f1676d79b7a02d260720577d6e3d8d912700346a,2026-04-16 18:50:22.775175+00:00,hu,index.hu,index.hu,2026-04-16,Vizsgálatot rendelt el az Európai Bizottság: razziát tartottak a Nutella és a Kinder gyártójánál,https://index.hu/kulfold/2026/04/16/europai-bizottsag-ferrero-razzia-iroda-nutella-kinder-kereskedelem-akadalyok/
c752fb61583fb11c4e8b2352bd3d558df2506fe0881eb2b6a50d531bac308988,2026-04-16 18:50:14.108242+00:00,hu,index.hu,index.hu,2026-04-16,"Radics Gigi új fejezetet nyit az életében: Mindig is nagy álmom volt, hogy külföldön kipróbáljam magam",https://index.hu/mindekozben/poszt/2026/04/16/radics-gigi-valtoztatna-az-eleten-mindig-is-nagy-almom-volt-hogy-kulfoldon-is-kiprobaljam-magam./
bf6e81e8b40aa5fc93ab19d81c2bdb645904aa24dfe6e8f5690a0675a4c974e4,2026-04-16 18:50:05.626706+00:00,hu,index.hu,index.hu,2026-04-16,"Csernus Imre: Tömegpszichózisban élt az ország – most jön a kijózanodás és dől el, hogy felnő-e a társadalmunk",https://index.hu/belfold/2026/04/16/konkretan-ronai-egon-csernus-imre-valasztas-kampany-lelkiallapot-kettevalas-depresszio/
88d0e0c61ba18b0e6f71e0496da1e00122e3b57e6d55b72399ce968e05b85f24,2026-04-16 18:49:56.706148+00:00,hu,index.hu,index.hu,2026-04-16,Érdemes felkészülni: hét év után visszatér egy régi-új adó,https://index.hu/gazdasag/2026/04/16/reklamado-visszater-2026/
3d3a4051391e790613cb1fb05af2be171f3e1d157e8358895b66ea9000dab696,2026-04-16 18:49:43.329584+00:00,hu,index.hu,index.hu,2026-04-16,"A krimikirály egyik első könyve, amely 30 évig pihent a fiókban",https://index.hu/kultur/2026/04/16/steve-berry-a-lista-krimi-konyv-recenzio-ajanlo/
7af5f122ff5b97d7e9771c3873a547c775d112e44bf775fb15016ccc9d60d7e6,2026-04-16 18:49:34.948150+00:00,hu,index.hu,index.hu,2026-04-16,"A Karmelitából lehet vendégház, kulturális központ, nemzeti bálterem",https://index.hu/kultur/2026/04/16/zobori-gabor-karmelita-miniszterelnoki-iroda-vendeghaz-kulturalis-kozpont-nemzeti-balterem/
c6f8713e41b250aa77ac98c656b0e52c3f61512f25e53ef0694a2fa34cbbcf4d,2026-04-16 18:49:19.674273+00:00,hu,index.hu,index.hu,2026-04-16,"Soha nem látott magasságba emelkedett az ötös lottó nyereménye, többtonnányi pénz keresi a gazdáját",https://index.hu/gazdasag/2026/04/16/szerencsejatek-zrt.-otoslotto-rekordnyeremeny-fonyeremeny/
f309be827da03c4e7f56d4efb66513a55fc7e0bf5966e514610560a190adcb31,2026-04-16 18:49:14.463813+00:00,hu,index.hu,index.hu,2026-04-16,Veszélyes aknák sorakoznak a Tisza Párt előtt,https://index.hu/belfold/2026/04/16/valasztas2026-fidesz-tisza-part-orban-viktor-magyar-peter-orszaggyulesi-valasztasok-political-capital/
baaceabc08115e3b5d27e74caec36fa00e80472436f214a8c9b12b8af3f3f1c6,2026-04-16 18:49:00.731123+00:00,hu,index.hu,index.hu,2026-04-16,Maffiózók és szektavezérek közé épült be az FBI első afroamerikai ügynöknője,https://index.hu/fomo/2026/04/16/sylvia-elizabeth-mathis-fbi-ugynok-bunszervezet-afroamerikai/
c67ab97c78507382cc9d93de04c0ada886561f89999e225e4c4237d0ec3c6f1a,2026-04-16 18:48:55.641537+00:00,hu,index.hu,index.hu,2026-04-16,"Komoly veszélyben vannak az európai légitársaságok, csak hat hétre elengedő üzemanyaguk van",https://index.hu/kulfold/2026/04/16/kozel-keleti-konfliktus-uzemanyag-utazas-repulogep-jarattorles/
8eb2529682f13ce74eabe20c52d7185abc5991ed82e90580cd9ccec654a4725e,2026-04-16 18:48:33.568908+00:00,hu,index.hu,index.hu,2026-04-16,Nádas Péter szerint a mostani fordulatban Orbán Viktor szerepe is meghatározó,https://index.hu/belfold/2026/04/16/nadas-peter-orban-viktor-valasztas-2026-fidesz-bukas-interju-magyar-peter-tisza-part/
bf409f7b7ec3ac02883965488f716a47f027911de330469b686fb6237a6383d4,2026-04-16 18:48:29.294771+00:00,hu,index.hu,index.hu,2026-04-16,Orbán Viktor: A korábbi formájában a jobboldali közösség nem tudja folytatni létezését,https://index.hu/belfold/2026/04/16/orban-viktor-fidesz-kdnp-orszaggyulesi-valasztasok-valasztas2026-tisza-part-magyar-peter/
c833520c9434aa0cd66a319424e3b123bbe26b91795c7ad7b089edfac5000d04,2026-04-16 18:48:26.109639+00:00,hu,index.hu,index.hu,2026-04-16,"Megvan a dátum, hamarabb érkezik a Kovács Kovi István munkásságát bemutató Birodalom, mint gondoltuk",https://index.hu/mindekozben/poszt/2026/04/16/megvan-a-datum-hamarabb-erkezik-a-kovacs-kovi-istvan-munkassagat-bemutato-birodalom-mint-gondoltuk/
13263c447dbe4bdda2996a3108564148d2cbc02426941272add5a223ee7f8595,2026-04-16 18:06:00.057749+00:00,hu,index.hu,index.hu,2026-04-16,"Elsikálhatták a világelső doppingügyét, női csapatunk bravúrgyőzelmet aratott Portugáliában",https://index.hu/sport/tenisz/2026/04/16/love-game-tenisz-video-podcast-index-mtsz-2.-adas-bardoczky-kornel-karai-peter/?utm_source=hirstart&utm_medium=referral&utm_campaign=ct
3b8d99650371417382b5fced39d2b78530e517a04fd7a861e519618b03e94399,2026-04-16 17:51:54.628364+00:00,hu,blikk.hu,blikk.hu,2026-04-16,"Shane Tusup miatt csaknem befejezte az úszást Jackl Vivien, így él most az úszónő",https://www.blikk.hu/sport/jackl-tusup-uszas-ujrakezdes-los-angeles/x3x8cz3
0a7adf82dce10c05ac7bfcab846d94636cd5f352d4dc8c86c160d7e5cece78fb,2026-04-16 17:46:38.708887+00:00,hu,blikk.hu,blikk.hu,2026-04-16,Vizsgálják az osztrákok kapussztárjának tragikus halálát: ez okozhatta a horrorbalesetet – fotók és drámai részletek,https://www.blikk.hu/sport/kulfoldi-foci/alex-manninger-halala-fotok-reszletek/9cfv572
fe62403f440b570d37889d3acdb2c674e10f783ea2370c2aed6b0851c7193b3f,2026-04-16 17:46:27.288298+00:00,hu,blikk.hu,blikk.hu,2026-04-16,"Molnár Áron keményen beleállt Vidnyánszky Attilába: ""Katasztrófa, amit ez a csávó művelt""",https://www.blikk.hu/politika/magyar-politika/molnar-aron-vidnyanszky-attila-nemzeti-szinhaz/87yg3cn
0227e0f20752a88f56f589519e93c1b135d628bdd8faaa611170d3939ea39e94,2026-04-16 17:46:22.411633+00:00,hu,blikk.hu,blikk.hu,2026-04-16,Elképesztő emlékmű: szobor a Vasas és a magyar futball legendájának,https://www.blikk.hu/sport/magyar-foci/meszoly-szobor-vasas/mdn5hbb
5022b6d0b114e01605b9c16b5a093ee8ae6e490141a5dac01611694e30119886,2026-04-16 17:46:00.692236+00:00,hu,blikk.hu,blikk.hu,2026-04-16,Hat hétre elegendő a repülőgép-üzemanyag Európában,https://www.blikk.hu/aktualis/kulfold/uzemanyag-europa-keszletek-hat-het/z9cw7xm
73e87f0009b8172fc1dd41e13a2794213f106fa87540b62c339db03343e2ba20,2026-04-16 17:45:05.175578+00:00,hu,blikk.hu,blikk.hu,2026-04-16,Ez vár Dér Henire a plasztikai műtét után,https://www.blikk.hu/sztarvilag/hazai-sztarok/der-heni/89yvv9s
7377c0c4a8518cd09457025aed5448fc27bf1b90135ac3dea31501bcd6f98108,2026-04-16 17:44:54.130362+00:00,hu,blikk.hu,blikk.hu,2026-04-16,József Attila-díjat kapott: hihetetlenül büszke Lutter Imre,https://www.blikk.hu/sztarvilag/hazai-sztarok/lutter-imre-jozsef-attila-dij-vers-irodalom/rbymtmj
5f49239eb5a3038045126205415aa469f1fff411366ab1b899399737ccccfb99,2026-04-16 17:30:36.457775+00:00,hu,blikk.hu,blikk.hu,2026-04-16,"Friss listát adott ki európai célpontjairól Oroszország, nyolc NATO-tagország is szerepel rajta",https://www.blikk.hu/politika/vilagpolitika/europai-celpontok-oroszorszag-dmitrij-medvegyev/j6pw1nj
a9953ee1ff1db58460bd3f26fb1f1ed1e8ecaee1d3115245896a5c2ed8fe02b5,2026-04-16 17:29:24.902754+00:00,hu,blikk.hu,blikk.hu,2026-04-16,Magyar Péter egyetlen mondata megrengette a Mol árfolyamát,https://www.blikk.hu/gazdasag/penz/magyar-peter-mol-reszvenypiac-arfolyam/tncfxb9
bdb05e2e361c362fac7357a5db8299a2abbcde7bd92ba911411497e1f7d40df8,2026-04-16 16:51:36.046424+00:00,hu,origo.hu,origo.hu,2026-04-16,A Liverpool magyar játékosát európai topbajnokságból csábítják,https://www.origo.hu/sport/sport-futball/2026/04/liverpool-pecsi-armin-atigazolas-sevilla-la-liga
ab9a8cd780b5837a2136c9ca5e02620473bc3f1dae7dc0600fc7127ce4b2b50b,2026-04-16 16:51:36.020348+00:00,hu,origo.hu,origo.hu,2026-04-16,"Kiürültek a pénzváltók, elfogyott az euró",https://www.origo.hu/itthon/2026/04/eurohiany-penzvalto-debrecen
7c2d3b17cbb55a1cdc91b74a798431fad932ea56322fca1b9755866f798b786f,2026-04-16 16:51:02.453704+00:00,hu,origo.hu,origo.hu,2026-04-16,Változás! Óriási átszervezés kezdődik a TV2-nél,https://www.origo.hu/itthon/2026/04/tv2-csatorna-szalai-vivien-hirigazgato-valtozas
738ef0754cdaf1f54d4a7c3c2e181414087e3660261e9615bc26e0732378f3a2,2026-04-16 16:50:56.807248+00:00,hu,origo.hu,origo.hu,2026-04-16,Kiakadt a traffipax: a 24 órás razzián képes volt ennyivel száguldani a zalai audis – fotó,https://www.origo.hu/auto/2026/04/traffipax-razzia-audi-zala
a5b2cc0446aafd012634b768041ec74d53bcd8605acdfd614a4ffe1342c51388,2026-04-16 16:50:52.148391+00:00,hu,origo.hu,origo.hu,2026-04-16,Oscar-díjas hollywoodi sztárt láttak Budapest belvárosában,https://www.origo.hu/teve/2026/04/vieagsztar-budapest-eddie-redmayne-forgatas
26b4446a4a5479b75e233ad6d413ffaf19e975ba92f8d58abe3deb341cf4b9aa,2026-04-16 16:50:46.791795+00:00,hu,origo.hu,origo.hu,2026-04-16,Ennél tüzesebb vadmacskát ma biztosan nem lát! Aprócska topban szerel autót a szexi modell – galéria,https://www.origo.hu/nagyvilag/2026/04/szexi-modell-emily-kate-hoszowski-galeria
71c83aa4819e40837c604c90abe130e6f34a0e03f158235bc7d63643dbe65fdf,2026-04-16 16:50:41.525883+00:00,hu,origo.hu,origo.hu,2026-04-16,„Nagyon szeretek a magasban lenni” – Papp Edina és a parasportos lét csendje,https://www.origo.hu/sport/sport-egyeni/2026/04/legtorna-papp-edina-europa-bajnoksag-budaors
8b4847b52eb56b4e5be18dbed27c29d939a472a479e7e1470ebb1251535b3bbc,2026-04-16 16:50:35.817846+00:00,hu,origo.hu,origo.hu,2026-04-16,A lengyel külügyminiszter szerint az új magyar kormány Ukrajna-politikája teljesen más lesz,https://www.origo.hu/belpol/2026/04/lengyel-kulugyminiszter-magyar-kormany-ukrajna-politika
1ec820f8ec36f4c9e834ea5cbd3e9a7cbfae4984288091e4ca41e7aadec1ccd8,2026-04-16 16:50:31.594838+00:00,hu,origo.hu,origo.hu,2026-04-16,"Tánccal gyalázott meg egy szobrot az influenszer, börtönbe kerül",https://www.origo.hu/nagyvilag/2026/04/szobor-megeroszakolt-nok-korea-gyalazat-youtuber-tanc
47c3854b01483b0f2d0a6aa0624631eb9ddd03d65b48392d702af5d0f3991e08,2026-04-16 16:50:26.299797+00:00,hu,origo.hu,origo.hu,2026-04-16,Levetkőztető appokat terjesztett az Apple és a Google,https://www.origo.hu/techbazis/2026/04/levetkozteto-app-android-iphone
3ae0f182f35e135dc597ca1233c642ac65493f9f2eeab1a15a443a41af1e6b41,2026-04-16 16:50:21.787581+00:00,hu,origo.hu,origo.hu,2026-04-16,Pócs János nem haragszik a fiatalokra,https://www.origo.hu/belpol/2026/04/pocs-janos-fiatalok-valasztok-jaszsag-orban-viktor
948f1c74d4bbcec21290fd4c86c50129e5908d77cee3511ad8702268729c979d,2026-04-16 16:50:17.110422+00:00,hu,origo.hu,origo.hu,2026-04-16,"Még ez is: borzalmas tűz pusztított a kontinensnyi ország finomítójában, ebből baj lehet",https://www.origo.hu/gazdasag/2026/04/olajvalsag-ausztralia-tuzvesz
25a46e21a0a73e1148cea6a74dc8a7c2899ee8646e3c6420d4bbbce8eedddc49,2026-04-16 16:50:12.001954+00:00,hu,origo.hu,origo.hu,2026-04-16,"Hihetetlen baleset, aligátorral ütközött egy amerikai nő",https://www.origo.hu/nagyvilag/2026/04/aligator-baleset-amerikai-no
ad0e6395c31432ce1d7f2074242756f9c8b32c1cf5eab9b7c2971d6669979e01,2026-04-16 16:50:06.662617+00:00,hu,origo.hu,origo.hu,2026-04-16,Végre! Örömhírt osztott meg Rubint Réka,https://www.origo.hu/itthon/2026/04/rubint-reka-fitneszedzo-kemoterapia-hajnovekedes
9dade5e22a44f4a56504d6e20d5401908b8449a084014784c318d1ba9bbe3ebc,2026-04-16 16:50:02.425516+00:00,hu,origo.hu,origo.hu,2026-04-16,"Saját bordájából építettek új orrot az influenszernek – rémálom, amin keresztülment",https://www.origo.hu/nagyvilag/2026/04/plasztikai-mutet-orr-influenszer
e46007698147edd2c81bcc02f95ce008c1639dfc3deb32b47e02859b7abfd83f,2026-04-16 16:49:58.468901+00:00,hu,origo.hu,origo.hu,2026-04-16,"Állatkínzás: brutálisan verte kölyökkutyáját a miskolci férfi, a kisfia végignézte – videóval",https://www.origo.hu/kek-hirek/2026/04/allatkinzas-miskolc-kiskutya-video
80b49f8a1fd715fd8966f92e815b633bd8bff7ed3834561fd8677ae743a36fbd,2026-04-16 16:49:52.235266+00:00,hu,origo.hu,origo.hu,2026-04-16,Deutsch Tamás: A tiszás győzelem az aranyeret is gyógyítja,https://www.origo.hu/belpol/2026/04/deutsch-tamas-aranyer-tisza-gyozelem-diktatura
42a383a99e42a829635bbca1dd56c968ee7f2583f22c5e2e10456bc86e7d225c,2026-04-16 16:49:46.572080+00:00,hu,origo.hu,origo.hu,2026-04-16,Vadító pózokban perzseli fel a hangulatot a vörös szépség – szexi képek és dögös fotók,https://www.origo.hu/nagyvilag/2026/04/szexi-kepek-szineszno-modell-madeleine
a3fceede99f52de6925ba6921ee849682c5ac1ab4c70a5e867944e5f621c98f0,2026-04-16 16:49:41.499203+00:00,hu,origo.hu,origo.hu,2026-04-16,"Elképesztő pofátlanok lettek a migránsok – felháborító, amit csinálnak",https://www.origo.hu/kulpol/2026/04/brit-torvenyek-egyesult-kiralysag-migrans
895dae2535bec759a7dee838625181d043540490f25d159b4e8ad2ee980a2a39,2026-04-16 16:49:35.499022+00:00,hu,origo.hu,origo.hu,2026-04-16,"Kiderült, meddig húzhatja Irán az olajkitermelés leállítását – nem sokáig ketyegne az óra",https://www.origo.hu/gazdasag/2026/04/olajexport-iran-lealllas
9de5eb5952fa36aded9595394909b94b5264ecf6549e68fbfeca8ed95269c80e,2026-04-16 16:49:30.879490+00:00,hu,origo.hu,origo.hu,2026-04-16,"Brutális rablás: baltával támadtak a férfira, majd az utcán verték össze",https://www.origo.hu/kek-hirek/2026/04/rablas-jaszkiser-baltas-tamadas
8c437e09f54bb1bb14264e600ebbcecbad31171112fd5cdfea25350b027f7df8,2026-04-16 16:49:25.835696+00:00,hu,origo.hu,origo.hu,2026-04-16,Holokauszt-emléknap: közös felelősség Európában – a múlt tanulsága a jövő záloga,https://www.origo.hu/belpol/2026/04/holokauszt-emleknap-europa-szalay-bobrovniczky-vince
250e13f6d8ba2a432add7b3770fc56ea16c8a64666f36d4546859779b26c8afb,2026-04-16 16:49:20.224809+00:00,hu,origo.hu,origo.hu,2026-04-16,Ilaria Salis bírói tisztogatásra számít Magyar Péteréktől,https://www.origo.hu/belpol/2026/04/ilaria-salis-biroi-tisztogatas-magyar-peter
810888faf8efc057827344c198600b9e5a4cb03bb2e439112108a77150cc92e9,2026-04-16 16:49:16.037251+00:00,hu,origo.hu,origo.hu,2026-04-16,"Elrabolta, majd konyhakéssel akarta leszúrni a 3 éves gyereket egy nő a bolt parkolójában – Megrázó képsorok",https://www.origo.hu/nagyvilag/2026/04/keses-tamadas-walmart-omaha-kisfiu
f6f96651f059db1715280ef0e162bc6ba8c0d80dd2d824395309c743634035c2,2026-04-16 16:49:10.215370+00:00,hu,origo.hu,origo.hu,2026-04-16,"Lövések dördültek egy szegedi benzinkúton, a rendőrség lezárta a helyszínt",https://www.origo.hu/kek-hirek/2026/04/lovesek-dordultek-egy-szegedi-benzinkuton
56a3dd06c024fec5b6079fb14db0cb24ff89214cf0c43a7f2389219cf1fc0662,2026-04-16 16:49:05.231191+00:00,hu,origo.hu,origo.hu,2026-04-16,Végre láthatjuk Daniel Day-Lewist: 9 év után itt tűnik fel a legendás színész,https://www.origo.hu/filmklub/2026/04/daniel-day-lewis-visszateres-szellorozsa
e489356a57d81777a00d13525dd279a2df872e573c004ad4bcfb70c22a74aa20,2026-04-16 16:48:51.364350+00:00,hu,origo.hu,origo.hu,2026-04-16,"Négy nő esett egymásnak az óvodában, közmunka lett a vége",https://www.origo.hu/kek-hirek/2026/04/verekedes-negy-no-esett-egymasnak-az-ovodaban
0f02ad441a3b448d0267df100dd0768ae8fc3099965233df0c038b9ee5b78b55,2026-04-16 16:48:37.122389+00:00,hu,origo.hu,origo.hu,2026-04-16,Lenyűgöző felvétel – hatalmas gólyacsapat érkezik Európába – videó,https://www.origo.hu/nagyvilag/2026/04/golyak-torokorszag-tavaszi-vonulas
5ee5038b32ec9919a578b0c10f2ee1dc04cdf3a30661de9ba97964579247be08,2026-04-16 16:09:44.810554+00:00,hu,blikk.hu,blikk.hu,2026-04-16,Szoboszlai lesz a nyertese a Liverpool és a Real Madrid párharcának: mesés gázsi ütheti a magyar focista markát,https://www.blikk.hu/sport/kulfoldi-foci/szoboszlai-dominik-fizetes-liverpool/ylhr8kj
d7184caec8bbfde845b86bb8104ae12357908d23436fb2f4df6094c3156e622c,2026-04-16 16:09:24.758292+00:00,hu,blikk.hu,blikk.hu,2026-04-16,Oroszország példátlan lépése: európai városokat és cégeket listázott katonai célpontokként a dróntechnológia miatt,https://www.blikk.hu/ferfiaknak/tech/fenyegeto-orosz-lista-europai-celpontok/0n41h76
36dfa0fa2c5aaac5f626b11a178c30686cc3b63e075acbcc92a7be93181f4a98,2026-04-16 16:08:54.068884+00:00,hu,blikk.hu,blikk.hu,2026-04-16,Száz kilométert tett meg a negyvenfokos hőségben a magyar lány – ez lett a vége,https://www.blikk.hu/aktualis/belfold/lubics-szilvi-szahara-270-kilometer-verseny-elso-hely-korosztaly/q8lv3t3
1aadc52d2a0b511ec6d13a824f27050a5d28afccde09092eacd59078d7a263c5,2026-04-16 16:08:21.396298+00:00,hu,blikk.hu,blikk.hu,2026-04-16,Milyen időjárásra számíthatunk a hétvégén? Most kiderül,https://www.blikk.hu/aktualis/belfold/idojaras-hetvege-nap-szel-gomolyfelho/vgzddy1
345285941028a6b311e339927e4cabc5dbee578a51f73a2952be0c0d5ab03fba,2026-04-16 16:07:38.337283+00:00,hu,blikk.hu,blikk.hu,2026-04-16,Teljesen kiakadt Séfek séfe Piró: „Mérhetetlenül csalódott vagyok”,https://www.blikk.hu/sztarvilag/hazai-sztarok/sefek-sefe-piro-licit-kiakadas/cfcht09
ca23fdae2d60de7ffddc34ff6630d69ff8fa1c130c588b58a2ac71f36f07958b,2026-04-16 16:02:40.858615+00:00,hu,index.hu,index.hu,2026-04-16,"Alighogy nyertek, máris mindenkit utcára hív a Tisza Párt",https://index.hu/belfold/2026/04/16/tisza-part-magyar-peter-koszonopult-forsthoffer-agnes-nagy-ervin/
961e30852993734758569d848b37d5f439b7c45e90fb62b747364e8710558f94,2026-04-16 16:02:36.004836+00:00,hu,index.hu,index.hu,2026-04-16,"Vonattal ütközött az autója, meghalt az osztrák válogatott korábbi kapusa",https://index.hu/sport/futball/2026/04/16/alexander-manninger-baleset-halal-osztrak-valogatott/
b61489b6c9836595d72606c8e7601b71dfe3ac6a7d8b93e1081036769721fb46,2026-04-16 16:02:24.828858+00:00,hu,index.hu,index.hu,2026-04-16,Meghódította Texast a magyar zongoraművésznő,https://index.hu/kultur/2026/04/16/fejes-krisztina-zongora-texas-koncert-/
4136c26ab22d9141b509022b541cee253cfd4b2172aa79b210b457dd6c33a958,2026-04-16 16:02:07.301696+00:00,hu,index.hu,index.hu,2026-04-16,Túlesett műtétjén a magyar válogatott támadója,https://index.hu/sport/futball/2026/04/16/barany-donat-mutet-magyar-valogatott-debrecen-bokaszalag-szakadas/
126de192c629bf6b7ae813c5df991338999873b77dd981b2ca0ff545f200a093,2026-04-16 16:02:02.807141+00:00,hu,index.hu,index.hu,2026-04-16,"Egy címeres gazemberért rajong a fél ország, Piszkos Fred „bűneit” most felolvassák",https://index.hu/kultur/2026/04/16/piszkos-fred-a-kapitany-rejto-jeno-p-howard-korcsmaros-momkult-kepregeny-eloadas/
42ed8e878df9823b67e638c96c7235d811768ace2bdbdaf0dfecc4d9025f4131,2026-04-16 16:01:56.853824+00:00,hu,index.hu,index.hu,2026-04-16,Őrizetbe vették Halásztelek fideszes polgármesterét,https://index.hu/belfold/2026/04/16/halasztelek-polgarmester-nagy-barnabas-orizetbe-vetel-orszaggyulesi-hivatala/
8bb827a383378ff418250abd3293f6e1dc162fdecb6524476af5326ce0149fa8,2026-04-16 16:01:49.420139+00:00,hu,index.hu,index.hu,2026-04-16,Teljes szerkezetcserével épül újjá a volt Körszálló,https://index.hu/gazdasag/2026/04/16/ujjaepites-korszallo-marriott-residences-budapest/
a27678034f5ab18a1e13e4cc0d6a3ec911b9ad4c761a366c12e9e9b6faccb919,2026-04-16 16:01:35.234752+00:00,hu,index.hu,index.hu,2026-04-16,Lövöldözés volt Szegeden: eldurvult két sofőr konfliktusa,https://index.hu/belfold/2026/04/16/szeged-avia-benzinkut-lovoldozes-rendorseg-soforok-konfliktus/
bfdd8e6b1e99ac7551e664126fc5b51855a918a759a7d2a2cfa33bd366d4327a,2026-04-16 16:01:30.975108+00:00,hu,index.hu,index.hu,2026-04-16,"Erős Antónia elárulta, milyen változás történt az RTL-nél a választás éjszakája óta",https://index.hu/mindekozben/poszt/2026/04/16/eros-antonia-rtl-hirado-valasztas-utan/
8d47bafac3493dde62b844f2247ed818ea872834e37c8cf8e3c8ccddd0a79d05,2026-04-16 16:01:25.172114+00:00,hu,index.hu,index.hu,2026-04-16,Testvére segítségével élete eddigi legjobb eredményét érte el a magyar tehetség Ausztriában,https://index.hu/sport/2026/04/16/ifj-sarkozi-richard-golf-audi-circuit-2026-pro-golf-tour-interju/
6387b0f893c16e1484684fadbdb63225ec5c048bd39b53b5fb7badf7ed9f789d,2026-04-16 16:01:19.826812+00:00,hu,index.hu,index.hu,2026-04-16,Szijjártó Péter szerint nem daráltak le semmit,https://index.hu/belfold/2026/04/16/szijjarto-peter-fidesz-valasztas-valasztas-2026-kulugyminiszterium-dokumentum-daralas-oroszorszag/
4ab12e8cbaa374d152e5236d4f5eb9b02eb93365d355c010ecbd60948c4a4834,2026-04-16 16:01:15.195214+00:00,hu,index.hu,index.hu,2026-04-16,Magyar Péter egy mondattal durván megrángatta a Molt,https://index.hu/gazdasag/2026/04/16/reszvenypiac-tozsde-reszvenyarfolyam-mol-bux-bet-magyar-peter-hernadi-zsolt/
a4c170810d58d21cd3a9260070d6d33ae880e99237d00945d2908d19fb0910a6,2026-04-16 16:00:51.482540+00:00,hu,index.hu,index.hu,2026-04-16,"Az Európai Bizottság bejelentette, miről fog tárgyalni Magyar Péterrel pénteken",https://index.hu/kulfold/2026/04/16/europai-unio-europai-bizottsag-magyarorszag-magyar-peter-delegacio-targyalas-unios-forrasok-orban-viktor-oroszorszag/
1c2b8acf9b1e7c6bf450cf56dc2058244df82e397d99ed6fd153b7dc38b96e98,2026-04-16 16:00:44.920946+00:00,hu,index.hu,index.hu,2026-04-16,"A Karmelita kolostor évezredes története, ahol hét szűk esztendő jutott az Orbán-kormánynak",https://index.hu/belfold/2026/04/16/karmelita-kolostor-miniszterelnokseg-kikoltozes-magyar-peter-varszinhaz/
e503dbb172be91d0fceb4abc068a0a0a459d799c821b737235e522e652eb5e7e,2026-04-16 16:00:34.690680+00:00,hu,index.hu,index.hu,2026-04-16,"Átszervezés a TV2-nél, megszűnik Szalai Vivien hírigazgatói posztja",https://index.hu/belfold/2026/04/16/tv2-szalai-vivien-atalakitas-hirigazgatoi-poszt-vaszily-miklos-tenyek-mokka/
e12cc04843290f137a0b5b4393733433aea09b84d8c1c951ca87948dd23e5db8,2026-04-16 15:52:20.332037+00:00,hu,blikk.hu,blikk.hu,2026-04-16,"Zsíros parlamenti kamuállást intézett anyjának Halásztelek lecsukott polgármestere, tizenkét év börtönt is kaphat",https://www.blikk.hu/aktualis/belfold/fiktiv-foglalkoztatas-polgarmester-halasztelek/k4bb1wf
c88cf73f179f6ee428b1bbb34222ddf9e1c70000610444b97577ecd5400ce19e,2026-04-16 15:52:15.422806+00:00,hu,blikk.hu,blikk.hu,2026-04-16,Egyetlen szavazással hatalmas vagyonokat szerezhet vissza a tiszás kétharmad,https://www.blikk.hu/politika/magyar-politika/tisza-part-mcc-ketharmad-allami-vagyon-visszaszerzes/f617sjd
b96041e8820289bfe6c66664ef5a80342c998aa4a7642186beebe5057c1ae739,2026-04-16 15:51:42.993589+00:00,hu,blikk.hu,blikk.hu,2026-04-16,Magyar Péter rendőri védelme – megszólalt a leendő miniszterelnök a főkapitányi felajánlásról!,https://www.blikk.hu/politika/magyar-politika/magyar-peter-rendori-vedelem/llxfmgt
58231de561a6bf67006da83907884ee56c62f108ea335cdf8dd4d77e8b9d681c,2026-04-16 15:51:25.921812+00:00,hu,blikk.hu,blikk.hu,2026-04-16,"Gyászol a futballvilág: autója vonattal ütközött, 48 évesen meghalt az Arsenal egykori sztárkapusa",https://www.blikk.hu/sport/kulfoldi-foci/alexander-manninger-meghalt-baleset/4fn4g9s
9d64a25a6af110f0e9fc3d91f6ef26664c38c0788a0311de24e8572914e613f1,2026-04-16 15:51:17.441605+00:00,hu,blikk.hu,blikk.hu,2026-04-16,Harry herceg őszintén vallott Diana elvesztéséről és a gyász feldolgozásáról,https://www.blikk.hu/sztarvilag/nemzetkozi-sztarok/harry-herceg-gyasz-ausztralia/06rwz0g
a86a07c7057aac4a9e89c0c869d59bc3a48222420f5bfa105ed5e227b1cd3c98,2026-04-16 15:51:12.823849+00:00,hu,blikk.hu,blikk.hu,2026-04-16,Kétszer vont le pénzt az OTP az ügyfelei számlájáról,https://www.blikk.hu/gazdasag/penz/otp-szamla-levonas-penz-hiba/n06td3d
cbaecd402b3c60189cd4f414e6bfdedde393878a9e241825bf6974cd314f3eb8,2026-04-16 15:50:44.714140+00:00,hu,blikk.hu,blikk.hu,2026-04-16,"Mosolyogva üzent a vesztes szekszárdi fideszes képviselő, akiről azt pletykálták, felakasztotta magát",https://www.blikk.hu/politika/magyar-politika/horvath-istvan-szekszard-ongyilkossag-fidesz-pletyka/7x5hjfp
9f756b9d9a99d5697d5f737e6e2d9a1504c320bd3849d7eecc82eb06184f5a3e,2026-04-16 15:46:16.362912+00:00,hu,origo.hu,origo.hu,2026-04-16,"Fürdőzőket sodort el az áramlat, tragédia történt",https://www.origo.hu/nagyvilag/2026/04/tengeri-aramlat-halal-visszahuzo-aramlat-veszelyei
952ce5bfdbeb697473100c9ef59ebc1dc743e741de6de3874d872bc43cfd6700,2026-04-16 15:46:04.142894+00:00,hu,origo.hu,origo.hu,2026-04-16,Őrizetbe vették Halásztelek polgármesterét: 13 milliót csalhattak el fiktív foglalkoztatással,https://www.origo.hu/kek-hirek/2026/04/halasztelek-polgarmesteret-orizetbe-vettek
6e9600dcb6b0ec812ece41c0b280297e01d307810bfce9da74a661abed43b3a9,2026-04-16 15:45:59.079118+00:00,hu,origo.hu,origo.hu,2026-04-16,Hadházy a Tisza-kormányban? Feltételekkel segítene a leköszönő képviselő,https://www.origo.hu/belpol/2026/04/hadhazy-akos-tisza-part-kormany-feltetel-segitseg
c23f4cd50deb034fff2a74ce280fe193d11435082136469128665cfb7e2c098b,2026-04-16 15:34:48.381552+00:00,hu,blikk.hu,blikk.hu,2026-04-16,Lövöldözés volt Szegeden egy benzínkúton,https://www.blikk.hu/aktualis/belfold/szeged-lovoldozes-benzinkut-auto/rb3qstz
f664eb291e26f99c4674963c3778a270d28b85852cba4ecf1b227ed840669c67,2026-04-16 15:10:42.434184+00:00,hu,blikk.hu,blikk.hu,2026-04-16,Alec Baldwin a Rust-tragédia után: felhagyna a színészettel,https://www.blikk.hu/sztarvilag/nemzetkozi-sztarok/alec-baldwin-visszavonulas/4q5jn50
7f6a22adf04851d368a7d44629ad4def0f1fc3cbdc6e5d0c220bf33903b8ea2b,2026-04-16 15:09:46.325209+00:00,hu,blikk.hu,blikk.hu,2026-04-16,Fagyálló kerülhetett a szombathelyi kórház vízhálózatába,https://www.blikk.hu/aktualis/belfold/fagyallo-szombathely-fagyallo-viz-elzaras-veszelyhelyzet/r3wkqzd
5cf25b35915f87b73274aeaf501aede1fc338492bc0257fc1a20cd215e4077f5,2026-04-16 15:08:58.077306+00:00,hu,blikk.hu,blikk.hu,2026-04-16,"Videón a brutális baleset, levegőbe repült a biciklis, akit elütött egy autó",https://www.blikk.hu/aktualis/belfold/biciklis-baleset-repulo-video/2w2fssf
4204a032a95ec53db7d0cc3cc6c8af38ef79802853f9e98d0fdd71396950389b,2026-04-16 15:08:46.255479+00:00,hu,blikk.hu,blikk.hu,2026-04-16,Pech a futballválogatottban: Bárány Donát bokaszalag-szakadás miatt hosszabb kihagyásra kényszerül,https://www.blikk.hu/sport/magyar-foci/barany-donat-serules-mutet/64jkth1
51fe1de7fd46aeca4d0fb0a77fafc9757929db5226c1ff839fa2ca0bf2549199,2026-04-16 15:08:33.455032+00:00,hu,blikk.hu,blikk.hu,2026-04-16,Új korszak jöhet: az EU korhatár-ellenőrző appja globális mintává válhat,https://www.blikk.hu/ferfiaknak/tech/eu-online-alkalmazas-korhatar/1912skl
c347fca12a093fc82ddfd312eb6eac7ba8963dabdf63b18f2e0785e822d8eb2f,2026-04-16 14:59:51.933359+00:00,hu,blikk.hu,blikk.hu,2026-04-16,Hétvégén nem közlekednek a vonatok a Balaton északi partjára Székesfehérvártól,https://www.blikk.hu/aktualis/belfold/balaton-hetvege-eszaki-part-vonatok-kozlekedes/k7jr4eq
4c8603413c6ed20f351f6b892ddacbee0783a578aa1bf686cb92d07df53b8e45,2026-04-16 14:59:08.153501+00:00,hu,blikk.hu,blikk.hu,2026-04-16,"Horrorbaleset Dunaszerdahelyen: vonat szakított ketté egy teherautót, egy ember szörnyethalt, rengeteg a sérült – videó, fotók",https://www.blikk.hu/aktualis/veszhelyzet/dunaszerdahely-vonat-baleset-teherauto/b5b5qn3
27ac04ebf459ab2e000d12e55c5d2d2b984cc17207492090cbdc203b1d7977ec,2026-04-16 14:59:03.446550+00:00,hu,blikk.hu,blikk.hu,2026-04-16,"Ha hív a természet a dugóban: itt az autós vécé, ami mindent megváltoztathat!",https://www.blikk.hu/auto/wc-auto-kinai-szabadalom/mhtgv5t
55a986775c10fcc4b36f86bac86e8c3a864d4840f7b8dc5e5c8e18cd62523a7a,2026-04-16 14:58:50.039959+00:00,hu,blikk.hu,blikk.hu,2026-04-16,"Mostantól itt találja meg Totót, a balatoni sztárhattyút",https://www.blikk.hu/aktualis/belfold/elkoltozott-toto-a-balatoni-sztarhattyu-siofok-bella-allatpark/tctjcdk
c9a1e86dd14266e1eff313755e9a71e42a74f3a1c7c9aa558eaf06d054bba923,2026-04-16 14:58:40.574582+00:00,hu,blikk.hu,blikk.hu,2026-04-16,"Távozik a TV2 hírigazgatója, Szalai Vivien",https://www.blikk.hu/sztarvilag/hazai-sztarok/szalai-vivien-hirigazgato-tv2-tavozik/6wqwr1t
fd58fdd43175ea37be7102da0f6ef37a4927e6fe2a5fb540d22ad0b68f6d15b7,2026-04-16 14:45:56.678586+00:00,hu,blikk.hu,blikk.hu,2026-04-16,A blokád alá vont Hormuzi-szoroson próbálnak átjutni hajók,https://www.blikk.hu/aktualis/kulfold/tanker-hajo-usa-iran-blokad-tiltas/nj8484x
2927f638cfb1adee6618f206dad8543ff8f5e57e8a927752a3c16d62e7c6f8f9,2026-04-16 14:45:03.387676+00:00,hu,blikk.hu,blikk.hu,2026-04-16,"A nyolc olimpiai aranynál is nagyobb öröm: babát vár az új-zélandi kajakkirálynő, aki a mieinket is többször legyőzte",https://www.blikk.hu/sport/lisa-carrington-terhes/82e04jh
771935fd59409d8b35da06aa0a535b0924137e52a68dbc496835749ccab175a4,2026-04-16 14:42:04.677814+00:00,hu,index.hu,index.hu,2026-04-16,Botrányok és egy végzetes hiba: így csúszott ki a győzelem a Fidesz kezéből,https://index.hu/belfold/2026/04/16/korrupcio-matolcsy-gyorgy-mnb-urizalas-fidesz-orban-viktor/
2d3a3687138b655526cfb9534478f8814be2315fa0cf6ab70c5b1d29c34a8591,2026-04-16 14:41:59.956110+00:00,hu,index.hu,index.hu,2026-04-16,"A bajnoki cím kapujában a Bayern München, női edzővel kerülnék el Schäferék a kiesést",https://index.hu/sport/futball/2026/04/16/bundesliga-30.-fordulo-bayern-munchen-rb-leipzig-union-berlin-marie-louise-eta-beharangozo/
e26b38a357e45fbb84f3a5ece3cf4af161002343cc7a24f3a94122b8cd87a406,2026-04-16 14:41:55.935814+00:00,hu,index.hu,index.hu,2026-04-16,"Alec Baldwin bejelentette, hogy visszavonul, nem is akármilyen okból",https://index.hu/mindekozben/poszt/2026/04/16/alec-baldwin-szinesz-visszavonulas/
72f87b185f845aacbd6510042cec10972d60b5062a8068b6fce6e44c7fbece71,2026-04-16 14:41:50.937107+00:00,hu,blikk.hu,blikk.hu,2026-04-16,Több mint 150 embert vert át nem létező autóalkatrészekkel egy 25 éves férfi,https://www.blikk.hu/aktualis/belfold/autoalkatresz-internetes-csalas-lebukott/qp5fy3b
3631af426e16d446c27159bcd0c48661a3136d46444f9f4895d89ef0322db24f,2026-04-16 14:41:45.884173+00:00,hu,blikk.hu,blikk.hu,2026-04-16,Elhunyt Somlai Miklós,https://www.blikk.hu/sport/somlai-miklos-meghalt-okolvivas-gyasz/srz3q60
65e704486235960a614a4a79368cbd9cf166cd5e0d57070eab224ac5dac38ce8,2026-04-16 14:41:41.172451+00:00,hu,blikk.hu,blikk.hu,2026-04-16,Nehéz évek után új életet kezdett Csollány Szilveszter özvegye: rátalált a szerelem Juditra,https://www.blikk.hu/sztarvilag/hazai-sztarok/csollany-szilveszter-ozvegye-uj-szerelem/nc0h7ny
e8b503bd8d1ee24d4ea63778ccb7a51bf809a625406fe7dede25d66e4230813f,2026-04-16 14:41:39.022118+00:00,hu,index.hu,index.hu,2026-04-16,Fagyálló kerülhetett a szombathelyi kórház vízvezetékeibe,https://index.hu/belfold/2026/04/16/vas-varmegye-szombathely-markusovszky-korhaz-fagyallo/
c3d7fe06067d980eb11472929fbe21c29edc7ef9f5b2b49dcb5d2625bed234b3,2026-04-16 14:41:34.051167+00:00,hu,index.hu,index.hu,2026-04-16,"Egyre nagyobb bajban a Kutyapárt, itt tart jelenleg a pénzgyűjtésük",https://index.hu/belfold/2026/04/16/valasztas-2026-mkkp-magyar-ketfarku-kutya-part-adomanygyujtes-tamogatas/
b4c63bd69403a4b6e5adb3e06dc3f8277a97e62baeea516ded11934f496fd86c,2026-04-16 14:41:26.116619+00:00,hu,blikk.hu,blikk.hu,2026-04-16,Hegedűs Zsolt megszólalt a világhírűvé vált Tisza-győzelmi táncáról és az önálló egészségügyi szakminisztériumról is,https://www.blikk.hu/politika/magyar-politika/dr-hegedus-zsolt-tanc-egeszsegugy/ten19gd
a929807b5b82c0cb566a3904699024fee48e30b18774c75f348deee221537b21,2026-04-16 14:41:19.075273+00:00,hu,blikk.hu,blikk.hu,2026-04-16,"Dér Heni: „A múltam láncát eldobom, már a széllel szemben nem kell szállnom”",https://www.blikk.hu/sztarvilag/hazai-sztarok/der-heni-facebook-reels-video/7tj3vht
dce9ee5134158ba13cccb2228bba453117dd5c4eb84744a6708d8c6d6a526fc2,2026-04-16 14:41:14.837803+00:00,hu,index.hu,index.hu,2026-04-16,"Nagytakarítás kezdődhet Liverpoolban, akár kilenc játékos is távozhat a nyáron",https://index.hu/sport/futball/2026/04/16/liverpool-angol-bajnoksag-premier-league-jatekosok-tavozasa-alexis-mac-allister-curtis-jones/
7c71a92ad6842117b3ccb0cb338b790d78cb92fdbfe3414c470a50c0dda4ed2f,2026-04-16 14:41:13.953195+00:00,hu,blikk.hu,blikk.hu,2026-04-16,A választás után rögvest lépett a minisztérium a gyermekvédelem kapcsán,https://www.blikk.hu/aktualis/belfold/gyermekvedelem-hianyzo-adatok-hintalovon-alapitvany/v9w9myf
ffd3ddec25df45d623cb1d9cf821a81da2fb549e07a7ccc04515e7074ae7015f,2026-04-16 14:41:09.679387+00:00,hu,index.hu,index.hu,2026-04-16,Vidnyánszky Attila egyelőre kivár a Nemzeti Színház új évadának kihirdetésével,https://index.hu/kultur/2026/04/16/vidnyanszky-attila-nemzeti-szinhaz-valasztas-2026-evad-reakcio-igazgato/
ff5fc841dec24d5c17ea8654f528356d3d33018e6e4fe0d9b9b9164274a67556,2026-04-16 14:41:09.060420+00:00,hu,blikk.hu,blikk.hu,2026-04-16,"Radics Gigi szakít a kompromisszumokkal, új korszakot indít",https://www.blikk.hu/sztarvilag/hazai-sztarok/radics-gigi/vb798qj
3f93cdf9917d8957ca234507a9035ecb2fa410632299d05cb0723ac4afa5dff6,2026-04-16 14:41:04.083083+00:00,hu,blikk.hu,blikk.hu,2026-04-16,Pécsi Ármin távozhat a Liverpooltól – az egyik legnagyobb európai klubhoz kerülhet,https://www.blikk.hu/sport/kulfoldi-foci/pecsi-armin-liverpool-sevilla/2khl7sf
51a0eee428cb596bdefb5b31463be65cdcad2e7d3bec8b44773376a06ac5d167,2026-04-16 14:41:01.932992+00:00,hu,index.hu,index.hu,2026-04-16,Nem engedélyezett adalékanyag miatt hívták vissza a nádcukrot a polcokról,https://index.hu/belfold/2026/04/16/termekvisszahivas-tesco-nadcukor-nemzeti-kereskedelmi-es-fogyasztovedelmi-hatosag/
90c704f2098fa62732d83406c698e7734b8db4d34bc1d8281700f98ad00378e8,2026-04-16 14:40:59.337257+00:00,hu,blikk.hu,blikk.hu,2026-04-16,"Ha ilyet használt, nagy bajban lehet: több mint száz Chrome-bővítményről derült ki, hogy lopkod – itt a teljes lista",https://www.blikk.hu/ferfiaknak/tech/google-chrome-bovitmenyek-adatlopas/m5p35v8
a58a65f221f9a2fc717deef5fe418982c1ab54af8a9d0822a49cec8763e99e02,2026-04-16 14:40:56.464369+00:00,hu,index.hu,index.hu,2026-04-16,"Börtönnel fenyegették, most köztársasági elnöknek jelölhetik Iványi Gábort",https://index.hu/belfold/2026/04/16/ivanyi-gabor-interju-eljaras-per-koztarsasagi-elnok/
20e74e7644fed6a343d5c90c90f3736fc4a6029d41f9dd87af42ba5f3ee21637,2026-04-16 14:40:54.490092+00:00,hu,blikk.hu,blikk.hu,2026-04-16,Közleményt adott ki Halásztelek önkormányzata az őrizetbe vett polgármesterről,https://www.blikk.hu/politika/magyar-politika/halasztelek-buncselekmeny-kozlemeny-onkormanyzat/f0jn282
1635ca6552f99b9503d2e0a9c419cf6c60bad718ac859f35d0268d7c768b460b,2026-04-16 14:40:51.497184+00:00,hu,index.hu,index.hu,2026-04-16,Topligás csapathoz állhat tovább a Liverpool magyar kapusa,https://index.hu/sport/futball/2026/04/16/pecsi-armin-liverpool-sevilla-atigazolasi-pletyka-as/
892820f55286c98902dfa0aa704d0996ccfccf56b8244a3b1221cee92a9cb0fd,2026-04-16 14:40:42.043458+00:00,hu,index.hu,index.hu,2026-04-16,Magyar Péter találkozik a Mol elnökével,https://index.hu/belfold/2026/04/16/magyar-peter-hernadi-zsolt-uzemanyagellatas-mol-mcc/
7a1ec562b0bbf8b9754d37df21c796d840b531905d2d1e2693ce4866c38194a5,2026-04-16 14:40:25.658935+00:00,hu,blikk.hu,blikk.hu,2026-04-16,Ezeknek a csillagjegy-párosoknak több türelemre van szükségük,https://www.blikk.hu/eletmod/lelek/horoszkop-csillagjegyek-problema-parkapcsolat/4xycrf4
7afa35001fdb181daf405753ecca84b9a4d1449c92d2b557a92309c296129519,2026-04-16 14:40:17.030015+00:00,hu,index.hu,index.hu,2026-04-16,Villogó fényszóróval hívott segítséget egy kutya Sopronban,https://index.hu/belfold/2026/04/16/rendorseg-sopron-kutya-fenyszoro-eletmentes/
074329e62440238d5e52bf135c17b98b5ac1db401008c6804f2302bac0f13d4f,2026-04-16 14:40:01.115820+00:00,hu,index.hu,index.hu,2026-04-16,Szabó Győző új videója kísértetiesen hasonlít Hegedűs Zsolt virálissá vált táncához,https://index.hu/mindekozben/poszt/2026/04/16/hegedus-zsolt-tanc-szabo-gyozo-video/
44f0423a5b1d1310fec1ee08fca307313ba00bd1b408820f42fe6349dd30dbec,2026-04-16 14:22:11.802053+00:00,hu,blikk.hu,blikk.hu,2026-04-16,Deutsch Tamás: „A tiszás győzelem az aranyeret is azonnal gyógyítja?”,https://www.blikk.hu/politika/magyar-politika/deutsch-tamas-tisza-part-valasztas/n1n0x0e
66e3ce55958b03e5c0b27456b4dee9b6ef7e8b78e95af089380277598b393d9a,2026-04-16 14:22:05.727445+00:00,hu,blikk.hu,blikk.hu,2026-04-16,Külföldieket is oktat az első robottal műtő magyar doktor,https://www.blikk.hu/aktualis/belfold/prof-dr-tenke-peter-robot-mutet-oktatas/1lr7kbq
7df2f579897d9ffcbe19340371dad6d531cd0ed83a9c60aa3c49c96edd49368a,2026-04-16 14:21:41.296632+00:00,hu,blikk.hu,blikk.hu,2026-04-16,"Vályi István betalálta Szujó Zoltánt, aki durván visszaszólt: „Az ízes tájszólással beszélő önjelölt megmondóember új szintre emeli a verbális agressziót”",https://www.blikk.hu/sztarvilag/hazai-sztarok/valyi-istvan-szujo-zoltan-vita/2xnkrb3
5df1f81ce19e38e02a46d97e6d1394db5f812dfe89432275ccda42875280398e,2026-04-16 14:21:27.889467+00:00,hu,blikk.hu,blikk.hu,2026-04-16,"Magyar Péter máris találkozik a Mol elnökével – egy fontos dolgot azonnal leszögezett, 25 milliárd forint a tét",https://www.blikk.hu/politika/magyar-politika/magyar-politika-hernadi-zsolt-mol/xp1wcty
c9ab48d1f9a60406ea960f7543bcd3e7160bebde874f8190c8b016ba8b6e878c,2026-04-16 14:21:23.566191+00:00,hu,blikk.hu,blikk.hu,2026-04-16,Az utolsó pillanatban menekült meg a békési pékség hívatlan vendége,https://www.blikk.hu/aktualis/belfold/pekseg-elaludt-kemence-rendorseg-elaludt-buntetoeljaras-drog/c7rdytk
677098cf4bbc34f838d17606459dc75e78df948bc5d8042cfbf923171f000dec,2026-04-16 12:57:02.170527+00:00,hu,origo.hu,origo.hu,2026-04-16,"230 milliós csalás van a patikus mögött, aki kijátszotta a rendszert",https://www.origo.hu/kek-hirek/2026/04/patikus-230-millios-csalas-van-mogott
6dc6af63cad82e1c2ed8565ab9c1f5ccdb465312993c2398a4e188a2d585e95b,2026-04-16 12:56:39.836965+00:00,hu,origo.hu,origo.hu,2026-04-16,Csalás: majdnem 20 millió forintot vettek le egy zalai cég számlájáról,https://www.origo.hu/kek-hirek/2026/04/csalas-zalai-ceg-20-millio-bank
9fc065272e38e5ea5e8ea96baeea79551e7677b235caf37a0516ae31b559ee32,2026-04-16 12:56:20.137117+00:00,hu,origo.hu,origo.hu,2026-04-16,Egyre nagyobb a balhé Szombathelyen az azbesztszennyezés miatt – megszólalt egy szakértő,https://www.origo.hu/itthon/2026/04/azbesztszennyezes-szombathely-oladi-plato-szakerto
4934fb831d80c977c71215cc20d5ead65809708536d4b0321c8057b13e90d154,2026-04-16 12:56:08.870978+00:00,hu,origo.hu,origo.hu,2026-04-16,Drámai pillanatok: fék nélkül száguldott egy busz Miskolcon! – videó,https://www.origo.hu/auto/2026/04/baleset-fekhiba-busz-miskolc
f3562e8ff7111a31ea1b8e930f335306e999dd2314ab51c6f2d328c71143adfe,2026-04-16 12:55:57.584678+00:00,hu,origo.hu,origo.hu,2026-04-16,Baleset: a levegőbe repült a biciklis az ütközés után – videón a brutális pillanat,https://www.origo.hu/kek-hirek/2026/04/baleset-biciklis-utkozes-video-brutalis
e56a766c9574a7f49b68a1ae1567e46b21f8b0a291c64f947174a5bb7428c9a4,2026-04-16 12:55:29.747307+00:00,hu,origo.hu,origo.hu,2026-04-16,Már tejünk sem lesz? Aggasztó probléma körvonalazódik a háttérben,https://www.origo.hu/tudomany/2026/04/h5n1-madarinfluenza-tehen-mutacio
4f2f5b821a33bc9dd029f6f0513954db46db2e0551663357d678528d43521035,2026-04-16 12:55:22.117886+00:00,hu,origo.hu,origo.hu,2026-04-16,Megdöbbentő felvétel látott napvilágot a nevető gyilkosról,https://www.origo.hu/nagyvilag/2026/04/gyilkossag-kabitoszer-kereskedelem-kes-rendor
e49c7d65dd24f14cf767d4c2849f1ac2d4548b9357e8040ec5a0f45cc518c3d2,2026-04-16 12:47:03.621338+00:00,hu,origo.hu,origo.hu,2026-04-16,Magyarország hétévnyi kőolaj-felhasználásával egyező mennyiséget veszített a piac,https://www.origo.hu/gazdasag/2026/04/hordo-olaj-430-millio
1de6356e1266b4e580bd24c018aec03c0ea0617cec552ea6e53ec85ca7d9c256,2026-04-16 12:46:58.326064+00:00,hu,origo.hu,origo.hu,2026-04-16,A szexi Jena Sims minden szögből megmutatta csodás testét a rajongóinak – galéria,https://www.origo.hu/sport/sport-laza/2026/04/szexi-jena-sims-brooks-koepka-feleseg-forro-fotok
403264b33993e7f52b15b980087e2dd6d408cddb469e0e73c5b8719d7aafb9f8,2026-04-16 12:46:53.534652+00:00,hu,origo.hu,origo.hu,2026-04-16,"Embercsempészet: kövekkel dobálták a rendőröket a határnál, súlyos büntetés lesz a jussuk",https://www.origo.hu/kek-hirek/2026/04/embercsempeszet-hatar-tamadas-rendorok
3da2e3964e01af17c419c8e55257a749df2f62681cbc864f6172bb274b4ef68e,2026-04-16 12:46:49.032301+00:00,hu,origo.hu,origo.hu,2026-04-16,Újabb fordulat a svájci szilveszteri pokolban: célkeresztben a tulajdonosok,https://www.origo.hu/nagyvilag/2026/04/svajci-tuzeset-szilveszteri-tragedia-vizsgalat
947418456c5817c36ff90c76802d93b1ece1f6928b8b980934e8d409f50c3ced,2026-04-16 12:46:43.964368+00:00,hu,origo.hu,origo.hu,2026-04-16,"Ki ez a szívtipró pasi, aki elrabolta korunk egyik legszebb nőjének szívét?",https://www.origo.hu/nagyvilag/2026/04/kendall-jenner-kapcsolat-jacob-elordi
29910018eecae0a973b285cd967913616990e87c5b49de60c37d1bbf8b1961f9,2026-04-16 12:46:38.453879+00:00,hu,origo.hu,origo.hu,2026-04-16,Varga Barnabástól várják a csodát a görögök a Konferencia-ligában,https://www.origo.hu/sport/sport-futball/2026/04/varga-barnabas-aek-athen-rayo-vallecano-golok-elvaras
71b02c179a42460ee93aa654e5b2af2ba1ac6f626a7e621b82407781db304b31,2026-04-16 12:46:33.353608+00:00,hu,origo.hu,origo.hu,2026-04-16,Hova tűnt Szijjártó Péter? Mutatjuk!,https://www.origo.hu/belpol/2026/04/szijjarto-peter-futas-blikk-telex
d9bd56b24c5240971e96d04219af597d0eee805b60895719d26f7ba2dacdce9c,2026-04-16 12:46:28.350637+00:00,hu,origo.hu,origo.hu,2026-04-16,Orbán Viktor rendkívüli bejelentést tett,https://www.origo.hu/belpol/2026/04/orban-viktor-csutortok-este-elso-interju-valasztas
5db88feff2e69a079c558485e1f1a22efb1d0d24e9a9d89cf89daa76d847f7bb,2026-04-16 12:46:23.441811+00:00,hu,origo.hu,origo.hu,2026-04-16,Halálos budapesti száguldás: ezek miatt történtek tragédiák!,https://www.origo.hu/auto/2026/04/halalos-varosi-szaguldas-ezek-miatt-tortentek-tragediak
44cff1afe979658cd9d2da8377e6ee138065bfdaccba0546d1abca88dd5b6ac5,2026-04-16 12:46:20.407430+00:00,hu,blikk.hu,blikk.hu,2026-04-16,"Diószegi László elmondta, ez vár a focicsapatára a választás után",https://www.blikk.hu/sport/kulfoldi-foci/dioszegi-laszlo-sepsi-osk-tamogatas/66pkex8
2944ab1b92eb6bc1f85ae946ee8fb7eb8e7274cb0c7389f87f25b47ef46eee51,2026-04-16 12:46:19.106162+00:00,hu,origo.hu,origo.hu,2026-04-16,"Semmi nem maradt a teherautóból, a sofőr azonnal életét vesztette a vonatbalesetben – videó",https://www.origo.hu/kek-hirek/2026/04/vonatbaleset-semmi-nem-maradt-a-teherautobol
071a1efb98c6863b1ff459ec285ac69ef8bc0c12cdbe18edfed783c6caafa131,2026-04-16 12:46:13.425406+00:00,hu,origo.hu,origo.hu,2026-04-16,"Hajszálon múlt a tragédia, de a macska megmentette gazdája életét",https://www.origo.hu/nagyvilag/2026/04/macska-eletementes-szamitogep
26986d846b3eb6534139c69d3a7bf4f806469d413a613c3541fe3d83659b8df1,2026-04-16 12:46:08.416040+00:00,hu,origo.hu,origo.hu,2026-04-16,Versenyt futott egy budapesti villamossal a magyar világbajnok,https://www.origo.hu/sport/sport-egyeni/2026/04/horvath-laura-villamos-budapest-legfittebb-no-video
9a8888df2f36095317aec9ce84448f4034bc0c8694c5468b22932f96060bf0e6,2026-04-16 12:46:03.338516+00:00,hu,origo.hu,origo.hu,2026-04-16,"Vinícius eltűnt a BL-kiesés után, megdöbbentő pletyka terjed róla",https://www.origo.hu/sport/sport-futball/2026/04/vinicius-botox-doppingellenorzes-csapatbusz-real-madrid
7d30cfd509c89693b6b1459096ea8a99837098139cb1038f071416fb7061a0b0,2026-04-16 12:45:58.301858+00:00,hu,origo.hu,origo.hu,2026-04-16,"Komoly ügy bontakozik ki, már a polgármester érintettségét is vizsgálják",https://www.origo.hu/kek-hirek/2026/04/polgarmester-komoly-ugy-bontakozik-ki
a8adc0ab3605b4a758b9bc1b9ff0e44622ea83423688bdf406ba7594ce7588fc,2026-04-16 12:45:53.833136+00:00,hu,blikk.hu,blikk.hu,2026-04-16,Beérkeztek a külképviseleti urnák: most kezdődik a szavazatok szétválogatása,https://www.blikk.hu/politika/magyar-politika/kulkepviselet-urna-szavazatok-szamolas/8mldh0m
602302a94bf731af212e91e06761f7ab85097f5a465a2a34f97ee696fe088e0e,2026-04-16 12:45:53.278622+00:00,hu,origo.hu,origo.hu,2026-04-16,"Nem fizetett a tulajdonos, ezért bosszúból egy egész konténernyi szemetet öntöttek az udvarába",https://www.origo.hu/nagyvilag/2026/04/szemetet-ontottek-az-udvaraba-mert-nem-fizetett
c16d358a09c868f5ebc49daecd710675f9a58b49e3e199b03e42d9e00dffc7a8,2026-04-16 12:45:48.299600+00:00,hu,origo.hu,origo.hu,2026-04-16,Durva dolog derült ki Macron kapcsán – a palotája sötét sarkában sírdogálhat,https://www.origo.hu/kulpol/2026/04/emmanuel-macron-utodja-franciaorszag
709329d93e323f5d4c2bedae0d149b7f20fdfe4ede5bd0422d6b96d54bd99363,2026-04-16 12:45:44.343011+00:00,hu,origo.hu,origo.hu,2026-04-16,35 éves a SPAR Magyarországon - egy lakást is nyerhetünk a jubileum játékán,https://www.origo.hu/itthon/2026/04/spar-35-eves-lakast-is-nyerhetunk-a-jubileum-jatekan
39927a3798168d1a96ef9e9fe9d196d4ce868cb9a3fe3ece32c46485ce77330b,2026-04-16 12:45:43.330040+00:00,hu,blikk.hu,blikk.hu,2026-04-16,Rubint Rella megvette az első saját házát: így költözött el a válás után Novothny Somától – „Ez egy fájdalmas szakítás volt”,https://www.blikk.hu/sztarvilag/hazai-sztarok/rubint-rella-sajat-hazvasarlas-uj-otthon/pd977px
fa95f8c6fe9fae479a2aa9c6a1207144a8b3597c91814c67d31ab7fb16e860a4,2026-04-16 12:45:38.328269+00:00,hu,origo.hu,origo.hu,2026-04-16,Fényjelekkel hívta fel magára a figyelmet a négylábú hős,https://www.origo.hu/kek-hirek/2026/04/eletmento-fenyjelekkel-hivta-fel-magara-a-figyelmet
70f10c86b32c3b361641acd486dcb00c1784cb0e49a4fdeebca3414b9312b87b,2026-04-16 12:45:34.877706+00:00,hu,blikk.hu,blikk.hu,2026-04-16,"Több év után kitálalt Király Viktor: kiderült, ivott-e a Megasztár és a Voice alatt",https://www.blikk.hu/sztarvilag/hazai-sztarok/kiraly-viktor-alkoholizmus-megasztar-voice/rc2h7fx
6689644ffb745ec01649076304398c83598361be1f0160556955912a4c73b4c4,2026-04-16 12:45:34.013715+00:00,hu,origo.hu,origo.hu,2026-04-16,Közbiztonsági vészhelyzet: 179 foglyot engedtek szabadon tévedésből Nagy-Britanniában,https://www.origo.hu/nagyvilag/2026/04/foglyok-szabadon-engedese-anglia-wales-hiba
4b73f0927bb896687420386e26bb5f5b6393de095c69a48020ad99f59ae9be57,2026-04-16 12:45:28.286961+00:00,hu,origo.hu,origo.hu,2026-04-16,Újabb lépést tett a Forma-1 felé az egyik legtehetségesebb magyar autóversenyző,https://www.origo.hu/sport/f1/2026/04/molnar-martin-magyar-autoversenyzo-forma-3-gb3
92053b92a9b321722ed944e246776c0c1be189a8e6c8a49a513885a4fa7002ce,2026-04-16 12:45:23.551522+00:00,hu,origo.hu,origo.hu,2026-04-16,Erre senki sem számított! Váratlan esemény szakította félbe az Exatlont,https://www.origo.hu/itthon/2026/04/exatlon-hungary-forgatas-wada-doppingellenor
b0bdb793d9abfad8db8d90cab0356a57fe906ac973e92966aa948e51e877be5f,2026-04-16 12:45:20.294098+00:00,hu,blikk.hu,blikk.hu,2026-04-16,"Breaking! Őrizetbe vették a fideszes halásztelki polgármestert, Nagy Barnabást",https://www.blikk.hu/aktualis/belfold/halasztelek-polgarmester-orizet/r748b8r
0755f9add845f543ee75887cf704f95e41169d4280274274dab5e6f163d39442,2026-04-16 12:45:18.533817+00:00,hu,origo.hu,origo.hu,2026-04-16,"Meglepő, meddig áll el a főtt csirkehús: itt a válasz!",https://www.origo.hu/gasztro/2026/04/meglepo-meddig-all-el-a-fott-csirkehus-itt-a-valasz
a0cd444c51547e8138c1c1617f522eb53edd5c66b4f70840e2483342da7152e1,2026-04-16 12:45:14.466583+00:00,hu,blikk.hu,blikk.hu,2026-04-16,Gyűjtői kincs lett a kampányból! Brutális árakon mennek a plakátok,https://www.blikk.hu/politika/magyar-politika/elado-valasztasi-plakatok-nagy-ervin/48btz9h
07843c0b620179da6d64646a5be04e082816a63c903367cd30266762e44ea13b,2026-04-16 12:45:13.371800+00:00,hu,origo.hu,origo.hu,2026-04-16,"Szökés: videón, ahogy hátrabilincselt kézzel verte át a zsarukat – hajtóvadászat indult",https://www.origo.hu/kek-hirek/2026/04/szokes-video-bilincs-rendorauto-no-video
05e5c1b9f9857b0d1bc449f91c240be6f42d7b4a6d060f4288831cfd30125896,2026-04-16 12:45:08.434277+00:00,hu,origo.hu,origo.hu,2026-04-16,Súlyos bombariadó miatt lezártak két bevásárlóközpontot – az állam megdöntésével fenyegetőznek,https://www.origo.hu/nagyvilag/2026/04/bombariado-szarajevo-boszniai-elnok-fenyegetes
291a0252e64d4d6244661b2767514d404ec47ae0028dcad73776e2d4f2ffc797,2026-04-16 12:45:05.798328+00:00,hu,blikk.hu,blikk.hu,2026-04-16,"Egy autóban ülő kutya villogtatott a fényszóróval Sopronban – így jelzett a rendőröknek, hogy a gazdája nagy bajban van",https://www.blikk.hu/aktualis/belfold/sopron-kutya-eletmentes-fenyszoro-rendorseg/5qls4z0
6c01da2721704742cb8edb0431e9982785002d12d67b6be896f6892cf0ec4985,2026-04-16 12:45:03.377072+00:00,hu,origo.hu,origo.hu,2026-04-16,Szívszorító! Így néz ki ma Gesztesi Károly sírja,https://www.origo.hu/itthon/2026/04/gesztesi-karoly-szinesz-sir-evfordulo
c6fd9c36faf676870e8d3d2ae21769a086e29010f91157fa45dd598c3ac72d66,2026-04-16 12:44:58.879484+00:00,hu,origo.hu,origo.hu,2026-04-16,"Kiderült, miért változnak vérengző fenevaddá a barátságos kutyák",https://www.origo.hu/tudomany/2026/04/agressziv-kutya-rejtett-betegsegek
309826632157dcd3162fb0285579805070f7a9d786f9c0c4e5a951d6d0991579,2026-04-16 12:44:54.993371+00:00,hu,origo.hu,origo.hu,2026-04-16,Majka meglepő dolgot árult el legjobb barátjáról,https://www.origo.hu/itthon/2026/04/majka-papai-joci-baratsag-politika
b6e9c12ac1eba9c9fcecf85135210ac01c08bf9aa4296d2a1068bdbf7b51c483,2026-04-16 12:44:44.470012+00:00,hu,blikk.hu,blikk.hu,2026-04-16,9 millió forintos bírságot szabott ki a versenyhivatal a népszerű magyar TikTok-sztárra,https://www.blikk.hu/sztarvilag/hazai-sztarok/forstner-csenge-gvh-birsag-milliok/68fq3nw
74287ebfb6064faa81bb8722f3320c12d917d40fff70d8c531c6b51967d8054c,2026-04-16 12:44:36.460204+00:00,hu,origo.hu,origo.hu,2026-04-16,Erről minden kisgyerekes szülőnek tudnia kell,https://www.origo.hu/techbazis/2026/04/gyerek-kepernyoido-javaslat-brit-kormany
692ddffaccd413d8d856e88a57850ddad70ec17dc0471474964bf88373bcfd2c,2026-04-16 12:28:13.881157+00:00,hu,index.hu,index.hu,2026-04-16,Az iskolából hazafelé menet nyoma veszett egy fiatal lánynak Budapesten,https://index.hu/belfold/2026/04/16/eltunt-lany-budapest-szell-kalman-ter-lorincz-elizabet-diana/
f5516e0813f75498594551c92b4d794285250231c189ae70d83c0983c649999b,2026-04-16 12:28:09.950056+00:00,hu,index.hu,index.hu,2026-04-16,A választások után először szólal meg Orbán Viktor,https://index.hu/belfold/2026/04/16/orban-viktor-valasztas-2026-fidesz-interju-patriota/
977d1bb4e35e58ad6cb8d84eb91d968a26a5b735974b7ea6c3f1d65f7a5d20ac,2026-04-16 12:23:03.356762+00:00,hu,blikk.hu,blikk.hu,2026-04-16,Hideg zuhany a választási bukás másnapján: több dolgozójától is megvált a Demokratikus Koalíció,https://www.blikk.hu/politika/magyar-politika/valasztasok-demokratikus-koalicio-bukasa-elbocsajtas/n8s6724
7002ea425d2a47e653fc30f8470640233b8b88bd54b33b196e1901085392847d,2026-04-16 12:22:56.201382+00:00,hu,blikk.hu,blikk.hu,2026-04-16,"Eltűnt egy 12 éves lány Budapesten, a Széll Kálmán téren látták utoljára a barátai",https://www.blikk.hu/aktualis/krimi/eltunes-kislany-budapest-szell-kalman-ter/rx1l1d1
b2d6341871eb83f0df70700df9fa4f32ab91e01363abdb0e40cec5c2ad712b63,2026-04-16 12:22:10.576388+00:00,hu,blikk.hu,blikk.hu,2026-04-16,Szankciót szabott ki a közmédiára a Médiatanács,https://www.blikk.hu/aktualis/belfold/mediatanacs-kozmedia-szankcio/mxljr44
26667c9a37163c1bead50573dfa81eab9c088e10a26892992755874d02662f66,2026-04-16 12:22:05.589452+00:00,hu,blikk.hu,blikk.hu,2026-04-16,"Úgy viharzik ki Csányi Sándor Rónai Egontól, hogy ott sem volt – Szélmalomharcot vív az ATV műsorvezetője a kamuvideók ellen",https://www.blikk.hu/sztarvilag/hazai-sztarok/ronai-egon-ai-hamis-video/1e3rxpf
7a2bc3295238cbabb010dd571b339480c70d3a986c3c08c14b44f96f652f9c01,2026-04-16 12:21:44.784391+00:00,hu,blikk.hu,blikk.hu,2026-04-16,Orbán Viktor visszatér,https://www.blikk.hu/politika/magyar-politika/orban-viktor-fidesz-valasztas-interju/m69dnbx
bbc3974a7d87e93613d4c927f7d6779c6f37a069c0423aa2d1b3f9a82f143c3c,2026-04-16 12:21:27.995238+00:00,hu,blikk.hu,blikk.hu,2026-04-16,Iskolai reform Svédországban: a könyv az új laptop,https://www.blikk.hu/aktualis/kulfold/svedorszag-iskola-mesterseges-intelligencia-oktatas/fbm6989
4f897f86383e6d448aa722640db1123ef62e314ed79807f05a13187188844ec5,2026-04-16 12:21:09.472822+00:00,hu,blikk.hu,blikk.hu,2026-04-16,Elítélték a Mercedes sofőrjét: a zebrán elütött gyalogos 22 métert repült,https://www.blikk.hu/aktualis/belfold/mercedes-baleset-gazolas-szombathely/3ks54xl
3071ee8d335ed47e7afc96f5fc371300b6f594bc1436c5a69e52c10abeaa1f3c,2026-04-16 12:21:04.324553+00:00,hu,blikk.hu,blikk.hu,2026-04-16,"Hatalmasat újít a Google: Ezt a funkciót imádni fogja mindenki, akinek két SIM-kártya van a telefonjában",https://www.blikk.hu/ferfiaknak/tech/android-sim-kartya-csengohang/8t2fz9r
b4cff515743227767d82ec86a4ffaf123a1919f5ff21f0eb81ebc309d0e278c0,2026-04-16 12:20:46.762753+00:00,hu,blikk.hu,blikk.hu,2026-04-16,Szily Nóra kiakadt Magyar Péter Kossuth rádiós interjúja miatt: „Újságírónak nem nevezném...”,https://www.blikk.hu/sztarvilag/hazai-sztarok/szily-nora-magyar-peter-kossuth-radio-kakuk/rsjlghd
057dc38e91fb33c47fa4432149490e3387ff277f93ccf119e415f998a80c0555,2026-04-16 11:44:38.194469+00:00,hu,index.hu,index.hu,2026-04-16,Az MLSZ a futball ünnepévé varázsolná a magyar bajnokság legújabb változtatását,https://index.hu/sport/futball/2026/04/16/low-zsolt-mlsz-nb-i-fizz-liga-osztalyozo/
98c5391f31204dc059f599553e27a6272f0e253143bcd4790d94484623140162,2026-04-16 11:44:26.110503+00:00,hu,index.hu,index.hu,2026-04-16,A kutyák fogják bedönteni a Tindert,https://index.hu/tudomany/2026/04/16/kutya-tarsasag-szeretet-kotodes-magany-ptsd-depresszio-jokedv-dogzfesztival/
559252e07e0ab712259ea0c9346d9642ad7b6c9faaf41200f953f9ade3151001,2026-04-16 11:44:21.004377+00:00,hu,index.hu,index.hu,2026-04-16,"Új albummal tér vissza Madonna, sokak számára lesz nosztalgikus",https://index.hu/kultur/2026/04/16/madonna-confessions-on-a-dancefloor-album-folytatas/
eb9d06f3a93639444014be2876b1349cafbda7fe3c923176f7d60114c268af9f,2026-04-16 11:44:00.046783+00:00,hu,index.hu,index.hu,2026-04-16,"Megható videón, ahogy Szandi először öleli át várandós lányát",https://index.hu/mindekozben/poszt/2026/04/16/szandi-meglatogatta-bogdan-blanka-varandos-talalkozas-video/
310433a582c78cb6c22254975121de87e84a5d7fe9a124cf3594ce79b736ae8f,2026-04-16 11:43:24.753871+00:00,hu,index.hu,index.hu,2026-04-16,Rekordév után hamarosan indul a Food Truck Show 2026-os országjárása,https://index.hu/belfold/2026/04/16/food-truck-sopron-gasztronomia-lil-frakk-hamburger/
53f65734d309905ab39129e0691b16ea289559a2b9d1cf417a5b77518fd68f2c,2026-04-16 11:43:14.648966+00:00,hu,index.hu,index.hu,2026-04-16,Barátai és tisztelői búcsúznak Nádasdy Ádámtól,https://index.hu/kultur/2026/04/16/nadasdy-adam-temetes-gyasz-magyar-irodalom-farkasreti-temeto/
b4642dba79b85d747d873a99bbb4d716d4ae6b3f84a6531db240de478bfa52df,2026-04-16 11:43:09.676720+00:00,hu,index.hu,index.hu,2026-04-16,"Robert Capa hazatérése Budapestre megrázóbb, mint bármelyik háborús képe",https://index.hu/kultur/2026/04/16/robert-capa-magyar-riport-1948-kultbudapest-kiallitas/
70b8b0c74f087fa34a43f38c1b9bb52b652c52049d993760e40a35c5d45247d3,2026-04-16 11:42:45.635304+00:00,hu,index.hu,index.hu,2026-04-16,"Újabb repülőtársasági sztrájk, káosz jöhet csütörtökön az európai légi közlekedésben",https://index.hu/kulfold/2026/04/16/lufthansa-sztrajk-pilota-legiutaskisero-berkoveteles-szakszervezet/
d34c194c690a15adf71da1f425cd5e42067d8787640b2bd5b368daae70443fc2,2026-04-16 11:42:35.607502+00:00,hu,index.hu,index.hu,2026-04-16,"Elindultak a pletykák, ő lehet a Tisza-kormány oktatási minisztere",https://index.hu/belfold/2026/04/16/rubovszky-rita-oktatas-tisza-part-oktatasi-miniszter/
cb301e7f17864347b1c5b47690d0133dd1bd84e05426274d0b19035d853244e6,2026-04-16 11:24:45.881750+00:00,hu,blikk.hu,blikk.hu,2026-04-16,"Súlyos büntetést kaphat, aki ezt teszi a foci-vb alatt",https://www.blikk.hu/sport/kulfoldi-foci/foci-vilagbajnoksag-kozvetites-buntetes/fexp59y
6f4f42a7db59c2f61305ba2f01236e6aae630c36aa8432235cdf0da88218819f,2026-04-16 11:24:41.217603+00:00,hu,blikk.hu,blikk.hu,2026-04-16,Hadházy Ákos közölte: csak így segítené a Tisza-kormány munkáját,https://www.blikk.hu/politika/magyar-politika/hadhazy-akos-tisza-korrupcioellenes/m4l5jkl
a2a3f6c87b61d3dfb00dc62b44df28fec01978216f05f27a12f1e3068cd7500e,2026-04-16 11:24:35.959356+00:00,hu,blikk.hu,blikk.hu,2026-04-16,"Iványi Gábor elárulta, hogy elvállalná-e az államfői tisztséget",https://www.blikk.hu/politika/magyar-politika/ivanyi-gabor-allamfo-koztarsasagi-elnok/nl42tcv
070457523e22ffa004f63a518dc883dfa88947003015af6c48dae33a69301775,2026-04-16 11:24:10.005196+00:00,hu,blikk.hu,blikk.hu,2026-04-16,"Enni, inni, mulatni hívják, vásárolgathat is!",https://www.blikk.hu/eletmod/tippek/programok-aprilis-16-19/sglx742
f17f8d5f3c9277dcaaa275b5f4dc04906b3ba19dfa150f1fbeaf76b1cdac548c,2026-04-16 11:23:28.309672+00:00,hu,blikk.hu,blikk.hu,2026-04-16,Durván odacsap a Skoda: így újul meg az Elroq és az Enyaq,https://www.blikk.hu/auto/skoda-enyaq-elroq-megujult/sdwrz69
0c02704a61473c5b3d8a1f5854002bd53ee0d0a34d3d79d4489ca1a097a61564,2026-04-16 11:23:23.421983+00:00,hu,blikk.hu,blikk.hu,2026-04-16,"A cyberdeckek és a fenntartható számítástechnika lázadása: legyen javítható, amit megvetünk!",https://www.blikk.hu/ferfiaknak/tech/cyberdeck-mozgalom-javitashoz-valo-jog/9nkgbb8
8bbeb60574b38165a267e135836b206f1fffb22a5ee753f40fad7235b26e063f,2026-04-16 11:23:16.447245+00:00,hu,blikk.hu,blikk.hu,2026-04-16,"Pásztor Anna állítja: Tóth Gabi pár hete felhívta, hogy menjen be beszélgetni a Fidesz-frakcióba Kocsis Mátéhoz",https://www.blikk.hu/sztarvilag/hazai-sztarok/pasztor-anna-toth-gabi-fidesz-telefonhivas/7w050c8
79ce74a08ffabdded53e316c7098ad7b28f752e637434cedaf405bb10f93b6d8,2026-04-16 11:22:44.771500+00:00,hu,blikk.hu,blikk.hu,2026-04-16,"„Potyogtak a könnyeim” – A Sztárbox bajnoka tetoválást készíttetett, ami örökre emlékezteti majd a választás eredményére",https://www.blikk.hu/sztarvilag/hazai-sztarok/sztarbox-sapi-vivi-valasztas-tetovalas/8bznst1
c36d223f4a9a7ebb8b487cd98fec2bdee866e160bcb7490fc7d2ad42b0a31503,2026-04-16 11:22:36.988064+00:00,hu,blikk.hu,blikk.hu,2026-04-16,Így néz ki Gesztesi Károly sírja a születésnapján,https://www.blikk.hu/sztarvilag/hazai-sztarok/gesztesi-karoly-sirja-szulinap/dkn0spl
2df2b15c7ec946bb37b8e3cd99d0791b170b7067bf04c1a223e8eb62f7fc2ed6,2026-04-16 11:20:52.172473+00:00,hu,index.hu,index.hu,2026-04-16,"Új szakmát tanul Nicole Kidman, az embereknek szeretne segíteni",https://index.hu/fomo/2026/04/16/nicole-kidman-halaldula-halal-haldoklok-segitseg-szakember-tanulas/?utm_source=hirstart&utm_medium=referral&utm_campaign=ct
fa7676aff359a52266de589cc2639484ba476e1e128c0674c07c42697bcf2759,2026-04-16 10:35:15.469030+00:00,hu,origo.hu,origo.hu,2026-04-16,Cápa támadt a friss házas férfira a Maldív-szigeteken – amputálni kellett a lábát,https://www.origo.hu/nagyvilag/2026/04/capatamadas-ferfi-maldiv-szigetek-naszut-amputalas
26adb6d7b9d7f910c5e02570d2ac855075adea7e43940bff7ffc9bd0d7d68106,2026-04-16 10:35:10.475335+00:00,hu,origo.hu,origo.hu,2026-04-16,Soha nem látott összeg a tét az Ötöslottón – Ön mire költené? Szavazzon!,https://www.origo.hu/itthon/2026/04/otoslotto-fonyeremenye-67-milliard-szerencsejatek
1e037c0952971c6a943b2652b8cc7dc55043e2276513df94074bf90af2ee5e11,2026-04-16 10:35:06.116669+00:00,hu,origo.hu,origo.hu,2026-04-16,Halálos baleset történt a mohácsi híd építése közben,https://www.origo.hu/kek-hirek/2026/04/halalos-baleset-tortent-a-mohacsi-hid-epitese-kozben
a50d95501411cf56c427571f2d2531238938525ecda8a6ad56d58392ed1e1379,2026-04-16 10:35:00.624192+00:00,hu,origo.hu,origo.hu,2026-04-16,Gyorshajtók mellett adócsalók ellen is jó a rendőrségi kamera – de hogyan?,https://www.origo.hu/auto/2026/04/rendorsegi-kamera-gyorshajtok-adocsalok-ellen-is-jo
d3421d3e5f847ce3ebd1e332d23d828d6579530f9cd07ce217b6c7d7ad888ade,2026-04-16 10:34:56.101118+00:00,hu,origo.hu,origo.hu,2026-04-16,"Zavarta a kutyaugatás, ezért kegyetlen dolgot tett",https://www.origo.hu/kek-hirek/2026/04/allatkinzas-kutyaugatas-szoges-kolbasz-elhallgattatni
53cc649bc0eacc345c901a02642e2838c3830d12d7a5dd114428b82761b28458,2026-04-16 10:34:50.499549+00:00,hu,origo.hu,origo.hu,2026-04-16,Nagy a baj! Már Dubaj leghíresebb szállodáját is bezárták,https://www.origo.hu/gazdasag/2026/04/dubaj-leghiresebb-szallodajat-is-bezartak
51957509b3467312289b17ef4598fdf7cd7e5098c15c7be5f8615f3c963df8a1,2026-04-16 10:34:45.503224+00:00,hu,origo.hu,origo.hu,2026-04-16,"Energiaválság: Európa több országa már segít, de ez sem elég mindenhol",https://www.origo.hu/kulpol/2026/04/energiavalsag-europa-segitseg
a590b170dee69f32009ead2d3e967401baf75ddda023b0f39ed54e50d3ef0bc4,2026-04-16 10:34:40.508461+00:00,hu,origo.hu,origo.hu,2026-04-16,Alkotmánysértés? Túl messzire mehetett Magyar Péter,https://www.origo.hu/belpol/2026/04/magyar-peter-alkotmanysertes-koztarsasagi-elnok
abc72634e84b64b4f9a46f7b6b6e96729708e25d83ac36ebd4ef4900a932f2aa,2026-04-16 10:34:36.268066+00:00,hu,origo.hu,origo.hu,2026-04-16,"Tragédia: gazdája halálánál is ott volt Dudás Miki kutyája, súlyos trauma érhette",https://www.origo.hu/kek-hirek/2026/04/tragedia-dudas-miki-baba-szakerto-trauma
f12a3f21017d9aeebfd2c96a5f0d8ba2dc8beccf272fc11009c2dcd29ed996e0,2026-04-16 10:34:30.561550+00:00,hu,origo.hu,origo.hu,2026-04-16,Külképviseleti szavazás: megérkeztek a lezárt urnák Magyarországra,https://www.origo.hu/belpol/2026/04/kulkepviseleti-szavazas-megerkeztek-a-lezart-urnak
e55803d99f61d0b868a6edea793cb74747d01b94aa38b156015dac8ca1e7e2cc,2026-04-16 10:34:25.498616+00:00,hu,origo.hu,origo.hu,2026-04-16,Brutális átverés: ennyit fizetett egy turista egy egyszerű kebabért,https://www.origo.hu/nagyvilag/2026/04/kebab-csalas-rio-de-janeiro
0fe13a7f472e0cd1fdaf94524cb81ba4a991805c4cf1187a18cfe89c9f956d20,2026-04-16 10:34:20.490943+00:00,hu,origo.hu,origo.hu,2026-04-16,"A Liverpool edzője cserben hagyta Szoboszlaiékat, rengeteg hibát vétett",https://www.origo.hu/sport/sport-futball/2026/04/liverpool-arne-slot-kritika-bl-kudarc-rossz-dontesek
45440b95a5cc19e4bc11766f9afc9349b18dd3b0ca7d4ac1cdd84b37d8cf084a,2026-04-16 10:34:16.364568+00:00,hu,origo.hu,origo.hu,2026-04-16,Letartóztatták a balkáni drogkartell egyik vezetőjét,https://www.origo.hu/nagyvilag/2026/04/balkani-drogkartell-rajtautes-europol
5e9f9e6daa9da19f9078ad02c984c6233249ffdbb949f2d3681667185c9b00d0,2026-04-16 10:34:10.455800+00:00,hu,origo.hu,origo.hu,2026-04-16,"Ezt nem árulják el a fogyásról, pedig az élete múlthat rajta",https://www.origo.hu/tudomany/2026/04/zsir-fogyas-elhizas
0e7ae1a272f0062fd1353e3057a2f96295fb18059bc3b7b44d84ac739e953604,2026-04-16 10:34:05.531690+00:00,hu,origo.hu,origo.hu,2026-04-16,"Bóka János elárulta, hogy miért nem vesz részt Orbán Viktor az EU-s csúcstalálkozón",https://www.origo.hu/belpol/2026/04/boka-janos-magyarorszag-eu-s-csucs
d7eaa20b1c75f1a02c9f1b551f474d4a8cb7b4aa9ba15b6addb4ee1cd367016e,2026-04-16 10:34:00.503348+00:00,hu,origo.hu,origo.hu,2026-04-16,Hadiipari csontváz dőlt ki Ursula von der Leyen szekrényéből,https://www.origo.hu/belpol/2026/04/ursula-von-der-leyen-hadiipari-korrupcio-osszefonodas
c268095d4aa19a662d7bc21a19d1b1954582cf11216a19ee6663df14546a2e75,2026-04-16 10:33:55.529741+00:00,hu,origo.hu,origo.hu,2026-04-16,Letilthatóvá vált a YouTube leggyűlöltebb funkciója,https://www.origo.hu/techbazis/2026/04/youtube-shorts-rovid-videok-letiltasaa-youtube-leggyuloltebb-funkcioja
2c0ad3220d4f27732c8dc2c1bc34eb268f92ab40305e95f9cd3652872bc3d3ea,2026-04-16 10:33:50.523210+00:00,hu,origo.hu,origo.hu,2026-04-16,A magyar tornászkirálynő szuperszexi fotóin ámulnak a rajongói,https://www.origo.hu/sport/sport-laza/2026/04/bacskay-csenge-torna-instagram-fotok-olimpia-elegancia
e73f77631c1e6487d0e33664707b31d80a15bb138fc50f0b3853b03d64bfefb7,2026-04-16 10:33:46.599972+00:00,hu,origo.hu,origo.hu,2026-04-16,Hoppá! OnlyFans-oldalt indított az Amerikai pite szexi sztárja,https://www.origo.hu/nagyvilag/2026/04/shannon-elizabeth-amerikai-pite-onlyfans-oldal-szexi
5c55ed53e1f7577faef62be9d0b22c304e5fb0ea5efdcfb8325c599342cf2611,2026-04-16 10:33:40.691404+00:00,hu,origo.hu,origo.hu,2026-04-16,Döbbenetes fenyegetés érkezett: Moszkva már a konkrét európai célpontokat is kijelölte,https://www.origo.hu/kulpol/2026/04/europai-celpont-moszkva-ukrajna-orosz-vedelmi-miniszterium
063f409a3f25edb20732434fbdd618e9e8cf2442391f7ab86c514b89f147572a,2026-04-16 10:33:35.472128+00:00,hu,origo.hu,origo.hu,2026-04-16,A balos önkormányzatok már most nem fizetnének szolidaritási hozzájárulást,https://www.origo.hu/belpol/2026/04/szolidaritasi-hozzajarulas-balos-onkormanyzatok
2836ed32db99559a52ec84c10a2cb63d027e90323055f2b40ef10e6b30257023,2026-04-16 10:33:32.424499+00:00,hu,blikk.hu,blikk.hu,2026-04-16,Ő lehet a Tisza-kormány oktatási minisztere,https://www.blikk.hu/politika/magyar-politika/tisza-kormany-oktatasi-minisztere/71ezz9d
ee0ad8efa603d0418cb3a9e6b245aa5381aac0619b01e55c47c59d04e04aace1,2026-04-16 10:33:31.765142+00:00,hu,origo.hu,origo.hu,2026-04-16,Aktivisták készülnek „megszállni” egy kutyatelepet: több ezer állatot szabadítanának ki,https://www.origo.hu/nagyvilag/2026/04/allatkinzas-beagle-mentes-akcio
b5cfd820c1f93187c8eec5c21676a7fe847da0886dda10734994ce7c541d0cd4,2026-04-16 10:33:26.814590+00:00,hu,blikk.hu,blikk.hu,2026-04-16,Élő adásban derültek ki pikáns részletek a népszerű műsorvezető szexuális életéről,https://www.blikk.hu/sport/carol-vorderman-tenisz-kinos/n5szbj8
66d4e79c32312e14b75b50d135e0e22efe2b3161afb98e853bac543d5d1ec1a4,2026-04-16 10:33:26.264050+00:00,hu,origo.hu,origo.hu,2026-04-16,"Berúgva esett el egy hajó utasa, hatalmas kártérítést kapott",https://www.origo.hu/nagyvilag/2026/04/karterites-hajout-all-inclusive-italcsomag-agyrazkodas
cdc63bd3bb09ddaa6e39af57c5c3d686baaaedf06f805c4926627d4de173da1a,2026-04-16 10:33:21.238793+00:00,hu,origo.hu,origo.hu,2026-04-16,Megvadultak a legújabb frissítéstől az okosórák,https://www.origo.hu/techbazis/2026/04/okosorak-akkumerules-galaxy-watch-frissites
1d500a173653c42db33a4a49d533b4427312cc238f091e92740adf31dfe94b59,2026-04-16 10:33:16.348112+00:00,hu,origo.hu,origo.hu,2026-04-16,"Sokkoló igazság az autóvezetésről: van, ami majdnem olyan veszélyes, mint az alkohol",https://www.origo.hu/auto/2026/04/autovezetes-rossz-latas-veszelyes-alkohol
856b579014b70dfc1f038a890366534c6851efdbf43e446c28fa7bf818391cab,2026-04-16 10:33:10.814844+00:00,hu,origo.hu,origo.hu,2026-04-16,Európa a terrorfinanszírozás paradicsoma: egy új tanulmány riasztó képet fest,https://www.origo.hu/kulpol/2026/04/terrorfinanszirozas-europa-paradicsom
dd664f7281dbefb9f22b9e1147d738161e55d1c11e674648884b71e4e3e631f7,2026-04-16 10:33:05.609844+00:00,hu,origo.hu,origo.hu,2026-04-16,Nagy bejelentés: kilenc Grammy-díjas sztárfellépő érkezik a Sziget fesztiválra,https://www.origo.hu/itthon/2026/04/sziget-fesztival-sztarfellepo-bejelentes-skrillex
abb96325bcb209eddf1f2c3215fd75ab1f7e75aeef586e8741dd960662e31e87,2026-04-16 10:33:00.476490+00:00,hu,origo.hu,origo.hu,2026-04-16,"Szökés: illegális streaming miatt ítélték el, Mohácson ért véget a bujkálás – videóval",https://www.origo.hu/kek-hirek/2026/04/szokes-illegalis-streaming-mohacs-elfogas
3ad5d81f5358b6fc3b9f929e811a4ff53fe25ff7df857abbf0967f2d0bda9667,2026-04-16 10:32:55.466767+00:00,hu,origo.hu,origo.hu,2026-04-16,"Megverték, letartóztatták, majd kiderült, hogy nem is őt keresték – videó",https://www.origo.hu/nagyvilag/2026/04/verekedes-brooklyn-rendori-tulkapas-video
977fa59c26eab900e42c55a908ae2ce1eb29a2e1074a188648e990bd8fce1bf9,2026-04-16 10:32:50.472005+00:00,hu,origo.hu,origo.hu,2026-04-16,"Magyar Péter bejelentette, hol lesz a miniszterelnöki iroda",https://www.origo.hu/belpol/2026/04/magyar-peter-bejelentette-hol-lesz-a-miniszterelnoki-iroda
f89ade62a31ffdb1bf064833cd5b57543c59c0bef6b105f75529a63289313a01,2026-04-16 10:32:45.491997+00:00,hu,origo.hu,origo.hu,2026-04-16,"150 áldozata volt, most végre rács mögé került a 25 éves férfi",https://www.origo.hu/kek-hirek/2026/04/letartoztatas-150-aldozata-volt-vegre-racs-moge-kerult
398a2dfe2fd55ddb802e85e0c790d37a4ff4f920de6bcfd4855d839ee85725b0,2026-04-16 10:32:41.144195+00:00,hu,origo.hu,origo.hu,2026-04-16,"Komoly figyelmeztetést kapott a magyar influenszer – sokba fog kerülni, ha nem figyel jobban",https://www.origo.hu/gazdasag/2026/04/forstner-csenge-sokba-fog-kerulni-ha-nem-figyel-jobban
862ea2f3152dfee6386b157afc62b25fb32a2dcacf991767b260dd85ba94c420,2026-04-16 10:32:36.524355+00:00,hu,blikk.hu,blikk.hu,2026-04-16,Szijjártó Péter ismét feltűnt,https://www.blikk.hu/politika/magyar-politika/szijjarto-peter-futas-dunakeszi/qs5h9hy
04e15001ea17099b3fafc5910cd6d112d71ce6e265b915d1b73378e6c99bd630,2026-04-16 10:32:36.218438+00:00,hu,origo.hu,origo.hu,2026-04-16,Ennyi volt – örökre megváltozik az autók utastere!,https://www.origo.hu/auto/2026/04/volkswagen-auto-kijelzo-gomb-okostelefon
750c20365296b69a14d25dad97ab4b1e977c2d2537721633db4a3698d2f7925d,2026-04-16 10:32:31.136248+00:00,hu,origo.hu,origo.hu,2026-04-16,Tűzoltók szabadítottak ki 25 kutyát egy lángoló lakásból,https://www.origo.hu/kek-hirek/2026/04/allatkinzas-tuzoltok-szabaditottak-ki-25-kutyat
ee8b3ffd8f00438a23730123f28b571e0a2b0a2808265cfd391e994ff7018353,2026-04-16 10:32:26.143613+00:00,hu,origo.hu,origo.hu,2026-04-16,"Vérfürdő lett a grillpartiból, meghalt egy tinédzser",https://www.origo.hu/nagyvilag/2026/04/bandahaboru-lovoldozes-eisenhower-park
e67e7b544f4935073837e1b373e23f7e626231d41d89f92cedcb785375f781c4,2026-04-16 10:32:20.463143+00:00,hu,origo.hu,origo.hu,2026-04-16,Két éve nyomtalanul eltűnt egy kislány – Magyarországon is körözik,https://www.origo.hu/kek-hirek/2026/04/szerb-kislany-titkok-es-ellentmondasok-a-danka-ugyben
8b45c968cd5931cd045e34b9c349b092203bbbfdba4184d53b2d2604ef64d95a,2026-04-16 10:32:15.486237+00:00,hu,origo.hu,origo.hu,2026-04-16,"Egészségesnek hittük, de megbetegíti a kisfiúkat ez a népszerű ital",https://www.origo.hu/tudomany/2026/04/gyermekkori-cukorbetegseg-es-gyumolcslevek
3f16ee4f827b6eb08141ce15da439a6858fb1a217f6115858b7d2a91bcaafe7a,2026-04-16 10:32:10.536567+00:00,hu,origo.hu,origo.hu,2026-04-16,Nem fogy az olcsóbb? Itt a 8 millió eurós Rolls-Royce megoldás,https://www.origo.hu/auto/2026/04/rolls-royce-egymilliard-euros-eselyt-elektromos-auto
5a04c9f448226c58211c9939e82d79a8464ab2dc87601d0202260a6c92b6635d,2026-04-16 10:32:06.259073+00:00,hu,origo.hu,origo.hu,2026-04-16,„Nem tudom feldolgozni ezt a gyászt” – megszólalt Lovas Annabella legjobb barátnője,https://www.origo.hu/kek-hirek/2026/04/lovas-annabella-nem-tudom-feldolgozni-ezt-a-gyaszt
0c8d18e7720c530335494c94f7d6ca9a849f401682d2424552d5697ef186a1fb,2026-04-16 10:32:00.586357+00:00,hu,origo.hu,origo.hu,2026-04-16,Robbanások rázták meg az olajfinomítót: kritikus helyzet az üzemanyagellátásban – videó,https://www.origo.hu/nagyvilag/2026/04/tuzeset-ausztralia-olajfinomito
2dba8486429310bab5549b3b86b02aa1517da50db9b7253ab1b1ecf73093b0b9,2026-04-16 10:31:54.047606+00:00,hu,origo.hu,origo.hu,2026-04-16,"Megszökött egy farkas az állatkertből, rémhírek terjednek",https://www.origo.hu/nagyvilag/2026/04/farkas-szokes-allatkert
8dc2c6ef19ca6e238c6c42da8e96b8e1bdc5ba9be56e467e17e09263b92bbc2c,2026-04-16 10:31:46.301277+00:00,hu,origo.hu,origo.hu,2026-04-16,Magyar Péter ígéretcunamija így robban rá a nyugdíjasokra,https://www.origo.hu/belpol/2026/04/magyar-peter-igeretcunami-nyugdijas
dfe9f99e76dca200e378419f5b2ad1df1583fe37931100a768d020d36b126011,2026-04-16 10:31:46.255376+00:00,hu,blikk.hu,blikk.hu,2026-04-16,Stabil vércukorszint: segít az étkezési sorrend,https://www.blikk.hu/eletmod/egeszseg/etkezesi-sorrend-stabil-vercukorszint/d29rjgs
4c80b61fda18c2e3a144db0e356e5a6373df6bf7d5091be064a63608fa32d827,2026-04-16 10:25:54.704959+00:00,hu,index.hu,index.hu,2026-04-16,"Ceglédi Zoltán: Mi történt itt, és mi lesz ebből?",https://index.hu/velemeny/2026/04/16/cegledi-zoltan-elemzes-politika-valasztas-2026-fidesz-tisza-part-ketharmad-kormanyzas-magyar-peter-orban-viktor/
7dbc05d72cce985fb22bc1929e285ed3f5b9913342078818bddee75379d5dc94,2026-04-16 10:25:49.582512+00:00,hu,index.hu,index.hu,2026-04-16,Új álompár születik? Kendall Jenner és Jacob Elordi egymásba habarodtak a Coachellán,https://index.hu/fomo/2026/04/16/kendall-jenner-jacob-elordi-coachella/
2e026f77b3cf05321ceca22d33403373c833dcce0159e52a4b2d6d108845ae1f,2026-04-16 10:25:34.641042+00:00,hu,index.hu,index.hu,2026-04-16,"Olyan dolog történt az Exatlon Hungaryben, ami korábban soha: lecsaptak a doppingellenőrök az egyik versenyzőre",https://index.hu/mindekozben/poszt/2026/04/16/exatlon-hungary-dopping-ekler-luca/
04ac4da5413500280f2513a6ac9b107a2c43839720e5f029b178aa32da2681d8,2026-04-16 10:25:28.640510+00:00,hu,index.hu,index.hu,2026-04-16,Magyar Péter kőkemény üzenetet küldött a fideszes vezetőknek,https://index.hu/belfold/2026/04/16/magyar-peter-fidesz-tisza-part-stroman-valasztas-2026/
25ae28f66eea8f01f06423040f5d3bd2672448ed342256c12f97dc2237e2f027,2026-04-16 10:25:24.351522+00:00,hu,index.hu,index.hu,2026-04-16,"Újabb fideszes képviselő jelentette be, hogy visszavonul a politikától",https://index.hu/belfold/csatater/2026/04/16/ovadi-peter-fidesz-kdnp-veszprem-visszavonulas-allatvedelem-valasztas-2026/
5087338897b8529de862a36d4e2bdc00bf21a6de65b7bef3a07cb30b5cd5276f,2026-04-16 10:25:07.739783+00:00,hu,index.hu,index.hu,2026-04-16,"Hadházy Ákos elárulta, milyen feltételek mellett segítené a Tisza-kormány munkáját",https://index.hu/belfold/2026/04/16/hadhazy-akos-valasztas-2026-visszavonulas-tisza-part-rendszervaltas/
2856ca089e4408eb692031daf5e30a185113d52783f089d523f50a681d5ad8de,2026-04-16 10:25:03.390588+00:00,hu,index.hu,index.hu,2026-04-16,Bejelentették a Sziget utolsó főfellépőjét,https://index.hu/kultur/2026/04/16/sziget-fesztival-headliner-skrillex-nagyszinpad/
7f31838c9635b6e15c24ebdcd157d5ba8aac8a3b55d0102df78c109899835052,2026-04-16 10:24:51.835950+00:00,hu,index.hu,index.hu,2026-04-16,"Kulcsár Edina és G.w.M luxusbirodalmat építenek, így áll most a házfelújítási projektjük",https://index.hu/mindekozben/poszt/2026/04/16/kulcsar-edina-otthona-felujitas/
8b9c75c997a5394a98d5a7fb82d4295b101dae98dae416df4ad56b409849492a,2026-04-16 10:24:45.644579+00:00,hu,index.hu,index.hu,2026-04-16,"Tovább emelkedhetnek az építkezés költségei, a rezsióradíjak emelését kérik",https://index.hu/gazdasag/2026/04/16/epitoipar-epitoipari-rezsioradij-dijemeles-inflacio-garantalt-berminimum-evosz/
d2903437120c21642e8cbfb40de4263fc1123bb26ea1dea096376a9f2c46dbf3,2026-04-16 10:24:28.503185+00:00,hu,index.hu,index.hu,2026-04-16,"Immár hivatalos: Orbán Viktor biztosan kihagyja a jövő heti EU-csúcsot, azt is elárulták, miért",https://index.hu/kulfold/2026/04/16/europai-unio-magyarorszag-orban-viktor-informalis-eu-csucs-europai-tanacs-reszvetel-kihagyas-boka-janos/
842941d5f7e94752a8e2b04f385363074946517998bb636d219fe81e08757466,2026-04-16 10:24:23.344304+00:00,hu,index.hu,index.hu,2026-04-16,"Hiába az Arsenal gyér teljesítménye, Mikel Arteta elégedetten nyilatkozott a klubtörténeti siker után",https://index.hu/sport/futball/2026/04/16/bajnokok-ligaja-arsenal-sporting-mikel-arteta-sajtotajekoztato/
206bf64751949902b0e3e94b616876d4fba7904eb70381ff546b6741492af409,2026-04-16 10:24:04.782474+00:00,hu,index.hu,index.hu,2026-04-16,"Felrobbant az internet Magyar Péter közmédiás interjúja után, mindent elleptek a mémek",https://index.hu/tech/mem/2026/04/16/magyar-peter-csete-beata-m1-kozmedia-mem-memeskut/
2b7156edd0b507c3585bf005e7a4ff5ea547db278e89e3679170411d7a0c0ef9,2026-04-16 10:23:49.192005+00:00,hu,index.hu,index.hu,2026-04-16,"Nehéz helyzetbe hozta magát a magyar női hokiválogatott, kikapott Szlovákiától",https://index.hu/sport/jegkorong/2026/04/16/jegkorong-hoki-noi-divizios-ia-vb-magyar-szlovak-valogatott-kaposztasmegyer/
77756d12787ed70d5d640f6bad4283b9b240d4bb8f588088fc2fda4dcc4d257e,2026-04-16 09:45:43.500605+00:00,hu,blikk.hu,blikk.hu,2026-04-16,Megtámadta Dzsupin Ibolyáékat a megvadult macskájuk: a színésznő és a férje is a kórházban kötött ki,https://www.blikk.hu/sztarvilag/hazai-sztarok/dzsupin-ibolya-szineszno-familia-kft-macskatamadas/hrwck7d
2cc7a07398dc56aa5b461b1a9513f115d26a1bf5eb39d9a69ee5a360edf66e9c,2026-04-16 09:44:33.490368+00:00,hu,blikk.hu,blikk.hu,2026-04-16,A rákkal küzdő Rubint Réka óriási bejelentése: „Növekszik a hajam” – fotón a változás,https://www.blikk.hu/sztarvilag/hazai-sztarok/rubint-reka-rak-hajhullas-hajnovesztes/5q98j98
90f0283fa38c4a04508c1b00ab05864b98274e49387116c19f07d07db949a890,2026-04-16 09:32:05.223292+00:00,hu,blikk.hu,blikk.hu,2026-04-16,Melyik sütési fázissal pazaroljuk a pénzt?,https://www.blikk.hu/eletmod/tippek/suto-elomelegites-pazarlas/6pf181l
ab765d58fdea4c844209408d1e6c35c1c9cec76b4204a5dd36ea507967bfeed7,2026-04-16 09:32:00.409841+00:00,hu,blikk.hu,blikk.hu,2026-04-16,Nem is volt tudatában mit tesz? – elképesztő részletre világított rá a Real Madrid edzője a botrányos kiállítás után,https://www.blikk.hu/sport/kulfoldi-foci/kiallitas-real-madrid-bayern-munchen/pfn9mpm
07eae6d6056766e93e8287b58fc79cfc6cf2b5d9a93c2e92257248b74bf493ee,2026-04-16 09:31:47.915336+00:00,hu,blikk.hu,blikk.hu,2026-04-16,Koporsó helyett a luxusautójában temettek el egy férfit – hátborzongató videó,https://www.blikk.hu/aktualis/kulfold/temetes-luxusauto-kina-mercedes/g9c0xtm
3792c396495e1872c937b2eab32463ad81610b05a97860dc150c69e3b2abf4f4,2026-04-16 09:31:07.689842+00:00,hu,blikk.hu,blikk.hu,2026-04-16,"Megvan, ki lesz az idei Sziget Fesztivál nagyágyúja",https://www.blikk.hu/sztarvilag/zene/skrillex-sziget-fesztival-2026/gztme7b
b9d83682da6622402fc2806d3f9e0d1b6b85443a4b097ed1333403a7897abd55,2026-04-16 09:31:02.558750+00:00,hu,blikk.hu,blikk.hu,2026-04-16,Rendkívüli helyzet állt elő az Exatlonban: lecsaptak a doppingellenőrök,https://www.blikk.hu/sztarvilag/hazai-sztarok/exatlon-hungary-dopping-palik-laszlo-ekler-luca/tgz8h42
56a26200bdd67fdad53921b8ea394e66abafde8be5c138ccd0d17b89c83f4c82,2026-04-16 09:30:41.143187+00:00,hu,blikk.hu,blikk.hu,2026-04-16,Amit a nézők a tévében nem láthattak: kulisszák mögötti fotók az Exatlon végjátékának első fordulójáról,https://www.blikk.hu/sztarvilag/hazai-sztarok/exatlon-vegjatek-kulisszak-mogott-fotok/5hxj3p4
dcee2d711d33f15831f834459103df72e9a365279d5bdaa262e1ba712b637201,2026-04-16 09:30:13.912351+00:00,hu,blikk.hu,blikk.hu,2026-04-16,"Kiderült, hogy van most a súlyos betegséggel küzdő Bangó Margit: megszólalt a lánya",https://www.blikk.hu/sztarvilag/hazai-sztarok/bango-margit-allapota-betegseg-gyogyulas/bnzy9d8
534eacdf78c2f2c746a2b551ad44f21aa50eefd41ce1caf61a64bd4c36aeb8dd,2026-04-16 09:30:09.043575+00:00,hu,blikk.hu,blikk.hu,2026-04-16,Zokogásban tört ki a Nemzeti Színházban Bodrogi Gyula: ez várt a 92 éves legendára a születésnapján – videó,https://www.blikk.hu/sztarvilag/hazai-sztarok/bodrogi-gyula-szuletesnap-nemzeti-szinhaz/999vx90
8b1eeb98ba601d0b47d7641966689758c04af90094bdaa42d2d0fe89afd801cc,2026-04-16 09:30:03.926076+00:00,hu,blikk.hu,blikk.hu,2026-04-16,„Dimenziót váltottam” – Jákob Zoli lecserélte a tűzpiros Ferrarit: ebbe a méregdrága fenevadba ült át,https://www.blikk.hu/sztarvilag/hazai-sztarok/jakob-zoli-ferrari-lamborghini-gyerekek/gnhsqjm
150ad4212b9b76398f7dfbb7c9c8ee5391ce9ddb022bfc0079de8337dec8a395,2026-04-16 09:29:59.092054+00:00,hu,blikk.hu,blikk.hu,2026-04-16,Történelmi egyeztetés jöhet: csúcsszinten fog tárgyalni Izrael és Libanon,https://www.blikk.hu/politika/vilagpolitika/trump-izrael-libanon-targyalas/qhjddsg
2856b1e9f9949709d3052eeebea9fc5f6dde23e8bdff24076e2faa677a4bebab,2026-04-16 09:29:49.433921+00:00,hu,blikk.hu,blikk.hu,2026-04-16,Egy ország gyászolja: a pályán gyilkolták meg a népszerű játékvezetőt,https://www.blikk.hu/sport/kulfoldi-foci/javier-ortega-ecuador-gyasz/wh2bsr1
86528ccf2bf392b1218b3b0e2e28e2ea480c6664f72e90922174b6c7e657e1bf,2026-04-16 09:29:44.363378+00:00,hu,blikk.hu,blikk.hu,2026-04-16,Nézettségi rekordot hozott a köztévének Magyar Péter,https://www.blikk.hu/politika/magyar-politika/magyar-peter-kozmedia-nezettseg/y5gp6yw
b6efa6b512f7c349c06fd9374a4f6d9102223c0d13f478a3805b0a031c58372b,2026-04-16 09:27:25.901425+00:00,hu,origo.hu,origo.hu,2026-04-16,Így fenyegette meg Magyar Péter a köztársasági elnököt,https://hirtv.origo.hu/ahirtvhirei/2026/04/igy-fenyegette-meg-magyar-peter-a-koztarsasagi-elnokot
523223ed4d09b8d5165f222b1200d0027c376f44218a872c209df8a74b9d157e,2026-04-16 09:27:20.311811+00:00,hu,origo.hu,origo.hu,2026-04-16,Az izgalmas ügető futamok mellett számos program várja a Kincsem Parkba érkezőket,https://hirtv.origo.hu/kultura/2026/04/az-izgalmas-ugeto-futamok-mellett-szamos-program-varja-a-kincsem-parkba-erkezoket
651988a9e66c3a120140f6dee2437e36b3d863eab156daeffdcfc58b54c54e86,2026-04-16 09:27:13.551199+00:00,hu,origo.hu,origo.hu,2026-04-16,Toroczkai szerint kétharmados többséggel visszaélve nem lehet lerövidíteni a köztársasági elnök mandátumát,https://hirtv.origo.hu/ahirtvhirei/2026/04/toroczkai-szerint-ketharmados-tobbseggel-visszaelve-nem-lehet-leroviditeni-a-koztarsasagi-elnok-mandatumat
1e187e457d0d7f2114efc7397a25d4d34a572224a134ee31c4ac8eaef65f0c51,2026-04-16 09:26:35.976447+00:00,hu,origo.hu,origo.hu,2026-04-16,100 éves lett Micimackó – így emlékezik rá most a világ,https://hirtv.origo.hu/hirtvszines/2026/04/100-eves-lett-micimacko-igy-emlekezik-ra-most-a-vilag
29facbdf4cc73187a705aa4116d2755b4cb09552aa67a613c91082cb5bfb032d,2026-04-16 09:26:19.086518+00:00,hu,origo.hu,origo.hu,2026-04-16,Donald Trump bejelentette: évtizedek óta nem látott tárgyalások jöhetnek a Közel-Keleten,https://hirtv.origo.hu/hirtvkulfold/2026/04/donald-trump-bejelentette-evtizedek-ota-nem-latott-targyalasok-johetnek-a-kozel-keleten
c536e3db70ac9e9e7e54859b68fe533230676feef7470651a5777a3972e64a43,2026-04-16 09:26:13.442988+00:00,hu,origo.hu,origo.hu,2026-04-16,Szirszkij: Ukrajna márciusban 50 négyzetkilométernyi területet foglalt vissza,https://hirtv.origo.hu/hirtvkulfold/2026/04/szirszkij-ukrajna-marciusban-50-negyzetkilometernyi-teruletet-foglalt-vissza
19d9c0231c0ee4f55707f3010c0e4eaf0bb5b6243b1b2c104bcc9c3a5b4d9306,2026-04-16 09:25:30.212094+00:00,hu,origo.hu,origo.hu,2026-04-16,Szabadság vagy tiltás? Franciaország lépése sokkolta a fiatalokat,https://hirtv.origo.hu/hirtvszines/2026/04/szabadsag-vagy-tiltas-franciaorszag-lepese-sokkolta-a-fiatalokat
a15dc597bb3bb5776c8934369b50a84b89a836173024dd9e73061d4394d13d29,2026-04-16 09:25:18.666795+00:00,hu,origo.hu,origo.hu,2026-04-16,Már a nők is szembeszállnak a toborzókkal Ukrajnában,https://hirtv.origo.hu/hirtvkulfold/2026/04/mar-a-nok-is-szembeszallnak-a-toborzokkal-ukrajnaban
f8152e94c2c6412bcac6c2fa854d9ab4d59fd3ac32938171b56fa42fe62662a9,2026-04-16 08:31:56.372019+00:00,hu,index.hu,index.hu,2026-04-16,"Radics Gigi még idén férjhez menne, legalább 300 vendéget meghív az esküvőjére",https://index.hu/mindekozben/poszt/2026/04/16/radics-gigi-meg-iden-ferjhez-megy-legalabb-300-vendeget-meghiv-az-eskuvojere/
a1c264fba3fc4836e51e9b36540ff1c37d5de0477834495df69d499fa1fde9bd,2026-04-16 08:31:51.551035+00:00,hu,index.hu,index.hu,2026-04-16,Magyar Péter bejelentette: a miniszterelnöki iroda elköltözik a Karmelita kolostorból,https://index.hu/belfold/2026/04/16/magyar-peter-tisza-part-valasztas-2026-miniszterelnok-karmelita-kolostor-parlament/
1b575deebb192cb65914fe0fc0b306477ad5742d0deb17f157e1d5528260a646,2026-04-16 08:31:45.412351+00:00,hu,index.hu,index.hu,2026-04-16,444: titkosszolgálatokhoz kötődő orosz diplomatát fogadott Kubatov Gábor fia a Külügyminisztériumban,https://index.hu/kulfold/2026/04/16/kubatov-marcell-kubatov-gabor-fidesz-kulugyminiszterium-orosz-diplomata/
7c049f21020008fc74327b4e95d0e15c0e53e1d898c06a5276194a1744ee9586,2026-04-16 08:31:40.541194+00:00,hu,index.hu,index.hu,2026-04-16,"Megtartotta ígéretét, visszavonul a politikától Navracsics Tibor, az is kiderült, hol folytatja",https://index.hu/belfold/csatater/2026/04/16/navracsics-tibor-fidesz-kdnp-kozigazgatasi-es-teruletfejlesztesi-miniszter-visszavonulas-valasztas-2026/
8d0b89e802177645c9a38c4e531993ccf6c164b92240cecdabf390da479829ba,2026-04-16 08:31:35.536938+00:00,hu,index.hu,index.hu,2026-04-16,"A műtőasztalon halt meg egy 70 éves amerikai férfi, miután az orvos a lépe helyett a máját távolította el",https://index.hu/kulfold/2026/04/16/muhiba-mutet-operacio-maj-lep-halal-tragedia-ugyeszseg-birosag-florida-egyesult-allamok/
f6386181928d1c4a11accc882ff2e28315d85492dac5e2a1f13833571b56ccfb,2026-04-16 08:31:30.545379+00:00,hu,index.hu,index.hu,2026-04-16,"Enélkül a házak csak barlangok, de az újabb energiaársokk mindent boríthat",https://index.hu/gazdasag/2026/04/16/epitoipar-epuletgepeszet-energiaarak-epitoanyag-epitoanyagarak-hormuzi-szoros-fenntarthatosag-energiahatekonysag/
97d3148601ec5b52696c35f5f063e54ab7f3c6b8dd6e43f3341ea06adcb19271,2026-04-16 08:31:19.079432+00:00,hu,blikk.hu,blikk.hu,2026-04-16,Tragédia a mohácsi híd építésénél,https://www.blikk.hu/aktualis/belfold/mohacsi-hid-epitkezes-halalos-baleset/7gj7tr1
08ecc7867b720444ba30ef7e6342cb8464c7165aa47c73d6892c10995c0427d4,2026-04-16 08:31:13.100677+00:00,hu,index.hu,index.hu,2026-04-16,Bencsik András szerint bűncselekményt követtek el a jobboldali közvélemény-kutatók,https://index.hu/belfold/2026/04/16/bencsik-andras-ultrahang-interju-valasztas-2026-kozvelemeny-kutatas-fidesz-orban-viktor/
59d690aa18d2967e9bbea8c72b5e3f118df80eee750300560449ea271314d102,2026-04-16 08:31:12.450337+00:00,hu,blikk.hu,blikk.hu,2026-04-16,"Kate Winslet, Jamie Dornan és Leo Woodall is a főszereplők közt lesz a készülő Gyűrűk Ura-filmben",https://www.blikk.hu/sztarvilag/nemzetkozi-sztarok/gyuruk-ura-uj-film-szereplok/8e44zcj
125543edf9410e39687dd11ebda2babce7d4574f31dd7755409cbd53408321fa,2026-04-16 08:31:07.564458+00:00,hu,blikk.hu,blikk.hu,2026-04-16,"Összeomlott a Freiburg sztárja, amikor megtudta, hogy leukémiás a barátnője",https://www.blikk.hu/sport/kulfoldi-foci/dinkci-futball-baratno-leukemia/wkvzh7e
b000f8664c06a31e7dc54910a3bb036104ec7be13ee627f3387bb91d16a28260,2026-04-16 08:31:02.996045+00:00,hu,blikk.hu,blikk.hu,2026-04-16,"Visszahívták a Tesco népszerű termékét: ha ilyet vásárolt, ne fogyassza el!",https://www.blikk.hu/gazdasag/vasarlas/visszahivas-tesco-nadcukor-nfkh/x9y1p6t
c981ddd2cad627973efea56df00fe6f760791a738d84285baee4a6b81421b9df,2026-04-16 08:30:53.693211+00:00,hu,blikk.hu,blikk.hu,2026-04-16,Erre senki sem számított: Milák Kristóf máris eltűnt,https://www.blikk.hu/sport/milak-kristof-uszas-visszateres-eltunes/k9rbehk
8d3c09c1137b35941181512170654808ad3443cbe420cd1e05138aa17e250a3d,2026-04-16 08:30:48.889608+00:00,hu,index.hu,index.hu,2026-04-16,"Önkívületben a párizsi olimpia hőse, hátán cipelte csapatát a 38 éves veterán",https://index.hu/sport/kosarlabda/2026/04/16/nba-golden-state-warriors-los-angeles-clippers-play-in-steph-curry/
b4e451c5cf222f29ed2864bf1831d4f57e1464b665321e6a2dcfe4bbee37bc41,2026-04-16 08:30:23.533954+00:00,hu,index.hu,index.hu,2026-04-16,Szoboszlai Dominik valóra váltotta egy beteg magyar kisfiú álmát,https://index.hu/bajnokokligaja/2026/04/16/szoboszlai-dominik-david-meghato-latogatas-betegseg-kuzdelem-inspiracio/
0668c77e42c8a24b92fdb389058881f17378f9dd50cb1065fb1a47e218cbde51,2026-04-16 08:30:14.516660+00:00,hu,blikk.hu,blikk.hu,2026-04-16,"Látott már hétajtós Skoda Fabiát? Ha nem, akkor nézze meg ezt!",https://www.blikk.hu/auto/skoda-fabia-het-ajtoval/9jvjz1v
8d42e1ab0c4b43f1b61e3ae420b05cd92f505c2f137b89626595aeb9eed32b57,2026-04-16 08:30:10.596163+00:00,hu,index.hu,index.hu,2026-04-16,"Beleszállt a játékvezetőkbe a Real Madrid edzője, szerinte nem értik a futball lényegét",https://index.hu/sport/futball/2026/04/16/bajnokok-ligaja-real-madrid-bayern-munchen-alvaro-arbeloa-sajtotajekoztato/?utm_source=hirstart&utm_medium=referral&utm_campaign=ct
75cd832a796f3db5a7217638b27b87f779f55e9e46cb40a74af1b0a5e952ac6d,2026-04-16 08:30:07.196447+00:00,hu,blikk.hu,blikk.hu,2026-04-16,Mi teszi a tacskót annyira ellenállhatatlanná a gazdik szemében?,https://www.blikk.hu/eletmod/tippek/tacsko/7kjyx7q
27c1c8261f5a7abd89906bb108d4549ef5db8dd08f70cc934bb7a0baedbe2059,2026-04-16 08:29:44.551106+00:00,hu,index.hu,index.hu,2026-04-16,"Váratlanul videót tett közzé Matolcsy György a választások után, szerinte ez jön most",https://index.hu/gazdasag/2026/04/16/matolcsy-gyorgy-video-uzenet-valasztas/
8cfdf93df0c49224f59838bf3a542b6b7856c5ef3f1ab71673c0a8b046ef398a,2026-04-16 08:29:14.251368+00:00,hu,origo.hu,origo.hu,2026-04-16,"Ha vásárolt ilyet a Tescoban, sürgősen vigye vissza!",https://www.origo.hu/gazdasag/2026/04/nadcukor-surgosen-vigye-vissza
008e1ec6e9f84d8c983acbebf57d760c6c9c7a8b03d5822b0edba6092bfc56dd,2026-04-16 08:28:39.451168+00:00,hu,origo.hu,origo.hu,2026-04-16,„Egy ördög ült a vállamon” – evészavaráról vallott az olimpiai bajnok,https://www.origo.hu/sport/sport-egyeni/2026/04/eveszavar-olimpiai-bajnok-viktor-axelsen-tollaslabda
9d2497db91625aeb3617d290d90e46c2ca858ec73f6f4cde974f1a52c6fab2dc,2026-04-16 08:28:19.639266+00:00,hu,origo.hu,origo.hu,2026-04-16,Eltűntek a milliárdosok Dubajból: már a Rolls-Royce autók és a Louis Vuitton táskák sem fogynak,https://www.origo.hu/gazdasag/2026/04/luxus-mar-a-rolls-royce-autok-sem-fogynak
7c085e3cf0af92c0543006b48e348a9a83b42c50370bb0e9c4e4c06a53f89987,2026-04-16 08:28:04.781955+00:00,hu,origo.hu,origo.hu,2026-04-16,"Hamis oltási igazolással ment az olimpiára, kirúgták a szövetségi kapitányt",https://www.origo.hu/sport/sport-csapat/2026/04/hamis-oltasi-igazolas-olimpia-jegkorong-patrick-fischer
d0b355ca70071a8c34ab98978d0f6ab7c0c1369e99f1418c75ec8e8dbe569909,2026-04-16 08:27:55.117453+00:00,hu,origo.hu,origo.hu,2026-04-16,"Trösztellenes eljárás: razziáztak a Kinder és Nutella gyártójánál, a Ferreronál",https://www.origo.hu/gazdasag/2026/04/ferrero-eu-razzia-a-nutella-es-kinder-mogott
76eda26fedbcabd7fa26bfcfc65b277a8f291769e3fc056b9a73a59fd3f170df,2026-04-16 07:35:08.891485+00:00,hu,blikk.hu,blikk.hu,2026-04-16,"Matolcsy György váratlan üzenete: ""Át kell állni a bőségre, mi ezt tettük""",https://www.blikk.hu/gazdasag/penz/matolcsy-gyorgy-uzenete-boseg-mnb/yg0z51s
8e40f51238d5b52e50adf879e0a1349d7c9020e8bd5e9663f165216761233cdb,2026-04-16 07:35:03.921138+00:00,hu,blikk.hu,blikk.hu,2026-04-16,Teljesen összetört Lovas Annabella legjobb barátnője,https://www.blikk.hu/sztarvilag/hazai-sztarok/lovas-annabella-tragedia-nagy-o-laura/b31c5td
9ece218c98d3eacc140a14bccb2ac18216a062b6a938805baffa9f721b430f03,2026-04-16 07:34:58.817419+00:00,hu,blikk.hu,blikk.hu,2026-04-16,Bencsik András szerint Orbán Viktort az orránál fogva vezették,https://www.blikk.hu/politika/magyar-politika/bencsik-andras-orban-fidesz-kampany-valasztas/bel2z0c
b14f7f56befde9b35c7eaacea08fef23946357b029b94e8b9e44f6bb4f70df91,2026-04-16 07:34:53.938024+00:00,hu,blikk.hu,blikk.hu,2026-04-16,Halálos csapda a kertben: csak a gazda éberségén múlt a fóti kutyák élete,https://www.blikk.hu/aktualis/krimi/kutya-szoges-kolbasz-ugyeszseg-dunakeszi/7kyjf0x
40641caccbabc2335122d9ab14212805f83ab1abb42c2019c04e927a148f4564,2026-04-16 07:34:49.173137+00:00,hu,blikk.hu,blikk.hu,2026-04-16,"Magyar Péter bejelentette, nem a Karmelitában lesz a miniszterelnöki irodája",https://www.blikk.hu/politika/magyar-politika/magyar-pater-tisza-part-karmelita-parlament/h2jlfmr
484d6d88b50087caec4e606f6d1bdb00468f1aa4ee17743072c16f49cdb6d9e8,2026-04-16 07:34:42.353432+00:00,hu,blikk.hu,blikk.hu,2026-04-16,"Danka eltűnése: két év után is rejtély, mi történt a kislánnyal",https://www.blikk.hu/aktualis/krimi/gyerekrablas-szerbia-danka-magyarorszag/wpezvt9
f691ea77f22bd7fc60d9f8f03f2f5eb3d02a4fd68b95c59c60b6b28a44b5c4a7,2026-04-16 07:34:37.613476+00:00,hu,blikk.hu,blikk.hu,2026-04-16,"Mi lett vele? Így él nagymamaként a TV2 egykori időjósa, Onyutha Judit",https://www.blikk.hu/sztarvilag/hazai-sztarok/tv2-idojos-onyutha-judit-nagymama/2ef5en9
5ef353b0ef160db370381133f87ac57315a1755e9f292a858c1938827fb40057,2026-04-16 07:34:32.280811+00:00,hu,blikk.hu,blikk.hu,2026-04-16,Ez lesz Magyar Péterék legnagyobb próbatétele a következő hónapokban – Ennyi az esély az EU-s pénzekre,https://www.blikk.hu/gazdasag/penz/europai-unio-tamogatasok/bnlmvxn
68fdbd943c56b2e422dae5b66307f290c1049d59f0622cbc233e16bfe7c3c82c,2026-04-16 07:34:27.276601+00:00,hu,blikk.hu,blikk.hu,2026-04-16,Győrfi Pál és a felesége 17. házassági évfordulót ünnepelnek: így néztek ki Adriennel az esküvőjükön – fotó,https://www.blikk.hu/sztarvilag/hazai-sztarok/gyorfi-pal-salgo-adrienn-hazassagi-evfordulo/4t3e3ln
31083701e224618f5e9ec31f0c70474f64bd2776741a41f41e52b6ad99e718b7,2026-04-16 07:34:05.411883+00:00,hu,blikk.hu,blikk.hu,2026-04-16,"„Én már tavaly láttam, hogy baj van” – Így üzent Fresh Andi a súlyos beteg Rubint Rékának",https://www.blikk.hu/sztarvilag/hazai-sztarok/rubint-reka-betegseg-rak-fresh-andi/td24qvx
a4e03e98d1b717f2d6db96835886b0454caa05a5e188c345c4829a479f313352,2026-04-16 07:34:00.269814+00:00,hu,blikk.hu,blikk.hu,2026-04-16,"Egy növény, amely leolvasztja a zsírt, méregteleníti a májat és csökkenti a cukorszintet: igazi kincs, és tavasszal a leghatékonyabb",https://www.blikk.hu/eletmod/egeszseg/pitypang-meregtelenites-maj/r4x64y5
7aba2a6f9492d1d90a38e07ab8fec7e6940c1dd7dcad3c3627c931ad42ad1765,2026-04-16 07:33:32.032432+00:00,hu,blikk.hu,blikk.hu,2026-04-16,Ezt mondta Nagy Ervin Vidnyánszky Attila sorsával kapcsolatban,https://www.blikk.hu/politika/magyar-politika/nagy-ervin-vidnyanszky-valasztas-tisza/e59qz1v
0794bf908152af73a1cfbe8cbc8517b943865ba62cfe7a788fa80f4706d12997,2026-04-16 07:33:10.618454+00:00,hu,blikk.hu,blikk.hu,2026-04-16,Így ugrott a várandós lánya nyakába Szandi Los Angelesben a reptéren,https://www.blikk.hu/sztarvilag/hazai-sztarok/bogdan-blanka-szandi-ujra-talalkozas/wrxvch3
e0280561fbba59765965a6270ff4b3dfb01369db23ec71e79d562ab7ecb1a929,2026-04-16 07:32:49.759257+00:00,hu,blikk.hu,blikk.hu,2026-04-16,"Shannon Elizabeth új terepre lépett – és úgy tűnik, most ő osztja a lapokat",https://www.blikk.hu/shannon-elizabeth-amerikai-pite-onlyfans/exy1tnp
e3ea795cde706527998fab449113e3a092eed88a3b0b1f5b0abee3993530bba3,2026-04-16 07:32:45.345423+00:00,hu,blikk.hu,blikk.hu,2026-04-16,Navracsics Tibor visszavonul a politikától,https://www.blikk.hu/politika/magyar-politika/navracsics-tibor-visszavonul-a-politikatol/52yw2vz
006b34160144b67ab57cb252df14c67f4d9fc3721b59644e6f888f5b9e54a710,2026-04-16 07:22:38.781545+00:00,hu,index.hu,index.hu,2026-04-16,"Egész Madrid tombol Camavinga második sárgája miatt, de még a németek sem értik",https://index.hu/bajnokokligaja/2026/04/16/slavko-vincic-masodik-sarga-camavinga-tombol-a-madridi-sajto-/?utm_source=hirstart&utm_medium=referral&utm_campaign=ct
102c23ebd2989c386badf26390eb47e29d1bce706ea30fc2e22fa9a58a4d3dce,2026-04-16 07:20:09.088355+00:00,hu,origo.hu,origo.hu,2026-04-16,A pályán gyilkolták meg az ecuadori játékvezetőt,https://www.origo.hu/sport/sport-futball/2026/04/jatekvezeto-ecuador-gyilkossag-fegyveres-tamadok
426a679971a1681cc3d92314f7d4beb60fdd1b581a46b6b1d64eca861de334c7,2026-04-16 07:20:04.090976+00:00,hu,origo.hu,origo.hu,2026-04-16,Azonnali visszahívást jelentettek be – népszerű gyógyszert érint,https://www.origo.hu/nagyvilag/2026/04/xanax-visszahivas-xr-3-mg
e91970c16107278b7dd4d1673e5e4547f4b0700acee5bdcb812f44c02e708ebc,2026-04-16 07:19:59.091949+00:00,hu,origo.hu,origo.hu,2026-04-16,A Bayern München játékosa felháborodva szidta a Real Madrid sztárját,https://www.origo.hu/sport/sport-futball/2026/04/bayern-munchen-real-madrid-bl-stanisic-antonio-rudiger
448d5be3bdb8c9841b1b20fd4bb06af092b2fe6d864309d26e162335b3af3f89,2026-04-16 07:19:45.969162+00:00,hu,origo.hu,origo.hu,2026-04-16,Ballisztikus rakéták miatt fújtak riadót Kijevben,https://www.origo.hu/kulpol/2026/04/ballisztikus-raketak-miatt-fujtak-riadot-kijevben
490009c824472e002b437c646ca5a54b660217e38ff66ba14fedb6f9280e214e,2026-04-16 07:19:35.862816+00:00,hu,origo.hu,origo.hu,2026-04-16,"A Wall Street Journal Orbán Viktorról írt – önnek is látnia kell, hogy mit",https://www.origo.hu/belpol/2026/04/orban-viktor-wall-street-journal-diktatura-tevedes
305c22b6ee7647e901135b965497789c379701b31fba134866c100971204b91e,2026-04-16 07:19:21.222539+00:00,hu,origo.hu,origo.hu,2026-04-16,Mi történik Győrben? Különleges ok miatt állt le az Audi-gyár,https://www.origo.hu/auto/2026/04/mi-tortenik-gyorben-kulonleges-ok-miatt-allt-le-az-audi-gyar
9e56078318cad849e8d178237342d8a0f4097b56c11e55754f1b3f5654e600ec,2026-04-16 07:19:15.629937+00:00,hu,origo.hu,origo.hu,2026-04-16,Szívszaggató fájdalmáról vallott Molnár Piroska,https://www.origo.hu/teve/2026/04/molnar-piroska-szinmuvesz-veszteseg-halal-emlek
faa2c17a7d96dcec8ae8c01ca1afd8aa33107ea382e1ae74cb461486f0d36ddb,2026-04-16 07:19:11.219887+00:00,hu,origo.hu,origo.hu,2026-04-16,"Hiába a BL-kiesés, Arda Gülernek máris Aranylabdát adnának",https://www.origo.hu/sport/sport-futball/2026/04/arda-guler-real-madrid-bl-kieses-aranylabda-szurkolok
7f2cde91a6f50a40c85f3dddd6f4b91b2cf5de34fcf78e8198a0ac8650210ef1,2026-04-16 07:18:47.211834+00:00,hu,origo.hu,origo.hu,2026-04-16,Trump szerint történelmi pillanat közeleg,https://www.origo.hu/kulpol/2026/04/trump-szerint-tortenelmi-pillanat-kozeleg
e4bae951fdc1e275815880c268b6c84b7d011a44c51f719244e182767b667b1a,2026-04-16 07:18:26.500008+00:00,hu,origo.hu,origo.hu,2026-04-16,"A Real Madrid már csak az edzőkereséssel foglalkozik, ők kaphatják a lehetetlen állást",https://www.origo.hu/sport/sport-futball/2026/04/real-madrid-arbeloa-uj-edzo-klopp-zidane-pochettino
de3d2ea1249393462d40888e5045072c5ee61e3297ad687ae42997ff8b7adf02,2026-04-16 07:18:22.383417+00:00,hu,origo.hu,origo.hu,2026-04-16,Radics Gigi nagy bejelentést tett a jövőjéről,https://www.origo.hu/itthon/2026/04/radics-gigi-eljegyzes-eskuvo
1634dd0362d764f58b294587b004a59e010cf71a68ad7475e03cced4b7921f7b,2026-04-16 07:18:16.685458+00:00,hu,origo.hu,origo.hu,2026-04-16,Most érkezett! Földrengés volt Magyarországon,https://www.origo.hu/itthon/2026/04/foldrenges-magyarorszag-somogy-varmegye-bolho
b75dc75199629d682695858d242d6517ccb67be053064018e9d74332a1a29532,2026-04-16 07:17:58.927038+00:00,hu,origo.hu,origo.hu,2026-04-16,"Medence, luxus és saját rezidencia a gyerekeknek – ilyen lesz Kulcsár Edináék otthona",https://www.origo.hu/teve/2026/04/kulcsar-edina-otthon-felujitas-gyerekek-rezidencia
fa7c5e2a8cccc5737abc6cb986b4a6629f450e0082cb6f28fe559970a531a169,2026-04-16 07:17:54.058014+00:00,hu,origo.hu,origo.hu,2026-04-16,"Azonnal törölje ezeket az appokat a számítógépéről, ha nem szeretné, hogy ellopják az adatait!",https://www.origo.hu/techbazis/2026/04/chrome-tamado-bovitmenyek-socket
eeb675f223e31765bb6c05a573f09d738e4d3f98d3337906e3f2d5e7ab72d5d3,2026-04-16 06:48:20.537731+00:00,hu,index.hu,index.hu,2026-04-16,"Hansi Flick távozhat Barcelonából, elege lett sztárjátékosa kényeztetéséből",https://index.hu/sport/futball/2026/04/16/hansi-flick-barcelona-tavozas-laminer-yamal/
09e95880002c5119898b89fbc31f90e82044deeb78f1e0ca42db72c60408a9ac,2026-04-16 06:47:31.147314+00:00,hu,index.hu,index.hu,2026-04-16,Nem tér magához az internet a vaddisznókat kergető varsói robottól,https://index.hu/fomo/2026/04/16/humanoid-varso-robot-vaddisznok-sci-fi-influenszer/
980b320d2531c04a437c81f19691cf33336fc6df929d2a2298ea5f7857234779,2026-04-16 06:47:26.227358+00:00,hu,index.hu,index.hu,2026-04-16,„Ennél csodálatosabban nem is telhetett volna”,https://index.hu/mindekozben/poszt/2026/04/16/-ennel-csodalatosabban-nem-is-telhetett-volna---meses-helyen-unnepelte-szuletesnapjat-bodi-sylvi/
604c55e0e85bfbc2f60cbd0e9994f8d4e8c1c8043f3c4ccc6fef41b1df4488dc,2026-04-16 06:47:04.044790+00:00,hu,index.hu,index.hu,2026-04-16,"Túlélésre játszik az MCC brüsszeli alszervezete, hiába akarja Magyar Péter bezáratni",https://index.hu/kulfold/2026/04/16/mathias-corvinus-collegium-brusszel-magyar-peter-bezaras/
6194d7ff4f0a6fc605366061afb83088d97d04d4e7bef891be4d1ed707a053d9,2026-04-16 06:46:55.045736+00:00,hu,index.hu,index.hu,2026-04-16,Földrengés volt a magyar–horvát határon,https://index.hu/belfold/2026/04/16/foldrenges-magyarorszag-bolho-horvatorszag-kovesligethy-rado-szeizmologiai-obszervatorium/
1d40dc7f3f2d28f16ca3aa0c83ed6bd567c38e7395dd88930dbce53b5c94138a,2026-04-16 06:46:49.910510+00:00,hu,index.hu,index.hu,2026-04-16,Harry herceg kitálalt a mentális problémáiról,https://index.hu/fomo/2026/04/16/harry-herceg-meghan-markle-ausztralia-korut-apasag/
7f03f012ce57e0cf4472444bdc359b28156170e553cf3da513501fe855c13d85,2026-04-16 06:46:24.162862+00:00,hu,index.hu,index.hu,2026-04-16,"Anne Hathaway nem bízott sokat a fantáziára, áttetsző ruhában hirdette új filmjét",https://index.hu/mindekozben/poszt/2026/04/16/anne-hathaway-meresz-attetszo-ruha-premier/
9331e2dc65cf2f0bb142f7c05b68cf613e78aa980a0a803ca407379d48f322a9,2026-04-16 06:25:16.072047+00:00,hu,origo.hu,origo.hu,2026-04-16,Mutatjuk a választások utáni menetrendet – sorsdöntő időszak jön,https://www.origo.hu/belpol/2026/04/valasztas-menetrend-uk-kormany-magyar-peter-sulyok
7d5afd4562124b2d72ca69870b22277f2fab35a8485dbed81f4bc3db01f515ff,2026-04-16 06:25:05.786357+00:00,hu,origo.hu,origo.hu,2026-04-16,Bécsben bezárhatják az iráni rezsimhez köthető iszlám központot,https://www.origo.hu/kulpol/2026/04/becs-iran-rezsim-iszlam-kozpont
df16c5caf9cb530b14cc89ed9b37e2f62745c90e386df5a36c02aa6cf9274860,2026-04-16 06:24:58.129476+00:00,hu,origo.hu,origo.hu,2026-04-16,Megőrül az internet ezért az italért – az orvosok viszont figyelmeztetnek,https://www.origo.hu/nagyvilag/2026/04/tojasos-kave-vietnami-egeszsegugyi-kockazat
c28c74fbd6334281e232f467a67dc4dc8439070cbd05922b533f2797ca4947bc,2026-04-16 06:24:53.795372+00:00,hu,origo.hu,origo.hu,2026-04-16,A madridi KO után Varga Barnabásra figyel Athén,https://www.origo.hu/sport/sport-futball/2026/04/varga-barnabas-rayo-vallecano-aek-athen-marko-nikolics
31267f853782f552cde4dd36212fd0158c5dbe3575805c540d32455199e74581,2026-04-16 06:24:40.249592+00:00,hu,origo.hu,origo.hu,2026-04-16,A Real Madrid dühös sztárjai megtörték a csendet – videó,https://www.origo.hu/sport/sport-futball/2026/04/real-madrid-bayern-munchen-bl-sztarok-kemeny-reakciok
43073f2244982a4c7517b476baf3e4f1c4d966fd930679cc5b5691b9c31f9f0d,2026-04-16 06:24:35.509203+00:00,hu,origo.hu,origo.hu,2026-04-16,Az Arsenalnál mindent kockára tesznek a budapesti BL-döntő miatt,https://www.origo.hu/sport/sport-futball/2026/04/arsenal-sporting-arteta-nyilatkozat
30855a92e523d5c7605900ba14834d496c46f9e0a4976d66d97b91e1da412962,2026-04-16 06:24:29.774737+00:00,hu,origo.hu,origo.hu,2026-04-16,Perverz szemüvegnek csúfolják a Meta új kütyüjét – titokban nőket videóznak vele az utcán,https://www.origo.hu/nagyvilag/2026/04/okosszemuveg-meta-uj-kutyu-titok-nok-videozas
a800233c30b56a50f23b53f075a7d56f6adf42f0b5af0e7881442c453a9e0336,2026-04-16 06:24:05.954905+00:00,hu,origo.hu,origo.hu,2026-04-16,Fleck Zoltán szerint senkit sem érdekel a jogállam,https://hirtv.origo.hu/ahirtvhirei/2026/04/fleck-zoltan-szerint-senkit-sem-erdekel-a-jogallam
69cd40c82f8ce45ca52d4943101319858712aa75d537d37dbc5f3f7195facd11,2026-04-16 06:23:55.249315+00:00,hu,origo.hu,origo.hu,2026-04-16,Rémálommá vált a műtét: rossz szervet távolított el az orvos,https://www.origo.hu/nagyvilag/2026/04/muhiba-halal-sebesz-emberoles
bb81a46f0565874f0b0285952a8d5762e0b00b16ee4dff83d25a481297052edb,2026-04-16 06:23:51.135460+00:00,hu,origo.hu,origo.hu,2026-04-16,Napi sudoku - nehezebb verzió,https://www.origo.hu/keresztrejtveny/2026/04/2026-04-16-napi-sudoku-nehezebb-verzio
4dfb1dc1725e3afd4f57e9d7e86bb982c86cdf145bf3c09701c1642e6e369184,2026-04-16 06:23:40.538187+00:00,hu,origo.hu,origo.hu,2026-04-16,Ferencz Orsolya szerint az értékközösség feldolgozási fázisa mélyebb és hosszabb lesz,https://hirtv.origo.hu/ahirtvhirei/2026/04/ferencz-orsolya-szerint-az-ertekkozosseg-feldolgozasi-fazisa-melyebb-es-hosszabb-lesz
d91217a0235de3ccec3e47ae4066af3447fcd3c18fe97084c056bbf3b688cb76,2026-04-16 06:23:05.381505+00:00,hu,origo.hu,origo.hu,2026-04-16,"Megvan, mi okozhatta a Real Madrid Bajnokok Ligája-kudarcát – mutatjuk!",https://www.origo.hu/sport/sport-futball/2026/04/real-madrid-bl-kieses-slavko-vincic-nyilatkozatok
77f4a280d4ae37d0d4a252465d21fde6158a7fb0f10a3e126307189469bcd079,2026-04-16 06:22:55.725048+00:00,hu,origo.hu,origo.hu,2026-04-16,Dél-Korea a világ egyik legnagyobb hadiipari exportőre,https://hirtv.origo.hu/hirtvkulfold/2026/04/del-korea-a-vilag-egyik-legnagyobb-hadiipari-exportore
b1cd6f06d716546d6b9cc500d97575a98132ecfe4cf86b4d5aa3651918503179,2026-04-16 06:22:38.685297+00:00,hu,origo.hu,origo.hu,2026-04-16,Tilos lesz dohányozni Törökországban? Ez a turistákat is érinti!,https://www.origo.hu/nagyvilag/2026/04/dohanyfustmentes-torokorszag-dohanyzasi-tilalom-2040
5e2a1574690c47949ed08716fe01fb1f5681f8f58eecc0567e303928043d3d89,2026-04-16 06:22:33.976529+00:00,hu,origo.hu,origo.hu,2026-04-16,"Elképesztő, miket kezdtek lopkodni az autókról – így védekezhet!",https://www.origo.hu/auto/2026/04/visszapillanto-tukor-lopas-zsak
3805524bfe408790f88b507d80b1a9ee1b32c678e1d516e9e1b2a480db754462,2026-04-16 06:22:29.294219+00:00,hu,origo.hu,origo.hu,2026-04-16,Napi keresztrejtvény,https://www.origo.hu/keresztrejtveny/2026/04/2026-04-16-napi-keresztrejtveny
c3d04ae8a8aa7f69f302445b67000fc23ccba7981498c2f8524a31e19b85ee0a,2026-04-16 06:22:23.701531+00:00,hu,origo.hu,origo.hu,2026-04-16,"Veszélybe került a klímaváltozás egyik legfontosabb, 1200 éves adatbázisa",https://www.origo.hu/nagyvilag/2026/04/cseresznyeviragzas-japan-klimavaltozas-adatbazis
668a2bc7bea19a3b27ae7be548c339f8ea1d9a6c30da47fe8f8e607c12c7e44d,2026-04-16 06:22:18.738672+00:00,hu,origo.hu,origo.hu,2026-04-16,Starmer bajban: történelmi vereség fenyegeti a Munkáspártot Walesben,https://www.origo.hu/kulpol/2026/04/starmer-vereseg-munkaspart-wales
201aa09e3cddda9fc6c022cff984cea564ac34d0cc07ce61dfffadb93ec06653,2026-04-16 06:22:06.554434+00:00,hu,origo.hu,origo.hu,2026-04-16,Döntöttek a világ legviccesebb sorozatáról: Catherine O’Hara nélkül soha!,https://www.origo.hu/filmklub/2026/04/catherine-ohara-halal-netflix-dan-levy
1cc198b2900bbc86585ed3b357206f9debcf325821c0fbacf55474ba7ab1261e,2026-04-16 06:22:02.673894+00:00,hu,origo.hu,origo.hu,2026-04-16,Napi sudoku - könnyebb verzió,https://www.origo.hu/keresztrejtveny/2026/04/2026-04-16-napi-sudoku-konnyebb-verzio
152dd384cbda41004b5c1cec7844133e67d55a3fed239812f8b1b2a87b390dad,2026-04-16 06:21:56.627106+00:00,hu,origo.hu,origo.hu,2026-04-16,18 000 milliárd forint: ennyi pénz kell a közel-keleti energialétesítmények helyrepofozásához,https://www.origo.hu/gazdasag/2026/04/letesitmeny-energia-kozel-kelet-karok
1fc78f3b6a30083e2a797d0b29383dcffa230a7861f68a29fa601e33d35bcd21,2026-04-16 06:21:55.531659+00:00,hu,origo.hu,origo.hu,2026-04-16,Kiderült hogy spórolnak a magyarok,https://hirtv.origo.hu/hirtv-gazdasagi-hirei/2026/04/kiderult-hogy-sporolnak-a-magyarok
407561b208ec00f2c409adf6fb767d89ef739b968a0b7ec5c610dd55234672f2,2026-04-16 06:21:34.923958+00:00,hu,blikk.hu,blikk.hu,2026-04-16,"Erős Antónia megszólalt a választások után arról, mire számíthatnak a nézők Híradóban",https://www.blikk.hu/sztarvilag/hazai-sztarok/tisza-part-gyozelem-eros-antonia-hirado/4rz7vb7
d4760f9a59cb41fbf446184a36d93f34014fad2548902cbf982b97a73ba9e02c,2026-04-16 06:21:28.652110+00:00,hu,blikk.hu,blikk.hu,2026-04-16,"Nyárias idő lesz ma, akár 24 fok is lehet",https://www.blikk.hu/aktualis/belfold/idojaras-csutortok-meleg-tavasz/h80r1r3
e8c7583a07890146f5865ca3685a0c3edf7593ca49af18aca799783c62c15c16,2026-04-16 06:21:26.655872+00:00,hu,origo.hu,origo.hu,2026-04-16,"Most még kellemes, de közeleg a változás – mutatjuk mikor romlik el az idő!",https://www.origo.hu/itthon/2026/04/idojaras-napsutes-eso-7
06cd70a8a548c44763a489a61b6b0f793eb17953993668cff91861b45006ee17,2026-04-16 06:21:14.566441+00:00,hu,blikk.hu,blikk.hu,2026-04-16,"Majkát szerint Pápai Joci elárulta őt: ""Azokhoz csatlakozott, akik tönkre akartak tenni...""",https://www.blikk.hu/sztarvilag/hazai-sztarok/majka-papai-joci-csalodas-baratsag-valasztas-fidesz/r93q6st
cc643c9194db2c1d8f57e05d16e6d5e1d84bbb009471025d9b36045f56b3c072,2026-04-16 06:21:08.001828+00:00,hu,origo.hu,origo.hu,2026-04-16,"Elveszett életek, örök emlékezet: a holokauszt magyar áldozatainak emléknapja",https://www.origo.hu/itthon/2026/04/elveszett-eletek-orok-emlekezet-a-holokauszt-magyar-aldozatainak-emleknapja
bef739a8d4638b23630b06020e56e3e0567662fed47cdc61410f364111c7fef7,2026-04-16 06:20:42.294190+00:00,hu,blikk.hu,blikk.hu,2026-04-16,„Majdnem ordítottam fájdalmamban” – Molnár Piroska őszintén vallott a magányról,https://www.blikk.hu/sztarvilag/hazai-sztarok/molnar-piroska-szineszno-gyasz/hv77mlb
b3fc62881f07355e683db9f9f9d8f79226e7323d705fdf1b4b88756d98cf4678,2026-04-16 06:20:38.386035+00:00,hu,origo.hu,origo.hu,2026-04-16,Nagy a baj: halálos baktériumok kerülnek a levegőbe,https://www.origo.hu/tudomany/2026/04/antibiotikum-rezisztencia-veszelyei-korhazakban
783d733607d30b7934950efb676887a4e25d2e78c2d66090e806bdd55d7a4bc4,2026-04-16 06:20:32.680636+00:00,hu,blikk.hu,blikk.hu,2026-04-16,"Messzebbre nyúlnak a szálak, mint hitték: Felfüggesztették a nyomozást a Szulejmán sztárjának nevével visszaélő csaló ügyében",https://www.blikk.hu/aktualis/belfold/szulejman-csalas-sztar-lehuzas-rendorseg/f5s7lf2
97ca0cb5642d1f0069315cbab07115fe2b359524d2a1683a11c869a37676667b,2026-04-16 06:20:31.776318+00:00,hu,origo.hu,origo.hu,2026-04-16,"Öt éve hunyt el Törőcsik Mari, a nemzet ikonja, aki megváltoztatta a magyar színjátszást",https://www.origo.hu/itthon/2026/04/torocsik-mari-nemzet-ikonja-megvaltoztatta-szinjatszast
a3f2c907076f3ff14f4176b0f8a344bca89dc9e19eb69beccb88fd9b3065c40a,2026-04-16 06:20:27.487702+00:00,hu,blikk.hu,blikk.hu,2026-04-16,"Hol járunk? Felismeri, melyik városban állnak ezek az építmények?",https://www.blikk.hu/eletmod/utazas/varosok-epuletek-fotok-kviz/1g7r1pb
50dfc582211e79fedffd4c9d92672acd4c663da80f52c518691915cf8a95f926,2026-04-16 06:20:26.277147+00:00,hu,origo.hu,origo.hu,2026-04-16,Már itthoni étteremben is kapni a világhírű TikTok-burgonyát,https://www.origo.hu/itthon/2026/04/burgonya-tiktok-gasztrotrend-magyar-etterem
ba00dbb83d4422cfb6a8449f313576d6f8fbe29707edde84b87ce6d893dd2498,2026-04-16 06:20:22.520946+00:00,hu,blikk.hu,blikk.hu,2026-04-16,2026. április 16.: Három csillagjegy számára kezdődik a szerencse időszaka – Te köztük vagy?,https://www.blikk.hu/eletmod/lelek/csillagjegyek-siker-szerencseidoszak/4mtjstr
6bef01d814ee903f2f304f738d7734a9ee8980e3c598b3b9458dfda53fa4c806,2026-04-16 06:19:59.468376+00:00,hu,blikk.hu,blikk.hu,2026-04-16,Földrengés volt Magyarországon az éjszaka: megszólalt a katasztrófavédelem is,https://www.blikk.hu/aktualis/belfold/foldrenges-magyarorszag/0x64vpm
9b34ef44adefd95427bc048b6908dc13c4bfcc994950d4ca38f57ffd968090c8,2026-04-16 06:19:54.906514+00:00,hu,blikk.hu,blikk.hu,2026-04-16,Több távozó parlamenti politikus is 12 millió forintos búcsúpénzt kap,https://www.blikk.hu/politika/magyar-politika/parlament-vegkielegites-tavozo-politikus/y2pkb32
4c25244a48de30e766a9073190bd9a4137b1c5194fdd49d6c8030ab72ec6c3a2,2026-04-16 05:18:22.855416+00:00,hu,index.hu,index.hu,2026-04-16,"Olaj, háború, pénzeső: így gazdagodott meg Oroszország a káoszban, míg Amerika félrenézett",https://index.hu/kulfold/2026/04/16/oroszorszag-ukrajna-orosz-ukran-konfliktus-moszkva-kijev-vlagyimir-putyin-volodimir-zelenszkij-europai-unio-nato-beketargyalasok/
2a6547b51ea71a207cf1e5d7a11f1fef4fd2d5c580a004bf0ab2ebfbab8e9c1e,2026-04-16 05:18:15.863133+00:00,hu,index.hu,index.hu,2026-04-16,"Akár 24 fok is lehet csütörtökön, helyenként zápor társulhat a napsütéshez",https://index.hu/belfold/2026/04/16/idojaras-elorejelzes-napsutes-szel-zapor-csutortok-homerseklet/
454b537db29cdc2739b500a5ff49c8c029f2a79b8a221b64ac836f20fe3a7868,2026-04-16 05:17:41.176237+00:00,hu,index.hu,index.hu,2026-04-16,"Tűvel és cérnával érkezett, hogy megstoppolja az Úr lyukas zokniját",https://index.hu/kultur/2026/04/16/tolnai-otto-emlekkonferencia-irodalom-magyar-irodalom-elte-esztetika-tanszek-kolto-versek-kultbudapest/
8519374f951ac301ed61e8631ae10fde4ea2539d5488bae559a1b531af399ec3,2026-04-16 05:17:27.284650+00:00,hu,index.hu,index.hu,2026-04-16,"Rendszerből rendszerbe? Magyar Péter nem hagyott kétséget, nagy változások jönnek",https://index.hu/belfold/pillanatkep/2026/04/16/pillanatkep-elemzes-valasztas-magyar-peter-tisza-part-hatalom-rendszervaltas-kozmedia-fidesz-orban-viktor-orszaggyules/
16fb994fca3e3da9cdae58b707e2f1269d12cd9b6099d0a889e10e591289d319,2026-04-16 05:17:13.914030+00:00,hu,index.hu,index.hu,2026-04-16,"Árokba csúszott egy autó az M1-esen, de senki nem foglalkozott vele",https://index.hu/belfold/2026/04/16/cserbenhagyas-elsosegely-m1-autopalya-segitsegnyujtas-baleset/
faaaca2d2d222715e08ef644198cecb270c45a210bb5634aaedb845787af940a,2026-04-16 05:17:04.295287+00:00,hu,index.hu,index.hu,2026-04-16,"Ezért vállalta el igazából Gombos Edina az Ázsia Expresszt, tisztázott egy félreértést is",https://index.hu/mindekozben/poszt/2026/04/16/azsia-expressz-gombos-edina-magyar-musor-szereples/
71e5eaf6a41a04a87a8f2b070f4a1e265de344c05005a2997d239f815e3f939b,2026-04-16 05:00:20.952053+00:00,hu,blikk.hu,blikk.hu,2026-04-16,A gáztűzhelyek használata milliók egészségét befolyásolhatja negatívan – ezek az lehetséges óvintézkedések,https://www.blikk.hu/ferfiaknak/tech/gaztuzhely-egeszsegi-kockazat/qec5k6s
d047561fc57fc6875b6d226b542beb08a47c7e2e9b981806db734fcd7114ecb3,2026-04-16 04:59:51.185760+00:00,hu,blikk.hu,blikk.hu,2026-04-16,"""Azt gondoltam magamban, ez tuti nem százas"" – a csajozásban is támogatta egymást Gesztesi Károly és Galambos Lajcsi",https://www.blikk.hu/sztarvilag/hazai-sztarok/gesztesi-karoly-szulinap-galambos-lajos/2rfmhcx
d45ea912b3336a3fe66cac4e2eed43313308923041d03de69a447e8baeeea71e,2026-04-16 04:59:11.818207+00:00,hu,blikk.hu,blikk.hu,2026-04-16,Friss kutatás: a túlzott AI-használat rontja a gondolkodás minőségét és az önállóságot,https://www.blikk.hu/ferfiaknak/tech/ai-hasznalat-emberi-gondolkodas-romlasa/v63elph
b1b570a936c6bdd670a6e0f81fd29e30a07f38e9c9bda5b52145f4dbdf902d3b,2026-04-16 04:59:06.101582+00:00,hu,blikk.hu,blikk.hu,2026-04-16,Kudlik Júliát akarta menyének Antal Imre édesanyja,https://www.blikk.hu/sztarvilag/hazai-sztarok/antal-imre-kudlik-julia-kapcsolata/ekq5wn8
348c243f6f94348fe1a34ecdd55d1f007e816c2fc344b9407f4444572b2eb19f,2026-04-16 04:58:58.018214+00:00,hu,blikk.hu,blikk.hu,2026-04-16,Diófélék: hetente kétszer érdemes fogyasztani,https://www.blikk.hu/eletmod/egeszseg/diofelek-etel-eletet-menthet/ljzhy3v
fa0d39d667391f29e354bee1f483957001c08d532ca19d2a99c3087496defefc,2026-04-16 04:58:52.579871+00:00,hu,blikk.hu,blikk.hu,2026-04-16,"Sokkoló dizájn, brutális hatótáv: a Nissan mindent feltett egy lapra",https://www.blikk.hu/auto/nissan-juke-harmadik-generacio/19m5fsx
c933bf55ddd12fd49ef5ba673a9b07012ce20a90cd362fa3e5bee1db10e836ea,2026-04-16 04:12:58.594157+00:00,hu,origo.hu,origo.hu,2026-04-16,Ez a kvíz majdnem mindenkin kifog! Önnek sikerül hibátlanul kitöltenie?,https://www.origo.hu/nagyvilag/2026/04/kviz-foldrajz-orszag-fovaros
13752e8f468e958801313c4388f7b28cf945a4c21af381eb620a7948f70f98e9,2026-04-16 04:11:41.884512+00:00,hu,origo.hu,origo.hu,2026-04-16,A Real Madrid edzője nekiment a bírónak a BL-kiesés után,https://www.origo.hu/sport/sport-futball/2026/04/real-madrid-bayern-arbeloa-slavko-vincic
da5af6101ed5b9e5f78098b9bc66f42c950401f4390e8c7bda04b0f52b693c8f,2026-04-16 04:11:32.674698+00:00,hu,origo.hu,origo.hu,2026-04-16,Nem törünk meg – Ellenzékből védjük a bástyát,https://www.origo.hu/velemeny/2026/04/nem-torunk-meg-ellenzekbol-vedjuk-a-bastyat
f35748fb276e7bf010b87a95087f465da2f2c14aca954f5401d7b6371e50cdd0,2026-04-16 04:10:49.359160+00:00,hu,origo.hu,origo.hu,2026-04-16,Mit csináljunk 8–12 órán át a repülőn? Praktikus túlélési tippek hosszú utakhoz,https://www.origo.hu/utazas/2026/04/hosszu-repuloutra-hasznos-tippek-igy-veszeljuk-at
0ed10f343fb3638e506f472105ff510c1dc5a08f612c87800f44125b37042bc9,2026-04-16 04:10:42.755531+00:00,hu,origo.hu,origo.hu,2026-04-16,"Vége a beesett arcnak és a tokának – Utánajártunk, mit tud valójában az arcjóga",https://www.origo.hu/eletmod/2026/04/arcjoga-elonyei-gyakorlatok
c29225f2ddd9267caf32440c6d5d507fd1c22e2eef8f3abcccdc575c287eada9,2026-04-16 02:32:02.772346+00:00,hu,origo.hu,origo.hu,2026-04-15,Muszlim ország lesz Franciaországból? Maréchal könyve felrobbantotta a közvéleményt,https://hirtv.origo.hu/hirtvkulfold/2026/04/muszlim-orszag-lesz-franciaorszagbol-marechal-konyve-felrobbantotta-a-kozvelemenyt
3f03c2583109d582c0e2517b76cd4925e83aefb8d0039d6776bc04f7c476ebf0,2026-04-16 02:31:40.595013+00:00,hu,origo.hu,origo.hu,2026-04-15,Akcióhősöket faragnak a magyar színművészekből,https://hirtv.origo.hu/ahirtvhirei/2026/04/akciohosoket-faragnak-a-magyar-szinmuveszekbol
9f4c6c6c091dc1734f081864c58ded572d5b7c65c425e8c27ccf5a6389dd1a63,2026-04-16 02:31:35.485614+00:00,hu,origo.hu,origo.hu,2026-04-15,Euróbevezetés: Hecker Flórián szerint indokolt az óvatosság a forint lecserélése előtt,https://hirtv.origo.hu/hirtv-gazdasagi-hirei/2026/04/eurobevezetes-hecker-florian-szerint-indokolt-az-ovatossag-a-forint-lecserelese-elott
bc73789b017fff11bf9cba80a838d8410b0022346479c87d0b135619b7862393,2026-04-16 02:30:48.184902+00:00,hu,origo.hu,origo.hu,2026-04-15,A SOTE tetején vizsgázott a budapesti elit mentőegység,https://hirtv.origo.hu/hirtvszines/2026/04/a-sote-tetejen-vizsgazott-a-budapesti-elit-mentoegyseg
0c7e1d9fd20c01a9a9465be7b803959e1ef457792d1f67afbfc36c2fc8f8b8b0,2026-04-16 02:30:40.682650+00:00,hu,origo.hu,origo.hu,2026-04-15,Meghívókkal a zsebben ordibálni? Magyar Péter és a „nem hívtak” mese bukása,https://hirtv.origo.hu/ahirtvhirei/2026/04/meghivokkal-a-zsebben-ordibalni-magyar-peter-es-a-nem-hivtak-mese-bukasa
b4abea30f4767dad9ec11c703d189956a08b7e1c5a11c41e60d609f85a1534f5,2026-04-16 02:30:29.808748+00:00,hu,origo.hu,origo.hu,2026-04-15,"Ferencz Orsolya belső tisztogatást, Magyar Péter médiablokádot hirdet",https://hirtv.origo.hu/ahirtvhirei/2026/04/ferencz-orsolya-belso-tisztogatast-magyar-peter-mediablokadot-hirdet
d2a1e226dad08ede0828055a0b6c7b6fde7b76dc4cf792d05f1d1591782784e8,2026-04-16 02:30:24.779502+00:00,hu,origo.hu,origo.hu,2026-04-15,"A Mór megtette, a Mór mehet? Panyi Szabolcs távozása és a Sándor-palotai ultimátum",https://hirtv.origo.hu/ahirtvhirei/2026/04/a-mor-megtette-a-mor-mehet-panyi-szabolcs-tavozasa-es-a-sandor-palotai-ultimatum
763554b2ec0af1e5d7c89c5e7e355dd32a2af85345b000cc72576c7e9e2050e6,2026-04-16 02:30:19.796845+00:00,hu,origo.hu,origo.hu,2026-04-15,154 szúrás és a „világ legjobb anyukája”: Amit a helyszínelő retinája sosem felejt el,https://hirtv.origo.hu/ahirtvkekhirei/2026/04/154-szuras-es-a-vilag-legjobb-anyukaja-amit-a-helyszinelo-retinaja-sosem-felejt-el
bd7056b5e99a9e2740bd5a8d287a70af7e5fe072d4778a64b18fc6177a4e89c8,2026-04-16 02:30:00.758026+00:00,hu,origo.hu,origo.hu,2026-04-15,Magyar Péter a Karmelitában egyeztetett a kormányalapításról,https://hirtv.origo.hu/ahirtvhirei/2026/04/magyar-peter-a-karmelitaban-egyeztetett-a-kormanyalapitasrol
a74f67180e4e1f300c25a084f91a35ba89063e13ba35082c94cef682e122342d,2026-04-16 02:29:52.651813+00:00,hu,origo.hu,origo.hu,2026-04-15,Az öngyilkos stratégia: Saját megszólalási felületét vágná ki a Tisza Párt vezére?,https://hirtv.origo.hu/ahirtvhirei/2026/04/az-ongyilkos-strategia-sajat-megszolalasi-feluletet-vagna-ki-a-tisza-part-vezere
37697c1a81d36590c382d520091c8856918055ede8e0a36fc58b8d07e99fa75b,2026-04-16 02:29:47.441061+00:00,hu,origo.hu,origo.hu,2026-04-15,"Meglepő titkok a lőtéren: Miért jobb a női kéz a ravaszon, ha élesre fordul a helyzet?",https://hirtv.origo.hu/ahirtvhirei/2026/04/meglepo-titkok-a-loteren-miert-jobb-a-noi-kez-a-ravaszon-ha-elesre-fordul-a-helyzet
2ee1f19e66abfcddd01ac61cabeeb102a2f1721a66a3c90e6eac3d4245d36fd2,2026-04-16 02:29:28.790846+00:00,hu,origo.hu,origo.hu,2026-04-15,Műhús után jön a földevés: Brüsszel helyett már a talajt kóstolgatjuk a 21. században?,https://hirtv.origo.hu/hirtvszines/2026/04/muhus-utan-jon-a-foldeves-brusszel-helyett-mar-a-talajt-kostolgatjuk-a-21-szazadban
8a5e0749cabebdaa0fcb2df243b0a18d6abbcb61829426abb382790ad17ed5fd,2026-04-16 00:48:57.573780+00:00,hu,blikk.hu,blikk.hu,2026-04-15,Őrült meccsen búcsúztatta a Bayern a Real Madridot,https://www.blikk.hu/sport/kulfoldi-foci/bayern-real-bl-negyeddonto/3k13r8c
9429e7020ea974092954fb3b360f473ca731753d6d109c776957fe9d8fe519c6,2026-04-16 00:47:46.611165+00:00,hu,index.hu,index.hu,2026-04-15,"A Real Madrid háromszor is vezetett Münchenben, mégis a Bayern jutott a BL-elődöntőbe",https://index.hu/bajnokokligaja/2026/04/15/bajnokok-ligaja-2025-2026-negyeddonto-visszavago-bayern-munchen-real-madrid-arsenal-sporting/
aabf478c7bb1761b8e272b1c483c94bad6933c62fd3e52cc927aef5d315514be,2026-04-16 00:31:25.805813+00:00,hu,origo.hu,origo.hu,2026-04-15,A Bayern München minden idők egyik legjobb BL-meccsét játszotta a Real Madriddal,https://www.origo.hu/sport/sport-futball/2026/04/bayern-munchen-real-madrid-bl-negyeddonto-visszavago
45ef27549fa62f6b2800b4586e5131203c529d130b0058a6f87baa9660a3bbfc,2026-04-16 00:31:20.983999+00:00,hu,origo.hu,origo.hu,2026-04-15,Milák Kristóf edzője váratlan bejelentést tett a 200 pillangó döntőjéről,https://www.origo.hu/sport/sport-egyeni/2026/04/milak-kristof-uszo-ob-200-pillango-visszalep
f8acae45d5f2da23a3a1a6383cdbb37fe6c1a7eb29f0bf06749e005b133526da,2026-04-16 00:31:05.047978+00:00,hu,origo.hu,origo.hu,2026-04-15,Gyermeke lesz a kajakos szerelmespárnak,https://www.origo.hu/sport/sport-laza/2026/04/gyermek-szuletes-nadas-bence-kiss-blanka
6478adddb0da59213a6265ac8c945162c5c505ae77339a2870bcdfffc2dbf5e3,2026-04-16 00:30:46.605392+00:00,hu,origo.hu,origo.hu,2026-04-15,Szupertájfun tarolta le a turistaparadicsomot – nagy a pánik,https://www.origo.hu/nagyvilag/2026/04/szupertajfun-tarolt-turistaparadicsom-panik-azsia
cca2bd9eb2d8b168654a96ba73abaef3b092726179cd1174fb1cb42d40e3eb07,2026-04-16 00:30:34.859502+00:00,hu,origo.hu,origo.hu,2026-04-15,"Figyeljen, ha Google Chrome-ot használ: titokban lophatják az adatait",https://www.origo.hu/nagyvilag/2026/04/google-chrome-figyelmeztetes-adatlopas
5ddded629c46c098a384a3dfdb9a639877e9e843b0394343c265926016482444,2026-04-16 00:30:30.544974+00:00,hu,origo.hu,origo.hu,2026-04-15,Neuer óriási hibája után csodagólt lőtt a Real Madrid,https://www.origo.hu/sport/sport-futball/2026/04/real-madrid-arda-guler-bayern-munchen-real-madrid
1b3c65fafb46986e8f731e96c704df4cb208945a90694b38b90faa33666026fb,2026-04-16 00:30:12.453995+00:00,hu,origo.hu,origo.hu,2026-04-15,"Megerősítették, Szoboszlai csapattársa lemarad a foci-vb-ről",https://www.origo.hu/sport/sport-futball/2026/04/szoboszlai-dominik-csapattarsa-hugo-ekitike-serules
04637da187830aa7f147e42daa887d9612475d6629375bc08dda9876a0f4c82f,2026-04-16 00:30:06.915471+00:00,hu,origo.hu,origo.hu,2026-04-15,Durva figyelmeztetés: Észak-Korea valami rettenetesre készül,https://www.origo.hu/nagyvilag/2026/04/eszak-korea-nuklearis-arzenal-nemzetkozi-megfigyelok
eba817191f2a541dd6b5b37b54e54721dabad615dde9e5c353079042ce9c086c,2026-04-16 00:30:02.058499+00:00,hu,origo.hu,origo.hu,2026-04-15,Fico váratlan bejelentést tett,https://www.origo.hu/belpol/2026/04/mol-ukrajna-robert-fico-szlovakia-zelenszkij-olaj-ar
761fcd3dd797a2f4704057f1c73838622a0c00dbb7476379e8c1e5155ad9751a,2026-04-16 00:29:52.203285+00:00,hu,origo.hu,origo.hu,2026-04-15,"Altatónak szánta, de megölte az antihisztaminnal a 8 hetes csecsemőt a bébiszitter",https://www.origo.hu/nagyvilag/2026/04/antihisztamin-altato-8-hetes-csecsemo-halal-bebiszitter
f94185a43418048d5ae60744b880bf1a41fe240b86ec591a4210529523d00d57,2026-04-16 00:29:47.355000+00:00,hu,origo.hu,origo.hu,2026-04-15,Tóth Rajmond három gólt lőtt a Barcelonának,https://www.origo.hu/sport/sport-csapat/2026/04/kezilabda-toth-rajmond-barcelona-cuenca
f2a3c34482576b41f91b255978030d52239fe0108ecfbef85fdc3c3a021e60d1,2026-04-15 23:10:34.911338+00:00,hu,index.hu,index.hu,2026-04-15,"Nemcsak a piac mozdult meg, a tudományban is fordulatot hozhat a kormányváltás",https://index.hu/gazdasag/2026/04/15/orban-viktor-magyar-peter-zsiday-viktor-forint-euro-penzpiacok-tudomany-mta-kutatas-kormanyvaltas-valasztas/
a2998e2994e4565b3e3affb04b6dbf331aed13e16b033700a926b45f307b864a,2026-04-15 23:10:25.595438+00:00,hu,blikk.hu,blikk.hu,2026-04-15,"Cser-Palkovics András nem zárta ki a Fideszből való kilépését, és számára az is kérdés, hogy polgármester marad-e",https://www.blikk.hu/politika/magyar-politika/cser-palkovics-andras-partizan-nyilatkozat-fidesz-valasztasi-vereseg/hm8kxfl
64caa4b5dc99fa9d2df58bcc36b7770c2bea680e3161963d5da8fadac35d53e7,2026-04-15 23:10:16.940173+00:00,hu,blikk.hu,blikk.hu,2026-04-15,"Megszólalt az Exatlon következő biztos párbajozója: ""Mindent megteszünk, hogy hazaküldjünk egy kék versenyzőt""",https://www.blikk.hu/sztarvilag/hazai-sztarok/bacskai-balazs-exatlon-parbaj/68gzwyg
03022946479c824b33e339bda72bed689cf77eff9252e99d55cadd7ff264a335,2026-04-15 23:10:06.184921+00:00,hu,index.hu,index.hu,2026-04-15,Második világháborús lőszerekre bukkantak Lepsénynél,https://index.hu/belfold/2026/04/15/lepseny-masodik-vilaghaboru-legvedelem-repeszloszerek-magyar-honvedseg-ii-vilaghaboru/
bf1883f2bb5a5e01951f3887b968d31b6e49146e317672b563dc5588a47e738e,2026-04-15 23:09:40.279888+00:00,hu,index.hu,index.hu,2026-04-15,"Elvitték a Skandináv lottó főnyereményét, 290 millió forintot nyert egy szerencsés játékos",https://index.hu/gazdasag/2026/04/15/skandinav-lotto-nyeroszamok-fonyeremeny-szerencsejatek-zrt/
45ae235a92a3897e766d6ea624ca0a4d4f768938942578370bd18197bc1e99d1,2026-04-15 23:09:34.152859+00:00,hu,blikk.hu,blikk.hu,2026-04-15,"Kovács Gergely: Így utólag, persze nem kellett volna elindulnunk a választáson",https://www.blikk.hu/politika/magyar-politika/kovacs-gergely-magyar-ketfarku-kutyapart-valasztasok/ssmr8n3
0d440ea0fa981a3fe126ae7561260691e95c2d48843929ebaf3ea1d802c2c927,2026-04-15 23:08:55.029359+00:00,hu,blikk.hu,blikk.hu,2026-04-15,Ismét üzent a Kreml: új korszak kezdődhet a magyar-orosz kapcsolatokban,https://www.blikk.hu/politika/vilagpolitika/dmitrij-peszkov-magyar-peter-orban-viktor/z05bw1r
749c0ff7f2b6d7a578e05b4b77df8b89be017127aac410d6422c9760e2094b84,2026-04-15 23:08:54.396547+00:00,hu,index.hu,index.hu,2026-04-15,„Még így is csodálatos ez az ország” – Bakancslistás álma vált valóra Nádai Anikónak,https://index.hu/mindekozben/poszt/2026/04/15/nadai-aniko-utazas-bakancslista-japan/
0defa03084049a72c82b5fc85803180b02bfbc38b3e2e2bfdd41c2163e18f856,2026-04-15 23:08:50.234260+00:00,hu,blikk.hu,blikk.hu,2026-04-15,Vidnyánszky Attila: a következő évad meghirdetésével várunk,https://www.blikk.hu/aktualis/belfold/vidnyanszky-attila-nemzeti-szinhaz-igazgato-jovo-evad/1z8ly67
74760647842c66c6d5d07bb5d090893cfc308c1d246414029abb436617c3f4a0,2026-04-15 22:41:55.371390+00:00,hu,blikk.hu,blikk.hu,2026-04-15,Fellélegezhet Zámbó Krisztián párja: már nem kell visszamennie a kórházba,https://www.blikk.hu/sztarvilag/hazai-sztarok/zambo-krisztian-takacs-zsuzsi-baleset/9n097bp
664ccb930135de0038dcc6542fd0d4ee0602349f4e5c94ff0bd5aedbd9f5bbeb,2026-04-15 22:40:17.232390+00:00,hu,blikk.hu,blikk.hu,2026-04-15,Új kihívásokkal nézne szembe Bogdányi Titanilla a szinkronizálás mellett,https://www.blikk.hu/sztarvilag/hazai-sztarok/bogdanyi-titanilla-uj-szakma/9kvwx3s
e0cee47d5ed8aabdcad87178094ebe9ce3e06215826dd8d89c3a483433b7cceb,2026-04-15 22:29:06.778285+00:00,hu,index.hu,index.hu,2026-04-15,"Nemcsak Orbán Viktor, hanem Robert Fico is elbukta a választásokat",https://index.hu/kulfold/2026/04/15/szlovakia-felvidek-csonka-akos-fidesz-tisza-valasztas-2026/?utm_source=hirstart&utm_medium=referral&utm_campaign=ct
760d86d149684c1f0e6b1a541c102fbb37badaf9b55b3f6cbfd62bf2ccc93b48,2026-04-15 21:06:53.503606+00:00,hu,blikk.hu,blikk.hu,2026-04-15,"Havasi Bertalan, Orbán Viktor egykori sajtófőnöke munkát keres: azt mondja, lapátolni jól tud",https://www.blikk.hu/aktualis/belfold/havasi-bertalan-munka-sajtoiroda-media-lemondas/7f6rzp5
d725d4cdea3080b6531d02404ecc7cf208bf324fa511f67564c5b2db73725e43,2026-04-15 21:06:38.771051+00:00,hu,blikk.hu,blikk.hu,2026-04-15,Babát vár a kajakos álompár,https://www.blikk.hu/sport/nadas-bence-kiss-blanka-babavaras/4dn4gkl
f95929195414a82caef972f4edbd980f7b29e826ae0ab08a034d5a34f000f90c,2026-04-15 21:06:20.511238+00:00,hu,blikk.hu,blikk.hu,2026-04-15,Fej-fej melletti verseny után újraszámolták a szavazatokat Keszthelyen,https://www.blikk.hu/politika/magyar-politika/ujraszamolas-keszthely-valasztas/xy3g2mj
ccf089d0b12497bad5f3d90a971c8deed4503f31a2f089177e1330d3970fab74,2026-04-15 21:05:31.216893+00:00,hu,blikk.hu,blikk.hu,2026-04-15,Rogán Antal megszólalt a választások után: „Meg akartak minket büntetni”,https://www.blikk.hu/sztarvilag/hazai-sztarok/rogan-antal-valasztas-2026-fidesz-vereseg-velemeny/e1w3zw6
ccc1753d3fe9f8abb21440265370468b2a6956433ba25b4b677d3de74ddafe8a,2026-04-15 21:02:40.892644+00:00,hu,index.hu,index.hu,2026-04-15,"Kiejtette a Real Madridot, egyetlen lépésre került Budapesttől a Bayern München",https://index.hu/bajnokokligaja/2026/04/15/bajnokok-ligaja-negyeddonto-visszavago-bayern-munchen-real-madrid-eloben-az-indexen/
6563618953a9c5d9ee1a639cb8331b620980d3c31feedf4759f544b1640dcd08,2026-04-15 21:02:35.629702+00:00,hu,index.hu,index.hu,2026-04-15,Tarjányi Péter: Nem tudunk kilépni az orosz függésből egyik pillanatról a másikra,https://index.hu/belfold/2026/04/15/fronvonal-tarjanyi-peter-magyarorszag-haboru-europa-oroszorszag-valasztas-tisza-jovo/
1f8b56c05379305efd4aa229ab9fe6c6af2edc1dbf6774b3edb258a945619ac8,2026-04-15 21:02:30.462354+00:00,hu,index.hu,index.hu,2026-04-15,Magyar Pétert is beszippantotta a világ egyik leghíresebb videójátéka,https://index.hu/tech/godmode/2026/04/15/magyar-peter-tisza-part-heroes-of-might-and-magic-iii-videojatek/
76acb344d1538f16197af2dd9704026f5b3b76f9152a9383c70c06e4966a979d,2026-04-15 21:02:25.313611+00:00,hu,index.hu,index.hu,2026-04-15,"Kimondta a Kúria, nem volt kampányjellegű Pintér Bence fideszes képviselőkre tett megjegyzése",https://index.hu/belfold/2026/04/15/pinter-bence-gyor-polgarmester-kuria-fidesz-nemzeti-valasztasi-bizottsag-itelet-valasztas-2026/
1fa842e3178ddb67ef0c8b69d4f7ae3507ad22b489e8edab997eab936c9c8594,2026-04-15 21:02:20.318214+00:00,hu,index.hu,index.hu,2026-04-15,"Ókovács Szilveszter nem fél a kormányváltástól, és üzent is egyet az új hatalomnak",https://index.hu/kultur/2026/04/15/okovacs-szilveszter-interju-magyar-allami-operahaz-hatalomvaltas-kormanyvaltas/
fec018b28bd36642c5a2c08ec30c5314e651b810436788155abee5bae4fd7630,2026-04-15 21:02:15.506950+00:00,hu,index.hu,index.hu,2026-04-15,Egy év után visszatért Milák Kristóf – rögvest vissza is lépett a 200 pillangó döntőjétől,https://index.hu/sport/uszas/2026/04/15/uszas-orszagos-bajnoksag-sopron-milak-kristof-100-m-gyors-200-m-pillango-visszateres/
29fc8b3b423b7548514304e80d93484075b8aea667ac99842d30f02d02c071e5,2026-04-15 21:02:11.215068+00:00,hu,index.hu,index.hu,2026-04-15,"A Breaking Bad magyar származású sztárja is üzent a választás miatt, ezt írta „büszke magyarként”",https://index.hu/mindekozben/poszt/2026/04/15/dean-norris-valasztas-2026-magyar-szarmazasu-breaking-bad/
e4230ee20353453981a4ec84406ba9a2b1c7960213c48ca64991640bb41719c2,2026-04-15 21:02:04.592916+00:00,hu,index.hu,index.hu,2026-04-15,"Vége az újraszámlálásnak a keszthelyi választókerületben, ezúttal is a Tisza Párt jelöltje szerezte meg a győzelmet",https://index.hu/belfold/csatater/2026/04/15/zala-varmegye-keszthely-2-es-valasztokerulet-varga-balazs-tisza-part-nagy-balint-fidesz-eredmeny-ujraszamolas/
449f629a58667a01112c40c96c73fb861c64f7f5279915557102139fa1f31d53,2026-04-15 21:01:52.710300+00:00,hu,index.hu,index.hu,2026-04-15,Rogán Antal a választási vereségről: Nem felelősöket kell keresni,https://index.hu/belfold/2026/04/15/rogan-antal-valasztasi-vereseg-rtl-valasztas-2026/
b26ac80f13a647288138c77fb9c2384d71c5f30c56485387fbc74bee1eb30efa,2026-04-15 21:01:07.444107+00:00,hu,index.hu,index.hu,2026-04-15,Cser-Palkovics András teljesen új elnökséget tudna elképzelni a Fidesz élén,https://index.hu/belfold/2026/04/15/cser-palkovics-andras-szekesfehervar-polgarmester-fidesz-elnokseg-partizan-valasztas-2026/
b63fa0e2a28a526ea6d6b9a5f9fb23a87f6807a16f93a9a4ac269be5ca7e168f,2026-04-15 21:00:52.031619+00:00,hu,index.hu,index.hu,2026-04-15,"Versenypályának nézte a szolnoki közutat a BMW és a Porsche, centiken múlt a nagy baleset",https://index.hu/belfold/2026/04/15/illegalis-autoverseny-bmw-porsche-szolnok-korforgalom-biatorbagy/
eb6a2388e15c1211c6325e69c7bbf019716b31f908cda73a1fa1e430299ae2a3,2026-04-15 20:57:15.923489+00:00,hu,origo.hu,origo.hu,2026-04-15,"Márki-Zay Péter nem vállalja a felelősséget, közadakozásból fizetné ki bírságát",https://www.origo.hu/belpol/2026/04/marki-zay-peter-nem-vallalja-a-felelosseget-birsag
913de61edd7fac5274e12b1df4e8dab7b02d84deec59c80b0d87cd158a901144,2026-04-15 20:56:48.036080+00:00,hu,origo.hu,origo.hu,2026-04-15,Milák Kristóf három riválisától is kikapott 200 pillangón az úszó ob-n,https://www.origo.hu/sport/sport-egyeni/2026/04/milak-kristof-uszo-ob-200-pillango-kozepdonto
8d537d519a8bd6f92c8ca20bd3d311e66b31e4fafca1a053ff7bfd001af43756,2026-04-15 20:56:32.452061+00:00,hu,origo.hu,origo.hu,2026-04-15,EP-vizsgálatot kezdeményeztek a magyar választások kapcsán,https://www.origo.hu/belpol/2026/04/magyar-valasztasok-ep-vizsgalat
152d5a296a188365aaeaa963f2848e4c88151194f63a0a8b4710c321af8184f3,2026-04-15 20:56:13.812828+00:00,hu,origo.hu,origo.hu,2026-04-15,"Új fejlemény: megkérdőjelezték, hogy a csirke- egészségesebb, mint a marhahús",https://www.origo.hu/tudomany/2026/04/hus-csirke-marha-egeszseg
76d7d784849f102ccd1ac0ca29632eab05e7d8f3e3c7f392ceab87ce56904f0d,2026-04-15 20:55:37.372173+00:00,hu,origo.hu,origo.hu,2026-04-15,"Itt a videó a férfiről, aki megfejelt egy másikat a reptéri kávézóban – videó",https://www.origo.hu/kek-hirek/2026/04/starbucks-verekedes-repter
687742a21149c16be62e89d30fa614685d8817cbebaa9eddb1f917d6f84dffe8,2026-04-15 20:55:32.798161+00:00,hu,origo.hu,origo.hu,2026-04-15,"Láthatatlan gyilkos csapott le egy magyar városra, lépett a kormányhivatal",https://www.origo.hu/kek-hirek/2026/04/mergezo-anyag-osztjak-a-maszkokat
8870b7abaee8abd4a3739549bf8bdaa70871730c5e422e9017b315b99027d850,2026-04-15 20:55:23.040626+00:00,hu,origo.hu,origo.hu,2026-04-15,"Betiltották a Mercedes trükkjét, izgalmasabb lesz a Forma-1?",https://www.origo.hu/sport/f1/2026/04/forma-1-mercedes-fia-szabalyvaltozas-red-bull
d169920e9af735b7c3a6cc77c4b05e6fed0d263982df4babc0ac19d869ee24c2,2026-04-15 20:42:45.598242+00:00,hu,blikk.hu,blikk.hu,2026-04-15,Megszólalt Erdélyi Mónika a választásokról: „Nem vagyunk egyedül a véleményünkkel”,https://www.blikk.hu/sztarvilag/hazai-sztarok/erdelyi-monika-valasztas-2026/djdysyz
8a8a32f1b3c9269d3cde1baf7af087fef4692718ff42ef02fe8851b8494a809d,2026-04-15 20:41:29.819172+00:00,hu,blikk.hu,blikk.hu,2026-04-15,"Megújul az Örs vezér és a Madách tér, több zöldterület lesz",https://www.blikk.hu/aktualis/belfold/ors-vezer-ter-madach-ter-tervek-megujulas/3vjte30
3959e786fbf02cc5b1d34df19b4370f11d3221b3db56a701abf4e7c70ca45a3f,2026-04-15 20:41:24.379120+00:00,hu,blikk.hu,blikk.hu,2026-04-15,Két számban döntőbe jutott az ob-n a visszatérő Milák,https://www.blikk.hu/sport/milak-kristof-ob/3lexggj
71cd381cbd819d2e8acceb750136d3154b55ced4f37b77eb88605648cda50549,2026-04-15 20:29:24.384410+00:00,hu,blikk.hu,blikk.hu,2026-04-15,"Kenderesi Tamás a doppingügyéről: „még mindig tart""",https://www.blikk.hu/sport/kenderesi-tamas-doppingbotrany/j9g24gd
29b9d723c0cf9a544e96b3342f3a408d0bb1457dd4bee59676ef839aad63a85b,2026-04-15 20:29:13.316171+00:00,hu,blikk.hu,blikk.hu,2026-04-15,"Bodrogi Gyula 92 évesen is aktív, kollégái elismeréssel beszélnek róla",https://www.blikk.hu/galeria/bodrogi-gyula/bn7v2xb
1453f948e25c94ba32e6835bd9a9a62266e8689f271cbb4e5b7bda6073eba4cf,2026-04-15 20:28:57.648422+00:00,hu,blikk.hu,blikk.hu,2026-04-15,„Ünnepeljük ma a legkedvesebb Gyula urat” – Balázs Andrea megható szavakkal köszöntötte Bodrogi Gyulát,https://www.blikk.hu/sztarvilag/hazai-sztarok/bogrodi-gyula-92-eves-balazs-andrea/c6fg3h9
6b6d3723fbf98003a362350517acaa65ee239e679f203ac2ed4c146f0b47d4f3,2026-04-15 20:28:39.284056+00:00,hu,blikk.hu,blikk.hu,2026-04-15,Szatyorban dobtak ki az utcára kutyakölyköket Debrecenben,https://www.blikk.hu/politika/magyar-politika/kidobott-kiskutyak-szatyor-debrecen-allatvedelem/9fzv79z
ba134f1e61b501b708402f359aa1092dd0750bbcbd1373c918f402f0ee66d731,2026-04-15 20:28:34.187882+00:00,hu,blikk.hu,blikk.hu,2026-04-15,"""Eredetileg a hasamba akart szúrni az ellenfelem"" – A 77 éves Szigeti Ferenc így emlékszik vissza arra, amikor meg akarták késelni",https://www.blikk.hu/sztarvilag/hazai-sztarok/szigeti-ferenc-karthato-kesszuras-szuletesnap/l7e82fn
bef9f2111a38f50bd349d9707e80e401e21cb998de64e1af867e4ac91ede3b89,2026-04-15 19:20:47.509222+00:00,hu,blikk.hu,blikk.hu,2026-04-15,Kitört a nyár Kanadában: nekivetkőzött Polyák Lilla és Gömöri András Máté,https://www.blikk.hu/sztarvilag/hazai-sztarok/polyak-lilla-gomori-andras-mate-kanada/ezmm504
907dcd0f57f934cba6d1781f24cad359417500be8b37c4b96ab9a05e2c144aa3,2026-04-15 19:20:38.243693+00:00,hu,blikk.hu,blikk.hu,2026-04-15,"Oszvald Marika: ""74 éves koromra alábbhagyott a magamutogatási vágy""",https://www.blikk.hu/sztarvilag/hazai-sztarok/oszvald-marika-szuletesnap-szinpad-hazimunka/hqt99z6
19cbae58796466670878e55418690d5c80e0493c632a4b600e818c7ea0503f09,2026-04-15 19:20:13.303663+00:00,hu,blikk.hu,blikk.hu,2026-04-15,"Szakértők válaszoltak, hogy milyen gyakran kell mosni a törölközőt",https://www.blikk.hu/eletmod/tippek/torolkozo-mosas-milyen-gyakran/gscc9r6
406c1e97507a7974c60916ebe7b2e2a3ba48a14cdca1376775876e1b91804fee,2026-04-15 19:20:01.775538+00:00,hu,blikk.hu,blikk.hu,2026-04-15,Még megtehetik? Értesítés nélkül akarták elárverezni egy budapesti férfi ingatlanát – véletlenül derült ki,https://www.blikk.hu/aktualis/belfold/vegrehajtasi-eljras-arveres/tdgwbd3
1a05b47d2905c49a45ed7b8192d7a34ce467e68f16df8e0952d8c206711b9803,2026-04-15 19:17:17.394113+00:00,hu,origo.hu,origo.hu,2026-04-15,Áttörést értek el a tudósok: ez a felfedezés átírja a könyveket,https://www.origo.hu/nagyvilag/2026/04/kvantummechanika-kvantumelmelet-kiserlet-kutatas
9674cca9d310a02ebe163d1df3d03237a4a07a343eff1f044a72664e7db7046f,2026-04-15 19:16:47.001637+00:00,hu,origo.hu,origo.hu,2026-04-15,"Hihetetlen: kiderült, miért lassult le a Föld",https://www.origo.hu/nagyvilag/2026/04/fold-forgasa-lassul-harom-szurdok-gat-kina
8bf9e92395ed4d4f6369f019ca801e108299501528f81cab99fb1d9b29b85c9e,2026-04-15 19:16:42.017852+00:00,hu,origo.hu,origo.hu,2026-04-15,Megdöbbentő felfedezés: ilyen krokodilt még nem láttak eddig,https://www.origo.hu/nagyvilag/2026/04/krokodil-fosszilia-triasz-idoszak-ujmexiko
ceb28712230c51856889289fb97aa317b39f9bb46c1bc6cc01ada62e6e2e87b0,2026-04-15 19:16:36.979308+00:00,hu,origo.hu,origo.hu,2026-04-15,A magyar női hokiválogatott kikapott Szlovákiától Budapesten,https://www.origo.hu/sport/sport-csapat/2026/04/jegkorong-magyar-valogatott-szlovakia-jegcentrum
2fe210546a1e1447db7774a036598ca4d17ea89f8c2847b6543fa7ca26f4a793,2026-04-15 19:16:32.029467+00:00,hu,origo.hu,origo.hu,2026-04-15,"Itt a vége, szívszorító vallomást tett Rubint Réka",https://www.origo.hu/kek-hirek/2026/04/rubint-reka-szivszorito-vallomast-tett
4546ef6a29b69305148a7188a41d2fc656ae7783e8a8a38b07cbfc3665062354,2026-04-15 19:16:26.767652+00:00,hu,origo.hu,origo.hu,2026-04-15,Égő ház ablakán másztak ki a rendőrök egy idős férfival,https://www.origo.hu/kek-hirek/2026/04/tuz-mentes-lakastuz
f3ce65eeb13e8d8e4995dc29cb62d34f04682bc2a54809fd702ba7562d62f606,2026-04-15 19:15:47.712702+00:00,hu,origo.hu,origo.hu,2026-04-15,"Tragikus körülmények között halt meg a zenész, akit Madonna ikonikus klipje tett világhírűvé",https://www.origo.hu/nagyvilag/2026/04/marcos-loya-zenesz-madonna-klip
6f6ffdb3e3e78121b979a668417d78df7e985fe41aaea76c195cedb8f19c9ca0,2026-04-15 19:15:01.289502+00:00,hu,origo.hu,origo.hu,2026-04-15,"Lőw Zsolt elárulta, miért vezette be az MLSZ az osztályozó mérkőzést",https://www.origo.hu/sport/sport-futball/2026/04/mlsz-low-zsolt-nb-i-osztalyozo-merkozes-nb-ii
11f5a0644d0fa8c2bb72113e8d129749b604f8739d4474db2c6c9a3d7825556e,2026-04-15 19:05:24.172402+00:00,hu,blikk.hu,blikk.hu,2026-04-15,"Lábatlanba indult volna, de a lába közbeszólt: Szily Nóra balszerencsés esete",https://www.blikk.hu/sztarvilag/hazai-sztarok/szily-nora-baleset-labatlan/4lfh86f
01b62dbaf6aaca8edf51bce7b701e617c6566aed1e61c27a5bc5610cba5ec691,2026-04-15 19:05:15.509242+00:00,hu,blikk.hu,blikk.hu,2026-04-15,Német edző érkezhet Tóth Alexékhez,https://www.blikk.hu/sport/kulfoldi-foci/marco-rose-bournemouth/n691cpg
eaf95957d7f02d60b568536211d0d64563328e1746f61da9fe04eb1f419b2776,2026-04-15 19:05:10.318190+00:00,hu,blikk.hu,blikk.hu,2026-04-15,Súlyos baleset Tatabányán: motor és taxi ütközött,https://www.blikk.hu/aktualis/belfold/motorbaleset-tatabanya-taxi/rswhd74
770db9c0c78cb66752e38effe24f63708cdc885e8b6f4f5dbba861575f3eb23d,2026-04-15 19:05:04.947626+00:00,hu,blikk.hu,blikk.hu,2026-04-15,A Tiszát máris az MNB székházába hívta Varga Mihály,https://www.blikk.hu/politika/magyar-politika/karman-balazs-magyar-nemzeti-bank/hs1m2fs
8f9fcda0b770af051ea3b7b57182a0ffec0cf76e090db8d6a465e798b8694c04,2026-04-15 19:05:00.234596+00:00,hu,blikk.hu,blikk.hu,2026-04-15,Óriási áremelések miatt bosszúsak a vb-re készülő szurkolók,https://www.blikk.hu/sport/kulfoldi-foci/foci-vb-aremeles-szurkolok/jjvxxpk
a896b11f98fee76a465ecb76bd455d0d303eeb4c44572e56b4627cac9cde9cfb,2026-04-15 19:04:55.357020+00:00,hu,blikk.hu,blikk.hu,2026-04-15,"Gulyás Gergely végül ma megszólalt a vereség után, Orbán Viktorról is beszélt végül",https://www.blikk.hu/politika/magyar-politika/gulyas-gergely-orban-viktor-miniszterelnok-valasztas-vereseg/rz2j96y
37cdef8fcb20ff83b84d73c76f57557cddf10699d05e90007bb94bafa6c0afc8,2026-04-15 19:04:45.931793+00:00,hu,blikk.hu,blikk.hu,2026-04-15,Szandi légtornászként kereste a veszélyeket,https://www.blikk.hu/sztarvilag/hazai-sztarok/szandi-veszely-legtornasz-koma-elet-lanya-nagymama/jjpt9r4
e71ac68fae4841c12ff4716d1b15d138406691577dd26f8955cf32b0d252d4e1,2026-04-15 19:04:40.766756+00:00,hu,blikk.hu,blikk.hu,2026-04-15,Világszerte gyászolnak a Star Wars rajongók: elhunyt a sorozat sztárja,https://www.blikk.hu/sztarvilag/nemzetkozi-sztarok/meghalt-richard-donat/yxfkcb9
94fee2c89388fcc3c3ddf5995bea2bed651b7a98d2197d85d455ba0b7d0cd888,2026-04-15 19:04:19.377412+00:00,hu,blikk.hu,blikk.hu,2026-04-15,Ezért döntött az MLSZ az osztályozó bevezetése mellett,https://www.blikk.hu/sport/magyar-foci/mlsz-osztalyozo-low-zsolt/5t3ldfc
ef65af862d6fcbe24b0c474120537d82c2bb9f68ed303c20e69367c2e817a12d,2026-04-15 19:04:14.196737+00:00,hu,blikk.hu,blikk.hu,2026-04-15,Vége? A Tisza Párt visszavenné az MCC milliárdos vagyonát,https://www.blikk.hu/gazdasag/penz/vagyon-visszavetel-tisza-part-mol-richter-gazdasag/g1f0ltp
23946552e083b23ad143a52d295ced7308763ce5ad483af1961d327d360d274a,2026-04-15 19:04:10.024566+00:00,hu,blikk.hu,blikk.hu,2026-04-15,"Az uniós források hazahozatala a tét, magas rangú delegácó érkezik Magyarországra",https://www.blikk.hu/politika/magyar-politika/delegacio-unios-forrasok-magyar-peter-magyarorszag/kejjlys
bcff6f0e67f0fd8d8ab7ad0a2227c2bc153d66820cae38caae717b3f8e89bcbd,2026-04-15 19:03:44.998024+00:00,hu,blikk.hu,blikk.hu,2026-04-15,Az egyik leggazdagabb magyar egyetért a vagyonadóval,https://www.blikk.hu/gazdasag/jellinek-daniel-vagyonado-leggazdagabb-magyarok/cynh5xw
587429c99c9aa74da0d88a52d3e5f8e108aedd8329d0cb6e1b0e3f990beb1e93,2026-04-15 19:03:34.819421+00:00,hu,blikk.hu,blikk.hu,2026-04-15,Bányai Kelemen Barna fájdalmas vallomása: így bántalmazták gyerekként saját társai,https://www.blikk.hu/sztarvilag/hazai-sztarok/banyai-kelemen-barna/cy4zd8l
737e0e269ce987ce097c65c48fe45224f870ebcfd9408640f011833a97ba1391,2026-04-15 19:02:58.032421+00:00,hu,blikk.hu,blikk.hu,2026-04-15,"Békéltető jelleggel""",https://www.blikk.hu/sztarvilag/hazai-sztarok/nemzeti-szinhaz-focitorna-kozeledes-nemzeti-thalia/jcpjhhh
a03c48be4ba7254b2688d0dfdb2d006256030b2aaf93bcf582311a90cb017304,2026-04-15 19:02:46.005118+00:00,hu,index.hu,index.hu,2026-04-15,Moziba költöznek a sárkányok: kiderült a Trónok harca-film hivatalos címe,https://index.hu/kultur/2026/04/15/game-of-thrones-tronok-harca-mozi-film-warner-bros/
4513d031a068683b93f831f933cfd39e46e87280035572e6898aaa9b09edce7f,2026-04-15 19:02:40.375869+00:00,hu,index.hu,index.hu,2026-04-15,"Erdélyi Mónika a választásról: „Azt gondoltuk családilag, hogy ha ez a kormány marad, akkor mi nem szeretnénk az országban élni”",https://index.hu/mindekozben/poszt/2026/04/15/erdelyi-monika-a-valasztasrol-azt-gondoltuk-csaladilag-hogy-ha-ez-a-kormany-marad-akkor-mi-nem-szeretnenk-az-orszagban-elni/
d88237cbe2546a0a229513913005b6a980bd5f349f6cd3c9cd25a1706211b502,2026-04-15 19:02:11.722801+00:00,hu,index.hu,index.hu,2026-04-15,Magyar püspök állt ki a pápa mellett Trump ellenében,https://index.hu/kulfold/2026/04/15/szekely-janos-puspok-atya-donald-trump-14.-leo-papa-konfliktus/
3d596c0c02ff64ee200ab16cbcc1de5dbdeac21cf286187fb00b5a82d9d1213d,2026-04-15 19:01:44.990337+00:00,hu,index.hu,index.hu,2026-04-15,„Sulyok Tamás önként nem fog lemondani” – állítja a volt kommunikációs igazgatója,https://index.hu/belfold/2026/04/15/sulyok-tamas-lemondas-volt-kommunikacios-igazgato-szanto-georgina-sandor-palota/
b1b43bb2c32383c646f84172998f94944c7788831a19bf18d6886d8bcc7061f4,2026-04-15 19:01:36.518103+00:00,hu,index.hu,index.hu,2026-04-15,A fehérváriak csatára önző módon várta a válogatott-összetartásokat,https://index.hu/sport/jegkorong/2026/04/15/jegkorong-hoki-vb-vilagbajnoksag-felkeszules-magyar-valogatott-terbocs-istvan-tuskecsarnok-fehervar-av19/
b4c098cc2afa3a605869420f575e1e60e2b7765b6001c2954510a8b390dba98a,2026-04-15 19:01:20.081229+00:00,hu,index.hu,index.hu,2026-04-15,"Itt a megfejtés a Tisza győzelmére, négy szinten történhetett „lázadás”",https://index.hu/belfold/2026/04/15/valasztas2026-fidesz-kdnp-tisza-part-orszaggyulesi-valasztasok-kozvelemeny-kutatas-political-capital/
aeff1889879e5d3c47d4aa43e124b3236eb2cb5c8311ab59ad82160e55505368,2026-04-15 19:01:06.861067+00:00,hu,index.hu,index.hu,2026-04-15,Vitézy Dávid szerint most végre megszűnik az autók uralma a Madách téren,https://index.hu/belfold/2026/04/15/vitezy-david-madach-ter-felujitas-automentes-felujitas-erzsebetvaros-fejlesztes/
bcedfe8206d2f941465173c19b6d81dd6d4b6b9088b3efea56472663291f33d0,2026-04-15 19:01:01.797805+00:00,hu,index.hu,index.hu,2026-04-15,Az őt kihallgató rendőrök ellen indított eljárást Till Tamás feltételezett gyilkosa,https://index.hu/belfold/2026/04/15/till-tamas-ugy-vadlott-kenyszervallatas-eljaras-inditas-birosag-vademeles-gyilkossag/
179d4b3ff462e97b839a44573fa908a65a1a577c06e1572ddae922ddf2e36871,2026-04-15 19:00:57.174893+00:00,hu,index.hu,index.hu,2026-04-15,"Amit régen csak a focimeccseken láthattunk, mára kiszabadult az utcákra",https://index.hu/fomo/2026/04/15/divat-stilus-futball-mez-z-generacio-vilagbajnoksag-trend/
c93bc6e405a8122088a4d8ec8cb49def43eb77d46d7104ba7c87e40bac4d7cee,2026-04-15 19:00:51.766772+00:00,hu,index.hu,index.hu,2026-04-15,Az Európai Unió egyre közelebb kerül a közösségi médiumok korlátozásához,https://index.hu/kulfold/2026/04/15/europai-unio-europai-bizottsag-ursula-von-der-leyen-henna-virkunnen-kozossegi-media-eletkor-ellenorzes-app/
6faf97f68117d7842ab6752d730c367a3f6dbd8b70f26a727697cf2b2014f499,2026-04-15 19:00:37.337395+00:00,hu,index.hu,index.hu,2026-04-15,"Márki-Zay Pétert 3,2 millió forintra bírságolták, követőitől kért segítséget",https://index.hu/belfold/2026/04/15/marki-zay-peter-nemzeti-valasztasi-bizottsag-birsag-polgarmester-hodmezovasarhely/
fce4b9a11915ac7cfe4b2716feace400553ad9adbda00911eb5366780a17905f,2026-04-15 19:00:29.195807+00:00,hu,index.hu,index.hu,2026-04-15,Itt a bejelentés: az euróbevezetés célkitűzéséről is egyeztetett a Tisza Párt politikusa Varga Mihállyal,https://index.hu/gazdasag/2026/04/15/magyar-nemzeti-bank-varga-mihaly-karman-andras-euro-kormany-tisza-part-monetaris-politika-fiskalis-politika/
44b78220e58ff27c033b4e6de77ffad0a129506d5556883bc98338c57eb246dd,2026-04-15 19:00:22.132180+00:00,hu,index.hu,index.hu,2026-04-15,"Csősz Boglárkát el akarták rabolni: „Meg voltam félemlítve, le voltam követve”",https://index.hu/mindekozben/poszt/2026/04/15/csosz-boglarkat-el-akartak-rabolni-meg-voltam-felemlitve-le-voltam-kovetve-/
19c254ba8339db96698a03a25871e8b7ed36f7dd404b47ae1419849e3abda13c,2026-04-15 19:00:15.957936+00:00,hu,index.hu,index.hu,2026-04-15,"Agyvérzést kapott Ratko Mladic, a volt boszniai szerb hadseregparancsnok",https://index.hu/kulfold/2026/04/15/ratko-mladic-agyverzes-bosznia-hercegovina-szerbia-hadseregparancsnok-haga-borton-delszlav-haboru/
13c9fc6d7f00a8d99e056c99da7ff2f4da474d5474a68e348a7ea13050b35b62,2026-04-15 18:59:50.548599+00:00,hu,index.hu,index.hu,2026-04-15,Több száz dolgozót bocsát el a Snapchat az MI miatt,https://index.hu/techtud/2026/04/15/snapchat-leepites-munkahely-elbocsatas-evan-spiegel-mesterseges-intelligencia/
ab61d0dbd5e9210bed463c3799b0d02b2ae033e7858cc9fac5754095ff6b23a8,2026-04-15 18:38:23.131925+00:00,hu,origo.hu,origo.hu,2026-04-15,Emberi csontvázra bukkant egy kutyasétáltató férfi,https://www.origo.hu/itthon/2026/04/csontvaz-emberi-besztercebanya
85ee0df9206a9bbfbc66939635d36edbed9d04a0e1999e7f480dd4f296cd4eba,2026-04-15 18:38:18.067464+00:00,hu,origo.hu,origo.hu,2026-04-15,Álmukban támadtak rá a Real Madrid sztárjaira,https://www.origo.hu/sport/sport-futball/2026/04/real-madrid-tuzijatek-bayern-munchen-bajnokok-ligaja
bfbcf3e637f890ef6c5006561e70396ec8553fad3774a141cc1d2153f985083f,2026-04-15 18:38:12.983595+00:00,hu,origo.hu,origo.hu,2026-04-15,A köztévé dolgozói megtapsolták a munkahelyüket beszántani tervező Magyar Pétert – videó,https://www.origo.hu/belpol/2026/04/magyar-peter-kozmedia-dolgozo-munkahely-tisza-part
dea5786cd320feb683a24c93a1759d8f9007a9b6538b3bc2355bf928771dbabc,2026-04-15 18:38:08.045904+00:00,hu,origo.hu,origo.hu,2026-04-15,Sydney Sweeney új reklámmal robbant be,https://www.origo.hu/nagyvilag/2026/04/sydney-sweeney-farmer-reklam-botrany-valasz
1869d9f27c197fcb2347e83c644b7062af48caaea4fd0681a1fcc61c3bbde976,2026-04-15 18:38:03.729026+00:00,hu,origo.hu,origo.hu,2026-04-15,"Nem hiszi el, mit szagolt ki Buksi, azonnal rendőrök lepték el a környéket",https://www.origo.hu/kek-hirek/2026/04/csontok-emberi-maradvany-kutya-setaltatas
ad54be26369d733cd5e8bbd3398b3e22169044cd95050fccd7cf972afa8b4eac,2026-04-15 18:37:57.984375+00:00,hu,origo.hu,origo.hu,2026-04-15,Szabadulhat a Marina parti brutális gyilkosság egyik elkövetője,https://www.origo.hu/kek-hirek/2026/04/marina-parti-gyilkossag-itelet-szabadulas
7ded1e9b76ad1410d83e995d7615f5f1cfbe271c7b5a29d23fd525420d5914bb,2026-04-15 18:37:53.134659+00:00,hu,origo.hu,origo.hu,2026-04-15,Állj! Ne keressen tovább! Ezeknél a melleknél szebb nincs ma az interneten – galéria,https://www.origo.hu/nagyvilag/2026/04/sharon-lee-instagram-bevallalos-szexi-kepek
39e38caec13472ac129914e85cb7f363fb61613968440efaadaa7cf0bc9a8058,2026-04-15 18:37:48.703967+00:00,hu,origo.hu,origo.hu,2026-04-15,"Szemérmetlenül villantott a szexi sztár, az egekbe szökik a pulzusa a látványtól – galéria",https://www.origo.hu/nagyvilag/2026/04/szexi-stella-hutcheon-bikini-sydney-strand-galeria
ea79414e92e9e3a7cb2c408fb5fb0b7958d9e76dd414db1c978b707d0b176348,2026-04-15 18:37:43.263420+00:00,hu,origo.hu,origo.hu,2026-04-15,Miért verte át Lionel Messi a szurkolókat?,https://www.origo.hu/sport/sport-futball/2026/04/lionel-messi-valogatott-meccs-per-koveteles
a0e4ace312671585131fde984ba6cbe2dd59c1f188a2951a3dc385e32f780939,2026-04-15 18:37:38.950965+00:00,hu,origo.hu,origo.hu,2026-04-15,"A rendőrök is csak néztek, hogyan ment idézésre egy autós Dunakeszin – videó",https://www.origo.hu/auto/2026/04/rendorok-kiszurtak-baj-van-sofor
039ade45c6d1823d2105d05c3c2f5776e67f7e07951964c9f6577d5ffa392a00,2026-04-15 18:37:33.247294+00:00,hu,origo.hu,origo.hu,2026-04-15,"Kiderült, mennyi idő alatt termelődik újra a sperma – erre mi se számítottunk",https://www.origo.hu/nagyvilag/2026/04/spermiumok-ujratermelodese-ido-ciklus-sejtek
9c8ac6b1b62b47d2655506c91959a93f497cc5eff75c258a5efafb13557b94f9,2026-04-15 18:37:28.242629+00:00,hu,origo.hu,origo.hu,2026-04-15,"Visszatért a dinoszauruszok gyilkosa, a terror krokodil — brutális szörny a múltból",https://www.origo.hu/nagyvilag/2026/04/dinoszaurusz-terror-krokodil-visszatert-deinosuchus
b90f902ba963045b5c238073b0c5c1474ed4654ace76835c359eaca532529f31,2026-04-15 18:37:23.332086+00:00,hu,origo.hu,origo.hu,2026-04-15,Így kaphatja vissza szétdrogozott orrát T. Danny – kegyetlen időszak elé néz az énekes,https://www.origo.hu/itthon/2026/04/danny-igy-kaphatja-vissza-szetdrogozott-orrat
d8b3b0bea4f9386c4222ddcd54bec8af45927b077b09aab5060f0ac62f96d8b7,2026-04-15 18:37:18.799680+00:00,hu,origo.hu,origo.hu,2026-04-15,"Hamarosan átadják egész Európa egyik legnagyobb kulturális beruházását, rengeteg pénzbe került",https://www.origo.hu/gazdasag/2026/04/v-es-a-east-museum-atadas
9adf30b81e3a6978e6d93a8c4c0479c32d1383eaa9c721427b154c9fe00804ac,2026-04-15 18:37:13.076843+00:00,hu,origo.hu,origo.hu,2026-04-15,A Bayern München pokoli hangulattal félemlítené meg a Real Madridot,https://www.origo.hu/sport/sport-futball/2026/04/bayern-munchen-real-madrid-bajnokok-ligaja-szurkolok
ef53b1667a1cb85b96f6f34de2ffbd988b513798366b5b16775549e1f1e391c8,2026-04-15 18:37:08.875355+00:00,hu,origo.hu,origo.hu,2026-04-15,"29 millióba került a boldogság egy győri nőnek, mindene oda lett",https://www.origo.hu/kek-hirek/2026/04/csalo-29-millioba-kerult-a-boldogsag
8fe9e0e9176f40bfc336c1c64ebec230a441feb11a08545fc289d332004d0524,2026-04-15 18:37:03.626452+00:00,hu,origo.hu,origo.hu,2026-04-15,Írországban eladó ez a meseszép falu – korábban egy rosszhírű üzletember volt a tulajdonosa,https://www.origo.hu/gazdasag/2026/04/village-at-lyons-irorszag
743991308515035d9c76a4445c01c6c214115bdf65e82f6fc33887c553e64fd6,2026-04-15 18:36:57.993163+00:00,hu,origo.hu,origo.hu,2026-04-15,"Pia, csajok és „tigrisvér” minden mennyiségben – eladó Charlie Sheen őrült luxusbusza",https://www.origo.hu/auto/2026/04/charlie-sheen-luxusbusz-prevolt-marathon
f786dbef75b6aa4c9fb4f8c3c5d728bb17046a701fccf04fd8f055f4ac4ba107,2026-04-15 18:36:53.019517+00:00,hu,origo.hu,origo.hu,2026-04-15,Életveszélybe került Csősz Boglárka,https://www.origo.hu/kek-hirek/2026/04/csosz-boglarka-a-halal-torkabol-menekult-meg
fb02f3a8ae92ea693f0ecffc04fd18d9b51662f66c228c8785a7ea1b0f0f36eb,2026-04-15 18:36:48.829850+00:00,hu,origo.hu,origo.hu,2026-04-15,Bondár Anna most visszavághat az őt gyalázó ukrán teniszezőnek,https://www.origo.hu/sport/sport-egyeni/2026/04/bondar-anna-tenisz-botrany-olekszandra-olijnyikova
4c35dd2f68e5a3975d32237f7cdec1bba316ffef7313a22afc6b1856e7a90f64,2026-04-15 18:36:27.748194+00:00,hu,origo.hu,origo.hu,2026-04-15,Rejtélyes baleset: önálló életre kelt egy csuklós busz Miskolcon,https://www.origo.hu/kek-hirek/2026/04/rejtelyes-baleset-csuklos-busz-miskolcon
f42ba587091e7c7eb3e51dfeacc6d28a1ac0d5c7e158ed140de2832191119b52,2026-04-15 18:36:22.716191+00:00,hu,origo.hu,origo.hu,2026-04-15,"Felháborító! Nyomozás indult Katy Perry ellen – mutatjuk, miért",https://www.origo.hu/kek-hirek/2026/04/katy-perry-szexualis-zaklatas-ruby-rose
4ae17b56e029714831afc265e5cbd5fc58595499752c2e4571f66ede04bb2e85,2026-04-15 18:36:17.033215+00:00,hu,origo.hu,origo.hu,2026-04-15,"Tudja, mire jó az autóápolási gyorsviasz? Mutatjuk!",https://www.origo.hu/auto/2026/04/tudja-mire-jo-az-autoapolasi-gyorsviasz-mutatjuk
c53598e89e3b8df29cd827d83419f9fdab342e134b0074c073c33d60eb721ff3,2026-04-15 18:36:12.657801+00:00,hu,origo.hu,origo.hu,2026-04-15,Hoppá! Szoboszlaiék korábbi sztáredzőjét kaphatja meg Tóth Alex,https://www.origo.hu/sport/sport-futball/2026/04/toth-alex-szoboszlai-marco-rose-bournemouth-leipzig
98ca25a562af9c227e0e427fa4b5b69bc1e5b953c090b57db3927002aaa8919b,2026-04-15 18:36:07.045726+00:00,hu,origo.hu,origo.hu,2026-04-15,Brutális árcsökkenés jön holnap az üzemanyagok árában,https://www.origo.hu/gazdasag/2026/04/uzemanyag-ar-eses-tankolas
ae64bc74a096c2607d41aaced68226b30f36be82bf8cf81827e9640fe1a45f89,2026-04-15 18:36:02.044652+00:00,hu,origo.hu,origo.hu,2026-04-15,Orbán Balázs: A választás megcáfolta a tiszások összes előzetes vádaskodását,https://www.origo.hu/belpol/2026/04/orban-balazs-a-valasztas-megcafolta
96a3a7ecec6b423c128fa713a18fa1e35e8cd374d50b28a51e0393bcc329f863,2026-04-15 18:35:57.028124+00:00,hu,origo.hu,origo.hu,2026-04-15,Egy hete semmi hír róla: rejtély övezi a Dunába lépő férfi eltűnését – itt vannak az új fejlemények,https://www.origo.hu/kek-hirek/2026/04/dunaba-besetalt-ferfit-megkeresnek
180d870e26e0491bd46e09e9741e785d1bcb702c4109e8cc9cfd1c52f3dfcc86,2026-04-15 18:32:10.352808+00:00,hu,blikk.hu,blikk.hu,2026-04-15,Váratlan bejelentést tett új edzőjéről a győri kézicsapat,https://www.blikk.hu/sport/csapat/karpati-krisztian-gyor-kopornyik-zsolt/fszkkgg
088c0387fb8e4964ebac5c9443e97c6c9317c2225aa1cfe1d929f50a46381681,2026-04-15 18:31:54.137179+00:00,hu,blikk.hu,blikk.hu,2026-04-15,A kollagén a szövetek ragasztója: nem lehet mesterségesen pótolni,https://www.blikk.hu/eletmod/kollagen-potlas-elemek-orvosi-velemeny/wpe7nge
001bdac236979d392264079a3381aa07134450ef7dd054aad96fe40688279f6e,2026-04-15 18:31:47.793064+00:00,hu,blikk.hu,blikk.hu,2026-04-15,Megviseli a bizonytalanság: Galla Miklós egészségi állapota újra romlott,https://www.blikk.hu/sztarvilag/hazai-sztarok/galla-miklos-egeszsegi-allapot-csuklas/nv6pv6d
4125dcd9ba826a0084c570c2969fca7509a35b13766893db4e0e26cc509b0091,2026-04-15 18:31:42.951439+00:00,hu,blikk.hu,blikk.hu,2026-04-15,"Majka a Partizánban: Jön a Csurran, cseppen 2",https://www.blikk.hu/aktualis/belfold/majka-sztar-megmondo-ember-dal-klip/1cq9t40
75691ec4686dc977493df81ac362fc3a26f2ecf5b1db08c9c65301fd1fa27f9a,2026-04-15 18:31:38.088513+00:00,hu,blikk.hu,blikk.hu,2026-04-15,"Sztárzsarukat támad, gúnyosan nevetett a kihallgatóin Till Tamás gyilkosa",https://www.blikk.hu/aktualis/belfold/till-tamas-gyilkosa-targyalas/qb89bh7
d28468fe1839d521a9a876c8e5d5fe1c9f9e2b108f3b07f289c2b3942c695b4a,2026-04-15 18:31:33.293466+00:00,hu,blikk.hu,blikk.hu,2026-04-15,"Feljelentették Orbán Viktort, amiért elengedte a kormányt",https://www.blikk.hu/politika/magyar-politika/orban-viktor-feljelentes-vezetes/2jwhg00
c0dd231516a4605a292f8eae3a76d1ddd050f0658950df91e454452c29ee860e,2026-04-15 18:30:47.562456+00:00,hu,blikk.hu,blikk.hu,2026-04-15,Radics Gigiék még az idén egybekelnek,https://www.blikk.hu/sztarvilag/hazai-sztarok/radics-gigi-eskuvo-szerelem/w3w5ch6
17381ba71ade2a68a4fc86abc50809db27c5e244c40496b13b3bb8dfebd1ccd0,2026-04-15 18:30:42.434332+00:00,hu,blikk.hu,blikk.hu,2026-04-15,Szökött kutyák marcangolták szét a család kedvencét – szigorítást ígér a polgármester,https://www.blikk.hu/aktualis/belfold/kutyak-megtamadtak-nagykovacsi-polgarmester/fc6e821
9b70a6770db469d334d33e663e28a6146f56cb5b966f7b9a89f7f4746f6ac821,2026-04-15 17:12:48.858208+00:00,hu,blikk.hu,blikk.hu,2026-04-15,Mi történt? A megszokottól eltérő műsorral készül csütörtökre az ATV,https://www.blikk.hu/aktualis/belfold/atv-kulonleges-musorfolyam-spiritfm/2n1jqqc
eca841804a652c1e080dfb5befb4c9d77b1802718bb4c24b98e288faa4b9314d,2026-04-15 17:12:42.007782+00:00,hu,blikk.hu,blikk.hu,2026-04-15,"Mit tegyél a vázába, hogy a virágok tovább maradjanak frissek? Ehhez a trükkhöz minden szükséges dolog megtalálható otthon",https://www.blikk.hu/eletmod/tippek/virag-frissentartas/6q95b2m
cce247daacc0f16e859885527831ca54f373fd70ce97606dcce7bd598fa21496,2026-04-15 17:12:32.765244+00:00,hu,blikk.hu,blikk.hu,2026-04-15,Achilles-ín-szakadás miatt lemarad a vb-ről a Liverpool ásza,https://www.blikk.hu/sport/kulfoldi-foci/hugo-ekitike-serules-vb-iverpool-szoboszlai/897yc53
825448fa02caa367a00790fccc6d56623fdad1b5a84e5d8b1d1623bc0f074ff5,2026-04-15 17:12:27.635213+00:00,hu,blikk.hu,blikk.hu,2026-04-15,"Megdobták Magyar Pétert, miközben távozni akart a Sándor-palotából – videó!",https://www.blikk.hu/politika/magyar-politika/magyar-peter-megdobas-sandor-palota-video/cj65v00
dfd018b2d48ff91744c32e32e62612f04d0d02f0c6fe04f635f4fe6d35112bc6,2026-04-15 17:12:01.095832+00:00,hu,blikk.hu,blikk.hu,2026-04-15,Így tömné ki a pénztárcánkat a Tisza Párt – Ezeket a gazdasági vállalásokat lehet majd számon kérni Magyar Péter kormányán,https://www.blikk.hu/gazdasag/penz/tisza-part-gazdasagi-programja/3g67476
7025b632c14ca482d7142117afe9bde3e0e9a20d1ff6dda2d3f903e70d40a0bb,2026-04-15 17:11:49.085707+00:00,hu,blikk.hu,blikk.hu,2026-04-15,Most jött: Orbán Viktor nem vesz részt az EU-csúcson,https://www.blikk.hu/politika/magyar-politika/orban-viktor-europai-tanacs-informalis-ules/fm2kmmb
a6861a38ae7f88c3d4d041de78e405b80a850e9ecce8b153d03d85a1e0c749bf,2026-04-15 17:11:44.195055+00:00,hu,blikk.hu,blikk.hu,2026-04-15,Tízezrekért árulják a Tisza Párt választási plakátjait a Vinteden,https://www.blikk.hu/politika/magyar-politika/tisza-part-valasztasi-plakatok-vinted/xdn4cs7
5230ce5274eca55c85d943cb35df6ce31233734ab9047a828c13d916af414386,2026-04-15 17:11:27.280779+00:00,hu,blikk.hu,blikk.hu,2026-04-15,Kifakadt a BL-kiesés után a Barca elnöke,https://www.blikk.hu/sport/kulfoldi-foci/joan-laporta-barcelona-jatekvezetok/4yybjnb
307f2d09709265c86e8ad613e30e467936860deee60d18711e6fdc25fece603f,2026-04-15 17:11:13.732434+00:00,hu,blikk.hu,blikk.hu,2026-04-15,"3,2 milliós bírságot kapott Márki-Zay Péter: politikai indíttatást sejt mögötte – videó",https://www.blikk.hu/politika/magyar-politika/marki-zay-peter-birsag-nvb/5gyfjk9
b1c2c8084b46533b4db79ca3ab6550fd4e0275dd04542e52623c934fbc85c0d7,2026-04-15 17:04:45.009553+00:00,hu,index.hu,index.hu,2026-04-15,Magyar Péter átírná az Alaptörvényt: erősebb hatáskörű köztársasági elnököt szeretne,https://index.hu/belfold/2026/04/15/koztarsasagi-elnok-sulyok-tamas-magyar-peter-elnoki-hatalom-hataskor-elnokvalasztas/
9c8d6f2f12be755b5c48516f619a3aff800b72d5f41cfcd8b6f5f415dbc034c6,2026-04-15 17:04:37.445469+00:00,hu,index.hu,index.hu,2026-04-15,Meglepő kijelentés: az egyik leggazdagabb magyar egyetért a Tisza-vagyonadóval,https://index.hu/gazdasag/2026/04/15/jellinek-daniel-tiborcz-istvan-vagyonado-magyar-peter-tisza-part-egeszsegugy-adoalap-ingatlanpiac-indotek/
6f17a213980715132c9ceb3d074d51dcdd71decbf4fad9458d5beba2a2497e31,2026-04-15 17:04:32.283169+00:00,hu,index.hu,index.hu,2026-04-15,Paks II. jövőjéről beszélt egy orosz szakértő,https://index.hu/gazdasag/2026/04/15/paksi-atomeromu-bovites-magyar-peter-orosz-szakerto-interju-beruhazas-jovo-energia/
4d9cd3b31bedfb8705ce95b494c774508a7247d5f4fb1e6fa8370101d2de2bbe,2026-04-15 17:04:27.007078+00:00,hu,index.hu,index.hu,2026-04-15,Kényes ügyekkel várják Orbán Viktort a ciprusi EU-csúcson,https://index.hu/kulfold/2026/04/15/orban-viktor-eu-csucs-ciprusi-eu-talalkozo-2026-europai-tanacs-meghivo-antonio-costa-level-zelenszkij/
6ea676ac0957da9b550dbfede357713841493450bdea323f52837f271f97d183,2026-04-15 17:04:22.199789+00:00,hu,index.hu,index.hu,2026-04-15,"Ralf Schumacher és szerelme, Étienne kamerák előtt mondják ki az igent",https://index.hu/fomo/2026/04/15/ralf-schumacher-forma-1-hazassag-eskuvo-dokumentum-sorozat-saint-tropez/
3fb6e7d5d3fe193e4ff12f34317ae5f8ff6d557d05afc481ea9fa24db60253ba,2026-04-15 17:04:16.974239+00:00,hu,index.hu,index.hu,2026-04-15,Száz euróból lett milliomos: egyetlen sorsjeggyel nyert eredeti Picassót egy párizsi férfi,https://index.hu/kultur/2026/04/15/parizs-picasso-festmeny-nyeremeny-tombola-szoftvermernok-ferfi-alzheimer-kor-alapitvany-jotekonysag/
b41227f911cdf47355f6a67a412ca809ae3ae2f1197f64e30e40517235e62599,2026-04-15 17:04:11.966322+00:00,hu,index.hu,index.hu,2026-04-15,"Balogh Gábor: Sem a bánat, sem az öröm könnyei",https://index.hu/velemeny/2026/04/15/orban-viktor-magyar-peter-valasztas-2026-fidesz-tisza-part-nemzet-beszed-politika-erkolcs/
0283ac0ea1b5cdb21d176a252cd1423ea54f8f329d321f67384cb0e2c58c1a3f,2026-04-15 17:04:07.041901+00:00,hu,index.hu,index.hu,2026-04-15,"Ha még nincs 30 éves, de túlsúllyal küzd, készüljön fel!",https://index.hu/tudomany/2026/04/15/elhizas-eletkor-halalozas-kockazat-rak/
265a83cfd8fb2e2469d87d7734a3a102cce1bcaa2414f1acede7891d0a32bbb6,2026-04-15 17:04:02.276053+00:00,hu,index.hu,index.hu,2026-04-15,Szerb elnök: Szóba jöhet egy 108 kilométer hosszú magyar–szerb olajvezeték megépítése,https://index.hu/gazdasag/2026/04/15/mol-szerb-elnok-targyalas-baratsag-koolajvezetek-ujraindulhat-alexandar-vucics-nis-olajvallalat/
db4680d3959b4cdc06ac71e209ea227536c4d6ee174b19b523426cc66fd9b976,2026-04-15 17:03:56.990311+00:00,hu,index.hu,index.hu,2026-04-15,Elkezdődött a katonák visszavonása a kritikus energetikai infrastruktúra mellől,https://index.hu/belfold/2026/04/15/honvedelmi-miniszterium-katonak-kritikus-infrastruktura-orzes-visszavonas-vezerkari-fonok/
36106f1853e548a8ae80b09bc16a9d4edd5ce06655a106206e352ea58a66fc1e,2026-04-15 17:03:52.065220+00:00,hu,index.hu,index.hu,2026-04-15,"„Hány csapat nyert még 15-ször BL-t? Mi vagyunk a Real Madrid, nekünk nem kell csoda a Bayern ellen!”",https://index.hu/bajnokokligaja/2026/04/15/bajnokok-ligaja-negyeddonto-visszavago-bayern-munchen-real-madrid-alvaro-arbeloa/
8d9b72bb58ee98ba4a346c425f982a33ff6f959e9468c91e65b366f144b26a82,2026-04-15 17:03:30.241704+00:00,hu,index.hu,index.hu,2026-04-15,"A gyerekek is tudnak kábítószert venni az utcai automatából, a rendőrség tehetetlen",https://index.hu/kulfold/2026/04/15/kabitoszer-hhc-automata-automoso-drogtorveny-dunaszerdahely/
8b60cdd2a81f7ac6e7cdd4bbb27d8048ed8b836c1caca71526e65f27b3a45bdd,2026-04-15 17:03:25.319793+00:00,hu,index.hu,index.hu,2026-04-15,"Orbán Viktor döntött, nem megy el az EU-csúcsra a választási vereség után",https://index.hu/kulfold/2026/04/15/orban-viktor-eu-csucs-politico-kihagyja-valasztasi-vereseg-ciprus/
e471471da2ccc5b5bdf6e73cfc49a10df9bf57f0c437f0a633de9b8381029558,2026-04-15 17:03:20.279706+00:00,hu,index.hu,index.hu,2026-04-15,Meg akarhatták gyilkolni washingtoni szállodájában a kongói first ladyt,https://index.hu/fomo/2026/04/15/kongoi-demokratikus-koztarsasag-ruanda-tshisekedi-denise-felix-elnok-first-lady-washigton/
e5ee5b8f6758ca8f856e0902580aa7766a3582625c3544c4760821e4cdd199ab,2026-04-15 17:03:15.165789+00:00,hu,index.hu,index.hu,2026-04-15,"Újabb választás zajlott le, de ezúttal hatodszor sem történt változás",https://index.hu/belfold/2026/04/15/toth-adam-magyar-orszagos-kozjegyzoi-kamara-elnokvalasztas/
8cb3afb5a7d04ce8e18bbad293106c1880037dafd4f65ec82b2ff3d4763ebea4,2026-04-15 17:03:10.362368+00:00,hu,index.hu,index.hu,2026-04-15,"Gulyás Gergely először szólalt meg a bukás után, és meglepő válaszokat adott",https://index.hu/belfold/2026/04/15/gulyas-gergely-nyilatkozat-fidesz-vereseg-reakcio-kampany-allitasok-volodimir-zelenszkij/
52d28ded9141bd4b3bb82b9d6e3a460dfc966e550dc091ce3c14963aa64da9ff,2026-04-15 17:03:05.489494+00:00,hu,index.hu,index.hu,2026-04-15,Legendás brit zenekar érkezik a Papp László Sportarénába,https://index.hu/kultur/2026/04/15/duran-duran-koncert-papp-laszlo-budapest-sportarena-kultbudapest/
b48703b3d1853127b2ac7b5a12fb036ce61313a392fd9045cb193667898e9568,2026-04-15 17:03:01.582934+00:00,hu,index.hu,index.hu,2026-04-15,"Falusi Mariann arról mesélt, miért nem vállalt gyermeket: „Ez már a születésemnél eldőlt”",https://index.hu/mindekozben/poszt/2026/04/15/falusi-mariann-arrol-meselt-miert-nem-vallalt-gyermeket-ez-mar-a-szuletesemnel-eldolt/
4ee58b99465943a31837358da87ea328a9f23b6f44c6627de004d680474b3fd0,2026-04-15 17:02:55.273573+00:00,hu,index.hu,index.hu,2026-04-15,"Donald Trump kijelentette, véglegesen megnyitott a Hormuzi-szoros",https://index.hu/kulfold/2026/04/15/donald-trump-egyesult-allamok-elnok-hormuzi-szoros-megnyitas-iran-kina-blokad/
f30cdfd9553ab59c96aa1b1deca64f85a2479dc077e78a46efd4142e74a78ddf,2026-04-15 17:02:50.533639+00:00,hu,index.hu,index.hu,2026-04-15,Újraválasztotta elnökét a Magyar Országos Közjegyzői Kamara,https://index.hu/belfold/2026/04/15/magyar-orszagos-kozjegyzoi-kamara-elnok-ujravalasztas-toth-adam/
7b6718e006aec1186ee63d4681347fcae6d4bdf5959d5da6170272776fc75e94,2026-04-15 16:55:24.572616+00:00,hu,index.hu,index.hu,2026-04-15,"Eljött a „most vagy soha” pillanata a gazdaságpolitikában, ezen múlik az új kormány sorsa",https://index.hu/gazdasag/2026/04/15/magyar-gazdasag-magyar-peter-orban-viktor-tisza-part-fidesz-valasztas-valasztas-2026-kormanyvaltas-gazdasagpolitika/?utm_source=hirstart&utm_medium=referral&utm_campaign=ct
33653019a336c44f17d2cbaaf8a5a47cf6dd784db6e7e226333f729270b33555,2026-04-15 16:45:49.271676+00:00,hu,blikk.hu,blikk.hu,2026-04-15,Nagy skalpot gyűjtött be Münchenben Marozsán Fábián,https://www.blikk.hu/sport/marozsan-fabian-sztefanosz-cicipasz/2rsy7eg
bde5940cd41971b3c42838a1db2cb5dfba6b422bc2f95518f59b1169a91a08b3,2026-04-15 16:37:34.004273+00:00,hu,blikk.hu,blikk.hu,2026-04-15,"Donald Trump kijelentette, hogy véglegesen megnyitott a Hormuzi-szoros",https://www.blikk.hu/politika/vilagpolitika/hormuzi-szoros-donald-trump-megnyitas-olaszallitas-bejelentes/s261c84
094863488c9adec06fd24fc97311e80855969d1f807d834ff32945174a825218,2026-04-15 16:37:29.278202+00:00,hu,blikk.hu,blikk.hu,2026-04-15,Eltiltották a csalással vádolt kézilabda-játékvezetőket,https://www.blikk.hu/sport/csapat/szlave-nikolov-gjorgji-nacsevszki-eltiltas/wsmrgjx
fde9a19152e5eaf5e7243f111602276f150df4d6aeaf20ec15d823a09d163fe0,2026-04-15 16:37:24.408993+00:00,hu,blikk.hu,blikk.hu,2026-04-15,"Önálló életre kelt egy busz Miskolcon, a korlátot áttörve kezdett gurulni a sínek felé",https://www.blikk.hu/aktualis/belfold/sofor-nelkuli-busz-miskolc-baleset/03jxgr4
e472cc33f5328e25aa355be2928abe7af43aa3d590619d5a3e456fe3c455ed71,2026-04-15 16:36:28.395259+00:00,hu,blikk.hu,blikk.hu,2026-04-15,"Mélypontra került Nagy Beni az Exatlonban: hiányoznak neki a szerettei, ami a teljesítményét is befolyásolja",https://www.blikk.hu/sztarvilag/hazai-sztarok/nagy-beni-honvagy-exatlon-hungary/5ccn4f6
ed10c574a33618677db53eedacd6e9799fef8a54159224fde5ea4c5d65326f73,2026-04-15 16:35:46.661048+00:00,hu,blikk.hu,blikk.hu,2026-04-15,"Falusi Mariann olyan férfit keres, akivel felfedezheti a világot: „Nem vagyok hajlandó bemamásodni!”",https://www.blikk.hu/aktualis/belfold/falusi-mariann-ferfi-helyzet-parkapcsolat-utazas/7s1d2r6
3992e5bc34476b7151caea79832938c5df051d3aea87c9561d94eabbdf7d3b7a,2026-04-15 16:20:14.601945+00:00,hu,origo.hu,origo.hu,2026-04-15,A popdíva csúcsformában – Cher Lloyd csábító tekintetével és feszes melleivel hódít – szexi galéria,https://www.origo.hu/foto/2026/04/cher-lloyd-galeria
00acc26d0aa3de05fe6885fc192a622ae4dcbdedec9fb8eeab55768eb768e6b9,2026-04-15 16:20:08.994276+00:00,hu,origo.hu,origo.hu,2026-04-15,Kiderült: erről beszélt Orbán Viktor és Sulyok Tamás,https://www.origo.hu/belpol/2026/04/sulyok-tamas-orban-viktor-magyar-peter-orszaggyules
f6dac115fd6207c4ae50ba02f61c53d2982e6d7186e530d186ae66588ae5014b,2026-04-15 16:20:05.545158+00:00,hu,blikk.hu,blikk.hu,2026-04-15,Cser-Palkovics András durván kiosztotta az MLSZ-t az osztályozó miatt: „Ez egy szakmaiatlan döntés”,https://www.blikk.hu/sport/magyar-foci/cser-palkovics-andras-videoton-mlsz-osztalyozo/cqp0g0l
cf77e451f98481b77caa2bdf09e72c6dd3ba3fa35d36d49d610e4080eaa8e741,2026-04-15 16:19:53.418096+00:00,hu,origo.hu,origo.hu,2026-04-15,"Eszelős ámokfutás a békési pékségben: el nem hinné, hol találtak rá a betörőre a rendőrök",https://www.origo.hu/kek-hirek/2026/04/pekseg-bekesi-betoro-kemence
a8fd342fef9031256d7fa50493ec1e66fd302e15a640621d75695b00e053efdb,2026-04-15 16:19:48.325117+00:00,hu,origo.hu,origo.hu,2026-04-15,Sárkánycsempészeket vettek őrizetbe Indonéziában,https://www.origo.hu/nagyvilag/2026/04/komodoi-sarkany-csempeszet-indoneziaban
065ed986aaca82647f016da2f7274d99c436a0f43b6575aca9e9b279899f137c,2026-04-15 16:19:39.649990+00:00,hu,origo.hu,origo.hu,2026-04-15,Párnával alszik? Akár életveszélyes is lehet,https://www.origo.hu/tudomany/2026/04/parna-nelkuli-alvas-szemnyomas-ellen
fadedb5fe6e8b6164b14df8c923ec4cb2a98ec61eb2b9681186267d3fb12c67f,2026-04-15 16:19:34.033180+00:00,hu,origo.hu,origo.hu,2026-04-15,Váratlan bejelentést tett a TV2 – erre senki sem számított,https://www.origo.hu/itthon/2026/04/exatlon-hungary-rendkivuli-bejelentes-tv2
08177db6a8434deb85bed43b951e183506b8f9956dd2ef0b90b3de06267b9bf8,2026-04-15 16:19:30.329841+00:00,hu,blikk.hu,blikk.hu,2026-04-15,Nyomozást indult Katy Perry ellen Ruby Rose zaklatási vádja miatt,https://www.blikk.hu/sztarvilag/nemzetkozi-sztarok/katy-perry-ruby-rose-szexualis-zaklatas-hatosagok/erlplqs
201d2939de323cfacb70942867f1d168f0c9f04546010c22cb4cc9c8e75b8bcc,2026-04-15 16:19:29.002019+00:00,hu,origo.hu,origo.hu,2026-04-15,Halálos iskolai lövöldözés – ismét brutális támadás rázta meg Törökországot,https://www.origo.hu/nagyvilag/2026/04/torokorszagi-iskolai-lovoldozes-halottak-serultek
d66a79af107fa71a4604ab35b47e163d023aa930b9cd7945c7d963710b268c8b,2026-04-15 16:19:25.693413+00:00,hu,blikk.hu,blikk.hu,2026-04-15,"Nem lesz több kormányinfó, vetette oda az infót Vitályos Eszter",https://www.blikk.hu/politika/magyar-politika/kormanyinfo-vitalyos-eszter-megszunik-gulyas-gergely/j3b5ppt
2a321ca3a0c4d9777f1d7aa46f3a55ca8085b4682ed618f24f979dffd7cb535a,2026-04-15 16:19:24.254271+00:00,hu,origo.hu,origo.hu,2026-04-15,"Botrányok, szex és plasztika: Madonna 23 év után visszatér a színészethez",https://www.origo.hu/filmklub/2026/04/madonna-visszater-a-szineszethez-the-studio-apple-tv
9f0c2ea3d1ec9edd40e1e7cd3be5ba20185a2dd4e580d9371be5039bfd59edea,2026-04-15 16:19:19.014113+00:00,hu,origo.hu,origo.hu,2026-04-15,"A brazil filmsztár, Alice Braga erős, karakteres szépsége most is mindent visz – szexi galéria",https://www.origo.hu/foto/2026/04/alice-braga-galeria
a772cfa45dec9745b7fbd4f87277a3d871faefa769091f9be108ba6e541a41b8,2026-04-15 16:19:13.838702+00:00,hu,origo.hu,origo.hu,2026-04-15,Pszichológus segít a fogorvosi székben meghalt férfi családjának,https://www.origo.hu/kek-hirek/2026/04/meghalt-ferfi-csaladjanak-pszichologus-segit
9aa550cccfa229a2e235b539108a0c5bd6444fe0dd17a4eccf161b41d3097ffa,2026-04-15 16:19:11.223323+00:00,hu,blikk.hu,blikk.hu,2026-04-15,"A tojáshéj igazi kincs, mégis mindannyian kidobjuk – ezt tedd vele, és varázslattá válik",https://www.blikk.hu/eletmod/egeszseg/tojashej-jotekony-hatasa-kalcium-hazi-tojashejpor-recept/xgxrk3r
09ea80b9d55f4b19f6bb25f713c76c9f5567d1e38a37b28c4ac8fab85c9b50d6,2026-04-15 16:19:09.264747+00:00,hu,origo.hu,origo.hu,2026-04-15,Büntetni fogja ezeket a bosszantó weboldalakat a Google,https://www.origo.hu/techbazis/2026/04/google-bongeszo-vissza-gomb-trukkozes-buntetes
f187e3e83f7f5402806d826b381b72c2e527bf7ac8e5636ec5c717874b9c071b,2026-04-15 16:19:04.089808+00:00,hu,blikk.hu,blikk.hu,2026-04-15,Varga Mihály pénzügyminiszterrel ünnepelte 109. születésnapját Gizi néni,https://www.blikk.hu/aktualis/belfold/varga-mihaly-penzugyminiszterrel-unnepelte-szuletesnapjat-a-109-eves-gizi-neni/sdtf452
bf552e1e85cbd151b548376d7d45cf05e3f86f892a543f0770dbf291d07e989d,2026-04-15 16:19:04.025864+00:00,hu,origo.hu,origo.hu,2026-04-15,Most már nem csak Slot beszél róla: lemarad a vb-ről Szoboszlai csapattársa?,https://www.origo.hu/sport/sport-futball/2026/04/szoboszlai-csapattars-hugo-ekitike-serules-foci-vb
c0d7b862863db0816cfaa10a3887cac3b5b48844ae0a9c69d1f3526d9ecb2050,2026-04-15 16:18:59.769312+00:00,hu,origo.hu,origo.hu,2026-04-15,Megszólalt a Magyar Szénhidrogén Készletező Szövetség a hazai kőolajtartalékokról,https://www.origo.hu/gazdasag/2026/04/uzemanyag-strategiai-tartalek
8626e492835194ab0352ea5d4e22546fb53a88e382515ceb584dbbbfb4ff3692,2026-04-15 16:18:53.861663+00:00,hu,origo.hu,origo.hu,2026-04-15,Rejtély Budapesten: nyoma veszett egy hazánkban tartózkodó izlandi férfinek,https://www.origo.hu/kek-hirek/2026/04/repteren-budapesten-nyoma-veszett-az-izlandi-ferfinek
cf8840709dd27fe9d4b44e6cbaefa783dd938fc944571198c76818609fdd6588,2026-04-15 16:18:49.231812+00:00,hu,origo.hu,origo.hu,2026-04-15,Hajnali hívás tette tönkre a romantikát: ezért nincs barátnője Fabrizio Romanónak,https://www.origo.hu/sport/sport-futball/2026/04/fabrizio-romano-here-we-go-diletta-leotta-interju
52f7e8bef770e119d2d01215bedf02f70f3f7efbb91534721f332cd7c4254902,2026-04-15 16:18:44.091449+00:00,hu,origo.hu,origo.hu,2026-04-15,Ilyen üldözést még nem látott! Macska-egér játékba fulladt az egész,https://www.origo.hu/nagyvilag/2026/04/rendori-uldozes-biciklis-macska-eger-jatek
e0a95aac8e142f14735c0e92c1487e321adc12f8e5a83f2a734b83578c5110f5,2026-04-15 16:18:38.992672+00:00,hu,origo.hu,origo.hu,2026-04-15,"Döbbenetes fordulat Amerika és Kína körül, meglepő adatok érkeztek",https://www.origo.hu/kulpol/2026/04/kina-amerika-fordulat-meglepo-adatok-erkeztek-viszony
d75f879a214ec855e69c14a21c859ac4620e107f2d2386ccd7f3d5cded215991,2026-04-15 16:18:34.907961+00:00,hu,blikk.hu,blikk.hu,2026-04-15,Kisemmizte a veszprémi nőt a magát szakértőnek kiadó bűnöző – ez volt a módszere,https://www.blikk.hu/aktualis/krimi/paysafe-ajandekkartya-csalas-atveres-veszprem/n1ktyvy
bfcf720663516413e6745affcdf3a8dcac33dc3bba7beb361b9e8d5c5da1bd37,2026-04-15 16:18:34.737432+00:00,hu,origo.hu,origo.hu,2026-04-15,Ön is veszélyben van? Félelmetes dolgot mutattak ki egy hajszálból,https://www.origo.hu/tudomany/2026/04/biologiai-ora-meghatarozasa-egyetlen-hajszallal
c3b85733cc22549e1549bb6c6e7e3f104a0584dd61eb5c856c588d9deb2320e8,2026-04-15 16:18:29.028239+00:00,hu,origo.hu,origo.hu,2026-04-15,Vidnyánszky Attila sürgős megbeszélést tartott a Nemzeti Színházban,https://www.origo.hu/itthon/2026/04/vidnyanszky-attila-nemzeti-szinhaz-ules
76d38c450a1cdcddbf683874842040ed3dc000b4f0f3481ecc0439ca72800ede,2026-04-15 16:18:24.064831+00:00,hu,origo.hu,origo.hu,2026-04-15,"Súlyos balesetet szenvedett Szandi, három napig feküdt kómában az énekesnő",https://www.origo.hu/teve/2026/04/szandi-enekesno-sulyos-lovasbaleset-koma-korhaz
f3de066bbe9bce72147fe22047dce862b5a7f99b88c8224a44ac6c8b8b117bb5,2026-04-15 16:18:18.973997+00:00,hu,origo.hu,origo.hu,2026-04-15,Egyre távolabb a béke? Riasztó folyamatokra figyelmeztet Castel,https://www.origo.hu/kulpol/2026/04/castel-figyelmeztet-beke-tavolabb-riaszto-folyamatok
dd4a0ef614dd677181978df72fdc2f9209eafb2ca53d54c5ab6488fc96e3fa69,2026-04-15 16:18:17.245973+00:00,hu,blikk.hu,blikk.hu,2026-04-15,Vörös por boríthatja be az autókat: brutális jelenség közelít a Kárpát-medencéhez,https://www.blikk.hu/auto/szaharai-por-automosas-magyarorszag/m3yt94y
30359ad925d406591b1fe90f41ded79106c6970381b1e61bf9a9b4895eb1600a,2026-04-15 16:18:14.033299+00:00,hu,origo.hu,origo.hu,2026-04-15,"Az amerikai cosplayer, Emiru szó szerint olyan, mint egy szexi, életre kelt rajzfilmfigura – elképesztő galéria",https://www.origo.hu/foto/2026/04/emiru-galeria
fe28fd7af2d9e45981813988413b8fbee0454bb0b9dfc69d7906d91609f662a2,2026-04-15 16:18:12.600797+00:00,hu,blikk.hu,blikk.hu,2026-04-15,Életveszélyben volt: Csősz Boglárka a modellvilág sötét oldaláról beszélt,https://www.blikk.hu/sztarvilag/hazai-sztarok/csosz-boglarka-modell-elrablas/4mnxp19
9b3e69f2d5acb000be2905b2072f3bffb055b30add02c259919be9e0796d719b,2026-04-15 16:18:09.359036+00:00,hu,origo.hu,origo.hu,2026-04-15,Riadót fújtak a szakértők: végzetes láncreakció indulhat el,https://www.origo.hu/tudomany/2026/04/golf-aramlat-leallasa-vegzetes-lancreakcio
df7b608df2ebfd82ad8cbae774ab62eba9dbd894a5c6e7db8d29bca67cd60bae,2026-04-15 16:18:04.393714+00:00,hu,origo.hu,origo.hu,2026-04-15,Nem spórol üzemanyagot a sebességhatár csökkentése,https://www.origo.hu/auto/2026/04/nem-sporol-uzemanyagot-a-sebesseghatar-csokkentese
e329c6ab45aa8bd1c9f11e9792bb3593b4acd42dcde71d6a9b245067a83ee27d,2026-04-15 16:17:59.666168+00:00,hu,origo.hu,origo.hu,2026-04-15,"Fontos határidő jön az MVM-nél: sok pénzt bukhat, ha ezt nem teszi meg",https://www.origo.hu/gazdasag/2026/04/mvm-fontos-hatarido-kozeleg
132a061025fe60108818bc50a18c56bbce042b0f8353491aca0dbdb402114346,2026-04-15 16:17:54.720744+00:00,hu,origo.hu,origo.hu,2026-04-15,"Nincs több titok: kiderült, mit rejt a Hold legfélelmetesebb helye",https://www.origo.hu/tudomany/2026/04/hold-sotet-kraterei-kuldetesek-lehetosegeit-rejtegetik
3b817dfd1e10c3d8fa14ac61bf8f04feeeed9bf9339bbf7e47c88c21da3f65ed,2026-04-15 16:17:49.952266+00:00,hu,origo.hu,origo.hu,2026-04-15,A Mi Hazánk óvást nyújtott be a választás miatt: a Meta szerepét is vizsgálná,https://www.origo.hu/belpol/2026/04/valasztas-toroczkai-laszlo-mi-hazank-ovas-meta-szerep
c69437abde0b84b9b4d125a179d3814efb75727a501e23f173b63a646e6c3ed2,2026-04-15 16:17:45.011061+00:00,hu,origo.hu,origo.hu,2026-04-15,"Milák Kristóf újra medencében, azonban 16 éves kora óta nem úszott ilyen gyenge időt",https://www.origo.hu/sport/sport-egyeni/2026/04/milak-kristof-meglepetes-200-pillango-uszo-ob
563447326da356d1e6524b1225a8893ae9be786be4f9afde485bddd24e074f6a,2026-04-15 16:17:41.666468+00:00,hu,origo.hu,origo.hu,2026-04-15,Ritkán látható brutális ütközés: kamion csapódott betonszállítóba – videó,https://www.origo.hu/nagyvilag/2026/04/brutalis-baleset-kamion-betonszallito
1f96f553cb90ab0275422af498d84f2632d8e83bad377d4818cb0317b36e094c,2026-04-15 16:17:40.490633+00:00,hu,origo.hu,origo.hu,2026-04-15,Száz dollárba is kerülhet egy vonatjegy az angolok vb-meccsére,https://www.origo.hu/sport/sport-futball/2026/04/foci-vb-2026-vonatjegy-usa-angol-fociszurkolok-botrany
b16cdb3ae8c34ac3edd8f75eeab140e79b8d606688713439635b95b89e72bedb,2026-04-15 15:07:23.754803+00:00,hu,origo.hu,origo.hu,2026-04-15,Mennyire reális a Tisza Párt által megjelölt 2030-as időpont egy pénzváltásra?,https://hirtv.origo.hu/hirtv-gazdasagi-hirei/2026/04/mennyire-realis-a-tisza-part-altal-megjelolt-2030-as-idopont-egy-penzvaltasra
b5fa656538cf05b2235bcc5123be114e6c8298401e8ab5679bad783eb8f8476d,2026-04-15 15:07:18.435460+00:00,hu,origo.hu,origo.hu,2026-04-15,Április 28-ra összehívta a Fidesz országos választmányi ülését Orbán Viktor,https://hirtv.origo.hu/ahirtvhirei/2026/04/aprilis-28-ra-osszehivta-a-fidesz-orszagos-valasztmanyi-uleset-orban-viktor-2
06a475fe9fb6c46afe597208b755066960a0c8b026b79f62041ea5a3aba54dd2,2026-04-15 15:06:54.723425+00:00,hu,origo.hu,origo.hu,2026-04-15,Szakértő: Orbán Viktor feloldhatja az ukrán hitel vétóját az orosz olajért cserébe,https://hirtv.origo.hu/hirtvkulfold/2026/04/szakerto-orban-viktor-feloldhatja-az-ukran-hitel-vetojat-az-orosz-olajert-cserebe
580108d8924c77f90160c7619344b6e59d3813b5d42af54e14cddcc8ed7a5642,2026-04-15 15:06:34.728181+00:00,hu,origo.hu,origo.hu,2026-04-15,Magyar Péter radikális terve: felfüggeszti a közmédia hírszolgáltatását,https://hirtv.origo.hu/ahirtvhirei/2026/04/magyar-peter-radikalis-terve-felfuggeszti-a-kozmedia-hirszolgaltatasat
f20bd107e7b5482f35fd1142234c74d6fe012f078c3de2f9dfc2be66c1ccda95,2026-04-15 15:05:59.896690+00:00,hu,origo.hu,origo.hu,2026-04-15,Nem lesz béke Brüsszelben Orbán Viktor után sem: a konfliktusok folytatódnak,https://hirtv.origo.hu/hirtvkulfold/2026/04/nem-lesz-beke-brusszelben-orban-viktor-utan-sem-a-konfliktusok-folytatodnak
c168c1eb9e5d33f572b8cda37c0e07c97acb983df1c77640a04e7e53158f48e4,2026-04-15 15:05:43.071750+00:00,hu,origo.hu,origo.hu,2026-04-15,A magyar választás után lépett Brüsszel: Ursula von der Leyen a többségi döntéshozatalt erőltetné,https://hirtv.origo.hu/hirtvkulfold/2026/04/a-magyar-valasztas-utan-lepett-brusszel-ursula-von-der-leyen-a-tobbsegi-donteshozatalt-eroltetne
b08319ffffb6f52bc7e8decf47973914769f7c76383179bac3ce84d715a66862,2026-04-15 14:48:26.363027+00:00,hu,index.hu,index.hu,2026-04-15,"Olyasmi történt a pesti éjszakában, amire a legkevésbé sem voltunk felkészülve",https://index.hu/kultur/2026/04/15/roberto-ruspanti-konyvbemutato-kultbudapest-come-fosse-un-sogno-kalligram-kiado-konyvek-irodalom-olasz-nyelv/
fae05984325075351ac7f11068329529fbeb5bfd2f62a82bcb15cb4a58403b41,2026-04-15 14:48:13.149206+00:00,hu,index.hu,index.hu,2026-04-15,Rárúgja majd az ajtót Magyar Péter kormányára az első nagy próbatétel,https://index.hu/gazdasag/2026/04/15/uzemanyag-uzemanyagar-benzin-dizel-benzinkut-benzinar/
71f417f39f922232a1c2a6b7c69997eee6b904a33dfe8e19e5e5e2492b0ad59b,2026-04-15 14:48:06.177464+00:00,hu,index.hu,index.hu,2026-04-15,Marozsán Fábián meccslabdáról fordítva verte a korábbi GS-döntőst Münchenben,https://index.hu/sport/tenisz/2026/04/15/tenisz-atp-munchen-1.-fordulo-marozsan-fabian-sztefanosz-cicipasz/
4ee577e1ee91b3935f4c239f98914ced4681d1ade31a8256b01732ce5771e157,2026-04-15 14:48:00.894864+00:00,hu,index.hu,index.hu,2026-04-15,"Majka elmondta, hogy szerinte miért bukott el a Fidesz, és a folyamatos öngólok felelősét is megnevezte",https://index.hu/fomo/2026/04/15/majka-partizan-fidesz-valasztas-2026-eloadok-bukas/
6f4502fcc5b47872d6fd07cf9f08b6285dd5564ddfad6fb52fd6188b85d88271,2026-04-15 14:47:56.098754+00:00,hu,index.hu,index.hu,2026-04-15,Jó hírt hozhat a Tisza Párt a férfiaknak,https://index.hu/gazdasag/2026/04/15/nyugdij-farkas-andras-nok40-nyugdijkorhatar-kedvezmenyes-nyugdij/
db2e5f8f97ca5a0c9efc00a0b52457c1e331185847b1ecac35db106ce8e133e1,2026-04-15 14:47:48.061350+00:00,hu,index.hu,index.hu,2026-04-15,Bődületes áremelés miatt háborognak a világbajnokságra utazó szurkolók,https://index.hu/sport/futball/2026/vb/2026/04/15/vb-2026-egyesult-allamok-tomegkozlekedes-koltsegek-szurkoloi-felhaborodas/
cd7e8865cf3698596b6e51dd6ad4062e9dab1e04199d3411755c12e7e5d05f57,2026-04-15 14:47:42.977592+00:00,hu,index.hu,index.hu,2026-04-15,Panyi Szabolcs távozik a Direkt36-tól,https://index.hu/belfold/2026/04/15/panyi-szabolcs-ujsagiro-direkt36-tavozas-konyv-iras/
baa0ccda8e007838517da1cb71667af50981c8e6df126c65264b379581102514,2026-04-15 14:47:38.085853+00:00,hu,index.hu,index.hu,2026-04-15,Kemény szócsaták után érkezett meg Magyar Péter Sulyok Tamáshoz,https://index.hu/belfold/2026/04/15/sulyok-tamas-koztarsasagi-elnok-magyar-peter-tisza-part/
f3f24206f3b7d3f1a2fb9dc0402da95824345779ffe3867c62bd13f40c4b5632,2026-04-15 14:47:21.692691+00:00,hu,index.hu,index.hu,2026-04-15,"Sebestyén Balázsékkal megtörtént, amire eddig még nem volt példa: megverte őket a Kossuth rádió",https://index.hu/mindekozben/poszt/2026/04/15/sebestyen-balazs-kossuth-radio/
27dee3993bf87a344187b3751ba5eae103f8a9dbec8be7ebab621239111be5fe,2026-04-15 14:47:01.281237+00:00,hu,index.hu,index.hu,2026-04-15,"Karácsony Gergelyt elmarasztalta az NVB, miután Szentkirályi Alexandra feljelentette",https://index.hu/belfold/2026/04/15/szentkiralyi-alexandra-feljelentes-karacsony-gergely-nvb-dontes-valasztasok-jogsertes-budapest-politikai-botrany-kampany/
d18f4794861a93b657bfdce21f1c6441cac6d63c649c2960418d71f49633a81d,2026-04-15 14:46:52.204957+00:00,hu,index.hu,index.hu,2026-04-15,"Újabb iskolai lövöldözés történt Törökországban, legalább négyen meghaltak",https://index.hu/kulfold/2026/04/15/torokorszag-kozepiskola-lovoldozes-halalos-aldozatok-tartomany-kormanyzo-incidens/
4b43cabb6fa098285a11027199f051dfca0b9bb0427d79071fc145e399537fa0,2026-04-15 14:46:45.591285+00:00,hu,index.hu,index.hu,2026-04-15,Újszülött kislányával mutatott közös fotót Molnár Gusztáv,https://index.hu/mindekozben/poszt/2026/04/15/molnar-gusztav-kislanya-foto/
289da16dc61f1b4c1d1937313351aef27a1629be85180ce35d5717375afd2580,2026-04-15 14:46:26.335405+00:00,hu,index.hu,index.hu,2026-04-15,"Orosháza nem fizeti be a szolidaritási hozzájárulást, mert a polgármester szerint „lenulláznák” magukat",https://index.hu/gazdasag/2026/04/15/oroshaza-szolidaritasi-hozzajarulas-ado-magyar-allamkincstar-halasztas/
664ebc262eadc7ad7f698370a9430d777da41a7ecf1e3686674e6644914b3f8e,2026-04-15 14:43:16.084367+00:00,hu,blikk.hu,blikk.hu,2026-04-15,A magyar származású hollywoodi világsztár is gratulált Magyar Péternek,https://www.blikk.hu/sztarvilag/nemzetkozi-sztarok/alig-varjuk-hogy-visszaterhessunk-a-magyar-szarmazasu-hollywoodi-vilagsztar-is/pyx4yrg
684ea704af460cb3d93bd8e378b9c7e173f0f58ad02d7ca185cdcf17d6388cdd,2026-04-15 14:42:32.347063+00:00,hu,blikk.hu,blikk.hu,2026-04-15,Életük kockáztatásával a lángokból mentettek ki egy idős férfit a rendőrök Ózdon,https://www.blikk.hu/aktualis/belfold/mentes-rendorseg-elet-kockaztatas-idos-ferfi/7k4vrzf
fcfe1d2048f09721b4fee65e5227d475d8836d037f90b83aff986f52d591b7d4,2026-04-15 14:41:54.531373+00:00,hu,blikk.hu,blikk.hu,2026-04-15,Horoszkóp: erre az öt csillagjegyre nagy szerelem vár,https://www.blikk.hu/eletmod/lelek/horoszkop-csillagjegyek-szerelem/z7j0des
4337cf507d46d72fa81e5e7776193412a0572d38f2ef460735a8185c71336bd5,2026-04-15 14:41:48.904292+00:00,hu,blikk.hu,blikk.hu,2026-04-15,„Szerencsejáték-függő vagyok” – Pataki Zita férje őszintén vallott függőségéről,https://www.blikk.hu/sztarvilag/hazai-sztarok/pataki-zita-ferje-szarnyas-attila-szerencsejatek-fuggoseg-viasat3/dhz1157
938f17f42a44258c5b28b3406124e0da7e8d6f1a78166b4e0765c981b73d21f1,2026-04-15 14:41:32.845862+00:00,hu,blikk.hu,blikk.hu,2026-04-15,"Bacskai Balázs könnyek között vallotta be az Exatlonban: ""Nem vagyok a legjobb apa!"" – videó",https://www.blikk.hu/sztarvilag/hazai-sztarok/bacskai-balazs-elerzekenyult-konnyek-apasag/4fej7te
7b2d61d0bd9594ef7ab3fb83850b94d108242dcfd57197a361351267e191f3d2,2026-04-15 14:23:02.941153+00:00,hu,blikk.hu,blikk.hu,2026-04-15,Kenyérstop: Meglepő eredményt hozott a szénhidrátok és a zsírégetés vizsgálata,https://www.blikk.hu/ferfiaknak/tech/kenyer-kalotria-hizlal-szenhidrat-anyagcsere-testsuly/pnhrn19
8c866df8086869a6cebf441c0f737a0aae05f0433d9ecdba5e2705f0d0469168,2026-04-15 14:22:43.020754+00:00,hu,blikk.hu,blikk.hu,2026-04-15,"Itt vannak a legfrissebb adatok, rémisztően kicsi az üzemanyag-tartalék",https://www.blikk.hu/gazdasag/penz/magyar-uzemanyag-tartalek-vedett-ar/91j7t58
922338847b89fd1a8e48ac6bede748800d2b2c50d39583044ec32dbec881d2b9,2026-04-15 14:22:25.870811+00:00,hu,blikk.hu,blikk.hu,2026-04-15,Ez a koleszterinszint-teszt pontosabban előre jelezheti a szívbetegséget és a stroke-ot,https://www.blikk.hu/ferfiaknak/tech/koleszterin-szint-teszt-meres-betegsegek/e8hrh2b
1d47a07d9c4950eb8c736b2b398470cd1e7bc2e7ea208a7248c6da228e2c7f80,2026-04-15 14:21:43.511194+00:00,hu,blikk.hu,blikk.hu,2026-04-15,Újabb rejtélyes eltűnés Budapesten: a reptéren veszett nyoma az izlandi családapának,https://www.blikk.hu/aktualis/krimi/eltunt-izland-ferfi-budapest-repter-rejtely/g5rd99z
e4545f85585d8d96437e12d2f7e057d093edc901b333b1cc7d6832423d5c3613,2026-04-15 13:46:31.369278+00:00,hu,blikk.hu,blikk.hu,2026-04-15,Állat módjára tartották a focilegenda Diego Maradonát – Új részletek a sztár halála miatt zajló tárgyalásokról,https://www.blikk.hu/sport/kulfoldi-foci/diego-maradona-halala-targyalas/cbmp59w
43cd2ced925a2e818a80cd9dc76b77399014a40fb90ce474fccba5c0cb664248,2026-04-15 13:46:25.490058+00:00,hu,blikk.hu,blikk.hu,2026-04-15,Így írt Sulyok Tamás a Magyar Péterrel való találkozójáról,https://www.blikk.hu/politika/magyar-politika/magyar-peter-sulyok-tamas-talalkozott-orban-viktor-toroczkai-laszlo/bjc4gb9
2287665c92bb9ac175bc80551d294a64b63331eacb5b2b7f7ea2a1641fd63e73,2026-04-15 13:45:27.952403+00:00,hu,blikk.hu,blikk.hu,2026-04-15,Egy év után újra a medencében: így tért vissza a nyilvánosságot kerülő Milák Kristóf – fotók,https://www.blikk.hu/sport/milak-kristof-uszas/lc4jjde
c5e80915e9b50cdf358cf1f9d240b6f5d9d20e9ad314d2652d4ce35ddacf0226,2026-04-15 13:45:23.442760+00:00,hu,blikk.hu,blikk.hu,2026-04-15,"Így bukott le a két nő, akik ricinussal akarták megölni a férfit – a férj titkos hangfelvételekkel mentette meg az életét",https://www.blikk.hu/aktualis/anyos-lanya-megmergezte-ricinussal-ferjet/6elk85c
76d27d0cfee231890e5210bd1a6b1079e8a7a2ca570cee78558004ea4f82c314,2026-04-15 13:45:00.462946+00:00,hu,blikk.hu,blikk.hu,2026-04-15,"Eláruljuk, mi történik, ha a töltőt folyamatosan a konnektorba dugva hagyja",https://www.blikk.hu/ferfiaknak/tech/konnektor-tolto-energiahasznalat-fogyasztas/lmftmgb
852cc368d07bed890c98b9535a0fb11b856efbbb2ee95ba0222d8adbf1d2a60a,2026-04-15 13:44:31.908286+00:00,hu,blikk.hu,blikk.hu,2026-04-15,"Választási plakátok új élete: nappali dekor vagy kutyaház szigetelés, a tiszás képviselő",https://www.blikk.hu/politika/magyar-politika/valasztasi-plakat-leszereles-tisza-menhely/7mt1lvk
87109364a8d123cf2f4476f5a42ec0be1535e9b2138cb99f0953f16636f295a6,2026-04-15 13:44:27.719685+00:00,hu,blikk.hu,blikk.hu,2026-04-15,"Sebestyén Balázs: Sosem volt még velünk ilyen, megvert a Kossuth Rádió",https://www.blikk.hu/sztarvilag/hazai-sztarok/sebestyen-balazs-kossuth-radio-magyar-peter/lfze4x6
fb8fb04456f6d69201947580216336a090fce7ef6d6507894f2c4cc1a446d15c,2026-04-15 13:37:12.812547+00:00,hu,index.hu,index.hu,2026-04-15,Sérülés miatt lemarad a világbajnokságról a Liverpool sztárja,https://index.hu/sport/futball/2026/04/15/hugo-ekitike-liverpool-serules-vilagbajnoksag-vb-francia-valogatott/
c08eee0ff7a21d17bc32181d450c86cb37e98531a1013ff47683da21d7b46cf6,2026-04-15 13:37:07.881172+00:00,hu,index.hu,index.hu,2026-04-15,Sulyok Tamás lesz az új Orbán Viktor?,https://index.hu/velemeny/2026/04/15/magyar-peter-tisza-part-koztarsasgi-elnok-lemondatas/
b4c8e36726536626bbb6612c735266fd4c72c941016ced0551cf0d2a47292601,2026-04-15 13:37:02.612701+00:00,hu,index.hu,index.hu,2026-04-15,Szexuális zaklatással vádolják Katy Perryt,https://index.hu/fomo/2026/04/15/katy-perry-ruby-rose-szexualis-zaklatas-vad-rendorseg-melbourne-ausztralia/
2657ff971775f859fcbfc18f6379284eaf412e092e145fb1854c0736d897abab,2026-04-15 13:36:57.850104+00:00,hu,index.hu,index.hu,2026-04-15,"Anyja segítségével akarta megmérgezni férjét, életfogytig tartó börtönbüntetést kaphatnak",https://index.hu/belfold/2026/04/15/ugyeszseg-valas-mergezes-gyilkossagi-kiserlet/
c0d1b23e8da607b96fcd2763076993e0cb97a47653589751345bffa986534f29,2026-04-15 13:36:40.744669+00:00,hu,index.hu,index.hu,2026-04-15,"Körrekordokkal hangol a szezonrajtra Molnár Martin, itthon is látható lesz a komplett brit F3-as idény",https://index.hu/sport/motorsport/2026/04/15/molnar-martin-brit-forma-3-rodin-motorsport-motam-rtl-teszt-korrekord/
4e8a69d200854edf66541bf107c58978547c5be246d879adbe32a8f316bc01a5,2026-04-15 13:36:22.137576+00:00,hu,index.hu,index.hu,2026-04-15,Magyar Péter ujja másfél éve rajta van a „defrost” gombon: így jöhetnek az uniós pénzek,https://index.hu/gazdasag/2026/04/15/magyar-peter-unios-tamogatas-unios-penzek-tisza-part-tisza-kormany-europai-unio-europai-bizottsag-jogallamisag/
5267982da248fe2dae4d02ac1185f9e3b9ec0cfb07100ed7516519b7fc6dcfa7,2026-04-15 13:36:16.283962+00:00,hu,index.hu,index.hu,2026-04-15,Az idény végén távozik Tóth Alexék vezetőedzője – hivatalos,https://index.hu/sport/futball/2026/04/15/premier-league-2025-2026-bournemouth-andoni-iraola-tavozas-hivatalos/
952038028c7c9ee2a15757a5c7f4f65ffb0712bdb1bd04d4926ec6134333f826,2026-04-15 13:36:10.940855+00:00,hu,index.hu,index.hu,2026-04-15,"Petíciót írtak alá a lakosok, nem mindenki örül Harry hercegéknek Ausztráliában",https://index.hu/fomo/2026/04/15/harry-herceg-meghan-markle-ausztralia/
f30737ddb45d099741f455fa4ed3d4a2d0c49527d7260177a900d31541b56ee2,2026-04-15 13:35:53.682025+00:00,hu,index.hu,index.hu,2026-04-15,390 milliárd forintot osztott szét informatikai szolgáltatásokra a választás után a kormány,https://index.hu/gazdasag/2026/04/15/digitalis-kormanyzati-ugynokseg-lantos-csaba-kozbeszerzes/
c5bc1ad04c40ee143b229798a25e426149e0cbb8b716478a0c27bc4edd0150dc,2026-04-15 13:35:45.384910+00:00,hu,index.hu,index.hu,2026-04-15,Enyhébb büntetést kaptak a Marina parti kettős gyilkosság vádlottjai,https://index.hu/belfold/2026/04/15/marina-part-kettos-emberoles-fovarosi-itelotabla-jogeros-itelet/
c9b8aac5351ef919478d438158235db1fbba5683c9d93539f0a6bb0465e4e50e,2026-04-15 13:35:12.364930+00:00,hu,index.hu,index.hu,2026-04-15,Megszólaltak a Karmelita kolostorból távozó kormánytagok a kormányülés után,https://index.hu/belfold/2026/04/15/kormanyules-havasi-bertalan-orban-viktor-nagy-marton-vitalyos-eszter-kormanyinfo/
32ebfb0817158a4b18a4fbf6e4d0693992e0c64d2a498535d9ab2fa4070505cd,2026-04-15 13:32:31.914221+00:00,hu,blikk.hu,blikk.hu,2026-04-15,Váratlanul távozott Lionel Messiék edzője: „Nem tudom folytatni”,https://www.blikk.hu/sport/kulfoldi-foci/lionel-messi-inter-miami-javier-mascherano-tavozas/gtrkl7l
0f01b5297c4d158e54ee0c2bb5e21b835219607c5b2d6650eb42adb3a1006b00,2026-04-15 13:32:24.624795+00:00,hu,blikk.hu,blikk.hu,2026-04-15,"Veiszer Alinda kiakadt Magyar Péter köztévés interjúja láttán: ""Roppant kellemetlen volt""",https://www.blikk.hu/sztarvilag/hazai-sztarok/veiszer-alinda-magyar-peter-interju-kozteve/evc8944
60719afc930198ba38e8cc8641da48ebd38632725e26f96049ccc66d6a70a907,2026-04-15 13:32:19.878006+00:00,hu,blikk.hu,blikk.hu,2026-04-15,"Magyar Péter átintegetett a Sándor-palotából Orbán Viktornak, itt a videó is",https://www.blikk.hu/politika/magyar-politika/magyar-peter-sulyok-tamas-sandor-palota-koztarsasagi-elnok/3j5ds81
1fd26284c02fcfadfd20068a70db5683b74145e9215b9da7ab736b1f6d1dc4a1,2026-04-15 13:31:41.639608+00:00,hu,blikk.hu,blikk.hu,2026-04-15,Önkéntes választási megfigyelőkre támadtak Tiszabura közelében – eljárást indított a rendőrség,https://www.blikk.hu/aktualis/belfold/tiszabura-valasztasi-megfigyelok-rendorsegi-ugy/hsl90qs
37b9aa0134739201d6e163484af3bd87ee67510cc3783a9352450336a15d6b16,2026-04-15 13:31:29.427155+00:00,hu,blikk.hu,blikk.hu,2026-04-15,"Kiderült, mi lesz a Patrióta csatorna sorsa",https://www.blikk.hu/politika/magyar-politika/patriota-musor-rendkivuli-bejelentes-short-video/stzqyg8
bf528ee8356a3faf942a7c368872b65c2d8ea1cdcd7d903c273f8a8a0db83e99,2026-04-15 13:31:17.856615+00:00,hu,blikk.hu,blikk.hu,2026-04-15,"Liptai Claudia őszinte vallomása a lányával való kapcsolatáról: ""Nem voltam mindig ott Pankának""",https://www.blikk.hu/sztarvilag/hazai-sztarok/liptai-claudia-gesztesi-panka-kapcsolat/fzq7yrt
df6c411eaeec570e2622850e3fd6a3d88e15de8936399e40c4c3dbc43ac9e4a9,2026-04-15 13:30:02.549031+00:00,hu,origo.hu,origo.hu,2026-04-15,"Ősi múlt, futurisztikus divat: Tyrannosaurus rex inspirálta a legújabb luxustáskákat",https://hirtv.origo.hu/hirtvszines/2026/04/osi-mult-futurisztikus-divat-tyrannosaurus-rex-inspiralta-a-legujabb-luxustaskakat
077ed36d7ad580e3aad10ffb05b1cafe6368e5e4f32792c9ff158fbf9e5a30a1,2026-04-15 13:29:57.561015+00:00,hu,origo.hu,origo.hu,2026-04-15,Takács Péter szerint új feladatokkal is jár az ellenzéki pozíció,https://hirtv.origo.hu/ahirtvhirei/2026/04/takacs-peter-szerint-uj-feladatokkal-is-jar-az-ellenzeki-pozicio
8aed76710001ed04b7dcb0ede048ec1a7aec8887ffb847c7907a331d3b2cff97,2026-04-15 13:29:52.490362+00:00,hu,origo.hu,origo.hu,2026-04-15,"Magyar Péter szerint ha akarnánk, sem tudnánk leválni jelenleg az orosz kőolajról",https://hirtv.origo.hu/ahirtvhirei/2026/04/magyar-peter-szerint-ha-akarnank-sem-tudnank-levalni-jelenleg-az-orosz-koolajrol
a5fe9fc20e7ea6181acd7ce5d086629af70e2720987312137446d1634752bd6b,2026-04-15 13:29:47.699368+00:00,hu,origo.hu,origo.hu,2026-04-15,A brit lapok elemzik a magyar választások eredményét,https://hirtv.origo.hu/hirtvkulfold/2026/04/a-brit-lapok-elemzik-a-magyar-valasztasok-eredmenyet
48f7704cef3c8364866aa1d51694e77808dabef4cf0d2db217f413d42a8ec20d,2026-04-15 13:29:41.567561+00:00,hu,origo.hu,origo.hu,2026-04-15,Ukrajna növeli a napraforgó területét a 2026/27-es gazdasági évben,https://hirtv.origo.hu/hirtv-gazdasagi-hirei/2026/04/ukrajna-noveli-a-napraforgo-teruletet-a-202627-es-gazdasagi-evben
5f4fbe76d04d11d892400404d6b846e9f456d4ad848732fa4a1f2e4f6579162c,2026-04-15 13:29:36.790676+00:00,hu,origo.hu,origo.hu,2026-04-15,Nem válaszolt kérdéseinkre a Tisza Párt elnöke,https://hirtv.origo.hu/ahirtvhirei/2026/04/nem-valaszolt-kerdeseinkre-a-tisza-part-elnoke-2
0488f5f8d0d8916eb4da2838c78512529547ca5dd82b69efc2fb0babcdcf9065,2026-04-15 13:29:31.566810+00:00,hu,origo.hu,origo.hu,2026-04-15,Zelenszkij és Merz katonai megállapodást kötött,https://hirtv.origo.hu/hirtvkulfold/2026/04/zelenszkij-es-merz-katonai-megallapodast-kotott
3f26a68e2276f159fefbf1056e8e1143ba17245f1ecab15c41c70aaaf4317f91,2026-04-15 13:29:15.119693+00:00,hu,origo.hu,origo.hu,2026-04-15,A közmédiának adott interjút Magyar Péter,https://hirtv.origo.hu/ahirtvhirei/2026/04/a-kozmedianak-adott-interjut-magyar-peter
efc397f02f0ff9a0dd1ab9c4560293b5fd76c2582af62e77608ef13e6d0507f4,2026-04-15 13:29:10.131546+00:00,hu,origo.hu,origo.hu,2026-04-15,A baloldali sajtó szerint is meg fogja szüntetni a Tisza-kormány a védett árat,https://hirtv.origo.hu/ahirtvhirei/2026/04/a-baloldali-sajto-szerint-is-meg-fogja-szuntetni-a-tisza-kormany-a-vedett-arat
732295bdf2193a2d489ac632a81646a321f7cded82519c3be7474355fe7ec524,2026-04-15 13:28:45.159482+00:00,hu,origo.hu,origo.hu,2026-04-15,"Az államfővel egyeztetett Magyar Péter, a Tisza elnöke újra lemondásra szólította fel Sulyok Tamást",https://hirtv.origo.hu/ahirtvhirei/2026/04/az-allamfovel-egyeztetett-magyar-peter-a-tisza-elnoke-ujra-lemondasra-szolitotta-fel-sulyok-tamast
45d395f67448e6d96451101669d242404a4cf19ed2c04079e90adca5e8f89095,2026-04-15 13:28:40.243534+00:00,hu,origo.hu,origo.hu,2026-04-15,Drága a nyaralás: felértékelődik a kert és a terasz szerepe,https://hirtv.origo.hu/hirtv-gazdasagi-hirei/2026/04/homelux-kert-terasz-nyar
1d632509ee5757a7b2c7efecbe56ca36b8bbcf72a13f4e26d43ef8b7e4b5726e,2026-04-15 13:28:35.174058+00:00,hu,origo.hu,origo.hu,2026-04-15,Az ingatlanpiac egyik mozgatórugója a tőke és a likviditás,https://hirtv.origo.hu/hirtv-gazdasagi-hirei/2026/04/az-ingatlanpiac-egyik-mozgatorugoja-a-toke-es-a-likviditas-2
7fe537febd6c2a5be316794dcb95d68ff8ee50005c7b55788fdfcc8f84b74ef5,2026-04-15 13:28:30.140783+00:00,hu,origo.hu,origo.hu,2026-04-15,Egy életre szóló élmény: Mága Zoltán és XIV. Leó pápa találkozása,https://hirtv.origo.hu/hirtvszines/2026/04/egy-eletre-szolo-elmeny-maga-zoltan-es-xiv-leo-papa-talalkozasa
d8b9dccc9ddd8ac2ebae58982d60943336d31ad0827c8cc5309be64a3c7a513a,2026-04-15 13:28:25.140284+00:00,hu,origo.hu,origo.hu,2026-04-15,Mesébe illő tulipánkert nyílt Agyagosszergényben,https://hirtv.origo.hu/hirtvszines/2026/04/mesebe-illo-tulipankert-nyilt-agyagosszergenyben
f4ce164e912eb7639331c5dc74ec70f0780c0b21865ede5b86e0e1f195f28c4a,2026-04-15 13:28:20.202725+00:00,hu,origo.hu,origo.hu,2026-04-15,Brüsszeli elvárások és hazai intézkedések: Raskó György gyors lépéseket vár Magyar Pétertől,https://hirtv.origo.hu/hirtv-gazdasagi-hirei/2026/04/brusszeli-elvarasok-es-hazai-intezkedesek-rasko-gyorgy-gyors-lepeseket-var-magyar-petertol
9f461a2fddfadeb82d56ec25c0782510899730a5f2c3dc33994072861311dc94,2026-04-15 13:28:08.275208+00:00,hu,origo.hu,origo.hu,2026-04-15,Egy különleges macskafajta túléléséért küzdenek Törökországban,https://hirtv.origo.hu/hirtvszines/2026/04/egy-kulonleges-macskafajta-tuleleseert-kuzdenek-torokorszagban
b30cd6696d00ab78f86e6840b789d66ac8035b90a94c0ab88d8043c2e94dd45d,2026-04-15 13:28:00.300884+00:00,hu,origo.hu,origo.hu,2026-04-15,Az iráni háború gazdasági következményei messze túlmutatnak az olajár emelkedésén,https://hirtv.origo.hu/hirtvkulfold/2026/04/az-irani-haboru-gazdasagi-kovetkezmenyei-messze-tulmutatnak-az-olajar-emelkedesen
3ecb7c82b11b11fd5a977c80c8abb08e1d0c2011d94d277e52ad1081f37dd817,2026-04-15 13:27:56.381204+00:00,hu,origo.hu,origo.hu,2026-04-15,"Meghalt Puskás Ferenc madridi csapattársa, José Santamaría",https://www.origo.hu/sport/sport-futball/2026/04/meghalt-jose-santamaria-real-madrid-foci-legenda-puskas
d347c99027c0780a379c766e3a6945182f827f2f7afaaac0e17f9df3d88770be,2026-04-15 13:27:52.731194+00:00,hu,origo.hu,origo.hu,2026-04-15,Zelenszkij mégse kapja meg olyan gyorsan a 90 milliárd eurós hitelt,https://hirtv.origo.hu/hirtvkulfold/2026/04/zelenszkij-megse-kapja-meg-olyan-gyorsan-a-90-milliard-euros-hitelt
09df0f4e203412ec785ae85bac6682d12de63107b96d28ec00a19598ba3c47e0,2026-04-15 13:27:51.381750+00:00,hu,origo.hu,origo.hu,2026-04-15,Megvan a dátum! Kulcsülésre készül a Fidesz – ezekről dönthetnek majd,https://www.origo.hu/belpol/2026/04/fidesz-aprilis-28-valasztmany-ujratervezes-orban-viktor
da6d5ff096a12caf2854649f128a427658ea0bdd05602356fbf920c85c021ad7,2026-04-15 13:27:47.842685+00:00,hu,origo.hu,origo.hu,2026-04-15,Brüsszel már be is nyújtotta a 27 pontos listáját Magyar Péternek,https://hirtv.origo.hu/hirtvkulfold/2026/04/brusszel-mar-be-is-nyujtotta-a-27-pontos-listajat-magyar-peternek
1678e82e2d47d5371889bcf174d6f7311e630deb284336e9e214783b9b5f014c,2026-04-15 13:27:46.527350+00:00,hu,origo.hu,origo.hu,2026-04-15,Hatalmas a botrány: azbeszttartalmú kőzetből építettek utat Szombathelyen,https://www.origo.hu/gazdasag/2026/04/a-azbesztes-kozetbol-epitettek-utat-szombathelyen
f28081c5374416ce9dcb124473391d11181511be1a62209794afb6ab7d6f8254,2026-04-15 13:27:41.451443+00:00,hu,origo.hu,origo.hu,2026-04-15,Videón a baranyai késelő elfogása – az idős áldozat ma belehalt sérüléseibe,https://www.origo.hu/kek-hirek/2026/04/keselo-baranyai-elfogas-az-idos-ferfi-meghalt
533776b76089bf445895917d3c675706a5f3e9ea11a48677e972bff6c4917fca,2026-04-15 13:27:36.632950+00:00,hu,origo.hu,origo.hu,2026-04-15,Hamarosan megindulhat Európa leghosszabb vonatútja – ezeket a nagyvárosokat köti össze,https://www.origo.hu/gazdasag/2026/04/vasut-europa-leghosszabb-vonatutja
8c7a8f79e12dd64dfbdc860e7927300df260b6712fc1ab123fd7f9a0e3268497,2026-04-15 13:27:32.552001+00:00,hu,origo.hu,origo.hu,2026-04-15,"Várandós nőért érkezett mentőhelikopter Barabáson, de nem a baba miatt jött",https://www.origo.hu/kek-hirek/2026/04/varandos-noert-erkezett-mentohelikopter-barabason
b852e83b1881aac0170f9996acefd7f687674e37a4659d3563a43e9a7d3a44ac,2026-04-15 13:27:29.747845+00:00,hu,origo.hu,origo.hu,2026-04-15,Horror az autópályán: 75 jármű csapódott egymásba – videó,https://www.origo.hu/nagyvilag/2026/04/tomegbaleset-colorado-autopalya
ea1890063ccd5395313c37536e63ed73524dd487bd7654b6d486682a49127205,2026-04-15 13:27:21.357934+00:00,hu,origo.hu,origo.hu,2026-04-15,Vámvisszatérítés indul az USA-ban,https://www.origo.hu/gazdasag/2026/04/vam-visszafizetes-cegek
ab800431c1d1e8422cee8e62dc9e9137069c5a2d02ee33b58b94a4f36a6a7124,2026-04-15 13:27:16.372358+00:00,hu,origo.hu,origo.hu,2026-04-15,Több mint 347 ezer levélszavazat érkezett az NVI-hez,https://www.origo.hu/belpol/2026/04/levelszavazat-nemzeti-valasztasi-iroda-valasztas-2026
c5211e898edcb0d34e865315bb08b5f4f790a17d29ac0f85fb3104f254c96557,2026-04-15 13:27:12.037047+00:00,hu,origo.hu,origo.hu,2026-04-15,"Gyászol a magyar foci: meghalt a Vasas legendája, Szőke István",https://www.origo.hu/sport/sport-futball/2026/04/meghalt-vasas-legenda-foci-szoke-istvan
5f9f56690b8ba6c2d76f9d9d583225a2f3c7e9dea6c0abb2adb4b64c8a79ec2f,2026-04-15 13:27:07.030024+00:00,hu,origo.hu,origo.hu,2026-04-15,Most lebuktak: összejött a 80-as évek két filmikonja,https://www.origo.hu/nagyvilag/2026/04/heather-locklear-es-lorenzo-lamas-kapcsolata
0608c299f72460da9a6227e61942b46db6416587c362795d1b7c058ce202ed2a,2026-04-15 13:27:01.377423+00:00,hu,origo.hu,origo.hu,2026-04-15,A ma 92 éves Bodrogi Gyula amondó: Még jöhet 5 esztendő,https://www.origo.hu/teve/2026/04/bodrogi-gyula-amondo-meg-johet-5-esztendo
e79b5511c9347048494e8da96be5654b10772bd82a7e4d57f0d0cfc2d881b679,2026-04-15 13:26:56.395913+00:00,hu,origo.hu,origo.hu,2026-04-15,Felháborító dolgot mondott a baloldali jogszociológus – ezt látnia kell!,https://www.origo.hu/belpol/2026/04/fleck-zoltan-jogallam-tisza-part-magyar-peter
2dbc25d513c9bdd1317d368f9c3e169a7d903df0f2b2a523ab59f83e3a3dc564,2026-04-15 13:26:51.364212+00:00,hu,origo.hu,origo.hu,2026-04-15,Elképesztő látvány – Nádai Anikó egzotikus fotója mindenkit meglepett,https://www.origo.hu/teve/2026/04/nadai-aniko-japan-instagram-utazas
04c143a69cfd6976df011290e36f91b209887562a5c161fc499a25d190740c9f,2026-04-15 13:26:46.394981+00:00,hu,origo.hu,origo.hu,2026-04-15,"Megvan, mikor tarthatja alakuló ülését az új Országgyűlés!",https://www.origo.hu/belpol/2026/04/sulyok-tamas-magyar-peter-orszaggyules-alakulo-ules
ee1b8bf6654470dda537b13501d5f082c45ec3467aff966ecd7a241e9651e113,2026-04-15 13:26:41.409615+00:00,hu,origo.hu,origo.hu,2026-04-15,A szexi Jutta Leerdam szemérmetlen villantással sokkolt – galéria,https://www.origo.hu/sport/sport-laza/2026/04/jutta-leerdam-jake-paul-eljegyzes-hazugsag-szexi-fotok
4dbe02d85fed61dda7224c1520df979b5a2c8dd63958bcc4a7a09b41566700b8,2026-04-15 13:26:36.511404+00:00,hu,origo.hu,origo.hu,2026-04-15,Ez várható Magyar Pétertől: így szántotta be Donald Tusk a lengyel közmédiát,https://www.origo.hu/belpol/2026/04/lengyel-minta-donald-tusk-magyar-peter-kozmedia
1cb446c3be2a80d0ff0ded9780071734d5281995fb200f7bba83c949bf794684,2026-04-15 13:26:36.394326+00:00,hu,origo.hu,origo.hu,2026-04-15,"Hoppá: az is baj, ha túl halk egy hibrid autó!",https://www.origo.hu/auto/2026/04/hoppa-az-is-baj-ha-tul-halk-egy-hibrid-auto
c06b9a71b609ceb3a0cf76555fe6a919435378a30a6f220b6a61003c4524a805,2026-04-15 13:26:26.484290+00:00,hu,origo.hu,origo.hu,2026-04-15,Egészségre ártalmas anyag miatt rettegnek a helyiek egy magyar városban,https://www.origo.hu/itthon/2026/04/azbesztszennyezes-szombathely-oladi-plato-utburkolat
4ef19c4db255935c2957881efd272ad0cb420c3f995ba93856312690d5d684d4,2026-04-15 13:26:21.692547+00:00,hu,origo.hu,origo.hu,2026-04-15,Véget ér Szoboszlai Dominik karrierje Liverpoolban? Sokkoló hír érkezett,https://www.origo.hu/sport/sport-futball/2026/04/szoboszlai-dominik-liverpool-szerzodes-real-madrid
02187ad88f08cb13f5c82b283bf41a0ddc098baed5c67475d5c235fbf3a675e8,2026-04-15 13:26:16.515686+00:00,hu,origo.hu,origo.hu,2026-04-15,Windowst és Office-t használ? Ez tudnia kell!,https://www.origo.hu/techbazis/2026/04/microsoft-2026-aprilis-hibajavito-patch-kedd-windows
1b9204d5f24e89f7615fafff2b0f144cf62bd7a24422bd9042d5f536344b9cc8,2026-04-15 13:26:12.022618+00:00,hu,origo.hu,origo.hu,2026-04-15,Nem kérnek az antiszemita Kanye Westből: leállítaná a koncertet a francia belügyminiszter,https://www.origo.hu/kulpol/2026/04/antiszemita-kanye-west-leall-koncert
14762981079a2aa9afd51d5e43205a95a541af9bf26bc2b16a03120bef92891d,2026-04-15 13:26:06.395929+00:00,hu,origo.hu,origo.hu,2026-04-15,Ez nagyon durva! Felbomolhat a NATO: itt a vészforgatókönyv,https://www.origo.hu/nagyvilag/2026/04/nato-felbomlas-europa-terv
4803769eea09121fe540f309d4fde0e9400195d9e51af5659289a06638fb2707,2026-04-15 13:26:02.051150+00:00,hu,origo.hu,origo.hu,2026-04-15,"Tolatott az autópályán, végzetes tragédia is lett belőle – videóval",https://www.origo.hu/kek-hirek/2026/04/tolatas-az-autopalyan-vegzetes-tragedia
1dab85c4277a3323629c134cc0adfdc523260a280d4b8b59c4e613f12c07b255,2026-04-15 13:25:57.816011+00:00,hu,origo.hu,origo.hu,2026-04-15,Ezzel a trükkel még egészségesebbé teheti a gyümölcsöket,https://www.origo.hu/tudomany/2026/04/termeszetes-gyumolcsmoso-novenyvedo-szerek-ellen
f6d4b6f187398599ac967522ed3d02c72a2523d6e187597ae0a743de43281ef2,2026-04-15 13:25:52.125095+00:00,hu,origo.hu,origo.hu,2026-04-15,Till Tamás feltételezett gyilkosa újabb bűncselekményekről rántaná le a leplet,https://www.origo.hu/kek-hirek/2026/04/feher-janos-level-gyilkossagok-leleplezes
028f54acc088db86ef3676bc1c7d1f3b86e67207a55f7ba69e84a0901b7c6524,2026-04-15 13:25:46.373332+00:00,hu,origo.hu,origo.hu,2026-04-15,Bohár Dániel: Magyar Péter bosszúbeszédet tartott a Kossuth Rádióban,https://www.origo.hu/belpol/2026/04/magyar-peter-bosszubeszed-kossuth-radio-kozmedia-sajto
90d9c2281c30f3a62dc6f64d39e3930b3fdc1de5d9a45aba13ba5fe87cfb55e0,2026-04-15 13:25:41.593888+00:00,hu,origo.hu,origo.hu,2026-04-15,"Önnek is ilyen tévéje van? Ne lepődjön meg, ha valami változik",https://www.origo.hu/techbazis/2026/04/okosteve-sony-bravia-butitas-musorujsag
9bab730affd4bb662a5a83ee5df966c74f556027cb67c10e095da52a957c0057,2026-04-15 13:25:36.425332+00:00,hu,origo.hu,origo.hu,2026-04-15,"Rég volt ilyen erős a forint, de figyelmeztető jelzés érkezett – ez mindent megváltoztathat",https://www.origo.hu/gazdasag/2026/04/forint-christine-lagarde
542452f9abf0c07096b387d4861825850c430dcb1d796089392d318f4999229f,2026-04-15 13:25:32.019524+00:00,hu,origo.hu,origo.hu,2026-04-15,"Cserben hagyták a sztráda szélén az elsősegélyre váró nőt, senki nem állt meg – videóval",https://www.origo.hu/kek-hirek/2026/04/cserbenhagyas-a-sztrada-szelen-senki-nem-allt-meg
510ccf64c53147595bedfd9d3611f10037ff8524099faa760d158f54f39cdc3d,2026-04-15 13:25:21.515981+00:00,hu,origo.hu,origo.hu,2026-04-15,Anyja közreműködésével akarta megmérgezni a férjét egy nő,https://www.origo.hu/kek-hirek/2026/04/megmergezni-akarta-a-ferjet-egy-no-es-az-anyja
574a8410194306ea2da7199d5c7e0cb18469ceb76e33a5f55fa5ea82332f3837,2026-04-15 13:25:15.855133+00:00,hu,origo.hu,origo.hu,2026-04-15,"T. Danny megdöbbentő vallomása: „Kész csoda, hogy élek!”",https://www.origo.hu/teve/2026/04/danny-megdobbento-vallomasa-kesz-csoda-hogy-elek
ac3951ed36fcd5703d46b4ad7ebb77451773f026d6d1859e73a8e8de8b4a7882,2026-04-15 13:25:11.561890+00:00,hu,origo.hu,origo.hu,2026-04-15,Észrevétlenül pusztítja el az egyik fontos szervedet egy rejtélyes járvány,https://www.origo.hu/tudomany/2026/04/zsirmaj-masld-tunetei-visszaforditasa
6516eec2149df370bb892689bef00fdfb5df943bf9c574ebe3453a752649d4bd,2026-04-15 13:25:06.525469+00:00,hu,origo.hu,origo.hu,2026-04-15,"Kamu hirdetéssel buktak le a csalók, akik visszaéltek egy ismert gyógyszertárhálózat nevével",https://www.origo.hu/kek-hirek/2026/04/gyogyszertarhalozat-kamu-hirdetessel-buktak-le
2e6cedbe58aab21bd1a82ce8485eb703fec395ee2b75a31b3c4279784bba3f16,2026-04-15 13:25:00.841566+00:00,hu,origo.hu,origo.hu,2026-04-15,Sulyok Tamás köztársasági elnök fogadta Magyar Pétert – fotó,https://www.origo.hu/belpol/2026/04/sulyok-tamas-magyar-peter-egyeztetes-orszaggyules
abe292d7ccc5a04155bad9e90d38647e4332e76af4018fe730d4419356b575db,2026-04-15 13:24:56.028085+00:00,hu,origo.hu,origo.hu,2026-04-15,"Elképesztő szerencse, ő viheti haza fillérekért a milliós Picasso-festményt",https://www.origo.hu/nagyvilag/2026/04/picasso-festmeny-nyeremeny-100-euro-sorsolas-nyertes
6c3689f223bc9deba308d9566f7b71e627f2d1fed72779221cad3e2c2554258d,2026-04-15 12:21:02.452031+00:00,hu,blikk.hu,blikk.hu,2026-04-15,Vége a „létráztatásnak”: 12 év fegyházat kérnek a rendőrre támadó embercsempészre,https://www.blikk.hu/aktualis/krimi/hatarserto-embercsempesz-ugyeszseg-asotthalom-borton/kn01knf
dc9f5515af95e28ecfb5e9d291c6ce8b696ad694d82654e6b38c6156606e8d5d,2026-04-15 12:20:52.723058+00:00,hu,blikk.hu,blikk.hu,2026-04-15,Vége egy korszaknak? Drasztikus lépést jelentett be a Nemzeti Filmintézet a kormányváltás után!,https://www.blikk.hu/aktualis/belfold/nemzeti-filmintezet-kael-csaba-kormanyvaltas/vw8wfvx
354ac4300a8d4cb6fb2b531f57932fc09d0cb8555337fdd49d32fa52f7c57770,2026-04-15 12:20:37.586704+00:00,hu,blikk.hu,blikk.hu,2026-04-15,A kullancsoknak van egy kedvenc vércsoportjuk,https://www.blikk.hu/eletmod/egeszseg/kullancs-kedvenc-vercsoport/zchwvve
deb8ed580ed81c77d0d3410b374d8655426363c2febe4c1666ddefd77685e602,2026-04-15 11:27:55.270835+00:00,hu,blikk.hu,blikk.hu,2026-04-15,"Így kaphatja vissza elvesztett orrát T. Danny, ezt senkinek nem kívánjuk",https://www.blikk.hu/sztarvilag/hazai-sztarok/t-danny-orr-mutet/nems0dl
15f899a36575f85f0435a082f65dacf11f0e14330553649fcb5845231cbf1d72,2026-04-15 11:27:47.824482+00:00,hu,blikk.hu,blikk.hu,2026-04-15,"Árpa Attila felhagyott a luxussal, olykor turkálóban vásárol",https://www.blikk.hu/sztarvilag/hazai-sztarok/arpa-attila-luxus-turkalo-penz/w2wwemf
c0a3eff8b0fedaccd4d847d69d303accc7950d984ea1751129b01a5547e844f1,2026-04-15 11:27:38.588873+00:00,hu,blikk.hu,blikk.hu,2026-04-15,Gyászba borult a futballvilág: meghalt Puskás Ferenc volt csapattársa,https://www.blikk.hu/sport/kulfoldi-foci/puskas-ferenc-real-madrid-jose-santamaria-gyasz/49ltbpf
9ef6eedb2e94b15fb69921c44743f2aa61af31c48016e04e745f003675527e0f,2026-04-15 11:26:59.615498+00:00,hu,blikk.hu,blikk.hu,2026-04-15,"Toto Wolff a haját tépkedte, majd kirúgta Hamiltont és Rosberget – Régi titokról rántották le a leplet a Forma–1-ben",https://www.blikk.hu/sport/forma-1/toto-wolff-hamilton-rosberg-kirugas/m8krc7v
be70b74ebcba30e997421ec57be6a3e38b3667d83a087ac33c7ba0e4104ea5d8,2026-04-15 11:26:36.491042+00:00,hu,blikk.hu,blikk.hu,2026-04-15,A Tisza Párt győzelme után eldőlni látszik Vidnyánszky Attila sorsa: összehívta a társulatot a Nemzeti Színház igazgatója,https://www.blikk.hu/sztarvilag/hazai-sztarok/nemzeti-szinhaz-vidnyanszky-attila-tisza/3cvklgl
35aab35528b98e11abce00fb778d94bff29e987e83deed8d9d23d8fccd1932fe,2026-04-15 11:26:21.533109+00:00,hu,blikk.hu,blikk.hu,2026-04-15,Véget ért a látszólagos tűsszünet a magyar atlétikában,https://www.blikk.hu/sport/atletika-botrany-gyulai-nemeth-zsolt/nhrd696
87fb65adec5224f8551154f25b1c6856b2f4155af586201eaa944d90dbf690ac,2026-04-15 11:25:58.106296+00:00,hu,blikk.hu,blikk.hu,2026-04-15,Kettészakadt az ország: a cégeknél dolgozók fele még nem kapott béremelést,https://www.blikk.hu/gazdasag/penz/beremeles-2026-brutto-netto-atlagber/kmbcftd
bf7f8a053eacf15779926c342de2886470c292be46381b7e89d8cd371a8bdf0f,2026-04-15 10:47:59.329364+00:00,hu,blikk.hu,blikk.hu,2026-04-15,Rendkívüli bejelentés jön a TV2-től az Exatlon miatt: ilyen még nem történt!,https://www.blikk.hu/sztarvilag/hazai-sztarok/exatlon-rendkivuli-bejelentes-tv2/0y133e6
422c14ba9b078fe6cd071d49188b7e2d4bf1e335e0aa9a9a276c12371b362abd,2026-04-15 10:47:38.887474+00:00,hu,blikk.hu,blikk.hu,2026-04-15,"Váratlan: elfogyott a keret, ezért felfüggesztik az otthonfelújítási programot Budapesten és hét vármegyében",https://www.blikk.hu/gazdasag/penz/energetikai-otthonfelujitasi-program-felfuggesztes/9vtnfvd
e7a7403217a4356fea22b6dbf61fcbf0bdedfee0edf7ddbaecb76bf9be3ee377,2026-04-15 10:44:31.159665+00:00,hu,blikk.hu,blikk.hu,2026-04-15,Szentkirályi Alexandra feljelentette a választási bizottságnál Karácsony Gergelyt,https://www.blikk.hu/politika/magyar-politika/valasztas2026-karacsony-gergely-szentkiralyi-alexandra-feljelentes-nemzeti-valasztasi/3t09zek
5b2bd8aedf3e537603c28de23978c12898f8026471c0d10874266afa76ba12b5,2026-04-15 10:44:27.086300+00:00,hu,blikk.hu,blikk.hu,2026-04-15,Egy korszak lezárult: 98 éves korában meghalt Hajnóczky Béla,https://www.blikk.hu/aktualis/belfold/hajnoczky-bela-meghalt-utolso-huszar-hadaprod/1jn9bfg
8503fb86f70792e5577273e6905317c5f147a6a8e21501c207418804d8821ae1,2026-04-15 10:44:21.192435+00:00,hu,blikk.hu,blikk.hu,2026-04-15,Egyre több város polgármestere tagadja meg a szolidaritási hozzájárulás befizetését,https://www.blikk.hu/politika/magyar-politika/szolidaritasi-hozzajarulas-nem-fizet-szentes-szolnok-nagykanizsa-oroshaza-budapest/zjsgw6l
a6b2efeca648141e55843d75318e4dce3ea54fa6431675a3344b5f692e59def0,2026-04-15 10:44:11.284065+00:00,hu,blikk.hu,blikk.hu,2026-04-15,"Kiderült, mi történt Magyar Péter és Sulyok Tamás találkozóján!",https://www.blikk.hu/politika/magyar-politika/magyar-peter-sandor-palota-sulyok-tamas-talalkozo-eredmenye/m9l5bct
bbf896afa4d766ec309e3174d3bd5bee0de2562436c626aa652368e8bff280a0,2026-04-15 10:43:59.970112+00:00,hu,blikk.hu,blikk.hu,2026-04-15,"18 éve halt meg a nagy mókamester, Antal Imre: így néz ki most a legendás tévés sírja",https://www.blikk.hu/sztarvilag/hazai-sztarok/antal-imre-sirja-halal-evfordulo/z3n7zeg
170054d36ca75bda6536861a2ce2cce2396c7a0b48310f2c3b1838454454c906,2026-04-15 10:43:51.663608+00:00,hu,blikk.hu,blikk.hu,2026-04-15,"A levélszavazatok nagy részét már felbontották, meglepő, hogy mennyi érvénytelen",https://www.blikk.hu/politika/magyar-politika/levelszavazat-felbont-ervenytelen-valasztas/yrm8dgk
e2dc4dc00adc5a15f40be3514ae9d3f674176f51409e5743628e26a21bfc82b1,2026-04-15 10:43:47.186254+00:00,hu,blikk.hu,blikk.hu,2026-04-15,Hátborzongató: Hajszálpontosan megjósolták a bükki füvesember halálát – ma lenne 98 éves Gyuri bácsi,https://www.blikk.hu/aktualis/belfold/gyogynoveny-bukki-fuvesember/et98z30
528b028c04860134c056c0edf368658be294e007c1d667a11c59c249fc61396b,2026-04-15 10:43:35.135196+00:00,hu,blikk.hu,blikk.hu,2026-04-15,"„Amikor először láttam, valósággal földbe gyökerezett a lábam” – Ernyey Béla 18 év után is rajong feleségéért",https://www.blikk.hu/sztarvilag/hazai-sztarok/ernyey-bela-felesege-hazassag/shxm07y
9e94a9107d00c4e5553efbbbd9b22dd07d5d1e043580c78a6b1ab0163cabfe9e,2026-04-15 10:43:30.340351+00:00,hu,blikk.hu,blikk.hu,2026-04-15,Hajmásy Péter a világ végére utazott a szívműtétje után Nádai Anikóval: itt kötöttek ki,https://www.blikk.hu/sztarvilag/hazai-sztarok/hajmasy-peter-nadai-aniko-japan/s7cddbx
6c7171106e313d35b2d88500d54b1464a952e0e35fc3ffc694be9dfca1b9fab0,2026-04-15 10:43:25.179706+00:00,hu,blikk.hu,blikk.hu,2026-04-15,Olcsón megúszta a bírót megtámadó kimlei focista,https://www.blikk.hu/sport/magyar-foci/labdarugas-varmegye-kimle-rajka-eltiltas/6wsrhsc
456500941e5084ca9d67cb301e3def15a9c8b02dc89359134aaa2da53a3ad53f,2026-04-15 10:43:20.353438+00:00,hu,blikk.hu,blikk.hu,2026-04-15,"Meglepő válasz: Árt vagy sem, ha megy a klíma a motor leállításakor?",https://www.blikk.hu/auto/klima-kikapcsolas-motor-leallitasa-elott/0pphcyv
0984db3248c18560b5035eb6615aa60dca4e78cc311442fcf365ebdd2931e265,2026-04-15 10:43:14.956560+00:00,hu,blikk.hu,blikk.hu,2026-04-15,Mi lesz most? Szujó Zoltán közleményben reagált Gyulay Zsolt távozására,https://www.blikk.hu/sport/szujo-zoltan-gyulay-zsolt-kozlemeny/840k8ys
3adfa8b17e204ee19fa2fa0ad8f448b21f4a81ca9acc102d9f0db576a0ce446b,2026-04-15 10:43:01.454113+00:00,hu,blikk.hu,blikk.hu,2026-04-15,"Amerikai szám csörgette meg a szegedi PhD-hallgató telefonját, nem vette fel: kiderült, hogy Karikó Katalin volt az",https://www.blikk.hu/ferfiaknak/tech/kariko-katalin-telefonhivas-phd-hallgato/z242h53
671d5b06ec8bb778631d45d0d1c2bd6b01fda83295a46b0097d25c254bc66b06,2026-04-15 10:42:19.517315+00:00,hu,index.hu,index.hu,2026-04-15,"Létrehozzák Zuckerberg AI-mását, a főnök helyett ő beszélget majd az alkalmazottakkal",https://index.hu/techtud/2026/04/15/meta-ai-mesterseges-intelligencia-mark-zuckerberg-hasonmas/
55c98e91c77fbb008509b066e900f04791745ad4ea97798f6f5e1f6b3585a7b5,2026-04-15 10:42:14.392443+00:00,hu,index.hu,index.hu,2026-04-15,A Barcelona sztárja kiakadt a BL-búcsú után: Kiraboltak minket!,https://index.hu/bajnokokligaja/2026/04/15/bajnokok-ligaja-2025-2026-negyeddonto-atletico-madrid-barcelona-visszavago-raphinha/
470f9d5e5dd28d18fab3721768062492fc01d5c60ee9930b332572375d29edcf,2026-04-15 10:42:09.800718+00:00,hu,index.hu,index.hu,2026-04-15,"Az amerikai alelnök megfeddte XIV. Leó pápát, és azt is elmondta, miben téved a katolikus egyházfő",https://index.hu/kulfold/2026/04/15/egyesult-allamok-jd-vance-alelnok-xiv-leo-papa-biralat-teologia/
54c50ed6e62434afdb1e35c328bbe3ba57fc2223085adda7f24d1015d90bbf01,2026-04-15 10:42:04.327985+00:00,hu,index.hu,index.hu,2026-04-15,Meghalt José Santamaría,https://index.hu/sport/futball/2026/04/15/gyasz-jose-santamaria-real-madrid-bek/
076db3e3fe5a67064fbbd56a33d4a83d9d99457ab03b7e83246685781e65b996,2026-04-15 10:42:00.399444+00:00,hu,index.hu,index.hu,2026-04-15,"Érkezik a második baba, Tornóczky Anita 46 évesen újra szülői örömök elé néz",https://index.hu/mindekozben/poszt/2026/04/15/tornoczky-anita-terhes-masodik-baba-lombik/
2cbfdf68cd0cdaf4826dd8b7be0d2374d5a26b162ed85097ad2267df3389c691,2026-04-15 10:41:48.627753+00:00,hu,index.hu,index.hu,2026-04-15,Drasztikus változtatás jön a magyar labdarúgásban a következő idénytől,https://index.hu/sport/futball/2026/04/15/labdarugo-nb-i-2026-2027-szabalyvaltoztatas-mlsz-osztalyozo/
c783557f64308283aca887a40eefd272a844c14f4e9f379b15331ea0a25f031c,2026-04-15 10:41:31.804846+00:00,hu,index.hu,index.hu,2026-04-15,Egymillió autóst figyelmeztet a NAV: éjfélkor lejár a határidő,https://index.hu/belfold/2026/04/15/nav-gepjarmuado-befizetes-hatarido-ejfel/
d6edd5c9941569a5290a75f31a6360e2abeb01e0aa9e7da4cc943a7fa29b62b1,2026-04-15 10:41:22.524667+00:00,hu,index.hu,index.hu,2026-04-15,Kajdi Csaba üzent Ördög Nórának a választás utáni posztja miatt,https://index.hu/mindekozben/poszt/2026/04/15/ordog-nora-valasztas-utani-poszt-kajdi-csaba-komment/
178f00985de5b6c496f20c68c1624467864372f04866336a8dc6957a7d2020b4,2026-04-15 10:40:38.685229+00:00,hu,index.hu,index.hu,2026-04-15,"Hentesből lett bérgyilkos a nő, aki észrevétlenül szedte áldozatait",https://index.hu/kultur/2026/04/15/sim-asszony-a-bergyilkos-kang-dzsijong-konyv-krimi/
5420dd25bdcf82c8ad543a86b984cafea0c2ce1b587b5b21548dfdc11ed4e112,2026-04-15 10:40:33.880098+00:00,hu,index.hu,index.hu,2026-04-15,"Gyakorlatilag kapitulált a Nemzeti Filmintézet, felfüggesztik a filmfinanszírozást",https://index.hu/kultur/2026/04/15/nfi-kael-csaba-film-kormanybiztos/
9903d83501186eebcfc69c4bb3394b175aa71b71828866afa0e20a919d511343,2026-04-15 10:36:27.818344+00:00,hu,index.hu,index.hu,2026-04-15,"Sulyok Tamás miniszterelnöknek javasolja Magyar Pétert, aki lemondásra szólította fel a köztársasági elnököt",https://index.hu/belfold/2026/04/15/sulyok-tamas-sandor-palota-magyar-peter-orban-viktor-toroczkai-laszlo-egyeztetes-orszaggyules/?utm_source=hirstart&utm_medium=referral&utm_campaign=ct
3c61cd5bb2f1ea87e4e6f2054b1edaec6ec7ece4f57a24dd0400749e8041840f,2026-04-15 09:41:25.621577+00:00,hu,blikk.hu,blikk.hu,2026-04-15,Rácz Jenő és Rácz-Gyuricza Dóra kislánya négyéves lett: így ünnepeltek Kamillával,https://www.blikk.hu/sztarvilag/hazai-sztarok/racz-jeno-kislanya-szulinap-negyeves/7zsq1ze
0429e233b0725479a3cbf4377e67d0ab29a63efbea6854c9a70eb48fb27ddb04,2026-04-15 09:41:20.905947+00:00,hu,blikk.hu,blikk.hu,2026-04-15,Vége a 13 milliárdos bújócskának: Mohácson kattant a bilincs a Jetflicks magyar szoftveresén,https://www.blikk.hu/aktualis/krimi/netflix-rendorseg/lntr9p9
9037256ac5db252277027bc3a1b5e4caffbac456a1729c1722e4e6d36051de06,2026-04-15 09:40:32.702730+00:00,hu,blikk.hu,blikk.hu,2026-04-15,Szoboszlainak estek a francia focidrukkerek: egyik legjobbjuk sérülése miatt őt hibáztatják,https://www.blikk.hu/sport/kulfoldi-foci/desire-doue-szoboszlai-dominik-serules-utkozes/1s5gck0
7a7633f04fd0b102e057926f37803f9baf0caba9934350c8f9535cd2449492a7,2026-04-15 09:40:27.773823+00:00,hu,blikk.hu,blikk.hu,2026-04-15,Idő előtt távozik hivatalából Sulyok Tamás?,https://www.blikk.hu/politika/magyar-politika/sulyok-tamas-koztarsasagi-elnok-szavazas-szavazzon/pfjqjwm
a139201d3c6f8be90101c5d027ac29b9301ffa84b50e0a8fc7ca95ab7a610db4,2026-04-15 09:40:23.341083+00:00,hu,blikk.hu,blikk.hu,2026-04-15,Szörnyű tragédia: 97-en haltak meg a Liverpool mérkőzésén – videó,https://www.blikk.hu/sport/kulfoldi-foci/hillsborough-tragedia-emlekezes/zscwcw2
d6f7aa3d025b5b4ea785b30cf7c397f6b48775bf6df47525a5db3c70b602d156,2026-04-15 09:39:54.206244+00:00,hu,blikk.hu,blikk.hu,2026-04-15,"Tudod melyik gabona a legegészségesebb a világon? Senki sem akarja megenni, pedig jót tesz a szívnek és a csontoknak.",https://www.blikk.hu/eletmod/egeszseg/koles-egeszseges-gabona/flwfc9q
0eada53bb3d2cb8fa72e7e85b098a575cdd3d3c3070aa0cadb51216ddc28c4cb,2026-04-15 09:39:46.319377+00:00,hu,blikk.hu,blikk.hu,2026-04-15,Pink karbonnal támad a Cadillac: ezt tényleg valaki megvette?,https://www.blikk.hu/auto/cadillac-escalade-giccses-suv/hbxsz6j
9460f72e6ff83f2becdfb5035f638bc818e561061cd283fd73178fa098ea5696,2026-04-15 09:39:31.669731+00:00,hu,blikk.hu,blikk.hu,2026-04-15,Így érkezett Magyar Péter a Sándor-palotához,https://www.blikk.hu/politika/magyar-politika/magyar-peter-sandor-palota-sulyok-tamas/k11kgtw
184d78e408e521d2cdb8cbc1dc21afddfd7e8131ae4e7d24d5aca4a3e471b929,2026-04-15 09:39:14.866612+00:00,hu,blikk.hu,blikk.hu,2026-04-15,"Dolly bevallotta, 77 évesen miért nincs senkije: ""A gyerek nem adatott meg nekem""",https://www.blikk.hu/sztarvilag/hazai-sztarok/dolly-gyermektelen-szingli-egyedullet/jhl782p
c51ba1a477efb48455b315bebfa5d1b327a46864ea2d30d03dafe6845ec8d508,2026-04-15 09:38:48.699705+00:00,hu,blikk.hu,blikk.hu,2026-04-15,"Meghalt a magyar bajnok labdarúgó, Szőke István",https://www.blikk.hu/sport/magyar-foci/szoke-istvan-vasas-gyasz/lj2pzz0
ad269bb9def9b6033b014422a01110d410646874dc2061d863afe82eb7afaf16,2026-04-15 09:38:03.904323+00:00,hu,origo.hu,origo.hu,2026-04-15,"Ketrecben harcos, a neten szívtipró: megőrülnek a nők Növényi Norbertért",https://www.origo.hu/sport/sport-laza/2026/04/novenyi-norbert-mma-harcos-noi-rajongok-kepek
38f3fc117eb2f91b4fd4f260008c623c6074f0c8ceae60c49be7a55f9379e6a8,2026-04-15 09:37:06.918209+00:00,hu,origo.hu,origo.hu,2026-04-15,A Fradi edzője fontos figyelmeztetést küldött Lisztes Krisztiánnak,https://www.origo.hu/sport/sport-futball/2026/04/fradi-robbie-keane-uzenet-lisztes-krisztian-nb-i
19aeb0eccdd3e8961048fdab941b42ab597171c54b7852e3a3fcafe1dd7ad42e,2026-04-15 09:36:16.943081+00:00,hu,origo.hu,origo.hu,2026-04-15,Faáruszállítmányok kóborolnak a Közel-Keleten – darabokra törtek a szállítási láncok,https://www.origo.hu/gazdasag/2026/04/faaru-ar-kozel-kelet-valsag
64b4e8026dc8af6d4ea435ffd3feec2044100405435931cef2847e5f682f381c,2026-04-15 09:36:11.485569+00:00,hu,origo.hu,origo.hu,2026-04-15,Brutálisan sok villanyautót hív vissza a kínai gyártó – ez minket is érint,https://www.origo.hu/auto/2026/04/elektromos-autot-kina-nio-visszahivas
1e9245705fa8bdea742970b5cbd8b8b5baec39a429a50446b7661bf1eebec1ae,2026-04-15 09:29:17.920650+00:00,hu,index.hu,index.hu,2026-04-15,Diána és Katalin hercegné meglepő közös vonására derült fény,https://index.hu/fomo/2026/04/15/diana-hercegne-katalin-szokasok-kiralyi-csalad-vilmos-herceg/
0d0560aec0ee2997364c510b5f056c4cd47b3f834fc7e9827e89bb60dcaa7354,2026-04-15 09:28:19.567138+00:00,hu,index.hu,index.hu,2026-04-15,"Anger Zsolt 31 év titkolózás után vállalta fel, hogy van egy lánya: „Tartozom neki egy egész élettel”",https://index.hu/mindekozben/poszt/2026/04/15/anger-zsolt-eltitkolt-lanya/
c159ea93592d6a985930cc3bda789f79b0510501e4d789becb07bdb4a8127da1,2026-04-15 09:28:14.038345+00:00,hu,index.hu,index.hu,2026-04-15,"Arne Slot: Megmutattuk, hogy a jövő nagyon fényes a Liverpool számára",https://index.hu/bajnokokligaja/2026/04/15/bajnokok-ligaja-2025-2026-liverpool-psg-negyeddonto-visszavago-arne-slot/
df8cde4f4dc72e2042f2b859abdc4f93e6307f183141db9b6750b480f164da40,2026-04-15 09:28:05.176713+00:00,hu,index.hu,index.hu,2026-04-15,"Giorgia Melonit megkérdezték, nem koccint-e Orbán Viktorra – az arckifejezése mindent elárult",https://index.hu/kulfold/2026/04/15/olaszorszag-verona-giorgia-meloni-orban-viktor/
6b6b8bf2232448209c2c9747db787e33bd5ceedd198f39e4278b3b4b7db8c7d0,2026-04-15 09:28:00.194194+00:00,hu,index.hu,index.hu,2026-04-15,A rendszerváltáshoz még nem elég az új kétharmadország,https://index.hu/velemeny/2026/04/15/rendszervaltas-kormanyvaltas-ketharmad-magyarorszag-politika-tisza-part-valasztasi-rendszer-hatalom-ner/
c08340cf68eb3d23e68d62d34236b919819f8531848bed81dc62ae460201f7f1,2026-04-15 09:27:49.167387+00:00,hu,index.hu,index.hu,2026-04-15,"Pénzesőt indítana a Tisza Párt a nyugdíjasoknak, de elképzelhetetlen, hogy ezt azonnal meg lehet valósítani",https://index.hu/gazdasag/2026/04/15/tisza-part-kormany-nyugdij-nyugdijemeles-nyugdijas/
32d008ff02ba2dcb77adf3ac17e99783d594986bdb3cc47a64be570480684c85,2026-04-15 09:27:43.234759+00:00,hu,index.hu,index.hu,2026-04-15,"A Portland bejutott az NBA rájátszásába, a Miami Heat drámai módon bukott el",https://index.hu/sport/kosarlabda/2026/04/15/nba-2025-2026-rajatszas-portland-trail-blazers-miami-heat/
55663a3c972f8e355d52e38e71874a37300ad8c227470b1b4f21674e0374ebce,2026-04-15 08:41:43.415154+00:00,hu,origo.hu,origo.hu,2026-04-15,Erre sosem lenne hajlandó az Ázsia Expressz séfpárosa,https://www.origo.hu/teve/2026/04/azsia-expressz-sef-tischler-petra-vomberg-frigyes
aee61f194e4fe9ea9c1fd2709e6911ca701d5bc69bb7a138e671a49f4e56ccfb,2026-04-15 08:41:32.520678+00:00,hu,origo.hu,origo.hu,2026-04-15,Szoboszlait vádolják a franciák a PSG sztárjának sérüléséért,https://www.origo.hu/sport/sport-futball/2026/04/szoboszlai-dominik-doue-serules-vadak-bajnokok-ligaja
843987aff7f12d096ec45ec1cac67e54ca15a6d1e2280884976d00572a8d7dfd,2026-04-15 08:41:26.811286+00:00,hu,origo.hu,origo.hu,2026-04-15,"Szoboszlai padlón, miközben a szexi Buzsik Borka brutális fotóval tarolt – kép",https://www.origo.hu/sport/sport-laza/2026/04/buzsik-borka-szexi-foto-szoboszlai-liverpool-psg-bl
a8a4e1e1d8091264e6caabdd088ee2e0b2b70cf4234879974710d9840432345a,2026-04-15 08:41:19.485723+00:00,hu,origo.hu,origo.hu,2026-04-15,"Különös állatokat fogtak be az ócsai vadonban, a Szegedi Vadasparkba vitték őket",https://www.origo.hu/itthon/2026/04/mosomedve-ocsa-szegedi-vadaspark
91863c80d4fde9d98f1a20f2643bc96e65b04d21d8e917f29c32cd0b0b52303c,2026-04-15 08:41:09.038203+00:00,hu,origo.hu,origo.hu,2026-04-15,Ilyet ritkán látni: különleges égi együttállás ragyog fel Magyarország felett,https://www.origo.hu/itthon/2026/04/csillagaszati-jelenseg-hold-fiastyuk-venusz-egyuttallas
d5b95520c9d54db1df33aa136bb6f00a272191048af280a1fb46ef38b443e867,2026-04-15 08:41:00.650360+00:00,hu,origo.hu,origo.hu,2026-04-15,Szökésben lehet a baranyai késelő: nem sikerült elfogni az idős ember támadóját,https://www.origo.hu/kek-hirek/2026/04/keselo-szokesben-lehet-az-idos-ember-tamadoja-karasz
25f97761788db676f1d076a2a6e8ba67f1a9873d64daeb1db26fa39daa10f0c4,2026-04-15 08:40:55.271490+00:00,hu,origo.hu,origo.hu,2026-04-15,Amerikai hadihajó lépett közbe: iráni olajszállítókat fordítottak vissza a tengeren,https://www.origo.hu/kulpol/2026/04/iran-olajszallito-feszultseg
baf111ee25fe1a1b01c598dd6ed69344b1a7f0a7700b12d03cd6a351bcc5a311,2026-04-15 08:40:46.783110+00:00,hu,origo.hu,origo.hu,2026-04-15,Lavrov is megszólalt a magyar választásokkal kapcsolatban,https://www.origo.hu/nagyvilag/2026/04/szergej-lavrov-tisza-part-peking
c3c122559267622d7e20d8ded1dd7416441d38bf933f611e58297f74aae4451c,2026-04-15 08:40:09.282813+00:00,hu,origo.hu,origo.hu,2026-04-15,Magyar Péter felfüggesztené a közmédia hírszolgáltatását a sajtószabadság jegyében,https://www.origo.hu/belpol/2026/04/magyar-peter-sajtoszabadsag-kossuth-radio-kozmedia
e0ce53fb4b7f7e98f109e7ccef15d537228e4d7ffdb1253443a5f6b5ccf26a70,2026-04-15 08:35:16.726274+00:00,hu,blikk.hu,blikk.hu,2026-04-15,"Révész Sándor megdöbbentő vallomása: „Le tudok mosakodni egyedül, ami óriási bravúr”",https://www.blikk.hu/sztarvilag/hazai-sztarok/revesz-sandor-allapota-piramis-egyuttes-enekles-betegseg-sztrok-demjen-ferenc/8lqy8e1
dec4281c936f49656b46ef738dc68fa84202aa2bcd1791d2f7a5bf9b19b8b52c,2026-04-15 08:34:44.927684+00:00,hu,blikk.hu,blikk.hu,2026-04-15,"„Úgy zsizsegek, mint ifjúkoromban” – Mácsai Pál az Örkény utáni újrakezdésről",https://www.blikk.hu/sztarvilag/hazai-sztarok/macsai-pal-szinesz-igazgato-orklny-szinhaz-szuletesnap/9vf1p8z
90f54ed461bd18e68baf1533a2209397d0c6385b28a38424b8fb36aa0544ae71,2026-04-15 08:34:39.788421+00:00,hu,blikk.hu,blikk.hu,2026-04-15,"Egy budai lakás árát ajánlották Laky Zsuzsinak, ha levetkőzik",https://www.blikk.hu/sztarvilag/hazai-sztarok/laky-zsuzsi-dietz-gusztav-anyagi-helyzet/c3hsyyz
84704542d320c1d5c8b1f074205ebde153c808e25512560a662199251c595ba9,2026-04-15 08:34:29.788619+00:00,hu,blikk.hu,blikk.hu,2026-04-15,"Személyautó sodródott árokba az M6-oson, a mentés már tart",https://www.blikk.hu/aktualis/belfold/baleset-m6-os-autopalya-tuzoltok-mentok-dunafoldvar-katasztrofavedelem/zc588yt
0a394ee0d55a5da1ce6f2c8435e2bda47fc44b083b0a4afb56946e943fb75b7f,2026-04-15 08:34:25.149954+00:00,hu,blikk.hu,blikk.hu,2026-04-15,"Toroczkai László: Nagyon rossz előérzetem van, egyelőre nagyon rossz jeleket látok",https://www.blikk.hu/politika/magyar-politika/valasztas-2026-toroczkai-laszlo-mi-hazank-interju-kozmedia/3347wrl
07e809ecb3a8e7dec4fdc69048aef809a71e9dd9255b2d0f1ee164165ecd6c0c,2026-04-15 08:34:19.792075+00:00,hu,blikk.hu,blikk.hu,2026-04-15,"Éhségsztrájkba lépnek egy sajóbábonyi vegyi üzemben, megszólaltak a dolgozók",https://www.blikk.hu/aktualis/belfold/ehsegsztrajk-sajobabony-vegyi-uzem/q6b9yl3
fd6843ab200990341b66b140dfcd5f47c86f0b8b4d202c9d44702328a470ca9d,2026-04-15 08:34:05.143987+00:00,hu,blikk.hu,blikk.hu,2026-04-15,"Több év után kiderült, hogy Magyar Péter tagja ennek a Facebook-csoportnak: ezt az oldalát csak kevesen ismerhették",https://www.blikk.hu/politika/magyar-politika/magyar-peter-miniszterelnok-heroes-of-might-and-magic-3/p83rnz3
b3e9c95147ed3ffb0416dba3bb70af990220c210a04adc8d52657bdeac7a6bc3,2026-04-15 08:33:20.872286+00:00,hu,blikk.hu,blikk.hu,2026-04-15,"Csaló gazember, aki mindig megússza – Edzőlegendájukat, a magyarok ellenfelének trénerét döngölik a földbe a svájciak",https://www.blikk.hu/sport/svajc-jegkorong-covid-csalas/r4mem9q
fccdc84a343bec23c11ccfe25d486511b952cdfdd474e635539e947cf36107e7,2026-04-15 08:32:58.238162+00:00,hu,blikk.hu,blikk.hu,2026-04-15,Valóban másképpen nevelik a kutyákat a férfiak és a nők?,https://www.blikk.hu/eletmod/tippek/kutya-neveles-kulonbseg-ferfiak-nok/cb6pd2h
4f67a63fc3d49380edf18f63118ecd0120d9357e7ede7435d47c1be23ea2a93f,2026-04-15 08:27:31.211554+00:00,hu,origo.hu,origo.hu,2026-04-15,Üzent a NAV: fontos határidő jár le ma éjfélkor,https://www.origo.hu/gazdasag/2026/04/nav-fontos-hatarido-jar-le-ma-ejfelkor
b6f32dcc97dfc53ff8cb30e96c2f461f4ff6fe7b6585c151d81509011821e56d,2026-04-15 08:27:01.073323+00:00,hu,origo.hu,origo.hu,2026-04-15,"Az orosz dróntámadások közepette Ukrajna attól tart, nem marad elég rakéta",https://www.origo.hu/kulpol/2026/04/drontamadasok-ukrajna-eleg-raketa
1bd816c660a54a425c81b4b9590fa60af79bc258305ededfd30b8f41f62e63d1,2026-04-15 08:26:56.622225+00:00,hu,origo.hu,origo.hu,2026-04-15,Szoboszlai Dominik védjegyét lopta el a PSG aranylabdás sztárja,https://www.origo.hu/sport/sport-futball/2026/04/szoboszlai-dominik-ousmane-dembele-golorom-masolas-bl
d94c420ab6022d2afcc3f109e65ef610e1962c07cfd7293ed59ba4d7e95c5509,2026-04-15 08:26:51.164844+00:00,hu,origo.hu,origo.hu,2026-04-15,Horner lenne a megmentő? Az Audi döntése mindenkit sokkolhat,https://www.origo.hu/sport/f1/2026/04/christian-horner-visszateres-szurkolok-audi-forma-1
b3f9a19aaef491d6d967ba4fef8bc3df2182063dca631bbc0287013d15cc13f7,2026-04-15 08:26:46.823623+00:00,hu,origo.hu,origo.hu,2026-04-15,Erre ki számított? A magyar fociválogatott sztárja borbélynak áll,https://www.origo.hu/sport/sport-laza/2026/04/nagy-zsolt-joe-barber-borbely-uj-szerep-pafc
9d03b767e83bf21b2cb352cd3c07bfda410c973a155fbbc29f3115e5f33d3a89,2026-04-15 08:26:41.068181+00:00,hu,origo.hu,origo.hu,2026-04-15,Magyar Péter egészségügyi ígéreteinél még az ingyen sör is reálisabb,https://www.origo.hu/belpol/2026/04/egeszsegugy-magyar-peter-tisza-part-igeretek-lista
b881889bf0133fd8e4ff8802233e47098c1a158ea8bb1109f3d96246949d33c0,2026-04-15 08:26:36.614730+00:00,hu,origo.hu,origo.hu,2026-04-15,„Most megöllek” – láncfűrésszel próbálta elvágni saját húga torkát egy férfi,https://www.origo.hu/kek-hirek/2026/04/lancfuresszel-tamadt-testverere
0e0d5b0056198d9e397036e0cf3c2b566ed66e16c541cb43920221f3c447e956,2026-04-15 08:26:30.263171+00:00,hu,origo.hu,origo.hu,2026-04-15,Horror áramáraktól rettegnek Stephen King államában,https://www.origo.hu/techbazis/2026/04/aramar-usa-maine-ai-mi-adatkozpont-epites-tiltas
b88a283db22296361628b0052732cc7e869677101526455e99235b17918114b9,2026-04-15 08:26:23.462041+00:00,hu,origo.hu,origo.hu,2026-04-15,"Neymart megalázták, óriási balhé kerekedett – videó",https://www.origo.hu/sport/sport-futball/2026/04/neymar-santos-szurkolok-beszolas-kover-balhe
e2f9d44b100c9902df25704e856caa9822a62231e76e777b1f9b19f8b8984ecf,2026-04-15 08:26:06.655384+00:00,hu,origo.hu,origo.hu,2026-04-15,"Donald Trump kimondta, mit gondol az új magyar vezetőről – sokakat meglephet",https://www.origo.hu/nagyvilag/2026/04/donald-trump-magyar-peter-orban-viktor-velemeny
46e34ba0a277894951376ada7fd36db5b7b3cecfee7e57234dd37657f1c6926e,2026-04-15 08:26:01.524388+00:00,hu,origo.hu,origo.hu,2026-04-15,Ajándékkártyán ajándékozta oda a pénzét a csalónak egy pápai nő,https://www.origo.hu/kek-hirek/2026/04/csalo-ajandekkartya-paysafe-papai-no
02620cc289f65d125db66d8132903add4c757804cfb9102f7b637cfb480dc24d,2026-04-15 08:24:57.015987+00:00,hu,blikk.hu,blikk.hu,2026-04-15,"Az amerikai elnök elárulta, hogy mit gondol Magyar Péterről",https://www.blikk.hu/aktualis/kulfold/donald-trump-velemenye-magyar-peter-valasztas/rkmpz6j
aa27b6051f88c85cc14c4a5bdfef595492cf8c30dd6a52db636942d46bb6101a,2026-04-15 08:24:11.293863+00:00,hu,blikk.hu,blikk.hu,2026-04-15,"Üzent a Blikknek, más emberölésekről ránthatja le ma a leplet Till Tamás gyilkosa",https://www.blikk.hu/aktualis/krimi/kenyszervallatas-till-tamas-gyilkosa/6wlgwef
cd499f12bcb9774fda642c1eeb1204ebff1145aeac94c0ada1ce89a5d012260f,2026-04-15 08:24:06.274115+00:00,hu,blikk.hu,blikk.hu,2026-04-15,"Hatalmas lángok csaptak fel a BYD telephelyén, füstbe borult az egész környék: döbbenetes videó a helyszínről",https://www.blikk.hu/aktualis/kulfold/byd-tuz-sencsen-pingshan-gyar/xj7lhw9
f4a101be20c26eee25bfe5d44eaa94c118f44b371781041622f0800122e73794,2026-04-15 08:21:47.337226+00:00,hu,index.hu,index.hu,2026-04-15,"Tűz ütött ki a BYD-gyár egyik parkolóházában, lángba borult az épület",https://index.hu/kulfold/2026/04/15/kina-sencsen-tuz-byd-gyar-parkolohaz/
29b9f609196b998307b18c8a7fda0050a54abb97c5c415c121677e5ea5dbe0da,2026-04-15 08:21:42.694604+00:00,hu,index.hu,index.hu,2026-04-15,A Tisza győzelme után eldőlni látszik Vidnyánszky Attila sorsa,https://index.hu/kultur/2026/04/15/tisza-gyozelem-kultura-valtozas-vidnyanszky-attila-nagy-ervin-rost-andrea/
5a9ea9840422ccd250de18d15af2edfbe4f88ae07e131d0328f189a0a772913a,2026-04-15 08:21:10.218523+00:00,hu,index.hu,index.hu,2026-04-15,"Magyar Péter az M1-en: Szerkesztő asszony, nem érzi kellemetlennek? A propagandát olvassa fel",https://index.hu/belfold/2026/04/15/magyar-peter-tisza-part-m1-kozmedia-mtva-valasztas2026-orszaggyulesi-valasztasok/
c22442894803d1407d7c14c69e14771deceeb367fa67baec4382c62df6f526e1,2026-04-15 08:20:46.713354+00:00,hu,index.hu,index.hu,2026-04-15,"Donald Trump elmondta, mit gondol Magyar Péterről",https://index.hu/kulfold/2026/04/15/donald-trump-magyar-peter-tisza-part-j.-d.-vance-egyesult-allamok-valasztas-2026/
772ba34fd47b82149d11b6f47d2afa640c5e6967537ed3b00df92d75b036a15b,2026-04-15 08:20:34.127070+00:00,hu,index.hu,index.hu,2026-04-15,A MÁV igazgatósági tagja szerint több döntésben is megkerülte őket a kormány,https://index.hu/belfold/2026/04/15/mav-waberer-gyorgy-lazar-janos-igazgatosag-dontes/
db5a34d62722b44743422bfe141e14edcf2407e637a855c36bdd9be734aa820f,2026-04-15 07:38:37.686648+00:00,hu,blikk.hu,blikk.hu,2026-04-15,"Friderikusz Sándor egy év alatt 20 kilót fogyott, és most vadiúj műsorral tér vissza a képernyőre",https://www.blikk.hu/sztarvilag/hazai-sztarok/friderikusz-sandor-fogyas-rtl-musor/d1fw06l
a77a5d4502e57e51aba62971dd65ac0928a5927ece638ea7c699e7295ef5d5c2,2026-04-15 07:38:32.324925+00:00,hu,blikk.hu,blikk.hu,2026-04-15,"Szívszorító, milyen volt Tordy Géza és a lánya utolsó találkozása: ""Nem volt mintaapa""",https://www.blikk.hu/sztarvilag/hazai-sztarok/tordy-geza-lanya-megemlekezes-halal/5rfp53q
8d37cf0559cc83a7fa85169144885d2a703ac5f3aba323f43c463d09b692cba9,2026-04-15 07:38:27.201329+00:00,hu,blikk.hu,blikk.hu,2026-04-15,Ezek a helyes székletürítési szokások,https://www.blikk.hu/eletmod/egeszseg/helyes-szekleturitesi-szokasok/846hd8h
0595aef13259efc83683c594f804e460746deb0f3b86c5c203df11f61661dc25,2026-04-15 07:37:28.321322+00:00,hu,blikk.hu,blikk.hu,2026-04-15,"""Tartottam viszontlátni magam a képernyőn"" – Pápai Joci bátyja a tévés szerepléséről és családi titkokról is mesélt",https://www.blikk.hu/sztarvilag/hazai-sztarok/papai-peter-rtl-mutargykereskedo-gyujtemeny-papai-joci/9s0cz30
980a105f705bf0fb2e95a23a9875eb02c460b89fada273bf0890faaa62b2bc9c,2026-04-15 07:37:23.581482+00:00,hu,blikk.hu,blikk.hu,2026-04-15,"Így érnek véget az árkorlátozások, ekkora drágulásra lehet számítani",https://www.blikk.hu/gazdasag/vasarlas/dragulas-arstopok/pp0xyb3
1d99ed0231f4af1563ffa42fb4f68004928368b8459c4f5aa3b8393ab11dcb3d,2026-04-15 07:37:18.416276+00:00,hu,blikk.hu,blikk.hu,2026-04-15,"Anger Zsolt 31 évig titkolta, hogy van egy lánya: először szólalt meg a gyermekéről és az apaságról a színész",https://www.blikk.hu/sztarvilag/hazai-sztarok/anger-zsolt-eltitkolt-lanya/y4thfxe
91035e4b6c390ed71913fd1bca50b1920a70ee9df85e12c90c83385190d075e2,2026-04-15 07:36:28.175686+00:00,hu,blikk.hu,blikk.hu,2026-04-15,"Kicsoda Kakuk L. Tamás, akivel Magyar Péter veszekedett a Kossuth rádióban?",https://www.blikk.hu/politika/magyar-politika/kakuk-l-tamas-magyar-peter-kossuth-interju/qw7c2e1
3d7d8c9ca1ce0df9c47807166b2e84a2bbf00c01f046d19ab6a991f9d2b59dc6,2026-04-15 07:24:25.863371+00:00,hu,origo.hu,origo.hu,2026-04-15,"Vigyázat! Ma minden autós erre figyeljen, ha nem akar sokat fizetni",https://www.origo.hu/auto/2026/04/vigyazat-ma-minden-autos-erre-figyeljen-ha-nem-akar-sokat-fizetni
dda1679cf1b9b6c941f70816c2bd24ccc3aa143d5c2c87d2991038b0ba593ac6,2026-04-15 07:24:20.883672+00:00,hu,origo.hu,origo.hu,2026-04-15,Sokkoló gyerekrablás a parkolóban – egy hajszálon múlt a kisgyerek élete,https://www.origo.hu/nagyvilag/2026/04/gyerekrablas-walmart-keses-tamadas-parkolo-lovoldozes
d88a6997d87dbb2b11fb5efe36d71b76a85a2624a5a30ebc79a11ea4795ff265,2026-04-15 07:24:04.538884+00:00,hu,origo.hu,origo.hu,2026-04-15,Támadás Dnyipróban: a véres csapás életeket követelt – videó,https://www.origo.hu/kulpol/2026/04/tamadas-dnyiproban-a-veres-csapas-eleteket-kovetelt-video
9116027bfc6c5fd768ee423954d1217ef137d213885faa3e16a669052dbceb8d,2026-04-15 07:23:53.477078+00:00,hu,origo.hu,origo.hu,2026-04-15,Szívszorító vallomás: a Família Kft. sztárja már a zokniját sem tudja felvenni,https://www.origo.hu/teve/2026/04/baranyi-laszlo-allapota-fogyas-betegseg
83812bf31024ebf34b8e65946ace5c94b02e3d6f7e97f870ccf060ceb3fad89c,2026-04-15 07:23:48.433561+00:00,hu,origo.hu,origo.hu,2026-04-14,Fotókon a pusztítás: teljesen kiégett a Celldömölkön kigyulladt busz,https://www.origo.hu/kek-hirek/2026/04/busz-tuz-langok-sofor
7baf15e2001f20fef4806778be14074928b17e54f44dcfda47934bbd36c0d59e,2026-04-15 07:23:43.480636+00:00,hu,origo.hu,origo.hu,2026-04-15,Káosz a Liverpool-PSG rangadón: mit mutatott a videobíró?,https://www.origo.hu/sport/sport-futball/2026/04/liverpool-psg-bajnokok-ligaja-videobiro-furcsa-jelenet
3cb61bc4ba2942b82dc0a40e8eefc3aa0874d1949442474544a86897d653de05,2026-04-15 07:23:38.454946+00:00,hu,origo.hu,origo.hu,2026-04-15,"Alkotmányjogász: a Mi Hazánknak igazolnia kell, hogy a Meta valóban befolyásolta a választást",https://www.origo.hu/belpol/2026/04/meta-mi-hazank-lomniczi-valasztas-magyar-nemzet
ec6294e5609eac02102e0ae7b8639aaf3c9f2b4f3808813bb7b2a3693ed991af,2026-04-15 07:23:18.812904+00:00,hu,origo.hu,origo.hu,2026-04-14,Ez az apró vadvirág leszámolhat a szuperbaktériumokkal,https://www.origo.hu/tudomany/2026/04/szuperbakteriumokkal-harcba-szallhat-az-apro-vadvirag
cb150fe6dfca5cd1aa6f578cddb31e37a0276f098b1a70de034c5ef60c5ecc0d,2026-04-15 07:23:12.737656+00:00,hu,origo.hu,origo.hu,2026-04-14,Fény derült a szaunázás meglepő hatására,https://www.origo.hu/tudomany/2026/04/szauna-rovid-tavon-az-immunrendszert-is-mozgositja
faa60c4cdf0e6b666a4a6818c57eac4c431a9feb8e565d7ff3c00882be0b2833,2026-04-15 07:23:06.509617+00:00,hu,origo.hu,origo.hu,2026-04-14,Netflixen akadt kihívóra Spielberg cápája: Erre a horrorra harapott most rá mindenki streamingen,https://www.origo.hu/filmklub/2026/04/netflix-capa-haragos-termeszet
0b7d47a26460b4a7495256dc4bb09852ba1e02c643ff9bad121268b45e69e557,2026-04-15 07:23:00.857367+00:00,hu,origo.hu,origo.hu,2026-04-15,Szívszorító pillanatok: Szoboszlai Dominik a könnyeivel küszködve állt a szurkolók elé – videó,https://www.origo.hu/sport/sport-futball/2026/04/szoboszlai-dominik-liverpool-psg-kop-szurkolok-video
dcb0b5213e8f7ad5f8b4eb293214e39dcd92c0e5d5b6b7f2931302b79f95c69f,2026-04-15 07:22:53.344362+00:00,hu,origo.hu,origo.hu,2026-04-14,"Eltűnt egy 14 éves, gyönyörű kislány Szekszárdon",https://www.origo.hu/kek-hirek/2026/04/eltunt-egy-14-eves-gyonyoru-kislany-szekszardon
623db3dd37b7c21013e63f52391c2d4a3adc15e26ba6e4d655a39cc5cdb6a69f,2026-04-15 07:22:48.339598+00:00,hu,origo.hu,origo.hu,2026-04-15,"Balos elemző: Magyar Péter ígéretei túl szépek ahhoz, hogy igazak legyenek",https://www.origo.hu/belpol/2026/04/magyar-peter-kampanyigeret-tisza-part-nagy-attila-tibor
36b16090e21d789c69a6eb2a03ff1d3888b55bde30752634f6478e60835a14c5,2026-04-15 07:22:43.917669+00:00,hu,origo.hu,origo.hu,2026-04-14,Milliárdos fejlesztéssel erősít egy európai reptér – a Budapest Airport jövője kérdéses,https://www.origo.hu/gazdasag/2026/04/milliardos-fejlesztessel-erosit-egy-europai-repter
7ef2a0bd11b63949626c360a68d96a16e5c4d82a4bc51eeb03d5e8e0e8fbbe22,2026-04-15 07:22:38.285952+00:00,hu,origo.hu,origo.hu,2026-04-14,Váratlan! Így néz ki születésnapján Dudás Miki sírja – mutatjuk!,https://www.origo.hu/teve/2026/04/dudas-miki-sirja
c0aa9f0903b4bf316442609367c5e09b523133a5c32e887514b418bb341f1035,2026-04-15 07:22:33.956613+00:00,hu,origo.hu,origo.hu,2026-04-14,Vizsgálat indult Amerikában a nemrégiben hazánkba érkezett világhírű sportszermárka ellen,https://www.origo.hu/gazdasag/2026/04/lululemon-vizsgalat-amerikaban
dcb3c26f33a11323e7ebe0cf60e40b74d86862c90fada0b36cc2bb47fdb15b53,2026-04-15 07:22:28.920089+00:00,hu,origo.hu,origo.hu,2026-04-14,"Füstölni kezdett a tető, majd jött a mindent elsöprő tűz – képekkel, videóval",https://www.origo.hu/kek-hirek/2026/04/tuz-otthon-haztuz-zirc
2b348e176833e689ec1e77d4390ef1574410ab41f61141fd726e6aad83e6a199,2026-04-15 07:22:23.948301+00:00,hu,origo.hu,origo.hu,2026-04-15,Kidőlt betonfal nyomott halálra egy munkást Mogyoródon,https://www.origo.hu/kek-hirek/2026/04/betonfal-kidolt-halalra-nyomott-egy-munkast-mogyorodon
b69761ed7674646bc88e849405df16c9dabcf8d633fe85a0aa9fb942ab838df2,2026-04-15 07:22:18.329143+00:00,hu,origo.hu,origo.hu,2026-04-15,Gólyahír! Várandós a népszerű magyar műsorvezető,https://www.origo.hu/teve/2026/04/tornoczky-anita-musorvezeto-varandos-lombikprogram
1d5f854d995e44dce2bd614003b1659dd1dbe9d48e22e31982183b449857d487,2026-04-15 07:22:13.345231+00:00,hu,origo.hu,origo.hu,2026-04-15,"Raiffeisen-elemző: Magyar Péterék ki fogják vezetni az árrésstopot, a védett árat és a különadókat",https://www.origo.hu/belpol/2026/04/magyar-peter-arresstop-vedett-ar-kulonado-kivezetes
5816d0f15012f4cc51e4f9c983ea9b146bf8c771745703cc96deb6d58143505b,2026-04-15 07:22:08.968910+00:00,hu,origo.hu,origo.hu,2026-04-15,Diego Simeone az ágyba zavarta a dühös Barcelona-szurkolókat – videó,https://www.origo.hu/sport/sport-futball/2026/04/diego-simeone-mutogatas-bl-atletico-madrid-barcelona
4fb40f70d2466647b1f731724f182c050e5c9a48d3bc8bf6aa0b08bcb6122f34,2026-04-15 07:22:03.983058+00:00,hu,origo.hu,origo.hu,2026-04-15,Bálint Antónia életéért küzdött: perceken múlt minden,https://www.origo.hu/teve/2026/04/balint-antonia-betegseg-majdnem-meghalt
5e1bf1de8a543967271cce948cd529b7880240eebfe649aaa566f71fd48518f5,2026-04-15 07:21:58.336172+00:00,hu,origo.hu,origo.hu,2026-04-15,Horrorárat kérnek az utolsó Teslákért,https://www.origo.hu/auto/2026/04/tesla-villanyauto-model-s-signature-edition
562cb7d3152c731f3acba2f236005ccd89472edaf7abd8cf1cf1f1cbdd49a78b,2026-04-15 07:21:53.940039+00:00,hu,origo.hu,origo.hu,2026-04-15,"Megfejtették, a nap melyik szakaszában a legsebezhetőbb a rák",https://www.origo.hu/tudomany/2026/04/immunterapia-idozitesen-az-elete-mulhat
e836b79d1584828fe4a3ab7048a9339462aacee4bc8149aaad563c33e30df1ea,2026-04-15 07:21:48.935434+00:00,hu,origo.hu,origo.hu,2026-04-15,Szörnyű következményei lehetnek Magyar Péter ígéreteinek,https://www.origo.hu/belpol/2026/04/magyar-peter-tolgyessy-peter-szornyu-kovetkezmeny-iger
d239fc186c5af17f15b9e0dba5ed11c1eafe533d39cf540b8f87f8cf34ec4c15,2026-04-15 07:21:43.325624+00:00,hu,origo.hu,origo.hu,2026-04-14,Döbbenetes kegyetlenséggel támadják Rubint Réka lányát,https://www.origo.hu/teve/2026/04/rubint-reka-schobert-lara-rak-tamadas
1cb41523ee330a6b2bdc4609eec65af2792dcc7afe7f48d4c30c9a50efe31db1,2026-04-15 07:21:35.748062+00:00,hu,origo.hu,origo.hu,2026-04-14,"Kilökte barátnőjét a tizedikről, szörnyethalt a győri nő",https://www.origo.hu/kek-hirek/2026/04/kilokte-baratnojet-a-tizedikrol-szornyethalt-a-gyori-no
9e8e892adae1ff81cb468a250a1cccde32044f042d05325042fde6619cea238e,2026-04-15 07:21:30.827681+00:00,hu,origo.hu,origo.hu,2026-04-14,"Pénzmosás miatt áll bíróság elé 11 ember, akik milliókat tüntettek el",https://www.origo.hu/kek-hirek/2026/04/penzmosas-miatt-all-birosag-ele-11-ember
122c86588fa18dac8a1b654b47df1ca76d06ff914314bc2381860997b5d7aa29,2026-04-15 07:21:25.260810+00:00,hu,origo.hu,origo.hu,2026-04-15,Lavrov riadót fújt: rohamosan militarizálódik az Európai Unió,https://www.origo.hu/kulpol/2026/04/lavrov-militarizalodik-europai-unio
fd46bed0da56f350956e7afe5d107723bfb3e84da809a132d8cb215744285436,2026-04-15 07:20:49.282297+00:00,hu,origo.hu,origo.hu,2026-04-14,"Vírusos lesz a Windows, ha bedől ennek a trükknek",https://www.origo.hu/techbazis/2026/04/windows-hamis-frissites-virus-kartevo-atveres
7e52833401640bc384c0ac8e5b0ea1896443c9c3875caccad737b1b5a2f7b94b,2026-04-15 07:20:49.256057+00:00,hu,index.hu,index.hu,2026-04-15,"Kiállt Hann Endre mellett Karácsony Gergely, miután támadásokat kapott a Medián adatainak hitelessége miatt",https://index.hu/belfold/2026/04/15/karacsony-gergely-hann-endre-kozvelemeny-kutato-median-orban-viktor-bukas-fidesz/
315849d9eb84a82e8a6d9dc659ee850f9e8c54dbea2f5847ff47fbd5e2a56473,2026-04-15 07:20:32.293494+00:00,hu,origo.hu,origo.hu,2026-04-15,"Bodrogi Gyula 92 évesen is aktív – kiderült, mi a titka",https://www.origo.hu/itthon/2026/04/bodrogi-gyula-92-eves-szuletesnap-szinhaz
fdd792dca6f0c0bbbc2b5d6a092f4a585c010e409f0370c96e61ad8f3507e04d,2026-04-15 07:20:21.586337+00:00,hu,index.hu,index.hu,2026-04-15,"Előkerült egy videó Balogh Leventéről a választás éjszakájáról, nem akárhogy fogadta az eredményt",https://index.hu/mindekozben/poszt/2026/04/15/balogh-levente-tanc-enek-video-valasztas-2026/
f865a0d8605c05c8fda30e4da80a949ca69c2e6a5d17178e8acb9c3daac33035,2026-04-15 07:20:11.180771+00:00,hu,index.hu,index.hu,2026-04-15,"Már nem nyomoznak Magyar Péter ellen, a Központi Nyomozó Főügyészség megszüntette az eljárást",https://index.hu/gazdasag/2026/04/15/magyar-peter-bennfentes-kereskedelem-fougyeszseg-eljaras-megszuntetes/
8072915bca17407e4c9a6be182ac7118af0e869f47a10b581cfec85fd7131812,2026-04-15 07:20:06.479530+00:00,hu,index.hu,index.hu,2026-04-15,Magyar Péter másfél év után a köztévé vendége,https://index.hu/belfold/2026/04/15/magyar-peter-kozmedia-m1-elo-interju/
271ca881839e788b22327a24ba4adc1783ad693c59c5e78843167cfeb9efe0f8,2026-04-15 07:20:02.468538+00:00,hu,origo.hu,origo.hu,2026-04-15,"Palik László elnézést kért minden nézőtől – mutatjuk, miért",https://www.origo.hu/itthon/2026/04/exatlon-palik-laszlo-musorvezeto-hangos-stilus
0ab9a811c8854cb874fac9acc4458ab5cc56640ed2fa4ce7035ee58491dd5c55,2026-04-15 07:19:41.058888+00:00,hu,origo.hu,origo.hu,2026-04-15,Kiszámíthatatlanná válik az időjárás – a hétvége hozza a csavart,https://www.origo.hu/itthon/2026/04/idojaras-napsutes-eso-zapor-zivatar
c2fbdb421930a81afb30765a699571d36f906b20fa5817d2ed4875566bec59a7,2026-04-15 07:19:36.456568+00:00,hu,origo.hu,origo.hu,2026-04-15,Tüntetés bénította meg az Ázsia Expressz stábját – Ördög Nóráék hatalmasat küzdöttek,https://www.origo.hu/itthon/2026/04/azsia-expressz-forgatas-tuntetes-oruro-ordog-nora
c302253b16ec6cd7bbae046dae17808df8cd082ef33f3911406dec5ce031e7e7,2026-04-15 07:19:36.445985+00:00,hu,index.hu,index.hu,2026-04-15,A Raiffeisen vezető elemzője szerint nagy kihívás lesz a költségvetés az új Tisza-kormánynak,https://index.hu/gazdasag/2026/04/15/torok-zoltan-gazdasagpolitika-raiffeisen-interju-koltsegvetes-arresstop/
0c854e9c73002b77e64db7a13acb181383df5756575f55268c8534a56f6547ca,2026-04-15 07:19:09.452656+00:00,hu,origo.hu,origo.hu,2026-04-14,Humanoid robot fejlesztésében vettek részt a diákok Biatorbágyon,https://www.origo.hu/itthon/2026/04/humanoid-robot-fejlesztes-biatorbagy
f6162fbd537e26a5a53912071b79649e94d0e7eaf9dd595b556dcb2cb667a563,2026-04-15 07:19:04.352858+00:00,hu,origo.hu,origo.hu,2026-04-15,"Klónozza magát Zuckerberg, mert nincs kedve dolgozni",https://www.origo.hu/techbazis/2026/04/zuckerberg-mi-chatbot-klon-meta
90a40c56e85e8b6bc5fdd4cd8b9c1d972b7224d38d4c13c38dc7de7cb36257d1,2026-04-15 06:32:00.987819+00:00,hu,blikk.hu,blikk.hu,2026-04-15,A nyitrai kórház kerítésénél ólálkodik a medve,https://www.blikk.hu/aktualis/kulfold/medve-korhaz-nyitra-szlovakia/hdvp2r9
803b29763e5229fde85ba62b222b31bfd0aa43291aa0c8b35a74927f89c28e28,2026-04-15 06:31:48.602728+00:00,hu,blikk.hu,blikk.hu,2026-04-15,"Szerdán még nyugodt időnk lesz, aztán jön a fordulat",https://www.blikk.hu/aktualis/belfold/idojaras-elorejelzes-napos-felhos-zapor-/vpz6366
7c189c1aa63fbade5f8bc992e10df92bb9435aa0a1a3c327f483d059a79ecc56,2026-04-15 06:31:43.619443+00:00,hu,blikk.hu,blikk.hu,2026-04-15,Amit a 36 éves Emma Watson-ról,https://www.blikk.hu/sztarvilag/nemzetkozi-sztarok/emma-watson-szuletesnapja-36-eves-hermione/971m1zs
87ea007b645eddee085ca0a6afb60d7ded73d2511b2af7cf388bb0f080309dbe,2026-04-15 06:31:38.589274+00:00,hu,blikk.hu,blikk.hu,2026-04-15,46 évesen a második gyermekével várandós Tornóczky Anita,https://www.blikk.hu/sztarvilag/hazai-sztarok/tornoczky-anita-babat-var/p6j234k
c7baaab3d41f2405cd5337b3e6b5201bc8759983f0ccc989d2881a2757cf614c,2026-04-15 06:31:27.875239+00:00,hu,blikk.hu,blikk.hu,2026-04-15,"Karvalics Eszter az Exatlonban: ""Villámhárító voltam, próbáltam békíteni a vitázó feleket""",https://www.blikk.hu/sztarvilag/hazai-sztarok/karvalics-eszter-pszichologus/vk5byd8
5b4ca8d75959aa823622ee29ac8eacb3528e074b11f39d1c8b36ec3376f34b5a,2026-04-15 06:31:01.327914+00:00,hu,blikk.hu,blikk.hu,2026-04-15,"Kajdi Csaba nekiment Ördög Nórának a választás utáni sejtelmes posztja miatt: ""A lényeg, hogy dőljön a lovetta!""",https://www.blikk.hu/sztarvilag/hazai-sztarok/kajdi-csaba-ordog-nora-beszolas/2jcl5s3
3eb2842e159e3517df694b2330b3b0ea9b2d211b605b49cf07da47a384c96502,2026-04-15 06:30:53.432005+00:00,hu,blikk.hu,blikk.hu,2026-04-15,"Kitálalt Majka: szerinte ezért bukott el a Fidesz a választáson, beszólt a kormánypárti előadóknak is",https://www.blikk.hu/sztarvilag/hazai-sztarok/majka-fidesz-valasztas/jj52fk4
d9cfc2e48fa0a2f22030bc7df4e28dc5ee55a71213b3a1dceaf249b755768c3e,2026-04-15 06:30:43.869743+00:00,hu,blikk.hu,blikk.hu,2026-04-15,Senki sem tudott áttörni az amerikai tengeri blokádon,https://www.blikk.hu/aktualis/kulfold/hormuzi-szoros-blokad-targyalas-iran-egyesult-allamok/lss0pcm
e9e460bb0168acfbd457aa2cd534b49900fbb9a831eb133822a5aa8ef816988d,2026-04-15 06:30:38.763788+00:00,hu,blikk.hu,blikk.hu,2026-04-15,Itt az igazság a magyar euróról: ennyit kell még várnunk rá,https://www.blikk.hu/gazdasag/vasarlas/euro-bevezetes-gki-kormanyvaltas-tisza-part/4vwr3yx
f3c81df710a036384ef8354a77d698d868832a1692868075af6140399bc608db,2026-04-15 06:30:33.749193+00:00,hu,blikk.hu,blikk.hu,2026-04-15,„Majdnem kicsekkoltam ebből a világból” – Így vallott Bálint Antónia a betegségéről és a családi tragédiákról,https://www.blikk.hu/sztarvilag/hazai-sztarok/balint-antonia-betegseg-csalad-gyasz/vl502qq
cd877a04d43fb33039163709d8b517023ee15a918b1821b953497b951de37fd7,2026-04-15 06:30:29.138522+00:00,hu,blikk.hu,blikk.hu,2026-04-15,"A rákkal küzdő Rubint Réka drámai vallomása: ""Minden pénzünk odaveszett, ott maradtunk nulla forinttal""",https://www.blikk.hu/sztarvilag/hazai-sztarok/rubint-reka-daganat-kemoterapia-kezeles-rak/gf7k9zm
4204363866136e29d63e67eb87fc9b8e8f672ea892f601e1921a5a2cb77848e7,2026-04-15 06:30:24.250712+00:00,hu,blikk.hu,blikk.hu,2026-04-15,Íme Magyar Péter első bejelentései a Kossuth rádióban és a köztévén,https://www.blikk.hu/politika/magyar-politika/magyar-peter-kossuth-radio-kozteve/7dkhjwr
650dbba7a741a714cff994a2089008528ea32593860bf24bb226c7b2656cf35e,2026-04-15 06:30:18.012164+00:00,hu,blikk.hu,blikk.hu,2026-04-15,Te is nézted A klinikát? Mennyire emlékszik a Brinkmann családra?,https://www.blikk.hu/sztarvilag/nemzetkozi-sztarok/klinika-sorozat-kviz/e3j29g5
79e4e8d7ae8f66cff59af57d58f933ea365849b9fe0b7bc1c264bbcdadefba79,2026-04-15 06:29:57.199526+00:00,hu,blikk.hu,blikk.hu,2026-04-15,Hírhedt magyar biztosítási csalások: öncsonkítás és gyilkosság is van a listán,https://www.blikk.hu/aktualis/krimi/biztositasi-csalasok-magyarorszag-hires/yvx47h0
d80a4f68dec9c412b822a51f11df271afbf53f23857331b4da47ce6f7b77e65e,2026-04-15 06:29:52.309719+00:00,hu,blikk.hu,blikk.hu,2026-04-15,Így érkezett a közmédia épületébe Magyar Péter,https://www.blikk.hu/aktualis/magyar-peter-kozmedia-radio-interju-erkezett/xmdpf3d
e0fda14149817fb7a1caf6d0cd3b0d3b71dab20d9048586e881b808cc6005c2f,2026-04-15 06:23:30.090218+00:00,hu,index.hu,index.hu,2026-04-15,Magyar Péter a közmédiában: Felfüggesztjük ennek a propagandamédiának a szolgáltatását,https://index.hu/belfold/2026/04/15/magyar-peter-tisza-part-kozmedia-mtva-m1-kossuth-radio-valasztas2026-orszaggyulesi-valasztasok/
421c7a5b4fbc5892133886c58e80b1097163b3cb0958d755d4dc26ae72eb6e91,2026-04-15 06:22:08.028036+00:00,hu,index.hu,index.hu,2026-04-15,"Negyvennyolc órán belül újraindulhatnak az amerikai-iráni béketárgyalások, Trump szerint valami történhet",https://index.hu/kulfold/2026/04/15/egyesult-allamok-donald-trump-iran-iran-usa-konfliktus-beketargyalas-pakisztan-iszlamabad/
e217429225c93650af683dc02dd96b64d94ffc2f70436438d355108eb0deef1e,2026-04-15 05:31:47.703392+00:00,hu,index.hu,index.hu,2026-04-15,Tarjányi Péter: Az elszámoltatás sorsa a kormányalakítás utáni első másfél hónapban dől el,https://index.hu/belfold/2026/04/15/tarjanyi-peter-iro-biztonsagpolitikai-szakerto-elszamoltatas-magyar-kormany/
06744d2631f0419a59170f93628568a1fcaa7675625dec555ed70a41bc6f8b90,2026-04-15 05:31:43.497747+00:00,hu,index.hu,index.hu,2026-04-15,"Milliók kedvence lett ez a csüngőhasú malac, Guinness-rekorddal hódít Merlin",https://index.hu/mindekozben/poszt/2026/04/15/milliok-kedvence-lett-ez-a-mini-malac-guinness-rekorddal-hodit-merlin/
aeb2065d53807867a9b27b288eb3b8a336937e5e58e57381a49392ced3b000c7,2026-04-15 05:31:33.760716+00:00,hu,index.hu,index.hu,2026-04-15,"Teljes a káosz az osztályzatoknál, most akkor Kerkez élete meccse volt, vagy hiányzik nála a minőség?",https://index.hu/bajnokokligaja/2026/04/15/osztalyzatok-liverpool-psg-szoboszlai-dominik-kerkez-milos-bajnokok-ligaja/
48aa3d445f9a236e82a54747f83d114cb75455d08ca35aa07f8570975dd5846f,2026-04-15 05:31:28.815398+00:00,hu,index.hu,index.hu,2026-04-15,"Washington keményen odacsapott Moszkvának, Oroszország máris válaszlépést fontolgat",https://index.hu/kulfold/2026/04/15/oroszorszag-ukrajna-orosz-ukran-konfliktus-moszkva-kijev-vlagyimir-putyin-volodimir-zelenszkij-europai-unio-nato-beketargyalasok/
b8f9e8957aab9cf3fe4134a06535eaf91aa38c2a3e5541317a09e5c427c10c72,2026-04-15 05:31:24.713333+00:00,hu,index.hu,index.hu,2026-04-15,"„Azt hittem, laktózérzékeny vagyok, de csak a házasságomra voltam allergiás” – Válása után felismerhetetlenné vált Klaudia",https://index.hu/mindekozben/poszt/2026/04/15/valas-utan-atalakulas-felismerhetetlen-lett/
9f32bbcb850b296f8326f9cc07c0cb80854f9f0c0d4ac412dcffd036fa665422,2026-04-15 05:31:17.349441+00:00,hu,index.hu,index.hu,2026-04-15,"Őrjöngenek az amerikai katolikusok Trump miatt, és ez nagyon fájhat az elnöknek",https://index.hu/kulfold/2026/04/15/donald-trump-jezus-krisztus-vita-amerikai-katolikusok-egyhaz-xiv.-leo-papa-haboruellenes/
36c6fb20034d31433d8c8ab52ed9b3bc6237e1edffa89d0c4f56ee04c1026cc9,2026-04-15 05:31:11.604580+00:00,hu,index.hu,index.hu,2026-04-15,"Felhők takarhatják el szerdán a napot, de így is 20 fok fölé kúszik a hőmérő higanyszála",https://index.hu/belfold/2026/04/15/idojaras-elorejelzes-szerda-napsutes-szel-felho-tavasz/
e6c26d8dcfffa83ab65d5a161e76243860266ab2b0f2f5d9e9eae3a3e2de9b51,2026-04-15 05:30:47.629782+00:00,hu,index.hu,index.hu,2026-04-15,"Nem kétség, hogy ez a legrosszabb film, amiben Keanu Reeves valaha főszerepelt",https://index.hu/kultur/cinematrix/2026/04/15/outcome-teve-film-streaming-apple-tv-keanu-reeves-jonah-hill-meta-filmipar-kritika/
03760f886c3f27081c6e267672632258df371247610989eeb7ea7a534f9906b6,2026-04-15 05:30:10.608418+00:00,hu,index.hu,index.hu,2026-04-15,"Sulyok Tamásnál feszült találkozó vár Magyar Péterre és Orbán Viktorra, kritikus kérdések kerülnek az asztalra",https://index.hu/belfold/2026/04/15/koztarsasagi-elnok-sandor-palota-egyeztetes-magyar-peter-orban-viktor-kormanyalakitas/
7abc8299b53ec9eaf25b6c7740f4325bd32cd9929aaf7e707f4a0543d6e85219,2026-04-15 05:29:59.432940+00:00,hu,index.hu,index.hu,2026-04-15,„Nagyszerű fickó” – így vélekedett J.D. Vance Orbán Viktorról a Fidesz veresége után,https://index.hu/kulfold/2026/04/15/jd-vance-egyesult-allamok-alelnok-orban-viktor-fidesz-kampany-latogatas-vereseg-velemeny/
3633370c45116e4d7bc76c220f61cf5b46e9d09835fcd608d67afca5c38e75c7,2026-04-15 05:19:38.339636+00:00,hu,origo.hu,origo.hu,2026-04-15,"Az este, amikor Európa szíve égett: A Notre-Dame-i tűzeset, ritkán látott képekkel",https://www.origo.hu/nagyvilag/2026/04/notre-dame-i-tuzeset-parizs-2019
a0eccede39d89adf71859dec29de5a19c4c48c33585a99af4111510c6e3dc3b5,2026-04-15 05:19:32.636757+00:00,hu,origo.hu,origo.hu,2026-04-15,Szigorításokra készülhetnek a migránsok Ausztriában,https://www.origo.hu/kulpol/2026/04/ausztria-szigoritasokra-keszulhetnek-a-migransok
0508012d3f750c09a32d0593af7ceee754aead8deb6b708d4847ef83d36356d8,2026-04-15 05:19:23.237944+00:00,hu,origo.hu,origo.hu,2026-04-15,"Utazási betegségek, amelyekre minden külföldi út során érdemes felkészülnünk",https://www.origo.hu/utazas/2026/04/utazasi-betegsegek-amire-kulfoldi-ut-soran-szamithatunk
349a6f063f375123872bab21b8c42b6d581c7b9cf4e3eab7980aa2fbf1d7dc62,2026-04-15 05:18:43.822647+00:00,hu,origo.hu,origo.hu,2026-04-15,Most mindenki rendezheti át az életét,https://www.origo.hu/velemeny/2026/04/most-mindenki-rendezheti-at-az-eletet
23a992f9e4dafff214a8315262b55f7aa3eb4719612bf946a4eff7de5bd96aff,2026-04-15 05:18:38.669749+00:00,hu,origo.hu,origo.hu,2026-04-15,Robbie Keane elképesztő vallomást tett a PAFC-meccs után,https://www.origo.hu/sport/sport-futball/2026/04/robbie-keane-ferencvarosi-tc-pafc-meccs-ertekeles
d7e50bd7be25847b4eea60ee9f1d02d24ee7bef4e433f95c572ec86f27b31448,2026-04-15 05:18:34.348423+00:00,hu,origo.hu,origo.hu,2026-04-15,Merz továbbra is a háború pártján áll,https://www.origo.hu/kulpol/2026/04/merz-tovabbra-is-a-haboru-partjan-all
27fce68bb785c151afee150613066a1e6d580d1c5f9db26ba9cd600e50493182,2026-04-15 05:18:28.811380+00:00,hu,origo.hu,origo.hu,2026-04-15,Sokan rosszul tárolják az almát – ezért romlik meg napok alatt,https://www.origo.hu/gasztro/2026/04/alma-tarolasa-hutoben-lakasban
773e246f31071367e64a904351cb8dc94a14719a650f9df6b8a39e0d79e5cdab,2026-04-15 05:18:23.741867+00:00,hu,origo.hu,origo.hu,2026-04-15,"Arne Slot meglepődne, ha ebben a szezonban még összeállna a Liverpool álomtriója",https://www.origo.hu/sport/sport-futball/2026/04/liverpool-arne-slot-psg-bajnokok-ligaja-dembele-enrique
0ac1a8d855e315363aa2e36290124a53c518e771babae53f3417a75bd538aa15,2026-04-15 05:18:18.923667+00:00,hu,origo.hu,origo.hu,2026-04-15,Ezek az ételek és italok károsítják a fogzománcot – Kerüld el őket és a fogorvost is,https://www.origo.hu/eletmod/2026/04/fogzomanc-karosodas-etelek-italok
78965abc48278b8fbe32c5bfbabe1a88ba1b8629325403cb6064bc09f82f8f33,2026-04-15 05:18:13.651593+00:00,hu,origo.hu,origo.hu,2026-04-15,"220-szal mértek be egy gyorshajtót, ami ezután kiderült, attól a rendőrök álla is leesett",https://www.origo.hu/auto/2026/04/rendorok-gyorshajtas-meglepetes
f32d65ec6ae034925163fc587ced17bed56c6cbba2ef8d46bdf2136770152316,2026-04-15 05:18:08.904847+00:00,hu,origo.hu,origo.hu,2026-04-15,"Forronganak a katalánok, a bíró miatt esett ki a Barcelona?",https://www.origo.hu/sport/sport-futball/2026/04/barcelona-raphinha-flick-atletico-bajnokok-ligaja
25c0c33a36fb3615e8c0fb42ee5e6543a69e02bc22dbb72ce5ccedbfcb022f2f,2026-04-15 05:17:50.298293+00:00,hu,origo.hu,origo.hu,2026-04-15,"Kerkez lábában gól maradt, megvan a Liverpool bűnbakja",https://www.origo.hu/sport/sport-futball/2026/04/liverpool-szoboszlai-kerkez-bajnokok-ligaja-psg
b1a843526620334f7ede1d45ebbf067f8e00b4620e07c3cde7dcf687c6163965,2026-04-15 05:17:42.961447+00:00,hu,origo.hu,origo.hu,2026-04-15,Megoldódott a 60 éves rejtély: láthatatlan erők csapnak össze a Hold felett,https://www.origo.hu/tudomany/2026/04/hold-magneses-mezeje-60-eves-rejtely
1360e11f6a35cd61ccac2f92021640b9635f53b7192a7bbfd9ddb0b4e24e02ed,2026-04-15 05:17:38.056728+00:00,hu,origo.hu,origo.hu,2026-04-15,Zúdul Magyar Péter nyakába a brüsszeli lavina,https://www.origo.hu/belpol/2026/04/magyar-peter-beadhatja-a-derekat-brusszelnek-tisza-part
4d0aaa2a4f5cb9a80874ad5bc7b3c2bde20339984be37e9e31e57a57f9d07230,2026-04-15 05:17:33.049048+00:00,hu,origo.hu,origo.hu,2026-04-15,"Mennyire ismeri a jogait? – Durva kvíz, amin a legtöbben elbuknak",https://www.origo.hu/itthon/2026/04/kviz-jogi-kerdesek
008415d7247c35fe03e3550697eab75f18ba230c28b23570122515faae6329e8,2026-04-15 05:17:28.550966+00:00,hu,origo.hu,origo.hu,2026-04-15,"Hivatalos! Berendelték Az újonc kilencedik évadát: ""Addig tudnám csinálni, amíg le nem kapcsolják!""",https://www.origo.hu/filmklub/2026/04/az-ujonc-kilencedik-evad
e28e11f44b2f13e0485243c4604df85db6bc76eaf12286733b865ccdd230663e,2026-04-15 05:17:23.001146+00:00,hu,origo.hu,origo.hu,2026-04-15,Ma ünnepli 92. születésnapját Bodrogi Gyula,https://www.origo.hu/itthon/2026/04/bodrogi-gyula-szinesz-szuletesnap-susu
2485e5060a9966691319e6bc4be024fc6228b281aca3307b46799a985a2d7c18,2026-04-15 05:17:17.947813+00:00,hu,origo.hu,origo.hu,2026-04-15,"Egy mackó története, aki minden este együtt nézte a mesét a gyerekekkel",https://www.origo.hu/itthon/2026/04/tv-maci-elso-adas-1963-evfordulo
845ceee514b005b272ef053251322bd460c590849c7ecefae588b30c5497401b,2026-04-15 05:17:09.400174+00:00,hu,origo.hu,origo.hu,2026-04-15,Így süllyedt el az „elsüllyeszthetetlen” hajó – emiatt szállt hullámsírba a Titanic,https://www.origo.hu/nagyvilag/2026/04/titanic-1912-aprilis-15-elsullyedes-tortenete
e302a312e0ba116165eaeb36dabdbdb526ec3108c0ef9697cb820df591da8dd0,2026-04-15 04:35:53.200198+00:00,hu,origo.hu,origo.hu,2026-04-14,Orbán Viktor munkáját méltatta Giorgia Meloni és az olasz jobboldal,https://hirtv.origo.hu/ahirtvhirei/2026/04/orban-viktor-munkajat-meltatta-giorgia-meloni-es-az-olasz-jobboldal
8aa21c3afe48d8ceab49e6d4d5eaf1f452b5206f2aee88253bcc8d059d6c4f13,2026-04-15 04:35:06.279594+00:00,hu,origo.hu,origo.hu,2026-04-14,Faltörő kos vagy jogi analfabéta? Magyar Péter közjogilag aggályos tisztogatásba kezdene,https://hirtv.origo.hu/ahirtvhirei/2026/04/faltoro-kos-vagy-jogi-analfabeta-magyar-peter-kozjogilag-aggalyos-tisztogatasba-kezdene
9e8691f94c627d099249a951a5a6376f57ab697f25eabc7bd30512d2dd823013,2026-04-15 04:34:42.794135+00:00,hu,origo.hu,origo.hu,2026-04-14,"Magyar Péterék már a nadrágszíj-meghúzást tervezik, Karácsony pedig nem fizet adót",https://hirtv.origo.hu/ahirtvhirei/2026/04/magyar-peterek-mar-a-nadragszijmeghuzast-tervezik-karacsony-pedig-nem-fizet-adot
de58b540f3cefdec122d14d7add03b33d899e4ae07a742d6c477d8c4e88bd773,2026-04-15 04:34:32.795940+00:00,hu,origo.hu,origo.hu,2026-04-14,"Trump bekeményített: Lezárták Irán kikötőit, leállt a világkereskedelem",https://hirtv.origo.hu/hirtvkulfold/2026/04/trump-bekemenyitett-lezartak-iran-kikotoit-leallt-a-vilagkereskedelem
1c0cb9647f57b2677117e82cfe4eb8acf38560e98af667c6a4b4079ddaf9bf43,2026-04-15 04:34:07.901320+00:00,hu,blikk.hu,blikk.hu,2026-04-15,"""Akiket idegesít, azoktól elnézést kérek"" – Palik László üzenete az Exatlonból, Dominikáról",https://www.blikk.hu/sztarvilag/hazai-sztarok/palik-laszlo-exatlon-interju/37m9mve
f2a12959ffff47de4b006b45b2dea987e747c5df0660b18f048d0e747ae93c0f,2026-04-15 04:33:49.122858+00:00,hu,blikk.hu,blikk.hu,2026-04-15,"Ha szeretne egy sportokcsit, ezt is szeretné: Xiaomi 17 Ultra brutális hardverrel, Leica zoommal és 6000 mAh akkuval – teszt",https://www.blikk.hu/ferfiaknak/tech/xiaomi-17-ultra-teszt/qrcdtze
c9e8449d9289d5ea1dea8451c22d23308c5f59a6a053ea6d903a4efbeb3f46fb,2026-04-15 04:33:26.509084+00:00,hu,blikk.hu,blikk.hu,2026-04-15,Spirituális helyen mutatták be az új Jeepet,https://www.blikk.hu/auto/jeep-compass-2026-dobogoko/292xrhv
21c1cc59919c3ef863e835679d3e995f114690e0e9ecc58409fafdfffe7b2ee6,2026-04-15 04:33:02.589244+00:00,hu,blikk.hu,blikk.hu,2026-04-15,Életveszélyes talákozás: összecsap a régi lakások elektromos hálózata és a modern technológia elektromos igénye,https://www.blikk.hu/ferfiaknak/tech/villamos-halozat-lakas-tarsashaz-technologiai-fejlodes/36kblz4
27e3f6491399ca54f2e5f0fb2893e9b3535c300b3101ba4e43735fd911883fdd,2026-04-15 04:32:58.277762+00:00,hu,blikk.hu,blikk.hu,2026-04-15,Így működik a soft life” életmód,https://www.blikk.hu/eletmod/egeszseg/soft-life-eletmod-nok-valtozas/mw76h03
bc5cf164ebd7f3480632611c4c1ebd037adbced3ae62bde140b430e149015d31,2026-04-15 04:32:44.998505+00:00,hu,blikk.hu,blikk.hu,2026-04-15,Három csillagjegy életét most teljesen megváltoztatja a Kos-hold,https://www.blikk.hu/eletmod/lelek/kos-csillagjegy-valtozas/vdp1028
4289de533084b5657b68406d5a2c970ccea110f31f4e6c6f7c6f251b4fa69189,2026-04-15 04:32:17.897267+00:00,hu,blikk.hu,blikk.hu,2026-04-15,Bodrogi Gyula 92 éves,https://www.blikk.hu/sztarvilag/hazai-sztarok/bodrogi-gyula-92-szuletesnap/sx4m5m7
15f7afd71f51678ae0978ec672808395b566951ed7c27ff268a170583bbe6221,2026-04-15 00:38:47.721842+00:00,hu,origo.hu,origo.hu,2026-04-14,Elképesztő fogás: rengeteg pénzt találtak egy plüssmackó belsejében,https://www.origo.hu/nagyvilag/2026/04/plussmacko-50-ezer-euro-hollandia-keszpenz
090b29280073fc0888195de22ee619ad4d895d04ddc9506e0fa7023c12525c4e,2026-04-15 00:37:16.118242+00:00,hu,origo.hu,origo.hu,2026-04-14,"Figyelem, hamarosan megszűnik az Outlook",https://www.origo.hu/nagyvilag/2026/04/outlook-lite-microsoft-megszunes
e07123b96f6c0400911b55ae1dd99b5798de3bb10f5446039eb56229e0f90689,2026-04-14 22:33:05.705725+00:00,hu,origo.hu,origo.hu,2026-04-14,Ledobta a textilt a világsztár: merész fotókkal sokkolta rajongóit Suki Waterhouse,https://www.origo.hu/nagyvilag/2026/04/suki-waterhouse-ledobta-textil-meresz-fotok
225661bb4891e087aa676bc372ac62b772c1ebe14c06f6dabe0805e1ecef49ed,2026-04-14 22:32:50.907117+00:00,hu,origo.hu,origo.hu,2026-04-14,Ahol a csend sikít: egykori elmegyógyintézet hátborzongató falai közé jutott be a fotós,https://www.origo.hu/itthon/2026/04/urbex-elmegyogyintezet-hatborzongato-falai
a83cd529602f630f83a33e096622c8cb79d495f14a0cbbd5d54ec6939b3499f7,2026-04-14 22:32:45.239292+00:00,hu,origo.hu,origo.hu,2026-04-14,"Liverpool–PSG: nem jön Budapestre a Liverpool, Szoboszlaiék idén trófea nélkül maradnak",https://www.origo.hu/sport/sport-futball/2026/04/liverpool-psg-szoboszlai-dominik-bajnokok-ligaja-kerkez
e4d29dc1728b3d5fefd511690a61fe98a4e821b8dd6faea6823f6b723024ee3d,2026-04-14 22:32:38.962894+00:00,hu,origo.hu,origo.hu,2026-04-14,Darázsveszély: brutális hazai invázióra figyelmeztetnek,https://www.origo.hu/itthon/2026/04/darazs-veszely-teendo
2c557abf8377f33f208e4d76d219695887464920686413a13a4febaea4723780,2026-04-14 22:31:45.566556+00:00,hu,origo.hu,origo.hu,2026-04-14,Egy apró eltérés a vérben már életveszélyt jelezhet,https://www.origo.hu/nagyvilag/2026/04/rak-ver-vreszegenyseg-betegseg
03d18c667c20a6a6f652dab3fb73f9a93abe5f339df20585b56c44ae9fa4a862,2026-04-14 22:31:39.322987+00:00,hu,origo.hu,origo.hu,2026-04-14,Mercijébe zárva temették el a milliárdost – döbbenetes videó,https://www.origo.hu/nagyvilag/2026/04/temetes-mercedes-milliardos-dobbenetes-video
8f15b41a8702f0c6e22f2543c8ec873e59413c463674f1bdefbaf3f680733b85,2026-04-14 22:31:29.922372+00:00,hu,origo.hu,origo.hu,2026-04-14,Halálos kőomlás végzett egy férfival és egy nővel a Montserrat-hegységben,https://www.origo.hu/nagyvilag/2026/04/koomlas-vegzett-ferfi-no-montserrat-hegyseg
5b5ba9c49e874f9daa59a093f56b64b7aa3b9423f66941d73ceaefebbc44412c,2026-04-14 22:31:09.126228+00:00,hu,origo.hu,origo.hu,2026-04-14,"Három gól, egy piros lap és egy horrorsérülés a Barcelona BL-negyeddöntőjén",https://www.origo.hu/sport/sport-futball/2026/04/barcelona-atletico-bl-negyeddonto-visszavago
498cd094f330579621df0472b0663e957c068056af251771f5a1e751ccdb05f1,2026-04-14 22:31:02.863702+00:00,hu,origo.hu,origo.hu,2026-04-14,Deák Dániel: Brüsszel be is nyújtotta a számlát,https://www.origo.hu/belpol/2026/04/deak-daniel-brusszel-be-is-nyujtotta-a-szamlat
3e69c28da05d55bef466baccce1ddb5615c0cd03250c6dc8390ebff58bf39cf1,2026-04-14 22:24:06.093091+00:00,hu,index.hu,index.hu,2026-04-14,Az Izrael–Libanon tárgyalások első fordulója lezárult,https://index.hu/kulfold/2026/04/14/izrael-libanon-targyalas-washington-marco-rubio-hezbollah/
4bd8bcc10cb7c581facda44758a15aa90fc81280e9c288f0188850a7bc75b075,2026-04-14 22:23:58.680488+00:00,hu,index.hu,index.hu,2026-04-14,"Véget ért Szoboszlaiék budapesti BL-döntős álma, a címvédő PSG jutott tovább",https://index.hu/bajnokokligaja/2026/04/14/liverpool-psg-negyeddonto-visszavago-helyszini-riport-szoboszlai-kerkez-szalah/
a98be74d75f256e3d179695231c3e870e518222562387cb46e35af28af00427c,2026-04-14 22:23:54.047851+00:00,hu,index.hu,index.hu,2026-04-14,"Idegenben győzött a Barcelona, mégsem dolgozta le hátrányát, az Atlético jutott BL-elődöntőbe",https://index.hu/bajnokokligaja/2026/04/14/bajnokok-ligaja-negyeddonto-visszavago-atletico-madrid-fc-barcelona-osszefoglalo/
1c3bc5e95f21f5eddaa805fe002dccca36b8f5613d38c132e33078a255287229,2026-04-14 22:23:42.341434+00:00,hu,index.hu,index.hu,2026-04-14,"Közleményt adott ki a Szujó Zoltán vezette szövetség, váratlannak nevezte Gyulay Zsolt lemondását",https://index.hu/sport/2026/04/14/szujo-zoltan-elnok-magyar-nemzeti-autosport-szovetseg-gyulay-zsolt-nyilatkozat/
0ee5c33fba608c9b7d262eece7ba785bc8098735a22fce9f5baf4e7e843a3404,2026-04-14 22:23:37.561644+00:00,hu,index.hu,index.hu,2026-04-14,"Dobrev Klára megszólalt a kémügyben: Mindketten tudjuk, hogy igazat mondtam",https://index.hu/belfold/2026/04/14/dobrev-klara-dk-panyi-szabolcs-brusszel-kembotrany-orban-viktor-tisza-part/
db84b294cc96afc7027508c3a138906173bb5c853cf96b3da129217b50aad525,2026-04-14 22:22:10.371428+00:00,hu,index.hu,index.hu,2026-04-14,Magyarországon tervez fióktelepet nyitni a legnagyobb lengyel bank,https://index.hu/gazdasag/2026/04/14/pko-bank-polski-lengyelorszag-varso-magyarorszag-terjeszkedes/
5702512e7b31f23eaf1e96949442938bf5a05cc5e8f33c9f1a654c01610a9fe7,2026-04-14 21:36:31.711513+00:00,hu,blikk.hu,blikk.hu,2026-04-14,"Bencsik András: Egy felelős van, könnyű megtalálni őt. Úgy hívják, Orbán Viktor",https://www.blikk.hu/politika/magyar-politika/bencsik-andras-valasztas-vereseg-felelos-orban-viktor/qet7b1j
01014283595084e31a0a69cb53d82c014af69e5832e280cb5880e56254e136ee,2026-04-14 21:36:25.791542+00:00,hu,blikk.hu,blikk.hu,2026-04-14,Már 255 külképviseleti urna megérkezett hazánkba: ezt tapasztalta eddig a választási bizottság,https://www.blikk.hu/politika/magyar-politika/kulfoldi-szavazatok-atjelentkezok-urnak-ellenorzes/v9gs38f
24eb2995759fc2b77c035a547fc8bb293c69674b04312d7dfdc1eca45d106150,2026-04-14 21:36:01.797610+00:00,hu,blikk.hu,blikk.hu,2026-04-14,Új éllovasa van az NB I-nek – képeken a Fradi kulcsfontosságú győzelme – galéria,https://www.blikk.hu/sport/fradi-puskas-galeria/gcb14nl
783d030e4d0f47d809f7ca9ad6a0384739bc328ce0d91f39e9b405717f40e3e3,2026-04-14 21:35:03.082354+00:00,hu,blikk.hu,blikk.hu,2026-04-14,Váratlan üzenet érkezett a Paks-2 beruházásról: a Roszatom-vezér „vizsgára” jelentkezett Magyar Péternél,https://www.blikk.hu/gazdasag/penz/roszatom-paks2-beruhazas-magyar-peter/8mf4me8
c2e485576225a880395d5ab7f6cfcb58884419e0e4cdb5d19b267a102d8bb666,2026-04-14 20:28:20.228278+00:00,hu,index.hu,index.hu,2026-04-14,"A Pravda értékelte a magyar választást: Magyar Péter győzelme kedvezőtlenül hat Oroszországra, de az EU sem örülhet",https://index.hu/belfold/2026/04/14/magyar-peter-valasztas-2026-tisza-part-orban-viktor-fidesz-kormanyvaltas-pravda/
16f453d4bc9a1ddc02ba3caba6c63b28edba1b8131cc5fc3eb4f87a4896444af,2026-04-14 20:28:17.892813+00:00,hu,blikk.hu,blikk.hu,2026-04-14,Hazavihette kislányát Molnár Gusztáv: megható sorokkal jelentkezett,https://www.blikk.hu/sztarvilag/hazai-sztarok/molnar-gusztav-kislanya-haza/n48z6jd
fa3d4a549480047953ce96b05758bbb7441813f34174b216c9a6c6303490e89d,2026-04-14 20:28:12.749755+00:00,hu,index.hu,index.hu,2026-04-14,Újabb csodás feltámadás vagy eljött Szoboszlaiék búcsúja? Liverpool–PSG,https://index.hu/bajnokokligaja/2026/04/14/bajnokok-ligaja-2025-2026-negyeddonto-visszavago-liverpool-paris-saint-germain-percrol-percre/
485fb5114cdb9d803d1165d4b46786546c9be9b598f09ac6c28328a8350f4345,2026-04-14 20:28:07.665190+00:00,hu,index.hu,index.hu,2026-04-14,"Használt nő gyerekkel, érdekel? Mos, ápol, házit ír, kényeztet!",https://index.hu/kultur/2026/04/14/milf-hormonolog-peto-kata-rohonyi-barnabas-gergye-krisztian-juranyi-haz-kultbudapest/
4317c2cca2881e51cedd2b68821ec8606fee03fb23cf5c0d8789682749878c6a,2026-04-14 20:28:03.591584+00:00,hu,index.hu,index.hu,2026-04-14,Rubint Réka paróka nélkül szerepel legújabb címlapfotóján,https://index.hu/mindekozben/poszt/2026/04/14/rubint-reka-cimlapfoto/
4927aa8c4e08818b10a06c11b7710ef043c5a95aae9820ddc7bcb2c149dc9f49,2026-04-14 20:27:57.560987+00:00,hu,index.hu,index.hu,2026-04-14,"Legyőzte a Puskás Akadémiát, újra átvette a vezetést a Ferencváros a bajnokságban",https://index.hu/sport/futball/2026/04/14/labdarugo-nb-i-26.-fordulo-elhalasztott-merkozes-ferencvarosi-tc-puskas-akademia/
1ad6c5fc20007cc15c2c4ba4abea2e292baeb4259a1b5676ca5eb75b5ef5a4b3,2026-04-14 20:27:55.636516+00:00,hu,blikk.hu,blikk.hu,2026-04-14,"Fokozott sebesség ellenőrzés az utakon, mutatjuk, hol vannak a traffipaxok",https://www.blikk.hu/aktualis/belfold/rendorseg-sebesseg-ellenorzes-figyelmeztetes/4w1pkms
20948642ffe7627382d15aaff54935663ce712340b3bff63981b70ea2b2371e9,2026-04-14 20:27:50.658569+00:00,hu,index.hu,index.hu,2026-04-14,"Hajdú Péter reagált a Fidesz vereségére, a műsorvezető nem aggódik",https://index.hu/fomo/2026/04/14/hajdu-peter-fuggetlen-fidesz-magyarazat-politika-munka-orban-viktor/
9f67b10033e3ec93b29e0055d705943eab23426f5f42802c0b607900ca8f2392,2026-04-14 20:27:45.605951+00:00,hu,index.hu,index.hu,2026-04-14,"A miniszterek összefogtak, hogy ne nyithasson ki az orosz pavilon",https://index.hu/kultur/2026/04/14/velencei-biennale-olaszorszag-antonio-tajani-alessandro-giuli-kepzomuveszet-orosz-pavilon/
6cc40e8996cb3d6a9fd97f38aa942dfbeebb6adc85b9078d79fbdce7a6809862,2026-04-14 20:27:41.488932+00:00,hu,index.hu,index.hu,2026-04-14,"Kim Kardashian lánya kész nő lett, merész frizurával jelent meg a Coachellán",https://index.hu/mindekozben/poszt/2026/04/14/kim-kardashian-lanya-kesz-no-lett-fesztivalon-mutatkozott-extrem-frizuraval/
608ae9cd833383a2cbb8f2ed7e1a68d0452e29f5d5672d1c6f6974f9a8d8a39d,2026-04-14 20:27:35.703763+00:00,hu,index.hu,index.hu,2026-04-14,Szerda hajnaltól kezdődően razziát tart a rendőrség,https://index.hu/belfold/2026/04/14/rendorseg-traffipax-razzia-sebessegmeres-speedmarathon/
9d5e1185d6a67d2302a150188855e2eadb1086b9da5f0d685a3ff6f8e79b1130,2026-04-14 20:27:30.522462+00:00,hu,index.hu,index.hu,2026-04-14,Donald Trump megszólalt Orbán Viktor vereségéről: A barátom volt,https://index.hu/kulfold/2026/04/14/donald-trump-egyesult-allamok-elnok-orban-viktor-miniszterelnok-valasztas-2026-vereseg-reakcio/
10cfdbc7e4252fce6744dbb75b2cb122945588b6ff85e7985a8ca202abec8f68,2026-04-14 20:27:25.536455+00:00,hu,index.hu,index.hu,2026-04-14,"Bencsik András: Egy felelős van, könnyű megtalálni őt. Úgy hívják, Orbán Viktor",https://index.hu/belfold/2026/04/14/bencsik-andras-ujsagiro-fidesz-orban-viktor-tisza-part-magyar-peter-felelos/
095f769dddbf0f1ea1ed48d8a131d43ae890e20b5f4f3cc622535c7796f5a543,2026-04-14 20:27:20.527132+00:00,hu,index.hu,index.hu,2026-04-14,Tölgyessy Péter: A fiatal generáció tönkrezúzta a Fideszt,https://index.hu/belfold/2026/04/14/tolgyessy-peter-szdsz-jogasz-politologus-partizan-fidesz-tisza-part-eredmeny-valasztas-2026/
a945e86c7587bc3929ad98fe572cd8791994822a5398469ae6338493dbf97405,2026-04-14 20:27:16.161311+00:00,hu,blikk.hu,blikk.hu,2026-04-14,"Fontos Orbán-szövetséges jelentkezett be Magyar Péternél: kiderült, mire jutottak a felek a telefonos tárgyalás során",https://www.blikk.hu/politika/magyar-politika/magyar-peter-erdogan-torok-elnok-gratulacio/r6wmjwp
1d8cdcc8c19a11f419bf08bc72ba436f2c005cbcac65a56e20f6ac305b10dcde,2026-04-14 20:27:11.125564+00:00,hu,blikk.hu,blikk.hu,2026-04-14,Villámgyors fordítást követően tört az NB I élére Ferencváros,https://www.blikk.hu/sport/magyar-foci/ferencvaros-puskas-akademia-nb-i-eredmeny/ht85lhk
8f143f54f53405c0d873fc1c7ef06394173fb77fbc4f571ee037f805a3c901b0,2026-04-14 20:26:55.891242+00:00,hu,index.hu,index.hu,2026-04-14,"Opitz Barbara a Magyar Péter-festménye után megmutatta, hogyan ünnepelte a választási eredményt",https://index.hu/mindekozben/poszt/2026/04/14/opitz-barbara-valasztas-utani-posztja-instagram/
cfdc10e61abb7175efe840b95a7a0ce6f6c48f3d5969d7c63b04bcc8d26e439e,2026-04-14 20:26:32.694432+00:00,hu,index.hu,index.hu,2026-04-14,Szerbia Izraellel közösen gyárthat harci drónokat,https://index.hu/kulfold/2026/04/14/szerbia-izrael-drongyartas-alekszandar-vucsics-nato/
af99fd990b35a75d7d948eaa42988c66df47802a0a8bd78752c43129331e9e02,2026-04-14 20:26:27.684809+00:00,hu,index.hu,index.hu,2026-04-14,Elindult Libanonba a magyar békefenntartók váltóállománya,https://index.hu/kulfold/2026/04/14/magyar-honvedseg-kecskemet-bejrut-libanon-bekefenntartok-indulas-airbus-ensz/
4badf761a9d092fa3d4e797c8e24eca29765546ddce7dd9ed3831bf06e3a41db,2026-04-14 20:26:22.742632+00:00,hu,index.hu,index.hu,2026-04-14,"Greenpeace: Súlyos azbesztveszély Szombathelyen, a lakosság biztonságának érdekében azonnali intézkedésre van szükség",https://index.hu/belfold/2026/04/14/greenpeace-azbeszt-veszely-szombathely-szennyezes-intezkedes-ausztria/
3e8da288800021bff8d9446f0476cd5d750a0acc605b952c16eee0ce4103b691,2026-04-14 20:26:17.730307+00:00,hu,index.hu,index.hu,2026-04-14,Engedély nélküli alacsony áthúzást hajtott végre egy kapitány az utolsó munkanapján,https://index.hu/kulfold/2026/04/14/izland-icelandair-repulogep-legitarsasag-athuzas-pilota-kapitany/
f74245b26a801e3778daa04bec4b223eaa70a4085080adcd4a2c0b6a82d5a516,2026-04-14 20:26:13.772002+00:00,hu,index.hu,index.hu,2026-04-14,"Magyar Péter Erdogannal egyeztetett, Ankarába és Prágába is meghívták",https://index.hu/belfold/2026/04/14/magyar-peter-tisza-part-egyeztetes-meghivas-mtva-szekhaz/
c3e0b248bd41e358cd29d7a591ce69196c9366c3fdd62a5c6cfca7126b4ebd05,2026-04-14 19:37:57.962375+00:00,hu,blikk.hu,blikk.hu,2026-04-14,Ezt sokan kifogásolhatják még: döntött az MLSZ az osztályozó mérkőzések bevezetéséről,https://www.blikk.hu/sport/magyar-foci/mlsz-osztalyozo-nb-ii-feljutas/t7q2x98
e22a90ff576304ae9b140934e14ade128a63b23aa2674fbbcaf19a0214bd67c8,2026-04-14 19:37:28.971658+00:00,hu,blikk.hu,blikk.hu,2026-04-14,Itt követheti élőben a Liverpool–PSG BL-negyeddöntő visszavágót,https://www.blikk.hu/sport/kulfoldi-foci/liverpool-psg-elo-eredmeny/h39m2j0
58a4ddb8235e06338696a3a9c167b316e36fab901c36f433f7465c439d60cf56,2026-04-14 19:36:26.760883+00:00,hu,origo.hu,origo.hu,2026-04-14,Megint címlapon a Beckham család: Nicola Peltz fotója kiverte a biztosítékot,https://www.origo.hu/nagyvilag/2026/04/beckham-nicola-peltz-brooklyn-csaladi-botrany
c013f05c3f90042bd7a435b60c4151ef3dd9b768bdf936bd224f80a626dd4823,2026-04-14 19:36:21.969730+00:00,hu,origo.hu,origo.hu,2026-04-14,Orbán Balázs: A nemzeti oldal továbbra is számíthat ránk,https://www.origo.hu/belpol/2026/04/orban-balazs-a-nemzeti-oldal-tovabbra-is-szamithat-rank
9f0bb6e70787bc3a998d5caf796f4a1e14d9fcb7513ce94ad1985bd7e1a9dc34,2026-04-14 19:36:16.438426+00:00,hu,origo.hu,origo.hu,2026-04-14,Iskola mellett gázoltak: mentőhelikopterrel siettek a kórházba,https://www.origo.hu/kek-hirek/2026/04/gazolas-mentohelikopter-iskola
2fdef39f9fa01ace78122fcad3cc27e37a300a84f7038224cdb0c8ade51c800b,2026-04-14 19:36:11.189165+00:00,hu,origo.hu,origo.hu,2026-04-14,"A színésznő, Arielle Kebbel finoman dögös teste nem hagy kívánnivalót maga után – mutatjuk a szexi képeit",https://www.origo.hu/foto/2026/04/arielle-kebbel-galeria
598a7f8f24a47c29aa4235c7f1719fa0f82469ed8ea4cd03a4f8d97b2effd0db,2026-04-14 19:36:06.216381+00:00,hu,origo.hu,origo.hu,2026-04-14,Sydney Sweeney jelenete kiveri a biztosítékot,https://www.origo.hu/nagyvilag/2026/04/sydney-sweeney-jelenet-sorozat
0c27e1c6628378cc334b519b4cf6e6ddac8bfbf49ac6fcc5ca83b8f7fe9782a7,2026-04-14 19:36:01.455274+00:00,hu,origo.hu,origo.hu,2026-04-14,Zelenszkij maga „javította” volna meg? Az ukrán elnök ekkor hajlandó üzembe helyezni a Barátság kőolajvezetéket,https://www.origo.hu/nagyvilag/2026/04/baratsag-koolajvezetek-volodimir-zelenszkij-veto
d7b0ac5cae13007ec7672287954e73183e208c57e89b2fec96b8b93d75ea1cc6,2026-04-14 19:35:56.551978+00:00,hu,origo.hu,origo.hu,2026-04-14,Megjött a kijózanító pofon Magyar Péternek Brüsszelből,https://www.origo.hu/belpol/2026/04/magyar-peter-megjott-kijozanito-pofon-brusszelbol
09e6477ca46d574328a516ae8cf300abc03be5a937bc37daa8ff6b5ae6d92028,2026-04-14 19:35:54.935692+00:00,hu,blikk.hu,blikk.hu,2026-04-14,„A barátom volt” vs „Sose volt a barátunk” – Trump és Putyin merőben ellentétesen reagált Orbán Viktor bukására,https://www.blikk.hu/politika/magyar-politika/trump-putyin-ellentetes-reakcio-fidesz-vereseg/s0z2dmp
a9c95ededdee04347607ce32e062ee39fdfcbba47c532fef4dde094624a0a6ab,2026-04-14 19:35:51.538678+00:00,hu,origo.hu,origo.hu,2026-04-14,Szoboszlai Dominik klubja drasztikus lépést tett a PSG elleni BL-meccs előtt,https://www.origo.hu/sport/sport-futball/2026/04/szoboszlai-dominik-liverpool-psg-reklamtablak
d1e6a76e21cea244816114fd05df2c0473f22450efe69bdb314efb3740ca9148,2026-04-14 19:35:46.443993+00:00,hu,origo.hu,origo.hu,2026-04-14,Magyar Péter egy nap alatt szembekerült a gazdáival,https://www.origo.hu/belpol/2026/04/magyar-peter-egy-nap-alatt-szembekerult-a-gazdaival
cacadd71d659f304ec91a680d2bf08b77a18992560befa06f2106a00a00623a4,2026-04-14 19:35:41.294515+00:00,hu,origo.hu,origo.hu,2026-04-14,Kozmikus katasztrófa közeleg? A Nap darabokra süt egy égitestet,https://www.origo.hu/nagyvilag/2026/04/nap-aszteroida-fold-katasztrofa
4cb00d884502c924e117478202edabfc9d67f137d406d52094304ab2616a41f8,2026-04-14 19:35:36.602455+00:00,hu,origo.hu,origo.hu,2026-04-14,Prostiképzőt indított egy balatonfüredi nyugdíjas,https://www.origo.hu/kek-hirek/2026/04/prostikepzot-inditott-egy-balatonfuredi-nyugdijas
beb772b74fc47aee9f875e7f7a861d9ee5af12e0adfa6a35f8888bd6eb1801d9,2026-04-14 19:35:31.505240+00:00,hu,origo.hu,origo.hu,2026-04-14,Akár egy szupermodell – Louise Redknapp énekesnő hosszú combokkal és gyönyörű mellekkel hódít – szexi galéria,https://www.origo.hu/foto/2026/04/louise-redknapp-galeria
b83abb5415e37f894ed6bca37e05ea312e191ec9c6b28342dcefd0b795f30c4b,2026-04-14 19:35:26.532590+00:00,hu,origo.hu,origo.hu,2026-04-14,"Magyar Péter lemondatná a legfőbb ügyészt, reagált az ügyészség",https://www.origo.hu/belpol/2026/04/magyar-peter-lemondatna-ugyeszseg-tisza-part-reagalas
28febc9db21c01bf0978a8365012d1174e4a343a84a234b063371ec9fe1b0094,2026-04-14 19:35:21.860917+00:00,hu,origo.hu,origo.hu,2026-04-14,"Modellalkat létére csodás mellei vannak, amiket nem is rejt nagyon a ruha mögé – Monalysa Alcântara dögös fotói",https://www.origo.hu/foto/2026/04/monalysa-alcantara-galeria
855665f6d70e1c6dd19dbb2fd493b3b53eb67aebbba66fecb3ccb3c0ee6541f1,2026-04-14 19:35:17.039040+00:00,hu,origo.hu,origo.hu,2026-04-14,Aggasztó méreteket ölt ennek a létfontosságú anyagnak a hiánya,https://www.origo.hu/tudomany/2026/04/helium-hiany
18658a7115a4563451df3fadee92ff90d67792da66e71bc4fc99ced267d9fc92,2026-04-14 19:35:17.025843+00:00,hu,blikk.hu,blikk.hu,2026-04-14,"Ilyen lesz az idei nyár időjárása a szakértők szerint, nem fogjuk megköszönni",https://www.blikk.hu/aktualis/belfold/idojaras-aszaly-el-nino-nyar-homerseklet/lxgy7ln
9eab3698c0fc117d44d08bf7544463d99645dc04787eb74e378f34cb925278d7,2026-04-14 19:35:11.788047+00:00,hu,origo.hu,origo.hu,2026-04-14,Elfeketedett holttestet találtak Törökhídján,https://www.origo.hu/kek-hirek/2026/04/holttestet-talaltak-torokhidjan
c0e8338a13685aa1b0601f0b9d94b0cfcbb8ec34f24f6613dc64cce4a15b8b3e,2026-04-14 19:35:08.800031+00:00,hu,blikk.hu,blikk.hu,2026-04-14,„Méltatlan a hivatalhoz” – hivatalvesztéssel fizetett a homofób kirohanásért a piliscsabai jegyző,https://www.blikk.hu/aktualis/belfold/piliscsaba-kirugjak-jegyzo-magyar-peter-tisza-part-valastas2026/n7mppx0
e99c1800f3a12926789fe66ec60cdbd928821bea59a55e519a1e2a56b7ac90fe,2026-04-14 19:35:06.717532+00:00,hu,origo.hu,origo.hu,2026-04-14,A volt kanadai miniszterelnök teljesen átalakult – Katy Perry mellett új ember lett,https://www.origo.hu/nagyvilag/2026/04/katy-perry-justin-trudeau-uj-stilus-tetovalas
82703cf7524ee36e9579b63931961093ed74fd4e8cf762e6f7c43a9098933f25,2026-04-14 19:35:04.508968+00:00,hu,blikk.hu,blikk.hu,2026-04-13,Ilyen lehetőséget ad a Tisza kezébe a kétharmados többség! Új korszak kezdődhet a magyar törvényhozásban,https://www.blikk.hu/politika/magyar-politika/ketharmados-tobbseg-alaptorveny-modositas/t9e9rzx
d2d7df43161226e2adbfc8182365c67e3f3f101f6c5c86e32441c0de2752a21c,2026-04-14 19:35:01.856059+00:00,hu,origo.hu,origo.hu,2026-04-14,Döbbenetes bejelentés: az MLSZ a feje tetejére állítja az NB I-es focibajnokságot,https://www.origo.hu/sport/sport-futball/2026/04/nb-i-osztalyozo-bevezetes-mlsz
6fd84de1fc21000587540a3953eff6327c04c2f4e6b0c38ceb1637bbbb9a2e9e,2026-04-14 19:34:57.018216+00:00,hu,origo.hu,origo.hu,2026-04-14,Trump nagy bejelentést tett: újabb fordulat az iráni konfliktusban,https://www.origo.hu/nagyvilag/2026/04/donald-trump-iran-targyalas
921f354de30fe7ad8925fb9eae0f67527e4b459862d062ec1f0f152b33edb9a3,2026-04-14 19:34:51.877082+00:00,hu,origo.hu,origo.hu,2026-04-14,Kapuzárási pánik: így kell beállítani a karosszéria pontatlanságait,https://www.origo.hu/auto/2026/04/kapuzarasi-panik-igy-kell-beallitani-a-karosszeria-pontatlansagait
1d80d45c173af7235435adc326602a018fbd2e2498e95f3bc886c453bc9d3190,2026-04-14 19:34:51.565568+00:00,hu,blikk.hu,blikk.hu,2026-04-14,"Saját bűntársait is megnyomorító, börtönből szökött rettegett gengszter rabolhatta ki Donnarumma otthonát",https://www.blikk.hu/sport/kulfoldi-foci/donnarumma-betores-borton-kinzas/yv0bg8x
379798be99f86b6557f18cdac3929ab74136d64632cadc4ce83a16f8c0a1a1ab,2026-04-14 19:34:46.797174+00:00,hu,origo.hu,origo.hu,2026-04-14,Megszólalt a tatabányai halálos baleset egyetlen túlélője,https://www.origo.hu/kek-hirek/2026/04/baleset-tatabanya-drogs-sofor-tragedia
0d7002a7ab31fede891b37518f25c7c75ab53b84f5e290e7f1e90c666982ff7e,2026-04-14 19:34:42.022549+00:00,hu,origo.hu,origo.hu,2026-04-14,Tehervonat sodort el egy férfit Monorierdőnél,https://www.origo.hu/kek-hirek/2026/04/vonat-baleset-cegledi-vonal
0d8083b633350c65764c4acc0d895c3f3d812d4f7b5dff8612f465d089207a07,2026-04-14 19:34:36.713024+00:00,hu,origo.hu,origo.hu,2026-04-14,Gyomorszorító élmény: újra megnyitották a világ egyik legfélelmetesebb hídját,https://www.origo.hu/nagyvilag/2026/04/hid-gyomorszorito-elmeny-ujra-megnyitottak-felelmetes
9d8f586e85f6a26ae4bc083f9a8e67e974d12407d13b469d2b8faa9136a1c896,2026-04-14 19:34:32.225467+00:00,hu,origo.hu,origo.hu,2026-04-14,Élet más bolygókon?,https://www.origo.hu/itthon/2026/04/elet-mas-bolygokon
b444ad4f0a0d7abf3dd2b53c321736fa548dd2c7fdea83c809dba87efb76e25b,2026-04-14 19:34:26.414209+00:00,hu,origo.hu,origo.hu,2026-04-14,"Kiderült, ott lesz-e a Liverpoolban Szoboszlai és Kerkez a tavalyi BL-győztes ellen",https://www.origo.hu/sport/sport-futball/2026/04/szoboszlai-kerket-liverpool-psg-kezdocsapatok
8b862d6ea9d1766e4675afbd9640868748ee36fe9a5bcb01dab9a72142c48145,2026-04-14 19:34:21.305165+00:00,hu,origo.hu,origo.hu,2026-04-14,Döbbenet: az UFC új világbajnoka sztriptíztáncos volt – fotó,https://www.origo.hu/sport/sport-egyeni/2026/04/carlos-ulberg-ufc-ketrecharc-sztriptiztancos
a9e1ea38fce9c4dc69ccbb4f9ac53f2d2cda20dbece26037ecf23c24c7688556,2026-04-14 19:34:16.294985+00:00,hu,origo.hu,origo.hu,2026-04-14,Mellbedobással utasít mindenkit maga mögé az új-zélandi modell,https://www.origo.hu/nagyvilag/2026/04/modell-rosie-arna-mellbedobas-utasit-maga-moge
5241c9a8844df02c0c5c8888499fe58420723fa322cc57259ae706961ccc35b1,2026-04-14 19:34:11.345996+00:00,hu,origo.hu,origo.hu,2026-04-14,"Nem lesz könnyű hazahozni az uniós pénzeket: Brüsszel kemény feltételeket szabott, ráadásul az idő is szorítja Magyar Péteréket",https://www.origo.hu/gazdasag/2026/04/europai-unios-forrasok-brusszel-magyar-peter
135b1e90c7f7e4a01ae09b5223f5fd34710fc0379ded28696be2f682884e1d1a,2026-04-14 19:34:06.306987+00:00,hu,origo.hu,origo.hu,2026-04-14,Döbbenetes bejelentés: Tóth Alex edzője a szezon végén távozik a Bournemouth kispadjáról,https://www.origo.hu/sport/sport-futball/2026/04/toth-alex-edzoje-tavozik-a-bournemouth
1af444d8eed74845fe92d4fbb3b80f709ccb95f14578584f6deaf8adc39be805,2026-04-14 19:34:01.513932+00:00,hu,origo.hu,origo.hu,2026-04-14,Világsztárok ellen szállnak majd jégre a magyar hokisok,https://www.origo.hu/sport/sport-csapat/2026/04/magyar-jegkorong-valogatott-felkeszules-vilagbajnoksag
4c29c3c3798bfff0f8d1ff80bcd81828a4d3865fa3b9dc0f5e114867b725f241,2026-04-14 19:33:56.435660+00:00,hu,origo.hu,origo.hu,2026-04-14,Miért fejlődnek máshogy az ikrek? Megvan a kutatók válasza,https://www.origo.hu/tudomany/2026/04/ikrek-fejlodese-lassabb-mint-az-egyeduli-testvereke
2fd373f1ba9fb9c07db38918789e0265641ce9ad7a5adcc7deea11561271e9b6,2026-04-14 19:33:51.447751+00:00,hu,origo.hu,origo.hu,2026-04-14,Daganatpusztító csodafegyvert találtak a tudósok,https://www.origo.hu/tudomany/2026/04/rak-daganatpusztito-csodafegyver
446a18a4aae14c75c650a94d287d44d9862b3195a5553cffc6f05051b8170b20,2026-04-14 19:33:46.480240+00:00,hu,origo.hu,origo.hu,2026-04-14,"Óriási hiba után kapott gólt a Fradi, majd öt perc alatt fordított – videó",https://www.origo.hu/sport/sport-futball/2026/04/fradi-puskas-akademia-labdarugas-nb-i
21071585bfe433a2357a1f6bedaaf9334a2d3011a0017cc57d0b3805c03de7cd,2026-04-14 19:33:41.605739+00:00,hu,origo.hu,origo.hu,2026-04-14,Mennyi idő alatt ürül ki az alkohol a szervezetéből? – mutatjuk!,https://www.origo.hu/itthon/2026/04/mennyi-ido-alatt-urul-ki-az-alkohol-a-szervezetebol-mutatjuk
6e40fcfae7e1c8300905570bec6b0fceb4e7913c95374d1756f43fa3571c6cd3,2026-04-14 19:33:36.664018+00:00,hu,origo.hu,origo.hu,2026-04-14,Bizarr lények szállják meg a Nemzetközi Űrállomást,https://www.origo.hu/tudomany/2026/04/fergek-nemzetkozi-urallomas
c10d28dfac8df4cd6aab49aa4a7bbc4cb5a69292059d00a1911fd84426c541b7,2026-04-14 19:33:31.586279+00:00,hu,origo.hu,origo.hu,2026-04-14,Óriási fordulat a fogászatban: okosfogkrém vadássza le a foggyilkosokat,https://www.origo.hu/tudomany/2026/04/foginybetegseg-kezelese-uj-fogkremmel-a-mikrobiomert
dda2b8f4388291289c35f3edf2945bb71d04fe260c1cd00caf567d1914a22e0e,2026-04-14 19:33:26.780329+00:00,hu,origo.hu,origo.hu,2026-04-14,Sejtelmes nyilatkozatot adott a Ferrari sztárpilótája,https://www.origo.hu/sport/f1/2026/04/charles-leclerc-ferrari-forma-1-nyilatkozat
c45f6921a81e78672a9a843b66ce8b6d16795870f29ed86ff388375b025ad84d,2026-04-14 19:33:21.345461+00:00,hu,origo.hu,origo.hu,2026-04-14,"Rohamosan terjed a népbetegség, emberek milliárdjai fertőződtek már meg",https://www.origo.hu/nagyvilag/2026/04/betegseg-majbetegseg-nepbetegseg
003ae7108310e2ea70d07d74db600c3853e73cb74c7573a02f8a7eeee0fed907,2026-04-14 19:33:16.636907+00:00,hu,origo.hu,origo.hu,2026-04-14,Kivégezték az óbaloldalt a választók,https://www.origo.hu/belpol/2026/04/baloldalt-kivegeztek-valasztok
8c7168e5e7dc88ad4c5d6a92a10bb84d68c9f279ef191ac2556554fc63e5a560,2026-04-14 19:33:11.650999+00:00,hu,origo.hu,origo.hu,2026-04-14,"A Telex csak a választások után merte leírni, hogy európai titkosszolgálatok politikai döntésre dolgozhattak rá a magyar kormányra",https://www.origo.hu/belpol/2026/04/telex-europai-titkosszolgalatok-magyar-kormany
34f70c23c17a5251f9fd4cfa58a31edc34107a1021fe85abdb39ccc2096aec92,2026-04-14 19:33:06.239940+00:00,hu,origo.hu,origo.hu,2026-04-14,Megvillantotta finom kis didkóját a 40 éves énekesnő – szexi fotókkal,https://www.origo.hu/nagyvilag/2026/04/lily-allen-villantas-didko-szexi-fotokal
500f34151affb6d43d56cffdc744e86c80264fe35dfe6fb933a2f9194362fcc0,2026-04-14 19:33:02.947143+00:00,hu,origo.hu,origo.hu,2026-04-14,"Kiderült, mennyi szexpartnert tartanak ideálisnak",https://www.origo.hu/nagyvilag/2026/04/szexpartnerek-szama-parkapcsolat-oszinteseg
556939b19635df9cca5f5fbfa61df5886f0eff7d7ab3db0a03bfcad04cbdfaee,2026-04-14 19:32:56.475954+00:00,hu,origo.hu,origo.hu,2026-04-14,Szoboszlai Dominik pályafutása legnagyobb csodájára készül a Bajnokok Ligájában,https://www.origo.hu/sport/sport-futball/2026/04/szoboszlai-dominik-liverpool-psg-bl-beharangozo
b18152dd10b99bd81a5630fa3481deee4d67680e39cbe99d4112a72ab2aaf9ee,2026-04-14 19:32:53.204068+00:00,hu,origo.hu,origo.hu,2026-04-14,Daniel Freund: Magyar Péter még nem kapja meg az uniós forrásokat,https://www.origo.hu/belpol/2026/04/eu-s-forrasok-daniel-freund-brusszeli-kovetelesek
eb577a21ad788608c1d914f4613aba752a61319c8643a23dd61a150d1eaeae79,2026-04-14 19:32:47.809287+00:00,hu,origo.hu,origo.hu,2026-04-14,"Nem fogja elhinni, mit tervezett Szécsi Pál a halála napjára",https://www.origo.hu/kek-hirek/2026/04/szecsi-pal-a-halala-napjara-ezt-tervezte
d701abf965d93d17efc17e74d9061865824647a941c2c61aefe8e93a43a9ff15,2026-04-14 19:32:42.180220+00:00,hu,origo.hu,origo.hu,2026-04-14,Kylie Jenner topless fotóval jelentette be a nagy hírt – erre senki sem számított,https://www.origo.hu/nagyvilag/2026/04/kylie-jenner-topless-uj-kollekcio-instagram-khy
09c16339d96b665617afeb9820f5be15069c788a6cc3b835c44e3064599169ca,2026-04-14 19:32:36.939965+00:00,hu,origo.hu,origo.hu,2026-04-14,Abszurd: humanoid robot üldözi a vaddisznókat a főváros utcáin – videó,https://www.origo.hu/nagyvilag/2026/04/robot-vaddiszno-varso-uldozes
f62e12cf8da300dd4bcdfcd3fa09c422c8cbad616466a8b314d6127f76a7004c,2026-04-14 19:32:30.305759+00:00,hu,origo.hu,origo.hu,2026-04-14,"Órákkal a plasztika után jött a baj, senki sem tudta, mi történik a fiatal nővel",https://www.origo.hu/nagyvilag/2026/04/fenekplasztika-torokorszag-halaleset-szepszis
0a87e3567a500264c5ca7177475c37933e6acbca94d00dbeb8af5c879bd7bffa,2026-04-14 19:32:25.310592+00:00,hu,origo.hu,origo.hu,2026-04-14,Új bizonyíték fedheti fel a gízai nagy piramis titkát!,https://www.origo.hu/nagyvilag/2026/04/gizai-nagy-piramis-titka-uj-bizonyitek
43073d1376f220d87badc8bb6c9219b6c56559193bfcb2ee7f8cca6e453442a8,2026-04-14 19:32:19.482136+00:00,hu,origo.hu,origo.hu,2026-04-14,Kicsúszott Zelenszkij kezéből az irányítás – elszabadult a pokol,https://www.origo.hu/nagyvilag/2026/04/zelenszkij-tuzszunet-kijev
fb7266b6c3bfa4da8f8bfa2b9c2cca91453f0ba2e9cf612c5c7261ce67dee4b0,2026-04-14 19:31:50.635282+00:00,hu,origo.hu,origo.hu,2026-04-14,Döbbenetes részletek egy európai titkosszolgálati akcióról a magyar kormány ellen,https://hirtv.origo.hu/ahirtvhirei/2026/04/dobbenetes-reszletek-egy-europai-titkosszolgalati-akciorol-a-magyar-kormany-ellen
453913c32507b2c7037a21093b030ad46c36d8b3837e2149047c7c5d692f04d1,2026-04-14 19:31:45.573406+00:00,hu,origo.hu,origo.hu,2026-04-14,Átadták a világszínvonalú Nemzeti Orvosi Innovációs Képző Központot,https://hirtv.origo.hu/ahirtvhirei/2026/04/atadtak-a-vilagszinvonalu-nemzeti-orvosi-innovacios-kepzo-kozpontot
3d05493ccbf2cf18396e99786e0b579c1bbdf72ab58cee01090d4799231805ac,2026-04-14 19:31:40.646384+00:00,hu,origo.hu,origo.hu,2026-04-14,"A svéd média szerint pontosan nem tudni, milyen politikát fog képviselni Magyar Péter",https://hirtv.origo.hu/ahirtvhirei/2026/04/a-sved-media-szerint-pontosan-nem-tudni-milyen-politikat-fog-kepviselni-magyar-peter
5c9055ca8f8dcbd5610c2e25d9c07e7f6f51f5fc8a7a6a85b1471cbd796db2e2,2026-04-14 19:31:35.569338+00:00,hu,origo.hu,origo.hu,2026-04-14,Sikeresen visszatért a Földre az Artemis II legénysége,https://hirtv.origo.hu/tudomany/2026/04/sikeresen-visszatert-a-foldre-az-artemis-ii-legenysege
c756c381105e8bbf8c748045ef89b933d69b8879cc077188f8208ef776b556ed,2026-04-14 19:31:30.627231+00:00,hu,origo.hu,origo.hu,2026-04-14,Megtámadja a választás végeredményét a Mi Hazánk,https://hirtv.origo.hu/ahirtvhirei/2026/04/megtamadja-a-valasztas-vegeredmenyet-a-mi-hazank
235adccce43e0f93372da6258134ffcf320150a106866f921d1b45e0f3b3339a,2026-04-14 19:31:17.938815+00:00,hu,origo.hu,origo.hu,2026-04-14,Magyar Péter lengyel mintára darálná be a magyar jogállamot,https://hirtv.origo.hu/ahirtvhirei/2026/04/magyar-peter-lengyel-mintara-daralna-be-a-magyar-jogallamot
24672c63bfb39c9c595a8a9b73b660cb3837436b654e6be8a9ab8d1f5d59c5d4,2026-04-14 19:31:10.593933+00:00,hu,origo.hu,origo.hu,2026-04-14,Brutális aszályt és rekordhőséget hozhat az El Niño,https://hirtv.origo.hu/ahirtvhirei/2026/04/brutalis-aszalyt-es-rekordhoseget-hozhat-az-el-nino
033a2ce4f27a40df16be5ea14c237df2d31c569b2fd154714c9cc187124dbc49,2026-04-14 19:31:05.463299+00:00,hu,origo.hu,origo.hu,2026-04-14,Király Júlia elismerte: a Tisza Párt gazdaságpolitikája „fájni fog” a magyaroknak,https://hirtv.origo.hu/ahirtvhirei/2026/04/kiraly-julia-elismerte-a-tisza-part-gazdasagpolitikaja-fajni-fog-a-magyaroknak
270036b96d1dd147a9ce9672eca8de959a64af2e9bc4850d8f0ea425a15f73a0,2026-04-14 19:31:00.598770+00:00,hu,origo.hu,origo.hu,2026-04-14,Ki fogja megfizetni a közel-keleti tengeri háború számláját?,https://hirtv.origo.hu/hirtv-gazdasagi-hirei/2026/04/ki-fogja-megfizetni-a-kozel-keleti-tengeri-haboru-szamlajat
1638275a3033862362e09ebf81b76b5e3e6e96ddc631114d7793832c9178e277,2026-04-14 19:30:48.138079+00:00,hu,origo.hu,origo.hu,2026-04-14,Magyar Péter hozzá fog járulni az EU 90 milliárd eurós ukrán hadikölcsönéhez,https://hirtv.origo.hu/hirtvkulfold/2026/04/magyar-peter-hozza-fog-jarulni-az-eu-90-milliard-euros-ukran-hadikolcsonehez-2
9ce43ab8041a52873248c48b9391180012f092bf4b5692a6ac2ec6113c274dd2,2026-04-14 19:30:42.993478+00:00,hu,origo.hu,origo.hu,2026-04-14,A libanoni fronton Izrael folytatja hadjáratát a Teheránnal szövetséges Hezbollah ellen,https://hirtv.origo.hu/hirtvkulfold/2026/04/a-libanoni-fronton-izrael-folytatja-hadjaratat-a-teherannal-szovetseges-hezbollah-ellen
4f81e1d34fa12f700af2736312de3d69a94a2f3d8e92b01499d9f89bf2d8343c,2026-04-14 19:30:37.916672+00:00,hu,origo.hu,origo.hu,2026-04-14,Vucic szerint Magyar Péter elhitte a bulvárhülyeségeket,https://hirtv.origo.hu/hirtv-gazdasagi-hirei/2026/04/vucic-szerint-magyar-peter-elhitte-a-bulvarhulyesegeket
1f36654303c60d19c985b51ebeee8372ba80703565b95297114871b13e6e01dc,2026-04-14 19:30:32.000370+00:00,hu,origo.hu,origo.hu,2026-04-14,Az EU súlyos feltételeket támaszt,https://hirtv.origo.hu/ahirtvhirei/2026/04/az-eu-sulyos-felteteleket-tamaszt
00e9b3e2a646fce39bbef33188b011c7fa34b0fff6973a368e911cb0143ef8db,2026-04-14 19:30:24.710914+00:00,hu,origo.hu,origo.hu,2026-04-14,Hidegzuhany Brüsszelből: Elmaradnak a milliárdok?,https://hirtv.origo.hu/hirtvkulfold/2026/04/hidegzuhany-brusszelbol-elmaradnak-a-milliardok
8554dde2a858febb7deff2ce4d889dab30d1071a3d33ec4e8a23dfde76779bf3,2026-04-14 19:30:19.676860+00:00,hu,origo.hu,origo.hu,2026-04-14,Ursula von der Leyen kézbe vette az irányítást?,https://hirtv.origo.hu/ahirtvhirei/2026/04/ursula-von-der-leyen-kezbe-vette-az-iranyitast
b1ea19e4ca0084acc816c83374ac1f94bbf3cc36907dccaf944384394731c1ef,2026-04-14 19:29:55.160808+00:00,hu,origo.hu,origo.hu,2026-04-14,"A közhatalmi szervek vezetői reagáltak, nem távoznak hivatalukból",https://hirtv.origo.hu/ahirtvhirei/2026/04/a-kozhatalmi-szervek-vezetoi-reagaltak-nem-tavoznak-hivatalukbol
4ce55ce451443a254447b6f43385122932b39465bd13e6a119e0f04c7dce05ee,2026-04-14 19:22:48.910745+00:00,hu,blikk.hu,blikk.hu,2026-04-14,Így került elmegyógyintézetbe Pajor Tamás,https://www.blikk.hu/sztarvilag/hazai-sztarok/pajor-tamas-pszichiatria-katonasag/5b5nn9k
d3c0ef7e13e4f3b32f2b2549360dd6a8e81e98d3aad0c9679579e578d2ef8417,2026-04-14 19:22:43.934679+00:00,hu,blikk.hu,blikk.hu,2026-04-14,"Vajazókéssel ölte meg öccsét, tizenhétszer szúrt a késsel",https://www.blikk.hu/aktualis/belfold/vizsoly-testvergyilkossag-vajazo-kes/2jmmd2q
78bceb33c957d026035b4d7e376fc2ed506c1ed2d8bbfe690fb7ed4d1f632b12,2026-04-14 19:22:31.534720+00:00,hu,blikk.hu,blikk.hu,2026-04-14,Újra minden állomáson megállnak a vonatok a ceglédi vonalon,https://www.blikk.hu/aktualis/belfold/mav-menetrend-cegled/zgz65cy
2439309d9f2503d0b435b3b4622f0bad32bec295eacc4d906f3dd43e01ce581c,2026-04-14 19:22:05.575931+00:00,hu,blikk.hu,blikk.hu,2026-04-14,"""Akárhogy szórakozik a kaszás, én szeretném megélni a 100. születésnapomat"": Baranyi László tizenhat kilót fogyott",https://www.blikk.hu/sztarvilag/hazai-sztarok/baranyi-laszlo/55wbvew
1bb8bfa4bac40b368e791af161429bbe5d823b8037a5f3a14e7798c1bf17fb9f,2026-04-14 18:38:53.786691+00:00,hu,index.hu,index.hu,2026-04-14,Kis híján egymásnak estek a szakértők a választási eredmények értékelése közben,https://index.hu/belfold/2026/04/14/republikon-konferencia-valasztas-2026-ertekeles-horn-gabor-kiszelly-zoltan-szabo-andrea-kerekasztal/?utm_source=hirstart&utm_medium=referral&utm_campaign=ct
391eeaddaa29d14a97c0a43c574dd46e0d400009478f1531cf7185d4a9cdae88,2026-04-14 18:23:03.540413+00:00,hu,blikk.hu,blikk.hu,2026-04-14,„Ez nagyon nagy lehetőség” – Gombos Edina elárulta miért vállalták el az Ázsia Expresszt,https://www.blikk.hu/sztarvilag/hazai-sztarok/gombos-edina-alberto-costafreda-azsia-expressz/kbqke3r
b6d65410243ce637c9fd81fc326056945630b0cf9a76af41fb152d40a6c088ad,2026-04-14 18:22:57.972685+00:00,hu,blikk.hu,blikk.hu,2026-04-14,Iratmegsemmisítés: Szijjártó Péter megszólalt a Külügyminisztériumban zajló eseményekről,https://www.blikk.hu/politika/magyar-politika/szijjarto-peter-iratmegsemmisites-vad-tagadas/rt5c1ej
093c8760ac8e30ae61da1583050842c0d965522716cf1bdc4269af8eb892765a,2026-04-14 18:21:48.951328+00:00,hu,blikk.hu,blikk.hu,2026-04-14,Milyen hatással lehet a kormányváltás az újpesti stadion építésére? Megszólalt a tulajdonos,https://www.blikk.hu/sport/magyar-foci/ujpest-stadion-kormanyvaltas/mexl9jr
3c937fc0ae0a2eab9779b75457b339c304a4b7630a9223b4d1357e878518588c,2026-04-14 17:34:36.662486+00:00,hu,index.hu,index.hu,2026-04-14,"Egy fiatal lány készül megmenteni a világot szuperképességével, de valami itt nem kóser",https://index.hu/tech/godmode/2026/04/14/life-is-strange-videojatekok-narrativ-torteneti-osszefoglalo-sztori-idaig-max-es-chole-reunion/
5a97d9e15e62a82bc7b58399fb98f4aace2d3a2e1f9c49e6000adb772ac37ac6,2026-04-14 17:34:24.999749+00:00,hu,index.hu,index.hu,2026-04-14,"Risztov Éva elárulta, szerinte melyik magyar színész csókol a legjobban",https://index.hu/mindekozben/poszt/2026/04/14/risztov-eva-velemeny-legjobban-csokolo-magyar-szinesz/
be5161ee38bd6fd486d710df059d19bbaa6571dc9bb4551e4451121fff9ad807,2026-04-14 17:34:19.070432+00:00,hu,index.hu,index.hu,2026-04-14,Egyre nagyobb hátrányban van Donald Trump a fiatalok körében,https://index.hu/kulfold/2026/04/14/egyesult-allamok-felmeres-donald-trump-republikanus-demokrata/
b46ff5bd21eb6b16ed3274e7bff2f3e9a387f8351b63e608c023d178352bf0e1,2026-04-14 17:34:15.400726+00:00,hu,index.hu,index.hu,2026-04-14,"„Nem érdekel, ki mit gondol erről” – Ilyen nagy luxusban tartja 20 macskáját Borbás Marcsi",https://index.hu/mindekozben/poszt/2026/04/14/borbas-marcsi-macskai-luxus-birtok/
09b0cd51f80f1d69f893fcee3848f9da518180d4e1ac4baaebd7bba4b09121aa,2026-04-14 17:34:06.500664+00:00,hu,index.hu,index.hu,2026-04-14,Donald Trump ismét beszólt XIV. Leó pápának és az olasz miniszterelnöknek,https://index.hu/kulfold/2026/04/14/donald-trump-xiv-leo-papa-olasz-miniszterelnok/
89c9e0438b76623c81a17554ae271098fa8823f2c2bd4e1e723c62d51a25967e,2026-04-14 17:33:51.725426+00:00,hu,index.hu,index.hu,2026-04-14,"Elképesztő megoldásra bukkantunk az Alpokban, így készítenek mesterséges havat",https://index.hu/tudomany/2026/04/14/ausztria-tirol-solden-siterep-mesterseges-ho-megujulo-energia-fenntarthatosag/
c6ccc8787b7ce52b1b027b1cc79321eacb3e5f0e5f8f96c6d68eaa27d9af35dc,2026-04-14 17:33:46.503692+00:00,hu,index.hu,index.hu,2026-04-14,"Madárral ütközött egy Wizz Air-gép Ferihegyen, kényszerleszállást hajtottak végre",https://index.hu/belfold/2026/04/14/liszt-ferenc-nemzetkozi-repuloter-kenyszerleszallas-madar-utkozes-repulogep-wizz-air/
b704db60f729e4244569099f5f86122ab6c145a5b48d742a2cdf6ce3a8eb5c8f,2026-04-14 17:33:41.599367+00:00,hu,index.hu,index.hu,2026-04-14,Nagy Feró a saját elszegényedése miatt aggódik,https://index.hu/kultur/2026/04/14/nagy-fero-beatrice-zenesz-fidesz-tisza-part-eredmeny-politika-valasztas-2026/
ba717d08932d05df088e2f43a609ffb614f853f44acec95ffd4dc9c2e3124c72,2026-04-14 17:33:23.742284+00:00,hu,index.hu,index.hu,2026-04-14,"Négy hónapja nem kaptak fizetést, éhségsztrájkba lépnek a sajóbábonyi vegyi üzem dolgozói",https://index.hu/belfold/2026/04/14/fizetes-ber-sztrajk-ehseg-ehsegsztrajk-vegyiuzem-uzem-gyar-magyarorszag-sajobabony-dolgozo-munka/
3de9bfec8caa66469168cd15c08ab8885ae7dfce95bf93cfd54f9faff14c188f,2026-04-14 17:33:18.409169+00:00,hu,index.hu,index.hu,2026-04-14,"Csúcsra járatott halálgyár: 36 éve nem végeztek ki annyi embert Iránban, mint tavaly",https://index.hu/kulfold/2026/04/14/csucsra-jaratott-irani-halalgyar-1600-kivegzes-37-eves-rekord/
1cdbe0e9061b73d50085305fa69e6d5af21bfcf80f01b343259e770068ec2cc2,2026-04-14 17:33:12.898441+00:00,hu,index.hu,index.hu,2026-04-14,Elfogták az Egyesült Államokban a szökésben lévő volt brazil kémfőnököt,https://index.hu/kulfold/2026/04/14/brazilia-alexandre-ramagem-hirszerzo-kem-jair-bolsonaro-orizetbe-vetel-ice-ugynokok/
515e9b7dedfa820c0de03f462fce9eb8877f28fee0e1fa85a38eb589bde016c8,2026-04-14 17:33:09.553800+00:00,hu,index.hu,index.hu,2026-04-14,Hegedűs Zsolt örömtáncától Gyurcsány Ferenc reumás csiga imitációjáig – a politikai csípőmozgások története,https://index.hu/belfold/2026/04/14/hegedus-zsolt-orom-tanc-gyurcsany-ferenc-reuma-ritmus-tisza-part-valasztas/
b31903d0495504512912d393f9901aec41cb206d622c49fc3939ceabfe466ea5,2026-04-14 17:32:45.177544+00:00,hu,blikk.hu,blikk.hu,2026-04-14,"Agyő, SZÉP-kártya, most kell bevásárolni",https://www.blikk.hu/gazdasag/vasarlas/hideg-elelmiszer-szep-kartya-hatarido/nsr5g4r
db2bf2f2de7e3dfc95f1dfc28db2d631142d63cb0610f0f8b1c42e8b56551171,2026-04-14 17:32:40.550971+00:00,hu,blikk.hu,blikk.hu,2026-04-14,"Előbb szereztek, majd elvesztettek egy mandátumot Magyar Péterék: így áll most a Tisza és a Fidesz",https://www.blikk.hu/politika/magyar-politika/valasztas-zala-02-ujraszamolas-allas-mandatum/49knf8f
7d0690002b4e58fbe6265bad4147f9d94a2094f373d15a0cfc2a1e1124c2e7ae,2026-04-14 17:32:24.185553+00:00,hu,blikk.hu,blikk.hu,2026-04-14,Az Orbán-kormány tisztviselői még gátolhatják a reformokat,https://www.blikk.hu/aktualis/belfold/gazdasag-figyelmzetetes-orban-kormany-tisztviselok/c9ftkz2
d6a503c5d4e1525764753096ee9cf207841467cd51126886ff97215e63a0c39b,2026-04-14 17:32:18.205363+00:00,hu,blikk.hu,blikk.hu,2026-04-14,Így néz ki most dudás Miki sírja,https://www.blikk.hu/sztarvilag/hazai-sztarok/dudas-miklos-sirja/j7t4js1
7cbaa394085a84fec5632a315dcbb4774cbfe14610da3709f12a29970dcebae7,2026-04-14 17:32:13.603332+00:00,hu,blikk.hu,blikk.hu,2026-04-14,Egy módszer a gyors elalvásra? A csuklómasszázsnak köszönhetően 2 perc múlva álomba merülsz. A szakértők és a tanulmányok egyetértenek ebben.,https://www.blikk.hu/eletmod/egeszseg/egyszeru-modszer-alomba-ringat/6w5rq69
a201f337967dd8b489d022d9e0090b150458e60142a88cfc282cfd02129609f9,2026-04-14 17:32:01.932828+00:00,hu,blikk.hu,blikk.hu,2026-04-14,Óriási tüntetés nehezíti az Ázsia Expressz forgatását,https://www.blikk.hu/sztarvilag/hazai-sztarok/azsia-expressz-forgatas-ordog-nora-bolivia-tuntetes/mk9q8rs
1ace0940a2fb41a710e6ba791bac08b7ed2b572b85ff87d0850e132139352b62,2026-04-14 17:31:42.602392+00:00,hu,blikk.hu,blikk.hu,2026-04-14,"Kovács Patrícia először beszél nyilvánosan kamaszkorának nehéz időszakáról, amikor a valóság elől a hazugságokba menekült",https://www.blikk.hu/sztarvilag/hazai-sztarok/kovacs-patricia-szemelyes-tortenet-hazugsagvizsgalo/9nld79j
7c34b1351b0da1e72745aa2557b2ba27ebfaa482158d6097562429e2de1e9e33,2026-04-14 17:31:27.621006+00:00,hu,blikk.hu,blikk.hu,2026-04-14,"Az énekesnő, akit a hangja alapján sokan a magyar Tina Turnernek tartanak, ezúttal nem zenei munkája miatt került a középpontba",https://www.blikk.hu/sztarvilag/hazai-sztarok/feyer-zita-enekesno-jotekonykodas-hajlektalan/rbn959l
d6419d64fa762e9147637cb1ced41f54f2b95161bfdec849648d0d91e70d0ced,2026-04-14 17:30:58.584034+00:00,hu,blikk.hu,blikk.hu,2026-04-14,Sallai Roland csapattársának horrorsérülése miatt átalakításokat végeztek Szoboszlaiék stadionjában,https://www.blikk.hu/sport/kulfoldi-foci/liverpool-sallai-roland-bajnokok-ligaja-serules/g6yf8y9
5380f6aaecb07301639a94a33476bef0900335135413894db14f938e73441298,2026-04-14 17:30:38.189707+00:00,hu,blikk.hu,blikk.hu,2026-04-14,"Aurelio újra nekiment Osváth Zsoltnak, már megint balhéznak egymással",https://www.blikk.hu/sztarvilag/hazai-sztarok/osvath-zsolti-aurelio-vita/fncdj5m
e88feb5fbc05fb5fa73a173424a9f9c41b1aeec086ba498437c0c71493072c7b,2026-04-14 16:33:50.190925+00:00,hu,blikk.hu,blikk.hu,2026-04-14,Ekkor mondja ki az igent Gelencsér Timi és vőlegénye: már készülnek a nagy napra,https://www.blikk.hu/sztarvilag/hazai-sztarok/gelencser-timi-simon-matyas-eskuvo/6ne4czc
c6de5f56424bfc547823fdd619686c8ef979b8cdc0ae2698e898de521e2c5c4d,2026-04-14 16:33:40.032782+00:00,hu,blikk.hu,blikk.hu,2026-04-14,Prostiképzőt nyitott a 76 éves bácsi Balatonfüreden,https://www.blikk.hu/aktualis/belfold/balatonfured-prostitualtak-bacsi-idos-itelet/0k8cqq3
71156f95354e031f2557dd417d278464b636b66c1135125578f8d9cb1d1bf9e7,2026-04-14 16:33:06.193275+00:00,hu,blikk.hu,blikk.hu,2026-04-14,Nem mindennapi hobbinak hódol ez a magyar tűzoltó,https://www.blikk.hu/aktualis/belfold/tuzolto-koszobor-farag-szabadidejeben/wmbzrc9
50e2160270009648c0681cb217c18d3a2dece4200bb2eb8f5f489df8a322ab25,2026-04-14 16:31:30.990047+00:00,hu,index.hu,index.hu,2026-04-14,"Így küzdenek meg a túlélésért egy kolumbiai faluban, ahol csak a saját szabályaik érvényesek",https://index.hu/fomo/2026/04/14/gaviotas-kozosseg-kelet-kolumbia/
542b21fdb1976a142709af5e67ed44da905fa0c01a889929b2d0504b247845b1,2026-04-14 16:31:10.518197+00:00,hu,index.hu,index.hu,2026-04-14,Kilépett a Demokratikus Koalícióból Óbuda polgármestere,https://index.hu/belfold/2026/04/14/kiss-laszlo-obuda-polgarmester-demokratikus-koalicio-kilepes-valasztas-2026/
4b30b96f373d707079adff954a7619ae96d5fbc32a41d0a8bfe8d01a9bdd0be4,2026-04-14 16:31:02.461434+00:00,hu,index.hu,index.hu,2026-04-14,Harmincéves csúcsra nőtt az antiszemita erőszakcselekmények áldozatainak száma,https://index.hu/kulfold/2026/04/14/antiszemitizmus-aldozatok-merenylet-eroszakos-buncselekmenyek-szama-harmin-eves-csucs/
3139a818b37d120901c6bb754196987bceef1d4cef4ade910b3bd4f7e3e4a46c,2026-04-14 16:30:55.988665+00:00,hu,index.hu,index.hu,2026-04-14,Bizalmatlansági indítványt adott be a szerb kormány ellen az ellenzék,https://index.hu/kulfold/2026/04/14/szerbia-bizalmatlansagi-inditvany-belgrad-donald-trump-jared-kushner-hotel-nato/
648b57542150547a9d9a8fb497d3b024d2e27094a5f9ef54ea519d613ca6df49,2026-04-14 16:30:50.572491+00:00,hu,index.hu,index.hu,2026-04-14,Pintér Bence: Holnap bíróság elé áll a győri Fidesz vezérkara,https://index.hu/belfold/2026/04/14/pinter-bence-gyor-fidesz-elit-birosag-tanu-vallomas-gyori-torvenyszek-targyalas/
b9ee8cd7cdd40a3bf14738e8701fe41cae61a53129b6d2a072c0e95701ca3dbc,2026-04-14 16:30:45.372859+00:00,hu,index.hu,index.hu,2026-04-14,"Minden jegy elkelt, telt ház, 16 ezer néző várja Győrben a vasárnapi ETO–FTC-szuperrangadót",https://index.hu/sport/futball/2026/04/14/minden-jegy-elkelt-16-000-nezo-eto-fc-ftc-vasarnap/
42ad5fecc045d5347ec2322190bc4fb460d4f6c285a94796d1eda4b3df46bc6a,2026-04-14 16:30:24.284351+00:00,hu,index.hu,index.hu,2026-04-14,"Az Európai Parlament jelentéstevője szerint soha nem történhet meg az, ami az elmúlt 16 évben volt Magyarországon",https://index.hu/kulfold/2026/04/14/europai-unio-europai-parlament-tineke-strik-magyarorszag-jogallamisag-magyar-peter-orban-viktor-sajtotajekoztato/
493759dfad3c3cb33bcdd654eb97e462c3ce0556a3645540c3382c514cb3c545,2026-04-14 16:30:13.305604+00:00,hu,index.hu,index.hu,2026-04-14,"Húsz év fegyházbüntetés vár a férfire, aki kilökte barátnőjét a tizedik emeletről",https://index.hu/belfold/2026/04/14/gyor-ferfi-birosag-fegyhazbuntetes-itelet-baratno-panelhaz-emelet-emberoles-halal/
af2a473755d0a2924f35caf871b8df50d0720ac4cc6bb2375d0d3716cb5f16ed,2026-04-14 16:29:55.260841+00:00,hu,index.hu,index.hu,2026-04-14,Vörös szőnyeg helyett hinta: így babázik a Central Parkban a nyolcszoros apa Robert De Niro,https://index.hu/kultur/2026/04/14/robert-de-niro-filmsztar-oscar-dijas-szinesz-keresztapa-apasag-new-york/
bed780cd780340d9a30729d0051b38174d9760317de77a25a4e735b162188f41,2026-04-14 16:29:51.340193+00:00,hu,index.hu,index.hu,2026-04-14,"Káosz az égben, több mint negyven budapesti járatot töröltek sztrájk miatt",https://index.hu/belfold/2026/04/14/lufthansa-legitarsasag-repulogep-jarattorles-budapest-eurowings-karterites-sztrajk/
e03e40a27029c33614b27738ecc7f8f6f281089cf7f696e50f19ae0adc9adeba,2026-04-14 15:53:42.892105+00:00,hu,index.hu,index.hu,2026-04-14,Az emberek orra előtt szedte áldozatait a hamis próféta,https://index.hu/fomo/2026/04/14/netflix-szekta-sorozat-bizz-bennem-a-hamis-profeta/?utm_source=hirstart&utm_medium=referral&utm_campaign=ct
f9c68bb8a891ccfa7db338e777eb32c4f67f3e4da864398cd57ca4a9e3abe6a1,2026-04-14 15:51:53.141554+00:00,hu,blikk.hu,blikk.hu,2026-04-14,„Kincses királylány” – aranycumival és nótaszóval köszöntötték kisbabájukat a kaposvári influenszerek a kórházban – videó,https://www.blikk.hu/sztarvilag/hazai-sztarok/arany-cumi-kisbaba-kaposvar-korhaz/7e6e1bc
555cbd2a949b947af88c0a8d1a5361a7e242b7701131b3bcba8b72d3a27a6dfc,2026-04-14 15:51:48.012782+00:00,hu,blikk.hu,blikk.hu,2026-04-14,"Meglepő szakmát választott magának Mária, ebből más sírva menekülne el",https://www.blikk.hu/aktualis/belfold/devecsai-maria-kartevoirto-szazhalombatta-munka/8jvljzx
0ad55adba5b28168f195c3da30bc15424a15de377fd825b33c090113cd610d1d,2026-04-14 15:50:56.008801+00:00,hu,blikk.hu,blikk.hu,2026-04-14,Varga Barnabásra is szüksége lehet a Fradinak a BL-főtáblára jutáshoz,https://www.blikk.hu/sport/magyar-foci/varga-barnabas-bl-fotabla-ferencvaros-eto/cfhjfzv
25cc11a59ee3f25442ffa4e696fc923d6b7800263770dadc1f9e077861b49cf9,2026-04-14 15:50:51.059459+00:00,hu,blikk.hu,blikk.hu,2026-04-14,„Tudnék így ébredni minden nap” – különleges jutalomban részesültek a Kihívók az Exatlon Hungaryben,https://www.blikk.hu/sztarvilag/hazai-sztarok/exatlon-hungary-kihivok-masszazs/wmvrk7l
0503ed894b5700928b64d747b23c9fe974b93df592d43a0f63fe31b0ce29660e,2026-04-14 15:50:24.215869+00:00,hu,blikk.hu,blikk.hu,2026-04-14,A börtön után a DK-ból is kilépett a III. kerület polgármestere,https://www.blikk.hu/aktualis/belfold/kilepes-part-dk-kiss-laszlo-polgarmester/zmlf3sr
b4b1a0dfd05069f669300e8ec5b081340c0d90833f0c5b31b0e4376fffe55d69,2026-04-14 15:50:19.578134+00:00,hu,blikk.hu,blikk.hu,2026-04-14,Tizenkét titkos fegyvert és 8000 lőszert találtak egy győri férfinál,https://www.blikk.hu/aktualis/krimi/fegyvergyujto-elrejtette-kisalfold/2q7nxpf
12e0d0459a7d50d598cd8ec85ba2ef2da66a42f23cddcdd4581262857b8b9605,2026-04-14 15:50:14.243541+00:00,hu,blikk.hu,blikk.hu,2026-04-14,"Debrecenben porig égett egy családi ház, a lakók mindent elvesztettek",https://www.blikk.hu/aktualis/krimi/csaladi-haz-tuz/211hcm6
067b802ca693f844488a971ffbfc7c1307c01c1c7fbe796eba2cbd82c8fe4642,2026-04-14 15:49:56.262534+00:00,hu,blikk.hu,blikk.hu,2026-04-14,"Kiderült, hogy ettől is függ, mennyire tiszás, vagy fideszes a lakosság",https://www.blikk.hu/politika/magyar-politika/melyik-telepulesen-lakik-kiderult-hogy-ettol-is-fugg-mennyire-tiszas-vagy-fideszes-a/4fvrj2b
77bfa5063731939f5c0cd5d86c9fcd1cc2a94eb5ec75e45733dd715d895ec719,2026-04-14 15:49:07.843978+00:00,hu,blikk.hu,blikk.hu,2026-04-14,Új korszak a magyar–orosz kapcsolatokban? A Kreml reagált a Tisza Párt győzelmére,https://www.blikk.hu/politika/vilagpolitika/kreml-tisza-peszkov-magyar-peter/hgty4dw
4ac8378ddcc7d5e293df86414d3630f315f5e4faeb5fdd02f85f70326a408c36,2026-04-14 15:26:42.961534+00:00,hu,blikk.hu,blikk.hu,2026-04-14,"Kitálalt a Fidesz vereségéről és a felelősökről Ferencz Orsolya, de mintha visszakozna már",https://www.blikk.hu/politika/magyar-politika/ferencz-orsolya-vereseg-fidesz-valasztas-2026/r7g12gg
5cdf73eefecde3711879537e40e45c60c2c5d02d8eddfca3f920b811b3e1a46e,2026-04-14 15:26:13.767398+00:00,hu,blikk.hu,blikk.hu,2026-04-14,Érdekességek az idén 160 éves fővárosi állatkertről,https://www.blikk.hu/aktualis/belfold/160-eves-jubileumi-emlekev-fovarosi-allat-es-novenykert/7329nzc
2a994b7cab13c861ec81854b5f5b556f112616c0ef645b643191715cea417586,2026-04-14 15:26:04.290751+00:00,hu,blikk.hu,blikk.hu,2026-04-14,Így épült fel daganatos megbetegedéséből Berki Patrik,https://www.blikk.hu/sztarvilag/hazai-sztarok/berki-patrik-daganat-mango-margit/ktskrx0
cdc33c20ab44d4b1fa7ee25168961ee55ee712b1c61fb2eebbadf957f9352a1e,2026-04-14 15:25:59.254913+00:00,hu,blikk.hu,blikk.hu,2026-04-14,Hogyan tovább? Távozik Tóth Alexék csodaedzője,https://www.blikk.hu/sport/kulfoldi-foci/toth-alex-edzo-bournemouth-tavozas/vtrhykd
04425ef279eaa3e02bd923329127cffa683a078d81444e74a17cf305ae03bdfb,2026-04-14 15:25:50.490295+00:00,hu,blikk.hu,blikk.hu,2026-04-14,"Árokba csúszott az M1 autópályán, senki nem segített, pedig kellett volna",https://www.blikk.hu/auto/m1-autopalya-baleset-arok-segitseg-kozlekedes/p6yvqw6
5c898d2ba58543de25cf95be23c4abe6dc867232b4374939503010e59b58962f,2026-04-14 15:25:37.300565+00:00,hu,blikk.hu,blikk.hu,2026-04-14,Babakocsitolvajt keres a rendőrség,https://www.blikk.hu/aktualis/belfold/babakocsi-rendorseg-kereses-beazonositas/1nx4s6n
89fab2a9dc5ec62677ca42fd433065eabb79094bd0c6fcf1d8e5fe9426e649f9,2026-04-14 15:25:03.271831+00:00,hu,blikk.hu,blikk.hu,2026-04-14,Őszinte vallomás: ebből él kevéske nyugdíjuk mellett Pap Rita és Bodnár Attila,https://www.blikk.hu/sztarvilag/hazai-sztarok/pap-rita-bodnar-attila-nyugdij/lyzb7wm
039c3e69b05cb438792aa8f16b1abfc820197c72206435f796af34d1dfe7570c,2026-04-14 15:24:58.312676+00:00,hu,blikk.hu,blikk.hu,2026-04-14,"Elmondta Gyulay Zsolt, miért távozik az elnökségből",https://www.blikk.hu/sport/gyulay-zsolt-lemondott-megszolalt/rvyvgpf
a9867407c93a63691bfb27e4ead2233c6f56d1fc2109e83a90bf9c8f3ac3b89f,2026-04-14 15:24:48.819175+00:00,hu,blikk.hu,blikk.hu,2026-04-14,Erre lehet számítani az államilag támogatott lakáshiteleknél,https://www.blikk.hu/gazdasag/penz/kamattamogatas-hitelek-kormanyvaltas-ingatlan-vasarlas/pymrfmj
389fafd768aaf917d2f7b94768af06299314565f0c22a100f3ec643ac538faa8,2026-04-14 14:47:03.079473+00:00,hu,index.hu,index.hu,2026-04-14,"Mbappé ott lesz a Bayern elleni visszavágón, Isten ajándékának tartja, hogy a csapatért játszhat",https://index.hu/sport/futball/2026/04/14/bajnokok-ligaja-negyeddonto-visszavago-bayern-munchen-real-madrid-kylian-mbappe-nyilatkozat/
79f33a728261b2a8f76e3a73fc2398e2fa81b39a83ac8dc1e131e0a88862ca17,2026-04-14 14:46:57.325749+00:00,hu,index.hu,index.hu,2026-04-14,Hormuz árnyékában egy magyar forradalom,https://index.hu/velemeny/2026/04/14/valasztas-fidesz-orban-viktor-tisza-part-usa-donald-trump-hormuz-forradalom-magyarorszag-europa/
b0afb2a9931940a266abc020bbc9fabe874b25cb48056cc52fb2d7a85e76792c,2026-04-14 14:46:52.756975+00:00,hu,index.hu,index.hu,2026-04-14,A klubikon méltatlan BL-búcsújától még a kiesésnél is jobban félnek Liverpoolban,https://index.hu/bajnokokligaja/2026/04/14/mohamed-szalah-utolso-bl-meccs-az-anfielden-lehetosege-bucsu-hangulat-helyszin/
07d4e64e134c0c09d0b562f71fa573b54280e91e2004b408ecb56f21674b3dd4,2026-04-14 14:46:47.494463+00:00,hu,index.hu,index.hu,2026-04-14,Wáberer György élete egyik legjobb napjaként élte meg a választást,https://index.hu/belfold/2026/04/14/waberer-gyorgy-tisza-part-fidesz-valasztas-2026-orban-viktor/
41f22e4bbf0d04e220affbea2fcdf631c812bff2f48ac5122714de401e767a01,2026-04-14 14:46:43.126530+00:00,hu,index.hu,index.hu,2026-04-14,Fontos kijelentéseket tett az Európai Bizottság a Magyarországnak járó uniós forrásokról,https://index.hu/kulfold/2026/04/14/europai-unio-europai-bizottsag-ursula-von-der-leyen-magyar-peter-magyarorszag-unios-forrasok-helyreallitasi-alap/
03abe4789b6e5fd72a3478ab25a90061cb6a71db926acd5779fc887947c45f16,2026-04-14 14:46:37.939927+00:00,hu,index.hu,index.hu,2026-04-14,Ördög Nóra választás utáni posztja nagy visszhangot váltott ki,https://index.hu/mindekozben/poszt/2026/04/14/ordog-nora-valasztas-utani-posztja-nagy-visszhangot-valtott-ki/
d14a970c33c32d87828a281f3bf6436491535f9dae0ff5abddac4e4d86d277c0,2026-04-14 14:46:33.218667+00:00,hu,index.hu,index.hu,2026-04-14,Bor- és feldolgozóüzem zár be Balatonbogláron,https://index.hu/belfold/2026/04/14/balatonboglar-bb-bor-borgazdasag-feldolgozouzem-telephely-junius-nyar-bezaras-koltozes/
41cfaf88df2520ead84eb1ef23655fbb25bd38401086abf89aca8cd3445691ef,2026-04-14 14:46:27.482073+00:00,hu,index.hu,index.hu,2026-04-14,"Demeter Szilárd: A népakarat le tudja váltani a kormányt, de nem tudja leváltani a valóságot",https://index.hu/kultur/2026/04/14/demeter-szilard-valasztas-2026-tisza-part-orban-viktor-demokracia-kormanyvaltas/
d90d8439a1461a40f5fb1c0beca5c478021dffd1e7f4b8e27fbe8b12e2e29d26,2026-04-14 14:46:24.105564+00:00,hu,index.hu,index.hu,2026-04-14,Támogatóitól kér pénzt a Magyar Kétfarkú Kutya Párt,https://index.hu/belfold/2026/valasztas/2026/04/14/magyar-ketfarku-kutya-part-tamogatas-nagy-david-valasztas-2026-mkkp/
161f29a44acb40d91ad0c56664214ffbbbc024e1e9410d6db4137f67c8d87526,2026-04-14 14:46:17.340820+00:00,hu,index.hu,index.hu,2026-04-14,"Ő a nagy sziklasziget a tenger közepén, aki szinte mindent tud, élő klasszikus",https://index.hu/kultur/2026/04/14/thomas-pynchon-ellenfenyben-greskovits-endre-mufordito-interju-irodalom/
64d3e48c2844bfbc15b0d25cde6e2e512b83b83acc2d1a674db1d12b6bbc244a,2026-04-14 14:46:12.944503+00:00,hu,index.hu,index.hu,2026-04-14,Bencsik Gábor szerint Bayer Zsolt miatt bukta el a Fidesz a választást,https://index.hu/belfold/2026/valasztas/2026/04/14/valasztas-2026-bencsik-gabor-bayer-zsolt-fidesz/
577688ec61c716d1d026c1b4f9f172123ab3396c86e5eecd792508940ec749ab,2026-04-14 14:46:03.123002+00:00,hu,index.hu,index.hu,2026-04-14,Elütött egy férfit a vonat Monorierdőnél,https://index.hu/belfold/2026/04/14/monorierdo-mav-vonatbaleset-gazolas-kozlekedes-mavinform-valtozas/
06bcb07719e28ad743ab073ede1f57f7d35b89138f7aa1ca795d931cc39368f2,2026-04-14 14:45:57.484338+00:00,hu,index.hu,index.hu,2026-04-14,Átadták a Szegedi Tudományegyetem új nőgyógyászati ambulanciáját,https://index.hu/belfold/2026/04/14/szte-nogyogyaszati-ambulancia-atadas-szeged-magzat/
fc90095b5c06fa9ea65388b843137da85de780230e9f1aed92cfd58a8129c0d5,2026-04-14 14:45:53.142966+00:00,hu,index.hu,index.hu,2026-04-14,"Lemondott Gyulay Zsolt, határozatképtelenné vált a Szujó Zoltán vezette szövetség",https://index.hu/sport/2026/04/14/magyar-nemzeti-autosport-szovetseg-gyulay-zsolt-elnoksegi-tag-lemondas-szujo-zoltan-elnok/
147ab9b2d2e2ea338bcfa2bf6285fbcfbfc566d55e2b907130fec2d43b461929,2026-04-14 14:45:47.587063+00:00,hu,index.hu,index.hu,2026-04-14,Von der Leyen ismét beszélt Magyar Péterrel: „Megbeszéltük a legsürgetőbb feladatokat”,https://index.hu/kulfold/2026/04/14/ursula-von-der-leyen-valasztas-magyar-peter-feladat-eu-magyarorszag-tisza-part/
c3ee015aeba6a38724ce418301454fa851bc9f448e98fafbf71a94ac14f87b03,2026-04-14 14:45:43.302403+00:00,hu,index.hu,index.hu,2026-04-14,Valami váratlan történik a Fidesz-közeli tőzsdei cégeknél a választás után,https://index.hu/gazdasag/2026/04/14/forint-reszveny-tozsde-bux-fidesz-ner-tisza-part-valasztas/
39ae4e3529c166c7fc832bdec68660cfe0520208ec0bcbdc7028ad35ba46a5c2,2026-04-14 14:45:37.412531+00:00,hu,index.hu,index.hu,2026-04-14,Ők tűnnek fel elsőként Friderikusz Sándor legújabb műsorában az RTL-en,https://index.hu/fomo/2026/04/14/friderikusz-talkshow-szereplok-naray-tamas-szabo-norton-borbely-alexandra-dinok-melinda-hajos-andras/
017a9bd727136c3ed83a583b6e4cd8bf48db6d576dbbc033a2ba3470ec92f8b9,2026-04-14 14:45:34.175559+00:00,hu,index.hu,index.hu,2026-04-14,"Minden eddiginél brutálisabb viadal jön, itt az új Az éhezők viadala-előzetes",https://index.hu/mindekozben/poszt/2026/04/14/az-ehezok-viadala-uj-elozmenyfilm-nagy-elozetese/
5f4a5dff5bc6a5cff9f52ac2990b3e1aa93f6edf0347531513aabbd64242d225,2026-04-14 14:45:27.445999+00:00,hu,index.hu,index.hu,2026-04-14,MSZP: azbeszttel szennyezett kőzúzalék kerülhetett forgalomba Magyarországon,https://index.hu/belfold/2026/04/14/magyar-szocialista-part-azbeszt-kozuzalek-szennyezes-vas-varmegye-ausztria-banya-kormanyhivatal/
65cd57a4b2d3e31e87503afd32a9a82b06766227a2e25f5268fe0e0086e1cc1e,2026-04-14 14:45:01.999263+00:00,hu,index.hu,index.hu,2026-04-14,"Vagyonosodási vizsgálatok és szabályozások, így lehet fellépni a gyanús meggazdagodások ellen",https://index.hu/belfold/2026/04/14/magyar-peter-valasztas-2026-egyenes-beszed-barandy-peter-zamecsnik-peter-vagyonnyilatkozat/
7af9c92d6a7b189bad2289d67ffc709a4da859aa8b2949fa2f2c2ce41ea6f7da,2026-04-14 14:44:56.631442+00:00,hu,index.hu,index.hu,2026-04-14,"A Kreml üdvözli, hogy Magyar Péter „pragmatikus párbeszédre” kész Oroszországgal",https://index.hu/kulfold/2026/04/14/kreml-oroszorszag-magyar-peter-tisza-part-dmitrij-peszkov/
ef36fb9dbff8a33e1eaebbb1fd07abcfdf8a8e9e4b88db677e66e0d0954072a9,2026-04-14 14:44:51.964277+00:00,hu,index.hu,index.hu,2026-04-14,"A nagymamája a pincébe akart bújni, az anyja meg attól félt, hogy rájuk omlik a ház",https://index.hu/kultur/2026/04/14/terek-anna-jeg-konyvbemutato-jelenkor-kiado-margo-irodalmi-fesztival-kultbudapest-magyar-irodalom/
66bde2f23301e9b67d21594e2b434125b7496a969c9f2188d583b75dd778bcd9,2026-04-14 14:44:46.722348+00:00,hu,index.hu,index.hu,2026-04-14,"Megjött az első elemzés a választásokról, a Tisza Párt tarolt a nagyobb településeken",https://index.hu/belfold/2026/valasztas/2026/04/14/republikon-intezet-valasztas-2026-reszvetel-szerkezet-fidesz-tisza-part/
860d4c16a5f3a945d17b52a80b0b4effa9683588cf5697a978ca96bf29ae535b,2026-04-14 14:36:26.472236+00:00,hu,blikk.hu,blikk.hu,2026-04-14,Iskolai lövöldözés tört ki Törökországban,https://www.blikk.hu/aktualis/belfold/lovoldozes-torokorszag-iskola-fegyver-ongyilkossag/5wcmg6h
4eee4206034549b284467c11e03cb3916e50e61ed4d161bc606c387efea1aaa8,2026-04-14 14:36:21.976523+00:00,hu,blikk.hu,blikk.hu,2026-04-14,JD Vance szerint zökkenőmentes lehet az együttműködés Magyar Péterrel,https://www.blikk.hu/politika/jd-vance-magyar-peter-egyesult-allamok/06gh619
a1cde103715b362992caab1823b210d73d8a4ea5d150ad4d1e4f297366f1c8df,2026-04-14 14:36:16.896286+00:00,hu,blikk.hu,blikk.hu,2026-04-14,Mindent tagad a nemi erőszakkal vádolt futballsztár,https://www.blikk.hu/sport/kulfoldi-foci/thomas-partey-nemi-eroszak/p2v3pnv
ba772d355a1e8583cb08fd1397880830fc34ceb51d3ec6a143cf885f7bbfe014,2026-04-14 14:35:37.412525+00:00,hu,blikk.hu,blikk.hu,2026-04-14,Egyre nagyobb a feszültség a Bajnokoknál: Adél ismét felhozta az előző heti konfliktust,https://www.blikk.hu/sztarvilag/hazai-sztarok/bajnokok-feszultseg-exatlon/0d64vrr
26f7d58072e9a6d54b4aa0c92f8845b0239c1c81896c234d9e7a8eca618fa40a,2026-04-14 14:35:32.352787+00:00,hu,blikk.hu,blikk.hu,2026-04-14,Gázolt a vonat Monorierdőnél: hosszabb menetidőre lehet számítani,https://www.blikk.hu/aktualis/belfold/baleset-cegled-kesesek/5w3g45l
5c9ada93be66040c521e16a6b7a8f87209062806ee5cc5963424ee829046d0cc,2026-04-14 14:35:09.143478+00:00,hu,blikk.hu,blikk.hu,2026-04-14,Zelenszkij friss bejelentése: ekkor lesz ismét üzemképes a Barátság kőolajvezeték,https://www.blikk.hu/gazdasag/penz/baratsag-koolajvezetek-ujrainditasa-zelenszkij/2sle8st
d4913b69a4c2f2f15f17936733814f5ae99dc96492c2923a2ee4256277f74af7,2026-04-14 14:34:37.637292+00:00,hu,blikk.hu,blikk.hu,2026-04-14,Súlyos anyagi gondok miatt kér segítséget az MKKP – hamarosan elaltatják a Magyar Kétfarkú Kutya Pártot?,https://www.blikk.hu/politika/magyar-politika/magyar-ketfarku-kutya-part-mkkp-valasztasi-kuszob/n4r8tgt
5b01c06cffe4daa1e3803ea49d498e411403e81cf8b58506e7aece63a80c4983,2026-04-14 14:34:31.270992+00:00,hu,blikk.hu,blikk.hu,2026-04-14,Itt a vallomás: Robbie Keane ekkor hagyná el azonnal a Ferencvárost,https://www.blikk.hu/sport/magyar-foci/robbie-keane-ferencvaros-tavozas/m4ftbey
80e1fa9fcc69169de59f2edd7edba4cc8d8645e7419af6257cc9fef820e8129c,2026-04-14 14:24:48.609656+00:00,hu,index.hu,index.hu,2026-04-14,"A választás után kitálalt Ferencz Orsolya, most az Indexnek beszélt a vereség felelőseiről",https://index.hu/belfold/2026/04/14/ferencz-orsolya-fidesz-valasztas2026-jobboldal-felelosseg-tisza-part-orszaggyulesi-valasztasok/?utm_source=hirstart&utm_medium=referral&utm_campaign=ct
e64fa264dc24b7e7722fee7f404541c016326218749d5040c5478c9ccc71cdf5,2026-04-14 13:45:15.760318+00:00,hu,blikk.hu,blikk.hu,2026-04-14,Ítélet született: húsz év fegyházbüntetést kapott a férfi,https://www.blikk.hu/aktualis/belfold/ablakon-kilukte-itelet-ferfi-baratno-fegyhaz/558njqy
8d5a696ca5c98e0648da61f3ca51a93fbf407ed647988d1e73adfab27fdf2dd1,2026-04-14 13:45:10.930099+00:00,hu,blikk.hu,blikk.hu,2026-04-14,Feltárult Szécsi Pál titkos notesze: egy könyvespolcon találták meg,https://www.blikk.hu/sztarvilag/hazai-sztarok/szecsi-pal-notesz-titkos/rcr956w
0f918e289534c1081723b372c64e985b1bf44f8f856449a7994939a95f04a300,2026-04-14 13:44:57.559972+00:00,hu,blikk.hu,blikk.hu,2026-04-14,Tízmilliárdos kérdés: ki közvetíti az NB I-et ősztől? A magyar focit alapjaiban változtathatja meg a döntés,https://www.blikk.hu/sport/magyar-foci/labdarugas-nb-i-tevekozvetites-jogdij/0v0cpwr
a4f1c7ecc80095533f162d0b0d9d1eb4ff0f6c5a77c5b4e0695d9d1638622ed7,2026-04-14 13:44:46.873314+00:00,hu,blikk.hu,blikk.hu,2026-04-14,Borbás Marcsi 20 macskáról gondoskodik a birtokán: ilyen luxuskörülmények között tartja őket – videó,https://www.blikk.hu/sztarvilag/hazai-sztarok/borbas-marcsi-macskak-luxus-korulmenyek/v6vd52h
e47308270102e6376e4c24d2bba6d291e19ac4184a1637b36926de33682d7ec5,2026-04-14 13:44:42.614304+00:00,hu,blikk.hu,blikk.hu,2026-04-14,A börtönből nemrég szabadult Boris Becker még mindig bajban: el kellett árvereznie karrierje egyik szent ereklyéjét,https://www.blikk.hu/sport/boris-becker-us-open-trofea-arveres/3kbk8pp
b06ccfcda59fda869bce7c8b4ae729c0efc0fa5a8b1feb80c02a3c37380a722d,2026-04-14 13:44:36.906874+00:00,hu,blikk.hu,blikk.hu,2026-04-14,Megújult a Google Wallet – így lesznek átláthatóbbak a mobiltárcák,https://www.blikk.hu/ferfiaknak/tech/tech-google-wallet-ujitas-frissites-kartyak-berletek/dv8pz30
9fb0b6cd7ab70acc3b9be3731f95fdfcb3d31698611780e1c8e6bea96400ed77,2026-04-14 13:44:29.784072+00:00,hu,blikk.hu,blikk.hu,2026-04-14,"Már precízen mérik Magyar Péter ígéretét, mióta nincs Magyarország a fronton",https://www.blikk.hu/aktualis/belfold/nem-vagyunk-a-fronton-orban-viktor-haboru-ukrajna/mlfj380
7c050fe2f555e896759b2a385519ec0e31d0e015e57b3f5f8a6d229b26fc2e8a,2026-04-14 13:44:06.394770+00:00,hu,blikk.hu,blikk.hu,2026-04-14,"Áprilisban négy csillagjegy számára végre eljön a várt fordulat, de vajon kik ők és mi változik meg az életükben most igazán",https://www.blikk.hu/eletmod/lelek/asztrologia-2026-aprilis/nnx1q66
f930fe1c815a09b83e5cb38c2ca28aa1f2b247dc2b0db30d835d0f49a31c4d06,2026-04-14 13:30:08.663797+00:00,hu,index.hu,index.hu,2026-04-14,Az Apple is száműzi a narancsot,https://index.hu/tech/cellanaplo/2026/04/14/apple-iphone-18-pro-dizajn-biborvoros-szin/?utm_source=hirstart&utm_medium=referral&utm_campaign=ct
c1690b40be5c31110b02dc472eac9f4105dde8434dafa15600f4c69829cb057a,2026-04-14 13:24:11.767946+00:00,hu,blikk.hu,blikk.hu,2026-04-14,"Kiderült, kik szerepelnek Friderikusz Sándor vadiúj műsorának első részében: itt a meglepő névsor – videó",https://www.blikk.hu/sztarvilag/hazai-sztarok/friderikusz-sandor-talkshow-vendegek/jv17gle
a7b67f9861c1cbc5eadbb7673574b9ee34000c725923e8f309686f4b50671738,2026-04-14 13:22:54.968966+00:00,hu,blikk.hu,blikk.hu,2026-04-14,"Csigák a kertben: csak egy hozzávalóra van szükséged a konyhából, és reggelre nyomuk sem lesz",https://www.blikk.hu/eletmod/tippek/csiga-kert/1jlgy4k
54ff91e4727c5352653ae286da604100595f7e0be5dc580e26d61bfdb8bd9462,2026-04-14 13:22:22.416150+00:00,hu,blikk.hu,blikk.hu,2026-04-14,Megvan a 2026-os névsor: Phil Collins és az Iron Maiden is bekerül a Rock & Roll Hall of Fame-be,https://www.blikk.hu/sztarvilag/zene/iron-maiden-zenekar-phil-collons-oasis-los-angeles-hiressegek-csarnoka/8ps35w3
19739360a1fff6dd48e7623fc3b7b623c9387d1a2a5d8ffb96123bae317b1c1a,2026-04-14 12:42:23.175461+00:00,hu,blikk.hu,blikk.hu,2026-04-14,Súlyos depressziójáról vallott az olimpiai bajnok: „Nagyon rossz a helyzet”,https://www.blikk.hu/sport/frida-karlsson-teli-olimpia-depresszio/em3j3g2
69e81b32f9a70746ba28f01a2751485ba17d523414d43a3a9f86de571dd9898c,2026-04-14 12:41:49.860994+00:00,hu,blikk.hu,blikk.hu,2026-04-14,Osvárt Andrea megmutatta az egyéves kislányát: Luna rengeteget nőtt – cuki fotó,https://www.blikk.hu/sztarvilag/hazai-sztarok/osvart-andrea-kislanya-luna-egyeves/x2plepc
7549046d8b05293d940e63afc57f6aa83f85f9922d166377915793e899c96251,2026-04-14 12:41:30.127935+00:00,hu,blikk.hu,blikk.hu,2026-04-14,"Az Apollo–13 küldetése rutinfeladatnak indult, de rémálomban fordult és legendává vált",https://www.blikk.hu/ferfiaknak/tech/apollo-13-urhajo-legenda/6hbrhk4
33e2b4036b8b8876bbf02d3fa6080278b5cdec9dbfc77fffcf845985c5eecdbd,2026-04-14 12:40:54.573516+00:00,hu,blikk.hu,blikk.hu,2026-04-14,Szandiék elhagyták az országot a férjével a választások után: több ezer kilométerrel távolabb utaznak,https://www.blikk.hu/sztarvilag/hazai-sztarok/bogdan-csaba-szandi-utazas-los-angeles/k0tzdc2
d2b61919470f5fd1ef3a9af3bbcdef8413e6a165fdc828914fb0840cf126e9a1,2026-04-14 12:40:41.631998+00:00,hu,blikk.hu,blikk.hu,2026-04-14,Ózdon csaptak össze a legerősebb emberek,https://www.blikk.hu/sport/ifjabb-fekete-laszlo-ozd-erose-emberek-versenye-/mydn0wc
e9f3f856560438ad49e42036fb2898fb7e57abfd66f8f86e99abed54b636304d,2026-04-14 12:40:36.354587+00:00,hu,blikk.hu,blikk.hu,2026-04-14,Karácsony Gergely levelet írt a MÁK vezetőjének: kormányváltás idején ne inkasszózzák Budapest számláját,https://www.blikk.hu/politika/magyar-politika/karacsony-gergely-budapest-fizetes-mak/pqd7bz6
442577c111d411de98f724faf3cea30c83e5e1e8e713d2d5a2507e16d7a64de7,2026-04-14 12:40:31.680321+00:00,hu,blikk.hu,blikk.hu,2026-04-14,„Vada brigád” – Így látja Dopeman a választás utáni közhangulatot,https://www.blikk.hu/sztarvilag/hazai-sztarok/dopeman-valasztas2026-kampay-fidesz-zaklatas-tisza-part/wgkejp3
31830a5d6aa9239a60a1a7563b1b0d7e16ff728e41a5ff6590b438d86cc36616,2026-04-14 12:40:26.260931+00:00,hu,blikk.hu,blikk.hu,2026-04-14,Lemondott Gyulay Zsolt,https://www.blikk.hu/sport/gyulay-zsolt-lemondas-mnasz/3r68s68
6c78e4f57a421185ed0a726bcdc2153504aa5ef20e3727020ec7a6233c4c6b0c,2026-04-14 12:40:21.736107+00:00,hu,blikk.hu,blikk.hu,2026-04-14,"Hajós András: Majkával megengedhetjük magunknak, hogy lehülyeállatozzuk egymást",https://www.blikk.hu/sztarvilag/hazai-sztarok/hajos-andras-majka-heti-hetes-rtl/n5hbgrf
83e57f91faeba214dd2ba9ec90298c690b074374e5748a277d8e9c58b4fe29c9,2026-04-14 12:39:32.533576+00:00,hu,blikk.hu,blikk.hu,2026-04-14,Török Gábor politológus szerint a Fidesz vereségét a saját választási rendszere okozhatta,https://www.blikk.hu/politika/magyar-politika/torok-gabor-politologus-2026-os-valasztasi-rendszer/mb4qh4m
69b59614f3e5a4f9a47da0ca71fa81d2c770160d43cd3832a94970fbb4e0b473,2026-04-14 12:23:33.945359+00:00,hu,blikk.hu,blikk.hu,2026-04-14,A szakértő szerint meg kell szabadulni a jóléti intézkedésektől,https://www.blikk.hu/gazdasag/penz/rasko-gyorgy-tisza-part-szakerto-vedett-uzemanyagar-arresstop-eltorles/yefv7nj
b4895d7ac50e2f0ee1ca8b33dca4f16e6ed06a847b9df398233d2eddcb616877,2026-04-14 12:23:25.407729+00:00,hu,blikk.hu,blikk.hu,2026-04-14,"Brutális fordulat a kutakon, tovább csökkennek az árak",https://www.blikk.hu/gazdasag/penz/vedett-ar-benzin-ar-gazolaj-ar-csokkenes/sl1zw0p
44da359fbe74a231928ce26ae88a5284fd16d61244a2e7030bd44549c7524776,2026-04-14 12:23:05.138194+00:00,hu,blikk.hu,blikk.hu,2026-04-14,Veszélyes pályán küzdenek a dominikai jutalomért az Exatlon sztárjai – adás előtti exkluzív fotók,https://www.blikk.hu/sztarvilag/hazai-sztarok/exatlon-bajnokok-kihivok-jutalom/gr8d0ln
448422474c3238867c25474a401ea640aa3820fa583524033998695e20ed0c6a,2026-04-14 12:22:46.442611+00:00,hu,blikk.hu,blikk.hu,2026-04-14,"Magyar színészre hajt Risztov Éva? Elárulta, ezzel a sármos férfivel csókolózna: ""Olyan gyengéd, de közben férfias, aki átéli, beleéli magát egy csókba""",https://www.blikk.hu/sztarvilag/hazai-sztarok/risztov-eva-csok-csanyi-sandor/44ejw8w
4bde392e2b92cd793cc028e07214b7c01ccba432d4df6a78007d0ac2026db6c6,2026-04-14 12:22:41.701671+00:00,hu,blikk.hu,blikk.hu,2026-04-14,Fokozódik a bizonytalanság: béke vagy háború felé tart a helyzet a Hormuzi-szoros kapcsán?,https://www.blikk.hu/politika/vilagpolitika/iran-usa-trump-hormuzi-szoros/d0dhw9c
9ea8868b5271939b5ebb88a6a9c3d867651fcb570a9102e14c04d2c1001cd296,2026-04-14 12:22:17.351792+00:00,hu,index.hu,index.hu,2026-04-14,"Mindent félretett a közönségért, megrendítő vallomást tett Lakatos László: Olyankor az embernek nem nagyon van kedve nevetni",https://index.hu/mindekozben/poszt/2026/04/14/lakatos-laszlo-nagy-duett-humorista-nehez-idoszak-az-eleteben/
c62615b6912beaf1e47b5bdf65f3d35139477418cbef622ec5db9b51c3ea424b,2026-04-14 12:22:09.824936+00:00,hu,index.hu,index.hu,2026-04-14,Geszti Péter a Duna mellől üzent a Tiszának,https://index.hu/belfold/2026/04/14/geszti-peter-tisza-part-eredmenyvaro-valasztas-2026-magyar-peter-demokracia/
4fc8e7a3fe7c5145a1a39966a5ce67483f17483e7c1ab92e26a3938ccab00602,2026-04-14 12:22:05.042248+00:00,hu,index.hu,index.hu,2026-04-14,"Ez a józsefvárosi tér úgy provokál, hogy senki nem megy el mellette szótlanul",https://index.hu/kultur/2026/04/14/puccs-contemporary-art-muveszet-kiallitas-kultbudapest-budapest-fotofesztival/
e7ab7e248596e9541996b774c346eaab487ef72deccd87fbea007c081f825dcc,2026-04-14 12:21:57.953117+00:00,hu,index.hu,index.hu,2026-04-14,Hogyan válik a társadalmi hazugság a mindennapok szervezőelvévé,https://index.hu/kultur/2026/04/14/magyar-szinhazak-kisvardai-fesztivalja-versenyprogram-balogh-tibor/
11ec456f68f29e84d104ed6c488f96671968b841724a0201c44d061a29d92702,2026-04-14 12:21:53.047346+00:00,hu,index.hu,index.hu,2026-04-14,100 ezer forintért Magyar Péter-aláírás – a választás plakátjai már a Vinteden keringenek,https://index.hu/belfold/2026/04/14/100-ezer-forint-tisza-part-magyar-peter-alairas-vinted-valasztas-2026/
26867a8878545c23c70e62dece5a9bad20cbd6d2a899e3c86e38150c7c1600c7,2026-04-14 12:21:47.867653+00:00,hu,index.hu,index.hu,2026-04-14,Hiányzik a radnaimark.hu? Itt a nemvagyunkfronton.hu,https://index.hu/belfold/2026/04/14/radnaimark.hu-nem-vagyunk-a-fronton-orban-viktor-haboru-brusszel-ukrajna/
dc9e50e863171c8d6b78fbdae8fdd4b4ed8535cd521e6b0efdfdcf42e38bfb80,2026-04-14 12:21:43.105366+00:00,hu,index.hu,index.hu,2026-04-14,"Legutóbbi négy hazai meccsén nyeretlen a Bayern a Real ellen, Musiala történelmet írhat szerdán",https://index.hu/bajnokokligaja/2026/04/14/bajnokok-ligaja-negyeddonto-visszavago-szerda-bayern-munchen-real-madrid-arsenal-sporting-cp/
f9ae0bbedaced8c2737164459cbf3282a9d2c62bc81299481af3f2ffa3bc5b39,2026-04-14 12:21:38.059199+00:00,hu,index.hu,index.hu,2026-04-14,Eltávolítják pozíciójából a b*zizó jegyzőnőt,https://index.hu/belfold/2026/04/14/juhasz-andrea-piliscsaba-jegyzo-valasztas-2026-fidesz-eredmenyvaro-magyar-peter-tisza-part/
c762e6d1bd9ae5713f2f4611d4dd4956a5883ba9c396f07145f299b7c2de33ae,2026-04-14 12:21:32.852833+00:00,hu,index.hu,index.hu,2026-04-14,"Megszűnik a Temu úgy, ahogy eddig ismertük",https://index.hu/techtud/2026/04/14/temu-webaruhaz-hamisitvanyok-utanzatok-kinalat-megszunes-iacc-csatlakozas/
42e10ebde852c5cb71a174cf7e7784bf0a5d12b0b6b04e4d04efc93f485ffb69,2026-04-14 12:21:27.507012+00:00,hu,index.hu,index.hu,2026-04-14,Joachim Löw helyett portugál szakembert neveztek ki a vb-re készülő ghánai válogatott élére,https://index.hu/sport/futball/2026/vb/2026/04/14/ghanai-valogatott-uj-szovetsegi-kapitany-carlos-queiroz/
e1ade08933ac1420ee6a60183b69091cb91efb294d66a543810730a0818f53f8,2026-04-14 12:21:23.441453+00:00,hu,index.hu,index.hu,2026-04-14,"Rob Schneider izompólóban villantotta meg a bicepszét, alaposan kigyúrta magát",https://index.hu/mindekozben/poszt/2026/04/14/rob-schneider-alaposan-kigyurta-magat-tancolva-posztolt/
f69f97bd4a9ec3f47d468782f2592f89b375b4e4d2e4cf0bab334fa606a17aa2,2026-04-14 12:21:15.855275+00:00,hu,index.hu,index.hu,2026-04-14,Deák Dániel: Hülyeség volt Magyar Péter péniszével foglalkozni,https://index.hu/belfold/2026/04/14/partizan-interju-deak-daniel-fidesz-valasztas-2026/
9c847dcad756a7f6ade31023264427f0d92c4c25ea88f037407723a7fc6eb049,2026-04-14 12:20:51.971041+00:00,hu,index.hu,index.hu,2026-04-14,"Megható jelenet a választás után, videón, ahogy egy idős asszony csatlakozik az ünneplő tömeghez",https://index.hu/mindekozben/poszt/2026/04/14/idos-asszony-az-unneplo-tomeghez-csatlakozott-tisza-gyozelem-valasztasok/
22711d49653ecc70a0ac967f61ed6145c96da164628d4218f741c0ef37b75161,2026-04-14 12:20:35.896642+00:00,hu,index.hu,index.hu,2026-04-14,"Karácsony Gergely bejelentette, hogy a kormányváltásig nem fizetnek be az államkasszába",https://index.hu/belfold/2026/04/14/szolidaritasi-hozzajarulas-karacsony-gergely-budapest-fovaros-szolnok-gyorfi-mihaly-allamkincstar/
08e526f8f9635060df7557fead87743c8b282e58698d4ead054e966ab8741970,2026-04-14 12:20:28.911145+00:00,hu,index.hu,index.hu,2026-04-14,Ezt üzente a 2025-ös Magyar Péter a 2026-os Magyar Péternek,https://index.hu/belfold/2026/04/14/nagy-adam-fokuszcsoport-magyar-peter-tisza-part-interju-uzenet/
95561a515a610061d9f8261ea33d2b33b198c98b457af36b7e56faf7236b0f9b,2026-04-14 12:19:59.753361+00:00,hu,index.hu,index.hu,2026-04-14,"Drasztikusan csökkent a magyar gáz- és olajkészlet, vészesen fogy a biztonsági tartalék",https://index.hu/gazdasag/2026/04/14/magyar-szenhidrogen-keszletezo-szovetseg-olajkeszletek-csokkenes-baratsag-koolajvezetek/
9681c3b461f5e50ddc63fe416edfd8f3cc806603c285272a710e3a9f857c688d,2026-04-14 11:41:25.070978+00:00,hu,blikk.hu,blikk.hu,2026-04-14,Riasztó helyzet: rekordalacsony szinten a hazai üzemanyagkészletek,https://www.blikk.hu/gazdasag/penz/magyarorszag-uzemanyag-benzin-gazolaj-tartalek/mcgv858
9a96f7cfd42f67d8b625edc1ff750ad13e0feb08aafe8c95b68a42f77ec6f055,2026-04-14 11:41:08.884924+00:00,hu,blikk.hu,blikk.hu,2026-04-14,"Diószegi László megszólalt, ezt gondolja a választásról: „Köszönöm Magyarország”",https://www.blikk.hu/sport/kulfoldi-foci/dioszegi-laszlo-sepsi-elnok-valasztas/g0qphmg
2518ed7c675ec14804407f514ebc231bd87ec9574a56044c27c0fd3ee92ee2a7,2026-04-14 11:41:04.365192+00:00,hu,blikk.hu,blikk.hu,2026-04-14,"Magyar Péter 480 forintos üzemanyagárat követelt, de mit tesz majd kormányfőként",https://www.blikk.hu/gazdasag/vasarlas/uzemanyag-ellatas-tisza/k0h88bc
1cc7f8c4cd1a606418c35373407c7101e7a4cb808f9f36fd0b183177875f881e,2026-04-14 11:40:59.219828+00:00,hu,blikk.hu,blikk.hu,2026-04-14,Több száz gyerek lett rosszul egy orosz iskolában,https://www.blikk.hu/aktualis/kulfold/orosz-iskola-mergezes-vizsgalat-rosszullet-gyerkek/r4j367e
dab8c694f922998486b04b33f778292b36ebc862deff663020e7be50f7ddf1f5,2026-04-14 11:40:54.217276+00:00,hu,blikk.hu,blikk.hu,2026-04-14,Micsoda születésnap: a párjával Balin ünnepelt Bódi Sylvi,https://www.blikk.hu/sztarvilag/hazai-sztarok/bodi-sylvi-bali-szuletesnap/hdwn4ek
083eed30368dbc0bb649ddeb9371197be1ceceb78c9c1ae90e723daae40237e6,2026-04-14 11:40:14.129604+00:00,hu,blikk.hu,blikk.hu,2026-04-14,Ezt hiányolja a Real Madrid sztárjaiból Lothar Matthäus,https://www.blikk.hu/sport/kulfoldi-foci/bayern-munchen-real-madrid-lothar-matthaus/mxywqnw
e0608852b533b21fb52b8d08b11e799c3720bf2e8b0e65928824987f961d3d3d,2026-04-14 11:39:51.508175+00:00,hu,blikk.hu,blikk.hu,2026-04-14,Mikor érdemes routert cserélni? Megválaszoljuk a kérdést,https://www.blikk.hu/ferfiaknak/tech/erosebb-router-wi-fi-problemak/f20zjd0
f3cd10bff97ff4f59a35787c28cb0aabf0bd1277bedb42854248c4260b53597d,2026-04-14 11:24:55.247093+00:00,hu,blikk.hu,blikk.hu,2026-04-14,35 milliárd eurós alku: megnevezte feltételeit az Európai Bizottság,https://www.blikk.hu/gazdasag/penz/europai-bizottsag-europai-bizottsag-magyar-peter-brusszel/9wvjkgy
fddd1414f42131c290b09055c40d3d20ec9bf6a97a35ea307166727a92807251,2026-04-14 11:24:40.050761+00:00,hu,blikk.hu,blikk.hu,2026-04-14,„A természet csodát tesz” – szakemberek is megszólaltak Meghanék látogatásáról,https://www.blikk.hu/harry-herceg-meghan-markle-ausztralia/94gzfry
2608b0d850b8a9f849154a1569a5811561d58bd150ea2e99523acfed06f0ef67,2026-04-14 11:24:28.109376+00:00,hu,blikk.hu,blikk.hu,2026-04-14,A városrendészet jár el a negyedikről lezuhant kutya ügyében,https://www.blikk.hu/aktualis/belfold/negyedik-emeletrol-leeso-kutya/xjqxlvs
7f8836a405108e210207112d15d63d4d39810f1eba226266508fbe6a81a199da,2026-04-14 11:23:32.536207+00:00,hu,blikk.hu,blikk.hu,2026-04-14,Mit jelentenek a telefonja kijelzőjén megjelenő ikonok? – részletes útmutató,https://www.blikk.hu/ferfiaknak/tech/okostelefon-allapotjelzo-sav-ikonok/b081e1p
ed3f68961e7330d7c7639a11b913330bd6fd3cf240eebd102720c9061ff83997,2026-04-14 11:23:20.602718+00:00,hu,blikk.hu,blikk.hu,2026-04-14,Szintet lép a Temu: 1500 világmárkával fognak össze a másolatok ellen,https://www.blikk.hu/gazdasag/vasarlas/temu-cwebaruhaz-hamisitvany-kinai-ellenorzes/7gr77wd
522092cc69b8f860446ac4fda68e012419c32674d54a25ae2c024c8fc3e881d6,2026-04-14 11:22:57.515993+00:00,hu,blikk.hu,blikk.hu,2026-04-14,"Magyar Péter elfogadta a közmédia meghívását, szerdán már látható lesz a tévében",https://www.blikk.hu/politika/magyar-politika/magyar-peter/vnlvkkl
d15c76931354567f8210165c976863bc3ad8ee2034c8878ea076f5d9005f3d6e,2026-04-14 11:22:35.847512+00:00,hu,blikk.hu,blikk.hu,2026-04-14,"Fejlemény a Nagy Ő sztárja, Lovas Annabella rejtélyes halálának ügyében: új nyomokat találtak",https://www.blikk.hu/sztarvilag/hazai-sztarok/lovas-annabella-meghalt-rendorsegi-nyomozas-hatizsak-ujabb-reszletek/66cl9bf
0669d795889e62ac24db188aabf800bd95df9fe12cf6d07d6c3cd55028be475c,2026-04-14 10:45:54.145554+00:00,hu,origo.hu,origo.hu,2026-04-14,Dráma az M1-esen: senki nem segített a balesetet szenvedett autósnak – videó,https://www.origo.hu/auto/2026/04/baleset-m1-senki-nem-allt-meg
a490238369d72d9c955bf189a5ea4fe8811c6539c56376aec500c5c41c9d9681,2026-04-14 10:39:42.407253+00:00,hu,blikk.hu,blikk.hu,2026-04-14,Bejelentette lemondását a Kétfarkú Kutya Párt pártigazgatója,https://www.blikk.hu/politika/magyar-politika/lemondas-mkkp-nagy-david/x6p942d
98ee1accdbda14d86d20cf7a62bc251b781673886bf6f457ae93b899f8e7800f,2026-04-14 10:39:31.376280+00:00,hu,blikk.hu,blikk.hu,2026-04-14,A Bayern München legendája saját fia meccsén balhézott – videó,https://www.blikk.hu/sport/kulfoldi-foci/arjen-robben-bayern-munchen-balhe/tjppw66
d53aa236d099f6558b5235a7cb7a7d71af169d4655ef695c71231588aa779038,2026-04-14 10:39:06.119616+00:00,hu,blikk.hu,blikk.hu,2026-04-14,Jó ügy érdekében állt nagy kritikusa mellé Szoboszlai,https://www.blikk.hu/sport/kulfoldi-foci/szoboszlai-dominik-jamie-carragher-jotekonysag/q8x04ml
d4d6c56e4c90fcbeb0e52df7fca055f3b4a279b7314482eb14a44f2be60f408b,2026-04-14 10:38:20.486062+00:00,hu,blikk.hu,blikk.hu,2026-04-14,"Egész nap a telefonunkat nyomkodjuk, de melyik mozdulat terheli meg legjobban? Itt a rangsor",https://www.blikk.hu/ferfiaknak/tech/okostelefon-hasznalat-terheles-faraszto/5ss6xqq
68fe2b90523db22f406318e2de3b0cf444989312dc09866178f0b68d4c8bdf9c,2026-04-14 10:35:13.658039+00:00,hu,origo.hu,origo.hu,2026-04-14,Kovács István súlyos döntéséről egyértelmű ítéletet mondtak a románok,https://www.origo.hu/sport/sport-futball/2026/04/kovacs-istvan-jatekvezeto-piros-lap-roman-sajto-itelet
94f9a0dad8b213229426850435f8b8c0cd1a1bfcfad28ecf03f5c7f10838cdd6,2026-04-14 10:35:08.645749+00:00,hu,origo.hu,origo.hu,2026-04-14,Robbie Keane megdöbbentő vallomása a frászt hozta a Fradi-szurkolókra,https://www.origo.hu/sport/sport-futball/2026/04/robbie-keane-ftc-csalad-fradi-szurkolok-frasz-interju
951c6b1ed135f64d4d2586a1ec18fde64a93570719c1839af0698745f2c31d7f,2026-04-14 10:35:03.670302+00:00,hu,origo.hu,origo.hu,2026-04-14,"Figyelem! Két hét múlva fontos változás jön a SZÉP-kártyáknál: mutatjuk, mi nem vásárolható ezentúl",https://www.origo.hu/gazdasag/2026/04/szep-kartyakkal-mutatjuk-mi-nem-vasarolhato
b66c53931a636d644dc94a13bb63eb01cc8d60ecb7459f83c7cc0d09adb26cc6,2026-04-14 10:34:58.670639+00:00,hu,origo.hu,origo.hu,2026-04-14,Pornóbotrány egy német iskolában: politikai vita és minisztériumi vizsgálat,https://www.origo.hu/kulpol/2026/04/botrany-nemet-iskola-porno
2b630541930e3db1d5d43d77aeb40671392f4dd0c8bc0905afeacb1b001d8b50,2026-04-14 10:34:53.682540+00:00,hu,origo.hu,origo.hu,2026-04-14,Rendkívüli közleményt adott ki a Mészáros Csoport,https://www.origo.hu/itthon/2026/04/ameszaros-csoport-hosszu-tavu-stabil-novekedes
75fe9e4bbe0f7c3f59ad2502c4f4e2b2795d8219b34eda730347049373090608,2026-04-14 10:34:48.670683+00:00,hu,origo.hu,origo.hu,2026-04-14,Orosz akció az ukrán vonalak mögött,https://www.origo.hu/kulpol/2026/04/akcio-az-ukran-vonalak-mogott
f1efc14f1bb643cc43a32f5638ddc04b6dae7dd7ae6b83899dfabe3df3b4ff70,2026-04-14 10:34:43.644901+00:00,hu,origo.hu,origo.hu,2026-04-14,Most érkezett! Iskolai lövöldözés rázta meg Törökországot – videó,https://www.origo.hu/nagyvilag/2026/04/iskolai-lovoldozes-torokorszag-16-sebesult
bbf3b96e46dab47b54dea434f127808a91a5d0ae852ee422cd58bec475af2140,2026-04-14 10:34:38.676248+00:00,hu,origo.hu,origo.hu,2026-04-14,"Feltörték a szállásoldalt, csalók vadásznak a használóira",https://www.origo.hu/techbazis/2026/04/szallasoldal-booking-com-hackeles-adatlopas
0b0318ba732f60588246926edcc2e20d56312dfb6f389a3d4ace411c41945a21,2026-04-14 10:34:33.635666+00:00,hu,origo.hu,origo.hu,2026-04-14,Ez az őrült Merci-sofőr lehet a hónap gyorshajtója – ennyivel már fel is szállhatott volna,https://www.origo.hu/auto/2026/04/rendorseg-sofor-gyorshajto-auto
fb94dcb0f6f55b072dfc60e9846be926f92666692d6467ece0f71c6702c2f9d7,2026-04-14 10:34:28.657178+00:00,hu,origo.hu,origo.hu,2026-04-14,Figyelem! Számos hazai termálfürdő zárja be kapuit április közepétől,https://www.origo.hu/gazdasag/2026/04/termalfurdo-zarja-be-kapuit-aprilis-kozepetol
82fe8f21587403b076ee36d08d9d75399fb89e41ebc9d05dbf6ccfce3c312a9b,2026-04-14 10:34:23.732009+00:00,hu,origo.hu,origo.hu,2026-04-14,"Reagált az NMHH, miután Magyar Péter távozásra szólította fel a Médiahatóság elnökét",https://www.origo.hu/belpol/2026/04/magyar-peter-mediahatosag-nmhh-tavozas-koltay-andras
1caceda0ba64dc60324234ca8efbf17c1be1d1e30f61fef4f0c109f367741b34,2026-04-14 10:34:19.294094+00:00,hu,origo.hu,origo.hu,2026-04-14,Milliós jegyek és VIP-fotók – Meghan Markle turnéján sokan kiakadtak,https://www.origo.hu/nagyvilag/2026/04/meghan-markle-turne-ausztralia
5988cd90fe8050521ff6e94152e938c283ea20e67199ac2b7d08e2584afe6eed,2026-04-14 10:34:14.134010+00:00,hu,origo.hu,origo.hu,2026-04-14,"Hatalmas fejlesztés indul, amivel tehermentesítik az egyik legforgalmasabb határátkelőt",https://www.origo.hu/gazdasag/2026/04/hataratkelo-roszke-hercegszanto
610ad7de331ae90f964fc4c62eca2794a91e7d94554d18c466f3775a2bb97e23,2026-04-14 10:34:08.650419+00:00,hu,origo.hu,origo.hu,2026-04-14,Sötétség borul Ukrajnára,https://www.origo.hu/kulpol/2026/04/ukrajna-sotetseg-borul
d49667d32f44a27c7ce83cc56ac992b10b3484db942cac258a417f4667be2733,2026-04-14 10:34:03.665617+00:00,hu,origo.hu,origo.hu,2026-04-14,"Kitömték a rokongyerek iskolatáskáját, de nem tanszerek voltak benne",https://www.origo.hu/kek-hirek/2026/04/iskolataska-rokongyerek-lopas-uzlet-nagykoros
130b89556afda5e74e5f137a3d0ab284f61ac7b0f1f0e41b2054e2ad66185e61,2026-04-14 10:33:58.852631+00:00,hu,origo.hu,origo.hu,2026-04-14,Megtámadja a választás végeredményét a Mi Hazánk a Meta beavatkozása miatt,https://www.origo.hu/belpol/2026/04/valasztas-2026-mi-hazank-eredmeny-meta
f114be84978cf32b86d1a4ce788b64d4ba2f0c524011dca4249844a9ddb1073b,2026-04-14 10:33:53.657730+00:00,hu,origo.hu,origo.hu,2026-04-14,"„Nem Lamborghinivel járunk Dubajban” – Az Ecom Testvérek, akik húszévesen írják át a magyar e-kereskedelem szabályait",https://www.origo.hu/itthon-hirdetes/2026/04/nem-lamborghinivel-jarunk-dubajban-az-ecom-testverek-akik-huszevesen-irjak-at-a-magyar-e-kereskedelem-szabalyait
f5fec324197bf70ffd2f8271d93911bdbe86c5cdc06c63155b69df2fd8111a18,2026-04-14 10:33:48.639851+00:00,hu,origo.hu,origo.hu,2026-04-14,Reagált a Kúria elnöke Magyar Péter felszólítására – mutatjuk!,https://www.origo.hu/belpol/2026/04/kuria-elnok-magyar-peter-felszolitas-nem-tavozik
2544a791246f1072649be3108fbc8a3a38dcbd5831f0bb516a1c6edc75fb5a5f,2026-04-14 10:33:35.441620+00:00,hu,origo.hu,origo.hu,2026-04-14,Döbbenet! – a kínai „Range Rover” lett a britek kedvence,https://www.origo.hu/auto/2026/04/dobbenet-a-kinai-range-rover-lett-a-britek-kedvence
10dfe9de69e1c9f78efbd10efe05c08ed6e347e4daddeff3d018cee67d0494a7,2026-04-14 10:33:30.316203+00:00,hu,origo.hu,origo.hu,2026-04-14,A politikai leszámolás lengyel mintáját követheti Magyar Péter,https://www.origo.hu/belpol/2026/04/politikai-leszamolas-lengyel-minta-magyar-peter
6e336ff74d63d7fd5b235fc0d2a7396a3dea750e57f44bec88294ada1b3aed8c,2026-04-14 10:33:18.522064+00:00,hu,origo.hu,origo.hu,2026-04-14,"Autót lopott az ittas férfi, mert nem volt pénze buszjegyre",https://www.origo.hu/kek-hirek/2026/04/ittas-sofor-autot-lopott-mert-nem-volt-penze-buszjegyre
ff3045faa3aa49920eab6f3eb806a06f7385e5924c17892007fd54155fbe12cd,2026-04-14 10:33:13.418440+00:00,hu,origo.hu,origo.hu,2026-04-14,Börtönbe kerül a 90 éves drogmami,https://www.origo.hu/nagyvilag/2026/04/drogkereskedelem-bortonbuntetes-90-eves-neni-penzmosas
81c2b8be398edabf7a0f11bc4f489626cd5556966a86b2bb5a59cd86a8928214,2026-04-14 10:33:08.391646+00:00,hu,origo.hu,origo.hu,2026-04-14,Egyedi kombináció a kompakt Volga SUV,https://www.origo.hu/auto/2026/04/volga-egyedi-kombinacio-a-kompakt-suv
852da7aee69ffc7305c5d9152f4501d7cf61355d348fdd4d1ecce1b5e8724627,2026-04-14 10:33:03.337754+00:00,hu,origo.hu,origo.hu,2026-04-14,Súlyos figyelmeztetés: szívleállást okozhat a népszerű gyógyszer,https://www.origo.hu/tudomany/2026/04/nifedipin-szivmegallas-kockazat-uj-kutatas
ed6b30516f16e18b9df13184a2a7a8e233c5a54ea5b14745ebd28e4df3430606,2026-04-14 10:32:58.378778+00:00,hu,origo.hu,origo.hu,2026-04-14,Sulyok Tamás reagált Magyar Péter felszólítására,https://www.origo.hu/belpol/2026/04/sulyok-tamas-reagalt-magyar-peter-felszolitasara
8d2deb4b0935354e1d5d32b3b19df4d7e463bec7f460eda1e3e3698a55f4a59d,2026-04-14 10:32:53.581344+00:00,hu,origo.hu,origo.hu,2026-04-14,"Humanoid robotok sokkolták a közönséget Hongkongban – elképesztő, mit tudnak",https://www.origo.hu/nagyvilag/2026/04/humanoid-robotok-bemutato-hongkong-boksz-beszed
dd004acb699d461acb1d46436a6aab12a2108329d218c4a767712bef8a29fb45,2026-04-14 10:27:57.748204+00:00,hu,blikk.hu,blikk.hu,2026-04-14,Kalmár Zsolt sérüléséből felépülve már az NB III-ban focizik,https://www.blikk.hu/sport/magyar-foci/kalmar-zsolt-gyirmot-nb-iii/p14sxwt
d6282439b726a282919302f597dcaef1a16abdcf4c9b10a192d2c72ffe89ab37,2026-04-14 10:27:52.565706+00:00,hu,blikk.hu,blikk.hu,2026-04-14,A piacon passzolták volna el a 15 milliós zsákmányt – lekapcsolták a zsinagógai tolvajokat,https://www.blikk.hu/aktualis/belfold/lopas-zsinagoga-ezust-ugyeszseg/2mjdkd3
7987ea58cec791742c26e45e58cfe51f4890f9e453d04ea52624fa2ac577c078,2026-04-14 10:24:48.944718+00:00,hu,blikk.hu,blikk.hu,2026-04-14,"„A magyar nép visszavette az országát!"" Soros Alex posztjára reagált Elon Musk",https://www.blikk.hu/sztarvilag/nemzetkozi-sztarok/elon-musk-alex-soros-balhe-poszt/wbyqwce
38f0ecebd3a34908a216870560541245fdea4ee0f2b06a4fd4e0471ea1e6ad26,2026-04-14 10:24:23.348208+00:00,hu,blikk.hu,blikk.hu,2026-04-14,Lassú a net a mobilján? Így hozhatja ki a maximumot androidos készülékéből,https://www.blikk.hu/ferfiaknak/tech/mobiltelefon-internet-sebesseg/jqjmbef
3a633384fefaedb75ad553dc14719c1e186c533acdb0606b5d848e904f31be4f,2026-04-14 10:23:43.204336+00:00,hu,blikk.hu,blikk.hu,2026-04-14,"Ezért nem kér egymásból Kovács Kati, Koncz Zsuzsa és Zalatnay Sarolta: így távolodtak el",https://www.blikk.hu/sztarvilag/hazai-sztarok/koncz-zsuzsa-kovacs-kati-zalatnay-sarolta-kapcsolat/nw5fl5p
1ad8baba5693cddd7e1bb48df8eed608fedfca734cd05db0bc12bcc697a4e9ba,2026-04-14 10:23:25.154475+00:00,hu,blikk.hu,blikk.hu,2026-04-14,Top 10: ezekkel az autókkal követik el a legtöbb gyorshajtást,https://www.blikk.hu/auto/gyorshajtas-auto-tipus-traffipax/pkgqlq4
d9258bd0237a930e4dfa613e9edacb52400fd17fd1a53a2729110cc9d3a340f9,2026-04-14 10:23:09.860184+00:00,hu,blikk.hu,blikk.hu,2026-04-14,„Méltatlan a hivatalhoz” – hivatalvesztéssel fizetett a homofób kirohanásért a piliscsabai jegyző,https://www.blikk.hu/aktualis/belfold/piliscsaba-kirugtak-jegyzo-magyar-peter-tisza-part-valastas2026/n7mppx0
2082e9c1f7741e1dfe36aa26da3ab3217884af14e59d2c9836bb6eb40536d383,2026-04-14 10:23:05.120889+00:00,hu,blikk.hu,blikk.hu,2026-04-14,Újra magyar kosarast draftoltak a női NBA-ben,https://www.blikk.hu/sport/csapat/ratkai-eszter-wnba-draft/h5rj2kj
1a931aaeba3cd7108003dcddc8dfff0ce3306154cd3903d67fb00c357dc07af3,2026-04-14 10:22:43.894351+00:00,hu,blikk.hu,blikk.hu,2026-04-14,Geszti Péter a választási győzelemről: „Jó volt nagy levegőt venni”,https://www.blikk.hu/sztarvilag/hazai-sztarok/valasztas2026-geszti-peter-szavazas-eredmeny/ffqxcf5
a5eeb6c865cec3962279bf01231790432afdd6f17bcc2ef6102e3c59dc55f1fe,2026-04-14 10:22:35.515788+00:00,hu,blikk.hu,blikk.hu,2026-04-14,Betartja a Tisza Párt a gazdasági ígéreteit?,https://www.blikk.hu/politika/magyar-politika/tisza-part-valasztas-igeretek-szavazas/70e4zqt
551a3dc1a7d4d9a5e8c43777fa2a2a9ac51b232959e35df8aeffe02ce82292c1,2026-04-14 10:22:29.981097+00:00,hu,blikk.hu,blikk.hu,2026-04-14,"Gáspár Győzőék összevesztek Baukó Évával, aki egy füst alatt melegebb éghajlatra küldte a trashcelebeket",https://www.blikk.hu/sztarvilag/hazai-sztarok/gaspar-gyozo-bauko-eva-kampanyvideo-balhe/m6y0zyl
c413a11465c5559893901bbf8995b7f83eb70947c196ba2c7d9fd6daeddc357e,2026-04-14 10:22:25.373269+00:00,hu,blikk.hu,blikk.hu,2026-04-14,Parkinson-kóros a No Doubt zenésze: betegségéről vallott Tom Dumont,https://www.blikk.hu/sztarvilag/nemzetkozi-sztarok/no-doubt-tom-dumont-betegseg-parkinson-kor/lv18x5t
e54df5d424c95c8d8993979c7fdc8288eaf09be22a4ddf7374cd9088e1512d28,2026-04-14 10:22:15.427518+00:00,hu,blikk.hu,blikk.hu,2026-04-14,Ördög Nóra sejtelmes poszttal üzent Bolíviából a választások után: nem aratott osztatlan sikert,https://www.blikk.hu/sztarvilag/hazai-sztarok/ordog-nora-sejtelmes-poszt-kormanyvaltas/9t64zv0
0ebfd6b18a2edddaeab8407ebb721649c5e0a31cda9686ce72b27d8cb39b7a29,2026-04-14 09:44:03.064957+00:00,hu,origo.hu,origo.hu,2026-04-14,Külföldi befolyás az örményországi választási kampányban,https://hirtv.origo.hu/hirtvkulfold/2026/04/kulfoldi-befolyas-az-ormenyorszagi-valasztasi-kampanyban
f9d8a5d9712099ff56f8f6b07435aab3d6f18498874ee5478969cff768898cb4,2026-04-14 09:43:19.244800+00:00,hu,origo.hu,origo.hu,2026-04-14,Már a robotok is önkéntes munkát végeznek!,https://hirtv.origo.hu/hirtvszines/2026/04/mar-a-robotok-is-onkentes-munkat-vegeznek
8eb75a06d15b7212a518cb2e594ace7555872f863a4b2dc0a83c560a264a9821,2026-04-14 09:43:11.649155+00:00,hu,origo.hu,origo.hu,2026-04-14,Geopolitikai sokkot okozhat az iráni háború,https://hirtv.origo.hu/hirtvkulfold/2026/04/geopolitikai-sokkot-okozhat-az-irani-haboru
770f3d212a2eea990e2f78a65adb3f9226e9aa06bda1b9f952e55fae4144600e,2026-04-14 09:43:03.974303+00:00,hu,origo.hu,origo.hu,2026-04-14,Megelevenedik a történelem,https://hirtv.origo.hu/ahirtvhirei/2026/04/megelevenedik-a-tortenelem
34a0e3605d7193216ca4031a2f6fa9796d4008084106188e1a8d07de88f3b363,2026-04-14 09:42:56.742984+00:00,hu,origo.hu,origo.hu,2026-04-14,Olajár hullámvasút a Hormuzi-szorosnál,https://hirtv.origo.hu/hirtvkulfold/2026/04/olajar-hullamvasut-a-hormuzi-szorosnal
bf62f14697de5c20b756e518908a1dd87995792d4d0ffae42eb7705a67e0a6ab,2026-04-14 09:42:51.649835+00:00,hu,origo.hu,origo.hu,2026-04-14,"Több, mint harminc útvonalat próbálhatnak ki az ideérkezők",https://hirtv.origo.hu/ahirtvhirei/2026/04/tobb-mint-harminc-utvonalat-probalhatnak-ki-az-ideerkezok
3a8ae4f462f7ab948cce6fb836005d4a1f9b826634f399424192cd837d2fb149,2026-04-14 09:32:26.590758+00:00,hu,index.hu,index.hu,2026-04-14,"Lángok martaléka lett az otthonuk, Agárdi Szilviék meghozták a sorsdöntő elhatározást",https://index.hu/mindekozben/poszt/2026/04/14/agardi-szilvia-leegett-otthona-most-elindulhat-az-ujraepites/
f2090e8faf129a4af55c28dd1fcbb0c877c85602551c72ce54ab1b883dd04c2a,2026-04-14 09:32:14.279392+00:00,hu,index.hu,index.hu,2026-04-14,"Gálvölgyi János nehezen hiszi el a történteket, üzent Orbán Viktornak is",https://index.hu/kultur/2026/04/14/galvolgyi-janos-valasztas-2026-eredmeny-orban-viktor/
a8a36cf7ab9b3eb985aec177277c7fb2e078daefb36e69682f7432a76e10ab28,2026-04-14 09:32:09.219405+00:00,hu,index.hu,index.hu,2026-04-14,Rendkívüli közleményt adott ki a Mészáros Csoport,https://index.hu/belfold/2026/04/14/meszaros-lorinc-csoport-politika-valsztas-reakcio-tisza-part/
d28fc9cd04496478ac7c682841641e948c5767d48028705a6314b33f8e5d219a,2026-04-14 09:32:04.316341+00:00,hu,index.hu,index.hu,2026-04-14,"Ügyészek vadásznak a tisztességtelen webáruházakra, erre kell figyelnie",https://index.hu/belfold/2026/04/14/ugyeszseg-kozlemeny-webaruhaz-online-kereskedelem-fogyasztovedelem/
88b8ee891c1d15313b8115d8931a64e23ba27009adb2fde2db744df55e7f10bd,2026-04-14 09:31:55.368461+00:00,hu,index.hu,index.hu,2026-04-14,"A BL-ben még sosem látott bravúr kell a Barcának, hogy maradjon esélye a budapesti döntőre",https://index.hu/bajnokokligaja/2026/04/14/bajnokok-ligaja-2025-2026-negyeddonto-atletico-madrid-barcelona-visszavago-beharangozo-multidezes/
59eae552b550ac9d36a36d507997bb1b4a3477b1fb99149cb283bd9020bd193d,2026-04-14 09:31:51.104628+00:00,hu,index.hu,index.hu,2026-04-14,"Hatvankilenc éves lett a világ legidősebb gorillája, különleges ajándékot kapott",https://index.hu/kulfold/2026/04/14/fatou-gorilla-szuletesnap-legidosebb-69-eves-berlin-allatkert/
f80a646dc1e432c8c2bc9b368bc5ea77a6091ca127c171bb66d2421d08625889,2026-04-14 09:31:44.591688+00:00,hu,index.hu,index.hu,2026-04-14,Újabb magyar tehetség játékjogát foglalták le a világ legerősebb bajnokságában,https://index.hu/sport/kosarlabda/2026/04/14/wnba-draft-ratkai-eszter-phoenix-mercury/
a049ecf97b783c8089b65e8eba3192ddcfc3c9d1dad66f8630075a21bacb2e38,2026-04-14 09:31:27.314413+00:00,hu,index.hu,index.hu,2026-04-14,Így romantikázott a Coachella fesztiválon Katy Perry és Justin Trudeau,https://index.hu/mindekozben/poszt/2026/04/14/igy-romantikazott-a-coachella-fesztivalon-katy-perry-es-justin-trudeau/
8b81c6575d752c3aabe3e93a427a6f276c2bdbae6075b50940aa00ad0e4a28ff,2026-04-14 09:31:18.275008+00:00,hu,index.hu,index.hu,2026-04-14,"Nem bírt remeklő kínai ellenfelével Révész Bulcsú, véget ért számára a világbajnokság",https://index.hu/sport/2026/04/14/revesz-bulcsu-sznuker-vilagbajnoksag-2026-selejtezo-harmadik-kor/
612c466f47a8b7c36f2fcbce9d605fc4556e6f7dc9c94f8022c783e91f9066af,2026-04-14 09:31:12.107418+00:00,hu,index.hu,index.hu,2026-04-14,Élesen bírálta a Magyar Mérnöki Kamara elnöke Lázár János minisztériumát,https://index.hu/gazdasag/2026/04/14/magyar-mernoki-kamara-lazar-janos-kozbeszerzes-epitesi-es-kozlekedesi-miniszterium/
e2007d0af937f1b4fd2f3d1822cd23d96f648d157620c7d12f0888c21d5961ce,2026-04-14 09:31:04.168680+00:00,hu,index.hu,index.hu,2026-04-14,"Török Gábor szerint a Fidesz valamiért most „vakon repült”, és a saját választási rendszere miatt ekkora a vereség",https://index.hu/belfold/2026/04/14/torok-gabor-fidesz-kdnp-tisza-part-valasztasi-rendszer-ketharmad-valasztas2026-orszaggyulesi-valasztasok/
b7aaaa37ef0aad2eae4854cc3ecc7f093be508a435aed430d0e86216cea1ae30,2026-04-14 09:30:59.155560+00:00,hu,index.hu,index.hu,2026-04-14,"Megkezdődött a Hormuzi-szoros amerikai blokádja, az olajpiac egyből reagált a történtekre",https://index.hu/kulfold/2026/04/14/donald-trump-irani-haboru-hormuzi-szoros-kikoto-blokad-olajarak/
5907d4f4ae915a4e32b124859afd81ccfb0eee3c7cef47e1e6e3269b2addb183,2026-04-14 09:30:54.229621+00:00,hu,index.hu,index.hu,2026-04-14,"Donald Trump különös magyarázatot adott arra, hogy miért ábrázolta magát Jézus Krisztusként",https://index.hu/kulfold/2026/04/14/donald-trump-egyesult-allamok-xiv-leo-papa-vatikan-ai-generalt-kep/
8c5897d9df013b0708c28a5c958fda2f3fee3e55513a93e05f711bbf812851c6,2026-04-14 09:30:50.225186+00:00,hu,index.hu,index.hu,2026-04-14,"Varga Viktor mélypontra került, kitálalt a nehéz időszakról: Volt lejtmenet valóban az elmúlt időben",https://index.hu/mindekozben/poszt/2026/04/14/varga-viktor-anyagi-szakmai-nehezsegek-volt-lejtmenet-valoban-az-elmult-idoben/
235d9d758f9f06ca28473520403611cfcb8732176ab7e07050b5eaba4e75e754,2026-04-14 09:21:38.351489+00:00,hu,blikk.hu,blikk.hu,2026-04-14,Összetartást szervez az újpesti focistafeleségeknek Dárdai,https://www.blikk.hu/sport/magyar-foci/ujpest-dardai-pal-felesegek-osszatartas/0q4pjq8
7128f0a39f6739092994963b26e9061869fd31e5b8ab6edffe8e21d29d99051c,2026-04-14 09:21:27.110063+00:00,hu,blikk.hu,blikk.hu,2026-04-14,Kutyakiképzők: ezeken a mondatokon nagyon jól szórakoznak,https://www.blikk.hu/eletmod/tippek/kutyakikepzo-gazdi-szorakoztato-mondatok/pp54mth
cc49e976d9de34dad5805bc62f427c01b19d8b24cdb9c33fca25279783cc5f08,2026-04-14 09:21:20.515463+00:00,hu,blikk.hu,blikk.hu,2026-04-14,Vasvári Vivien szerint Orbán Viktor a vereségben is példát mutatott: „Ő az örök miniszterelnökünk”,https://www.blikk.hu/sztarvilag/hazai-sztarok/vasvari-vivien-orban-viktor-fidesz-vereseg-valasztas2026/cbv9c45
531c726ac7dc6af9310ef9e2568c1b3246b4ee1f2130d3844347dfdc04b4b766,2026-04-14 09:20:58.083003+00:00,hu,blikk.hu,blikk.hu,2026-04-14,„Életem asszonyát a neten vadásztam le” – Lakatos László kitálalt új szerelméről,https://www.blikk.hu/sztarvilag/hazai-sztarok/lakatos-laszlo-humorista-gyermek-csalad/5zf4dp5
fb08dbb5706c46b92a20cdde61c25a827ed162e84005938e9457cb24e80632b5,2026-04-14 09:20:52.980019+00:00,hu,blikk.hu,blikk.hu,2026-04-14,Rendkívüli közleményt adott ki a Mészáros Csoport a választások után,https://www.blikk.hu/gazdasag/penz/meszaros-csoport-valasztas-utan/w1sz5gz
665ae08aac28fb317dacb65cf76ebb94a064a744bcbb3268ef30bcfb6515c1fd,2026-04-14 09:20:11.623405+00:00,hu,blikk.hu,blikk.hu,2026-04-14,Dudás Miki édesapjának halála: ezt mondta a végzetes ütést leadó bokszoló a tárgyaláson,https://www.blikk.hu/sztarvilag/hazai-sztarok/dudas-miki-apjanak-halala-targyalas/fk3j7kh
327e165ab22886cc9e9c58819c2f91daa85d2295dd2916d15d879ee2824bb1c7,2026-04-14 09:20:05.129729+00:00,hu,blikk.hu,blikk.hu,2026-04-14,A falhoz szorította és megverte feleségét a háromszoros világbajnok,https://www.blikk.hu/sport/oscar-freire-spanyol-kerekpar-botrany/pg600rj
9d0e3cb8b7469b36143de3845766179595b0a27ac703a861fc66266b498b2eca,2026-04-14 09:19:38.749689+00:00,hu,blikk.hu,blikk.hu,2026-04-14,"Pataki Ági férje kiborult: ""Káel Csaba nem maradhat az NFI élén, Lajos Tamással és Rákay Philippel együtt tiltsák ki őket a mozikból!""",https://www.blikk.hu/sztarvilag/hazai-sztarok/kovacs-gabor-nfi-kitiltas-kael-csaba/lhd8157
b72da8368d1e33e7d5233e2452c4887bd19365a3d39ea2194dda9d3d11dc97c5,2026-04-14 09:19:33.792976+00:00,hu,blikk.hu,blikk.hu,2026-04-14,Itt a válasz: ez lesz a csődbe ment osztrák bútorcég magyar gyárainak sorsa,https://www.blikk.hu/gazdasag/penz/osztrak-csod-magyar-butorgyar-eljaras-ada/e2t2rmz
ffa1f5876e3554ee6ce8465256581539aee5c53955620abb030670a1353a44a8,2026-04-14 09:19:29.097575+00:00,hu,blikk.hu,blikk.hu,2026-04-14,"Mindenét elvették a hazatérő iráni női focistának, brutális büntetésre számíthat",https://www.blikk.hu/sport/kulfoldi-foci/iran-noi-foci-buntetes/7k0qz01
15ab438c389c5a8f904413226e0848cb1e62f4b6dcdd2057e537361b072e4dc9,2026-04-14 08:41:42.351840+00:00,hu,origo.hu,origo.hu,2026-04-14,"Egy EU-s ország népszavazást tarthat a NATO-tagságról – mutatjuk, melyik",https://www.origo.hu/kulpol/2026/04/eu-orszag-nato-tagsag-nepszavazas
50e8d6a389500f39d19b772b6e4126dc14f47b3ccdc3548c8701dc122c5b5244,2026-04-14 08:41:29.436186+00:00,hu,origo.hu,origo.hu,2026-04-14,"Eldőlt, ott lesz-e a foci-vb-n a németek világbajnok szövetségi kapitánya",https://www.origo.hu/sport/sport-futball/2026/04/foci-vb-2026-ghanai-valogatott-carlos-queiroz
1b51f960caf0f2d140474b66e58ad3d47a3a3959f1ccfe2fad0e79073bbc056d,2026-04-14 08:41:24.156737+00:00,hu,origo.hu,origo.hu,2026-04-14,Ez már kész pornó! Sydney Sweeney sorozata kiverte a biztosítékot,https://www.origo.hu/nagyvilag/2026/04/euforia-porno-sydney-sweeney-sorozat
41ff4a51c72207ae6309266b0a24aa493c4f51acf851e392a958b233a90459dc,2026-04-14 08:40:53.689514+00:00,hu,origo.hu,origo.hu,2026-04-14,"Túl későn került a műtőasztalra, meghalt a beteg az ajkai kórházban",https://www.origo.hu/kek-hirek/2026/04/ajkai-korhaz-harom-orvos-meghalt-a-beteguk
431b2fa72ee001775bc0b6ee2601305882b040a219cdd086643a1e571ca6984e,2026-04-14 08:40:35.872856+00:00,hu,origo.hu,origo.hu,2026-04-14,Von der Leyen az Orbán-vereséget kihasználva véget vetne a tagállamok vétójogának,https://www.origo.hu/belpol/2026/04/ursula-von-der-leyen-vetojo-brusszel-magyar-peter-eu
05bfa3e50f1a9e4097923a3686bc22f4dc13cbd37e7a1efaf295b964cfbb9e03,2026-04-14 08:40:16.228834+00:00,hu,origo.hu,origo.hu,2026-04-14,"Nem kell félni a rendőrtől, ha ezzel az Unicummal vezet",https://www.origo.hu/auto/2026/04/unicum-nem-kell-felni-a-rendortol-ha-ezzel-vezet
b47fa4746aa729683457a99443aeeaf4aee5fc83502e91be24acc17a384d045e,2026-04-14 08:39:28.467610+00:00,hu,origo.hu,origo.hu,2026-04-14,Ez hihetetlen! 100 éves gokart tért vissza a versenypályára!,https://www.origo.hu/auto/2026/04/ez-hihetetlen-100-eves-gokart-tert-vissza-a-versenypalyara
209421cfd66a89848f1d55272c2b1a63aa67dfe7fcc5741197eb80a679411d4f,2026-04-14 08:39:23.819570+00:00,hu,origo.hu,origo.hu,2026-04-14,A szexi Kovács Zsófia dögös ruhában ünnepelte a szülinapját,https://www.origo.hu/sport/sport-laza/2026/04/kovacs-zsofia-torna-szexi-szulinap-insta-unneples-kep
39ebd4450e908e30f9f6fbbdb67c2387f6b5662d206eab4ba5086cc767309143,2026-04-14 08:36:37.482024+00:00,hu,origo.hu,origo.hu,2026-04-14,Elképesztő luxusban él Demjén Ferenc és amerikai felesége – óriási birtokuk mindenkit lenyűgöz,https://www.origo.hu/itthon/2026/04/demjen-ferenc-birtok-feleseg-rebecca-baranya
08b71beb4b4e83ae58e696d03bff6e920302d2418c5b3b4e8df95dca414a429d,2026-04-14 08:35:26.449677+00:00,hu,origo.hu,origo.hu,2026-04-14,Visszavonható lett Androidon az üzenetek törlése,https://www.origo.hu/techbazis/2026/04/android-google-messages-torolt-sms-rcs-visszaallitasa
32c4e7afdb239f665b1a2aa2f22269e0b61716aa57bb4cdd40438ae34be7f6c5,2026-04-14 08:19:44.860598+00:00,hu,blikk.hu,blikk.hu,2026-04-14,Kedd reggelre kettővel csökkent a Tisza Párt mandátumainak száma,https://www.blikk.hu/aktualis/belfold/tisza-part-2026-os-valasztas-mandatumok-fidesz-kdnp/jy3hcnt
31bccfb5993c72a97c1485570d98fe3093bdcac0f1cecf6951fe86eab6288b28,2026-04-14 08:19:39.983081+00:00,hu,blikk.hu,blikk.hu,2026-04-14,"Egyre nő a feszültség: amerikai hajót állítottak meg a Hormuzi-szorosnál, az összecsapások folytatását várják",https://www.blikk.hu/politika/vilagpolitika/usa-hajo-hormuzi-szoros-iran/2852651
ff60245a78b9f55517a381bcd4e3318d6114c41e854f9282996bf4e57a370dc3,2026-04-14 07:37:31.983776+00:00,hu,blikk.hu,blikk.hu,2026-04-14,Szigligeti Ivett sírva tört össze a gyerekei mellett élő adásban Dudás Miki szülinapján,https://www.blikk.hu/sztarvilag/hazai-sztarok/szigligeti-ivett-dudas-miki-siras-szulinap/dm5hmmy
a7d6be9e789ca4cac9ccd5d8fb08aba61323c620a697310bafe57d80dfc199f0,2026-04-14 07:37:20.770299+00:00,hu,blikk.hu,blikk.hu,2026-04-14,„Ez volt a legjobb döntés” – megdöbbentő részletek Nagy Bogi válásáról,https://www.blikk.hu/sztarvilag/hazai-sztarok/nagy-bogi-valas-kapcsolata-szarnyalo-karrierje/9e1p7n8
4077afb65b6d7ab0cd3842027c91578014eef69ed7e892b5c0741c3f9027ee80,2026-04-14 07:37:12.203345+00:00,hu,blikk.hu,blikk.hu,2026-04-14,"A Lidl rengeteg új üzlet nyitását jelentette be, több ezer munkahellyel",https://www.blikk.hu/gazdasag/vasarlas/lidl-uzletnyitas-munkahely-kiskereskedelem-egyesult-kiralysag/1m9whye
a71f7b43b1ff4323f286c9cfad32c2a108d9baa44d91635e84d81ee09750253f,2026-04-14 07:35:52.554930+00:00,hu,blikk.hu,blikk.hu,2026-04-14,"Tom Cruise titokzatos magyarországi forgatása: a legújabb filmjéhez itt bérelt két motort, de ez is kalandos volt",https://www.blikk.hu/sztarvilag/nemzetkozi-sztarok/tom-cruise-balatonboglar-motor-forgatas/jpen5bd
868e770761bb5598742d1f49ad1f40d5625330b10c2c84efee98238c305056a9,2026-04-14 07:30:45.062411+00:00,hu,origo.hu,origo.hu,2026-04-14,Ezeket az ígéreteket kérheti számon Magyar Péteren,https://www.origo.hu/belpol/2026/04/tisza-part-valasztas-igeret
eace2edb5b77df224e0b70c1fe039370b881f4d9fefb18d90c176e66b6c130f5,2026-04-14 07:30:37.383518+00:00,hu,origo.hu,origo.hu,2026-04-14,Vucsics nem kímélte Magyar Pétert,https://www.origo.hu/belpol/2026/04/vucsics-nem-kimelte-magyar-petert
c2dbfc1a35332b0c80b6da973d0bcbfb955dbcbbb8c82ac3691a5abc59365803,2026-04-14 07:30:32.366552+00:00,hu,origo.hu,origo.hu,2026-04-14,"Miért nem felejtjük el soha, hogy kell biciklizni?",https://www.origo.hu/tudomany/2026/04/kerekparozas-memoria-felejtes
67cdf769841e288ec59e85a0a62b62533c32e1c16f63eafd04dbdf320795a0c7,2026-04-14 07:30:01.166877+00:00,hu,origo.hu,origo.hu,2026-04-14,Kínos vagy zseniális? – Paris Hiltont egy férfi mosdóból látták távozni,https://www.origo.hu/nagyvilag/2026/04/paris-hilton-coachella-ferfi-mosdo
db00dd29314eee4d05cc47253ac08cc97fb45cc425ecf43fb3a988ade6c118ed,2026-04-14 07:29:21.808074+00:00,hu,origo.hu,origo.hu,2026-04-14,Luxusélet a rajongók pénzéből: bukott a népszerű magyar influenszer,https://www.origo.hu/kek-hirek/2026/04/influenszer-nepszeru-magyar-csalo-lebukott-luxuselet
896593c542345c37383852efb952ddb7c576ebe224860fe752cb36fa0a71d74f,2026-04-14 07:29:10.777553+00:00,hu,origo.hu,origo.hu,2026-04-14,Növényi étrendet követ? Ettől a súlyos betegségtől lehet védve,https://www.origo.hu/tudomany/2026/04/alzheimer-kor-jo-minosegu-etrend
2a7b066fdb22feb253910f398e598910d010e2c41814985bda67bb588a13b3c1,2026-04-14 07:29:05.518868+00:00,hu,origo.hu,origo.hu,2026-04-14,"Ez minden autóst érint, nehogy kicsússzon a határidőből!",https://www.origo.hu/auto/2026/04/gepjarmuado-auto-hatarido
35c7a3e48ec1d746087f0409ed9c0292434ca01fba629dcb7a48eae25c8743e6,2026-04-14 07:29:00.804901+00:00,hu,origo.hu,origo.hu,2026-04-14,Sírásba torkollott a vita az Exatlonban,https://www.origo.hu/teve/2026/04/exatlon-hungary-szabo-reka-siras
47cf9ed3b88d44bf6013d1fc8ab93cda2372d9e5be5bdb634665dbaa0c305ac1,2026-04-14 07:28:46.295385+00:00,hu,origo.hu,origo.hu,2026-04-14,Szinte mindent tud rólunk a Google – így törölhetjük ki az adatainkat a rendszeréből,https://www.origo.hu/techbazis/2026/04/google-figyel-minket-ez-a-megoldas
c5f7eb1cb9077a1d9a171d4ba2c59747f11eed9ef090c131a116150bcb87d451,2026-04-14 07:28:41.873828+00:00,hu,origo.hu,origo.hu,2026-04-14,Megszólalt Max Verstappen paddockban összeesett csapattársa,https://www.origo.hu/sport/f1/2026/04/max-verstappen-jules-gounon-osszeeses-megszolalt-insta
327a010f450968283f065920787260124832736ab232b2aa135d82cc3a7ea3b3,2026-04-14 07:28:34.895215+00:00,hu,origo.hu,origo.hu,2026-04-14,A világbajnok bokszoló brutálisan kiütötte eddig veretlen ellenfelét – videó,https://www.origo.hu/sport/sport-egyeni/2026/04/bokszolo-thanongsak-simsri-kiutes-sergio-mendoza
8314ea4fb07059d3d3e4373f66d3729b73d2d1af66c6188c2d882e97b8cea7df,2026-04-14 07:26:02.203787+00:00,hu,blikk.hu,blikk.hu,2026-04-14,"Bochkor Gábor lakást készül venni a Várkonyi Andreával közös lányuknak: ""Abnormális, hogy a fizetés fele lakhatásra megy el""",https://www.blikk.hu/sztarvilag/hazai-sztarok/bochkor-gabor-lakhatas-lakasvasarlas-lanya/03rmrqt
76da811ae53753c06d36bfa505a20507261b5c558701f0bc5e93d7ef56dde691,2026-04-14 07:25:57.110892+00:00,hu,blikk.hu,blikk.hu,2026-04-14,"Irán válaszolt a Hormuzi-szoros amerikai blokádjára, az arab térségnek főhet a feje",https://www.blikk.hu/politika/vilagpolitika/hormuzi-szoros-blokad-iran-usa/z7fgxgw
3c3b1254ad505ab659ee60a8dac8d316c59d1818fefe10752841d48c2db056be,2026-04-14 07:25:41.594115+00:00,hu,blikk.hu,blikk.hu,2026-04-14,"Továbbra is erős a forint, a dollár gyengült, a folyamatnak komoly árképzési hatásai vannak",https://www.blikk.hu/gazdasag/penz/forint-dollar-euro-tozsde/9s0b4g6
801a808b8f004dbe4805498ef25fd4c0e4081106e6e1d30715d29fad7c98acb1,2026-04-14 07:25:37.018935+00:00,hu,blikk.hu,blikk.hu,2026-04-14,"Az ukrán biznisz gazdaggá tette, majd padlóra küldte: Így rohad a magyar energia-király villája",https://www.blikk.hu/aktualis/belfold/kapolyi-laszlo-villaja-ukran-energia/7k1qj4e
07a980ef8ed764f9a7bf0d3467ff6055dd8fb2519c600b4506113f08d8adf414,2026-04-14 07:25:31.537310+00:00,hu,blikk.hu,blikk.hu,2026-04-14,A boldogság helyett ez lehet a teljes élet igazi titka,https://www.blikk.hu/eletmod/lelek/elet-ertelme-boldogsag-pszichologiai-gazdagsag/9zyfc31
679c865a0856211bd3f5167ca4ae5cfa6117605dd8ada2cdef5923f6b492d770,2026-04-14 07:25:20.765106+00:00,hu,blikk.hu,blikk.hu,2026-04-14,Fájdalmas találkozás: Dudás Miki gyászoló édesanyja a fia szülinapján néz szembe a férje támadóival,https://www.blikk.hu/sztarvilag/hazai-sztarok/dudas-miki-edesapja-targyalas-tamadas/mgl4t54
e1aef65564df621be813103b90f1bf779eab0970a06d0a1538918a1bfdd26f9b,2026-04-14 07:25:15.288548+00:00,hu,blikk.hu,blikk.hu,2026-04-14,Japán mohagolyók: természetközeli dekoráció otthonra,https://www.blikk.hu/eletmod/japan-novenytechnika-lakberendezes-mohagolyo/wcpsr3m
4b592ac9c9171af755396196615db961391aa620d21aaf582f557d214b77b056,2026-04-14 07:25:10.577051+00:00,hu,blikk.hu,blikk.hu,2026-04-14,Trump elindította a Hormuzi-szoros blokádját,https://www.blikk.hu/politika/vilagpolitika/hormuz-szoros-trump-blokad-iran/4bcdf0b
655f5414e61a9421de7c2c30afd885c22af8b97ffd4e7159701d937ab573db4d,2026-04-14 07:25:05.500419+00:00,hu,blikk.hu,blikk.hu,2026-04-14,"Az utolsó héten még neki kampányolt, mégse lepődött meg J.D. Vance Orbán vereségén",https://www.blikk.hu/politika/magyar-politika/jd-vance-orban-valasztas-vereseg/nsex1hn
6f2404d44aba6735902869a9fc6f50f1323fec4340ccc6d041bfd7fe5ef74fa3,2026-04-14 07:25:00.745062+00:00,hu,blikk.hu,blikk.hu,2026-04-14,Szaharai homokfelhő vonul át felettünk – hétvégéig marad a poros levegő,https://www.blikk.hu/aktualis/belfold/idojaras-elorejelzes-felhozet-szaharai-por/dpzsyeb
57a2a9f62d6b3acf98868fd46a8cca68704c28cfb2b2e1770b1d456149b3dd0d,2026-04-14 07:24:55.265096+00:00,hu,blikk.hu,blikk.hu,2026-04-14,Vége a botránysorozatnak? Britney Spears ezért döntött a kezelések mellett,https://www.blikk.hu/sztarvilag/nemzetkozi-sztarok/britney-spears-botrany-ittas-vezetes-rehabilitacio-letartoztatas-rehabilitacio/ej43j4x
97683642b92c9170fc725fc582b70c49c6a1f729daf60e8affa258716f6689e4,2026-04-14 07:24:50.763805+00:00,hu,blikk.hu,blikk.hu,2026-04-14,Megállapodtak a biztosítóval: Agárdi Szilviék már dolgoznak otthonuk helyreállításán,https://www.blikk.hu/sztarvilag/hazai-sztarok/agardi-szilvi-felujitas-tuz-koltozes/9hh1zyy
6a5dab96b31522ecf5d4eeec307c0c3bafefec47eb17e6ac231a70fcdfef5ae0,2026-04-14 07:24:45.902237+00:00,hu,blikk.hu,blikk.hu,2026-04-14,Katy Perryt szexuális zaklatással vádolja Ruby Rose: az énekesnő szerint veszélyes hazugságokat terjeszt róla a színésznő,https://www.blikk.hu/sztarvilag/nemzetkozi-sztarok/katy-perry-ruby-rose-szexualis-zaklatas/1ssf1nq
7466f27ad8748a068da1ba91e5ed54f97e3f012b077dc45cea4375d76e564b47,2026-04-14 06:39:14.969299+00:00,hu,index.hu,index.hu,2026-04-14,"Olyan sikert értek el az ukránok a fronton, amire eddig még nem volt példa a háborúban",https://index.hu/kulfold/2026/04/14/oroszorszag-ukrajna-orosz-ukran-konfliktus-moszkva-kijev-vlagyimir-putyin-volodimir-zelenszkij-europai-unio-nato-beketargyalasok/
de403a7ed7ee64b83f0d60c9c7dcb923fb6aa9fa1b416966b135297a205ba96e,2026-04-14 06:39:09.851493+00:00,hu,index.hu,index.hu,2026-04-14,"Reagáltak a közjogi tisztviselők Magyar Péter felszólítására, nem távoznak a hivatalaikból",https://index.hu/belfold/2026/04/14/magyar-peter-valasztas-2026-kozjogi-tisztviselok-tavozas-koztarsasagi-elnok-legfobb-ugyesz-kuria-alkotmanybirosag/
3fd0e2207b5028941c30c930d0f7bf29a3f162d1ec11fabdfc8ee4571e2262c2,2026-04-14 06:39:05.450556+00:00,hu,index.hu,index.hu,2026-04-14,"Kajdi Csabát majdnem kirabolták: „Megpróbálták kikapni a telefonomat a kezemből""",https://index.hu/mindekozben/poszt/2026/04/14/kajdi-csaba-kiraboltak-brazilia/
2baaeaa26b64013c2b66d680aa3288160c475e5d3895bddaa161345368c8ea0d,2026-04-14 06:38:59.846024+00:00,hu,index.hu,index.hu,2026-04-14,"Vészjósló üzenetet tett közzé az iráni hadsereg, válaszul a Hormuzi-szoros amerikai blokádjára",https://index.hu/kulfold/2026/04/14/iran-kozel-kelet-egyesult-allamok-hormuzi-szoros-blokad-haboru/
a5aa859a6902252d19fe920cdf3b2b6bc8cb541f60da38e3f1951768ae90488d,2026-04-14 06:38:53.007687+00:00,hu,index.hu,index.hu,2026-04-14,„Trump varázslatosan megbukott” – orosz szakértők szerint Washington a legnagyobb vesztese a magyar választásoknak,https://index.hu/kulfold/2026/04/14/magyarorszag-valasztas-2026-tisza-part-gyozelem-orban-viktor-donald-trump-egyesult-allamok-szakertok/
32b0c62338ce83e3312af2152684fbea2906bc90136e3f3f8f2f283176db89af,2026-04-14 06:38:47.825708+00:00,hu,index.hu,index.hu,2026-04-14,"Sydney Sweeney lemegy kutyába a kedvünkért, de az Eufória új évada így is csalódás",https://index.hu/kultur/cinematrix/2026/04/14/euforia-teve-sorozat-s3-nyitany-hbo-sam-levinson-zendaya-sydney-sweeney-hbo-drama-streaming-kritika/
e0f6336e15f091d102c4b54a3fddf5696ae5d6faf79abc911631393b441053e8,2026-04-14 06:38:37.283720+00:00,hu,index.hu,index.hu,2026-04-14,Kétharmadból kétharmadba: mit üzen a Fidesz bukása és a Tisza felemelkedése?,https://index.hu/velemeny/2026/04/14/fidesz-tisza-part-orban-viktor-magyar-peter-kampany-valasztas-2026-fiatalok-ertelmiseg-gazdasag-ketharmad/
be8376a497b6ffd6c5b8b511181f24156ef742cb0e042fcf447c1b01fa726f52,2026-04-14 06:38:23.846680+00:00,hu,index.hu,index.hu,2026-04-14,A rendszer állatorvosa és állatorvosi lovai,https://index.hu/belfold/2026/04/14/hadhazy-akos-rendszer-allatorvos-tizenharom-ev-valasztas-tavozik-lemond-ellenzek/
488cd8d826eddc77ac1663d5e503753d32072f56c95bd20b86173c14c9a51ccf,2026-04-14 06:38:06.984918+00:00,hu,index.hu,index.hu,2026-04-14,A fapados légitársaságok kihúzták a gyufát Szoboszlai Dominik rajongóinál,https://index.hu/bajnokokligaja/2026/04/14/liverpool-paris-saint-germain-helyszini-felvezeto-varakozasok-hangulat-szoboszlai-kerkez/
6b91c0e13b4daed1f79d79b2c2f1a934b84b7be303a3dff61dc9b49ce6ccae16,2026-04-14 06:38:02.959969+00:00,hu,index.hu,index.hu,2026-04-14,Ifjabb Schobert Norbert A Nagy Duett-győzelméről: Szerintem ez egy nagyon nagy motiváció lesz anyának,https://index.hu/mindekozben/poszt/2026/04/14/schobert-norbi-jr.-es-schobert-norbi-jr.-a-nagy-duett-gyozelemrol-tervek/
6983c349435bebfae9f7a958ae4bf7e342eaa4e9e5458be93f1d510802224021,2026-04-14 06:37:56.978467+00:00,hu,index.hu,index.hu,2026-04-14,"Megérkezett a Fehér Ház első reakciója: J. D. Vance-t nem lepte meg, hogy Orbán Viktor elveszítette a választásokat",https://index.hu/belfold/2026/04/14/j.d.-vance-valasztas-2026-orban-viktor-donald-trump-egyesult-allamok/
976ebe390fb650c3ebb509a57126322c84c7e1af013c456e2de86f9f3c0f69e0,2026-04-14 06:37:42.880645+00:00,hu,index.hu,index.hu,2026-04-14,"Ilyet se sűrűn látni, a Manchester United argentin védője megpróbálja kitépni ellenfele haját",https://index.hu/sport/futball/2026/04/14/manchester-united-vereseg-1-2-leeds-united-okafor-kiallitas-/
ea641009d634b51d5acc596b16b3c203d393e3df8a8f0de4a29cc385e9f598d2,2026-04-14 06:37:32.006335+00:00,hu,index.hu,index.hu,2026-04-14,A rendszerváltásnak nem volt ekkora tömegbázisa – politológusok szólaltak meg a Fidesz bukásáról,https://index.hu/belfold/2026/04/14/zarug-peter-farkas-miskolci-egyetem-novak-zoltan-meltanyossagpolitika-elemzo-kozpont/
5f413c69156ec270de58160bd15e062a0a585cff12bde686d890f2f7c0dfc4e9,2026-04-14 06:37:26.942810+00:00,hu,index.hu,index.hu,2026-04-14,"Faggyal indul a kedd, de napközben tavaszias meleg várható",https://index.hu/belfold/2026/04/14/idojaras-elorejelzes-kedd-napsutes-szel-felho-csapadek/
26f193e86e86fc08804077416c70719fe236b6fb8b87a02c35e5492095b36ee4,2026-04-14 06:37:16.484132+00:00,hu,index.hu,index.hu,2026-04-14,"Szélsebesen száguld a forint, megállíthatatlan a magyar deviza",https://index.hu/gazdasag/2026/04/14/forint-euro-dollar-arfolyam-valasztas-2026-tisza-part-fidesz-tozsde/
3bbe31b0baaa7cd7b2ce2784096d2318533616cd010c3c9422c71dc719b72e2e,2026-04-14 06:37:12.499980+00:00,hu,origo.hu,origo.hu,2026-04-14,30 éve sikítunk a telefontól: legalább száz embert mészárolt már le Szellempofa,https://www.origo.hu/filmklub/2026/04/sikoly-filmek-szellempofa-sidney-horror-slasher
63ebe361dca1fd2d423489aa1607e7524dc1b1f8b19e99e9c1b5250fa6cfa484,2026-04-14 06:37:05.304554+00:00,hu,origo.hu,origo.hu,2026-04-14,"Milliárdokról dönthet egyetlen NB I-es meccs, Győrben a szabályokat is felrúghatja a Fradi?",https://www.origo.hu/sport/sport-futball/2026/04/fradi-gyor-nb-i-vasarnap-bajnoki-donto-szpiker-korner
53a3a52055e7f18c498a9caa574e3e52c8339f7829cdf32f2326630679e197b5,2026-04-14 06:36:23.586964+00:00,hu,origo.hu,origo.hu,2026-04-14,Elképesztő felfedezés: megtalálhatták a vastagbélrák rejtett okozóját,https://www.origo.hu/tudomany/2026/04/vastagbelrak-uj-virus-a-hatterben
c2de6d7ec15130ea5c5aa80f0226ed072cf19366f6defb6730ca133d1bd80688,2026-04-14 06:36:19.221676+00:00,hu,origo.hu,origo.hu,2026-04-14,Botrány Spanyolországban: zaklatással vádolják a háromszoros világbajnokot,https://www.origo.hu/sport/sport-egyeni/2026/04/oscar-freire-kerekpar-feleseg-zaklatas-letartoztatas
b9d0260777bc40877e62d7ef4510fd5534b84ffc241afa9eec56c5cbe878d596,2026-04-14 06:36:06.795047+00:00,hu,origo.hu,origo.hu,2026-04-14,"Nagy változás jön az időjárásban, de van egy csavar",https://www.origo.hu/itthon/2026/04/idojaras-napsutes-eso-zapor-2
2aec8992d1062d5da4be024a45d8d5866d2e26b18ad31d69b187ae69a79652ec,2026-04-14 06:36:01.783221+00:00,hu,origo.hu,origo.hu,2026-04-14,"Ukrajna Magyar Péter győzelmének tapsol, Kijev már kész tervvel rendelkezik",https://www.origo.hu/kulpol/2026/04/ukrajna-magyar-peter-gyozelmenek-tapsol
a8be3b85504ba8d69c86cc36a3c77f8ade7fa1938a36fb5585d7b7caa7f22d3e,2026-04-14 06:35:56.761307+00:00,hu,origo.hu,origo.hu,2026-04-14,10 év után fotóztak le egy állatot – a tudósok szerint ez mindent megváltoztathat,https://www.origo.hu/nagyvilag/2026/04/kodfoltos-parduc-10-ev-utan-eloszor-kaptak-lencsevegre
a27a225e62aded2579b9fd72eed76b941ed6a6dd1e29cfc378461b82e175aca6,2026-04-14 06:35:42.676779+00:00,hu,origo.hu,origo.hu,2026-04-14,Kolumbia több tucat Pablo Escobarhoz köthető kokainvízilót öl meg,https://www.origo.hu/nagyvilag/2026/04/vizilovak-pablo-escobar-allatkert-kolumbia
5edc2332fd274bc334c5e29922dd99b6eb2af7b30d2255da5e34312a5e039d55,2026-04-14 06:35:37.630077+00:00,hu,origo.hu,origo.hu,2026-04-14,Elon Musk exbarátnője mindenki elől ellopta a show-t,https://www.origo.hu/nagyvilag/2026/04/grimes-coachella-fesztival-koncert-fellepes
4a7eafd5ac341ed850cd9c28610c821d5ad7ddc0532ee779533d2ef8608c0db5,2026-04-14 06:35:32.863005+00:00,hu,origo.hu,origo.hu,2026-04-14,Szürreális fűháború robbant ki: a Barca szerint trükközik az Atlético,https://www.origo.hu/sport/sport-futball/2026/04/barcelona-panasz-uefa-fu-atletico-madrid-bl
fa8034353ee042b19ea7c0503f0774faf59469ffb83dca6d85809c22d545f6be,2026-04-14 06:35:22.940530+00:00,hu,origo.hu,origo.hu,2026-04-14,"Fenyegetések, bosszú, brüsszeli számla: így kezdett Magyar Péter a választások után",https://www.origo.hu/belpol/2026/04/magyar-peter-tisza-part-fenyegetes-bosszu-orban-viktor
971f5dd24348651cb1bbc0db41d58aa8dd7e15af6962dbeb39ac7ac8748a9fbf,2026-04-14 06:35:02.529702+00:00,hu,origo.hu,origo.hu,2026-04-14,Olajhatalommá válna a kalózkodásról ismert állam – hadihajók védik most is a fúrótornyot,https://www.origo.hu/gazdasag/2026/04/szomalia-kaloz-olaj-furas
251678eb8584735f010a607ad3f214f57663b126e5cac83a84eefb4f263e1684,2026-04-14 06:34:57.351382+00:00,hu,origo.hu,origo.hu,2026-04-14,Hihetetlen állapotban van a legendás magyar tévés sírja,https://www.origo.hu/itthon/2026/04/deri-janos-sir-emlek-temeto
a73ac6f06a1d75b6a0eadce09e980aee764015edb9e29fc94b125b74e5f2d61d,2026-04-14 06:34:46.220949+00:00,hu,origo.hu,origo.hu,2026-04-14,"A Bayern München legendája kiborult, saját fia meccsén balhézott – videó",https://www.origo.hu/sport/sport-futball/2026/04/arjen-robben-bayern-munchen-holland-groningen-balhe
0f635c3107857aad2d8b9d8beb4c26ac77651d97f999ece9cc1ea4ea3cc069ce,2026-04-14 06:34:33.040534+00:00,hu,origo.hu,origo.hu,2026-04-14,"Visszavonulás Szuminál: túlerő szorítja hátra az ukránokat, egyre közelebb érnek a csapások a városhoz",https://www.origo.hu/kulpol/2026/04/szumi-tulero-szoritja-hatra-az-ukranokat-csapasok-varos
f54d3aac36a826697034e500e0f950471d51243607b0d1ef60e4b9d6543f63ef,2026-04-14 06:34:27.397340+00:00,hu,origo.hu,origo.hu,2026-04-14,Vasvári Vivien exkluzív felvételt osztott meg,https://www.origo.hu/teve/2026/04/vasvari-vivien-exkluziv-felvetelt-osztott-meg
4457af3f757869e4e4c12d704f77be2a7c86a92218b52ea1f581161446896360,2026-04-14 06:34:22.380415+00:00,hu,origo.hu,origo.hu,2026-04-14,Vigyázat! Elég megnyitni egy ilyen dokumentumot és már fel is törhetik a gépünket,https://www.origo.hu/techbazis/2026/04/dokumentum-pdf-tamadas-adobe-acrobat-reader
8a1bcedd9c7d687ba7e36949e4b36b376655f309d400990193569465fe92eef8,2026-04-14 06:34:04.754020+00:00,hu,origo.hu,origo.hu,2026-04-14,Főhet Arne Slot feje: Szoboszlaira a PSG elleni BL-meccsen is főszerep vár,https://www.origo.hu/sport/sport-futball/2026/04/szoboszlai-dominik-liverpool-psg-bl-felallas-taktika
338b70c9a83d9772efd8762f089d028a06546065acba0f83a063e5f5a78130fb,2026-04-14 06:33:59.783393+00:00,hu,origo.hu,origo.hu,2026-04-14,Nagy Bogi végre kitálalt – mindenki erre várt,https://www.origo.hu/teve/2026/04/nagy-bogi-valasa-uj-elet
c3e63637234e9f8dc9f31407cca6751bfe0b2bf4f7a25a2b757a1ab1718b73bc,2026-04-14 05:31:03.711677+00:00,hu,blikk.hu,blikk.hu,2026-04-14,Ennyi mindent tehet a Tisza Párt a kétharmados többségével,https://www.blikk.hu/politika/magyar-politika/valasztas-2026-tisza-part-ketharmados-tobbseg-kormanyalakitas/13jc1jt
8d6f59acb730ab9f5e108026c76f12118918c66a6b5806224ad09da23b1e9cbb,2026-04-14 05:30:58.751495+00:00,hu,blikk.hu,blikk.hu,2026-04-14,"Így változik a Google Térkép jövője: AI szolgálja a hasznosság fokozását, a közösségi tartalmat és a döntéstámogatást",https://www.blikk.hu/ferfiaknak/tech/google-terkep-gemini-ai-integracio/4lfd0rf
95927e9b181dff444607c48e8de8554452a04fd107416181dfec49cebc227dea,2026-04-14 05:30:54.034951+00:00,hu,blikk.hu,blikk.hu,2026-04-14,"Akkora Demjén Ferenc és az amerikai felesége otthona, mint a Városliget: ilyen az életük Rebeccával",https://www.blikk.hu/sztarvilag/hazai-sztarok/demjen-ferenc-rebecca-birtok-otthon/tjly444
8de1a821029568b57e16db3aa758a98a742e77b2963fddd00787e66e8101772b,2026-04-14 05:30:34.964430+00:00,hu,blikk.hu,blikk.hu,2026-04-14,"Így néz ki most a legendás tévés, Déri János sírja",https://www.blikk.hu/sztarvilag/hazai-sztarok/deri-janos-sirja-evfordulo-75-szuletesnap/8nz1yyl
fd31eeb2e8a4b77eb308d6c809ee965f37a86eb9fa7c2e0bec4874ec6d701f8d,2026-04-14 05:30:30.258655+00:00,hu,blikk.hu,blikk.hu,2026-04-14,Három csillagjegy előtt új dimenzió nyílik a szerelemben,https://www.blikk.hu/eletmod/lelek/csillagjegy-szerelem/706s2wf
a302d8daeebadbb12d83ef3587a2166345198064f03f6a8b58db7392db6d22dc,2026-04-14 05:29:57.863973+00:00,hu,blikk.hu,blikk.hu,2026-04-14,"Vucsics Magyar Péternek, ""Ki a keresztapa? Na, gyerünk, válaszolj! Ki a keresztapa?""",https://www.blikk.hu/politika/vilagpolitika/alekszandar-vucsics-magyar-peter-beszolas-szerbia-magyarorszag/2xegdel
508d1eb738ef033a3f66f4dbd2f2f983bd7722f9c3de0ea50f83a63bb87d29ad,2026-04-14 05:29:40.252637+00:00,hu,blikk.hu,blikk.hu,2026-04-14,"Sokan félnek tőle, pedig megmentheti az életét: Íme a P gomb titka",https://www.blikk.hu/auto/modern-auto-biztonsagi-funkcioelektronikus-kezifek/0whdgt7
0d9e506fc5903a8a32f20b17ec36fbbfed3aec6d5c330231f2f0c62eadeff21a,2026-04-14 05:29:28.963855+00:00,hu,blikk.hu,blikk.hu,2026-04-14,"Tizenkét film készült a Titanicról, de mi csak egyről teszteljük a tudását",https://www.blikk.hu/aktualis/kulfold/titanic-elsullyedt-film-kviz/9pmnbzw
0d9233b9ab9c35fdd0a8dbbcf916921eee155e5a03c933222f3bf63b7fa321d4,2026-04-14 05:28:39.433436+00:00,hu,blikk.hu,blikk.hu,2026-04-14,"Valkusz Mátéék továbbra is nélkülöznek az Exatlonban, mi hiányzik nekik",https://www.blikk.hu/sztarvilag/hazai-sztarok/valkusz-mate/tt8lqkk
5aceae87c75f0f0c875e8bfeda9498f5bc06d0f1305885ea95a984ca4a6a5487,2026-04-14 04:30:23.171496+00:00,hu,origo.hu,origo.hu,2026-04-14,"Soha többé nem hagyja nyitva a hálószoba ajtaját, ha ezt elolvassa",https://www.origo.hu/nagyvilag/2026/04/zart-haloszobaajto-tuz-eseten-eletmento-szokas
6aac6a3cb9077f190fefea33524b13249296b4d63a86be5bd7a17eeb6de91f64,2026-04-14 04:30:18.292957+00:00,hu,origo.hu,origo.hu,2026-04-14,"Otthoni főzés vagy rendelés? A különbség nagyobb, mint hinné",https://www.origo.hu/gasztro/2026/04/otthoni-fozes-etelrendeles
6bb4c33e947606728f582ff69285b2ce9492e627c2894faf38cf81e58d481e8d,2026-04-14 04:30:13.144378+00:00,hu,origo.hu,origo.hu,2026-04-14,"Hihetetlen dolog miatt bírságoltak meg egy autóst, fotó is készült róla!",https://www.origo.hu/auto/2026/04/indoklas-szokatlan-birsag-autos
b3baf7c15597a9cd557265907eada06df0d5ce4c2eb4a6d21da04224c5b34167,2026-04-14 04:30:08.373485+00:00,hu,origo.hu,origo.hu,2026-04-14,"Ropogtass az egészségedért – Íme 8 dióféle, ami segíthet rendbe tenni a koleszterinszinted",https://www.origo.hu/eletmod/2026/04/koleszterinszint-csokkentese-diofelek
5f5505e36f4f548182c9636cb519f055c513cd3bdc6db3b7dc4e1d48472111e8,2026-04-14 04:30:03.635832+00:00,hu,origo.hu,origo.hu,2026-04-14,"Európa turistacsapdái: így verik át a gyanútlan utazókat – Mutatjuk, miként védekezhetünk ellenük",https://www.origo.hu/utazas/2026/04/atveresi-trukkok-europa-turistak
01ca119e9705ffa3100287c46d8a222db5fbf3058d4cad77d9f696686feb91f3,2026-04-14 04:29:58.360653+00:00,hu,origo.hu,origo.hu,2026-04-14,"Nem Magyar Péter nyerte a választást, hanem a Fidesz-KDNP vesztette el",https://www.origo.hu/velemeny/2026/04/magyar-peter-nyerte-a-valasztast-vagy-megse
e25424f630aedc3aa5adad49f522a4c14211bd41a7eaef7db90e1b47d1645f23,2026-04-14 04:29:53.791756+00:00,hu,origo.hu,origo.hu,2026-04-14,Bizarr Veszprém–Szeged: mindenki valami teljesen másra gondolt,https://www.origo.hu/sport/sport-csapat/2026/04/veszprem-szeged-bodo-pascual-hesham-kezilabda
91908dad2f6cf312b30e6fda83e7c0205c44dc6ec07abe52679f299c3ba7aef5,2026-04-14 04:29:48.463773+00:00,hu,origo.hu,origo.hu,2026-04-14,A biztos halálból tértek vissza: az Apollo-13 hihetetlen története,https://www.origo.hu/nagyvilag/2026/04/apollo-13-kuldetes-baleset-robbanas
18da8ccb1ac13cb76f291c99496065679aee26edbb3209026fed49e57ebe059b,2026-04-14 04:29:43.259387+00:00,hu,origo.hu,origo.hu,2026-04-14,A válság szétfeszíti a német koalíciót,https://www.origo.hu/kulpol/2026/04/a-valsag-szetfesziti-a-nemet-koaliciot
37c087a417fd3eea20523c6ddc187e86ca1d0dbccfa038b4f1b7a30a4e5643fa,2026-04-14 04:29:38.606523+00:00,hu,origo.hu,origo.hu,2026-04-14,Brutális számok: veszélyes dolog derült ki a kutyás otthonokról,https://www.origo.hu/nagyvilag/2026/04/kutyas-otthon-bakterium-padlo-baba-egeszseg-kockazat
905cd5172c8dd587a756e52295e241efe065face3c235e221bd895931d3f2110,2026-04-14 04:29:33.189761+00:00,hu,origo.hu,origo.hu,2026-04-14,Egy rövid életű hős magható története: így jutott Lajka az űrbe,https://www.origo.hu/nagyvilag/2026/04/lajka-es-a-szputnyik-2-emlekezete
c4161328293a06c8dd416b365a0999b0779431178bf1c789be4015379ddbded4,2026-04-14 04:29:28.154269+00:00,hu,origo.hu,origo.hu,2026-04-14,Hormuzi-szoros: Trump mesterhúzása könnyen eldöntheti Irán sorsát,https://www.origo.hu/kulpol/2026/04/hormuzi-szoros-trump-iran-tengeri-blokad
485697e23edb7418cd7e651a1dc1203f96002ca86105d72d9d2532e4a22d1be9,2026-04-14 04:29:23.768957+00:00,hu,origo.hu,origo.hu,2026-04-14,"Kiderült az igazság a borról: tényleg lassítja az öregedést, de van egy csavar",https://www.origo.hu/nagyvilag/2026/04/biologiai-oregedes-bor-napi-1-2-pohar-hatasa
36bdafb0e9ef0adc9822cd425cd201df5006f880c33651b395375473ac4c623b,2026-04-14 04:29:18.519489+00:00,hu,origo.hu,origo.hu,2026-04-14,Egyre többször fáj a hasa? Ez állhat a háttérben,https://www.origo.hu/nagyvilag/2026/04/emesztesi-problemak-idosebb-korban-okok-tunetek-megoldasok
c6c9ef61b6c3ac040a56c31c2473c225257ef5c9dc41acd0876934f53e48c305,2026-04-14 04:29:13.393000+00:00,hu,origo.hu,origo.hu,2026-04-14,"Udvariaskodni akart, amikor nem kellett volna, rommá törték a kocsiját – videó",https://www.origo.hu/auto/2026/04/baleset-udvariaskodas-kovetesi-tavolsag
1d51672e36d29b7934ac7145b23e9d6a77b40e05c5549ac970e75cadae9ba659,2026-04-14 04:29:08.952705+00:00,hu,origo.hu,origo.hu,2026-04-14,Szereti a zenét? Ez az izzasztóan nehéz kvíz önnek való – keveseknek sikerül megoldani,https://www.origo.hu/nagyvilag/2026/04/kviz-zene-rock-klasszikus-teszt
6114ea1786e489b3ccf707504008ee4909f6485529849227b639eb218bc91335,2026-04-14 04:29:03.933174+00:00,hu,origo.hu,origo.hu,2026-04-14,"Szoboszlai Dominik a kamerák előtt már bocsánatot kért, most a pályán is megteheti",https://www.origo.hu/sport/sport-futball/2026/04/szoboszlai-dominik-liverpool-psg-bajnokok-ligaja
13c124c0a014c6a6c86e77505380d36a2012f4dc699c290a633e93e1020eb02f,2026-04-14 04:28:58.322721+00:00,hu,origo.hu,origo.hu,2026-04-14,Ezt jelezheti a nyakon megjelenő zsírpúp – komoly betegség is állhat a háttérben,https://www.origo.hu/nagyvilag/2026/04/zsirpup-komoly-betegseg-is-allhat-a-hatterben
f94d1a7508d769ef8c45fc6904b36cfbbb405cdea1eb4cc9f10d16da03a7677d,2026-04-14 04:28:53.425477+00:00,hu,origo.hu,origo.hu,2026-04-14,"Horrorfilmmé változott egy csendes utca, csoda, hogy senki sem halt meg",https://www.origo.hu/auto/2026/04/horrorfilmme-valtozott-egy-csendes-utca-csoda-hogy-senki-sem-halt-meg
beca7e6b28bf71de6ab0dc8f4a06d35582610e8b2cc2c0122b375e4b9d248b44,2026-04-14 04:28:48.057820+00:00,hu,origo.hu,origo.hu,2026-04-14,"Kirabolták az UFC szupersztárját, majd megdöbbentő dolog történt",https://www.origo.hu/sport/sport-egyeni/2026/04/ufc-islam-makhachev-ketrecharc-rablas
cccc3f7bbb78fc261cfa5afcb2e3aa224a6d77789ae33564a0c21421774175a0,2026-04-14 03:32:24.861738+00:00,hu,blikk.hu,blikk.hu,2026-04-14,"A tévé falra szerelése helyet szabadít fel a nappaliban, de miért jó még ez a megoldás?",https://www.blikk.hu/ferfiaknak/tech/televizio-falra-szereles-szempontok/ewlbblj
acbd3bdaa3b1a3b966321f52a40787735bb03ed7a61f9810799a338522f8cd87,2026-04-14 03:31:01.665815+00:00,hu,blikk.hu,blikk.hu,2026-04-14,Magyar sztárok bukása a politikai pályán: visszatérhetnek a képernyőre?,https://www.blikk.hu/sztarvilag/hazai-sztarok/politikai-szerepvallalas-visszateres/pt1g2zv
8c8b1e6f1fe586aaa6996cf673d88a011122e478fcc848579afa1a42f0b57a96,2026-04-14 03:30:48.118064+00:00,hu,blikk.hu,blikk.hu,2026-04-14,"Tej helyett add a kávédhoz: erősíti a szívedet, tisztítja a beleidet és növeli az energiaszintedet",https://www.blikk.hu/eletmod/tippek/olivaolajos-kave-oleato/cmhbskt
2fff8be8d3b10ec4e296601072a629c54fa00f4ec8087e55534d70aafb43d21b,2026-04-13 23:40:11.956055+00:00,hu,origo.hu,origo.hu,2026-04-13,Magyar Péter hozzá fog járulni az EU 90 milliárd eurós ukrán hadikölcsönéhez,https://hirtv.origo.hu/hirtvkulfold/2026/04/magyar-peter-hozza-fog-jarulni-az-eu-90-milliard-euros-ukran-hadikolcsonehez
9454c48b280ab9309adda97736698003ba284b5bd92462bd644c16cb28eecaf4,2026-04-13 23:40:01.976059+00:00,hu,origo.hu,origo.hu,2026-04-13,Lelátó - Sorozatban ötödször lett bajnok a Vasas Óbuda,https://hirtv.origo.hu/ahirtvhirei/2026/04/lelato-sorozatban-otodszor-lett-bajnok-a-vasas-obuda
ad8ea525a91adebe26d1ba86c0a53f5b8887e6ade148a86c5faad220505c63df,2026-04-13 23:39:20.557478+00:00,hu,origo.hu,origo.hu,2026-04-13,Sajnos ismét ártatlan áldozatok veszítették életüket Budapesten,https://hirtv.origo.hu/ahirtvhirei/2026/04/sajnos-ismet-artatlan-aldozatok-veszitettek-eletuket-budapesten
a439a193853139050f74120b16c4332b59a47481f5abb9720c1e2ee651d9ddcf,2026-04-13 23:39:14.872092+00:00,hu,origo.hu,origo.hu,2026-04-13,Április 28-ra összehívta a Fidesz országos választmányi ülését Orbán Viktor,https://hirtv.origo.hu/ahirtvhirei/2026/04/aprilis-28-ra-osszehivta-a-fidesz-orszagos-valasztmanyi-uleset-orban-viktor
18798822f67ef883d16908ab82f5d7ae8168523a2f08f5e85e0e2b737c9641e1,2026-04-13 23:39:04.928404+00:00,hu,origo.hu,origo.hu,2026-04-13,Épségben hazatért az Orion űrhajó legénysége,https://hirtv.origo.hu/hirtvszines/2026/04/epsegben-hazatert-az-orion-urhajo-legenysege
2aa46207a64cf6486746a314c7e17d14c42c2419ed1c603a0aeb528d4bd949f5,2026-04-13 23:39:00.292145+00:00,hu,origo.hu,origo.hu,2026-04-13,Orbán Viktor közösségi oldalán fontos üzenetet tett közzé,https://hirtv.origo.hu/ahirtvhirei/2026/04/orban-viktor-kozossegi-oldalan-fontos-uzenetet-tett-kozze
865a163ceb39ce0fe5aebae4bdcaba7f18bb5b75054329a9ec991ca93f5d9d54,2026-04-13 23:38:54.837003+00:00,hu,origo.hu,origo.hu,2026-04-13,A választás előtt más véleményen volt Magyar Péter,https://hirtv.origo.hu/ahirtvhirei/2026/04/a-valasztas-elott-mas-velemenyen-volt-magyar-peter
c49b0773cdf4237d0278ed60f629e7865e8a46a9d78e0ced3c405c8b5931da26,2026-04-13 23:38:44.902258+00:00,hu,origo.hu,origo.hu,2026-04-13,"Komment - Jó jel, ha egyből követelnek?",https://hirtv.origo.hu/ahirtvhirei/2026/04/komment-jo-jel-ha-egybol-kovetelnek
de8d14eebf16d39465897224cfa65dd88cc0c485efbcd759b1362e3beec1dc3e,2026-04-13 23:38:36.074398+00:00,hu,origo.hu,origo.hu,2026-04-13,A Hormuzi-szoros stratégiai jelentősége évtizedek óta megkérdőjelezhetetlen,https://hirtv.origo.hu/hirtvkulfold/2026/04/a-hormuzi-szoros-strategiai-jelentosege-evtizedek-ota-megkerdojelezhetetlen
2572316aea1f4e07841456c585285f10bb726b0c06dab81f089fbd8ab24a86a5,2026-04-13 23:38:31.316109+00:00,hu,origo.hu,origo.hu,2026-04-13,"Nem lenne szabad, hogy barátságok, családi kapcsolatok menjenek tönkre",https://hirtv.origo.hu/ahirtvhirei/2026/04/nem-lenne-szabad-hogy-baratsagok-csaladi-kapcsolatok-menjenek-tonkre
27e8146c3260d507f0d8025448ce21c4804be3b642e166dacf6aa737105ae74b,2026-04-13 23:38:26.292409+00:00,hu,origo.hu,origo.hu,2026-04-13,"Biztosan fogunk hibázni"" - Nemzetközi sajtótájékoztatót tartott Magyar Péter",https://hirtv.origo.hu/ahirtvhirei/2026/04/biztosan-fogunk-hibazni-nemzetkozi-sajtotajekoztatot-tartott-magyar-peter
5fa60a3fc77f69df8624725150098845f72dce40f31c3c821b303eb060db4579,2026-04-13 22:20:28.646375+00:00,hu,origo.hu,origo.hu,2026-04-13,"Kiállítás hajtépésért, Szoboszlai excsapattársa elintézte a Manchestert",https://www.origo.hu/sport/sport-futball/2026/04/manchester-united-leeds-united-hajhuzas-szoboszlai
eea3b3ecfc236cdf4e6e5a84279cac216ce2f9a6ed8cb5f6fa8346a8d12edaf3,2026-04-13 22:20:23.312510+00:00,hu,origo.hu,origo.hu,2026-04-13,Sokkoló fölény Budapesten: a magyar női hokisok lenullázták Kínát,https://www.origo.hu/sport/sport-csapat/2026/04/magyar-noi-jegkorong-valogatott-vilagbajnoksag-kina
42637cdf7a7603ce537de4b23cd851c5590e00446ccb20c59ddc551968a7aa71,2026-04-13 22:19:57.342816+00:00,hu,origo.hu,origo.hu,2026-04-13,"Madárral ütközött a Wizz Air Budapest-Barcelona járata, azonnal visszafordult a repülőgép",https://www.origo.hu/kek-hirek/2026/04/repulogep-wizz-air-utkozes
b1ede73d7560ed67c97a11fb70cdd91e8e0cf919b4b337869c16e8f66ea0cb35,2026-04-13 21:45:04.372638+00:00,hu,blikk.hu,blikk.hu,2026-04-13,"Nagy lehetőséget szalasztott el, mégis újra dobogós a Debrecen",https://www.blikk.hu/sport/magyar-foci/kisvarda-debrecen-eredmeny/nf3qppl
c4791f3686adab6105c429d43fd7c71dc3a09818cda6b311604b04b12f58ac5e,2026-04-13 21:21:05.799638+00:00,hu,index.hu,index.hu,2026-04-13,"Újra megnyílnak az X-akták, de vajon visszatér Mulder ügynök is?",https://index.hu/mindekozben/poszt/2026/04/13/david-duchovny-x-aktak-szinesze-visszaterhet-az-uj-filmben/
da9afa2d130a12e91670944b2803a7ad0438da48400161654feed4d30f0bb6de,2026-04-13 21:21:00.204857+00:00,hu,index.hu,index.hu,2026-04-13,A magyarországi bankok szövetsége is reagált Magyar Péter győzelmére,https://index.hu/gazdasag/2026/04/13/magyar-peter-tisza-part-valasztas-valasztas-2026-bankok-bankszovetseg/
e49b4ec3e536f712af1d375e647bab4b0d494e8f167163960351966fbc2ce492,2026-04-13 21:20:51.915710+00:00,hu,index.hu,index.hu,2026-04-13,"Eckü ismét Gulyás Gergelynek üzent, a rapper a Kormányinfóra készül",https://index.hu/fomo/2026/04/13/ecku-hosok-rapper-beszolas-gulyas-gergely-uzenet/
33754f56b46cb5e9ad852bdd9ea167081d9f9af42991abd1e4ef35df0645e9cb,2026-04-13 21:20:46.221901+00:00,hu,index.hu,index.hu,2026-04-13,"Toroczkai László: Megóvjuk a választás eredményét, ha kell, Strasbourgig is elmegyünk",https://index.hu/belfold/2026/valasztas/2026/04/13/toroczkai-laszlo-mi-hazank-mozgalom-valasztas-2026-meta-egyenes-beszed-ronai-egon/
c0342357f31efc34330e1701762caeb6d9c18e60f2d595da137ba96a8b49f189,2026-04-13 21:20:42.380579+00:00,hu,index.hu,index.hu,2026-04-13,"Éveken át udvarolt neki Bajor Imre, meglepő részletet árult el kapcsolatukról Hernádi Judit",https://index.hu/mindekozben/poszt/2026/04/13/hernadi-judit-es-bajor-imre-szerelem-lehetett-volna-koztuk-heti-hetes/
17e4e4e072fc46b8319dd56b817de9511b88eb781b7214e3724ceba59afa7a5f,2026-04-13 21:20:36.275861+00:00,hu,index.hu,index.hu,2026-04-13,Fekete-Győr András: A fiatalok verték be az utolsó szögeket a NER koporsójába,https://index.hu/belfold/2026/04/13/fekete-gyor-andras-parlamenti-valasztasok-tisza-part-fidesz-orszaggyulesi-valasztas/
0cf01089df67b6e8101c0572b90dddbbe7f38c0ade60d41692bb8a6eed43a293,2026-04-13 21:20:31.768187+00:00,hu,index.hu,index.hu,2026-04-13,"Sebestyén Balázs a választás után: Rühelltem, gyűlöltem, borzasztó volt ez a pszichó",https://index.hu/fomo/2026/04/13/sebestyen-balazs-balazsek-radio1-tisza-part-gyozelem-valasztas-2026-magyar-valasztasi-eredmeny/
de5f4de33b5793a5dae7e17068c6d01a96b74cffdc5de3b346d16f4ee8e03c34,2026-04-13 21:20:21.343688+00:00,hu,index.hu,index.hu,2026-04-13,Két nappal a választás után máris a Magyarországgal szemben felfüggesztett uniós forrásokról tartanak sajtótájékoztatót,https://index.hu/kulfold/2026/04/13/europai-unio-europai-parlament-magyar-peter-tineke-strik-magyar-jogallamisag-korrupcioellenesseg-reformok-unios-forrasok/
e2fb3d11be7e0ed4a7fcea238ef85368943670a72ae142d3ae4f4cb526db18c6,2026-04-13 21:20:10.385036+00:00,hu,index.hu,index.hu,2026-04-13,"Az oldalára borul a mentőautó, amely karambolozott a XIII. kerületben",https://index.hu/belfold/2026/04/13/mentoauto-furgon-karambol-xiii.-kerulet-katasztrofavedelem-budapest-hajdu-utca-fay-utca/
d5a125332ca92ab07a545874d8c0cac82957222f03be6c935e1cf40817f876ee,2026-04-13 21:19:50.601898+00:00,hu,index.hu,index.hu,2026-04-13,Női hokisaink számára Kína legyőzése sem jelentett problémát Káposztásmegyeren,https://index.hu/sport/jegkorong/2026/04/13/hoki-jegkorong-magyar-kinai-noi-valogatott-kaposztasmegyer-divizio-i-vb-vilagbajnoksag/
18ad5fbaa24413f204a73e42c059337841649f65fcd3409e55c749057a82ec90,2026-04-13 21:19:45.607603+00:00,hu,index.hu,index.hu,2026-04-13,Erős figyelmeztetést kapott a leendő Tisza-kormány,https://index.hu/gazdasag/2026/04/13/magyar-peter-tisza-part-fitch-ratings-magyar-gazdasag-kihivas/
2958005594bab85b8aebc0e4849b8fe73f122ea39620dcbaf6b0256f7fbfb5ff,2026-04-13 21:19:21.326257+00:00,hu,index.hu,index.hu,2026-04-13,"Szoboszlai Dominik olyan párhuzamot vont, amire minden magyar büszke lehet",https://index.hu/bajnokokligaja/2026/04/13/liverpool-psg-negyeddonto-visszavago-varakozasok-szoboszlai-dominik/
53251fca1a31f4d28c8cfa87f4daf8113d38c3f1335a9f4323da89c62130eae1,2026-04-13 21:19:17.233672+00:00,hu,index.hu,index.hu,2026-04-13,"Tarjányi Péter elmondta, hogy mitől félhet most leginkább a Fidesz",https://index.hu/belfold/2026/04/13/tarjanyi-peter-biztonsagpolitikai-szakerto-tisza-part-fidesz-valasztas-2026/
4f44805abdd9b3007433e5059db96a933202f4cb9472f584837a7eb757e30640,2026-04-13 20:48:12.900243+00:00,hu,blikk.hu,blikk.hu,2026-04-13,A Mi Hazán megóvaja a választásokat,https://www.blikk.hu/politika/magyar-politika/mi-hazank-toroczkai-laszlo-ovas/kqtv5xm
f4970698f938ec0e7ee5a28417c668945a82184e4374b6e8022ba737346acc8b,2026-04-13 20:46:59.491442+00:00,hu,blikk.hu,blikk.hu,2026-04-13,Veszélyes anyag az utakban: azbesztet mutattak ki Szombathelyen,https://www.blikk.hu/aktualis/belfold/azbeszt-szennyezes-szombathely/qh1zsgp
13c3f23653ff89a5a5e0c0e83fb5509be28b025c77a30b6cf800643c1e945164,2026-04-13 20:39:09.426097+00:00,hu,origo.hu,origo.hu,2026-04-13,"Egy nap sem telt el a választás óta, a Fidesz állítása máris beigazolódott Magyar Péterről",https://www.origo.hu/belpol/2026/04/egy-nap-sem-telt-el-a-valasztas-ota-a-fidesz-allitasa-maris-beigazolodott-magyar-peterrol
845cecfaf6a8efb8514200be26e9e9de2a659a00431c0f7242b18ca25c9e7666,2026-04-13 20:38:48.589061+00:00,hu,origo.hu,origo.hu,2026-04-13,"Élet-halál harcot vívtak a mentők a kismamáért, akit egy frontális baleset után kellett újraéleszteni",https://www.origo.hu/kek-hirek/2026/04/baleset-kismama-varandos-romania
b4ff64e0c9a17cd1f7f10b759760758bd4ca75631bdac2a0efab97914bdf025c,2026-04-13 20:38:43.794726+00:00,hu,origo.hu,origo.hu,2026-04-13,"Az egzotikus szépségű színésznő, Cynthia Addai-Robinson köldökig érő dekoltázsával vonja magára a férfitekinteteket",https://www.origo.hu/foto/2026/04/cynthia-addai-robinson
bb652e7c6ac8abe58f4fab9c3e3762311ecf9097a6772095008fe8dbafa16fc8,2026-04-13 20:38:36.332017+00:00,hu,origo.hu,origo.hu,2026-04-13,Magyar Péter válaszolt Sulyok Tamás rendkívüli bejelentésére,https://www.origo.hu/belpol/2026/04/magyar-peter-valaszolt-sulyok-tamas-rendkivuli-bejelent
10974d07a0e44fd9357513b9017153640ac02a07e5baabb3b598acb46f48cc03,2026-04-13 20:38:31.646211+00:00,hu,origo.hu,origo.hu,2026-04-13,Az anya kádba fojtotta lányát: drámai fordulat a piricsei gyilkosság ügyében,https://www.origo.hu/kek-hirek/2026/04/gyilkossag-piricse-targyalas-gyilkos
4ad55f173659d1b8d9ea637a7a328523c087f2e09c983d673e32b5e2e7f66f48,2026-04-13 20:38:26.409285+00:00,hu,origo.hu,origo.hu,2026-04-13,"Pócs János a Partizánban: Ha korona is van a fején, az áruló az áruló marad",https://www.origo.hu/belpol/2026/04/pocs-janos-ha-korona-fejen-az-arulo-az-arulo-marad
552456bf5190d0132bfae329dc3e23d78d4d6a5f77c6fd9bc5d741c04e3a0514,2026-04-13 20:38:10.411736+00:00,hu,origo.hu,origo.hu,2026-04-13,"Gyönyörű szőke hajával, durva dekoltázsával és elbűvölő tekintetével babonázza meg követőit a youtuber Samantha Harvey – szexi galéria",https://www.origo.hu/foto/2026/04/samantha-harvey-galeria
af392abfb1c0ed46fa2052dbdc5fb3c3e7aff0d53e5db769e239f2af53267a33,2026-04-13 20:38:05.306495+00:00,hu,origo.hu,origo.hu,2026-04-13,Veszélyben a világ? – kitörésre készül a Yellowstone szupervulkán,https://www.origo.hu/nagyvilag/2026/04/szupervulkan-yellowstone-kitores-veszelyben-vilag
ddbd2dcfae65f6d4a33d23647ea9ffc4cf1df04a824ef1059ff16bf105aa3408,2026-04-13 20:37:56.269604+00:00,hu,origo.hu,origo.hu,2026-04-13,"Sorosista tartótisztet küldtek az ukránok, hogy kézivezérelje Magyar Pétert",https://www.origo.hu/belpol/2026/04/sorosista-tartotisztet-kuldtek-az-ukranok-hogy-kezivezerelje-magyar-petert
b9052f8868004f67d30303e272a2d56cbb74471fa246ce6137b7ca375e0a1ea0,2026-04-13 20:37:37.498141+00:00,hu,origo.hu,origo.hu,2026-04-13,Szexista megjegyzések miatt áll a bál Schäfer András csapatánál,https://www.origo.hu/sport/sport-futball/2026/04/schafer-andras-union-berlin-noi-vezetoedzo-kritika
1fe0b5d58cf49ecf9421cf8868a64729759a11a0431b790ce3e0637baf0e3862,2026-04-13 20:32:00.950625+00:00,hu,blikk.hu,blikk.hu,2026-04-13,Növényi Norbertnek kemény harcost kell legyőznie a bajnoki címért,https://www.blikk.hu/sport/novenyi-norbert-mma-donto/2dge34p
e634bd5fe55c51c361e2cd13aaab23137abcf259d0ba08051c48e18d5a3ad22e,2026-04-13 20:30:36.716340+00:00,hu,blikk.hu,blikk.hu,2026-04-13,A legfőbb ügyész a választás másnapján azt írta: Gundalfék ügyében vizsgálat indul,https://www.blikk.hu/politika/magyar-politika/gundalf-legfobb-ugyesz-tisza-part-kemkedes-valasz/bpzjxw9
7a9eb89e682e207737f518dd0a67a0f8475d772c67e61058e4035b3420253601,2026-04-13 20:25:25.466077+00:00,hu,index.hu,index.hu,2026-04-13,Fodor Gábor szerint szó sincs rendszerváltásról,https://index.hu/gazdasag/2026/04/13/orban-viktor-magyar-peter-tisza-part-fodor-gabor-politika-gazdasag-kormanyalakitas-valasztas-2026-valasztas/?utm_source=hirstart&utm_medium=referral&utm_campaign=ct
30f96a08ee801a51b01040c71f8329d0fbaf1d97db26a2d5cc3a42f5cce34679,2026-04-13 20:24:49.502823+00:00,hu,blikk.hu,blikk.hu,2026-04-13,"Alig emelkedett a levegőbe, máris le kellett szállnia a Wizz Air gépének Budapesten",https://www.blikk.hu/aktualis/belfold/wizz-air-budapest-repulo-visszafordult/gl4wypp
6c7b38571e3f5c2a41c07a38676af389314db16db52bf641228b2b2c232a8138,2026-04-13 20:24:44.037237+00:00,hu,blikk.hu,blikk.hu,2026-04-13,Nagy Ervin és Borbély Alexandra csókkal ünnepelte a választási sikert,https://www.blikk.hu/sztarvilag/hazai-sztarok/borbely-alexandra-nagy-ervin-csok-valasztas/d6tgnh2
0b390af86bdd98b18b4323751fe7c0f58b21ded4912b4ff2b8cbfb7f9366e147,2026-04-13 20:24:05.601319+00:00,hu,blikk.hu,blikk.hu,2026-04-13,"Itt van Sulyok Tamás levele, amit Magyar Péternek írt, ez áll benne",https://www.blikk.hu/politika/magyar-politika/tisza-part-magyar-peter-sulyok-tamas-level/2z0b91w
30f7a4b905f9a2d6a05dbbcdf209857aed61e08f208a5fed181638fff88fa863,2026-04-13 20:23:34.292679+00:00,hu,blikk.hu,blikk.hu,2026-04-13,"Beígérte, megtartotta! Itt az Eckü-féle Kormányinfó: "" Vadállat vagyok...""",https://www.blikk.hu/sztarvilag/hazai-sztarok/ecku-kormanyinfo-valasztas/sl36lpl
f7f3d190da6bf5269f1e0be10b1ff3efb7ad1d0f53359c5cf84c6611a9c13c02,2026-04-13 20:23:12.134451+00:00,hu,blikk.hu,blikk.hu,2026-04-13,"Puzsér Róbert ezúttal sem fogta vissza magát, szerinte a magyarok lemosták magukról a moszkovita szennyet",https://www.blikk.hu/sztarvilag/hazai-sztarok/puzser-robert-velemeny-valasztas-rendszerbonto-nagykoncert/82xhcs0
39ee5281221435c123406c7bc48e2b189991903c771556dc58a7e670b06c0787,2026-04-13 20:22:30.424621+00:00,hu,blikk.hu,blikk.hu,2026-04-13,"Egyedi Jordan cipőért folyt a licit A legjobb ajánlat műsorában, így döntöttek róla",https://www.blikk.hu/sztarvilag/hazai-sztarok/albert-koppany/2x4nqzt
fa6394accdc6de9667d25762969428960a666830401edabf74235a750ba20e71,2026-04-13 20:22:25.021527+00:00,hu,blikk.hu,blikk.hu,2026-04-13,"A sztárséf egy álomszép helyszínen, külföldön tette fel a nagy kérdést, és minden részletet megosztott a Blikk olvasóival",https://www.blikk.hu/sztarvilag/hazai-sztarok/boza-roland-eljegyzes-eskuvo-konyhafonok-sztarsef/2b782q5
b3dcbce7a3a3ac838c8b922447d163b18ff983da9bf31813001628aa3c8aa23f,2026-04-13 19:26:14.991473+00:00,hu,blikk.hu,blikk.hu,2026-04-13,Magyar Péter az RMDSZ elnökével egyeztetett,https://www.blikk.hu/politika/magyar-politika/magyar-peter-rmdsz-kelemen-hunor/1y1qjhy
49229c1882ff21248ce43ab92debe37029b4e23e27fdaa69e87b22c7e405876d,2026-04-13 19:25:57.468518+00:00,hu,blikk.hu,blikk.hu,2026-04-13,"Ezért néz ki annyira másképp a Hold túlsó oldala, mint a közeli",https://www.blikk.hu/ferfiaknak/tech/hold-kinezet-magyarazat-kutatas/v50g3sv
93d7892b87f07f251a625fec76d3301bb10c70641001396289cac82477c46fda,2026-04-13 19:25:40.473134+00:00,hu,blikk.hu,blikk.hu,2026-04-13,"Megszólalt Orbán Viktor a vereség után, elmondta, mi a terve",https://www.blikk.hu/politika/magyar-politika/orban-viktor/65txzlr
5b692927cd33b550e48b530216e26b17dfb8bc5063ab47d4de37ddfc15635435,2026-04-13 19:25:35.564046+00:00,hu,blikk.hu,blikk.hu,2026-04-13,Hengerelt a Veszprém – simán behúzták a Szeged elleni kézirangadót,https://www.blikk.hu/sport/veszprem-szeged-eredmeny/e0b20hq
d8fcfefebb57b496b5d211485c59363594fa5e3fab39d285dd843762a76e9ba0,2026-04-13 19:25:30.875704+00:00,hu,blikk.hu,blikk.hu,2026-04-13,"Az NMHH nem reagál politikai nyilatkozatokra, jogi keretek között működik",https://www.blikk.hu/politika/magyar-politika/nmhh-elnok-lemondas-felszolitasa-magyar-peter/3s8rw4r
226d1ac6dc9020c50c1105ba37fd8b006adb2a5641f57248188f2c208c9aa7ba,2026-04-13 19:25:17.475818+00:00,hu,blikk.hu,blikk.hu,2026-04-13,Az Éhezők Viadala színésze bukkant fel a választás utáni ünneplésen,https://www.blikk.hu/sztarvilag/nemzetkozi-sztarok/josh-hutcherson-ehezok-viadala-valasztas/g2qfyej
970af5b2e5ea27afce7fb149f5c9c57533aec6f1132caad1d4b6129627463ed3,2026-04-13 19:25:12.316924+00:00,hu,blikk.hu,blikk.hu,2026-04-13,"Hihetetlen: óriási pofonok, a szurkolók is becsatlakoztak a kézilabdabunyóba – videó",https://www.blikk.hu/sport/kezilabda-csehorszag-verekedes/y3vz4lg
159ed1fbcf5e70b1974e72738cc14c6044d823cda78a511c0f91deae2e6b17c8,2026-04-13 18:49:17.280167+00:00,hu,index.hu,index.hu,2026-04-13,"Ritka ragadozót észleltek Bács-Kiskunban, egyetlen lövéssel végeztek vele",https://index.hu/belfold/2026/04/13/bacs-kiskun-feher-aranysakal-kigyosmenti-vadasztarsasag-sosto-ragadozo-ritka-jelenseg/
e2307c42b57de8d9f31c3b53b9d351775849f62fb66365972e745924db222b0f,2026-04-13 18:49:11.517247+00:00,hu,index.hu,index.hu,2026-04-13,Magyar Péter jövő héten személyesen tárgyal Kelemen Hunorral,https://index.hu/belfold/2026/04/13/magyar-peter-kelemen-hunor-rmdsz-tisza-part-ketharmados-gyozelem-erdelyi-magyarok/
32ca2be28ce806c2f160a09e1dcad176a0a5051a0adedcb912e50ee31ed559c0,2026-04-13 18:49:06.606207+00:00,hu,index.hu,index.hu,2026-04-13,"Orbán Viktor közölte, mi a Fidesz terve, és hogyan szervezik újra magukat",https://index.hu/belfold/2026/04/13/orban-viktor-miniszterelnok-fidesz-valasztas-2026-facebook/
58cad71aeed717ed1594865b6b73699c3b150240132713a970fc270d1a687632,2026-04-13 18:49:02.334813+00:00,hu,index.hu,index.hu,2026-04-13,"Molnár Gusztáv kislánya egy rutinvizsgálaton kiderült probléma miatt előbb érkezett, mint várták: „Azóta teljes káosz van”",https://index.hu/mindekozben/poszt/2026/04/13/molnar-gusztav-egy-rutinvizsgalaton-kiderult-problema-miatt-elobb-erkezett-mint-vartak-azota-teljes-kaosz-van-/
accfe485b04ddae1e35af02bf604a9b3f215877813e730135ad8df0b57d41561,2026-04-13 18:48:51.552207+00:00,hu,index.hu,index.hu,2026-04-13,Pócs János szerint Orbán Viktor a felelős a Fidesz vereségéért,https://index.hu/belfold/2026/04/13/pocs-janos-fidesz-tisza-part-ketharmad-felelosseg-orban-viktor-partizan/
b5b2bb34b3de20212501afb8936d4713890c5bf805f534e720cca544800311c7,2026-04-13 18:48:44.461616+00:00,hu,index.hu,index.hu,2026-04-13,"Rogán Antal reagált a Fidesz bukására: Tudom, hogy megbüntettek minket az emberek",https://index.hu/belfold/2026/04/13/rogan-antal-valasztasok-2026-reakcio-szabo-balint-buntetes-tisza-ketharmad/
107c2db30eca5a716a80f077e1b9007dcb0679e0418a49aba0875c006fa377b7,2026-04-13 18:48:39.440962+00:00,hu,index.hu,index.hu,2026-04-13,"Erdogan katonai akcióval fenyegette meg Izraelt, Jeruzsálem éles szavakkal vágott vissza az elnöknek",https://index.hu/kulfold/2026/04/13/recep-tayyip-erdogan-torokorszag-izrael-fenyegetes-ciprus/
c1fba4c555f82830a7d694482c5d210f17685eb244e3c2634905eb5f636f91a2,2026-04-13 18:48:34.457028+00:00,hu,index.hu,index.hu,2026-04-13,"Toroczkai László szerint Magyar Péter mindent hoz, ami rossz volt a Fideszben, diktatórikus hatalomgyakorlásra számít",https://index.hu/belfold/2026/04/13/toroczkai-laszlo-novak-elod-duro-dora-mi-hazank-valasztas-2026/
d3dab6dba21c339ae551b3d87c06851df7cc0be00a2e71f257ae0034c001eb74,2026-04-13 18:48:29.493638+00:00,hu,index.hu,index.hu,2026-04-13,Az államfőtől a legfőbb ügyészig: közjogi vezetőket szólított fel távozásra Magyar Péter,https://index.hu/belfold/2026/04/13/magyar-peter-miniszterelnok-koztarsasagi-elnok-legfobb-ugyesz-kuria-alkotmanybirosag-mandatum/
68d374795bbaef8f449724e03e68766a9da7f3e3c248fc3450a451e6b1605f87,2026-04-13 18:48:24.558678+00:00,hu,index.hu,index.hu,2026-04-13,"Csak a hajrában dőlt el, a Veszprém nyerte meg a Szeged elleni rangadót",https://index.hu/sport/kezilabda/2026/04/13/kezilabda-nb-i-one-veszprem-otp-bank-pick-szeged-osszefoglalo/
cbfb52249ad7fb938315b626d04c08b8a7a381ad70282ffc43350a1c05617fcf,2026-04-13 18:48:12.777628+00:00,hu,index.hu,index.hu,2026-04-13,A legfőbb ügyész elrendelte a Szabó Bence által feltárt ügy kivizsgálását,https://index.hu/belfold/2026/04/13/szabo-bence-tisza-part-direkt36-jambor-andras-kozponti-nyomozo-ugyeszseg/
ff12935fea4fac03bfa1ed047abba2ca0e6ae3535c41c0efabe3850583d5f54a,2026-04-13 18:48:07.848583+00:00,hu,index.hu,index.hu,2026-04-13,Tisza-szelet: csokoládé született a kétharmados győzelem emlékére,https://index.hu/belfold/2026/04/13/tisza-part-tejcsokolade-tisza-szelet-rimoczi-art-valasztas-2026/
3d62c343a42e9086e89f7283d06bcb5e64f09d075768eb093c94dd2e9a7fe573,2026-04-13 18:47:48.122214+00:00,hu,index.hu,index.hu,2026-04-13,Sydney Sweeney bizarr szexuális tartalmú jelenetei miatt akadtak ki a nézők az Eufória új évadán,https://index.hu/kultur/cinematrix/2026/04/13/sydney-sweeney-euforia-3.-evad-botrany-sam-levinson-kritika-zendaya-hbo-kritikak-sorozat/
36540305d22310be5b83cdc748e9a0d98b5857d15ec9ad45ac1397f9322ce758,2026-04-13 18:47:40.287255+00:00,hu,index.hu,index.hu,2026-04-13,"Elárulták, ki vásárolta meg a Szőlő utcai javítóintézet épületét",https://index.hu/gazdasag/2026/04/13/szolo-utcai-javitointezet-magyar-nemzeti-vagyonkezelo-mnv-market-asset-management-zrt./
9fb2b59f9205bf75091ff0ad6ce3147897342c072621fd7b2eaede7e2bc6b95a,2026-04-13 18:31:11.689936+00:00,hu,blikk.hu,blikk.hu,2026-04-13,"Pócs János szerint Orbán Viktor a felelős a Fidesz bukásáért: ""Mögé álltunk be mi, mint katonák""",https://www.blikk.hu/politika/magyar-politika/pocs-janos-orban-viktor-felelos/br5x9mj
2035f5b9ef4a79eaaac73333c83d0d9edb6346fec120132961547f440284f07c,2026-04-13 18:31:00.772253+00:00,hu,blikk.hu,blikk.hu,2026-04-13,"Súlyos ítélet, a Lillát megrontó tanára után a pedofil apját is lecsukták",https://www.blikk.hu/aktualis/belfold/szexualis-eroszak-itelet/q62j93v
0aa574058532baf1928897bf6f666c89972ec5259d79527ba546e1325ba2b481,2026-04-13 18:30:56.273220+00:00,hu,blikk.hu,blikk.hu,2026-04-13,„Szívesen eltörném az állkapcsát” – Sokkoló visszatérésre készül Anthony Joshua,https://www.blikk.hu/sport/anthony-joshua-boksz-tyson-fury-kihivas/dpe4vyw
4270502004705f61e35bcf15227d1448e92e9b0e5c584b5517e6bc64d753d8b7,2026-04-13 18:30:50.933873+00:00,hu,blikk.hu,blikk.hu,2026-04-13,Garancsi érdekeltségébe került a botrányos múltú ingatlan,https://www.blikk.hu/gazdasag/penz/szolo-utcai-javitointezet-arveres-market-zrt/qgp3rwg
40cee4812e534df2a82245160cd17aae0b953f01663704698c245ce69b79830a,2026-04-13 18:30:38.577534+00:00,hu,blikk.hu,blikk.hu,2026-04-13,„Egy országot ne irányítson egy b.zi” – botrányos kijelentést egy jegyző a választás után,https://www.blikk.hu/politika/magyar-politika/piliscsaba-jegyzo-tragar-magyar-peter/j4pltq8
0c34e7569121032226080ec781ab2731ff696c0aeb3888adb2a90e0d1da910d0,2026-04-13 18:30:32.775691+00:00,hu,blikk.hu,blikk.hu,2026-04-13,Rogán Antal: a kormányzat okozta sebek begyógyítása már mások dolga,https://www.blikk.hu/politika/magyar-politika/rogan-antal-valasztas-kormanyzati-felelosseg/qj51939
2be0c87b4e52c4707bed6e0c713440876d6a9d1e1ed22521fcbbc14086141c67,2026-04-13 18:28:00.770290+00:00,hu,origo.hu,origo.hu,2026-04-13,"Vérbosszú: gyászoló apa lőtt le egy gyereket, akinek az apját hibáztatta a saját fia haláláért",https://www.origo.hu/kek-hirek/2026/04/bosszu-fegyver-apa-gyilkossag
54f9dfa6b4d01fb08fa6281a4d1f10394ff1112e646c4ca55e107f58980b6db1,2026-04-13 18:27:34.867534+00:00,hu,origo.hu,origo.hu,2026-04-13,Valóságos fegyverarzenált foglaltak le a győri nyomozók,https://www.origo.hu/kek-hirek/2026/04/fegyverarzenal-foglaltak-le-a-gyori-nyomozok
d344991093bbfe7818f30b6df4896ad18bc0ba07cfed66487b67b8fdba2b159b,2026-04-13 18:27:08.954539+00:00,hu,origo.hu,origo.hu,2026-04-13,"Kiderült, hogy Növényi Norbert ki ellen szerezheti meg a bajnoki címet",https://www.origo.hu/sport/sport-egyeni/2026/04/novenyi-norbert-mma-ketrecharc-kozepsuly-donto
38e5729b22a4f9becddd353f95c7915ec3f8dbb05b7476885b2a793ea91d4e13,2026-04-13 18:27:04.117189+00:00,hu,origo.hu,origo.hu,2026-04-13,Orbán Viktor minden magyarnak üzent – ezt látni kell,https://www.origo.hu/belpol/2026/04/orban-viktor-minden-magyarnak-uzent-ezt-latni-kell
95b23324fb9c5220791c3897627b73c5f8ed1fc8a04184202b74ec424b0e7faa,2026-04-13 18:26:58.790658+00:00,hu,origo.hu,origo.hu,2026-04-13,"Láthatatlan veszély a lakásban: sokkoló, mit lélegzünk be nap mint nap",https://www.origo.hu/nagyvilag/2026/04/mikromuanyag-kitettseg-lakas-levego-por
5b30a1a36ab3b04f4829dd220ac12a11fc1353210a0ea37886036497b0ff062b,2026-04-13 18:26:53.763980+00:00,hu,origo.hu,origo.hu,2026-04-13,Dömötör Csaba: Visszaszerezzük a bizalmat!,https://www.origo.hu/belpol/2026/04/domotor-csaba-visszaszerezzuk-a-bizalmat-valasztas
3cd5b97130aa52c89e8eb8e1cee357625dd9b7898c82040b4b598334ce9595c7,2026-04-13 18:26:48.845765+00:00,hu,origo.hu,origo.hu,2026-04-13,Sulyok Tamás rendkívüli bejelentést tett,https://www.origo.hu/itthon/2026/04/sulyok-tamas-rendkivuli-bejelentest-tett
65436a2a20922dfb72848568382437d78d0eb90a7035c0369b730d4837e2b66a,2026-04-13 18:26:21.784355+00:00,hu,origo.hu,origo.hu,2026-04-13,"Hableány-hajókatasztrófa: átaludták a segítségnyújtást, nagy bajban van a Viking Idun kapitánya",https://www.origo.hu/kek-hirek/2026/04/hableany-hajo-tragedia-tanuvallomas
1a740f172c91d83b00525a67b03d8fa9d30ce318f8b09f6f595f8d0e217cda4c,2026-04-13 18:26:16.758449+00:00,hu,origo.hu,origo.hu,2026-04-13,Mi történt a Veszprémmel a szünet után a kézirangadón?,https://www.origo.hu/sport/sport-csapat/2026/04/kezirangado-veszprem-szeged-nb-i-kezilabda
2b8f0c4f69fd6a2c5d68b7d1e289f6ae34d49f09f0edbe608af1fe9acca19f2f,2026-04-13 18:26:09.058234+00:00,hu,origo.hu,origo.hu,2026-04-13,"Az etióp szupermodell, Liya Kebede alakja lélegzetelállító – mintha úgy rajzolták volna, mutatjuk a képeit",https://www.origo.hu/foto/2026/04/liya-kebede-galeria
d4569932c3f1ac3cb32efb10b77fd685444401bbf7278acd3199f9d4bf459b1d,2026-04-13 18:25:51.974079+00:00,hu,origo.hu,origo.hu,2026-04-13,Halálos baleset az M5-ösön: egy nő életét már nem lehetett megmenteni,https://www.origo.hu/kek-hirek/2026/04/halalos-baleset-egy-eletet-mar-nem-lehetett-megmenteni
0a8ed6e76d0ab78f898a35e6a0d95d70df7a75cad0708f6456960f98ad6c5300,2026-04-13 18:25:46.758798+00:00,hu,origo.hu,origo.hu,2026-04-13,Váratlan felfedezést tett Kína a Holdon; ez mindent megváltoztathat,https://www.origo.hu/tudomany/2026/04/holdkutatas-mit-talalt-a-kinai-szonda
b1c43d40a5897d6b0d63c65d301b39583e9a6548339e6041af8addf237d3d6cd,2026-04-13 17:44:09.491939+00:00,hu,index.hu,index.hu,2026-04-13,Orbán Viktor az Alaptörvény újabb módosítása után nem lehet többé miniszterelnök,https://index.hu/belfold/2026/04/13/magyar-peter-alaptorveny-modositas-miniszterelnok-ciklus-orban-viktor/?utm_source=hirstart&utm_medium=referral&utm_campaign=ct
1f3b030294f0cda4f01477a677ee4eed178977b74fd5685a152cab26a2431edf,2026-04-13 17:41:19.951384+00:00,hu,blikk.hu,blikk.hu,2026-04-13,"Megkérdezték Magyar Pétertől: mit szóltak a gyermekei, hogy ő lesz a miniszterelnök",https://www.blikk.hu/politika/magyar-politika/magyar-peter-csaladja-fiai-varga-judit/9028sze
e77aeba830fa4f63c594be13246e6e445a260d386fcabd5a0df8eb53373fa93e,2026-04-13 17:41:14.193387+00:00,hu,blikk.hu,blikk.hu,2026-04-13,"Ez vár a Fradira, ha nem kap állami támogatást",https://www.blikk.hu/sport/magyar-foci/fradi-allami-penzek/nd9wpe9
661d1808c12436666920727618dbd90c85cf95621430593efdff189764eb4786,2026-04-13 17:40:15.705999+00:00,hu,blikk.hu,blikk.hu,2026-04-13,"A billentyűzetet gyakrabban kellene tisztítani, mint a fürdőszobát, és ennek jó oka van",https://www.blikk.hu/ferfiaknak/tech/szamitogep-tisztitas-egeszseg-tanacsok-tippek/l373q7z
76e026cecdd04283ec847d68fdd93be6049f6f11e106e3802e48ec77fcb9dfac,2026-04-13 17:39:33.075522+00:00,hu,blikk.hu,blikk.hu,2026-04-13,"Baki, vagy gerillaakció? A köztévé műsorvezetőjének ruháját viselte Lengyel Johanna A Nagy Duettben",https://www.blikk.hu/sztarvilag/hazai-sztarok/nagy-duett-lengyel-johanna/fndlb58
439007468f3dcecc4add139f27f8c71548985c7bd070a907bcde376e36c72182,2026-04-13 16:52:53.782273+00:00,hu,blikk.hu,blikk.hu,2026-04-13,"Nagy dologra készül az Anfielden, a Liverpool szurkolóinak üzent Szoboszlai Dominik",https://www.blikk.hu/sport/kulfoldi-foci/szoboszlai-dominik-liverpool-psg-nyilatkozat/g9rdvff
f87ff45ca77b8c3a75e5c3653686fdc775f127b4744fa80fd83b4f109021c5a3,2026-04-13 16:52:48.807831+00:00,hu,blikk.hu,blikk.hu,2026-04-13,"Trump bejelentette, Irán haditengerészete a tenger fenekén fekszik",https://www.blikk.hu/politika/vilagpolitika/trump-iran-haditengereszet-blokad/35sjbzt
c9c65688c3b659aefa21b1be752162d9170a42ccdd868fea860c7f969b12cd12,2026-04-13 16:52:20.766851+00:00,hu,blikk.hu,blikk.hu,2026-04-13,"Kamion és autó ütközött az M5-ösön, teljes útzár volt Ócsánál",https://www.blikk.hu/aktualis/belfold/kamion-szemelyauto-baleset-m5-halal/xbffdd3
d161b977448bc29902c3aba543bbfe994fc5ad6ddff8784047e1cf91770083f6,2026-04-13 16:52:15.767671+00:00,hu,blikk.hu,blikk.hu,2026-04-13,"Ezt még nem tudtuk, újabb dolog derült ki Szoboszlai Dominik gyerekéről",https://www.blikk.hu/sport/magyar-foci/szoboszlai-dominik-foto-kislany/wvr5vrp
88a583e4ee910d32fabbda69b256bede6152c4438747a2971f98d840a1da9666,2026-04-13 16:52:08.540633+00:00,hu,blikk.hu,blikk.hu,2026-04-13,Megtörte a csendet Lázár János a választás után,https://www.blikk.hu/politika/magyar-politika/lazar-janos-valasztas-tisza-part/hy24d15
69833d55ebaeb0b46a7f5736f872e426fae7ee731443eff8c05ae5e6564a3f13,2026-04-13 16:46:21.795913+00:00,hu,index.hu,index.hu,2026-04-13,"Sulyok Tamás egyeztetésre hívta Magyar Pétert, Orbán Viktort és Toroczkai Lászlót",https://index.hu/belfold/2026/04/13/sulyok-tamas-koztarsasagi-elnok-valasztasok-2026-egyeztetes-magyar-peter-tisza-part/
90458297a257e6f5c1b72f16542fcb5017698164ed263cbd1657f2496de405cb,2026-04-13 16:45:33.388521+00:00,hu,index.hu,index.hu,2026-04-13,"Magyar Péter elmondta, ki az a volt miniszter, aki ezután is a jelenlegi pozíciójában maradhat",https://index.hu/gazdasag/2026/04/13/magyar-peter-tisza-part-varga-mihaly-magyar-nemzeti-bank-mnb-forint-penz/
757b59a245c576b70a37f8d69ad6e8c929410be541954321dc5b91bbfaa81d0b,2026-04-13 16:45:26.791110+00:00,hu,index.hu,index.hu,2026-04-13,Egy nő meghalt az M5-ös autópályán történt balesetben Ócsa közelében,https://index.hu/belfold/2026/04/13/ocsa-m5-baleset-autopalya-halalos-utkozes-torlodas-orszagos-mentoszolgalat/
7732f94d32a25eb9a582acbac46435747f1b21770fbe9123afc7b3092a92ad43,2026-04-13 16:45:21.702995+00:00,hu,index.hu,index.hu,2026-04-13,Ukrán–finn szakembert neveztek ki az Újpest vezetőedzőjének,https://index.hu/sport/jegkorong/2026/04/13/erste-liga-ujpesti-te-jegkorongcsapat-anatoli-bogdanov-uj-vezetoedzo/
a248c55b49f52acc24a61421e67342067a2a5efc777140b7eff4341b4b350ff5,2026-04-13 16:45:16.643406+00:00,hu,index.hu,index.hu,2026-04-13,Matolcsy Ádám után szabadon – így lehet külföldre mozgatni vagyontárgyakat,https://index.hu/gazdasag/2026/04/13/vagyonvisszaszeres-valasztas-valasztas-2026-vagyontargy-ingosag-koltozes-kulfoldre-koltozes/
dcd5c78a847a73508b6ec5c16aabd924c3cc137652ac08a27dd066e9bad22883,2026-04-13 16:45:05.072318+00:00,hu,index.hu,index.hu,2026-04-13,Megszólalt Hegedűs Zsolt leendő egészségügyi miniszter a világhírűvé vált táncolós videójáról,https://index.hu/mindekozben/poszt/2026/04/13/megszolalt-hegedus-zsolt-leendo-egeszsegugyi-miniszter-miutan-viralissa-valt-tancolos-videoja/
a33bb2e29e3b5776c62dad5c8e868b15b398ee74a6db7c2f8a1098927cf96079,2026-04-13 16:44:55.511046+00:00,hu,index.hu,index.hu,2026-04-13,"Gyors és brutális megsemmisítést ígért Donald Trump Iránnak, ha megközelítik az amerikai blokádot",https://index.hu/kulfold/2026/04/13/donald-trump-iran-hormuzi-szoros-iran-konfliktus-blokad-truth-social/
491bd9d4a7f6667eedd4274905e201764501f2fb92f7bd4a456033953ed05cbd,2026-04-13 16:44:44.608812+00:00,hu,index.hu,index.hu,2026-04-13,"Nincs új a nap alatt, kedvezőtlen adat érkezett a magyar gazdaságról",https://index.hu/gazdasag/2026/04/13/epitoipar-epitoipari-termeles-szerzodesallomany-ksh-epuletek-epitkezes-beruhazas-unios-forrasok-unios-penzek/
f4055183bc1b781eafc315e3d8762be0e4dee7198469e1a3cf12ef0a13354118,2026-04-13 16:44:32.685447+00:00,hu,index.hu,index.hu,2026-04-13,"30 millió forintos óvadékot ajánlott fel a török sofőr, aki halálos balesetet okozott az Árpád hídnál",https://index.hu/belfold/2026/04/13/budapest-goncz-arpad-varoskozpont-baleset-aldozatok-birosag-ovadek-milliok/
1d16d341367b6626014eafc51d9f4f6a18858117481a7bed1835ad952e989707,2026-04-13 16:44:27.193813+00:00,hu,index.hu,index.hu,2026-04-13,Gelencsér Timi megmutatta az Instagram és a valóság közti különbséget,https://index.hu/mindekozben/poszt/2026/04/13/gelencser-timea-instagram-vs-valosag-bikinis-foto/
ac136bf908d0affcfeefd74b25368ee8fd6ce45b51a376f555eb8456bf1761ba,2026-04-13 16:44:21.419725+00:00,hu,index.hu,index.hu,2026-04-13,"Ha nyernek, ha vesztenek, kedd este BL-rekorder lesz Szoboszlai Dominikékból",https://index.hu/bajnokokligaja/2026/04/13/liverpool-paris-saint-germain-helyszini-felvezeto-remenyek-helyzetkep/
76b4847458be0592ab10acaad7921ccb16aa87807e290a8c91c2380b52c62385,2026-04-13 16:30:32.069313+00:00,hu,blikk.hu,blikk.hu,2026-04-13,Magyar Péter távozásra szólította fel az állami csúcsvezetőket,https://www.blikk.hu/politika/magyar-politika/alkotmanybirosag-elnok-levaltas/14skh60
c64c21c9ee2ec40d8812a2826261ba142eb016cce908303867a5870611a19ba3,2026-04-13 16:29:59.908530+00:00,hu,blikk.hu,blikk.hu,2026-04-13,Most jött a hír a szavazatok újraszámlálásáról: itt merült fel némi bizonytalanság,https://www.blikk.hu/politika/magyar-politika/valasztas-ujraszamlalas-szavazat-keszthely-zala/10ndhhh
2b70a0c4e3edb25201ae4621953a3022af83fb62f539437241fd5ca91392d390,2026-04-13 16:29:26.757719+00:00,hu,blikk.hu,blikk.hu,2026-04-13,"Gálvölgyi János megszólalt a választás után, Orbán Viktornak üzent a színész-humorista",https://www.blikk.hu/sztarvilag/hazai-sztarok/galvolgyi-janos-valasztas-eredmeny-orban-viktor/fkrwdgv
180359eff4fdce2585cd4648a0c95fb16db14fafaf2cd6e50475596ecb4b8cbb,2026-04-13 16:29:20.964028+00:00,hu,blikk.hu,blikk.hu,2026-04-13,Durván támadják Schäfer Andrásék új edzőjét: „A konyhában a helye”,https://www.blikk.hu/sport/kulfoldi-foci/union-berlin-schafer-andras-edzono-kritika/wmztdyw
85e33e235397e48df2462de6cff3f3a0e87b58ad989245156e0003cac8a90055,2026-04-13 16:28:41.300179+00:00,hu,blikk.hu,blikk.hu,2026-04-13,Leslie Mandoki különleges barátságot ápol Lévay Szilveszterrel,https://www.blikk.hu/sztarvilag/hazai-sztarok/mandoki-laszlo-sziveszter-levay-talalkozas/ftqryzt
a4dcc158db80df10781f9cd7604f06de3dec8cb2e77a72116914f3ce2db3da48,2026-04-13 16:28:36.751948+00:00,hu,blikk.hu,blikk.hu,2026-04-13,"XIV. Leó pápa visszaszólt Trumpnak – elmondta, kinek a feladata hirdetni az evangélium üzenetét",https://www.blikk.hu/politika/vilagpolitika/leo-papa-donald-trump-beszolas/p5gdk6z
d035489ae089c44bc97c816ff839c5a34e0df02ba8566afc386e62c5788c08c7,2026-04-13 16:28:20.957582+00:00,hu,blikk.hu,blikk.hu,2026-04-13,"Klubja bizakodik, edzője viszont óvatos: most kiderül, valójában milyen formában van Milák Kristóf",https://www.blikk.hu/sport/milak-kristof-uszas-orszagos-bajnoksag-forma/h6nqts9
acf618f0bed1028140b9252364492dee802eeb0be17738526b472dec15171002,2026-04-13 16:25:04.365843+00:00,hu,origo.hu,origo.hu,2026-04-13,Itt van Magyar Péter döbbenetes terve – a miniszterelnökségről van szó,https://www.origo.hu/belpol/2026/04/magyar-peter-orban-viktor-nem-lehet-miniszterelnok
397177442ce44d872dda1bec5038ca2fe7c2516721ffad6e6e79ed06d050c578,2026-04-13 16:24:59.774532+00:00,hu,origo.hu,origo.hu,2026-04-13,Így ver át a gyógyszeripar; csodálatos fogyás és az Ozempic – 1. rész,https://www.origo.hu/itthon/2026/04/a-valosag-ezer-darabja-ozempic-fogyas-gyogyszeripar-atveres
04a8766720cf5313e632240377337795d0dd854534e0c2b3b5469bf81ba30178,2026-04-13 16:24:54.787503+00:00,hu,origo.hu,origo.hu,2026-04-13,Felismerhetetlenségig roncsolta össze a betonkeverő teherautó a személygépkocsit,https://www.origo.hu/kek-hirek/2026/04/baleset-betonkevero-teherauto-a-szemelygepkocsit
4afd72e2437baa45c862224ab69c25fc812b05ebe9d2a0f746d80a33f3e850b7,2026-04-13 16:24:41.305985+00:00,hu,origo.hu,origo.hu,2026-04-13,Letartóztatták a horrorbalesetet okozó gázolót,https://www.origo.hu/kek-hirek/2026/04/gazolas-letartoztattak-a-horrorbalesetet-okozot
e8802a6cb3bd25be84ccc50068eefd24d13fec4bb47408c7237f6c7389714880,2026-04-13 16:24:36.728101+00:00,hu,origo.hu,origo.hu,2026-04-13,Saját kutyája marcangolta halálra a 19 éves lányt – az apa sokkoló részleteket árult el a tragédiáról,https://www.origo.hu/nagyvilag/2026/04/kutyatamadas-anglia-fiatal-lany-halal
bd327665797088f3eb2e6158ee0d368cba0dae4228f8b5e60f33252b0dcf6bd9,2026-04-13 16:24:21.029062+00:00,hu,origo.hu,origo.hu,2026-04-13,"Több tízmillió forintot fizetne a Váci úti ámokfutó, hogy ne kerüljön börtönbe",https://www.origo.hu/kek-hirek/2026/04/vaci-uti-amokfuto-birosag-tobb-tizmillio-forint
768475a6e638cb9c3e5d30e4469e7ceff11578d24b2a0840cd8bd1f106387187,2026-04-13 16:24:16.027997+00:00,hu,origo.hu,origo.hu,2026-04-13,"A Lidl rengeteg új üzlet nyitását jelentette be, hatalmas beruházásokat tervez",https://www.origo.hu/gazdasag/2026/04/lidl-egyesult-kiralysag
fd53b60cb31e23ed9f85f7600eb5cd66d4aee702c91633c54a44b2141b6e8eef,2026-04-13 16:24:10.193748+00:00,hu,origo.hu,origo.hu,2026-04-13,"Kiderült, ennyi számban indul Milák Kristóf az ob-n",https://www.origo.hu/sport/sport-egyeni/2026/04/milak-kristof-uszas-olimpiai-bajnok-ob-program
5e4249b28040d6050126e4bc5ce1f1cef378732f422e750688159835fd5be7b1,2026-04-13 16:24:04.435483+00:00,hu,origo.hu,origo.hu,2026-04-13,Leolvadt egy nő arca a depresszióra szedett gyógyszertől,https://www.origo.hu/nagyvilag/2026/04/lamotrigin-eges-arc-depresszio-gyogyszer
90cca58b0d281f5ad58b95d095b8a6446d5d455ba831685d5867b86680f26009,2026-04-13 16:23:59.132720+00:00,hu,origo.hu,origo.hu,2026-04-13,Vaclav Klaus: Európa rosszabb helyzetbe kerül Orbán Viktor veresége után,https://www.origo.hu/belpol/2026/04/vaclav-klaus-orban-viktor
8c956ae2f6ae3e075f190cb8bae00102570fd208c376e37c7ded9d79af76ee7c,2026-04-13 16:23:50.335019+00:00,hu,origo.hu,origo.hu,2026-04-13,Az amerikai konzervatívok megszólaltak a magyar választás eredményéről,https://www.origo.hu/belpol/2026/04/amerikai-konzervativ-valasztas-vegeredmeny-szornyu-hir
4cc0ec89d93cb20f7b1661a5c337e63117753259ef44fc81ac7da5b083b3bb1f,2026-04-13 16:23:37.314642+00:00,hu,origo.hu,origo.hu,2026-04-13,Magyar Péter durván nekiment a köztársasági elnöknek,https://www.origo.hu/belpol/2026/04/magyar-peter-koztarsasagi-elnok
17da6ef91993f55862ec7889551c64eec3b54a6b3016268121455946f078b716,2026-04-13 16:23:28.830882+00:00,hu,origo.hu,origo.hu,2026-04-13,Fejbe lőtték a Chelsea játékosát – a helyszínen életét vesztette a sztársportoló,https://www.origo.hu/sport/sport-futball/2026/04/fegyveres-tamadas-frimpong-chelsea
589c38f780708a2752cbeba13dde9d1dd1bbe628035a55840b6ff2f9481556ff,2026-04-13 16:23:23.860661+00:00,hu,origo.hu,origo.hu,2026-04-13,25 év után került elő az elveszett Bugatti,https://www.origo.hu/auto/2026/04/bugatti-25-ev-utan-kerult-elo-az-elveszett
34fb56a64123abdbeee51c1c9322fd191cf0a574ea5514e1c2f7780ddd3adf39,2026-04-13 16:23:18.829071+00:00,hu,origo.hu,origo.hu,2026-04-13,"Szörnyethalt a 21 éves énekesnő, miután darabokra hullott alatta a hullámvasút",https://www.origo.hu/kek-hirek/2026/04/hullamvasut-baleset-enekes
64f712be78f0264c8f608a1a940eb61289556b108e183ab256366e8945503cbd,2026-04-13 16:23:13.843098+00:00,hu,origo.hu,origo.hu,2026-04-13,Szoboszlai Dominik még a halálról is beszélt a PSG elleni sajtótájékoztatón,https://www.origo.hu/sport/sport-futball/2026/04/szoboszlai-dominik-psg-bajnokok-ligaja-visszavago
6d4a9132b93921639c023ccb0bd5280cb5dbea7bb53a187028479bca2f280c90,2026-04-13 16:23:09.806397+00:00,hu,origo.hu,origo.hu,2026-04-13,Szigligeti Ivett az összeomlás felé sodródik? Szakember figyelmeztet,https://www.origo.hu/teve/2026/04/szigligeti-ivett-alvasproblema-osszeomlas-gyasz
33d6bf705ac0d5f35a3883331ae31e3b55bf7e461bcf879b43ff9066cf553e54,2026-04-13 16:22:54.057079+00:00,hu,origo.hu,origo.hu,2026-04-13,Súlyos csapás jöhet az autósokra: fizetős lehet az egyik nyugat-európai országon való áthaladás,https://www.origo.hu/nagyvilag/2026/04/svajc-autosok-fizetos-lehet-athaladas
bb1cd99a39aa9da4e12ae8f3720e6a31ea41d680d65853836c691f5c96f6b06c,2026-04-13 16:22:38.553319+00:00,hu,origo.hu,origo.hu,2026-04-13,"Öt rejtett hiba, ami túlfogyasztást okoz, és titokban kiüríti a pénztárcánkat!",https://www.origo.hu/auto/2026/04/fogyasztas-ot-rejtett-hiba-ami-kiuriti-a-penztarcankat
bee2791c943c9f4e628b3db0f13b49d9006142a7a823071f4136fcf5a05db599,2026-04-13 16:22:33.447971+00:00,hu,origo.hu,origo.hu,2026-04-13,Új felfedezés: nem csak a plakkok felelősek az Alzheimer-kórért,https://www.origo.hu/tudomany/2026/04/alzheimer-kor-nem-csak-a-plakkok-felelosek
413b70c8b79dce29f2bd6b1a370afb190e1ab00893cd9ccc02b3ba1401df0a22,2026-04-13 16:22:28.464591+00:00,hu,origo.hu,origo.hu,2026-04-13,"Veszélyben a világ egyik legszebb szigete, amely pont a Hormuzi-szorosban található – fotók",https://www.origo.hu/gazdasag/2026/04/hormuzi-szorosban-talalhato-a-legszebb-sziget
216353580a20833c4a476e598afba8bcc2cea07b2ad4508c9827d39d67e72aad,2026-04-13 16:22:13.163536+00:00,hu,origo.hu,origo.hu,2026-04-13,"Kisiklott a vidámparki játék, szörnyű tragédia lett a vége",https://www.origo.hu/nagyvilag/2026/04/vidampark-baleset-tragedia-halal
9f76f9cbb4ee638778e27971c89ee49c3bd6d3dc5a58e548f824a984a2912adb,2026-04-13 15:39:39.923177+00:00,hu,blikk.hu,blikk.hu,2026-04-13,"Feke Pál megválogatja, kinek és mennyit ad ki magából",https://www.blikk.hu/sztarvilag/hazai-sztarok/feke-pal-maganelet-nyitottsag-hatar/q9dwgly
64d8817a9ed8ae0f5a27f9562a7bbca24d6a322cad37ada150359533ca88127e,2026-04-13 15:39:20.775433+00:00,hu,blikk.hu,blikk.hu,2026-04-13,Radnai Péter együttese a Beatles nyomában jár Liverpoolban,https://www.blikk.hu/sztarvilag/hazai-sztarok/radnai-peter-beatles/vy3vc3x
c73f6530313f94b09cd771b22a7f78c88e7cf0728b686b35b42f345f5c83d1ac,2026-04-13 15:38:24.151028+00:00,hu,blikk.hu,blikk.hu,2026-04-13,Máris személycserék várhatóak a Heti Hetesben? Még csak most indult,https://www.blikk.hu/sztarvilag/hazai-sztarok/heti-hetes-hajos-andras-majka-valtozas/tfzp4gk
1c668cbefac5bb8a2b899763a8eb81dfe79e3fe9f4e563ea4144ef0f3795f819,2026-04-13 15:38:08.655869+00:00,hu,blikk.hu,blikk.hu,2026-04-13,Sulyok Tamás egyeztetésre hívta Magyar Pétert és Orbán Viktort is,https://www.blikk.hu/politika/magyar-politika/sulyok-magyar-orban-meghivas/r8p3s9y
272d53d5d860b92d366b930bf0077c0cea5ae407011044ba87e1eed1d6ae658b,2026-04-13 15:38:03.542444+00:00,hu,blikk.hu,blikk.hu,2026-04-13,"Új tanulmány: a karcsúság titka nem csak az, hogy mit eszik, hanem az is, hogy mikor",https://www.blikk.hu/ferfiaknak/tech/korai-vacsora-es-reggeli-etkezes-tudomanyos-alap/vt61wc2
487c22caa5a9f0b21a0b81585e5185dbc845fb8999e0bd45bd74cf2de0b797d2,2026-04-13 15:37:58.687310+00:00,hu,blikk.hu,blikk.hu,2026-04-13,Ilyen lehetőséget ad a Tisza kezébe a kétharmados többség! Új korszak kezdődhet a magyar törvényhozásban,https://www.blikk.hu/aktualis/belfold/ketharmados-tobbseg-alaptorveny-modositas/g0vtxfg
de53717756df38886b4e6360a6b421362dfc3d05ce0d8d37c08eed851303aa53,2026-04-13 15:19:07.918837+00:00,hu,origo.hu,origo.hu,2026-04-13,Magyar Péter szimpatizánsai őrjöngtek Budapest utcáin,https://hirtv.origo.hu/ahirtvhirei/2026/04/magyar-peter-szimpatizansai-orjongtek-budapest-utcain
74048c51d0c2c40100ab760e43a39e4ac888636ef308cc202a5d30cfa432bee7,2026-04-13 15:18:41.008651+00:00,hu,origo.hu,origo.hu,2026-04-13,Európai vezetők is gratuláltak Magyar Péter választási győzelméhez,https://hirtv.origo.hu/ahirtvhirei/2026/04/europai-vezetok-is-gratulaltak-magyar-peter-valasztasi-gyozelmehez
89c6709caa07472208454bf151b23a593c8d957a6b051cfd286a0e5b3a408903,2026-04-13 15:18:32.712974+00:00,hu,origo.hu,origo.hu,2026-04-13,Rekord részvétellel zárult az országgyűlési választás,https://hirtv.origo.hu/ahirtvhirei/2026/04/rekord-reszvetellel-zarult-az-orszaggyulesi-valasztas
6ad10475e8e9f22e3c44ebe21e3976dc73130a3808f57f487223434582b51c0e,2026-04-13 15:18:28.242304+00:00,hu,origo.hu,origo.hu,2026-04-13,Befogadó játszótér nyílt Vácrátóton,https://hirtv.origo.hu/hirtvszines/2026/04/befogado-jatszoter-nyilt-vacratoton
46a31f1889b88149d834d3e6828e4d88bcb4f3a26d50414f47ba6f963ede3187,2026-04-13 15:18:22.916974+00:00,hu,origo.hu,origo.hu,2026-04-13,Üzent az ukrán külügyminiszter: már nagyon várják a közös munkát Magyar Péterrel,https://hirtv.origo.hu/hirtvkulfold/2026/04/uzent-az-ukran-kulugyminiszter-mar-nagyon-varjak-a-kozos-munkat-magyar-peterrel
42295ce7ae64ee9887df8d39387ce74a32bd5ea66da4cdf5f4682220d6bc48b8,2026-04-13 15:18:18.276173+00:00,hu,origo.hu,origo.hu,2026-04-13,A szerencse hangja: amikor egy ország együtt énekel,https://hirtv.origo.hu/kultura/2026/04/a-szerencse-hangja-amikor-egy-orszag-egyutt-enekel
9718024fbe82c72ae2171c561d46bb9f338dbc53fa17998899f28265932b8729,2026-04-13 15:18:08.560940+00:00,hu,origo.hu,origo.hu,2026-04-13,Az LMBTQ közösségnek tett gesztust győzelmi beszédében Magyar Péter,https://hirtv.origo.hu/ahirtvhirei/2026/04/az-lmbtq-kozossegnek-tett-gesztust-gyozelmi-beszedeben-magyar-peter
4274ef136566c40839f4e3b1a8c9df528a4eab44dbcda91b3363634e00073112,2026-04-13 15:18:02.557975+00:00,hu,origo.hu,origo.hu,2026-04-13,Még a győzelmi beszédében is a Fideszt becsmérelte Magyar Péter,https://hirtv.origo.hu/ahirtvhirei/2026/04/meg-a-gyozelmi-beszedeben-is-a-fideszt-becsmerelte-magyar-peter
c412605e36c9b0373ce72aadaaa92395775422394481c688502d21ef70ee942f,2026-04-13 15:17:58.140023+00:00,hu,origo.hu,origo.hu,2026-04-13,Tisza-kormány: szoros együttműködés Brüsszellel,https://hirtv.origo.hu/ahirtvhirei/2026/04/tisza-kormany-szoros-egyuttmukodes-brusszellel
3ae00e846be65bbf697218fdde33db2bbe60a65ed792aad6f02e843e70cbf9a9,2026-04-13 15:17:52.571359+00:00,hu,origo.hu,origo.hu,2026-04-13,"Figyelemmel követte a nemzetközi sajtó a magyar választásokat, és a brüsszeli Politico-tól a BBC-ig",https://hirtv.origo.hu/hirtvkulfold/2026/04/figyelemmel-kovette-a-nemzetkozi-sajto-a-magyar-valasztasokat-es-a-brusszeli-politico-tol-a-bbc-ig
b37c9bdc27cdb4387c96861b87225da1097a4d18f25e0dcf6744795d9f893d86,2026-04-13 15:17:47.567525+00:00,hu,origo.hu,origo.hu,2026-04-13,Így értékelték az április 12-ei választás eredményét a szakemberek,https://hirtv.origo.hu/ahirtvhirei/2026/04/igy-ertekeltek-az-aprilis-12-ei-valasztas-eredmenyet-a-szakemberek
2ae1c26734fee62fae8be9a73b366de87db462ad38f5c11e5d3f70d313c78efb,2026-04-13 15:17:40.874315+00:00,hu,origo.hu,origo.hu,2026-04-13,A béke és a nemzeti egység fontosságáról beszélt győzelmi beszédében Magyar Péter,https://hirtv.origo.hu/ahirtvhirei/2026/04/a-beke-es-a-nemzeti-egyseg-fontossagarol-beszelt-gyozelmi-beszedeben-magyar-peter
bca648e053310a5804ed75d7c9b4a14c4d7eaa51ae3ffccd0d81bf1ce4f953ac,2026-04-13 15:17:35.725308+00:00,hu,origo.hu,origo.hu,2026-04-13,Boros Bánk Levente szerint el kell fogadni a választási eredményt,https://hirtv.origo.hu/ahirtvhirei/2026/04/boros-bank-levente-szerint-el-kell-fogadni-a-valasztasi-eredmenyt
d451a643c0bf62a960998b0b0dda0cd240c15943594dcb36af6ede31ebe23895,2026-04-13 15:17:31.380530+00:00,hu,origo.hu,origo.hu,2026-04-13,A köztársasági elnök legkésőbb május 12-ig hívja össze az új parlament alakuló ülését,https://hirtv.origo.hu/ahirtvhirei/2026/04/a-koztarsasagi-elnok-legkesobb-majus-12-ig-hivja-ossze-az-uj-parlament-alakulo-uleset
59476eebbd08e25d4791290cb1852d4b5740053098c2f921e34fce9a788d22da,2026-04-13 15:17:23.171702+00:00,hu,origo.hu,origo.hu,2026-04-13,Hadházy Ákos visszavonul a közélettől,https://hirtv.origo.hu/ahirtvhirei/2026/04/hadhazy-akos-visszavonul-a-kozelettol
add8dcdfbd3b3606ba407c1425827005509a5c88b5ee304f5a7ec5e0e6072e74,2026-04-13 15:17:18.359406+00:00,hu,origo.hu,origo.hu,2026-04-13,"Erőszak, bakik és botrányok jellemzik a Tisza Párt megválasztott képviselőit",https://hirtv.origo.hu/ahirtvhirei/2026/04/eroszak-bakik-es-botranyok-jellemzik-a-tisza-part-megvalasztott-kepviseloit
47860cb03e2112a2494c6e9af462fcc6846d6b7d896863d905e24c1b37eda41d,2026-04-13 15:17:13.112655+00:00,hu,origo.hu,origo.hu,2026-04-13,A meglepetés csokitojások luxus elődje - a Faberge tojások titka,https://hirtv.origo.hu/kultura/2026/04/a-meglepetes-csokitojasok-luxus-elodje-a-faberge-tojasok-titka
d8e5296a430654e47314728d8858d0628e86ab663726bc828441f70b785e6a46,2026-04-13 15:17:08.913131+00:00,hu,origo.hu,origo.hu,2026-04-13,"Szánthó Miklós szerint nem helytállóak a balos vádak, hogy csalni lehet a választásokon",https://hirtv.origo.hu/ahirtvhirei/2026/04/szantho-miklos-szerint-nem-helytalloak-a-balos-vadak-hogy-csalni-lehet-a-valasztasokon
41cdcf23da63ef82c995deb64a3f94f212c1b834e553d9bab10d0175d05f7cd8,2026-04-13 14:48:39.813186+00:00,hu,blikk.hu,blikk.hu,2026-04-13,"Borzasztó tragédia: meccs után nyitottak tüzet a Chelsea csapatbuszára, egy focista meghalt",https://www.blikk.hu/sport/kulfoldi-foci/dominic-frimpong-chelsea-lovoldozes-gyasz/q0g5wjq
54d298a1db67738c3f0090b869e70c8943ebb55bbf626bf9da670480254d4db2,2026-04-13 14:48:34.817615+00:00,hu,blikk.hu,blikk.hu,2026-04-13,Mintha pankrátorok lettek volna: a kispad előtt estek egymásnak a volt csapattársak az NB II-ben,https://www.blikk.hu/sport/magyar-foci/dragan-vukmir-laczko-zsolt-balhe/s8fbyjn
b8d57bd2366de1a106ac494ea7a814715af77e649899d06de4b5e9090bcf50b3,2026-04-13 14:48:20.498350+00:00,hu,blikk.hu,blikk.hu,2026-04-13,"Nagy Alekosz csúnyán elküldte Tóth Gabit, tudjátok, hová?",https://www.blikk.hu/sztarvilag/hazai-sztarok/nagy-alekosz-2026-valasztas-unneples/qzezwqv
cc1582b48b63de17e536ae07af81e1acadd015f9d532380d4a5d1d1dda7ec777,2026-04-13 14:48:10.797881+00:00,hu,blikk.hu,blikk.hu,2026-04-13,"Galla Miklós is reagált a választás eredményére: kerek perec kimondta, mit gondol a Tisza győzelméről",https://www.blikk.hu/sztarvilag/hazai-sztarok/galla-miklos-valasztas-tisza-gyozelem/l58ynsv
b89986873e78d208ebf7796b7f3b1152b26b619e6f022044fb37172830dcbc09,2026-04-13 14:40:23.880331+00:00,hu,index.hu,index.hu,2026-04-13,"Megtalálták Szijjártó Pétert, kisbusszal érkezett a minisztérium épületéhez",https://index.hu/belfold/2026/valasztas/2026/04/13/szijjarto-peter-kulugyminiszterium-valasztas-2026-fidesz-kdnp-magyar-peter-tisza-part/
06f5fe219c5783181b054b39731ada48df9590a5fd23779dfed7f46c317aeda8,2026-04-13 14:40:10.142568+00:00,hu,index.hu,index.hu,2026-04-13,Pontlevonással sújthatják a magyar válogatott középpályás kiesés ellen harcoló csapatát,https://index.hu/sport/futball/2026/04/13/west-bromwich-albion-championship-lehetseges-pontlevonas-callum-styles/
abfc36be594222ce53e6e8123cfd952f6ef5acd3fb00af6ac297885cc2693684,2026-04-13 14:40:00.297477+00:00,hu,index.hu,index.hu,2026-04-13,Magyar Péter nemzetközi sajtótájékoztatója,https://index.hu/belfold/2026/04/13/magyar-peter-tisza-part-valasztas-2026-orszaggyulesi-valasztasok-sajtotajekoztato/
4c92d9083f8f54d8059e387cf7e6262ff8714a261f956d99895f434c2aac3f19,2026-04-13 14:39:55.404720+00:00,hu,index.hu,index.hu,2026-04-13,Megszűnt a radnaimark.hu,https://index.hu/belfold/2026/04/13/radnaimark.hu-megszunt-magyar-peter-hotelszoba/
c22d5ddedce801e81523eb1e4187aafecd95dcc4e8b41ba31f73f8f10a43ab8e,2026-04-13 14:39:50.326472+00:00,hu,index.hu,index.hu,2026-04-13,Britney Spears önként vonult elvonóra az ittas vezetése után,https://index.hu/fomo/2026/04/13/britney-spears-ittas-vezetes-rehabilitacio-egyesult-allamok/
5d21e48612699da31d43bcb4ded004a7d064e9d39644c87b2bedb25b9558615c,2026-04-13 14:39:40.232835+00:00,hu,index.hu,index.hu,2026-04-13,"Reagált a Kreml a választási eredményre, így tervezik a jövőt Magyarországgal",https://index.hu/kulfold/2026/04/13/kreml-reakcio-oroszorszag-moszkva-valasztas-2026-magyar-peter-tisza-part/
2962677c878711617e5e77c2a2fb944bce527d611383527eaac15e96184c8d73,2026-04-13 14:39:28.333103+00:00,hu,index.hu,index.hu,2026-04-13,"A Tisza-győzelem miatt magyarul üzent követőinek az Odaát című sorozat sztárja, nem is akármit",https://index.hu/mindekozben/poszt/2026/04/13/tisza-part-valasztas-2026-misha-collins-szinesz-odaat-sorozat/
30bb2255b8facdd98a7cda751edc0597a8a8aaed9448b8aa70488c5171a9d01d,2026-04-13 14:39:11.425146+00:00,hu,index.hu,index.hu,2026-04-13,"Magyar Péter elárulta, hogy mit mondott neki Orbán Viktor a választás éjszakáján",https://index.hu/belfold/2026/04/13/magyar-peter-tisza-part-valasztas2026-orszaggyulesi-valasztasok-sajtotajekoztato/
f802c88bb2cbb1331793c0dec02f0607a541769d313a0eb65dc968017cf648ca,2026-04-13 14:38:39.142698+00:00,hu,index.hu,index.hu,2026-04-13,"XIV. Leó pápa visszavágott Donald Trumpnak, aki gyengének nevezte",https://index.hu/kulfold/2026/04/13/xiv-leo-papa-donald-trump-egyesult-allamok-vatikan-biralat-valasz/
d2595763b56dfbe00010ce4199201a61a5f0340cf5a610b4e12f3841cbe971cf,2026-04-13 14:38:26.467855+00:00,hu,index.hu,index.hu,2026-04-13,"Ügynökakták, Európai Ügyészség, a közmédia leállítása – ezt ígérte Magyar Péter az első 100 napra",https://index.hu/belfold/2026/04/13/magyar-peter-elso-100-nap-ugynokaktak-ugyeszseg-kozmedia-kormany-tisza-part/
43b44c57261101b7e4b25e4ff907cd402d36bed533f6165acb54b1ebb48ebe56,2026-04-13 14:38:12.135492+00:00,hu,index.hu,index.hu,2026-04-13,"Megszólalt a végig Fidesz-előnyt mérő kutatóintézet, önvizsgálatot indítanak",https://index.hu/belfold/2026/04/13/nezopont-intezet-mraz-agoston-samuel-kozvelemeny-kutatas-valasztas2026-fidesz-kdnp-tisza-part/
648f6f364e7a8ed1ce0fbbc9e4a6649e95c0e354ae5f97ec0a0e529a9194d094,2026-04-13 14:38:07.134181+00:00,hu,index.hu,index.hu,2026-04-13,"Két hónappal a rajt előtt a spanyolokat tartják a vb favoritjának, de Anglia és Franciaország is esélyes",https://index.hu/sport/futball/2026/vb/2026/04/13/futball-vb-2026-legnagyobb-eselyesek-sportfogadas-spanyol-valogatott-francia-valogatott-angol-valogatott/
436958ad26930e66105e227d8aabcd3586232512cd675fe442ae742a68e6505e,2026-04-13 14:38:03.284350+00:00,hu,index.hu,index.hu,2026-04-13,"Alekosz ismét elszabadult, Orbán Viktortól kezdve Hajdú Péterig mindenkinek beszólt",https://index.hu/fomo/2026/04/13/nagy-alekosz-valasztas-2026-orban-viktor-fidesz-tisza-part-hajdu-peter/
3427351ebf0a39d1d3d216c6fe92f5b0307fe00b562cb9263f39bd98a2ad8062,2026-04-13 14:34:29.655360+00:00,hu,blikk.hu,blikk.hu,2026-04-13,Miért érezzük magunkat újra gyereknek a szülői házban,https://www.blikk.hu/eletmod/lelek/szulo-gyermek-kapcsolat/me0nc7r
7989ae4094cb7f4049d1aedd44f2de8db0bfbbc103235566e7eabdf42ddfa386,2026-04-13 14:34:18.292930+00:00,hu,blikk.hu,blikk.hu,2026-04-13,"Scarlett Johansson ma már másképp látja, az önelfogadás lett a legfontosabb számára",https://www.blikk.hu/aktualis/kulfold/scarlett-johansson-szineszno-sajat-marka/y186cj5
594570a6f595e2fd2c0352b1367ad3ef92334d91cd9f314c83d353a239d0a79e,2026-04-13 14:34:13.485456+00:00,hu,blikk.hu,blikk.hu,2026-04-13,Itt a menetrend: Így váltja le Magyar Péter az Orbán-kormányt a következő hetekben,https://www.blikk.hu/politika/magyar-politika/hatalomatadas-tisza-fidesz/nwhqmsl
6aa5f8d5bc61514256d404d06d064e356910ae8fc075d34b21482f9483a52f88,2026-04-13 14:34:08.468412+00:00,hu,blikk.hu,blikk.hu,2026-04-13,30 milliót fizetett volna a szabadságáért a Váci úti felüljáró ámokfutója – Többdiplomás informatikust ölt meg a török milliomoscsemete,https://www.blikk.hu/aktualis/belfold/halalos-gyorsulasi-verseny/3dcylbg
506d1cef5fd8336a0896e4dad249edfd6e77c0788bda012a66aa29ed8a6be6e3,2026-04-13 14:33:53.962972+00:00,hu,blikk.hu,blikk.hu,2026-04-13,A szórakoztató műsorok háttérbe szorultak a választási héten,https://www.blikk.hu/sztarvilag/hazai-sztarok/nezettseg-novekedes-kereskedekmi-tevek/yf3ypmw
1d5f94fc79daa16f09fb6fff57e7119c00d4ed14dc73af8821537f7610da1bca,2026-04-13 14:33:49.312982+00:00,hu,blikk.hu,blikk.hu,2026-04-13,"Egykori főnöke elmondta, ebben volt nagyon gyenge Michael Schumacher",https://www.blikk.hu/sport/jean-todt-michael-schumacher-ferrari-csalas/zf1444t
212eb0d058064f6bb2f0a0fbac64efd8e55e592e3faac4b125633a8593f9d609,2026-04-13 14:32:42.220990+00:00,hu,blikk.hu,blikk.hu,2026-04-13,"Nagy Feró attól tart, kevesebb fellépése lesz mostantól: aggódik az elszegényedés miatt, a családját is figyelmeztette",https://www.blikk.hu/sztarvilag/hazai-sztarok/nagy-fero-valasztas-ertekeles-tisza-gyozelem/zc323b3
5f07ddd65c35cf73255ed2e7882b7aec683b0e9de32db0b947296251aa4ad6e8,2026-04-13 13:49:44.904460+00:00,hu,blikk.hu,blikk.hu,2026-04-13,Mától sokkal előrébb hozza az RTL a sztárműsorát – nehogy lemaradjon róla!,https://www.blikk.hu/sztarvilag/hazai-sztarok/svaby-andras-legjobb-ajanlat-musorvaltozas-rtl/4dj2q73
72eb0234329c4c2de56e8fc67fdcbb10ab73bc382ab0c65e08490f41950de39e,2026-04-13 13:49:36.974918+00:00,hu,blikk.hu,blikk.hu,2026-04-13,Nagy Bogi pontot tett a találgatások végére: ez van köztük BSW Matyival,https://www.blikk.hu/sztarvilag/hazai-sztarok/nagy-bogi-bsw-matyi/lhysnyj
f3b9624daad7b731575bff26855ada6ce773fb370b1f01ba31cde7598538ef37,2026-04-13 13:49:33.797733+00:00,hu,origo.hu,origo.hu,2026-04-13,"Pokol a középső sávban, sorra rohantak egymásba az autók – videó",https://www.origo.hu/auto/2026/04/baleset-kozepso-sav
4c9bb0830325e4449481fe9baeaa3a5fe8b40a4a0958fd4c37945052628578e9,2026-04-13 13:49:28.823726+00:00,hu,origo.hu,origo.hu,2026-04-13,Százmillió embert érinthet a hallatlan adatlopás,https://www.origo.hu/techbazis/2026/04/adatlopas-hack-mexiko-mi-chatbot-claude-chatgpt
796c319b28380dd7b4144ff28c283a6d24dffaf3880f858d6db176a80deeafe2,2026-04-13 13:49:24.203644+00:00,hu,blikk.hu,blikk.hu,2026-04-13,Istenes Bence a választás másnapján is könnyeket hullajtott az eredmény miatt,https://www.blikk.hu/sztarvilag/hazai-sztarok/istenes-bence-meghatodott-orszaggyulesi-valasztas-eredmenye/dlmlz3k
4329ff9d24bfd8895a4acc9f81a6cb82851005a08cffda09d4f1a2bb8e5097e2,2026-04-13 13:49:23.789764+00:00,hu,origo.hu,origo.hu,2026-04-13,Amerikai hírszerzési szakértő szerint így manipulálták Brüsszelből a magyar választásokat,https://www.origo.hu/belpol/2026/04/amerikai-szakerto-manipulaltak-brusszelbol-valasztasok
8cda0ff2535b8b20a7ae225ea4f31c6766b3cc83223bda0f813a9f410db9021f,2026-04-13 13:49:19.193688+00:00,hu,blikk.hu,blikk.hu,2026-04-13,Eltávolíthatja Magyar Péter kormánya a köztársasági elnököt?,https://www.blikk.hu/politika/magyar-politika/magyar-peter-kormany-koztarsasagi-elnok-eltavolitas/swx23w5
75fb32f6c45bb96a39fdb27b601c35bc456679de4936f32a6eaaac8c3fcccf6c,2026-04-13 13:49:18.925943+00:00,hu,origo.hu,origo.hu,2026-04-13,Fenékcsapkodós videó után vonult elvonóra Britney Spears,https://www.origo.hu/nagyvilag/2026/04/britney-spears-elvono-video
c22ecd38950054a398a265960664789b7cd221f7c2cd14236f0a8303e62188f0,2026-04-13 13:49:13.741497+00:00,hu,blikk.hu,blikk.hu,2026-04-13,"Lekapcsolták a radnaimark.hu-t, nem elérhető a felület",https://www.blikk.hu/politika/magyar-politika/radnai-mark-weboldal-eltunt/15wv98l
d220e3675b3e2ec4a567914a9ab68c0bd1cacfb42190aa1c9e8bd1b5c00fcdf7,2026-04-13 13:49:07.325530+00:00,hu,origo.hu,origo.hu,2026-04-13,Történelmi licitháború: rekordáron kelt el egy ikonikus festmény,https://www.origo.hu/nagyvilag/2026/04/gustav-klimt-festmeny-aukcio-rekord
b49951158bdbbbc74444e7b4b61419b0ac872517a7536ef19e31401c9df5a012,2026-04-13 13:49:04.979856+00:00,hu,blikk.hu,blikk.hu,2026-04-13,Akár féláron is vásárolhat a tavaszi GLAMOUR-napokon,https://www.blikk.hu/gazdasag/vasarlas/glamour-napok-2026-tavasz-vasarlas-sporolas/8jer5y8
76583358c4275ccbbbea6371003bc66bd2c66c7643c505acaf8636e41598087e,2026-04-13 13:36:00.346989+00:00,hu,origo.hu,origo.hu,2026-04-13,Itt van Moszkva válasza a magyar választás eredményére,https://www.origo.hu/nagyvilag/2026/04/magyarorszag-ukrajna-hitel-dontes
dc27b1dd288316f6648a4194e23fbc2c141c9b378de75275700ccc10c187752f,2026-04-13 13:35:46.660371+00:00,hu,origo.hu,origo.hu,2026-04-13,"Kisrepülő zuhant egy forgalmas útra, hajszálon múlt a tragédia",https://www.origo.hu/nagyvilag/2026/04/kenyszerleszallas-kisrepulo-forgalmas-ut-tragedia
f7c1de70f02567249d3cf9fc29a63617b0e56612daeae6231b3799a267ff6c2d,2026-04-13 13:35:33.352566+00:00,hu,origo.hu,origo.hu,2026-04-13,Újabb GTA 6 csúszás jöhet? Egyre durvább részletek derülnek ki,https://www.origo.hu/nagyvilag/2026/04/rockstar-games-hack-gta-6-veszelyben-adatszivargas
11316180bcd73cae74f193550692b20314fb0b01d4ea1b873e6026af7a182d50,2026-04-13 13:35:28.277348+00:00,hu,origo.hu,origo.hu,2026-04-13,"Brüsszel máris megüzente Magyar Péternek, hogy mit várnak el tőle",https://www.origo.hu/nagyvilag/2026/04/tisza-brusszel-nyomas-ukrajna
e21137bf8a143f8c2a4d9d7664bb2c6ecf485634f4d3bfa2439ba8f2a6d7d193,2026-04-13 13:35:15.018220+00:00,hu,origo.hu,origo.hu,2026-04-13,Hajmeresztő manővert hajtott végre egy pilóta – videón a sokkoló eset,https://www.origo.hu/nagyvilag/2026/04/repulogep-manover-pilota-izland
30c3b48b6f78967099f18bf8ecd2098464839c611bc03f641358f444454647aa,2026-04-13 13:35:01.185164+00:00,hu,origo.hu,origo.hu,2026-04-13,A legrosszabbtól tartottak az idős asszonyt kereső rendőrök,https://www.origo.hu/techbazis/2026/04/a-legrosszabbtol-tartottak-az-idos-asszonyt-keresett-rendorok
84d507f8f08692175e5a256a62e5aaa1129aae03d3ddb1def90dd18641501394,2026-04-13 13:34:32.806565+00:00,hu,origo.hu,origo.hu,2026-04-13,"Úgy járt, mint Carrie Bradshow: Lisa Kudrow búcsúja szerethető, de feledhető",https://www.origo.hu/filmklub/2026/04/lisa-kudrow-comeback-sorozat-hbo-max
0b0f433c192fbb3b4d90f2312ffd99e6e275a83168bdcbd29cb30aff93bc196e,2026-04-13 13:34:26.081787+00:00,hu,origo.hu,origo.hu,2026-04-13,"Nem akármit tett az eltűnt férfi, mielőtt belesétált volna a Dunába a Bálnánál",https://www.origo.hu/kek-hirek/2026/04/eltunt-ferfi-tette-aztan-belesetalt-a-dunaba
2ad62251f5473607c109cc823e83d1e7a369405d5b77af9626b799203e7c262e,2026-04-13 13:34:20.884155+00:00,hu,origo.hu,origo.hu,2026-04-13,"Hihetetlen, mit mondott a debreceni anyagyilkos a bíróságon",https://www.origo.hu/kek-hirek/2026/04/gyilkos-edesanyjat-olte-meg-debrecen
719405b8814b43d8f45b0859743e777fa82ac91722895c6be5dfab8cf4ce73e0,2026-04-13 13:34:15.012307+00:00,hu,origo.hu,origo.hu,2026-04-13,Krokodilok előtt vetkőzött Bonnie Blue – sikítva ugrott el az állattól,https://www.origo.hu/nagyvilag/2026/04/bonnie-blue-krokodil-mexiko
382a095b37db16172f2ba46b0ad256d1d2e49f828007268a43f19b963404be74,2026-04-13 13:33:58.191964+00:00,hu,origo.hu,origo.hu,2026-04-13,Rossz hírt kapott a Liverpool a PSG elleni BL-visszavágó előtt,https://www.origo.hu/sport/sport-futball/2026/04/liverpool-psg-bl-bradley-barcola-visszateres
1f303ef62e36d0fe15fd6c79c8886ffa1f36c6ab5f86537c6366c08d770f1f2a,2026-04-13 13:33:52.202422+00:00,hu,origo.hu,origo.hu,2026-04-13,"Meztelenül, hangosan kiabálva szexelt egy pár a népszerű tengerparton",https://www.origo.hu/nagyvilag/2026/04/nyilvanos-szex-tengerpart-thaifold
c0a14e4a7aa9db16f8b3858792570de0d17c0eca7a4de1ffec282a31a5e296ed,2026-04-13 13:33:39.212451+00:00,hu,blikk.hu,blikk.hu,2026-04-13,"„Rühelltem, gyűlöltem, borzasztó volt ez a pszichó” – Sebestyén Balázsék élő adásban reagáltak a Tisza Párt győzelmére",https://www.blikk.hu/sztarvilag/hazai-sztarok/sebestyen-balazs-tisza-part-valasztas/ydgck5f
9f2cfd90a1fcd025ca8c147c30171ab5697b3b61ebf8b1167d4bb0823f290d33,2026-04-13 13:33:34.608566+00:00,hu,blikk.hu,blikk.hu,2026-04-13,"Drámai jelenetek a választás napján: többen rosszul lettek, volt, akit újra kellett éleszteni a szavazóhelyiségben",https://www.blikk.hu/aktualis/belfold/orszaggyulesi-valasztas-szavazohelysegek-rosszullet-ujraelesztes/ksjp7pt
a14d9153e7f696c5f18e34fb311358facc7b6664479762f2d8f50507c49a1a48,2026-04-13 13:31:11.371325+00:00,hu,blikk.hu,blikk.hu,2026-04-13,Az izraeli vezetés is reagált a Tisza Párt győzelmére: Magyar Péternek és Orbán Viktornak is üzentek,https://www.blikk.hu/politika/magyar-politika/izrael-magyarorszag-kapcsolatok/2t72v1r
98758d4e3a0b73e56a8d7f185b3d81e02ca44fa1b476e9629b161e58aff49133,2026-04-13 12:51:02.973309+00:00,hu,blikk.hu,blikk.hu,2026-04-13,"""Az emberek hite visszatért"" – Kapitány István megszólalt a Tisza Párt győzelme után",https://www.blikk.hu/politika/magyar-politika/kapitany-istvan-valasztas-tisza-part/cvs6fc5
e4628007918a9f0e8d999a6856a424ef9802b25a71949be453291da628aa2581,2026-04-13 12:50:57.966212+00:00,hu,blikk.hu,blikk.hu,2026-04-13,Összetörte csapattársa kritikája – sírva fakadt az Exatlon versenyzője,https://www.blikk.hu/sztarvilag/hazai-sztarok/exatlon-kihivok-tv2-dominika-bajnokok/bf1218q
0f002cf3a98ea768b64ee760d19c13ce880de6e4e6a30c2be06ea6f74619b6f4,2026-04-13 12:50:53.014628+00:00,hu,blikk.hu,blikk.hu,2026-04-13,"Magyar Péter szerint a külügyminisztériumban már darálják le az iratokat, és Magyarországot kirabolták, elárulták",https://www.blikk.hu/politika/magyar-politika/magyar-peter-sajtotajekoztato-hetfo/71kz4f8
aaaa7cc1f565cb23346115d769c35d81275d8f290a299f089775f12cfdba3894,2026-04-13 12:50:47.962720+00:00,hu,blikk.hu,blikk.hu,2026-04-13,"Előkerült Szijjártó Péter! Itt a magyarázat, hogy hol volt eddig",https://www.blikk.hu/politika/magyar-politika/szijjarto-peter-eltunt-eredmenyvaro-fidesz-valasztas-elokerult/tc2d94j
9557e41f17de19cf0a7b5b4cb29b13b6c3b390643a496695ec99245dab3f58cf,2026-04-13 12:50:29.863512+00:00,hu,blikk.hu,blikk.hu,2026-04-13,Életjelet adott a Facebookon Szijjártó Péter a választási vereség után,https://www.blikk.hu/politika/magyar-politika/szijjarto-peter-valasztasi-vereseg-eltunes/s5tmctq
f29c82a70e2c736649919077dba5c404071e24af25d89af1c7900c9b85fcff58,2026-04-13 12:50:25.094408+00:00,hu,blikk.hu,blikk.hu,2026-04-13,"A Ghost Murmur mítosza: létezik a szívverés-detektáló kvantumszenzor, vagy csak egy katonai fedősztoriról van szó?",https://www.blikk.hu/ferfiaknak/tech/ghost-murmur-kvantumszenzor-repulotiszt-megmentese/rtpybpk
afb2ded7120d777dd040346b0ebd994f2cff8ad7994376b7a5214ab83043b887,2026-04-13 12:50:16.103402+00:00,hu,blikk.hu,blikk.hu,2026-04-13,Sokkoló adat: akár 700-szor több baktérium lehet a kutyás lakások padlóján – De mit rontunk el takarításkor?,https://www.blikk.hu/eletmod/tippek/kutyas-lakasok-padlo-tisztasag/fswyebm
670e6049e932035cbce0e716fabc7274b1305353a54b7ec037380212bca5d307,2026-04-13 12:50:05.925720+00:00,hu,blikk.hu,blikk.hu,2026-04-13,"Több mint 2,3 millió Android-eszközt fertőztek meg közvetlenül a Google Play-ről letöltött alkalmazások",https://www.blikk.hu/ferfiaknak/tech/android-eszkozok-novoice-fertozes/qkq43tv
8a93a5eb6feff3ce8577acaf789fc231085b7ec128ef7810caf1a66f2456b80c,2026-04-13 12:49:57.062344+00:00,hu,blikk.hu,blikk.hu,2026-04-13,Megérkezett Oroszország reakciója a Tisza Párt választási sikerére,https://www.blikk.hu/politika/vilagpolitika/oroszorszag-kreml-reakcio-tisza-gyozelem-valasztas-2026/3v9c8v3
8bb470948af0dc1513eea69341f444b522e2d12829e4e1f65438a35e85e1a1c2,2026-04-13 12:49:27.620191+00:00,hu,blikk.hu,blikk.hu,2026-04-13,Mélyrepülésben a gázolaj ára – keddtől ismét olcsóbban tankolhatnak a dízelesek,https://www.blikk.hu/gazdasag/vasarlas/benzin-gazolaj-benzinkut-arcsokkenes/79g4y9l
1c976aa51fbf4ecf0ec70d12dcabf276ee109fdee92dd77edd2d796ee98518f9,2026-04-13 12:49:23.076060+00:00,hu,blikk.hu,blikk.hu,2026-04-13,"Politika, művészet és káosz: botrány árnyékolta be a különleges autós felvonulást",https://www.blikk.hu/auto/houston-art-car-parade/34c3rkh
7a8abde826f49ac926d026bea1016d453af50d4600721150e31b29945d4fe371,2026-04-13 12:35:39.809015+00:00,hu,index.hu,index.hu,2026-04-13,"Bochkor Gábor lakást készül venni lányának, mert szerinte abnormális, hogy a fizetések fele lakhatásra megy el",https://index.hu/mindekozben/poszt/2026/04/13/bochkor-gabor-lanya-lakasvasarlas/
1d8bc657ec47283655fbd595acf11f532edcf32cf16da7e182cdfbb82f94c98d,2026-04-13 12:35:19.233017+00:00,hu,index.hu,index.hu,2026-04-13,Most öt kíméletlen csapdába sétálhatnak bele Magyar Péterék,https://index.hu/gazdasag/2026/04/13/inflacio-novekedes-kormany-magyar-peter-mnb-valasztas-2026/
4c100c3de4b1fd5eef2c46afa84946f3c4ebc4283b7abc57c10af2f8c339cc48,2026-04-13 12:34:52.927715+00:00,hu,index.hu,index.hu,2026-04-13,Iványi Gábor: Egy népet nem lehet akarata ellenére kormányozni,https://index.hu/belfold/2026/04/13/ivanyi-gabor-orszaggyulesi-valasztasok-demokratikus-koalicio-eredmenyvaro-rendezveny-parlamenti-valasztasok/
73ca3b29dfaed38b2007c61a31a960e1ccbb392bc31b3a963b78bee272a8fcbb,2026-04-13 12:34:43.020253+00:00,hu,index.hu,index.hu,2026-04-13,Két hónappal meghosszabbították a Szőlő utcai ügy négy gyanúsítottjának letartóztatását,https://index.hu/belfold/2026/04/13/szolo-utca-gyanusitottak-letartoztatas-meghosszabbitas-budai-kozponti-keruleti-birosag/
dbffc511dd0e52aaf1071000d66cb0171f778ed0d22dd57003f6be219dc7beb8,2026-04-13 12:34:27.551832+00:00,hu,index.hu,index.hu,2026-04-13,"Különös dolgot vettek észre A legjobb ajánlatban, reagált az RTL a furcsaságra",https://index.hu/mindekozben/poszt/2026/04/13/a-legjobb-ajanlat-szereplok-ruha/
4f4b2b9348bb081e9714c9ec666e75f0c386f416177ce72b1ceff88404bb19d2,2026-04-13 12:34:21.215649+00:00,hu,index.hu,index.hu,2026-04-13,Mi lesz most Orbán Viktorral és a Fidesszel?,https://index.hu/velemeny/2026/04/13/elemzes-dominans-partok-orban-viktor-fidesz-tisza-part-politika-kormanyvaltas-valasztas/
7bcbada334fbb5482e233259f81c4a8576368ebf81ec583c633b19229416aa73,2026-04-13 12:34:16.133680+00:00,hu,index.hu,index.hu,2026-04-13,"Több ismert politikus is távozik az Országgyűléstől, néhányan már meg se mérették magukat",https://index.hu/belfold/2026/valasztas/2026/04/13/valasztas-2026-hadhazy-akos-demokratikus-koalicio-kalman-olga-varju-laszlo-arato-gergely-z.-karpat-daniel-momentum/
fe3b384706c48b66710763e428d3acaa25032127ba6abe0969e59f74ca301d8a,2026-04-13 12:34:11.227998+00:00,hu,index.hu,index.hu,2026-04-13,Végre itt a biztonságos férfi-fogamzásgátló,https://index.hu/tudomany/2026/04/13/ferfi-fogamzas-gatlas-injekcio-spermium-egeszseg/
6e60dd24087c1975d23706d364599e36bc40e157945882115d50e890de05b7ff,2026-04-13 12:34:06.623709+00:00,hu,index.hu,index.hu,2026-04-13,Nagyváradon játssza Európa-bajnoki csoportmérkőzéseit a magyar válogatott,https://index.hu/sport/kezilabda/2026/04/13/noi-kezilabda-europa-bajnoksag-magyar-valogatott-csoportkor-nagyvarad/
7ecb273922550694d56df34dc22864da1f4bfaac0774c2dbc895c5bad2893acb,2026-04-13 12:34:01.151919+00:00,hu,index.hu,index.hu,2026-04-13,Kifakadt a Fidesz politikusa: A felelősöket ki kell vágnunk végre a nemzeti oldal testéből,https://index.hu/belfold/2026/04/13/ferencz-orsolya-fidesz-kdnp-jobboldal-valasztas-2026-orszaggyulesi-valasztasok/
171fecea2254b0699c16d90340fc65c9779ea1ad81d6d87bbdb72a5b0bdd2629,2026-04-13 12:33:49.364482+00:00,hu,index.hu,index.hu,2026-04-13,"„A sikerük titka az, hogy megszólították a fiatalokat”",https://index.hu/belfold/2026/04/13/valasztas-2026-magyar-peter-gyozelem-tisza-part-ketharmad-miniszterelnok-fidesz/
90f2c1a7653a13b7fb59cba11cce59178cb73723522a7f365c904be6dcc2dc95,2026-04-13 12:33:39.747062+00:00,hu,origo.hu,origo.hu,2026-04-13,Michael Schumacherről meglepő vallomást tett egykori főnöke,https://www.origo.hu/sport/f1/2026/04/michael-schumacher-jean-todt-vallomas-meglepetes
0605d9a487e2708b8f802cab5b44e32bd6cacefec52e3739bf08e15f4734f923,2026-04-13 12:33:33.341660+00:00,hu,index.hu,index.hu,2026-04-13,Hollywoodi sztár is csatlakozott az ünneplő tömeghez a választás éjszakáján,https://index.hu/fomo/2026/04/13/josh-hutcherson-valasztas-2026-budapest-hollywood-szinesz/
84146035d811126b02f6ee668646012ad6c9174945cd994864205c6ef78bdb08,2026-04-13 12:33:28.406481+00:00,hu,index.hu,index.hu,2026-04-13,Zuhan a dízel ára a benzinkutakon,https://index.hu/gazdasag/2026/04/13/uzemanyag-uzemanyagar-benzin-benzinkut-benzinar-benzinarstop-dizel-uzemanyagarstop/
ac253858197811d1fd6f02b37c00cc652bbcadcbd045eba6e535c958654646e1,2026-04-13 12:33:18.645090+00:00,hu,index.hu,index.hu,2026-04-13,"Nekiesett a pápának Donald Trump: Ha én nem lennék a Fehér Házban, Leó nem lenne a Vatikánban",https://index.hu/kulfold/2026/04/13/xiv-leo-papa-donald-trump-vatikan-egyesult-allamok/
c3f057cdd55af1e254ac9160ec7957df11b76630f5fb2176727ead5c72f93940,2026-04-13 12:21:33.301457+00:00,hu,blikk.hu,blikk.hu,2026-04-13,Így sikerül majd a legjobban az érettségi vizsga: le lehet gyűrni a stresszt,https://www.blikk.hu/eletmod/lelek/erettsegi-stressz-lekuzdese/ff7vdyt
a81547a3e130f831a263570171887ab0954f9f6fd7e74ac213066d450e18b4ef,2026-04-13 12:21:20.935931+00:00,hu,blikk.hu,blikk.hu,2026-04-13,"ByeAlex is értékelte a választás eredményét, ezt várja az új kormánytól",https://www.blikk.hu/sztarvilag/hazai-sztarok/byealex-kormanyvaltas-valasztas-2026-velemeny/74qnyne
5e7a3cb3404d39d8e461071fae6e4a3e14a9925633c37b1cdaae6d00177f5af8,2026-04-13 12:20:23.693462+00:00,hu,blikk.hu,blikk.hu,2026-04-13,Fejlemény a Szőlő utcai ügyben,https://www.blikk.hu/aktualis/krimi/szolo-utcai-gyanusitottak-letartoztatas-meghosszabbitasa/gctg6g3
62549610c004a5341e3614711b1081865c35af413878dd7a677da13223d9cde0,2026-04-13 12:19:32.010192+00:00,hu,blikk.hu,blikk.hu,2026-04-13,"„Attól féltem, hogy felébredek majd reggel, és nem lesz igaz” – Szily Nóra megszólalt a Tisza Párt győzelméről",https://www.blikk.hu/sztarvilag/hazai-sztarok/szily-nora-valasztas-tisza-part/ce2hprc
457c5fe5d536c71e4abc7462179b41e9b3520a4ad6bc3f8025dfc5419b8d62d9,2026-04-13 12:19:17.691922+00:00,hu,origo.hu,origo.hu,2026-04-13,Egy megújult kiállítás személyes történeteken keresztül idézi fel a tragédiát,https://hirtv.origo.hu/tudomany/2026/04/egy-megujult-kiallitas-szemelyes-torteneteken-keresztul-idezi-fel-a-tragediat
0ecf0f5064dfa103a1478b019ae54daae613ea5895e01200c639f51f012bb1fa,2026-04-13 12:17:15.002742+00:00,hu,origo.hu,origo.hu,2026-04-13,Politikai feszültségek lelki feldolgozása,https://hirtv.origo.hu/tudomany/2026/04/politikai-feszultsegek-lelki-feldolgozasa
7cdb3064cc77c77faff052eac1ce2f79b0056e8eb9dab6baf8be3b85bb085c2b,2026-04-13 11:48:33.659369+00:00,hu,origo.hu,origo.hu,2026-04-13,Hatalmas zöld tűzgömb villant fel az égen – videó,https://www.origo.hu/nagyvilag/2026/04/tuzgomb-zold-feny-meteor
0ecce6c690635ac7bebd9462ff295c96cda062b84875f368156ff5cdb2da2b18,2026-04-13 11:48:28.680974+00:00,hu,origo.hu,origo.hu,2026-04-13,Történelmi szint közelében a forint az euróval szemben,https://www.origo.hu/gazdasag/2026/04/forint-arfolyam-tortenelmi-szint-kozeleben
6244d4fae2572c295357815837eef4aa5aa54f95f4e8bb256114af2afcce3566,2026-04-13 11:48:23.686018+00:00,hu,origo.hu,origo.hu,2026-04-13,"Brutális szinteken a forint árfolyama a dollárral szemben, rég nem volt ilyen erős a hazai fizetőeszköz",https://www.origo.hu/gazdasag/2026/04/forint-arfolyam-dollar
ff2b568be83db3153f06c96f549fb65cfa13d41b5c1cede561e42448af30bfbc,2026-04-13 11:48:18.389808+00:00,hu,origo.hu,origo.hu,2026-04-13,Tánczos Barna: Elkerülhetetlen a magyar-magyar kapcsolatok újragondolása,https://www.origo.hu/belpol/2026/04/tanczos-barna-valasztas-2026-tisza-part
c9b04f4488e1e333419ff6a7271a592e49393a41f057bd9942a9810c79fb6c98,2026-04-13 11:48:04.723591+00:00,hu,origo.hu,origo.hu,2026-04-13,"Hormuzi-szoros: pattanásig feszült a helyzet, Trump hadihajói már elindultak",https://www.origo.hu/kulpol/2026/04/hormuzi-szoros-trump-hadihajoi-blokad
5ed35e40dc6235a0ea20227ac3af15c4cc37dcdc09213200ecfa03ee39ec258f,2026-04-13 11:47:59.094701+00:00,hu,origo.hu,origo.hu,2026-04-13,"Akkora csokoládépark épül Svájcban, hogy az egész világ a csodájára jár majd",https://www.origo.hu/gazdasag/2026/04/csokoladepark-epul-svajcban
0becdf6d1a690cf36c0ab365e767b42ca1cec738d471736ab9c3c34a429cbe61,2026-04-13 11:47:54.056689+00:00,hu,origo.hu,origo.hu,2026-04-13,Brutális villantás a Coachellán: egy pillanat alatt szétszakadt a ruha,https://www.origo.hu/nagyvilag/2026/04/coachella-ruhabaleset-brutalis-villantas-szinpad-baki
b7e792816fb18b18b064470a0d16fe7f094483eb745a2d2941ea3ae96b73ee72,2026-04-13 11:47:49.080195+00:00,hu,origo.hu,origo.hu,2026-04-13,"Az erős jelszó híve? Kiváló, de ne lőjön túl a célon",https://www.origo.hu/techbazis/2026/04/jelszo-apple-iphone-ios-kulonleges-karakter
2d93ed29da18747d34d557b59b36457b4509b71f1b6a3b0eefad376d971a5e7e,2026-04-13 11:47:44.068748+00:00,hu,origo.hu,origo.hu,2026-04-13,A portugál sztárfocista szexi barátnője is megjelent Tyson Fury meccsén,https://www.origo.hu/sport/sport-laza/2026/04/ruben-dias-baratno-maya-jama-szexi-tyson-fury
031566a0e42c63c56531afdd19408f161759c73c4fa5404dc27571177d9f39cc,2026-04-13 11:47:39.061781+00:00,hu,origo.hu,origo.hu,2026-04-13,"Jön az űrháború, döbbenetes dologra készül Ukrajna",https://www.origo.hu/nagyvilag/2026/04/ukrajna-urhaboru-fegyverek
3a0f209a1a641b6bef9a700153ef9a5777fddb17a77faaddd8634dd7c6ee12d2,2026-04-13 11:47:34.069225+00:00,hu,origo.hu,origo.hu,2026-04-13,"Szexelt diákjával egy középiskolai matektanárnő, így buktak le",https://www.origo.hu/nagyvilag/2026/04/tanar-diak-viszony-szex
8cdbb1e3a3b718bf66c93cde55bb4eb2a18e3220547fd50d9982a9bc805b90c9,2026-04-13 11:47:29.054590+00:00,hu,origo.hu,origo.hu,2026-04-13,Titokzatos kamerák a gyárakban – így tanulhatja meg az AI az emberi munkát,https://www.origo.hu/nagyvilag/2026/04/fejkameras-gyari-munka-ai-betanitas-india
0a0e7b5734dfa386499064ee1614f0f4552a7ae29dde2ea75e55b3d9bfd11929,2026-04-13 11:47:24.037495+00:00,hu,origo.hu,origo.hu,2026-04-13,"Őrület a Nürburgringen: Max Verstappen visszatér, mindenki őt akarja legyőzni",https://www.origo.hu/sport/f1/2026/04/max-verstappen-nurburgringi-24-kvalifikacio-endurance
29825bbef5e6a3c7cafc052341de420cfe608cd99e9fe95ac39c2c95c77b5faa,2026-04-13 11:47:19.081120+00:00,hu,origo.hu,origo.hu,2026-04-13,Az iráni parlament elnöke áremelkedéssel fenyegette meg a Fehér Házat,https://www.origo.hu/kulpol/2026/04/iran-politikus-fenyegetes
e3f0734c4d50e2a093345820c850d5d2535112286314d20f8b7511e3a482d70f,2026-04-13 11:47:14.076533+00:00,hu,origo.hu,origo.hu,2026-04-13,"Halálos karanténba zárhatják a Perzsa-öblöt, órák vannak hátra – ez lesz most az olajárral",https://www.origo.hu/gazdasag/2026/04/olaj-blokad-iran-karanten
95aef4fa6dc1b01b3481f52f7ea8837f796ebb5d5430574d3e4d5b47b522d63e,2026-04-13 11:47:09.051450+00:00,hu,origo.hu,origo.hu,2026-04-13,Az ukrán külügyminiszter megszólalt a Barátság vezeték kapcsán,https://www.origo.hu/kulpol/2026/04/ukran-kulugyminiszter-baratsag-vezetek
298c8a6adba8ba1020998379cdf36b1486f0ca98b717da1c70a758cefa5897ec,2026-04-13 11:47:04.074309+00:00,hu,origo.hu,origo.hu,2026-04-13,Elképesztő sorsolás: bárki nyerhet egy Picasso-festményt,https://www.origo.hu/nagyvilag/2026/04/pablo-picasso-festmeny-jotekonysag-sorsolas
a5fbe860a2da1070e1352ad2440016c4ee1589163497b59f3a1c23637c345102,2026-04-13 11:46:45.155053+00:00,hu,origo.hu,origo.hu,2026-04-13,Az ön pénzét is szívesen elvennék a szabolcsi profiltolvaj csalók,https://www.origo.hu/kek-hirek/2026/04/csalok-szabolcsi-profiltolvaj
9daa8ab12e57a9448795d31b8120365a878273a5c378683209496ea6d15ddd32,2026-04-13 11:46:40.145822+00:00,hu,origo.hu,origo.hu,2026-04-13,"Kiderült, mely csapatok győzelmére van a legtöbb és a legkevesebb esély a foci-vb-n",https://www.origo.hu/sport/sport-futball/2026/04/foci-vb-2026-spanyol-valogatott-esely-haiti-curacao
21b1825aae54464d19124c355f6c9b4384008bcd543ded2f14f3401011927b2e,2026-04-13 11:46:35.189139+00:00,hu,origo.hu,origo.hu,2026-04-13,Újraszámolják a szavazatokat egy zalai választókerületben,https://www.origo.hu/belpol/2026/04/zalai-szavazat-ujraszamlalas
11e894de809e34e869713d02f5da287d3f9aa9f2e6edd5ef1ab750a4965f8632,2026-04-13 11:46:30.208220+00:00,hu,origo.hu,origo.hu,2026-04-13,Fény derült a D-vitamin sötét oldalára; erről csak kevés orvos beszél,https://www.origo.hu/tudomany/2026/04/d-vitamin-tuladagolas-veszelyei-es-napi-adag
8506369806cca51871930b039a05447a18d0739082a08981d94fdca3e0e64496,2026-04-13 11:46:25.159266+00:00,hu,origo.hu,origo.hu,2026-04-13,Itt a válasz: ezért szállt fel a honvédségi gép hajnalban,https://www.origo.hu/belpol/2026/04/itt-a-valasz-honvedsegi-gep
021ed9a9c67e26145b581271381995720328269068b8828be080432cacc228f1,2026-04-13 11:46:20.157935+00:00,hu,origo.hu,origo.hu,2026-04-13,Európába jön a Mercedes és a BYD által alapított prémiummárka,https://www.origo.hu/auto/2026/04/europaba-jon-a-mercedes-es-a-byd-altal-alapitott-premiummarka
1503c868fe1c86a564f01eb159f257d63ef23f8182530a45215fde78df959d2d,2026-04-13 11:46:15.495108+00:00,hu,origo.hu,origo.hu,2026-04-13,Saját apja ölte meg Ausztriában a magyar lányt,https://www.origo.hu/kek-hirek/2026/04/gyilkossag-sajat-apja-olte-meg-a-magyar-lanyt
ca691e05d91f99e1a5c0d6fba750e86d1fe6c179abbd40ae42394761fe1d4d2d,2026-04-13 11:46:10.058747+00:00,hu,origo.hu,origo.hu,2026-04-13,Vérengzés egy gyorsétteremben: halálos lövöldözés tört ki New Jersey-ben – videó,https://www.origo.hu/nagyvilag/2026/04/lovoldozes-new-jersey-gyorsetterem-video
cd832185ec16e1e675a654a424a4253b6b0e7360537a053089780ece33d3009f,2026-04-13 11:46:04.989290+00:00,hu,origo.hu,origo.hu,2026-04-13,Választás 2026: Húsznál több egyéni választókerületben még nincs végső győztes,https://www.origo.hu/belpol/2026/04/valasztas-2026-huszonharom-meg-nincs-vegso-gyoztes
b97b1a04cf3785a49636cb62ed7fb545c8de9c6713ba17f2f80f4ac163428c38,2026-04-13 11:46:00.010926+00:00,hu,origo.hu,origo.hu,2026-04-13,Gyűlölte a kormányt és robbantott! Mi lesz a telekkel?,https://www.origo.hu/kek-hirek/2026/04/esztergomi-robbanto-harom-ev-utan-is-elado
94bafb396adb9381a50e94421daa78f3892988f9395d4895db3a786568a136f3,2026-04-13 11:32:10.040900+00:00,hu,blikk.hu,blikk.hu,2026-04-13,A finn takarítási szakértő tanácsa: ezzel a trükkel lesz végre szagmentes a vécéje,https://www.blikk.hu/eletmod/tippek/higienia-wc-kefe-takaritas-szilikon/86vm905
1aa918e9aa82fa3b392cff84bda62a366e952dc817063af890ae792552f79085,2026-04-13 11:31:57.583452+00:00,hu,blikk.hu,blikk.hu,2026-04-13,"Mutatjuk, hogy reagált Donald Trump, amikor Orbán Viktor vereségéről kérdezték – videó",https://www.blikk.hu/aktualis/kulfold/donald-trump-reakcio-magyar-valasztas-orban-viktor-vereseg/0npwnfz
ce3381f6632c789a0e53d5439fcf6575106b0c50f21f72d5a82f0464c6af9776,2026-04-13 11:31:53.022199+00:00,hu,blikk.hu,blikk.hu,2026-04-13,Az emberek szeme láttára sétált a Dunába az egyetemista a Bálnánál,https://www.blikk.hu/aktualis/belfold/duna-eltunt-fiatal-balna/jt943cd
7330310db78cbfe0d41653671caa6e432c93ddb792410a9b179e1e389ed4cced,2026-04-13 11:31:31.913929+00:00,hu,blikk.hu,blikk.hu,2026-04-13,"Karácsony Gergely: ""Ma nem egy másik országra ébredtünk, hanem arra, ami a sajátunk""",https://www.blikk.hu/politika/magyar-politika/karacsony-gergely-valasztasi-eredmeny/xd7mld9
192f03ec26d046eda145bcfe0119de20cfb6abfa887c0c8e5e391faf90358937,2026-04-13 11:31:05.574471+00:00,hu,blikk.hu,blikk.hu,2026-04-13,Alföldi Róbert felszabadultan ünnepelt: „Lehet tiszteletben és szeretetben együtt élni”,https://www.blikk.hu/sztarvilag/hazai-sztarok/valasztas2026-alfoldi-robert-magyar-peter-orban-viktor/r88cbk9
06200d34a3198d9513aee1f08a1db90e69fecf242e88a4d78fe2a30d70ddcf75,2026-04-13 11:31:00.888461+00:00,hu,blikk.hu,blikk.hu,2026-04-13,"Kis Grófo megszólalt a választás után: „A nép döntött, el kell fogadni!”",https://www.blikk.hu/sztarvilag/hazai-sztarok/kis-grofo-velemenye-valasztasok-2026-eredmeny-gyozelem/0fg3qsx
ff69db7ee1017a14a554f15d62595e361f9de1e08cd4549bad082a0e72b613d4,2026-04-13 11:30:54.404135+00:00,hu,blikk.hu,blikk.hu,2026-04-13,Újra kell számolni a szavazatokat a keszthelyi egyéni választókerületben: ez az oka,https://www.blikk.hu/politika/magyar-politika/zala-02-ujraszamolas-valasztas-2026/dmfe40q
a73c0165b264a49a722236caf367eb5cf5c86def209b561a422af1555bb26ad0,2026-04-13 10:39:16.028095+00:00,hu,blikk.hu,blikk.hu,2026-04-13,Reagált Peking is Magyar Péter győzelmére: „Kína kész szorosabbra fűzni a magas szintű kapcsolatokat”,https://www.blikk.hu/politika/vilagpolitika/peking-gratulacio-magyar-peter-valasztas-2026/646p4c3
579dc1508e17747bf85c86ee19a612121eabdc6f6f4bb35b0c79c961712a470c,2026-04-13 10:39:00.620999+00:00,hu,blikk.hu,blikk.hu,2026-04-13,Megvan a nap legtémaérzékenyebb tanácsadója: Így költöztesse a vagyonát külföldre!,https://www.blikk.hu/gazdasag/penz/vagyon-koltozes-kulfoldre/en3zvvk
128951710efe14be7b118dac854feeb62d8e0bc4136f01a404313ddf8e7afaf6,2026-04-13 10:38:52.885582+00:00,hu,blikk.hu,blikk.hu,2026-04-13,Lebukott a gyönyörű riporternővel az NFL-es sztáredző,https://www.blikk.hu/sport/csapat/mike-vrabel-diana-russini/x0019pe
397695a3628b08f244755d9120e580d3c21f16bd182fa0e5542530b8c1ed594f,2026-04-13 10:38:18.246596+00:00,hu,blikk.hu,blikk.hu,2026-04-13,"Három dolog, amit áprilisban ki kell dobnod a háztartásodból, és jobban fogod érezni magad.",https://www.blikk.hu/eletmod/tippek/otthon-haztartas-mit-kell-kidobni/hpb14dx
15b0d5be04ef178bf70293ab05a00542d0b796f3d70443005a9032b0f488d26d,2026-04-13 10:38:08.816256+00:00,hu,blikk.hu,blikk.hu,2026-04-13,Huszonhárom egyéni választókerületben még változhat a végeredmény – akár új győztes is lehet,https://www.blikk.hu/politika/magyar-politika/valasztas-egyeni-keruletek-kis-kulonbseg/c54kbjl
1ac11e08a31bc9e0835bc403517171b0f7639c851238ae0d03cae398e9538530,2026-04-13 10:37:08.907822+00:00,hu,blikk.hu,blikk.hu,2026-04-13,"Fehér tornacipő még 50 felett is? Így öltözzön fel hozzá, hogy ne tűnjön úgy, mintha edzőterembe tartana!",https://www.blikk.hu/eletmod/tippek/feher-tornacipo-ruha-viseles/ywr1zt6
40ae9a13392a498675c172aefefef558ac449aee418de55ba64d4ea39bc818f7,2026-04-13 10:26:12.666332+00:00,hu,origo.hu,origo.hu,2026-04-13,"Megvannak az ételek, amik lelassítják az öregedést",https://www.origo.hu/tudomany/2026/04/kenben-gazdag-etelek-sejtmegujulas
2480e03a6f33daf1667be38238a78826e295f736368084f89fea0051ec0d7d61,2026-04-13 10:23:58.414475+00:00,hu,index.hu,index.hu,2026-04-13,"Márki-Zay Péter: Azt javaslom Magyar Péternek, hogy már most tegye előzetesbe az Orbán családot",https://index.hu/belfold/2026/04/13/marki-zay-peter-interju-valasztas-2026-tisza-part-magyar-peter-orban-viktor-fidesz/
c22eeb791e3f2b9457788ab40435e2ebc4c08e8b41f6ffbd47937e2c967377ed,2026-04-13 10:23:53.453152+00:00,hu,index.hu,index.hu,2026-04-13,"Marozsán, Fucsovics és a Madridban tornagyőztes Piros is javított ranglistás helyezésén",https://index.hu/sport/tenisz/2026/04/13/atp-wta-vilagranglista-aprilis-13-marozsan-fabian-fucsovics-marton-galfi-dalma/
801419a8c5d1504ef43f99b7bb22b875e2b093352ba028b188376fcd109a4dac,2026-04-13 10:23:48.391574+00:00,hu,index.hu,index.hu,2026-04-13,"Itt vannak a Fidesz legnagyobb nevei, akik veszítettek vasárnap",https://index.hu/belfold/2026/04/13/valasztas2026-orszaggyulesi-valasztasok-fidesz-kdnp-orszaggyules-parlament-navracsics-tibor-tuzson-bence-hanko-balazs/
b36570c5991f7bb50f9d5b76d4968c8c82cf7e46f5f66166849ca2ccf888aab0,2026-04-13 10:23:43.635486+00:00,hu,index.hu,index.hu,2026-04-13,Ötödik választási győzelmét ünnepli Magyar Péter,https://index.hu/tech/mem/2026/04/13/valasztas-2026-memeskut-fidesz-tisza-part-eredmenyvaro/
d058f699505239c1e4149c9a17a46f998b5a00796a8d328a0e04951fd290dc6e,2026-04-13 10:23:38.602541+00:00,hu,index.hu,index.hu,2026-04-13,Jamie Lee Curtis a választási eredményről: Ma büszke vagyok magyar gyökereimre,https://index.hu/fomo/2026/04/13/jamie-lee-curtis-magyar-valasztas-2026-szarmazas-valtozas-szineszno/
7781c1ad1904f97d58c0f97f3355bc17242d5dc536eed1ba5b0394fe7e64d253,2026-04-13 10:23:12.801563+00:00,hu,index.hu,index.hu,2026-04-13,"Sztrájkolnak a Lufthansa pilótái, a hétfői és keddi budapesti járataikat is törölték",https://index.hu/kulfold/2026/04/13/lufthansa-pilota-sztrajk-nemetorszag-legitarsasag-budapest-frankfurt-munchen-jarattorles/
3d913e5d8f85b2c3b59dc437135c3519982f0a2fc2b40f5279301be5131caa6e,2026-04-13 10:22:59.072858+00:00,hu,index.hu,index.hu,2026-04-13,Néhány órával a választás vége után döntést hozott Magyarországgal kapcsolatban Ukrajna,https://index.hu/kulfold/2026/04/13/ukrajna-javaslat-utazas-magyarorszag-valasztas-2026/
230e7fa5c6b069c87d1016d5b7aaf6a72db9f5ef1f9195ce28ab5ad83cf6b68c,2026-04-13 10:22:34.102091+00:00,hu,index.hu,index.hu,2026-04-13,"Letarolta a TikTokot a leendő egészségügyi miniszterről készült videó, többen dobtak egy hátast táncmozdulataitól",https://index.hu/mindekozben/poszt/2026/04/13/hegedus-zsolt-tanc-video-valasztas-2026/
652c5cf3bcc13913ef0298d64443368cffbfb85d1ba25784f83109662f26e1b5,2026-04-13 10:21:55.505572+00:00,hu,index.hu,index.hu,2026-04-13,"Lezárult az alapszakasz, megdőlt a pontrekord a világ legerősebb bajnokságában",https://index.hu/sport/kosarlabda/2026/04/13/nba-alapszakasz-vege-pontrekord-detroit-pistons-oklahoma-city-thunder/
04a43b79bbfaf31350ef6b02f58507ccc9c24a84b024f9099c2431f41a144bfa,2026-04-13 10:21:07.151906+00:00,hu,blikk.hu,blikk.hu,2026-04-13,"Nincs vége: kiderült, pontosan mennyi szavazat vár még feldolgozásra – Ez a szám sok mindent megváltoztathat",https://www.blikk.hu/politika/magyar-politika/valasztas-2026-vegeredmeny-szavazat-szamlalas/mbes3mk
c0cd94936154cb2b7e9318c7c50026cbf6f688a26de4ef0e678cce4240169220,2026-04-13 10:20:52.785425+00:00,hu,blikk.hu,blikk.hu,2026-04-13,Ne álljon sorba! Így fizetheti be percek alatt a gépjárműadót – segít a NAV,https://www.blikk.hu/auto/nemzeti-ado-es-vamhivatal/qm2e787
3f9c6a4e12ecfc51a01a8aec8ee94ffeeb362f826920e3594f85ed0bb999b3ec,2026-04-13 10:20:48.254283+00:00,hu,blikk.hu,blikk.hu,2026-04-13,Ukrajna külügyminisztere feloldotta az ukrán állampolgárok Magyarországra való utazásának korlátozását,https://www.blikk.hu/politika/vilagpolitika/ukran-allampolgarok-kulugyminiszter-korlatozas-feloldas/mp5xpg4
6442023b8f2e2804cd75a1aa0225fc26980b3695b2e53388e41d030e6d250bc8,2026-04-13 10:20:00.001248+00:00,hu,blikk.hu,blikk.hu,2026-04-13,"A magyar tőzsde azonnal beárazta a Tisza győzelmét, csúcson a BUX, így áll az Opus és a 4iG árfolyama",https://www.blikk.hu/gazdasag/penz/bet-reszvenyarfolyam-opus-4ig-granit-mbh/lkcw8fg
ec2a48449d23e4d4e1581a5f95bf4fc8844218957682a38b7860afc3135d0fe7,2026-04-13 10:19:03.391239+00:00,hu,blikk.hu,blikk.hu,2026-04-13,Nincs vége a rémálomnak! Két napig áll a Lufthansa több járata is,https://www.blikk.hu/aktualis/belfold/lufthansa-sztrajk-budapest-liszt-ferenc-repuloter-jarattorlesek/q5pc865
1779becc2092bc91ef45397ab3c4514b38a253f6d080a70d52e1c77990fefeb8,2026-04-13 09:44:36.002876+00:00,hu,blikk.hu,blikk.hu,2026-04-13,így köszönt Palik a Mercedes CLA250+ EQ-nak,https://www.blikk.hu/auto/mercedes-cla-eq-gurulunk-palik-laszlo/vwfg2hz
7ba97d4816ff9ec063d94d6ffeb8d99dfefe1665d837aa6b06418d7513891da0,2026-04-13 09:42:34.514148+00:00,hu,origo.hu,origo.hu,2026-04-13,Világbajnok edzőt nézett ki magának a Real Madrid,https://www.origo.hu/sport/sport-futball/2026/04/real-madrid-vilagbajnok-edzo-didier-deschamps
885892333fa484570da8a116c3c5fa39998fb4716e384cc5b423333aaa1217fe,2026-04-13 09:42:30.979497+00:00,hu,origo.hu,origo.hu,2026-04-13,"Magyarország választ 2026 – levezető műsor, kövesse nálunk élőben!",https://www.origo.hu/belpol/2026/04/magyarorszag-valaszt-2026-levezeto-musor-elo
b93e8f1f47d462a8ac32a2178725058a8bffac4e835727a46783f31b2f7545d8,2026-04-13 09:42:29.948064+00:00,hu,origo.hu,origo.hu,2026-04-13,Szerelem és szenzáció: így ünnepelt Tóth Alex és csinos barátnője,https://www.origo.hu/sport/sport-laza/2026/04/toth-alex-arsenal-bournemouth-magyar-mira-szerelem
2c58ed818ac9d1bca54a264cdc5778482a2a2ea1fb98d9d3cfbf29f9d6918dc9,2026-04-13 09:42:29.909680+00:00,hu,origo.hu,origo.hu,2026-04-13,Rendkívüli fejlesztést mutatott be a Roszatom – a Paks II. projektben is alkalmazható lesz,https://www.origo.hu/gazdasag/2026/04/roszatom-balesetallo-nuklearis-uzemanyag
e4eef643a2e5f9c8b5be8b3c6d61416d203079cb6cddfe15efea82146b9fdb89,2026-04-13 09:42:29.826431+00:00,hu,origo.hu,origo.hu,2026-04-13,Az ismert sztárfeleségnél súlyos betegséget diagnosztizáltak – most megszólalt a kezelésről,https://www.origo.hu/nagyvilag/2026/04/terry-crews-felesege-parkinson-kor-uj-modszer
5c556c5a1cb3b257da5c599d95d4b3eab1095d74042c1dc3d6552bc76be6781d,2026-04-13 09:42:24.828107+00:00,hu,origo.hu,origo.hu,2026-04-13,Így született meg a világ egyik leghíresebb titkos ügynöke – James Bond,https://www.origo.hu/nagyvilag/2026/04/james-bond-ian-fleming-titkosugynok-film
bff04f010298f9a47d90116d84379143eb41c8375c4b34b9e0af720c46101dce,2026-04-13 09:42:07.430975+00:00,hu,origo.hu,origo.hu,2026-04-13,"Az üzemanyagválság újabb országot ért utol, a kormánynak közbe kellett lépnie",https://www.origo.hu/kulpol/2026/04/uzemanyagvalsag-irorszag-kormany-kozbelepes
b6bc73f0eaf6202af14faa4fad73c2d91af6c8cf7a128794aed373492cc81bcd,2026-04-13 09:42:00.474189+00:00,hu,origo.hu,origo.hu,2026-04-13,"Sabrina Carpenter olyat tett a Coachella színpadán, hogy nyilvánosan kellett bocsánatot kérnie",https://www.origo.hu/nagyvilag/2026/04/sabrina-carpenter-coachella-fura-botrany-jodli
4c5fbdd6ba14960334913416f89ca17f89fe0f17231edd2eb8c0612e9963abb4,2026-04-13 09:41:55.392887+00:00,hu,origo.hu,origo.hu,2026-04-13,A Manchester City szurkolói alaposan kigúnyolták az Arsenalt,https://www.origo.hu/sport/sport-futball/2026/04/manchester-city-szurkolok-kigunyolas-arsenal-pl
6f935828526e5cf4d378e6c1ea86c74e992f9c2d3bbe34f194aea98a2ba08b47,2026-04-13 09:41:50.479964+00:00,hu,origo.hu,origo.hu,2026-04-13,Sokkoló vallomás: súlyos betegséget diagnosztizáltak a világhírű gitárosnál,https://www.origo.hu/nagyvilag/2026/04/tom-dumont-no-doubt-gitaros-betegseg
6279ebb8a600b0b363957a6e55eb66c9c113d99a5d46d418dd2636892e07c5e1,2026-04-13 09:41:46.028865+00:00,hu,origo.hu,origo.hu,2026-04-13,Mit művelt a bíró? Nem volt nála sárga és piros lap sem,https://www.origo.hu/sport/sport-futball/2026/04/biro-huesca-deportivo-sarga-lap-piros-lap-baki
fc5a150866025e93994ae9a987804470070a7d033ae11853f75e5708659b042b,2026-04-13 09:41:40.789669+00:00,hu,origo.hu,origo.hu,2026-04-13,"A szavazás óta senki nem látta, nyom nélkül tűnt el a 14 éves lány",https://www.origo.hu/kek-hirek/2026/04/eltunt-a-szavazas-ota-senki-nem-14-eves-lany
997a397373646a181cbdd8aa5123350168962806ada28a46b3e44b5cba9d085d,2026-04-13 09:41:35.431290+00:00,hu,origo.hu,origo.hu,2026-04-13,Fontos határidőre figyelmeztetett a NAV: minden autóst érint,https://www.origo.hu/gazdasag/2026/04/nav-fontos-hataridore-figyelmeztetett
d8a98f73184c8dbe04d4ff2dc6914a439c168dd40652fb8516b140a0ac907dcf,2026-04-13 09:41:32.120173+00:00,hu,origo.hu,origo.hu,2026-04-13,Milliókat nyert egy férfi nem létező sárgabarackokkal,https://www.origo.hu/kek-hirek/2026/04/csalas-nem-letezo-termekek-online-atveres
2ce90f4ff11c6e121f80fef7efb5017e1b9fb0fa17e5165d7aef6e1ce50986ef,2026-04-13 09:41:25.387862+00:00,hu,origo.hu,origo.hu,2026-04-13,"Francia támogatás: Orbán Viktor „nagy hazafi”, aki megvédte Európát",https://www.origo.hu/belpol/2026/04/jordan-bardella-europa-vadjai-alaptalanok
37918279d03823122f0c5f8c4f34359df3c85dce14f015f953f5ee0f2d746fb7,2026-04-13 09:41:20.679544+00:00,hu,origo.hu,origo.hu,2026-04-13,Törölték a Lufthansa budapesti járatait,https://www.origo.hu/nagyvilag/2026/04/lufthansa-sztrajk-jaratok-torlese-frankfurt-munchen
6d665e7223224cfe8a8fbe936017a5e1962e3f3a29e90edc938aa5e54529a511,2026-04-13 09:41:16.229207+00:00,hu,origo.hu,origo.hu,2026-04-13,"Nem fogja elhinni, kit kellett újraéleszteni a választás napján",https://www.origo.hu/kek-hirek/2026/04/rosszullet-szavazas-ujraelesztes-szavazobizottsag
7ca31f05796ce61d71b599b89793a22058f0e56b25b9fae0d2bdca120b47e0d1,2026-04-13 09:41:09.402933+00:00,hu,origo.hu,origo.hu,2026-04-13,Így alakul meg az új kormány: nem azonnali a hatalomátadás,https://www.origo.hu/belpol/2026/04/igy-alakul-meg-az-uj-kormany-nem-azonnali-a-hatalomatadas
f93c9f271f5306066a6b01b72b35853b4243464c60a13d20037c07f3b5da307f,2026-04-13 09:41:04.483812+00:00,hu,origo.hu,origo.hu,2026-04-13,"Üzent a magyaroknak a Bálnánál Dunába sétáló, eltűnt férfi édesapja",https://www.origo.hu/kek-hirek/2026/04/eltunt-ferfi-edesapja-uzent-a-magyaroknak
2be2b2465362c6d201e2c5305c82cc0c12cbfbcbeed2ab9a6a4f1b374d8b1f4f,2026-04-13 09:40:59.483867+00:00,hu,origo.hu,origo.hu,2026-04-13,"Ellenzékben folytatja a Fidesz–KDNP, kétharmaddal nyert a Tisza Párt",https://www.origo.hu/belpol/2026/04/tisza-ketharmad-fidesz-ellenzek
8aa0d7c689fe707b8c7fcc316e6c4a90c4196632abc6246734da9fd5ba0b16ba,2026-04-13 09:40:54.505652+00:00,hu,origo.hu,origo.hu,2026-04-13,Fico a Barátság vezeték újranyitását sürgeti az új magyar kormánnyal,https://www.origo.hu/kulpol/2026/04/fico-baratsag-vezetek-uj-magyar-kormany
f73e71c2eff052a13e583342ebab13c9377af4fe0884796d27c32a71f1f01be8,2026-04-13 09:40:49.423420+00:00,hu,origo.hu,origo.hu,2026-04-13,Vucsics: Hálával tartozom Orbán Viktornak,https://www.origo.hu/belpol/2026/04/vucic-halaval-tartozom-orban-viktornak
27cc90abff27c2737e36fcf07bcd2c3e2f9f824a2355850e062dc890d5b134f7,2026-04-13 09:40:44.504832+00:00,hu,origo.hu,origo.hu,2026-04-13,John Terry is csatlakozhat a dúsgazdag szupersztárok új hóbortjához,https://www.origo.hu/sport/sport-futball/2026/04/john-terry-uzlet-klubtulajdonos-colchester-united
0ec8b9b40b388a01a71e6a5f310eb07154b6470c17db0a747daef44b2c4c010e,2026-04-13 09:40:39.507859+00:00,hu,origo.hu,origo.hu,2026-04-13,Rejtélyes körülmények között eltűnt egy 14 éves kisfiú Vágsellyén,https://www.origo.hu/kek-hirek/2026/04/eltunt-egy-14-eves-kisfiu-vagsellyen
b92c256ef475b3574875787dfb457891b353c9bad821c4878df69d7710add41f,2026-04-13 09:40:34.500338+00:00,hu,origo.hu,origo.hu,2026-04-13,Kijátszották a fiatalok a közösségi média tiltását: nem működik a szigor?,https://www.origo.hu/nagyvilag/2026/04/kozossegi-media-tiltas-gyerekek-ausztralia
70b887d05f9f3e5021db0162d651abfec8e2fdeb48223697f4401d26f635163a,2026-04-13 09:40:29.402456+00:00,hu,origo.hu,origo.hu,2026-04-13,Orbán Balázs: A választók most nem a kormánypártoknak adtak felhatalmazást,https://www.origo.hu/belpol/2026/04/orban-balazs-a-valasztok
03fc43d62040cf00fcfed1482a4b739278a6e86cc8b5583e63b16c1473b1a1c5,2026-04-13 09:40:24.524963+00:00,hu,origo.hu,origo.hu,2026-04-13,Vérfürdő a New York-i pályaudvaron: machetével támadt az utasokra egy férfi,https://www.origo.hu/nagyvilag/2026/04/machetes-tamadas-new-york
384fa20ab93a096cc33ad094a6262700cdea5875f2ab3d0b0758dff3bea79713,2026-04-13 09:40:19.508305+00:00,hu,origo.hu,origo.hu,2026-04-13,Megszólalt egy fekete lyuk – hátborzongató felvételek,https://www.origo.hu/tudomany/2026/04/ur-hangjai-hatborzongatoan-szolnak-hallgassa-meg
70e5f69e562d6c33edb4c7ea009ef53a9cdbb4693bcaa9ca32f9849a3e06e6ab,2026-04-13 09:40:14.538651+00:00,hu,origo.hu,origo.hu,2026-04-13,Felgyorsulhat az EU szétesése Orbán Viktor veresége után – állítja egy orosz tisztviselő,https://www.origo.hu/kulpol/2026/04/eu-szeteses-dmitrijev
0bcee8c02ad23eaa6bdd585ee9b503db1aca26fcf8550766ac0faca332fd58b4,2026-04-13 09:40:09.416864+00:00,hu,origo.hu,origo.hu,2026-04-13,Sokak fejében él tévhit a jobbról előzésről – pedig a KRESZ világosan fogalmaz,https://www.origo.hu/auto/2026/04/kresz-szabaly-elozes-auto
f03450b3a81c0ad824633343375dadf9b5728ef00f124688a3daddca91a19c60,2026-04-13 09:40:05.327191+00:00,hu,origo.hu,origo.hu,2026-04-13,"Sallai Rolandot lecserélték, a Galatasaray azonnal gólt kapott",https://www.origo.hu/sport/sport-futball/2026/04/sallai-roland-galatasaray-lecsereles-dramai-fordulat
43d691b38327e9e3afd38c5693f09a3534ca4b5cec93e244450a6e8bbe67f016,2026-04-13 09:40:00.124601+00:00,hu,origo.hu,origo.hu,2026-04-13,Ez megőrült? – egy öreg Peugeot-val vágott neki a fél világnak,https://www.origo.hu/auto/2026/04/peugeot-auto-parizs-peking
a07837486c620db3bdf7ff55bf9026402ff6037c1230f667b89d887a13e0ede4,2026-04-13 09:39:54.234606+00:00,hu,origo.hu,origo.hu,2026-04-13,A világsztár titokban apuka lett – mindenkit átvert a klasszis játékos?,https://www.origo.hu/sport/sport-laza/2026/04/bernard-tomic-keely-hannah-titok-terhesseg-szuletes
f20e8eb7453cb59915a6b927ee8687df07076687b2a32de8ccb48d9a7c0f4625,2026-04-13 09:39:49.496456+00:00,hu,origo.hu,origo.hu,2026-04-13,Meghalt a levegőben ütköző két vitorlázó repülőgép egyik pilótája,https://www.origo.hu/kek-hirek/2026/04/meghalt-a-vitorlazo-pilotaja
e4fc206a741a9e1d55d6d0e8e927f60a89d82f69a2012ed05bbd4d8c802b175f,2026-04-13 09:39:44.490972+00:00,hu,origo.hu,origo.hu,2026-04-13,"Látványos üstökös került a Föld közelébe, aztán megtörtént, amire senki sem számított",https://www.origo.hu/tudomany/2026/04/ustokos-szeteseset-videozta-le-a-nasa
868fe65544446c10765e0629c1fca6d5c0eea486490e1bff12fa24d707a1da21,2026-04-13 09:39:39.406314+00:00,hu,origo.hu,origo.hu,2026-04-13,Elon Musk: Sorosék átvették Magyarországot,https://www.origo.hu/belpol/2026/04/elon-musk-alex-soros-x-valasztas-2026
b5aea6c2e03e88af5c7ad2b68305b6f5b83bf7d96bfac37d26dd483909b14c39,2026-04-13 09:39:34.478505+00:00,hu,origo.hu,origo.hu,2026-04-13,Boltban támadtak rá egy férfira a toborzók Odesszában – videó,https://www.origo.hu/kulpol/2026/04/toborzo-odessza-video
f3ee56b399763c4eaba27e74e63d0ecfb57fcb93018b7399da16cd0ebb539ae8,2026-04-13 09:39:29.507305+00:00,hu,origo.hu,origo.hu,2026-04-13,Szivárognak az elhagyott kutak: drámai következmények jöhetnek,https://www.origo.hu/tudomany/2026/04/metankibocsatas-merteke-sokkolo-a-nem-termelo-kutaknal
30820508a6349b8ac83c32f0905bebd5804ed575632a6891b77b59b008f1701e,2026-04-13 09:39:24.434309+00:00,hu,origo.hu,origo.hu,2026-04-13,Máris erősebb lett a BMW iX3-as,https://www.origo.hu/auto/2026/04/bmw-ix3-maris-erosebb-lett
a65ee35197a33ad4fcacec87dde924ad35b8f78d9eea7a8ec9e87162e4f6f37a,2026-04-13 09:29:18.886699+00:00,hu,blikk.hu,blikk.hu,2026-04-13,"„Akinek nem motiváló a jövő évi vb-n szerepelni, az ne hívja versenyzőnek magát” – Miláknak üzent a kapitány?",https://www.blikk.hu/sport/milak-kristof-sos-csaba-uszo-ob/g4br0k4
bec1d369305b7830b841ef7b4b6c76d11822294d48d0eb3014ea59838a4181bd,2026-04-13 09:28:39.383525+00:00,hu,blikk.hu,blikk.hu,2026-04-13,A Samsung A57 5G és A37 5G középkategóriás mobilok hosszú üzemidővel és sok AI funkcióval érkeztek meg a magyar üzletekbe,https://www.blikk.hu/ferfiaknak/tech/samsung-galaxy-a57-5g-es-a37-5g-magyar-arak/h2tslh0
ba9c80c24b90007a84d13c56745969b8a5e999b84d9765b069d50741a597f832,2026-04-13 09:28:35.356643+00:00,hu,blikk.hu,blikk.hu,2026-04-13,"Nem mindegy, mi áll elsőként az étcsoki összetevői közt",https://www.blikk.hu/eletmod/tippek/egeszseges-etcsokolade-valasztas/1edyq4y
88dd1339d53a9b12586f51b62d570ff7c058ee5de97d53b630e8de4178a16124,2026-04-13 09:28:19.487882+00:00,hu,blikk.hu,blikk.hu,2026-04-13,"Eldurvult a szülinapi iszogatás – Léccel támadt ismerőseire, majd kirabolta őket a 21 éves férfi Kecskeméten",https://www.blikk.hu/aktualis/krimi/eldurvult-szulinapi-iszogatas-rablas-verekedes-kecskemet/8vn456m
d4424490681114cea2638d5c5325617ee1ecd5ae93b4bbea73aadd9fb4e35bb0,2026-04-13 09:28:01.246237+00:00,hu,blikk.hu,blikk.hu,2026-04-13,Lesz-e Nagy Ervinből miniszter a Tisza-kormányban?,https://www.blikk.hu/politika/magyar-politika/nagy-ervin-miniszter-tisza-kormany-szavazas/dpgy1wh
350a2843c74089dd29aa7e9eff4cb784285e804b9fb01f8eab2c57eda17723a3,2026-04-13 09:27:18.787958+00:00,hu,blikk.hu,blikk.hu,2026-04-13,"A nap, ami örökre bevonult a magyar történelembe",https://www.blikk.hu/aktualis/belfold/aprilis-12-valasztas-napja-legjobb-fotok/jlyvrdh
4bd6deffe4c56ca0902c17ab910831ada3d795b91a0d6d04fea72ced326e1506,2026-04-13 09:27:04.452966+00:00,hu,blikk.hu,blikk.hu,2026-04-13,"Megdöbbentő lista: ilyen autót ne vegyen, ha nem akarja, hogy megegye a rozsda!",https://www.blikk.hu/auto/legjobban-rozsdasodo-autok-korrozio/sp2nj2x
1d945586d3ab87d0b405798c52fed451e9b083caa7c67e17176c73eb378d0c10,2026-04-13 08:34:56.950670+00:00,hu,blikk.hu,blikk.hu,2026-04-13,Kajdi Csabát kis híján kirabolták: „Megpróbálták kikapni a telefonomat a kezemből”,https://www.blikk.hu/sztarvilag/hazai-sztarok/kajdi-csaba-brazilia-tolvajok-vegrendelet/ptj8h1r
04aa3ca784ba6f7f2e08afec14cf0713725422892ba22f7bdd803ec76f356093,2026-04-13 08:33:01.306617+00:00,hu,blikk.hu,blikk.hu,2026-04-13,A természetben töltött idő segíti az agy működését,https://www.blikk.hu/eletmod/lelek/intelligencia/82whh8t
0dbe1fbdee5089b1fca3d9026d284baf26beb2f5486269188ca1b5c7de39c672,2026-04-13 08:32:51.549998+00:00,hu,blikk.hu,blikk.hu,2026-04-13,"Trump nem kímélte az amerikai származású egyházfőt: ""Leó pápa GYENGE""",https://www.blikk.hu/aktualis/kulfold/gyenge-borzalmas-xiv-leo-papa-donald-trump/gfevc8d
9e47d14d64fc745d31a7264b7748832d1ed0a8c0368b189dd7b6a06b740659fa,2026-04-13 08:24:46.251653+00:00,hu,blikk.hu,blikk.hu,2026-04-13,"Ennyi napot kell várni rá, hogy a több tízezer külföldi szavazat is befusson",https://www.blikk.hu/politika/magyar-politika/orszaggyulesi-valasztas-2026-kulfoldon-szavazo-magyarok-levelszavazatok/j5hcvp1
12cbef0e64e9aeb2d0a241be411487611bcb9f2dd0d900c60581d2a1ebfa8fa7,2026-04-13 08:24:40.908904+00:00,hu,blikk.hu,blikk.hu,2026-04-13,Pillanatokon belül megkezdik az amerikai katonák az iráni kikötők blokádját,https://www.blikk.hu/aktualis/kulfold/amerika-iran-kikoto-blokad-hormuzi-szoros/8e1cg0j
3efac722ad2e37774e5102725689e8c8329cac435ef62924498af5097c18f0a5,2026-04-13 08:24:21.427518+00:00,hu,blikk.hu,blikk.hu,2026-04-13,Deák Dániel bocsánatot kért,https://www.blikk.hu/politika/magyar-politika/deak-daniel-bocsanatot-kert/m7hq9p5
4421dab04058ecae7f799e82e7dd983ccffcdd5dde72daad80375996ae4db53f,2026-04-13 08:23:47.956369+00:00,hu,blikk.hu,blikk.hu,2026-04-13,Valószínűleg megvan Nagy Feró legrosszabbul öregedő mondata,https://www.blikk.hu/sztarvilag/hazai-sztarok/nagy-fero-eredmenyvaro-fidesz/wdvsqpp
0360b16951d7c794cb39a579d532beb8eb97bb8da03843385bf4947ed009e374,2026-04-13 08:23:42.948284+00:00,hu,blikk.hu,blikk.hu,2026-04-13,Sztárok a parlamentben: Csézy kiütötte a nyeregből a 28 éve veretlen fideszes államtitkárt,https://www.blikk.hu/sztarvilag/hazai-sztarok/csezy-valasztas-gyozelem-tisza-part/1pnxdzd
82dd9af9ba383851aef57a342ffb406e4382696e659fd148a7f5c6a5b56b4b9e,2026-04-13 08:23:37.921073+00:00,hu,blikk.hu,blikk.hu,2026-04-13,A Celtic edzője szívesen látná Keane-t az utódjaként,https://www.blikk.hu/sport/kulfoldi-foci/robbie-keane-martin-o-neill-celtic/3njf3c2
ad98af452b6946097b3a33adf30741203b78e375398339d435e2ddc41b270af0,2026-04-13 08:23:31.951491+00:00,hu,blikk.hu,blikk.hu,2026-04-13,"Ez a három csillagjegy most olyan lehetőséget kap, amire régóta várt",https://www.blikk.hu/eletmod/lelek/harom-csillagjegy-attores/c59klhb
70d60585fa891f1f0c96f030012bef223a41133df3e480d04ca8d11d562738a7,2026-04-13 08:23:26.853839+00:00,hu,blikk.hu,blikk.hu,2026-04-13,A Hősök tere után Puzsér Róbert kávézójában kötött ki Azahriah: így ünnepelték meg a Tisza Párt győzelmét Pankotai Lilivel,https://www.blikk.hu/sztarvilag/hazai-sztarok/azahriah-pankotai-lili-tisza-part-gyozelem/hn6615m
70fd4098e6cd842ed06a737880d622c41a4bfb084348941f4d7b9c590cbd13ee,2026-04-13 08:23:10.200732+00:00,hu,blikk.hu,blikk.hu,2026-04-13,"Meghalt Kuzma Csaba, az olimpikon ökölvívó és legendás tatabányai edző",https://www.blikk.hu/sport/kuzma-csaba-halala/jj1k08z
e952b4f798203667c24f0a49ba1586bad2e5a2e25b61b5a735c674d7cc9bd3b1,2026-04-13 08:23:02.176741+00:00,hu,blikk.hu,blikk.hu,2026-04-13,Jamie Lee Curtis is reagált a magyar választások eredményére: „Ma büszke vagyok magyar származásomra”,https://www.blikk.hu/sztarvilag/nemzetkozi-sztarok/jamie-lee-curtis-valasztasok-reakcio/vj7gwzs
f61d54def7b4629cfad5a7569b161a4033254251ea8530ef0718ceeece1ded67,2026-04-13 08:22:48.754072+00:00,hu,blikk.hu,blikk.hu,2026-04-13,"Egy méhész elárulta, hol van a legrosszabb hely a méz tárolására. Pont a konyhádban!",https://www.blikk.hu/eletmod/tippek/mez-tarolasa-konyha/c5dlcgc
62841b371144cfc93de4a59642efe3d723ae71e82e66a65a57d6412199786fa2,2026-04-13 08:21:43.034789+00:00,hu,index.hu,index.hu,2026-04-13,Horváth Gyulát megverte Horváth Gyula az időközi polgármester-választáson,https://index.hu/belfold/2026/04/13/polgarmester-valasztas-onkormanyzat-szavazas/
b231e9572d332c8e77d7fd0cef7cd0fdf8f3d3a84af526661928e87d27ddd7b3,2026-04-13 08:21:37.854949+00:00,hu,index.hu,index.hu,2026-04-13,„Roboghat a bringa a szakadék felé” – fideszes politikusok reakciói a választási eredményre,https://index.hu/belfold/2026/04/13/valasztas-2026-fidesz-orban-balazs-nagy-istvan-gulyas-gergely-menczer-tamas-reakciok/
b9c9be330ae0a53515ad1b8376348a3d26951620c2317eae2f8ad33d82138f3f,2026-04-13 08:21:23.189921+00:00,hu,index.hu,index.hu,2026-04-13,"Négyéves csúcsra repült a forint, nagy bajban vannak a Fidesz-közeli cégek",https://index.hu/gazdasag/2026/04/13/forint-euro-dollar-valasztas-tisza-part-kormany-tozsde/
e6c0a430a0319545ab2d48864802edd6644c727ad8c210401eba80072e415a3f,2026-04-13 08:21:18.121113+00:00,hu,index.hu,index.hu,2026-04-13,Deák Dániel és Kohán Mátyás is bocsánatot kért Hann Endrétől,https://index.hu/belfold/2026/04/13/deak-daniel-kohan-matyas-hann-endre-median-kozvelemeny-kutatas-bocsanatkeres-valasztas-2026/
77128a1f6027c385052e5464c2343077f3c651ec1b470a5a3b4e37760b3b2811,2026-04-13 08:21:05.255640+00:00,hu,index.hu,index.hu,2026-04-13,"Orbán Viktor leváltása, Magyar Péter felemelkedése: a magyar választások eredményétől hangos a nemzetközi sajtó",https://index.hu/belfold/2026/04/13/magyar-valasztas-2026-tisza-part-gyozelem-nemzetkozi-sajto-lapszemle/
16d05e620b3f132e1e1421dbf4a2612c3588f00a3ede3cdde0f2cd630ba773a5,2026-04-13 08:20:55.284404+00:00,hu,index.hu,index.hu,2026-04-13,„Egyértelműen elmezavarodott” – Trump menesztését szorgalmazza a CIA volt igazgatója,https://index.hu/kulfold/2026/04/13/donald-trump-eltavolitas-egyesult-allamok-feher-haz-cia/
ac76db41f71c2844509ddc744115723b99a4044b7ebe49e84545414d122b5db5,2026-04-13 08:20:46.428481+00:00,hu,index.hu,index.hu,2026-04-13,"Az egyik leghíresebb rendező visszadobta, így lett végül Christopher Nolané a Csillagok között",https://index.hu/mindekozben/poszt/2026/04/13/christopher-nolan-csillagok-kozott-steven-spielberg/
b20ab6e35c1b22a1f4a6c33994c1ec1f57cc4f0bdc40e87bdbd2b5c11b291de1,2026-04-13 08:20:40.214632+00:00,hu,index.hu,index.hu,2026-04-13,Vona Gábor: Magyar Péter éjszakai felszólításai legitimek,https://index.hu/belfold/2026/04/13/valasztas-2026-tisza-part-gyozelem-fidesz-vona-gabor-masodik-reformkor/
82575354d5ad2373ebab3d3aec413630e9f2eb65e06b37975c927bc41c2a1888,2026-04-13 08:20:16.647269+00:00,hu,index.hu,index.hu,2026-04-13,A magyar női hokisok győzelemmel kezdték a hazai vb-t az olimpiai résztvevő ellen,https://index.hu/sport/jegkorong/2026/04/13/jegkorong-hoki-magyar-noi-valogatott-divizio-vb-vilagbajnoksag-kaposztasmegyer/
3c0e241666f2c65a9813aa30693e2e306105b098b2c35eae789a89ec4215d345,2026-04-13 08:20:11.052633+00:00,hu,index.hu,index.hu,2026-04-13,"Tóth Andi életjelet adott az Instagram-oldalán, rögtön beszóltak neki",https://index.hu/mindekozben/poszt/2026/04/13/toth-andi-instagram-epitkezes-kullancs/
32cb68f63f88661f30a54cff92a393a99c57a20884bdef52197bcfe2ee49b5a6,2026-04-13 08:19:59.157668+00:00,hu,index.hu,index.hu,2026-04-13,"Gólfesztivál Comóban, a listavezető Internazionale kétgólos hátrányból nyert rangadót",https://index.hu/sport/futball/2026/04/13/futball-labdarugas-serie-a-olasz-bajnoksag-internazionale-como-parma-napoli-video/
53fc4eb0cb923d7dccd54f4548a7c5d0b77a31b18d633907918551af093d6167,2026-04-13 07:22:57.404105+00:00,hu,index.hu,index.hu,2026-04-13,"„A Föld olyan, mint egy magányos mentőcsónak az univerzumban” – megszólalt az Artemis II legénysége",https://index.hu/techtud/2026/04/13/artemis-program-urhajo-hold-kuldetes-legenyseg-misszio/?utm_source=hirstart&utm_medium=referral&utm_campaign=ct
4105860bbcb91e73acff03a36bdade332132e1076969d389f61b6a6c2780b23a,2026-04-13 06:32:26.347012+00:00,hu,origo.hu,origo.hu,2026-04-13,"Még egy munka, amit elvehet az emberektől a mesterséges intelligencia",https://www.origo.hu/techbazis/2026/04/chatbot-autokereskedo-epikar
eb0c9835dec6d95dcd81d28dcb00bc95574a45c371eb541bc3cb52660da28122,2026-04-13 06:32:21.413452+00:00,hu,origo.hu,origo.hu,2026-04-13,Megdöbbentő titok derült ki A Nagy Duett győzteseiről,https://www.origo.hu/teve/2026/04/nagy-duett-nyertes-schobert-norbi-jr-lengyel-johanna
408318ecf2a6d1614ed337a81e6b7538c1b57ca7300dd96dcae5f4339a419411,2026-04-13 06:32:16.323115+00:00,hu,origo.hu,origo.hu,2026-04-13,Dobrev Klára lemondott a DK elnöki tisztségéről,https://www.origo.hu/belpol/2026/04/dobrev-klara-dk-valasztas-2026-lemondott
73d9e15cd9e05a3482b3d2dd29d20c66ca5001325de7540194b399186bfe5d9a,2026-04-13 06:32:11.550618+00:00,hu,origo.hu,origo.hu,2026-04-13,Rémisztő ez a divat: a mini okozta a futballista vesztét – sokkoló videó,https://www.origo.hu/sport/sport-futball/2026/04/serules-lewis-holtby-mini-sipcsontvedo-nac-breda
77e8474f7dc329433eb248a4babe56eb78fc1630e0edc6b5fecaa683a5d0adab,2026-04-13 06:32:06.516116+00:00,hu,origo.hu,origo.hu,2026-04-13,Elszenesedett női holttestet találtak egy kolostorban,https://www.origo.hu/kek-hirek/2026/04/holttestet-talaltak-egy-kolostorban
8f9cec6a65cb5c0ca49a23bed28d8222bd9769800e2525d1b518c6a4ff18fe57,2026-04-13 06:31:52.259012+00:00,hu,origo.hu,origo.hu,2026-04-13,Mi folyik itt? – folyamatosan zuhan lefelé a Porsche,https://www.origo.hu/auto/2026/04/porsche
c841482ac851915d565890c1d53c4fb0fbe17d22b17f4ab5a9bcbaf2ca1ccabd,2026-04-13 06:31:47.252621+00:00,hu,origo.hu,origo.hu,2026-04-13,Zokogva hagyta el a pályát a PL-sztár a horrorütközés után – videó,https://www.origo.hu/sport/sport-futball/2026/04/premier-league-horrorutkozes-serules-kinsky-romero
6eff7c937e3b9b4ed9a8ff35ee8243d9995de305d879542aebe89b3eaacf3446,2026-04-13 06:31:42.390846+00:00,hu,origo.hu,origo.hu,2026-04-13,Hadházy Ákos bejelentette: távozik a politikából,https://www.origo.hu/belpol/2026/04/hadhazy-akos-bejelentette-tavozik-a-politikabol
e819e824252ed5537c90b53b29307a91a0953bf19a4a2fdc495492d1dac3d08c,2026-04-13 06:31:37.254844+00:00,hu,origo.hu,origo.hu,2026-04-13,Brutális támadás: több ezer ember maradt áram nélkül Ukrajnában,https://www.origo.hu/kulpol/2026/04/ukrajnaban-tobb-ezer-ember-maradt-aram-nelkul-tamadas
ec909ea9b43073ad135b88a6f394720adff56b57c14126f23c937319804c07cb,2026-04-13 06:31:32.246801+00:00,hu,origo.hu,origo.hu,2026-04-13,Tényleg megrepedt Kylie Jenner mellimplantátuma? Brutális fotón az igazság,https://www.origo.hu/nagyvilag/2026/04/kylie-jenner-coachella-megjelenes-talalgatasok
4c6df6ce00517dd4386e0025979dc99bfd43a6fe30f027c6b45ba3a958297aae,2026-04-13 06:31:15.137161+00:00,hu,origo.hu,origo.hu,2026-04-13,"Új szintre emelték az öngól fogalmát, erre Durica is csettintene – videó",https://www.origo.hu/sport/sport-futball/2026/04/ongol-paraguay-sebastian-ferreira-durica
2a71d35520a0474f4c189e7d3774d69ed46ff94aaac51ac36ec8d0178fe17105,2026-04-13 06:31:09.550433+00:00,hu,origo.hu,origo.hu,2026-04-13,Időjárás: nem lesz unalmas – záporok és kellemes meleg váltják egymást,https://www.origo.hu/itthon/2026/04/idojaras-elorejelzes-felhos-esos-tavaszi-meleg
0007a75c5beec89b3634490a6ac786be3eae725b0c5e96a7e5684093fd1c0a8d,2026-04-13 06:30:51.630730+00:00,hu,origo.hu,origo.hu,2026-04-13,Szibiha: Ukrajna új fejezetet nyitna Magyarországgal,https://www.origo.hu/kulpol/2026/04/szibiha-ukrajna-uj-fejezet-magyarorszag
8f4d8a225e266cfc45c4529ff9c5d116c45d2b61b5cb158646c7106f75f3d4c8,2026-04-13 06:30:43.433178+00:00,hu,origo.hu,origo.hu,2026-04-13,Britney Spears rehabon! Eddig bírta az énekesnő,https://www.origo.hu/nagyvilag/2026/04/britney-spears-rehabilitacio-dontes-botrany
fdd0fc62b877a1540b2eeba8615691eb6b36755fee5a07dd3413dee00f5931c7,2026-04-13 06:30:20.551540+00:00,hu,origo.hu,origo.hu,2026-04-13,Ezért kellett leállítani a voksolást több szavazókörben is,https://www.origo.hu/kek-hirek/2026/04/robbanoszerkezet-riasztas-szavazokorok
d19671b40f927b92acde4c4960b66002dced1a2e7aa1363c59f1c1dd4580ac39,2026-04-13 06:29:41.170491+00:00,hu,blikk.hu,blikk.hu,2026-04-13,"Kilőtt a forint: Olyat művelt a magyar deviza a Tisza Párt győzelme után, amit négy éve nem láttunk!",https://www.blikk.hu/gazdasag/penz/tisza-part-forint-deviza-erosodes/y90h1gp
66a52d6f81364ef7a34147a1879ebb05e63dff65d9973d33fb79fd0f1a4630dd,2026-04-13 06:29:33.033917+00:00,hu,blikk.hu,blikk.hu,2026-04-13,"Hadházy Ákos visszavonul a politikától: elárulta, mire készül a választási veresége után",https://www.blikk.hu/politika/magyar-politika/hadhazy-akos-valasztasi-vereseg-visszavonul-allatorvos/ygns5qq
1f7b1906ceeb446d07356de180eaab6b9f76dd43b6cc2e6d3e312134f55d63c7,2026-04-13 06:28:58.407379+00:00,hu,blikk.hu,blikk.hu,2026-04-13,Óriási a nemzetközi visszhangja a magyarországi választásnak – Így gratuláltak a világ vezető politikusai,https://www.blikk.hu/aktualis/kulfold/nemzetkozi-visszhang-valasztas-magyar-peter/mym85bn
d1f9481cffa3e90ca92e857cb5c1a10848a67789ee5ae7485fa399ff6d8c1a08,2026-04-13 06:28:50.069276+00:00,hu,blikk.hu,blikk.hu,2026-04-13,Különös fogás a pesti szakaszon: csáklyával vadásztak a pénzügyőrök,https://www.blikk.hu/aktualis/belfold/nav-duna-elszabadult-ponton/tfbqmb3
70ce2b3bbc5629d7fa878196beb44f74cd56c371a0430ca08770ce08f3fe4326,2026-04-13 06:28:41.715961+00:00,hu,blikk.hu,blikk.hu,2026-04-13,"Kóma, daganatos betegség, hepatitis – összegezte az elmúlt időszakot Halász Judit: ""Az én életem az elmúlt harminc évben egyáltalán nem volt könnyű""",https://www.blikk.hu/sztarvilag/hazai-sztarok/halasz-judit-vigszinhaz-betegseg-koma-ujrakezdes/k83jjk1
ca42e9df115fd688c4eba8d140bb06c021ef174f55885aee8555cd9772645e66,2026-04-13 06:28:33.083296+00:00,hu,blikk.hu,blikk.hu,2026-04-13,"Kiderült, legkésőbb mikorra alakulhat meg az új Országgyűlés",https://www.blikk.hu/politika/magyar-politika/kormanyalakitas-orszaggyules-alakulo-ules/6ytjtzm
0386b859216ba0d3ab464423aae95505adeea920c6d9fd3bd15818e14b811987,2026-04-13 06:28:22.297906+00:00,hu,blikk.hu,blikk.hu,2026-04-13,"Hajnalig ünnepelt Budapest a választás után, bevették a fiatalok a várost",https://www.blikk.hu/politika/magyar-politika/valasztas2026-tisza-part-magyar-peter-unneples/53k9d3x
4c61e4bf8442df5a7f41164f9582d6528907ff8594a6f02fb10454bee4153650,2026-04-13 06:28:15.557729+00:00,hu,blikk.hu,blikk.hu,2026-04-13,"Tragédiával végződött egy előzés Üllőnél: meghalt egy motoros, a vétkes sofőr ellen vádat emeltek",https://www.blikk.hu/aktualis/belfold/halalos-baleset-ullo-motoros/90z6xyb
f81dd89ada0e26206809fc04374d02a18899966e9e9f7b388f1a2d5b269d63b9,2026-04-13 06:19:02.281385+00:00,hu,origo.hu,origo.hu,2026-04-13,A pakisztáni tárgyalások kudarca után Donald Trump elrendelte a Hormuzi-szoros katonai blokádját,https://hirtv.origo.hu/hirtvkulfold/2026/04/a-pakisztani-targyalasok-kudarca-utan-donald-trump-elrendelte-a-hormuzi-szoros-katonai-blokadjat
28b96bd109f43c146040ed3c3f10b4f449f315c608a80a1b33a1261a41f7871e,2026-04-13 06:18:44.936281+00:00,hu,origo.hu,origo.hu,2026-04-13,Olaszország nem készül üzemanyag-korlátozásra,https://hirtv.origo.hu/hirtvkulfold/2026/04/olaszorszag-nem-keszul-uzemanyag-korlatozasra
7b9285d8aee1839c595618525f2c44d7f96e0abf85db5683c69d2d758802ca59,2026-04-13 06:18:31.902329+00:00,hu,origo.hu,origo.hu,2026-04-13,"Épségben landolt az Orion, sikeres az Artemis ii. holdkerülő misszió",https://hirtv.origo.hu/tudomany/2026/04/epsegben-landolt-az-orion-sikeres-az-artemis-ii-holdkerulo-misszio
eb24b19c7fa8240a60f6bd784e0d51462432064507cad42cf3effb01646716fd,2026-04-13 06:17:59.925061+00:00,hu,origo.hu,origo.hu,2026-04-13,Egyes olasz benzinkutak szándékosan pánikot keltettek,https://hirtv.origo.hu/hirtvkulfold/2026/04/egyes-olasz-benzinkutak-szandekosan-panikot-keltettek
2637a34e0768c8f330eaeb9d0074cd2a438d50899393929d850d70f9b989e577,2026-04-13 05:31:38.703635+00:00,hu,blikk.hu,blikk.hu,2026-04-13,"„A családodat, a pártodat és a csapatodat nem cserélgeted!” – Így reagáltak a vereségre a Fidesz politikusai",https://www.blikk.hu/politika/magyar-politika/valasztas-fidesz-reakcio-vereseg/pddb6fb
fcc848215ff783ea66fd89c0220ca05709c230fe82faa423100ec5b7be65d435,2026-04-13 05:31:27.850242+00:00,hu,index.hu,index.hu,2026-04-13,Milák Kristóf öt számban nevezett az országos bajnokságra,https://index.hu/sport/uszas/2026/04/13/uszas-uszo-ob-orszagos-bajnoksag-sopron-milak-kristof/
f55f039ab39219c9c8dbd372b6616193df73853d3fb7b4285932b3c4e545bc8d,2026-04-13 05:31:22.760181+00:00,hu,index.hu,index.hu,2026-04-13,"Hétfőn életbe lép a Hormuzi-szoros blokádja, Donald Trumpot nem érdekli, hogy Irán visszatér-e a béketárgyalásokhoz",https://index.hu/kulfold/2026/04/13/donald-trump-egyesult-allamok-iran-hormuzi-szoros-konfliktus-kikoto-blokad/
aae8de4b20d436ec0493ecc68ccdd681963069801e0ca5b267a4dd8a3897227d,2026-04-13 05:31:17.802244+00:00,hu,index.hu,index.hu,2026-04-13,"Így alakul a választások utáni menetrend, ekkor jön az új Országgyűlés és az új kormány",https://index.hu/belfold/2026/04/13/orszaggyulesi-valasztasok-parlament-koztarsasagi-elnok-esku-menetrend/
54a6e9af30a316b43fd770f65c44ced402685d6072afc28ffdcfb16bb008b8a1,2026-04-13 05:31:12.847084+00:00,hu,index.hu,index.hu,2026-04-13,"Kellemes hőmérséklettel, néhol záporral érkezik a hétfő",https://index.hu/belfold/2026/04/13/idojaras-elorejelzes-radar-felhozet-napsutes-borult-eg-zapor/
0a0c04556e422b56a686d7b624b710c35a13455a9c8f2c219a5d2a0cbfc20c0e,2026-04-13 05:31:02.133360+00:00,hu,index.hu,index.hu,2026-04-13,Szinte a semmiből tűntek fel új szigetek az Antarktiszon és Velencében is,https://index.hu/tudomany/2026/04/13/antarktisz-kutatas-felfedezes-jeghegy-sziget/
e4852b1869dc72485f087bfed195794c0471ef54457cfe8ba2dfeb66679b7387,2026-04-13 05:30:57.652149+00:00,hu,index.hu,index.hu,2026-04-13,Elárverezik Marilyn Monroe elveszettnek hitt Mercedesét,https://index.hu/mindekozben/poszt/2026/04/13/marilyn-monroe-egykori-mercedese-kalapacs-ala-kerult/
8e1c5929a196bdfd5269e1f53b839b6b2d70e16c556cd296181dd34ef0109fc2,2026-04-13 05:30:47.876287+00:00,hu,blikk.hu,blikk.hu,2026-04-13,"„Büszke ország, gyönyörű ország” – Kapu Tibor üzenete a választás után",https://www.blikk.hu/sztarvilag/hazai-sztarok/kapu-tibor-valasztas-eredmenye/rc85pwl
be6b988cd96b4698a658923532864257ac241b37f5336d2f688593cfa66054d2,2026-04-13 05:30:39.837614+00:00,hu,blikk.hu,blikk.hu,2026-04-13,"Tóth Gabi gratulált a Tisza Pártnak, és megköszönte a kuponjegyeket, visszaváltós üvegekeket",https://www.blikk.hu/sztarvilag/hazai-sztarok/toth-gabi-valasztas-reakcio/22jjpdz
db804e90f5f5d47cc9cdaaf615179d84b3d39ce8aad810c5dc8cd041acff30ca,2026-04-13 05:30:27.806915+00:00,hu,index.hu,index.hu,2026-04-13,Választási kibeszélő,https://index.hu/belfold/2026/04/13/valasztasi-2026-elo-kozvetites-elemzes-fidesz-orban-viktor-magyar-peter-tisza-part/
043272b8decb6bfe96ca991c0d0f393d71ed3cec99c53595aa250c6c0f587db6,2026-04-13 05:30:22.824271+00:00,hu,index.hu,index.hu,2026-04-13,"Hamis Toszkána Köveskálon, ahol a táj gyönyörű, az olasz ízeknél azonban valami nagyon félrecsúszott",https://index.hu/kultur/degusztator/2026/04/13/mandilla-koveskal-olasz-balaton-gasztrobalaton-konyha-gasztronomia-pierre-kritika/
74edccd52d13064d853f7cf78ec90e7f26a6516e60a39b24b63c187244f0db69,2026-04-13 05:30:17.812718+00:00,hu,index.hu,index.hu,2026-04-13,„A papa nem lehet ellenzékben” – Erős poénokkal tért vissza a képernyőre a Heti Hetes,https://index.hu/fomo/2026/04/13/heti-hetes-rtl-musor-nagy-adam-hajos-andras-majka-thuroczy-szabolcs-vadon-jani-fancsikai-eszter-parti-nora/
abe71e2ccb32cfba05ecf856ba8aeb7a6c474697bc00512821a7268982e1ff65,2026-04-13 05:30:08.569380+00:00,hu,index.hu,index.hu,2026-04-13,"Kovács Áron ismét apai örömök elé néz, friss fotókon mutatta meg várandós kedvesét",https://index.hu/mindekozben/poszt/2026/04/13/kovacs-aron-parja-varandos-fotok-csalad/
efb4a0d29372de6e8ffc82e49e03b0f0a9164d73474a01e66fc01e2705e7c26e,2026-04-13 05:29:53.231669+00:00,hu,index.hu,index.hu,2026-04-13,Schobert Norbi szerint a Tisza-győzelem miatt két-három hónapon belül éhséglázadás tör ki,https://index.hu/fomo/2026/04/13/schobert-norbi-ehseglazadas-magyarorszag-fidesz-vereseg-tisza-part-orszaggyulesi-valasztasok/
cf0a3e8a5cc4de38b009e2ad0bc8a9a72b1b0eae38f01a95f7d04fd6f526e367,2026-04-13 05:29:40.795025+00:00,hu,index.hu,index.hu,2026-04-13,"Lejárt a tűzszünet, két európai országban is drónokat találtak",https://index.hu/kulfold/2026/04/13/oroszorszag-ukrajna-orosz-ukran-konfliktus-moszkva-kijev-vlagyimir-putyin-volodimir-zelenszkij-europai-unio-nato-beketargyalasok/
e811d63c284849526f0f19bd1f3c9ccf2866f8fcb407a31827805502ae57a31e,2026-04-13 05:29:32.401876+00:00,hu,blikk.hu,blikk.hu,2026-04-13,"„Kiáradt” – Tóth Vera tiszás zászlót lobogtatott, miközben Tóth Gabi szótlanul viharzott el a Fidesz eredményvárójáról",https://www.blikk.hu/sztarvilag/hazai-sztarok/toth-vera-gabi-tisza-part-valasztas/3nyl3h5
1839c3da794295cd6c5b2442f4195b221cad21a3128966ce61e823467fad8dff,2026-04-13 05:21:08.613528+00:00,hu,origo.hu,origo.hu,2026-04-13,Rózsaszirom az égből és urna a Dunán: ezek az új trendek a temetkezésben,https://www.origo.hu/itthon/2026/04/temetkezes-vizi-egi-termeszetkozeli
3bd385e4fd695dc8ea7012bdd521e24f4378da66fe5d582ad8e34f43a1e05123,2026-04-13 05:21:03.591561+00:00,hu,origo.hu,origo.hu,2026-04-13,Szörnyű tragédia: futam közben halt meg egy motorversenyző,https://www.origo.hu/sport/sport-egyeni/2026/04/meghalt-tragikus-baleset-futam-motorverseny-aran-sadler
cfbf266a01ee55ee4ddef8b1ebf3579afa4a927dd251874f70c58029844990fe,2026-04-13 05:20:58.641887+00:00,hu,origo.hu,origo.hu,2026-04-13,Egy hétig fokozottan ellenőrzi a sebességet a rendőrség,https://www.origo.hu/auto/2026/04/rendorseg-egy-hetig-fokozottan-ellenorzi-a-sebesseget
18609057919b49adb19f707774f7ce1dd18a300654184061757c2bc18f137eeb,2026-04-13 05:20:48.776720+00:00,hu,blikk.hu,blikk.hu,2026-04-13,"Dopeman üzent a választás után Magyar Péternek: ""A leendő miniszterelnök nem látszott túl boldognak""",https://www.blikk.hu/sztarvilag/hazai-sztarok/valasztas-2026-dopeman-magyar-peter-orban-viktor/w7dp29x
90667bfaddab9b24bc9e852815ab5f51deed194b3ccd0a0cbf75bc1f75964f55,2026-04-13 05:20:43.772174+00:00,hu,blikk.hu,blikk.hu,2026-04-13,"Felhős, poros és többnyire száraz idővel indul a választás utáni hét: akár 21 fok is lehet",https://www.blikk.hu/aktualis/belfold/idojaras-elorejelzes-hetfo-szaharai-por/qgxw7yj
61c2bd9f7bfdf5f47cf65866adbb88cf1011b8013d6f64f77ef448c91c31077b,2026-04-13 05:20:27.906350+00:00,hu,origo.hu,origo.hu,2026-04-13,Minden este ezt csinálja? Így löki fel az egekbe a szívroham esélyét,https://www.origo.hu/nagyvilag/2026/04/szivroham-kockazata-esti-hibak-alvasido
e06f7585661408ac1726249b794a3d9d436caefccba491d2d29c4753cb70cae7,2026-04-13 05:20:17.395718+00:00,hu,origo.hu,origo.hu,2026-04-13,Meglepő felfedezés: így lehet kevésbé rákkeltő a legnépszerűbb reggeli étel,https://www.origo.hu/itthon/2026/04/akrilamid-buza-kenyer-piritas
bb82eb3ba42f8a9c9e83a5b6300627286b6655ea3621ce904a6f527fb180a94f,2026-04-13 05:20:09.319836+00:00,hu,blikk.hu,blikk.hu,2026-04-13,Nagy Ervin: „A mai nap egy szabad Magyarország építésének kezdete”,https://www.blikk.hu/politika/magyar-politika/nagy-ervin-valasztas-2026-szabad-magyarorszag-epitese/dsreh5b
d834599b600412daac07d09a6d92f33dab2508f197d36d3eee5fa9b430e18c25,2026-04-13 05:20:02.532370+00:00,hu,blikk.hu,blikk.hu,2026-04-13,"Árpa Attila is megszólalt a Tisza győzelme után, Magyar Pétert Batmanhez hasonlította",https://www.blikk.hu/sztarvilag/hazai-sztarok/arpa-attila-magyar-peter-tisza-part/lkvth78
fdd2dcf4c6f1532f638b5707c7a81466ed6b711bfab936c3ac860b5366f94965,2026-04-13 05:19:57.560631+00:00,hu,blikk.hu,blikk.hu,2026-04-13,Így válasszon gyors adattároló pendrive-ot: a verziószám helyett erre figyeljen vásárláskor,https://www.blikk.hu/ferfiaknak/tech/usb-3-0-pendrive-sebesseg/359ex7b
9bd1a98b01711250b1e835c9b845716ac23c57328ff3d590736fcadb5891c44c,2026-04-13 05:19:56.642894+00:00,hu,origo.hu,origo.hu,2026-04-13,"Ha ilyen fájdalma van, ne vegye félvállról – súlyos betegségre utalhat",https://www.origo.hu/nagyvilag/2026/04/vallfajas-figyelmezteto-jel-majrak-daganat
add7649fb7fc20b06fa1206e535cb5cf8644ad467018252e160518618d94fa21,2026-04-13 05:19:52.827573+00:00,hu,blikk.hu,blikk.hu,2026-04-13,Óvóhelyeket árulnak lakásnak – már a föld alá is beköltöznek a kispénzű vásárlók,https://www.blikk.hu/aktualis/belfold/alagsori-helyisegek-ingatlanpiac/768ggw0
7bfada410d87af47079b34a16baa27106b93112752bc649b28619c6a94a030ab,2026-04-13 05:19:51.460870+00:00,hu,origo.hu,origo.hu,2026-04-13,Váratlan összefüggés: van kapcsolat a rák és a házasság között,https://www.origo.hu/nagyvilag/2026/04/rak-kockazata-hazassag-eletmod-emberi-kapcsolat
612e45997820b868968c18d8e5d3b7f74ca84c6913e0797ea2103eb8691936dd,2026-04-13 05:19:41.680927+00:00,hu,origo.hu,origo.hu,2026-04-13,A futballvilág legendái a legváratlanabb helyeken – világsztárok szokatlan edzői szerepekben,https://www.origo.hu/sport/sport-futball/2026/04/edzok-sztarok-focista-vilag-vegen-kulonleges-helyek
aa5c113cf6d15c3da806695f60b056798e7fa32e488873130eadaf0739af4370,2026-04-13 05:19:36.603505+00:00,hu,origo.hu,origo.hu,2026-04-13,Migránsok csaltak halálos csapdába egy 15 éves fiút Amerikában,https://www.origo.hu/kulpol/2026/04/migrans-gyilkossag-amerika
166cf4950b7034bb5097b5e648366d9d44f3b8d2116dfce4ca2ed312681b79ca,2026-04-13 05:19:32.438775+00:00,hu,origo.hu,origo.hu,2026-04-13,"Vajon tényleg annyira közömbösek a cicák, mint hisszük?",https://www.origo.hu/nagyvilag/2026/04/macska-hianyozza-gazdajat-jelek-kutatas
b8e4366423f424cae86416a43539d0e767b11891d7cd320da5e96a0d52740770,2026-04-13 05:19:26.742275+00:00,hu,origo.hu,origo.hu,2026-04-13,"Előkerült Milák Kristóf, kiderült, mikor láthatjuk legközelebb versenyezni",https://www.origo.hu/sport/sport-egyeni/2026/04/milak-kristof-nevezes-orszagos-bajnoksag-ujra-uszni-fog
5d0e42d82e5f3df72507163de0b46702c4e11770b78e750145d3a656ad989e10,2026-04-13 05:19:25.819124+00:00,hu,blikk.hu,blikk.hu,2026-04-13,Ez a videó mindent elmond a választás napjáról,https://www.blikk.hu/politika/magyar-politika/valasztas-2026-eredmenyvaro-sztarok-hiressegek/drre04t
6286a3621942a39f1891b7dbbb3ebd77d7de8aae8e9793da907facd5dc4f9de3,2026-04-13 05:19:13.125892+00:00,hu,origo.hu,origo.hu,2026-04-13,"Egy szomszédos ország megbánhatja, hogy gleccserekre bízta magát",https://www.origo.hu/gazdasag/2026/04/gleccser-energia-termeles
60239e03f2b61907f039d5b681680c6a6001a82af09a1b594ba7bd0f37063757,2026-04-13 05:19:09.736590+00:00,hu,blikk.hu,blikk.hu,2026-04-13,Lovas Rozi reagált a választási eredményekre: „Ennél nincs fontosabb...”,https://www.blikk.hu/sztarvilag/hazai-sztarok/lovas-rozi-valasztas-2026/5xsd89t
3cf523cec556b6dcff3dc194ffd7886379d77e9285b2e2095bde4c22df32add1,2026-04-13 05:19:08.858504+00:00,hu,origo.hu,origo.hu,2026-04-13,Hihetetlen fejlemények az Artemis II küldetése után – új kalandba vág a NASA,https://www.origo.hu/nagyvilag/2026/04/holdkuldetes-artemis-nasa
af074c75a3ca293e2f3da993b94f84b9783509b4da2baa767bc95523376ea662,2026-04-13 05:19:05.946287+00:00,hu,blikk.hu,blikk.hu,2026-04-13,"Eckü újra belerúgott Gulyás Gergelybe, már kormányinfóra készül – fotó",https://www.blikk.hu/sztarvilag/hazai-sztarok/ecku-kormanyinfo-gulyas-gergely/2rvxz7x
b2f1e2ee713a722aeb449f8ed87fd9dddd66860b028d38a26835da2fb1e45cd0,2026-04-13 04:19:30.825495+00:00,hu,origo.hu,origo.hu,2026-04-13,"Vállalta a versenyt, de végül elájult Verstappen csapattársa",https://www.origo.hu/sport/f1/2026/04/verstappen-csapattarsa-elajult-a-gt-versenyen-gounon
3e9a7513504389f76329b991cc659131a462b64bb66b06b703e1bdec102d99c7,2026-04-13 04:19:11.016424+00:00,hu,origo.hu,origo.hu,2026-04-13,Életveszélyes is lehet a gyógyfürdőzés – erre figyelmeztetnek az orvosok,https://www.origo.hu/itthon/2026/04/gyogyfurdo-idoseknek-veszelyek-es-szabalyok
969c4ec45a3f266ebd703883398d1498a80a3500fa238d3b47c13304e20a56a2,2026-04-13 04:18:32.525920+00:00,hu,origo.hu,origo.hu,2026-04-13,"Hosszú órák a síneken? 5 praktikus tanács, hogy élmény legyen a vonatozás",https://www.origo.hu/utazas/2026/04/vonatos-utazasra-keszul-segitunk-hogy-kenyelmes-legyen
d178769723ae896630dbed1093f0e88a78cca1ad1522c8a0f119774eb5f6f575,2026-04-13 04:18:23.508552+00:00,hu,origo.hu,origo.hu,2026-04-13,"Vigyázz a K2-vitaminnal, ha ilyen gyógyszert szedsz – árthat is, ha nem figyelsz oda",https://www.origo.hu/eletmod/2026/04/k2-vitamin-hatranyok
593e8af221517e4012f80cf4df1857cf75e0109ec160231b55976a603bad3cdb,2026-04-13 04:17:27.923789+00:00,hu,origo.hu,origo.hu,2026-04-13,Elszabadult az erőszak Németországban: naponta több támadás éri a tanárokat,https://www.origo.hu/kulpol/2026/04/nemetorszag-iskola-eroszak
7904ce3db96fe6811ae7cce8c59bdb325f851e614f02478369057b10d2cd0487,2026-04-13 04:17:19.462097+00:00,hu,origo.hu,origo.hu,2026-04-13,Mutatjuk: ilyen gyakran kell felmosni a parkettát,https://www.origo.hu/nagyvilag/2026/04/parketta-felmosas-gyakorisag
ce9db0a030e009930981d241e90a829789ae80519b4040a5a47ef850a665917e,2026-04-13 03:29:56.551808+00:00,hu,origo.hu,origo.hu,2026-04-13,Évtizedek óta nem láttak még ilyen nehéz kvízt – önnek sikerül megoldani?,https://www.origo.hu/nagyvilag/2026/04/kviz-tortenelem-teszt-tudas
67db7fec540f048e1250a9bc5f23065adc53d462b77709af664deb18729a67a5,2026-04-13 03:27:42.537444+00:00,hu,blikk.hu,blikk.hu,2026-04-13,"Kia akarta próbálni az Exatlon-pályákat Gelencsér Timi párja, de Palik Laci nem engedte neki",https://www.blikk.hu/sztarvilag/hazai-sztarok/gelencser-timea-exatlon-volegyeny-matyas/3let6qs
a494d050922971a809240225ee40e9a7ad33601e33ef3f0fb88f64a8878a946d,2026-04-13 03:27:29.638809+00:00,hu,blikk.hu,blikk.hu,2026-04-13,"Az űrkutatás pláza élménye: moonbuggy, szkafanderek, ISS modul, VR-szimulációk és sok más a budapesti Life in Space kiállításon",https://www.blikk.hu/ferfiaknak/tech/life-in-space-kiallitas-ismerteto-kritika/m5rcg9m
def4a1a7fe8e5d3414cf2821235600781143bc7572e5e4b913a480e837f7357d,2026-04-13 03:26:51.646765+00:00,hu,blikk.hu,blikk.hu,2026-04-13,Barát vagy ellenség? – A fűszerkert rejtett társasági élete,https://www.blikk.hu/eletmod/tippek/fuszernovenyek/dltyl6y
ed50c53d3929ce8e64adb4b2cf6a3624d5ba47437f8f7a662411dd68b63b56d0,2026-04-13 01:29:04.791795+00:00,hu,index.hu,index.hu,2026-04-13,"Macron és Merz is megszólalt a magyar választásról, Meloni Orbán Viktornak is köszönetet mondott",https://index.hu/kulfold/2026/04/13/nemzetkozi-reakciok-magyar-peter-macron-merz-meloni-orban-zelenszkij-gratulacio-valasztas-magyarorszag/
0915d3f729b779964900e552896bfd73bf9810b0b34ceca019f5a57ca17dedcb,2026-04-13 01:20:33.875677+00:00,hu,blikk.hu,blikk.hu,2026-04-13,"Bulizni kezdtek a fiatalok Budapesten, a Kossuth téren is",https://www.blikk.hu/politika/magyar-politika/valaaztas-2026-fiatalok-unneples-buli-budapest/dbqv4es
e3b8d5614b3cecd1cdd3e176ad820e7e434619c53835aacba72e3d63ba5ecb83,2026-04-13 01:19:14.985331+00:00,hu,blikk.hu,blikk.hu,2026-04-13,Táncra perdültek a Tisza politikusai – Hegedűs Zsolt vitte a show-t,https://www.blikk.hu/politika/magyar-politika/hegedus-zsolt-tisza-part/5g736ks
9bda8150cccfb22f09fffe5c7b3a1d00492c476400c3d3ff00eb281bad7e4b88,2026-04-13 00:27:30.283003+00:00,hu,blikk.hu,blikk.hu,2026-04-13,Így ünnepeltek a fiatalok a Lánchídon a Tisza győzelme után,https://www.blikk.hu/politika/magyar-politika/tisza-lanchid-unneples/k4gf254?utm_source=hirstart&utm_medium=cpc&utm_campaign=blikk-hirstart
2746809958e1bc45d3b5b91a759301ab63e550967b563c2db13152f1c01e780a,2026-04-13 00:22:02.566706+00:00,hu,blikk.hu,blikk.hu,2026-04-13,Sulyok Tamás gratulált a Tisza Párt győzelméhez: „A választás megmutatta a demokrácia erejét”,https://www.blikk.hu/politika/magyar-politika/sulyok-tamas-gratulacio-tisza-part/j0pvnx3
7ed1f9b4ed96488d4c7ea2c5a3fe5ab5a9ae7d52eb374b66d2c5a98dda236925,2026-04-13 00:20:27.367243+00:00,hu,blikk.hu,blikk.hu,2026-04-13,Palácsik-Ráthonyi Tímea Andy Vajnára emlékezve szólt be a választásokat elvesztő Fidesznek,https://www.blikk.hu/politika/magyar-politika/palacsik-rathonyi-timea-valasztas-kormany/1g92jlv
c81931a788d803329b85727a9514c560873adf81a40b175813cfb6d85d4bcab2,2026-04-13 00:20:20.218226+00:00,hu,blikk.hu,blikk.hu,2026-04-13,Hatalmas utcabál alakult ki Budapest belvárosában – így ünneplik az emberek a Tisza győzelmét,https://www.blikk.hu/aktualis/belfold/tisza-part-buli-budapest/lksr81y
5f3da9be70164dd4d35c3e01c025c2d51cf09919271f64a722ce92736eecc7be,2026-04-13 00:20:07.431608+00:00,hu,blikk.hu,blikk.hu,2026-04-13,"Ők azok, akikre büszke lehet a Fidesz, mutatjuk a kormánypárt egyéni mandátumot szerzett képviselőit",https://www.blikk.hu/politika/magyar-politika/fidesz-gyoztes-kepviselok-valasztas-egyeni-mandatum/vb5rq1h
446b16301fc3594cfb62692dfd4299abd8b76f99b960bc0cce0e2aafc23435e3,2026-04-12 23:31:48.424032+00:00,hu,index.hu,index.hu,2026-04-13,"Történelmi fordulatról írnak a külföldi lapok, az Orbán-kormány vereségétől hangos a világsajtó",https://index.hu/belfold/2026/04/13/valasztas-valasztas-2026-lapszemle-orban-viktor-magyar-peter-fidesz-tisza-part/
b08ef1e2ab175ed12c5a795c640303cf81cc346c2e101b27c0f20ed365407866,2026-04-12 23:31:14.490945+00:00,hu,index.hu,index.hu,2026-04-13,"Több körzetben pár tucat szavazat dönthet, az újraszámlálás sem kizárt",https://index.hu/belfold/2026/04/13/billego-korzet-zala-varmegye-tolna-varmegye-szabolcs-szatmar-bereg-varmegye-szavazat-valasztas-2026/
657abd822b2f478c0c8fecc00ba958fb51503ad8690be8f4aa6c387889257368,2026-04-12 23:25:41.588075+00:00,hu,blikk.hu,blikk.hu,2026-04-13,"Brutális rekord a választásokon, nagyjából hatmillió szavazat érkezett",https://www.blikk.hu/politika/valasztas-rekord-adatok/5jse4q5
833064758695eb4ce9f8a3f0e6cd94fde64cd8784583013a31ea0e1b06f9ef50,2026-04-12 23:24:39.136848+00:00,hu,blikk.hu,blikk.hu,2026-04-13,Erős üzenetet küldött Freddie a választás után,https://www.blikk.hu/sztarvilag/hazai-sztarok/freddie-valasztas-tisza/w05we2c
08fa49710f31fbaec9f0eabae8a09b60febea7244babfdee236b76f4a6f91578,2026-04-12 23:23:50.271415+00:00,hu,blikk.hu,blikk.hu,2026-04-13,"Ilyen kétharmad még nem volt, tarolt a Tisza Párt",https://www.blikk.hu/politika/magyar-politika/tisza-part-fidesz-valasztas-parlament/j7l3y03
18509861e8601b082ac252bbd18a1766b780eb8a9c0323f423b3fd8ade3cd864,2026-04-04 09:18:37.702612+00:00,hu,origo.hu,origo.hu,2026-04-14,"A 7. emeletről zuhant a mélybe a 14 éves Jázmin, aki különleges temetést kapott",https://www.origo.hu/kek-hirek/2026/04/14-eves-jazmin-pecs-meghalt
2ff3e4813a24ffedb8873f759aaf8dbb3b87c90a71261dc957fc37394306dbe2,2026-04-02 06:38:11.849193+00:00,hu,origo.hu,origo.hu,2026-04-15,15 év fegyház a csömendi csákányos gyilkosnak,https://hirtv.origo.hu/ahirtvkekhirei/2026/04/15-ev-fegyhaz-a-csomendi-csakanyos-gyilkosnak
