id,indexed_date,language,media_name,media_url,publish_date,title,url
b495d4d45197fd2430316a7bed79227a3fc4b37941736ee5fd33536e3cab46b6,2026-04-26 22:40:09.458202+00:00,hu,24.hu,24.hu,2026-04-26,A reptéren fogták el a Fidesz nemrég lemondott szegedi elnökét,https://24.hu/belfold/2026/04/26/fidesz-szegedi-elnok-korozes-elfogtak-repter/
c6f9d69d23bf787e2686af32c953806f0a42b62d38727c6e53f99d4593b3905d,2026-04-26 22:25:50.950842+00:00,hu,24.hu,24.hu,2026-04-26,Az újabb bíróbotrány árnyékában történelmi mélypontra került a két Serie A-óriás párharca,https://24.hu/sport/foci/2026/04/26/serie-a-birobotrany-gianluca-rocchi-milan-juventus-rangado/
c013a02f323256b4e3b0ca03211ebe8a366b42bf70349a62ec31317b84b04960,2026-04-26 22:19:06.735904+00:00,hu,444.hu,444.hu,2026-04-26,Kósa Lajos sem ül be a parlamentbe,https://444.hu/2026/04/26/kosa-lajos-sem-ul-be-a-parlamentbe?utm_source=rss_feed&utm_medium=rss&utm_campaign=rss_syndication
0d4d306802a39318100ff00596f05d53abd8e47231eb9106fe6cae88bc7a9412,2026-04-26 22:18:19.785449+00:00,hu,444.hu,444.hu,2026-04-26,Tóth Gabit és Curtist is lecserélték a Megasztár zsűrijében,https://444.hu/2026/04/26/toth-gabit-es-curtist-is-lecsereltek-a-megasztar-zsurijeben?utm_source=rss_feed&utm_medium=rss&utm_campaign=rss_syndication
b3611453354afaaa85fef1a3fdbcb7f8b4576178673f5e00c9314d91f9ea0f09,2026-04-26 22:17:40.179404+00:00,hu,444.hu,444.hu,2026-04-26,Tóth Gabi: Új alapokra kell helyeznem az életemet,https://444.hu/2026/04/26/toth-gabi-uj-alapokra-kell-helyeznem-az-eletemet?utm_source=rss_feed&utm_medium=rss&utm_campaign=rss_syndication
aa6d09b0523d1470e8950f1ac97b144c5bbba21861739eb1f04b8a7e5926b174,2026-04-26 20:36:40.029483+00:00,hu,24.hu,24.hu,2026-04-26,"Tóth Gabi: Álmomban nem gondoltam volna, hogy ennyire a fideszesek vérét akarja mindenki inni",https://24.hu/kultura/2026/04/26/toth-gabi-valasztas-reakcio-fidesz/
2a74544b0c3c2a55bb557e7f40e2b8585b3b9237fc49eedb85bbb4615858bc3f,2026-04-26 20:36:29.667136+00:00,hu,24.hu,24.hu,2026-04-26,T. Danny érkezik a Megasztár zsűrijébe,https://24.hu/kultura/2026/04/26/t-danny-curtis-megasztar-zsuri/
041de0649e84de1d7ddd25fd820dbec7577e3b055e30c778f2e17221e0f19981,2026-04-26 20:36:24.644213+00:00,hu,24.hu,24.hu,2026-04-26,Feljelentettek hét vasi kormányhivatali dolgozót,https://24.hu/belfold/2026/04/26/feljelentes-szombathely-kormanyhivatal-kampany/
550c11e6738bc026a6111c75616dd82b076940436032c22946554a9ddfbd7dce,2026-04-26 20:35:48.845739+00:00,hu,24.hu,24.hu,2026-04-26,"Terrortámadás Kolumbiában: 19 halott, 48 sérült",https://24.hu/kulfold/2026/04/26/terroristak-robbantottak-kolumbia-halottak/
5f83a1886bc9435ee3daf8accb7ce6c3e9ef512b88522228e8df005d077f9520,2026-04-26 20:35:43.721459+00:00,hu,24.hu,24.hu,2026-04-26,"A második félidő katasztrófa volt"" – a Győr idén harmadszorra sem tudta legyőzni a Lokit",https://24.hu/sport/foci/2026/04/26/nb1-debrecen-gyor-vitalis-milan/
e3be15260ac1d0eae0d0ea740def484c98f935b76840e0da284b934c36c47619,2026-04-26 20:35:14.016731+00:00,hu,24.hu,24.hu,2026-04-26,A bukaresti kézicsapat a mumust elsöpörve jutott a BL-elődöntőbe,https://24.hu/sport/2026/04/26/noi-kezilabda-bajnokok-ligaja-csm-bucuresti-brest-final-four/
ea1384171a6bb3baad6f6f33af347584ed6e2a77ce977f7bba1036e7b5ff3ec4,2026-04-26 19:27:44.069398+00:00,hu,24.hu,24.hu,2026-04-26,Pléh Csaba: Ellenállhatatlan sarlatánokkal küzd a tudományos világ,https://24.hu/tudomany/2026/04/26/dezinformacio-tudomanytagadas-pleh-csaba-interju/
b4ba90cfbf4eb0c5966fe04663135d8a39459c027b6327bc0fd62cf45609e0f9,2026-04-26 19:26:55.047142+00:00,hu,24.hu,24.hu,2026-04-26,Harmadik nekifutásra összejött: a Vasas visszajutott az NB I-be,https://24.hu/sport/foci/2026/04/26/nb-ii-feljutott-a-vasas/
86c409d089d7dd65842568393aac0c37f5984dcd0885e51693abb54f4cbe7f52,2026-04-26 19:26:18.381576+00:00,hu,24.hu,24.hu,2026-04-26,"Majka Magyar Péterről: Ha ez az ország tényleg felvirágzik, akkor állva fogok neki tapsolni",https://24.hu/kultura/2026/04/26/majka-orban-viktor-magyar-peter-csurran-cseppen-2/
f6999a08bcdd22d9a5cc18aa0719935c406e38e9c5de7cb458c8b1b35c6b2083,2026-04-26 18:27:16.383559+00:00,hu,24.hu,24.hu,2026-04-26,"Dopeman: Az, hogy másnak börtönt kívánj, ez a legalja",https://24.hu/belfold/2026/04/26/dopeman-lentulai-krisztian-ut-a-bortonbe-program-valasztas-2026/
1f46899c6af7c1009732bbd20d5ffa009e2c0b7bfa418bc54ef5d9ffbb646f3e,2026-04-26 18:26:24.884406+00:00,hu,24.hu,24.hu,2026-04-26,"Böde lekevert egy nyaklevest a védőnek, de a Paks nem okozott gondot a Fradinak",https://24.hu/sport/foci/2026/04/26/nb1-ftc-paks-szalai-gabor-bode-daniel/
c090d2592190fb2b274b73190b48d65ffc5dd716cfd2eec86b571d7f6042d7c1,2026-04-26 17:27:40.448042+00:00,hu,24.hu,24.hu,2026-04-26,"Ha ezt a darabot mindenki megnézné, másnap egy jobb országban ébrednénk",https://24.hu/kultura/2026/04/26/orszagkorus-orkeny-szinhaz-kritika/
cdfd4e5aa11d662c6e24853ee169e48d7d73d37ea520e1837b47c3b3a4830a25,2026-04-26 17:24:01.994821+00:00,hu,24.hu,24.hu,2026-04-26,A meghalt csapattársáról megemlékező Pogacar nyerte a legrégebbi egynapost,https://24.hu/sport/2026/04/26/liege-bastogne-liege-tadej-pogacar/
a141a29575d5060dfc5dc6d917e38ff109d9d32ced0cf01b5cd16b62fa33e5f4,2026-04-26 17:23:56.887184+00:00,hu,24.hu,24.hu,2026-04-26,"Kósa Lajos sem veszi fel mandátumát, és nem indul semmilyen fideszes tisztségért",https://24.hu/belfold/2026/04/26/kosa-lajos-mandatum-parlament-nem-veszi-fel/
53c4a831cebe86fd2f9c7152886830bf7f90876090277662b1e4a57a3e307446,2026-04-26 17:22:35.491867+00:00,hu,24.hu,24.hu,2026-04-26,"A magyarokon múlik, mikor indul a gyorsvasút",https://24.hu/kulfold/2026/04/26/kizarolag-a-magyar-felen-mulik-a-belgrad-budapest-vasutvonal-indulasa/
8b63081d42db1b0a5fc7c3589f108c6b7c9b297c6896b20a26c456dae085a5a2,2026-04-26 16:43:24.174626+00:00,hu,24.hu,24.hu,2026-04-26,Reagált a NAV Magyar Péternek a Rogán-kör külföldi pénzutalásaival kapcsolatos bejelentésére,https://24.hu/belfold/2026/04/26/magyar-peter-reagalt-a-nav-kulfoldi-penzutalasok/
ebefe68055fb72cdae2c0cb21834ba320a2ded54bd1474f8cc7789cc685d8628,2026-04-26 16:41:43.295720+00:00,hu,24.hu,24.hu,2026-04-26,"A Final Fourt sem érte el a Fradi, mióta Kubatov megüzente a világnak, hogy öt éven belül BL-t akarnak nyerni",https://24.hu/sport/2026/04/26/ftc-noi-kezilabda-bajnokok-ligaja-kubatov-gabor/
4a9cbee095007117776ccf850f8017163786beff8aa30e3019e3d47c9a5b7193,2026-04-26 16:34:46.957027+00:00,hu,24.hu,24.hu,2026-04-26,Internetkorlátozás: nő az orosz elit dühe,https://24.hu/kulfold/2026/04/26/orosz-uzleti-elit-internetkorlatozasok/
8e7499f076daa9368777e91a9f81f69133b40571412d203ed22d2ebe4c31833c,2026-04-26 16:34:05.344172+00:00,hu,444.hu,444.hu,2026-04-26,"Hadházy: Orbán mentelmi jogának kiadását sem kell megvárni, pár nappal előbb lehet előzetesbe tenni",https://444.hu/2026/04/26/hadhazy-orban-mentelmi-joganak-kiadasat-sem-kell-megvarni-par-nappal-elobb-lehet-elozetesbe-tenni?utm_source=rss_feed&utm_medium=rss&utm_campaign=rss_syndication
984e4699940de72beeff1885a9282a8659ecd540cdbb2afa9ffb783d0aa25aa2,2026-04-26 16:34:00.325075+00:00,hu,444.hu,444.hu,2026-04-26,Szerb közlekedési miniszter a Budapest-Belgrád vonalról: Az utasforgalom megindítása kizárólag a magyar félen múlik,https://444.hu/2026/04/26/szerb-kozlekedesi-miniszter-a-budapest-belgrad-vonalrol-az-utasforgalom-meginditasa-kizarolag-a-magyar-felen-mulik?utm_source=rss_feed&utm_medium=rss&utm_campaign=rss_syndication
2774f6fe2658a07a1c3b40e6fbfd3b9ea50646d5ab4944be98caa125b7566750,2026-04-26 16:33:55.443120+00:00,hu,24.hu,24.hu,2026-04-26,Szulejmán világuralkodónak tartotta magát,https://24.hu/tudomany/2026/04/26/mohacsi-csata-oszman-birodalom/
7b82912179cf2c2e28d7b6f76bcd0d6f657b08e794fed8c48f5bd017e310ee9f,2026-04-26 16:33:55.329681+00:00,hu,444.hu,444.hu,2026-04-26,Megdőlt egy álomhatár: Sawe két óra alatt futotta a maratont,https://444.hu/2026/04/26/megdolt-egy-alomhatar-sawe-ket-ora-alatt-futotta-a-maratont?utm_source=rss_feed&utm_medium=rss&utm_campaign=rss_syndication
c4365c85735718cc9c5dddc73275ada8353a0185593289feebbd91acedad225f,2026-04-26 16:33:45.121002+00:00,hu,444.hu,444.hu,2026-04-26,Bánki Erik a Fidesz vereségéről: 16 év kormányzás közben kicsit elkényelmesedtünk,https://444.hu/2026/04/26/banki-erik-a-fidesz-veresegerol-16-ev-kormanyzas-kozben-kicsit-elkenyelmesedtunk?utm_source=rss_feed&utm_medium=rss&utm_campaign=rss_syndication
8e690e8a33943d21bfd716708c684a780e72eeaf7ae2191a1090d0586083470f,2026-04-26 16:33:30.038048+00:00,hu,24.hu,24.hu,2026-04-26,Hidegfront jön szerdán: veszélyben a majális?,https://24.hu/belfold/2026/04/26/hidegfront-veszelyben-a-majalis/
239878b9f00ee2f3fd85849978bfeae83b34d98c7f56b99c8ec14ace2ce0f0fc,2026-04-26 16:33:13.490324+00:00,hu,444.hu,444.hu,2026-04-26,"Brüsszelbe utazik Magyar Péter, hogy az uniós források hazahozataláról tárgyaljon az Európai Bizottság elnökével",https://444.hu/2026/04/26/brusszelbe-utazik-magyar-peter-hogy-az-unios-forrasok-hazahozatalarol-targyaljon-az-europai-bizottsag-elnokevel?utm_source=rss_feed&utm_medium=rss&utm_campaign=rss_syndication
1b720f669bb9c6df3a1aaaa48808e6b0e6200a342b96c652dff949ca26a3c9fc,2026-04-26 16:33:09.071435+00:00,hu,444.hu,444.hu,2026-04-26,Ez volt az orbáni kereszténydemokrácia,https://444.hu/2026/04/26/ez-volt-az-orbani-keresztenydemokracia?utm_source=rss_feed&utm_medium=rss&utm_campaign=rss_syndication
cecdf591db8d6ec974717f2426b99097244640d6676fad757c171bdafd17aaef,2026-04-26 16:33:04.299257+00:00,hu,24.hu,24.hu,2026-04-26,Két telitalálatos szelvény van a hatos lottón,https://24.hu/belfold/2026/04/26/hatos-lotto-ket-telitalalat-17-het/
15237a64b3aec1e7d65fda8aedd3f06a9ee60722b7f578e97a96c386f4a99cda,2026-04-26 16:33:03.600852+00:00,hu,444.hu,444.hu,2026-04-26,A fideszes Bánki Erik sem ül be a parlamentbe,https://444.hu/2026/04/26/a-fideszes-banki-erik-sem-ul-be-a-parlamentbe?utm_source=rss_feed&utm_medium=rss&utm_campaign=rss_syndication
bf232548ffe2f8547f69f4017d910a7b49f3a479fbfc927c6e114a39a847aa7f,2026-04-26 16:32:55.970480+00:00,hu,24.hu,24.hu,2026-04-26,Izraeli kormányellenes tüntetésen koboztak el egy magyar zászlót,https://24.hu/kulfold/2026/04/26/izrael-tuntetes-magyar-zaszlo-elkobzas/
eaab90ebbe7cac0178f275cd86b5a7399046591155ec094cfffd6d55571097d3,2026-04-26 16:32:35.056911+00:00,hu,444.hu,444.hu,2026-04-26,A NER 16 évének legsúlyosabb idézetei,https://444.hu/2026/04/26/a-ner-16-evenek-legsulyosabb-idezetei?utm_source=rss_feed&utm_medium=rss&utm_campaign=rss_syndication
cac5cd03092b13590243804991feeda2f4fa0438bb45a396dd0c4e9e2b915517,2026-04-26 16:32:29.326446+00:00,hu,444.hu,444.hu,2026-04-26,Hajszálrepedések a putyini rezsim belsejében – az internet korlátozása miatt a kormányzat egyes csoportjai is fenyegetve érzik magukat,https://444.hu/2026/04/26/hajszalrepedesek-a-putyini-rezsim-belsejeben-az-internet-korlatozasa-miatt-a-kormanyzat-egyes-csoportjai-is-fenyegetve-erzik-magukat?utm_source=rss_feed&utm_medium=rss&utm_campaign=rss_syndication
ca0c1ade053422fac07c9d0ae28d74965c916afa4b82f3b30d0c7b5750a13a27,2026-04-26 16:32:20.661127+00:00,hu,444.hu,444.hu,2026-04-26,Igazságügyi miniszter: A washingtoni lövöldöző a Trump-kormányzat tisztségviselőit vehette célba,https://444.hu/2026/04/26/igazsagugyi-miniszter-a-washingtoni-lovoldozo-a-trump-kormanyzat-tisztsegviseloit-vehette-celba?utm_source=rss_feed&utm_medium=rss&utm_campaign=rss_syndication
f297e9dca21fd4686e994bc0aa262f35ad938a1fa5f44560f546bb386edf660c,2026-04-26 16:32:10.478145+00:00,hu,444.hu,444.hu,2026-04-26,Orbán és más európai vezetők is üzentek Trumpnak a lövöldözés után,https://444.hu/2026/04/26/orban-es-mas-europai-vezetok-is-uzentek-trumpnak-a-lovoldozes-utan?utm_source=rss_feed&utm_medium=rss&utm_campaign=rss_syndication
5cfd6e93428d3c6f0d35b2ee80e173c559e64dd2f7931998b17da8c12149de8e,2026-04-26 14:52:18.324897+00:00,hu,24.hu,24.hu,2026-04-26,Az izraeli elnök vádalkut szorgalmaz Netanjahu korrupciós ügyében,https://24.hu/kulfold/2026/04/26/benjamin-netanjahu-elnoki-kegyelem-izrael-korrupcio/
ebf8256ed324f8c5e2e984f837be3ac5d45678493420b42b1b0b203b303ad032,2026-04-26 14:51:37.526019+00:00,hu,24.hu,24.hu,2026-04-26,Megkéseltek egy férfit Hajdúszoboszlón,https://24.hu/belfold/2026/04/26/keseles-hajduszoboszlo-ferfi/
58c071b6f3c249358a262196bb57dfcfb89b17af33fad6b7ad3316e4fd7193a5,2026-04-26 14:51:30.481726+00:00,hu,24.hu,24.hu,2026-04-26,25 ezer liter tej ömlött az M6-osra szombaton,https://24.hu/belfold/2026/04/26/m6-os-autopalya-25-ezer-liter-tej/
37054efee1e3822f85bb11975f7f599a98af5f6ee3a360c4b671f2f3611d0be1,2026-04-26 14:50:47.419938+00:00,hu,24.hu,24.hu,2026-04-26,"Főzött Hruscsovnak, Puskás Öcsinek és a holdra szálló űrhajósoknak is – így hódította meg Szathmáry Lajos Amerikát",https://24.hu/kultura/2026/04/26/szathmary-lajos-gasztronomia-nasa/
e984123dcfd923a9fbefffc9a08044a7ed7e8bab892323c362692c4e41d10871,2026-04-26 14:45:59.580875+00:00,hu,atlatszo.hu,atlatszo.hu,2026-04-26,"Mi épül meg és mi nem? – Vitézy Dávid autópályákról, hidakról és vasútvonalakról",https://atlatszo.hu/orszagszerte/2026/04/26/mi-epul-meg-es-mi-nem-vitezy-david-autopalyakrol-hidakrol-es-vasutvonalakrol/
b5d05bc8d2f151947d5484d5962e5f9d79ed8a9db560f65325684725099c313c,2026-04-26 14:43:26.108404+00:00,hu,24.hu,24.hu,2026-04-26,"A takarítók találtak rá a nyugdíjasra, aki az előző napi stadiontúrán halt meg",https://24.hu/sport/foci/2026/04/26/schalke-stadiontura-elhunyt-nyugdijas-takairtok/
8c514b8a91bf095c2aca85d1b42027a257569cac4251df77669e8a614f69d2f1,2026-04-26 14:36:14.054779+00:00,hu,24.hu,24.hu,2026-04-26,"Ne küldjük ki focizni a fiúkat, ha a menstruációról akarunk beszélni a gyerekekkel",https://24.hu/kultura/2026/04/26/benkovics-julia-menstruacio-konyv/
01af55ea5543529d3a8ea68c92906edd91b697407a8baf74fcba61ee3aa833cb,2026-04-26 14:36:06.121147+00:00,hu,24.hu,24.hu,2026-04-26,Csodacsapattól a harmadosztályig 10 év alatt: hogyan bukhatott ekkorát a Leicester City?,https://24.hu/sport/foci/2026/04/26/hogyan-bukott-el-a-leicester-city/
a85038c5f827f62cd2eee5bff040ae2c0bfe90646260f5454e0c28dd5522404d,2026-04-26 14:36:00.986976+00:00,hu,24.hu,24.hu,2026-04-26,Kvíz: a sporttörténelem legnagyobb visszatérői,https://24.hu/sport/2026/04/26/kviz-a-sporttortenelem-legnagyobb-visszateroi/
4e81d6500347934a8958b8acec3abf05c14495aaf6969c8a65d506ec256410d0,2026-04-26 14:35:38.378039+00:00,hu,24.hu,24.hu,2026-04-26,"Trump elsőre azt hitte a lövésre, hogy csak egy leejtett tálca csörömpöl",https://24.hu/kulfold/2026/04/26/donald-trump-fegyveres-feher-hazi-tudositok-vacsoraja-lovoldozes/
75f9a80bbe654b0f8aa42d1d94295d87c22e8ade84c7b6e26c0f96e25a04a1c4,2026-04-26 14:35:33.336770+00:00,hu,24.hu,24.hu,2026-04-26,Váratlan helyen kapták el a betegét véletlenül megölő floridai sebészt,https://24.hu/kulfold/2026/04/26/letartoztatas-florida-sebesz-orvosi-muhiba/
deaf3bab0ed2ddf35ca3c6a81637167a37fee88f60bd0d0756a540573a05fbd6,2026-04-26 14:35:09.626534+00:00,hu,24.hu,24.hu,2026-04-26,"M1, M7, M0: balesetek, torlódások több autópályán is",https://24.hu/belfold/2026/04/26/baleset-torlodas-m1-m0-m7/
f2558c8f93032da0de741eedc4f2c884d6ddaddff666f80545637c182b11d737,2026-04-26 14:34:41.085903+00:00,hu,24.hu,24.hu,2026-04-26,Egyhamar nem tárgyal újra Amerika és Irán,https://24.hu/kulfold/2026/04/26/targyalas-amerika-iran-megrekedt/
370284b47dff2d35bab76f94a30d6f81e75e41cf650e0f837ca4f346decc3119,2026-04-26 12:47:49.592656+00:00,hu,24.hu,24.hu,2026-04-26,"„El akarja kerülni, hogy gyurcsányosodjon” – politológust kérdeztünk, mi rejlik Orbán mandátum-visszaadása mögött",https://24.hu/belfold/2026/04/26/orban-viktor-dontese-elemzes-mikecz-daniel/
ca0916d92f86d59c7e2966bf653d1fab9e60341f44ad505f596e7e56bb7c6195,2026-04-26 12:46:51.132099+00:00,hu,24.hu,24.hu,2026-04-26,A világhírű zeneszerzőre is lecsapott a sztálini terror,https://24.hu/tudomany/2026/04/26/prokofjev-zeneszerzo-moszkva-sztalin/
957415e947d290f5f3719789545a7aed2297d607f0b1cd384cf9429aede7e0fe,2026-04-26 12:46:46.268303+00:00,hu,24.hu,24.hu,2026-04-26,"Kabaré a focipályán: úgy megzavarodott a kapus, hogy a hátával adott gólpasszt az ellenfélnek",https://24.hu/sport/foci/2026/04/26/torok-foci-kapusbaki-potyagol/
1952c0af7ded4f533b4fb663caf05b83b702be5cbb7f5f540a34771a6f026c0f,2026-04-26 12:46:12.041897+00:00,hu,24.hu,24.hu,2026-04-26,"Győrnek elege lett, olyat tett, amit '89 óta soha",https://24.hu/belfold/2026/04/26/gyornek-elege-lett-a-kornyezetszennyezesbol/
d5eda3c6ddc8c43b4c44af13cbc74556fe3c14dc7f3f739af2f71f8f115c8811,2026-04-26 12:45:56.876220+00:00,hu,24.hu,24.hu,2026-04-26,Őrület: kenyai atléta törte át a kétórás álomhatárt maratonfutásban,https://24.hu/sport/2026/04/26/sabastian-sawe-maraton-ket-oran-beluli-gyoztes-ido/
b7f7118059448baae921366ad9e9dfb3ebb1ebbe0e46819bd1350d0aeed0ebe4,2026-04-26 11:24:42.360524+00:00,hu,24.hu,24.hu,2026-04-26,6000 voltos kábel rázta meg az orosz kisfiút,https://24.hu/kulfold/2026/04/26/6000-voltos-kabel-razta-meg-az-orosz-kisfiut/
9d96d9f384c131c11bf8d164ec1cd6db481a7d3be7eb2138770434c85fd54609,2026-04-26 11:23:52.235820+00:00,hu,24.hu,24.hu,2026-04-26,"Feszült arcok, fegyveres egyenruhások – képek a Fehér Házi Tudósítók Vacsoráján kitört lövöldözésről",https://24.hu/kulfold/2026/04/26/feher-hazi-tudositok-vacsoraja-lovoldozes-fotok/
a00e6e69a5fb6c8ec8980a32ddc535c6d360b4a3cae44d022a626f3fee4e499c,2026-04-26 11:23:43.277567+00:00,hu,24.hu,24.hu,2026-04-26,Magyar Péter újra az uniós pénzekről tárgyal,https://24.hu/belfold/2026/04/26/magyar-peter-unios-penz-ursula-von-der-leyen/
7b489967f8859f94741fbf098a21ef6fa3efbefd46fd97d4db249290c6579b79,2026-04-26 11:23:24.721293+00:00,hu,24.hu,24.hu,2026-04-26,Plüssmackó-installáció és ausztrál szivárvány a hét képein,https://24.hu/kulfold/2026/04/26/nagyvilag-het-kepei-fotogaleria-6/
f918b7fffa2440668ad2124c917e71238c00d6970eac7c4e02e7d15efd9999e9,2026-04-26 11:23:13.161937+00:00,hu,24.hu,24.hu,2026-04-26,"Mire kiértek a mentők, megszületett a kislány Szabolcsban",https://24.hu/belfold/2026/04/26/mire-kiertek-a-mentok-megszuletett-a-kislany-szabolcsban/
6b85237abf3bfe1c3b16bfa79e0d4859d8071cc8317f7920c07400778117abe9,2026-04-26 10:33:45.055197+00:00,hu,24.hu,24.hu,2026-04-26,"Egyiptomban már tudják, hogy Szalah az utolsó meccsét játszotta a Liverpoolban",https://24.hu/sport/foci/2026/04/26/mohamed-szalah-combserules-liverpool-egyiptomi-valogatott/
ac0aa41ebf0a22bdda79cc3ff3d2d2e3c73eed9cd50bf9a30e9b4d3c02be3d70,2026-04-26 10:18:36.114151+00:00,hu,24.hu,24.hu,2026-04-26,A vagyonvisszaszerzés vagy a műemlékvédelem központja is lehetne a nemsokára kiürülő Karmelita kolostor,https://24.hu/kultura/2026/04/26/ismeretlen-budapest-karmelita-kolostor-muemlekvedelem-vagyonvisszaszerzesi-hivatal/
0582002b248f974c2436045c64d03b6c58b231a58cb213e6266f999436516702,2026-04-26 10:18:11.892432+00:00,hu,24.hu,24.hu,2026-04-26,Hadházy Ákos: Orbán Viktor így előbb kerülhet előzetesbe,https://24.hu/belfold/2026/04/26/hadhazy-akos-orban-viktor-elszamoltatas/
e5d74dbf6982d67a37a83ef03886076de858992be0ef2f3fa784c87755cca2f5,2026-04-26 10:17:16.741656+00:00,hu,24.hu,24.hu,2026-04-26,Orrszarvú öklelte halálra a rinocéroszokat védő aktivistát,https://24.hu/kulfold/2026/04/26/orrszarvu-oklelte-halalra-aktivistat/
4c45b96012f16baebb32c9a25405d01b919f1b37313d6a5205c8c1948edb96ee,2026-04-26 10:17:11.654748+00:00,hu,24.hu,24.hu,2026-04-26,Állkapocstöréssel ért véget az NB I-es meccs a diósgyőri focistának,https://24.hu/sport/foci/2026/04/26/kisvarda-diosgyor-nb-i-demeter-milan-allkapocstores/
1a2ebef1c0cb44743f8d075fd0b96624ae13e293477a034945a0fd6a21525a60,2026-04-26 09:28:30.478986+00:00,hu,24.hu,24.hu,2026-04-26,"Orbán Viktor ezt nem tekinti cserbenhagyásnak"" – Bánki Erik nem veszi fel a mandátumát, visszavonul a politikától",https://24.hu/belfold/2026/04/26/banki-erik-visszavonulas/
8f561f3aec0ee55981d2fa39d8e4f7e2299516d8f72b0b89bd55a1b66a21626f,2026-04-26 09:23:34.055238+00:00,hu,444.hu,444.hu,2026-04-26,Képeken és videón a lövöldözés a Fehér Ház tudósítói vacsoráján,https://444.hu/2026/04/26/kepeken-es-videon-a-lovoldozes-a-feher-haz-tudositoi-vacsorajan?utm_source=rss_feed&utm_medium=rss&utm_campaign=rss_syndication
66b171bcf5e57ba8a539017ee0e2cb2a238522be41fefd1f7d9de2fdcc486785,2026-04-26 09:23:10.627139+00:00,hu,444.hu,444.hu,2026-04-26,"Ki kellett menekíteni Trumpot, miután egy támadó lövést adott le a Fehér Ház tudósítói vacsoráján",https://444.hu/2026/04/26/ki-kellett-menekiteni-trumpot-miutan-egy-tamado-lovest-adott-le-a-feher-haz-tudositoi-vacsorajan?utm_source=rss_feed&utm_medium=rss&utm_campaign=rss_syndication
abf9281638e6b76f933129685e93aff1e46eed2fa9ec4ffd8000d60da47aa572,2026-04-26 09:22:54.698819+00:00,hu,444.hu,444.hu,2026-04-26,"Az izraeli rendőrség elkobzott egy magyar zászlót, mert hasonlít a palesztinra",https://444.hu/2026/04/26/az-izraeli-rendorseg-elkobzott-egy-magyar-zaszlot-mert-hasonlit-a-palesztinra?utm_source=rss_feed&utm_medium=rss&utm_campaign=rss_syndication
6cd9f3d333be7322cc829c6da9c03d8b8193ba1826b5513fd79998247b2237b3,2026-04-26 09:22:10.046205+00:00,hu,444.hu,444.hu,2026-04-26,"Az osztrák határig mentünk, hogy találkozzunk Magyar Péterrel, akiről közel ezer ember hitte azt, hogy ő az igazi",https://444.hu/2026/04/26/az-osztrak-hatarig-mentunk-hogy-talalkozzunk-magyar-peterrel-akirol-kozel-ezer-ember-hitte-azt-hogy-o-az-igazi?utm_source=rss_feed&utm_medium=rss&utm_campaign=rss_syndication
762ec9284eba0a7fc3d6658c2fdb56e804cd9de1a34dc3364d3ef8b4f5b342e4,2026-04-26 09:22:04.983230+00:00,hu,444.hu,444.hu,2026-04-26,Miniszterelnökké választása előtt Olaszországba utazik Magyar Péter,https://444.hu/2026/04/26/miniszterelnokke-valasztasa-elott-olaszorszagba-utazik-magyar-peter?utm_source=rss_feed&utm_medium=rss&utm_campaign=rss_syndication
690041c47a9d1d7896a3c0d08ff073faea9c605712c77fb727d67cdd91a1f042,2026-04-26 09:21:39.890297+00:00,hu,444.hu,444.hu,2026-04-26,"Ki az a Cole Tomas Allen, akit a Fehér Ház tudósítói vacsoráján történt lövöldözéssel gyanúsítanak?",https://444.hu/2026/04/26/ki-az-a-cole-tomas-allen-akit-a-feher-haz-tudositoi-vacsorajan-tortent-lovoldozessel-gyanusitanak?utm_source=rss_feed&utm_medium=rss&utm_campaign=rss_syndication
f4d3cd7acc1719e70737743fdeb1f157994a2421bcf315db081022c3986c1414,2026-04-26 08:31:01.284043+00:00,hu,24.hu,24.hu,2026-04-26,"Nyilvános italozás, közpénzből védett barátnő, hazugságvizsgálat a beosztottaknak: Kash Patel botrányról botrányra bukdácsol az FBI élén",https://24.hu/kulfold/2026/04/26/fbi-igazgato-kash-patel-botranyok-trump/
561b3e3174b97bfd5c541c763efff8e2a0c62f771096f2ec24927d7f096b5ff7,2026-04-26 08:30:52.690876+00:00,hu,24.hu,24.hu,2026-04-26,"A 21. században még nem állt ilyen rosszul a Bayern a félidőben, ami azután jött, arra nincsenek szavak",https://24.hu/sport/foci/2026/04/26/bundesliga-mainz-bayern-forditas/
2162411f724696b5f0f648063ab5da613522abc9329830c4081fa36973520f5a,2026-04-26 08:30:47.321163+00:00,hu,24.hu,24.hu,2026-04-26,"Előkerült egy videó az ifjú Szájerről, a Fidesz megalakulásáról beszél",https://24.hu/kultura/2026/04/26/szajer-jozsef-video-fidesz-megalakulasa-bbc-1989/
a41edafc2936f5caf080eb70ca652bc4b4989d5b9233b63cf576148c41106910,2026-04-26 08:30:01.755965+00:00,hu,24.hu,24.hu,2026-04-26,Magyar Péter május 5-én Olaszországba megy,https://24.hu/kultura/2026/04/26/magyar-peter-tavaszi-szel-olaszorszag-filmbemutato/
f0058366024eb9e2e1a30d2347835e50c47aa53fdea402ff6eb39d93f4b86852,2026-04-26 08:28:40.756073+00:00,hu,24.hu,24.hu,2026-04-26,Lövöldözés a Fehér Házi Tudósítók vacsoráján: Charlie Kirk asztal alatt bujkáló és zokogó feleségét is ki kellett menekíteni,https://24.hu/kulfold/2026/04/26/feher-haz-lovoldozes-erika-kirk/
26ecd51622ca92f5ea55d61118144567483f3c7c5e614c7e38819924499d403a,2026-04-26 07:28:18.120155+00:00,hu,24.hu,24.hu,2026-04-26,"Ráthonyi-Palácsik Tímea: Nem férek hozzá annyi pénzhez, hogy ezt úgy tudjam élvezni, ahogy gondolják az emberek",https://24.hu/szorakozas/2026/04/26/rathonyi-palacsik-timea-andy-vajna-vagyona-friderikusz-talkshow/
8b84686babbee7868a246318d805844f8841d3ed71fe31d993f75fe46f706c01,2026-04-26 07:28:07.638085+00:00,hu,24.hu,24.hu,2026-04-26,"Hiába döntöttek Kósa Lajosék, Hankó Balázs nem hirdeti ki az új utónévjegyzéket",https://24.hu/belfold/2026/04/26/utonevjegyzek-kosa-hanko-balazs/
2218cb2e5521754fc8f6c814f796b6e7849e39a20b01e6660e2cd27f77dfaa06,2026-04-26 07:28:02.627941+00:00,hu,24.hu,24.hu,2026-04-26,Marics Peti visszaül a Megasztár zsűripultjába,https://24.hu/szorakozas/2026/04/26/marics-peti-megasztar-2026/
6a058e821fc82c6ccb94875c099cea739df604c724384506b86f861ab6a16ebc,2026-04-26 07:27:57.609701+00:00,hu,24.hu,24.hu,2026-04-26,Horn Gábor: Nem azt mondták Viktor!,https://24.hu/belfold/2026/04/26/horn-gabor-orban-viktor-bukas/
e9476234b315478f476adcc44dd404d431d3c37cff19ba054b748768411deafe,2026-04-26 07:27:52.609973+00:00,hu,24.hu,24.hu,2026-04-26,"Belehalt sérülésébe az influenszer, akit a brit X-Faktor sztárja gázolt el",https://24.hu/kulfold/2026/04/26/halalos-gazolas-influenszer-brit-x-faktor/
0c9b5072321253f4adce3293a141685c7fff60f2c1156a3354a6dd08a27081a8,2026-04-26 07:26:27.823873+00:00,hu,24.hu,24.hu,2026-04-26,Ki kellett menekíteni Trumpot – tüzet nyitott egy fegyveres a Fehér Házi Tudósítók Vacsoráján,https://24.hu/kulfold/2026/04/26/lovoldozes-donald-trump-fegyveres-feher-hazi-tudositok-vacsoraja/
767c4c3197aa5064369cd4c32b79194444f818c533b838d057b917fca6d1cda3,2026-04-26 07:26:13.280664+00:00,hu,24.hu,24.hu,2026-04-26,40 év halál: máig velünk van Csernobil öröksége,https://24.hu/tech/2026/04/26/csernobil-40-atombaleset-evfordulo/
e43e34f63ca2c1523e5f652c4252fa86690b5012bbc4d4409e0b79db6eca0fa3,2026-04-26 07:26:07.922318+00:00,hu,24.hu,24.hu,2026-04-26,"Katalin hercegné olyan fülbevalót viselt a minap, amihez Dianának és John Travoltának is köze van",https://24.hu/szorakozas/2026/04/26/katalin-hercegne-fulbevalo-diana-john-travolta/
a7e56a13c87401c510cb42d90f17b16618efc83086c4b44c4a47de7f83fda535,2026-04-26 07:26:03.438710+00:00,hu,24.hu,24.hu,2026-04-26,Bizalom vagy bizalmatlanság? A házassági szerződés már nem a kőgazdagok kiváltsága,https://24.hu/belfold/2026/04/26/hazassagi-szerzodes-bizalom-bizalmatlansag/
9580037c3a12c17fe9cba7f25e782ab97d84ba86bd7942daf5db50dac032a49d,2026-04-26 05:25:22.261779+00:00,hu,24.hu,24.hu,2026-04-26,Videó: 90 méteres magasságból zuhant a föld felé a spanyol vidámparki katapult kabinja,https://24.hu/szorakozas/2026/04/26/vidampark-baleset-katapult-sevilla-video/
4168f67b06fa1022343e5364fbde81e901a1d6e865ff2c89484a500d08b10baf,2026-04-26 05:18:35.311378+00:00,hu,24.hu,24.hu,2026-04-26,"Kvíz: bognár, varga, kádár – mennyire ismered a régi mesterségeket?",https://24.hu/kultura/2026/04/26/regi-mestersegek-kviz/
bb8a0d0578c4eddaea745ed5ead599d85d9e902ab15b74da7043fda4754174ac,2026-04-26 05:18:28.371685+00:00,hu,24.hu,24.hu,2026-04-26,Egy éve ilyenkor: vérfagyasztó jelenetsort rögzített a gólyakamera,https://24.hu/elet-stilus/2026/04/26/egy-eve-ilyenkor-verfagyaszto-jelenetsor-golyakamera/
33dc70461ce09f788c3dd0ab08793d909e967ab8b107eab88e18b713f60bba0d,2026-04-26 05:17:50.282122+00:00,hu,24.hu,24.hu,2026-04-26,Mennyire értesz az elsősegélynyújtáshoz? Teszteld ezzel a tíz kérdéssel!,https://24.hu/kultura/2026/04/26/kviz-elsosegelynyujtas-ujraelesztes/
d762eee436c901d49a643e714dfc5e2f7bc1d5e4fd8958c7bb716ffbf4ca4873,2026-04-26 05:17:31.828863+00:00,hu,24.hu,24.hu,2026-04-26,Vasárnap 70/80 km/órás széllel tör be a hidegfront,https://24.hu/belfold/2026/04/26/idojaras-hidegfront-szelvihar-veszelyjelzes-2/
cf33a2a51bec6aca4caa38d68a2bca10d346cd46aa6e47242b0695f733566eae,2026-04-26 05:17:26.977766+00:00,hu,24.hu,24.hu,2026-04-26,Kvíz: a világ leghíresebb modelljei – egy nevet kérünk a képek mellé!,https://24.hu/szorakozas/2026/04/26/leghiresebb-modellek-fotos-kviz/
808f90b8e3db21abd320ab67be57e27b2676954112c6718a577f16a3ca3f7b0f,2026-04-26 03:26:37.332896+00:00,hu,24.hu,24.hu,2026-04-26,"Révész Attila: Akiknek lejár a szerződése, megmutatták, nem véletlenül nem ajánlottunk nekik újat",https://24.hu/sport/foci/2026/04/26/kisvarda-dvtk-revesz-attila-nyilatkozat/
3811f5f802dab51fdf6d93a8f2860061cbb7d1c8a96881dd5947e47ec941f957,2026-04-25 22:26:47.209545+00:00,hu,24.hu,24.hu,2026-04-25,Európa Liga-elődöntőstől erősít Elek Gábor kézilabdacsapata,https://24.hu/sport/2026/04/25/noi-kezilabda-esztergom-farago-luca/
7ba466198fc8f21f1499648ae83306be09758c4c8b8d9212cecddfe28e989a85,2026-04-25 20:38:21.707344+00:00,hu,24.hu,24.hu,2026-04-25,A nap legfontosabb hírei – 2026. 04. 25.,https://24.hu/belfold/2026/04/25/a-nap-legfontosabb-hirei-2026-04-25/
0d921918eaf7e78c8086ed254c966cac326a0d33a65a5f20f4eb8534fcf37bd3,2026-04-25 20:38:12.533470+00:00,hu,24.hu,24.hu,2026-04-25,Molnár Áron Orbán döntéséről: Szembenézni nem mer a tettei következményeivel,https://24.hu/szorakozas/2026/04/25/molnar-aron-orban-viktor-reakcio/
db6df69148e89c7b48036086b9c40759a4b32f589bb7a8558d5c0facd9dc2812,2026-04-25 20:37:59.361629+00:00,hu,24.hu,24.hu,2026-04-25,"Rengeteg kondenzcsík jelent meg Budapest felett, elmagyarázták, mi áll a jelenség mögött",https://24.hu/szorakozas/2026/04/25/miert-volt-sok-kondenzcsik-budapest-felett/
2a70b0781502f590a61ffc076c099ee2eb55abd5b075165d2e06eadbfdeaf4df,2026-04-25 20:37:42.166029+00:00,hu,24.hu,24.hu,2026-04-25,"A DVTK beugrós edzője azonnal nyert, 714 nap után védett az Újpest kapusa, kikapott a ZTE",https://24.hu/sport/foci/2026/04/25/nb1-kisvarda-diosgyor-puskas-akademia-ujpest-nyiregyhaza-zalaegerszeg/
e392075c2246fda4023be50f7758398c78da20256ea4909887f0b4f97b9fc46d,2026-04-25 20:32:15.832953+00:00,hu,444.hu,444.hu,2026-04-25,Szavazz a választás eredményéről a NER legeslegutolsó Nemzeti Konzultációján!,https://444.hu/2026/04/25/szavazz-a-valasztas-eredmenyerol-a-ner-legeslegutolso-nemzeti-konzultaciojan?utm_source=rss_feed&utm_medium=rss&utm_campaign=rss_syndication
cb11891e438346db06f9ca9cb7a6eca4092b24ebc393633405b698cdff095ac6,2026-04-25 20:32:10.002029+00:00,hu,444.hu,444.hu,2026-04-25,"Orbán Viktor visszaadta mandátumát, nem ül be a Parlamentbe",https://444.hu/2026/04/25/orban-viktor-visszaadta-mandatumat-nem-ul-be-a-parlamentbe?utm_source=rss_feed&utm_medium=rss&utm_campaign=rss_syndication
5072d99139ac3afc0552b5d02c3560bb0206b0c6d175390e3cdfb93a9a352534,2026-04-25 20:31:48.826830+00:00,hu,444.hu,444.hu,2026-04-25,Nyomd meg a gombot – Magyarország megőrül és lefényképezteti magát,https://444.hu/2026/04/25/nyomd-meg-a-gombot-magyarorszag-megorul-es-lefenykepezteti-magat?utm_source=rss_feed&utm_medium=rss&utm_campaign=rss_syndication
fd8e780657550550c8e3762c7f6ca7b45b363faa2ae5059ba71acb7320d4adc7,2026-04-25 20:31:31.513324+00:00,hu,444.hu,444.hu,2026-04-25,"Trump igazságügyi reformja: szövetségi szinten visszahoznák a sortüzet, a villamosszéket és a gázkamrát",https://444.hu/2026/04/25/trump-igazsagugyi-reformja-szovetsegi-szinten-visszahoznak-a-sortuzet-a-villamosszeket-es-a-gazkamrat?utm_source=rss_feed&utm_medium=rss&utm_campaign=rss_syndication
9d9989f6ff300089d3817d593d7b9760ebb7b23820f57edc625e9f4b5ba34aff,2026-04-25 20:30:35.111822+00:00,hu,444.hu,444.hu,2026-04-25,"Semjén, Latorcai és Soltész sem lesznek képviselők",https://444.hu/2026/04/25/semjen-latorcai-es-soltesz-sem-lesznek-kepviselok?utm_source=rss_feed&utm_medium=rss&utm_campaign=rss_syndication
1ea6a1f1413aaab0eb1970d673f4ba6795fadf13fab01602b2839f3b40721064,2026-04-25 20:30:07.073217+00:00,hu,444.hu,444.hu,2026-04-25,Magyar Péter: Orbán Viktor lett a Fidesz Gyurcsány Ference,https://444.hu/2026/04/25/magyar-peter-orban-viktor-lett-a-fidesz-gyurcsany-ference?utm_source=rss_feed&utm_medium=rss&utm_campaign=rss_syndication
a714fdcbc4a2469a7aaaa1b3675de68f68d53b7ed01603c75f8abc4e394c07b2,2026-04-25 20:30:01.876083+00:00,hu,444.hu,444.hu,2026-04-25,"Magyar: A NAV több, Rogán Antal köréhez tartozó nagy értékű utalást felfüggesztett pénzmosás gyanújával",https://444.hu/2026/04/25/magyar-a-nav-tobb-rogan-antal-korehez-tartozo-nagy-erteku-utalast-felfuggesztett-penzmosas-gyanujaval?utm_source=rss_feed&utm_medium=rss&utm_campaign=rss_syndication
64ae2a61925109fe16370c481563ca79d44a01232f0ee0931a2a6509a8d71d13,2026-04-25 20:29:56.832956+00:00,hu,444.hu,444.hu,2026-04-25,Még mindig nem érti,https://444.hu/2026/04/25/meg-mindig-nem-erti?utm_source=rss_feed&utm_medium=rss&utm_campaign=rss_syndication
a1e17eb6ed876f50e4555f98b80568ca9c601ed97ec693710df0baf5806a74e6,2026-04-25 20:29:49.439719+00:00,hu,444.hu,444.hu,2026-04-25,"A címvédő Győr bejutott a női kézilabda Bajnokok Ligája négyes döntőjébe, a Ferencváros viszont kiesett",https://444.hu/2026/04/25/a-cimvedo-gyor-bejutott-a-noi-kezilabda-bajnokok-ligaja-negyes-dontojebe-a-ferencvaros-viszont-kiesett?utm_source=rss_feed&utm_medium=rss&utm_campaign=rss_syndication
5fb045bdf5041a733c244ee981639659c6e75f19b81769e2340f2ee5ff9581c7,2026-04-25 20:29:42.662698+00:00,hu,444.hu,444.hu,2026-04-25,"Semjén, Gulyás Gergely, a volt MIÉP-es ifj. Hegedűs és a leendő tiszás egészségügyi miniszter is jelen voltak Hegedűs Lóránt püspök szobrának avatásán",https://444.hu/2026/04/25/semjen-gulyas-gergely-a-volt-miep-es-ifj-hegedus-es-a-leendo-tiszas-egeszsegugyi-miniszter-is-jelen-voltak-hegedus-lorant-puspok-szobranak-avatasan?utm_source=rss_feed&utm_medium=rss&utm_campaign=rss_syndication
4e65c6ed8ac5afda0fa56e5bfa5143ad1babac60d8de6a996e3122c6102483e3,2026-04-25 20:18:01.917877+00:00,hu,24.hu,24.hu,2026-04-25,Szenzációs lelet: a honfoglaló elit három tagját találták meg Akasztón,https://24.hu/tudomany/2026/04/25/magyar-honfoglalo-harcos-vezeto-kalandozas/
2fb461bad9155a20ca23be3ea38b85a00e4ac09e541e8227989b62f75ee60488,2026-04-25 20:17:56.188971+00:00,hu,24.hu,24.hu,2026-04-25,"Egyetlen bombagól elég volt, újra élen áll az Arsenal",https://24.hu/sport/foci/2026/04/25/premier-league-arsenal-newcastle-eberechi-eze-gol/
11838e11c15eaefa11d0e71b31794ff0ce9c8c0c52c47e9f6ab35089b1ddcdce,2026-04-25 20:17:43.672366+00:00,hu,24.hu,24.hu,2026-04-25,"Panyi: Orbán Viktor az Egyesült Államokba utazik a focivébére, Tiboczék már várják",https://24.hu/kulfold/2026/04/25/orban-viktor-egyesult-allamok-foci-vb/
c1015dfbe9732d2447f51385f6a8920f14904859d9b4a7dbffb412f0d6aa82b8,2026-04-25 19:19:24.477004+00:00,hu,24.hu,24.hu,2026-04-25,Zelenszkij Azerbajdzsánt nézte ki az oroszokkal folytatandó béketárgyalások helyszínének,https://24.hu/kulfold/2026/04/25/zelenszkij-azerbajdzsan-beketargyalas-helyszin/
e5261d5b1023caf3e8f82e4033063a01bc9e1f3a707cd57026753542a27aa88b,2026-04-25 19:18:43.579280+00:00,hu,24.hu,24.hu,2026-04-25,Vámos Petráék kiejtették a Fradit a Bajnokok Ligájából,https://24.hu/sport/2026/04/25/vamos-petraek-kiejtettek-a-fradit-a-bajnokok-ligajabol/
46513b0011c34b32942fb79beaf66109421fc21a47691b2c53f39a52a9e17e19,2026-04-25 19:18:04.352899+00:00,hu,24.hu,24.hu,2026-04-25,Freddie a választás után két héttel visszatérhetett a SzerencseSzombat műsorába,https://24.hu/szorakozas/2026/04/25/freddie-szerencseszombat-visszateres/
13369a8fdd578a25522d19c8ee47c826de9ba836a64a8808f0edfa51ea3acdcd,2026-04-25 19:17:41.603425+00:00,hu,24.hu,24.hu,2026-04-25,Ötöslottó: itt vannak az e heti nyerőszámok,https://24.hu/belfold/2026/04/25/otoslotto-sorsolas-aprilis-25-2026-17-het/
5e2e2756d7a25a2f2365d0bd2ff7dede913eec19b6fa8000026e300f179196ac,2026-04-25 19:17:34.800042+00:00,hu,24.hu,24.hu,2026-04-25,"Magyar Péter felszólította a NAV-ot és a rendőrséget, tartóztassák le a NER-es oligarchákat, akik milliárdokat menekítenek külföldre",https://24.hu/belfold/2026/04/25/magyar-peter-felszolitas-nav-orfk-ner-oligarchak/
4aa3efb4fe8fe5e3354a6a8d4eb3352a37be4ed0820918a3f789179574acd5aa,2026-04-25 18:17:55.229636+00:00,hu,24.hu,24.hu,2026-04-25,Így állt bosszút Lamborghini a Ferrarin,https://24.hu/tudomany/2026/04/25/ferrari-lamborghini-olaszorszag-autok/
b665886d9e1188941316a8c0aeb3c8fca5562f3a4311476dfdeb315495afde60,2026-04-25 17:31:16.213733+00:00,hu,24.hu,24.hu,2026-04-25,Vitézy Dávid egy különvonaton beszélt a vasútrombolás korszakának végéről,https://24.hu/belfold/2026/04/25/vitezy-david-vasutrombolas-vege/
3eb8e0d3ed7ae6e59ba3932ef89ed99d23a178d00bca9ac89b5f0c1439b5c40b,2026-04-25 17:30:32.468258+00:00,hu,24.hu,24.hu,2026-04-25,"Lengyel Tamás Orbán bejelentésére: Mit bizonyít ez azon kívül, hogy hatalmas a hiúsága?",https://24.hu/szorakozas/2026/04/25/lengyel-tamas-orban-viktor-reakcio/
a9dd05b61472a74c75f3b00c6cea2609a43138a45e27aa765cf7de33237ea44f,2026-04-25 17:28:48.465184+00:00,hu,24.hu,24.hu,2026-04-25,Akár az El Clásicón válhat bajnokká az FC Barcelona,https://24.hu/sport/foci/2026/04/25/la-liga-getafe-barcelona-gyozelem/
e7b107383b5fcc64e8f35cafe56f3d66e6e666bb4bbba2f899f608e894c021ec,2026-04-25 17:21:23.281460+00:00,hu,24.hu,24.hu,2026-04-25,Gulyás és Semjén közösen adta át a tiszás egészségügyi miniszter apjának szobrát,https://24.hu/belfold/2026/04/25/gulyas-semjen-atadas-hegedus-lorant-szobor/
f0414a34f876717cc20230b648258bce21f52da23a8c20ff7c9e8bc639a3c050,2026-04-25 17:21:10.654308+00:00,hu,24.hu,24.hu,2026-04-25,"Így reagált Magyar Péter arra, hogy Orbán Viktor nem veszi fel a parlamenti mandátumát",https://24.hu/belfold/2026/04/25/magyar-peter-orban-viktor-mandatum-reakcio/
68977da0ef45706fbd6646d1adc6606b287ca036a844eddef5aa7e1d386fb14c,2026-04-25 17:20:47.475891+00:00,hu,24.hu,24.hu,2026-04-25,"Egy középső ujjból és egy dudálásból lett az év sorozata, a folytatásban azonban már csak műbalhé a Beef",https://24.hu/kultura/2026/04/25/beef-sorozat-kritika-netflix/
3132d6c20dbbdeec9d0efb480c17ba5c2eb3f5dab36c5c2e04b871900d74a283,2026-04-25 17:20:24.275796+00:00,hu,24.hu,24.hu,2026-04-25,BL: Tizedjére is Final Fourba jutott az ETO,https://24.hu/sport/2026/04/25/noi-kezilabda-bl-gyori-eto-odense-negyeddonto/
8a57f856eedfd05df2f981fc6cbb8dc32e4878a09e0f37c426a9acafed24f596,2026-04-25 17:19:26.352212+00:00,hu,24.hu,24.hu,2026-04-25,"Mo Szalah megsérült, de a Liverpool így is legyőzte idei mumusát",https://24.hu/sport/foci/2026/04/25/crystal-palace-liverpool-mohamed-szalah-serules-gyozelem/
3cbf7dc729d3d4ce0c97902b119d6532d97842af63f95232950742421ffbf532,2026-04-25 16:24:53.885858+00:00,hu,24.hu,24.hu,2026-04-25,"Videón, ahogy az amerikai hadsereg légicsapást mér egy kábítószereket csempésző hajóra",https://24.hu/kulfold/2026/04/25/amerikai-legicsapas-drogcsempesz-hajo-video-csendes-ocean/
4b1f70542523282a85a26af2536fc4d3a176e63ba199e78c8e9ca932350080a4,2026-04-25 16:23:40.173854+00:00,hu,24.hu,24.hu,2026-04-25,"Orbán Viktor visszaadja a mandátumát, hogy a nemzeti oldal újjászervezésével foglalkozzon",https://24.hu/belfold/2026/04/25/orban-viktor-visszaadja-a-mandatumat-hogy-a-nemzeti-oldal-ujjaszervezesevel-foglalkozzon/
8b15aa4bf29c941aaf0091eb6d3744fa552c9ca4be494682f74c3d7e79789aa7,2026-04-25 15:32:35.977844+00:00,hu,24.hu,24.hu,2026-04-25,"Már ki tudjuk vonni a szén-dioxidot a levegőből, de ez nem oldja meg a klímaválságot",https://24.hu/tech/2026/04/25/szen-dioxid-megkotes-janaky-csaba-interju/
ba1db61841bba19aea1049d2774de77971adac786ebd588972130e432f088511,2026-04-25 15:32:02.792804+00:00,hu,24.hu,24.hu,2026-04-25,"Autóval ütközött egy motoros a 4-es főúton, mentőhelikopter érkezett a helyszínre",https://24.hu/belfold/2026/04/25/motor-auto-baleset-mentohelikopter-monor/
9eb92b1e55d5028c93f746d4b10d7d5680540d45c98894be7f13ef3bc65c295c,2026-04-25 15:19:39.890811+00:00,hu,24.hu,24.hu,2026-04-25,"Beszaladtak a pályára ünnepelni a drukkerek, de egy perccel később elúszott a feljutásuk",https://24.hu/sport/foci/2026/04/25/angol-foci-york-rochdale-palyara-rohanas/
063088899306e68b86ab2ccbdd51df15d672eec8cb49c5df2382cc6e19501184,2026-04-25 15:19:27.672514+00:00,hu,24.hu,24.hu,2026-04-25,"A Fidesz vesztes csepeli jelöltje előállt a jó király, rossz tanácsadók elmélettel",https://24.hu/belfold/2026/04/25/kiraly-nora-fidesz-vereseg/
efa8697cdc59f554adc5f0dc980e9c4fe6fe12afd5acba9855b5c0962c2b7271,2026-04-25 14:31:03.285618+00:00,hu,24.hu,24.hu,2026-04-25,Magyar Péter fogadta a korábban a nyíltan a Fidesznek kampányoló Vajdasági Magyar Szövetség elnökét,https://24.hu/belfold/2026/04/25/magyar-peter-pasztor-balint-vmsz-talalkozo/
278dd82678888f5f1faeca5c7a1520281fd4c2fa0388a2d5fd7ca1eebd065783,2026-04-25 14:30:44.457760+00:00,hu,24.hu,24.hu,2026-04-25,"Olyan búcsút kapott csapatától egy mosónő, hogy szem nem marad szárazon",https://24.hu/sport/foci/2026/04/25/holland-foci-go-ahead-eagles-carla-bucsu-alkmaar/
2c96fc7dec4de4af140e09353a3791ce1743dec783cc043754afa63d3c61f420,2026-04-25 14:30:28.465121+00:00,hu,24.hu,24.hu,2026-04-25,Új ellenséget talált magának Trump: Isten földi helytartóját,https://24.hu/kulfold/2026/04/25/leo-papa-trump-irani-haboru-vita/
5c69d3d6edb5bf9e0127c76fcad90d0d99419b646606b3f17014fca51086b093,2026-04-25 14:30:03.930938+00:00,hu,24.hu,24.hu,2026-04-25,Fehér Renátó: Az eljövendő idő nyomában – egy új köztársaság méltósága,https://24.hu/belfold/2026/04/25/feher-renato-negyedik-koztarsasag-meltosag-hagyatek/
52f729482394e238d620d53d10847c8f79118b8c276dddacae0895236f200cc8,2026-04-25 14:29:59.582630+00:00,hu,24.hu,24.hu,2026-04-25,"Szoros volt a szlovén választás, még mindig nem dőlt el, melyik oldal alakíthat kormányt",https://24.hu/kulfold/2026/04/25/szloven-valasztas-kormanyalakitas/
ef99c5a3c09214621e14f626879e586943dd679802ef7edaa57a41ea382b13a2,2026-04-25 14:29:53.997116+00:00,hu,24.hu,24.hu,2026-04-25,"Amint kiderült, hogy körözi a rendőrség, lemondott a Fidesz szegedi elnöke",https://24.hu/belfold/2026/04/25/fidesz-szeged-korozes-radi-feriz/
875afd0c95a739e8cc1be436a57649e0eb4d169c2d793e45eb50e3b7468a18c5,2026-04-25 14:24:17.075320+00:00,hu,24.hu,24.hu,2026-04-25,"Latorcai: Három KDNP-s, köztük Semjén Zsolt lemond az országgyűlési képviselőségről",https://24.hu/belfold/2026/04/25/kdnp-latorcai-janos-semjen-zsolt-lemond-orszaggyulesi-kepviseloseg/
a5ceaeea347c24e84f7ee647aea21fcae5b93002cfed4c903c3c667ee68dddca,2026-04-25 14:22:42.011034+00:00,hu,444.hu,444.hu,2026-04-25,"Már azelőtt tömegesen pusztultak el a lajhárok, hogy megnyitott volna „a világ első lajhárparkja”",https://444.hu/2026/04/25/mar-azelott-tomegesen-pusztultak-el-a-lajharok-hogy-megnyitott-volna-a-vilag-elso-lajharparkja?utm_source=rss_feed&utm_medium=rss&utm_campaign=rss_syndication
7bc4a23a06041badd7b6499a58fa10596635a37a5f487d7187e100c71ea5af70,2026-04-25 14:22:37.060427+00:00,hu,444.hu,444.hu,2026-04-25,"Orosz drón zuhant egy román település lakóövezetébe, több mint kétszáz embert evakuáltak",https://444.hu/2026/04/25/orosz-dron-zuhant-egy-roman-telepules-lakoovezetebe-tobb-mint-ketszaz-embert-evakualtak?utm_source=rss_feed&utm_medium=rss&utm_campaign=rss_syndication
cce7262dacd4358811df3337a7a5c9ca52fcb8cba072877cf38bd07782add080,2026-04-25 14:22:32.050736+00:00,hu,444.hu,444.hu,2026-04-25,"A Kutyapárt kirakta az elszámolását, 464 millió ment el a kampányukra",https://444.hu/2026/04/25/a-kutyapart-kirakta-az-elszamolasat-464-millio-ment-el-a-kampanyukra?utm_source=rss_feed&utm_medium=rss&utm_campaign=rss_syndication
60ad4e772a89ebaed3c68d308201a21707625d4f3256c7cad4ac7666f8a973c1,2026-04-25 14:22:27.136828+00:00,hu,444.hu,444.hu,2026-04-25,Borízű hang #267 ÉLŐ! és hosszú: Lusztrálgatás a rehabilin,https://444.hu/2026/04/25/borizu-hang-267-elo-es-hosszu-lusztralgatas-a-rehabilin?utm_source=rss_feed&utm_medium=rss&utm_campaign=rss_syndication
7f59bb001d7cb8372666e7c83d2e02d95cbccb62e41362b0f5665a8b05eee8b1,2026-04-25 14:22:23.965049+00:00,hu,444.hu,444.hu,2026-04-25,Athén kétségbeesetten próbálja kiszorítani a turistáknak legalább egy részét,https://444.hu/2026/04/25/athen-ketsegbeesetten-probalja-kiszoritani-a-turistaknak-legalabb-egy-reszet?utm_source=rss_feed&utm_medium=rss&utm_campaign=rss_syndication
799e04ecb9b8c65e47abb6df8dbf966b546e6032fa9bcccdcb4785da98172469,2026-04-25 14:22:03.574581+00:00,hu,444.hu,444.hu,2026-04-25,"Levélben kért bocsánatot Sam Altman, amiért az OpenAI nem figyelmeztetett a gyanús júzerre, aki végül kiirtotta a családját, öt iskolatársát és egy tanárát",https://444.hu/2026/04/25/levelben-kert-bocsanatot-sam-altman-amiert-az-openai-nem-figyelmeztetett-a-gyanus-juzerre-aki-vegul-kiirtotta-a-csaladjat-ot-iskolatarsat-es-egy-tanarat?utm_source=rss_feed&utm_medium=rss&utm_campaign=rss_syndication
2fc1f7893cb4e8857c1d3ff8e1b408779298c2ad5328399291cd33ddd060fd54,2026-04-25 14:21:59.015472+00:00,hu,444.hu,444.hu,2026-04-25,"2 évig vártak rá, hogy egy orangután végre átmenjen a nekik épített hídon, most végre átment",https://444.hu/2026/04/25/2-evig-vartak-ra-hogy-egy-orangutan-vegre-atmenjen-a-nekik-epitett-hidon-most-vegre-atment?utm_source=rss_feed&utm_medium=rss&utm_campaign=rss_syndication
00e79d082c48dbfd906db915b9199d67aea1ce2a89bd8ce2038207cd45629135,2026-04-25 14:21:53.640864+00:00,hu,444.hu,444.hu,2026-04-25,Magyar Péter fogadta a Fidesznek kampányoló vajdasági pártelnököt,https://444.hu/2026/04/25/magyar-peter-fogadta-a-fidesznek-kampanyolo-vajdasagi-partelnokot?utm_source=rss_feed&utm_medium=rss&utm_campaign=rss_syndication
d9ed05322b6b35004f49a1531a57a0218182da5a48ba2dd2129d05b456f4677a,2026-04-25 14:21:36.397487+00:00,hu,444.hu,444.hu,2026-04-25,"Ha az iráni háború nyárig elhúzódik, minden gazdasági előrejelzést újra kell gondolni",https://444.hu/2026/04/25/ha-az-irani-haboru-nyarig-elhuzodik-minden-gazdasagi-elorejelzest-ujra-kell-gondolni?utm_source=rss_feed&utm_medium=rss&utm_campaign=rss_syndication
2c3c2510a03370581c496d6499b8a3d00ed790d6d3eda2ad080bb513a5264a6a,2026-04-25 14:21:21.156711+00:00,hu,444.hu,444.hu,2026-04-25,Zelenszkij: Ukrajna hajlandó azerbajdzsáni helyszínen tárgyalni Oroszországgal,https://444.hu/2026/04/25/zelenszkij-ukrajna-hajlando-azerbajdzsani-helyszinen-targyalni-oroszorszaggal?utm_source=rss_feed&utm_medium=rss&utm_campaign=rss_syndication
8448450f7484360b24496d21b9e24e78d50bba64a6f961ccc45d4669a57e8bb4,2026-04-25 14:21:14.712582+00:00,hu,444.hu,444.hu,2026-04-25,Túszejtőt fogtak Kelenföldön,https://444.hu/2026/04/25/tuszejtot-fogtak-kelenfoldon?utm_source=rss_feed&utm_medium=rss&utm_campaign=rss_syndication
f1db137291670c08006a881b2c1e802fad093c2205c2cf8766707363633c1026,2026-04-25 13:27:37.687804+00:00,hu,24.hu,24.hu,2026-04-25,Helena Bonham Cartert kitették A Fehér Lótusz új évadából,https://24.hu/kultura/2026/04/25/helena-bonham-carter-feher-lotusz/
5f604aad44cf79f1e7453023a893e5e8fd486e1c86e11208befb71e26b6e3a3a,2026-04-25 13:27:15.584576+00:00,hu,24.hu,24.hu,2026-04-25,Túszejtés miatt vonult ki a rendőrség és a TEK Kelenföldön,https://24.hu/belfold/2026/04/25/tek-rendorseg-tuszejtes-budapest/
c6eab4703d34e5f5685af163b0a093b4d2c1802bf72efc73b5638f5a89004b8e,2026-04-25 13:26:01.951903+00:00,hu,24.hu,24.hu,2026-04-25,Százakat evakuáltak orosz drón miatt Romániában,https://24.hu/kulfold/2026/04/25/romania-oroszorszag-dron-haboru/
1e672f02725959bf03f6f71b4d691623874eef69b86cce306b53a782cefb4a72,2026-04-25 13:25:37.640044+00:00,hu,24.hu,24.hu,2026-04-25,Schilling Árpád: Vidnyánszky Atillának csak egyetlen esetben kellene azonnal távoznia a Nemzeti Színház éléről,https://24.hu/kultura/2026/04/25/schilling-arpad-rendszervaltas-szinhaz-interju/
5d4979068ffaa1bd5acd14eed71082757be9fcb3314c1d4899e891c1550dbbc0,2026-04-25 12:28:53.074687+00:00,hu,24.hu,24.hu,2026-04-25,A túl nagy zaj és a sok turista miatt nem kérnek többet A mi kis falunkból Pilisszentlélek lakói,https://24.hu/kultura/2026/04/25/pilisszentlelek-mi-kis-falunk/
8708479f14ea91ae3dec57d363da73b5d6b6657658301f051065ee98443ce376,2026-04-25 12:20:25.326902+00:00,hu,24.hu,24.hu,2026-04-25,Szirénázva vonultak át a rendőrök és a tűzoltók a fővároson,https://24.hu/belfold/2026/04/25/rendorok-tuzoltok-budapest-unnep/
4c6fcd52b43c6a0273852a9921b8e135bd73d0e0f05fb631f43acda6c5128101,2026-04-25 12:20:17.408516+00:00,hu,24.hu,24.hu,2026-04-25,"31 lajhár pusztult el, még mielőtt megnyitották volna velük a világ első lajhárparkját",https://24.hu/kulfold/2026/04/25/lajhar-park-florida-elpusztult/
fd83497224f82458b67184e926a627074933d39b1dc2e8b95b1928631f6eebec,2026-04-25 12:19:57.470788+00:00,hu,24.hu,24.hu,2026-04-25,"Komplexitás három dimenzióban – Rayan Cherki játéka sokkal fontosabb, mint Guardiola hinné",https://24.hu/sport/foci/2026/04/25/rayan-cherki-manchester-city-elemzes/
b6f3f4014d2a1469554178cf7824d4b86f69583544e06c111427b52a9a7a79d9,2026-04-25 11:26:30.131192+00:00,hu,24.hu,24.hu,2026-04-25,Így válik a szél és a vihar a fotós díszlettervezőjévé,https://24.hu/kultura/2026/04/25/szel-vihar-kepgaleria-heti-fortepan/
904dd8aeb0eb26093d4f18ddac7104410c434081aa397d212aae1cb8b68868d9,2026-04-25 11:24:42.381585+00:00,hu,24.hu,24.hu,2026-04-25,"Szabó Andrea: Nem egyszerűen szakadék, hanem generációs ellentét van ma Magyarországon",https://24.hu/belfold/2026/04/25/szabo-fesztulseg-fiatalok-idosek/
b0cd81c92ac7f3a57eec1d56abed11d1e3525208867be8b970d1104d2c622ee7,2026-04-25 11:24:33.171667+00:00,hu,24.hu,24.hu,2026-04-25,Meghökkentő módszerrel próbál lelket verni a Spurs-játékosokba Roberto De Zerbi,https://24.hu/sport/foci/2026/04/25/tottenham-hotspur-roberto-de-zerbi-youtube-videok/
90f98574a4c259d333bafa5b67aefc636b9af7777b506568130e4eb0543e1a98,2026-04-25 10:28:06.109455+00:00,hu,24.hu,24.hu,2026-04-25,Hegedűs: A Tisza átalakítja a problémás alapítványt,https://24.hu/belfold/2026/04/25/tisza-bathhyany-gugyszer-alapitvany/
3289e65cd9ae0f1cac1f0161759d7f8c4d7b538336f344a477b69f3395a027fc,2026-04-25 10:26:58.635291+00:00,hu,24.hu,24.hu,2026-04-25,"Ötéves lett Samu, a Fővárosi Állatkert kiselefántja",https://24.hu/belfold/2026/04/25/samu-kiselefant-fovarosi-allatkert/
52f26a3c19eb8841690cba73173ae272caa3bf0b8fcfd4fdfcb804de08773b20,2026-04-25 09:33:15.176500+00:00,hu,24.hu,24.hu,2026-04-25,Itt kapják a legtöbb és legkevesebb nyugdíjat az idősek,https://24.hu/belfold/2026/04/25/legamgasabb-nyugdij-idosek-magyarorszag/
323c9cfc0e2da571ad17350778ce62e49d95333ca15c5b4b51f67e1722796e30,2026-04-25 09:32:59.056615+00:00,hu,24.hu,24.hu,2026-04-25,"Az enyhén nárcisztikus és paranoid parancsnokaink teljesítenek a legjobban"" – élő közvetítésben figyeltük a kupjanszki csatát",https://24.hu/kulfold/2026/04/25/haboru-kupjanszk-parancsnoki-bunker-riport/
f86e79f6aa29c00a07e3928cb67874ee54a58fd181e37d70235d1dbcc76f9855,2026-04-25 09:32:16.989912+00:00,hu,24.hu,24.hu,2026-04-25,"Arbeloa a Real Madrid pontvesztése után: Érteni kéne a futballt, de ebben komoly problémák vannak a döntéshozókkal",https://24.hu/sport/foci/2026/04/25/la-liga-betis-real-madrid-alvaro-arbeloa-nyilatkozat/
538281da620e02288d064b373092b8a0ef1da79e6595b5831d494a48f8ad9acb,2026-04-25 09:22:29.649868+00:00,hu,24.hu,24.hu,2026-04-25,"Ötmilliárd forint kulturális támogatást szórtak ki az utolsó pillanatban, a függetlenek semmit, Tiborcz és Vidnyánszky körei milliókat kaptak",https://24.hu/kultura/2026/04/25/otmilliard-forint-kulturalis-tamogatast-szortak-ki-az-utolso-pillanatban-a-fuggetlenek-semmit-tiborcz-es-vidnyanszky-korei-milliokat-kaptak/
b54adbad982421b3b19b3c0fbbc17ac7a8e520a624c4beeecad17581457bc57c,2026-04-25 09:22:21.310024+00:00,hu,24.hu,24.hu,2026-04-25,"Tizenegy gyereknek igen, huszonkettőnek nem – mi alapján hoz döntéseket az egyedi gyógyszerkérelmeket elbíráló alapítvány?",https://24.hu/belfold/2026/04/25/gyogyszerkerelmek-bsla-batthyany-alapitvany-duchenne-szindroma/
1a4d75b1d065965dda5ed9c3358519baab12d92303c4e448ee5a16fa473dca5b,2026-04-25 09:22:15.071405+00:00,hu,24.hu,24.hu,2026-04-25,"Négy kocsi ütközött az M7-esen, kilométeres a dugó",https://24.hu/belfold/2026/04/25/auto-m7-utkozes-dugo/
84e45be5583824a4b7baa6d9f626c7d0e322b6a704f2998b3c8143cca76e33ac,2026-04-25 09:21:26.012612+00:00,hu,24.hu,24.hu,2026-04-25,Hirdetésektől a lombszívó gépen át a frizbipályáig – közzétette kampányelszámolását a Kétfarkú Kutya Párt,https://24.hu/belfold/2026/04/25/ketfarku-kutya-part-kampany-koltes/
90edcd1d61974cec5c48cfdeababa576dba3415f7cde948025a6f59945c21174,2026-04-25 08:31:41.876178+00:00,hu,24.hu,24.hu,2026-04-25,"Az ember, aki a pisilő szobrot öltözteti",https://24.hu/kulfold/2026/04/25/pisilo-szobor-manneken-pis-brusszel-dw/
5db9d1d753ad29eed869744fb85463f59f97964c68dd56ff47868e56ee6a6f22,2026-04-25 08:31:33.882025+00:00,hu,24.hu,24.hu,2026-04-25,"Orbán óriási megtiszteltetésnek tartja, hogy miniszterelnök-helyettes is lesz",https://24.hu/belfold/2026/04/25/orban-tisza-magyar-helyettes/
0de16a21a959972e0448e321d6a85d52c8841883fb7af33ffe28e1b215888d24,2026-04-25 08:24:22.554771+00:00,hu,24.hu,24.hu,2026-04-25,"Így szórta el a vagyonát Fekete Pákó: „Csak a buli és a haverok számítottak, nem tanultam meg kezelni a pénzt”",https://24.hu/szorakozas/2026/04/25/fekete-pako-penz-vagyon-elszoras/
ecf15ed87fa66e15d934f7e589f9b897bea2efc0e63bbbb878b63c21859a33c1,2026-04-25 08:23:21.722976+00:00,hu,24.hu,24.hu,2026-04-25,"Még mindig életben van Michael Jackson csimpánza, Bubbles",https://24.hu/szorakozas/2026/04/25/michael-jackson-csimpanz-bubbles/
6a38d43100010bac46e5dbcb8c7c6c9cfe656893360d9a7c1f9b3fd6e4625189,2026-04-25 08:23:03.250272+00:00,hu,24.hu,24.hu,2026-04-25,Pályacsúcsot futott a Balaton körül egy magyar versenyző,https://24.hu/sport/2026/04/25/ultrabalaton-palyacsucs-bodis-tamas/
bc12b7e8ae778378be7d7b3c21506da98952871cd463a535f17dbc240db0c915,2026-04-25 08:22:58.274198+00:00,hu,24.hu,24.hu,2026-04-25,Elefántok tapostak halálra egy amerikai milliomost antilopvadászat közben,https://24.hu/kulfold/2026/04/25/elefantok-halalratapostak-milliomos-vadaszat/
8ba093c5051081f5b35060537f697e6f0b3a89ab2e81c171eb89c9ee94127547,2026-04-25 08:22:46.428229+00:00,hu,24.hu,24.hu,2026-04-25,"Nem bírta feldolgozni fia elvesztését, egy svájci eutanáziaklinikán vetett véget életének egy brit nő",https://24.hu/kulfold/2026/04/25/eutanazia-svajc-gyasz-anglia/
fc4c707bdeb4a8f617b71574ad1ef1a7c26b2fce0b84a2c6a7f0f9e8c4217d45,2026-04-25 08:22:38.733593+00:00,hu,24.hu,24.hu,2026-04-25,"Az USA szerint tárgyalnak Iránnal a háború befejezéséről Iszlámábádban, Pakisztán szerint viszont nem",https://24.hu/kulfold/2026/04/25/usa-iran-haboru-targyalas/
6c6dedacd5289f8776e3ec427a5b49b8f2240b0a7edfa265d3f67ee3686bc0d5,2026-04-25 08:22:33.689256+00:00,hu,24.hu,24.hu,2026-04-25,24/7: Rendkívül gyanúsan szaporodnak a szakminiszterek,https://24.hu/belfold/2026/04/25/24per7-ruff-balint-vitezy-david-lannert-judit/
3bffc922b583056fac7cc52041ea2cb11b33909efb2bc4403dae2c5dd86bb7e7,2026-04-25 08:21:48.657123+00:00,hu,24.hu,24.hu,2026-04-25,Orbán Anita Magyar miniszterelnök-helyettese is lesz,https://24.hu/belfold/2026/04/25/orban-anita-magyar-peter-miniszterelnok-helyettese-is-lesz-a-tisza-kormanyban/
c5759cedc349f785f9d5e6f2cab1fc814f9f82e151878c1032f8160723480160,2026-04-25 08:21:23.724927+00:00,hu,24.hu,24.hu,2026-04-25,"Török Gábor: Túlzásnak érzem, hogy Orbán az új Gyurcsány",https://24.hu/belfold/2026/04/25/torok-gabor-valasztas-2026-fidesz-orban-viktor-uj-kormany/
41e4ae0932568443a484d3415eda81e6ae516de12e99dd7649631b8ed46f11b3,2026-04-25 07:33:48.354456+00:00,hu,444.hu,444.hu,2026-04-25,"Trump elküldi tárgyalni a vejét Pakisztánba, de az irániak csak közvetítőkön keresztül hajlandók érintkezni vele",https://444.hu/2026/04/25/trump-elkuldi-targyalni-a-vejet-pakisztanba-de-az-iraniak-csak-kozvetitokon-keresztul-hajlandok-erintkezni-vele?utm_source=rss_feed&utm_medium=rss&utm_campaign=rss_syndication
6a954466defdfaa4fa8de031a14c1acc28dd3ad8ad93cba51e74862d2d20755a,2026-04-25 07:33:20.169403+00:00,hu,444.hu,444.hu,2026-04-25,"Hétvégi olvasnivalók a NER végnapjairól, technofasizmusról és mogyorófejű rettegőkről",https://444.hu/2026/04/25/hetvegi-olvasnivalok-a-ner-vegnapjairol-technofasizmusrol-es-mogyorofeju-rettegokrol?utm_source=rss_feed&utm_medium=rss&utm_campaign=rss_syndication
9163dbfa0512d2de1a62941070f8da87bbf544d4b4de02be435ec22db597e013,2026-04-25 07:33:14.967237+00:00,hu,444.hu,444.hu,2026-04-25,Évtizedekig veszélyeztethetik a gázai újjáépítést és kiemelten a gyerekek életét az eddig fel nem robbant lövedékek,https://444.hu/2026/04/25/evtizedekig-veszelyeztethetik-a-gazai-ujjaepitest-es-kiemelten-a-gyerekek-elet-az-eddig-fel-nem-robbant-lovedekek?utm_source=rss_feed&utm_medium=rss&utm_campaign=rss_syndication
81061193e7602f4818a004994ed9ac7ee01097eab7ceb7df97182f837c9f4833,2026-04-25 07:33:06.648757+00:00,hu,444.hu,444.hu,2026-04-25,"A választások előtt még gyorsan, csendben kiosztott egy adag pénzt a kormány a haveri színházaknak",https://444.hu/2026/04/25/a-valasztasok-elott-meg-gyorsan-csendben-kiosztott-egy-adag-penzt-a-kormany-a-haveri-szinhazaknak?utm_source=rss_feed&utm_medium=rss&utm_campaign=rss_syndication
481659f0ea6f4368682b0ba9831592dfc80dbb0ebd0c9d592c6d900831ce8302,2026-04-25 07:32:24.697816+00:00,hu,444.hu,444.hu,2026-04-25,Semjén Zsolt utódja: Orbán Anita lesz a miniszterelnök-helyettes,https://444.hu/2026/04/25/semjen-zsolt-utodja-orban-anita-lesz-a-miniszterelnok-helyettes?utm_source=rss_feed&utm_medium=rss&utm_campaign=rss_syndication
7bb86996d0803f4c987c5f27ac816632e83e96ddd66e0c3d571784b056b3671c,2026-04-25 06:40:02.096046+00:00,hu,24.hu,24.hu,2026-04-25,"Fiatalosabb, mint valaha: új fotó készült a 89 éves Jack Nicholsonról",https://24.hu/szorakozas/2026/04/25/jack-nicholson-friss-foto/
5c51d80f4285a157c23f2cfa3a0632a2ee7a2d0251b3bbea8bad55b046ca70c3,2026-04-25 06:38:44.654708+00:00,hu,24.hu,24.hu,2026-04-25,Trumpék a kivégzőosztag általi halálbüntetések visszavezetését sürgetik,https://24.hu/kulfold/2026/04/25/donald-trump-halalbuntetes-kivegzoosztag/
774198856952b1aa6046ac94b3c80018397e917292c01ca8a059667a268b55be,2026-04-25 06:38:39.409565+00:00,hu,24.hu,24.hu,2026-04-25,Egy fideszes exminiszter és MCC-s vezető sem akar beülni a Richter igazgatóságába,https://24.hu/belfold/2026/04/25/fidesz-mcc-richter-igazgatosag/
be1298cf05bdea609c17a7998da2d5da24ab2ab84bc6c19426e0e6847824a21a,2026-04-25 06:21:10.305601+00:00,hu,24.hu,24.hu,2026-04-25,"Szatyorban raktak ki négy kutyakölyköt, terápiás kutya lehet belőlük",https://24.hu/belfold/2026/04/25/kirakott-kiskutyak-allatvedok-terapias/
bf7a72886bdbb738dd0b3f8da25d9e6e5762ca0d3d2156611d18064db565591a,2026-04-25 06:21:04.531143+00:00,hu,24.hu,24.hu,2026-04-25,Unokatestvére mérgezhette meg a fiatal magyar királyt,https://24.hu/tudomany/2026/04/25/i-geza-halala-mergezes/
85453e6fb06728d740960540575873df7f2a7599a4968a28daa00ac9f0c70060,2026-04-25 06:20:59.528327+00:00,hu,24.hu,24.hu,2026-04-25,"Nyárias lesz a szombat, szeles a vasárnap",https://24.hu/belfold/2026/04/25/idojaras-hetvege-napsutes-szel/
aaeab3c47c8bc4738e3dff1ef39f5df7af0d6dda14823f8ed4e64e4977afdf7d,2026-04-25 06:20:53.763067+00:00,hu,24.hu,24.hu,2026-04-25,"2,5 milliós kistáskát villantva tükörszelfizett Buzsik Borka",https://24.hu/szorakozas/2026/04/25/buzsik-borka-szoboszlai-dominik-taska-luxus/
889876adc99c85eac712ec897864da2c5335c906d542d239dc0ee946120bae1f,2026-04-25 06:20:48.673302+00:00,hu,24.hu,24.hu,2026-04-25,"Kvíz: sportolók a filmvásznon, mindenkit ismersz?",https://24.hu/sport/2026/04/25/kviz-sportolok-a-filmvasznon/
701b92a6112b4cf63608973dbd2ec7a21f055c9ea5918fd789562586d536171d,2026-04-25 06:20:43.749707+00:00,hu,24.hu,24.hu,2026-04-25,Brutális Európába lép be a Tisza-kormány,https://24.hu/kulfold/2026/04/25/eu-tisza-feladatok-europa-penzek-vedelem/
5c5a7188dfd858a37baa71071105ea0fe20874442288fa49f7f38f8677064d89,2026-04-25 06:20:38.634615+00:00,hu,24.hu,24.hu,2026-04-25,"Ebben a kvízben csak virágokat kell felismerni képek alapján, de most nehezítettünk – II. felvonás",https://24.hu/szorakozas/2026/04/25/kviz-viragok-foto-felismeres-folytatas/
5dc0db1e09d73e276260902c5e25140144d9c06eb5c79fe8f3815ab82bc6d87c,2026-04-25 06:20:33.156056+00:00,hu,24.hu,24.hu,2026-04-25,"Kétszer is megbüntették ittas vezetésért, pedig sosem szokott alkoholt inni",https://24.hu/szorakozas/2026/04/25/ittas-vezetes-belfermentacios-szindroma/
d1d2979942645bbfcb1c18ef1508801edeb037e14db09cc4ae7f490649528fdb,2026-04-25 05:34:46.102025+00:00,hu,444.hu,444.hu,2026-04-25,"Megtrollkodta a 444-et a MÁV, mielőtt közölte volna, hogy nem adja ki a Budapest–Belgrád vasútvonal ellenőrzési dokumentumait",https://444.hu/2026/04/25/megtrollkodta-a-444-et-a-mav-mielott-kozolte-volna-hogy-nem-adja-ki-a-budapestbelgrad-vasutvonal-ellenorzesi-dokumentumait?utm_source=rss_feed&utm_medium=rss&utm_campaign=rss_syndication
09c285ce255c0ba992f02acfcf2803ee59a1b519f84488f840cbcf6445ef878a,2026-04-25 04:19:29.942778+00:00,hu,24.hu,24.hu,2026-04-25,Kvíz gasztro szakértőknek: mind a 10 konyhai eszközt felismered?,https://24.hu/szorakozas/2026/04/25/gasztro-kviz-konyhai-eszkozok/
98f88513f1bd9316bed3f200c3ce2eb96d3f0c194c5e5951af9d7237b2e2b26c,2026-04-25 04:18:47.756025+00:00,hu,24.hu,24.hu,2026-04-25,Furcsa szokást figyeltek meg a gyorskaján élő gibraltári makákóknál,https://24.hu/tudomany/2026/04/25/gibraltar-makako-turista-gyorskaja-megoldas/
ecbfc165628e357ea845c25c499e292db4309f19c9a0d7237227df9d2021d3f6,2026-04-25 04:18:12.988651+00:00,hu,24.hu,24.hu,2026-04-25,19 méteres óriáspolipokat fedeztek fel Japánban,https://24.hu/tudomany/2026/04/25/kraken-oriaspolipok-felfedezese-oslenytan/
637926824fc2ecbd7f6ea10562304ade6ab36015a981e655636929fde3d766fb,2026-04-25 04:17:42.755892+00:00,hu,24.hu,24.hu,2026-04-25,"Őrülten nagy KO a Premier League-ben, ilyen kezdésre aligha számított bárki",https://24.hu/sport/foci/2026/04/25/sunderland-nottingham-forest-premier-league/
284631a49def9fe40ebaefb0a90365d886fb4934ff9bffe72d77c553729300ff,2026-04-25 04:17:38.461678+00:00,hu,24.hu,24.hu,2026-04-25,"A jövőnk foroghat kockán"" – hamarosan megjelenhet az evolúció a mesterséges intelligenciánál",https://24.hu/tech/2026/04/25/evolucio-mesterseges-intelligencia-veszely/
d76d2c5e81dba6c77ad0f4e063b6f3ef9393afab661c77608697f4fd639256e1,2026-04-25 01:25:15.145145+00:00,hu,444.hu,444.hu,2026-04-24,Elfogatóparancs alapján körözik a szegedi Fidesz elnökét,https://444.hu/2026/04/24/elfogatoparancs-alapjan-korozik-a-szegedi-fidesz-elnoket?utm_source=rss_feed&utm_medium=rss&utm_campaign=rss_syndication
2d769b3af10236a7f2cb9d56d74489f0da0214aca1e33f4faafe92a04ab6b06a,2026-04-24 22:27:37.642639+00:00,hu,24.hu,24.hu,2026-04-24,"Real-blama a bajnokságban: kézben volt a meccs, mégsem lett meg a győzelem",https://24.hu/sport/foci/2026/04/24/betis-real-madrid-laliga/
afe487c22522a063f29c2639b920bf8da76621653e90e1df2b5fac7f1732e3db,2026-04-24 21:40:43.358066+00:00,hu,24.hu,24.hu,2026-04-24,"Nagy Ervin úgy tudja, hogy taxival vitték el az iváncsai akkugyárban kitört tűz sérültjeit",https://24.hu/belfold/2026/04/24/nagy-ivancsa-akkumulator-tuz/
4c72e43042b451d754b314a4f7cb586388b72baec308278560d1345230f74c5e,2026-04-24 21:40:21.559596+00:00,hu,24.hu,24.hu,2026-04-24,Schäfer csapata sorra nyeli a gyomrosokat és még mindig nem lehet nyugodt,https://24.hu/sport/foci/2026/04/24/rb-leipzig-union-berlin-bundesliga-schafer-andras-willi-orban/
9efb1ae0e5c0c2e9c5dc92a7987d8c273321707825f6f27567f5278f7736df15,2026-04-24 20:35:04.156058+00:00,hu,24.hu,24.hu,2026-04-24,200 métert zuhant és meghalt egy turista a Magas-Tátrában,https://24.hu/kulfold/2026/04/24/magas-tatra-baleset-halal/
673353c26c856816fba0a1d74f9029df3bb463de02e038e0c444646047be630f,2026-04-24 20:34:59.105231+00:00,hu,24.hu,24.hu,2026-04-24,"Bukása után térdsérüléssel kezelték, napokkal később meghalt a kerékpárversenyző",https://24.hu/sport/2026/04/24/bukasa-utan-terdserulessel-kezeltek-napokkal-kesobb-meghalt-a-kerekparversenyzo/
528131a2fe5dd041e5177975b89415849b3cc79d4f956a2fabce09a2249a001e,2026-04-24 20:18:47.908226+00:00,hu,24.hu,24.hu,2026-04-24,89 órára leáll a debreceni repülőtér forgalma,https://24.hu/belfold/2026/04/24/debreceni-repuloter-forgalom-leallas/
6b0045c12a3209875cbf4be1df194e98861016c1e6a0b5ef128ff84825c744b0,2026-04-24 19:42:19.558058+00:00,hu,24.hu,24.hu,2026-04-24,Szívszaggató magyar dráma az Eb bronzmeccsén,https://24.hu/sport/2026/04/24/birkozo-eb-bronzmeccs-pok-karolina-buse-tosun-magyar-drama/
fced47e9989fc56463581274b82385c1ba4787ed1a4533a5977c04c8cbb942fd,2026-04-24 19:41:37.593064+00:00,hu,24.hu,24.hu,2026-04-24,"Benne van a génjeinkben a filmkészítés vágya"" – filmeseket kérdeztünk az állami támogatás megújításáról",https://24.hu/kultura/2026/04/24/magyar-filmszakma-nemzeti-filmintezet-muhi-andras-deak-daniel/
8a1ee9aee01db0fab685e3c99992cad8c463d5ae7fa0b1fcf62a3c9055aee68e,2026-04-24 19:40:45.820345+00:00,hu,444.hu,444.hu,2026-04-24,"Elefántok tapostak halálra egy amerikai milliomost, aki antilopra vadászott",https://444.hu/2026/04/24/elefantok-tapostak-halalra-egy-amerikai-milliomost-aki-antilopra-vadaszott?utm_source=rss_feed&utm_medium=rss&utm_campaign=rss_syndication
0d183c2df6a985656feb268d2c0212631132e8b3c79c2e9b1aa050bf4b2561c9,2026-04-24 19:40:40.812610+00:00,hu,444.hu,444.hu,2026-04-24,Navracsics Tibor szerint Magyar Péter NER-esebb nála,https://444.hu/2026/04/24/navracsics-tibor-szerint-magyar-peter-ner-esebb-nala?utm_source=rss_feed&utm_medium=rss&utm_campaign=rss_syndication
34b3a2233a157796f837dda952cba2350811629612689429364756f3b5ca03dd,2026-04-24 19:40:36.701555+00:00,hu,444.hu,444.hu,2026-04-24,Szombathely és Bozsok mellett Kőszegre is juthatott az azbeszttel szennyezett kőzúzalékból,https://444.hu/2026/04/24/szombathely-es-bozsok-mellett-koszegre-is-juthatott-abbol-az-azbeszttel-szennyezett-kozuzalekbol?utm_source=rss_feed&utm_medium=rss&utm_campaign=rss_syndication
6997191e74d2cce659ba3d942e391db4cde0da963f250418ad3f2436f31235f9,2026-04-24 19:40:30.695534+00:00,hu,444.hu,444.hu,2026-04-24,Ruszin-Szendi Romulusz mindenre kiterjedő vizsgálatot ígér a honvédségnél,https://444.hu/2026/04/24/ruszin-szendi-romulusz-mindenre-kiterjedo-vizsgalatot-iger-a-honvedsegnel?utm_source=rss_feed&utm_medium=rss&utm_campaign=rss_syndication
92d6c5bfae32952832fdda6503eb2dfbe85e14a76d74cefcaa7f401751fc9cd4,2026-04-24 19:40:26.220820+00:00,hu,444.hu,444.hu,2026-04-24,Kikértük Rogánéktól Orbán oroszlános győzelmi tervét,https://444.hu/2026/04/24/kikertuk-roganektol-orban-oroszlanos-gyozelmi-tervet?utm_source=rss_feed&utm_medium=rss&utm_campaign=rss_syndication
5846f435edbed860ad74485eb916229f966b1b6e7193f861ebd0c3bfd3721257,2026-04-24 19:40:20.853522+00:00,hu,444.hu,444.hu,2026-04-24,"Német politikusok és újságírók Signal üzeneteihez férhettek hozzá adathalász módszerrel, kémkedés miatt nyomoz az ügyészség",https://444.hu/2026/04/24/nemet-politikusok-es-ujsagirok-signal-uzeneteihez-ferhettek-hozza-adathalasz-modszerrel-kemkedes-miatt-nyomoz-az-ugyeszseg?utm_source=rss_feed&utm_medium=rss&utm_campaign=rss_syndication
b5cb16d4be20168510fe8ba9409c8149230ac681ff1dc6cb261b96ee6a3935d4,2026-04-24 19:40:15.740564+00:00,hu,444.hu,444.hu,2026-04-24,"Semjén benyújtotta a lemondását, de nem fogadták el",https://444.hu/2026/04/24/semjen-benyujtotta-a-lemondasat-de-nem-fogadtak-el?utm_source=rss_feed&utm_medium=rss&utm_campaign=rss_syndication
86b0c77e02ca1fe188705fcdacf920986786703c3e2cd61f978f4a6b4f7d6990,2026-04-24 19:40:10.956783+00:00,hu,444.hu,444.hu,2026-04-24,"Az iráni háború miatt alumíniumellátási zavarok fenyegetik Európát, a helyzet legnagyobb nyertese Kína",https://444.hu/2026/04/24/az-irani-haboru-miatt-aluminiumellatasi-zavarok-fenyegetik-europat-a-helyzet-legnagyobb-nyertese-kina?utm_source=rss_feed&utm_medium=rss&utm_campaign=rss_syndication
6ea387d49af0b24497be4346eb1076371d2cffc4ac873edc26739e329e89681e,2026-04-24 19:40:07.454580+00:00,hu,444.hu,444.hu,2026-04-24,Egy hónappal a választás után Orbán Viktor szövetségese nekiveselkedik a kormányalakításnak Szlovéniában,https://444.hu/2026/04/24/egy-honappal-a-valasztas-utan-orban-viktor-szovetsegese-nekiveselkedik-a-kormanyalakitasnak-szloveniaban?utm_source=rss_feed&utm_medium=rss&utm_campaign=rss_syndication
68e0eb3855c3fdcb053766d5beecc13fe30e8598751211b362477c2f534e5193,2026-04-24 19:40:00.679518+00:00,hu,444.hu,444.hu,2026-04-24,"Bejelentették az oktatásügyi minisztert, Orbán Balázs máris a józan ész melletti kiállást sürgeti",https://444.hu/2026/04/24/bejelentettek-az-oktatasugyi-minisztert-orban-balazs-maris-a-jozan-esz-melletti-kiallast-surgeti?utm_source=rss_feed&utm_medium=rss&utm_campaign=rss_syndication
988361a488984307071368a7e4ae89f1c766c09f9306953bff5fe1d415ebd29b,2026-04-24 19:39:55.601267+00:00,hu,444.hu,444.hu,2026-04-24,"Takács Péter hergelésről, nyolcmilliárdról és arról is beszélt, felkészítette gyerekeit arra, hogy „apáért éjszaka lehet, hogy jönnek a rendőrök”",https://444.hu/2026/04/24/takacs-peter-hergelesrol-nyolcmilliardrol-es-arrol-is-beszelt-felkeszitette-gyerekeit-arra-hogy-apaert-ejszaka-lehet-hogy-jonnek-a-rendorok?utm_source=rss_feed&utm_medium=rss&utm_campaign=rss_syndication
ad15c4c853407517a281b18f30cc27a776786579f7c1a6b794ebb019bf3685c9,2026-04-24 19:39:50.833082+00:00,hu,444.hu,444.hu,2026-04-24,A 6000 milliárdos EU-s védelmi hitelből valószínűleg már nem jut a NER-nek,https://444.hu/2026/04/24/a-6000-milliardos-eu-s-vedelmi-hitelbol-valoszinuleg-mar-nem-jut-a-ner-nek?utm_source=rss_feed&utm_medium=rss&utm_campaign=rss_syndication
324433674e57ff759dd837c8f235fb11529197b4529a87dab7dbbd9fe78cdb38,2026-04-24 19:39:45.894937+00:00,hu,444.hu,444.hu,2026-04-24,Orbán Krisztián: Most magunknak harcoltuk ki a rendszerváltást,https://444.hu/2026/04/24/orban-krisztian-most-magunknak-harcoltuk-ki-a-rendszervaltast?utm_source=rss_feed&utm_medium=rss&utm_campaign=rss_syndication
fe4ee8dc262e5c6e123c15582c855dee6ebb6161446b0e028e6cfaa086c582f0,2026-04-24 19:39:40.631270+00:00,hu,444.hu,444.hu,2026-04-24,"Miután az USA állítólag Spanyolország NATO-tagságának felfüggesztését fontolgatja, a NATO közölte, nincs rendelkezés tagállamok kizárására",https://444.hu/2026/04/24/miutan-az-usa-allitolag-spanyolorszag-nato-tagsaganak-felfuggeszteset-fontolgatja-a-nato-kozolte-nincs-rendelkezes-tagallamok-kizarasara?utm_source=rss_feed&utm_medium=rss&utm_campaign=rss_syndication
1f62d8182d8044929dc52e8405881c72f0a5c6c19ab34cf506f39c42b3bbd8ea,2026-04-24 19:39:35.615760+00:00,hu,444.hu,444.hu,2026-04-24,Lannert Judit lesz a Tisza gyermek- és oktatásügyi minisztere,https://444.hu/2026/04/24/lannert-judit-a-tisza-gyermek-es-oktatasugyi-minisztere?utm_source=rss_feed&utm_medium=rss&utm_campaign=rss_syndication
058ffd2ac8469e5e23a48d5f3b0ed29ba9e149cbcbfdabc9ce09118a1a72b63d,2026-04-24 19:39:30.605587+00:00,hu,444.hu,444.hu,2026-04-24,A leendő egészségügyi minisztérium részvételével külön vizsgálják majd a koronavírus-járvány alatti közbeszerzéseket,https://444.hu/2026/04/24/a-leendo-egeszsegugyi-miniszterium-reszvetelevel-kulon-vizsgaljak-majd-a-koronavirus-jarvany-alatti-kozbeszerzeseket?utm_source=rss_feed&utm_medium=rss&utm_campaign=rss_syndication
7e57a58e5b519f752fd7dc2fb462d2b3a00b70ae60880e92900870996016e1f0,2026-04-24 19:39:25.606863+00:00,hu,444.hu,444.hu,2026-04-24,A Tanítanék Mozgalom nagyon örül az új oktatási miniszternek,https://444.hu/2026/04/24/a-tanitanek-mozgalom-nagyon-orul-az-uj-oktatasi-miniszternek?utm_source=rss_feed&utm_medium=rss&utm_campaign=rss_syndication
75eb9995f4b6182a98a982d5e96135d7a2139a5e671e15f12954e9f049817f7e,2026-04-24 19:39:20.635292+00:00,hu,444.hu,444.hu,2026-04-24,"Nagy Ervin úgy tudja, taxival mentek kórházba a sérültek az iváncsai akkumulátorgyárban keletkezett tűz után",https://444.hu/2026/04/24/nagy-ervin-ugy-tudja-taxival-mentek-korhazba-a-serultek-az-ivancsai-akkumulatorgyarban-keletkezett-tuz-utan?utm_source=rss_feed&utm_medium=rss&utm_campaign=rss_syndication
3843f8c119b661f26418198dac8aac5347a28c696a2d98fecb21905539b4c126,2026-04-24 19:39:15.896369+00:00,hu,444.hu,444.hu,2026-04-24,Gulyás Gergely a tőle megszokott kormányinfós stílusban mondott véleményt Ruff Bálintról,https://444.hu/2026/04/24/gulyas-gergely-a-tole-megszokott-kormanyinfos-stilusban-mondott-velemenyt-ruff-balintrol?utm_source=rss_feed&utm_medium=rss&utm_campaign=rss_syndication
5875e8c6bba61c8d4b763688d8d0c1026ee00cc079f77996afde50de8e69c099,2026-04-24 19:39:12.498726+00:00,hu,444.hu,444.hu,2026-04-24,"Letartóztatás a nepáli munkaerő-kölcsönzéses ügyben, aminek a főszereplői üzleti kapcsolatban álltak Orbán Áronnal",https://444.hu/2026/04/24/letartoztatas-a-nepali-munkaero-kolcsonzeses-ugyben-aminek-a-foszereploi-uzleti-kapcsolatban-alltak-orban-aronnal?utm_source=rss_feed&utm_medium=rss&utm_campaign=rss_syndication
a8ba87ffac2f5271708c757550fcaf6b12ca031a08163b9f303079c71e7f5b6c,2026-04-24 19:39:05.632103+00:00,hu,444.hu,444.hu,2026-04-24,"Kirúgtak egy magas rangú ukrán katonatisztet, miután súlyosan alultáplált katonákról jelentek meg képek",https://444.hu/2026/04/24/kirugtak-egy-magas-rangu-ukran-katonatisztet-miutan-sulyosan-alultaplalt-katonakrol-jelentek-meg-kepek?utm_source=rss_feed&utm_medium=rss&utm_campaign=rss_syndication
89c63db6d40d9f199e4df867ab761f97cb7e86e27b6b116e4626ee7582af7a30,2026-04-24 19:38:49.747835+00:00,hu,444.hu,444.hu,2026-04-24,Bódis Kriszta Ruff Bálint minisztériumában kap feladatot az új kormányban,https://444.hu/2026/04/24/bodis-kriszta-ruff-balint-miniszteriumaban-kap-feladatot-az-uj-kormanyban?utm_source=rss_feed&utm_medium=rss&utm_campaign=rss_syndication
7c9f3a9b3b1f02a2e0bda6a465951f8dc68ad4fb68cf6ad964a5cabd675135ec,2026-04-24 19:37:53.911329+00:00,hu,24.hu,24.hu,2026-04-24,Elfogatóparancsot adtak ki a szegedi Fidesz elnöke ellen,https://24.hu/belfold/2026/04/24/radi-feriz-elfogatoparancs/
1cbde6961674834f5e879a7b5d9de4e8cf1d41cd6c936dedcdb19b21b4b44759,2026-04-24 19:37:36.994298+00:00,hu,24.hu,24.hu,2026-04-24,"Semjén felajánlotta lemondását, de elutasították",https://24.hu/belfold/2026/04/24/semjen-kdnp-lemondas-elutasitas/
d059ba502288ec5f20c427b3f6f8d2bbf45b43d484718b86055e4e8a077b0088,2026-04-24 19:37:19.442412+00:00,hu,24.hu,24.hu,2026-04-24,Orosz vadászgépeket fogtak el a lengyelek a Balti-tenger felett,https://24.hu/kulfold/2026/04/24/oroszorszag-vadaszgep-lengyelorszag-nato/
b6c6f6af910b7d83091e9ca580ce481accbda9182cb4387659d822744ec5f60d,2026-04-24 19:37:14.067021+00:00,hu,24.hu,24.hu,2026-04-24,"Nagyot szólna: Olaszországban arról írnak, Guardiola lehet a következő kapitány",https://24.hu/sport/foci/2026/04/24/pep-guardiola-manchester-city-olasz-valogatott/
6bd0473051bc713f467ab1885132fe7baf8e39511d1653db7172dcb03a87402a,2026-04-24 18:37:43.389009+00:00,hu,24.hu,24.hu,2026-04-24,A Tanítanék és a PDSZ örül az oktatási miniszternek,https://24.hu/belfold/2026/04/24/oktatas-miniszter-lannert-pdsz/
92fadac19eda6681c3cb164c607a39e6e28670e87952f5af855f5c44146bb458,2026-04-24 18:36:59.654847+00:00,hu,24.hu,24.hu,2026-04-24,Farkasházy Tivadar: Bocsánatot kérnék Majkától,https://24.hu/szorakozas/2026/04/24/farkashazy-tivadar-heti-hetes-majka-bocsanatkeres/
293b0621f92d1a59b2e82c187ecbdce30d2a201fcdf5d6f38ca02cef16de8162,2026-04-24 18:36:53.720594+00:00,hu,24.hu,24.hu,2026-04-24,"Olyan lépésre készül Elon Musk, ami a Föld első billiomosává teheti",https://24.hu/tech/2026/04/24/elon-musk-spacex-ipo-trilliardos/
55bfeffbaa4ffea8d2ceaf561a3e110874e3d387e2c3844a5916b64425dd9635,2026-04-24 18:36:21.883052+00:00,hu,24.hu,24.hu,2026-04-24,"Nem tudom, mentálisan lettem ennyivel erősebb, vagy annyit híztam"" – Betlehem Dávid viccelődött a vk-aranya után",https://24.hu/sport/2026/04/24/betlehem-david-nyiltvizi-uszas-vk-gyozelem-ibiza/
6b6bde1aa1c5349234513a956aae39c06d71d1befce1a297a3a893af567c1278,2026-04-24 18:35:53.835993+00:00,hu,24.hu,24.hu,2026-04-24,ING: reális cél a 350 forintos euróárfolyam az év közepére,https://24.hu/fn/gazdasag/2026/04/24/ing-forint-euro-arfolyam-elemzes/
be7f78fcb5ca0e631374cfb251fb564f4174d02458458fdb5bfc77e1298c14d6,2026-04-24 18:31:30.757891+00:00,hu,atlatszo.hu,atlatszo.hu,2026-04-24,"Ezzel már nem fognak kampányolni: 5,7 milliárdért kapnak élelmiszercsomagokat a rászorulók",https://atlatszo.hu/kozpenz/2026/04/24/ezzel-mar-nem-fognak-kampanyolni-57-milliardert-kapnak-elelmiszercsomagokat-a-raszorulok/
94370baca79c5dbc1fef8dfea98d7249af023b36aef2f163e7fffb17f0fdf785,2026-04-24 18:30:48.760117+00:00,hu,atlatszo.hu,atlatszo.hu,2026-04-24,A választási eredmény kevésbé nyilvánvaló tanulságairól: ez egy fenntarthatatlan választási rendszer,https://atlatszo.hu/adat/2026/04/24/a-valasztasi-eredmeny-kevesbe-nyilvanvalo-tanulsagairol-ez-egy-fenntarthatatlan-valasztasi-rendszer/
090dce30fc814a2f43312068747af6486fe6ad3442497958bdf0497bd09910cd,2026-04-24 18:30:33.895282+00:00,hu,atlatszo.hu,atlatszo.hu,2026-04-24,"Összedőlt, aztán süllyedt el – Spórolás ilyen sokba még nem került a MÁV-nak",https://atlatszo.hu/orszagszerte/2026/04/24/osszedolt-aztan-sullyedt-el-sporolas-ilyen-sokba-meg-nem-kerult-a-mav-nak/
2b8738a503287a428b0f91013a8b33c1b645fc9c33149e7c443f8b917e8337a4,2026-04-24 18:30:15.919805+00:00,hu,atlatszo.hu,atlatszo.hu,2026-04-24,"Matolcsy György szerint ő ártatlan, Tiborcz István a Tisza győzelmére fogadott",https://atlatszo.hu/mutyimondo/2026/04/24/matolcsy-gyorgy-szerint-o-artatlan-tiborcz-istvan-a-tisza-gyozelmere-fogadott/
b4137c0a47e11541733294a4d9fdc52bc47e646668643cfd3f4a6a1c55259d1f,2026-04-24 18:30:03.373840+00:00,hu,atlatszo.hu,atlatszo.hu,2026-04-24,"Harc a nyelvért és az otthonérzetért – Agota Kristof, írónő a száműzetésben",https://atlatszo.hu/kult/2026/04/24/harc-a-nyelvert-es-az-otthonerzetert-agota-kristof-irono-a-szamuzetesben/
2368c2c2a69b10a530a582c64fb8483698000ca25da887a5d9ba267d821b3df7,2026-04-24 17:42:44.893591+00:00,hu,24.hu,24.hu,2026-04-24,"Kizárólag tehetségeket keresek, férjet már nem!"" – új Megasztár-ítészt leplezett le a TV2",https://24.hu/szorakozas/2026/04/24/megasztar-2026-zsuritag-puskas-dallos-bogi/
36cc039017c8fd4f2edcacc39b76a243dde5acf66e69617933888caf3c6f6b50,2026-04-24 17:42:10.398611+00:00,hu,24.hu,24.hu,2026-04-24,Gulyás Gergely: Egyet tudok Ruff Bálint javára írni,https://24.hu/belfold/2026/04/24/gulyas-gergely-valasztas-reakcio/
fb00be2e7819734260e26b82ee28ffcd52a6c4acf999c6980bcc927d6c98da8f,2026-04-24 17:41:13.964747+00:00,hu,24.hu,24.hu,2026-04-24,A Tisza-kormány alaposan meg fogja vizsgálni a Covid-járvány alatti közbeszerzéseket,https://24.hu/belfold/2026/04/24/tisza-covid-kozbeszerzes-egeszsegugy/
4337975a77bc3e26692a036fb0c98ef9f02b02e1b9f59fcc69494b3d780aa1fb,2026-04-24 17:41:04.549190+00:00,hu,24.hu,24.hu,2026-04-24,„Nehéz időszak ez számomra” – fájdalmas bejelentést tett Carlos Alcaraz,https://24.hu/sport/2026/04/24/carlos-alcaraz-serules-rroland-garros-visszalepes/
7390b9c638600d922204166b98eed42285e3fe2d55954c5b004ca048310dfc53,2026-04-24 17:35:24.755748+00:00,hu,24.hu,24.hu,2026-04-24,Milyen kormányt rak össze Magyar Péter?,https://24.hu/belfold/2026/04/24/podcast-haromharmad-tisza-kormany-miniszterek/
60bf6bb9aa3def016e222adf8be780a3080bff18a16c2ffdb045b3ccbedaa590,2026-04-24 16:38:43.315111+00:00,hu,24.hu,24.hu,2026-04-24,"Ez egy nagyon különleges helyzet"" – Szegeden nem kell, ám a válogatottban számol Gottfridssonnal a kapitány",https://24.hu/sport/2026/04/24/kezilabda-szeged-sved-valogatott-mi-van-jim-gottfridssonnal/
7dfcbf93bd0e96c951a04b500ca6d71404524b842931f439d1c772264eda7165,2026-04-24 16:37:16.411204+00:00,hu,24.hu,24.hu,2026-04-24,"Tömegbaleset volt az M3-ason Gödöllőnél, jelentős a torlódás",https://24.hu/belfold/2026/04/24/m3-as-autopalya-hat-auto-baleset/
9fa54909a8d89f676ec982fb30eaff57e84ed7b6b9a1c91b87471d5080dba4cb,2026-04-24 16:36:52.004816+00:00,hu,24.hu,24.hu,2026-04-24,Sosem látott felvételeket osztottak meg Lajos hercegről,https://24.hu/szorakozas/2026/04/24/lajos-herceg-sosem-latott-felvetelek/
ab2913a27d5067c55da9ddc8af66d5f93f4e249be256e5843d80cce124fa297d,2026-04-24 15:44:15.625279+00:00,hu,24.hu,24.hu,2026-04-24,Bódis Kriszta a társadalompolitikai koordinációért fog felelni Ruff Bálint minisztériumában,https://24.hu/belfold/2026/04/24/bodis-tisza-kormany-tarsadalompolitika/
206aa3e39c7cbbc2c291e8cbb4a473371b854886b41a290331af7bf68231b494,2026-04-24 15:43:06.935415+00:00,hu,24.hu,24.hu,2026-04-24,Vitézy Dávid: Két dilemmám volt,https://24.hu/belfold/2026/04/24/vitezy-david-miniszteri-jeloles/
a2228d95dd2a21c88a4707697a95b51e35774c890ee3d774e102a057a029f6b1,2026-04-24 15:24:18.457047+00:00,hu,24.hu,24.hu,2026-04-24,Donald Tusk az Orbán nélkül rendezett EU-csúcson: Évek óta először nem voltak oroszok a teremben,https://24.hu/kulfold/2026/04/24/eu-csucs-donald-tusk-oroszok-orban-viktor-nelkul/
b0cad8e1722b644dfde12156ca2e055f53b89ed1e116e7966545a9fa30f0f382,2026-04-24 15:23:25.522990+00:00,hu,24.hu,24.hu,2026-04-24,Nicole Kidman kórházba került új sorozata első forgatási napja után,https://24.hu/szorakozas/2026/04/24/nicole-kidman-forgatas-korhaz/
d1a272564716f64f022b07de01eb38dac0d07fab249906abdc39d86e51d99ba3,2026-04-24 14:42:10.129226+00:00,hu,24.hu,24.hu,2026-04-24,Lesújtott az UEFA a Viníciust homofób sértésekkel provokáló játékosra,https://24.hu/sport/foci/2026/04/24/gianluca-prestianni-rasszizmus-eltiltas-uefa-vinicius-jr/
75f8f41cbae91e0d55693672d2c9e00048d57e26953bb1f6be77ab4ca999c413,2026-04-24 14:41:50.012490+00:00,hu,24.hu,24.hu,2026-04-24,Lengyel Tamás: A Tisza Párt visszaröpít minket a sötét középkorból Nyugat-Európába,https://24.hu/kultura/2026/04/24/lengyel-tamas-katai-nemeth-vilmos-tisza/
3697be8b2bec07a2f7aec0efefb77d5998f85f50bcb8d26459af4f3914bd11b0,2026-04-24 14:41:30.395941+00:00,hu,24.hu,24.hu,2026-04-24,Teljesen megújulhat a csernobili atomerőmű környéke,https://24.hu/tech/2026/04/24/csernobil-megujulas-zoldenergia-uj-atomreaktor/
afa6e67eaea5a3c3a7119c9304a2705c44aab5521543ef063ea353cb63f8136d,2026-04-24 14:41:02.778818+00:00,hu,24.hu,24.hu,2026-04-24,"Elérték a céljukat"" – Szily Nóra sokat sírt a Magyar Péterrel készült interjúja után",https://24.hu/szorakozas/2026/04/24/szily-nora-magyar-peter-interju-kritikak-osszeomlas/
94d4ed72d53e26ddca5251dd9b78d0825d08f29777f695efb9dc0d41ff02c8df,2026-04-24 14:25:18.065921+00:00,hu,24.hu,24.hu,2026-04-24,Az űrhajósok agyát összezavarhatja a mikrogravitáció,https://24.hu/tudomany/2026/04/24/mikrogravitacio-urhajosok-koordinacio/
2fa7ab54bfa9a3df495157e00de241eb751dddc4fc12c46bab0efc44e3c86959,2026-04-24 14:25:04.909059+00:00,hu,24.hu,24.hu,2026-04-24,Leginkább Moszkvának jöhet kapóra a romániai kormányválság,https://24.hu/kulfold/2026/04/24/romania-kormanyvalsag-kreml-rmdsz-bolojan/
dc0afc6dbc06838e7fc812d2116cfa116a42588051ad9403b917e2f418842094,2026-04-24 14:24:37.318356+00:00,hu,24.hu,24.hu,2026-04-24,"Takács Péter: Felkészítettem a gyerekeimet, hogy apáért éjszaka lehet, hogy jönnek a rendőrök, de majd visszahozzák",https://24.hu/belfold/2026/04/24/takacs-peter-anyazas-reakcio/
2ce191fd91af199bc9ace10ce33fcbdf9e07b8e9e8967bca847d85d08ef47c42,2026-04-24 14:24:01.996271+00:00,hu,24.hu,24.hu,2026-04-24,"A Leaving Neverland rendezője: Michael Jackson rosszabb volt, mint Jeffrey Epstein",https://24.hu/kultura/2026/04/24/dan-reed-michael-jackson/
8ee644c6a449d64c37894c9024603dd68a2787295265c4743ffd7e626acdb1e3,2026-04-24 14:23:39.205252+00:00,hu,24.hu,24.hu,2026-04-24,Letartóztattak két embert az Orbán Viktor öccsét érintő vendégmunkás-ügyben,https://24.hu/belfold/2026/04/24/nepali-vendegmunkasok-orban-aron-befolyassal-uzerkedes/
df700b1f07d999c2d861b54d7b4f091f9d358e3912c2bbe4d42514f7d0b02872,2026-04-24 13:30:31.484362+00:00,hu,24.hu,24.hu,2026-04-24,"Újabb magyar városban erős az azbesztszennyezés gyanúja, maszkokat biztosítanak a helyi lakosoknak",https://24.hu/belfold/2026/04/24/azbesztszennyezes-gyanu-koszeg/
376d053a3e69ce6668a3dab1f86c4a37ad6a8e20f3c1457763d05208179d0ae2,2026-04-24 13:23:20.784013+00:00,hu,24.hu,24.hu,2026-04-24,Egy középkorú férfi halt meg a levéli tűzben,https://24.hu/belfold/2026/04/24/level-halalos-lakastuz-holttest/
54a8c45b2e8a796213d717490bcc6b493980766d2c99899d1abed416ba325898,2026-04-24 13:23:12.668407+00:00,hu,24.hu,24.hu,2026-04-24,"Polgár Tünde a Magyar Pétert becézgető kommentelőknek: Nem, neked ő nem Peti",https://24.hu/szorakozas/2026/04/24/polgar-tunde-magyar-peter-peti-kommentelok-illem/
f8c1d6aea4944be540a344c7d9cf933909f0838060766e2abba2280b431f41e5,2026-04-24 13:22:58.552292+00:00,hu,24.hu,24.hu,2026-04-24,"Azt ugye tudod, hogy mostantól te csinálod reggel a szendvicseket?""",https://24.hu/elet-stilus/2026/04/24/azt-ugye-tudod-hogy-mostantol-te-csinalod-reggel-a-szendvicseket/
991e76a692c9d19d270bc88322aa1f80580b6e5dd29bcc5836042bd15ee5510e,2026-04-24 13:22:42.298077+00:00,hu,24.hu,24.hu,2026-04-24,Lannert Judit lesz a Tisza oktatásügyi minisztere,https://24.hu/belfold/2026/04/24/tisza-oktatasi-miniszter-lannert-judit/
539fc1167cb2250a382d16c1c361dde4721f01470941a0b6b5b4d10f77ed1647,2026-04-24 13:22:22.128831+00:00,hu,24.hu,24.hu,2026-04-24,Öttonnás II. Ramszesz-szobrot találtak Egyiptomban,https://24.hu/tudomany/2026/04/24/egyiptom-regeszet-ii-ramszesz-szobor/
8b7aca130c44a8ffd54ce16a6ce424a8bc4a53df955e5db24a3829415ec686eb,2026-04-24 13:22:13.945490+00:00,hu,24.hu,24.hu,2026-04-24,"Navracsics szerint ő nem volt úgy része a NER-nek, mint Magyar Péter",https://24.hu/belfold/2026/04/24/navracsics-fiala-ner-resze/
6aa46312dd7f355464b1defbd1121eb00b3930b94ec3e9c2b91f260e63e839e2,2026-04-24 13:21:18.453189+00:00,hu,24.hu,24.hu,2026-04-24,Nemzeti minimumot sürget az orbáni évértékelőket szervező egyesület,https://24.hu/belfold/2026/04/24/mpee-kialtvany-nemzeti-minimum-gyori-eniko/
d3bfac492935862db986ef041a8b896dcad2a05b9d5646b3b2ca5a1256cfe583,2026-04-24 12:38:47.208242+00:00,hu,444.hu,444.hu,2026-04-24,"Az idióta szövegíró miatt még annál is jobb Hoppál Péter karnagy kampánydala, mint elsőre gondoltuk",https://444.hu/2026/04/24/az-idiota-szovegiro-miatt-meg-annal-is-jobb-hoppal-peter-karnagy-kampanydala-mint-elsore-gondoltuk?utm_source=rss_feed&utm_medium=rss&utm_campaign=rss_syndication
2c4ead3dc67817ac7f6043a3823cab1e1a6a162f7d0acc777ca79d46af9d0d75,2026-04-24 12:38:13.598117+00:00,hu,444.hu,444.hu,2026-04-24,"A Fidesznél is jól feküdt, a fővárosban is aktív volt: Vitézy Dávid lesz az új közlekedési miniszter",https://444.hu/2026/04/24/a-fidesznel-is-jol-fekudt-a-fovarosban-is-aktiv-volt-vitezy-david-lesz-az-uj-kozlekedesi-miniszter?utm_source=rss_feed&utm_medium=rss&utm_campaign=rss_syndication
2c75287efcb78b4509822a4af59dce840d855ade06827ca703f4b2d1573277b6,2026-04-24 12:37:38.291447+00:00,hu,444.hu,444.hu,2026-04-24,"A kenyai elnök eljátszotta az Éjszaka a Földön híres jelenetét, a nigériaiak angol kiejtésén gúnyolódott",https://444.hu/2026/04/24/a-kenyai-elnok-eljatszotta-az-ejszaka-a-foldon-hires-jelenetet-es-a-nigeriaiak-angol-kiejtesen-gunyolodott?utm_source=rss_feed&utm_medium=rss&utm_campaign=rss_syndication
b65895846b930a5a6fc18cc493980ced30337951c3bcd10474042c928786315e,2026-04-24 12:37:16.037690+00:00,hu,444.hu,444.hu,2026-04-24,Tusk az uniós csúcsról: Évek óta először nincsenek oroszok a teremben,https://444.hu/2026/04/24/tusk-az-unios-csucsrol-evek-ota-eloszor-nincsenek-oroszok-a-teremben?utm_source=rss_feed&utm_medium=rss&utm_campaign=rss_syndication
a612d012be31c909bc98786e9eb3b270d5018760fb1c96868e49ea5485e8d281,2026-04-24 12:36:57.596803+00:00,hu,444.hu,444.hu,2026-04-24,"„Ha elfogadnánk, szégyenemben meghalnék” – az olaszok nem akarnak Irán helyett indulni a foci-vb-n",https://444.hu/2026/04/24/ha-elfogadnank-szegyenemben-meghalnek-az-olaszok-nem-akarnak-iran-helyett-indulni-a-foci-vb-n?utm_source=rss_feed&utm_medium=rss&utm_campaign=rss_syndication
ff01682cc2d94f40fd8bf2c564da6b71487319bf7ca4dbcbf1a82aa9f947ac13,2026-04-24 12:36:51.793822+00:00,hu,444.hu,444.hu,2026-04-24,"Bencsik András: A Fideszben valakik valamiért úgy gondolták, hogy a magyar dolgozó nép olyan buta, mint egy pár rendőrcsizma",https://444.hu/2026/04/24/bencsik-andras-a-fideszben-valakik-valamiert-ugy-gondoltak-hogy-a-magyar-dolgozo-nep-olyan-buta-mint-egy-par-rendorcsizma?utm_source=rss_feed&utm_medium=rss&utm_campaign=rss_syndication
47bb881bd34a7132b5d65e1b54dbcca0a5974c6ecfeb4d945cda9e0a47059eba,2026-04-24 12:36:38.616936+00:00,hu,444.hu,444.hu,2026-04-24,"Eddig mindent rosszul tudtunk a választások eredményéről, haza lehet menni, a Fidesz valójában 4-1-re verte a Tiszát",https://444.hu/2026/04/24/eddig-mindent-rosszul-tudtunk-a-valasztasok-eredmenyerol-haza-lehet-menni-a-fidesz-valojaban-4-1-re-verte-a-tiszat?utm_source=rss_feed&utm_medium=rss&utm_campaign=rss_syndication
56998f741a16688a2ad2b6c976c323c640630b19f9cde350c6480076dc1f4204,2026-04-24 12:36:33.755432+00:00,hu,444.hu,444.hu,2026-04-24,"Karácsony gratulált Vitézynek, szerinte miniszterként jó partnere lesz Budapestnek",https://444.hu/2026/04/24/karacsony-gratulalt-vitezynek-aki-szerinte-miniszterkent-jo-partnere-lesz-budapestnek?utm_source=rss_feed&utm_medium=rss&utm_campaign=rss_syndication
0b69dc520484c10d29908cbc3dda4863d86163448e6365085236723e213bc121,2026-04-24 12:36:26.992452+00:00,hu,444.hu,444.hu,2026-04-24,"Megerősítette az Alkotmánybíróság, hogy az egyik alkotmánybíró lemondásra szólította fel Polt Pétert",https://444.hu/2026/04/24/megerositette-az-alkotmanybirosag-hogy-az-egyik-alkotmanybiro-lemondasra-szolitotta-fel-polt-petert?utm_source=rss_feed&utm_medium=rss&utm_campaign=rss_syndication
2feafc6624924e2f148a4cf1c6743c78ad8aef42b6d81db1c7d4c71fd6ce00fb,2026-04-24 12:36:07.151887+00:00,hu,444.hu,444.hu,2026-04-24,"Orosz agressziós forgatókönyvekről spekulált Zelenszkij, és ezzel kicsapta a biztosítékot a balti államokban",https://444.hu/2026/04/24/orosz-agresszios-forgatokonyvekrol-spekulalt-zelenszkij-es-ezzel-kicsapta-a-biztositekot-a-balti-allamokban?utm_source=rss_feed&utm_medium=rss&utm_campaign=rss_syndication
a958a9f0d06441a6c37452ae4e96d9c02c28aef87f7d196af0597f2e02b438ff,2026-04-24 12:35:22.295944+00:00,hu,24.hu,24.hu,2026-04-24,Hollywoodi világsztárok tiltakoznak a Paramount és a Warner Bros. összeolvasztása ellen,https://24.hu/kultura/2026/04/24/paramount-warner-osszeolvadas-tiltakozas/
105643e26be34936af66b13071b2ec874c4c7a02a91f6e144ec60139252262f7,2026-04-24 12:34:15.388381+00:00,hu,24.hu,24.hu,2026-04-24,Iránban 56 napja korlátozzák az internetet,https://24.hu/kulfold/2026/04/24/iranban-56-napja-korlatozzak-az-internetet/
978fbdfacba85a93d438346c28d1c2e56b5dfe08acbc1e0cd80c3ef5aeef1e95,2026-04-24 12:33:54.135759+00:00,hu,24.hu,24.hu,2026-04-24,Égszakadás-földindulás Rómában: Ranierit elküldte az olasz futballklub,https://24.hu/sport/foci/2026/04/24/as-roma-olasz-foci-claudio-ranieri-gian-piero-gasperini/
4ff613ccdb34edd2f08db03949da96181b87e27e97f01c1de6be46e5eaa17f9f,2026-04-24 12:33:00.835364+00:00,hu,24.hu,24.hu,2026-04-24,Vadiúj közösségi alkalmazással állt elő a Meta,https://24.hu/tech/2026/04/24/meta-instagram-instants-kozossegi-media-alkalmazas/
d0402ebc11d0ebe2ac95ac0d062d6f50c855efc5cda02e04a9eb23244ef23771,2026-04-24 11:44:33.533767+00:00,hu,24.hu,24.hu,2026-04-24,"Török Gábor ""Fidesz light-ot"" lát, és elképzelhetőnek tartja, hogy gyakran cserélődnek majd a Tisza-kormány miniszterei",https://24.hu/belfold/2026/04/24/torok-gabor-tisza-kormany-fidesz-light/
0237e69271fa6e4099f6d655809839f3c23426aff179f407dd60244c0ac6b27c,2026-04-24 11:44:16.678616+00:00,hu,24.hu,24.hu,2026-04-24,"Elmaradt a győri közgyűlés feloszlatása, pedig akadt egy váratlan támogatója",https://24.hu/belfold/2026/04/24/gyori-kozgyules-feloszlatas-szavazas-pinter-bence/
083d778a6b552647d440761871dbd76db6bac61efa67245cd426b456e24df1d2,2026-04-24 11:35:48.346965+00:00,hu,24.hu,24.hu,2026-04-24,"Nem aggódna a Liverpool edzője, ha Pécsi Árminnak kellene védenie",https://24.hu/sport/foci/2026/04/24/liverpool-fc-pecsi-armin-arne-slot/
c919100ce514253bc808e02b3371629ed9bd8ce0dcd0863bb82ed9a0e83f336c,2026-04-24 11:35:35.276320+00:00,hu,24.hu,24.hu,2026-04-24,"Félrekezelték egy idős nő infarktusát, aki meghalt",https://24.hu/belfold/2026/04/24/eljaras-szent-imre-korhaz/
ebefbd55e4f2283b5dcb738a18a766c02f67b48200716f5b002ee5f6793865ad,2026-04-24 11:35:18.090750+00:00,hu,24.hu,24.hu,2026-04-24,Színházi romok alatt találták meg a görög istennőt,https://24.hu/tudomany/2026/04/24/athene-torokorszag-regeszet-asatas/
287ea531de70062d978e8b5efedb5047e6e1c29924f25b4f8605c32793ac320a,2026-04-24 11:35:13.370231+00:00,hu,24.hu,24.hu,2026-04-24,Róna Péter: Alkotmányt!,https://24.hu/belfold/2026/04/24/alkotmany-alaptorveny-alkotmanyozo-nemzetgyules-rona-peter/
9e17c6b1162224c0c106e5fa997d08169e0db40acdfca4832505a61a9d656674,2026-04-24 11:23:24.895851+00:00,hu,24.hu,24.hu,2026-04-24,"Antilopok Hatvanpusztán, magyar rodeó és kilónyi lecsót cipelő serpa – válogatás fotóriportereink díjazott képeiből",https://24.hu/kultura/2026/04/24/sajtofoto-palyazat-szajki-balint-mohos-marton-kepei/
f92b1f3c5813dbe4f1dbee619ac8bd7bdb8247ced4907b201cd4ae9b12c41ecf,2026-04-24 11:23:20.253594+00:00,hu,24.hu,24.hu,2026-04-24,"„Magamat is megleptem ezzel a döntésemmel” – ByeAlex elárulta, miért vállalta el újra az X-Faktort",https://24.hu/szorakozas/2026/04/24/byealex-x-faktor-visszateres/
4645e3f564e06a535f4be12f92e8925cbe380d3dc9e612fd4a26372ccfe1b285,2026-04-24 11:17:25.950165+00:00,hu,24.hu,24.hu,2026-04-24,Puzsér Róbert: Orbán Viktor lemondása sem segíthet már a Fideszen,https://24.hu/belfold/2026/04/24/puzser-robert-elszamoltatas-orban-gyurcsany/
0080e5ff669fcc4393b0f22cfab69d36767707d0dfe69c98d859cc6b0820ff1e,2026-04-24 11:17:20.532559+00:00,hu,24.hu,24.hu,2026-04-24,Elismerte az Alkotmánybíróság: lemondásra szólították fel Poltot,https://24.hu/belfold/2026/04/24/alkotmanybirosag-lemondas-polt-peter/
c8dae9c6e9b8dae6fd5d826cd005158b329cb3e2d62b54f5e58aec190df92116,2026-04-24 10:42:18.731772+00:00,hu,24.hu,24.hu,2026-04-24,"Miért tartott ilyen sokáig, amíg a futballban eljutottak oda, hogy nő is edzhet egy férficsapatot?",https://24.hu/sport/foci/2026/04/24/bundesliga-union-berlin-marie-louise-eta/
dc243754e5a1b68e3a1cebde9a73e30a42458a39545a0e353975b7b7a49065e0,2026-04-24 10:41:52.117834+00:00,hu,24.hu,24.hu,2026-04-24,Vitézy Dávid a miniszteri megbízásról: Három dolgot biztosan ígérhetek,https://24.hu/belfold/2026/04/24/vitezy-david-kozlekedesi-miniszter-reakcio/
06d222a1a5b89edf3d61fa18df999e6788a9d447820f83d304fa9ce999a6f095,2026-04-24 10:41:42.204713+00:00,hu,24.hu,24.hu,2026-04-24,Lesz csörte Magyar Péter és az EU között – Móró Tamás a Bázishatásban,https://24.hu/fn/gazdasag/2026/04/24/podcast-bazishatas-magyar-peter-eu-moro-tamas/
3331a02983c8d4762fa42d2b962928d88b38adebba649fd0604f36678893a3ca,2026-04-24 10:41:23.022804+00:00,hu,24.hu,24.hu,2026-04-24,Nem emelnek vádat Ruszin-Szendi Romulusz ellen az újságíró meglökése miatt,https://24.hu/belfold/2026/04/24/ruszin-szendi-romulusz-garazdasag-ujsagiro/
c8b5019f055867d1dc9d0d08b4cf33b8ac933088d51a7c9422474c3547714a77,2026-04-24 10:40:59.182276+00:00,hu,24.hu,24.hu,2026-04-24,Pontos számokat közöltek a választási hétvégéről,https://24.hu/tech/2026/04/24/nvi-parlamenti-valasztas-idomsoft-szamok-adatok/
67f6901fba68433e66115acdb0749cfb60f4273352e018cb4f19a364eba37d50,2026-04-24 10:40:53.495994+00:00,hu,24.hu,24.hu,2026-04-24,Friderikusz TalkShow: a következő részben egy anyainfluenszer lesz a társműsorvezető,https://24.hu/szorakozas/2026/04/24/friderikusz-talkshow-tarsmusorvezeto-anyainfluenszer/
959f8960b5dea009dfe1d43d12a5d57622fc7e6355cb0d1d418df0d613ba3ca2,2026-04-24 10:40:46.239975+00:00,hu,24.hu,24.hu,2026-04-24,Abszurd módon ferdíti el a Greenpeace gödi méréseit a Fidesz-propaganda,https://24.hu/tudomany/2026/04/24/akkumulatorgyar-szennyezes-propaganda-greenpeace/
901b8b3309441ef7bf8e9863a17b62e927cf29a608b29b0d1b7b4a739ada88dc,2026-04-24 10:23:52.863555+00:00,hu,24.hu,24.hu,2026-04-24,"Curtis: Nem azt szeretném, hogy a bűnös testvéremet mentsék fel, hanem, hogy az ártatlan testvéremet ne ítéljék el",https://24.hu/szorakozas/2026/04/24/curtis-testvere-sz-lajos-gyilkossag/
4b3e3b364eb0f5d898f7ba566a621dee49f6a1aff7f63c7b4ff061a67813a28a,2026-04-24 10:23:38.074625+00:00,hu,24.hu,24.hu,2026-04-24,"Megvádolták A. Lászlót, aki két ütéssel megölte Gábort a Morrison's-ban",https://24.hu/belfold/2026/04/24/morrisons-emberoles-halalos-utes-vademeles/
ae0804b0c6a7d82314115b321625b20eb1fc2dadd1b396feaaa98defed3411e7,2026-04-24 10:22:51.561524+00:00,hu,24.hu,24.hu,2026-04-24,Vitézyt kérte fel Magyar közlekedési miniszternek,https://24.hu/belfold/2026/04/24/vitezy-david-kozlekedesi-miniszter/
3a4b3bcd09048691d7182faf4990ca4db8a54582b855a788e12c9ea23c08a130,2026-04-24 10:22:28.892656+00:00,hu,24.hu,24.hu,2026-04-24,"A NASA ""orosz rulettet játszott"" az Artemis–2 misszió űrhajósainak életével",https://24.hu/tech/2026/04/24/nasa-artemis-2-hopajzs-allapot/
bc213e4dc53d177d6b3d23a499d1a0af5681063d9ed697e72cfaac6413640d60,2026-04-24 10:22:07.469941+00:00,hu,24.hu,24.hu,2026-04-24,"Évek óta először nincsenek oroszok a teremben"" – jegyezte meg a lengyel miniszterelnök az uniós ülésről, amire Orbán már nem ment el",https://24.hu/kulfold/2026/04/24/donald-tusk-orban-viktor-oroszok/
e7cd520643aeb59bca1453e71a2878cff88a65c668050dd4c3e0b21bff46c8f6,2026-04-24 10:21:45.160176+00:00,hu,444.hu,444.hu,2026-04-24,Lemondott három helyettes államtitkár,https://444.hu/2026/04/24/lemondott-harom-helyettes-allamtitkar?utm_source=rss_feed&utm_medium=rss&utm_campaign=rss_syndication
87619ee88886da677e409e96e671cd671a63a0651759253b5e7eacafb703d659,2026-04-24 10:21:34.255502+00:00,hu,444.hu,444.hu,2026-04-24,"Kultúrpolitikus ő, ez nem vitás, huhuhujj! – Hoppál Péter zseniális kampánydala illusztrálja, hogy mekkora feladatai vannak a Tiszának a zeneoktatásban",https://444.hu/2026/04/24/kulturpolitikus-o-ez-nem-vitas-huhuhujj-hoppal-peter-zsenialis-kampanydala-illusztralja-hogy-mekkora-feladatai-vannak-a-tiszanak-a-zeneoktatasban?utm_source=rss_feed&utm_medium=rss&utm_campaign=rss_syndication
73e7133702cab42431e3e6fffa4dec4001b0121960a2d97bdfc11f3c7e2deee5,2026-04-24 10:21:20.427546+00:00,hu,444.hu,444.hu,2026-04-24,"A hat éve bezárt, és egyre jobban lerobbant balatonalmádi postás üdülőért tüntetnek",https://444.hu/2026/04/24/a-hat-eve-bezart-es-egyre-jobban-lerobbant-balatonalmadi-postas-uduloert-tuntetnek?utm_source=rss_feed&utm_medium=rss&utm_campaign=rss_syndication
130e28c5bfb06ab5f211117bed4a5eff15d2f9a3c0726a60a95a56690b17db94,2026-04-24 10:21:08.055791+00:00,hu,444.hu,444.hu,2026-04-24,Tusk: Legyünk türelmesek és óvatosak Péterrel,https://444.hu/2026/04/24/tusk-legyunk-turelmesek-es-ovatosak-peterrel?utm_source=rss_feed&utm_medium=rss&utm_campaign=rss_syndication
4acadc5243624b0bca5229a5b371f252d729ef0192cb0d29585dbe0aa3c7cbad,2026-04-24 10:21:03.305574+00:00,hu,444.hu,444.hu,2026-04-24,"Jégtömb torlaszolja el az utat a Mount Everesten, több száz mászó rekedt az alaptáborban",https://444.hu/2026/04/24/jegtomb-torlaszolja-el-az-utat-a-mount-everesten-tobb-szaz-maszo-rekedt-az-alaptaborban?utm_source=rss_feed&utm_medium=rss&utm_campaign=rss_syndication
c05dc3525279a17e571561cc2704c185efee8d50771440c5c59ad66c1efcb97e,2026-04-24 10:20:58.168627+00:00,hu,444.hu,444.hu,2026-04-24,Magyar: Az EU zászlaja visszakerül a Parlament homlokzatára,https://444.hu/2026/04/24/magyar-az-eu-zaszlaja-visszakerul-a-parlament-homlokzatara?utm_source=rss_feed&utm_medium=rss&utm_campaign=rss_syndication
8765449ae0ed621c910617d564e716a1523e7d388d00ec112d08aa79b0b66886,2026-04-24 10:20:44.540823+00:00,hu,444.hu,444.hu,2026-04-24,A helyiek elégedetlensége miatt elköltözik A mi kis falunk Pilisszentlélekről,https://444.hu/2026/04/24/a-helyiek-elegedetlensege-miatt-elkoltozik-a-mi-kis-falunk-pilisszentlelekrol?utm_source=rss_feed&utm_medium=rss&utm_campaign=rss_syndication
c3a2e319ef120ffdf5612bcdfcfd4d50bc1c524f8ade8d0d16bbac7ea8f08f3b,2026-04-24 10:20:34.298469+00:00,hu,444.hu,444.hu,2026-04-24,Vádat emeltek a teremtornán egy nézőt megpofozó Curtis ellen,https://444.hu/2026/04/24/vadat-emeltek-a-teremtornan-egy-nezot-megpofozo-curtis-ellen?utm_source=rss_feed&utm_medium=rss&utm_campaign=rss_syndication
3cd816f632bdec7e40b61165c31297c8ab40c69a35ce3ddb932ecd18f892da8b,2026-04-24 10:20:20.566044+00:00,hu,444.hu,444.hu,2026-04-24,"Propagandamédia a NER után, percről percre",https://444.hu/2026/04/24/propagandamedia-a-ner-utan-percrol-percre?utm_source=rss_feed&utm_medium=rss&utm_campaign=rss_syndication
9be2603a34a083eb177daa7aa900188161a0b9ecd16ea52cf9577ca4a291105b,2026-04-24 10:20:04.534681+00:00,hu,444.hu,444.hu,2026-04-24,"Arcról még alig ismerik fel a Tisza politikusait, azon belül Kapitányt a leginkább, Bujdosót a legkevésbé",https://444.hu/2026/04/24/arcrol-meg-alig-ismerik-fel-a-tisza-politikusait-azon-belul-kapitanyt-leginkabb-bujdosot-a-legkevesbe?utm_source=rss_feed&utm_medium=rss&utm_campaign=rss_syndication
340b61f939e3a8a887224c598425e743846fe3f822f5b0d6d8232ec1eb4b9a82,2026-04-24 10:19:36.478408+00:00,hu,444.hu,444.hu,2026-04-24,"Magyar Péter bejelentett két új minisztert, Vitézy Dávid felel majd a közlekedésért és a beruházásért",https://444.hu/2026/04/24/magyar-peter-bejelentett-ket-uj-minisztert-vitezy-david-felel-majd-a-kozlekedesert-es-a-beruhazasert?utm_source=rss_feed&utm_medium=rss&utm_campaign=rss_syndication
76328545189721a14b196a8ee8f962070689631c2d7d8edf45fc0860429b5da3,2026-04-24 09:25:47.033516+00:00,hu,24.hu,24.hu,2026-04-24,Für Anikó és Vilmányi Benett is díjat nyert a pekingi filmfesztiválon,https://24.hu/kultura/2026/04/24/mommy-blue-pekingi-filmfesztival/
ff04ccbab666cd53d099b16d0e276a327e8770619f3948b5ad928c0fdd4ba30c,2026-04-24 09:25:18.778751+00:00,hu,24.hu,24.hu,2026-04-24,Fico helyettese kiállt a Benes-dekrétumok mellett,https://24.hu/kulfold/2026/04/24/fico-helyettese-benes-dekretumok/
e5caa17b944a11a90530900cbd79cd18e6d3ddded1226d41f516dbc82d0b729f,2026-04-24 09:19:24.070042+00:00,hu,24.hu,24.hu,2026-04-24,Felfedte kilétét Magyarország első LMBTQI-tévécsatornájának alapítója,https://24.hu/kultura/2026/04/24/szivarvany-tv-lmbtq-tevecsatorna-alapito/
2d02a8bd3d449bb7400aaf1d59dcab8d365a28f647b49a423b1e15a9169727c7,2026-04-24 09:18:47.037187+00:00,hu,24.hu,24.hu,2026-04-24,Videó: a profikat is megveri ez a pingpongrobot,https://24.hu/tech/2026/04/24/sony-ai-asztalitenisz-robot/
4e93fcb30a3b2fce977955bff87bef145249c22cb836960479778d303272e30e,2026-04-24 09:18:42.134928+00:00,hu,24.hu,24.hu,2026-04-24,Török Csaba plébános a választás tanulságairól,https://24.hu/belfold/2026/04/24/esztergomi-bazilika-plebanosa-valasztas-keresztenyek/
03e4a9757c72474f30cddc472a267678d5a16173334706bc9bb46cb575e2418c,2026-04-24 09:18:15.124465+00:00,hu,24.hu,24.hu,2026-04-24,Maggie Gyllenhaal lesz az idei velencei filmfesztivál zsűrijének elnöke,https://24.hu/kultura/2026/04/24/maggie-gyllenhaal-velencei-filmfesztival/
b8c137830ca1f38a61b7cc22cbed2b1fc4baba5b445a794ee4ef39384d35e060,2026-04-24 09:17:24.279160+00:00,hu,24.hu,24.hu,2026-04-24,"Pénzbüntetést szabhatnak ki Curtisre, amiért megütött egy szurkolót egy tavalyi januári teremtornán",https://24.hu/szorakozas/2026/04/24/curtis-verekedes-szurkolo-penzbuntetes/
6053eb9554bdfd03f49f943fa79af5dc58012be01c6bdc35e4e3cd70cca0788f,2026-04-24 09:17:14.251372+00:00,hu,24.hu,24.hu,2026-04-24,A PIROS ORR bohócdoktorok 29 éve járják Budapestet és az ország nagyvárosait,https://24.hu/kultura/2026/04/24/a-piros-orr-bohocdoktorok-29-eve-jarjak-budapestet-es-az-orszag-nagyvarosait/
211cf037727a3560b88d47323820ef2e3ecf582578f634e6de9eec51bd671c6d,2026-04-24 08:29:29.072299+00:00,hu,24.hu,24.hu,2026-04-24,"Megszerezték egy demens asszony 80 milliós házát, és még a bankba is becsalták kétszer",https://24.hu/belfold/2026/04/24/miskolc-demens-asszony-80-millios-lehuzas/
92408cbf86edf225a5bab7fdc04d9a88a7a66ff1890241e34f235ad28314e7a1,2026-04-24 08:19:08.206654+00:00,hu,24.hu,24.hu,2026-04-24,A kormányváltás után sem tér vissza a CEU Budapestre,https://24.hu/belfold/2026/04/24/ceu-budapest-visszateres/
2041066991ccfb180185c1332969f9570f5b11a2f3962a4103607b90fe4347cd,2026-04-24 08:19:03.434893+00:00,hu,24.hu,24.hu,2026-04-24,"Egy amerikai katona, aki maga is részt vett Maduro elfogásában, napokkal korábban a Polymarketen fogadott arra, hogy a venezuelai elnök elveszíti a hatalmát",https://24.hu/kulfold/2026/04/24/amerikai-katona-fogadas-nicolas-maduro-polymarket/
828a6fec060e293376a6666910d26cd69bd13ad7bb1a8cbb458f02d9ed43e827,2026-04-24 08:18:58.322643+00:00,hu,24.hu,24.hu,2026-04-24,Élre ugrott a kínai DeepSeek új MI-modellje,https://24.hu/fn/gazdasag/2026/04/24/elre-ugrott-a-kinai-deep-seek-uj-mi-modellje/
16853e4071f9a0c4a371f6456ef64bc81bc501673ec41eb683114d293e36a18d,2026-04-24 08:18:53.507110+00:00,hu,24.hu,24.hu,2026-04-24,Donald Tusk: türelmesnek kell lenni Magyar Péterrel,https://24.hu/kulfold/2026/04/24/tusk-szerint-az-europai-vezetoknek-turelmesnek-kell-lenniuk-magyar-peterrel/
058e333467849830fddc2e143b0ccbbe4a47faf7ebd19960ee7210410978311a,2026-04-24 08:18:38.002885+00:00,hu,24.hu,24.hu,2026-04-24,"Sarkazós álomgóllal jutott kupadöntőbe, megvédheti címét a Stuttgart",https://24.hu/sport/foci/2026/04/24/nemet-kupa-stuttgart-freiburg-tiago-tomas/
8662ebb498006088a23738515e12031038a2e0aa6940b494315d76d0424d8747,2026-04-24 08:18:33.259625+00:00,hu,24.hu,24.hu,2026-04-24,"Megszökött egy rab a börtönből, ez vár rá",https://24.hu/belfold/2026/04/24/debrecen-fogolyszokes-elfogas-itelet/
ac7df6bd805fb642a8123661f4b977c87bd9842161d919c13d437b841252ac6f,2026-04-24 08:18:21.896573+00:00,hu,24.hu,24.hu,2026-04-24,"Nagyon nem mindegy, mikor hízik el az ember",https://24.hu/tudomany/2026/04/24/kutatas-elhizas-eletkor-bmi-kovetkezmenyek/
c024b40bc18ff5a5d4a45dd0b948c11885e744c38ad950746fdfb5ddd2b12d18,2026-04-24 08:17:37.450433+00:00,hu,24.hu,24.hu,2026-04-24,Gyermekpornográfiát találtak a gyilkossággal vádolt TikTok-sztár telefonján,https://24.hu/kultura/2026/04/24/d4vd-gyermekpornografia-telefon-letartoztatas/
92929762ca311679731c2deab96cc350bac79abbe5ab6cff993c94d3f418f154,2026-04-24 08:17:30.216718+00:00,hu,24.hu,24.hu,2026-04-24,"Kimaxolta a vb-címvédő McLaren az öthetes kényszerszünetet, teljesen új autóval áll rajthoz Miamiban",https://24.hu/sport/forma-1/2026/04/24/forma-1-f1-mclaren-uj-auto-miami-nagydij/
d360e7bfab146a4e9225215abfcca5423ea81a5429bb9f837f13af057b143b3c,2026-04-24 08:17:15.846583+00:00,hu,24.hu,24.hu,2026-04-24,"Tényleges életfogytiglant kértek a férfira, aki agyonverte a párját és a vele kikezdő lakótársát a lebukásukkor",https://24.hu/belfold/2026/04/24/szolnok-kettos-gyilkossag-vademeles/
89aa99a9b20e4726e2d969a5752faccee18d43ac5c9685117933d87b5ea675d3,2026-04-24 06:35:20.277005+00:00,hu,24.hu,24.hu,2026-04-24,"Jámbor András: ""A baloldali gondolat felolvadt az Orbán-ellenességben""",https://24.hu/belfold/2026/04/24/jambor-andras-lendvai-ildiko-interju-baloldal-jovoje/
b149104b4abdea5ed2220b45360df21e544411982ce608b32c61b2712c15f658,2026-04-24 06:34:50.545765+00:00,hu,24.hu,24.hu,2026-04-24,"Nem tud új kormányt alakítani a szlovén liberális miniszterelnök, Orbán barátja kaphat most esélyt",https://24.hu/kulfold/2026/04/24/szlovenia-kormanyalakitas-janez-jansa-2/
9c109124685618113c40bb97391cdbc68405e1781add138b235f83c749c6aca9,2026-04-24 06:33:52.857127+00:00,hu,24.hu,24.hu,2026-04-24,"Mennyi esély volt erre?"" – ennél tökéletesebben időzített fotót aligha fog ma látni",https://24.hu/tech/2026/04/24/csehorszag-foto-jo-idozites-panstarrs-meteor-x/
37af48d42af032df257a4673d6a7f9abf4534728b45a1d302b2c8d5ed3b6be4f,2026-04-24 06:33:26.079712+00:00,hu,24.hu,24.hu,2026-04-24,"444: Elképzelhető, hogy a Tények gyártása a jövőben az Indexszel együttműködésben készül",https://24.hu/belfold/2026/04/24/tv2-tenyek-index-belharc/
df01d1822b154a137dc5e6fb86bc5439bc91a89e24e2e0ceb132a1e6ab2175c4,2026-04-24 06:32:56.442657+00:00,hu,24.hu,24.hu,2026-04-24,Horvát kormányfő: Az Adria kőolajvezeték stabil és biztonságos,https://24.hu/kulfold/2026/04/24/horvat-kormanyfo-adria-koolajvezetek/
07c85693a412402f2c7c41d78f6b861d0e91ce303954dedd3689310c7a33c3d8,2026-04-24 06:28:21.609462+00:00,hu,444.hu,444.hu,2026-04-24,"Két hét után már tiszteli Magyart és akár jót is vár a Tiszától a rendszerváltó buliban szórakozó gyerekeket agyhalottazó, ukrán frontra küldő fideszes",https://444.hu/2026/04/24/ket-het-utan-mar-tiszteli-magyart-es-akar-jot-is-var-a-tiszatol-a-rendszervalto-buliban-szorakozo-gyerekeket-agyhalottazo-ukran-frontra-kuldo-fideszes?utm_source=rss_feed&utm_medium=rss&utm_campaign=rss_syndication
d70506665404749f2dde26ec77feb291844da3addf759be60baa7238ec113d44,2026-04-24 06:28:03.273763+00:00,hu,444.hu,444.hu,2026-04-24,A CEU a kormányváltás ellenére nem költözik vissza Budapestre,https://444.hu/2026/04/24/a-ceu-a-kormanyvaltas-ellenere-nem-koltozik-vissza-budapestre?utm_source=rss_feed&utm_medium=rss&utm_campaign=rss_syndication
79dd043d9fe53fbcfc4a70161da1745c511059866d822d9c7dab444139cb5de1,2026-04-24 06:19:36.711382+00:00,hu,444.hu,444.hu,2026-04-24,"Vádat emeltek egy amerikai katona ellen, aki közel 130 millió forintot nyert a Maduro bukására kötött fogadásokkal",https://444.hu/2026/04/24/vadat-emeltek-egy-amerikai-katona-ellen-aki-kozel-130-millio-forintot-nyert-a-maduro-bukasara-kotott-fogadasokkal
9a551c81ade55112e89185cc30d5be9ef9d0d700af094458341a19de6bb943aa,2026-04-24 05:34:22.410109+00:00,hu,24.hu,24.hu,2026-04-24,"Pénteki friss hírek, forgalom, időjárás – Reggeli pakk",https://24.hu/belfold/2026/04/24/penteki-friss-hirek-forgalom-idojaras-reggeli-pakk-422/
f7ef10a00be1b3817dafdfb75228cb2de52ec4bb10d0c2117ca73e0cfa223502,2026-04-24 05:33:45.534296+00:00,hu,24.hu,24.hu,2026-04-24,"Videón, ahogy a karmester véletlenül kiveri a szólista kezéből a több százmilliós hegedűt",https://24.hu/szorakozas/2026/04/24/tobb-szazmillios-hegedu-kiesett-szolista-kezebol-video/
7bf6df32df3c383b961fff217f9e82506499ea06494885f14f6e2cfb6952d445,2026-04-24 05:33:36.473764+00:00,hu,24.hu,24.hu,2026-04-24,„Gondolkodni kell a Hezbollahról” – három héttel meghosszabbítják az izraeli-libanoni tűzszünetet,https://24.hu/kulfold/2026/04/24/izrael-libanon-tuzszunet-meghosszabbitas/
ff904b7df013fbeefcfdbb4754497918f89beaf5513f6d35571c98bdd0afad4d,2026-04-24 05:33:05.010844+00:00,hu,24.hu,24.hu,2026-04-24,"Derült idő lesz ma, erős széllel",https://24.hu/belfold/2026/04/24/idojaras-szaraz-napos/
e6edb15d31fcaf79d7b31c78fce9a1b68b49fcb734bf49c656423093483d3164,2026-04-24 05:32:59.935995+00:00,hu,24.hu,24.hu,2026-04-24,Lemondott Orbán három helyettes államtitkára,https://24.hu/belfold/2026/04/24/orban-viktor-helyettes-allamtitkar-lemondas/
5440801e85e0e6f92a491ada2941c2525d9c783ca7a6c10dde93fef6b3233c50,2026-04-24 05:32:55.067685+00:00,hu,24.hu,24.hu,2026-04-24,Kvíz: Egyetlen képből felismered a romkomot?,https://24.hu/kultura/2026/04/24/kviz-felismered-egy-kepbol-melyik-romkomot-latod/
777a5ae15dc99aad30ce3a213d2a68541fb244dc860d35b250d62509101d1e41,2026-04-24 05:32:44.641957+00:00,hu,24.hu,24.hu,2026-04-24,"Magyar Péter szerint sok kamu fotó terjed a családjáról, ezért inkább posztolt egy valódi képet róluk",https://24.hu/szorakozas/2026/04/24/magyar-peter-csaladja-foto/
3121b48f9ef97fc572a432c63affbf981804a269888b9cc43dcb27495d4347fb,2026-04-24 05:32:39.589262+00:00,hu,24.hu,24.hu,2026-04-24,"Zidane fejelt, Armstrong doppingolt, Tyson harapott – kvíz a legsportszerűtlenebb sportolókról",https://24.hu/sport/2026/04/24/sportos-kviz-a-legsportszerutlenebb-sportolokrol/
582da2baa7ee2a3c365d5e3c455705ed202e0cc5775c1d5c967f5bc12c797956,2026-04-24 05:32:34.583697+00:00,hu,24.hu,24.hu,2026-04-24,Megállhat-e a bíróságon a Simor András által zsarolásnak minősített ügy?,https://24.hu/fn/gazdasag/2026/04/24/zsarolas-erste-bank-simor-andras-mnb/
2c6065b992a0c78356ae755263b046185f33e8d0335216282eaedf3c3510da2b,2026-04-24 05:30:42.569108+00:00,hu,24.hu,24.hu,2026-04-24,"Karácsony Gergely: Fideszes politikusok négyszemközt elmondták, csodálják, hogy még nem döglöttünk meg",https://24.hu/belfold/2026/04/24/karacsony-gergely-interju-valasztas-2026-tisza-part/
8c1769680e78ea09c8f352ed075d22069e434b5e7e34d0d577f9a590bac02808,2026-04-24 05:26:48.274757+00:00,hu,444.hu,444.hu,2026-04-24,15 év pénzbőség után rászakad a magyar focira a rideg valóság,https://444.hu/2026/04/24/15-ev-penzboseg-utan-raszakad-a-magyar-focira-a-rideg-valosag?utm_source=rss_feed&utm_medium=rss&utm_campaign=rss_syndication
32c972fff6ceea2057db7af7809eb1896f7341fa93f0011a5e50ab7c94c5953a,2026-04-24 05:25:36.337916+00:00,hu,444.hu,444.hu,2026-04-24,Tégláról téglára omladozó NER és a hangyásszal ölelkező kismajom,https://444.hu/2026/04/24/teglarol-teglara-omladozo-ner-es-a-hangyasszal-olelkezo-kismajom?utm_source=rss_feed&utm_medium=rss&utm_campaign=rss_syndication
f815b12598bb1c2868828437c63b4eeb5380550a2647b22a84c3eabb3770beb2,2026-04-24 05:25:02.455758+00:00,hu,444.hu,444.hu,2026-04-24,Trump: Három héttel meghosszabbították az Izrael és Libanon közötti tűzszünetet,https://444.hu/2026/04/24/trump-harom-hettel-meghosszabbitottak-az-izrael-es-libanon-kozotti-tuzszunetet?utm_source=rss_feed&utm_medium=rss&utm_campaign=rss_syndication
d5931b699bceff4818ff5e10f1a44a29c9587302b02d63f6ed2efee43da161a0,2026-04-24 05:24:31.173024+00:00,hu,444.hu,444.hu,2026-04-24,Rogán Antal bukhatja a TV2-t,https://444.hu/2026/04/24/rogan-antal-bukhatja-a-tv2-t?utm_source=rss_feed&utm_medium=rss&utm_campaign=rss_syndication
fc60c7c7b0d96513118ad593ce89ab3879e5d1bf1fc43a6dd821831612cda675,2026-04-24 03:37:35.635152+00:00,hu,24.hu,24.hu,2026-04-24,Kvíz: értük rajonganak most a tinik – te felismered őket?,https://24.hu/szorakozas/2026/04/24/kviz-nepszeru-magyar-eloadok/
f447b28ee037a80f9b827fecbe5c9ee847353e0a2b68eec4b5dee3a564c6c6f5,2026-04-24 03:28:18.517529+00:00,hu,24.hu,24.hu,2026-04-24,Eltűnt kultúra tárgyaira bukkantak Nemesvámosnál,https://24.hu/tudomany/2026/04/24/nemesvamos-regeszet-baden-kultura/
b958c2ff593aa7578a7a6d1a600f0f4e307987bcd569f9659a1047ed804a994d,2026-04-24 03:27:50.619313+00:00,hu,24.hu,24.hu,2026-04-24,Bivalyerős Szerbia vár a kéziválogatottra a világbajnoki selejtezőn,https://24.hu/sport/2026/04/24/kezilabda-magyar-szerb-vb-selejtezo-fazekas-gergo/
6a14785c1f8d81268ce87393cd0e4466b575a8ab597e83861c6203d3d8a320a2,2026-04-24 03:27:39.076664+00:00,hu,24.hu,24.hu,2026-04-24,Ez az űrhajós előre látta saját halálát,https://24.hu/tudomany/2026/04/24/vlagyimir-komarov-halala-szojuz-1/
2faca8455c5e31c609c34f503e37f1064d9dc5c3c81923b13da5203be9f81706,2026-04-24 02:39:44.434554+00:00,hu,24.hu,24.hu,2026-04-24,Mennyire ismeri válogatott futballistáink karrierjét?,https://24.hu/sport/foci/2026/04/24/kviz-magyar-valogatott-jatekosok-klubjai/
807d3c23ee78114a0502e54568617ad332b7d883d422b572c8cd3407f131a270,2026-04-23 23:20:10.910406+00:00,hu,444.hu,444.hu,2026-04-23,Panaszt nyújtott be az elbocsátása ellen Szabó Bence,https://444.hu/2026/04/23/panaszt-nyujtott-be-az-elbocsatasa-ellen-szabo-bence?utm_source=rss_feed&utm_medium=rss&utm_campaign=rss_syndication
ac96075fb95e83e1c08e2f1410ccbccfeef4c25ed3c2471cd730f3e50eb72470,2026-04-23 23:20:05.521315+00:00,hu,444.hu,444.hu,2026-04-23,"Azokat a titkokat tárná fel a Tisza-kormány, amiket a Fidesz minden erejével védett",https://444.hu/2026/04/23/azokat-a-titkokat-tarna-fel-a-tisza-kormany-amiket-a-fidesz-minden-erejevel-vedett?utm_source=rss_feed&utm_medium=rss&utm_campaign=rss_syndication
44c60348cdfabfd96d24fc7ca022a3661aca6090f3032f45e932a9b1cd8ae9ea,2026-04-23 23:20:00.788355+00:00,hu,444.hu,444.hu,2026-04-23,"Dézsi Csaba András a nürnbergi perrel hozakodott elő, amikor saját büntetőjogi felelősségéről kérdezték",https://444.hu/2026/04/23/dezsi-csaba-andras-a-nurnbergi-perrel-hozakodott-elo-amikor-sajat-buntetojogi-felelossegerol-kerdeztek?utm_source=rss_feed&utm_medium=rss&utm_campaign=rss_syndication
579c52533c5c5e6144171b45007d3a51476d9f4ea19955ea424382b3165f1a77,2026-04-23 23:19:55.536623+00:00,hu,444.hu,444.hu,2026-04-23,"Vizsgálat indult Völner Pál ellen, hogy egyáltalán folytathatja-e az ügyvédi munkáját",https://444.hu/2026/04/23/vizsgalat-indult-volner-pal-ellen-hogy-egyaltalan-folytathatja-e-az-ugyvedi-munkajat?utm_source=rss_feed&utm_medium=rss&utm_campaign=rss_syndication
f2cd4344a53904631480359852f1970ad156d9c5d268d724c7297b8f94a9c50b,2026-04-23 23:19:50.982232+00:00,hu,444.hu,444.hu,2026-04-23,A részvényesek jóváhagyták a 111 milliárd dolláros Warner–Paramount-fúziót,https://444.hu/2026/04/23/a-reszvenyesek-jovahagytak-a-111-milliard-dollaros-warner-paramount-fuziot?utm_source=rss_feed&utm_medium=rss&utm_campaign=rss_syndication
d5ef16a7da0c4cf761ff7983147c30c840aaf7d6c94309ca526f7105ca808906,2026-04-23 23:19:42.673929+00:00,hu,444.hu,444.hu,2026-04-23,"A cégbíróság szerint ki kell adnia, milyen állami szervekkel szerződött a titkos egészségügyi tanulmányt készítő Boston Consulting",https://444.hu/2026/04/23/a-cegbirosag-szerint-ki-kell-adnia-milyen-allami-szervekkel-szerzodott-a-titkos-egeszsegugyi-tanulmanyt-keszito-boston-consulting?utm_source=rss_feed&utm_medium=rss&utm_campaign=rss_syndication
ccf2bfb90fbe9c52b3e63517af361b4abab5e9d23c0782ef49cbf8fad0f08026,2026-04-23 23:19:37.638201+00:00,hu,444.hu,444.hu,2026-04-23,"„Én ilyen titkosított nyomozó vagyok” – álrendőrök milliókat akartak kicsalni egy nőtől, lebuktak",https://444.hu/2026/04/23/en-ilyen-titkositott-nyomozo-vagyok-alrendorok-milliokat-akartak-kicsalni-egy-notol-lebuktak?utm_source=rss_feed&utm_medium=rss&utm_campaign=rss_syndication
f027c8215b4d1e1416ff411dd1b110326ad33ca176e6792475f7a74145d969dc,2026-04-23 23:19:15.012125+00:00,hu,444.hu,444.hu,2026-04-23,Mégsem tér vissza júliustól a reklámadó,https://444.hu/2026/04/23/megsem-ter-vissza-juliustol-a-reklamado?utm_source=rss_feed&utm_medium=rss&utm_campaign=rss_syndication
aa6b607502fa0785ec8c98a1d6478ecc6a372a204de0a4a2b18be6e4ae929d54,2026-04-23 23:19:03.726054+00:00,hu,444.hu,444.hu,2026-04-23,"150 milliót kapott Pataky Attila cége egy évvel a választás előtt, de Tóth Gabinak és Gáspár Győzőnek is jutott",https://444.hu/2026/04/23/150-milliot-kapott-pataky-attila-cege-egy-evvel-a-valasztas-elott-de-toth-gabinak-es-gaspar-gyozonek-is-jutott?utm_source=rss_feed&utm_medium=rss&utm_campaign=rss_syndication
5de63cafb609633d12a28dffe8f3de9091661175a9a7244b7e967bfa69441175,2026-04-23 23:18:42.080934+00:00,hu,444.hu,444.hu,2026-04-23,Magyar Hang: Lemondásra szólította fel Polt Pétert az Alkotmánybíróság ülésén az egyik alkotmánybíró,https://444.hu/2026/04/23/magyar-hang-lemondasra-szolitotta-fel-polt-petert-az-alkotmanybirosag-ulesen-az-egyik-alkotmanybiro?utm_source=rss_feed&utm_medium=rss&utm_campaign=rss_syndication
ab9a66e8175f7786ce9ecd7b2fba6ed80aaa8d98f5cf50fcdf0e4de044722dae,2026-04-23 23:18:37.385678+00:00,hu,444.hu,444.hu,2026-04-23,A Vadhajtások kinyitotta a kétharmados rendszerváltás ördöglakatját: Magyar Péter piros pirulás alfainfluenszer,https://444.hu/2026/04/23/a-vadhajtasok-kinyitotta-a-ketharmados-rendszervaltas-ordoglakatjat-magyar-peter-piros-pirulas-alfainfluenszer?utm_source=rss_feed&utm_medium=rss&utm_campaign=rss_syndication
46c45e7dab60737f8c9fc5458f96899e7d02a51d046731b20e1d3f9d9dd0f82d,2026-04-23 23:18:32.116419+00:00,hu,444.hu,444.hu,2026-04-23,Két feltételezett külföldi ügynököt fogtak el Bajorországban egy közúti ellenőrzés során,https://444.hu/2026/04/23/ket-feltetelezett-kulfoldi-ugynokot-fogtak-el-bajororszagban-egy-kozuti-ellenorzes-soran?utm_source=rss_feed&utm_medium=rss&utm_campaign=rss_syndication
ca026b720cd32a689e203c4947101058946e4fb217c61790a4e40673d92ddb5a,2026-04-23 23:18:27.081245+00:00,hu,444.hu,444.hu,2026-04-23,Egy szerb elemző szerint a Mol tervezett szerbiai vásárlását veszélyeztetheti a magyar kormányváltás,https://444.hu/2026/04/23/egy-szerb-elemzo-szerint-a-mol-tervezett-szerbiai-vasarlasat-veszelyeztetheti-a-magyar-kormanyvaltas?utm_source=rss_feed&utm_medium=rss&utm_campaign=rss_syndication
e0fb63efbe6337a997ee05c27a10e3903ab1027d1091e9158dbd22738705dad7,2026-04-23 23:18:22.146280+00:00,hu,444.hu,444.hu,2026-04-23,"Tóth Péter: „Én tartottam vissza, és én végig magamnál tartottam azokat a pendrive-okat, amivel mondjuk mások családját tettük volna tönkre”",https://444.hu/2026/04/23/toth-peter-en-tartottam-vissza-es-en-vegig-magamnal-tartottam-azokat-a-pendrive-okat-amivel-mondjuk-masok-csaladjat-tettuk-volna-tonkre?utm_source=rss_feed&utm_medium=rss&utm_campaign=rss_syndication
d6b8e4ced8d8656b7901c3ed14fd5d7a8931b352e09f3ed478c450c813cbdbf6,2026-04-23 23:17:37.445639+00:00,hu,444.hu,444.hu,2026-04-23,"Nyugati tér felüljáró nélkül, zöld sáv a Bajcsyn, parkosított Lehel tér – Vitézy Dávid bemutatta a pesti fonódó villamos terveit",https://444.hu/2026/04/23/nyugati-ter-feluljaro-nelkul-zold-sav-a-bajcsyn-parkositott-lehel-ter-vitezy-david-bemutatta-a-pesti-fonodo-villamos-terveit?utm_source=rss_feed&utm_medium=rss&utm_campaign=rss_syndication
f5392bbad74e3821880882b7ade9e8a04af46658e8a67254648501ce8c3b3cb5,2026-04-23 22:52:23.426090+00:00,hu,24.hu,24.hu,2026-04-23,Közel kétmilliárdot vett ki Szijjártó felesége az elmúlt években a profitbajnok cégéből,https://24.hu/belfold/2026/04/23/szijjarto-peter-milliard-profit-feleseg/
134e9d74fae3d5959a0ca1655feff97a37b71a75ef521c95b8fed9fa8cb06625,2026-04-23 22:52:03.896644+00:00,hu,24.hu,24.hu,2026-04-23,Íme a hatos lottó 2026. április 23-i számai,https://24.hu/belfold/2026/04/23/hatos-lotto-sorsolas-2026-aprilis-23/
09dec76a501b63420b9ff8cbf339031a96a5bee29508cf150ab6ad664aa7945e,2026-04-23 22:28:45.351355+00:00,hu,atlatszo.hu,atlatszo.hu,2026-04-23,60 millióért bérel autókat Mészárosék cégétől és a Mercariustól az agráregyetem,https://atlatszo.hu/kozpenz/2026/04/23/60-millioert-berel-autokat-meszarosek-cegetol-es-a-mercariustol-az-agraregyetem/
2b5fb089d35a95f1c0c16e16f16d82f73f0fa17f7fc9a0fcb3e2b5c4e1a96b08,2026-04-23 22:28:40.247501+00:00,hu,atlatszo.hu,atlatszo.hu,2026-04-23,"A magyar akkugyárak évekig akár százötvenszer több magzatkárosító oldószert is kibocsáthattak, mint a németek",https://atlatszo.hu/kornyezet/2026/04/23/a-magyar-akkugyarak-evekig-akar-szazotvenszer-tobb-magzatkarosito-oldoszert-is-kibocsathattak-mint-a-nemetek/
e4a5cf89fc356e09f2b0712ceedf2ffddbbc3c86140875d0d83caef0abb1a77a,2026-04-23 20:54:24.076233+00:00,hu,24.hu,24.hu,2026-04-23,"Trump: Minden iráni hajót meg kell semmisíteni, amely aknát próbál telepíteni a Hormuzi-szorosban",https://24.hu/kulfold/2026/04/23/trump-minden-irani-hajot-meg-kell-semmisiteni-amely-aknat-probal-telepiteni-a-hormuzi-szorosban/
fef076091d6a6123d195a84d7d5213e3f8c19783e46e0a250ffafcff60930a9a,2026-04-23 20:54:14.299511+00:00,hu,24.hu,24.hu,2026-04-23,Orbán egyik utolsó rendelete: mégsem tér vissza a reklámadó júliustól,https://24.hu/fn/gazdasag/2026/04/23/reklamado-2026-felfuggesztes-meghosszabbitas/
98f529681fca51076ad984d75b2ede458eb1bf7fa49cf31206a779bb08ecc3ff,2026-04-23 20:54:07.708037+00:00,hu,24.hu,24.hu,2026-04-23,"A csalás teljességgel kizárt"" – a Szerencsejáték Zrt.-t kérdeztük az összetorlódott lottónyereményekről",https://24.hu/kultura/2026/04/23/szerencsejatek-gyanus-lottonyeremeny-interju-sorsolas/
71ee9ae6f7c98614f3bd3cdf999e159c03a54aab883390c3eb66fa44d221f12c,2026-04-23 20:54:01.589826+00:00,hu,24.hu,24.hu,2026-04-23,A nap legfontosabb hírei – 2026.04.23.,https://24.hu/belfold/2026/04/23/a-nap-legfontosabb-hirei-2026-04-23/
d9228495473c379c165a7f2b06c6e8076d9146e545421ddfd31ec5635774bdbc,2026-04-23 20:53:10.414212+00:00,hu,24.hu,24.hu,2026-04-23,"Tóth Verát is felkérték propagandavideók gyártására, azt mondja, „baromi sok pénzt” fizettek volna neki érte",https://24.hu/szorakozas/2026/04/23/toth-vera-politikai-velemeny-toth-gabi/
a68363695f7a5863b05311d8415855ff7915c1b8adc3bc0cf0597eabb28cd3cd,2026-04-23 20:29:06.251828+00:00,hu,24.hu,24.hu,2026-04-23,"A rendszeresen bikinis képeket posztoló, Trump hívő influenszerről kiderült, hogy valójában nem is létezik",https://24.hu/szorakozas/2026/04/23/bikinis-trump-hivo-influenszer-nem-letezett-ai-botrany/
12c8aac7ad2f2a7dc80091ce128577dd0cf2e9b12d0eeb49867b781b734e3194,2026-04-23 20:28:31.790642+00:00,hu,24.hu,24.hu,2026-04-23,"A vb-részvételt ki kell érdemelni!"" – Olaszország visszautasította, hogy Irán helyett induljon",https://24.hu/sport/foci/2026/04/23/foci-vb-iran-helyett-olaszorszag-otlet/
2b5733ea8e5df417947aba4265678333ad73e908de4c7ab6ee1f027ac637cb92,2026-04-23 19:58:24.692183+00:00,hu,24.hu,24.hu,2026-04-23,Húsz helyszínen még maradnak katonák a kritikus infrastruktúra védelmében,https://24.hu/belfold/2026/04/23/kritikus-infrastruktura-csokkentett-letszam/
f4c1fddd4ab6314d0b68e93b263a2d4230b83b725e4908197e0c6c1e1411ba32,2026-04-23 19:57:34.475071+00:00,hu,24.hu,24.hu,2026-04-23,"Szelfiket és videókat készítettek a pilóták, ezért ütközhetett össze két vadászgép Dél-Koreában",https://24.hu/szorakozas/2026/04/23/del-korea-vadaszgep-utkozes-szelfi/
3d91ac9c2f2a26b2b287a434ac6feff7ea1ad29520e9b40f1800689ad91b1449,2026-04-23 19:57:25.412118+00:00,hu,24.hu,24.hu,2026-04-23,"Büntetőjogi felelősségéről kérdeztük Dézsi Csaba Andrást, mire ő a nürnbergi perről kezdett beszélni",https://24.hu/belfold/2026/04/23/buntetojogi-felelossegerol-kerdeztuk-dezsi-csaba-andrast-mire-o-a-nurnbergi-perrol-kezdett-beszelni/
addf10fcdd5e7839c6aff01771a4124a2e2da2b6fd26fdb38c0bb92845b37193,2026-04-23 19:42:14.717335+00:00,hu,24.hu,24.hu,2026-04-23,"Két éve még rablónak és adócsalónak tartották, jövőre visszatérhet a pályára a 35 éves teniszező",https://24.hu/sport/2026/04/23/tenisz-camila-giorgi-visszateres/
3862ef5fa1619a11c5a9fcf08678fa4f4991ee2d388b77512f0d5dbe13d2df50,2026-04-23 18:25:28.261647+00:00,hu,24.hu,24.hu,2026-04-23,Magyar Péter pénteken megnevezi a Tisza-kormány oktatási miniszterét,https://24.hu/belfold/2026/04/23/magyar-peter-bejelentes-oktatasi-miniszter-pentek/
c7682d7101a5bda8e5d975268cd277b6fafef869c57bedb9aa6ec59092f42811,2026-04-23 18:25:03.326702+00:00,hu,24.hu,24.hu,2026-04-23,X-Faktor: bemutatták az új mentorcsapatot,https://24.hu/szorakozas/2026/04/23/x-faktor-2026-mentorok/
4f9b1a944dd64bca5bdf3b4efa125bd5609ae1d9a1152c5d6c5e1d1e94c726f5,2026-04-23 18:12:47.853820+00:00,hu,24.hu,24.hu,2026-04-23,Miért nem volt még soha ennyire erős a győzteshez húzás?,https://24.hu/belfold/2026/04/23/rona-daniel-gyozteshez-huzas-tisza/
57ec507cc9daa09f405e5a794b63f83f5134cb4facb7720f5b99ed45cc972cc5,2026-04-23 18:12:42.284666+00:00,hu,24.hu,24.hu,2026-04-23,"Tisza-kampányfőnök: Visszatartottam olyan pendrive-okat, amelyekkel mások családját tettük volna tönkre",https://24.hu/belfold/2026/04/23/tisza-kampanyfonok-toth-peter-magyar-peter/
4522d20a853a82127b4ec36b0b7cab5ad626ffc6cfada8ff1824b0f3cab2dd50,2026-04-23 18:12:37.067992+00:00,hu,24.hu,24.hu,2026-04-23,"Úgy voltam vele, hogy az élet sok akadályt elém rakott, ezt is megugrom"" – már a visszatérést tervezi az egykori válogatott kézilabdázó",https://24.hu/sport/2026/04/23/kezilabda-serules-szollosi-zacsik-szandra-visszateres/
fbf7cf62dd7b64584b073c61ae56b728690d61d664539bb996d9786dd7180814,2026-04-23 18:11:46.947272+00:00,hu,24.hu,24.hu,2026-04-23,Megasztár: a tavalyi zsűriből egyvalaki már biztosan visszatér 2026-ban,https://24.hu/szorakozas/2026/04/23/megasztar-2026-zsuri-tv2-herceg-erika/
872475dc8094eb65a7c4374ccf86ff8ec41030f357763c69f5c229ca3b9c8d72,2026-04-23 18:10:49.795887+00:00,hu,24.hu,24.hu,2026-04-23,Koncepciós és kockázat: portré Rubovszky Ritáról,https://24.hu/belfold/2026/04/23/portre-rubovszky-rita/
18a6bda9c1b1e63d9d082c4f3408399bfa5b132c59731452836e2eda0be9ed14,2026-04-23 18:03:29.413880+00:00,hu,24.hu,24.hu,2026-04-23,"Török Gábor: Magyar Péter politikai érdeke, hogy beüzemeljék a guillotine-t",https://24.hu/belfold/2026/04/23/podcast-torokules-torok-gabor-tisza-ruff-balint/
0f4334d08f2f9aef75523408dee75675c3d0b7ac1417870746ed2bf9cfa47d31,2026-04-23 17:49:23.497773+00:00,hu,24.hu,24.hu,2026-04-23,Ezzel a ravasz trükkel vágta át az embereket a csaló pénzváltó,https://24.hu/belfold/2026/04/23/csalas-penzvalto-bolgar-magyarorszag/
8f8813b094626a02f11f28dee9f49cda2e445d1ea677a7bb5e4ea75a82a9b1e3,2026-04-23 17:49:04.095256+00:00,hu,24.hu,24.hu,2026-04-23,Magyar Hang: Lemondásra szólította fel Polt Pétert az egyik alkotmánybíró,https://24.hu/belfold/2026/04/23/polt-peter-lemondas-felszolitas-szabo-marcel/
1ef5489a9a74fc038a3ef459ee7d24d4e2dd717679c76ff6039271bce8a35e1e,2026-04-23 17:48:20.678875+00:00,hu,24.hu,24.hu,2026-04-23,Tíz díjat nyertek a 24.hu fotóriporterei a Magyar Sajtófotó Pályázaton,https://24.hu/kultura/2026/04/23/tiz-dijat-nyertek-a-24-hu-fotoriporterei-a-magyar-sajtofoto-palyazaton/
a3bd4e5b816afb733d43e6856ee79177304990acac71cc86e0bd20b210bf82de,2026-04-23 17:22:32.958585+00:00,hu,24.hu,24.hu,2026-04-23,"Gyerekként kutyákat és macskákat ölt, felnőttként földhöz vágta az öt hónapos kislányát",https://24.hu/belfold/2026/04/23/bekes-csecsemogyilkos-zavarta-a-siras/
d22723a42c397eb8d886967fefc406ec659a82d2784b0ae89078fde49742d864,2026-04-23 17:22:05.103000+00:00,hu,24.hu,24.hu,2026-04-23,Szabó Bence munkaügyi pert indított a rendőrség ellen,https://24.hu/belfold/2026/04/23/szabo-bence-munkaugyi-per-rendorseg/
820150b3ee78f2425ef0893282b6920acaf4e6572ece117479b4b611a215011d,2026-04-23 16:04:45.913874+00:00,hu,24.hu,24.hu,2026-04-23,A győri polgármester egyeztetésre hívta Magyar Pétert,https://24.hu/belfold/2026/04/23/pinter-bence-gyor-meghivas-magyar-peter/
c20ac0d10e983a4753f2f8cdd937b38893423bea6fa9798fb9f432c7220261a2,2026-04-23 16:04:16.196841+00:00,hu,24.hu,24.hu,2026-04-23,"Elindult a Városligethez közeli védett Ádám-villa átépítése, amit korábban új szinttel akartak megfejelni",https://24.hu/kultura/2026/04/23/adam-villa-varosligeti-fasor-bovites-felujitas-helyi-vedelem/
8a1500d442e632725cea3b1663b73d64ab7a06c008f27cc8ab1f7161360b3e45,2026-04-23 16:03:34.960631+00:00,hu,24.hu,24.hu,2026-04-23,Ukrán drónok csapták szét az orosz olajrendszer fontos pillérét,https://24.hu/kulfold/2026/04/23/ukrajna-dron-oroszorszag-tamadas-olajfinomito/
d1b3ad061ce9de6919c877e50fe60903619b87c5da57f3e8dab6be3d019917d3,2026-04-23 16:03:30.168234+00:00,hu,24.hu,24.hu,2026-04-23,Karácsony Gergely: Ki kell söpörni a Metropolt Budapest köztereiről,https://24.hu/belfold/2026/04/23/karacsony-gergely-metropol-budapest/
aeea84ce2343ce45b3a8610776a7e718924ba5c502f8eeff3f9056ba223dced5,2026-04-23 16:02:54.929102+00:00,hu,24.hu,24.hu,2026-04-23,Mihalik Enikő a kislányával együtt szerepel egy ruhamárka reklámfotóin,https://24.hu/szorakozas/2026/04/23/mihalik-eniko-kislanya-fotok/
34177e77c4cdda9363ba26fb8250431f3ad9cb85571dc3f6c3676f33ab13b90e,2026-04-23 16:02:35.823548+00:00,hu,24.hu,24.hu,2026-04-23,"„Az én személyes búcsúm Orbán Viktortól” – írta Schóbert Norbi a videóhoz, melyben megöleli a leköszönő miniszterelnököt",https://24.hu/szorakozas/2026/04/23/schobert-norbi-orban-viktor-oleles-bucsu/
0c0afbc7dee9df05331edcff4ab4d57cec3268ece8539399c5a42ef7faf69e80,2026-04-23 16:02:21.340698+00:00,hu,444.hu,444.hu,2026-04-23,Orbán nélkül jóváhagyta az EU a 90 milliárdos hitel folyósítását Ukrajnának,https://444.hu/2026/04/23/orban-nelkul-jovahagyta-az-eu-a-90-milliardos-hitel-folyositasat-ukrajnanak?utm_source=rss_feed&utm_medium=rss&utm_campaign=rss_syndication
96f3c66d598a67dd951599896775d1207e9da11af0f16c2c7ed618d53a95dd82,2026-04-23 16:02:12.782874+00:00,hu,444.hu,444.hu,2026-04-23,Matolcsy György négy pontban vitatta Simor András állításait az MNB alapítványi vagyonáról és a székházfelújításról,https://444.hu/2026/04/23/matolcsy-gyorgy-negy-pontban-vitatta-simor-andras-allitasait-az-mnb-alapitvanyi-vagyonarol-es-a-szekhazfelujitasrol?utm_source=rss_feed&utm_medium=rss&utm_campaign=rss_syndication
22d1bc65dfe7ab4a5252860090db229515e8e9a2a274b9c6836a3d0ac817c241,2026-04-23 16:00:55.433660+00:00,hu,444.hu,444.hu,2026-04-23,Van ami (még) nem állt le: Mészáros Lőrinc Hatvanpuszta melletti földeket bérel a leköszönő miniszterelnök apjától,https://444.hu/2026/04/23/van-ami-meg-nem-allt-le-meszaros-lorinc-hatvanpuszta-melletti-foldeket-berel-a-lekoszono-miniszterelnok-apjatol?utm_source=rss_feed&utm_medium=rss&utm_campaign=rss_syndication
391802504baa6219c4655db568956c659482d30c217b7654dd64918d66b50bb8,2026-04-23 16:00:45.141897+00:00,hu,444.hu,444.hu,2026-04-23,Hangyásszal ölelkező aranyos kismajomban is oktatjuk az egész világot – ismerd meg a zuglói Punch igaz történetét!,https://444.hu/2026/04/23/hangyasszal-olekezo-aranyos-kismajomban-is-oktatjuk-az-egesz-vilagot-ismerd-meg-a-zugloi-punch-igaz-tortenetet?utm_source=rss_feed&utm_medium=rss&utm_campaign=rss_syndication
2250b7127cc4b17810fca7896a262536d91ff7b18f006b7030e3c517d5900d95,2026-04-23 15:43:37.449306+00:00,hu,24.hu,24.hu,2026-04-23,Ukrán balátlövővel erősített a szegedi kézilabdacsapat,https://24.hu/sport/2026/04/23/kezilabda-pick-szeged-dmitro-horiha/
b2067cd399c3bc911b26a2bfa456f27f0e823372f952cf2e9274d02316d11c75,2026-04-23 15:42:10.298786+00:00,hu,24.hu,24.hu,2026-04-23,Rendkívüli lottónyeremények: két nyertes már jelentkezett,https://24.hu/belfold/2026/04/23/rendkivuli-lottonyeremeny-ket-nyertes-jelentkezett/
6746051775ec2c921c1f0eaad01aa45ae5190538c4e7970537809463297bd748,2026-04-23 15:41:52.268800+00:00,hu,24.hu,24.hu,2026-04-23,Hatósági eljárás indult az Orbán család bányája ellen,https://24.hu/belfold/2026/04/23/orban-csalad-banya-eljaras-hatosag/
f6e3b280aaeab0dfbd7858b65d3fcef13317a2573ada3f84f7b0a23a0fad6bdd,2026-04-23 15:28:51.808576+00:00,hu,24.hu,24.hu,2026-04-23,"Baloldalra, abban sem vagyok biztos, hogy van szükség"" – Jámbor András és Lendvai Ildikó a baloldal jövőjéről",https://24.hu/belfold/2026/04/23/baloldal-jovoje-lendvai-ildiko-jambor-andras/
68395e7b051ea0eea7e3a339189a6fed411e2217458df5df469aca0b66032c89,2026-04-23 15:28:42.712010+00:00,hu,24.hu,24.hu,2026-04-23,"Elárulta a nyíregyházi klubtulajdonos, kivel képzeli el a jövőt",https://24.hu/sport/foci/2026/04/23/nyiregyhaza-spartacus-revesz-balint-bodog-tamas/
dc27a72b70552599c7ab8baaa1292d00fb0d8617f5aba2c8a42c5dd9524bd6c2,2026-04-23 15:28:09.181955+00:00,hu,24.hu,24.hu,2026-04-23,"Elkészült a NASA következő űrteleszkópja, ami lekörözi az eddigieket",https://24.hu/tech/2026/04/23/urtavcso-roman-hubble-vilagegyetem/
56f1a70be884a95847df26ae0365231f03ec844b5bb8a25aeeceaa50d130d7f6,2026-04-23 15:28:02.785918+00:00,hu,24.hu,24.hu,2026-04-23,Medvetámadás végzett egy nővel Lengyelországban,https://24.hu/belfold/2026/04/23/medve-tamadas-no-halal-lengyelorszag/
3a4d3d417a8a0006f282ed9f8aba686063a50f5281cf697b702604c57707257c,2026-04-23 15:27:57.312569+00:00,hu,24.hu,24.hu,2026-04-23,A Duolingo ingyen felkészít a középfokú nyelvvizsgára,https://24.hu/tech/2026/04/23/duolingo-kozepfoku-nyelvvizsga-9-nyelv-ujitas/
e5d00e49cb601175999220abcc901bb560a9496810ced6305c24209f2ba8e63e,2026-04-23 15:27:26.290702+00:00,hu,24.hu,24.hu,2026-04-23,"Olajszállítmány érkezett a Barátság vezetéken, Ukrajnába pedig elindulhat az EU-s hitel",https://24.hu/kulfold/2026/04/23/baratsag-koolaj-unios-hitel-elindul/
f2bb2a47e177d31f781a2ba57e6dfdd0ee9a3cd3dd4189cd00c9a6fe684044a8,2026-04-23 15:26:57.939138+00:00,hu,444.hu,444.hu,2026-04-23,A 10 legizgalmasabb megállapítás Gyurcsány Ferenc szépíró-filozófus választásokat értékelő fogalmazásából,https://444.hu/2026/04/23/a-10-legizgalmasabb-megallapitas-gyurcsany-ferenc-szepiro-filozofus-valasztasokat-ertekelo-fogalmazasabol?utm_source=rss_feed&utm_medium=rss&utm_campaign=rss_syndication
ec3a4e5c3b590c106605e163d1939d0ddd92e08f586c9b4882d5e4e0727c6789,2026-04-23 15:26:52.466311+00:00,hu,444.hu,444.hu,2026-04-23,"Válaszolt az életmentő kezelésekről döntő alapítvány: felhalmozódtak a kérelmek, de nincsenek nagy csúszások",https://444.hu/2026/04/23/valaszolt-az-eletmento-kezelesekrol-donto-alapitvany-felhalmozodtak-a-kerelmek-de-nincsenek-nagy-csuszasok?utm_source=rss_feed&utm_medium=rss&utm_campaign=rss_syndication
8f4b2ed8bbcddd99468b2db938fd33301539ba43262b12bbde1873f9cbf73387,2026-04-23 15:26:37.665567+00:00,hu,444.hu,444.hu,2026-04-23,Megjött a kőolaj a Barátság vezetéken,https://444.hu/2026/04/23/megjott-az-koolaj-a-baratsag-vezeteken?utm_source=rss_feed&utm_medium=rss&utm_campaign=rss_syndication
6139dae0adf0222216f24253e1afbcb0f33b5f3aa46861452bc82f10e3435321,2026-04-23 15:26:11.528248+00:00,hu,444.hu,444.hu,2026-04-23,A Tisza-frakció nem költözik be a Fehér Házba,https://444.hu/2026/04/23/a-tisza-frakcio-nem-a-feher-hazba-koltozik-be?utm_source=rss_feed&utm_medium=rss&utm_campaign=rss_syndication
4881bf09c4a4f27fac83d02f5c29ce68c9b739f7c33a3b1c4d210259dac84c26,2026-04-23 15:25:41.472162+00:00,hu,444.hu,444.hu,2026-04-23,Bombafenyegetések miatt ürítettek ki iskolákat és bevásárlóközpontokat Horvátországban,https://444.hu/2026/04/23/bombafenyegetesek-miatt-uritettek-ki-iskolakat-es-bevasarlokozpontokat-horvatorszagban?utm_source=rss_feed&utm_medium=rss&utm_campaign=rss_syndication
834e8c3b1da6c88074141e62d5643f66834445bae5e8ca957bbe63a5bd941013,2026-04-23 15:25:35.992314+00:00,hu,444.hu,444.hu,2026-04-23,Megszüntetik a Metropol osztogatását,https://444.hu/2026/04/23/megszuntetik-a-metropol-osztogatasat?utm_source=rss_feed&utm_medium=rss&utm_campaign=rss_syndication
f36b0a986e36d3d2144c1b9f49698e532799a3f5f6aab9b10e6444f269284472,2026-04-23 15:25:30.731086+00:00,hu,444.hu,444.hu,2026-04-23,Bányafelügyeleti eljárás indult az Orbán család egyik cége ellen,https://444.hu/2026/04/23/banyafelugyeleti-eljaras-indult-az-orban-csalad-egyik-cege-ellen?utm_source=rss_feed&utm_medium=rss&utm_campaign=rss_syndication
976bb2e1df10fd6b6acc6c2f153f8348be78afa8a1581792a9457f94d97b8dc1,2026-04-23 15:25:01.429253+00:00,hu,444.hu,444.hu,2026-04-23,Újabb polgármestert veszít a DK: az Újpestet vezető Trippon Norbert függetlenként folytatja,https://444.hu/2026/04/23/ujabb-polgarmestert-veszit-a-dk-az-ujpestet-vezeto-trippon-norbert-fuggetlenkent-folytatja?utm_source=rss_feed&utm_medium=rss&utm_campaign=rss_syndication
ad50e83bafa6c29593845c84b40bbbcff63a551b1b6465a28d9387c8db219c92,2026-04-23 14:17:14.367978+00:00,hu,24.hu,24.hu,2026-04-23,Magyar Péter bejelentést tett az ügynökaktákkal és a képviselői irodákkal kapcsolatban,https://24.hu/belfold/2026/04/23/magyar-peter-ugynokaktak-feher-haz-bejelentes/
c92f96db8052a94ec841fe325e41e18c2e42944c81aeeb0026b8d81799a44100,2026-04-23 14:04:54.039845+00:00,hu,24.hu,24.hu,2026-04-23,"Molnár Áron állami kifizetőhelyről beszélt: Tóth Gabiék, Gáspár Győző és Dopeman is kedvezményezettek voltak",https://24.hu/szorakozas/2026/04/23/molnar-aron-kulturalis-tamogatas-kifizetohely/
46977ef41dc4044f7f1c02a99147fea018dcd8c3135d49fd9da7227417b1d52f,2026-04-23 13:56:29.764868+00:00,hu,24.hu,24.hu,2026-04-23,"Konyhalánynak és takarítónőnek utaztak ki Németországba, valóságos pokollá vált az életük",https://24.hu/belfold/2026/04/23/nemetorszag-emberkereskedelem-prostitucio/
bc4ddbdcb40c2c556a95e50349ca131f91279c0651c6249f8d7908d71521ec92,2026-04-23 13:56:17.343700+00:00,hu,24.hu,24.hu,2026-04-23,Robin Schulz is fellép a Strand Fesztivál nulladik napján,https://24.hu/kultura/2026/04/23/robin-schulz-strand-fesztival-nulladik-nap/
cb317791f4c5cc8cc022525fb0db9a30e883a0e2409747ac3a6aea63dafbcef6,2026-04-23 13:56:06.820990+00:00,hu,24.hu,24.hu,2026-04-23,"Mutatjuk, mennyi szja-t vonhatnak le a jövőben a fizetéséből Kapitány István bejelentése alapján",https://24.hu/fn/gazdasag/2026/04/23/kapitany-istvan-tisza-szja-fizetes/
524e74612676c47651df7478fb7843e394428946108df0d0d962a5bffda18d32,2026-04-23 13:55:23.505597+00:00,hu,24.hu,24.hu,2026-04-23,Az utolsó 11-est elrontó győri focistát lökdöste két Fradi-játékos,https://24.hu/sport/foci/2026/04/23/ftc-gyor-tizenegyesparbaj-gavric-panenka/
a29e4e9175ece156f3846c64955f414cd99d195b7ff40f6e3dc19d2d3010e903,2026-04-23 13:54:50.809647+00:00,hu,24.hu,24.hu,2026-04-23,Kilépett a DK-ból Újpest polgármestere,https://24.hu/belfold/2026/04/23/dk-kilepes-polgarmester-ujpest/
5aac27f1ff31c247a5cd093ad27dc7f76ea21558659ad79947b1316f75f56e00,2026-04-23 13:54:31.133940+00:00,hu,24.hu,24.hu,2026-04-23,"Leköpték a Metropolt osztogató vállalkozókat, nem adják kézbe többé az újságot",https://24.hu/belfold/2026/04/23/metropol-osztogatas-mediaworks-atrocitas/
3a3b9736f9cdbf4890a77ddfdf9804cf766991189306d8222abc73081d86f555,2026-04-23 13:54:19.471563+00:00,hu,24.hu,24.hu,2026-04-23,Julianne Moore fontos díjat vesz át az idei Cannes-i Filmfesztiválon,https://24.hu/kultura/2026/04/23/julianne-moore-dij-cannes-filmfesztival/
6cca299193b4c77330f6c230b79c8712660812e679ff073f3a8b4f1b01d47634,2026-04-23 13:54:14.262705+00:00,hu,24.hu,24.hu,2026-04-23,"A Ryanair vezére szerint még idén csődbe megy a Wizz Air, a légitársaság cáfol",https://24.hu/fn/gazdasag/2026/04/23/wizz-air-csod-hireszteles-ryanair/
09b2964f7ec67fbeaa3cb2c7b356017a7eada2bec9938e436d7d8717f3ffb2e0,2026-04-23 13:25:59.654626+00:00,hu,24.hu,24.hu,2026-04-23,Elönti kedvenc zenei platformjainkat az MI-szenny,https://24.hu/tech/2026/04/23/deezer-mesterseges-intelligencia-zenek/
483f679275643f1587d371d283780e4157a8dc04667b7d946279f76a42bb13f2,2026-04-23 12:34:35.602484+00:00,hu,24.hu,24.hu,2026-04-23,"Levonultak a munkások, félbemaradt a felújítás a kiürített számláiról elhíresült Mészáros-cég központjánál",https://24.hu/belfold/2026/04/23/meszaros-lorinc-envirotis-felbemaradt-felujitas/
7f5838cb1ad8324231ebb5f7e22b41efdac46772cb381f924faf7b9c2f906cf1,2026-04-23 12:33:54.529219+00:00,hu,24.hu,24.hu,2026-04-23,Bondár Anna hatalmas skalpot szerzett a madridi tenisztornán,https://24.hu/sport/2026/04/23/bondar-anna-madrid-tenisztorna-jelina-szvitolina/
019330e78b6f29024f315b85f0ce51f2babc2955a4ce23f6816f93138dc72047,2026-04-23 12:33:49.527365+00:00,hu,24.hu,24.hu,2026-04-23,A NER bemutatása után most Hegedűs Zsolt táncára irigykedett John Oliver,https://24.hu/kultura/2026/04/23/hegedus-zsolt-tanc-john-oliver-last-week-tonight/
267c4411e4fd93cc27cce6a835dc48bb2a92dcbeed49dbd7ab44be6fb6c621e7,2026-04-23 12:33:10.504809+00:00,hu,24.hu,24.hu,2026-04-23,Rögtön a felszállás után visszafordult Budapestre az amerikai nagykövetség repülőgépe,https://24.hu/belfold/2026/04/23/amerikai-nagykovetseg-repulogep-muszaki-problema-visszafordult/
2f7c1d79c9b70c64854d5425ee6b1bb4d83ea633316526fa5ee7be99dbd52935,2026-04-23 11:47:31.913138+00:00,hu,24.hu,24.hu,2026-04-23,"Megvan, ki lesz a Tisza egyik frakcióvezető-helyettese",https://24.hu/belfold/2026/04/23/velkey-gyorgy-laszlo-tisza-frakciovezeto-helyettes/
3d1f8318161b61352f9a88c4b4c6a1a3cbd35b5b71244bf8c76083bbbb7af27f,2026-04-23 11:47:11.232272+00:00,hu,444.hu,444.hu,2026-04-23,"Hónapokat várnak az életmentő kezelések engedélyezésére a betegek, szinte teljesen leállt a döntéshozatal a Batthyány-Strattmann Alapítványnál",https://444.hu/2026/04/23/honapokat-varnak-az-eletmento-kezelesek-engedelyezesere-a-betegek-szinte-teljesen-leallt-a-donteshozatal-a-batthyany-strattmann-alapitvanynal?utm_source=rss_feed&utm_medium=rss&utm_campaign=rss_syndication
162266ba4d786dd95206f22a5224cbcb1691d4b17b307bc687e7abac88488436,2026-04-23 11:47:00.613924+00:00,hu,24.hu,24.hu,2026-04-23,"Letakartam az arcát, mert nem tudtam ránézni, aztán egy fűrésszel feldaraboltam"" – vallotta az apagyilkos a több óráig tartó műveletről",https://24.hu/belfold/2026/04/23/budapest-darabolos-apagyilkos-vallomas/
e68f545c9b5111aa64bdc80e4d5ca4b6bdca82de56ddd4890c1a60c1776997c3,2026-04-23 11:46:52.088322+00:00,hu,24.hu,24.hu,2026-04-23,Szülei friss fotóval köszöntötték a 8 éves Lajos herceget,https://24.hu/szorakozas/2026/04/23/lajos-herceg-szuletesnap-portre/
eecac4c64b3c6034e4701f320a06fa86fef03b631f75e5b995a0fe775569cc95,2026-04-23 11:46:40.883668+00:00,hu,444.hu,444.hu,2026-04-23,A nemzeti petíció reklámozása miatt is vizsgálat indult a közmédia ellen,https://444.hu/2026/04/23/a-nemzeti-peticio-reklamozasa-miatt-is-vizsgalat-indult-a-kozmedia-ellen?utm_source=rss_feed&utm_medium=rss&utm_campaign=rss_syndication
7892873195088ab45f5a1cc5d916dfa4f240ca699e3af406eb77509c22e39710,2026-04-23 11:46:35.876861+00:00,hu,444.hu,444.hu,2026-04-23,"„Orbán csak a műsort tudta csinálni, képtelen volt bármi tartósat létrehozni”",https://444.hu/2026/04/23/orban-csak-a-musort-tudta-csinalni-keptelen-volt-barmi-tartosat-letrehozni?utm_source=rss_feed&utm_medium=rss&utm_campaign=rss_syndication
f00009272055c3819e164b93555206d13c4f64aa581b3dbecd867b20a77c43fc,2026-04-23 11:46:30.859017+00:00,hu,444.hu,444.hu,2026-04-23,LMBTQI-tévét indítana egy rejtélyes vállalkozó,https://444.hu/2026/04/23/lmbtqi-tevet-inditana-egy-rejtelyes-vallalkozo?utm_source=rss_feed&utm_medium=rss&utm_campaign=rss_syndication
08076ef810d86621d5fd8c65bdea80386009f9632df7476569705b0fe89dd949,2026-04-23 11:46:23.582092+00:00,hu,24.hu,24.hu,2026-04-23,Annyira nem haragudhatnak a Liverpool-drukkerek Szoboszlaira,https://24.hu/sport/foci/2026/04/23/liverpool-szoboszlai-dominik-honap-jatekosa/
63d41613b90f2d3f2a7b74f071a9fa8dbfdeeef48406ffeaa33da4a74935ef4c,2026-04-23 11:46:15.904564+00:00,hu,444.hu,444.hu,2026-04-23,Fenékbe öklelte a bika a híres spanyol matadort,https://444.hu/2026/04/23/fenekbe-oklelte-a-bika-a-hires-spanyol-matadort?utm_source=rss_feed&utm_medium=rss&utm_campaign=rss_syndication
ac53777594bb950bf99234123f65b72c7ae649d4858f18c15b47367d9b80c9c5,2026-04-23 11:46:02.671534+00:00,hu,444.hu,444.hu,2026-04-23,"Reagált az Erste arra, hogy valóban zsarolta-e a bankot az MNB",https://444.hu/2026/04/23/reagalt-az-erste-arra-hogy-valoban-zsarolta-e-a-bankot-az-mnb?utm_source=rss_feed&utm_medium=rss&utm_campaign=rss_syndication
1eac2b00db18db695ccf585dd5c6cc0f2f1dac24cbacdc3f706e15975f2ca579,2026-04-23 11:45:54.012042+00:00,hu,24.hu,24.hu,2026-04-23,Gyengébb másolattal helyettesítették egy védett kőbányai ház Máriát és Jézust mutató díszét,https://24.hu/kultura/2026/04/23/kobanya-vedett-kerites-maria-jezus-kerites-disz-dombormu/
659f7b37ffb0555c50ba891f00eb8990f76d95efc2d38c5a35d425b95317a56e,2026-04-23 11:45:34.707188+00:00,hu,444.hu,444.hu,2026-04-23,"Szirti sassal vadászott macskákra, vádat emeltek ellene",https://444.hu/2026/04/23/szirti-sassal-vadaszott-macskakra-vadat-emeltek-ellene?utm_source=rss_feed&utm_medium=rss&utm_campaign=rss_syndication
7e44d5daa170b1080ff070d38b74ea19f88167b643622c8c643bc760807a537a,2026-04-23 11:21:30.071877+00:00,hu,24.hu,24.hu,2026-04-23,"Nem akarta elismerni a felelősségét az autós, aki mondhatjuk, letarolt"" – autóbalesetet szenvedett a Tények híradósa",https://24.hu/szorakozas/2026/04/23/szentpeteri-eszter-autobaleset/
71cdc8b3e206a640990b2171e40a677f9fe43def9ba9321b5c705155a675e8fd,2026-04-23 11:21:22.485264+00:00,hu,24.hu,24.hu,2026-04-23,Előzetes vizsgálat indult Völner Pál ellen,https://24.hu/belfold/2026/04/23/elozetes-vizsgalat-indult-volner-pal-ellen/
5148c3618281f314ce2ee28523ef7cb2725cbbfab56d1835b63ee8b41a87b92a,2026-04-23 11:20:39.061001+00:00,hu,24.hu,24.hu,2026-04-23,Magyar Orbánt idézve válaszolt a fideszeseknek,https://24.hu/belfold/2026/04/23/magyar-orban-fidesz-alkudozas/
3a8ff0cd4db7a4dbc16e9ffa08487056e453a9e75da38e2a5ddad5785c1d18c0,2026-04-23 11:19:43.599137+00:00,hu,24.hu,24.hu,2026-04-23,Információkkal láthatott el a ChatGPT egy floridai lövöldözőt,https://24.hu/tech/2026/04/23/chatgpt-lovoldozes-florida-eljaras/
8fece1c9a3ac7ebbceda5587e704e2efd9f9e04b171da9488496b7f4d6b3c3d0,2026-04-23 10:38:50.409170+00:00,hu,24.hu,24.hu,2026-04-23,Forinterősödés: soron kívüli árcsökkentést jelentett be az Aldi,https://24.hu/fn/gazdasag/2026/04/23/aldi-diszkont-forint-forintarfolyam/
89cbe7638f7efd06c9e9ed2f63dde85689f0f76cc54152f13c447a92bd4da7eb,2026-04-23 10:26:55.669362+00:00,hu,24.hu,24.hu,2026-04-23,"Nem csak a Barcánál, egész Spanyolországban Yamal sérülése miatt aggódnak",https://24.hu/sport/foci/2026/04/23/lamine-yamal-combserules-barcelona-spanyol-valogatott/
6c1cbb2a6d0c5594e09ab318d7268fe8ed2a459048ba161bb47c185656e14fd3,2026-04-23 10:26:46.663684+00:00,hu,24.hu,24.hu,2026-04-23,"Kihívásból megérintette egy szobor péniszét, akár 5 ezer eurós bírságot is kaphat a firenzei lánybúcsú egyik résztvevője",https://24.hu/szorakozas/2026/04/23/firenze-neptun-kut-lanybucsu-rongalas/
4d2aa2b97bd103442b986603961de2b47df30888ce0d35a9f5f29f6f1db0d8cb,2026-04-23 10:26:41.832656+00:00,hu,24.hu,24.hu,2026-04-23,"Orbán Viktorból kecses balett-táncos, Magyar Péterből pedig cowboy lett a Tudósok friss klipjeiben",https://24.hu/kultura/2026/04/23/orban-viktor-balett-tancos-magyar-peter-cowboy-tudosok-klip/
72b0b6c79a463f5120dbd7d54800bcfc77c6a71eaa0a197b880944607392dc75,2026-04-23 10:24:43.095975+00:00,hu,24.hu,24.hu,2026-04-23,"Sok magyar nem is tudja, hogy májbetegségben szenved",https://24.hu/tudomany/2026/04/23/majbetegseg-tunetmentes-halalok-veszely/
6a275c6ce581d06b99a67b1d90794814220c9e91e3451cece5daf8e94c500416,2026-04-23 09:45:11.863735+00:00,hu,24.hu,24.hu,2026-04-23,"Idén is lesz Magyar Fagylalt Napja, amikor sok helyen féláron lehet fagyit venni",https://24.hu/kultura/2026/04/23/magyar-fagylalt-napja-akcio-felar-kedvezmeny-majus-8/
9adc5fd447086810d2c6318202dfa932d98c0c075274c9df82f1de49b8148464,2026-04-23 09:44:33.168273+00:00,hu,24.hu,24.hu,2026-04-23,Erste: Több alkalommal voltunk kitéve megkérdőjelezhető bánásmódnak,https://24.hu/belfold/2026/04/23/erste-simor-andras-mnb-reakcio/
f16b8e4963707b05f9472a8f24e608f2d0c9636d6bbdacb6e685f190ca004746,2026-04-23 09:44:22.409441+00:00,hu,24.hu,24.hu,2026-04-23,Demográfiai szakadékban távozik az Orbán-kormány,https://24.hu/belfold/2026/04/23/demografia-statisztika-ksh-2025/
2793a5f5261ffbf063107da5bcf8591fb2b1f9c658bc1b27ef005d51950b6876,2026-04-23 09:44:05.536631+00:00,hu,24.hu,24.hu,2026-04-23,Mintha semmit sem öregedtek volna 20 év alatt Az ördög Pradát visel főszereplői,https://24.hu/szorakozas/2026/04/23/az-ordog-pradat-visel-foszereplok-premier-fotok/
d7f2c969383486f967919374609780b145a3ad1b6f535c1d555454d95939500d,2026-04-23 09:37:31.266217+00:00,hu,24.hu,24.hu,2026-04-23,"Szombatra jön a csúcsmeleg, utána zuhanunk",https://24.hu/tudomany/2026/04/23/idojaras-meleg-hetvege-hidegfront/
2e06d9e5ac005c5f60b875323ea7c57e445f7cfda6b671b6d9ea805f8efbfe2f,2026-04-23 09:32:39.460967+00:00,hu,24.hu,24.hu,2026-04-23,Szirti sassal vadászott a macskákra egy férfi Bács-Kiskunban,https://24.hu/belfold/2026/04/23/szirti-sas-macska-vadaszat/
02648f7b27553a31b5dc51a533b9d337449649005651d063ab1593b23ec095eb,2026-04-23 09:32:34.558767+00:00,hu,24.hu,24.hu,2026-04-23,"Az élet már csak ilyen, tele van fordulatokkal"" – tíz év után távozik a Szeged kulcsembere",https://24.hu/sport/2026/04/23/kezilabda-pick-szeged-bodo-richard-tavozik/
36fce71573181429911a79398fea0424d9de3851b998ad2968f368b695944140,2026-04-23 09:32:29.463645+00:00,hu,24.hu,24.hu,2026-04-23,"Szinte teljesen kiürítették az államkasszát Orbánék márciusig, itt az NGM jelentése",https://24.hu/fn/gazdasag/2026/04/23/allamadossag-koltsegvetes-ngm-hiany/
c785a17ac66d42a6abc755b0799516f6eea623e072d1cae3c1e2bdeca009579f,2026-04-23 09:32:20.053944+00:00,hu,24.hu,24.hu,2026-04-23,Pottyondy Edina Orbán Viktor múlt heti interjújáról: Egy elgyötört szélhámost láttam,https://24.hu/szorakozas/2026/04/23/pottyondy-edina-orban-viktor-magyar-peter-kormanyvaltas/
f47f42bdede4cb42f67e0247c6b017f45676bab9e4337b1c474104b66e08fe37,2026-04-23 09:31:58.514401+00:00,hu,24.hu,24.hu,2026-04-23,Magyar Péterék korrupciós kockázatok miatt átfésülik az Orbán-kormány védelmi tervét,https://24.hu/fn/gazdasag/2026/04/23/safe-hitel-vedelmi-terv-tisza-part-eu/
7cf0507c982f1aabc1b15fb9def8a03ed2abbee44d484a9169c8cc7230b53dab,2026-04-23 09:31:35.484734+00:00,hu,24.hu,24.hu,2026-04-23,Ez a vakcina csökkentheti a szívroham kockázatát,https://24.hu/tudomany/2026/04/23/ovsomor-vakcina-szivproblemak-csokkenese/
d0113594c375e7beb8e7b6d5f0419a39329e953cf161a5fa0c50824fedeab78e,2026-04-23 09:30:56.305932+00:00,hu,24.hu,24.hu,2026-04-23,"Rövidesen elindulhat az ország első LMBTQI-tévécsatornája, a Szivárvány TV",https://24.hu/kultura/2026/04/23/szivarvany-tv-lmbtq-tevecsatorna-nmhh-engedely/
f4aa215afd510f1c48b79fadb18c6859038736bb63ad9eb2ae0ccc9eab3bf0ff,2026-04-23 09:30:50.279679+00:00,hu,24.hu,24.hu,2026-04-23,"Feszült a hangulat az SZFE-n: a diákok gyűlést akartak tartani, de eltávolították a plakátjaikat",https://24.hu/kultura/2026/04/23/szfe-gyules-szinhaz-filmmuveszeti-egyetem-plakat-retorzio/
0d698e7127d87e4020038cd95871a3ec7f033779315af04ba136b1d0f436fa96,2026-04-23 09:30:42.799085+00:00,hu,24.hu,24.hu,2026-04-23,Tiborcz cége a Tisza győzelmére fogadott a piacon,https://24.hu/belfold/2026/04/23/tiborcz-tisza-gyozelem-reszveny/
a4e20bd93f1c32af08ac05696111268dd68e82814d8ca0725d17a813dbf0fa3c,2026-04-23 09:30:37.735702+00:00,hu,24.hu,24.hu,2026-04-23,Unoka Zsolt: Veszélyes az erőszakos ártatlanság,https://24.hu/belfold/2026/04/23/unoka-zsolt-pszichoterapeuta-politika-eroszakos-artatlansag/
132bdc2b05c04b6b46cb6974c7c63948e500acfdbf637837f989c02dd3e8b9f1,2026-04-23 08:33:29.815218+00:00,hu,24.hu,24.hu,2026-04-23,Frontálisan ütközött két vonat Dániában,https://24.hu/kulfold/2026/04/23/dania-baleset-vonat-vonatbaleset/
c0914c63a9fa93c9104ff51dd54a0c5e17090da8c7ff3a859c7befe42a6d3cbc,2026-04-23 08:33:20.331973+00:00,hu,444.hu,444.hu,2026-04-23,"A GVH 672 ezer forintra büntette a NER kedvenc takarítócégének tulajdonosát, mert késve jelentette be, hogy megszerzett egy céget",https://444.hu/2026/04/23/a-gvh-672-ezer-forintra-buntette-a-ner-kedvenc-takaritocegenek-tulajdonosat-mert-kesve-jelentette-be-hogy-megszerzett-egy-ceget
04359d8deb5f63c616eb2b87306424f1ff4874cf4c1aed96566ffc79d4e8e29d,2026-04-23 08:32:46.242221+00:00,hu,24.hu,24.hu,2026-04-23,Akár három évet is késhet a NASA holdra szállása,https://24.hu/tech/2026/04/23/nasa-holdra-szallas-artemis-4/
7377d38e5ab9530246e77d1ed4ad6b8d6bec10b2c6c2f62c719c2345de92dc6c,2026-04-23 08:32:39.303604+00:00,hu,24.hu,24.hu,2026-04-23,"Ez aztán a csoda: a 4. perctől emberhátrányban játszva, kapura lövés nélkül jutott kupadöntőbe a kiscsapat",https://24.hu/sport/foci/2026/04/23/ukran-kupa-metaliszt-csernyihiv-kiallitas-tizenegyesparbaj/
fba85f209a14bb73e77bcf7392ecbd30a996ad910548cc74a8c271d1468d34a3,2026-04-23 08:31:39.200638+00:00,hu,444.hu,444.hu,2026-04-23,"Szombaton akár 25 fok is lehet, aztán vasárnap jön az újabb hidegfront",https://444.hu/2026/04/23/szombaton-akar-25-fok-is-lehet-aztan-vasarnap-jon-az-ujabb-hidegfront?utm_source=rss_feed&utm_medium=rss&utm_campaign=rss_syndication
d6ce18c0ea4af44518e2ef3060dba55d0bcfcb0754ce49a451083bb53295fe0d,2026-04-23 08:31:24.728822+00:00,hu,444.hu,444.hu,2026-04-23,Van még visszaút Orbán előtt a hatalomba?,https://444.hu/2026/04/23/van-meg-visszaut-orban-elott-a-hatalomba?utm_source=rss_feed&utm_medium=rss&utm_campaign=rss_syndication
1ddff85645fc3baffbdd8c08d2efded68d82105fe29c45aac19440ce39a6923c,2026-04-23 08:31:19.978406+00:00,hu,444.hu,444.hu,2026-04-23,Átfogó szűrővizsgálat vagy magánkórházi műtét? Egészséghitellel nem jelenthet gondot!,https://444.hu/2026/04/23/atfogo-szurovizsgalat-vagy-magankorhazi-mutet-egeszseghitellel-nem-jelenthet-gondot?utm_source=rss_feed&utm_medium=rss&utm_campaign=rss_syndication
fe2efdbcfa3ab7503b2a501731b8f303d77be88290d375e73d0587e8e1923886,2026-04-23 08:31:13.089264+00:00,hu,444.hu,444.hu,2026-04-23,Iráni vezetők szerint „lehetetlen” a Hormuzi-szoros újranyitása,https://444.hu/2026/04/23/irani-vezetok-szerint-lehetetlen-a-hormuzi-szoros-ujranyitasa?utm_source=rss_feed&utm_medium=rss&utm_campaign=rss_syndication
59d58692c8027c928699c2dffead763c589229336affc71f7ff5222dc7aed960,2026-04-23 08:31:08.323387+00:00,hu,444.hu,444.hu,2026-04-23,"Visszahívták az Én, a kétarcú című képregényt a könyvesboltokból",https://444.hu/2026/04/23/visszahivtak-az-en-a-ketarcu-cimu-kepregenyt-a-konyvesboltokbol?utm_source=rss_feed&utm_medium=rss&utm_campaign=rss_syndication
97f3b2c85cc24648b9b2f642db55d0fc8d55b47001fe66364b50da43a28685e7,2026-04-23 08:30:59.971407+00:00,hu,444.hu,444.hu,2026-04-23,"Robert Golob nem tudott kormányt alakítani Szlovéniában, visszatérhet Orbán szövetségese",https://444.hu/2026/04/23/robert-golob-nem-tudott-kormanyt-alakitani-szloveniaban-visszaterhet-orban-szovetsegese?utm_source=rss_feed&utm_medium=rss&utm_campaign=rss_syndication
0f54977d575eff0fe90abbec1792b54d01c0ea3d4009da8bda2e467b9a2ddff8,2026-04-23 08:30:54.208718+00:00,hu,444.hu,444.hu,2026-04-23,Rétvári Bence volt a legbuzgóbb szónok,https://444.hu/2026/04/23/retvari-bence-volt-a-legbuzgobb-szonok?utm_source=rss_feed&utm_medium=rss&utm_campaign=rss_syndication
3b4973c42040f5a6b5ac27079e35f6ff9af042a7c9e2476eb97354729ceb576b,2026-04-23 08:30:37.703137+00:00,hu,444.hu,444.hu,2026-04-23,"Simor András azt mondja, az ő személye miatt zsarolta az MNB az Erste Bankot",https://444.hu/2026/04/23/simor-andras-azt-mondja-az-o-szemelye-miatt-zsarolta-az-mnb-az-erste-bankot?utm_source=rss_feed&utm_medium=rss&utm_campaign=rss_syndication
c4bb93bbdf70567e039bdc2fe4da508c057debfaf885a2db8bf90090bbe92c9d,2026-04-23 08:30:22.077854+00:00,hu,444.hu,444.hu,2026-04-23,"Ausztrál milliárdosok jó ötletnek tartották, hogy a Fidzsi-szigetekre szállítanának hulladékot és ott égetnék azt el, erre fellázadtak a helyiek",https://444.hu/2026/04/23/ausztral-milliardosok-jo-otletnek-tartottak-hogy-a-fidzsi-szigetekre-szallitananak-hulladekot-es-ott-egetnek-azt-el-erre-fellazadtak-a-helyiek?utm_source=rss_feed&utm_medium=rss&utm_campaign=rss_syndication
863dd6c0bbfa3b5764f4653cd660f1039fd001d226a51f3e547c45be0edf4dd2,2026-04-23 08:30:08.411754+00:00,hu,444.hu,444.hu,2026-04-23,"Trump embere azt javasolta a FIFA-nak, hogy Irán helyett Olaszország induljon a nyári világbajnokságon",https://444.hu/2026/04/23/trump-embere-azt-javasolta-a-fifa-nak-hogy-iran-helyett-olaszorszag-induljon-a-nyari-vilagbajnoksagon?utm_source=rss_feed&utm_medium=rss&utm_campaign=rss_syndication
67e744ca7f96f04af6fec5b97c9842a452cb68ac4c41b406517b5fe6a3f92c61,2026-04-23 08:30:05.366810+00:00,hu,444.hu,444.hu,2026-04-23,Azonnali hatállyal kirúgták az amerikai haditengerészeti államtitkárt,https://444.hu/2026/04/23/azonnali-hatallyal-kirugtak-az-amerikai-haditengereszeti-allamtitkart?utm_source=rss_feed&utm_medium=rss&utm_campaign=rss_syndication
539ec9f4c2c263d0e0c18a0aec569b61eaa540ee47be1bb7c460398580cea87a,2026-04-23 08:29:58.806297+00:00,hu,444.hu,444.hu,2026-04-23,"Szelfizett az egyik, videózott a másik pilóta, összeütközött két vadászgép",https://444.hu/2026/04/23/szelfizett-az-egyik-videozott-a-masik-pilota-osszeutkozott-ket-vadaszgep?utm_source=rss_feed&utm_medium=rss&utm_campaign=rss_syndication
a8c11bf6352edd8cbbc3916bc892ac10e91da93e69c52fd141a7fa8c964bfb27,2026-04-23 08:29:53.269649+00:00,hu,444.hu,444.hu,2026-04-23,Törökország betiltja a közösségi médiát a 15 év alattiaknak,https://444.hu/2026/04/23/torokorszag-betiltja-a-kozossegi-mediat-a-15-ev-alattiaknak?utm_source=rss_feed&utm_medium=rss&utm_campaign=rss_syndication
c2b51cd8aed63b4efe14d108b6a5cfa7bbd0992cdcc6dc0b9b4fa7b81b91b31f,2026-04-23 08:29:48.215381+00:00,hu,444.hu,444.hu,2026-04-23,Vajdasági fantomszervezetnek utalt 240 millió forintot a magyar kormány a választások előtt,https://444.hu/2026/04/23/vajdasagi-fantomszervezetnek-utalt-240-millio-forintot-a-magyar-kormany-a-valasztasok-elott?utm_source=rss_feed&utm_medium=rss&utm_campaign=rss_syndication
317dc125c528c7bcfb4bb4348e13543b643ac34b087464ac03b2a39677f0ec54,2026-04-23 08:29:43.452411+00:00,hu,444.hu,444.hu,2026-04-23,Vezérkari főnök: Orbán Gáspár egy ideig részt vett a csádi misszió kormányzati tervezőcsoportjában,https://444.hu/2026/04/23/vezerkari-fonok-orban-gaspar-egy-ideig-reszt-vett-a-csadi-misszio-kormanyzati-tervezocsoportjaban?utm_source=rss_feed&utm_medium=rss&utm_campaign=rss_syndication
77eace167dfe7de204852d03484ade3de73d96eb085f4aed9765b406622b7204,2026-04-23 07:38:51.732430+00:00,hu,444.hu,444.hu,2026-04-23,"Önszerveződnek az SZFE hallgatói, a vezetőség retorzióval fenyeget",https://444.hu/2026/04/23/onszervezodnek-az-szfe-hallgatoi-a-vezetoseg-retorzioval-fenyeget?utm_source=hirstart&utm_medium=referral&utm_campaign=ct
fbea254039487e8fab6981c9f86492d7f93081ad96d9437d69c1ee7272a6d72d,2026-04-23 07:38:28.296357+00:00,hu,444.hu,444.hu,2026-04-23,"Kiderült, hogy Tiborcz alapkezelője a Tisza párt győzelmére játszott a pénzpiacon",https://444.hu/2026/04/23/kiderult-hogy-tiborcz-alapkezeloje-a-tisza-part-gyozelmere-jatszott-a-penzpiacon?utm_source=hirstart&utm_medium=referral&utm_campaign=ct
248002a6bdebb6a258d53c8a40092c36f622cef694fd969250349e7a495dd36c,2026-04-23 07:29:19.015047+00:00,hu,24.hu,24.hu,2026-04-23,"A bírónak már le kellett volna fújnia a meccset, de így még pont jutott idő egy emlékezetes kapusgólra",https://24.hu/sport/foci/2026/04/23/mls-toronto-philadelphia-kapusgol/
680926b7dccc6d7fff2ee5131deba911fb4126f83d613af3af4cc333794d7c31,2026-04-23 07:28:28.902935+00:00,hu,24.hu,24.hu,2026-04-23,Szalagkorlátnak ütközött és felborult egy kamion az M1-esen,https://24.hu/belfold/2026/04/23/baleset-felborult-kamion-m1-autopalya/
52c67a7c367cfa21b928633c1c64ddd3d42aee72a8bf148877a5cfd482a2017c,2026-04-23 07:28:04.191784+00:00,hu,24.hu,24.hu,2026-04-23,"Vezérkari főnök: Erős túlzás, hogy Orbán Gáspár vezette volna a csádi misszió tervezését",https://24.hu/belfold/2026/04/23/borondi-honvedseg-orban-csad/
5321ccdfff04e15e6015d017bdd63a3aaa2d9ec83f347f5b438c8e0b80f10410,2026-04-23 07:27:59.128659+00:00,hu,24.hu,24.hu,2026-04-23,"Szilágyi Szilvi Ruff Bálintról: Ilyen emberekkel a határ a csillagos ég, ha az országunk sorsára gondolok",https://24.hu/szorakozas/2026/04/23/szilagyi-szilvi-ruff-balint-kinevezes-tisza-kormany-miniszter/
e93ab99ce5848c7d6f29a1cfe901a247de5243ab2d3f4e539c44a17d9f17b99a,2026-04-23 06:30:01.122509+00:00,hu,24.hu,24.hu,2026-04-23,"Molnár Áron Szijjártó Péternek: A szó, amit nem találtok a Fideszben, az a bocsánat!",https://24.hu/szorakozas/2026/04/23/molnar-aron-szijjarto-peter-interju-reakcio/
9ebdd5fe5c21f9b499b42965e908e4ce9b852e849f06210260d0dab26e5ed3d7,2026-04-23 06:29:40.776490+00:00,hu,24.hu,24.hu,2026-04-23,"Sebestyén Balázs elárulta, mihez kezdene, ha nem rádiózhatna tovább",https://24.hu/szorakozas/2026/04/23/sebestyen-balazs-radiozas-mas-szakma/
47fb9f90eec1e799636538071a45e6c9ea6c9acb28d5a0d99a2db3e08a4350c9,2026-04-23 06:29:05.311409+00:00,hu,24.hu,24.hu,2026-04-23,Kigyulladt egy kamion az M43-ason,https://24.hu/belfold/2026/04/23/kigyulladt-kamion-m43-as-autopalya/
63895b64ff6596f73b5a64affb4ebca6fca996278f495bdab0fdfc32bab76dff,2026-04-23 06:28:59.841959+00:00,hu,24.hu,24.hu,2026-04-23,"Laposföld-díjas lett Sulyok Tamás, Orbán Viktor is",https://24.hu/belfold/2026/04/23/laposfold-dij-2026-sulyok-tamas-orban-viktot/
029f8b6d87249c5618fb05424eb6756dd5dab7974d9a89fcc5416c360680b07a,2026-04-23 06:28:28.307488+00:00,hu,24.hu,24.hu,2026-04-23,600 ezer autós még tartozik a NAV-nak,https://24.hu/belfold/2026/04/23/nav-gepjarmuado-befizetes-hatarido/
d0674a4ce8c7ae32455c07a306be667fce4eccb6417dd34bcc84646f5f40283a,2026-04-23 06:28:15.933201+00:00,hu,24.hu,24.hu,2026-04-23,Azonnali hatállyal elbocsátották az UniCredit Bank szakszervezetének elnökét,https://24.hu/fn/gazdasag/2026/04/23/unicredit-bank-szakszervezet-elbocsatas-munkajog/
c8cf8278dc982b824a19dcc4086deb82e430dcd98b132b7aafcdff2dc36c54c1,2026-04-23 06:27:54.648095+00:00,hu,24.hu,24.hu,2026-04-23,Megvannak 2025 legnépszerűbb keresztnevei: a fiúknál és a lányoknál is volt új belépő a top 10-be,https://24.hu/belfold/2026/04/23/legnepszerubb-fiu-lany-utonev-2025-statisztika/
c71af0fadae5326c1e158988afa351ec095d3e014097fd5067f682170634de14,2026-04-23 06:27:25.830310+00:00,hu,24.hu,24.hu,2026-04-23,El is tűnt a boltokból a Magyart lejárató képregény,https://24.hu/belfold/2026/04/23/magyar-kepregeny-propaganda-bolt/
0a916b38f075db3fd3eb172c4037f21ff3f694e972a6b93d27c94578d8c82ed9,2026-04-23 05:28:41.876841+00:00,hu,24.hu,24.hu,2026-04-23,Ez a három képviselő egyszer sem szólalt fel az előző parlamenti ciklusban,https://24.hu/belfold/2026/04/23/parlament-felszolalok-orszaggyules-2022-2026/
d6a8d4e9454f11562690cf95cb13ca1c623f503611e5ed014b2fcd8f7cf35e83,2026-04-23 05:27:20.221246+00:00,hu,24.hu,24.hu,2026-04-23,"Ezt én zsarolásnak hívom"" – Simor András kitálalt: ezért távozott az Erste felügyelőbizottságából",https://24.hu/belfold/2026/04/23/simor-andras-mnb-erste-matolcsy-gyorgy/
19abbe801720ef8b7460fa6a205e44a586bd7c597afe30a903a83dc0374e6d92,2026-04-23 05:27:15.185339+00:00,hu,24.hu,24.hu,2026-04-23,"Kvíz: az ""Örök Várostól"" a ""Nagy Almáig"" – ismered a Föld városainak beceneveit?",https://24.hu/kultura/2026/04/23/varosok-beceneve-kviz/
9bcd27a08edcfeface135c9a8e3678205479a10706d0df02761dc5ae6f0b7f38,2026-04-23 05:27:06.647189+00:00,hu,24.hu,24.hu,2026-04-23,Kvíz: felismered a híres festményeket egy részletükről?,https://24.hu/kultura/2026/04/23/hires-festmeny-reszlet-puzzle-kviz/
6e76733b4996ba31612c5427d3990f6444e150a876b8cfbaefca4cbebb01b088,2026-04-23 05:26:50.938849+00:00,hu,24.hu,24.hu,2026-04-23,Forma–1-rajongó vagy? Száguldj végig ezen az F1-kvízen!,https://24.hu/sport/2026/04/23/forma-1-kviz/
59697e1c380d71fcf161b4dbf2ab0fcddf791e82647c6ce84226fb90e5778ade,2026-04-23 05:26:44.062356+00:00,hu,24.hu,24.hu,2026-04-23,Ez a Kennedy-gyilkos még ma is börtönben ül,https://24.hu/tudomany/2026/04/23/robert-kennedy-merenylet-gyilkossag/
a27c57f07148f74f85e628049bfad896e97fc6a42d0eab50dd8b6c56bfe9fe98,2026-04-23 05:26:33.452740+00:00,hu,24.hu,24.hu,2026-04-23,Jelentősen megdrágulhat az óvszerek ára az iráni háború miatt,https://24.hu/szorakozas/2026/04/23/ovszer-dragulas-iran-haboru/
1c559be1c8b85dfa3a64a11d31d9e20683db54312d7493d854f25bd2cbea19ae,2026-04-23 05:26:23.795103+00:00,hu,24.hu,24.hu,2026-04-23,"Csézy: Kizártnak tartom, hogy a következő négy évben engem fellépni lássanak Mezőkövesden",https://24.hu/szorakozas/2026/04/23/csezy-politika-tisza-mezokovesd-fellepesek-csalad/
be6ddbb2a328ea8d6d25e0a13b4643e1e2e6a5a06cc09fb93245951a24a01426,2026-04-23 05:26:12.605427+00:00,hu,24.hu,24.hu,2026-04-23,Képes kvíz: felismered a sportvilág leghíresebb címlaplányait?,https://24.hu/sport/2026/04/23/kviz-napi-sport-cimlaplanyok-fotok/
1ea2c175aaa0b24176812c0ecc3bd77a5cab15e88561e9a5c7390014ede91e3b,2026-04-23 05:25:58.059463+00:00,hu,24.hu,24.hu,2026-04-23,Már 100 ezer forintnyi váratlan kiadás is nagyon fáj,https://24.hu/elet-stilus/2026/04/23/mar-100-ezer-forintnyi-varatlan-kiadas-is-nagyon-faj/
441ff0ed4bedcd394afbb8f399b0f7199cc9f91159007c1926dfb7933844979b,2026-04-23 05:25:45.913094+00:00,hu,24.hu,24.hu,2026-04-23,Pillanatok alatt hullott darabokra az Orbán által felépített világ,https://24.hu/kulfold/2026/04/23/orban-rendszere-vilag-felborult-szemelyi-diplomacia-elemzes/
a9ce2f20c41f233d5a1fdb0a03db5dff7631ec0f5b4c65c1a674b58174b13472,2026-04-23 03:37:14.511805+00:00,hu,24.hu,24.hu,2026-04-23,Egyszerűbb kvíz nincs is: országzászlókat kell felismerni egyetlen kép alapján,https://24.hu/szorakozas/2026/04/23/kviz-napi-egyszeru-zaszlo-foto-felismeres/
eb5a5815848b1696a5e42361fec7bc1b41de1eb36f11b0bc5fefc746fbd1eee5,2026-04-23 03:27:52.456555+00:00,hu,24.hu,24.hu,2026-04-23,Lamine Yamal belesérült a győztes tizenegyesébe,https://24.hu/sport/foci/2026/04/23/barcelona-celta-vigo-lamine-yamal-tizenegyes-serules/
a5236a41bc3407ef2c00fecc9c1ed07490157b4231d0de12565c522cf5c029d1,2026-04-23 03:27:00.998089+00:00,hu,24.hu,24.hu,2026-04-23,Vértanú halált halt Szent István megkeresztelője,https://24.hu/tudomany/2026/04/23/szent-adalbert-vertanu-praga/
c3c34cfdcf9cb2eaafab6dcb6bdeae86d8ced7d6536a1c1e1f63c8732f7e43fa,2026-04-23 03:26:44.487998+00:00,hu,24.hu,24.hu,2026-04-23,Így halt meg az egyik legnagyobb magyar király,https://24.hu/tudomany/2026/04/23/magyar-kiraly-mergezes-halal/
fe6d85c76b996123c6d9cb18714403991265f6f6b1719dcb144f5aa42b009176,2026-04-23 01:38:39.539055+00:00,hu,444.hu,444.hu,2026-04-22,Lezsák Sándor a tiszás kétharmad miatt pénzt gyűjt a lakiteleki alapítványának,https://444.hu/2026/04/22/lezsak-sandor-a-tiszas-ketharmad-miatt-penzt-gyujt-a-lakiteleki-alapitvanyanak?utm_source=rss_feed&utm_medium=rss&utm_campaign=rss_syndication
512eade99e97ea93e4d58fdcaf06fc7d4d7bc9c4be99881a9950101fea03d7f4,2026-04-23 01:37:42.851420+00:00,hu,444.hu,444.hu,2026-04-23,Szia Miniszterelnökség! Szia technofasizmus!,https://444.hu/2026/04/23/szia-miniszterelnokseg-szia-technofasizmus?utm_source=rss_feed&utm_medium=rss&utm_campaign=rss_syndication
c62c61ca62d26aad385f659aba9df62363bebf8364dbfe90ac2f0536e04f6b3b,2026-04-23 01:37:14.086366+00:00,hu,444.hu,444.hu,2026-04-22,Az MTA nyitott a korábban elcsatolt kutatóhálózat visszafogadására,https://444.hu/2026/04/22/az-mta-nyitott-a-korabban-elcsatolt-kutatohalozat-visszafogadasara?utm_source=rss_feed&utm_medium=rss&utm_campaign=rss_syndication
0bca971023d77e9767b9b795fff43403d786dc99bc65b3cd4921d06ea2df4881,2026-04-23 01:36:43.937151+00:00,hu,444.hu,444.hu,2026-04-22,Lecserélte a választáson elbukott frakcióvezetőjét a győri Fidesz,https://444.hu/2026/04/22/lecserelte-a-valasztason-elbukott-frakciovezetojet-a-gyori-fidesz?utm_source=rss_feed&utm_medium=rss&utm_campaign=rss_syndication
a190f2c277a9c9f9130f2b7c992cc4c8fa98f085acf1f7714b2b7d1bfbf9b018,2026-04-22 22:44:28.912146+00:00,hu,444.hu,444.hu,2026-04-22,"Szijjártó Péter nem számít katonai behívóra, mert 48 évesen már nem alkalmas arra, hogy harcoljon a fronton",https://444.hu/2026/04/22/szijjarto-peter-nem-szamit-katonai-behivora-mert-48-evesen-mar-nem-alkalmas-arra-hogy-harcoljon-a-fronton?utm_source=hirstart&utm_medium=referral&utm_campaign=ct
d58a525534d7f3118e1895004059321d64e566695fe3a92353d66d660c7997ea,2026-04-22 22:33:04.983613+00:00,hu,24.hu,24.hu,2026-04-22,"Tizenegyesekkel vágott vissza az ETO-nak, kupadöntős a Ferencváros",https://24.hu/sport/foci/2026/04/22/magyar-kupa-ferencvaros-eto-elodonto/
5b88f62eb32c3e9c5468290104ab00dc62a12b5de6bf74a788d5f6bc3cf3d40e,2026-04-22 22:31:22.162355+00:00,hu,24.hu,24.hu,2026-04-22,"Nyert a Manchester City, az Arsenal 2026-ban először nem áll első helyen",https://24.hu/sport/foci/2026/04/22/premier-league-burnley-manchester-city-haaland-gol/
aaebbcc02ec1f0d49e41c4872a59b442c2a149b68048d050b03901c332e903dd,2026-04-22 21:21:06.794580+00:00,hu,24.hu,24.hu,2026-04-22,Skandináv lottó: itt vannak az e heti nyerőszámok,https://24.hu/belfold/2026/04/22/skandinav-lotto-nyeroszamok-17-het/
1930c06112541a1afba534a1b782819e9c222686c49e5fb42192407ae2580fb2,2026-04-22 20:50:39.998798+00:00,hu,atlatszo.hu,atlatszo.hu,2026-04-22,Trócsányi László nyilatkozata után szabadult el a cigánygyűlölet a menekültvitában,https://atlatszo.hu/kozugy/2026/04/22/trocsanyi-laszlo-nyilatkozata-utan-szabadult-el-a-ciganygyulolet-a-menekultvitaban/
5c439b3b6a04ce16911185c922e7f9bfd9973f6eb49368c0856de028a0cfdb37,2026-04-22 20:50:35.258414+00:00,hu,atlatszo.hu,atlatszo.hu,2026-04-22,Szabolcsi Alma Centrum: az ÁSZ szerint az állami milliárdok mielőbbi lehívása volt a cél,https://atlatszo.hu/kozpenz/2026/04/22/szabolcsi-alma-centrum-az-asz-szerint-az-allami-milliardok-mielobbi-lehivasa-volt-a-cel/
812b4322ddda01e67b7b97c74e02cac56a0652740e4ef58196c659e8523a3c2c,2026-04-22 20:50:25.019996+00:00,hu,atlatszo.hu,atlatszo.hu,2026-04-22,Amikor eltűnt a város: így mentették meg az ápolók egy ukrán gondozóotthon lakóit,https://atlatszo.hu/vilagterkep/2026/04/22/amikor-eltunt-a-varos-igy-mentettek-meg-az-apolok-egy-ukran-gondozootthon-lakoit/
caacc8a13342433d53b63e70e7e607c65044b591ec8bcd41e7a0484d6e1ee267,2026-04-22 20:32:57.967411+00:00,hu,24.hu,24.hu,2026-04-22,"Kapitány István: Aki a mediánbér alatt keres, kevesebb személyi jövedelemadót fog fizetni",https://24.hu/fn/gazdasag/2026/04/22/kapitany-istvan-szja-csokkentes/
85a5dcf7fae15c7ecb95590f5ddd22343d8817811db8aa2614f0b2582b93e771,2026-04-22 19:39:21.387851+00:00,hu,24.hu,24.hu,2026-04-22,"Záptojásszag fojtogat egy somogyi községet, a helyi tojásfeldolgozó cég tagadja a felelősségét",https://24.hu/tudomany/2026/04/22/zaptojasszag-adand-illegalis-hulladekkezeles/
fca1e8eb213af370bcee0b6cf671f8034dcc8d61a539ee7ff95b4924ebb29cee,2026-04-22 19:39:03.241323+00:00,hu,24.hu,24.hu,2026-04-22,"Én, a kétarcú: pert indított az Erste Bank",https://24.hu/fn/gazdasag/2026/04/22/en-a-ketarcu-erste-bank-per/
b61d05acfac4f68617148fc295db28b11fb0ed21e7512e0cc9c48036a7220923,2026-04-22 19:21:17.262979+00:00,hu,24.hu,24.hu,2026-04-22,"A világbajnoki álmoknak sajnos számomra vége"" – lemarad a vébéről a Bayern húzóembere",https://24.hu/sport/foci/2026/04/22/foci-vb-2026-nemet-valogatott-serge-gnabry-kimarad/
481d495542cd4d41af57b9b6e625caca4dec44277d563c9cb862450fae808278,2026-04-22 19:21:12.586975+00:00,hu,24.hu,24.hu,2026-04-22,"A fideszes polgármester embere levetkőztette, hogy megnézze, van-e rajta poloska, állítja a szlovákiai vállalkozó",https://24.hu/belfold/2026/04/22/gyor-per-levetkoztette-poloska/
5254066d250947b046975bd028369103c667877a6514be2832eddddbff4094f6,2026-04-22 19:18:05.179633+00:00,hu,444.hu,444.hu,2026-04-22,"A fideszes anyukám a választás másnapján jött rá, hogy 16 évig hazudtak neki",https://444.hu/2026/04/22/a-fideszes-anyukam-a-valasztas-masnapjan-jott-ra-hogy-16-evig-hazudtak-neki?utm_source=rss_feed&utm_medium=rss&utm_campaign=rss_syndication
4432036c6bac22382434a607ef64a20863f7634a5d2b256191570287031037d9,2026-04-22 18:45:42.216629+00:00,hu,24.hu,24.hu,2026-04-22,Török Gábor a Medián kutatásáról: A Fidesz eddigi reakciói még a mézeshetekre tekintettel is elégtelenek,https://24.hu/belfold/2026/04/22/torok-gabor-median-kutatas/
9b84a42be57e618507475aa8edc9781ae7e37b1b7ec6336cf7197dd90caa65f4,2026-04-22 18:35:35.607632+00:00,hu,444.hu,444.hu,2026-04-22,Megerősítette a minisztérium: Orbán Gáspár százados már tavaly szeptember óta le szeretett volna szerelni,https://444.hu/2026/04/22/honvedelmi-miniszterium-orban-gaspar-tavaly-szeptemberben-nyujtotta-be-a-leszerelesi-kerelmet-es-nehany-napon-belul-tavozik-a-hadseregtol?utm_source=rss_feed&utm_medium=rss&utm_campaign=rss_syndication
e3dfdfa7b8c4076dea4acc766ac14cd3678a6d1f74cc42a0bd52d833ab9d809e,2026-04-22 18:35:24.555902+00:00,hu,444.hu,444.hu,2026-04-22,A Medián friss mérése szerint a Tisza most 65:25 arányban verné a Fideszt,https://444.hu/2026/04/22/a-median-friss-kutatasa-szerint-a-tisza-40-szazalekponttal-verhetne-a-fideszt?utm_source=rss_feed&utm_medium=rss&utm_campaign=rss_syndication
068e31b0a98d0be30d56f6256ed7ca851d639259f5076a11da6cfb71f1abba17,2026-04-22 18:35:04.680046+00:00,hu,444.hu,444.hu,2026-04-22,"Az atomkorszak véget ért, az elrettentés új korszaka az AI-ról fog szólni – nyílt technofasiszta kiáltvánnyal állt elő a Palantir",https://444.hu/2026/04/22/az-atomkorszak-veget-ert-az-elrettentes-uj-korszaka-az-ai-rol-fog-szolni-nyilt-technofasiszta-kialtvannyal-allt-elo-a-palantir?utm_source=rss_feed&utm_medium=rss&utm_campaign=rss_syndication
75323c60a0f5a96604a700b11cfb53c9700030d42b0de9c214620c1086744821,2026-04-22 18:20:10.863357+00:00,hu,24.hu,24.hu,2026-04-22,"Medián: sokkal többen emlékeznek úgy, hogy a Tiszára szavaztak, mint amit a választási eredmények mutatnak",https://24.hu/belfold/2026/04/22/median-valasztas-utani-kutatas/
99b472adc04aa7ba7bccce7792878a785246f96a1d242e076b26542f6a60a9d7,2026-04-22 18:20:06.545930+00:00,hu,24.hu,24.hu,2026-04-22,"Szijjártó Péter a Telexen: Rogán Antalt nem úgy ismerem, mint aki bárkivel szemben is gyűlöletet akar kelteni",https://24.hu/belfold/2026/04/22/szijjarto-peter-interju-telex/
f07297e4099e119bcf0754314b9296f64710599b7002b34c4fa951c4e270861c,2026-04-22 18:18:58.257534+00:00,hu,24.hu,24.hu,2026-04-22,A történelmi mélységbe zuhanó Chelsea kirúgta az edzőjét,https://24.hu/sport/foci/2026/04/22/chelsea-liam-rosenior-kirugva/
77e2794cee75e4a3d72668ed39a1d7bfa3965242252170c67d68d2975b557e9a,2026-04-22 17:30:50.905893+00:00,hu,24.hu,24.hu,2026-04-22,Ásványolaj Szövetség: A Barátság kőolajvezeték újraindulása az alapvető problémát nem oldja meg,https://24.hu/fn/gazdasag/2026/04/22/asvanyolaj-szovetseg-uzemanyag-ellatas/
3b698a036bd0f2e25784bf743caa934c606974a1ef1f363b5cab91ec4e444551,2026-04-22 17:29:47.856912+00:00,hu,24.hu,24.hu,2026-04-22,Újra nagy nyári népvándorlás kezdődhet Liverpoolban a nyári átigazolási szezonban?,https://24.hu/sport/foci/2026/04/22/liverpool-nyari-atigazolasi-pletykak-alisson-gomez/
b419a8387dd21f810c15034d3bd6ff085e42a49555a7d895dfddbdfbe56ab3d3,2026-04-22 16:48:24.674818+00:00,hu,444.hu,444.hu,2026-04-22,"Lecsapott az ügyészség a nepáli munkaerő-kölcsönzéses ügyben, aminek a főszereplői üzleti kapcsolatban álltak Orbán Áronnal, a távozó miniszterelnök öccsével",https://444.hu/2026/04/22/lecsapott-az-ugyeszseg-a-nepali-munkaero-kolcsonzeses-ugyben-aminek-a-foszereploi-uzleti-kapcsolatban-allhattak-orban-aronnal-a-tavozo-miniszterelnok-occsevel?utm_source=rss_feed&utm_medium=rss&utm_campaign=rss_syndication
32e91fa988ef2abcfcf4a7da17dfb67a8b18b09dff4320cc35ec518a26e42200,2026-04-22 16:48:12.559610+00:00,hu,444.hu,444.hu,2026-04-22,"Abszolút kabaré: a rommá vert fideszes, aki még mindig pont ugyanúgy arcoskodik, mint a választás előtt",https://444.hu/2026/04/22/abszolut-kabare-a-romma-vert-fideszes-aki-meg-mindig-pont-ugyanugy-arcoskodik-mint-a-valasztas-elott?utm_source=rss_feed&utm_medium=rss&utm_campaign=rss_syndication
a8039f3e548abc1906806f766c7bc6b89f639889da6607628e98d143f7e21044,2026-04-22 16:47:54.717372+00:00,hu,444.hu,444.hu,2026-04-22,Melyik szimbolikus Orbán-intézkedést törölné el legelőször?,https://444.hu/2026/04/22/melyik-szimbolikus-orban-intezkedest-torolne-el-legeloszor?utm_source=rss_feed&utm_medium=rss&utm_campaign=rss_syndication
1a2cee663bb2355b2c9bfd37840190e867aa2718ec75f9ae7f934069ef6e29e7,2026-04-22 16:47:49.731535+00:00,hu,444.hu,444.hu,2026-04-22,"Emmanuel Macron levelet küldött Krasznahorkai Lászlónak, akit örömmel fogadna az Élysée-palotában",https://444.hu/2026/04/22/emmanuel-macron-levelet-kuldott-krasznahorkai-laszlonak-akit-orommel-fogadna-az-elysee-palotaban?utm_source=rss_feed&utm_medium=rss&utm_campaign=rss_syndication
285f7777b02975966686dd2194574fa919ffbc949ec6b72fba717f78914d1a88,2026-04-22 16:47:44.194388+00:00,hu,444.hu,444.hu,2026-04-22,Bezárja két budapesti áruházát a Tesco,https://444.hu/2026/04/22/bezarja-ket-budapesti-aruhazat-a-tesco?utm_source=rss_feed&utm_medium=rss&utm_campaign=rss_syndication
96c7033ede2cb50434756cb1bc04ff49f371051b3e6ed4f9ed6163a522d77d11,2026-04-22 16:47:35.093131+00:00,hu,444.hu,444.hu,2026-04-22,"Magyarország nem vétóz, mehet a 90 milliárd eurós hitel Ukrajnának",https://444.hu/2026/04/22/magyarorszag-nem-vetoz-mehet-a-90-milliard-euros-hitel-ukrajnanak?utm_source=rss_feed&utm_medium=rss&utm_campaign=rss_syndication
a9ed96fb78a583b6a04a7d2dcb1381cc83b817d74d9311c16be3df5e818faf89,2026-04-22 16:47:19.503542+00:00,hu,444.hu,444.hu,2026-04-22,"Botkának dolgozott, Márki-Zay lepattintotta, Magyar Péter leigazolta – kampányguruból és elemzőből lesz csúcsminiszter Ruff Bálint",https://444.hu/2026/04/22/botkanak-dolgozott-marki-zay-lepattintotta-magyar-peter-leigazolta-kampanygurubol-es-elemzobol-lesz-csucsminiszter-ruff-balint?utm_source=rss_feed&utm_medium=rss&utm_campaign=rss_syndication
1090634f522988ed30f8ee5acc99b86c56a830ab6096fa4d0151699b94f6281e,2026-04-22 16:47:09.793822+00:00,hu,444.hu,444.hu,2026-04-22,"A Szerencsejáték Zrt. maga kér hatósági vizsgálatot, miután egyszerre négy sorsoláson is telitalálatot hirdettek",https://444.hu/2026/04/22/a-szerencsejatek-zrt-maga-ker-hatosagi-vizsgalatot-miutan-egyszerre-negy-sorsolason-is-telitalalatot-hirdettek?utm_source=rss_feed&utm_medium=rss&utm_campaign=rss_syndication
60ed07ff48a41f02df1764734ce7020e7145e2f43ebe0e753962915585132048,2026-04-22 16:46:59.852714+00:00,hu,444.hu,444.hu,2026-04-22,"Gáspár Evelin hálás Istennek, hogy Szijjártóval dolgozhatott",https://444.hu/2026/04/22/gaspar-evelin-halas-istennek-hogy-szijjartoval-dolgozhatott?utm_source=rss_feed&utm_medium=rss&utm_campaign=rss_syndication
2f80f11011b17123fd097f3c1e1ff476e90874e9c8e5431ffa6e9e4bbecee0b7,2026-04-22 16:46:54.869406+00:00,hu,444.hu,444.hu,2026-04-22,"Kapitány István: A minimálbér személyi jövedelemadója 9 százalék lesz, a mediánbér alatt mindenki szja-ja csökken",https://444.hu/2026/04/22/kapitany-istvan-a-minimalber-szemelyi-jovedelemadoja-9-szazalek-lesz-a-medianber-alatt-mindenki-szja-ja-csokken?utm_source=rss_feed&utm_medium=rss&utm_campaign=rss_syndication
f88b5cafdf0935ef0743cf85ea18379bf7845a53211e8d635ec19ae2860a24b0,2026-04-22 16:46:49.858035+00:00,hu,444.hu,444.hu,2026-04-22,"Ruff Bálint az ügynökaktákkal kezdene miniszterként, aztán jöhet a vagyonvisszaszerzés",https://444.hu/2026/04/22/ruff-balint-az-ugynokaktakkal-kezdene-miniszterkent-aztan-johet-a-vagyonvisszaszerzes?utm_source=rss_feed&utm_medium=rss&utm_campaign=rss_syndication
ec0ae9c9671b0c26d2529d84fdf03a23da73b6c435cb1b5b4344865f6793f572,2026-04-22 16:46:45.135044+00:00,hu,444.hu,444.hu,2026-04-22,"Perel az Erste Bank az Én, a kétarcú című képregény miatt",https://444.hu/2026/04/22/perel-az-erste-bank-az-en-a-ketarcu-cimu-kepregeny-miatt?utm_source=rss_feed&utm_medium=rss&utm_campaign=rss_syndication
1f52b0b37b218bac25d6c71e03405034f4ec7bf1446e7736063408b77d861df1,2026-04-22 16:46:39.853618+00:00,hu,444.hu,444.hu,2026-04-22,Leszerel a honvédségtől Orbán Gáspár,https://444.hu/2026/04/22/leszerel-a-honvedsegtol-orban-gaspar?utm_source=rss_feed&utm_medium=rss&utm_campaign=rss_syndication
1f060f6836caa153c0e0ccd019d710bf8cf964d628c43e4b31572f29b3a9a97c,2026-04-22 16:46:36.624090+00:00,hu,444.hu,444.hu,2026-04-22,A TASZ 2026-ban is keresi a legszabadabb magyarokat,https://444.hu/2026/04/22/a-tasz-2026-ban-is-keresi-a-legszabadabb-magyarokat?utm_source=rss_feed&utm_medium=rss&utm_campaign=rss_syndication
13a84666b1181b7f6f4e7d3438192d68411fd7b39c2410d19050d7a52338c3c1,2026-04-22 16:46:29.852572+00:00,hu,444.hu,444.hu,2026-04-22,Húszezer járatát törli a nyáron a Lufthansa üzemanyaghiány miatt,https://444.hu/2026/04/22/huszezer-jaratat-torli-a-nyaron-a-lufthansa-uzemanyaghiany-miatt?utm_source=rss_feed&utm_medium=rss&utm_campaign=rss_syndication
501c2d8c2e571bf0ed13918f68590cb6aa26981fd7bc1fb88bb50b2ece0132a5,2026-04-22 16:46:24.343033+00:00,hu,444.hu,444.hu,2026-04-22,Nagy Ervin szerint tűzeset történt az iváncsai akkumulátorgyárban,https://444.hu/2026/04/22/nagy-ervin-szerint-tuzeset-tortent-az-ivancsai-akkumulatorgyarban?utm_source=rss_feed&utm_medium=rss&utm_campaign=rss_syndication
cc761c57c04f54ba30c56e82075d0b2a16cb8fb15f7ef0dc7347a0db0bd3b54d,2026-04-22 16:46:15.981250+00:00,hu,444.hu,444.hu,2026-04-22,19 évet kapott Vladimir Plahotniuc moldáv oligarcha az országban az évszázad lopásának hívott ügy miatt,https://444.hu/2026/04/22/19-evet-kapott-az-evszazad-lopasaval-megvadolt-moldovai-oligarcha-vladimir-plahotniuc?utm_source=rss_feed&utm_medium=rss&utm_campaign=rss_syndication
55a0f4d1d27d75388b73e18345ab84912dbdea0a124558b059a79f5f948a47a7,2026-04-22 16:46:12.867289+00:00,hu,444.hu,444.hu,2026-04-22,Újraindult a kőolajszállítás a Barátság kőolajvezetéken,https://444.hu/2026/04/22/ujraindult-a-koolajszallitas-a-baratsag-koolajvezeteken?utm_source=rss_feed&utm_medium=rss&utm_campaign=rss_syndication
c2dad9662f78490af207478ce219db82c03818cfa8a274722af09bd233eb75e0,2026-04-22 16:45:55.327778+00:00,hu,24.hu,24.hu,2026-04-22,"Lilu Ruff Bálintról: Ugye nem csak álmodom, hogy ő lesz Gulyás Geri helyett?",https://24.hu/szorakozas/2026/04/22/lilu-ruff-balint-kinevezes-tisza-kormany-miniszter/
b4ab76de6db3e2d2a46195291b63be5fc6a7521f1174a887d74fd4083d9fcfe2,2026-04-22 16:45:38.836923+00:00,hu,24.hu,24.hu,2026-04-22,"Hiányozni fog a parlamentből valaki, aki képviseli a baloldalt"" – járókelők a közéletből önmagát kimanőverező baloldalról",https://24.hu/belfold/2026/04/22/baloldal-dk-gyurcsany-parlament-valasztas-2026/
1e6d78d8e19f1c677d687b68dc5f09a22abaf41747c29342178c05bb2b56eea6,2026-04-22 16:44:47.759194+00:00,hu,24.hu,24.hu,2026-04-22,444: Orbán Gáspár távozik a Magyar Honvédségtől,https://24.hu/belfold/2026/04/22/orban-gaspar-magyar-honvedseg-tavozas/
989e87daabefbf18b3e71f8ee13a08105c856fc78d125e1edc325807b0d00d3b,2026-04-22 16:43:51.901652+00:00,hu,24.hu,24.hu,2026-04-22,"„Az egész Orbán-rendszer egy óriási trauma, ezt ki kell beszélni” – mihez kezdenek a közéleti tartalomgyártók a kormányváltás után?",https://24.hu/kultura/2026/04/22/nagy-adam-valyi-istvan-rainer-micsinyei-nora-interju-orban-rendszer/
0cfb23c7bd206e907f6babf6d258c4b1e4b22382eba6fd2e6f1e7248a5971980,2026-04-22 16:28:37.845829+00:00,hu,24.hu,24.hu,2026-04-22,"Megvan, mi okozta a tüzet az iváncsai akkumulátorgyárban",https://24.hu/belfold/2026/04/22/ivancsa-tuz-akkumulatorgyar-nagy-ervin/
a904f92437cac2ec64c665d50547ee5727e53046f0a336afb4bbd6d64782f6fe,2026-04-22 16:27:15.029376+00:00,hu,24.hu,24.hu,2026-04-22,"Lindsey Vonn a hatodik műtétére vár, de már azt tervezgeti, mikor síel újra",https://24.hu/sport/2026/04/22/lindsey-vonn-nyari-szunet-sieles-mutet/
c95e1bddb1e0e67aad8852a8890511f71fdd47642b7a7544c2802aaa744f0ba1,2026-04-22 15:52:00.736235+00:00,hu,24.hu,24.hu,2026-04-22,Kerozinhiány: a tartalékok felhalmozására kötelezhetik Magyarországot is,https://24.hu/kulfold/2026/04/22/kerozinhiany-europai-unio-vedekezes/
3ef972a42b505dd4d6857ad9eb40a8cdec3e81f96ceccc83c1b29749b062db4d,2026-04-22 15:47:15.902802+00:00,hu,24.hu,24.hu,2026-04-22,Gáspár Evelin leköszönt: Magyarország leghosszabb ideig szolgáló külügyminisztere mellett dolgozni kivételes lehetőség volt,https://24.hu/szorakozas/2026/04/22/gaspar-evelin-kulugy-tavozas-szijjarto-peter/
e4909a340831d6802e973064346ff6369e51615d63dd60fe7494601211530f91,2026-04-22 15:46:52.021025+00:00,hu,24.hu,24.hu,2026-04-22,"Enyhébb büntetést kapott a pécsi gimnazista, aki lehúzta, majd megpróbálta lenyomni koraszülött gyermekét a vécén",https://24.hu/belfold/2026/04/22/pecs-csecsemogyilkos-lehuzta-a-vecen/
14a9cd3e604c7d215dc33a2f39f3ccfa3da1489c3892649b367d64998cd12057,2026-04-22 15:46:32.396313+00:00,hu,24.hu,24.hu,2026-04-22,Bezár két budapesti Tesco-áruház,https://24.hu/fn/gazdasag/2026/04/22/tesco-ujpest-soroksari-ut-bezar/
3594584b1849ce4523ab5d88532ae406115fd980fc910dd0b5e996d11ee8ca54,2026-04-22 15:45:03.131418+00:00,hu,24.hu,24.hu,2026-04-22,Lecserélte a választáson elbukó frakcióvezetőjét a győri Fidesz,https://24.hu/belfold/2026/04/22/gyor-frakciovezeto-csere-fekete-david-laczkovits-takacs-timea/
aa5b9bedf024fc67ef76ad9e3e95059d97aa2fe6f5dbf61168d2ef24d918aef0,2026-04-22 15:44:48.404753+00:00,hu,24.hu,24.hu,2026-04-22,"Nebojsa Vignjevic: Legközelebb kétszer is meggondolom, mit vállalok el",https://24.hu/sport/foci/2026/04/22/nebojsa-vignjevic-dvtk-nyilatkozat-hatter-szemle/
9d4dc2633758e9c05d99b7adc5c971e91ee3dd4320b5d845c3789b9e167d798a,2026-04-22 15:44:43.845981+00:00,hu,24.hu,24.hu,2026-04-22,Európa legritkább énekesmadarát azonosították a Hortobágyon,https://24.hu/tudomany/2026/04/22/csikosfeju-nadiposzata-legritkabb-enekesmadar/
a14704fe4b670acf1b6836658808b8eca36413db9a4016bacfbe578a47400cd2,2026-04-22 15:44:38.941338+00:00,hu,24.hu,24.hu,2026-04-22,Áprilisban Irány Peking!,https://24.hu/kulfold/2026/04/22/aprilisban-irany-peking/
e8176c47d314ca771526742ef7be0cfe5c9b77312b98d0d2884541a125a2ed94,2026-04-22 15:23:28.236409+00:00,hu,24.hu,24.hu,2026-04-22,"Aki megszólal, az előrébb jut: így változtatja meg a munkát a jól kiválasztott fordítógép",https://24.hu/elet-stilus/2026/04/22/aki-megszolal-az-elorebb-jut-igy-valtoztatja-meg-a-munkat-a-jol-kivalasztott-forditogep/
fc0246c360e1129f360d00fbb13ba2684d2d624b95fff5f2acbe8e4765d041df,2026-04-22 15:22:50.507214+00:00,hu,24.hu,24.hu,2026-04-22,"Soha nem dohányozhat az Egyesült Királyságban, aki 2009. január 1. után született",https://24.hu/kulfold/2026/04/22/egyesult-kiralysag-dohanyzas-tilalom/
abed86e00fad92bb45af253742dc7386559d44b5c1c63485a0aa576829ad6231,2026-04-22 14:41:05.052489+00:00,hu,24.hu,24.hu,2026-04-22,Miklósi Zoltán: Mit mond a rendszer bukása a rendszerről?,https://24.hu/belfold/2026/04/22/miklosi-zoltan-autokracia-orban-bukas/
e169556ac3f07a48dc23ff4649586cef7df4c79dc91fbafabb3e8a4d51ff6da5,2026-04-22 14:40:59.931957+00:00,hu,24.hu,24.hu,2026-04-22,"Bár négy éve jogerősen felmentették, perújítási eljárásban 15 év fegyházat kapott a gyilkos",https://24.hu/belfold/2026/04/22/zagyvarekas-gyilkossag-itelet/
3a82ea14c7868197a87b5c399c6e9c333d1ea52b0b1c22c03f49f9067be8a364,2026-04-22 14:40:54.789365+00:00,hu,24.hu,24.hu,2026-04-22,"Gulyás Márton: Arról, hogy Ruff Bálint dolgozott volna a Tisza Pártnak, nincs és nem is volt tudomásom",https://24.hu/belfold/2026/04/22/gulyas-marton-ruff-balint-miniszter-tisza/
3f2ba66b283cf243a0cb21d385457f398b9866a08ac44b79d43d03241cf0e21d,2026-04-22 14:40:48.983872+00:00,hu,24.hu,24.hu,2026-04-22,"A ciklus végével lejár Tóth Gabi 1,33 milliós szerződése a Fidesz-frakciónál",https://24.hu/szorakozas/2026/04/22/toth-gabi-fidesz-frakcio-munka-kocsis-mate/
83e6a20e4ec35dbc992e78617184188cce093491567c28e9d45100044cead1d6,2026-04-22 14:40:37.847755+00:00,hu,24.hu,24.hu,2026-04-22,Balogh Levente a Magyar Judo Szövetség elnöke szeretne lenni,https://24.hu/szorakozas/2026/04/22/balogh-levente-mjsz-magyar-dzsudo-szovetseg-elnok-pozicio/
1a99a2cab5f8bf228de2446ad1e3c3848f70607c3c092490bdc8356a87b2e727,2026-04-22 14:40:32.429102+00:00,hu,24.hu,24.hu,2026-04-22,"A Chelsea-játékos fodrászát gyanúsítják azzal, hogy információkat szivárogtatott",https://24.hu/sport/foci/2026/04/22/chelsea-informacio-kiszivargas-marc-cucurella-fodrasz/
558d7dd63086e8d4c6e6bdeaab1297db7d5696a50fafb7be0d5eddee37218a73,2026-04-22 14:40:13.569872+00:00,hu,24.hu,24.hu,2026-04-22,Orbánék hozzájárultak: elhárítja a kormány az akadályt az ukrán EU-hitel elől,https://24.hu/belfold/2026/04/22/ukrajna-hitel-eu-rendelet-modositas-kormany-jovahagyas/
a92f3a93182c7630f7a01a9a9710fa645c1b479e1cb24a9d5b3b8ff6c8472417,2026-04-22 14:39:44.537878+00:00,hu,24.hu,24.hu,2026-04-22,"Megszólalt Menczer Tamás: Az emberek azt mondták, ezek mindent ellopnak, menjenek innen",https://24.hu/belfold/2026/04/22/menczer-tamas-valasztas-megszolalt/
4eb5d17006987fdadcf1e737af21007defc4b6ccaffca09c8cd3ec6994828786,2026-04-22 14:39:27.293257+00:00,hu,24.hu,24.hu,2026-04-22,"Kaptak 17 ezer eurót a nepáli vendégmunkások papírjainak elintézésére, majd benyelték a pénzt a vízumkérelmek elutasítása után",https://24.hu/belfold/2026/04/22/nepal-vendegmunkasok-vizum-lehuzas/
23ac78696455674f2a09d6a6522539feb744f169275bb922477504af3a736820,2026-04-22 14:38:40.677155+00:00,hu,24.hu,24.hu,2026-04-22,Szerves molekulákat talált a NASA a Marson,https://24.hu/tudomany/2026/04/22/mars-curiosity-szerves-molekulak/
a740642e427d72edb6208ec7f779d8ab55a0465dddd035fe04e4cb5b208123ed,2026-04-22 13:21:20.754290+00:00,hu,24.hu,24.hu,2026-04-22,"Mészáros Árpád Zsolt az Operettszínházról: Régóta suttogják, hogy a büfében lehallgatás van és az épület több más részében is",https://24.hu/szorakozas/2026/04/22/meszaros-arpad-zsolt-mazs-operettszinhaz-lehallgatas-szavazas/
20dea7117b73e8651a9d43926bb97235e8bb4e1ec4948d86432e2d2f0df0b0a1,2026-04-22 13:19:48.662555+00:00,hu,24.hu,24.hu,2026-04-22,Emmanuel Macron levelet írt Krasznahorkai Lászlónak,https://24.hu/kultura/2026/04/22/emmanuel-macron-krasznahorkai-laszlo/
027c6c6ccaab12575da46761799352264bc2d7eb72d2aea31b7af53c025f1ab5,2026-04-22 12:50:39.667568+00:00,hu,24.hu,24.hu,2026-04-22,Mától az összes budapesti metrón vásárolható vonaljegy egyetlen érintéssel,https://24.hu/tech/2026/04/22/pay-and-go-erinteses-fizetes-budapest-metro/
2110004fbc456720e5116be257e1e2358f30e87614337ad4d3d1041d7845c609,2026-04-22 12:50:10.817028+00:00,hu,24.hu,24.hu,2026-04-22,Nyári napok Grazban – ahol a múlt és a jövő egymás mellett él,https://24.hu/elet-stilus/2026/04/22/nyari-napok-grazban-ahol-a-mult-es-a-jovo-egymas-mellett-el/
a8673ffb385c077a7927e9fdb61836dc5b1dd6d1145a1b236c0f578aeb67a809,2026-04-22 12:50:05.121971+00:00,hu,24.hu,24.hu,2026-04-22,"Rebrov megúszta, nem kell a magyar válogatott ellen meccselnie",https://24.hu/sport/foci/2026/04/22/szerhij-rebrov-tavozik-ukran-focivalogatott/
2eeea59a8d553825425f7f598874556248000f789c8d6ee478298dc3a0179add,2026-04-22 12:49:59.442165+00:00,hu,24.hu,24.hu,2026-04-22,"Tragédia a 4-esen, egy 65 éves nő vesztette életét",https://24.hu/belfold/2026/04/22/karcag-4-es-fout-halalos-baleset/
14b3805e71af63e86873849d1d626a039403991743766c1de6d278830de8e537,2026-04-22 12:49:44.086372+00:00,hu,24.hu,24.hu,2026-04-22,Hetek óta nincs meg egy 11 éves kisfiú,https://24.hu/belfold/2026/04/22/komlo-eltunt-kisfiu-kereses/
aa8ffd0d9055d0608e33e7fd574b75822e0511eb37d1b0e1d159d389aa666a6d,2026-04-22 12:49:39.186911+00:00,hu,24.hu,24.hu,2026-04-22,Viggo Mortensennel és Ralph Fiennesszal készít Márai-adaptációt Szabó István,https://24.hu/kultura/2026/04/22/marai-szabo-istvan-viggo-mortensen-ralph-fiennes/
d9b416b07c6f9fa2943ac8d4642542c9a1df3b7406bff278a017b507149c157d,2026-04-22 12:49:25.050833+00:00,hu,24.hu,24.hu,2026-04-22,Márki-Zay Péter szívesen képviselné a népet köztársasági elnökként,https://24.hu/belfold/2026/04/22/marki-zay-peter-koztarsasagi-elnok/
bb59813df8d03f1baf9904c35da4a052c15f33819ff53b5b1497b82e91aa64da,2026-04-22 12:49:08.316818+00:00,hu,24.hu,24.hu,2026-04-22,"Gyanús"" lottónyeremények: hatósági vizsgálatot kezdeményez a Szerencsejáték Zrt.",https://24.hu/belfold/2026/04/22/gyanus-lottonyeremeny-hatosagi-vizsgalatot-szerencsejatek/
e0f84d51a9c7cdf57c3ae3f0e8637ff81c30a2304af3b1076db2b408c76c268b,2026-04-22 12:39:13.910936+00:00,hu,24.hu,24.hu,2026-04-22,Ruff Bálint: Ez a minisztérium lesz a rendszerváltás motorja,https://24.hu/belfold/2026/04/22/ruff-balint-miniszterelnokseget-vezeto-miniszter-tisza-kormany-magyar-peter-interju/
c7560c9858974d3ea47a8e6cad639be79ca070aa750d351697836b33ac65c18b,2026-04-22 12:36:13.212426+00:00,hu,444.hu,444.hu,2026-04-22,"Az ukránok szerint orosz rakéták repültek a csernobili atomerőmű közelében, ami súlyos balesetet okozhat",https://444.hu/2026/04/22/az-ukranok-szerint-orosz-raketak-repultek-a-csernobili-atomeromu-kozeleben-ami-sulyos-balesetet-okozhat?utm_source=rss_feed&utm_medium=rss&utm_campaign=rss_syndication
17f06fc723befdbed948232c30b8956623ca520aec5dd107d3a219aaad15bcd1,2026-04-22 12:35:25.503248+00:00,hu,444.hu,444.hu,2026-04-22,"A fideszesek szerint meg kellene szólítani az SZDSZ-es oktatásban meghülyített, drogmámorban lévő fiatalokat, csakhogy már viszi őket a frontra Ruszin-Szendi Romulusz",https://444.hu/2026/04/22/a-fideszesek-szerint-meg-kellene-szolitani-az-szdsz-es-oktatasban-meghulyitett-drogmamorban-levo-fiatalokat-csakhogy-mar-viszi-oket-a-frontra-ruszin-szendi-romulusz?utm_source=rss_feed&utm_medium=rss&utm_campaign=rss_syndication
2de4f006405fd4dd9a13d0d73bcf735a611e312888f949dfed4e1c60d0f8a755,2026-04-22 12:34:47.642942+00:00,hu,444.hu,444.hu,2026-04-22,Ilyen ez a tűzszünet: Irán rálőtt egy konténerhajóra a Hormuzi-szorosban,https://444.hu/2026/04/22/ilyen-ez-a-tuzszunet-iran-ralott-egy-kontenerhajora-a-hormuzi-szorosban?utm_source=rss_feed&utm_medium=rss&utm_campaign=rss_syndication
5553c109809bb0b6a5e9c2406854448522aeadea9281547363619b7d601e8940,2026-04-22 12:34:40.218888+00:00,hu,444.hu,444.hu,2026-04-22,"Nagy Mártonék utolsó jelentéséből kiderül, hogyan ürítették ki szinte teljesen az államkasszát a választás előtt",https://444.hu/2026/04/22/nagy-martonek-utolso-jelentesebol-kiderul-hogyan-uritettek-ki-szinte-teljesen-az-allamkasszat-a-valasztas-elott?utm_source=rss_feed&utm_medium=rss&utm_campaign=rss_syndication
23252639513ace7cbba0371e6eef1b1954c5c3eea64aa089d2976e46c9ef3597,2026-04-22 12:34:04.756726+00:00,hu,444.hu,444.hu,2026-04-22,Az ukrán külügyminiszter már felvette a kapcsolatot Orbán Anitával,https://444.hu/2026/04/22/az-ukran-kulugyminiszter-mar-felvette-a-kapcsolatot-orban-anitaval?utm_source=rss_feed&utm_medium=rss&utm_campaign=rss_syndication
544ca0fe79b98d08b5295ff2b1db5569f2d7653f2b2e56d49f663dcc2dfc3424,2026-04-22 11:46:44.457434+00:00,hu,24.hu,24.hu,2026-04-22,Török Gábor reagált Ruff Bálint miniszteri jelölésére,https://24.hu/belfold/2026/04/22/torok-gabor-ruff-balint-reakcio-ironia-propaganda-index/
b452bf55e1d7aa7869ed287e4f8db6ce6f32ebd13bb38f129e5eda490290aaab,2026-04-22 11:46:32.734368+00:00,hu,24.hu,24.hu,2026-04-22,"Molnár Gusztávék kislánya 12 napos lett, a színész el is küldte a feleségét körmöshöz",https://24.hu/szorakozas/2026/04/22/molnar-gusztav-apasag-hazassag/
4d297899a2e13ef36a851934919a5d6997f333639478e90d9f67af1f0e2ed8b9,2026-04-22 11:46:10.702705+00:00,hu,24.hu,24.hu,2026-04-22,"Téglával agyonverte a feleségét, majd felhívta a 112-t",https://24.hu/belfold/2026/04/22/eger-feleseggyilkos-letartoztatas/
beb13240e6674b1a1236c55015d91b1cc85c406d6bf3815c5cf3b4e153d5c7aa,2026-04-22 11:45:47.986056+00:00,hu,24.hu,24.hu,2026-04-22,Történelmi Oscar-jelölést kaphat A Hail Mary-küldetés űrlénye,https://24.hu/kultura/2026/04/22/a-hail-mary-kuldetes-oscar/
b318999af7f7cef944ccebf088f7c8a039bd9f04acfa0f22827c874b0a0bb271,2026-04-22 11:45:43.233348+00:00,hu,24.hu,24.hu,2026-04-22,"Egyetlen percet sem vesztegethetünk el"" – három légióst kitett a keretből a már kiesett Diósgyőr",https://24.hu/sport/foci/2026/04/22/diosgyor-nb-i-kieses-legiosok/
e467f5e1f2054264442db6d5f9b811fffdc9013b104f38e8105a1d20b7df7c1f,2026-04-22 11:45:21.130684+00:00,hu,24.hu,24.hu,2026-04-22,"Vallásfilozófus: Kövér László hangja nem az evangéliumé, hanem a pártiskoláé",https://24.hu/belfold/2026/04/22/gabor-gyorgy-kover-laszlo-satan-bolsevizmus/
b5dabf4eeac3f76a0301da17fb03711229a527e5781ef84dabf73200a8a2a3ed,2026-04-22 11:45:13.318272+00:00,hu,24.hu,24.hu,2026-04-22,Egy bravúros terv miatt tovább működhetnek a Voyager-űrszondák,https://24.hu/tech/2026/04/22/voyager-1-voyager-2-urszondak-tovabb-mukodhetnek/
7adb62b367b54e8fdc289bf26dfdb8b057744c5abdfaaab7bb4776aca39521db,2026-04-22 11:44:54.795375+00:00,hu,24.hu,24.hu,2026-04-22,"Fontos változást jelentett be a Ryanair, novembertől így kell számolni utazás előtt",https://24.hu/tech/2026/04/22/ryanair-valtozas-poggyaszfeladas/
f6a60e8ae9fa53380dd87c8ede6d0912d535fa745812e4e6d053c77ecea6ddb4,2026-04-22 11:44:49.809091+00:00,hu,24.hu,24.hu,2026-04-22,"Nagy Ervin: Tűz volt az iváncsai akkumulátorgyárban, több dolgozó kórházba került",https://24.hu/belfold/2026/04/22/nagy-ervin-tuz-ivancsai-akkumulatorgyar-dolgozo-korhaz/
7565da1349d79c8b891c20ab7cdb3b68789c0702fb6a113f502e42e0ea08caa8,2026-04-22 11:30:21.011314+00:00,hu,444.hu,444.hu,2026-04-22,"Saját magának köszönheti Orbán, hogy villámgyorsan leszedhetők az emberei",https://444.hu/2026/04/22/sajat-maganak-koszonheti-orban-hogy-villamgyorsan-leszedhetok-az-emberei
0b416a481b644cc995a9f8f1e502a5ab5fe21bcf3f380c1eb7070ac6f89112fc,2026-04-22 11:30:15.769865+00:00,hu,444.hu,444.hu,2026-04-22,"Olaszország bekérette az orosz nagykövetet, miután egy orosz műsorvezető fasiszta söpredéknek nevezte Melonit",https://444.hu/2026/04/22/olaszorszag-bekerette-az-orosz-nagykovetet-miutan-egy-orosz-musorvezeto-fasiszta-sopredeknek-nevezte-melonit
725d3e5329072a2b261219e6e04a1567b2c49b912e8bf5a1da8d98fff0fde3cf,2026-04-22 11:29:58.803491+00:00,hu,444.hu,444.hu,2026-04-22,Hivatali visszaélés gyanúja miatt indult nyomozás Szabó Bence százados nyilatkozata nyomán,https://444.hu/2026/04/22/hivatali-visszaeles-gyanuja-miatt-indult-nyomozas-szabo-bence-szazados-nyilatkozata-nyoman
0c5f6e4b130a2f348fc1e16a435ecca03649f2a1d111245e08015d1736c67887,2026-04-22 11:29:53.544704+00:00,hu,444.hu,444.hu,2026-04-22,Orbán Viktor meglátta az új célt: tovább harcol a homofób törvényért,https://444.hu/2026/04/22/orban-viktor-meglatta-az-uj-celt-tovabb-harcol-a-homofob-torvenyert
95af2cfb0abc38b6ecb78a4e50878f7d1c1d98ccd922765f37935dd596ef86e2,2026-04-22 11:29:44.032322+00:00,hu,444.hu,444.hu,2026-04-22,Égnek mered az óvszerek ára,https://444.hu/2026/04/22/egnek-mered-az-ovszerek-ara
f0a3995e95d9acac4b5814faa1ac6caf030af26ac41c0e8cfea598a11d2b7f2c,2026-04-22 11:29:35.867339+00:00,hu,444.hu,444.hu,2026-04-22,Mol: befejeződött a Barátság vezeték javítása,https://444.hu/2026/04/22/mol-befejezodott-a-baratsag-vezetek-javitasa
41d2a31a1a52ef29a74124d45c5b35714ac0bb89d88077d8c0dfa96abb010636,2026-04-22 11:29:22.621588+00:00,hu,444.hu,444.hu,2026-04-22,"Bezár az Electrolux jászberényi hűtőgyára, 600 embert bocsátanak el",https://444.hu/2026/04/22/bezar-az-electrolux-jaszberenyi-hutogyara-600-embert-bocsatanak-el
0df3a96e415f8ff40ee2e7be3f716219516717c1fdd70236f31912ed1c5067f7,2026-04-22 11:29:12.813808+00:00,hu,444.hu,444.hu,2026-04-22,"Schiffer András: Én nem mondtam soha, hogy szerintem ez vagy az fog nyerni",https://444.hu/2026/04/22/schiffer-andras-en-nem-mondtam-soha-hogy-szerintem-ez-vagy-az-fog-nyerni
287a49f89979f3180bfef8d857697b5ba4eff80d71b378c31b63226378e387e9,2026-04-22 11:29:07.347439+00:00,hu,444.hu,444.hu,2026-04-22,Márki-Zay Péter szívesen részt venne jelöltként egy közvetlen köztársasági elnökválasztáson,https://444.hu/2026/04/22/marki-zay-peter-szivesen-reszt-venne-jeloltkent-egy-kozvetlen-koztarsasagi-elnokvalasztason
267e3aa5cac587f0236fbe47ed5ec5a27c0c23a426da42a82fe32737e6281260,2026-04-22 11:28:56.393571+00:00,hu,444.hu,444.hu,2026-04-22,"Mexikóban fogták el a magyar drogkereskedőt, aki megszökött, miután 2020-ban hat év börtönre ítélték",https://444.hu/2026/04/22/mexikoban-fogtak-el-a-magyar-drogkereskedot-aki-megszokott-miutan-2020-ban-hat-ev-bortonre-iteltek
07ef3aa64af42de10c5da1e4204f34b167ebcf62aa2f0164232e410b483dc6bc,2026-04-22 11:28:49.483668+00:00,hu,444.hu,444.hu,2026-04-22,Nigéria 12 évvel az iskoláslányok elrablása után,https://444.hu/2026/04/22/nigeria-12-evvel-az-iskolaslanyok-elrablasa-utan
d5d85c1b0dcd9ba3831e59d7fe2f6f6a7889d3794ed98023e3de53f688640a4b,2026-04-22 11:28:46.242796+00:00,hu,444.hu,444.hu,2026-04-22,Bombariadó volt több montenegrói iskolában és a podgoricai repülőtéren is,https://444.hu/2026/04/22/bombariado-volt-tobb-montenegroi-iskolaban-es-a-podgoricai-repuloteren-is
c8c9fe6c9f347b842bb2a8ed246c8af1ba48cdec909fef7a2efcec2b2f67bae7,2026-04-22 11:28:39.488752+00:00,hu,444.hu,444.hu,2026-04-22,Ruff Bálint lesz a Tisza-kormány Miniszterelnökséget vezető minisztere,https://444.hu/2026/04/22/ruff-balint-lesz-a-tisza-kormany-miniszterelnokseget-vezeto-minisztere
037cfa79fe46773c55eba6e88292a1b8ea9f32e965e0a48c7e0c0baa44b3479d,2026-04-22 11:28:34.841466+00:00,hu,444.hu,444.hu,2026-04-22,"Vádat emeltek a gyógyászati segédeszközökkel visszaélő bűnszervezet tagjai, köztük 36 orvos ellen",https://444.hu/2026/04/22/vadat-emeltek-a-gyogyaszati-segedeszkozokkel-visszaelo-bunszervezet-tagjai-koztuk-36-orvos-ellen
f603ec43c4e5363c1410a79fe8809da102e54df952808dd16677d5b603b1e8f3,2026-04-22 11:28:27.886689+00:00,hu,444.hu,444.hu,2026-04-22,„Fußballgöttin!” – történelmet írt a Bundesliga első női vezetőedzője,https://444.hu/2026/04/22/fussballgottin-tortenelmet-irt-a-bundesliga-elso-noi-vezetoedzoje
c4ea210a66009da22e0a58ace221d5bd21aebed11ea83a20b07eecc10d389c3c,2026-04-22 11:28:19.644237+00:00,hu,444.hu,444.hu,2026-04-22,Valami nagyon furcsa dolog történik a köztévében,https://444.hu/2026/04/22/valami-nagyon-furcsa-dolog-tortenik-a-kozteveben
1bfab17cd92e1923f9eda66989a3ba2bc8fc0c4ed4b434555eb51ff10c54b704,2026-04-22 10:46:14.767099+00:00,hu,24.hu,24.hu,2026-04-22,Ruff Bálint miniszter lesz,https://24.hu/belfold/2026/04/22/ruff-balint-miniszter-lesz/
63e4c1359dbfb7af82c8e283ea9c4b4511e8649055c4e4acd61fa5935c96c46b,2026-04-22 09:30:26.448771+00:00,hu,24.hu,24.hu,2026-04-22,"Eltűnt az idősotthonból, egy hónappal később, egy erdőben találták meg a holttestét",https://24.hu/belfold/2026/04/22/elkoborolt-az-idosotthonbol-egy-honappal-kesobb-egy-erdoben-talaltak-meg-a-holttestet/
573c690153d8bec637da84bac9a1508f5e926b8822d18133d1c6058f2c3de6cf,2026-04-22 09:30:07.663363+00:00,hu,24.hu,24.hu,2026-04-22,Pálfordulás a Microsoftnál: váratlanul az Xbox Game Pass két csomagja is olcsóbb lett,https://24.hu/tech/2026/04/22/xbox-game-pass-arvaltozas-olcsobb-microsoft/
18189fe5b40b48f766400ce0388bd40e00867910f2076d3a8d5a529540669cd8,2026-04-22 09:29:19.541744+00:00,hu,24.hu,24.hu,2026-04-22,Ne kattintson: csalók küldenek fizetésre felszólító SMS-eket az MVM Next nevében,https://24.hu/belfold/2026/04/22/mvm-csalas-adathalaszat-rendorseg/
5ce3b42e1590fa14499763bdf106084fcbd7e544634aafeb81c292a6ff20dbeb,2026-04-22 08:40:48.410837+00:00,hu,24.hu,24.hu,2026-04-22,"Nem vagytok méltók erre a mezre!"" – tíz évvel a hihetetlen bajnoki cím után a harmadosztályig zuhant a Leicester",https://24.hu/sport/foci/2026/04/22/leicester-city-kieses-championship/
d3941af0d441b9c18ad6b3742a4e9ce150432bc1e73707e3e922e08e78df7fa5,2026-04-22 08:40:43.557436+00:00,hu,24.hu,24.hu,2026-04-22,"Meghalt Dave Mason, a Traffic egyik alapítója",https://24.hu/kultura/2026/04/22/dave-mason-meghalt-traffic/
d64128789d581f6b1ba5f7e17436ffcbe94e1ce3f250604390f82ad648120f3a,2026-04-22 08:40:38.533293+00:00,hu,24.hu,24.hu,2026-04-22,"Bezárja jászberényi hűtőgépgyárát az Electrolux, 600 embernek szűnik meg a munkája",https://24.hu/belfold/2026/04/22/jaszbereny-hutogepgyar-electrolux-bezaras-600-ember-kirugas/
905541c40d07f28c9690f90c19fd22f1a2907be69607990d398eb4b66e6ef67a,2026-04-22 08:40:25.566091+00:00,hu,24.hu,24.hu,2026-04-22,"Havas Henrik a feltámasztott Heti Hetesről: Annyira unalmas volt, hogy közben olvastam",https://24.hu/szorakozas/2026/04/22/havas-henrik-heti-hetes-kritika/
a3ef0a065af18c809743554133009cc2c1c5d4721740caa46f6e29ccafb93ac0,2026-04-22 08:40:20.846760+00:00,hu,24.hu,24.hu,2026-04-22,Orbán Balázs a Tanút idézve kelt ki a fideszes gyermekvédelmi törvény elkaszálása ellen,https://24.hu/belfold/2026/04/22/orban-balazs-gyermekvedelmi-torveny-fidesz-gender/
de812f988c0c2df86d3af1bd6fed0267f1b63889ad85aa0a9e0f46ac587721db,2026-04-22 08:39:53.443655+00:00,hu,24.hu,24.hu,2026-04-22,"Most már jó lenne, ha legalább csöndben lennél"" – kommentben esett egymásnak Demeter Szilárd és L. Simon László",https://24.hu/kultura/2026/04/22/l-simon-laszlo-demeter-szilard/
25862b30085af6eac3335a5e29dee38183fe54ae5e5d10a5a5f7602e6d725062,2026-04-22 08:39:22.582894+00:00,hu,24.hu,24.hu,2026-04-22,Vidéki prókátor: Sulyoknak mennie kell,https://24.hu/belfold/2026/04/22/videki-prokator-sulyok-tamas-magyar-peter/
8b03e96d9ec6c1fd154adbb26a95513c9153ae4ad19ba12f724d6bf2f4749102,2026-04-22 08:39:16.241892+00:00,hu,24.hu,24.hu,2026-04-22,"Idén is lesz Exek csatája, íme az első nyolc szereplő",https://24.hu/szorakozas/2026/04/22/exek-csataja-masodik-evad-szereplok/
64bd3679983e94c67faf4e80baf79e7009a7be00124f25662839ed9f53f835d1,2026-04-22 08:39:11.420663+00:00,hu,24.hu,24.hu,2026-04-22,"Népszavazást kezdeményezett arról, hogy a Fidesz-KDNP terrorszervezet",https://24.hu/belfold/2026/04/22/fidesz-kdnp-terrorszervezet-nepszavazas/
2080cb6cf6eacf26d242b79498157eaf08d35c3079e70467bf9b91c817d76052,2026-04-22 08:38:59.660315+00:00,hu,24.hu,24.hu,2026-04-22,A Magyarországon bujkáló Nikola Gruevszkinek szerb és magyar útlevele is van – állítja az északmacedón ellenzék,https://24.hu/kulfold/2026/04/22/magyarorszag-nikola-gruevszkinek-utlevel-eszakmacedon-ellenzek/
24bbf30aa1b3c84e15f9537288ab82b735b9884c4fadc65ab0170c8c77bf59d9,2026-04-22 08:25:49.702615+00:00,hu,444.hu,444.hu,2026-04-22,"Bizalmi szavazást kér maga ellen a kajakszövetség elnöke, a leköszönő, sportért felelős helyettes államtitkár",https://444.hu/2026/04/22/bizalmi-szavazast-ker-maga-ellen-a-kajakszovetseg-elnoke-a-lekoszono-sportert-felelos-helyettes-allamtitkar?utm_source=hirstart&utm_medium=referral&utm_campaign=ct
6fa01f9fe55003aede6e9e294e93b47fb630f2b253b25c84bf80696eab75de37,2026-04-22 07:22:39.753606+00:00,hu,24.hu,24.hu,2026-04-22,"A kifütyült Vinícius nagy gólt lőtt, majd bocsánatot kért a Real-drukkerektől",https://24.hu/sport/foci/2026/04/22/vinicius-junior-bombagol-bocsanatkeres-real-madrid-alaves/
cbec087ae8b408c0ec7c5d95a97c1983f9f279bfea3bf6c78c0579ce53433e11,2026-04-22 07:22:23.698182+00:00,hu,24.hu,24.hu,2026-04-22,"Fejvadászok fogták el a legkeresettebb magyar drogbárót, aki álnéven élt Mexikóban",https://24.hu/kulfold/2026/04/22/magyar-drogbaro-mexiko-elfogas-fbi/
0f894755d5ec2a184f3d6f4ae6f5351a67c9b96e18cb740e1d122f2b1746ebf9,2026-04-22 07:22:18.905819+00:00,hu,24.hu,24.hu,2026-04-22,Súlyos baleset: kamion ütközött személyautóval,https://24.hu/belfold/2026/04/22/baleset-kamion-auto-m1/
b8ba33893b985ede0a37a012a1e83e4625ca220c61a384ec9439d9b6dbf8648f,2026-04-22 06:29:27.422317+00:00,hu,24.hu,24.hu,2026-04-22,"Az M1 híradó közölte, valótlanul híresztelték, hogy Tóta W. Árpád szado-mazo szexet népszerűsít gyerekeknek",https://24.hu/belfold/2026/04/22/kozteve-helyreigazitas-tota-w-arpad-szado-mazo-szex/
e47c055c3ae9d3d626245409d5909871328ece6cb1c0b5e45781aaa7f4ec0e60,2026-04-22 06:29:22.519494+00:00,hu,24.hu,24.hu,2026-04-22,Szabados Ági és férje először adtak közös interjút,https://24.hu/szorakozas/2026/04/22/szabados-agi-ferje-kozos-interju/
1ef8d12f3c88bb2d03547a81e19de5277a16f8dbd61ac65c04566ca367df64be,2026-04-22 06:29:11.602679+00:00,hu,24.hu,24.hu,2026-04-22,"Jóváhagyja az Oroszország elleni szankciókat Szlovákia, ha újraindul a Barátság kőolajvezeték",https://24.hu/belfold/2026/04/22/szlovakia-baratsag-koolajvezetek/
71f09b68fc24c0e9a9aba90a3d0245de3df2c60d68aaf6bd82d4838581914922,2026-04-22 06:23:04.783993+00:00,hu,444.hu,444.hu,2026-04-22,"„A párbeszéd, a megbékélés nem valósulhat meg elszámoltatás nélkül Erdélyben sem”",https://444.hu/2026/04/22/a-parbeszed-a-megbekeles-nem-valosulhat-meg-elszamoltatas-nelkul-erdelyben-sem?utm_source=rss_feed&utm_medium=rss&utm_campaign=rss_syndication
a367de0e706504f5325338389d963b4cc128f2cf1017a8d610fda1eb83cad2a4,2026-04-22 06:22:42.446206+00:00,hu,444.hu,444.hu,2026-04-22,"Bemondták az M1 híradóban, hogy valótlanul híresztelték, Tóta W. Árpád szado-mazo szexet népszerűsít gyerekeknek",https://444.hu/2026/04/22/bemondtak-az-m1-hiradoban-hogy-valotlanul-hireszteltek-tota-w-arpad-szado-mazo-szexet-nepszerusit-gyerekeknek?utm_source=rss_feed&utm_medium=rss&utm_campaign=rss_syndication
b073e67ecf624c59624fb95b6ae827f0021da0c60d956ef2b1d9b784df263e8b,2026-04-22 06:22:18.336859+00:00,hu,444.hu,444.hu,2026-04-22,Trump határozatlan időre hosszabbítaná az iráni tűzszünetet,https://444.hu/2026/04/22/trump-hatarozatlan-idore-hosszabbitana-az-irani-tuzszunetet?utm_source=rss_feed&utm_medium=rss&utm_campaign=rss_syndication
f66553a9f3febf6c27ae23b2fe9ea4dd85c775f9f0a8382d6377af5dba221c4f,2026-04-22 06:22:00.626763+00:00,hu,444.hu,444.hu,2026-04-22,Matolcsy Ádám barátjának cége megszüntette két bankszámláját,https://444.hu/2026/04/22/matolcsy-adam-bartaja-somlai-balint-cege-megszuntette-ket-bankszamlajat?utm_source=rss_feed&utm_medium=rss&utm_campaign=rss_syndication
93a7275147a33e6781ade6724ba57935fa39eae3c6387b49bad516cea42133be,2026-04-22 06:21:54.178559+00:00,hu,444.hu,444.hu,2026-04-22,"Nyilvánosan esett egymásnak a két fideszes kultúrember, L. Simon László és Demeter Szilárd",https://444.hu/2026/04/22/nyilvanosan-esett-egymasnak-a-ket-fideszes-kulturember-l-simon-laszlo-es-demeter-szilard?utm_source=rss_feed&utm_medium=rss&utm_campaign=rss_syndication
7fe25dbc6d921ce2afcb80a2f8d7989773c0d1a824b76b6e2440245d2b1f2531,2026-04-22 05:36:08.238554+00:00,hu,24.hu,24.hu,2026-04-22,Szabó Bence állításai nyomán nyomoz az ügyészság,https://24.hu/belfold/2026/04/22/szabo-bence-nyomozas-ugyeszseg-hivatali-visszaeles-gundalf/
56db43fe73a6c4c42cbabf8a9a1f71ee5b2ec1325bf097b28327f39d897c6247,2026-04-22 05:35:08.693682+00:00,hu,24.hu,24.hu,2026-04-22,"Szerdai friss hírek, forgalom, időjárás – Reggeli pakk",https://24.hu/belfold/2026/04/22/szerdai-friss-hirek-forgalom-idojaras-reggeli-pakk-429/
67530dbc93a5bff2b19d74dca9186b893186aa32448b287776bf333a37a85eaa,2026-04-22 05:34:34.253884+00:00,hu,24.hu,24.hu,2026-04-22,Egyedi Dior pelenkában került címlapra Rihanna hét hónapos kislánya,https://24.hu/szorakozas/2026/04/22/rihanna-kislanya-kozos-cimlap-dior-pelenka/
6dca0ae9b02718e24967d152b671f0729b71585d7c85505ad2d6f9803a0b171e,2026-04-22 05:34:12.409271+00:00,hu,24.hu,24.hu,2026-04-22,"Wolf Kati: Nem pont azért szavazott az ország a változásra, hogy végre ne csak egyik, vagy másik vélemény lehessen, hanem legyenek középutak?",https://24.hu/szorakozas/2026/04/22/puzser-robert-wolf-kati-poszt-reakcio/
9241f0784d7a9966466d188bb7a6a65ea01eb29decaa928619a3906c1d70c741,2026-04-22 05:34:07.408892+00:00,hu,24.hu,24.hu,2026-04-22,"Corvin-láncot kapott az ""Antigenderista eskü"" szerzője",https://24.hu/belfold/2026/04/22/kozlony-sulyok-tamas-corvin-lanc-parlament-szenteste/
b986a58ca7cfa61950e2eb8841d833483c9ff27727d629f3d1695ff0ce1851ec,2026-04-22 05:23:14.689431+00:00,hu,24.hu,24.hu,2026-04-22,"Hogy kiszűrje a nem hívőket, India egyik legszentebb temploma brutális intézkedést vezet be",https://24.hu/elet-stilus/2026/04/22/india-hinduizmus-zarandoklat-tehen-gangotri-panchgavya/
849580f0e432e100c65afe8e3fe9dc85e4b6f7797a5dd54ca877b6021a009e93,2026-04-22 05:22:42.531240+00:00,hu,24.hu,24.hu,2026-04-22,Minőség és szemléletváltás: így segít az SOS Gyermekfalvak a gyermekvédelemben,https://24.hu/belfold/2026/04/22/minoseg-es-szemleletvaltas-igy-segit-az-sos-gyermekfalvak-a-gyermekvedelemben/
d9153fd2f880b429f9f24b6aa16c11d892c6a2e668d1f9db92d1643804ef5adf,2026-04-22 05:22:30.604466+00:00,hu,24.hu,24.hu,2026-04-22,Kvíz: felismered a magyar hírességeket csak a mosolyuk alapján?,https://24.hu/szorakozas/2026/04/22/kviz-magyar-hiressegek-mosoly/
a528dcb80b5094aa907f53e26604609da503f7b94fdfeb7a2c7a3eb84a2d6233,2026-04-22 05:22:25.684701+00:00,hu,24.hu,24.hu,2026-04-22,Felismered a várost? Kvíz időutazóknak,https://24.hu/kultura/2026/04/22/kviz-idoutazas-retro-foto-fortepan/
4b3555af888efa901d1ae411d1803fb5af715999d4a290c62ea0bf654cff5a55,2026-04-22 05:22:20.399171+00:00,hu,24.hu,24.hu,2026-04-22,"Akik eddig a propaganda működtetését végezték, eltűnnek"" – mi vár a közmédiára, és mit várhatunk tőle?",https://24.hu/belfold/2026/04/22/kozmedia-propaganda-tisza-magyar/
4391a9957e5a7dbcbddc6718a4eb7c2f73c0da2d87e87fd0aa12ed7b2dd34b5d,2026-04-22 03:34:04.626229+00:00,hu,24.hu,24.hu,2026-04-22,"Föld napja kvíz: vigyázz, brutál nehéz!",https://24.hu/elet-stilus/2026/04/22/fold-napja-2026-kviz/
3b4ffc7a06c2f4262c233a1a1d908f47ecefffddffb65ccced43e05df3593e8e,2026-04-22 03:21:07.982311+00:00,hu,24.hu,24.hu,2026-04-22,Budapesti merényletekre adott utasítást Moammer Kadhafi,https://24.hu/tudomany/2026/04/22/merenylet-robbantas-budapest-kadhafi/
6930ce9ab3a457041347a85398bbb0e483ca9aeca32b5031d19eaabf92cb7966,2026-04-22 03:20:18.809268+00:00,hu,24.hu,24.hu,2026-04-22,"Részegen elesett a bringájával, mentőhelikopter vitte kórházba az olimpiai bronzérmest",https://24.hu/sport/2026/04/22/siugras-robert-kranjec-sulyos-kerekparos-baleset/
ac851ca6b94f5c79a4a5eb4b170f30dd141dbf7242ae612d907f70c5430e3817,2026-04-21 23:21:00.725903+00:00,hu,24.hu,24.hu,2026-04-22,Acélépítési trendek 2026: beruházások rajtra készen,https://24.hu/fn/gazdasag/2026/04/22/acelepitesi-trendek-2026-beruhazasok-rajtra-keszen/
20f87d2561b605b9eccca9b6b8707261d79887d26903d0f59c540157562fb9e4,2026-04-21 23:20:45.937022+00:00,hu,444.hu,444.hu,2026-04-22,Orbán maradék hatalma és a távozó fideszesek,https://444.hu/2026/04/22/orban-maradek-hatalma-es-a-tavozo-fideszesek?utm_source=rss_feed&utm_medium=rss&utm_campaign=rss_syndication
1501604bd7a9509fcc9a4b13ad83275e416243e8031e52887f0e8a6841d867b3,2026-04-21 22:25:00.915754+00:00,hu,444.hu,444.hu,2026-04-21,„LMBT-propagandának” minősített könyvek miatt vették őrizetbe a legnagyobb orosz könyvkiadó vezetőjét,https://444.hu/2026/04/21/lmbt-propagandanak-minositett-konyvek-miatt-vettek-orizetbe-a-legnagyobb-orosz-konyvkiado-vezetojet?utm_source=rss_feed&utm_medium=rss&utm_campaign=rss_syndication
e2988a9716846f4dbd9293d2610592613b620dce524270365f1c45b830d7a50c,2026-04-21 22:24:59.776956+00:00,hu,24.hu,24.hu,2026-04-21,"Közel volt a nagy bravúrhoz a Honvéd, de tizenegyesekkel a ZTE jutott be a Magyar Kupa döntőjébe",https://24.hu/sport/foci/2026/04/21/magyar-kupa-elodonto-zte-budapest-honved/
ba97a6c3355deec99a1f22ac279f38d31aab2f0da37acfd9d689ae28dd840c13,2026-04-21 22:24:55.736113+00:00,hu,444.hu,444.hu,2026-04-21,Hova tűnt Lánczi Tamás és a Szuverenitásvédelmi Hivatal?,https://444.hu/2026/04/21/hova-tunt-lanczi-tamas-es-a-szuverenitasvedelmi-hivatal?utm_source=rss_feed&utm_medium=rss&utm_campaign=rss_syndication
dfddfe6b30530622f9de96aae122c476222a44bf559e886f0e2009be6627497b,2026-04-21 22:24:45.792956+00:00,hu,444.hu,444.hu,2026-04-21,"Egyeztetett Magyar Péter 15 gimnáziumi igazgatóval, szerinte minden jó lesz",https://444.hu/2026/04/21/egyeztetett-magyar-peter-a-17-gimis-igazgatoval-minden-jo-lesz?utm_source=rss_feed&utm_medium=rss&utm_campaign=rss_syndication
6429605f875a8702123c58806b8773cf7e0dc664b7ee69816627540893e21c63,2026-04-21 22:24:37.403434+00:00,hu,444.hu,444.hu,2026-04-21,"Ukrajna évekre lemondana az agrártámogatásokról, hogy hamarabb csatlakozhasson az EU-hoz",https://444.hu/2026/04/21/ukrajna-evekre-lemondana-az-agrartamogatasokrol-hogy-hamarabb-csatlakozhasson-az-eu-hoz?utm_source=rss_feed&utm_medium=rss&utm_campaign=rss_syndication
02a594a9e7d2a88268ddf26eb1ce8e3026b6f42edb3e99c3421534be996c7652,2026-04-21 22:24:07.616192+00:00,hu,444.hu,444.hu,2026-04-21,"Az Anthropic inkább nem mutatta be a legújabb AI-modelljét, arra hivatkozva, hogy az túl nagy veszélyt jelentene a világra",https://444.hu/2026/04/21/az-anthropic-inkabb-nem-mutatta-be-a-legujabb-ai-modelljet-arra-hivatkozva-hogy-az-tul-nagy-veszelyt-jelentene-a-vilagra?utm_source=rss_feed&utm_medium=rss&utm_campaign=rss_syndication
a63df8335ab1c4b5bb6e2b216b8e2b247689e213f3d66b501dc91ca47a750959,2026-04-21 22:24:02.581221+00:00,hu,444.hu,444.hu,2026-04-21,"Valódi tudományos autonómiát, szakmai önállóságot és az Orbán alatt központosított tudomány decentralizálását kérik a kutatóintézetek vezetői az új kormánytól",https://444.hu/2026/04/21/valodi-tudomanyos-autonomiat-szakmai-onallosagot-es-az-orban-alatt-kozpontositott-tudomany-decentralizalasat-kerik-a-kutatointezetek-vezetoi-az-uj-kormanytol?utm_source=rss_feed&utm_medium=rss&utm_campaign=rss_syndication
a57767056d0a1fb26d6d311780a68a94d70ad30b97ae5f691a4981cfa054dd6d,2026-04-21 22:23:57.803069+00:00,hu,24.hu,24.hu,2026-04-21,114 éve nem érte ilyen durva pofon a Chelsea-t,https://24.hu/sport/foci/2026/04/21/premier-league-brighton-chelsea/
c020b8dc2e833dacee4b78aaab07871fe6dba8bafeddef8e0d3f2e3c1b592987,2026-04-21 22:23:57.230630+00:00,hu,444.hu,444.hu,2026-04-21,Matolcsy Ádámnak már négy éve van tartózkodási engedélye Dubajban,https://444.hu/2026/04/21/matolcsy-adamnak-mar-negy-eve-van-tartozkodasi-engedelye-dubajban?utm_source=rss_feed&utm_medium=rss&utm_campaign=rss_syndication
f693e45197add1609649b3fbe8639f67ac66b74055a4f70ddc997f23f8d3d837,2026-04-21 22:23:52.939399+00:00,hu,24.hu,24.hu,2026-04-21,"Olasz Kupa: Calhanoglu klasszisa döntött, az Inter az első döntős",https://24.hu/sport/foci/2026/04/21/olasz-kupa-elodonto-visszavago-inter-como/
8e37f1b5cb76a343d69049ad6559a94aa6bed217cc298ad1dc3b8b6d018b03d6,2026-04-21 22:23:37.003383+00:00,hu,444.hu,444.hu,2026-04-21,"Ukrajna kész lenne akár Trumpról is elnevezni a Donbaszt, hogy megnyerjék az amerikai elnököt",https://444.hu/2026/04/21/ukrajna-kesz-lenne-akar-trumprol-is-elnevezni-a-donbaszt-hogy-megnyerjek-az-amerikai-elnokot?utm_source=rss_feed&utm_medium=rss&utm_campaign=rss_syndication
f03bc8d7ad3c7c61678f53b5ce5e3cbb5ccc83e51fa10181cd7dfaa1d68e1826,2026-04-21 22:23:29.367344+00:00,hu,444.hu,444.hu,2026-04-21,Vučić meghívta Magyar Pétert Szerbiába,https://444.hu/2026/04/21/vucic-meghivta-magyar-petert-szerbiaba?utm_source=rss_feed&utm_medium=rss&utm_campaign=rss_syndication
cb74c9001e2c6e3ec002b9ee31d6871764b3676d66e218ea188ed50fe3db0a55,2026-04-21 22:23:25.308250+00:00,hu,444.hu,444.hu,2026-04-21,"Nem boldogok Brüsszelben a bolgár választások eredményétől, de új Orbánról még korai lenne beszélni",https://444.hu/2026/04/21/nem-boldogok-brusszelben-a-bolgar-valasztasok-eredmenyetol-de-uj-orbanrol-meg-korai-lenne-beszelni?utm_source=rss_feed&utm_medium=rss&utm_campaign=rss_syndication
f8cb013d3d3ded8b3d6ad8972b7ee2fc3e3e82d2219fef7524b0791ad9a3f765,2026-04-21 20:45:17.947532+00:00,hu,atlatszo.hu,atlatszo.hu,2026-04-21,Agrárpénzekkel ügyeskedő magyar céghálózat az OLAF 2025-ös jelentésében,https://atlatszo.hu/kozpenz/2026/04/21/agrarpenzekkel-ugyeskedo-magyar-ceghalozat-az-olaf-2025-os-jelenteseben/
991fc7427df52bfb57479eb38ab5ed15df9cdfaeebb965e2ffd1a49abd901621,2026-04-21 20:44:47.048786+00:00,hu,24.hu,24.hu,2026-04-21,"Addig ünnepelte magát a maratonfutó, amíg a célvonal előtt megelőzték",https://24.hu/sport/2026/04/21/maratonfuto-celvonal-elotti-elozes/
3ee10b38cd5a0aa70c28ff5cf9c9446738a1e90ced47ede845ac4f6c116686aa,2026-04-21 20:41:36.350484+00:00,hu,24.hu,24.hu,2026-04-21,"Magyar Péter egyeztetett a gimnáziumi igazgatókkal, de a miniszter személye nem került szóba",https://24.hu/belfold/2026/04/21/magyar-peter-egyeztetes-gimnazium/
87a1b7437e4f7b3ed8df453fea356f3038d9375a8f250bb15e54e715f2c24297,2026-04-21 20:41:31.717745+00:00,hu,24.hu,24.hu,2026-04-21,A nap legfontosabb hírei – 2026.04.21.,https://24.hu/belfold/2026/04/21/a-nap-legfontosabb-hirei-2026-04-21/
285534c7a0dda97ba2d1b7859bbd180744e2088302929acd0e2850f988423a18,2026-04-21 20:41:07.431387+00:00,hu,24.hu,24.hu,2026-04-21,"XIV. Leó: Gyilkos az a gazdaság, amelyben a profitot helyezik mindenek fölé",https://24.hu/kulfold/2026/04/21/xiv-leo-papa-haboru-kapitalizmus/
6b22a4471ebd610bd6b9e2c53808dc93e92051009014ef27f7da48977ef0da79,2026-04-21 19:36:50.276979+00:00,hu,24.hu,24.hu,2026-04-21,"Ha nem tenném, elismerném"" – Borbás Marcsi beperli az őt árulónak nevező Kocsis Mátét",https://24.hu/szorakozas/2026/04/21/borbas-marcsi-kocsis-mate-arulo-per-politika-kozteve/
dbffbe0e1c5e2c3ea45db8bba56605330bed66ca471af1cc1d345af3276e8571,2026-04-21 19:36:26.002078+00:00,hu,24.hu,24.hu,2026-04-21,"Erzsébetet nem a trónra szánták, mégis a korona lett a végzete – így telt az évszázad királynőjének gyerekkora",https://24.hu/szorakozas/2026/04/21/erzsebet100-ii-erzsebet-kiralyno-gyerekkora/
0b387b90c19642c0e36527f1a3b4d73d80fdea41bcfc50cfd6815ad099ab6308,2026-04-21 18:43:14.673137+00:00,hu,24.hu,24.hu,2026-04-21,Serie A-botrány: futballsztárok keveredtek a prostitúciós ügybe,https://24.hu/sport/foci/2026/04/21/serie-a-botrany-prostitucio-kejgaz/
db907abecbab6f88cdba0a12433b100d4bd0098d5741e078a6338ec132721937,2026-04-21 18:41:40.163572+00:00,hu,24.hu,24.hu,2026-04-21,A roma nemzetiségi listára érkezett szavazatok közel negyede érvénytelen volt,https://24.hu/belfold/2026/04/21/roma-nemzetisegi-lista-valasztas-2026/
9e0564341e947556a7b5afe53060a8ce880e4264957b1fe6b90f6e118fd638bd,2026-04-21 18:31:12.405619+00:00,hu,24.hu,24.hu,2026-04-21,"1,7 millió forintba került Nagy Mártonék Fertő tavi kitelepülése",https://24.hu/belfold/2026/04/21/nagy-marton-ferto-to-ut-ar/
2c0b7a67b5e33abb53e4f6811b055b29d958cecd5b8a2eed3ddb249f3a4afc2f,2026-04-21 18:19:12.630437+00:00,hu,444.hu,444.hu,2026-04-21,"Pásztor Bálint nem szégyelli, hogy a VMSZ Orbán Viktor mellett kampányolt",https://444.hu/2026/04/21/pasztor-balint-nem-szegyelli-hogy-a-vmsz-orban-viktor-mellett-kampanyolt?utm_source=rss_feed&utm_medium=rss&utm_campaign=rss_syndication
9c412cb8761d46aa38de014261aad797bdabb75600d9f21656e1aed50f33832c,2026-04-21 18:19:07.590420+00:00,hu,444.hu,444.hu,2026-04-21,"Halálra gázolta a defektes autó mellett álló gyereket és az anyját a leállósávban, két év letöltendőt kapott",https://444.hu/2026/04/21/halalra-gazolta-a-defektes-auto-mellett-allo-gyereket-es-az-anyjat-a-leallosavban-ket-ev-letoltendot-kapott?utm_source=rss_feed&utm_medium=rss&utm_campaign=rss_syndication
a7a06c1e4afbd38fabaa905a4a17d156527cb02964a43588c9dc19d77bc49e4c,2026-04-21 18:18:59.961203+00:00,hu,444.hu,444.hu,2026-04-21,"Gulyás Gergely szerint méltatlan támadni Ágh Pétert csak azért, mert egy kamujelöltnek köszönheti a győzelmét",https://444.hu/2026/04/21/gulyas-gergely-szerint-meltatlan-tamadni-agh-petert-csak-azert-mert-egy-kamujeloltnek-koszonheti-a-gyozelmet?utm_source=rss_feed&utm_medium=rss&utm_campaign=rss_syndication
5e6e8bc840fa5c922fa9ca35c09bc3a85fadfda2d0804884a9aff0817fbbde5c,2026-04-21 18:18:41.529201+00:00,hu,444.hu,444.hu,2026-04-21,Ukrajna megjavította a Barátság kőolajvezetéket,https://444.hu/2026/04/21/ukrajna-megjavitotta-a-baratsag-koolajvezeteket?utm_source=rss_feed&utm_medium=rss&utm_campaign=rss_syndication
a85f474ac2148af817bdcdea16835bf5d8ac22b0f73c791409a98a63a3a033d1,2026-04-21 18:18:30.598527+00:00,hu,444.hu,444.hu,2026-04-21,Tacskókat a minisztériumokba: a kölyökkutyák imádják az iratdarálós kormányváltást,https://444.hu/2026/04/21/tacskokat-a-miniszteriumokba-a-kolyokkutyak-imadjak-az-iratdaralos-kormanyvaltast?utm_source=rss_feed&utm_medium=rss&utm_campaign=rss_syndication
48fafe694052df01a54231681ed1de9a7f4c6d28cf64e9230a06880320684904,2026-04-21 18:18:25.410913+00:00,hu,444.hu,444.hu,2026-04-21,A Líra már várja a könyvfóliázások végét,https://444.hu/2026/04/21/a-lira-mar-varja-a-konyvfoliazasok-veget?utm_source=rss_feed&utm_medium=rss&utm_campaign=rss_syndication
26ee4da0dddb20b6763892592f7f1522c76ebe5692b01e43daf124f5af399990,2026-04-21 18:18:00.239430+00:00,hu,444.hu,444.hu,2026-04-21,"„Szép állapotú Novák Előd kizárólag személyes átvételre"", „Radnai Márk-toll, amivel történelmet írtunk"" – big business lett a rendszerváltás a Vinteden",https://444.hu/2026/04/21/szep-allapotu-novak-elod-kizarolag-szemelyes-atvetelre-radnai-mark-toll-amivel-tortenelmet-irtunk-big-business-lett-a-rendszervaltas-a-vinteden?utm_source=rss_feed&utm_medium=rss&utm_campaign=rss_syndication
e5beb611f4c7f901275d9cb3a1af0fdc1421fe4ce504feeefb63252ea19b2a66,2026-04-21 18:17:55.088808+00:00,hu,444.hu,444.hu,2026-04-21,"Pánik Szombathelyen az azbesztszennyezés miatt: egy sor közterületet lezárnak, szájmaszkot osztanak a lakosoknak, esnek az ingatlanárak",https://444.hu/2026/04/21/panik-szombathelyen-az-azbesztszennyezes-miatt-egy-sor-kozteruletet-lezarnak-szajmaszkot-osztanak-a-lakosoknak-esnek-az-ingatlanarak?utm_source=rss_feed&utm_medium=rss&utm_campaign=rss_syndication
5f0367edf0aa3be8f34d3737780ed56fd923de5255e56477846ac9c957a9a378,2026-04-21 18:17:50.003522+00:00,hu,444.hu,444.hu,2026-04-21,Orvosbárók és orvosoligarchák befolyásolják a magyar egészségügyet az Orvosi Kamara szerint,https://444.hu/2026/04/21/orvosbarok-es-orvosoligarchak-befolyasoljak-a-magyar-egeszsegugyet-az-orvosi-kamara-szerint?utm_source=rss_feed&utm_medium=rss&utm_campaign=rss_syndication
8f13847cc8054749edbb003f4f6bbc516fd307cbe230bf153db840458bbf6639,2026-04-21 18:17:39.874492+00:00,hu,444.hu,444.hu,2026-04-21,"16 kép arról, milyen volt a NER",https://444.hu/2026/04/21/16-kep-arrol-milyen-volt-a-ner?utm_source=rss_feed&utm_medium=rss&utm_campaign=rss_syndication
b7540e4c511beed99bf6783d8956ffcec1f9e34e990c3ad67d160a9fa9a5ea1e,2026-04-21 18:17:30.900461+00:00,hu,444.hu,444.hu,2026-04-21,Május 9-én alakul meg az új Országgyűlés,https://444.hu/2026/04/21/majus-9-en-alakul-meg-az-uj-orszaggyules?utm_source=rss_feed&utm_medium=rss&utm_campaign=rss_syndication
2acf0f0948d26d1581bf391097c44c39da64d716ddbdf6ffac2aced844628d72,2026-04-21 18:17:22.064996+00:00,hu,444.hu,444.hu,2026-04-21,"Takács Péter anyázva szólt vissza, amikor a sógora bizniszéről kérdezték",https://444.hu/2026/04/21/takacs-peter-anyazva-szolt-vissza-amikor-a-sogora-bizniszerol-kerdeztek?utm_source=rss_feed&utm_medium=rss&utm_campaign=rss_syndication
45d716e6c99e8aacaf6a528a9e94e45ccd56f8e27cbd9d44f19db676bc39f4c7,2026-04-21 18:17:18.547911+00:00,hu,444.hu,444.hu,2026-04-21,"Szerdán Magyarország is rábólinthat az ukrán hitelre, mehet Kijevbe a 90 milliárd euró",https://444.hu/2026/04/21/szerdan-magyarorszag-is-rabolinthat-az-ukran-hitelre-mehet-kijevbe-a-90-milliard-euro?utm_source=rss_feed&utm_medium=rss&utm_campaign=rss_syndication
b98c6384b080d21443749c444714f806507a8712227300194a69fcd9c2819f9d,2026-04-21 17:48:07.450781+00:00,hu,24.hu,24.hu,2026-04-21,"BBC: Pendrive-okkal keresték meg hivatalnokok a Tiszát, hogy megtarthassák az állásukat",https://24.hu/belfold/2026/04/21/bbc-pendriveokkal-kerestek-meg-hivatalnokok-a-tiszat-hogy-megtarthassak-az-allasukat/
abd6fe8a84ed14e9579626f37a9da56e037681d9dbeaf16b54f7325902409ba0,2026-04-21 17:47:40.365911+00:00,hu,24.hu,24.hu,2026-04-21,Cser-Palkovics András nem mond le,https://24.hu/belfold/2026/04/21/cser-palkovics-andras-lemondas-magyar-peter/
fae8d834abaecb5bf899c1a75ec7679acb943df0b59916fc830a85810e79f573,2026-04-21 17:47:35.290653+00:00,hu,24.hu,24.hu,2026-04-21,Kiderült a parlament alakuló ülésének időpontja,https://24.hu/belfold/2026/04/21/parlament-alakulo-ules-idopont-mikor-lesz-magyar-peter-esku/
445ba84846ca3fab8fb1f81a227efd3b822cabaa11eae7b40c279914c251ac5d,2026-04-21 17:47:29.595696+00:00,hu,24.hu,24.hu,2026-04-21,"Sport Bild: feltett egy kérdést a szegedi vezetés, majd másnap kirúgta irányítóját",https://24.hu/sport/2026/04/21/kezilabda-szeged-jim-gottfridsson-sport-bild-sajtohir/
30d41e7db42d342dc9010ea28befdeb174facf7e0911c3bc8601dd47578dbc05,2026-04-21 17:47:19.212013+00:00,hu,24.hu,24.hu,2026-04-21,Zelenszkij: Ukrajna megjavította a Barátság vezetéket,https://24.hu/kulfold/2026/04/21/zelenszkij-ukrajna-megjavitotta-a-baratsag-vezeteket/
1b7af0cdcfff2a0a6f4029280a63c03b815866f28e85c6c1bd5bf02a5486f89f,2026-04-21 17:47:14.447703+00:00,hu,24.hu,24.hu,2026-04-21,"Alex Honnold legnagyobb riválisát sötét varázslónak becézték, a kutyájával repült és feltalálta a freebase mászást",https://24.hu/kultura/2026/04/21/dean-potter-sotet-varazslo/
463293deeb351d876e173409dd3ba6a5685d980607ef64843d74e16a6cf41abb,2026-04-21 17:20:30.163644+00:00,hu,24.hu,24.hu,2026-04-21,Napirend után: Kattan bilincs fideszes csuklón?,https://24.hu/belfold/2026/04/21/podcast-haromharmad-napirend-utan-52/
368044a612cebdd0a46ced524c53670c10ad15c50659d367a164c7bdeb9bf84f,2026-04-21 16:33:08.683879+00:00,hu,24.hu,24.hu,2026-04-21,"Anyádban!"" – válaszolta Takács Péter arra, hol van a nyolcmilliárd",https://24.hu/belfold/2026/04/21/takacs-peter-egeszsegugyi-allamtitkar-anyazas/
2250426e8c29b1970b621460034f406884694a57012a9f637f9c367a009d5b73,2026-04-21 16:33:00.518363+00:00,hu,24.hu,24.hu,2026-04-21,"Ráthonyi-Palácsik Tímea újra képernyőn, ebben a műsorban láthatjuk viszont",https://24.hu/szorakozas/2026/04/21/rathonyi-palacsik-timea-ujra-kepernyon/
3c1ce8f70eb26b8d1749485fa5779c0656e1169b534e115088fbf0ec614b2c9d,2026-04-21 16:32:55.252671+00:00,hu,24.hu,24.hu,2026-04-21,"Nagy csalódás nekem az erdélyi emberekben"" – Balogh Levente fenyegetésekre hivatkozva lemondta erdélyi turnéját",https://24.hu/szorakozas/2026/04/21/balogh-levente-erdelyi-turne-lemondas-fenyegetesek/
e0c59b363313a3d636172a7c0058f6d6ded94dd2ecc8d1995a60a82b104ea519,2026-04-21 16:32:33.294994+00:00,hu,24.hu,24.hu,2026-04-21,"Péterfalvi: Nem pezsgőztem egy miniszterelnökkel sem, de miniszterelnök-jelölt úrral, az akkori igazságügyi miniszter asszony kísérőjével találkoztam",https://24.hu/belfold/2026/04/21/peterfalvi-naih-valasz/
2ce94af28c4d941652194fe0725ac69a021db31baaa88ab4ac027508445becc9,2026-04-21 15:46:03.407949+00:00,hu,24.hu,24.hu,2026-04-21,"Nagyon jó volt újra találkozni a srácokkal"" – meglepetésvendég a Fradi-edzésen",https://24.hu/sport/foci/2026/04/21/varga-barnabas-ferencvaros-aek-athen/
f46045e2a7c2185a3181a966b9102496fa20cbdc14bebd4eb4a4d281a71fb70e,2026-04-21 15:44:25.277259+00:00,hu,24.hu,24.hu,2026-04-21,"Fico azt írta, meghívta Magyar Pétert Szlovákiába",https://24.hu/kulfold/2026/04/21/fico-verzio-magyar-peter-telefon/
1cb8212f4c01da04b9963a08e285c4a47b11dcd3b2c275d0f39d31533266720d,2026-04-21 15:44:14.334785+00:00,hu,24.hu,24.hu,2026-04-21,"Gulyás Gergely: Több száz Magyar Péter él az országban, az új kétharmad esetleg meg kívánja szüntetni esetükben a választáson való indulás lehetőségét?",https://24.hu/belfold/2026/04/21/gulyas-gergely-tisza-magyar-peter-agh-peter/
1040c7bc79f77d8f046b9626463fab0da27b4fd0e15275de14c0208325af8f00,2026-04-21 15:44:04.132960+00:00,hu,24.hu,24.hu,2026-04-21,"Mégsem úszta meg a sofőr, aki halálra gázolt egy nagymamát és unokáját az M0-ás autóúton",https://24.hu/belfold/2026/04/21/m0-as-tragedia-nagymama-gyerek/
7c6dfeb4df10c7acaf1e25f37c195bf501bd829d4ec9790b149720242852b32c,2026-04-21 15:19:50.612942+00:00,hu,24.hu,24.hu,2026-04-21,Magyar játékossal pótolja világklasszis kapusát a német kézicsapat,https://24.hu/sport/2026/04/21/kezilabda-bartucz-laszlo-atigazolas-hsg-wetzlar/
238c1c05ce19a2507624bc01d5797dbca72934f648f6a14f468cbc742816209f,2026-04-21 14:34:43.977506+00:00,hu,24.hu,24.hu,2026-04-21,"A Fidesz-frakció kiállt Sulyok Tamás mellett: A választási győzelem egyetlen pártnak sem ad felhatalmazást arra, hogy az alkotmányos garanciákat ellenőrzés nélkül eltörölje",https://24.hu/belfold/2026/04/21/sulyok-tamas-peticio-fidesz/
f17aaa435980949532d516ad6b1e5c84a0b4b3f02aa291baa017b1545e404a57,2026-04-21 14:34:30.146488+00:00,hu,24.hu,24.hu,2026-04-21,"ByeAlex: El tudjátok képzelni azt az embert, aki Németh Balázs-os plakátot szeretne magának, és még el is megy érte?",https://24.hu/szorakozas/2026/04/21/nemeth-balazs-valasztasi-plakat-byealex-reakcio/
25b985a1b25c46d91a842ffc4c2d34cf11845c538400e8a84d46032a2e5b41d0,2026-04-21 14:25:58.431287+00:00,hu,24.hu,24.hu,2026-04-21,"Élő adásban akasztotta fel magát egy férfi Németországban, egy Siklóson élő nézője biztatta",https://24.hu/belfold/2026/04/21/ongyilkossag-elo-adas-biztatas/
2003ae24aaa4a7d219e43ca475bd6f2df7ee1c3d475a607e4839f5fba0fbac5d,2026-04-21 14:25:44.275825+00:00,hu,24.hu,24.hu,2026-04-21,Tényleg él még a csirke a lefejezése után?,https://24.hu/tudomany/2026/04/21/csirke-lefejezes-setalas-eletben-maradas/
bcecf1d3658e028370bbc131cef9433c6d84c947a3dec91f49aa522973956c56,2026-04-21 14:25:32.922349+00:00,hu,24.hu,24.hu,2026-04-21,"Az RMDSZ elnöke megígérte Magyar Péternek, hogy nem avatkoznak be többé a magyar pártpolitikai küzdelembe",https://24.hu/belfold/2026/04/21/rmdsz-magyar-peter-kelemen-hunor/
77967fd1638e63b50a9b5ed61a05f44c9c519bdcb06a8521ec44237abb91fa30,2026-04-21 14:24:35.876679+00:00,hu,24.hu,24.hu,2026-04-21,"Kokárdát tűztem magamra a választás után"" – az Erste Bank vezére a Dellában",https://24.hu/fn/gazdasag/2026/04/21/podcast-della-kokarda-valasztas-jelasity-radovan-erste/
4c022b4ffc8b9d311259c2e114b6f87df298ae037788379484982bf30a980805,2026-04-21 14:24:12.533957+00:00,hu,444.hu,444.hu,2026-04-21,Nagy Mártonék kifizették a Fertő tavi kitelepülésük költségeit,https://444.hu/2026/04/21/nagy-martonek-kifizettek-a-ferto-tavi-kitelepulesuk-koltsegeit
ec0909ac99cc8ee6db1b9c5b201bbcbb53ab6447dc1fb72e95e76a3f0182b99b,2026-04-21 14:23:58.841591+00:00,hu,444.hu,444.hu,2026-04-21,"Kelemen Hunor megígérte Magyar Péternek, hogy az RMDSZ többé nem avatkozik bele a magyar pártpolitikai küzdelmekbe",https://444.hu/2026/04/21/kelemen-hunor-megigerte-magyar-peternek-hogy-az-rmdsz-tobbe-nem-avatkozik-bele-a-magyar-partpolitikai-kuzdelmekbe
cea1b983c14bc77c161a8c180c9ba0e73a5e8d35d254e911e0daa87a270b6f2f,2026-04-21 14:23:53.849005+00:00,hu,444.hu,444.hu,2026-04-21,Vizsgálódik az ügyészség a csádi misszió ügyében,https://444.hu/2026/04/21/vizsgalodik-az-ugyeszseg-a-csadi-misszio-ugyeben
a42b1e934855a24db22bad052c383969b5592858c4498b9409ba80a18d240599,2026-04-21 14:23:48.794365+00:00,hu,444.hu,444.hu,2026-04-21,A Pesti Srácok Orbánt pihenni küldő vezércikkében a gyilkosságok és drog miatt elítélt Bouterse elnökhöz hasonlítják a bukott miniszterelnököt,https://444.hu/2026/04/21/a-pesti-sracok-orbant-pihenni-kuldo-vezercikkeben-a-gyilkossagok-es-drog-miatt-elitelt-bouterse-elnokhoz-hasonlitjak-a-bukott-miniszterelnokot
c93f426cb2375f9013b52ad6af837024f5852506c8e6d56cfc1509732c0dbf80,2026-04-21 14:23:43.191850+00:00,hu,444.hu,444.hu,2026-04-21,A Fidesz petíciót indít Sulyok Tamás hivatalban tartásáért,https://444.hu/2026/04/21/a-fidesz-peticiot-indit-sulyok-tamas-hivatalban-tartasaert
33f73592ac83b45bf20eb2eba2a66ebd1a33688106a9a5a21a6fa05eadf27e0c,2026-04-21 14:22:38.414081+00:00,hu,444.hu,444.hu,2026-04-21,Mégis indulhat a Tour de Hongrie-n az MBH Bank kerékpárcsapata,https://444.hu/2026/04/21/megis-indulhat-a-tour-de-hongrie-n-az-mbh-bank-kerekparcsapata
690a3ac2cf2cff05cbcaa0e61906ecdbd511dbcf58191341d966c8c8d7176941,2026-04-21 13:46:17.542965+00:00,hu,24.hu,24.hu,2026-04-21,Fontos bejelentést tett Mikler Rolandról a Szeged,https://24.hu/sport/2026/04/21/mikler-roland-szeged-kezilabda-hosszabbitas/
ba58d70edfcbf894604915251078965c4a927bf1430262395a29753bc1f57375,2026-04-21 13:45:40.938348+00:00,hu,24.hu,24.hu,2026-04-21,"Oroszbarát a leendő bolgár miniszterelnök, de szakértőnk szerint nem olyan lesz, mint Orbán Viktor",https://24.hu/kulfold/2026/04/21/bulgaria-miniszterelnok-oroszbarat-rumen-radev/
a6863acaa48c2467d9d13de161886046f8aabc2d82c024b72d645f25d49c1ba6,2026-04-21 13:38:00.217609+00:00,hu,24.hu,24.hu,2026-04-21,"Legfőbb Ügyészség főosztályvezetője: Külön nyomozócsoportot állít fel a KNYF, kiemelt szempont az MNB-s vagyon felderítése és visszaszerzése",https://24.hu/belfold/2026/04/21/mnb-botrany-legfobb-ugyeszseg-alapitvany/
d86d23e058edb5495a381f936e083772a8e639e3d659370ae9428470cab7362f,2026-04-21 13:37:55.007767+00:00,hu,24.hu,24.hu,2026-04-21,"Bloomberg: indul a tesztüzem a Barátság vezetéken, már szerdától jöhet az olaj Magyarországra",https://24.hu/fn/gazdasag/2026/04/21/baratsag-koolajvezetek-ukrajna-energia-eu/
51975b5bda20c6ce8783c53e8527bb51dcaa5d84c847c835dd8c8137058dbebf,2026-04-21 13:37:44.315732+00:00,hu,24.hu,24.hu,2026-04-21,"Szerinte ez ereklye"" – Caramelék kislányának szobájában egy Tisza-plakát is helyet kapott",https://24.hu/szorakozas/2026/04/21/caramel-szilagyi-szilvi-lanya-szoba-tisza-plakat/
905ee6676ea0cdc90de80ad929ed54912612d6706730af9c54eae2cccfecd95f,2026-04-21 13:37:08.123541+00:00,hu,24.hu,24.hu,2026-04-21,Ukrán dróncsapás érte a Barátság kőolajvezeték egyik szivattyúállomását,https://24.hu/kulfold/2026/04/21/baratsag-koolajvezetes-ukran-tamadas-orosz-ukran-haboru/
2caa4c21127fc23f2baf11f356b017a49fa56044394ac4b0b3d7130bdc79e856,2026-04-21 13:36:58.235652+00:00,hu,24.hu,24.hu,2026-04-21,"Az ügyészség vizsgálja, nyomozást indítson-e a csádi misszió miatt",https://24.hu/belfold/2026/04/21/csad-vizsgalat/
b4fc46b4667fca7fe7c66400690900750541ce5f82275f7129b070d44e6c9ac0,2026-04-21 13:36:23.049250+00:00,hu,24.hu,24.hu,2026-04-21,Hirosimánál ezerszer erősebb robbanás rázta meg Tunguszkát 1908-ban,https://24.hu/tudomany/2026/04/21/sziberia-tunguszka-hirosima-robbanas/
6f1a249a8dfc05baa12dbd98c3b8c478e681b6479a0d260c6aac4aa5984bf6d4,2026-04-21 13:36:16.805613+00:00,hu,24.hu,24.hu,2026-04-21,"Megtanultam, hogy soha ne adjam fel"" – profi szerződést kapott az újévi svájci tűzvész egyik túlélője",https://24.hu/sport/foci/2026/04/21/tahirys-dos-santos-svajczi-tuzvesz-profi-szerzodes-metz-labdarugas/
975b7c99df685428b75b2ca9a2016288c262ff1fc95ab85d7da4113d417e5fe6,2026-04-21 13:36:01.212824+00:00,hu,24.hu,24.hu,2026-04-21,"Reagált a pletykákra a Nagy Ő győztese: elárulta, együtt vannak-e még Stohl Andrással",https://24.hu/szorakozas/2026/04/21/a-nagy-o-stohl-andras-kiss-kriszta-egyutt-vannak-e/
bd49af582f5fc1325f9b9ea0e3658411e84f784facb329298f9618c592bf9b42,2026-04-21 13:35:56.382380+00:00,hu,24.hu,24.hu,2026-04-21,"Dárdai Pál: Először szépen szólok, utána hangosan figyelmeztetek, aztán lapát",https://24.hu/sport/foci/2026/04/21/dardai-pal-ratatics-peter-ujpest-szakmai-munka-lapat/
2a30acad593cfc930ac86f7b1eb833bdb512741f7cb433d752fd8072e61d742e,2026-04-21 13:35:51.264073+00:00,hu,24.hu,24.hu,2026-04-21,Világpremier: Scorsese új filmjével emlékeznek a Vatikánban az egy éve elhunyt Ferenc pápára,https://24.hu/kultura/2026/04/21/ferenc-papa-halal-scorsese-premier/
9be99a46c7d3b92add1c06fac42749d86e37d5e465b2a4aadf585440d57996cd,2026-04-21 12:43:12.949556+00:00,hu,24.hu,24.hu,2026-04-21,Még a héten feloldhatják az ukrán hitel vétóját,https://24.hu/kulfold/2026/04/21/eu-ukran-hitel-veto/
828df71a139fe0dcd9a0929e5866306f0a91ec5642557505f256e5b2410a2104,2026-04-21 12:42:41.601160+00:00,hu,24.hu,24.hu,2026-04-21,Karácsony Gergely: Győzött az emberi méltóság,https://24.hu/belfold/2026/04/21/karacsony-gergely-torveny-pride/
9b23505efca20949c62f0ef92ea532b3f9503c6515f4a763390f43170f0f0402,2026-04-21 12:41:36.561465+00:00,hu,24.hu,24.hu,2026-04-21,Hegedűs Zsolt nagy neveket és nagy meglepetéseket ígér az egészségügyben,https://24.hu/belfold/2026/04/21/hegedus-zsolt-tisza-egeszsegugy/
57ce3caa8daffeec639d877f18657fe839a9e2ae574da294bedf087bd1c8c73c,2026-04-21 12:24:41.091132+00:00,hu,24.hu,24.hu,2026-04-21,"„Ez a döntés nemhogy nem segíti a magyar labdarúgás helyzetét, de egyenesen rontja” – mit gondolnak a másodosztályú csapatok az osztályozóról?",https://24.hu/sport/foci/2026/04/21/mlsz-nb2-osztlyozok-feljutas-velemenyek/
525cdc59bbe67096d5f0088cf4bcbe658fb1c3466659a99ae64c094dda9cd7b8,2026-04-21 12:24:06.617645+00:00,hu,24.hu,24.hu,2026-04-21,Rákkeltő anyagok a kistarcsai hulladékfeldolgozóban,https://24.hu/belfold/2026/04/21/rakkelto-anyagok-kistarcsai-hulladekfeldolgozo/
71dbed175013cd77326dae92ea2c75405327b7c1e979b1cf843d014a69b380a9,2026-04-21 12:23:32.694249+00:00,hu,24.hu,24.hu,2026-04-21,"Olyan felvétel készült az űrben egy iPhone-nal, amilyet még sosem láthattunk",https://24.hu/tech/2026/04/21/reid-wiseman-asztronauta-fold-hold-video-iphone/
5c3ec8c9cb15607c70fd45fa42da156f222d038a12b88ac437216f0dc90c9efc,2026-04-21 12:22:08.756929+00:00,hu,24.hu,24.hu,2026-04-21,"Gulyás: Minden fideszes maga dönthet arról, hogy felveszi-e a mandátumát",https://24.hu/belfold/2026/04/21/gulyas-mandatum-fidesz-parlament/
e938d25b2d10c21675e5b5f679b39f4aaf9b60afeac0ea72da958b9a39f8dd9a,2026-04-21 12:19:21.401239+00:00,hu,444.hu,444.hu,2026-04-21,"Gulyás Márton lihegése: elkészült az első műalkotás a rendszerváltásról, és megmagyarázhatatlanul vicces lett",https://444.hu/2026/04/21/gulyas-marton-lihegese-elkeszult-az-elso-mualkotas-a-rendszervaltasrol-es-megmagyarazhatatlanul-vicces-lett?utm_source=rss_feed&utm_medium=rss&utm_campaign=rss_syndication
68ad466f2cf375a569286c32d90dbf13fa4116ff5bee28ebe52eca040da9219e,2026-04-21 12:19:16.332230+00:00,hu,444.hu,444.hu,2026-04-21,Turistákra lövöldözött egy férfi a mexikói teotihuacáni piramisoknál,https://444.hu/2026/04/21/turistakra-lovoldozott-egy-ferfi-a-mexikoi-teotihuacani-piramisoknal?utm_source=rss_feed&utm_medium=rss&utm_campaign=rss_syndication
345a13fe101786c269e76da21409e60590413c3301dfcea8aa46366c727bcb55,2026-04-21 12:19:11.409676+00:00,hu,444.hu,444.hu,2026-04-21,"Négy mandátumot bukott úgy a Tisza, hogy a listás szavazóik nem szavaztak át egy az egyben az egyéni jelöltre is",https://444.hu/2026/04/21/negy-mandatumot-bukott-ugy-a-tisza-hogy-a-listas-szavazoik-nem-szavaztak-at-egy-az-egyben-az-egyeni-jeloltre-is?utm_source=rss_feed&utm_medium=rss&utm_campaign=rss_syndication
d848f32874cb95110540b92162c713629178fc43f4a144ec10234b8d093afc06,2026-04-21 12:19:06.341473+00:00,hu,444.hu,444.hu,2026-04-21,Az EU bíróságának ítélete szerint uniós jogot sért az Orbán-kormány melegeket pedofilokkal összemosó törvénye,https://444.hu/2026/04/21/az-eu-birosaganak-itelete-szerint-unios-jogot-sert-az-orban-kormany-melegeket-pedofilokkal-osszemoso-torvenye?utm_source=rss_feed&utm_medium=rss&utm_campaign=rss_syndication
886f480ddbd79553d624027acedeb1c1bcf60ec3db8bdfa2418edfa8a920f53e,2026-04-21 12:18:52.207073+00:00,hu,444.hu,444.hu,2026-04-21,Magyar Péter telefonon egyeztetett Robert Ficóval,https://444.hu/2026/04/21/magyar-peter-telefonon-egyeztetett-robert-ficoval?utm_source=rss_feed&utm_medium=rss&utm_campaign=rss_syndication
e7688115c7f1804f574e77fd9f64e22a3ae800b29ec773eaf7ce85c77ef173c2,2026-04-21 12:18:41.450967+00:00,hu,444.hu,444.hu,2026-04-21,"„Taka van” – üzent a színész MÁZS, aki szerint több kollégáját is megfenyegette az Operettszínház vezetője",https://444.hu/2026/04/21/taka-van-uzent-a-szinesz-mazs-aki-szerint-tobb-kollegajat-is-megfenyegette-az-operettszinhaz-vezetoje?utm_source=rss_feed&utm_medium=rss&utm_campaign=rss_syndication
4cb22dbcb947b2ab71e59d161cac651062ad420a850c9be9583ed69d03a8c1e3,2026-04-21 12:18:38.212574+00:00,hu,444.hu,444.hu,2026-04-21,Egy lehetséges második földrengésre figyelmeztettek Japánban a cunamiriadó után,https://444.hu/2026/04/21/egy-lehetseges-masodik-foldrengesre-figyelmeztettek-japanban-a-cunamiriado-utan?utm_source=rss_feed&utm_medium=rss&utm_campaign=rss_syndication
0818df5a13880cdc2e303209936295b2cd6df543bf7cf42bc19d799eaab2224b,2026-04-21 12:18:33.414340+00:00,hu,444.hu,444.hu,2026-04-21,Rendszerváltás a művészetben is: így alakítanák át a képzőművészeti intézményeket a műkritikusok,https://444.hu/2026/04/21/rendszervaltas-a-muveszetben-is-igy-alakitanak-at-a-kepzomuveszeti-intezmenyeket-a-mukritikusok?utm_source=rss_feed&utm_medium=rss&utm_campaign=rss_syndication
54929d6241048015e8663ca3a1f2763b6eb2b38674983aba33d351bbeb5605fb,2026-04-21 12:18:05.334551+00:00,hu,444.hu,444.hu,2026-04-21,"Lelép Tim Cook, az Apple vezérigazgatója",https://444.hu/2026/04/21/lelep-tim-cook-az-apple-vezerigazgatoja?utm_source=rss_feed&utm_medium=rss&utm_campaign=rss_syndication
88ddec463b718d2dc5e3dcb07c183de7b11223b33fbbe47e3b94ed48e04f03b3,2026-04-21 12:17:59.468840+00:00,hu,444.hu,444.hu,2026-04-21,"Micsoda szöveget dedikált a plakátjára az 1 százalékot elért DK-s, aki visszalépésre szólította fel a nála 55-ször több szavazatot kapó tiszást",https://444.hu/2026/04/21/micsoda-szoveget-dedikalt-a-plakatjara-az-1-szazalekot-elert-dk-s-aki-visszalepesre-szolitotta-fel-a-nala-55-szor-tobb-szavazatot-kapo-tiszast?utm_source=rss_feed&utm_medium=rss&utm_campaign=rss_syndication
216b3782edc2aca710d767ffb57bd717626e152e1f594fb5446d3740080e8e54,2026-04-21 12:17:54.434991+00:00,hu,444.hu,444.hu,2026-04-21,"Úgy estek sorban arcra a robotok Pekingben, mintha fideszes influenszerek lettek volna",https://444.hu/2026/04/21/ugy-estek-sorban-arcra-a-robotok-pekingben-mintha-fideszes-influenszerek-lettek-volna?utm_source=rss_feed&utm_medium=rss&utm_campaign=rss_syndication
ebd66dd9f54e931b56af1c4fdc31fdedd3d77ebd6726550104f08b50137e76dc,2026-04-21 12:17:49.673012+00:00,hu,444.hu,444.hu,2026-04-21,A barna orrú Orbán ösvényei,https://444.hu/2026/04/21/a-barna-orru-orban-osvenyei?utm_source=rss_feed&utm_medium=rss&utm_campaign=rss_syndication
b836995aca0525d2a49b6b072dcefa13e85b0679ddb457e0d5d2c9f984dcbdae,2026-04-21 12:17:44.371149+00:00,hu,444.hu,444.hu,2026-04-21,Az RTL híradósai beszóltak Marsi Anikónak és Gönczi Gábornak,https://444.hu/2026/04/21/az-rtl-hiradosai-beszoltak-marsi-anikonak-es-gonczi-gabornak?utm_source=rss_feed&utm_medium=rss&utm_campaign=rss_syndication
8c7767fc34502b66287e45864fab4cb11c31a014317b2070ab792035393ac10e,2026-04-21 12:17:40.039584+00:00,hu,444.hu,444.hu,2026-04-21,Június közepéig nem kell szolidaritási hozzájárulást fizetnie Budapestnek,https://444.hu/2026/04/21/junius-kozepeig-nem-kell-szolidaritasi-hozzajarulast-fizetnie-budapestnek?utm_source=rss_feed&utm_medium=rss&utm_campaign=rss_syndication
d67de158117ba0b12b347ba1fc67c6779558099d2631bce5c26f838020658bfa,2026-04-21 12:17:35.359358+00:00,hu,444.hu,444.hu,2026-04-21,Magyar Hang: Egy Tiborczhoz köthető irodaházba költözik a HUN-REN több részlege,https://444.hu/2026/04/21/magyar-hang-egy-tiborczhoz-kotheto-irodahazba-koltozik-a-hun-ren-tobb-reszlege?utm_source=rss_feed&utm_medium=rss&utm_campaign=rss_syndication
051e78daab01cf77855f3d70157285cac84bf2b62ff5b8a26a5d12d8132be137,2026-04-21 12:17:32.494899+00:00,hu,444.hu,444.hu,2026-04-21,"A sárvári gyógyfürdő miatt összehívott rendkívüli testületi ülést zártan tartották meg, pedig az ellenzék nyílt ülést kért",https://444.hu/2026/04/21/a-sarvari-gyogyfurdo-miatt-osszehivott-rendkivuli-testuleti-ulest-zartan-tartottak-meg-pedig-az-ellenzek-nyilt-ulest-kert?utm_source=rss_feed&utm_medium=rss&utm_campaign=rss_syndication
df279fa04dde126dde950f957b5c9f62a97301d57ab6a9fa4c246e47b37366fc,2026-04-21 12:17:27.394933+00:00,hu,444.hu,444.hu,2026-04-21,Tusk és Macron közös nukleáris hadgyakorlatokról tárgyaltak,https://444.hu/2026/04/21/tusk-es-macron-kozos-nuklearis-hadgyakorlatokrol-targyaltak?utm_source=rss_feed&utm_medium=rss&utm_campaign=rss_syndication
a5f7d6a38cb5792cfdb0bc9ac1e1f93b994daaedcb2e4348d47fd5eeb2fcd454,2026-04-21 12:17:21.978903+00:00,hu,444.hu,444.hu,2026-04-21,"Budai Gyula a legjobb őrkutya: nem tudja, hogy még a Fidesz van kormányon, így máris számon kéri a Magyar-kormány mulasztásait",https://444.hu/2026/04/21/budai-gyula-a-legjobb-orkutya-nem-tudja-hogy-meg-a-fidesz-van-kormanyon-igy-maris-szamon-keri-a-magyar-kormany-mulasztasait?utm_source=rss_feed&utm_medium=rss&utm_campaign=rss_syndication
0082a5f8c2e1f6ca90c3696d180353a226d64e3fd23524f4ac21eef814e0baa9,2026-04-21 12:17:15.554705+00:00,hu,444.hu,444.hu,2026-04-21,"Demeter Szilárd szerint nem ők nem értették meg a fiatalokat, hanem a fiatalok csúsztak ki a nemzeti kultúrából",https://444.hu/2026/04/21/demeter-szilard-szerint-nem-ok-nem-ertettek-meg-a-fiatalokat-hanem-a-fiatalok-csusztak-ki-a-nemzeti-kulturabol?utm_source=rss_feed&utm_medium=rss&utm_campaign=rss_syndication
2f5e2c91333425529e8d24cdd1d4b513ac53595af2be7816a8d0ab899106f1ae,2026-04-21 12:17:11.780365+00:00,hu,444.hu,444.hu,2026-04-21,Átvette az ügyészség a nyomozást az MNB ügyében a rendőrségtől,https://444.hu/2026/04/21/atvette-az-ugyeszseg-a-nyomozast-az-mnb-ugyeben-a-rendorsegtol?utm_source=rss_feed&utm_medium=rss&utm_campaign=rss_syndication
9155f478ff2f8869dfbd6936ebccbf1038368af4b8d8ba94fe71680f066ba58d,2026-04-21 12:17:07.910422+00:00,hu,444.hu,444.hu,2026-04-21,Gajdics Ottó egy személyben ad értelmet az AI használatának: parádés lett az új slágere,https://444.hu/2026/04/21/gajdics-otto-egyszemelyben-ad-ertelmet-az-ai-hasznalatanak-parades-lett-az-uj-slagere?utm_source=rss_feed&utm_medium=rss&utm_campaign=rss_syndication
8da06e2df4e2d41a4994d125fba8a013e1c17825b9466f0fe05d315b296909f6,2026-04-21 11:33:42.624966+00:00,hu,24.hu,24.hu,2026-04-21,Ma éjjel jön az év első nagy csillaghullása,https://24.hu/tech/2026/04/21/csillaghullas-lyridak-meteorraj-latvanyossag/
e13a40102588d2a3754574765c29c6017efae9c78afb075bb72ca7518c907cb5,2026-04-21 11:27:07.905845+00:00,hu,24.hu,24.hu,2026-04-21,"Éhségsztrájk a vegyiüzemben: a dolgozók pénteken kezdtek demonstrációba, íme, hol tart az ügyük",https://24.hu/fn/gazdasag/2026/04/21/ehsegsztrajk-spl-europe-elmaradt-berek/
40bb5e7e405fda49de92cc105586269ab8a8d10c05f673d92a8f2e3fc4b6b750,2026-04-21 11:27:02.803377+00:00,hu,24.hu,24.hu,2026-04-21,"Focirajongók, figyelem: nem a megszokott csatornán lesz a Barca–Real szuperrangadó",https://24.hu/sport/foci/2026/04/21/barcelona-real-madrid-tv2-kozvetites-naplo-kozlemeny/
c31ac95595696c26124b8b3bac7622efab246ae44fe956d3f5f35e212e2ee043,2026-04-21 11:26:57.822580+00:00,hu,24.hu,24.hu,2026-04-21,"Demeter Szilárd: Ennyi volt, kalap-kabát, elegük van belőlünk",https://24.hu/kultura/2026/04/21/demeter-szilard-orban-viktor-valasztas-2026-mandiner/
3cbd4f0d3013c7f24ec28085216fa341cdf26d26f73b9c3a1842bae7fb30ccc4,2026-04-21 11:17:39.872108+00:00,hu,24.hu,24.hu,2026-04-21,"„Annyi pénz nem volt a számlánkon, hogy hónap végéig kihúzzuk” – Pataki Zita ledöbbent, mikor megtudta, férje milliókat játszott el titokban",https://24.hu/szorakozas/2026/04/21/pataki-zita-szarnyas-attila-szerencsejatek-fuggoseg/
93fb4c4bc46d68f88d7affa61de2cd61ba729b2d77cefcf9c8cf1c3dee1eeac0,2026-04-21 10:41:06.049627+00:00,hu,24.hu,24.hu,2026-04-21,Magyar Ficótól kérte a sértő törvény eltörését,https://24.hu/kulfold/2026/04/21/magyar-peter-fico-telefonbeszelgetes/
4bc15fff54d7f2ec302708a44f83ee51887f28a1404177cc8af7a5883fde0833,2026-04-21 10:36:25.502468+00:00,hu,24.hu,24.hu,2026-04-21,"Ez a hajszárító már igazodik az országhoz, ahová utazunk vele",https://24.hu/tech/2026/04/21/dyson-supersonic-travel-hajszarito-utazos/
4490b5bb94b8b7cbf24fbe1fced80403d44ae8f9ca17b08f2a1b6437aff0ef05,2026-04-21 10:35:30.593256+00:00,hu,24.hu,24.hu,2026-04-21,Matolcsy Ádám visszavágott Magyar Péternek,https://24.hu/belfold/2026/04/21/matolcsy-adam-visszavagott-magyar-peternek/
58e31c8b5cbc39be23151e81bd1d0fb65f29352537055d3b91b13b0b8bf9d06e,2026-04-21 10:35:19.872094+00:00,hu,24.hu,24.hu,2026-04-21,Political Capital: Orbán lehet az új Gyurcsány,https://24.hu/belfold/2026/04/21/orban-gyurcsany-elemzes-political-capital/
b9e2acf05c52db26071e288753e3ece2fd50148f618901683e2b2d39eb2f7b3c,2026-04-21 10:34:29.948620+00:00,hu,24.hu,24.hu,2026-04-21,Hajós András a gyerekeiről mesélt a tévében: mindketten hivatásos sportolók lettek,https://24.hu/szorakozas/2026/04/21/hajos-andras-gyerekei/
570bd2f9595de0ff3169204e848d4646355f0a98336335e7931d9ed88986006e,2026-04-21 10:34:18.755032+00:00,hu,24.hu,24.hu,2026-04-21,Magyar Kelemen Hunorral és Ficóval is egyeztet ma,https://24.hu/belfold/2026/04/21/kelemen-hunor-fico-magyar-peter/
d436e983e53d3eae2ea46b4dc60b980d3f0431e56e08752822f1317023103482,2026-04-21 10:33:53.123324+00:00,hu,24.hu,24.hu,2026-04-21,Patkányméreg a bébiételben: a magyar boltokból is visszahívják a termékeket,https://24.hu/belfold/2026/04/21/patkanymereg-bebietel-termekvisszahivas-hipp/
8f183f65663876c8742d0ccf16a237c34a7141835c5ec5c231cf2e959c4b16be,2026-04-21 10:33:32.918982+00:00,hu,24.hu,24.hu,2026-04-21,Charlize Theron szerint nagyon felelőtlen volt Timothée Chalamet beszólása a balettra,https://24.hu/kultura/2026/04/21/charlize-theron-timothee-chalamet-balett-botrany/
00705dbe24d3049c85aea9e2c2505d32b750591849fb5a5fbe4bbc98eae56aba,2026-04-21 10:33:28.027798+00:00,hu,24.hu,24.hu,2026-04-21,"Az utcán késelték meg a 19 éves labdarúgót, kétszer is műteni kellett",https://24.hu/sport/foci/2026/04/21/midtjylland-dania-keseles-alamara-djabi/
894534e0eef32cd1b0f5e0be7d669bb37942777e72ea5e99eb5c6533b74a77b4,2026-04-21 09:45:11.314644+00:00,hu,24.hu,24.hu,2026-04-21,Hogyan kerülhetett akkumulátortesztelő cég Érd határába?,https://24.hu/fn/gazdasag/2026/04/21/akkumulatortesztelo-budapest-erd-logisztikai-park-veszelyes-uzem/
02459a13c5ddfa8531cb18f1e454d1a27f7711b7f72fab2693759cec85558234,2026-04-21 09:44:15.418063+00:00,hu,24.hu,24.hu,2026-04-21,Nem lehet eltagadni a nemi kisebbségek létezését a gyermekek elől – a szakértő szerint ezt mondta ki a fideszes gyermekvédelmi törvény ügyében az unió bírósága,https://24.hu/belfold/2026/04/21/gyermekvedelmi-torveny-europai-unio-birosag-itelet/
84c970f534dd338de7bae44c1674ed93a6910359e562c9208e7c71a845cfc55a,2026-04-21 09:34:34.994230+00:00,hu,24.hu,24.hu,2026-04-21,Gajdics Ottó a választási elemzéséből készült sanzonparódiára panaszkodott – majd ezt is megzenésítették,https://24.hu/kultura/2026/04/21/gajdics-otto-parodia-reakcio-megzenesites/
7669fef820f785790f7ebb7f7c2be5467342272b22733158e96df6d698866af0,2026-04-21 09:34:27.164348+00:00,hu,24.hu,24.hu,2026-04-21,Lövöldözés volt egy népszerű mexikói piramisnál,https://24.hu/kulfold/2026/04/21/lovoldozes-mexikoi-piramis/
8447362401ac868223b40fc8e82a993350dda4dc0a85b5b1527f2ae31d97e7ac,2026-04-21 09:33:33.260973+00:00,hu,24.hu,24.hu,2026-04-21,Nem minden földön talált fióka szorul segítségre,https://24.hu/tudomany/2026/04/21/madar-fioka-segitseg-feszek/
0725b788de983eae82dff53b878b13aa19721b1a469a60cc530f3977cc88e6e6,2026-04-21 09:27:13.159006+00:00,hu,24.hu,24.hu,2026-04-21,Még a választások előtt döntöttek: Tiborczhoz köthető cég irodaházába költöznek a HUN-REN részlegei,https://24.hu/fn/gazdasag/2026/04/21/hun-ren-tiborcz-istvan-alapitvany-infopark/
caaf072854fa3e3273bb9360d6a848003a4f8c40f2d81dfd753c606b9c7e7482,2026-04-21 09:25:59.523566+00:00,hu,24.hu,24.hu,2026-04-21,Így alakulhat át a felcsúti focicsapat kerete a kormányváltás után,https://24.hu/sport/foci/2026/04/21/felcsut-kormanyvaltas-nb-i-keret-atalakulasa/
c3fe19fd47bb0982a2e9c5690c996df840c4f4c80093cc7d5ac542f3df6f0222,2026-04-21 09:18:02.560737+00:00,hu,24.hu,24.hu,2026-04-21,Halálra verte feleségét egy egri férfi,https://24.hu/belfold/2026/04/21/emberoles-csaladon-beluli-eroszak/
98fa6fee691f3e1c013b2a73d0a1353195fb917811a5baef77c2b674eaa98028,2026-04-21 08:38:35.456233+00:00,hu,24.hu,24.hu,2026-04-21,Kriptós csalók átkelést ígérnek a Hormuzi-szoroson,https://24.hu/kulfold/2026/04/21/kriptos-csalok-hormuzi-szoros-hajok/
6aadcb3253a2be7d2983154053fce050c9fae5717eff852c5374e375ec725f8c,2026-04-21 08:38:13.486659+00:00,hu,24.hu,24.hu,2026-04-21,"„Isten áldjon, drága mama!” – Károly király így emlékezett meg édesanyjáról, II. Erzsébetről születése 100. évfordulóján",https://24.hu/szorakozas/2026/04/21/ii-erzsebet-100-eve-szuletett-iii-karoly-video/
0e39f2a51c3b68cf17235c8a1228eb6cadb24871fe91f0a3a203000d00aff26d,2026-04-21 08:38:08.592375+00:00,hu,24.hu,24.hu,2026-04-21,Történelmi misszióba kezd a NASA: tüzet gyújtanak a Holdon,https://24.hu/tudomany/2026/04/21/nasa-hold-tuz-teszt-kutatas/
1010cede063529fe9904c2db23b769c1d87f72e7b3b47ca0bea5014acaa6c1a6,2026-04-21 08:37:33.127197+00:00,hu,24.hu,24.hu,2026-04-21,A napisten titkos kultuszának 1900 éves oltárára bukkantak,https://24.hu/tudomany/2026/04/21/romai-napisten-regeszet-oltar/
420bbc37be80eb6b7bb5f85e7c5aa793288837d854440af4431b184342ee4c26,2026-04-21 08:37:17.830219+00:00,hu,24.hu,24.hu,2026-04-21,"Elolvadt a magyar aranytartalék, 100 milliárdok égtek el az MNB szerint",https://24.hu/fn/gazdasag/2026/04/21/arany-aranytartalek-devizatartalek-mnb/
060042be5f38802b070d0750b1ed81800d02e8eff6d811b743fe5fd4ec164610,2026-04-21 08:36:40.170628+00:00,hu,24.hu,24.hu,2026-04-21,A Legfőbb Ügyészség lépett a Matolcsy-ügyben,https://24.hu/belfold/2026/04/21/legfobb-ugyeszseg-matolcsy-ugy-mnb/
9512cb2d00526c42c0b85edb6eee73dc451161302dabaa68d947b497233aa8d7,2026-04-21 08:36:35.066438+00:00,hu,24.hu,24.hu,2026-04-21,"Kiderült, mely iPhone-ok nem kapják meg az idei iOS-frissítést",https://24.hu/tech/2026/04/21/apple-iphone-ios-tamogatas-vege-keszulek-lista/
7788ead9391a09a47726b3f9a42fa34a15fc5239c48ed04c72fec22a1d27273d,2026-04-21 08:36:18.024179+00:00,hu,24.hu,24.hu,2026-04-21,Elkaszálta az Európai Bíróság az Orbán-kormány büntetőadóját,https://24.hu/fn/gazdasag/2026/04/21/szen-dioxid-kvota-ado-europai-birosag-cementgyar-nitrogenmuvek-zrt/
95a211c82304f7e48376f329ace3ed9556db446194b9569458146a904ae7310d,2026-04-21 08:35:53.588304+00:00,hu,24.hu,24.hu,2026-04-21,Magyar a Legfőbb Ügyészségnek: eső után köpönyeg,https://24.hu/belfold/2026/04/21/magyar-legfobb-ugyeszseg-megkesett/
01f0274a43ae269e4db4f7c66757f61d5d060955c3a623aafaf8b80ff61c0c33,2026-04-21 08:35:21.806724+00:00,hu,atlatszo.hu,atlatszo.hu,2026-04-21,"Mutatjuk, kik jelezték előre legpontosabban a választás eredményét",https://atlatszo.hu/adat/2026/04/21/mutatjuk-kik-jeleztek-elore-legpontosabban-a-valasztas-eredmenyet/
d6b6653c8ef66505f8c7da0a39042c19a28c509da3dbc056be3d7c98698a5574,2026-04-21 08:34:53.324972+00:00,hu,atlatszo.hu,atlatszo.hu,2026-04-21,Rákkeltő anyagokkal mérgezték a munkásokat a kistarcsai hulladék-feldolgozóban,https://atlatszo.hu/orszagszerte/2026/04/21/rakkelto-anyagokkal-mergeztek-a-munkasokat-a-kistarcsai-hulladek-feldolgozoban/
625382b32b6b2ad8a012a8e2760f1c10efb7ca981ba4dec57964c16d51475a2a,2026-04-21 07:33:47.885473+00:00,hu,24.hu,24.hu,2026-04-21,"Ókovács Szilveszter Magyar Péternek: Pár éve még volt nevem, sőt, lakcímem is Számodra, üzenni sem kellett",https://24.hu/kultura/2026/04/21/okovacs-szilveszter-magyar-peter-operahaz-oktober-23/
c741c5cc4c54405d2949a7d2572f9fe1c13ca001e93e7675ed46241067761072,2026-04-21 07:33:42.906124+00:00,hu,24.hu,24.hu,2026-04-21,MÁV: Gázolás miatt késnek a vonatok a győri fővonalon,https://24.hu/belfold/2026/04/21/mav-gazolas-kesesek-gyori-fovonal/
0731e6ec62af3c49afa5d774c797b666ff73659b682ca51ce86b6cbf2be6dc4c,2026-04-21 07:33:35.253396+00:00,hu,24.hu,24.hu,2026-04-21,"Rendőröket riasztottak egy 91 éves nőhöz, kiderült, hogy csak videójátékozott",https://24.hu/tech/2026/04/21/ohio-rendorseg-riasztas-idos-no-videojatek-gaming/
27dbef3323044547400e48a67bad93ecbc1dd23f991840cb740b21381d01c4be,2026-04-21 07:33:17.469841+00:00,hu,24.hu,24.hu,2026-04-21,Orbán Balázs a hibás a vereségért?,https://24.hu/belfold/2026/04/21/orban-balazst-hibaztatas-veresegert/
5c1ee1782a1f44ab93c247d0cbf4febfd625ffea5eb17ebc6362d1737c422647,2026-04-21 07:32:55.257189+00:00,hu,24.hu,24.hu,2026-04-21,Bejelentést tett Tiborcz István cége: így terveznek a kormányváltás után,https://24.hu/fn/gazdasag/2026/04/21/tiborcz-istvan-scheer-sandor-bn-referencia-zrt-ner/
1ecdfda2a2b160ba2e6bd7d59ad48dab8ef8598b46bf8ce79e6cddffd147ab0e,2026-04-21 07:32:33.882103+00:00,hu,24.hu,24.hu,2026-04-21,"Több nő lesz a parlamentben, mint valaha",https://24.hu/belfold/2026/04/21/parlament-noi-kepviselok-aranya/
1b33217f81062b08df6208dda9f95cf8545fc5053d3b230623b09cb634038fcb,2026-04-21 07:32:28.874858+00:00,hu,24.hu,24.hu,2026-04-21,Alapítvány viszi tovább Hadházy Ákos munkáját,https://24.hu/belfold/2026/04/21/alapitvany-hadhazy-akos-munka/
788e385cbe613d57d962891c7e37b4ca868200af454403047656b3b537200db4,2026-04-21 07:32:23.115628+00:00,hu,24.hu,24.hu,2026-04-21,Orbán Viktor helyében új pártot csinálna Zárug Péter Farkas,https://24.hu/belfold/2026/04/21/zarug-peter-farkas-orban-viktor-fidesz-magyar-peter/
3360a7c963f389c304710edf379b29888440fe7cb9384fb86a5aceabea2e220d,2026-04-21 07:32:13.809453+00:00,hu,24.hu,24.hu,2026-04-21,Több távozót is bejelentett Elek Gábor csapata,https://24.hu/sport/2026/04/21/mol-esztergom-noi-kezilabda-tavozok/
d128e49cdf04a445cc3d27803e2fb093454a4b74686359af411a9d83b665f7dc,2026-04-21 07:29:18.828323+00:00,hu,24.hu,24.hu,2026-04-21,"Egyszerűbb megnyernünk a BL-t, mint a spanyol bajnokságot"" – összeesküvésre utalgatott a Real Madrid vezetőedzője",https://24.hu/sport/foci/2026/04/21/alvaro-arbeloa-osszeeskuves-elmelet-real-madrid-spanyolorszag/
36aa2906abd9d58946787e0008d4d2263166318b8f7c48374503b77a71aeab25,2026-04-21 05:25:48.785604+00:00,hu,24.hu,24.hu,2026-04-21,"Marad a hűvösebb idő záporokkal, zivatarokkal",https://24.hu/belfold/2026/04/21/marad-a-huvosebb-ido/
4c186c53305f126b2a83ffcb6c5fe02b88ad76d5b280f48c4bcbb46986317fc6,2026-04-21 05:25:42.849657+00:00,hu,24.hu,24.hu,2026-04-21,"Kvíz a konyhaművészeknek: tudod, mit jelentenek ezek a gasztronómiai kifejezések?",https://24.hu/szorakozas/2026/04/21/gasztronomia-fozes-szakkifejezesek-kviz/
d843a6a74503a5380b39452fe21435c79cd9561baa99f9875ba186f7643ed8f6,2026-04-21 05:25:17.556143+00:00,hu,24.hu,24.hu,2026-04-21,Erős Antónia és Szellő István odaszúrtak a TV2 „pihenőre vonuló” híradósainak,https://24.hu/szorakozas/2026/04/21/rtl-hirado-eros-antonia-szello-istvan-gonczi-gabor-marsi-aniko/
a80620aa7673065354afc3309c541d161adb2b82817e59daa01d5cba2c531de1,2026-04-21 05:25:12.256741+00:00,hu,24.hu,24.hu,2026-04-21,A kétharmados vereség után már nem keménykedik az állam Karácsonyékkal,https://24.hu/belfold/2026/04/21/szolidaritasi-ado-fovaros-karacsony/
edc42fceca3de8ccfff06c34410898c405feb117eb56a110e88c6e7c909bb42c,2026-04-21 05:25:07.443732+00:00,hu,24.hu,24.hu,2026-04-21,"Két jó vezetője volt Magyarországnak: Kádár János és Orbán Viktor"" – választási sokkból éledő kelet-nógrádiakkal beszéltünk",https://24.hu/belfold/2026/04/21/valasztas-2026-nograd-riport-salgotarjan-matraverebely/
997a520f2d897fada6e3edb84c994022ed172312db57979f6104c17fdfdee860,2026-04-21 05:24:59.360466+00:00,hu,24.hu,24.hu,2026-04-21,Baklövésből világsiker – ismered a véletlen felfedezésből született tárgyainkat?,https://24.hu/elet-stilus/2026/04/21/baklovesbol-vilagsiker-ismered-a-veletlen-felfedetesbol-szuletett-targyainkat/
8cd195fb587d93e3e0f0c380fecbc9bfe48fb9d2b8f6a712283d0d43752a3312,2026-04-21 05:17:21.410662+00:00,hu,444.hu,444.hu,2026-04-21,"Megunták, elfáradtak, nem tudnak elszámolni, lejáratódtak – ők lehetnek a Fidesz-frakció nagy kimaradói",https://444.hu/2026/04/21/meguntak-elfaradtak-nem-tudnak-elszamolni-lejaratodtak-ok-lehetnek-a-fidesz-frakcio-nagy-kimaradoi?utm_source=rss_feed&utm_medium=rss&utm_campaign=rss_syndication
df91b73858ad26c44ab85fb2bd2992314de57bbba5ce98365ff912bd1e068230,2026-04-21 05:17:07.367352+00:00,hu,444.hu,444.hu,2026-04-21,Megkezdődött a Fideszben az Orbán Viktor-mentő hadművelet,https://444.hu/2026/04/21/megkezdodott-a-fideszben-az-orban-viktor-mento-hadmuvelet?utm_source=rss_feed&utm_medium=rss&utm_campaign=rss_syndication
44ec137cd5316f453698104394a691a5996068274238204254e2a36a0d01a141,2026-04-21 03:25:37.126842+00:00,hu,24.hu,24.hu,2026-04-21,Dráma Olaszországban: nyakcsigolya-törést szenvedett a korábbi világbajnok fia,https://24.hu/sport/foci/2026/04/21/serie-b-jonathan-klinsmann-nyakcsigolya-tores/
eeb1822088ec30627aa9e5d1659c7656d832aeed66c3a8e8aa470ee1e4598f51,2026-04-21 03:25:30.800916+00:00,hu,24.hu,24.hu,2026-04-21,Testvérgyilkossággal indult Róma alapítása,https://24.hu/tudomany/2026/04/21/roma-varos-romulus-tortenelem/
c9733e6acaffbf6de68579e7eed8a4d6a584912c4291d359b3440b83fd17466f,2026-04-21 03:25:13.887858+00:00,hu,444.hu,444.hu,2026-04-21,Az államfő lemondatása és a magyar zászló visszavétele,https://444.hu/2026/04/21/az-allamfo-lemondatasa-es-a-magyar-zaszlo-visszavetele?utm_source=rss_feed&utm_medium=rss&utm_campaign=rss_syndication
21687d3240b16b94baa274c0cf7d9e56ed17a1359ad7fb5720be4597f6b7f56a,2026-04-20 22:23:59.920197+00:00,hu,444.hu,444.hu,2026-04-20,"Magyar Péter meghívta Netanjahut, de ha idejön, letartóztatják",https://444.hu/2026/04/20/magyar-peter-meghivta-netanjahut-de-ha-idejon-letartoztatjak?utm_source=rss_feed&utm_medium=rss&utm_campaign=rss_syndication
a4a858f1adbc4f09d9b312c122ab04d0171079635fe7f678d7476c62c3465417,2026-04-20 22:23:52.561342+00:00,hu,444.hu,444.hu,2026-04-20,"Kormányválság Romániában, a koalíció legnagyobb frakciója megvonta a bizalmat a miniszterelnöktől",https://444.hu/2026/04/20/kormanyvalsag-romaniaban-a-koalicio-legnagyobb-frakcioja-megvonta-a-bizalmat-a-miniszterelnoktol?utm_source=rss_feed&utm_medium=rss&utm_campaign=rss_syndication
2185735c08421b5b37a1feaa742b6f8330d57b2674f6b24e43f1fc31fd92baa6,2026-04-20 22:23:35.163952+00:00,hu,444.hu,444.hu,2026-04-20,Pankotai Lilit felbosszantotta Magyar Péter megjegyzése a hallgató gimnáziumi igazgatókról,https://444.hu/2026/04/20/pankotai-lilit-felbosszantotta-magyar-peter-megjegyzese-a-hallgato-gimnaziumi-igazgatokrol?utm_source=rss_feed&utm_medium=rss&utm_campaign=rss_syndication
67accc8f5cc87974172c6b1fd65fc1518a7b62378b2ff9fdc3f623bbad7b5fa3,2026-04-20 22:23:29.035064+00:00,hu,444.hu,444.hu,2026-04-20,"Az orosz állami hírügynökség szerint a Roszatom közel áll ahhoz, hogy elhagyja Magyarországot",https://444.hu/2026/04/20/az-orosz-allami-hirugynokseg-szerint-a-roszatom-kozel-all-ahhoz-hogy-elhagyja-magyarorszagot?utm_source=rss_feed&utm_medium=rss&utm_campaign=rss_syndication
13dfd5d7e7f678a00415c1f94c8497a0cdd9e94ef585c10e31177733dc064779,2026-04-20 22:23:21.388797+00:00,hu,444.hu,444.hu,2026-04-20,Kalapáccsal ment a Jézus-szoborra egy izraeli katona,https://444.hu/2026/04/20/kalapaccsal-ment-a-jezus-szoborra-egy-izraeli-katona?utm_source=rss_feed&utm_medium=rss&utm_campaign=rss_syndication
2b7e48175cfc12b85e2b8232c8a00307c824f0607458264a58fc88509b186986,2026-04-20 22:23:16.097587+00:00,hu,444.hu,444.hu,2026-04-20,A magyar zászló visszavétele,https://444.hu/2026/04/20/a-magyar-zaszlo-visszavetele?utm_source=rss_feed&utm_medium=rss&utm_campaign=rss_syndication
0cf8a95c157a4064d93312f2ea280d6b852ca0bc9ad544598fa3b155df3d9837,2026-04-20 22:23:10.942450+00:00,hu,444.hu,444.hu,2026-04-20,"Baranyi ugyan elhajtotta őket, de a Pázmány új campusát még a NER-es Bayer Construct építheti meg 110 milliárdért",https://444.hu/2026/04/20/baranyi-ugyan-elhajtotta-oket-de-a-pazmany-uj-campusat-meg-a-ner-es-bayer-construct-epitheti-meg-110-milliardert?utm_source=rss_feed&utm_medium=rss&utm_campaign=rss_syndication
2cbea78e94738774d8e0d09c9a639951f3a47448df696daf36ec4f9c58dbf430,2026-04-20 22:23:01.585357+00:00,hu,444.hu,444.hu,2026-04-20,"Megkérdezték Sulyok Tamást, lemond-e május 31-ig, és nem mondta, hogy nem",https://444.hu/2026/04/20/megkerdeztek-sulyok-tamast-lemond-e-majus-31-ig-es-nem-mondta-hogy-nem?utm_source=rss_feed&utm_medium=rss&utm_campaign=rss_syndication
8cbf1085b87e54f961b1f2f13fc187515f73ee835146060163162eb7ed0703bd,2026-04-20 22:22:56.545423+00:00,hu,444.hu,444.hu,2026-04-20,"Még idén megduplázzák a családi pótlékot, és jön a nyugdíjemelés is",https://444.hu/2026/04/20/meg-iden-megduplazzak-a-csaladi-potlekot-es-jon-a-nyugdijemeles-is?utm_source=rss_feed&utm_medium=rss&utm_campaign=rss_syndication
cdb6fb8059bac80c170c5eeb140698f6d509cfc816261d4f119caaf646872f27,2026-04-20 22:22:42.834976+00:00,hu,444.hu,444.hu,2026-04-20,"Kaja Kallas reméli, hogy a Tisza-kormány már nem fogja blokkolni az izraeli telepesek elleni szankciókat",https://444.hu/2026/04/20/kaja-kallas-remeli-hogy-a-tisza-kormany-mar-nem-fogja-blokkolni-az-izraeli-telepesek-elleni-szankciokat?utm_source=rss_feed&utm_medium=rss&utm_campaign=rss_syndication
80dfef3bd4f1e8cf9147af8af47002eb6b499334afe59cba09b6339e6b61dc02,2026-04-20 22:22:37.864580+00:00,hu,444.hu,444.hu,2026-04-20,Rave-partit adott a DJ-pap Ferenc pápa halálának évfordulóján Buenos Airesben,https://444.hu/2026/04/20/rave-partyt-adott-a-dj-pap-ferenc-papa-halalnapjan-buenos-aires-ben?utm_source=rss_feed&utm_medium=rss&utm_campaign=rss_syndication
b8c48edc2c0ccd859a81b05b9ec0a84ba5bec8379f9aefd1257e9e0445c16b87,2026-04-20 22:22:30.955584+00:00,hu,444.hu,444.hu,2026-04-20,Cikkünk után belső ellenőrzést rendeltek el a Sárvári Gyógyfürdőben,https://444.hu/2026/04/20/cikkunk-nyoman-belso-ellenorzest-rendeltek-el-a-sarvari-gyogyfurdoben?utm_source=rss_feed&utm_medium=rss&utm_campaign=rss_syndication
a8405d9cee022276ca7a2ae034d54721a057681b7b10b4e98f8328c2b72806c6,2026-04-20 22:22:18.373453+00:00,hu,444.hu,444.hu,2026-04-20,"Orbán Balázs tényleg leírta, hogy a választóknak elege lesz abból, ha egy párt mindig valaki mást hibáztat a kudarcaiért",https://444.hu/2026/04/20/orban-balazs-tenyleg-leirta-hogy-a-valasztoknak-elege-lesz-abbol-ha-egy-part-mindig-valaki-mast-hibaztat-a-kudarcaiert?utm_source=rss_feed&utm_medium=rss&utm_campaign=rss_syndication
c1c9a1b731f44ce945fe5d42a2b9f922fae8599f509877ce249b05688764daf9,2026-04-20 22:22:06.153448+00:00,hu,444.hu,444.hu,2026-04-20,Elon Musk nem jelent meg a francia ügyészség előtt az X-en terjedő gyermekbántalmazási tartalmak ügyében,https://444.hu/2026/04/20/elon-musk-nem-jelent-megy-a-francia-ugyeszseg-elott-az-x-en-terjedo-gyermekbantalmazasi-tartalmak-ugyeben?utm_source=rss_feed&utm_medium=rss&utm_campaign=rss_syndication
0f40ccc203b5405fdc61263005dffa0c25b1418d6546ce67b30bd45171edc2a2,2026-04-20 21:21:53.141400+00:00,hu,24.hu,24.hu,2026-04-20,Nem hajlandó lemondani a román miniszterelnök,https://24.hu/kulfold/2026/04/20/roman-miniszterelnok-psd-tamogatas-lemondas/
9e488296475c9532f9cb8b2b15ca52529377268bbd78520f140175fe21a597d5,2026-04-20 21:21:32.300071+00:00,hu,24.hu,24.hu,2026-04-20,A BVSC két bombagóllal győzte le a Vasast,https://24.hu/sport/foci/2026/04/20/nb2-vasas-bvsc-meglepetes-farkas-csernik-golok/
69e82ee8c39c03f95f5283930cee5d7337e0d5282079b53f96c79f9698a2027e,2026-04-20 19:39:40.035882+00:00,hu,24.hu,24.hu,2026-04-20,A nap legfontosabb hírei – 2026. április 20.,https://24.hu/belfold/2026/04/20/a-nap-legfontosabb-hirei-2026-aprilis-20/
f131e54e6243335e24b8c36f4c10fcdc0cd9ab8331db4e71cc1723ba264a294b,2026-04-20 19:39:35.132258+00:00,hu,24.hu,24.hu,2026-04-20,"Most már nem a Fradi az esélyes, de megremeg-e az ETO lába a bajnoki cím kapujában?",https://24.hu/sport/foci/2026/04/20/nb1-bajnoki-hajra-eto-ferencvaros-elemzes/
9382c0249fa9b4a618230034c90a74bfc8b57844df9756b2da580646ca737f15,2026-04-20 19:39:24.389777+00:00,hu,24.hu,24.hu,2026-04-20,"Fluor nem híve az „agresszívabb beleállásnak”, ezért sem vett részt a Rendszerbontó Nagykoncerten",https://24.hu/szorakozas/2026/04/20/fluor-rendszerbonto-nagykoncert/
33f4c4f942946a61ceef0870bd9fb0714f19e50e334f43ac5374a85ba632a682,2026-04-20 18:45:08.525051+00:00,hu,24.hu,24.hu,2026-04-20,Pár napon belül négy Suzukit tört fel Salgótarjánban egy 20 éves fiatal,https://24.hu/belfold/2026/04/20/salgotarjtan-auto-lopasok/
9213b7eb1648813dbd28700346500267e3f2c21119b7abb3e22e8cc98a7a59a2,2026-04-20 18:44:51.973708+00:00,hu,24.hu,24.hu,2026-04-20,"Trolibusz hajtott egy salzburgi szupermarketbe, egy ember meghalt",https://24.hu/kulfold/2026/04/20/trolibusz-szupermarket-salzburg-baleset/
8551e8c504670867f7552a4a0d3de74a18f50e2c587461306778c01bfe1dd47b,2026-04-20 18:44:12.732851+00:00,hu,24.hu,24.hu,2026-04-20,Tóth Andi és Valkusz Milán nem lesznek mentorok az idei X-Faktorban,https://24.hu/szorakozas/2026/04/20/toth-andi-valkusz-milan-x-faktor-mentor/
b047aa2729557ab9c88cfbbafc9b2f4a38fa074fb131969df65f477e64a4faba,2026-04-20 18:44:05.082094+00:00,hu,24.hu,24.hu,2026-04-20,Májustól már új szabályok szerint folytatódik a Forma-1,https://24.hu/sport/forma-1/2026/04/20/miami-nagydij-fia-szabalymodositasok/
abe487390de31f145800876ff31ada2bf4b77db9a4ee216b796ab01efb9b3af4,2026-04-20 17:43:30.148676+00:00,hu,24.hu,24.hu,2026-04-20,Tóth Vera: Magyar Péter visszaadta az emberek méltóságát,https://24.hu/szorakozas/2026/04/20/toth-vera-kontroll-interju/
703af2caaa5295434735156d49a48e4b5f91d47ff4679c3115bcfd0bf5b3de33,2026-04-20 17:31:06.301980+00:00,hu,24.hu,24.hu,2026-04-20,Egy egyetemi vagyonkezelő alapítványt már elért a csőd,https://24.hu/belfold/2026/04/20/gyor-szechenyi-istvan-egyetem-vagyonkezelo-alapitvany-humda-felszamolasi-eljaras/
a989c51ccf7e633a42e957091800e518ab23c6ed12978d2bc3a4d3cf1a667eda,2026-04-20 17:31:01.706786+00:00,hu,24.hu,24.hu,2026-04-20,Szoboszlai Dominik korábbi edzője ül le Tóth Alex csapatának kispadjára,https://24.hu/sport/foci/2026/04/20/bournemouth-marco-rose-kinevezes/
7f9ec6ed53d0934305da5fdf8df2f9ae75875371fb8dab91d9c5c6d9501d92be,2026-04-20 17:24:07.502993+00:00,hu,444.hu,444.hu,2026-04-20,A választás másnapján csődbe ment a győri Széchenyi István Egyetem vagyonkezelő alapítványának cége,https://444.hu/2026/04/20/a-valasztas-masnapjan-csodbe-ment-a-gyori-szechenyi-istvan-egyetem-vagyonkezelo-alapitvanyanak-cege
78547ec884de4a7165e30039cfd6e06f1dcdfe9ee2b971af99169bc8facd9cae,2026-04-20 17:24:04.250966+00:00,hu,444.hu,444.hu,2026-04-20,Szabadlábra került a bicskei gyerekotthon pedofíliáért elítélt egykori igazgatója,https://444.hu/2026/04/20/szabadlabra-kerult-a-bicskei-gyerekotthon-pedofiliaert-elitelt-egykori-igazgatoja
cbb6afb86085e8b17d61a6c5d6e7e0046b47b8c40c6c8b72c7c7948b3e27a04c,2026-04-20 17:23:20.464826+00:00,hu,444.hu,444.hu,2026-04-20,"Borízű hang #266 [rövid]: Rendszerváltás bukófordulóval, DJ Kühllel és megafonos pedagógiai asszisztensekkel",https://444.hu/2026/04/20/borizu-hang-266-rovid-rendszervaltas-bukoforduloval-dj-kuhllel-es-megafonos-pedagogiai-asszisztensekkel
5118a310344f245ce2ecb8403b7bd97157640c182e609dd0c248599abe8872fe,2026-04-20 17:23:08.783545+00:00,hu,444.hu,444.hu,2026-04-20,"Rossz napja volt Tiborcznak a tőzsdén, de Mészárosnak még rosszabb",https://444.hu/2026/04/20/rossz-napja-volt-tiborcznak-a-tozsden-de-meszarosnak-meg-rosszabb
27367de755f4ad5795fcf0d9e766b65b6a26e1d26855c4315827fa6bd9f1a961,2026-04-20 17:23:04.770545+00:00,hu,24.hu,24.hu,2026-04-20,"Holnap lejár az iráni tűzszünet, Trump kijelentette, hogy nem fogja elsietni a háború lezárását",https://24.hu/kulfold/2026/04/20/trump-iran-tuzszunet-lejar/
6d9809abfa66b067e97e31c55a94244ee8687288ce738060cd01c1de94807b95,2026-04-20 17:22:54.201193+00:00,hu,444.hu,444.hu,2026-04-20,Kocsis Máté: A bejutott képviselőink többségét le kell cserélni,https://444.hu/2026/04/20/kocsis-mate-a-bejutott-kepviseloink-tobbseget-le-kell-cserelni
444cb49616a9b3ed50b1a1b7b17d68457928421831fe3191c591b203821051e4,2026-04-20 17:22:40.186099+00:00,hu,444.hu,444.hu,2026-04-20,A TV2 műsorvezetője a választások után törölte a Fideszt támogató posztjait,https://444.hu/2026/04/20/a-tv2-musorvezetoje-a-valasztasok-utan-torolte-a-fideszt-tamogato-posztjait
0132528dd4f617fd6a62121c1b467eb0fa0c4f9c08e0b2e2ba3baa4b736f28e9,2026-04-20 17:22:35.103174+00:00,hu,444.hu,444.hu,2026-04-20,Szociológiai Társaság: A kormányközeli közvélemény-kutatóknál súlyos hiba vagy manipuláció gyanúja merül fel,https://444.hu/2026/04/20/mszt-a-kormanykozeli-kozvelemeny-kutatoknal-vagy-sulyos-szakmai-hiba-vagy-manipulalacio-gyanuja-merul-fel
c0da93f0a361a5449822c70abc7dca83f1636a7572f5baa4358440ccc6af718b,2026-04-20 17:22:16.770812+00:00,hu,444.hu,444.hu,2026-04-20,"4-5 napnyi kerozint tudnak csak tárolni Ferihegyen, bővítenének",https://444.hu/2026/04/20/4-5-napnyi-kerozint-tudnak-csak-tarolni-ferihegyen-bovitenenek
f9b709f018d17df5d26c9a9ad8f7560f73a189c456e8d98d9ee0632c406d71d6,2026-04-20 16:45:32.162930+00:00,hu,24.hu,24.hu,2026-04-20,"Lesznek pillanatok, amikor újra és újra rácsodálkozunk arra, hogy nem volt normális, amiben éltünk"" – szociálpszichológus a kormányváltás hatásairól",https://24.hu/elet-stilus/2026/04/20/kende-annak-szocalpszichologus-valasztas-2026-tisza/
e5bda8066a20e3a123b69a0b67a7bcc0ebe5bdc1612a6df17c70d5fd883d92b3,2026-04-20 16:44:02.958516+00:00,hu,24.hu,24.hu,2026-04-20,Mégis indulhat a doppingvétségen kapott bringás csapata a Tour de Hongrie-n,https://24.hu/sport/2026/04/20/tour-de-hongrie-mbh-bank-csb-telecom-fort-indulhat/
727042cd49606898903a087fc995d2480e440b3f041d588fc1fa7687fa3fba85,2026-04-20 16:43:34.636437+00:00,hu,24.hu,24.hu,2026-04-20,Kocsis Máté: kikérték a mentelmi jogom,https://24.hu/belfold/2026/04/20/kocsis-mate-mentelmi-jog/
9d90e808fd97cf6610d6a8490df6251c19a07835a880e26e913e78899fd9ceab,2026-04-20 16:32:49.064445+00:00,hu,24.hu,24.hu,2026-04-20,Macron: Az új magyar kormány megalakulása Európában is új korszakot jelent,https://24.hu/kulfold/2026/04/20/macron-ukrajna-hitel-magyar-peter/
b1cdf54ee214ee7e3604aa1d34015f279a2e7f47b26186224e643b8267d17fb2,2026-04-20 16:32:20.924507+00:00,hu,24.hu,24.hu,2026-04-20,"117 évente van rá esély, hogy minden játékon telitalálat szülessen"" – Németh Hannát kérdeztük a feltorlódott lottónyereményekről",https://24.hu/elet-stilus/2026/04/20/nemeth-hanna-lotto-joker-skandinav-luxor-esely/
706259c6fb26737b2a59de8247b973d8b2eb7b00978167c244a695cbd3e2bdb5,2026-04-20 16:32:16.021409+00:00,hu,24.hu,24.hu,2026-04-20,Videó: szabadlábra került a bicskei gyermekotthon volt igazgatója,https://24.hu/belfold/2026/04/20/bicske-gyermekotthon-szabadlab-v-janos/
6059b60ad01415cc3fc0026dbef879e61890a2323229af9cf42746f78e0b105d,2026-04-20 16:31:45.534884+00:00,hu,24.hu,24.hu,2026-04-20,Újra meccskeretbe kerül Pécsi Ármin a Premier League-ben,https://24.hu/sport/foci/2026/04/20/liverpool-crystal-palace-kapusok-serulesek-pecsi-armin/
9ebf6d71ab3d18f28fd589d2d7f172ae1e32b4278dbfc6d31da60994afbe874c,2026-04-20 15:41:14.462292+00:00,hu,24.hu,24.hu,2026-04-20,Jogosan bírózott-e Robbie Keane a Győr Fradi elleni győztes gólja miatt?,https://24.hu/sport/foci/2026/04/20/gyor-fradi-gyori-eto-fc-ferencvarosi-tc-robbie-keane-gol-banati-kevin-nb1/
7a439da65cf67b4146f24fdf7447b7c1892f48e03510b39473df1c39e41682d1,2026-04-20 15:40:58.585309+00:00,hu,24.hu,24.hu,2026-04-20,Friss nyugdíjszámok érkeztek,https://24.hu/fn/gazdasag/2026/04/20/friss-nyugdijszamok-erkeztek/
49f03279325c3502ddbc90ab7bd4484e7b88475c5576f45a0a67fe2b80597560,2026-04-20 15:40:53.528567+00:00,hu,24.hu,24.hu,2026-04-20,Geszti Pétert az alakuló Tisza-kormányból és a Petőfi TV-től is megkeresték – utóbbi meghívásra nemet mondott,https://24.hu/szorakozas/2026/04/20/geszti-peter-tisza-kormany-petofi-tv-olah-gergo/
53e8bdba018d6db39760809b31530bc33723053ab8ed0565df7187d802e59e73,2026-04-20 15:28:36.208481+00:00,hu,444.hu,444.hu,2026-04-20,Karácsony „az átgondolatlan rezsicsökkentés” és a beszakadt Róbert Károly körút közötti kapcsolatról írt,https://444.hu/2026/04/20/karacsony-az-atgondolatlan-rezsicsokkentes-es-a-beszakadt-robert-karoly-korut-kozotti-kapcsolatrol-irt?utm_source=rss_feed&utm_medium=rss&utm_campaign=rss_syndication
fb0fc1eb9f933ab4a1c1c42a8e16752b64d174640229c5b2c95ff70903e557c6,2026-04-20 15:28:30.747683+00:00,hu,444.hu,444.hu,2026-04-20,"Baranyi Krisztina kidobta az irodájából Tiborcz üzlettársát, Balázs Attilát, és kijáróemberét, a volt szocialista Horváth Csabát",https://444.hu/2026/04/20/baranyi-krisztina-kidobta-irodajabol-tiborcz-uzlettarsat-es-kijaroemberet-a-volt-szocialista-horvath-csabat?utm_source=rss_feed&utm_medium=rss&utm_campaign=rss_syndication
287767f79cfe00eefc7e0d8230acad04769c429a5bf49726461f9eef98cd7e70,2026-04-20 15:28:18.359320+00:00,hu,444.hu,444.hu,2026-04-20,Házi őrizetbe került Halásztelek vesztegetéssel gyanúsított fideszes polgármestere,https://444.hu/2026/04/20/hazi-orizetbe-kerult-a-vesztegetessel-gyanusitott-halasztelki-polgarmester?utm_source=rss_feed&utm_medium=rss&utm_campaign=rss_syndication
17fe820294f62796a44697f7cf05e16c839456daf89d7f229466f2ab22222339,2026-04-20 15:28:13.457290+00:00,hu,444.hu,444.hu,2026-04-20,"7,5-ös erősségű földrengés volt Japánban, cunamiriadót adtak ki",https://444.hu/2026/04/20/74-es-erossegu-foldrenges-volt-japanban-cunamiriadot-adtak-ki?utm_source=rss_feed&utm_medium=rss&utm_campaign=rss_syndication
6794dbbe4b03411e4d145460674fea9d0438199fbe2fb6feacf1fe5f3638535f,2026-04-20 15:28:08.519112+00:00,hu,444.hu,444.hu,2026-04-20,16 minisztérium lesz a Tisza-kormányban,https://444.hu/2026/04/20/16-miniszterium-lesz-a-tisza-kormanyban?utm_source=rss_feed&utm_medium=rss&utm_campaign=rss_syndication
1b322d2128c78f47af424c15ff2158ffe473427173e280869cc6f0684ec12a4b,2026-04-20 15:28:03.408777+00:00,hu,444.hu,444.hu,2026-04-20,"Magyar Hang: Zajlik a vagyonkimentés az egyik Mészáros-cégnél, 4,4 milliárd vándorolt az oligarcha magántőkealapjába",https://444.hu/2026/04/20/magyar-hang-zajlik-a-vagyonkimentes-az-egyik-meszaros-cegnel-44-milliard-vandorolt-az-oligarcha-magantokealapjaba?utm_source=rss_feed&utm_medium=rss&utm_campaign=rss_syndication
577df1b6fdd05b78c47081779eb17217c0403d1f7501a242f973a2ffbc990bba,2026-04-20 15:27:58.186614+00:00,hu,444.hu,444.hu,2026-04-20,Az egyik hangyásznál talált megnyugvást a Fővárosi Állatkertben az aranyfejű oroszlánmajmocska,https://444.hu/2026/04/20/az-egyik-hangyasznal-talalt-megnyugvast-a-fovarosi-allatkertben-az-aranyfeju-oroszlanmajmocska?utm_source=rss_feed&utm_medium=rss&utm_campaign=rss_syndication
69ebe785d892f6c1fb26c93584f460860b590e537a4b990a4b822fd9ca109470,2026-04-20 15:27:47.002422+00:00,hu,444.hu,444.hu,2026-04-20,Ők a Tisza-kormány elsőként bejelentett miniszterei,https://444.hu/2026/04/20/ok-a-tisza-kormany-elsokent-bejelentett-miniszterei?utm_source=rss_feed&utm_medium=rss&utm_campaign=rss_syndication
bdb34bbed154f2a52524c1accf5afdf8ef67d4c37fd685efbf7e00207445575d,2026-04-20 15:27:42.028709+00:00,hu,444.hu,444.hu,2026-04-20,Beszakadt az út a Róbert Károly körúton,https://444.hu/2026/04/20/beszakadt-az-ut-a-robert-karoly-koruton?utm_source=rss_feed&utm_medium=rss&utm_campaign=rss_syndication
29257a770974ea3584b62c8419f1924f936aa2ec95f08ee16e3228dcb21652b9,2026-04-20 15:27:37.092853+00:00,hu,444.hu,444.hu,2026-04-20,"„Senki ne lepődjön meg, ha bezárt benzinkutakra talál” – ellátási zavarokra figyelmeztet a Független Benzinkutak Szövetsége",https://444.hu/2026/04/20/senki-ne-lepodjon-meg-ha-bezart-benzinkutakra-talal-ellatasi-zavarokra-figyelmeztet-a-fuggetlen-benzinkutak-szovetsege?utm_source=rss_feed&utm_medium=rss&utm_campaign=rss_syndication
a4a19a73ce746bea9e2939fd9c5e17c50ca4950a2edac7be024a34906fc49ed4,2026-04-20 15:27:31.662989+00:00,hu,444.hu,444.hu,2026-04-20,"Tizenhét gimnázium vezetője kéri Magyar Pétert, hogy szakmai szervezetek véleménye alapján terjessze be az oktatási miniszterjelölt nevét",https://444.hu/2026/04/20/tizenhet-gimnazium-vezetoje-keri-magyar-petert-hogy-szakmai-szervezetek-velemenye-alapjan-terjessze-be-az-oktatasi-miniszterjelolt-nevet?utm_source=rss_feed&utm_medium=rss&utm_campaign=rss_syndication
5f3172065d155ba8f29d24802ff00aff87b5213f8b669510515969d58fe02a5b,2026-04-20 15:27:28.375645+00:00,hu,444.hu,444.hu,2026-04-20,Árpa Attila fontos kérdést tett fel: Vajon most Csiszár Jenővel mi lesz?,https://444.hu/2026/04/20/arpa-attila-fontos-kerdest-tett-fel-vajon-most-csiszar-jenovel-mi-lesz?utm_source=rss_feed&utm_medium=rss&utm_campaign=rss_syndication
009eae35da30cb8b821b3d6cfec7ef886e042e17a15d45cb8bc5f4360de57c63,2026-04-20 15:27:22.664609+00:00,hu,444.hu,444.hu,2026-04-20,Akadozik a hívásindítás a Telekomnál,https://444.hu/2026/04/20/akadozik-a-hivasinditas-a-telekomnal?utm_source=rss_feed&utm_medium=rss&utm_campaign=rss_syndication
affbf4f32ecf075829070fb05cb45ad847a80371ed90c3d6dfb604142e67a2e4,2026-04-20 15:27:16.716333+00:00,hu,444.hu,444.hu,2026-04-20,"Az újabb letartóztatások erősítik a Z generációs tüntetők félelmét, hogy a rezsimváltás nem hozott valódi változást Madagaszkáron",https://444.hu/2026/04/20/az-ujabb-letartoztatasok-erositik-a-z-generacios-tuntetok-felelmet-hogy-a-rezsimvaltas-nem-hozott-valodi-valtozast-madagaszkaron?utm_source=rss_feed&utm_medium=rss&utm_campaign=rss_syndication
c2bc3dc92d54d0abfafeb41fcadc04cb6ae17748317f3a258ce90b504a2c2ba8,2026-04-20 15:27:11.969620+00:00,hu,444.hu,444.hu,2026-04-20,A Tisza a korábbinál néggyel több parlamenti bizottságot tervez,https://444.hu/2026/04/20/a-tisza-a-korabbinal-neggyel-tobb-parlamenti-bizottsagot-tervez?utm_source=rss_feed&utm_medium=rss&utm_campaign=rss_syndication
bb4820e09cc887aaad346f2ece135501f9e6738f43144bda945fa08fbd4df047,2026-04-20 15:27:04.743560+00:00,hu,444.hu,444.hu,2026-04-20,A zsarnokok ellen szólalt fel a Trump által támadott Leó pápa Afrikában,https://444.hu/2026/04/20/a-zsarnokok-ellen-szolalt-fel-a-trump-altal-tamadott-leo-papa-afrikaban?utm_source=rss_feed&utm_medium=rss&utm_campaign=rss_syndication
3e0a5744a8a437c840a230e3e984a837db395e3f1456506389c917046315db66,2026-04-20 15:26:59.250534+00:00,hu,444.hu,444.hu,2026-04-20,"Magyar Péter nem tűri a lopást, az arroganciát és a luxizást",https://444.hu/2026/04/20/magyar-peter-bejelentett-7-minisztert-a-heten-jonnek-ujabb-nevek?utm_source=rss_feed&utm_medium=rss&utm_campaign=rss_syndication
418f49f80e72b187a17d122a340b3e9c6583ab170629c6daefc7c7724e12b405,2026-04-20 15:26:54.741497+00:00,hu,24.hu,24.hu,2026-04-20,"Pirotechnika után dühös szurkolók kerültek a pályára, lemenekültek a csapatok és a játékvezető is",https://24.hu/sport/foci/2026/04/20/serie-c-monopoli-foggia-berohano-szurkolok/
dba265bdbaf8d7f11ff0938438935b33c5da22eb9aeb6fdbe7b8311fec9191d2,2026-04-20 15:26:49.956406+00:00,hu,444.hu,444.hu,2026-04-20,"Tovább csökken az üzemanyagok ára, a gázolajé ezúttal 14 forinttal",https://444.hu/2026/04/20/tovabb-csokken-az-uzemanyagok-ara-a-gazolaje-ezuttal-14-forinttal?utm_source=rss_feed&utm_medium=rss&utm_campaign=rss_syndication
59eaf9f064c98d23717b1e10255e280f44ffd296ab4664d67299f611acc853ac,2026-04-20 15:26:40.714530+00:00,hu,444.hu,444.hu,2026-04-20,A rakpartról a Duna partjára esett egy nő Budapesten,https://444.hu/2026/04/20/a-rakpartrol-a-duna-partjara-esett-egy-no-budapesten?utm_source=rss_feed&utm_medium=rss&utm_campaign=rss_syndication
787a0f411d51a4df22df0777b4f85bc7c847438a68a6d11d50dfcf25d8c1a0dd,2026-04-20 14:45:00.541699+00:00,hu,24.hu,24.hu,2026-04-20,Leendő honvédelmi miniszterként üzent a Magyar Honvédség tagjainak Ruszin-Szendi Romulusz,https://24.hu/belfold/2026/04/20/ruszin-szendi-romulusz-honvedelmi-miniszter-uzenet/
b3ff1e122643dd53db4193a76d37c0d2bb200780331741a1ac0d5891620df332,2026-04-20 14:41:23.872141+00:00,hu,24.hu,24.hu,2026-04-20,Teljesen felfüggesztik a maximum 10 millió forintos otthonfelújítási programot,https://24.hu/fn/gazdasag/2026/04/20/10-millios-otthonfelujitasi-programot-felfuggesztes/
c500aea310df06c3c39752ea24acdf5ac9dedefb2de5c473eebb866997f49849,2026-04-20 14:40:53.312177+00:00,hu,24.hu,24.hu,2026-04-20,Megbotlott és lezuhant a Belgrád rakpartra egy 74 éves nő Budapesten,https://24.hu/belfold/2026/04/20/bdapest-rakpartra-zuhant-no/
650654c76d048f5c5786e3ce2c2cce4cf37ae0a5f64d8d9be59386999524df27,2026-04-20 14:40:35.478180+00:00,hu,24.hu,24.hu,2026-04-20,A választások után törölte a Fideszt támogató posztjait a TV2 műsorvezetője,https://24.hu/kultura/2026/04/20/varga-attila-tv2-fidesz-valasztasok/
95957bc738de0186540d9ce773b1c825edd0de277a9086de81411c83411872c6,2026-04-20 14:40:23.825597+00:00,hu,24.hu,24.hu,2026-04-20,"Három jogszabály-módosítást kezdeményez a Mi Hazánk, rögtön azután, hogy megalakul az új Országgyűlés",https://24.hu/belfold/2026/04/20/mi-hazank-3-joszabaly-modositas/
09a287541011a9f72a2c5fb2ce691cf07e92f4ef704b8bba6072a90c61794fbd,2026-04-20 14:39:51.210638+00:00,hu,24.hu,24.hu,2026-04-20,Ezren verekedtek össze a Bayern München bajnoki címet érő meccse előtt,https://24.hu/sport/foci/2026/04/20/bundesliga-bayern-stuttgart-szurkolok-verekedes-ezer-ember/
6c81383e8772658d60fa760a4d8c73e413192f3829ed2738254c689fac5a4270,2026-04-20 14:39:41.534640+00:00,hu,24.hu,24.hu,2026-04-20,"Budapest Airport az európai kerozinhiányról: Ferihegyen legfeljebb 4-5 napnyi üzemanyag tárolására van lehetőség, vizsgálják a bővítést",https://24.hu/belfold/2026/04/20/budapest-airport-kerozin-ellatas/
31a46f5103e20f84b821fc824cf0c66afb40ee79c62249357d6fcf7945745a2f,2026-04-20 14:39:36.466335+00:00,hu,24.hu,24.hu,2026-04-20,Anne Hathaway a világ legszebb embere a People magazin szerint,https://24.hu/szorakozas/2026/04/20/anne-hathaway-vilag-legszebb-embere/
d5c204dacfffe8cb97acfa71d6210e1c352908d1e3f221b726c9737fa96288af,2026-04-20 13:44:51.625709+00:00,hu,24.hu,24.hu,2026-04-20,Több mint ötszáz autóst kaptak gyorshajtáson Kőbányán,https://24.hu/belfold/2026/04/20/kobanya-gyrshajtas-ellenorzes-traffipax/
ca437de28c9393ee5cfc6b5a5a92eec51b390a3f935872503ec93a3dbad0b19e,2026-04-20 13:44:46.585929+00:00,hu,24.hu,24.hu,2026-04-20,"Közép-Európára fókuszál a leendő Tisza-kormány, miközben az RMDSZ-elit kényes helyzetbe kerülhet",https://24.hu/belfold/2026/04/20/kozep-europara-fokuszal-tisza-rmdsz-elemzok/
1b8d08d326953ef7d7dc0894a99d39c5ff815bd24a5a480e18e04ed94a852d7c,2026-04-20 13:40:23.949202+00:00,hu,24.hu,24.hu,2026-04-20,Stratégiai partnerséget kötött a Samsung SDI és a Mercedes-Benz,https://24.hu/fn/gazdasag/2026/04/20/strategiai-partnerseg-samsung-sdi-mercedes-benz/
ac28852424a344376da2cf8c6838b473ac09e67af68fdae5030291a678082d76,2026-04-20 13:40:10.079351+00:00,hu,24.hu,24.hu,2026-04-20,Baranyi Krisztina kidobta a ferencvárosi polgármesteri hivatalból a Horváth Csabát és a Bayer Construct vezetőjét,https://24.hu/belfold/2026/04/20/baranyi-krisztina-bayer-construct-horvath-csaba/
95e8eb3a1473248c354826f96853f2b50cb6b9dd877d730d7111b59442d57b71,2026-04-20 13:37:48.857694+00:00,hu,24.hu,24.hu,2026-04-20,Magyar Péter bejelentette a Tisza-kormány hét miniszterét,https://24.hu/belfold/2026/04/20/magyar-peter-het-miniszter-frakcioules-sajtotajekoztato/
53cddcf918b8fd91db3054d8d1845ddf222793dc28d8dbfb691c73989d6f7c64,2026-04-20 13:30:06.820671+00:00,hu,24.hu,24.hu,2026-04-20,Átok végezhetett az első avignoni pápával,https://24.hu/tudomany/2026/04/20/v-kelemen-halala-atok/
16983a964e878ac6619db6b6c99037ec977cc59c0bb5789e5d934717c95f286c,2026-04-20 13:24:29.853319+00:00,hu,24.hu,24.hu,2026-04-20,"Herczeg Zoltán szerint a Fidesz politikusainak nem a független médiában, hanem a börtönben kellene beszélniük",https://24.hu/szorakozas/2026/04/20/herczeg-zoltan-fidesz-interju-borton/
a9ff90c36f12e41218fd6885f24f6f404ec7d1c98ec5177748b4b23c2ac0bca1,2026-04-20 13:24:16.806011+00:00,hu,24.hu,24.hu,2026-04-20,Múzeumot kapott a magyarországi korrupció legdurvább kilenc ügye,https://24.hu/fn/gazdasag/2026/04/20/magyarorszagi-korrupcio-muzeum/
3ecb339bd2ea722bd3c01398bf524e65059e739714dceda5e0714e15f9548a0e,2026-04-20 12:40:22.548270+00:00,hu,24.hu,24.hu,2026-04-20,Ironman-tragédia: holtan találták a brazil influenszert a triatlonverseny után,https://24.hu/sport/2026/04/20/halal-tragedia-triatlon-ironman-mara-flavia-araujo/
a6dcd5eafb92e0aabf7fc473c6b4594e307f60888df8b0d74c235ee49fb7a925,2026-04-20 12:39:13.718240+00:00,hu,24.hu,24.hu,2026-04-20,Komoly egészségügyi problémákhoz vezethet ez a cukorfajta,https://24.hu/tudomany/2026/04/20/cukor-kukoricaszirup-fruktoz-glukoz/
ca7d2c4ebe11c8e0b82669afc0e75a41b34bdb69ddf95ac85f6aeb027f69ad28,2026-04-20 12:38:32.146775+00:00,hu,24.hu,24.hu,2026-04-20,Hivatalos: nagyarányú győzelmet aratott Bulgáriában az oroszbarát volt elnök,https://24.hu/kulfold/2026/04/20/bulgaria-valasztas-eredmenyek-radev-gyozelem/
04cf6b994dca1ba6756f791f085626911cdcb5abcad7eea5ca52e472fe2fbe4f,2026-04-20 12:38:23.809726+00:00,hu,24.hu,24.hu,2026-04-20,"Magyar Pétert gimnáziumok vezetői kérik, hogy a szakmai szervezetek is beleszólhassanak az oktatási miniszter kiválasztásába",https://24.hu/belfold/2026/04/20/magyar-peter-gimnaziumok-oktatasi-miniszter-kivalasztasa/
a4d27bd5271f3001d383d300c983a031a2cd502ce2601ab6c8b93d5742c51f63,2026-04-20 12:26:51.163568+00:00,hu,24.hu,24.hu,2026-04-20,Megdöntötte egy robot a félmaraton emberi rekordját,https://24.hu/tech/2026/04/20/robot-felmarat-rekord-megdontese/
4cef44e42823518f8f94e5e481c424501888be2d669f61ed87a37d3b535982f1,2026-04-20 12:25:48.915805+00:00,hu,24.hu,24.hu,2026-04-20,Stohl Andrást magas pulzusa miatt szűrésre küldte a párja: „50 és 60 évesen egyikünk sem egy egyszerű eset”,https://24.hu/szorakozas/2026/04/20/stohl-andras-a-nagy-o-parja-kiss-kriszta-egeszseg/
8d919f7970e6a76a0ea4070a3c128e1429cf157e1f82aebc0654ba973bc7fbbe,2026-04-20 12:25:39.120038+00:00,hu,24.hu,24.hu,2026-04-20,"Kiengedték Halásztelek fideszes polgármesterét, de négy hónapig nem hagyhatja el a települést",https://24.hu/belfold/2026/04/20/kiengedtek-a-halasztelek-fideszes-polgarmesteret-de-negy-honapig-nem-hagyhatja-el-a-telepulest/
f8cca6b9008ae5d6e8ba5a3993933d63720a935fe12aa61746fa02402ac9e3cd,2026-04-20 12:25:24.426689+00:00,hu,24.hu,24.hu,2026-04-20,"57 évesen meghalt Patrick Muldoon, a Csillagközi invázió és a Melrose Place színésze",https://24.hu/kultura/2026/04/20/57-evesen-meghalt-patrick-muldoon-a-csillagkozi-invazio-es-a-melrose-place-szinesze/
c5366764144ccc3bbcd92b28f8a8e8aed70f69eb4371cbff92f2a560ce6893a3,2026-04-20 12:24:34.657976+00:00,hu,24.hu,24.hu,2026-04-20,Zelenszkij Magyar Péterrel egyeztetne az Orbánék által lefoglalt ukrán pénzekről,https://24.hu/kulfold/2026/04/20/ukran-penzszallito-egyeztetes-zelenszkij-magyar-interju/
dcee459846af65dc8d1547cc5329e34fa73653ffe802c728835efefc83e7f138,2026-04-20 11:40:19.165397+00:00,hu,atlatszo.hu,atlatszo.hu,2026-04-20,Jogsértés: 10 millió forintra bírságolták Lázár minisztériumát a PPKE campus építése kapcsán,https://atlatszo.hu/kozpenz/2026/04/20/jogsertes-10-millio-forintra-birsagoltak-lazar-miniszteriumat-a-ppke-campus-epitese-kapcsan/
64d29192f96fb59f89a2fe0335d2344bd22b646531dedaf7f1aeb1b3ea52fd41,2026-04-20 11:37:56.690105+00:00,hu,24.hu,24.hu,2026-04-20,"Nem mindegy, milyen emodzsikat használ a munkahelyen",https://24.hu/tech/2026/04/20/emodzsi-emoji-hozzaertes-hangulatjel/
d6f054aa6745f6ff40c17f3a86baa24c43ba05f26b6087a19ea3db36086ca4ec,2026-04-20 11:36:12.670609+00:00,hu,24.hu,24.hu,2026-04-20,"A Győr és a Ferencváros elleni meccsek a legkönnyebbek"" – visszavonul az Eb-bronzérmes kézilabdázó",https://24.hu/sport/2026/04/20/kezilabda-kisvarda-visszavonulas-larissa-markovic/
eff95e64a291f2357abf74da100cceea190bcd4c3f4018991d8b37515956f272,2026-04-20 11:36:07.615534+00:00,hu,24.hu,24.hu,2026-04-20,Vizsgálatot indít az adatvédelmi hatóság egy izraeli megfigyelő eszköz magyar titkosszolgálati használata miatt,https://24.hu/belfold/2026/04/20/vizsgalatot-indit-az-adatvedelmi-hatosag-egy-izraeli-megfigyelo-eszkoz-magyar-titkosszolgalati-hasznalata-miatt/
74a14e2581aaac733797743c896d33f2a67d066fa9ceb3cd6d272093253b2ed1,2026-04-20 11:28:22.426788+00:00,hu,24.hu,24.hu,2026-04-20,Kedden megint csökken a benzin és a gázolaj nagykereskedelmi ára,https://24.hu/fn/gazdasag/2026/04/20/tankolas-benzin-gazolaj-nagykereskedelmi-ar/
1e9c898a9f907ccc69e2031a621bd4021f1590ea4cd14e4d240a4a42badd9ebf,2026-04-20 11:28:15.631812+00:00,hu,24.hu,24.hu,2026-04-20,"FBSZ: senki ne lepődjön meg, ha bezárt benzinkutakat talál",https://24.hu/fn/gazdasag/2026/04/20/bezart-benzinkutak-fbsz/
d4871e6f5164b239216696e6c0deec535af20b3d22674b83a3f2a0d7fba13ebb,2026-04-20 11:28:10.542449+00:00,hu,24.hu,24.hu,2026-04-20,"Árpa Attila: Vajon most mi lesz Csiszár Jenővel, aki minden képesség és nyelvtudás nélkül lett rendkívüli nagykövet?",https://24.hu/szorakozas/2026/04/20/arpa-attila-csiszar-jeno-kritika/
95ae3b46b41316e8d66201d7d4206fdc0a4e6fa1c2132a8037de3c422436d905,2026-04-20 11:27:33.005550+00:00,hu,24.hu,24.hu,2026-04-20,"Sokkal rosszabb állapotban van az orosz gazdaság a svéd kormány szerint, mint amit a Kreml mutat",https://24.hu/kulfold/2026/04/20/orosz-gazdasag-allapota-sved-hirszerzes-infok/
3b1fbc589defaed09f9014620faa8e2aca7a3f4a26e0414522765470a6c0ec21,2026-04-20 11:27:27.946692+00:00,hu,24.hu,24.hu,2026-04-20,"Megrázó videón, ahogy a szirénázó mentőautó elgázolja a villamos előtt átrohanó gyalogost Budapesten",https://24.hu/belfold/2026/04/20/budapest-gyalogos-gazolas-mentok/
4dee66b4f7577e3c39bfd9a51cd8c066b571c5d97c75d5c5763002a82a8ec788,2026-04-20 11:27:22.900630+00:00,hu,24.hu,24.hu,2026-04-20,Szoboszlai megszólalt a liverpooli szerződése ügyében,https://24.hu/sport/foci/2026/04/20/szoboszlai-megszolalt-a-liverpooli-szerzodese-ugyeben/
0bada67aa01574913706987504186df76ba45f3215864dc94fcc99a92bfb8f64,2026-04-20 11:27:18.073401+00:00,hu,24.hu,24.hu,2026-04-20,Félelmetes: Törőcsik Zsófia 105 méterrel világcsúcsot ért el szabadtüdős merülésben,https://24.hu/sport/2026/04/20/torocsik-zsofia-vilagcsucs-szabadtudos-merules/
d63aa5c53a920c21a009923be1a8f2afbbce673df3dd7835e48dddef275fc866,2026-04-20 11:27:12.992031+00:00,hu,24.hu,24.hu,2026-04-20,Izrael bocsánatot kért az IDF-katona által szétvert Jézus-szobor miatt,https://24.hu/kulfold/2026/04/20/izraeli-katona-jezus-szobor-bocsanatkeres/
6ed06a2ef5ebe99ebd44d719dc756bb7b7e6a1a45d6978bcd19bb83983ddd489,2026-04-20 11:27:07.890210+00:00,hu,24.hu,24.hu,2026-04-20,"Egy moszkvai születésű férfi lövöldözött Kijevben, meghalt a hetedik áldozat",https://24.hu/belfold/2026/04/20/ukrajna-kijev-lovoldozes-het-aldozat/
62eaf0507b25a3a42d5cd3988569fa665a2f611522d825c8cfaa9fbcc4a0eb0a,2026-04-20 11:26:55.973259+00:00,hu,24.hu,24.hu,2026-04-20,Júliusban Budapesten koncertezik Morrissey,https://24.hu/kultura/2026/04/20/morrissex-budapest-koncert/
00bf2e79f11290a8c7deababa4c3b944b25b0b1b7cba12515991dba18b6e8c9c,2026-04-20 10:28:50.996031+00:00,hu,atlatszo.hu,atlatszo.hu,2026-04-20,Offshore cégeket és új ügyvezetőt találtunk az olimpiai bajnokot is átverő építőipari cégháló mögött,https://atlatszo.hu/kozugy/2026/04/20/offshore-cegeket-es-uj-ugyvezetot-talaltunk-az-olimpiai-bajnokot-is-atvero-epitoipari-ceghalo-mogott/
7c7405014642ad05a63aaf30795b43b2b05cb5b0148e670878f76897783f0813,2026-04-20 10:21:46.724140+00:00,hu,24.hu,24.hu,2026-04-20,"A hétvégéig marad a forgalmi korlátozás a Róbert Károly körúton, ahol beszakadt az út",https://24.hu/belfold/2026/04/20/robert-karoly-korut-beszakadt-ut-lezaras-hetvege/
fd2285c185a7a1c60b07eac37896baf4ec5f4ee8768cfe66295f6ff8bb514e5d,2026-04-20 10:19:08.677948+00:00,hu,24.hu,24.hu,2026-04-20,"Három nappal a választás előtt adták át a Semmelweis Egyetem új központját, ami előtt újra kordonok vannak",https://24.hu/belfold/2026/04/20/semmelweis-noikk-atadas-kordon-merkely-bela-hanko-balazs/
e2d6c7c1191a2683cb18201200fb4d5850f5c055bf9d009fb3d7f2764ea89be5,2026-04-20 10:19:03.762885+00:00,hu,24.hu,24.hu,2026-04-20,Politico: Orbán bukásával Izrael elveszíti egyik legfőbb védelmezőjét az EU-ban,https://24.hu/kulfold/2026/04/20/orban-bukasa-izrael-eu-helyzete-magyar-peter/
c588a793597a3560cb4590e01bcbaa68ca0c7475b6f10f9f0fa44e7f05fb78c2,2026-04-20 10:18:55.387980+00:00,hu,24.hu,24.hu,2026-04-20,"Timothy Garton Ash: Annyira utálták Orbán Viktort, hogy ez hatalmas megkönnyebbülés mindenkinek Európában",https://24.hu/kulfold/2026/04/20/timothy-garton-ash-interju-orban-valasztas/
fd1ddd6760b7d5baa1f6f7d727680042d8c46a911c621721a59592c9afc1d0d0,2026-04-20 10:18:50.353456+00:00,hu,24.hu,24.hu,2026-04-20,Magyar Péter hétfőn megnevezi az első hét miniszterét,https://24.hu/belfold/2026/04/20/magyar-peter-tisza-kormany-frakcio-miniszteriumok/
39d4c383c0c1672fe832de548a9b9d821a8adc872ab2e6347ab2804829ead6ed,2026-04-20 10:18:45.420807+00:00,hu,24.hu,24.hu,2026-04-20,"7,4-es erősségű földrengés rázta meg Japánt, szökőárriadót is elrendeltek",https://24.hu/kulfold/2026/04/20/74-es-eros-foldrenges-razta-meg-japant-szokoarriadot-is-elrendeltek/
8e1bde7bc512dcd594496ef9d837ea08d70785224c87604a7f58c7d75c2c5d92,2026-04-20 10:18:40.408976+00:00,hu,24.hu,24.hu,2026-04-20,Zsiday a Magyar-kormánynak: a gazdasági ígéretek elhamarkodott beváltása jelentős kockázat lehet,https://24.hu/fn/gazdasag/2026/04/20/zsiday-magyar-kormany-gazdasagi-kockazatok/
ff2935065d894cfb5f732f04b9ff0b58213e7528e2b7a260b42af8396bb9b668,2026-04-20 10:18:06.459780+00:00,hu,24.hu,24.hu,2026-04-20,Életműdíjat kap Reviczky Gábor és Novák Emil,https://24.hu/kultura/2026/04/20/reviczky-gabor-novak-emil-eletmudij/
dfc92e95fd54b96a25a0b95ba246560f49712e2d9f9c5ff87bdd846ad2d13bab,2026-04-20 10:17:46.328360+00:00,hu,24.hu,24.hu,2026-04-20,Aranynyelvű múmiákat találtak Egyiptomban,https://24.hu/tudomany/2026/04/20/aranynyelvu-mumiak-egyiptom-felfedezes/
dd99197f3bce947b9e0d774c2d389ab3588ee2dc58b0025668f18b29662e73b0,2026-04-20 10:17:30.559551+00:00,hu,24.hu,24.hu,2026-04-20,"Újrafelhasználta Jeff Bezos egy rakétáját, a küldetés félig kudarcba fulladt",https://24.hu/tech/2026/04/20/blue-origin-jeff-bezos/
8662ce4d016583f659187efb2fd0b2b3c9daa253fa4ef47b80f641d5e508d7f0,2026-04-20 10:17:17.928494+00:00,hu,24.hu,24.hu,2026-04-20,Minden mozdíthatót értékesítenek és elutalnak Mészáros Lőrinc környezetgazdálkodási cégéből,https://24.hu/belfold/2026/04/20/minden-mozdithatot-ertekesitenek-es-elutalnak-meszaros-lorinc-kornyezetgazdalkodasi-cegebol/
4d20858b84af51e808328d4b9ad0cdfbde2fd1e8ac51175f7e2d72c27d581eb7,2026-04-20 09:17:50.397361+00:00,hu,444.hu,444.hu,2026-04-20,Hat tehervonat használja naponta az ezermilliárdból felújított Budapest-Belgrád vasútvonalat,https://444.hu/2026/04/20/hat-tehervonat-hasznalja-naponta-az-ezermilliardbol-felujitott-budapest-belgrad-vasutvonalat?utm_source=rss_feed&utm_medium=rss&utm_campaign=rss_syndication
87f5a6001c25daf7f6845ef83a6e0dba10af2b06985bdf70c9dbbcaaeac5b7dc,2026-04-20 08:29:20.592412+00:00,hu,444.hu,444.hu,2026-04-20,"Nagy Feró: Magyarázkodni itt nem kell, lefőtt a kávé, nekünk ennyi",https://444.hu/2026/04/20/nagy-fero-magyarazkodni-itt-nem-kell-lefott-a-kave-nekunk-ennyi?utm_source=rss_feed&utm_medium=rss&utm_campaign=rss_syndication
3fa68e0f434a1c6fc4ff2a9b8530980ab5e9f7ce253ab570a9b2e73889d99a35,2026-04-20 08:28:06.205425+00:00,hu,444.hu,444.hu,2026-04-20,Hideg széllel indul a hét a hétvégi napozós idő után,https://444.hu/2026/04/20/hideg-szellel-indul-a-het-a-hetvegi-napozos-ido-utan?utm_source=rss_feed&utm_medium=rss&utm_campaign=rss_syndication
993f43ed9fa895b049802235593f8cb894dd2882a065399dab87a46e68adede5,2026-04-20 08:27:44.863782+00:00,hu,444.hu,444.hu,2026-04-20,Lemondták Kanye West svájci koncertjét is,https://444.hu/2026/04/20/lemondtak-kanye-west-svajci-koncertjet-is?utm_source=rss_feed&utm_medium=rss&utm_campaign=rss_syndication
40801c760e35eac24b36096f4320b43c1a12faa7ea4dcc4988b0210c09022e45,2026-04-20 08:27:26.101459+00:00,hu,444.hu,444.hu,2026-04-20,"Donald Trump szerint elfogtak és lefoglaltak egy iráni teherhajót, Irán megtorlást ígér",https://444.hu/2026/04/20/donald-trump-szerint-elfogtak-es-lefoglaltak-egy-irani-teherhajot-iran-megtorlast-iger?utm_source=rss_feed&utm_medium=rss&utm_campaign=rss_syndication
fa00b7d4810b912fd8f26e49864713be2fe15a365fea7e7aa5f35cbc11dde418,2026-04-20 08:27:14.622094+00:00,hu,444.hu,444.hu,2026-04-20,"Majka a Heti hetesben próbálta védeni Ördög Nórát azzal, hogy ő is fellépett Mészáros Lőrinc rendezvényén",https://444.hu/2026/04/20/majka-a-heti-hetesben-probalta-vedeni-ordog-norat-azzal-hogy-o-is-fellepett-meszaros-lorinc-rendezvenyen?utm_source=rss_feed&utm_medium=rss&utm_campaign=rss_syndication
4da69e778b29e2e325349bf0dd309e433b2cb0e341ad649709e6c154f980dcb0,2026-04-20 08:27:03.125967+00:00,hu,444.hu,444.hu,2026-04-20,Hegedűs Zsolt leendő egészségügyi miniszterként leszerelteti a kórházi arcfelismerő rendszert,https://444.hu/2026/04/20/hegedus-zsolt-leendo-egeszsegugyi-miniszterkent-leszerelteti-a-korhazi-arcfelismero-rendszert?utm_source=rss_feed&utm_medium=rss&utm_campaign=rss_syndication
4f0d774cca3070209f4d9199ca1984c02be0c5be6f3138538353830803592282,2026-04-20 08:26:46.161707+00:00,hu,444.hu,444.hu,2026-04-20,Kövér László nem kért volna bocsánatot Hann Endrétől,https://444.hu/2026/04/20/kover-laszlo-nem-kert-volna-bocsanatot-hann-enretol?utm_source=rss_feed&utm_medium=rss&utm_campaign=rss_syndication
22ae891d81ea1ccf0b516fc7fa2711059d48155e4c0db93d991e77a0efe83a99,2026-04-20 08:26:41.723554+00:00,hu,444.hu,444.hu,2026-04-20,Megnyerte a bolgár választást az EU-kritikus volt elnök,https://444.hu/2026/04/20/megnyerte-a-bolgar-valasztast-az-eu-kritikus-volt-elnok?utm_source=rss_feed&utm_medium=rss&utm_campaign=rss_syndication
045a5768639835b55af99ad2e6c7a54fe5218a10dc95b8c3f54861cfe6a1e4c5,2026-04-20 08:26:36.164221+00:00,hu,444.hu,444.hu,2026-04-20,Ukrán dróntámadás miatt ég egy orosz olajfinomító,https://444.hu/2026/04/20/ukran-drontamadas-miatt-eg-egy-orosz-olajfinomito?utm_source=rss_feed&utm_medium=rss&utm_campaign=rss_syndication
7ebf6b308e1e716345582e86bb7446faeb3e392fa46757401873b3caac99fdd1,2026-04-20 08:26:31.153368+00:00,hu,444.hu,444.hu,2026-04-20,"„Az MK-s üzenetek posztolása eddig sem volt opcionális, de most különösen nem az” – így ugráltatták a kampányban a többi minisztériumot Rogánék",https://444.hu/2026/04/20/az-mk-s-uzenetek-posztolasa-eddig-sem-volt-opcionalis-de-most-kulonosen-nem-az-igy-ugraltattak-a-kampanyban-a-tobbi-miniszteriumot-roganek?utm_source=rss_feed&utm_medium=rss&utm_campaign=rss_syndication
f0db1ecf005691a571f4a22e99471deca2acf5a262c9873e5543b106f14c1175,2026-04-20 08:26:26.195174+00:00,hu,444.hu,444.hu,2026-04-20,A legnagyobb arcú orbánista balladája,https://444.hu/2026/04/20/a-legnagyobb-arcu-orbanista-balladaja?utm_source=rss_feed&utm_medium=rss&utm_campaign=rss_syndication
7cba430ae7eb9cd2ca4aea62955f5f9d9e3891b5a5667340889e8e1771e639e3,2026-04-20 08:26:21.429733+00:00,hu,444.hu,444.hu,2026-04-20,"Király Nóra Orbánról: Nagyon hiányoltam a lemondást már vasárnap este, és hiányolom azóta is",https://444.hu/2026/04/20/kiraly-nora-orbanrol-nagyon-hianyoltam-a-lemondast-mar-vasarnap-este-es-hianyolom-azota-is?utm_source=rss_feed&utm_medium=rss&utm_campaign=rss_syndication
eb0b7dd728c7169a9b24315af20a35b9966602475f71b73f678edaa52ebf0c7c,2026-04-20 08:26:16.157665+00:00,hu,444.hu,444.hu,2026-04-20,"A szerb kormánypárt elnöke úgy gratulált Magyar Péternek, hogy közben az egekig magasztalta Orbán Viktort",https://444.hu/2026/04/20/a-szerb-kormanypart-elnoke-ugy-gratulalt-magyar-peternek-hogy-kozben-az-egekig-magasztalta-orban-viktort?utm_source=rss_feed&utm_medium=rss&utm_campaign=rss_syndication
d04ba4de96d0d733a26cc263ecc6464529a8c750298cbaf9e12a4c96b578ea42,2026-04-20 08:25:08.034240+00:00,hu,24.hu,24.hu,2026-04-20,Schön Szabolcs szerint már kudarc lenne a bajnoki cím elvesztése,https://24.hu/sport/foci/2026/04/20/magyar-foci-eto-fc-gyor-ftc-schon-szabolcs-borbely-balazs/
0e36264c348d6bddf68b75eb97c3809c0da339162cae596eee4483dff51b4f95,2026-04-20 08:24:57.824747+00:00,hu,444.hu,444.hu,2026-04-20,Forsthoffer Ágnest jelöli a Tisza a Magyar Országgyűlés elnökének,https://444.hu/2026/04/20/forsthoffer-agnest-jeloli-a-tisza-a-magyar-orszaggyules-elnokenek?utm_source=hirstart&utm_medium=referral&utm_campaign=ct
ddcfbb9c728e9b00567cc38135dc55a005400d73a645ed4d4d4c2d428bc8e11a,2026-04-20 07:31:11.112886+00:00,hu,24.hu,24.hu,2026-04-20,Csőtörés miatt beszakadt az út a Róbert Károly körúton,https://24.hu/belfold/2026/04/20/csotores-beszakadt-uttest-robert-karoly-korut/
76b1c475c3e4cae3f0525f87985599a48abc6c0e9f1d11158a5f918faeb0a97c,2026-04-20 07:31:04.545891+00:00,hu,24.hu,24.hu,2026-04-20,"Hindu tanító tiltakozik Jeszenszky Zsolt elmélete ellen, mely szerint Orbán vereségét az indiai bálványimádása okozta",https://24.hu/belfold/2026/04/20/hindu-tanito-jeszenszky-zsolt-orban-india/
a437c98752ae9a84988b7797921227635c3dbf3aef3c80b686035e533aed197e,2026-04-20 07:29:59.133096+00:00,hu,24.hu,24.hu,2026-04-20,"Nagy Feró: Van, aki át tudná venni Orbán Viktortól a vezetést: Lázár János, Szijjártó Péter, Semjén Zsolt",https://24.hu/szorakozas/2026/04/20/nagy-fero-orban-vezetes-fidesz-lazar-semjen-szijjarto/
02eb4c1402e762e0e97614fb6969a94f5e4f7eff59feb11fb34d04a925c19b59,2026-04-20 07:29:54.082328+00:00,hu,24.hu,24.hu,2026-04-20,"Makranczi Zalán Vidnyánszky Attilának: A színházban dolgozó emberek félnek, rettegnek tőled",https://24.hu/kultura/2026/04/20/makranczi-zalan-vidnyanszky-attila/
c539df3232c2f19cb1c09230c6d565e9a71e32d4779ce64f27dd63caabe36cda,2026-04-20 07:28:49.669625+00:00,hu,24.hu,24.hu,2026-04-20,"Ilyen lehet a szép új világ, ha megváltoztatják a lesszabályt",https://24.hu/sport/foci/2026/04/20/arsene-wenger-fele-lesszabaly-elso-tortenelmi-gol/
b292cdcb8db874d16893362f272c7a62968c9769f78c82b389163edc6c82fa7c,2026-04-20 07:21:23.444140+00:00,hu,444.hu,444.hu,2026-04-20,"A Bharata Hindu Közösség tette helyre DJ Jeszyt, aki szerint a vereség oka Orbán indiai bálványimádása volt",https://444.hu/2026/04/20/a-bharata-hindu-kozosseg-tette-helyre-dj-jeszyt-aki-szerint-a-vereseg-oka-orban-indiai-balvanyimadasa-volt?utm_source=hirstart&utm_medium=referral&utm_campaign=ct
f19f6ac066a4f1f47b200e1aa01570ba2273af47331f6588c5142bdf9729d2ae,2026-04-20 07:21:17.615584+00:00,hu,24.hu,24.hu,2026-04-20,Forsthoffer Ágnest jelöli a Tisza házelnöknek,https://24.hu/belfold/2026/04/20/forsthoffer-agnes-hazelnok-jeloles/
bc90e70ef83f81d9ae264bf27d649a2314502f49e2074ec5aadff7f498409be7,2026-04-20 07:20:51.525230+00:00,hu,24.hu,24.hu,2026-04-20,Von der Leyen sürgős magyar reformokat vár az uniós pénzek felszabadításához,https://24.hu/fn/gazdasag/2026/04/20/unios-penzek-felszabaditas-von-der-leyen-tisza-kormany/
09d4178ffce6a3c1328605d0f2154c41cc60c9f3aafe9c79111ddeb7932aa822,2026-04-20 07:20:20.447342+00:00,hu,24.hu,24.hu,2026-04-20,"Hétfői friss hírek, forgalom, időjárás – Reggeli pakk",https://24.hu/belfold/2026/04/20/hetfoi-friss-hirek-forgalom-idojaras-reggeli-pakk-430/
29b75a465ee509318306814c16e055801f14d60b0c818729325a94f57239a806,2026-04-20 07:19:08.285622+00:00,hu,24.hu,24.hu,2026-04-20,"444: Rogánék parancsba adták, hogy a minisztériumok fideszes üzeneteket posztoljnak",https://24.hu/belfold/2026/04/20/rogan-antal-parancs-miniszteriumok-fideszes-uzenetek/
ac691ed6128ffb4db57995bc7912e9f048c9ece926aacfaf5a56c81976b49c3c,2026-04-20 06:33:48.959960+00:00,hu,24.hu,24.hu,2026-04-20,"Molnár Áron a fideszes propagandistáknak: Hogy meritek azt mondani, hogy folytatjátok? Mit? A hazudozást?",https://24.hu/szorakozas/2026/04/20/molnar-aron-fideszes-influenszerek-celebek/
1609859b3c3e5c0b7ed2775cc256b02aa6b3afea77798da39f79f2a20477cd02,2026-04-20 06:33:44.044922+00:00,hu,24.hu,24.hu,2026-04-20,"A Nobel-díjas Krausz Ferenc alapítványa elvállalta egy tehetséggondozó program finanszírozását, aztán politikai okokra hivatkozva visszalépett",https://24.hu/belfold/2026/04/20/krausz-ferenc-alapitvany-tehetseggondozo-program-visszalepett/
0277fa342b910b0f85d60d556ae29e9023ac49fe935d8b0f066ddb35e44b84d3,2026-04-20 06:33:32.843869+00:00,hu,24.hu,24.hu,2026-04-20,"„Aki nem csinált semmit, azt nem lehet megrángatni” – Rákay Philipnek üzent ByeAlex",https://24.hu/szorakozas/2026/04/20/byealex-rakay-philip-uzenet/
eccb60b704ba7303e1ac12780257a1f1dacace5c3a538959da6c7f69df603c51,2026-04-20 06:33:27.633139+00:00,hu,24.hu,24.hu,2026-04-20,Az orosz barát Rumen Radev pártja nyerte a választást Bulgáriában az exit pollok alapján,https://24.hu/kulfold/2026/04/20/bulgaria-valasztas-rumen-radev-exit-poll/
daa1df2e3d6854e86244919611af17ab282c252ed5f253badff6e96110f3d52b,2026-04-20 06:33:23.209768+00:00,hu,24.hu,24.hu,2026-04-20,"Ablakcsere kockázat nélkül: Íme hat kérdés, amit a beépítés előtt mindenképp fel kell tenni",https://24.hu/elet-stilus/2026/04/20/ablakcsere-kockazat-nelkul-ime-hat-kerdes-amit-a-beepites-elott-mindenkepp-fel-kell-tenni/
1a9311303130d69d7d21f67dee24fcaced5b960dbd29ff0b88e2c837444015cf,2026-04-20 06:33:17.661079+00:00,hu,24.hu,24.hu,2026-04-20,"Bayer Zsolt darált, Kövér László sátánozott",https://24.hu/belfold/2026/04/20/bayer-zsolt-daralt-kover-laszlo-satanozott/
d79763c0b1bcfb38a3aad5cfbd518c569e32c7a413b8955472323d86621848fb,2026-04-20 06:33:04.724398+00:00,hu,24.hu,24.hu,2026-04-20,Ellenzéket kapott a Fidesz-barát Vajdasági Magyar Szövetség,https://24.hu/kulfold/2026/04/20/vajdasagi-magyar-ujrakezdes-megalakulas/
0c41a205703056eb8345d4999a4d6ecef1da898d5d8465ccbf3a2330f8c93217,2026-04-20 06:32:44.266917+00:00,hu,24.hu,24.hu,2026-04-20,Óriásit csalódott az amerikai edzésekben és edzőjében az olimpiai bronzérmes magyar vívó,https://24.hu/sport/2026/04/20/vivas-muhari-eszter-nagy-csalodas/
9b82ddbe898e282135a3dcc8599882da8a87e050059d5aa9df9c8155e58d0ee1,2026-04-20 06:32:16.766330+00:00,hu,24.hu,24.hu,2026-04-20,A német haditengerészetnél készül a forgatókönyv a Hormuzi-szoros biztosításában való szerepvállalásról,https://24.hu/kulfold/2026/04/20/nemetorszag-haditengereszet-forgatokonyv-hormuzi-szoros/
c85b97e4e9299a4906ccbede40c6ae951726d5bd02a06db12e4d7b9157e7bba6,2026-04-20 05:24:01.878002+00:00,hu,24.hu,24.hu,2026-04-20,"„A pénz nem boldogít, de...” – különös pólót választott 55. születésnapi bulijára Schóbert Norbi",https://24.hu/szorakozas/2026/04/20/schobert-norbi-poloja-felirat-szuletesnap/
1dce9a08049186adebf5804b75d946a28b4ebf387a37c7a8b2f806575a5f1ac0,2026-04-20 05:23:15.340646+00:00,hu,24.hu,24.hu,2026-04-20,Az esküvő előtt pár perccel fekete festékkel öntötte le a menyasszonyt a sógornője,https://24.hu/elet-stilus/2026/04/20/fekete-festek-menyasszony-sogorno-eskuvo-botrany/
090da9f4795add79f8caa87ac4a591513b0e5198fbf449e6111cb44ba7d78e3c,2026-04-20 05:21:48.188558+00:00,hu,24.hu,24.hu,2026-04-20,Hétfőn elvonul a hidegfront,https://24.hu/belfold/2026/04/20/idojaras-2026-aprilis-20/
e85e37539bb5ffcb66804eac779bd95f9169d44c10fecde04c2a56a8a5a42421,2026-04-20 05:21:42.895975+00:00,hu,24.hu,24.hu,2026-04-20,Milyen gyors a gepárd? – állati rekordok kvíz,https://24.hu/szorakozas/2026/04/20/allati-rekordok-kviz/
e6b8107d6266f31f18a7747e614f2f2de18ffd272e88211bb64180f10fed9082,2026-04-20 05:20:33.069513+00:00,hu,24.hu,24.hu,2026-04-20,A Fidesz bukása előtt egy kiváltságos üzletbe szállt be Nagy Márton köre Tiborcz Istvánék mellé,https://24.hu/belfold/2026/04/20/szeleromu-nagy-marton-magantokealap-tiborcz-orban/
c8c51082c8dda6ba8de0a5f011757e7a7f0747e6664c0120e1c8573dd4488475,2026-04-20 02:25:35.395103+00:00,hu,24.hu,24.hu,2026-04-20,Még a dobogót is megcsípheti a szezonhajrára feltámadó Juve,https://24.hu/sport/2026/04/20/serie-a-juventus-bologna-ac-milan/
1ac4e7311fa6d733bd03224582f26b5316d7c027f8468969f01afefdf4843f46,2026-04-20 01:22:24.015616+00:00,hu,444.hu,444.hu,2026-04-20,Bűnbakkeresők és menedékkérők,https://444.hu/2026/04/20/bunbakkeresesek-es-jovokepek?utm_source=rss_feed&utm_medium=rss&utm_campaign=rss_syndication
f3e4830c4f90a657470fee9ecfa3408019b3fbcae540bbd326b9e53f846fd02c,2026-04-19 22:30:10.631717+00:00,hu,24.hu,24.hu,2026-04-20,Időszerű a fűtési rendszer 'olajcseréje',https://24.hu/fn/gazdasag/2026/04/20/idoszeru-a-futesi-rendszer-olajcsereje/
