id,indexed_date,language,media_name,media_url,publish_date,title,url
0c3d999610d31a393c38e7595d574c7de891f8f4114c160b1e358938b307adcd,2026-04-27 06:38:48.550178+00:00,hu,origo.hu,origo.hu,2026-04-26,„Eddig és ne tovább” – Takács Péter a Bayer show-ban beszélt a politikai lincshangulatról,https://hirtv.origo.hu/ahirtvhirei/2026/04/takacs-peter-bayer-show-2
70cc33d9c28061686458192fca6d0dfcdfb6d5648c4af559742e1593f3235ff3,2026-04-27 06:38:33.122290+00:00,hu,origo.hu,origo.hu,2026-04-26,Csatamező a stúdióban – A megjavult jogállamiság és az orosz olaj dilemmája a Csörtében,https://hirtv.origo.hu/ahirtvhirei/2026/04/csorte-megjavult-jogallamisag
2153b917df96afb90deba5f60817ef76a41ac9f1b77208c817df592f685dd428,2026-04-27 01:25:55.007829+00:00,hu,origo.hu,origo.hu,2026-04-26,Vérfagyasztó pillanatok: fegyveres férfi követett el merényletkísérletet Trump ellen – videó,https://www.origo.hu/kulpol/2026/04/trump-is-veszelybe-kerult-lovesek
c69addca8ecd2dc5d38a9fe37986e58be15c9bbb7c05d1641ef52b47c9d317a7,2026-04-27 01:24:51.036713+00:00,hu,origo.hu,origo.hu,2026-04-26,"A Fradi megúszott egy 11-est a Paks ellen, ezen múlhat a bajnoki cím?",https://www.origo.hu/sport/2026/04/fradi-paks-11-es-video
4d1ad8ff6aaf2432716c8c34481dad3d8ad7c70c07dd2b24fb851316cb541a8a,2026-04-26 22:36:29.006917+00:00,hu,index.hu,index.hu,2026-04-26,"Biztonsági szakértő az Indexnek a washingtoni támadásról: Az, hogy hiba történt, egyértelmű",https://index.hu/kulfold/2026/04/26/donald-trump-lovoldozes-amerikai-elnok-tamadas-elemzes-szakerto-washington-poltl-akos/
fa4af9c4eb9ddd9ba3f31f74ecb9d90c47b4799c5f79a9d0b640f358e2043104,2026-04-26 22:36:19.581260+00:00,hu,index.hu,index.hu,2026-04-26,"Majka csalódott Orbán Viktorban, de üzent Magyar Péternek és Curtisnek is",https://index.hu/belfold/2026/04/26/majka-rapper-magyar-peter-tisza-part-fidesz-valasztas-2026-rtl-hazon-kivul-interju/
c115702422857f5313dadc1b7324e7f9d6e61df59f361f763e63a0c7e6fa5a87,2026-04-26 22:35:52.509968+00:00,hu,index.hu,index.hu,2026-04-26,„Ma este lövöldözés lesz” – kísérteties megjegyzést tett a Fehér Ház szóvivője a támadás előtt,https://index.hu/kulfold/2026/04/26/donald-trump-lovoldozes-feher-haz-szovivo-karoline-leavitt/
daa537ce708ef41a31675f9a938984219369b3707effff5f88c027ea9b8797c3,2026-04-26 22:35:47.357949+00:00,hu,index.hu,index.hu,2026-04-26,A Tatabányának kétgólos hátrányt kell ledolgoznia az Európa-kupa döntőjéért,https://index.hu/sport/kezilabda/2026/04/26/europa-kupa-2025-2026-elodonto-1.-merkozes-izvidac-tatabanya/
2fb51024bc73b531aff18b10af7d8464c2db4110a49ddd5d261d6a58664695fb,2026-04-26 22:35:23.370030+00:00,hu,index.hu,index.hu,2026-04-26,Reagált a NAV Magyar Péter szavaira a Rogán-kör utalásairól,https://index.hu/gazdasag/2026/04/26/nav-utalas-felfuggesztes-reakcio-magyar-peter-tisza-part/
960a73d41a3242bba0c1e73b9a38d0b04e016c051d7f6c3ff4b85539f19149be,2026-04-26 22:35:06.357411+00:00,hu,index.hu,index.hu,2026-04-26,"Úgy kaphattak fizetést többen az egyik Kormányhivataltól, hogy nem is dolgoztak",https://index.hu/belfold/2026/04/26/vas-varmegye-kormanyhivatal-rendorseg-feljelentes-munkavegzes-fizetes-vamos-zoltan-fidesz-kepviselojelolt/
36c0f5958f675ae51f9ad0a97a5307396c563649a3c271e29582d3f09a57f28a,2026-04-26 22:35:02.065673+00:00,hu,index.hu,index.hu,2026-04-26,"Vérfagyasztó dolgot szúrtak ki a rendőrök egy férfi autójában, ami utána jött, arra senki nem volt felkészülve",https://index.hu/mindekozben/poszt/2026/04/26/verfagyaszto-dolgot-szurtak-ki-a-rendorok-egy-fiatal-ferfi-autojaban-ami-utana-jott-arra-senki-nem-volt-felkeszulve/
acaa5626ed1d718773be3968132685da306e38c4f685b8e5fdef751ae3a1b2bc,2026-04-26 22:28:10.502245+00:00,hu,blikk.hu,blikk.hu,2026-04-26,Egyre komolyabban fenyegeti a megszűnés veszélye a választási bukás után a Kutyapártot: így áll jelenleg a gyűjtés,https://www.blikk.hu/politika/magyar-politika/kutyapart-megszunes-gyujtes-allasa/szhwfjx
9c0c5976e347c45fd7a07b32a496c93197fc57f9c8fc82dfadfe3b273a6a203a,2026-04-26 22:28:01.026235+00:00,hu,blikk.hu,blikk.hu,2026-04-26,"A reptéren vették őrizetbe a Fidesz napokban lemondott szegedi elnökét, aki ellen elfogatóparancsot adtak ki a héten",https://www.blikk.hu/politika/magyar-politika/fidesz-szeged-elnok-korozes-elfogtak-repuloter/70eyr8s
971f1a82183a7c9e9ad8a2d7de4dbea2c8e599655e65cc519a71a914f917139e,2026-04-26 22:27:49.988942+00:00,hu,blikk.hu,blikk.hu,2026-04-26,"A buszra várakozva esett össze egy férfi, egy közeli gyár dolgozói defibrillátorral a kézben rohantak a megállóba",https://www.blikk.hu/aktualis/belfold/eletmentes-ujraelesztes-gyar/m1n7ny8
51e72b3ec628438d611116369643a9cb6e0024c43890bd58f06f06717929adfe,2026-04-26 22:27:44.720972+00:00,hu,blikk.hu,blikk.hu,2026-04-26,„Ma este lövöldözés lesz” – hátborzongató kijelentést tett a Fehér Ház szóvivője a Trump elleni merényletkísérlet előtt,https://www.blikk.hu/politika/vilagpolitika/trump-merenyletkiserlet-feher-haz-szovivo-lovoldozes/5kgc202
f8e69247f5ab26eddadc8b65d5b14e5c4302ea2c7f0d400da1b3bbbcc8c770b8,2026-04-26 22:27:37.626514+00:00,hu,blikk.hu,blikk.hu,2026-04-26,Vadon Jani Orbán Viktor ikonikus videóján élcelődött a Heti Hetesben – videó,https://www.blikk.hu/aktualis/belfold/heti-hetes-magyar-peter-edzoterem-orban-viktor-kettlebell/swqxlw3
cdc6c4eb9f6dad794230651ea8c7b23fc2cddf5ab770b22e2b11ad0f5d50f78f,2026-04-26 21:30:36.199425+00:00,hu,origo.hu,origo.hu,2026-04-26,"A UFC első embere is ott volt a Fehér Ház partiján, ő élvezte a lövöldözést",https://www.origo.hu/sport/sport-egyeni/2026/04/feher-haz-ufc-dana-white-lovoldozes-donald-trump
c00a7fe8b82eb1c2131300ad7a90f1013d758630784bdef7bc5625ca9c34acf0,2026-04-26 21:30:21.708255+00:00,hu,origo.hu,origo.hu,2026-04-26,"Holttestet találtak egy autóban, magyar nőé lehet",https://www.origo.hu/kek-hirek/2026/04/holttestet-talaltak-egy-autoban
68efe44cdd518c3d3170780c1a27bf338c3574d87623adb3a957a80592fffce5,2026-04-26 21:30:12.614215+00:00,hu,origo.hu,origo.hu,2026-04-26,"Tarol a Michael Jackson-film: minden rekordot megdöntött, de van egy nagy hiányossága",https://www.origo.hu/nagyvilag/2026/04/michael-jackson-film-rekord-oriasi-erdeklodes
805803e37814d0cd7d9b59efccb860de4118bd3742f34a9bfbdd8006ac592503,2026-04-26 21:30:07.453871+00:00,hu,origo.hu,origo.hu,2026-04-26,"„Elvágom a torkod, és azon keresztül kihúzom a nyelvedet""",https://www.origo.hu/kek-hirek/2026/04/reszeg-tombolt-pusztamonostoron
db1a7cab9ac8637615215ea9e18dd6fb39b87ac0f623626ea106414bc9ae3b94,2026-04-26 21:29:52.841063+00:00,hu,origo.hu,origo.hu,2026-04-26,"Pécsi Ármin remekelt, elképesztő drámával zárult a Liverpool idénye",https://www.origo.hu/sport/sport-futball/2026/04/pecsi-armin-liverpool-u21-tieznegyes-crystal-palace
1be50ee55219144d8828e42de188043e2627c940719704f65d220724531f7025,2026-04-26 21:29:39.459674+00:00,hu,origo.hu,origo.hu,2026-04-26,"Az ETO nem tudott nyerni Debrecenben, tovább élnek a Fradi bajnoki álmai",https://www.origo.hu/sport/sport-futball/2026/04/fradi-nbi-debrecen-gyor-versenyfutas
68acfede08b57c24cb86b3aba93d938165f0fcea0e90f46c033ebebcba8cf3b2,2026-04-26 21:29:20.606998+00:00,hu,origo.hu,origo.hu,2026-04-26,Hátrányba került a Tatabánya az Európa Kupa elődöntőjében,https://www.origo.hu/sport/sport-csapat/2026/04/europa-kupa-ferfi-kezilabda-tatabanya-elodonto
e6ea09f2aba40314e2eae64361a50201f80064b9478fe4b20cdcb12da05f2b15,2026-04-26 21:28:45.073082+00:00,hu,origo.hu,origo.hu,2026-04-26,Ezek a csapatok lehetnek a Győri ETO ellenfelei a Bajnokok Ligája négyes döntőjében,https://www.origo.hu/sport/sport-csapat/2026/04/gyori-eto-noi-kezilabda-bajnokok-ligaja-negyes-donto
fb1752b15213d19743d37dcf8415fa154f29e143e20a7f4bdbc7c43097895f32,2026-04-26 20:22:54.081896+00:00,hu,blikk.hu,blikk.hu,2026-04-26,Nagy szívességet tett a Fradinak a Loki a forduló zárómeccsén,https://www.blikk.hu/sport/magyar-foci/dvsc-eto-eredmeny-nb-i/rxvz0x8
de2a4a8c6b06eba7ec8d47dbe8c8c51c9a74c7803a3ede85e1b8013958c0d355,2026-04-26 20:21:47.666898+00:00,hu,blikk.hu,blikk.hu,2026-04-26,Eldőlt: visszajutott az élvonalba a Vasas,https://www.blikk.hu/sport/magyar-foci/vasas-nb-ii-feljutas/0evk75p
3ba72e3d6ed1972d6e940a27c16034136795a5874e0f5943ab5805be9ce60e96,2026-04-26 20:21:23.670597+00:00,hu,blikk.hu,blikk.hu,2026-04-26,"Robbie Keane meglepődött, mennyire könnyen verték a Paksot",https://www.blikk.hu/sport/magyar-foci/ferencvaros-paks-edzoi-ertekelesek/s1tdrwt
31313999ed0e2d40204287bf3f5be4489602663bbdee4c6c800cfe0b0fedbe44,2026-04-26 20:21:13.100474+00:00,hu,blikk.hu,blikk.hu,2026-04-26,"„Előre figyelmeztettem is...” – megválaszolta a kérdést Majka, hogy megromolhat-e a barátságuk Pápai Jocival a politika miatt",https://www.blikk.hu/sztarvilag/hazai-sztarok/majka-rtl-hazon-kivul-curtis-toth-gabi/hwy6w2z
278d54cb664afb04877ca0a6b704a3ce792c36516e9f6375d0358560f20768b9,2026-04-26 20:21:03.452329+00:00,hu,blikk.hu,blikk.hu,2026-04-26,Már nagyon várja a kisunokát Csepregi Éva,https://www.blikk.hu/sztarvilag/hazai-sztarok/csepregi-eva-unoka-varas/mzcw48b
04a86dcec49ab05ab15cb01957dd050a14a4c6955dab044c3bfb750cdf94fc04,2026-04-26 20:20:45.039854+00:00,hu,blikk.hu,blikk.hu,2026-04-26,"A mi kis falunk rendezője mondta ki az igazságot arról, valójában mi a vita tárgya Pilisszentléleken",https://www.blikk.hu/sztarvilag/hazai-sztarok/a-mi-kis-falunk-kapitany-ivan-pilisszentlelek-/dj4eqmd
332ff371ee9218ccab26b2412772403798edd9cb80abf3e24d3282f04305021d,2026-04-26 20:20:40.004376+00:00,hu,blikk.hu,blikk.hu,2026-04-26,"„Ez volt az utolsó videóm” – Tóth Gabi üzent a követőinek, egy időre visszavonul",https://www.blikk.hu/sztarvilag/hazai-sztarok/toth-gabi-megszolalt-valasztasok/tmnvg32
7e54388d56a024f2463ab3432e5fa68c5970f29736ff2d4b270a870603d8487e,2026-04-26 20:20:35.176285+00:00,hu,blikk.hu,blikk.hu,2026-04-26,Szoborral köszöntötték a 92 éves legendát: Bodrogi Gyula meghatódva fogadta a különleges ajándékot,https://www.blikk.hu/sztarvilag/hazai-sztarok/bodrogi-gyula-szuletesnap-ajandek-szobor/wfw9yqp
a381ba1e8bdf374fc114e146c2ddc3eaa8f80f9a5f78fc67fea81e6cccbcaa2f,2026-04-26 20:20:23.431216+00:00,hu,blikk.hu,blikk.hu,2026-04-26,"„Fontos, hogy jó golyót válassz!” – Magyar Péter megmutatta, hogy megy neki a bowling – videó",https://www.blikk.hu/politika/magyar-politika/magyar-peter-bowling-narancssarga-golyo/frxek0e
89a63119711bde29b7cc2334f1ac88e72eb39fed41fbe4531458f92eef338e54,2026-04-26 20:20:01.173704+00:00,hu,blikk.hu,blikk.hu,2026-04-26,Bajcajev Vlagyiszlav ezüstérmet nyert a birkózó Eb-n,https://www.blikk.hu/sport/bajcajev-vlagyiszlav-eb-ezust/9qbhjrr
b96dd880b677f75924c80354301e2edd4f54bcaaf3609fc30f272dc77559a21f,2026-04-26 19:26:14.038738+00:00,hu,origo.hu,origo.hu,2026-04-26,"Magyar Péter ezúttal állami szerveket is felszólított: ha nem lépnek, következményekkel számolhatnak",https://hirtv.origo.hu/ahirtvhirei/2026/04/magyar-peter-ezuttal-allami-szerveket-is-felszolitott
56f4f858fe0a9bd31dbd2aacc035eab5bbf8af15b54f61ff5ed9dbace7569bee,2026-04-26 19:25:55.907060+00:00,hu,origo.hu,origo.hu,2026-04-26,Veszélyes brüsszeli játszmák,https://hirtv.origo.hu/ahirtvhirei/2026/04/sajtoklub-brusszeli-jatszmak
587734a13042e58611a3275930079d7b5199ba755e6e9b2cf18e073dbb300add,2026-04-26 19:25:50.842358+00:00,hu,origo.hu,origo.hu,2026-04-26,Orbán Viktor és a 36 éves parlamenti ciklus vége: mi következik most?,https://hirtv.origo.hu/ahirtvhirei/2026/04/palaver-orban-viktor-visszaadja-mandatumat
691a09222d9de428a280a76bce5b0621752484c8a1cc05f45267c0c860fb080b,2026-04-26 19:25:00.922600+00:00,hu,origo.hu,origo.hu,2026-04-26,Medvét észleltek a Bogácsi-tónál: videóra vették a szomjas vadat,https://hirtv.origo.hu/hirtvszines/2026/04/medve-bogacsi-to
ab81d3b94b0b3b27642d3a7fb41822129bc98a80790b4cc1b9c6a8e52886c693,2026-04-26 19:24:31.512527+00:00,hu,origo.hu,origo.hu,2026-04-26,Róma egységes európai stratégiát követel a migrációs nyomás ellen,https://hirtv.origo.hu/hirtvkulfold/2026/04/roma-egyseges-europai-strategiat-kovetel-a-migracios-nyomas-ellen
f65e743196e970bee86bb434816d7a388b9f8e44d3917f9ae7158038699a0954,2026-04-26 19:23:32.981600+00:00,hu,index.hu,index.hu,2026-04-26,Kialakult a női kézi BL budapesti négyes döntőjének a mezőnye,https://index.hu/sport/kezilabda/2026/04/26/noi-kezilabda-bajnokok-ligaja-2025-2026-negyeddonto-a-final-four-mezonye-metz-csm-bucuresti-brest-gyor/
c15ea43aaf4ad28fb616128730af700408ffaab80dc0b11b72addd2fcc285fa3,2026-04-26 19:23:28.261441+00:00,hu,index.hu,index.hu,2026-04-26,Centimétereken múlott egy biciklis testi épsége Budapesten,https://index.hu/belfold/2026/04/26/budapesti-autosok-nagykorosi-ut-kerekparos-szabalytalan-elozes-gyor-kanyarodas-manover/
bd63c0bd6785872fc11973330eec00e6db335295fdbeb2ceef25b0a6e195fb37,2026-04-26 19:23:22.171683+00:00,hu,index.hu,index.hu,2026-04-26,Szabó Ádám vallomása: „Ismét apa lettem”,https://index.hu/mindekozben/poszt/2026/04/26/szabo-adam-ismet-apa-lett-keresztelo/
01a9499b5bfa77e71c9e015c80c759c8dccded00a899be6f1e883850369acbcf,2026-04-26 19:22:34.135066+00:00,hu,index.hu,index.hu,2026-04-26,"A Tisza-kormányra marad az is, hogy eldöntsék, milyen nevek adhatók a gyerekeknek",https://index.hu/belfold/2026/04/26/hanko-balazs-kosa-lajos-utonev-nevkerelem-nevadas-uj-nevek-tisza-kormany/
669cda78464713c7ce8694f563b799b000221d427b6998622a10d4a88fdaa9d6,2026-04-26 19:22:23.041801+00:00,hu,index.hu,index.hu,2026-04-26,Tóth Alex csapata mellett Liverpoolból jelentkeztek még be a magyar válogatott hőséért,https://index.hu/sport/futball/2026/04/26/toth-balazs-blackburn-rovers-atigazolasi-hirek-bournemouth-everton/
67ac6ab7ba82e9008207f475bd6ba21f4248189d90d721149ce9537059820d87,2026-04-26 19:22:05.827235+00:00,hu,index.hu,index.hu,2026-04-26,A támogatási rendszer jövőjéről egyeztetett a filmszakma,https://index.hu/kultur/2026/04/26/filmreform-egyeztetes-filmszakma-finanszirozas-budapest-music-center-nemzeti-filmintezet/
a50d3990253daff5fce3aa0a1418d3218734c29d3d723b733f4a6a8842903902,2026-04-26 19:21:54.085551+00:00,hu,index.hu,index.hu,2026-04-26,"Nekimenne az orvosbárói rendszernek a MOK, vitairatot készítettek",https://index.hu/belfold/2026/04/26/magyar-orvosi-kamara-vitairat-orvosbarok-egeszsegugy/
99a4878db1dfbf2a2a07693999b76e6f2901e160b6ccce9ebaef636c97627c10,2026-04-26 18:41:41.248335+00:00,hu,origo.hu,origo.hu,2026-04-26,Horváth Csenge különleges képen mutatta meg a terhespocakját – talán ez az utolsó fotó a szülés előtt,https://www.origo.hu/teve/2026/04/horvath-csenge-terhes-baratno-fot
84150490d74f5c1a2c838a066b26a58ebf20094b499e93af209045198552c146,2026-04-26 18:41:32.072483+00:00,hu,origo.hu,origo.hu,2026-04-26,Ezüstéremmel zárta a magyar csapat a birkózó Európa-bajnokságot,https://www.origo.hu/sport/sport-egyeni/2026/04/europa-bajnoksag-birkozo-ezusterem-bajcajev-vlagyiszlav
7ea32c2e335fb89be4537d401c9ca97132b3d8cdc4739087e6036ff4d904f65d,2026-04-26 18:41:14.837235+00:00,hu,origo.hu,origo.hu,2026-04-26,Ezért jobb meztelenül aludni – számos előnye van,https://www.origo.hu/itthon/2026/04/meztelen-alvas-elonyok-szakerto
1b9b0164108ad1165c9540e2c5bf4ad3a4f78fc9d49f44220e17ed1bdb0c667d,2026-04-26 18:41:09.871446+00:00,hu,origo.hu,origo.hu,2026-04-26,„Felrobbant a lába” – tocsogott a vérben a sztársportoló cipője a maraton után,https://www.origo.hu/sport/sport-egyeni/2026/04/maraton-eilish-mccolgan-ver-cipo-london-rekord
2b516563f76cfe0efd5fbb16f39d13e027e025e91154e67d5e334e49b19c9432,2026-04-26 18:40:43.624579+00:00,hu,origo.hu,origo.hu,2026-04-26,"Bognár György bármelyik játékosát eladná a Fradinak, de van egy fontos feltétel",https://www.origo.hu/sport/sport-futball/2026/04/bognar-gyorgy-robbie-keane-fradi-paks-nb-i-ertekeles
8f5ddab16bc2ea5056694dda5ad6518a9e264793973cec2f4c4f8681183a929d,2026-04-26 18:36:40.168789+00:00,hu,origo.hu,origo.hu,2026-04-26,"Tragédia egy fogorvosi rendelőben, így lett gyilkos a fogorvos",https://www.origo.hu/nagyvilag/2026/04/fogorvosi-rendelo-tragedia
0e7bebe24510fe2a2bc4e6b9d2ee3bca579431ffdd8e229b0e95a994f3ec74fa,2026-04-26 18:36:28.838246+00:00,hu,origo.hu,origo.hu,2026-04-26,"Tiltott sziget, cápákkal őrizve: legendás kincs lapulhat a mélyben",https://www.origo.hu/nagyvilag/2026/04/kokusz-sziget-legendas-kincs
a89349f449ff752cb6ddc0b25adf96c9995030d2f2385a8b1351ea912eb6abf3,2026-04-26 18:35:21.823055+00:00,hu,origo.hu,origo.hu,2026-04-26,Cici vagy popsi? Kiderült mi kell a férfiaknak,https://www.origo.hu/nagyvilag/2026/04/ferfi-preferencia-nok-mell-vagy-fenek
32016832a78174c14c73d62dc192612d76a7f47c71615542fbbfcb5a70721ba5,2026-04-26 18:28:39.170707+00:00,hu,index.hu,index.hu,2026-04-26,„Fizethetjük vissza a háromszázezer eurókat” – reagált Bánki Erik döntésére Juszt László,https://index.hu/gazdasag/2026/04/26/banki-erik-letelepedesi-kotveny-fidesz-mandatum-juszt-laszlo/
2356f5a9dd9982df62744e1fbe1184c17f6ae19fa9510e8b5f2739e5049acdcd,2026-04-26 18:28:34.014435+00:00,hu,index.hu,index.hu,2026-04-26,"Itt az újabb bejelentés: Kósa Lajos lemond minden tisztségéről, visszaadja a mandátumát",https://index.hu/belfold/2026/04/26/kosa-lajos-fidesz-kdnp-mandatum-parlament-debrecen-valasztas/
64765782a8f7b4f0f5bebd41e57e6be28ccbd7f6fa6615e4031cdc15924fdb64,2026-04-26 18:28:29.193628+00:00,hu,index.hu,index.hu,2026-04-26,"Tovább folytatódik a csoda, ketten is eltalálták a hatos lottó vasárnapi nyerőszámait",https://index.hu/gazdasag/2026/04/26/hatos-lotto-szerencsejatek-zrt-fonyeremeny-nyeroszamok-sorsolas-vasarnap/
55e4c06e2d9385f2cda7d197d604c28aed38c18f4722ab33747279f83ba12428,2026-04-26 18:28:24.017403+00:00,hu,index.hu,index.hu,2026-04-26,Megidézték Zlatan Ibrahimovic 22 évvel ezelőtti amszterdami csodagólját,https://index.hu/sport/futball/2026/04/26/eredivise-2025-2026-31.-fordulo-ajax-nac-breda-mika-godts-csodagol-zlatan-ibrahimovic/
9bee4f0ebc503e1f6b50b106b56ecb222ab074918b4017f167e571c69bd5f900,2026-04-26 18:28:20.330527+00:00,hu,blikk.hu,blikk.hu,2026-04-26,"""Előre figyelmeztettem is..."" – megválaszolta a kérdést Majka, hogy megromolhat-e a barátságuk Pápai Jocival a politika miatt",https://www.blikk.hu/sztarvilag/hazai-sztarok/majka-rtl-hazon-kicul-curtis-toth-gabi/hwy6w2z
47b19ab3de16f32b83438fbb90504e437a19aaa885d65a7512b54dc5a5547ecf,2026-04-26 18:28:19.192040+00:00,hu,index.hu,index.hu,2026-04-26,"Luxuslakások, külföldi ingatlanok elrejtését teszi lehetővé a vagyonnyilatkozati rendszer",https://index.hu/belfold/2026/04/26/magyar-peter-jogallamisag-merfoldko-orszagos-biroi-tanacs-ugyeszseg-biroi-fuggetlenseg/
912f605700ebde7218f755d82d0429a986f10e577ec90ce4848b3a827cc298c7,2026-04-26 18:28:14.709590+00:00,hu,index.hu,index.hu,2026-04-26,"Dér Heni elárulta, miért hagyta ott valójában a Sugarloaf zenekart",https://index.hu/mindekozben/poszt/2026/04/26/der-heni-sugarloaf-kilepes/
dd834d0c5768187938e14279a1c31b2b53e669988ea5b5d04f278175490b2d01,2026-04-26 18:28:09.049863+00:00,hu,index.hu,index.hu,2026-04-26,"Márki-Zay Péter: A Fidesz-szimpatizánsok is rá fognak jönni, hogy a királyuk meztelen",https://index.hu/belfold/2026/04/26/orban-viktor-fidesz-parlament-mandatum-visszaadas-marki-zay-peter-polgarmester-reakcio/
8f0ce84c314730ebb54ae298f7d39a9aecbfa7bf04a3ae982aea834bb321c82c,2026-04-26 18:28:04.238112+00:00,hu,index.hu,index.hu,2026-04-26,"Történelmi léptékű katasztrófa rengette meg a világot, már semmi sem olyan, mint azelőtt",https://index.hu/techtud/2026/04/26/csernobil-katasztrofa-szovjetunio-vege-pripjaty/
b692e1a52b2b2511ca796561873083802ed38c59e55d6a4f2a478428169625a8,2026-04-26 18:27:59.124422+00:00,hu,index.hu,index.hu,2026-04-26,"Vona Gábor megtrollkodta Orbán Viktor bejelentését, észrevett egy hibát a leköszönő kormányfő videójában",https://index.hu/kulfold/2026/04/26/vona-gabor-orban-viktor-parlament-mandatum-bejelentes-fidesz-kdnp/
4d560aa97d10aaedcedaca71cb585a716a0c688b346f091beed52ed68fd91a0f,2026-04-26 18:27:54.219863+00:00,hu,index.hu,index.hu,2026-04-26,"Durva levelet írt a merényletkísérlet elkövetője: Nem én vagyok az a személy, akit egy fogolytáborban megerőszakolnak",https://index.hu/kulfold/2026/04/26/donald-trump-egyesult-allmok-merenyletkiserlet-vacsora-gyanusitott-level-jegyzet-hatosag-cole-allen/
eb0a8b92e903593215e14a14fa5bf469d48bf5ef3493b5c04f47756e1aa077fc,2026-04-26 18:27:49.313456+00:00,hu,index.hu,index.hu,2026-04-26,Magyar ezüstéremmel zárult az Európa-bajnokság,https://index.hu/sport/2026/04/26/birkozas-europa-bajnoksag-szabadfogas-125-kg-bajcajev-vlagyiszlav-donto-ezusterem/
c2f85d045ff6d42748e059c7827db4044db41e7fe79aca65f96195517afb402c,2026-04-26 18:27:44.250112+00:00,hu,index.hu,index.hu,2026-04-26,"Hiába minden uniós pénz, van valami, amin elbukhat Magyarország",https://index.hu/gazdasag/2026/04/26/makrogazdasag-unios-forrasok-europai-unio-tamogatas-kohezios-alap/
7bad4d2fcda52d1fbdab17571922508c05cefda9d08378219a3050a1dfa0e64a,2026-04-26 18:27:39.287908+00:00,hu,index.hu,index.hu,2026-04-26,Buckingham-palota: Tárgyalnak Károly király amerikai látogatásáról a lövöldözés után,https://index.hu/kulfold/2026/04/26/donald-trump-lovoldozes-karoly-kiraly-buckingham-palota-egyesult-allamok-egyesult-kiralysag/
e9ea26a7fc312e676cdfc6b1a926105e8fd566116122ac51d0625125909bfb41,2026-04-26 18:27:34.561547+00:00,hu,index.hu,index.hu,2026-04-26,"Donald Trump ismét megszólalt a merényletkísérletről, szerinte a lövöldözés igazolja a döntését",https://index.hu/kulfold/2026/04/26/egyesult-allamok-donald-trump-tamadas-merenyletkiserlet-reakcio-feher-haz-balterem/
c7afc7dae2ecf8fe3b3d36223f8eb65063cd64b56fabe6a893c770760d2be2e3,2026-04-26 18:27:29.268945+00:00,hu,index.hu,index.hu,2026-04-26,"Magyar Péter: Fontos, hogy jó golyót válassz!",https://index.hu/belfold/2026/04/26/magyar-peter-tisza-part-bowling-narancssarga-golyo-jatek-tarolas-sportolas/
f1d548f1a9f47c2502c04a10e3cf60288a55a7ff958766c5c880bdd4b6a43e44,2026-04-26 18:27:24.182477+00:00,hu,index.hu,index.hu,2026-04-26,"Rengetegen tartanak hazafelé a Balatonról, elesett az M7-es autópálya",https://index.hu/belfold/2026/04/26/m7-autopalya-utinform-vasarnap-aprilis-torlodas-forgalom-balaton-kozlekedes/
ee28cf6665a6c39e1e4fa73945e737f2e9e9b2dde0dd58e080108563beb0b4e1,2026-04-26 18:27:19.934282+00:00,hu,index.hu,index.hu,2026-04-26,"A Ferencváros nyerte a zöld-fehérek csatáját, és élre állt az NB I-ben",https://index.hu/sport/futball/2026/04/26/labdarugo-nb-i-31.-fordulo-ferencvaros-paks-debrecen-gyor/
18c75baaca5e561ae8a092f36efe308600b10a67483a930a1ee35918b54e5528,2026-04-26 18:27:14.264245+00:00,hu,index.hu,index.hu,2026-04-26,"Sydney Sweeney énekelt egyet, majd hirtelen alsóneműket kezdett dobálni a közönségnek",https://index.hu/fomo/2026/04/26/sydney-sweeney-szineszno-stagecoach-fesztival-sivatag-fellepes-rajongok-alsonemu-dobalas-kozonseg/
3e0a6319cccff04e2f2eeb60a2e8f5d028503c2151f5937a967e783e5612abff,2026-04-26 18:27:09.352102+00:00,hu,index.hu,index.hu,2026-04-26,Az olimpia szupermodell sztárja még a férfiakat is simán lenyomta,https://index.hu/sport/telisport/2026/04/26/sieles-hodeszka-freeski-snowboard-eileen-gu-snow-league-kereseti-rangsor/
10239ee52fb67565a7a0154199c4167876eb3cfba21325757e497bed3d59169e,2026-04-26 18:27:04.212924+00:00,hu,index.hu,index.hu,2026-04-26,Virális videó terjed: életüket mentve menekültek a túrázók a kitörő guatemalai vulkán környékéről,https://index.hu/kulfold/2026/04/26/guatemala-santiaguito-vulkan-kitores-turazok-menekules-veszely-video-latin-amerika/
d876b7417f4080ec94a87be11bbc09fe0054136d2a0f7071d7fddc5d9c4d3518,2026-04-26 18:26:59.691154+00:00,hu,index.hu,index.hu,2026-04-26,"Rengeteg fegyverrel felpakolva indult gyilkolni a 31 éves férfi, egyre többet tudni a merényletkísérletről",https://index.hu/kulfold/2026/04/26/egyesult-allamok-washington-feher-hazi-tudositok-vacsoraja-merenyletkiserlet-gyanusitott-cole-tomas-allen-donald-trump/
d21dff7e0cb306d2a1505d11457ebaa3b8fcab340f42c94d6a133a6f84a8644a,2026-04-26 18:26:54.466708+00:00,hu,index.hu,index.hu,2026-04-26,Jelentős változások jönnek a Balatont érintő vonatoknál,https://index.hu/belfold/2026/04/26/mav-csoport-vasut-balaton-eloszezon-menetrend-kozlekedes-majus-nyar-valtozas/
752393a8eda4d857b150f2c5e29833db93e62573fc7e8da2d931411e789391b0,2026-04-26 18:26:49.446547+00:00,hu,index.hu,index.hu,2026-04-26,Egyre több vezető reagál a Donald Trump elleni merényletkísérletre,https://index.hu/kulfold/2026/04/26/egyesult-allamok-donald-trump-feher-hazi-tudositok-vacsoraja-reakciok-orban-viktor-ursula-von-der-leyen-giorgia-meloni/
5ccc0554bb299c290182575682f7ed880c863cc2e9dab85ffd23151416eca43f,2026-04-26 18:26:44.203933+00:00,hu,index.hu,index.hu,2026-04-26,Három az angyalföldi igazság: visszajutott a Vasas az NB I-be,https://index.hu/sport/futball/2026/04/26/labdarugo-nb-ii-2025-2026-27.-fordulo-videoton-vasas-feljutas/
729fa776bad5f0a7be8538916e204a15d5d5762bb5cb09cc5d7ab47a65fd03b9,2026-04-26 18:26:39.361826+00:00,hu,index.hu,index.hu,2026-04-26,"Meg lehet szelídíteni ezt a technikai vadlovat, csak megfelelő szabályok kellenek",https://index.hu/techtud/2026/04/26/4ig-mesterseges-intelligencia-ai-oktatas-edukacio-steigervald-krisztian-konferencia/
9788545b72aa089ec94ff21f81aed28c1450a54902f13b1cd0975f1a89690f8c,2026-04-26 18:26:34.269453+00:00,hu,index.hu,index.hu,2026-04-26,Betlehem Dávid ezüstérmet nyert Spanyolországban,https://index.hu/sport/uszas/2026/04/26/nyiltvizi-uszas-spanyolorszag-ibiza-betlehem-david-ezusterem/
ad199fd95fb373dbe857138a4bc622e4c26a26494ef244dcf1d1af01493ed49b,2026-04-26 18:26:29.063217+00:00,hu,index.hu,index.hu,2026-04-26,"Megfejtették a 7500 éves koponya titkát, évtizedekig tévúton járt a tudomány",https://index.hu/tudomany/2026/04/26/7500-eves-koponya-nemetorszag-hahnofersand-neandervolgyi-ember-hibrid/
7bbec07b6ba8b9e16799bbe9e2e4dc6ffc475d29bf1ef45bcbc0589decb6f2a5,2026-04-26 18:26:24.240387+00:00,hu,index.hu,index.hu,2026-04-26,"Ezúttal nem volt vérengzés, kupadöntőbe jutott az edzőt menesztő Chelsea",https://index.hu/sport/futball/2026/04/26/fa-kupa-2025-2026-elodonto-chelsea-leeds-united-enzo-fernandez-finale-manchester-city-wembley/
086b784deb987b9f5e2376eee27a48cae42c5851fba91620952a5a53ec5fb443,2026-04-26 18:26:19.549893+00:00,hu,index.hu,index.hu,2026-04-26,Michael B. Jordan főszereplésével készülhet film az egyik legnépszerűbb videójátékból,https://index.hu/kultur/cinematrix/2026/04/26/michael-b-jordan-christopher-mcquarrie-battlefield-film-mozi/
88bf6b3a2cbed96927de02758141e94143c742fcc5fda00a0c7e5526697cbcfb,2026-04-26 18:26:00.657079+00:00,hu,index.hu,index.hu,2026-04-26,Káros anyagok határértékének előírásában kezdeményez jogszabály-módosítást a győri önkormányzat,https://index.hu/belfold/2026/04/26/gyor-jogszabaly-modositas-kezdemenyezes-karos-anyag-hatarertek-eloiras/
8f69f7c584573c8c9a0ca9db304b47dba593bed3448c67f2e64a25140155fdc8,2026-04-26 18:25:56.427488+00:00,hu,index.hu,index.hu,2026-04-26,"Megvan a Megasztár 2026-os mestercsapata, botrányhős váltja Curtist a zsűriben",https://index.hu/mindekozben/poszt/2026/04/26/megasztar-2026-negyedik-zsuritag-t-danny-bejelentes/
ab64b5b6ff8f4564da1e972b32c1d32257ae35b7d78e9e4d3ff7738512194b9e,2026-04-26 18:22:12.300721+00:00,hu,origo.hu,origo.hu,2026-04-26,Akár egy porcelán angyalka – amerikai színésznő igézően kívánatos – mutatjuk a szexi képeit,https://www.origo.hu/foto/2026/04/amiah-miller-galeria
5d0c522703c573b4939218a352625074507e4dd249be533be1722ae1df7bb931,2026-04-26 18:22:06.355784+00:00,hu,origo.hu,origo.hu,2026-04-26,Megcsinálta a Vasas: megvan az NB I első feljutója,https://www.origo.hu/sport/sport-futball/2026/04/vasas-videoton-nb-i-feljutas-nb-ii-honved-soroksar
c5e4ea0e441a65cf789db381bf94b4ec1474b958763da10f9061267c1b595a93,2026-04-26 18:22:01.565746+00:00,hu,origo.hu,origo.hu,2026-04-26,Kósa Lajos is lemond a parlamenti mandátumáról,https://www.origo.hu/belpol/2026/04/kosa-lajos-lemond-mandatum
b5bb831a17eddb2eabb4fb82174c6fd4447a3d94ea930e5317941b5bb69540d6,2026-04-26 18:21:40.077579+00:00,hu,origo.hu,origo.hu,2026-04-26,"A szupermodell, Caroline Trentini képeit nézve nem hiszel a szemednek – pedig létezik ilyen tökéletes test, mutatjuk a képeket",https://www.origo.hu/foto/2026/04/caroline-trentini-galeria
103c8a8813935335c8f349f7c3a6a316f7737c75b37d4bcb405139910f6b802f,2026-04-26 18:21:35.391556+00:00,hu,origo.hu,origo.hu,2026-04-26,Sophie Reynolds köldökig érő dekoltázzsal kápráztat el bennünket – szexi képgaléria,https://www.origo.hu/foto/2026/04/sophie-reynolds-galeria
2ad13a4fd17d156d07a9dfa536100cec26b354c9a5bdf25780543587af4caecd,2026-04-26 18:21:29.942208+00:00,hu,origo.hu,origo.hu,2026-04-26,"A Paks ellen kiderült, megvédheti-e még a bajnoki címét a Fradi",https://www.origo.hu/sport/sport-futball/2026/04/fradi-paks-fizz-liga-bajnoksag-groupama-arena
16412049606d0ba48a95d1b6f7245471ff14608e86a5c425b33c882f44cffd87,2026-04-26 18:21:22.639806+00:00,hu,origo.hu,origo.hu,2026-04-26,"A Fradi megúszott egy 11-est a Paks ellen, ezen múlhat a bajnoki cím?",https://www.origo.hu/sport/sport-futball/2026/04/fradi-paks-11-es-video
99a3775ed065611a41402af3589c45252b6dad5bc24022e68650e04b9a1ce361,2026-04-26 18:21:17.595712+00:00,hu,origo.hu,origo.hu,2026-04-26,"Durva fordulat jön a jövő héten, erre érdemes lesz felkészülni",https://www.origo.hu/itthon/2026/04/idojaras-jovo-het-fordulat-fagy-hetfo
e84916d240607e0d03dc12f846b25144a0fb9fe3666d093f674ffe3a1f2bbe2b,2026-04-26 18:21:13.270203+00:00,hu,origo.hu,origo.hu,2026-04-26,"Úgy borultak ki a Manchester United szurkolói, hogy nem is játszott a csapatuk",https://www.origo.hu/sport/sport-futball/2026/04/manchester-united-hajhuzas-calvert-lewin-fa-kupa
4356d21a84cdeb18e2f8491f1c3cf3c9d2dd7c092bd682310179325b69b43e97,2026-04-26 18:21:07.596398+00:00,hu,origo.hu,origo.hu,2026-04-26,Nem akárkit támadott meg egy elefántcsorda Afrikában,https://www.origo.hu/kek-hirek/2026/04/tamadas-afrika-elefant-vadasz-halal-tragedia
480616f99dd1130a62c238609c6d07e0b81a8befff70abd3aaaba41a08262a22,2026-04-26 18:21:02.542180+00:00,hu,origo.hu,origo.hu,2026-04-26,"Fogadjunk, hogy nem találja ki, ki veszi át Curtis helyét a Megasztárban",https://www.origo.hu/kek-hirek/2026/04/curtis-helyet-a-megasztarban-o-veszi-at
967a02451bf445aafc19d641e3f6e88cc916e4defe3e8c21e252bf905968689d,2026-04-26 18:20:42.300845+00:00,hu,origo.hu,origo.hu,2026-04-26,Döbbenetes összeget keres havonta az OnlyFans-modell – mutatjuk a szexi képeit is!,https://www.origo.hu/nagyvilag/2026/04/szexi-modell-onlyfans-annie-knight
a41b28fa7b8e517575b61860d5cb7c237529ba2a1842bd30271a9b8ad0090952,2026-04-26 18:20:33.879353+00:00,hu,origo.hu,origo.hu,2026-04-26,Holttestet találtak a focistadion mosdójában – több kérdés is felvetődik,https://www.origo.hu/nagyvilag/2026/04/holttest-schalke-stadion-rendorsegi-vizsgalat
ffcede1833ae34fad0564a9f2167534e44ea6e0d77a0145645f8c7250ddc984c,2026-04-26 18:20:14.354252+00:00,hu,origo.hu,origo.hu,2026-04-26,Trump keményen nekiment a NATO-nak – erre még mi sem számítottunk,https://www.origo.hu/nagyvilag/2026/04/donald-trump-nato-biralat-amerikai-elnok
0fe62de9c926528ac72126af901c5281389dd6e4b0566f221e8f1f225775e3bf,2026-04-26 17:41:42.190257+00:00,hu,blikk.hu,blikk.hu,2026-04-26,Félévszázada változatlan árak,https://www.blikk.hu/gazdasag/olcso-japan-etteremlanc/dkvsstl
ad0e557aa6097065d727e6e3bcafa90787ee6a67c2f2b9717c348db55565363f,2026-04-26 17:41:37.087568+00:00,hu,blikk.hu,blikk.hu,2026-04-26,"Donald Trumpot sokkolta az ellene elkövetett újabb merényletkísérlet, pedig először azt hitte, csak egy tálca csörömpölt",https://www.blikk.hu/politika/vilagpolitika/donald-trump-merenylet-wahington/5vcc17v
b5cb027997d3b5afd6dd4beb9299869e46168a58292f21f4f4734518de996e71,2026-04-26 17:41:32.488407+00:00,hu,blikk.hu,blikk.hu,2026-04-26,Liverpoolból szerződtetnék a magyar válogatott kapust,https://www.blikk.hu/sport/kulfoldi-foci/toth-balazs-everton-bournemouth/prt2bjd
a8a7172286ee462f8955959efa09792fc94c7ddf26793f24d417c725b29b841e,2026-04-26 17:41:27.073658+00:00,hu,blikk.hu,blikk.hu,2026-04-26,Lenny Joseph duplájával legyőzte mumusát és nyomást helyezett a Győrre a Ferencváros – videó,https://www.blikk.hu/sport/magyar-foci/ferencvaros-paks-nb-i/6qs2nhj
31b54981f1a497f2ef0e966ca3bf608c0509ef39cee38fabc4e37514f08d926c,2026-04-26 17:41:22.326664+00:00,hu,blikk.hu,blikk.hu,2026-04-26,"„Csak annyit éreztünk, hogy nagy a baj” – így élte meg a Tisza leendő minisztere a csernobili katasztrófát magyar katonaként – fotó",https://www.blikk.hu/politika/magyar-politika/gajdos-laszlo-miniszter-katona-csernobili-katasztrofa-40-ev/0ky9hgc
7b691aed662a11a08bc51ce978aede5f2ca03aedf19f21e6f321170e518b35f8,2026-04-26 17:40:43.655524+00:00,hu,blikk.hu,blikk.hu,2026-04-26,"Erős széllel és faggyal érkezik egy hidegfront jövő héten, de vajon a május 1-jei hosszú hétvégét is elrontja? Itt a válasz",https://www.blikk.hu/aktualis/belfold/idojaras-jovo-het-szel-fagyok-elorejelzes-budapest-magyarorszag/yd3p28q
9d30b093c2b47d199d14f7b4748582d854b32225f6c077719a966475816e4f7f,2026-04-26 17:40:39.046199+00:00,hu,blikk.hu,blikk.hu,2026-04-26,Egy nyugdíjas holttestére bukkantak a takarítók a Schalke stadionjában,https://www.blikk.hu/sport/kulfoldi-foci/schalke-stadion-holttest/8rwb9n4
5344dcaeb6c4ff061f1ec10b95138e79495d42324c2bb521a3cf3b88f13f2f04,2026-04-26 17:40:34.224362+00:00,hu,blikk.hu,blikk.hu,2026-04-26,"Most jött a bejelentés: Kósa Lajos gyakorlatilag visszavonul a politikától, de „soha nem adja fel”",https://www.blikk.hu/politika/magyar-politika/kosa-lajos-visszavonul-a-politikatol/9xrn9ex
589db60bef2db42371db8673e552fc8102585655e4a9326d879950e98cf2ee35,2026-04-26 16:55:30.316847+00:00,hu,blikk.hu,blikk.hu,2026-04-26,"Egy nap, két súlyos motorosbaleset is történt Monor térségében – ennyi maradt összesen a járművekből – fotók",https://www.blikk.hu/aktualis/belfold/motorbaleset-monor-kozlekedes-sulyos-baleset-fotok/6x15mxp
a6d9b6e8f672b30f368cb007efa2d090cfd690ff9a95be874da2c9461dc9455b,2026-04-26 16:55:22.545204+00:00,hu,blikk.hu,blikk.hu,2026-04-26,Most érkezett: T. Danny fog beülni Curtis helyére a Megasztár zsűrijébe,https://www.blikk.hu/sztarvilag/hazai-sztarok/t-danny-megasztar-zsuri-curtis/sqpdy7k
37b17045fe0674a30ec21e5f1eb120a0c6756bd53f707d43b5bcc01359580f0d,2026-04-26 16:54:50.215416+00:00,hu,blikk.hu,blikk.hu,2026-04-26,"Medvét láttak a magyar tónál, videóra is vették a vadállatot a horgászok",https://www.blikk.hu/aktualis/belfold/medve-eszleles-bogacs-horgaszto-borsod/dnpdjgl
edb79f23d602bd4069adbb3ca06439ed27b2b030ea43bf1d905389ab71b46135,2026-04-26 16:49:11.903553+00:00,hu,origo.hu,origo.hu,2026-04-26,Újabb fordulat a Trump elleni merénylet ügyében: megszólalt az igazságügyi miniszter,https://www.origo.hu/nagyvilag/2026/04/donald-trump-merenylet-igazsagugyi-miniszter
53a0368647c3f69af82be5b2ce18ba8768885b0b52272db52963a630353928ba,2026-04-26 16:49:06.307478+00:00,hu,origo.hu,origo.hu,2026-04-26,Sorra változtatnak a bankok az Otthon Start hiteleknél – erre érdemes felkészülni,https://www.origo.hu/gazdasag/2026/04/otthon-start-hitelek-valtozasok
ee1a9430ebdf1e75a560f848c00e0109398137f6ed5a5522b5e0c810ebb16f6f,2026-04-26 16:49:01.960603+00:00,hu,origo.hu,origo.hu,2026-04-26,"Kihúzták a hatos lottó nyerőszámait: mutatjuk, mennyit lehetett nyerni",https://www.origo.hu/itthon/2026/04/hatos-lotto-nyeroszamai-szerencsejatek-3
bab1890117ca7e6d97f8eaa0e1b68ba36bc26127da506d8e72fdccb136580f73,2026-04-26 16:48:56.326890+00:00,hu,origo.hu,origo.hu,2026-04-26,Fontos üzenetet küldött Orbán Viktor a Donald Trump elleni támadás után,https://www.origo.hu/nagyvilag/2026/04/donald-trump-merenyletkiserlet-orban-viktor
2d00d12f5a4b359e86c93a18786709cce1690f8c255ca0477845ffdfab10f7ba,2026-04-26 16:48:51.275827+00:00,hu,origo.hu,origo.hu,2026-04-26,Legyezővel pózolva bolondítja meg a rajongókat az ausztrál influenszer – galéria,https://www.origo.hu/nagyvilag/2026/04/olivia-mescia-influenszer-legyezo
3a7e0d7c9ed306019bdb985e2baf981261c131de3e02ba4380a566bdd9f8c332,2026-04-26 16:48:46.262805+00:00,hu,origo.hu,origo.hu,2026-04-26,Ezt nem teszik zsebre! A horvát köztársasági elnök huligánokhoz hasonlította az EU-s vezetőket,https://www.origo.hu/kulpol/2026/04/horvatorszag-eu-ukrajna-kolcson
80c11f196f5aac7084cd5e2f3bd1c828e54cfdd3093892827d465ac2219ec637,2026-04-26 16:48:41.341662+00:00,hu,origo.hu,origo.hu,2026-04-26,"Nem fogja elhinni, mivel adagolta túl a saját gyerekét egy nő",https://www.origo.hu/kek-hirek/2026/04/gyereket-tuldagolta-egy-no
b7487efc0b664562fcc8ed3abf8dfb7d8b67824839f38ad29c2ff6570ba23b6c,2026-04-26 16:48:36.920084+00:00,hu,origo.hu,origo.hu,2026-04-26,"Gyerekek vitájából lett halálos utcai leszámolás, több faluból érkeztek a rokonok",https://www.origo.hu/kek-hirek/2026/04/leszamolas-eger-csaladi-konfliktus
2d6b3072f39138e91e32048e59a4c7c304a4f4eb964fa0f4118f1f75e73cbace,2026-04-26 16:48:31.967163+00:00,hu,origo.hu,origo.hu,2026-04-26,"Ezt az öt jelet soha ne hagyja figyelmen kívül, ha a szeméről van szó!",https://www.origo.hu/nagyvilag/2026/04/szem-egeszseg-latas-figyelmezteto-jelek
7332c0b38587f6057a8fbdd2c1da6bc94f6a2d76f1dd1b380ead7dae88243bfc,2026-04-26 16:48:26.313298+00:00,hu,origo.hu,origo.hu,2026-04-26,Története legnagyobb felújításán esett át a magyar Forma-1-es pálya,https://www.origo.hu/sport/f1/2026/04/forma-1-magyarorszag-hungaroring-felujitottak
6cd76f0b1fc210813af0a8d6e0630465ac487ace9aca0f11da18b6d3ff134638,2026-04-26 16:48:21.291432+00:00,hu,origo.hu,origo.hu,2026-04-26,"Kettészakadhat egy kontinens, új óceán születhet a Földön",https://www.origo.hu/nagyvilag/2026/04/afrika-ketteszakadas-tektonikus-lemez-kontinens
1aee95ad8744b1507aa90368297c583d295f5e67918fefa0367910fccfdc96fb,2026-04-26 16:48:17.621413+00:00,hu,origo.hu,origo.hu,2026-04-26,A verekedő Curtist is lecseréli a TV2 a Megasztárban,https://www.origo.hu/kek-hirek/2026/04/curtist-is-lecsereli-a-tv2
9a48699fedb44b2fa308df08610278b720af9f1abf3e1aef9a5e381bb39f8bd9,2026-04-26 16:48:12.206339+00:00,hu,origo.hu,origo.hu,2026-04-26,"Kiakadt a bírókra az Arsenal edzője, ők döntik el a Premier League sorsát?",https://www.origo.hu/sport/sport-futball/2026/04/arsenal-arteta-premier-league-biraskodas
a8b27a9968e69385cb9f0f4d637310c36bb5f486ce35311f0706672cdd323ca5,2026-04-26 16:48:06.373583+00:00,hu,origo.hu,origo.hu,2026-04-26,"Mocskos kocákkal, anakondával és a Szarvasbébi sztárjának új sorozatával is találkozhatunk a hétvégén",https://www.origo.hu/filmklub/2026/04/streaming-premier-anaconda-szarvasbebi
e4985c899e1b62cbcfb84d87ed1d0c9c2f3a4317d3cac606c79f302d78480f2b,2026-04-26 16:48:01.282616+00:00,hu,origo.hu,origo.hu,2026-04-26,"Tömegek menekültek, miután lövések dördültek az egyetem mellett",https://www.origo.hu/nagyvilag/2026/04/lovoldozes-amerikai-egyetem-fegyver
a1a64d5159c770e9a8258fd6a354b1e81420ff74948269f4f5cfb8b2e7d7a8cd,2026-04-26 16:47:57.297580+00:00,hu,origo.hu,origo.hu,2026-04-26,Szenzációs hír! Tóth Balázs a Premier League-be igazolhat,https://www.origo.hu/sport/sport-futball/2026/04/toth-balazs-atigazolas-liverpool-everton-bournemouth
4e2919a48a1384f70aa0648132cd642c7dd782081e272a8254aa055de4f7eb6a,2026-04-26 16:47:51.311050+00:00,hu,origo.hu,origo.hu,2026-04-26,Cserebogár jelent meg a kertben? Ezért nem érdemes félvállról venni,https://www.origo.hu/nagyvilag/2026/04/cserebogar-a-kertben-tavasz
9217ef93d1832670739dc29dd48a9331dcf98059181d25ec378cfa3872d6167a,2026-04-26 16:47:46.365523+00:00,hu,origo.hu,origo.hu,2026-04-26,Forró képekkel hódít a brazil szépség: Cindy Mello megőrjíti az Instagramot,https://www.origo.hu/nagyvilag/2026/04/cindy-mello-szexi-modell-szexi-kepek
f21ee2abfbb01a5e82704313ccaa954bf4616784e066d7aa4cd3dec2aeed3c67,2026-04-26 16:47:41.396095+00:00,hu,origo.hu,origo.hu,2026-04-26,"Szigorú, új szabályozás született a repülőutakra vonatkozóan, ezt mindenképpen tudnia kell!",https://www.origo.hu/gazdasag/2026/04/powerbank-uj-szabalyozas-repules
a92b11a293fbd03d7b089d4593dba2b58b5c6d63c7c45109c71d07538420c510,2026-04-26 16:47:40.427126+00:00,hu,blikk.hu,blikk.hu,2026-04-26,Hónapokig harcolt egy szamárbébi életéért az országjáró Patrik és családja,https://www.blikk.hu/aktualis/belfold/koszonits-patrik-szamar-bebi-mentes-mazli-gondozas/dg0sv2h
2f5c93626c7395ef63229c0f5b07d6e14960af83653b9bf9a1fbd85a142c764c,2026-04-26 16:47:36.504211+00:00,hu,origo.hu,origo.hu,2026-04-26,Hogyan lettek a méhek a természet legzseniálisabb beporzói?,https://www.origo.hu/tudomany/2026/04/mehek-a-termeszet-legzsenialisabb-beporzoi
f7114ee8c4a989ee4c1e9b9e87fab988e72b7e286a93f84d3396f286f531fc18,2026-04-26 16:47:36.399164+00:00,hu,blikk.hu,blikk.hu,2026-04-26,A BL-helyek bebiztosítása után eldőlhet Szoboszlai sorsa,https://www.blikk.hu/sport/kulfoldi-foci/szoboszlai-dominik-liverpool-bl-szereples/8lkkdhr
beed06aeafa25393359b4285a00bc1fd649becbf92bd8ded15d5f1e15ff91ab2,2026-04-26 16:47:31.308553+00:00,hu,origo.hu,origo.hu,2026-04-26,A Soros-hálózat jó tanácsokkal látta el a kormányra készülő Magyar Pétert,https://www.origo.hu/belpol/2026/04/soros-halozat-tanacsok-magyar-peter
f2f5e930dcebc43d227034baac37ab2cd3e973eca8ff16f863e07408625acb93,2026-04-26 16:47:26.299707+00:00,hu,origo.hu,origo.hu,2026-04-26,Betlehem Dávid szenzációs: az olimpiai bronzérmes magyar úszó leuralta az ibizai világkupát,https://www.origo.hu/sport/sport-csapat/2026/04/betlehem-david-ibizia-ezusterem
b1f5235a4eb7f9773eefd601cbae6ce18ec7faff5ebfb97f971783923465ee9b,2026-04-26 16:47:21.280998+00:00,hu,origo.hu,origo.hu,2026-04-26,"Kiderült, betartja-e a Fradi a magyar szabályt a Paks elleni NB I-es rangadón",https://www.origo.hu/sport/sport-futball/2026/04/fradi-paks-magyar-szabaly-kezdocsapatok
8f4c6a0f172e4983139cc2e6b66b0d40802c4c82654c250bd6ea1ac4451b4dcc,2026-04-26 16:47:16.326352+00:00,hu,origo.hu,origo.hu,2026-04-26,Évszázadokig rejtve volt – most vagyonokért árverezik el,https://www.origo.hu/nagyvilag/2026/04/ritka-mutargy-szuperkomputer-arveres-london
1bbb3ce9160b16ec37f01a2c334d8208e07d22e34d45eabbf695900f6714e014,2026-04-26 16:47:14.265752+00:00,hu,blikk.hu,blikk.hu,2026-04-26,"Miért nyalogatja a kutya a lábunkat? Gyakran félreértjük, mit jelent pontosan",https://www.blikk.hu/eletmod/tippek/kutya-labnyalogatas-jelentes/282xjxx
59b6f76d7281fbc296ae96b15403add1a65586e506bd7a3a0c7494ff64435940,2026-04-26 16:47:11.361291+00:00,hu,origo.hu,origo.hu,2026-04-26,"Sokan ezt szedik az agyukért – most kiderült, hogy árthat is",https://www.origo.hu/itthon/2026/04/halolaj-egeszseg-uj-kutatas
404cb0485a9767d270ede925a0bb75c5a64f15379fc8b1dbfbe4713b8c3b7763,2026-04-26 16:47:06.421742+00:00,hu,origo.hu,origo.hu,2026-04-26,Rendkívüli körülmények között zajlottak a választások Ciszjordániában és a Gázai övezet egy részén,https://www.origo.hu/kulpol/2026/04/gaza-es-ciszjordania-valasztasi-eredmenyek
8388319ce40ab76842e1fce1c0c70310d647077c7e3d57f0eed481becaa6ff56,2026-04-26 16:47:01.324953+00:00,hu,origo.hu,origo.hu,2026-04-26,Horrorsérülése után a szurkolókkal üvöltözött a Premier League-sztár − videó,https://www.origo.hu/sport/sport-futball/2026/04/premier-league-serules-tottenham-xavi-simons
7bce7289171016a46824a082c80c81944a52b9de9630c110553028831025fb6c,2026-04-26 16:46:57.399486+00:00,hu,origo.hu,origo.hu,2026-04-26,Londonban megdőlt a maratonfutás világrekordja,https://www.origo.hu/sport/sport-egyeni/2026/04/maraton-sabastian-sawe-megdolt-vilagrekord-london
e0ab104d3e1dc30886b1533fff93561e97421c0e7bcd9044f0c21bdd50689e3f,2026-04-26 16:46:51.089347+00:00,hu,origo.hu,origo.hu,2026-04-26,Köllő Babett lánya mindenkit lenyűgözött – ilyen gyönyörű lett,https://www.origo.hu/teve/2026/04/kollo-babett-lanya-milla-kozos-fotok
8e693ba3a6798663a9d20fe91a673b7c4aca31e51ce5de4947c223b4727dceff,2026-04-26 16:46:46.338248+00:00,hu,origo.hu,origo.hu,2026-04-26,"Alig házasodott össze, máris újabb meglepetéssel állt elő a magyar énekes",https://www.origo.hu/teve/2026/04/sztarban-sztar-leszek-enekes-tasi-david-apuka
a27dcaf78f5c452144d01f36791b3929848cbec1dbfb63ff331ad286e5f54fa3,2026-04-26 16:46:41.352138+00:00,hu,origo.hu,origo.hu,2026-04-26,"Hajszárítóval verhették át a jónépet Párizsban, gyanús adatok miatt indult nyomozás",https://www.origo.hu/kek-hirek/2026/04/atveres-parizs-hajszarito-homero-nyomozas
306dd130ab43eec0255a5edd9377e081cff09e9c4d40000d91c2e9f429639384,2026-04-26 16:46:35.943555+00:00,hu,origo.hu,origo.hu,2026-04-26,"Holtan találtak egy férfit a focistadion mosdójában, a rendőrség nyomozást indított",https://www.origo.hu/sport/sport-futball/2026/04/holttest-schalke-stadion-rendorsegi-nyomozas-indult
a08954175726940344168665012a64a64e9effbc0996deee510b3d61054bdb7e,2026-04-26 16:46:23.068463+00:00,hu,origo.hu,origo.hu,2026-04-26,Ezt önnek is látnia kell! Macron Trumpnak és az EU-nak is üzent,https://www.origo.hu/kulpol/2026/04/macron-athen-eu-vedelmi-zaradeka
d000bc237687221e1554a6c5564a2a58be51555568aa273c06ff346eaaa9cd2e,2026-04-26 16:46:19.151164+00:00,hu,blikk.hu,blikk.hu,2026-04-26,"Megrázó vallomást tett Galkó Balázsról haláláról a fia: ""Apánk menekült ki az életből""",https://www.blikk.hu/sztarvilag/hazai-sztarok/galko-balazs-halala-emlekezes/37xfzq7
18960e621d0505934225947130f625dff2da19c0ad4405ab7093b991cb7cfe01,2026-04-26 16:46:18.287378+00:00,hu,origo.hu,origo.hu,2026-04-26,Figyelmeztetés: újra medvét láttak Magyarországon,https://www.origo.hu/itthon/2026/04/medve-eszleles-bogacsi-to-borsod
202465f3709de0bade575231244e2cc30c4a7ee7f19fc04fa946b5ddda8013e4,2026-04-26 16:46:14.220204+00:00,hu,blikk.hu,blikk.hu,2026-04-26,"Fájdalmas részletek a somoskőújfalui apa tragédiájáról: Halála előtt pár órával kibékült feleségével és megígérte, rendbe hozzák az életüket",https://www.blikk.hu/aktualis/belfold/somoskoujfalu-apa-oszlop-posta-halal-tragedia-reszletek/rc6bhmj
80ea3445ba79a09fb21dff1ec2f59c3f16290ee2ce0ee5f8e9ffd2e3c27844c0,2026-04-26 16:46:13.255455+00:00,hu,origo.hu,origo.hu,2026-04-26,Valóban káros éjszakára töltőn hagyni a telefont?,https://www.origo.hu/techbazis/2026/04/toltes-valoban-karos-ejszakara-tolton-hagyni-a-telefont
e3cc3e35a96939619f48db665d7003e8ac68de48f5a01cac64042c0d946b8de5,2026-04-26 16:46:08.988539+00:00,hu,origo.hu,origo.hu,2026-04-26,Balhé egy magyar focimeccsen: kés villant a szurkolók között,https://www.origo.hu/kek-hirek/2026/04/balhe-egy-magyar-focimeccsen
204f4a56f1cccc1640147b95a0f4112f52d4726a81c720642aa4976a2b83cde2,2026-04-26 16:46:08.760353+00:00,hu,blikk.hu,blikk.hu,2026-04-26,Egy elefántcsorda taposta halálra a kőgazdag trófeavadászt,https://www.blikk.hu/aktualis/kulfold/ernie-dosio-vadasz-elefantok-megoltek/3vt6nyd
02f1f11901d43aa2604c4586fffd3822a1c31daecdd25e439596fd6a4f6dd8de,2026-04-26 16:46:04.141934+00:00,hu,origo.hu,origo.hu,2026-04-26,Fekete miniruhában mutatta meg elképesztő alakját a magyar énekesnő,https://www.origo.hu/itthon/2026/04/singh-viki-magyar-enekesno-miniruha
b334dd2c7159055be55341e8d29cc6528b316573fbb0f026d5cb3b9afde2dbdb,2026-04-26 16:46:04.105061+00:00,hu,blikk.hu,blikk.hu,2026-04-26,Valóra vált a kerekesszékes Kolos álma az Ultrabalatonon – a leendő házelnök is segített,https://www.blikk.hu/sport/nn-ultrabalaton-kovacs-kolos/7jezs63
1976bba97826a0ad5ab25217df07786d1dda006d2223c01c1945ad8f27ac7807,2026-04-26 16:23:19.057134+00:00,hu,blikk.hu,blikk.hu,2026-04-26,Ketten is telibe találták a Hatoslottót: mutatjuk a bűvös számokat és a nyereményeket,https://www.blikk.hu/gazdasag/penz/hatoslotto-17-het-vasarnap-nyeroszamai-nyeremenyek/j5zr6td
626ef55b6012d617553e419fec1d308da4ba3e94de7b064f397cf82d729e397d,2026-04-26 16:23:13.956704+00:00,hu,blikk.hu,blikk.hu,2026-04-26,"Hadházy Ákos véleménye arról, hogy Orbán Viktor nem veszi fel a mandátumát: „Pár nappal előbb lehet előzetesbe tenni...”",https://www.blikk.hu/politika/magyar-politika/hadhazy-akos-orban-viktor-letartoztatas/cts2hq2
c6bc45df45d6491c8469945370a57f3b1e4fbd18eae1d940962f3fab575b9c62,2026-04-26 16:23:08.927327+00:00,hu,blikk.hu,blikk.hu,2026-04-26,40 éves a Hungaroring –felújították a legendás magyar F1-es pályát így néz ki most,https://www.blikk.hu/sport/f1-hungaroring-nyilt-nap-feujitas-fotok/mdxlkcv
97768b0cd5d3021520caea22f35ae9ffc3124f9a73dc841e2746a69489a738f7,2026-04-26 16:23:04.192956+00:00,hu,blikk.hu,blikk.hu,2026-04-26,"Merénylet Donald Trump ellen, Orbán Viktor is üzent az amerikai elnöknek",https://www.blikk.hu/politika/vilagpolitika/merenylet-donald-trump-orban-viktor-uzenet/gswe5dz
bb2cd4401a82c18548d7feb1c2f1023714d11419760642bd9a2dea090784854e,2026-04-26 16:22:59.278192+00:00,hu,blikk.hu,blikk.hu,2026-04-26,"Hiába él 10 éve boldog párkapcsolatban Pákó, hallani sem akar esküvőről: ez az oka",https://www.blikk.hu/sztarvilag/hazai-sztarok/fekete-pako-parja-hazassag-nem-lesz/kdfbnep
a417702880a9a87fe612a512370d31eb6076cf7e2c64325d8149feaf00144ea0,2026-04-26 16:22:09.391163+00:00,hu,blikk.hu,blikk.hu,2026-04-26,"Mit csinálnak nap mint nap a 65 év felettiek, akik 10 évvel fiatalabbnak látszanak?",https://www.blikk.hu/eletmod/tippek/fiatalos-hatvanasok-titka/jfvbr4v
5c6541d007748108e8a6093f97019e6f73626a3035d9ef10ea658e2ff7a16386,2026-04-26 16:22:05.101864+00:00,hu,blikk.hu,blikk.hu,2026-04-26,Dr. Pozsonyi Anikó régóta segíti a kutyások jogi ügyeit,https://www.blikk.hu/aktualis/belfold/pozsonyi-aniko-ugyved-allatok/s6d8r9b
8ea0a5a59ed5ac08ad8b3a45d54f27486436b9dd6b3e6f8e1fd4547b8e604778,2026-04-26 16:21:50.701947+00:00,hu,blikk.hu,blikk.hu,2026-04-26,"Negyven év után is vérző seb Csernobil – Az el nem mondott, igaz történet",https://www.blikk.hu/sztarvilag/filmklikk/csernobil-atomeromu-katasztrofa-evfordulo/hkhpe32
b4738ba914298d4b605ae046038c36bc67b87b86083d0c2d9eaf2ef8a07f7b83,2026-04-26 14:43:54.752305+00:00,hu,origo.hu,origo.hu,2026-04-26,Félreugró testőrök és tervezési hiba – a szakértő szerint elvérzett Trump védelme,https://hirtv.origo.hu/hirtvkulfold/2026/04/robert-c-castel-szerint-elverzett-trump-vedelme
6411bce7408d40834ee68fe3a6c81d60564c100b8980909313dceed63e5c544a,2026-04-26 14:43:47.803116+00:00,hu,origo.hu,origo.hu,2026-04-26,Ezért adhatta vissza mandátumát Orbán Viktor – az elemző a háttérben zajló átrendeződésről,https://hirtv.origo.hu/ahirtvhirei/2026/04/dornfeld-laszlo-orban-viktor
8d88bece6365fba945344e3e43bbafe5929946cf8b8d93c78b82bb1b3f2e6e15,2026-04-26 14:43:42.792139+00:00,hu,origo.hu,origo.hu,2026-04-26,"Orbánon gúnyolódott, végül ő jött zavarba: Tusk kellemetlen percei az EU-csúcson",https://hirtv.origo.hu/hirtvkulfold/2026/04/tusk-kellemetlen-percei-az-eu-csucson
6f3a4b91d580c521ffbd3171a4905665fc91e77954cb5338c4dd5b7411bebc27,2026-04-26 14:43:04.960549+00:00,hu,origo.hu,origo.hu,2026-04-26,Kerozinhiány béníthatja meg az európai légiközlekedést,https://hirtv.origo.hu/hirtv-gazdasagi-hirei/2026/04/kerozinhiany-benithatja-meg-az-europai-legikozlekedest
a763421a95c419576ae32729b6d104e5410315d1f983983cc1b92819d1d5a8f0,2026-04-26 14:42:59.980684+00:00,hu,origo.hu,origo.hu,2026-04-26,„Álljon ki és tegyen rendet a saját oldalán” – Az államtitkár üzent Magyar Péternek,https://hirtv.origo.hu/ahirtvhirei/2026/04/takacs-peter-uzent-magyar-peternek
2f12362cf7bd6ada838d93ac8951eb396d692eed0f35262abc4a9ef5acb3b5ac,2026-04-26 14:42:48.325323+00:00,hu,origo.hu,origo.hu,2026-04-26,"A szólásszabadság jegyében elindulhat az LMBTQ-csatorna, de szigorú korlátok között",https://hirtv.origo.hu/ahirtvhirei/2026/04/a-szolasszabadsag-jegyeben-elindulhat-az-lmbtq-csatorna-de-szigoru-korlatok-kozott
6b1344d35f04df44738d7d1a2da7471ee09c3d119732ea48d54ba074065aec1b,2026-04-26 14:42:18.392118+00:00,hu,origo.hu,origo.hu,2026-04-26,Tanteremből a tűzvonalba – a sörétes puskás játékfejlesztő ámokfutása,https://hirtv.origo.hu/hirtvkulfold/2026/04/tanterembol-a-tuzvonalba-a-soretes-puskas-jatekfejleszto-amokfutasa
98da206599ae29d7904887e5f416d0f5a2f6b461261e054b22f75f6618a7e256,2026-04-26 14:42:03.017800+00:00,hu,origo.hu,origo.hu,2026-04-26,Így lett Vitézy Dávid a Tisza Párt miniszterjelöltje,https://hirtv.origo.hu/ahirtvhirei/2026/04/igy-lett-vitezy-david-a-tisza-part-miniszterjeloltje
bce008899025c43ecb42f25276fce4a7bfde015ff49425f1534b5e6a84b7f876,2026-04-26 14:42:00.071828+00:00,hu,index.hu,index.hu,2026-04-26,Lengyel Tamás: Orbán Viktornak 16 év miniszterelnökség után ciki csak képviselőként beülni a parlamentbe,https://index.hu/belfold/2026/04/26/orban-viktor-parlament-mandatum-lengyel-tamas-reakcio-semjen-zsolt/
2b2ada97ca27608473f9a83d6dff7877b746ad6955f1bbf8f3375e70da74588f,2026-04-26 14:41:56.215253+00:00,hu,origo.hu,origo.hu,2026-04-26,Eldőlt: német hadihajó indul a Hormuzi-szoroshoz,https://hirtv.origo.hu/hirtvkulfold/2026/04/nemet-hadihajo-indul-a-hormuzi-szoroshoz
37797ba85ada56b4b06a24634c62ff2ff3dd55aa8792469b01b7a9eca87ae0f1,2026-04-26 14:41:55.240985+00:00,hu,index.hu,index.hu,2026-04-26,"Magyar Péter Brüsszelbe utazik, előkészíti az uniós pénzek hazahozatalát",https://index.hu/belfold/2026/04/26/magyar-peter-tisza-kormany-brusszel-egyeztetes-europai-bizottsag-ursula-von-der-leyen-unios-forrasok/
70fa83cd2a109fc4aaedf1e845528be11d2f6c92a7c5544afb1cf7a92f8145ac,2026-04-26 14:41:49.882912+00:00,hu,index.hu,index.hu,2026-04-26,Gulyás Gergely és Semjén Zsolt közösen avatta fel a Tisza Párt leendő egészségügyi minisztere apjának szobrát,https://index.hu/belfold/2026/04/26/gulyas-gergely-semjen-zsolt-hegedus-lorant-szobor-felavatas-budapest-hegedus-zsolt-tisza-part/
f43262712403b2906015721158fd2acc9f936d56939fad6635cd607d84293774,2026-04-26 14:41:49.015057+00:00,hu,origo.hu,origo.hu,2026-04-26,Csernobil negyven év távlatából,https://hirtv.origo.hu/hirtvkulfold/2026/04/csernobil-negyven-ev-tavlatabol
2b678e2302065b3df8047a67892a87e9d9e46dd704d865e74d2029bafbb23a5c,2026-04-26 14:41:44.912896+00:00,hu,index.hu,index.hu,2026-04-26,"Az orosz gázfüggőség után ez lehet a következő, ha nem lép Európa",https://index.hu/gazdasag/2026/04/26/kina-energetika-olaj-akkumulator-gyorgy-laszlo-elemzes/
2362d4fb6fb005b1565a2b4b1efbf24141bdeda4ba39ec4007f1bdceb8aa3569,2026-04-26 14:41:40.812879+00:00,hu,index.hu,index.hu,2026-04-26,"Tóth Andi: „Azt éreztem, hogy lassan mindenkinek kivan a...”",https://index.hu/mindekozben/poszt/2026/04/26/toth-andi-2026-nehez-ev/
3aab28e6052a0c8b37f52eed92824e8745b884fde77304083a0e54c0662de6e6,2026-04-26 14:41:35.426243+00:00,hu,index.hu,index.hu,2026-04-26,"Hiába a győzelem, a tulajdonos ellen tüntettek Szoboszlai Dominikék szurkolói",https://index.hu/sport/futball/2026/04/26/liverpool-szurkoloi-demonstracio-tulajdonosok-jegyaremeles/
be8fd3e33178261f8f4a0350509c70b507ef8315d1de5c2c5dd13d2ec5268281,2026-04-26 14:41:30.077468+00:00,hu,index.hu,index.hu,2026-04-26,"Elillant a választások utáni eufória a piacokon, megérkezett a kijózanodás",https://index.hu/gazdasag/2026/04/26/tozsde-forint-euro-dollar-valasztas-euforia-korrigalas-tisza-part/
adfe493002aa7db99da4eaf3794f4678eeb08b83fce9c9f40ee7e47cf3a70aff,2026-04-26 14:41:25.252356+00:00,hu,index.hu,index.hu,2026-04-26,"Bombamerényletet hajtottak végre Kolumbiában, többen meghaltak",https://index.hu/kulfold/2026/04/26/kolumbia-bombamerenylet-elnokvalasztas-gustavo-petro/
845266e78b13f79895a3ba382e64aecc62a41be9cb0ab18154c41cc27df3f527,2026-04-26 14:41:20.165766+00:00,hu,index.hu,index.hu,2026-04-26,"Videón, ahogy Donald Trumpot és a feleségét menekítik ki a lövöldözés helyszínéről",https://index.hu/kulfold/2026/04/26/donald-trump-merenylet-washington-feher-hazi-tudositok-vacsoraja-evakualas-melania-trump-j-d-vance-hotel-hilton/
6da7294ef3573fd9aebf39f8eb4deb420a103a5882ba9b30a9f036405bcecf1a,2026-04-26 14:41:15.046635+00:00,hu,index.hu,index.hu,2026-04-26,Orbán Viktor üzent Donald Trumpnak és a first ladynek a merényletkísérlet után,https://index.hu/kulfold/2026/04/26/orban-viktor-donald-trump-merenyletkiserlet-tudositok-vacsoraja-washington/
3a73d320c3bf4892e34c034a0f4961b0751e661e90a4ac4832bbe092a99be82c,2026-04-26 14:41:10.226762+00:00,hu,index.hu,index.hu,2026-04-26,Hadházy Ákos Orbán Viktor parlamenti mandátumának visszaadásáról: Pár nappal előbb lehet előzetesbe tenni,https://index.hu/belfold/2026/04/26/hadhazy-akos-orban-viktor-parlamenti-mandatum-visszaadas-elozetes-letartoztatas/
6109f37cd782dc9dd576062c1c3106a8694a551b7ed2fe3c9d9418e57367e2e3,2026-04-26 14:41:05.230528+00:00,hu,index.hu,index.hu,2026-04-26,"Elátkozott hotel a Washington Hilton, ugyanitt lőtték meg Ronald Reagant 45 éve",https://index.hu/kulfold/2026/04/26/donald-trump-washington-hilton-ronald-reagan-merenylet-tudositok-vacsoraja-john-hinckley-jr/
46f3e4a53353011e2f29aab4e9492855decd857f35ee1d45ae849e95bc1c6286,2026-04-26 14:41:00.074995+00:00,hu,index.hu,index.hu,2026-04-26,Meghalt Gyetvai Gyula,https://index.hu/belfold/2026/04/26/gyetvai-gyula-orvos-meghalt-heves-varmegye/
7aeb12d0ef9e0f3a7bb35e2ae1946c31c35a1439097e4ba6ab996ebc8878dfa9,2026-04-26 14:40:55.839646+00:00,hu,index.hu,index.hu,2026-04-26,"Több vendég a WC-ben, mások asztal alatt barikádozták el magukat a lövöldözés alatt",https://index.hu/kulfold/2026/04/26/egyesult-allamok-donald-trump-feher-hazi-tudositok-vacsoraja-lovoldozes-merenyletkiserlet-beszamolo-washingtonk/
b6e6c5409a80c36f1e641f916e4211e391feca1612ed998d92cf854bcd10e187,2026-04-26 14:40:49.888884+00:00,hu,index.hu,index.hu,2026-04-26,"Szivárgó pénzcsapok, fájdalmas meglepetések a Tisza-kormány számára",https://index.hu/kultur/2026/04/26/kulturalis-tamogatasok-hatalmi-kozpontok-finanszirozas-fidesz-tisza-part/
3f18323ef3993aca2b02d3299a83485f370c7b6cb4f00ee6caa33f9942f94a42,2026-04-26 14:40:46.143256+00:00,hu,index.hu,index.hu,2026-04-26,Valami nagyon nincs rendben ezen a bázison,https://index.hu/tech/godmode/2026/04/26/pragmata-capcom-videojatek-teszt-akcio-kalandjatek-sci-fi-android-playstation/
e2ef3a9b27254bdfd450cf6e286361b209e79b6c11c903a81f2dd353c15f7254,2026-04-26 14:40:39.939130+00:00,hu,index.hu,index.hu,2026-04-26,"Olyat talált a NASA űrszondája, amihez hasonlót még sosem láttunk",https://index.hu/techtud/2026/04/26/nasa-tess-toi-201-rendszer-bolygok-palyaja-valtozas/
7010f722f3ebb5b657d253a0ba905832f9e03ce34d87bbdeef11d75e771cc3e7,2026-04-26 14:40:35.797691+00:00,hu,index.hu,index.hu,2026-04-26,"„Nem merek elaludni, kísért a halál már harmadik napja”",https://index.hu/kultur/multkep/2026/04/26/alvas-alom-faradtsag-pihenes-szieszta/
84d4a7277eee664625c39f9382c7563c7fd326e772ce6b6cf8ea74a04e832844,2026-04-26 14:40:30.143705+00:00,hu,index.hu,index.hu,2026-04-26,Tarjányi Péter a Donald Trump elleni merényletkísérletről: A menekítés pocsék volt,https://index.hu/belfold/2026/04/26/tarjanyi-peter-donald-trump-merenyletkiserlet-washington-lovesek-hotel-hilton-tudositok-vacsoraja/
d0545996e6aa3cf878dc3a2e6134e7fd4d67e01e4044419f5a7470aef72ade63,2026-04-26 14:40:25.786375+00:00,hu,index.hu,index.hu,2026-04-26,"Lakner Zoltán: Orbán Viktor a mandátuma visszaadásával azokat csapja be, akik rá szavaztak",https://index.hu/belfold/2026/04/26/magyarorszag-lakner-zoltan-politologus-orban-viktor-fidesz-mandatum-lemondas-tavozas-orszaggyulesi-valasztas-2026/
e751be5fbdf3c05be91202d2084a3547d454b9ae5f878d7d4487837e87778ed2,2026-04-26 14:40:19.837308+00:00,hu,index.hu,index.hu,2026-04-26,Donald Trump reagált a washingtoni merényletkísérletre: Ez egy veszélyes szakma,https://index.hu/kulfold/2026/04/26/egyesult-allamok-donald-trump-feher-hazi-tudositok-vacsoraja-galavacsora-merenyletkiserlet-sajtotajekoztato-reakcio/
e2bf93879dfdcaafe51fe06054273448ba74643c182b8f3e362dc96e837ec250,2026-04-26 14:40:15.872351+00:00,hu,index.hu,index.hu,2026-04-26,"Megműtötték a magyar válogatott csatárt, 3-6 hónapra kiesett",https://index.hu/sport/futball/2026/04/26/labdarugo-nb-i-debreceni-vsc-barany-donat-serules-magyar-valogatott-gorogorszag-mutet-3-6-honap-felepules/
870dd0ecb80e6fbe1e2c3043dcdd03b6c872e6dd60dc6ee2aae71ba207fc0157,2026-04-26 14:40:11.030351+00:00,hu,index.hu,index.hu,2026-04-26,"Így búcsúzott a Pokoli rokonoktól Dobó Kata, sosem látott fotókat mutatott a forgatásról",https://index.hu/mindekozben/poszt/2026/04/26/pokoli-rokonok-utolso-resz-dobo-kata/
0b7c7c76b720333b9399cecc68b44c43af9fbaaff8de410357120fda4ba796c2,2026-04-26 14:40:02.342596+00:00,hu,index.hu,index.hu,2026-04-26,Puzsér Róbert különleges üzenetet küldött Lázár Jánosnak,https://index.hu/belfold/2026/04/26/puzser-robert-lazar-janos-akos-dalszoveg-bucsu/
6ffa3b7ed90c408debe3844494501e849e48c7f17b5bdf4874eae72af6fe7c1f,2026-04-26 14:39:57.437515+00:00,hu,index.hu,index.hu,2026-04-26,"Felszállást követően gyulladt ki egy Zürichbe tartó repülőgép hajtóműve, pánik tört ki a fedélzeten",https://index.hu/kulfold/2026/04/26/swiss-delhi-zurich-jarat-hajtomuhiba-tuz-evakualas-serules-utasok/
31087d79e99c7c6fdb0c466b530a5cb39137911067de69dad0493bc9a6b23da9,2026-04-26 14:39:52.456256+00:00,hu,index.hu,index.hu,2026-04-26,"Charlie Kirk özvegye az asztal alá bújt, majd zokogva távozott a Trump elleni merényletkísérlet helyszínéről",https://index.hu/kulfold/2026/04/26/erika-kirk-donald-trump-feher-haz-hotel-hilton-washington-lovesek/
0860811acc48c85e903d0f92afb97b6a9248f6fec617e31326c9160a6353a75a,2026-04-26 14:39:47.428836+00:00,hu,index.hu,index.hu,2026-04-26,Történelmi pillanat oldhatja meg a közel-keleti válságot,https://index.hu/kulfold/2026/04/26/izrael-libanon-kozel-kelet-haboru-tuzszunet-targyalas/
ed2728e1819a9193839dcd4d98549f4bebeb2745a3d325079f4484f2663c69df,2026-04-26 14:39:42.407874+00:00,hu,index.hu,index.hu,2026-04-26,Véget ért Mohamed Szalah liverpooli karrierje,https://index.hu/sport/futball/2026/04/26/premier-league-liverpool-mohamed-szalah-serules-atigazolas-vb-2026-egyiptom/
1fba499a9d1605a47223ee1317dbe78657f026827b6da0df95af01d571121448,2026-04-26 14:39:37.278171+00:00,hu,index.hu,index.hu,2026-04-26,A mentésirányítás segítségével született meg egy kislány Szabolcs-Szatmár-Bereg vármegyében,https://index.hu/belfold/2026/04/26/orszagos-mentoszolgalat-mentesiranyito-szules-kilany-szabolcs-szatmar-bereg-varmegye/
594d4c4655ea53a5e3f17549afb58fd52d355aacbf447d1f1e0d860011ffc15a,2026-04-26 14:39:32.268215+00:00,hu,index.hu,index.hu,2026-04-26,"Áttörték az atlétika leghihetetlenebb álomhatárát, és mindjárt ketten!",https://index.hu/sport/atletika/2026/04/26/london-marathon-vilagcsucs-maraton-futas-sebastian-sawe-yomif-kejelcha-jacob-kiplimo/
3d944b86d943b29db8a652914518574ab0559616c7cce007c948deae6b3df433,2026-04-26 14:39:28.099936+00:00,hu,index.hu,index.hu,2026-04-26,"Nem akar már többször apa lenni, 102 gyerek után komoly döntést hozott egy ugandai férfi",https://index.hu/mindekozben/poszt/2026/04/26/nem-akar-tobbszor-apa-lenni-102-gyerek-utan-komoly-dontest-hozott-egy-ugandai-ferfi/
122173baaf64ff5859f3d9c486597c473037712df64fe57c82ff126227e3c13d,2026-04-26 14:32:44.117940+00:00,hu,blikk.hu,blikk.hu,2026-04-26,"Borbás Marcsi orrfacsaró bűzben dolgozott már 13 évesen: „De ez nem számított, mert tudtam, hogy most pénzt keresek” – videó",https://www.blikk.hu/sztarvilag/hazai-sztarok/borbas-marcsi-munkaja-13-evesen-tyukok/lpjjlzg
d04b55c65cc83e6efe69a3067b4a2fb99e887d2c08de805501a3b42be2b32681,2026-04-26 14:32:37.644162+00:00,hu,blikk.hu,blikk.hu,2026-04-26,Repül az idő! Alig lehet ráismerni Köllő Babett lányára: így néz ki most Milla – fotók,https://www.blikk.hu/sztarvilag/hazai-sztarok/kollo-babett-lanya-milla-16-eves/3krysfn
f6c639b60962cf77f1b6620c525c90f0d3438b65483ce49b3f7a1775100c0698,2026-04-26 14:32:27.118782+00:00,hu,blikk.hu,blikk.hu,2026-04-26,"Így állítsa be a mobilját, hogy valóban hifi minőségű hangzást kapjon Bluetoothon keresztül!",https://www.blikk.hu/ferfiaknak/tech/okostelefon-bluetooth-hangminoseg/r81ljte
f16273b995e48266911117a72bd19092203494abf13ed3c018a02960f348f613,2026-04-26 12:55:51.111287+00:00,hu,origo.hu,origo.hu,2026-04-26,Bugyit dobált Sydney Sweeney a közönség felé – elképesztő videó,https://www.origo.hu/nagyvilag/2026/04/sydney-sweeney-fehernemu-szineszno-fesztival
de4d51ebe0e079bcc617206775f777454e8ec5f2252df419500d15e48cca4b86,2026-04-26 12:55:46.429610+00:00,hu,origo.hu,origo.hu,2026-04-26,"Nem fogja elhinni, mi mindent vittek magukkal az űrhajósok",https://www.origo.hu/nagyvilag/2026/04/urhajo-orosz-bajkon-nemzetkozi-urallomas
403be0cd89d021109e41d71f9209293bccb7d4eed06db90c06994ae5f281a88f,2026-04-26 12:55:41.179083+00:00,hu,origo.hu,origo.hu,2026-04-26,Időjárás: így szólt az első előrejelzés a rádióban,https://www.origo.hu/nagyvilag/2026/04/idojaras-elso-elorejelzes-radio
daf99b297c14ef19de51f074b9a2f6e41f60f802eea259845d6578fd8e12875c,2026-04-26 12:55:36.419960+00:00,hu,origo.hu,origo.hu,2026-04-26,Gulyás Gergely fejet hajtott a magyar református egyház legmeghatározóbb alakja előtt,https://www.origo.hu/belpol/2026/04/gulyas-gergely-hegedus-lorant-szobor-avatas-reformatus
79415e8dc6cb2b7ec5d58da30d82b9a407cab3a40970efc6d571ce8ccf427d1a,2026-04-26 12:55:30.559553+00:00,hu,origo.hu,origo.hu,2026-04-26,Óriási megpróbáltatások után is újra bevállalná Ráthonyi-Palácsik Tímea,https://www.origo.hu/itthon/2026/04/rathonyi-palacsik-timea-anyasag-vallomas
49755bc17d90c295ed5ba232e9f66ac233a9d7cd950649c5208e0210f466f8fa,2026-04-26 12:55:25.650218+00:00,hu,origo.hu,origo.hu,2026-04-26,"Ebben az országban akkora a felesleg, hogy ingyen osztogatják a burgonyát",https://www.origo.hu/gazdasag/2026/04/burgonya-ingyen-nemetorszag
4b58b163a4999d3e1e1dabb6207c0154f6d881d75f8e15b6925d3fd0cfb6ecd5,2026-04-26 12:55:20.697903+00:00,hu,origo.hu,origo.hu,2026-04-26,Hajhúzás miatt robbant ki botrány a Barcelona meccsén,https://www.origo.hu/sport/sport-futball/2026/04/bayern-munchen-edzo-noi-foci-kiakadt-piros-lap-hajhuzas
8082a7f199961cd2bd3c503208b7c4071a8ec2a101d50f21ae03ec43c16f2133,2026-04-26 12:55:16.307050+00:00,hu,origo.hu,origo.hu,2026-04-26,"Merényletkísérlet érte Donald Trumpot – a szakértő elárulta, hol hibázott a személyvédelem",https://www.origo.hu/belpol/2026/04/donald-trump-merenylet-robert-c-castel-lovoldozes
ef5172e9a393b2c53cccce79aaf5c4eaf1e15caf0a99600f53f48c0cc781e0e0,2026-04-26 12:55:08.541123+00:00,hu,origo.hu,origo.hu,2026-04-26,Óriási balhé Spanyolországban: a Real Madrid beperelte a ligát,https://www.origo.hu/sport/sport-futball/2026/04/real-madrid-la-liga-florentino-perez-per
45bbf6f8c95ea8bad6ad16665aba6f29cc54e58f9220844b23f98e23087e4bfb,2026-04-26 12:55:03.514315+00:00,hu,origo.hu,origo.hu,2026-04-26,"Fotókon a baleset az M6-oson, huszonötezer liter tej öntötte el az autópályát",https://www.origo.hu/kek-hirek/2026/04/baleset-m6-tej-kamion-baranya
5a26f578f62e19a81992d5618289d3a00bc78a2da0723ed0b70408ee6bc86d67,2026-04-26 12:54:58.639150+00:00,hu,origo.hu,origo.hu,2026-04-26,„Megöllek!” – így tört ki a botrány egy végrehajtó irodájában,https://www.origo.hu/kek-hirek/2026/04/halalos-fenyegetes-egy-vegrehajto-irodajaban
ca0c6d6e36d7f694d5beefbd4bef517ec0d26c0ae8d9d4a3ee1443a5c82bdf99,2026-04-26 12:54:53.511055+00:00,hu,origo.hu,origo.hu,2026-04-26,111 évesen árulta el a titkot: így lehet hosszú életet élni,https://www.origo.hu/nagyvilag/2026/04/hosszu-elet-titok-luis-cano
1a6634e1ac2864be5997ebe65d90b8ab8aff0c592ed6e5b0f7e304b143bd02bb,2026-04-26 12:54:49.492362+00:00,hu,origo.hu,origo.hu,2026-04-26,„Az erőszak sosem lehet megoldás” – így reagáltak a világ vezetői a Trump elleni újabb merényletkísérletre,https://www.origo.hu/kulpol/2026/04/trump-merenylet-vilag-vezetoi
45670563f975201f1b343a0bade82cf9ece0cea1778d941675bd43c196b6fc7f,2026-04-26 12:54:43.730823+00:00,hu,origo.hu,origo.hu,2026-04-26,"Csodamotort építettek, szinte termeli az üzemanyagot",https://www.origo.hu/nagyvilag/2026/04/hibridmotor-geely-technologia-fejlesztes
df23e3b151f37502f5b14d60bd2258ecb356a681389c02c4e3e37400ab5b9c24,2026-04-26 12:54:38.472024+00:00,hu,origo.hu,origo.hu,2026-04-26,Takács Péter a Bayer Show-ban: Le kell állítani a baloldal fideszesek elleni gyűlölethadjáratát,https://www.origo.hu/belpol/2026/04/takacs-peter-fideszesek-elleni-gyulolethadjarat
3660001f3052433e58996263d0564476c305008b30273262af6a990b8a90aedd,2026-04-26 12:54:34.426336+00:00,hu,origo.hu,origo.hu,2026-04-26,"Gyilkosság Egerben, brutális részletek derültek ki a tragédiáról – videóval",https://www.origo.hu/kek-hirek/2026/04/gyilkossag-eger-brutalis-reszletek
fa268b562a69837383615a59eec538892840cd7de6a6c33679cb70ab794816ba,2026-04-26 12:54:17.364259+00:00,hu,origo.hu,origo.hu,2026-04-26,Rák és szívbaj ellen: a magyarok kedvenc fűszere életet menthet,https://www.origo.hu/tudomany/2026/04/chilipaprika-rak-szivbaj-ellen
c473c7cb980986c619f8fdf4f3e957e4eabcdcfcc9eb6025bf4f17ec32c3f35e,2026-04-26 12:54:12.855591+00:00,hu,origo.hu,origo.hu,2026-04-26,Verstappen apja ijesztő ralibalesetet szenvedett,https://www.origo.hu/sport/f1/2026/04/verstappen-apja-fanak-csapodott-felborult-az-autojaval
456800f870f26db8091ceec9fcf390cecb0130408454661dac0fcda6ed4f84cb,2026-04-26 12:54:07.198539+00:00,hu,origo.hu,origo.hu,2026-04-26,Ezt a hibát szinte mindenki elköveti nagytakarításkor,https://www.origo.hu/nagyvilag/2026/04/ruhasszekreny-hatekony-rendszerezes
46f7093c4f8e2611c69999792b38b40d1413c4e394fe551d16358492cd4f8c76,2026-04-26 12:54:02.245492+00:00,hu,origo.hu,origo.hu,2026-04-26,"Megérkezett az első kőolajszállítmány, fontos változások jönnek − heti összefoglaló",https://www.origo.hu/gazdasag/2026/04/koolajszallitmany-itt-fontos-valtozasok-osszefoglalo
f0c0aef7ab3b48907fcdbe3f9e4a72a13073e337bd16909d2406544b7d159bab,2026-04-26 12:53:56.686549+00:00,hu,origo.hu,origo.hu,2026-04-26,Egy tucatnyi búcsúztatót rendezett a halála előtt a hollywoodi legenda: Halála előtt elsiratta már mindenki!,https://www.origo.hu/filmklub/2026/04/raymond-burr-perry-mason-rak-bucsu
e12dbc8b647202dfaf45c0abbf81339ad6bee2f487101c0d0b6140c5ffa073f2,2026-04-26 12:44:10.392099+00:00,hu,blikk.hu,blikk.hu,2026-04-26,"Nagy Ádám, a Heti hetes műsorvezetője megmutatta feleségét",https://www.blikk.hu/sztarvilag/hazai-sztarok/nagy-adam-heti-hetes-feleseg/1w56le8
fa4e7b8b7920288e150e1aa50fd53d96a2dec15d71a9d67362384e440c34148f,2026-04-26 12:39:30.160355+00:00,hu,blikk.hu,blikk.hu,2026-04-26,Tóth Gabi után Curtist is lecserélik a Megasztár zsűrijében,https://www.blikk.hu/sztarvilag/hazai-sztarok/curtis-megasztar-zsuri-csere-toth-gabi/e360mrm
add07d190a5a881ad3c5301dc6309d9a0707b74146dd3e2e36563a33f645f364,2026-04-26 12:26:56.456582+00:00,hu,blikk.hu,blikk.hu,2026-04-26,„Az igazi életem csak most kezdődik” – Singh Viki vadító fekete miniruhában mutatta meg a tökéletes testét – fotók,https://www.blikk.hu/sztarvilag/hazai-sztarok/singh-viki/4hf0q02
1ac04f0683a4733b6b9d6a2064965a49bea4470d95f43b3573ec0f4c16703917,2026-04-26 12:26:27.073648+00:00,hu,blikk.hu,blikk.hu,2026-04-26,Hihetetlen: megvan a 2 órán belüli világcsúcs a maratoni futásban,https://www.blikk.hu/sport/maraton-vilagcsucs-sporttortenet-sawe/cfxsdrg
1f5bf1e59e7513d3b3325d37d6b0296c6bfdee0789a6edced02001a5bfb0ddb0,2026-04-26 12:26:06.388621+00:00,hu,blikk.hu,blikk.hu,2026-04-26,Christina Applegate barátai felkészültek a legrosszabra,https://www.blikk.hu/sztarvilag/nemzetkozi-sztarok/christina-applegate-baratok-betegseg-sclerosis-multiplex/cfmrwy6
00cbf0e006a61e8adf1fab0f5b17311be877d21b0a1232583ca34a14da12b841,2026-04-26 12:25:38.368070+00:00,hu,blikk.hu,blikk.hu,2026-04-26,Gyors beavatkozás mentett meg egy gyermeket etyeki óvodában,https://www.blikk.hu/aktualis/belfold/etyek-ovoda-epilepszia-mentohelikopter/xrtqx6d
2bd118031f98b6fec39a8f40c897f75dd07c017463025d3307b86b9cf713bf21,2026-04-26 11:27:13.394560+00:00,hu,blikk.hu,blikk.hu,2026-04-26,Falusi Mariann születésnapját egy galápagosi óriásteknőssel ünnepelte – fotó,https://www.blikk.hu/sztarvilag/hazai-sztarok/falusi-mariann-szuletesnap-teknos/n3gvdn6
1f8e04dc60f0f9b856469c9fdb84a0c259806904b5537b354e32ab89ee3627d5,2026-04-26 11:26:56.018823+00:00,hu,blikk.hu,blikk.hu,2026-04-26,Óriási formában várja a Bayern a sérülésektől tizedel Paris SG elleni keddi BL-elődöntőt,https://www.blikk.hu/sport/kulfoldi-foci/bajnokok-ligaja-bayern-psg/wp52yty
1507f7df5448da7a38e61c0dff04ee88c42ccf83a64996342ac63698fc77dcf4,2026-04-26 11:26:43.807358+00:00,hu,blikk.hu,blikk.hu,2026-04-26,III. Károly amerikai útja előtt szigorítják a biztonsági intézkedéseket,https://www.blikk.hu/aktualis/kulfold/egyesult-allamok-iii-karoly/wpht1w8
4beec02e872d56627f61319c769ad9afb18a3b3cbf330a2b4b48f6743cd6a70c,2026-04-26 11:26:25.103135+00:00,hu,blikk.hu,blikk.hu,2026-04-26,Tasi Dávid és felesége első gyermeküket várják,https://www.blikk.hu/sztarvilag/hazai-sztarok/tasi-david-apa-gyerek-feleseg/gj1b97c
ede3b12545ae5d27e6bc1379321ade3054f73933c155375eae3e5623e65eeecc,2026-04-26 11:25:45.887333+00:00,hu,blikk.hu,blikk.hu,2026-04-26,"""Vágyom a finom édességre"" – Katalin hercegné és Vilmos herceg érzéki flörtbe kezdtek nyilvánosan",https://www.blikk.hu/aktualis/kulfold/katalin-vilmos-flort-kapcsolat/yyxmmyz
e6d8a2e10d043fd26c4d580092ddbdb6b0db308f17534a59aa8b5894eea56d6d,2026-04-26 11:25:40.575986+00:00,hu,blikk.hu,blikk.hu,2026-04-26,"Bánki Erik nem veszi fel mandátumát, háttérből segíti tovább pártját",https://www.blikk.hu/politika/magyar-politika/banki-erik-mandatum-valasztas/l9kv7xd
b3a4186aa4e2104814eefb05dbec037ac0a00fa6a5065618401aeefcc4778336,2026-04-26 11:25:19.677993+00:00,hu,blikk.hu,blikk.hu,2026-04-26,Indul a nyári előszezoni menetrend a MÁV-nál,https://www.blikk.hu/aktualis/belfold/mav-balaton-part-menetrend-valtozas/6gmek88
dbae296b60b70cc297addb864de54f6cb13bcb9d930d63b5ad933258579360f3,2026-04-26 10:31:15.381782+00:00,hu,origo.hu,origo.hu,2026-04-26,Paradicsompalántát ültetne? Ezt a hibát sokan elkövetik tavasszal,https://www.origo.hu/itthon/2026/04/paradicsom-ultetes-kerteszmernok
1612ebe8da039393e420cab251c5eb31ebe3c6fc1e1f3517134af152b18b83a6,2026-04-26 10:31:10.261708+00:00,hu,origo.hu,origo.hu,2026-04-26,Nem fogja elhinni ki a fehér házi lövöldözés elkövetője – mutatjuk!,https://www.origo.hu/kulpol/2026/04/feher-haz-lovoldozes-honap-tanara
38cd9cbdbc765599573673a925aa65530520b7816505ed47db5961063176b2f5,2026-04-26 10:31:05.230402+00:00,hu,origo.hu,origo.hu,2026-04-26,"Napok óta küzdenek az erdőtüzekkel, de hiába – lakóövezeteket fenyegetnek a lángok",https://www.origo.hu/nagyvilag/2026/04/erdotuzek-japan-tuzolto-langok
41d5e58a25878001cbb8bf54582117652f73d79a30d861f702543c960b86b526,2026-04-26 10:31:00.281137+00:00,hu,origo.hu,origo.hu,2026-04-26,"Videón a zuhanás kilencven méterről, pillanatok alatt vált rémálommá a sevillai vásár",https://www.origo.hu/kek-hirek/2026/04/zuhanas-sevilla-vasar-baleset
e02a15242ea680ef5b61e3416c73b2d501c3395c67adf85effc200907f0c77e2,2026-04-26 10:30:55.308624+00:00,hu,origo.hu,origo.hu,2026-04-26,"A teniszsztár szexi barátnője a pólóján hirdeti, hogy szingli lett – kép",https://www.origo.hu/sport/sport-laza/2026/04/tenisz-taylor-fritz-baratno-morgan-riddle-szakithatott
f6537795b28af0ad3666f0f4a530ab73a141eca1f534a48d9ecad5c4b10e846c,2026-04-26 10:30:45.566926+00:00,hu,origo.hu,origo.hu,2026-04-26,Hatalmas energetikai beruházást adtak át Magyarországon: egy egész lakótelep áramellátását biztosíthatja,https://www.origo.hu/gazdasag/2026/04/alteo-energiatarolo-gyor
4f813c5a53467490cac497030eb9735cdef4ecb72f452091310fc5326a70c786,2026-04-26 10:30:18.962189+00:00,hu,origo.hu,origo.hu,2026-04-26,"A fiatalok fele visszamenne az időben – meglepő, melyik korszakot választanák",https://www.origo.hu/techbazis/2026/04/fiatalok-fele-multban-szeretne-elni-felmeres
aae22a8dd841cd5037a25195725f4559ce5c2f451aae7aa4a250e0956d3fe2ab,2026-04-26 10:30:14.022124+00:00,hu,origo.hu,origo.hu,2026-04-26,Magyar Péter őrjöngve támadja a fékek és ellensúlyok rendszerét,https://www.origo.hu/belpol/2026/04/magyar-peter-demokracia-koztarsasagi-elnok-tamadas
147185e3fd83e38fc9fad77033704c304d4583e82154c860583a8d913e281942,2026-04-26 10:30:08.989840+00:00,hu,origo.hu,origo.hu,2026-04-26,"Ez a kutyák kedvenc játéka, de életveszélyes is lehet",https://www.origo.hu/nagyvilag/2026/04/teniszlabda-kutya-jatek-egeszsegugyi-problemak
2a8206abb8d7d35688d9bf2a1d1e305070b06bd6aba67a036b3baedca7804ab7,2026-04-26 10:30:04.046313+00:00,hu,origo.hu,origo.hu,2026-04-26,Egy tabletta csökkenti az alkohol utáni vágyat – mégis alig használják,https://www.origo.hu/itthon/2026/04/naltrexon-alkoholizmus-tabletta-szakerto
f4a1afca150ecb5983e2ad5d57485e0a4a506b86dee4b6f61d9d28ff75adf152,2026-04-26 10:20:41.618062+00:00,hu,blikk.hu,blikk.hu,2026-04-26,Horribilis összegekért lehet jegyet kapni a vb-döntőre,https://www.blikk.hu/sport/kulfoldi-foci/labdarugo-vilagbajnoksag-donto-jegyarak/vswnk6l
ced019aa26ae5753c7d97c8393a1bd1e5a18682f31081e3a699090df7de47da3,2026-04-26 10:20:25.832723+00:00,hu,blikk.hu,blikk.hu,2026-04-26,Megragadták és felrángatták a székből JD Vance-t a merényletkísérletkor – Így mentették meg életét – videó,https://www.blikk.hu/aktualis/kulfold/donald-trump-jd-vance-merenylet-washington/q755bpy
4a5e8cf407def158660a7df4fe0bed853b6f36688d94fe136a223d1c91f07e26,2026-04-26 10:20:20.694473+00:00,hu,blikk.hu,blikk.hu,2026-04-26,Micsoda pofára esés: a 102 percben úszott el a csapat feljutása,https://www.blikk.hu/sport/kulfoldi-foci/angol-foci-otodosztaly/s95nd9b
545d48831209364c0268b9135807c6f020541990b172fd7235c53324baeff124,2026-04-26 10:20:01.888058+00:00,hu,blikk.hu,blikk.hu,2026-04-26,Tavaszi ízek a konyhában: medvehagyma és rebarbara egy menüben,https://www.blikk.hu/eletmod/gasztro/tavaszi-menu/ekhbldd
cdfac847715a0b65a28595eae2209fd66212d2b63db7c5ab94e5d5765fcc1595,2026-04-26 10:19:56.733171+00:00,hu,blikk.hu,blikk.hu,2026-04-26,"Charlie Kirk asztal alatt bujkáló, zokogó özvegyét is ki kellett menteni a Trump elleni merénylet után",https://www.blikk.hu/aktualis/kulfold/trump-merenylet-erika-kirk/6kbx26z
cd870f92a2b593110a44002d086b24ac3f3d91ca8f312a94b9d4c4c9b74c4ee6,2026-04-26 10:19:40.018698+00:00,hu,blikk.hu,blikk.hu,2026-04-26,Fegyverek helyett gitárok: Budapestre érkezik a sivatagi blues legendás csapata,https://www.blikk.hu/tinariwen-koncert-budapest/tv3sgps
692c945ce709a46b7ff8661047614789848a91c90b1b1504e02409f7940b08c2,2026-04-26 10:19:35.409856+00:00,hu,blikk.hu,blikk.hu,2026-04-26,Zuhanás kilencven méterről a mélybe,https://www.blikk.hu/aktualis/kulfold/serultek-vasar-zuhanas-mentok-sevilla/wp9sqx3
8c79f7fcfd57f4acc75df7512217f4ca0786f915a3b5e7706cc6b77ac5cfcdb8,2026-04-26 10:19:30.051288+00:00,hu,blikk.hu,blikk.hu,2026-04-26,Riasztás van három megyében: csökken a látótávolság a porvihar miatt,https://www.blikk.hu/aktualis/belfold/por-szel-citromsarga-riasztas/lx00x4f
63ccbdd9c0d8bfe314d5f8bafef1563700f6856456db2ea7aec6dd7e44743ede,2026-04-26 10:19:25.587402+00:00,hu,blikk.hu,blikk.hu,2026-04-26,Sikerül-e Orbán Viktornak újra a csúcsra vezetnie a Fideszt?,https://www.blikk.hu/politika/magyar-politika/orban-viktor-fidesz-jovo/8y316hy
87083c984ff22194e10350bcdc0a13a596a2fbc94479e5cefd18e450211d3e8b,2026-04-26 10:19:20.301183+00:00,hu,blikk.hu,blikk.hu,2026-04-26,"A borítékokban érkező ajándékok ""háborút"" váltottak ki: Mennyi pénzt kell adniuk a vendégeknek? A számok fejenként akár 360 ezerig is elérhetnek",https://www.blikk.hu/eletmod/tippek/mennyi-penzt-ad-a-vendeg/m2qvfsd
8687a84fd8bf3279d75ad0a7f72a555b99a0bd7951d13d13a44a28b8c7c2f184,2026-04-26 10:19:09.966921+00:00,hu,blikk.hu,blikk.hu,2026-04-26,Sorra jöttek az összeesküvés-elméletek,https://www.blikk.hu/aktualis/belfold/lottosorsolas-csalas-osszeeskuves-elmelet-fonyeremeny/jlghepj
44d8c961633965ca90fe1464b8a7ba163be7630b15f5cbd284e24de29ce3b49a,2026-04-26 10:19:01.220845+00:00,hu,blikk.hu,blikk.hu,2026-04-26,Nemzetközi filmfesztiválon mutatják be a Tavaszi szél filmet,https://www.blikk.hu/aktualis/belfold/tavaszi-szel-az-ebredes-olaszorszag-magyar-peter/jrbk7k5
5fda3f5a0357002469baf2d8f106a64e198b22212107bd7ae6d0d577f5876dbc,2026-04-26 10:18:57.084776+00:00,hu,blikk.hu,blikk.hu,2026-04-26,Ő Donald Trump támadója – a hónap tanára volt a 31 éves férfi,https://www.blikk.hu/aktualis/kulfold/donald-trump-tamadas-ferfi-cole-tomas-allen/wmyt1hq
6c32f473d097aee35f807c1bfd4c578bb60a9df68517824e80c53c553f7b824f,2026-04-26 09:33:45.713922+00:00,hu,origo.hu,origo.hu,2026-04-26,Golyóálló mellény mentette meg egy rendőr életét a washingtoni lövöldözésben,https://hirtv.origo.hu/hirtvkulfold/2026/04/golyoallo-melleny-mentette-meg-egy-rendor-eletet-a-washingtoni-lovoldozesben
9c155738973ebe614a9b993fab00faa3e66b4a7c4a4b6e2d025157b007fe2a4e,2026-04-26 09:33:40.321079+00:00,hu,origo.hu,origo.hu,2026-04-26,"Lövések dördültek el a Fehér Házi Tudósítók Vacsoráján, Donald Trumpot kimenekítették",https://hirtv.origo.hu/hirtvkulfold/2026/04/donald-trumpot-kimenekitettek
60b61f72d02168ef865bca9c8507709ce70159c97a2726f8c3c366bbf3460056,2026-04-26 09:33:23.931493+00:00,hu,origo.hu,origo.hu,2026-04-26,A gender-ideológia a brüsszeli vezetés politikai furkósbotja,https://hirtv.origo.hu/ahirtvhirei/2026/04/a-gender-ideologia-a-brusszeli-vezetes-politikai-furkosbotja
00e415539c52ba777540355599aa4bb2df092b6869805dc5be9e61151102f04c,2026-04-26 09:32:32.503471+00:00,hu,origo.hu,origo.hu,2026-04-26,„Ki itt a Pinokkió?” – Georg Spöttle Magyar Péter brüsszeli alkuiról,https://hirtv.origo.hu/hirtvkulfold/2026/04/georg-spottle-magyar-peter-brusszeli-alkuirol
d9f744b1343ffaeb613c9f4823920837f5a4692e058792f9592dd227c07dc3cd,2026-04-26 09:32:26.890410+00:00,hu,origo.hu,origo.hu,2026-04-26,"Csernobil 40: A katasztrófa, amely megváltoztatta a világot",https://hirtv.origo.hu/hirtvkulfold/2026/04/csernobil-40-a-katasztrofa-amely-megvaltoztatta-a-vilagot
8252c12046793fdb541fe3b00e032021cf167afabd722242b7a74d7a9b6718db,2026-04-26 09:32:21.387405+00:00,hu,origo.hu,origo.hu,2026-04-26,Bóka János a Monitorban rakta helyre Magyar Péter ellentmondásait,https://hirtv.origo.hu/ahirtvhirei/2026/04/boka-janos-a-vezercikkben-rakta-helyre-magyar-peter-ellentmondasait
be88dd1ff29980aa307e886485ab33e19af1849b1a85a67b89642b380c83a19f,2026-04-26 09:32:16.254775+00:00,hu,origo.hu,origo.hu,2026-04-26,Öt év múlva már nem lesz EU? – Drasztikus jóslatok a Sajtóklub stúdiójából,https://hirtv.origo.hu/ahirtvhirei/2026/04/drasztikus-joslatok-a-sajtoklub-studiojabol
b456a175af8b6434ccb9fad61dabe7a2eeb23232a1f6892717d00c4d90e67847,2026-04-26 09:31:52.776600+00:00,hu,origo.hu,origo.hu,2026-04-26,Politikai erőszak az iskolában – Takács Péter döbbenetes esetet mesélt el,https://hirtv.origo.hu/ahirtvhirei/2026/04/takacs-peter-bayer-show
bbe55ca7ba0bf93f90c565075bfa972aff5c6c08452af61ca795dea935400d29,2026-04-26 09:31:25.298465+00:00,hu,index.hu,index.hu,2026-04-26,Horn Gábor szerint a NER „totális morális és strukturális csődje” a Fidesz bukása,https://index.hu/belfold/2026/04/26/horn-gabor-orban-viktor-ner-fidesz-magyar-peter-republikon-intezet/
621e2b98f6e11fbee621a4ca3bae9662eec67e95a726d77d61fbbc19d9cbb226,2026-04-26 09:31:05.765318+00:00,hu,index.hu,index.hu,2026-04-26,"Évekig járta Csernobilt, és olyan dolgokat hozott ki, amelyeket korábban senki",https://index.hu/kultur/2026/04/26/maxim-dondyuk-csernobil-foto-tragedia-atomeromu/
5e54f76acef4054c90f4481a711fa89e8f9cfede24be99b06cfa209d5ce0c783,2026-04-26 09:30:51.832233+00:00,hu,index.hu,index.hu,2026-04-26,Abszolút filmszínház: Olaszországban is bemutatják a Magyar Péterről szóló dokumentumfilmet,https://index.hu/kultur/2026/04/26/magyar-peter-abszolut-filmszinhaz-tavaszi-szel-dokumentumfilm-olaszorszag-riviera-nemzetkozi-filmfesztival/
7ff045ca63d2c3903351f4263cc51e45cdf5542442555a9a407c6ecb2e81af58,2026-04-26 09:30:46.911465+00:00,hu,index.hu,index.hu,2026-04-26,"Visszatért a köztévé képernyőjére Freddie, miután Vitályos Eszterrel összeszólalkozott",https://index.hu/belfold/2026/04/26/freddie-fehervari-gabor-alfred-szerencseszombat-musorvezeto-visszatert-vitalyos-eszter-komment/
aece4857a79ac6c88444c7071e324a07f31d878dc7c74309500063b5caf0e1e2,2026-04-26 09:30:38.789148+00:00,hu,index.hu,index.hu,2026-04-26,Ráthonyi-Palácsik Tímea Friderikusznál vallott az örökségéről,https://index.hu/fomo/2026/04/26/rathonyi-palacsik-timea-veteles-lombikprogram-anyasag-friderikusz-talkshow-andy-vajna-orokseg/
f263f5112bb3cf92ea597a676a3e443555e9717a20a1ae4e639891f5463920be,2026-04-26 09:30:33.759757+00:00,hu,index.hu,index.hu,2026-04-26,"„Letettem a kést és a villát, aztán dübörgő hangokra és félautomata fegyverek tompa dörrenésére lettem figyelmes”",https://index.hu/kulfold/2026/04/26/donald-trump-merenyletkiserlet-feher-haz-tudositok-vacsoraja-gary-o-donoghue-j-d-vance-melania-trump/
bc099c4ec652605b2983ce02e80dd3950c249e5a327984ca6244c303fb2e3ad4,2026-04-26 09:30:28.562070+00:00,hu,index.hu,index.hu,2026-04-26,Eskütétel a Szent Korona előtt: szakrális szimbólumok a magyar politikai közéletben,https://index.hu/belfold/2026/04/26/orszaggyules-alakulo-ules-kepviselok-esku-szakralis-szent-korona-aranybulla/
4d2564643855c0c3dbc25e4d83de7cc267711dcd02409a76ffb2c6aa01715580,2026-04-26 09:30:24.649610+00:00,hu,index.hu,index.hu,2026-04-26,Friss fotón mosolyog a 89. születésnapját ünneplő Jack Nicholson,https://index.hu/mindekozben/poszt/2026/04/26/friss-foton-jack-nicholson-szuletesnap-szinesz/
3a4e79ee2147e8f54f9d20e73ef7042d6762ab07f5e4e1decfdc21344790b9cc,2026-04-26 09:30:18.795812+00:00,hu,index.hu,index.hu,2026-04-26,„Minden kő alá be kell nézni” – jelentősen átalakulhat a magyar csapatok pénzügyi működése a következő szezontól,https://index.hu/sport/futball/2026/04/26/nb-i-2026-2027-atalakulas-csapatok-piaci-modell-allami-tamogatas-szabados-gabor-gyori-eto-zalaegerszeg-diosgyor-ftc/
8de0cb1f5fb8e0394f3612d6e7a643fa39862fed59a2462bb706a3b5548ed799,2026-04-26 09:30:13.768882+00:00,hu,index.hu,index.hu,2026-04-26,"Bánki Erik visszavonul a politikától, nem veszi fel fideszes mandátumát",https://index.hu/belfold/2026/04/26/banki-erik-fidesz-mandatum-visszavonul/
e1be4aee3ffa266d3388ec0eddbb526cb6af835904de639fc533de6612ceeec8,2026-04-26 09:30:08.507200+00:00,hu,index.hu,index.hu,2026-04-26,Orbán Viktor szövetségese a hanyatló Nyugatrómai Birodalomhoz hasonlította Európát,https://index.hu/kulfold/2026/04/26/alekszandar-vucsics-szerbia-elnok-europa-franciaorszag-konferencia-nyugat-romai-birodalom-hanyatlas/
7a22ed9f408b6c8004ebe9a1606ef6f4d4c4a4c8426e6e10c9ec9c65b40cf25e,2026-04-26 09:30:02.815970+00:00,hu,index.hu,index.hu,2026-04-26,A legszexibb színészpáros most az HBO-n csodálható meg,https://index.hu/kultur/cinematrix/2026/04/26/uvolto-szelek-jacob-elordi-margot-robbie-hbo-max-streaming/
1850dbf863a107db0326a805fce249f28811a457a422ee0e77c35825312aeba0,2026-04-26 09:29:48.660645+00:00,hu,index.hu,index.hu,2026-04-26,Európa egyik legjelentősebb légitársasága magasabb jegyárakra figyelmeztetett,https://index.hu/kulfold/2026/04/26/british-airways-legitarsasag-aremelkedes-uzemanyagvalsag-repuloter-jarattorles-enyhites/
2186d83dcbcde1ea4da18f8de11f6a705de14430c60cec6f280ee2ac0dedefc9,2026-04-26 09:29:43.726537+00:00,hu,index.hu,index.hu,2026-04-26,A Tisza Párt EP-képviselőit is fogadta XIV. Leó pápa a Vatikánban,https://index.hu/kulfold/2026/04/26/xiv-leo-papa-vatikan-tisza-part-ep-kepviselok-europai-neppart/
f5c7a7922649c09b5126e0c2f6691bf97ca1361f94da563471f5a0ec8aae3df9,2026-04-26 09:29:35.064990+00:00,hu,index.hu,index.hu,2026-04-26,"Történelmi bravúr a névtelen senkitől, így lett hős a bevándorló fiából",https://index.hu/sport/kosarlabda/2026/04/26/denver-nuggets-minnesota-timberwolves-nba-ayo-dosunmu/
03ab32656612aa72d8e704052a64b32583c8730382a8ba785a5baa561e19f133,2026-04-26 09:29:05.545102+00:00,hu,index.hu,index.hu,2026-04-26,Elefántcsorda taposta halálra a milliomos amerikait vadászat közben,https://index.hu/kulfold/2026/04/26/ernie-dosio-milliomos-egyesult-allamok-elefant-antilop-meghalt-vadaszat-trofea/
863ceedbc0ae4526ea2cd81bcb3a20ffdb81a79ffe11e4a17431fc32e24e7ea6,2026-04-26 09:29:01.496211+00:00,hu,index.hu,index.hu,2026-04-26,"Csak egy kávét akart inni, hátborzongató dolgot talált a doboz alján",https://index.hu/mindekozben/poszt/2026/04/26/csak-egy-kavet-akart-inni-hatborzongato-dolgot-talalt-a-doboz-aljan/
fe85e2e75da01801bde5c60ec9bdb955d8b81af33e798a578bb6df69e589275a,2026-04-26 09:28:55.891853+00:00,hu,index.hu,index.hu,2026-04-26,Tarjányi Péter szerint a NER megszűnésével egy bűnözői csoportot kell felszámolni,https://index.hu/belfold/2026/04/26/tarjanyi-peter-ner-magyar-peter-elszamoltatas-korrupcio-fidesz-vagyonvisszaszerzes/
a7a27c71544549297daf32848067fe09e759b7d86b4b21025f856561eba90ecb,2026-04-26 09:26:43.222062+00:00,hu,origo.hu,origo.hu,2026-04-26,"Tóth Gabi és Tóth Vera között nagy a feszültség, édesanyjuk már tudja a megoldást",https://www.origo.hu/itthon/2026/04/toth-gabi-es-toth-vera-kapcsolat-edesanyjuk-testverek
bbfc1416a9d750eb8ca4f1287bec4a26e322ce5aaf555c78c2d81f5d6dafab20,2026-04-26 09:26:38.198114+00:00,hu,origo.hu,origo.hu,2026-04-26,A Liverpool legnagyobb sztárját a Real Madridhoz csábítják,https://www.origo.hu/sport/sport-futball/2026/04/szalah-liverpool-real-madrid-hierro-atigazolasi-pletyka
4777783cf7f149d5f460a2c5c7db32af1ea5cbdda3f81581dde7c12de1fcdd52,2026-04-26 09:26:24.710982+00:00,hu,origo.hu,origo.hu,2026-04-26,"Más megyékben is megjelent az azbesztszennyezés? Mutatjuk, mi a helyzet!",https://www.origo.hu/itthon/2026/04/azbeszt-ugy-szombathely-varmegyek-azbesztszennyezes
c4d47eadbc6a5d93bc1ac6ab1a05581a9ed5d46ce44579fc7f7c4511b1b6e68b,2026-04-26 09:26:19.695172+00:00,hu,origo.hu,origo.hu,2026-04-26,"Brutálisan szexi bikinis képet mutatott Bódi Sylvi, elképesztő formában van",https://www.origo.hu/teve/2026/04/bodi-sylvi-kep-bikini-instagram
0f7acb0df414a00a3b2721df33652f8d254d1a5b4772678c2840f5c671a70e2a,2026-04-26 09:26:11.419855+00:00,hu,origo.hu,origo.hu,2026-04-26,Kiderült: Geszti Péter ezt kapja a leendő Tisza-kormánytól?,https://www.origo.hu/belpol/2026/04/geszti-peter-tisza-part-szdsz-mszp
824899b7ef82aab0781115baca30559bc215a77f1bc5444d6394c0f84595d156,2026-04-26 09:26:06.455146+00:00,hu,origo.hu,origo.hu,2026-04-26,Elszabadult a káosz: így menekítették ki az amerikai alelnököt a Fehér Házból – videó,https://www.origo.hu/nagyvilag/2026/04/j-d-vance-merenyletkiserlet-feher-haz
d6a7ce361cab4420a1abffaaed53429208382a5b70b10c0ee38ff6a4d0551252,2026-04-26 09:26:00.538945+00:00,hu,origo.hu,origo.hu,2026-04-26,"Jelentős változások jönnek a nyugdíjban az év közepétől – erről jobb, ha tud!",https://www.origo.hu/gazdasag/2026/04/ozvegyi-nyugdij-valtozasok-3
1bb83a9e0225b74c5477398d5b65b7471c769ff2eeadf5f31c084415dce0f3db,2026-04-26 09:25:55.335852+00:00,hu,origo.hu,origo.hu,2026-04-26,"Újabb veszély leselkedik ránk, már szinte mindenütt ott van",https://www.origo.hu/itthon/2026/04/kullancsveszely-verszivo-tavasz-vedekezes
03297057a49a67eaf8c0a48049a43269f470d018097611052f4416fc896dde7f,2026-04-26 09:25:50.516093+00:00,hu,origo.hu,origo.hu,2026-04-26,Az orosz haderő előretört a donyecki régióban,https://www.origo.hu/kulpol/2026/04/orosz-hadero-eloretort-a-donyecki-regioban
76e2e389ce2183562fd359e6a67d1a3a65a04ac462b67e4958abc53d72ba98ea,2026-04-26 09:25:43.748074+00:00,hu,origo.hu,origo.hu,2026-04-26,Az egyik legtehetségesebb magyar autóversenyző sikerétől hangos Silverstone,https://www.origo.hu/sport/f1/2026/04/molnar-martin-elso-futam-dobogo-brit-f3
5fbb04d1cea5da0ef4a2a25f05e55110f4c1434fa3639cf70c56663f4e6266f1,2026-04-26 09:25:38.424000+00:00,hu,origo.hu,origo.hu,2026-04-26,"Minden nap tojást eszik? Ezt jobb, ha tudja!",https://www.origo.hu/nagyvilag/2026/04/tojas-elonyei-hatranyai-feherje-koleszterin-egeszseg
e84f3072276bae7b888df5ffc2c6e0441591e1d4c89e334b11c60add5588d8fe,2026-04-26 09:25:33.766654+00:00,hu,origo.hu,origo.hu,2026-04-26,"Nagy változás jön a vonatoknál, erre készülhetnek az utasok",https://www.origo.hu/itthon/2026/04/balatoni-eloszezon-mav-csoport-jaratok-menetrend
94d5ba63b0dd0b44aae96ab5625a2c5a508e5aafabbd8c16a140ef2caddf4819,2026-04-26 09:25:28.442712+00:00,hu,origo.hu,origo.hu,2026-04-26,A feljutást ünneplő focista leütött egy szurkolót a pályán – videó,https://www.origo.hu/sport/sport-futball/2026/04/york-cityfocistaja-leutott-egy-szurkolot-a-palyan-video
812c368a503f6b60d5cf9b53d3e7a7f0b28d4997847bb6cab98434a0255d8093,2026-04-26 09:25:23.740715+00:00,hu,origo.hu,origo.hu,2026-04-26,"Réztolvajok lopták el a tatabányai Turul lépcsőjét, lábujjait pedig megcsonkították",https://www.origo.hu/kek-hirek/2026/04/turul-reztolvajok-loptak-el-a-lepcsojet
e52ea531efcf199b78faae117e0ca5ecac0cd59b65abd53a232f0d834d156f8a,2026-04-26 09:25:18.232617+00:00,hu,origo.hu,origo.hu,2026-04-26,Tekintse meg nálunk a Trump elleni merénylet legdrámaibb pillanatait! – galéria,https://www.origo.hu/nagyvilag/2026/04/merenylet-trump-ellen-amerikai-elnok-rendor-vacsora
0b2316ea3e5cda75d67c51d766adbb61682c4e6509007743cccff109ebbbd531,2026-04-26 09:25:13.744609+00:00,hu,origo.hu,origo.hu,2026-04-26,„Fél Dél-Amerikát legyőztük” – Bódog Tamás az ellenfélen viccelődött,https://www.origo.hu/sport/sport-futball/2026/04/nb-i-nyiregyhaza-zalaegerszeg-bodog-tamas-nyilatkozat
6c833590c43c693b0318646ea862a95ff145a524491c722530cf85c4451e0a3e,2026-04-26 09:25:08.488572+00:00,hu,origo.hu,origo.hu,2026-04-26,"A Liverpool vezérigazgatója kínos helyzetbe került, a szurkolók fejbedobással reagáltak Szoboszlaiék meccsén",https://www.origo.hu/sport/sport-futball/2026/04/liverpool-vezerigazgato-szurkolok-tiltakozas-fejbedobas
3c5d5e5413128eec33d3b8cd8cd1fbe5a76081d28e62e0c11699756dc9438360,2026-04-26 09:25:03.744021+00:00,hu,origo.hu,origo.hu,2026-04-26,Emiatt mondott le Orbán Viktor a mandátumáról az alkotmányjogász szerint,https://www.origo.hu/belpol/2026/04/orban-viktor-orszaggyules-mandatum-lemondas-fidesz
7194977ef25cd1ce895c737a2de4bdbd9417cbdf25ca0e26b3c4ce69cb86554e,2026-04-26 09:24:58.441520+00:00,hu,origo.hu,origo.hu,2026-04-26,"Drónokkal támadtak az ukránok, robbanások voltak Oroszországban",https://www.origo.hu/kulpol/2026/04/robbanasok-dronok-ukran-orosz
83a92cf50284aa7b3f2db316b25a2fb7d31c8e18f4a5f308ae35e61fe1458a9c,2026-04-26 09:24:52.247381+00:00,hu,origo.hu,origo.hu,2026-04-26,"A kísértetváros, ahol vadon élő állatok járják az egykor halálos zónát – hátborzongató galéria",https://www.origo.hu/foto/2026/04/a-kisertetvaros-ahol-vadon-elo-allatok-jarjak-az-egykor-halalos-zonat-hatborzongato-galeria
a95dd1e8cf7b4d784b17fed2f7d7d2fcf2e61d5d956148d012b4b8542600daf5,2026-04-26 09:24:47.973467+00:00,hu,origo.hu,origo.hu,2026-04-26,"Fekete Pákó ritkán beszél erről, most mindent elmondott",https://www.origo.hu/teve/2026/04/fekete-pako-parja-maganelet-kapcsolat
812980ffbdc4282f557d9d358281cc47efaa4d973eeebbc24d3e01e2f160182e,2026-04-26 09:24:42.272138+00:00,hu,origo.hu,origo.hu,2026-04-26,A pokolból tért vissza – egy magyar orvos megrázó vallomása Csernobilból,https://www.origo.hu/nagyvilag/2026/04/csernobil-magyar-orvos-visszaemlekezes
dcdc45d7b88a36312af1af5ce15d6fb201b3de5a402d2b87a91602338923f6a6,2026-04-26 09:24:31.511293+00:00,hu,origo.hu,origo.hu,2026-04-26,Megszólalt a darnózseli hentes fia – újabb fordulat a gyomorforgató ügyben,https://www.origo.hu/kek-hirek/2026/04/darnozseli-hentes-fia-ujabb-fordulat-az-ugyben
a7b078d3b48852cdc3adfb9857b7793509906d52fcb04860264e267ae5a4ac8d,2026-04-26 09:24:20.903876+00:00,hu,origo.hu,origo.hu,2026-04-26,Perceken múlt a tragédia: így mentették meg Donald Trumpot – videó,https://www.origo.hu/nagyvilag/2026/04/donald-trump-merenylet-video
84622ce5739929a3a7b3174b0489ef28c6a7356f915b0fd0a27bbdd0200e0522,2026-04-26 09:24:15.883513+00:00,hu,origo.hu,origo.hu,2026-04-26,"Óriási balhé a neten: lebukott a férfi, aki kiszivárogtatta az év egyik legjobban várt filmjét",https://www.origo.hu/techbazis/2026/04/borton-avatar-aang-legendaja-szivargas-szingapur
e55da307d3fc2e4d7ba6c4f582ced71fb8dc345e4bd922b5acf54ec422ee4265,2026-04-26 09:24:10.881096+00:00,hu,origo.hu,origo.hu,2026-04-26,Videón a Donald Trump elleni merényletkísérlet elkövetője,https://www.origo.hu/nagyvilag/2026/04/donald-trump-merenyletkiserlet-elkoveto-orizetben
bfc6757124c9632304bedfdde948f384066722c232232b134480fc241cad6e84,2026-04-26 09:24:06.743672+00:00,hu,origo.hu,origo.hu,2026-04-26,"Nagy fordulat jön az időjárásban, ennek sokan nem fognak örülni",https://www.origo.hu/itthon/2026/04/idojaras-vasarnap-jovo-het-fagy-homerseklet
3200519bda98bf91caaaaccbccc03a49707d3f541712075bad6543f4cb7f63c4,2026-04-26 09:23:50.661796+00:00,hu,origo.hu,origo.hu,2026-04-26,Drámai percek a Somlón: mentőhelikopter is érkezett a quadbalesethez,https://www.origo.hu/kek-hirek/2026/04/quadbaleset-dramai-percek-a-somlon-mentohelikopter
d0847c7143f127d39f19e5ff7f800d0c6372c0d2f5929118b940b9c50a07b85b,2026-04-26 07:31:57.834578+00:00,hu,blikk.hu,blikk.hu,2026-04-26,Meddig lehet így kihúzni? Csak pár órát aludtak naponta a magyar miniszterelnökök,https://www.blikk.hu/politika/magyar-politika/alvas-miniszterelnok-szokas-egeszseg/222eefm
774b792ca8286923ececa456a83aa69352fe84191920fae06d03af57ef7becf9,2026-04-26 07:31:18.048469+00:00,hu,blikk.hu,blikk.hu,2026-04-26,"Meghalt a neves magyar orvos, Gyetvai Gyula",https://www.blikk.hu/aktualis/belfold/gyetvai-gyula-meghalt-orvos-eger/k9c92ns
f286584b02287c1655ff7ca269ee01c523a1c9d323859085998a44a108a9488f,2026-04-26 07:25:15.362139+00:00,hu,blikk.hu,blikk.hu,2026-04-26,Fizetőkapuk és dugók várják idén is a magyarokat a horvát tengerpart felé haladva,https://www.blikk.hu/aktualis/belfold/autopalya-fizetokapu-horvatorszag/6q50fb8
556bd3b5be0bb60a24e512af8cabcd27c8c6cc4faac36c46ca75f6074065a6d0,2026-04-26 07:24:57.151070+00:00,hu,blikk.hu,blikk.hu,2026-04-26,Tóth Gabi és Tóth Vera édesanyja kibékítené lányait,https://www.blikk.hu/sztarvilag/hazai-sztarok/toth-gabi-toth-vera-lanyok-bekules-politika-vita/ynwfy57
59277fb01c43a959f1a78948b67dba7c8f74a7d8b16a0bf43707123933ee1ed9,2026-04-26 07:24:44.154706+00:00,hu,blikk.hu,blikk.hu,2026-04-26,"Heti horoszkóp: A Vízöntő a munkahelyén kerülhet szerelmi kalandba keveredhet, a Bika csalás áldozata lehet",https://www.blikk.hu/eletmod/lelek/heti-horoszkop/cet8vsw
cfc055536c78b36edec5530a160d3ee318dfb37f1f6360f989fcc0579bfa15e0,2026-04-26 07:24:38.327824+00:00,hu,blikk.hu,blikk.hu,2026-04-26,Több új projekten dolgozik: mi jön mostanában Christian Clavier-től?,https://www.blikk.hu/sztarvilag/nemzetkozi-sztarok/christian-clavier-francia-film-mozi-komedia/4ekh3lk
57fc904b8e2484f8bb67eb6a66f601ed11e1439fa9f1a4dd58c99ffc17974a4e,2026-04-26 07:24:26.341953+00:00,hu,blikk.hu,blikk.hu,2026-04-26,Fotókon a merénylet pillanatai: így mentették meg Donald Trumpot a támadótól,https://www.blikk.hu/galeria/donald-trump-merenylet/r7h48w4
8882b8270c81f06ef228e33805aaffd6f909c82831913b63817960c9d127f1cf,2026-04-26 07:24:21.530400+00:00,hu,blikk.hu,blikk.hu,2026-04-26,Félévszázada változatlan árak,https://www.blikk.hu/aktualis/belfold/olcso-japan-etteremlanc/hk0l9nh
ba9542a06b84bc86ee9c385be064829e6730c80f22c169f4bc05ad19842320ca,2026-04-26 07:23:56.653468+00:00,hu,blikk.hu,blikk.hu,2026-04-26,"Férjhez ment Joshi Bharat lánya, a tévés nem volt ott az esküvőn",https://www.blikk.hu/sztarvilag/hazai-sztarok/joshi-bharat-lanya-eskuvo/wbx1g9t
728f035826c8f9f510c0bd006e466fc7888f4aa13788f9538b24f8017e239813,2026-04-26 05:31:10.676682+00:00,hu,blikk.hu,blikk.hu,2026-04-26,"Trump lemondta a pakisztáni utat, elakadtak az iráni tárgyalások",https://www.blikk.hu/aktualis/kulfold/donald-trump-targyalasok/xqe0t86
3072cdd14667941d02e0a194ce381a47dfa994f779e89504719980c5b5fd5a7c,2026-04-26 05:31:02.152643+00:00,hu,origo.hu,origo.hu,2026-04-26,„Tíz év múlva le lesz cserélve” — Timothée Chalamet hónapok óta szenved a balettbotrány miatt,https://www.origo.hu/filmklub/2026/04/timothee-chalamet-balett-opera
9239e33925c6d89d68d978229f4feb39ccd0c818cbe393e93daa2c932bff52b2,2026-04-26 05:30:56.464162+00:00,hu,origo.hu,origo.hu,2026-04-26,Szörnyű sérülés: hordágyon vitték le a pályáról a Tottenham sztárját,https://www.origo.hu/sport/sport-futball/2026/04/serules-premier-league-tottenham-hotspur-xavi-simons
c425f5e012d7aea567fc08d0b92f758f432eb514748d6f34ab19e7268334acae,2026-04-26 05:30:51.691668+00:00,hu,origo.hu,origo.hu,2026-04-26,"Ezt tegye a palacsintába, ha igazán laktató reggelit szeretne",https://www.origo.hu/nagyvilag/2026/04/protein-palacsinta-recept-reggeli
39a7858857bd43455278450334100dc78e5f9e4d1edab4b21b3aa387d4876ba3,2026-04-26 05:30:50.314844+00:00,hu,blikk.hu,blikk.hu,2026-04-26,Önnek is hiányozni fog? Végleg eltűnik a CD az autókból,https://www.blikk.hu/auto/cd-lejatszo-eltunik-auto/0j6b7c5
ff6fccde7cbb25026d19463545c0dbdf84b94caef6dcbe442a4bec80071c871c,2026-04-26 05:30:46.574797+00:00,hu,origo.hu,origo.hu,2026-04-26,"Meglepő kutatás: bizonyos szájvizek többet árthatnak, mint használnak",https://www.origo.hu/itthon/2026/04/szajviz-kutatas-sziv-karos-hatas
8ac87d05174f7903c0f305d533413b211def3f162acad4a1069b2caf868099bc,2026-04-26 05:30:45.327776+00:00,hu,blikk.hu,blikk.hu,2026-04-26,Viharos széllel érkezett meg a hidegfront,https://www.blikk.hu/aktualis/belfold/idojaras-ma-szel-hidegfront-homerseklet/8pf7709
1ee71ef988b1ac111db1e2059241b865afb7751f91da8c439ddc1bf1a5ffe764,2026-04-26 05:30:38.790983+00:00,hu,blikk.hu,blikk.hu,2026-04-26,Merénylet Donald Trump ellen,https://www.blikk.hu/aktualis/kulfold/merenylet-donald-trump-melania-trump/fvq5zv4
39b5bd8d5a5d2d7e84760b2008e0e66dc9a47ba1ba5152a7f578841d46521fb2,2026-04-26 05:30:10.049832+00:00,hu,blikk.hu,blikk.hu,2026-04-26,"Négy dolog, amit 9 óra előtt meg kell tennünk, ha fogyni szeretnénk",https://www.blikk.hu/eletmod/egeszseg/fogyas-reggeli-teendok/hz6h2m2
48e22e70796a06580b163fecfd9a4d410ea28f39cdb6815b2e299bc2a5f88b25,2026-04-26 05:30:06.706265+00:00,hu,origo.hu,origo.hu,2026-04-26,Vérfagyasztó pillanatok a Fehér Házban: fegyveres férfi követett el merényletkísérletet Trump ellen – videó,https://www.origo.hu/kulpol/2026/04/trump-is-veszelybe-kerult-lovesek-feher-haz
3e7c561193fe271a5baf4e5863016e46c364121446c73cbe05e35b13f4a53eb9,2026-04-26 05:30:01.574096+00:00,hu,origo.hu,origo.hu,2026-04-26,"Ezt a kvízt a legtöbben elrontják, pedig tele van ismerős darabokkal",https://www.origo.hu/nagyvilag/2026/04/kviz-asvany-kozetek-kristalyok
c94a887db020eb94a960164f1319a3edf61b835eaa25769765e4ac2fea9d1de5,2026-04-26 05:29:56.631436+00:00,hu,origo.hu,origo.hu,2026-04-26,Csernobil árnyékában: a háború újra nukleáris kockázatot hozott a világra,https://www.origo.hu/nagyvilag/2026/04/csernobili-atomkatasztrofa-evfodulo-veszely-sugarzas
acc7f187400a10482e8e2a4e83539521b5106f5ba9c2b6c9cc962528bd77d99b,2026-04-26 05:29:51.621421+00:00,hu,origo.hu,origo.hu,2026-04-26,Macron elképesztő dologra vetemedett a választás előtt – mit képzel magáról?,https://www.origo.hu/kulpol/2026/04/macron-elkepeszto-dologra-vetemedett-a-valasztas-elott-mit-kepzel-magarol
7b14db996221a0e9e3fd6ad89a25085dd874964a8846f02a520b155a9499c864,2026-04-26 05:29:37.104423+00:00,hu,blikk.hu,blikk.hu,2026-04-26,"A Pokoli rokonok sztárja, Varga Ádám teljesen rákattant erre a sportra",https://www.blikk.hu/sztarvilag/hazai-sztarok/varga-adam-szorf-mentalis-terapia/n1l03cy
dccde80745695eaa8b2204db6d8591f2d3a7b4bad13a771083de3ac03eee9b3a,2026-04-26 05:29:31.022963+00:00,hu,blikk.hu,blikk.hu,2026-04-26,Forgalmi változások várhatók a Balaton körül az Ultrabalaton miatt,https://www.blikk.hu/aktualis/belfold/ultrabalaton-forgalom/tkdrw6s
5ada7ae35b45b2494fd9403f894186d1140af13001508f6ebdb14561fdb48f1a,2026-04-26 05:29:15.996404+00:00,hu,origo.hu,origo.hu,2026-04-26,Brüsszel hadat üzent a hópelyheknek és a leveleknek,https://www.origo.hu/kulpol/2026/04/brusszel-hadat-uzent-ezt-tervezik
4aacf7e0b8a709e4e0f643eb7b4979199206cd1e8d5f35de9c326181f7ec9e13,2026-04-26 05:29:15.392852+00:00,hu,blikk.hu,blikk.hu,2026-04-26,Negyven éve történt a csernobili katasztrófa – Mennyire ismeri a tragikus napok történetét?,https://www.blikk.hu/aktualis/kulfold/csernobil-katasztrofa-atomeromu-kviz/074pgln
2c63e1263a4efdba51919abe31aa5649195865c96fc440c9d53eed8eabc43da7,2026-04-26 05:29:10.776539+00:00,hu,blikk.hu,blikk.hu,2026-04-26,Hat hét alatt épült fel az RTL új stúdiója – Kulisszatitkok és fotók az átalakulásról,https://www.blikk.hu/sztarvilag/hazai-sztarok/rtl-reggeli-uj-studio/pk3r37x
2fc82a10c7484643837507f6272ad5225528949f46f481bdcb111b1791bf045b,2026-04-26 05:24:39.476905+00:00,hu,index.hu,index.hu,2026-04-26,Egyetlen pillanat alatt dobta el a biztos jövőjét a lépcsőházban,https://index.hu/kultur/2026/04/26/kukorelly-endre-szuletesnap-kviz-iro-kolto-magyar-irodalom-kultbudapest/
523041d0ffe67556bfb79aa894a3a75e64a2d87a3c0f6712f75a88495145aee7,2026-04-26 05:24:22.260052+00:00,hu,index.hu,index.hu,2026-04-26,Pokoli hibák sorozata okozta negyven éve a nukleáris katasztrófát,https://index.hu/belfold/2026/04/26/kibeszelo-extra-csernobil-atomeromu-baleset-sugarzas-aldozatok-reaktor-bendarzsevszkij-anton/
985acc55c4de2093a1861c82f6035446823e9991fdc5a5f60695e57ef1c0c726,2026-04-26 05:24:12.278008+00:00,hu,index.hu,index.hu,2026-04-26,Felmosta velünk a padlót legújabb albumával a friss Grammy-díjas énekesnő,https://index.hu/kultur/zene/2026/04/26/kehlani-uj-album-grammy-dij-uj-korszak/
a67d0e6c1d035336819dcff509610b277e89b83eee395721c690011dbd02540d,2026-04-26 05:24:07.309173+00:00,hu,index.hu,index.hu,2026-04-26,"A The New York Times lesújtó elemzést tett közzé, Európa nem tudja, hogyan fejezze be az ukrajnai háborút, hosszú konfliktusra készül a kontinens",https://index.hu/kulfold/2026/04/26/oroszorszag-ukrajna-orosz-ukran-konfliktus-moszkva-kijev-vlagyimir-putyin-volodimir-zelenszkij-europai-unio-nato-beketargyalasok/
681796379c7dd657d2f9281edeb71e7dd69d852cce0e99f595f3e0d4c0498dfb,2026-04-26 05:23:55.637387+00:00,hu,index.hu,index.hu,2026-04-26,"Merényletkísérlet Donald Trump ellen, a lövöldözés után elszabadult a káosz",https://index.hu/kulfold/2026/04/26/donald-trump-vacsora-tudositok-merenyletkiserlet-feher-haz-tudositok-vacsoraja/
af06e19ac0e278b3fda0ebbdb2c5d04b85bf53df1a5cc59dc1ed41f10001b475,2026-04-26 05:23:34.526830+00:00,hu,index.hu,index.hu,2026-04-26,Újabb magyar válogatott labdarúgóért jelentkeztek be a Premier League-ből,https://index.hu/sport/futball/2026/04/26/toth-balazs-jelentos-nemzetkozi-erdeklodes-premier-league-angol-masodosztaly/
6494f63dce4721b38b357430e561f3fb2026c603ad785055e95c1a5f9a8cc410,2026-04-26 05:23:29.338423+00:00,hu,index.hu,index.hu,2026-04-26,II. Erzsébetnek hála lett a brit királyi udvar jelképe ez a kutyafajta,https://index.hu/fomo/2026/04/26/ii-erzsebet-corgi-brit-kiralyi-csalad-kutya-dogz-fesztival/
74ceb5bd75d7ba92801bd1befc79546d48bfd29e757a8b27e346939cfde23287,2026-04-26 05:22:44.350488+00:00,hu,index.hu,index.hu,2026-04-26,Több vármegyére is kiadták a figyelmeztetést,https://index.hu/belfold/2026/04/26/idojaras-elorejelzes-radar-napsutes-csapadek-homerseklet/
53b3e4849ccf768cd48113ccd490ce0266532b25689e405bc0d0d3da7a7a1648,2026-04-26 05:19:03.828082+00:00,hu,origo.hu,origo.hu,2026-04-26,Szoboszlai Dominikot fáradtnak és sebezhetőnek látták az angolok,https://www.origo.hu/sport/sport-futball/2026/04/szoboszlai-dominik-liverpool-crystal-palace-ertekeles
72383f9885eced8c16ba5d33ae5bd02d20d097b3cb953238ad9347a86ec150e3,2026-04-26 05:18:24.659736+00:00,hu,origo.hu,origo.hu,2026-04-26,"„Megvigyázott”, arany Lamborghini Countach eladó",https://www.origo.hu/auto/2026/04/lamborghini-megvigyazott-arany-countach-elado
da795c5dcca9ad7f2283adcffd3829fd3187f8414bbeb5e263726fbdbae35f48,2026-04-26 05:18:18.898744+00:00,hu,origo.hu,origo.hu,2026-04-26,Pokoli hőség az autóban! Megvéd a napellenző a forróságtól?,https://www.origo.hu/auto/2026/04/napellenzo-pokoli-hoseg-megved-a-forrosagtol
e99ebf479254d8d10f4f531049cb89725426572020c46aa9db6e51e68dd43607,2026-04-26 05:17:16.952031+00:00,hu,origo.hu,origo.hu,2026-04-26,"Kegyetlen videó: felborult a tartálykocsi, az óriási robbanás mindent letarolt",https://www.origo.hu/auto/2026/04/baleset-tartalykocsi-robbanas
39520010132753d9d1d75e71a01074ad8dcd61c9929f89df2243a873f980e1a2,2026-04-26 05:17:13.255900+00:00,hu,origo.hu,origo.hu,2026-04-26,Rossz hír Kerkeznek? Arne Slot sejtelmes választ adott a Liverpool hőséről,https://www.origo.hu/sport/sport-futball/2026/04/liverpool-arne-slot-kerkez-andy-robertson-gol-palace
8e7ecdb34682468d922ef7924561a64802513c7a5774b839dab80b5163cdc4ff,2026-04-26 05:17:08.616169+00:00,hu,origo.hu,origo.hu,2026-04-26,"Romokban a Real Madrid, katasztrofális idényt zár a csapat",https://www.origo.hu/sport/sport-futball/2026/04/real-madrid-labdarugas-bajnokok-ligaja-la-liga
e65a4547c6cf155e1404284cbb58d8e4b46c57452cde84e6278e8d15a0fb34ce,2026-04-26 04:31:23.739536+00:00,hu,origo.hu,origo.hu,2026-04-26,A magyarországi GDP ötödét nyelte el a tenger Hormuznál – olajban,https://www.origo.hu/gazdasag/2026/04/olaj-500-millio-hordo-iran-kieses
81bec1f2d6b6cf45d76487103eee1196ebd543c16c6bbea97ce44f8871fa0140,2026-04-26 03:32:31.870553+00:00,hu,blikk.hu,blikk.hu,2026-04-26,"Gábor szabályos eseményt hirdetett szegedi zöldségeséhez, mikor felvágták a büdös gyümölcsöt",https://www.blikk.hu/aktualis/belfold/durian-szeged-eladtak-budos-gyumolcs/g3lcyjq
33a555f861507148686d34fcac9c8ac0765bdc8057cd6b39bed7f220204c3089,2026-04-26 03:32:25.282098+00:00,hu,blikk.hu,blikk.hu,2026-04-26,Csökkentse a sztrók kockázatát ennek a négy szokásnak a megváltoztatásával,https://www.blikk.hu/eletmod/egeszseg/sztrok-szokas-kockazat/xbzgw59
db79965b30682f4c983908e34ed516a9da262443210f6b8b635985ae89e95af6,2026-04-26 03:32:19.813407+00:00,hu,blikk.hu,blikk.hu,2026-04-26,"Megőrül attól, hogy idő előtt tönkremennek a töltőkábelei? Lehet, eddig nem figyelt erre",https://www.blikk.hu/ferfiaknak/tech/kabel-tolto-tipp-tanacs-kutyu-usb/cs3gfmz
9a61a93f55eaba4317802285fa5c5e34a80b3484580b23fe835cd32e4055f5bc,2026-04-26 03:32:10.619698+00:00,hu,blikk.hu,blikk.hu,2026-04-26,"Egy mezőn sétált a 13 éves fiú, mire kiszúrt valamit a fűben: az egész világon híre ment a döbbenetes felfedezésének",https://www.blikk.hu/ferfiaknak/tech/okor-erme-nemetorszag-gyerek-berlin-kincs/2ge7hbj
3f8a1ae9881b300d7bffc04083a43a7f62640da047a61cab4078e52b215bd8ab,2026-04-26 03:31:57.365074+00:00,hu,blikk.hu,blikk.hu,2026-04-26,"Elárverezték a körmendi gyerekgyilkos, Tánczos Gáborék otthonát",https://www.blikk.hu/aktualis/krimi/kormend-gyerekgyilkos-arveres/6ccw1t5
353d3be3ee809ca23ab4dc30dff1ecf44909fa0e04c7618e8230511de4d313bf,2026-04-26 01:26:57.463851+00:00,hu,origo.hu,origo.hu,2026-04-25,"Fájdalmas fordulatot vesz az időjárás, erre nem számítottunk!",https://www.origo.hu/itthon/2026/04/idojaras-hetvege-homerseklet-jovohet
5344eeec8c918df9ba1307123c96291d37b140a8bb8898021fc23213c6750876,2026-04-26 01:25:26.098194+00:00,hu,index.hu,index.hu,2026-04-25,Cáfolja a TV2 Magyar Péter állítását a csatorna eladásáról,https://index.hu/belfold/2026/04/25/tv2-magyar-peter-eladas-cafolat/
87ffbdf7fe1eb48dda27c93d14e76174cee0138ad86b95d6b794bb5290cd854b,2026-04-26 00:20:30.324184+00:00,hu,blikk.hu,blikk.hu,2026-04-26,"Csernobil, az emberi mulasztás kísérteties mementója",https://www.blikk.hu/galeria/csernobil-atomkatasztrofa-evfordulo/refbl6l
9c4b66ec44b2b0fe21706723417809e8e8746644174e9ff2c91730c9cc92d777,2026-04-25 23:37:20.397682+00:00,hu,blikk.hu,blikk.hu,2026-04-25,„Akármikor bevállalnám még egyszer” – Ráthonyi-Palácsik Tímea 43 évesen is nyitott a családbővítésre,https://www.blikk.hu/sztarvilag/hazai-sztarok/rathonyi-palacsik-timea-ujabb-gyerek/ng7thg5
96fa0437af8822a19659219dc69f600c8795a2590dec3c31f7aec2efcb646516,2026-04-25 23:26:01.920448+00:00,hu,origo.hu,origo.hu,2026-04-25,Az idény legjobbja és „minden edző álma” a magyar válogatott középpályás,https://www.origo.hu/sport/sport-futball/2026/04/magyar-valogatott-anglia-kovetkezetes-wba
b31dd7b04ed2b32624fad2406c68cadc507559332483893a3897509d8031259e,2026-04-25 23:25:56.357966+00:00,hu,origo.hu,origo.hu,2026-04-25,"Kihúzták az ötös lottó nyerőszámait, itt vannak a nyeremények",https://www.origo.hu/itthon/2026/04/otos-lotto-nyeroszam-nyeremeny-3
6c0120cd1679fd403a0a3777002eb714416ba6e86a5a1426f9e6b46cf44c793e,2026-04-25 23:25:25.122018+00:00,hu,origo.hu,origo.hu,2026-04-25,Robbanások Mali fő katonai támaszpontjánál: magára vállalta a támadásokat egy dzsihadista szervezet,https://www.origo.hu/nagyvilag/2026/04/robbanasok-mali-katonai-tamaszpont-dzsihadista-szervezet
be052530469906ffea87330fcb6a99c46a550fb9a49c92c7633205092f7f92b1,2026-04-25 23:25:05.148241+00:00,hu,origo.hu,origo.hu,2026-04-25,Talpra állt a brutális újpesti pofon után a Nyíregyháza,https://www.origo.hu/sport/sport-futball/2026/04/nyiregyhaza-zalaegerszeg-nb-i-dala-martin
211970a5b69ee419b146c1eeeb9dc9e3699557fd15ac4787d72ffb9e68e2c9d8,2026-04-25 22:26:21.828518+00:00,hu,origo.hu,origo.hu,2026-04-25,Rendőr- és tűzoltónapot tartottak a Városligetben,https://hirtv.origo.hu/hirtvszines/2026/04/rendor-es-tuzoltonapot-tartottak-a-varosligetben
f54594f48cfa42017db90f2ec2a506ea27bbe9f8c871190ef37203746d1f0200,2026-04-25 22:26:15.962771+00:00,hu,origo.hu,origo.hu,2026-04-25,Az euró bevezetése Magyarországon megosztó téma,https://hirtv.origo.hu/hirtvszines/2026/04/harsany-euro-bevezetese-magyarorszagon
6ffdfb2676a8e4da29099fd6f7e95b54240715677f838f8aa96f276f7a3d5297,2026-04-25 22:26:10.515353+00:00,hu,origo.hu,origo.hu,2026-04-25,Mire ad felhatalmazást a 2/3-os parlamenti többség?,https://hirtv.origo.hu/ahirtvhirei/2026/04/magyar-peter-felhatalmazas
506c6fea49d1f38da32e82062ac1ab1a0e7a8c959b6e940cbbd7491cd5529504,2026-04-25 22:25:47.508446+00:00,hu,blikk.hu,blikk.hu,2026-04-25,"Beindultak a találgatások, miután kondenzcsíkok lepték el az eget Budapest fölött szombaton, de van magyarázat",https://www.blikk.hu/aktualis/belfold/kondenzcsikok-budapest-felett/2jw0p6j
19ffec815a7a8ef8194f03743f5dc6b4f6495868fcc071cef48fc82ea7faa664,2026-04-25 22:24:47.240650+00:00,hu,blikk.hu,blikk.hu,2026-04-25,Ráthonyi-Palácsik Tímea Friderikusznál: „Sokan próbáltak kiforgatni az örökségemből...” – videó,https://www.blikk.hu/sztarvilag/hazai-sztarok/palacsik-timea-oroksege-kapzsisag-friderikusz/f4ggvt9
770560536a1b8119cbd420d1778375baf18f9ac1daf761cd6b8537927f77be8e,2026-04-25 21:21:18.181702+00:00,hu,index.hu,index.hu,2026-04-25,Petíciót indítottak a nézők a Pokoli rokonok folytatásáért,https://index.hu/mindekozben/poszt/2026/04/25/peticio-pokoli-rokonok-megmentese-teve-rtl-sorozat/
3bab193374859df30840c6e990fe6e2b8ec17d900de14b6be96c767b4c7cb562,2026-04-25 20:38:32.512886+00:00,hu,blikk.hu,blikk.hu,2026-04-25,"Kapitány István már most elmondta, milyen lesz a költségvetés a Tisza-kormány alatt",https://www.blikk.hu/politika/magyar-politika/kapitany-istvan-tisza-kormany-koltsegvetes/wqfnxqb
08e91b78244c5444d52b16f17d82d9849b25cf950465e6eb4d6b21f0f8326c5f,2026-04-25 20:38:12.690794+00:00,hu,blikk.hu,blikk.hu,2026-04-25,"Freddie visszatért a képernyőre, már nem számít, hogy beszólt Vitályos Eszternek",https://www.blikk.hu/sztarvilag/hazai-sztarok/freddie-mtva-visszateres/78yhbgg
b72a175cf6f19b177852c9905ef516a40926288382ecbb29041d60a603a606ff,2026-04-25 20:37:50.543976+00:00,hu,blikk.hu,blikk.hu,2026-04-25,"Dobrev Klára megszólalt a Szőlő utcai ügy koronatanújáról: ezt kérte tőle a fiú, aki ismeri Zsolti bácsit",https://www.blikk.hu/politika/magyar-politika/dobrev-klara-bango-sandor-zsolti-bacsi/wn56w5q
cc5d6267ad56f65f1e4a0beb39c214900999d4ea99d93b139d864c5af69b525e,2026-04-25 20:37:20.355427+00:00,hu,blikk.hu,blikk.hu,2026-04-25,"A Tisza Párt politikusait fogadta ma XIV. Leó pápa, ezt a fontos üzenetet fogalmazta meg nekik az egyházfő útravalóul – fotók",https://www.blikk.hu/politika/magyar-politika/xiv-leo-papa-tisza-part-kepviseloi-latogatas/svcsg0q
ecbabc61ee2a3a0eb78a67665bfccc4cce479ca5bbed7418803e599f0322ca30,2026-04-25 20:36:43.368700+00:00,hu,blikk.hu,blikk.hu,2026-04-25,Szülinapi gól és drámai végjáték a ZTE nyíregyházi fellépésén,https://www.blikk.hu/sport/magyar-foci/nyiregyhaza-zalegerszeg-eredmeny-nb-i-foci/m9g62fp
f5e080e1a9ed4b22f38c76c281cdb43cc45b8d5d674be1bd37427bfe286b41c8,2026-04-25 20:31:54.100498+00:00,hu,origo.hu,origo.hu,2026-04-25,Történelmi világrekord a Wembley-ben: 155 éve nem látott csúcsot döntött meg a Manchester City,https://www.origo.hu/sport/sport-futball/2026/04/manchester-city-fa-kupa-wembley-tortenelem-donto
6d30da0015f11e5c692b9ef08db3737c235c32cac2ba324c29d09f6dee828c73,2026-04-25 20:28:58.208319+00:00,hu,origo.hu,origo.hu,2026-04-25,"Albérlet kisokos: egyik napról a másikra az utcára kerülhet, ha erre nem figyel",https://www.origo.hu/itthon/2026/04/alberlet-szerzodeskotes-lakas-jogszabaly
1a5f645d6173b708ce0c2298da43a90e2e0f8df73bc8d3159ddad29db18f8945,2026-04-25 20:28:53.221310+00:00,hu,origo.hu,origo.hu,2026-04-25,"Nem vicc, ez a közlekedési tábla tényleg létezik!",https://www.origo.hu/auto/2026/04/kozlekedesi-tabla-nem-vicc-ez-tenyleg-letezik
4063365a413bdafd0775ba69c2c5c9166e775a434f1f043e0d789c42b2ffd03b,2026-04-25 20:28:48.252047+00:00,hu,origo.hu,origo.hu,2026-04-25,"A Spice Girls egykori tagja, Mel B. ma is őrületesen dögös testtel hódít – szexi galéria",https://www.origo.hu/foto/2026/04/mel-b-galeria
4633fe7c33141ce3ef5ed9bd3a904f371fae6db35e2ee7ea5d5db63d6a97897f,2026-04-25 20:28:36.984955+00:00,hu,origo.hu,origo.hu,2026-04-25,"Azt sem tudja, hol van: brutális ütközés miatt állt a játék a DVTK meccsén",https://www.origo.hu/sport/sport-futball/2026/04/dvtk-serules-mento-kisvarda-utkozes-sokk
29152a3e5f42d65988cdeb004d658a98b62b7312e5eea4f4d93da0aadcd575f3,2026-04-25 20:28:25.089529+00:00,hu,origo.hu,origo.hu,2026-04-25,Több KDNP-s politikus sem ül be a parlamentbe,https://www.origo.hu/belpol/2026/04/tobb-kdnp-s-politikus-sem-ul-be-a-parlamentbe
d2d5964e89cddfe12084f4bfaef33b8480c9185ad43b3c3368aba134ff7e3064,2026-04-25 20:28:21.234774+00:00,hu,origo.hu,origo.hu,2026-04-25,"Woody, Buzz Lightyear és Jessie Porsche 911-essel „tolja”",https://www.origo.hu/auto/2026/04/porsche-woody-buzz-lightyear-es-jessie-911-essel-tolja
17399468cae2c1e405071a1f5032d3909b2b68f63a53fc1c983169bc119af53f,2026-04-25 20:28:15.924732+00:00,hu,origo.hu,origo.hu,2026-04-25,Mindenkit érinthet: 500%-kal növeli a Parkinson-kór veszélyét ez a vegyszer,https://www.origo.hu/tudomany/2026/04/trikloretilen-vegyszer-parkinson-kor
cc32682ae552bb49e98b3bddca1d51e473f46fa4a01aa101ffd73b543ecc0bbe,2026-04-25 20:28:10.175132+00:00,hu,origo.hu,origo.hu,2026-04-25,"Két egyszerű teszt megmutatja, mennyire friss az agya",https://www.origo.hu/itthon/2026/04/agyteszt-agytrening-gondolkodas-figyelem
3d251c4960d279438148c2244a23d547978a8f93ee4ec12d16c18a5f605bac93,2026-04-25 20:28:01.241149+00:00,hu,origo.hu,origo.hu,2026-04-25,"Titokzatos lombiklabor a semmi közepén – döbbenetes, mi maradt belőle – galéria",https://www.origo.hu/itthon/2026/04/urbex-tmegtermekenyito-labor-semmi-kozepen-galeria
9862a74cb57ce995616dabdd98d919f96705c5501ad3fb3c83e3be27d76c19be,2026-04-25 20:27:52.723488+00:00,hu,origo.hu,origo.hu,2026-04-25,A Puskás Akadémia védői intézték el az Újpestet,https://www.origo.hu/sport/sport-futball/2026/04/ujpest-puskas-akademia-nb-i-markgraf-szolnoki
194fab121a9fd274afd6d29321cc71f9df3872313e924fbe2ec4b351fd8c8dbe,2026-04-25 20:27:26.194263+00:00,hu,origo.hu,origo.hu,2026-04-25,Megvan a harmadik zsűritag: visszatér a közönségkedvenc a Megasztárba,https://www.origo.hu/itthon/2026/04/megasztar-zsuritag-bejelentes-marics-peti
10526267540a3f38071411a2786b4a4c45362fc89939407af134940f15e2bbd6,2026-04-25 20:27:11.224724+00:00,hu,origo.hu,origo.hu,2026-04-25,X-Faktoros gázolt halálra egy ismert influenszert a fővárosban,https://www.origo.hu/kek-hirek/2026/04/x-faktoros-gazolt-halalra-influenszert
b57f636df0ef0532697dc723a39f387f160ce1aba3879b97493f4e37168a8c8c,2026-04-25 20:27:06.131641+00:00,hu,origo.hu,origo.hu,2026-04-25,"Beleesett a Dunába egy kocsi, esélye sem volt a sofőrnek",https://www.origo.hu/kek-hirek/2026/04/beleesett-a-dunaba-egy-kocsi
f6573e1ee146db6129cb96748aa116260546ae68424ce6626aea47dfa1d4221b,2026-04-25 20:26:50.283752+00:00,hu,origo.hu,origo.hu,2026-04-25,Kitört a pánik: Mohamed Szalah soha többé nem lép pályára a Liverpoolban?,https://www.origo.hu/sport/sport-futball/2026/04/mohamed-szalah-liverpool-combserules-nagy-aggodalom
287a769114ef15a993a6eaec54de46fbf4ec6c06c5c94dc8c12c249b51e8bfbb,2026-04-25 20:26:45.243926+00:00,hu,origo.hu,origo.hu,2026-04-25,"Videóra vették a migránsok, hogy ájultra erőszakolnak egy nőt",https://www.origo.hu/kek-hirek/2026/04/nemi-eroszak-videora-vettek-a-migransok
294c4cef2badcdc0ed104c7af6746c0410de33d5a9fc3ca199d18a5cbcaea312,2026-04-25 20:26:40.257317+00:00,hu,origo.hu,origo.hu,2026-04-25,Ez a gyümölcs most a legújabb szuperélelmiszer,https://www.origo.hu/nagyvilag/2026/04/szeder-szuperelelmiszer-egeszseg
86ee8eaeb49ec3da678bedf061cd0a1fa567c623707ba790d849d85a7fd3cc22,2026-04-25 20:26:35.244757+00:00,hu,origo.hu,origo.hu,2026-04-25,"Küzdött, hajtott az FTC, de a tíz rossz perc megbosszulta magát Metzben",https://www.origo.hu/sport/sport-csapat/2026/04/ftc-metz-bajnokok-ligaja-visszavago-negyes-donto
ab24ff50621e39db72fd6b625b31f94a03d686a2298bf3190d4e43c5fd8c9baf,2026-04-25 20:26:23.983804+00:00,hu,origo.hu,origo.hu,2026-04-25,"Megvan, hol lapulnak a Föld legdrágább fémjei",https://www.origo.hu/tudomany/2026/04/ritkafoldfemek-kereses-lelohely
014e8e54925afb3688a5fe2f588d82bacc1ef66435fb17d8af0e96fa234af573,2026-04-25 20:21:31.267502+00:00,hu,index.hu,index.hu,2026-04-25,XIV. Leó: A világon mindenütt töröljék el a halálbüntetést!,https://index.hu/kulfold/2026/04/25/xiv-leo-papa-halalbuntetes-katolikus-egyhazfo-vatikan/
27f1896d7f571ab712f043c4830e31d2ac0ec0f0b977358782ed5846c15c5eb7,2026-04-25 20:21:25.849120+00:00,hu,index.hu,index.hu,2026-04-25,Hazugságnak nevezte a Zsolti bácsival kapcsolatos vádakat a KDNP,https://index.hu/belfold/2026/04/25/szolo-utca-javitointezet-zsolti-bacsi-kdnp-nacsa-lorinc-szovivo-reakcio-fiu-aldozat/
2661f1854f74a0f9c3fd71a623f7401ce5d5598a4dee7cb062951c92965c00f2,2026-04-25 20:21:21.507699+00:00,hu,index.hu,index.hu,2026-04-25,"Szoboszlai Dominik elfogyott a szezon végére, bár így sem lógott ki a Liverpoolból",https://index.hu/sport/futball/2026/04/25/szoboszlai-dominik-osztalyzatok-liverpool-crystal-palace-angol-bajnoksag-premier-league-futball-labdarugas/
cb872ea06b11f5abf7ae8074cbda58fb15a05804a22a6da3184297aff8422574,2026-04-25 20:21:15.869352+00:00,hu,index.hu,index.hu,2026-04-25,Vitézy Dávid: Véget ér a Lázár János által végzett vasútrombolás időszaka,https://index.hu/belfold/2026/04/25/vitezy-david-lazar-janos-vasut-kozlekedes-fejlesztes/
5fcf5acfac9f77c6a1c6422d01daf8c9a47359f82b11f22d956accbca0ea88bf,2026-04-25 20:21:10.585441+00:00,hu,index.hu,index.hu,2026-04-25,"A szentek alig tíz percre voltak a csodától, de Guardiola együttese kikapaszkodott a gödörből",https://index.hu/sport/futball/2026/04/25/fa-kupa-elodonto-manchester-city-southampton-fordulatos-hajra-city-donto/
fbca414331a184a6331284d308ea8c1574386aff7554c39e5fde94b5d21b0e2f,2026-04-25 20:20:56.474334+00:00,hu,index.hu,index.hu,2026-04-25,"A Ferencváros nem tudta követni a négy közé az ETO-t, búcsúzott a BL-től",https://index.hu/sport/kezilabda/2026/04/25/noi-kezilabda-bajnokok-ligaja-ferencvaros-negyeddonto-bucsu/
067d07f62370dc8f778de36454e907f15544b00b3324c5b0324c1bcce5063370,2026-04-25 20:20:46.094076+00:00,hu,index.hu,index.hu,2026-04-25,"Kihúzták az ötös lottó nyerőszámait, több új milliomosa lett az országnak",https://index.hu/gazdasag/2026/04/25/otos-lotto-szerencsejatek-zrt-nyeroszamok-nyeremenyek-sorsolas-joker/
3acda9c8c21f9881cc252ecf4347b1023968488b5d3962ff12d1e4afdb79a195,2026-04-25 20:20:41.239993+00:00,hu,index.hu,index.hu,2026-04-25,Panyi Szabolcs: Az Egyesült Államokba menekülhet Orbán Viktor,https://index.hu/belfold/2026/04/25/orban-viktor-fidesz-egyesult-allamok-menekules-panyi-szabolcs-ujsagiro-orban-rahel-tiborcz-istvan/
98fb9139768c12beee800eca2944c399f1ccce47be8a25b0947cd86286503be7,2026-04-25 20:20:36.383908+00:00,hu,index.hu,index.hu,2026-04-25,Az Arsenal a Newcastle ellen kibrusztolt győzelemmel helyezett újabb nyomást a Cityre,https://index.hu/sport/futball/2026/04/25/premier-league-34-fordulo-arsenal-newcastle-united-1-0/
dd0efe3f80a1edfa1d58562c9e3393e7a56fe7776bbe1bdcce210365a66583ef,2026-04-25 20:20:31.235222+00:00,hu,index.hu,index.hu,2026-04-25,Mohamed Szalah lejátszhatta az utolsó mérkőzését Liverpoolban,https://index.hu/sport/futball/2026/04/25/liverpool-mohamed-szalah-serules-bucsu/
7634579a1300642fb0051074654f6f2d0d8fbe873a9ca2e11212a0dbcb67e62e,2026-04-25 20:20:26.070455+00:00,hu,index.hu,index.hu,2026-04-25,Megvan a Megasztár idei évadának harmadik zsűritagja,https://index.hu/fomo/2026/04/25/marics-peti-megasztar-zsuri-visszateres-tv2-bejelentes-instagram-kozossegi-media-bejegyzes/
6480c8befb478b83f4adb6ae3802a1215cc71ff31fb193f90359a94362ec1886,2026-04-25 20:20:22.079757+00:00,hu,index.hu,index.hu,2026-04-25,"Adriana Lima le sem tagadhatná tinédzser lányait, első közös Victoria's Secret reklámfotózásukon jártak",https://index.hu/mindekozben/poszt/2026/04/25/adriana-lima-le-sem-tagadhatna-tinedzser-lanyait-elso-kozos-reklamfotozasan-jartak/
29d19f0013401bcfc249c89b2f74c292f57bf08a8284ac0ae2ee2394d6fbe9fb,2026-04-25 20:20:13.767010+00:00,hu,index.hu,index.hu,2026-04-25,A magyar válogatott középpályása lett az idény legjobbja angol csapatánál,https://index.hu/sport/futball/2026/04/25/angol-masodosztaly-callum-styles-west-bromwich-albion-ideny-legjobbja-dij/
e9ba450ef5a99c0c59b5a462b931bac7c654f5e9049df45195c4e6a3fabe73fc,2026-04-25 20:20:05.237921+00:00,hu,index.hu,index.hu,2026-04-25,"Már nem is titkolják szerelmüket, Párizsban romantikázott Emily Ratajkowski és Dua Lipa exe",https://index.hu/mindekozben/poszt/2026/04/25/mar-nem-is-titkoljak-szerelmuket-parizsban-romantikazott-emily-ratajkowski-es-dua-lipa-exe/
0d6ec05f9839ddaa23c20d38b4e348901a941203a1b5ec90d8aea2379c42016e,2026-04-25 20:19:59.649429+00:00,hu,index.hu,index.hu,2026-04-25,Ruszin-Szendi Romulusz: Egyre furcsább dolgok történnek a honvédségnél,https://index.hu/belfold/2026/04/25/ruszin-szendi-romulusz-honvedseg-leszereles-orban-gaspar-szalay-bobrovniczky-kristof/
4defc80544ba2613b674d4cdf766415a922cfdacb3003b3bfd6dc3396472605b,2026-04-25 20:19:54.545597+00:00,hu,index.hu,index.hu,2026-04-25,"Magyar Péter: Az orbáni oligarchák elkezdték kimenekíteni a pénzt, a NAV több tranzakciót felfüggesztett",https://index.hu/belfold/2026/04/25/magyar-peter-tisza-part-elnok-orban-viktor-oligarchak-penz-utalas-nav-rogan-antal-tv2/
c211bb087bc85cdbd0d860c8abb44bfa0869bf06e943dc344110a3ee38f26a24,2026-04-25 20:19:49.892374+00:00,hu,index.hu,index.hu,2026-04-25,"Elütötte egy autó Londonban, meghalt a közösségi médiából ismert influenszer",https://index.hu/fomo/2026/04/25/klaudia-zakrzewska-kozossegi-media-influenszer-meghalt-london-egyesult-kiralysag-autobaleset/
912d5bb6831a88370e78dca1f8adef3044ded759b06c06e13eb20c8542d32f9b,2026-04-25 20:19:44.798999+00:00,hu,index.hu,index.hu,2026-04-25,"Toroczkai László reagált Orbán Viktor és Semjén Zsolt döntésére: Miután a bajt megcsinálták, lelépnek a színpadról",https://index.hu/belfold/2026/04/25/toroczkai-laszlo-mi-hazank-mozgalom-orban-viktor-fidesz-semjen-zsolt-kdnp-elnok-orszaggyules-reakcio/
776f14c1e3f10a6980eec3b9f4ec96a9a3b3b1d5fd4383363a4ba3b6b964c674,2026-04-25 20:19:39.579577+00:00,hu,index.hu,index.hu,2026-04-25,Török Gábor: Orbán Viktor nem értette meg a választási vereség súlyát,https://index.hu/belfold/2026/04/25/torok-gabor-elemzo-fidesz-orban-viktor-parlament-mandatum-visszaadas-valasztas-2026-felelosseg/
88b559486acc8b7b14d4b97ab1d0f2cca21e2b4420a276dde0b8377a5f895978,2026-04-25 20:19:34.804153+00:00,hu,index.hu,index.hu,2026-04-25,Donald Trump lemondta különmegbízottjainak utazását Pakisztánba,https://index.hu/kulfold/2026/04/25/donald-trump-iran-targyalas-lemondas-pakisztan/
05fe22d8096e98e6363df7381f5dabc9477663ed4efb985316ee78d7e451a6f3,2026-04-25 20:19:29.644807+00:00,hu,index.hu,index.hu,2026-04-25,Az Újpest felcsúti vereséggel hangolt a Ferencváros elleni sorsdöntő derbire,https://index.hu/sport/futball/2026/04/25/labdarugo-nb-i-puskas-akademia-ujpest-fc/
d4fbd4cee4e913d0d156a40994cbca62897ba5760ae2a399982eb338efce497c,2026-04-25 20:19:24.953760+00:00,hu,index.hu,index.hu,2026-04-25,"Idén nyáron is fizetőkapukon át kell utazni a horvát Adriára, de azért lesznek változások",https://index.hu/belfold/2026/04/25/horvatorszag-autopalya-fizetokapu-utdij-szallasfoglalas-dugo/
20b6965758b4b15dea69a9c7a285d1dd026c4990622479498e72e35d85e2cb16,2026-04-25 20:19:17.251906+00:00,hu,index.hu,index.hu,2026-04-25,"Bosszankodnak a rajongók, három éve várják, de a Netflix sikersorozata csak jövőre folytatódik",https://index.hu/kultur/cinematrix/2026/04/25/a-kek-szemu-szamuraj-animacio-netflix-sorozat/
1fc36c6c86a2de7ca1c2b6957186125dcb814f48ded57e136cb42268461a8c6b,2026-04-25 19:26:40.582307+00:00,hu,blikk.hu,blikk.hu,2026-04-25,36 éve folyamatosan tagja volt a parlamentnek Orbán Viktor,https://www.blikk.hu/galeria/orban-viktor-parlament-vege-fidesz/jy0679w
a3a9a86b44619cdd175be96c6668437217d32cceee2b157a6bdf23d2907536f6,2026-04-25 19:26:08.394870+00:00,hu,blikk.hu,blikk.hu,2026-04-25,"Négygyermekes családapa holttestét találták meg a somoskőújfalui postánál, megdöbbent a falu a történteken",https://www.blikk.hu/aktualis/belfold/somoskoujfalu-posta-holttest/l98920p
76ceee9d52559b4d978ba37dde4689cac1363f6e24c191fb9a24fb173a80df0d,2026-04-25 19:26:03.845257+00:00,hu,blikk.hu,blikk.hu,2026-04-25,"Simon Petra extrája kevés volt, kiesett a Fradi",https://www.blikk.hu/sport/csapat/metz-fradi-noi-kezi-bl/ht0x5yd
d7fe89ccd345435eab933bfe090eb69c5014cae99e0460770c3fc5cdc745c8d0,2026-04-25 19:25:55.061188+00:00,hu,blikk.hu,blikk.hu,2026-04-25,"Bige László, a magyar műtrágyakirály keményen beleszállt a hirtelen tiszássá váló milliárdosokba",https://www.blikk.hu/politika/magyar-politika/bige-laszlo-leggazdagabb-magyarok-tisza-part-fidesz-velemeny-kritika/j8qc0vg
ad7e608a7da56d2f597efdbbbd5ce24250d61afc69605da7d55925002ff8291c,2026-04-25 19:25:47.830109+00:00,hu,blikk.hu,blikk.hu,2026-04-25,Ezen a héten is sorsoltak: itt vannak az ötös lottó legfrissebb nyerőszámai és nyereményei,https://www.blikk.hu/gazdasag/penz/otos-lotto-17-het-nyeroszamok-nyeremenyek/x41l7yv
4d9dff08d2d7677cbb0385127a9bf42750050ca873c85b3be4186f490a91a6be,2026-04-25 19:25:42.195143+00:00,hu,blikk.hu,blikk.hu,2026-04-25,"Kiszállhat az RTL: eldőlhet, ki közvetíti az NB I-et",https://www.blikk.hu/sport/tv-s-kozvettesek-foci-nbi-sport-tv-rtl-m4/0yl1frh
5980e35283b868115edbe4da163425a91620d08f8c37297e5626e6b67219042d,2026-04-25 19:25:36.891590+00:00,hu,blikk.hu,blikk.hu,2026-04-25,Vitézy Dávid sem ígér problémamentes nyarat a vonattal utazóknak: így látja a MÁV helyzetét a leendő közlekedési miniszter – videó,https://www.blikk.hu/politika/magyar-politika/vitezy-david-miniszter-mav-nyar-vasut/vkbg232
25ab1519090568f11ed4102f0115fc8c2c992431a1adb0f30c2719271c45b10d,2026-04-25 19:25:27.051908+00:00,hu,blikk.hu,blikk.hu,2026-04-25,"Bravúros bronz: technikai tussal nyert érmet a magyar klasszis, Muszukajev Iszmail",https://www.blikk.hu/sport/muszukajev-iszmail-birkozo-eb-tirana-bronzerem/hkxef9r
ce0b92188314482374ff4a6718cb203466d45fdb31e65bbe9abd29cdf90c2060,2026-04-25 19:25:20.376721+00:00,hu,blikk.hu,blikk.hu,2026-04-25,Az autó helyett a benne lakó körözött férfira került bilincs Újbudán,https://www.blikk.hu/aktualis/belfold/kerekbilincs-cvsalo-auto-ujbuda-kozterulet-felugyelet/kg61374
1a0afc8ee34d0d848c848cff3846b43c065ae57fff5670384625b5de7ac61e6e,2026-04-25 19:25:15.424633+00:00,hu,blikk.hu,blikk.hu,2026-04-25,Ezeket a filmeket várják a legjobban a magyarok idén nyáron: bombacímek a top 10-es listán,https://www.blikk.hu/sztarvilag/filmklikk/legjobb-filmek-2026-nyar/0rcvfb5
990c1322a04e1ef4f3e83140118e38ebdd21af3cb895941c2304f149e45df5e6,2026-04-25 19:25:10.490839+00:00,hu,blikk.hu,blikk.hu,2026-04-25,Elsöprő fölénnyel lett Callum Styles a klub szezonjának játékosa,https://www.blikk.hu/sport/kulfoldi-foci/callum-styles-west-bromwich-albion-legjobb-jatekosa/804m0dc
8c6a27b008aa36be633d54375b618dcb337b5d7b0f70f280673fbafd641bb675,2026-04-25 18:34:40.657285+00:00,hu,origo.hu,origo.hu,2026-04-25,Ettől az étkezési szokástól előbb öregszik – meglepő kutatás látott napvilágot,https://www.origo.hu/nagyvilag/2026/04/so-erek-oregedese-tulzott-sofogyasztas
5f08eb7a0d8b8c5552d26748e6112d14420746a55017d7736357d81fdb9293c7,2026-04-25 18:33:53.129782+00:00,hu,origo.hu,origo.hu,2026-04-25,Imádni való jelenet: vakvezető kutya pihent meg a brit parlamentben – videó,https://www.origo.hu/nagyvilag/2026/04/vakvezeto-kutya-brit-parlament-video
3aa495f68f25c6c743dc51528c603685bc7939c57a33848c13a1c5dab6a9b096,2026-04-25 18:33:20.289502+00:00,hu,origo.hu,origo.hu,2026-04-25,Kiderült az igazság: tényleg ez a legegészségesebb mag?,https://www.origo.hu/nagyvilag/2026/04/dio-fogyasztas-hatas-szervezet-egeszseg
b50c4444ac17f806ede76d94bb9db3fbfc7334e76ee6d2fbe1c4da5b3b07a446,2026-04-25 18:21:57.104798+00:00,hu,origo.hu,origo.hu,2026-04-25,"Korábban az Orbán-kormány államtitkára volt, most a Tisza-kormányban lesz miniszter",https://hirtv.origo.hu/ahirtvhirei/2026/04/korabban-az-orban-kormany-allamtitkara-volt-most-a-tisza-kormanyban-lesz-miniszter
2c10072ad6bfb7614001c88ab5f71b047cd815c3bcfd766eba678dca0e4e53be,2026-04-25 18:21:30.870031+00:00,hu,origo.hu,origo.hu,2026-04-25,Magyar Péter még a Sulyok Tamás melletti aláírásgyűjtést is támadja,https://hirtv.origo.hu/ahirtvhirei/2026/04/magyar-peter-meg-a-sulyok-tamas-melletti-alairasgyujtest-is-tamadja
b17182773a44a052ef1655601ba36b6d8e40d84fc06d61b452c3b27edb954f96,2026-04-25 18:20:12.461072+00:00,hu,origo.hu,origo.hu,2026-04-25,"Bosszúról, politikai leszámolásról és börtönprogramról beszélt Puzsér Róbert",https://hirtv.origo.hu/ahirtvhirei/2026/04/komment-extra-tisza-part-fidesz
3fa7bd4a5ef0c8bfad712777dbccd825c2ae1f492c95aaac47ef66fd87441d3f,2026-04-25 18:20:02.368584+00:00,hu,blikk.hu,blikk.hu,2026-04-25,Előzés a tabellán: a Puskás legyőzte a lilákat,https://www.blikk.hu/sport/puskas-akademia-ujpest-eredmeny/vw203y2
85dbb5595d6942ac26fe539d8f06984ae1f0947a2c407b0df15954ee9931f847,2026-04-25 18:19:43.481470+00:00,hu,origo.hu,origo.hu,2026-04-25,"Orbán Viktor visszaadja mandátumát, a háttérből irányít majd",https://hirtv.origo.hu/ahirtvhirei/2026/04/orban-viktor-visszaadja-mandatumat-a-hatterbol-iranyit-majd
76e69a8b88184bdb1f62130e1d0a01535b93454658de9f721c8a09c546d8029f,2026-04-25 17:37:36.315366+00:00,hu,blikk.hu,blikk.hu,2026-04-25,"Pécsi Ármin centikre volt a debütálástól, sportszerűtlen gól árnyékolta be Szoboszlaiék meccsét",https://www.blikk.hu/sport/kulfoldi-foci/liverpool-crystal-palace-eredmeny/mfvsdmt
23be457663773cd8e3b17dae473e0e263f6c2f375f0d41dfbbf66662136283cc,2026-04-25 17:37:31.710581+00:00,hu,blikk.hu,blikk.hu,2026-04-25,Hatalmas tett Tiranában: döntőbe jutott a magyar óriás,https://www.blikk.hu/sport/bajcajev-vlagyiszlav-birkozas-eb-donto/mwfzbzq
f25ed93810a3688cfcad37b97593c01a37ed5489e311300915289b23d440bc31,2026-04-25 17:36:51.427542+00:00,hu,blikk.hu,blikk.hu,2026-04-25,"Belehalt a sérüléseibe a 32 éves szépséginfluenszer, Klaudiaglam, miután egy fővárosi klub előtt elgázolták – Korábbi x-faktorost tartóztattak le az ügyben",https://www.blikk.hu/sztarvilag/nemzetkozi-sztarok/influenszer-meghalt-gazolas-x-faktoros/y9ysc38
72a60491ad47316ba81e9cfd4c48e84eff748112d28c561080c8a1566b1574ff,2026-04-25 17:36:29.358385+00:00,hu,blikk.hu,blikk.hu,2026-04-25,Megszületett a magyar Diana kislánya! Barbara őszintén mesélt nekünk az anyaságról és a hasonmások titkos világáról,https://www.blikk.hu/aktualis/belfold/megszuletett-a-magyar-diana-hercegne-kisbabaja-barbara-oszinten-vallott-a-hasonmasok/0mctjhf
03f45fca40f1f61dd0af7f27a657f3bb3274d9daa25ff1a28bd085230ccd25c6,2026-04-25 17:28:53.606801+00:00,hu,origo.hu,origo.hu,2026-04-25,"Shalom Blac, a beauty-vlogger és ikon, aki szoborszerű szépségével arat a YouTube-on – durva képek",https://www.origo.hu/foto/2026/04/shalom-blac-galeria
61be33a719e19503604701588c5cbec0e89a42ef5c23f47e932b0059e3192ae7,2026-04-25 17:28:48.476438+00:00,hu,origo.hu,origo.hu,2026-04-25,"18 évig tartottak szexrabszolgaságban egy kislányt, két gyermeket szült perverz elrablójának",https://www.origo.hu/nagyvilag/2026/04/jaycee-lee-dugard-rablas-gyerekrablas-pedofil
626f5a29b5b4191e0986644bd3f0b599dcbe5911a29533041a0c5b4f99a5ccce,2026-04-25 17:28:43.603816+00:00,hu,origo.hu,origo.hu,2026-04-25,A hét legdögösebb csaja Chloe Bennet lett az Origo olvasóinak kattintásai alapján – brutál szexi fotók,https://www.origo.hu/foto/2026/04/chloe-bennet-galeria2
db541c34622adace83c89729e1d92054397ff2960441aec0cc703e85e0f8ef09,2026-04-25 17:28:38.588840+00:00,hu,origo.hu,origo.hu,2026-04-25,"Tüntettek és őrjöngtek a Liverpool-szurkolók, Szoboszlaiék hihetetlen gólt kaptak",https://www.origo.hu/sport/sport-futball/2026/04/liverpool-crystal-palace-szoboszlai-wirtz-bombagol
648367d35ca7fd18d97b838de97fc5cc40288431128b9512fa32be8a41a3b1ac,2026-04-25 17:28:33.577530+00:00,hu,origo.hu,origo.hu,2026-04-25,"Nem bikiniben pózolt a szexi magyar DJ, mégis minden szem rászegeződött",https://www.origo.hu/teve/2026/04/regan-lili-szexi-kepe-dj-magyar-lany-kekhaju
72624945afd737834a73315199c486f1818913e1941dd2582a75670e50d55335,2026-04-25 17:28:28.600819+00:00,hu,origo.hu,origo.hu,2026-04-25,Hatalmas meglepetés a Kisvárda és az NB I-ből kiesett DVTK meccsén,https://www.origo.hu/sport/sport-futball/2026/04/kisvarda-dvtk-nb-i-horrorserules-kiallitas
f5c669f3246de78a57e5680247833a7551bf87aacf04b7fbe0f4453c5f33ffcc,2026-04-25 17:28:23.600894+00:00,hu,origo.hu,origo.hu,2026-04-25,Vírusriasztást adott ki a WHO egy rendkívül fertőző betegség miatt,https://www.origo.hu/nagyvilag/2026/04/kanyaro-who-virus-jarvanyhelyzet
119602f5f8404d04a485bb9bf12cb6f809e762cc37494ae4911e27344555e72a,2026-04-25 17:28:19.331258+00:00,hu,origo.hu,origo.hu,2026-04-25,Titokzatos körülmények között halt meg a fiatal UFO-kutató,https://www.origo.hu/nagyvilag/2026/04/ufo-kutato-halala-titokzatos
2efc571fbd6f49e7345554a7218367c0e59f578572c9bb3539c83b1d8d6fd23f,2026-04-25 17:28:13.612293+00:00,hu,origo.hu,origo.hu,2026-04-25,Két évig hiába várták – aztán hirtelen megjelent az orangután – videó,https://www.origo.hu/nagyvilag/2026/04/orangutan-hidatkeles-indonezia-video
b235b7fd3426a28951ae615eb939efa718b5c6f08ec1a87499a83ccad062f8d4,2026-04-25 17:28:08.600789+00:00,hu,origo.hu,origo.hu,2026-04-25,Megdöbbentő titkot árult el Tallós Rita,https://www.origo.hu/teve/2026/04/tallos-rita-lanya-kapcsolat
9ae92e7e7e4af97262d181df227fd9ee280674c6762bbc9a319c898c87e4c427,2026-04-25 17:28:03.489915+00:00,hu,origo.hu,origo.hu,2026-04-25,"Heteken át tartott a rémálom – Rendszeresen, csoportosan erőszakolták meg a tinédzser lányt",https://www.origo.hu/nagyvilag/2026/04/nemi-eroszak-anglia-tinedzser-lany
dce47cd7fd76aed5e8aece72c09778eea5943ff7d07f78e52936e16d9ae355d3,2026-04-25 17:27:59.320457+00:00,hu,origo.hu,origo.hu,2026-04-25,Megrázó részleteket osztott meg a család a világsztár meggyilkolásáról,https://www.origo.hu/nagyvilag/2026/04/rob-reiner-gyilkossag-halalra-kesel-nyomozas-targyalas
87955df38dbe454469f6ed8f4e575321c1cd5a878365b2256bd270634a7b94e7,2026-04-25 17:27:53.646025+00:00,hu,origo.hu,origo.hu,2026-04-25,Orbán Viktor jelentkezett – hamarosan bejelentést tesz,https://www.origo.hu/belpol/2026/04/orban-viktor-jelentkezett-hamarosan-bejelentest-tesz
b130a5784be5d8a4d44ed8f2c7e6ce683d7e7a23936da7619ccc4160022b4976,2026-04-25 17:27:48.627111+00:00,hu,origo.hu,origo.hu,2026-04-25,"Sokan rossz helyen tartják a tejet a hűtőben, gyorsabban megromolhat",https://www.origo.hu/nagyvilag/2026/04/tej-tarolasa-helyes-huto-homerseklet
8a9df7422483bc1772661c1391e5d45d739933dfec35564a925fced0d60689ab,2026-04-25 17:27:43.575742+00:00,hu,origo.hu,origo.hu,2026-04-25,"Curtis megütött egy embert, mehet a bíróságra",https://www.origo.hu/kek-hirek/2026/04/curtis-megutott-egy-embert-mehet-a-birosagra
9e4dd79aa038bee0dc5b408e9d1db1df2acde96fffbd00b0a41d8a0a890d6cd6,2026-04-25 17:27:39.249452+00:00,hu,origo.hu,origo.hu,2026-04-25,Sokkoló részletek derültek ki: fojtogatta barátnőjét az ismert üzletember,https://www.origo.hu/nagyvilag/2026/04/fojtogatta-baratnojet-vega-influenszer-ben-pasternak
5dae0099d909756f9cf5a2bb7793ea4b3e816efa8169fb926ad89fa7f109980d,2026-04-25 17:27:34.230865+00:00,hu,origo.hu,origo.hu,2026-04-25,Negyvengólos csodával a négyes döntőbe: a Győri ETO tönkreverte dán ellenfelét a BL-ben,https://www.origo.hu/sport/sport-csapat/2026/04/gyori-eto-bajnokok-ligaja-siker-negyes-donto
ab1e534536f94d17684a734e2c08f20d4011ad290a182ac918bfda15afffd7cc,2026-04-25 17:27:29.220540+00:00,hu,origo.hu,origo.hu,2026-04-25,"Kempf Zozó olyat tehet, amit korábban senki sem mert",https://www.origo.hu/sport/sport-egyeni/2026/04/kempf-zozo-bmx-tour-de-hongrie-gyula-rajt
a75f0f86e794584dffd19839a97e1674f4c03f75522da6f6b197a9e8e25bbfbd,2026-04-25 17:27:24.256598+00:00,hu,origo.hu,origo.hu,2026-04-25,"Nagy hiba, ha elhagyja az olajat és a vajat",https://www.origo.hu/itthon/2026/04/etkezesi-trend-olaj-vaj-elhagyasa
87ed668027c808523e74ee48771874176ef88d1f813a6e85d32292a5d87af9a4,2026-04-25 17:27:18.625621+00:00,hu,origo.hu,origo.hu,2026-04-25,"Kikapcsolt állapotban is figyel az okostévénk? Megnéztük, mennyi igaz ebből",https://www.origo.hu/techbazis/2026/04/teve-kikapcsolt-allapot-megfigyeles
01b7af875a82bc14dcb87045363ed32c998787630c75039aa089f3cf65b6411a,2026-04-25 17:27:13.744305+00:00,hu,origo.hu,origo.hu,2026-04-25,"Mit tehetünk, ha ellopták az okostelefonunkat?",https://www.origo.hu/techbazis/2026/04/telefon-lopas-ezeket-kell-tennunk
700c584f98e5a940a83092e68a7b0a521b960c2b5a73cf1213f19b26ad683de1,2026-04-25 17:27:08.626784+00:00,hu,origo.hu,origo.hu,2026-04-25,Katzenbach-gyilkosság: Curtis közzétette a bátyja levelét,https://www.origo.hu/kek-hirek/2026/04/katzenbach-gyilkossag-curtis-testver-targyalas
1bd087080091776382931820034c52416acd20ee867b02c080b3ce1520eeaf0f,2026-04-25 17:27:03.581355+00:00,hu,origo.hu,origo.hu,2026-04-25,"Kitört a vulkán, elszabadult a pánik: menekültek a turisták – videó",https://www.origo.hu/nagyvilag/2026/04/vulkan-kitores-aktiv-vulkan-megmaszasa
8a52b1400bbec4e9a0f76b8c067340e11404fdae07d2b4b4e9e441dbefc8c197,2026-04-25 17:26:58.594205+00:00,hu,origo.hu,origo.hu,2026-04-25,"Egy 70 éves asszony szörnyethalt, beindult a szülés",https://www.origo.hu/kek-hirek/2026/04/szornyethalt-beindult-a-szules
a2d32ca39704a58051cb5f84ac8fc4ccca36619361bf77b41b1a336f397e5436,2026-04-25 17:26:53.596196+00:00,hu,origo.hu,origo.hu,2026-04-25,Sokat néz pornót? Van egy pár rossz hírünk...,https://www.origo.hu/nagyvilag/2026/04/pornofogyasztas-veszelyei-fuggoseg-kapcsolat-szex
cce91dd6f6a0cfc8dc0d6ff1820c456ac0630a8500e8c2fda11d7e997cb14216,2026-04-25 17:26:48.558944+00:00,hu,origo.hu,origo.hu,2026-04-25,Eltorzult a Dancing with the Stars sztárjának arca orvosi műhiba miatt,https://www.origo.hu/kek-hirek/2026/04/dancing-with-the-stars-sztarjan-orvosi-muhiba-aldozata
9761ff545c29d2f42f2245b1ea79cdc76c05516293534f5739cb9b0ad892f51a,2026-04-25 17:26:43.613668+00:00,hu,origo.hu,origo.hu,2026-04-25,"Orbán Viktor visszaadta parlamenti mandátumát, újjászervezi a pártot",https://www.origo.hu/belpol/2026/04/orban-viktor-visszaadta-parlamenti-mandatumat-ujjaszervezi-a-partot
fc8bcb2a7a2c83d518aaff94972e1cfb342f0f20b663af386d0f1f53c26f5f5e,2026-04-25 17:26:38.597413+00:00,hu,origo.hu,origo.hu,2026-04-25,Kiderült a válasz: ezért jobbkezes az emberek többsége,https://www.origo.hu/tudomany/2026/04/jobbkezesseg-nem-oroklott-tulajdonsag
e8284b23960fb7f8d9b31396b3ccd26fe4095f1263de85cd7eb7df1286ac10f0,2026-04-25 17:26:33.570862+00:00,hu,origo.hu,origo.hu,2026-04-25,"Macron kapott egy akkora sallert, hogy eltűnt a radarról",https://www.origo.hu/nagyvilag/2026/04/macron-europa-ellenseg-kritika
4caa278868a1b51bc2e4d505be9d4f7f62ac61496fd6cd791f3e97927886be11,2026-04-25 17:26:28.579499+00:00,hu,origo.hu,origo.hu,2026-04-25,Vitézy Dávid megszólalt a vasútról,https://www.origo.hu/belpol/2026/04/vitezy-david-veget-er-a-vasutrombolas
6b556b08db379fa635b4fea99a01dee62be654e702a3ca1b758b70a4a09dc087,2026-04-25 17:26:22.975591+00:00,hu,origo.hu,origo.hu,2026-04-25,A választás után előlépett Kapitány István kampányfőnöke – kicsoda Galiger Enikő?,https://www.origo.hu/belpol/2026/04/kapitany-istvan-galiger-eniko
6dc118d6360f25aed4365052ce5f155d6f0bbd0676205a7a1708ea7bd62d7eea,2026-04-25 17:26:17.465703+00:00,hu,index.hu,index.hu,2026-04-25,"Harsányi Leventét egy dolog vitte tovább tavalyi mélypontjakor: „Otthon ültem egyedül, a pénz eltűnik, a testvérem meghalt”",https://index.hu/mindekozben/poszt/2026/04/25/harsanyi-leventet-egy-dolog-ehez-helyzet-penz-testvere-elvesztese-parkapcsolat/
b550d46f0422331d70c83b9c8d518f71502e31cd783cc07dfb867b88385efb7d,2026-04-25 17:26:11.557540+00:00,hu,index.hu,index.hu,2026-04-25,"Megszenvedtek, de végül óriási lépést tettek a BL-indulás felé Szoboszlai Dominikék",https://index.hu/sport/futball/2026/04/25/premier-league-liverpool-crystal-palace-bajnoki-merkozes-tudositas/
4c9820ac95a33d8bfc8092afc98500827884bbda977ede14eb42ad5349119005,2026-04-25 17:26:06.768907+00:00,hu,index.hu,index.hu,2026-04-25,Gálfi Dalma nem tudta lemásolni Bondár Anna bravúrját Madridban,https://index.hu/sport/tenisz/2026/04/25/galfi-dalma-madrid-harmadik-fordulo-vereseg/
77ebeca0b76eec9f0e7622193ba64d1d57c1b897d234d8895772a052e8ac50ac,2026-04-25 17:26:01.658038+00:00,hu,index.hu,index.hu,2026-04-25,400-an gyalogoltak a Normafánál Monspart Sarolta emlékére,https://index.hu/belfold/2026/04/25/monspart-sarolta-gyaloglo-klub-sport-szabadido/
91537db9756dfa5676c1f6992e6a5905b7b9b76be640cdd4665f8ff737ad0bd1,2026-04-25 17:25:57.381386+00:00,hu,index.hu,index.hu,2026-04-25,A legjobb mellékszereplőként kaphat Oscar-díjat A Hail Mary-küldetés Rockyja,https://index.hu/mindekozben/poszt/2026/04/25/hail-mary-rocky-oscar-dij-mellekszereplo/
2c85057ce044ca4f2f7c1de0392a4a7fdbc2307851004d0675295981acc2e06f,2026-04-25 17:25:50.975266+00:00,hu,index.hu,index.hu,2026-04-25,Madridban lépett a bajnoki címvédés küszöbére a Barcelona,https://index.hu/sport/futball/2026/04/25/labdarugas-la-liga-getafe-barcelona/
414c65a9342f7bff9666ff24d8fae19b4d16f3228a4011105bd7533ba5b3217a,2026-04-25 17:25:46.124578+00:00,hu,index.hu,index.hu,2026-04-25,Bolti szarkaként aratott az IKEA pénztárosa,https://index.hu/fomo/2026/04/25/ikea-tolvaj-nemetorszag-borton-lopas/
f894d083559b41c4c36569bf0d06fc77a43d24cd26888b21b5409ac55563aa11,2026-04-25 17:25:30.961147+00:00,hu,index.hu,index.hu,2026-04-25,"Orbán Viktor visszaadja a parlamenti mandátumát, a Fidesz elnökeként folytatná",https://index.hu/belfold/2026/04/25/orban-viktor-bejelentes-miniszterelnok-fidesz-valasztas-2026/
aa8e75762b67985cc232b48aea31b7f3bff703624450e0dd1d66f3f7fb8450e5,2026-04-25 17:25:25.454296+00:00,hu,index.hu,index.hu,2026-04-25,Nem állít miniszterelnök-jelöltet Szlovénia államfője,https://index.hu/kulfold/2026/04/25/szlovenia-kormany-miniszterelnok-kormanyfo-jelolt-allamfo/
10038e9bbee43aebe466ee99bca59a4a0286b2a3db624cb00b0bf23afe2571e5,2026-04-25 17:25:20.800116+00:00,hu,index.hu,index.hu,2026-04-25,0–3? Smafu! A Bayern München újabb eszelős fordítást mutatott be Németországban,https://index.hu/sport/futball/2026/04/25/mainz-bayern-munchen-3-4-elkepeszto-forditas-a-bajoroktol/
94a8146a92bf29ba7d5358a6488762afc3134667fe1eed9be2d0dec5efca2773,2026-04-25 17:25:15.681378+00:00,hu,index.hu,index.hu,2026-04-25,Bige László kemény szavakkal illette az Orbán Viktor mögül kifaroló milliárdosokat,https://index.hu/belfold/2026/04/25/bige-laszlo-nitrogenmuvek-tulajdonos-egyenes-beszed-interju-tisza-part-valasztas-2026-tamogatas/
f1eb5f9830a62de351449e7b7dd6c8ab2381e31ffbfc6bef540a22ef6d65ccd8,2026-04-25 17:25:10.923087+00:00,hu,index.hu,index.hu,2026-04-25,Kettős győzelemmel négyes döntős a női BL-ben a címvédő Győr,https://index.hu/sport/kezilabda/2026/04/25/gyori-eto-odense-kiuteses-gyozelem-kettos-siker-final-four/
186853c985a79e41e1f172048ea4aad817184a252f3d518edb32b3e1194da454,2026-04-25 17:25:05.679035+00:00,hu,index.hu,index.hu,2026-04-25,Tűz ütött ki egy hulladékfeldolgozó telepen Nagykanizsánál,https://index.hu/belfold/2026/04/25/nagykanizsa-hulladekfeldogozo-telep-tuz-katasztrofavedelem-szemet-tuzoltok/
ad9df78a511ea3eaeffedacd33e289641c9a1942a1e6b32528893d4c621e519f,2026-04-25 17:25:00.676829+00:00,hu,index.hu,index.hu,2026-04-25,"Három KDNP-s politikus, köztük Semjén Zsolt sem ül be a Parlamentbe",https://index.hu/belfold/2026/04/25/latorcai-janos-kdnp-orszaggyules-alelnok-mandatum-visszalepes-semjen-zsolt-valasztas-2026/
24366b14f3476f933f8715d1eeabb496666a4ba1788997985e9058d286b7c29f,2026-04-25 17:24:55.566298+00:00,hu,index.hu,index.hu,2026-04-25,Orbán Viktor fontos bejelentésre készül,https://index.hu/belfold/2026/04/25/orban-viktor-bejelentes-megujulas-fidesz-valasztas-2026/
88a68ce704df46228ba2fbb02164fbcc8c73693db269a237c8feb6e7a23efb0d,2026-04-25 17:24:50.807479+00:00,hu,index.hu,index.hu,2026-04-25,"Kért valamit Dobrev Klárától a Szőlő utcai áldozat, aki ismeri Zsolti bácsit",https://index.hu/belfold/2026/04/25/dobrev-klara-szolo-utca-video-bango-sandor/
002c049ae1a175f84c04074bdb828553048e4295514beab82f2d25e420aff05b,2026-04-25 17:24:45.603082+00:00,hu,index.hu,index.hu,2026-04-25,Kapitány István: Szakítunk a felelőtlenül tervezett és átláthatatlan költségvetésekkel,https://index.hu/gazdasag/2026/04/25/kapitany-istvan-energetika-miniszter-tisza-part-koltsegvetes-allamadossag-piac-bizalom/
69db44d150a37d483092610f999d064359874bfc6019148480b0484edbb3e460,2026-04-25 17:24:40.983529+00:00,hu,index.hu,index.hu,2026-04-25,Túszejtés a XI. kerületben: a TEK és mesterlövészek vonultak ki a helyszínre,https://index.hu/belfold/2026/04/25/tuszejtes-kelenfold-rendori-akcio-tek-mesterloveszek/
cd11a5bd6f7b94439d950b49df4a6ac0d9748da24eeb665e220a9b47de75fb66,2026-04-25 17:24:35.734288+00:00,hu,index.hu,index.hu,2026-04-25,Csalók szednek hajópénzt a Hormuzi-szorosban,https://index.hu/kulfold/2026/04/25/iran-csalok-engedely-hajozas-hormuzi-szoros-kriptovaluta/
d3cdccb8b499d1438d0ee230419c4c38b154916016821e24edf8bc23dac12090,2026-04-25 17:24:30.762380+00:00,hu,index.hu,index.hu,2026-04-25,Veszélybe kerülhetett Kylian Mbappé világbajnoki részvétele,https://index.hu/sport/futball/2026/04/25/kylian-mbappe-izomfaradtsag-kisebb-serules-riziko-kenyszeru-csere-real-madrid-franciaorszag/
ade5ab38c85be2d2527981dcd69be8caf9e9783ef5e844f9679fc9b57d6c675a,2026-04-25 17:24:25.531208+00:00,hu,index.hu,index.hu,2026-04-25,"Kiderült, miért hánynak az állapotos nők",https://index.hu/tudomany/2026/04/25/terhesseg-hanyas-genek-cukor-betegseg/
a423f3ab2ce7704517d860f2ad4d52e05498d71456dca74499f0308aa71ee178,2026-04-25 17:24:21.034394+00:00,hu,index.hu,index.hu,2026-04-25,Magyar Péter reagált a leköszönő miniszterelnök bejelentésére: Orbán Viktor lett a Fidesz Gyurcsány Ference,https://index.hu/belfold/2026/04/25/magyar-peter-reakcio-orban-viktor-bejelentes-fidesz/
50ce7123c0cf344e80f4cfbe6521eb3f39e7cef142eb534913cfa0e3be6358cf,2026-04-25 17:24:15.631320+00:00,hu,index.hu,index.hu,2026-04-25,Többgyermekes édesapa holttestét találták meg a somoskőújfalui postánál,https://index.hu/belfold/2026/04/25/nograd-varmegye-somoskoujfalu-posta-ferfi-meghalt-tragedia-ongyilkossag-villanyoszlop/
99b996787ada99cbdf6df02a24f2b9d4cdfa2934f4b54609d023230daf57af35,2026-04-25 17:24:05.638181+00:00,hu,index.hu,index.hu,2026-04-25,"A miskolci fiatalok megvillantak az idény végére, a DVTK legyűrte idegenben a Kisvárdát",https://index.hu/sport/futball/2026/04/25/labdarugas-kisvarda-dvtk-vendeggyozelem/
8ce1b776ed2870b4ae1503bfdf6af2d584bb2eab81d0283ead516269b6ac6797,2026-04-25 17:24:00.846590+00:00,hu,index.hu,index.hu,2026-04-25,HVG: függetleneket kihagyva kormányközeli körökhöz került ötmilliárd forint kulturális támogatás,https://index.hu/kultur/2026/04/25/kulturalis-tamogatasok-palyazat-kormany-kulturalis-es-innovacios-miniszterium/
111257f0fe0c5506a2186428c4338631e8d583cf947d097fcced78335fde8ea5,2026-04-25 17:23:55.889739+00:00,hu,index.hu,index.hu,2026-04-25,Jeszenszky Zsolt: Megdicsérem Magyar Pétert,https://index.hu/belfold/2026/04/25/jeszenszky-zsolt-magyar-peter-tisza-part-energiafuggoseg/
a3929e18379e41cd59279144dd9e556ecb78b51989cfe4b681b28ec32e8b88cd,2026-04-25 17:23:39.945412+00:00,hu,index.hu,index.hu,2026-04-25,Molnár Martin rögtön az első futamán dobogós helyen végzett a brit F3-ban,https://index.hu/sport/motorsport/2026/04/25/autosport-rodin-motorsport-molnar-martin-silverstone-brit-f3-forma-formula-3/
7440f9765d3f9efd6a31294d6ac43fc1bacdbc50e4263fbd66fd1589dae205a1,2026-04-25 17:23:35.566629+00:00,hu,index.hu,index.hu,2026-04-25,"Forradalmi találmány, spéci vízszűrővel ejtik csapdába az örök vegyi anyagokat",https://index.hu/tudomany/2026/04/25/pfas-orok-vegyi-anyag-csap-viz-szuro/
6c06938fd6d10b8748f6bb86a00f1b822924c924677a585324573eec3c2c3915,2026-04-25 16:33:13.004764+00:00,hu,blikk.hu,blikk.hu,2026-04-25,"Kiderült, ki a Megasztár harmadik zsűritagja: sokak örülhetnek a bejelentésnek – videó",https://www.blikk.hu/sztarvilag/hazai-sztarok/megasztar-2026-harmadik-zsuritag/r3hn24v
c7c2813eb4d3642693a01b50e9d99dc21047c73fa2054d1642ac9c3bfd4b8c6f,2026-04-25 16:33:07.694574+00:00,hu,blikk.hu,blikk.hu,2026-04-25,Parádé az Audi Arénában: 15 góllal nyert az ETO,https://www.blikk.hu/sport/gyor-odense-noi-kezilabda-bajnokok-ligaja/4j2ew7t
785ad4be1ba19957c3da3bcfda3cdb66211faae9c4b78265b13d36adef3e5758,2026-04-25 16:33:03.031506+00:00,hu,blikk.hu,blikk.hu,2026-04-25,Máris reagált Magyar Péter Orbán Viktor rendkívüli bejelentésére,https://www.blikk.hu/politika/magyar-politika/magyar-peter-orban-viktor/1c4vtps
753d417d722fb6d76d74f0c4c4bed2f73f23901959ac9ac10fd88136d2df09b5,2026-04-25 16:32:57.456568+00:00,hu,blikk.hu,blikk.hu,2026-04-25,Kiválogattuk a legemlékezetesebb pillanatokat: ilyen volt a 2026-os rendőr- és tűzoltónap Budapesten – képgaléria,https://www.blikk.hu/aktualis/belfold/rendor-es-tuzoltonap-2026/7qsbcp1
66e77a75b48961741e975c0070583926019937e3dcdab721de6e9cac09f931af,2026-04-25 16:32:14.909013+00:00,hu,blikk.hu,blikk.hu,2026-04-25,"Új arc, új lendület: fiatalokkal nyert a Diósgyőr Kisvárdán",https://www.blikk.hu/sport/kisvarda-dvtk-foci-nb-i/fjf0gl8
85997418d0f052a79fba41a711d9060207e8069401f5fc3c7755f82ac6b89795,2026-04-25 16:31:57.013400+00:00,hu,blikk.hu,blikk.hu,2026-04-25,Itt él Bay Éva és férje - Otthonukban árulták el a hosszú és boldog házasság titkát,https://www.blikk.hu/sztarvilag/hazai-sztarok/bay-eva-ferje-otthona-hosszu-hazassag/8lz6ehe
377d0457f18d1ac6fef9d6ced3a9e49b222a836e91f53d61b6b6dac35a68f81a,2026-04-25 15:33:19.420561+00:00,hu,blikk.hu,blikk.hu,2026-04-25,"Orbán Viktor rendkívüli bejelentése, nem veszi át a mandátumát, nem lesz a Parlament tagja!",https://www.blikk.hu/politika/magyar-politika/orban-viktor-rendkivuli-tajekoztatas-bejelentes-jovo/bcmwng3
6fe3caf7706e5cd5b137539747f2a03280ebfa61b57b9a05a3cf4880240d9830,2026-04-25 15:31:31.711482+00:00,hu,blikk.hu,blikk.hu,2026-04-25,"Nem csak Semjén Zsolt érintett – két másik KDNP-s képviselő neve is elhangzott, a Parlament tagjai nem lesznek",https://www.blikk.hu/politika/magyar-politika/kdnp-mandatumok-visszalepes/zgstg88
cb42c8d92721c1084fa045c643f230a1cc25cc810c9d12fb78557a11c78fd7ce,2026-04-25 15:31:20.693107+00:00,hu,blikk.hu,blikk.hu,2026-04-25,Mi történhetett? Az orvos megtiltotta a futást Nikinek az Exatlonban – videó,https://www.blikk.hu/sztarvilag/hazai-sztarok/exatlon-niki-futas-orvos/10rxlep
597ba6a0fc95790ca2d9edbf3b58fc8999180316c8463bb57eafccf6d61e8655,2026-04-25 15:31:03.184880+00:00,hu,blikk.hu,blikk.hu,2026-04-25,Hamarosan rendkívüli bejelentést tesz Orbán Viktor,https://www.blikk.hu/politika/magyar-politika/orban-viktor-jovo-megujulas-rendkivuli-bejelentes/mvql39l
ff12357a1d733a9b0c8252250fc787c224b068b018fa3e34954a39a3d47f88ac,2026-04-25 14:33:14.379133+00:00,hu,blikk.hu,blikk.hu,2026-04-25,"Bevallotta bűnét Király Nóra, a Fidesz képviselője",https://www.blikk.hu/politika/magyar-politika/kiraly-nora-fidesz-csepel-velemeny-valasztasi-vereseg-orban-viktor/zfvwjtn
1f9df58c507f25cea6518f6c895c7d6411b0c5374f2151cb640a034e048f997a,2026-04-25 14:33:04.354902+00:00,hu,blikk.hu,blikk.hu,2026-04-25,"Lemondott a Fidesz szegedi elnöke, miután elfogatóparancsot adtak ki ellene",https://www.blikk.hu/politika/magyar-politika/fidesz-szeged-elfogatoparancs-lemondas-radi-feriz/w38xkh6
4d21fb97788f2f9d8b7273dd6101d9acd91c42553b840c63661f5e1eb143d49a,2026-04-25 14:32:47.899457+00:00,hu,blikk.hu,blikk.hu,2026-04-25,"Havannai utcai fodrász, űrhajósok és sztárok a hét fotóin",https://www.blikk.hu/galeria/donald-trump-tuzszunet/k5n8dmr
bc8fd3be628f75b52145aee8adec837c142a8096c8838b4eca7906114c4ade33,2026-04-25 14:31:57.663310+00:00,hu,blikk.hu,blikk.hu,2026-04-25,"Pénzeső a tyúkólban, több mint 100 000 forintnyi díj várja az ország legszebb tojóit!",https://www.blikk.hu/aktualis/belfold/tyuk-szepsegverseny/jvhrjtn
48d791c5f5086c526464ae05fa02d81f63db7686487b13d0816d7773c2443331,2026-04-25 14:31:46.616516+00:00,hu,blikk.hu,blikk.hu,2026-04-25,Ők a Megaszár idei évadának eddig bejelentett zsűritagjai: ő veszi át Tóth Gabi helyét a műsorban – videók,https://www.blikk.hu/sztarvilag/hazai-sztarok/megasztar-2026-zsuritagok/b56mfyt
d9bdcbe291894b958f159090f206f408675577bf4a5ca4ddeab1ea831366158f,2026-04-25 14:31:35.155154+00:00,hu,blikk.hu,blikk.hu,2026-04-25,"Tragédia: elhunyt a válogatott futballista, a pályán esett össze",https://www.blikk.hu/sport/michael-eneramo-nigeriai-focista-meghalt-40-eves/hc1vwvp
a8e3f8df5f69397d3440aeff840ffddfda05360b4ddb9a89b70e4b1bc3a44012,2026-04-25 14:26:57.530001+00:00,hu,origo.hu,origo.hu,2026-04-25,Megállíthatatlan a magyar klasszis: Betlehem Dávid duplázott az ibizai világkupán,https://www.origo.hu/sport/sport-egyeni/2026/04/betlehem-david-ibiza-ket-vilagkupa-arany-gyozelem
0b072ce63be643d1c6fdbd9f61d2fd8ae79ea127717800f205a2220943ca57d2,2026-04-25 14:25:35.813408+00:00,hu,origo.hu,origo.hu,2026-04-25,Óriási csapás Brazíliának: lemaradhat a foci-vb-ről a Real Madrid sztárja,https://www.origo.hu/sport/sport-futball/2026/04/foci-vb-2026-real-madrid-brazil-eder-militao-serules
8a3ea433d49bcbdd5e549819ef6e12d643f07438d042730905f6b9c4bcaf1233,2026-04-25 14:24:57.607118+00:00,hu,origo.hu,origo.hu,2026-04-25,Hátborzongató videón a szépségkirálynő meggyilkolásának pillanatai,https://www.origo.hu/nagyvilag/2026/04/mexikoi-szepsegkiralyno-anyos-gyilkossag
e6be1fe9a79153786652f226bfec7a0894c4085849f29bcc9d05c919a805cc6b,2026-04-25 14:24:44.110735+00:00,hu,origo.hu,origo.hu,2026-04-25,Fordulat az orosz–ukrán háborúban: Zelenszkij fontos ajánlatot tett,https://www.origo.hu/nagyvilag/2026/04/volodimir-zelenszkij-ajanlat-azerbajdzsan
e253e56ad4870b805c542817311a554f2b2fe59f78de674d053ff3f4fd58fdf9,2026-04-25 14:24:24.589607+00:00,hu,index.hu,index.hu,2026-04-25,"Százezreket érinthet még idén az új nyugdíjemelés, minden a Tisza-kormányon múlik",https://index.hu/gazdasag/2026/04/25/nyugdijemeles-ksh-penzcentrum-tisza-part/?utm_source=hirstart&utm_medium=referral&utm_campaign=ct
933b9a2a8fb057e94c85bee6e238d2d685ed3b256eb633c253ca7e4d679306c2,2026-04-25 13:35:22.203521+00:00,hu,origo.hu,origo.hu,2026-04-25,Max Verstappent el kéne tiltani? Drasztikust döntést hozna a futamgyőztes,https://www.origo.hu/sport/f1/2026/04/max-verstappen-montoya-nurburgring-halalos-baleset
c35e7f0a9a10aeba5729560d4626e39730420fb1b7176424d85e469bcc10b0bd,2026-04-25 13:35:17.899988+00:00,hu,origo.hu,origo.hu,2026-04-25,"Holttestet találtak Pellérden, egy különös póló segíthet az azonosításban",https://www.origo.hu/kek-hirek/2026/04/holttest-pellerd-azonositas-polo-nyomozas
a03045d78fb782d36870f50852383ca6120bc593bb4e496a910e8e80b27d61a9,2026-04-25 13:35:12.949385+00:00,hu,origo.hu,origo.hu,2026-04-25,Csank János szerint nem a Fradi játssza a legjobb focit Magyarországon,https://www.origo.hu/sport/sport-futball/2026/04/csank-janos-szovetsegi-kapitany-eto-fradi-nb-i
a473134b32299f1d7f3b0f2341bebcd1b5003219921e28ab2400202bddbab928,2026-04-25 13:35:07.351680+00:00,hu,origo.hu,origo.hu,2026-04-25,Jól átverték az ukránokat a rezsivel,https://www.origo.hu/kulpol/2026/04/rezsivel-atvertek-az-ukranokat
ad97eed553f39695cd9e82b28a73bac080c4600f3e310bc341f7d0b5095d5d9a,2026-04-25 13:35:02.119867+00:00,hu,origo.hu,origo.hu,2026-04-25,Nem a remegés az első jel? Új dolgot derítettek ki a Parkinson-kórról,https://www.origo.hu/nagyvilag/2026/04/parkinson-kor-betegseg-belmikrobiom-belflora
5db69460e9b511de159e05c12bc4ca388bbdd2c7bc8f62d920bedf403a211994,2026-04-25 13:34:57.177589+00:00,hu,origo.hu,origo.hu,2026-04-25,"Csökkentették az árát, eközben nem is gyártják ezt az autót",https://www.origo.hu/auto/2026/04/csokkentettek-az-arat-ekozben-nem-is-gyartjak-ezt-az-autot
23048797758fcd72b1d2fbe7f057431ffc4d6c758ca446b1ef5c73840d68ec7c,2026-04-25 13:34:52.908635+00:00,hu,origo.hu,origo.hu,2026-04-25,"Elrabolták a család kedvencét, majd olyan helyre került, ahol megölték – videó",https://www.origo.hu/nagyvilag/2026/04/amazon-futar-macska-elrabol-elaltattak
983842fcb477f8fe93c8759c3ddeae41d62cb54dba587829feb7831941ad846a,2026-04-25 13:34:37.295009+00:00,hu,origo.hu,origo.hu,2026-04-25,"A világ egyik legfurcsább madara: alig maradt belőle, mégis van remény",https://www.origo.hu/nagyvilag/2026/04/kakapo-madar-fucsa
54c325bb398ea721d98a71f440a2db59bf247cfdebd2250a0260c8e921f43bbe,2026-04-25 13:34:30.027070+00:00,hu,origo.hu,origo.hu,2026-04-25,Mentőhelikoptert riasztottak az apa karjában kékülő kéthetes csecsemőhöz,https://www.origo.hu/kek-hirek/2026/04/mentohelikopter-kethetes-csecsemo-eletmentes
301276ea63378685d466d4035bd78d2b99dd29f273986ac214cd74c8807177e4,2026-04-25 13:34:24.117275+00:00,hu,origo.hu,origo.hu,2026-04-25,Budai túszdráma: kiszabadult a panelban foglyul ejtett nő,https://www.origo.hu/kek-hirek/2026/04/budai-tuszdrama-kiszabadult-a-no
a0d5c79eb12329b9409e46b4ca1fd7d6a0533849ccc3911ac3df72b4450fd61d,2026-04-25 13:34:19.816425+00:00,hu,origo.hu,origo.hu,2026-04-25,Itt a kimutatás: így adják-veszik a jegybankok saját aranytartalékukat,https://www.origo.hu/gazdasag/2026/04/arany-jegybank-vasarlas
8ab6a801cafefa9156390d9acc64dc611ca49a44a5bfd47d7b24afaa444d3f59,2026-04-25 13:34:14.800545+00:00,hu,origo.hu,origo.hu,2026-04-25,Brutális dzsihadista támadássorozat érte Malit: a fővárosban is dörögnek a fegyverek – videó,https://www.origo.hu/kulpol/2026/04/dzsihadista-tamadassorozat-mali
06431a9318a25c64dfafd5b1cd1f7e15e29fc007eedfad92040b5947628153df,2026-04-25 13:34:10.087460+00:00,hu,origo.hu,origo.hu,2026-04-25,Ezt gondolják a magyarok az új LMBTQ tévécsatornáról,https://www.origo.hu/belpol/2026/04/lmbtq-tevecsatorna-szivarvany-tv-gender
d8b374c25249c3fcba4b936adff69ed78541a4640d94472eaceba3c3adce704e,2026-04-25 13:34:04.137472+00:00,hu,origo.hu,origo.hu,2026-04-25,A népszerű lánc 50 terméket söpört ki a kínálatából,https://www.origo.hu/nagyvilag/2026/04/aldi-uzletlanc-termekek-arucikk
44f1a83a2867ac3a8aec02c6b8eb856b16f722a490ccefa0eb919215c9a2986c,2026-04-25 13:33:58.058045+00:00,hu,origo.hu,origo.hu,2026-04-25,"Nem hiszi el, mi történt Bodrogi Gyulával! – meglepő vallomás",https://www.origo.hu/teve/2026/04/bodrogi-gyula-konyha-fozes-vallomas
71a6d676f26a549fe719e65ae85b339ee81cc1eac3cb95565d397028eca53766,2026-04-25 13:33:45.758026+00:00,hu,origo.hu,origo.hu,2026-04-25,"Kiderült, hány magyarral áll ki a Liverpool a Crystal Palace ellen",https://www.origo.hu/sport/sport-futball/2026/04/liverpool-crystal-palace-premier-league-kezdocsapat
9088c103eda878fd52080eba04f23d4b29b022667aeaee7e40d748691000b1f3,2026-04-25 13:33:40.898175+00:00,hu,origo.hu,origo.hu,2026-04-25,Az emberek kétharmadának stresszes az autóvezetés,https://www.origo.hu/auto/2026/04/autovezetes-az-emberek-ketharmadanak-stresszes
7ef4c428c90b88220118551d15ffc125915676a154510e07f11be030bc98c36e,2026-04-25 13:33:35.996345+00:00,hu,origo.hu,origo.hu,2026-04-25,"Az Exatlon párbajában hajszálon múlt a kiesés, baleset történt a pályán – videóval",https://www.origo.hu/kek-hirek/2026/04/exatlon-parbaj-baleset-kieses-drama
c6cd4e51d7a2164124c9849e4a8480daeddc1da46581b86ee5ea056dcad4ec87,2026-04-25 13:33:30.847422+00:00,hu,origo.hu,origo.hu,2026-04-25,"10 skót vicc, amin még a legnagyobb spórolók is nevetnek",https://www.origo.hu/itthon/2026/04/skot-vicc-sporolas-humor
064e1183c3f289deb5db40b0e8c05827f77dbfbf2754197c4dfa3e69a5648418,2026-04-25 13:33:25.784091+00:00,hu,origo.hu,origo.hu,2026-04-25,"Bejelentést tett a leendő egészségügyi miniszter, átalakítaná az életmentő gyógyszerek rendszerét",https://www.origo.hu/belpol/2026/04/miniszter-bejelentes-hegedus-zsolt
0db035db8469668d5f31ef658d720b3326bd73e0d34034a3609b8bb27dd779a4,2026-04-25 13:33:20.946677+00:00,hu,origo.hu,origo.hu,2026-04-25,Feszültség Kelenföldön: TEK-esek lepték el a társasházat,https://www.origo.hu/kek-hirek/2026/04/tuszdrama-feszultseg-kelenfoldon-tek
57cd2e9aa17914d5cfb5e94acdeaa71ede7522caf6cb422259a3fac9763c9043,2026-04-25 13:33:01.830324+00:00,hu,blikk.hu,blikk.hu,2026-04-25,"Amikor 98,7 százalékos volt a magyar választási részvétel, és a vak képviselő legyőzte a Kádári rendszert",https://www.blikk.hu/aktualis/belfold/legnagyobb-valasztasi-reszvetel-magyarorszagon-1971/8jtwgkw
40317930ee32fdde89179a805154728d67024fa358b34f20a70a2e869d1fd137,2026-04-25 13:32:35.977931+00:00,hu,blikk.hu,blikk.hu,2026-04-25,Fradi-edző a Celticnél? Keane a legnagyobb esélyes,https://www.blikk.hu/sport/robbie-keane-celtic-fc-fradi/lz0xltf
5c45f8801121de951e25de00a9b77a0f407a5150564213f328d207bf6e61e019,2026-04-25 13:31:57.650642+00:00,hu,blikk.hu,blikk.hu,2026-04-25,"Kékülni kezdett, szoptatás közben lett rosszul egy kéthetes csecsemő",https://www.blikk.hu/aktualis/belfold/eletmentes-kisbaba-ujszulott-magyarorszag/r27zrq4
f51a0e48cf8366cc33d89da11e2f09d4d9d199ba91b244b6a644a846b71fee96,2026-04-25 13:30:50.634304+00:00,hu,blikk.hu,blikk.hu,2026-04-25,"Egy halálos afrikai vírus miatt aggódnak a kutatók: hasonlóan terjed, mint a Covid-19",https://www.blikk.hu/eletmod/egeszseg/lujo-virus-covid-19/be87smq
6692a4d5920e0c00e233c371c535cea19e4d8ef309be0c9b8f7cd750499ab596,2026-04-25 13:30:46.078764+00:00,hu,blikk.hu,blikk.hu,2026-04-25,Bondár Anna feltartózhatatlan Madridban: már a nyolcaddöntőben,https://www.blikk.hu/sport/bondar-anna-tenisz-madrid-nyolcaddonto/sn88zg5
0119ecf55cc8b0899cf38f9c6553bf60ce9f3a8a808049f8677148375b026384,2026-04-25 13:27:40.855078+00:00,hu,index.hu,index.hu,2026-04-25,Bondár Anna már a nyolcaddöntőre készülhet Madridban,https://index.hu/sport/tenisz/2026/04/25/bondar-anna-madridi-salakpalyas-verseny-siker-nyolcaddonto/
494ed506b00c0b4876babd6796e377e71f71ff6a4a3716a9609d9a3a1d06b660,2026-04-25 13:27:35.880645+00:00,hu,index.hu,index.hu,2026-04-25,"A matematika szerint aligha kellett volna bekövetkeznie, mégis megtörtént",https://index.hu/fomo/2026/04/25/palackposta-uzenet-tenger-ocean-valoszinuseg-esely/
491ea5d21acc84fdba38fdb2837e23a6ed869ca8de3c63d3f4257d7332d2db45,2026-04-25 13:27:30.690108+00:00,hu,index.hu,index.hu,2026-04-25,"Aggódnak a kutatók a halálos afrikai vírus miatt, ami a Covid–19-hez hasonlóan állatról terjed",https://index.hu/tudomany/2026/04/25/lujo-virus-afrika-zoonozis-halalos-jarvany-covid19/
a43fa5d810cbd9d078f5fba8b9a2a6362fe78b945c8048c228d9f887d309f555,2026-04-25 13:27:25.838010+00:00,hu,index.hu,index.hu,2026-04-25,Kéthetes csecsemő életét mentették meg a mentők,https://index.hu/belfold/2026/04/25/orszagos-mentoszolgalat-kisbaba-csecsemo-eletmentes-segitseg-szoptatas-kohoges/
79ff7834a776115595ba06c963671643663aa0df4851d948854ba38aa86ec705,2026-04-25 13:27:20.900806+00:00,hu,index.hu,index.hu,2026-04-25,Curtis nyilvánosságra hozta gyilkossággal vádolt testvére bíróságnak írt teljes levelét,https://index.hu/belfold/2026/04/25/katzenbach-imre-gyilkossag-sz-lajos-szeki-attila-curtis-level/
de356a586cde2833fd00520de2130162bc6467eced9fc02f32ad12cd7be6957f,2026-04-25 13:27:15.892458+00:00,hu,index.hu,index.hu,2026-04-25,Prosztatarákot diagnosztizáltak Benjamin Netanjahunál,https://index.hu/kulfold/2026/04/25/benjamin-netanjahu-prosztatarak-korai-stadium-diagnozis-izrael-miniszterelnok/
e403ba63d78c3f194b31d57b05edc946120f3ea2181e7bb8a79ba570bd1c719a,2026-04-25 13:27:10.653014+00:00,hu,index.hu,index.hu,2026-04-25,"Magyar Péter fogadta a VMSZ elnökét, közölte vele, hogy tíz évre visszamenő vizsgálatot indítanak",https://index.hu/belfold/2026/04/25/magyar-peter-pasztor-balint-vmsz-levelszavazat-valasztas-2026/
1e39191f1c2e6e977ba00f4b5516e04c8f3c176e34a2bdb86601b0bad4d954ec,2026-04-25 13:27:05.845210+00:00,hu,index.hu,index.hu,2026-04-25,"Megtelt az internet Kris Jenner arcképével, és azt is megtudtuk, miért",https://index.hu/fomo/2026/04/25/kris-jenner-trend-z-generacio-szerencse/
ae3f03359587d1877cf1e97a3bb36a2e9468841eb4ae69ba04f7d334719cc80e,2026-04-25 13:27:00.899642+00:00,hu,index.hu,index.hu,2026-04-25,"Lemondott a szegedi Fidesz elnöke, miután körözést adtak ki ellene",https://index.hu/belfold/2026/04/25/szeged-fidesz-elnok-korozes-radi-feriz-koltsegvetesi-csalas-lemondas/
ee53352fcda1d5f3e6afdd8157fd586c0e46a470eeb67ff5e997c8204bbae13c,2026-04-25 13:26:55.858074+00:00,hu,index.hu,index.hu,2026-04-25,A diákok és más felhasználók még a halála után is chatelhettek a tanácsadóval,https://index.hu/kulfold/2026/04/25/mesterseges-intelligencia-kina-munkahely-tartalom-atadas-avatar/
bf90a671faef459867be59b2d8f0fa75f07c069b8609fae762ba2230bf698270,2026-04-25 13:26:51.223173+00:00,hu,index.hu,index.hu,2026-04-25,"Anyagi gondjairól beszélt Fekete Pákó: „Nagyon sokat kerestem, aztán elszórtam az egészet, pedig akkor kellett volna vigyázni rá”",https://index.hu/mindekozben/poszt/2026/04/25/penz-fekete-pako-visszater-nigeriaba-buli/
e5b5103aae7e9f4864c3153bdc76a0009c9a430562ce0313e17775cd4d0dd4a4,2026-04-25 13:26:45.716886+00:00,hu,index.hu,index.hu,2026-04-25,"Ismét megszólalt a bocsánatot kérő fideszes képviselőjelölt, szerinte ebben hibázott Orbán Viktor",https://index.hu/belfold/2026/04/25/kiraly-nora-tisza-part-fidesz-kampany-orban-viktor-valasztas-2026/
a9d0de1c6b9e22b5bbf94f87829d7552b6bba1e6e1d77cdc981f60abd91f682f,2026-04-25 13:26:39.107196+00:00,hu,index.hu,index.hu,2026-04-25,"Örülhetnek a telekomosok, pénz áll a házhoz",https://index.hu/gazdasag/2026/04/25/telekom-osztalek-kifizetes-tozsde/
f9438c654eb2c07944fecf323a2c74f611df4880261f26a65aea23c7fcd0f05f,2026-04-25 13:26:16.730391+00:00,hu,index.hu,index.hu,2026-04-25,"Nyilvánosságra hozta a Kutyapárt, mire ment el csaknem 700 millió forint",https://index.hu/belfold/2026/04/25/magyar-ketfarku-kutyapart-kampany-koltsegek-elszamolas/
e92a741c22859662c564a8785861e10ad52b306e317f5ea442ea3379477bb3df,2026-04-25 13:26:12.836118+00:00,hu,index.hu,index.hu,2026-04-25,"Ilyen fotót még biztosan nem látott Törőcsik Franciskáról, otthoni köntösben csípték el az Astorián",https://index.hu/mindekozben/poszt/2026/04/25/torocsik-franciska-film-forgatas-astoria/
42468628a078baf62487c4de644273739ea477afe5158b6b146ce40fb594d8be,2026-04-25 13:26:06.741428+00:00,hu,index.hu,index.hu,2026-04-25,A látássérültekkel foglalkozó szervezetek történelmi pillanatnak nevezték Magyar Péter bejelentését,https://index.hu/belfold/2026/04/25/katai-nemeth-vilmos-szocialis-es-csaladugyi-miniszter-tisza-kormany-barathegyi-mvgyosz/
59d7cc04afe6c6420b9d221ef749a8cd299fab7f86d3258d7e2095d56b712611,2026-04-25 13:26:01.525054+00:00,hu,index.hu,index.hu,2026-04-25,Egyre rémisztőbb forgatókönyv fenyegeti a magyar válogatott sérülésből lábadozó ígéretét,https://index.hu/sport/futball/2026/04/25/dardai-bence-interju-nemzeti-sport-lapszemle-wolfsburg-kieses-reme/
8a73360324caf850091bc98cd3a2893a76c54b788813b55ef044ad5b32d73576,2026-04-25 13:25:56.676004+00:00,hu,index.hu,index.hu,2026-04-25,Aggasztó fotók jelentek meg David Hasselhoffról,https://index.hu/fomo/2026/04/25/david-hasselhoff-betegseg-jarokeret-mutet-csipoprotezis-hayley-roberts/
cf105b1a8ed057dbfdcf319f4ed3356d277bd4f43c88c01e88cd40759db1fb1d,2026-04-25 13:25:52.576419+00:00,hu,index.hu,index.hu,2026-04-25,"Jákob Zoltán megmutatta szülőházát: „Ahova egykor születtem, ma már lakatlan”",https://index.hu/mindekozben/poszt/2026/04/25/jakob-zoltan-megmutatta-szulohazat-ahova-egykor-szulettem-ma-mar-lakatlan-/
0f0ed5160a6f53d5914cc01dec490595a8dde5e8c09c0a88d123f4c832800f7b,2026-04-25 13:25:46.497545+00:00,hu,index.hu,index.hu,2026-04-25,A kétszeres címvédő Carlos Alcaraz nem lép pályára az idei Roland Garroson,https://index.hu/sport/tenisz/2026/04/25/roland-garros-2026-carlos-alcaraz-visszalepes-csukloserules/
9e7610a9fe2b1f83baa0e1f78312af0072633027a2dace7cdede5e38d8b1cd93,2026-04-25 13:19:21.574636+00:00,hu,origo.hu,origo.hu,2026-04-25,Márki-Zay Péter szívesen lenne köztársasági elnök,https://hirtv.origo.hu/ahirtvhirei/2026/04/marki-zay-peter-koztarsasagi-elnok
13ae21f8f8524e13e9fe60e8eb686576c8c0736a7c96da8433fa1012648e410b,2026-04-25 13:19:11.056479+00:00,hu,origo.hu,origo.hu,2026-04-25,Megoszlik a tagállamok véleménye Ukrajna EU-s csatlakozásáról,https://hirtv.origo.hu/hirtvkulfold/2026/04/eu-tagallamok-ukrajna-csatlakozas
e7931aabb6da96fd7c404cf3fefd84c191eed9496155917cffcad56fd85a358c,2026-04-25 13:18:45.511966+00:00,hu,origo.hu,origo.hu,2026-04-25,Ellenzik és felháborítónak tartják a megkérdezettek a Szivárvány TV-t,https://hirtv.origo.hu/ahirtvhirei/2026/04/szivarvany-tv-lmbtq-velemeny
0f382853525423a4a9779a4ba0a570a95d23132d0d9f241e0dd4704aa45a3997,2026-04-25 13:18:31.104495+00:00,hu,origo.hu,origo.hu,2026-04-25,Újabb diplomáciai egyeztetés készül Irán és az USA között,https://hirtv.origo.hu/hirtvkulfold/2026/04/diplomaciai-egyeztetes-iran-usa
c39a133aef92c046cdf5b22bb0f13d5784d70cb67b551cd8948f03740799852b,2026-04-25 13:18:26.261664+00:00,hu,origo.hu,origo.hu,2026-04-25,Rubovszky Rita helyett Lannert Juditot jelölték Tisza-kormány gyermek- és oktatásügyi miniszterének,https://hirtv.origo.hu/ahirtvhirei/2026/04/lannert-judit-tisza-kormany-gyermek-es-oktatasugyi-miniszter
47fa65ce7d4bef0251683f45491b564d5231eb6261a0a9688d598e96c95d986a,2026-04-25 13:18:20.848679+00:00,hu,origo.hu,origo.hu,2026-04-25,"Brüsszelbe utazott a Tisza Párt több képviselője, hogy az Európai Bizottság vezetőivel tárgyaljon",https://hirtv.origo.hu/ahirtvhirei/2026/04/brusszelbe-tisza-part-europai-bizottsag
befc92a50df544f574e380b41e7382d5b7e5d7f6a5e203c4851e7d7aaa7cac6c,2026-04-25 13:18:11.526259+00:00,hu,origo.hu,origo.hu,2026-04-25,A szociáldemokraták kiléptek a román kormányból,https://hirtv.origo.hu/hirtvkulfold/2026/04/romania-szocialdemokrata-kormanyvalsag
4b3ffc81df909e0d8b13a563ac54bcc318b10f758d0fba0cc22f5ff12af8cd2e,2026-04-25 13:18:06.421538+00:00,hu,origo.hu,origo.hu,2026-04-25,Drasztikus áremelkedéstől tartanak Olaszországban,https://hirtv.origo.hu/hirtvkulfold/2026/04/olaszorszag-drasztikus-aremelkedes-energiavalsag
e544da1e3bec0dfb4bca5408f0e2b03433988085aea037bb7dc184a908610b95,2026-04-25 13:17:51.469197+00:00,hu,origo.hu,origo.hu,2026-04-25,A Lufthansa mintegy 20 ezer járatát törli októberig,https://hirtv.origo.hu/hirtvkulfold/2026/04/lufthansa-jarattorles-kerozinhiany
47a128f90fbd8a032302cf8d0014f479ac50398932243d7d5cd6474c3a0bafa3,2026-04-25 13:17:36.956669+00:00,hu,origo.hu,origo.hu,2026-04-25,A Tisza Párt gazdasági terve visszahozhatja a 2010 előtti feketegazdaságot,https://hirtv.origo.hu/ahirtvhirei/2026/04/tisza-part-gazdasagi-terv-feketegazdasag
d2dfe030f73b779337ff18d691226b58d67f5007cee8bb45c1b769beaa2a99e2,2026-04-25 12:39:15.845602+00:00,hu,blikk.hu,blikk.hu,2026-04-25,Meglátta magát a tévében és elborzadt,https://www.blikk.hu/sztarvilag/hazai-sztarok/sefek-sefe-adamka-veronika-szepeszeti-beavatkozas/epz2lp8
a1b97aa19c41e29f367ff4823a11e850a58985b4e2408916500fea82aece4909,2026-04-25 12:39:10.853558+00:00,hu,blikk.hu,blikk.hu,2026-04-25,Petíciót indítottak a nézők a Pokoli rokonok folytatásáért,https://www.blikk.hu/sztarvilag/hazai-sztarok/rtl-sorozat-nepszeruseg-folytatas-peticio-pokoli-rokonok/y9g3wk5
d5adcdfaa444842583e686a3e965045b884a96f6130e37d7c58c7a02b7168f40,2026-04-25 12:39:06.400570+00:00,hu,blikk.hu,blikk.hu,2026-04-25,Szokatlan tételek is szerepelnek az MKKP kampányelszámolásában,https://www.blikk.hu/politika/magyar-politika/ketfarku-kutyapart-valasztasi-kampany-penz/8h9tce8
c58fbacf0b13c32e9aa241512abb659f660b9b6ffa550f95f6057c973d07175d,2026-04-25 12:39:01.207610+00:00,hu,blikk.hu,blikk.hu,2026-04-25,"Duplája is lehet a magyar eper ára a görögnek az idén, itt vannak a szomorú árak",https://www.blikk.hu/gazdasag/vasarlas/eper-ar-gorog-gyumolcs-piac-kinalat/34q6883
bcc7a286526b0f5952af9b046c539f74a9e276b21b56ae6e1de49a708216be4b,2026-04-25 12:38:53.101693+00:00,hu,blikk.hu,blikk.hu,2026-04-25,Magyar arany Ibizán: Betlehem Dávid letarolta a mezőnyt,https://www.blikk.hu/sport/betlehem-david-nyiltvizi-uszas-aranyerem-ibiza-vilagkupa/fsn377j
496452f65fd941648b4d7f19237cac8c5264685f90a42ca4b8385e8c116b1491,2026-04-25 12:38:03.037815+00:00,hu,blikk.hu,blikk.hu,2026-04-25,"Nincs menekvés, kétszázezer eurós vérdíj Zsolt bácsi fejére",https://www.blikk.hu/aktualis/belfold/ketszazezer-euros-verdij-szolo-utca-zsolt-bacsi/2qgr5lt
fc8bcefead97563dcc5adec33784324b154c3ef161362df7be4943e67eec4c9b,2026-04-25 12:37:57.595140+00:00,hu,blikk.hu,blikk.hu,2026-04-25,"Túszejtés Budán, mesterlövészek a helyszínen, így zajlik az akció",https://www.blikk.hu/aktualis/belfold/tuszejtes-buda-mesterloveszek-tek-katasztrofavedelem/375934b
dce9df995cd815b04001af2f31ceb09c7062eda713a21d44adac87e96e092aed,2026-04-25 11:32:04.201574+00:00,hu,blikk.hu,blikk.hu,2026-04-25,"Lakott területen csapódott be egy orosz drón Romániában, több utcát lezártak, evakuálás zajlik",https://www.blikk.hu/aktualis/kulfold/romania-lakott-terulet-orosz-dron-evakualas/08jvqdb
50d2fc760e2f486feb90414df422a23c6083c639bc313a20fb8ce227ba7fb482,2026-04-25 11:31:40.919134+00:00,hu,origo.hu,origo.hu,2026-04-25,Riasztó új információk láttak napvilágot az idegen eredetű üstökösről,https://www.origo.hu/nagyvilag/2026/04/atlas-ustokos-naprendszer-csillagrendszer
c1aa69b880b4f34a211b3e1750b343fba3f5f4bdece6d223bb89ef998c64ffaa,2026-04-25 11:31:35.948940+00:00,hu,origo.hu,origo.hu,2026-04-25,Ezzel a mobilappal azonosíthatja a madárcsicsergést,https://www.origo.hu/techbazis/2026/04/csicserges-madar-hatarozo-mobilapp
4a8ba8d34aaded7a72cd81d2f6cfe079549ef917e7ef4a2126deaf711e25bf65,2026-04-25 11:31:30.918370+00:00,hu,origo.hu,origo.hu,2026-04-25,Tragédia a Magas-Tátrában: 200 métert zuhant a turista a havas hegyoldalon,https://www.origo.hu/kek-hirek/2026/04/baleset-magas-tatra-turista-zuhanas-halal
34ae914d9236871d8ad81ec89aabddadcdf5b5dd72417ba494202b8440536455,2026-04-25 11:31:26.196440+00:00,hu,origo.hu,origo.hu,2026-04-25,Félelmetes sertésbetegség ütötte fel a fejét Somogyban,https://www.origo.hu/itthon/2026/04/aujeszky-betegseg-sertes-somogy-figyelmeztetes
de8e0224a5aa047e05ea2079a01ea7e772b54096257e07fce77915787e3adbe4,2026-04-25 11:31:21.977906+00:00,hu,origo.hu,origo.hu,2026-04-25,Több száz embert kellett kimenekíteni Romániában az orosz dróntámadás után,https://www.origo.hu/nagyvilag/2026/04/dron-orosz-romania-galac-evakualas
9995d74cd32370b99cabc1d539c38a55d13d1ee9c63a17eea7244eee428b6a27,2026-04-25 11:31:16.453720+00:00,hu,origo.hu,origo.hu,2026-04-25,Új szintre lép az árfigyelés: ezt a trükköt érdemes bevetni szállásfoglalásnál,https://www.origo.hu/gazdasag/2026/04/arfigyelo-szallasfoglalas-google
0bd6ae0baab4cb24ed74059ced78a97443f911d75f4e88ebae0285fc0f5a7385,2026-04-25 11:31:12.081206+00:00,hu,origo.hu,origo.hu,2026-04-25,Kínos baki: olaszként hivatkoztak a magyar olimpiai érmesre,https://www.origo.hu/sport/sport-egyeni/2026/04/betlehem-david-olimpiai-ermes-baki-olasz-ibiza
0664139b1847c967361c020018367689357e52d07837825eb3d6787f70af31ff,2026-04-25 11:31:06.604906+00:00,hu,origo.hu,origo.hu,2026-04-25,"Bemutatjuk Magyar Péter helyettesét, a nemzetközi baloldal által bejáratott Orbán Anitát",https://www.origo.hu/belpol/2026/04/orban-anita-tisza-magyar-peter
b0fbde0ec5bf68930928020859a7ef65b96d99478fbe312a22af2f3b9aeb4562,2026-04-25 11:31:00.931133+00:00,hu,origo.hu,origo.hu,2026-04-25,Paul Scholes szexi lánya megvillantotta hatalmas melleit − videó,https://www.origo.hu/sport/sport-laza/2026/04/paul-scholes-szexi-lanya-alicia-mellei-video
23046c984695b50a2b0990407ee7598a6988ff0d96be6286c1d8180115095f1c,2026-04-25 11:30:56.108855+00:00,hu,origo.hu,origo.hu,2026-04-25,"Mégsem viccelt Márki-Zay Péter, újra bejelentkezett köztársasági elnöknek",https://www.origo.hu/belpol/2026/04/marki-zay-peter-koztarsasagi-elnok
03114af391fb84bed0378938cfe551f1ec8097505eedd260f469e9e9bb8589b7,2026-04-25 11:30:51.246225+00:00,hu,origo.hu,origo.hu,2026-04-25,"Delfinek, űrhajó és nagy meglepetés: így ünnepelt a magyar színésznő",https://www.origo.hu/itthon/2026/04/nyertes-zsuzsa-parja-szineszno-florida
e06e1f16f1e41896758608258989e79e789583b7966b23ebaa1419ada4462ae6,2026-04-25 11:30:45.940375+00:00,hu,origo.hu,origo.hu,2026-04-25,"Pár éve még az egész ország aggódott érte, mára sokak kedvence lett",https://www.origo.hu/itthon/2026/04/kiselefant-samu-allatkert-szuletesnap
98354d107ebebdd3593c2605c1e6feabd00a4445d78b0fd96a1023ac6650b23a,2026-04-25 11:30:41.004228+00:00,hu,origo.hu,origo.hu,2026-04-25,"Állati jelenetek, a természet mókás pillanatai",https://www.origo.hu/foto/2026/04/allati-jo-mutatjuk-a-termeszet-legmokasabb-pillanatait-galeria
f36e43e9c90c7217564cad5eb520783be7870af8e8820fee8d5046ec04728040,2026-04-25 11:30:35.930579+00:00,hu,origo.hu,origo.hu,2026-04-25,Óriási magyar győzelmet és pályacsúcsot hozott az Ultrabalaton,https://www.origo.hu/sport/sport-egyeni/2026/04/ultrabalaton-palyacsucs-bodis-tamas-gyoztes
a95723726f4453dd61d2eeef6e9f49731238d5b94301390279eff9c344ff7217,2026-04-25 11:30:30.963447+00:00,hu,origo.hu,origo.hu,2026-04-25,"Baltával fenyegette a rendőröket, most évekre rács mögé kerül",https://www.origo.hu/kek-hirek/2026/04/baltas-fenyegette-a-rendoroket-evekre-racs-moge-kerul
e3c3a023fa0259761867d4df49d4a509e18c6f279a74290dc85cd686a8b8dfae,2026-04-25 11:30:25.923574+00:00,hu,origo.hu,origo.hu,2026-04-25,Somoskőújfaluban holtan találtak egy fiatal férfit a postánál,https://www.origo.hu/kek-hirek/2026/04/tragedia-somoskoujfalu-halaleset-rendorsegi-vizsgalat
7ac67c856f0a50c2095ef36ea13cb8252668550e74712c346290f4de78e8582a,2026-04-25 11:30:20.932290+00:00,hu,origo.hu,origo.hu,2026-04-25,A világ leghíresebb szellemházai: fotókon a szebb sorsra hivatott épületek,https://www.origo.hu/gazdasag/2026/04/vilag-leghiresebb-szellemhazai-fotokon
cf33fa9182200d26c632e8f8e26f64326605b7d627f1edf2104406b6a61871e1,2026-04-25 11:30:16.671122+00:00,hu,origo.hu,origo.hu,2026-04-25,Sorsdöntő választás a háború árnyékában: szavaznak a palesztinok Gázában és Ciszjordániában + videó,https://www.origo.hu/kulpol/2026/04/gaza-ciszjordania-szavazas
d69ef77ae0c56bb1abba6b15e8a4a54cc1f9e973100eab441edcd798a8c77a79,2026-04-25 11:30:11.593220+00:00,hu,origo.hu,origo.hu,2026-04-25,"Nem kímélte a hitelminősítő a szomszédokat, nem örülnek a szlovákok",https://www.origo.hu/gazdasag/2026/04/nem-kimelte-a-hitelminosito-a-szomszedokat-nem-orulnek-a-szlovakok
cc1373fc72066437c9241293da14e855aea9fc55e5dc4daf780694db320a9c3d,2026-04-25 11:30:05.833875+00:00,hu,origo.hu,origo.hu,2026-04-25,A szexi tornászlány megint alig hagyott valamit a képzeletnek – pikáns képek,https://www.origo.hu/nagyvilag/2026/04/olivia-dunne-szexi-furdoruha-tornaszlany
ecc225a4742308fc1b68f1b0ae74fa739621fbcdf1b46b440a5ac9f191779142,2026-04-25 11:30:00.915489+00:00,hu,origo.hu,origo.hu,2026-04-25,Brutálisan kiosztották a gyorskajával ünneplő Lamine Yamalt,https://www.origo.hu/sport/sport-futball/2026/04/lamine-yamal-mcdonalds-serules-barcelona-vb-kritika
ce01e9e69e58e3c46dec89582ee37480add069356383da8f6d28b8d6f7710e62,2026-04-25 11:29:55.965722+00:00,hu,origo.hu,origo.hu,2026-04-25,Németország is belép a háborúba? Komoly lépésről döntöttek Berlinben,https://www.origo.hu/nagyvilag/2026/04/hormuzi-szoros-nemetorszag-hajok-foldkozi-tenger
fd9e0210801cdd2ab9a5a3bf523b1466f1ea02e0a8f71a31ef4a09096a1d0621,2026-04-25 11:29:51.031502+00:00,hu,origo.hu,origo.hu,2026-04-25,Szexista támadás: Szoboszlai Dominik is fotózkodott az edzőnővel,https://www.origo.hu/sport/sport-futball/2026/04/szoboszlai-dominik-szexista-tamadas-eta-berlin-leipzig
05f0a5e9441795c0afb95d7dc216ef324d8f882f9791a45abc3a525ed1764b20,2026-04-25 11:29:45.986741+00:00,hu,origo.hu,origo.hu,2026-04-25,"Holtan találták az eltűnt doktori hallgatót, szobatársát őrizetbe vették – videó",https://www.origo.hu/nagyvilag/2026/04/rejtelyes-halaleset-doktori-hallgato-florida
dc644aece93bccb06a37b5dfa4834dfced7ea0d83dabe6d03d934b280bb6e105,2026-04-25 11:29:40.980332+00:00,hu,origo.hu,origo.hu,2026-04-25,"A nyíregyházi balesetben öten sérültek meg, gyerekeket vittek kórházba",https://www.origo.hu/kek-hirek/2026/04/baleset-nyiregyhaza-ot-serult-gyerekek-korhaz
c27f0d40eb73b1549d4dfbd8fdd62f7de20ce8c4e21b68817970a8ec0974eee8,2026-04-25 11:29:35.941147+00:00,hu,origo.hu,origo.hu,2026-04-25,Duplájára nőhet egyes gyógyszerek ára az iráni háború miatt: ezek a készítmények drágulhatnak leginkább,https://www.origo.hu/gazdasag/2026/04/gyogyszerek-ara-irani-haboru-fajdalomcsillapito
79c2e29fbbada96f258f7ef2d200df2f1df2468174ddd8f8bafcceba85843b36,2026-04-25 11:29:31.013561+00:00,hu,origo.hu,origo.hu,2026-04-25,Összeomlott Harsányi Levente élete: mindent elvesztett egy tragédia után,https://www.origo.hu/itthon/2026/04/harsanyi-levente-elete-tragedia-anyagi-csod
d8ff891b6a31c7388085b7abd9b0769b80abe3d9a684dbdb079f7798886594ff,2026-04-25 11:29:26.081989+00:00,hu,origo.hu,origo.hu,2026-04-25,"Titokzatos lánycsapat lett az új világsiker – senki nem találja ki, honnan jöttek",https://www.origo.hu/nagyvilag/2026/04/lanycsapat-no-na-indonez-vilagsiker
690a3226fea67577c0f7e4d7ec252f8aec288fbecf2fed625d0be4ba5640ef3c,2026-04-25 11:29:21.270450+00:00,hu,origo.hu,origo.hu,2026-04-25,Titkos politikai beszélgetéseket törhettek fel Németországban,https://www.origo.hu/nagyvilag/2026/04/adathalasz-tamadas-nemet-politikusok-oroszorszag-merz
45357c03c88c9e1dec5cb5eab0e34e863a993c5845495575115638c0f791be3f,2026-04-25 11:29:15.973394+00:00,hu,origo.hu,origo.hu,2026-04-25,Hozzányúlna az Orbán-kormány jóléti intézkedéseihez Bod Péter Ákos,https://www.origo.hu/belpol/2026/04/bod-peter-akos-g7
8746984be8cf3e9c7f757a89c61f07dff93ba6ba6bb1c8ab21fef8d289c10845,2026-04-25 11:29:10.916163+00:00,hu,origo.hu,origo.hu,2026-04-25,Altatóval kevert pálinka után az erdő szélén hagyták áldozatukat,https://www.origo.hu/kek-hirek/2026/04/altato-erdo-szelen-hagytak-aldozatukat
21db92dc413f063130fd40cfdefbae795c322e6284a9774fb4e1f1ac1e1afd7a,2026-04-25 11:29:05.151694+00:00,hu,origo.hu,origo.hu,2026-04-25,"Jamie Oliver megkongatta a vészharangokat, elege van a multikból és a magas adókból",https://www.origo.hu/gazdasag/2026/04/jamie-oliver-brit-vendeglatoipar-adozas
05262673edcf821947177e9762786638114bbd9f6579cc8f06d9cf6563011a56,2026-04-25 10:38:12.873779+00:00,hu,blikk.hu,blikk.hu,2026-04-25,"Nem terveztek vele, de köszönik szépen: így töltik kényszerpihenőjüket a Forma–1 sztárjai",https://www.blikk.hu/sport/forma-1/forma1-piheno-vilagbajnoksag-iran-haboru/vh0sekm
093c30a135d9d796d5438005d8f9ce76f7ed650f195d7dfcfabdf5c4f6dad160,2026-04-25 10:38:08.107097+00:00,hu,blikk.hu,blikk.hu,2026-04-25,Lényegében semmi sem változott: szüleivel él Angliában Tóth Alex,https://www.blikk.hu/sport/kulfoldi-foci/toth-alex-szulei-bournemouth-csalad/gwvck4r
bb8817eea1999d5c0ff4d211829bf03c067d3f7da81ef5af048f52d05d1d3f7d,2026-04-25 10:37:59.742407+00:00,hu,blikk.hu,blikk.hu,2026-04-25,"Harsányi Levente drámai vallomása: Pénz eltűnik, gazdasági csőd, a testvérem meghalt",https://www.blikk.hu/sztarvilag/hazai-sztarok/harsanyi-levente-valsag-anyagi-gondok-csalad-testver-halal/pzt6ehk
4e477cf3b83a8c216a785e42e410da8d5dc3d4510b25e25fd063f10e48ad24ab,2026-04-25 10:37:54.765237+00:00,hu,blikk.hu,blikk.hu,2026-04-25,40 fölött ért be: Anne Hathaway lett a világ legszebb sztárja,https://www.blikk.hu/sztarvilag/nemzetkozi-sztarok/anne-hathaway-szepseg-people-magazin-film/sj9nhrk
0d191c204916b1666fcdd3b97408da4de45190aa31679becfd96a9d2aacf6e18,2026-04-25 10:37:45.480567+00:00,hu,blikk.hu,blikk.hu,2026-04-25,90 éve Biharyék az idő urai: egy kihalóban lévő szakma utolsó mohikánja Budapest szívében,https://www.blikk.hu/aktualis/belfold/bihary-oras-uzlet-vas-utca-orokseg-1936/wgslhe1
bf02b7faca1677423af75a3d509e42d51540cae1bac10c2d916aa18cd5e51c3f,2026-04-25 10:37:40.456673+00:00,hu,blikk.hu,blikk.hu,2026-04-25,Magyar Péter és Pásztor Bálint a vajdasági magyarokról egyeztetett,https://www.blikk.hu/politika/magyar-peter-vajdasag-pasztor-balint/9tmesje
2536d25f95b81571bbe9dc22dc6f224af388950fde5ee144a5d0f1f2bfad4d01,2026-04-25 10:37:35.556386+00:00,hu,blikk.hu,blikk.hu,2026-04-25,"Fotók a kecskeméti tűzvészről, kilenc település tűzoltói dolgoztak a pokoli helyszínen",https://www.blikk.hu/aktualis/kecskemet-hulladektelep-tuz/hhcf0dn
2fcc9ab49d51efb9cbec13a0aaf39563b2e78bebf79697732565d902fd39e9b2,2026-04-25 10:37:30.542063+00:00,hu,blikk.hu,blikk.hu,2026-04-25,Elesett az M7 és az M1,https://www.blikk.hu/aktualis/belfold/baleset-autopalya-mento-torlodas/g12xerg
47bcaa1c8afff7d738caadb9c9f3a2680237a2a66b04620397ff8b99c3868822,2026-04-25 10:37:25.575159+00:00,hu,blikk.hu,blikk.hu,2026-04-25,"Parti Nóra, a Heti hetesben: Nem könnyű megszólalni",https://www.blikk.hu/sztarvilag/hazai-sztarok/parti-nora-heti-hetes-interju-szinesz/m2l0e3k
f1e8722182f4a3c6bd62dee9286dd3e040963112aed5f0d3f83ddbb82e1308bb,2026-04-25 10:37:20.456667+00:00,hu,blikk.hu,blikk.hu,2026-04-25,"A kakaós csiga története: angol, erdélyi és magyar gyökerek",https://www.blikk.hu/eletmod/gasztro/kakaos-csiga/jcrtywq
6548ac3b06cc6016cd7e6acb0984b790e2ea8e52430709ab41eb368950cfb3ab,2026-04-25 10:37:15.503628+00:00,hu,blikk.hu,blikk.hu,2026-04-25,"Hegedűs Zsolt, leendő egészségügyi miniszter új bejelentése az egyedi kezelések, gyógyszerek támogatásáról!",https://www.blikk.hu/aktualis/belfold/hegedus-zsolt-egeszsegugyi-miniszter-valtozas-atlathatosag-gyogyszer-finanszirozas/7sl1ve4
b4ba52bf2b77e8f9f3ef1b65b90dfae6ab78197066fe0268bfdf513f1e287536,2026-04-25 10:37:10.512289+00:00,hu,blikk.hu,blikk.hu,2026-04-25,"Ötéves lett Samu, a kiselefánt",https://www.blikk.hu/aktualis/belfold/fovarosi-allat-es-novenykert-samu-elefant-unneples/z2erh96
f739be129f6e1730a9578bb17112bf37a285922b70fe7ff98034e63d55cd7971,2026-04-25 10:37:05.861721+00:00,hu,blikk.hu,blikk.hu,2026-04-25,"Kökény Attila: Azt sem tudom, hogy mennyi a villanyszámlánk",https://www.blikk.hu/sztarvilag/hazai-sztarok/kokeny-attila-interju-felesege-megasztar/s2402e5
c79e672f5f0158475096e82f4de44c8689c434de7430bddc09744dc8f4439411,2026-04-25 10:37:01.055154+00:00,hu,blikk.hu,blikk.hu,2026-04-25,Ez volt Pintér Sándor belügyminiszter utolsó nagy beszéde?,https://www.blikk.hu/politika/magyar-politika/pinter-sandor-bucsubeszed/hwb9dtb
3f7250c28cf719cf32b0f9ec016c3206a08116ba4a133927bdc2d237a4fbee58,2026-04-25 09:31:29.992927+00:00,hu,index.hu,index.hu,2026-04-25,A magyar természetvédőket tömörítő szövetség segítene a Tisza kormánynak,https://index.hu/tudomany/2026/04/25/termeszet-vedok-tisza-kormany-kornyezeti-miniszterium/
42cae30be54bfd653ee8a5b70402f90681e90eb4cfb3efa7ab8768a4b6f99a76,2026-04-25 09:31:25.114211+00:00,hu,index.hu,index.hu,2026-04-25,Donald Trump háborúja a tengeri teheneket és a bálnákat is veszélyezteti,https://index.hu/tudomany/2026/04/25/pupos-balna-dugong-arab-obol-haboru-okoszisztema-veszely-globalis-felmelegedes/
331adbb999a72f14bab7b0400c2f0970a73f6a9d276875e1804650701a9b2cae,2026-04-25 09:31:19.887253+00:00,hu,index.hu,index.hu,2026-04-25,A magyar válogatott sztárja lejátszhatta az utolsó meccsét az angoloknál,https://index.hu/sport/futball/2026/04/25/toth-balazs-blackburn-rovers-klubvaltas-tavozas/
33c2e2c41689242da23ad71751737c712749b108fc921081d11701a59ccba107,2026-04-25 09:31:15.168033+00:00,hu,index.hu,index.hu,2026-04-25,Rácz Jenőék válogatás nélkül ordítoznak egymással az Éttermek csatájában,https://index.hu/fomo/2026/04/25/ettermek-csataja-rtl-racz-jeno-sarkozi-akos/
49a56b85ad163a54034c69d53b73bad86b7d7799ba88eaa81174399f3920e5be,2026-04-25 09:31:09.913993+00:00,hu,index.hu,index.hu,2026-04-25,Hatósági vizsgálat indult a Szent Imre Kórházban egy beteg halála miatt,https://index.hu/belfold/2026/04/25/meghalt-beteg-szent-imre-korhaz-hatosagi-vizsgalat-nngyk/
f30d9ed73d0bd87e530fd8b42c651b57d2c71b735c0333eb8b8746b8146a624a,2026-04-25 09:31:05.091694+00:00,hu,index.hu,index.hu,2026-04-25,Szijjártó Péter testvére majdnem félmilliárd forintért árulja a házát,https://index.hu/belfold/2026/04/25/szijjarto-peter-vallalkozas-elado-haz-testver/
27c1c867b7d3be92d7da416952f76288a10a53b1c689f590eb7f247287f00136,2026-04-25 09:31:00.083454+00:00,hu,index.hu,index.hu,2026-04-25,"Tömegbaleset volt az M7-es autópályán, sok kilométeres a torlódás",https://index.hu/belfold/2026/04/25/baleset-m7-autopalya-baleset-martonvasar-letenye-torlodas/
b88c025888af054bf131287c1c8ed1284056ad7bf16aabf21b893c2154a8f831,2026-04-25 09:30:49.808854+00:00,hu,index.hu,index.hu,2026-04-25,"Kétségbeesés Franciaországban: a bagett sem biztos, hogy túléli a kulturális változást",https://index.hu/fomo/2026/04/25/bagett-franciaorszag-trend-valtozas-mellozes-kenyer-eletmod/
c3b098b54f507dea550698337aeadfbae2987c899756a69e9866364cf6dc36ba,2026-04-25 09:30:45.988989+00:00,hu,index.hu,index.hu,2026-04-25,Tóth Andi elvitte a show-t barna csipkés felsőjében,https://index.hu/mindekozben/poszt/2026/04/25/toth-andi-ruha-smink-bemutato-foto/
813d520b6b80dabba29f456c65d39576191a35fd3b3f44152e67a0222b5db6e6,2026-04-25 09:30:40.226087+00:00,hu,index.hu,index.hu,2026-04-25,"Nem a magyar hokisok napja volt, Svájcban és Szombathelyen is alulmaradtak",https://index.hu/sport/jegkorong/2026/04/25/jegkorong-hoki-vb-vilagbajnoksag-felkeszules-veletek-barhova-magyar-svajci-japan-valogatott/
3fa651023d2bc345d70e8610376f78bd854a779b76ca4182579f39fee47f1bf9,2026-04-25 09:30:34.943100+00:00,hu,index.hu,index.hu,2026-04-25,Magyar Péter megnevezte első miniszterelnök-helyettesét,https://index.hu/belfold/2026/04/25/magyar-peter-tisza-part-orban-anita-tisza-kormany-miniszterelnok-helyettes/
fc61a48d5c1ea92f07a34c8a2983db783538657b51038a5aa5cd1c013b3ea55f,2026-04-25 09:30:29.730759+00:00,hu,index.hu,index.hu,2026-04-25,A Gulácsit továbbra is jegelő Leipzig óriási lépést tett a Bajnokok Ligája-indulás felé,https://index.hu/sport/futball/2026/04/25/bundesliga-gulacsi-peter-willi-orban-schafer-andras-leipzig-union-3-1/
2fbd9e00b0ceae0f7a0eee3abce219f346b6219db53392cea41dc6631f9921c2,2026-04-25 09:30:24.919959+00:00,hu,index.hu,index.hu,2026-04-25,Lezuhant és meghalt egy lengyel turista a szlovák Magas Tátrában,https://index.hu/kulfold/2026/04/25/magas-tatra-hegymaszobaleset-lengyel-turista-meghalt/
29eedadedb0faf1727737b029db872f955e8ea7a88d141a729cb19aa0db62ea2,2026-04-25 09:30:20.232693+00:00,hu,index.hu,index.hu,2026-04-25,"Miközben a bolygót próbáljuk menteni, hagyjuk az embereket elveszni?",https://index.hu/tudomany/2026/04/25/klimavaltozas-fenntarthatosag-fejlodes-kornyezetvedelem-emberi-jogok-hiany-vita/
f5f7ff448e7d5e76af3721ed686aa63a46f36032360831c93cfdc2d1a71ef712,2026-04-25 09:30:09.967901+00:00,hu,index.hu,index.hu,2026-04-25,"Donald Trump kiszemelte újabb célpontját, NATO-tagországtól venne el területet",https://index.hu/kulfold/2026/04/25/falkland-szigetek-egyesult-kiralysag-szuverenitas-nato-argentina-donald-trump-irani-haboru/
9b8c370a692a2e21280f5a571c75744be515ea97de041a803260620755e0afb9,2026-04-25 09:30:05.997331+00:00,hu,index.hu,index.hu,2026-04-25,Kirakták Helena Bonham Cartert A Fehér Lótusz új évadából,https://index.hu/mindekozben/poszt/2026/04/25/kiraktak-helena-bonham-cartert-a-feher-lotusz-uj-evadabol/
8e8f238c6d904559d4513a4963c73677ea0ec843b3538bb35336f1b80f7c033c,2026-04-25 09:30:00.178826+00:00,hu,index.hu,index.hu,2026-04-25,A Klopp-korszak újabb meghatározó játékosa hagyhatja el Liverpoolt,https://index.hu/sport/futball/2026/04/25/alisson-becker-tavozas-liverpool-juventus-klubvaltas/
139abb669d3f5b5b793a04f67009d37a330aa9faf66b3b2b60bd08159680d512,2026-04-25 09:29:55.000690+00:00,hu,index.hu,index.hu,2026-04-25,Megrendítő vallomást tett közzé Rob Reiner fia a szülei meggyilkolását követő napokról,https://index.hu/kulfold/2026/04/25/rob-reiner-rendezo-michele-singer-reiner-gyilkossag-nick-reiner-egyesult-allamok/
8486a954e0b1c2a7ecd32f4cef948d782077ce4f47f202763d32d150a84f9f3a,2026-04-25 09:29:50.197445+00:00,hu,index.hu,index.hu,2026-04-25,Török Gábort nem kímélték a tiszás szimpatizánsok a „Fidesz light” kijelentése miatt,https://index.hu/belfold/2026/04/25/torok-gabor-tisza-kormany-miniszterek-orban-anita-magyar-peter-vitezy-david/
92150798a5253320484da3040cdf56836101a02be45d9883045f0cbfea10d4e8,2026-04-25 09:29:44.846373+00:00,hu,index.hu,index.hu,2026-04-25,Dráma Floridában: 31 lajhár pusztult el szörnyű körülmények között még az állatkert megnyitása előtt,https://index.hu/kulfold/2026/04/25/lajharvilag-sloth-world-lajhar-elpusztult-florida-orlando-allatkert-vizsgalat-allatvededok/
1c6d5234ba70f438608255e0ef697541fc74391bb81d0250f2b235525edd35d9,2026-04-25 09:29:40.019022+00:00,hu,index.hu,index.hu,2026-04-25,"Halálos ítéletet kapott, mert nem gyászolt eléggé",https://index.hu/kultur/cinematrix/2026/04/25/az-idegen-albert-camus-francois-ozon-francia-film-irodalom-kritika/
460dfb317f1d12e922f44b108306ed31aaa1037fb3aa80c25bba266a4ecc1e9e,2026-04-25 09:29:34.813642+00:00,hu,index.hu,index.hu,2026-04-25,Korábbi igazságügyi miniszter üzent Sulyok Tamáséknak: Önként kellene távozniuk hivatalukból,https://index.hu/belfold/2026/04/25/barandy-peter-volt-igazsagugyi-miniszter-tisza-part-kormany-ketharmad-koztarsasagi-elnok/
e93e2cea017e1937e6013d7f2985be388eecc3b6f4a5126eaf99c8f4ddc3899c,2026-04-25 09:29:29.805551+00:00,hu,index.hu,index.hu,2026-04-25,Az FTC korábbi kupariválisa kiütéses győzelemmel lépett a bennmaradás küszöbére,https://index.hu/sport/futball/2026/04/25/sunderland-nottingham-forest-premier-league-bennmaradas-kerdese/
5cb1da9d05b648e090e422ae320cda91bd3e0aba37df2ae062cc60dd9638efad,2026-04-25 09:29:19.429676+00:00,hu,index.hu,index.hu,2026-04-25,"Ismét kábítószer-szállító hajóra támadt az Egyesült Államok, több halálos áldozat is van",https://index.hu/kulfold/2026/04/25/kabitoszer-kereskedelem-hajo-egyesult-allamok-tamadas-csendes-ocean/
704a078598c4a564c0ecc6a6a95a00f16eafa35024d25a8d799dbca9b881a4ce,2026-04-25 09:29:13.812497+00:00,hu,index.hu,index.hu,2026-04-25,"Térdsérüléssel vitték kórházba, egy héten belül meghalt a kolumbiaiak profija",https://index.hu/sport/bringa/2026/04/25/cristian-camilo-munoz-gyasz-versenybaleset-fertozes-halal/
1458c60ce7d3bef5a8622235ad086af723f95a52cb46dbe5376d5f2d4549b02e,2026-04-25 09:24:26.629811+00:00,hu,index.hu,index.hu,2026-04-25,"Az új egészségügyi miniszter máris bejelentett egy tervet, amely az életmentő gyógyszereket is érinti",https://index.hu/belfold/2026/04/25/hegedus-zsolt-tisza-part-egeszsegugy-gyogyszerek-magyar-peter/?utm_source=hirstart&utm_medium=referral&utm_campaign=ct
cf3779442053a0febde4cd9174796a61561999743b6b61674bad9142c0fe3f3e,2026-04-25 09:20:40.643907+00:00,hu,blikk.hu,blikk.hu,2026-04-25,Kézről kézre adják Beatrixet veteránautós körökben,https://www.blikk.hu/auto/veteran-festes-autok-motorok/swclp2l
a4853cfceb495d151b9323a205f938029e64e8953e78e336551840e40d8807c2,2026-04-25 09:20:35.735514+00:00,hu,blikk.hu,blikk.hu,2026-04-25,"Kiderült az igazság a magyar nyugdíjakról, itt a valóság a ""jólétről""",https://www.blikk.hu/gazdasag/nyugdij/ksh-nyugdijstatisztika/0gqw0bn
88c5a95162b6e2314f8be4ed785d8b7f9574b5b12ef6db8cb845891bf8b26db7,2026-04-25 09:20:31.211852+00:00,hu,blikk.hu,blikk.hu,2026-04-25,"5 meglepő módszer, amivel gyorsabban indul be a zsírégetés",https://www.blikk.hu/eletmod/tippek/zsiregetes-tudomanyosan/mwf1el9
2bb942e3e6b7134df9146f71a06192e9da9a3bb572519a41bb52124dd9d2d2ff,2026-04-25 09:20:22.493132+00:00,hu,blikk.hu,blikk.hu,2026-04-25,"Ennyi sört kell meginni, hogy megtérüljön a VB-re vásárolt sörcsap-beruházás",https://www.blikk.hu/gazdasag/penz/sor-vb-sorcsap-arak/e4qx16c
027cfdd78f34e1beb2fef29e53a556772fb960e145266393e518b6f6e81b3abe,2026-04-25 09:20:17.712228+00:00,hu,blikk.hu,blikk.hu,2026-04-25,A szerb kormány újra bevezeti a sorkatonaságot,https://www.blikk.hu/aktualis/kulfold/szerbia-sorkatonai-szolgalat/cq9xv2l
79d319db22c99d4642485c5d776af24aa2cadd9b57f6e3e70c1bbe6e2b65c6bc,2026-04-25 09:20:11.900339+00:00,hu,blikk.hu,blikk.hu,2026-04-25,"Nyertes Zsuzsa a párjával hagyta el az országot, messzire mentek egy szülinap miatt",https://www.blikk.hu/sztarvilag/hazai-sztarok/florida-utazas-elmenyek-delfinles-hajo/eqvxnpg
97dc548493cb22bbad430c0800d582808870222aeba16d984f29edcfb674a3fc,2026-04-25 09:19:48.443060+00:00,hu,blikk.hu,blikk.hu,2026-04-25,Egy tökéletes ebéd receptje: klasszikus lencsefőzelék füstölt oldalassal,https://www.blikk.hu/eletmod/gasztro/lencsefozelek-fustolt-oldalassal-recept/gjvxgym
f1b623e843d34ad855d94bd76064bbab6ea2a3341a177a3b459d1392068e1f05,2026-04-25 09:19:37.700584+00:00,hu,blikk.hu,blikk.hu,2026-04-25,Lezuhant és meghalt egy férfi a Magas-Tátrában,https://www.blikk.hu/aktualis/kulfold/magas-tatra-zuhanas-halal-ferfi-mentes/knj1drf
f93dceef38d4d34fc248bd30cba50551ae5a11225ed72b254e9ecd875d1f2bab,2026-04-25 09:19:31.073521+00:00,hu,blikk.hu,blikk.hu,2026-04-25,"Ízekre szedte stílustanácsadó az alakuló Tisza-kormányt az öltözködésük miatt, de Orbán Viktor is kapott a kritikából",https://www.blikk.hu/politika/magyar-politika/tisza-part-oltozkodes-protokoll-stilustanacsado/y5whxrn
89710b343c02b9ddf9d40e600dec4a318e48400a9e99b9d30fb8e899b1d52e07,2026-04-25 08:29:44.081654+00:00,hu,origo.hu,origo.hu,2026-04-25,Már a NATO határánál zajlik az orosz-ukrán háború,https://www.origo.hu/nagyvilag/2026/04/orosz-ukran-haboru-romania-nato
77cae37dc306dc464614704c9f9e3468328e4d805893b5b801dd0db49f6666ce,2026-04-25 08:29:39.131215+00:00,hu,origo.hu,origo.hu,2026-04-25,Ilyet sem látni mindennap: döbbenetes kígyót videóztak le Magyarországon,https://www.origo.hu/itthon/2026/04/kigyok-magyarorszagon-baranya-video
47eb3269cd1df9564e47a7526a8da685ace132ddf28f9bf11ed60f211a6026d5,2026-04-25 08:29:34.066493+00:00,hu,origo.hu,origo.hu,2026-04-25,"Magyar Péterék minden jót megígértek az egészségügynek, mutatjuk, mit lehet majd rajta számon kérni",https://www.origo.hu/belpol/2026/04/magyar-peter-tisza-part-egeszsegugy-tisza-terv
09c72a4c52d0e2f43fe0d21505caefe7c4b56afd70b82bd972c0f4d3e0cc106c,2026-04-25 08:29:29.727052+00:00,hu,origo.hu,origo.hu,2026-04-25,Donald Trump keményen odacsapott: halálos csapást hajtottak végre a terroristák ellen – videó,https://www.origo.hu/nagyvilag/2026/04/drogcsempesz-hajo-donald-trump-tamadas-hadsereg
2f4e72e61e3b09e2d6359493618c569504f1bda32171f00682d708170d8d7413,2026-04-25 08:29:24.033946+00:00,hu,origo.hu,origo.hu,2026-04-25,Döbbenet: ezekkel a típusokkal van a legtöbb gond – a Toyota több modellje is köztük van!,https://www.origo.hu/auto/2026/04/dobbenet-ezekkel-a-tipusokkal-van-a-legtobb-gond-a-toyota-tobb-modellje-is-koztuk-van
d298116aa00f16648b399a37f4368f88caad9e3ec53a038a75d48280a85681f3,2026-04-25 08:29:19.043623+00:00,hu,origo.hu,origo.hu,2026-04-25,Liverpoolban Szoboszlai Dominik szerződése a téma: már a vészharangokat kongatják,https://www.origo.hu/sport/sport-futball/2026/04/szoboszlai-dominik-szerzodes-liverpool-premier-league
0bf09bca4b1c907ee4962aaf000a97c2ecc0921e81425cc998b2ce3c023bde59,2026-04-25 08:29:07.595630+00:00,hu,origo.hu,origo.hu,2026-04-25,"Több probléma is van azzal, hogy a Szabad György Irodaházba költözne a Tisza-frakció",https://www.origo.hu/belpol/2026/04/tisza-szabad-gyorgy-irodahaz
accf363d3911336b38eb93f7d68e9beda34485ab7f209812ae863c8182a9d358,2026-04-25 08:29:02.916346+00:00,hu,origo.hu,origo.hu,2026-04-25,Pénzért mindent? Otthonában támadtak rá az idős asszonyra,https://www.origo.hu/kek-hirek/2026/04/rablas-otthonaban-tamadtak-ra-az-idos-asszonyra
ccb14e2efed2ff316ff6a69c69504ede89170eaac5e21e7cf1bfed5cb50ecf2d,2026-04-25 08:28:57.915928+00:00,hu,origo.hu,origo.hu,2026-04-25,Riasztó jelek érkeznek: hatalmas időjárási fordulat készül világszinten,https://www.origo.hu/nagyvilag/2026/04/el-nino-jelenseg-csendes-ocean-homerseklet
d074a9f368d79b71d509841ba3d90e419b8a74a84a251f542882fffb7c6cb8bb,2026-04-25 08:28:50.471604+00:00,hu,origo.hu,origo.hu,2026-04-25,Dögös piros tanga és vadítóan szexi szett – elképesztő képek kerültek elő az énekesnőről,https://www.origo.hu/nagyvilag/2026/04/rihanna-szexi-kep-tanga-enekesno
8a2ff0c42e2d21796da64bb62fbc1c8010121c6d1f28c4ddce0bed920dd983b0,2026-04-25 08:28:39.123208+00:00,hu,origo.hu,origo.hu,2026-04-25,Barna a gatyóka – Brüsszel bepánikolt az oroszok kijelentésétől,https://www.origo.hu/nagyvilag/2026/04/lavrov-kallas-eu-brusszel
fab0621b6da54ad2c8f24c108c1d8e24d092db9a3dfe153374e7f6e489465dc3,2026-04-25 08:28:33.412531+00:00,hu,origo.hu,origo.hu,2026-04-25,Újból óriásit drágul a számítógép kritikus alkatrésze,https://www.origo.hu/techbazis/2026/04/szamitogep-ssd-dragulas-kingston-samsung
6bceeb31aad20a7686eac1b679d327b32c204cb5442dce3ad226070151767313,2026-04-25 08:28:21.343531+00:00,hu,origo.hu,origo.hu,2026-04-25,Szexi fehérneműs képekkel hódít a PL-sztártól elvált magyar szupermodell,https://www.origo.hu/sport/sport-laza/2026/04/szexi-szupermodell-varga-viktoria-ex-feleseg-kepek
beaaf1614ec97b7181c38df518a39e80b0d2ddd8cff91c3735f1b127f57ec629,2026-04-25 08:28:14.692044+00:00,hu,origo.hu,origo.hu,2026-04-25,"Ebben az étteremláncban fél évszázada nem emeltek árat – nem csoda, ha vendégek százmillióit vonzzák",https://www.origo.hu/gazdasag/2026/04/saizeriya-etteremlanc-japan
1f8c90801e2fd6ae39e737c48ba0179f79bcd9de5db1c8f23bac2e9087ff54b9,2026-04-25 08:28:09.381498+00:00,hu,origo.hu,origo.hu,2026-04-25,"Kiderült, ki lesz Magyar Péter helyettese",https://www.origo.hu/belpol/2026/04/orban-anita-miniszterelnok-helyettes
cee202a0d90f6f9e567ed63a864d4723c673607b49b7b54d30105e4e577a2621,2026-04-25 08:27:53.758728+00:00,hu,origo.hu,origo.hu,2026-04-25,"Digitális vasfüggöny ereszkedik Oroszországra: Putyin elismerte a korlátozásokat, közben rakéták hullanak Ukrajnára – videó",https://www.origo.hu/kulpol/2026/04/putyin-elismer-korlatozas-raketa-ukrajna
ca46794cc54bd38aba7b724ed95994b4fb9ea6973428acf2e70d0f881dbbdef3,2026-04-25 08:18:56.053231+00:00,hu,blikk.hu,blikk.hu,2026-04-25,Új kivégzési módszereket vezetne be a Trump-tábor az USA-ban,https://www.blikk.hu/aktualis/kulfold/igazsagugyi-miniszterium/f4hgf1z
8a4e4ee7064831d0ec136511268a6bc7946e87f872827646ede233efb9439050,2026-04-25 08:18:35.030740+00:00,hu,blikk.hu,blikk.hu,2026-04-25,Vizsgálat indul egy beteg halála miatt a Szent Imre kórházban,https://www.blikk.hu/aktualis/belfold/szent-imre-korhaz-vizsgalat-hatosag-panasz/189wbqd
3dd75eb65c2e165b806f988c5273c178846a5349716f3d419fefe1b402baff2e,2026-04-25 08:18:22.428444+00:00,hu,blikk.hu,blikk.hu,2026-04-25,"Negyven éve várjuk, hogy valaki Détári örökébe lépjen a vb-n",https://www.blikk.hu/sport/magyar-foci/detari-lajos-kozma-mihaly-harsanyi-levente/xxt3jcc
70595e85fac67ab432ee8884f6e1f72c6063102cdcfbd6d09142b3e1c33b0adc,2026-04-25 08:17:40.456564+00:00,hu,blikk.hu,blikk.hu,2026-04-25,"Krausz Ferenc, Nobel-díjas fizikus: jogi lépéseket teszünk",https://www.blikk.hu/aktualis/belfold/krausz-ferenc-nobel-dijas-fizikus-botrany-vadak/9r53061
d90a65a5514a128453451b0c3b3bdee5a841452ef731201ced6b4124c3e9f17a,2026-04-25 08:17:27.644911+00:00,hu,blikk.hu,blikk.hu,2026-04-25,Ehetnek a kutyák macskaeledelt? A szakértők szerint ez egy nagyon fontos kérdés,https://www.blikk.hu/eletmod/tippek/ehetnek-a-kutyak-macskaeledelt/1nsbbks
a1c9ec0f1acd0e5dd95c4b246d8e800b385a50b4b12e237529c5f755f9b21a3a,2026-04-25 08:17:22.771706+00:00,hu,blikk.hu,blikk.hu,2026-04-25,"Magyar Péter bejelentette, ki lesz a miniszterelnök-helyettes, aki teljes körűen képviselheti őt",https://www.blikk.hu/politika/magyar-politika/magyar-peter-orban-anita-miniszterelnok-helyettes/y74cs6h
fb6131a12e5ea13fb8a09eea296dda4fc8af1d370dbe2efd587491efc070538d,2026-04-25 08:17:16.610031+00:00,hu,blikk.hu,blikk.hu,2026-04-25,Bereczki Zoltán újra csajozik?,https://www.blikk.hu/sztarvilag/hazai-sztarok/bereczki-zoltan-bata-eva-valas-szingliseg-zene/fef9p13
29436286175b5dea110a03f179f352fc6283400cf0e4ea4148f6a8165c10342b,2026-04-25 07:23:54.519702+00:00,hu,blikk.hu,blikk.hu,2026-04-25,"Lebukott az oligarcha, óriási büntetést kapott a kettős élete miatt",https://www.blikk.hu/aktualis/kulfold/orosz-oligarcha-kettos-elet-buntetes/0379s4g
910e0a68739148d3cb0ba1f6820bfb2d0c1d9d66a55f57bffffdc620aad31cf2,2026-04-25 07:23:49.854820+00:00,hu,blikk.hu,blikk.hu,2026-04-25,"Opitz Barbi új szenvedélye, még Magyar Péter is benne van, az eredmény magáért beszél",https://www.blikk.hu/sztarvilag/hazai-sztarok/opitz-barbara/vxlymn2
8f677bce7cdefa42a6ff4a73194d5f60c1fe62515c922d28fd0e48bea2b3a789,2026-04-25 07:23:40.705699+00:00,hu,blikk.hu,blikk.hu,2026-04-25,"Mi történik ezzel az érmével, brutálisan megnőtt a gyűjtői ára",https://www.blikk.hu/gazdasag/penz/jozsef-attila-10-forintos-erme-erem/867n3kz
ff99b351aeedcdc83ce7f39091470d968b7a2007d86e7e90942341ae1e76933d,2026-04-25 07:22:46.210517+00:00,hu,blikk.hu,blikk.hu,2026-04-25,Továbbra is csak álom a siker a felnőtteknél Hosszú Katinka klubjánál,https://www.blikk.hu/sport/hosszu-katinka-klubja-uszas-iron-swim-eredmenyek/scvt7jz
88841e383ac12310e7f079f25ec5bf6444fc1fedb10767de449a2d235286f876,2026-04-25 07:22:27.420828+00:00,hu,blikk.hu,blikk.hu,2026-04-25,"A férfi, akit hétszer talált el a villám: Roy Sullivan, a világ legpechesebb vadőre",https://www.blikk.hu/aktualis/kulfold/villamcsapas/tlg2x0g
4ace8fe253a2d4b60752c9f219a1774246da18b36bc6b9348eabad771d625f74,2026-04-25 07:22:09.460526+00:00,hu,blikk.hu,blikk.hu,2026-04-25,"Till Attila vallomása: Nem hittem el, hogy ilyen megtörténhet, hogy az apám szellemével kellett küzdenem",https://www.blikk.hu/sztarvilag/hazai-sztarok/till-attila-star-wars/s0qh8px
b46e0f1bb5b6fa27075aaa13af421376d607351402a9a0b7499faa5af9b2dbfa,2026-04-25 07:22:01.260918+00:00,hu,blikk.hu,blikk.hu,2026-04-25,"Tallós Rita beköltözött új otthonába, egyl álom lett",https://www.blikk.hu/sztarvilag/hazai-sztarok/tallos-rita-haz-otthon-felujitas-koltozes/8vys8ec
6c8fe0786beb952026b8853e310fcb278d6ab40593eec6f1494cc06cedb2b675,2026-04-25 07:21:55.829408+00:00,hu,blikk.hu,blikk.hu,2026-04-25,Hogy került Szűcs Judith az űrbe?,https://www.blikk.hu/sztarvilag/hazai-sztarok/szucs-judith-farkas-berci-tancolj-meg-ur-diszkokiralyno/kg8wbjc
a4209b7d737a30004acddc36c7b0fb04d84360c3a609b8267f921a47f42f48c4,2026-04-25 07:21:51.256449+00:00,hu,blikk.hu,blikk.hu,2026-04-25,Róma szépségei ismét elvarázsolják Jakupcsek Gabriellát,https://www.blikk.hu/sztarvilag/hazai-sztarok/jakupcsek-gabriella-utazas-roma-musorvezeto/4edjzys
7c72a997f2dfbc6bf7dc64f7936a7476cc552200e06067f6586c42fd5b1f7fe4,2026-04-25 06:42:52.774619+00:00,hu,origo.hu,origo.hu,2026-04-25,A biztosítója zokogni fog: szabályosan ráparkolt egy Lamborghinire! – videó,https://www.origo.hu/auto/2026/04/lamborghini-parkolas-baleset-pickup
d6f147fca42821ebd234165b09ddc3460888c4adbbd6bb44f47b85394badadc3,2026-04-25 06:42:47.052299+00:00,hu,origo.hu,origo.hu,2026-04-25,"Befolyásra hivatkozva munkát ígért, letartóztatást kapott",https://www.origo.hu/kek-hirek/2026/04/munkaero-kolcsonzes-munkat-igert-letartoztatast-kapott
a361108cd1f2ebc14c4a7b95132ee981f26a72ca9fd6ab6195c347d394e51edf,2026-04-25 06:42:43.935766+00:00,hu,origo.hu,origo.hu,2026-04-25,„Nem értenek hozzá” − a Real Madrid edzője kiborult a kínos döntetlen után,https://www.origo.hu/sport/sport-futball/2026/04/real-madrid-real-betis-1-1-alvaro-arbeloa-kiakadt
ab9a61d5a25316bf43cb0c69733dbf34387f739e3377f6e4d22930d618dbcefb,2026-04-25 06:42:37.104564+00:00,hu,origo.hu,origo.hu,2026-04-25,Tetőről hurcoltak el egy férfit az ukrán toborzók – döbbenetes videó,https://www.origo.hu/nagyvilag/2026/04/kenyszersorozas-ukrajna-haboru-toborzok-katonak
23030b23792d9415e94d81bf436afe6f3f513aa9fd04272bf3b821e2c37d1177,2026-04-25 06:42:32.345751+00:00,hu,origo.hu,origo.hu,2026-04-25,Hirtelen tört ki a vulkán a turisták talpa alatt,https://www.origo.hu/kek-hirek/2026/04/vulkan-hirtelen-tort-ki-a-vulkan-a-turistak-talpa-alatt
a8444a2bb390f2a2c84e4375058016cbaaa738b7110515f856e3ed26ff0e987c,2026-04-25 06:42:28.936646+00:00,hu,origo.hu,origo.hu,2026-04-25,"Hiába a győzelem, Willi Orbán a saját csapatát kritizálta",https://www.origo.hu/sport/sport-futball/2026/04/orban-willi-rb-leipzig-union-berlin-kritika-bundesliga
492690bed49ddef38231969f28b8e5b9545eb573294bb11779f100b06fe6acfd,2026-04-25 06:42:22.079992+00:00,hu,origo.hu,origo.hu,2026-04-25,Történelmi küldetés: III. Károly amerikai útja a brit–amerikai kapcsolatok megmentéséről szól,https://www.origo.hu/kulpol/2026/04/karoly-kiraly-egyesult-allamok
172d5361cdd820d2f01945e007852c8e9201d322268ef19719b283d3f0a1b2fd,2026-04-25 06:42:17.101846+00:00,hu,origo.hu,origo.hu,2026-04-25,"Semjén Zsolt lemondott a KDNP elnöki pozíciójáról, de nem fogadták el",https://www.origo.hu/belpol/2026/04/semjen-zsolt-lemondas
2aa8ca0f01ac98ff64d0bdc496f00159094dc6cb5a5c36d57554457c146900ba,2026-04-25 06:42:10.480060+00:00,hu,origo.hu,origo.hu,2026-04-25,"Mi következik, miután véget érnek a Tisza mézeshetei? Ezek a lehetséges forgatókönyvek",https://www.origo.hu/belpol/2026/04/tisza-part-mezeshetei
7b0e33c34d74313e90a6e26421cb6aa8237eaf4067e8dc6d2c390cba23472c83,2026-04-25 06:19:19.873755+00:00,hu,origo.hu,origo.hu,2026-04-25,Hogy lehet? Keanu Reeves lenyomta Sandra Bullockot: ugyanazért a szerepért harcolt a két sztár!,https://www.origo.hu/filmklub/2026/04/sandra-bullock-film-matrix-keanu-reeves-holiday
c1d25cbcfc02a0eb691ffe148bfc37d1fee32c4c4f99c038262df87d31143638,2026-04-25 06:19:14.872175+00:00,hu,origo.hu,origo.hu,2026-04-25,"Hat étel, amit sokan egészségtelennek hisznek, pedig nem",https://www.origo.hu/nagyvilag/2026/04/egeszseges-etel-meglepo-fogasok-rejtett-elonyok
ea15e82b1aee3da4d162f657de2641adacf4d85f43d81765282f42dca07654ef,2026-04-25 06:19:09.908524+00:00,hu,origo.hu,origo.hu,2026-04-25,"Sokkoló adatok Németországból: nyolcszor több erőszakos bűncselekményt követnek el a migránsok, mint a helyiek",https://www.origo.hu/kulpol/2026/04/migrans-nyolcszor-tobb-buncselekmeny
ca6175898d865a77f30d3005ecbd66df294966a26f0811eaa1629b13c67f0b46,2026-04-25 06:19:05.781768+00:00,hu,origo.hu,origo.hu,2026-04-25,Krákenek uralhatták az ősi tengereket? Meglepő felfedezés született,https://www.origo.hu/nagyvilag/2026/04/polip-kutatas-kreta-kor-tenger-csucsragadozo
f98dca09c69256a184bd42c728928190ae15d1f5ab9ebb8df8808a889c59b9b5,2026-04-25 06:19:00.588018+00:00,hu,origo.hu,origo.hu,2026-04-25,"Most kiderül, hogy mennyire ártalmasak a fejhallgatók",https://www.origo.hu/nagyvilag/2026/04/fejhallgato-karosithatja-hallasunkat
492d01803fdc705a4c85c31d6fb0066f23a87e86002c1e2885a447741fc05a18,2026-04-25 06:18:54.900559+00:00,hu,origo.hu,origo.hu,2026-04-25,Brutális AfD-fölény: a baloldali konzervatívok is elfordultak a kormánytól,https://www.origo.hu/kulpol/2026/04/afd-foleny-konzervativok-is-elfordultak
5e0d3dc24d328a71a5401fe0361d7bafea0ec8f0fbd7920b6df70f1e6e9dfcd9,2026-04-25 06:18:49.942161+00:00,hu,origo.hu,origo.hu,2026-04-25,"Furcsa tárgyat találtak az óceán mélyén, megdöbbentő, mi derült ki róla – videó",https://www.origo.hu/nagyvilag/2026/04/melytengeri-felfedezes-aranygomb-rejtely
163c5d8b65caca73aae68dd0561066d6613f5f366efca4fa77697b4dd40eac41,2026-04-25 06:18:44.961996+00:00,hu,origo.hu,origo.hu,2026-04-25,86 éves a maffiafőnök: ezért lett Al Pacino minden idők legfélelmetesebb gengsztere,https://www.origo.hu/nagyvilag/2026/04/al-pacino-minden-idok-legfelelmetesebb-gengsztere
3d4604cc46ececc0efef108e65ff3ad4e852a7833e8c0ea525ae9e4d40a81188,2026-04-25 06:18:39.942389+00:00,hu,origo.hu,origo.hu,2026-04-25,Repedező egység: egymásnak feszülhetnek az EU vezetői Orbán Viktor távozása után,https://www.origo.hu/belpol/2026/04/europai-unio-orban-viktor-ukrajna-csatlakozas-patriota
250b1cd64547a426ceffe11bee19017d8b5c3db2d6695fb3fa728b067b84dff7,2026-04-25 06:18:32.073965+00:00,hu,origo.hu,origo.hu,2026-04-25,Már most elszállt a magyar eper ára – ennyit kérnek kilójáért,https://www.origo.hu/itthon/2026/04/magyar-eper-ara-2026
651ee4686cd09ad02d2164b5f5ebd72d03cfefe6bc1f6e21b5ea144313dcb60e,2026-04-25 06:18:27.210898+00:00,hu,origo.hu,origo.hu,2026-04-25,Már nem az igazi a kávé íze? Meglepő ok állhat mögötte,https://www.origo.hu/nagyvilag/2026/04/kavefozo-izelmeny-tisztitas-vizko-tippek
c584edb555269b8ecd95872fcf62c99a6dbbc4dc3a15406d35dd62773536eabd,2026-04-25 06:18:21.981538+00:00,hu,origo.hu,origo.hu,2026-04-25,"Azt hittük legyőztük, de most visszatért: újra terjed a halálos kór",https://www.origo.hu/tudomany/2026/04/tuberkulozis-ujra-terjed-a-halalos-kor
c6919d4a914dc94d4468da7ad8e2d7c4c8fd43cadedffcfa68fb0b52a226ec65,2026-04-25 06:18:16.252324+00:00,hu,origo.hu,origo.hu,2026-04-25,Macron megint kinyitotta a száját – dörgedelmes üzenetet küldött Putyinnak,https://www.origo.hu/nagyvilag/2026/04/macron-putyin-trump-eu
ee01fe51b8d2b3c2ad6174859ce6b442635f0b30b1cafa78223fc6cfb9ff0525,2026-04-25 06:18:04.995204+00:00,hu,origo.hu,origo.hu,2026-04-25,Ez az egyszerű gyakorlat minden férfi egészségének jót tesz,https://www.origo.hu/itthon/2026/04/prosztatata-egeszseg-megorzes-uj-modszer
a52b1c218d076990f6d853136bdcfc1b6e40cfe3fbfef38c0a47e0a796d42366,2026-04-25 06:17:59.887066+00:00,hu,origo.hu,origo.hu,2026-04-25,A felesége miatt írhat Premier League-történelmet a Manchester United sztárja,https://www.origo.hu/sport/sport-futball/2026/04/manchester-united-bruno-fernandes-felseg-atigazolas
5f5f1890737efd90d3502234a7b0000d3975052b141f62840f6d8cdaa881204b,2026-04-25 06:17:54.864811+00:00,hu,origo.hu,origo.hu,2026-04-25,Meglepő dolog derült ki a testmozgásról – ez mindent megváltoztathat,https://www.origo.hu/nagyvilag/2026/04/testmozgas-intenziv-edzes-kronikus-betegsegek-kockazata
e480dd2cc7d96b9362e90c40fd1396f7d53c060b6575f7c8a5a8e6c67870fd8f,2026-04-25 06:17:49.849138+00:00,hu,origo.hu,origo.hu,2026-04-25,Trump nem bízta a véletlenre: Pakisztánba küldi legfőbb bizalmasait,https://www.origo.hu/kulpol/2026/04/steve-witkoff-jared-pakisztan
e826bfc93c3fbd8f756865ba9db56caf93cba6d5c43d8f72b5866fc2fa2541bd,2026-04-25 06:17:44.856435+00:00,hu,origo.hu,origo.hu,2026-04-25,A Titanic hátborzongató titka: hová tűntek a holttestek a roncsból?,https://www.origo.hu/tudomany/2026/04/titanic-hova-tuntek-a-holttestek
3c9e324aaf36b8e5cc998946da6a89e8d6851b4973f6c715b3182bfc5707321d,2026-04-25 06:17:39.892879+00:00,hu,origo.hu,origo.hu,2026-04-25,"Egy apró trükk, ami mindent megváltoztat: kevesebb por, kevesebb takarítás",https://www.origo.hu/itthon/2026/04/por-takaritas-trukk-lakas
f324f6d8d4c8dd9dc95aa44773cc3d1accba9365db59c9784a8d991a5b8f67ed,2026-04-25 06:17:31.415006+00:00,hu,origo.hu,origo.hu,2026-04-25,Donald Trump hamarosan felfedi az UFO-k titkát – vagy megelőzik őt?,https://www.origo.hu/nagyvilag/2026/04/ufo-foldonkivuli-donald-trump-titok-akta
8063af6cab85bc7bff00effbf9796b275015e311efd1996eb771564f397e3b96,2026-04-25 06:17:21.886138+00:00,hu,origo.hu,origo.hu,2026-04-25,"Kideríthetik a szülők, hogy miről beszélt a gyerekük a chatbottal",https://www.origo.hu/techbazis/2026/04/chatbot-facebook-messenger-instagram-szuloi-felugyelet
6afe160017419702184f320b5dbea419a85ec886bbe87035d152a5d115ef2577,2026-04-25 06:17:16.118194+00:00,hu,origo.hu,origo.hu,2026-04-25,"A nagy kávékvíz: sokan nekifutnak, de a legtöbben már az első kérdéseknél elvéreznek",https://www.origo.hu/nagyvilag/2026/04/kviz-kave-ital
10945384645e0b3678258e71f21d987156f7430b26dc401adf03fb4e5a1fd6ca,2026-04-25 05:34:00.577419+00:00,hu,index.hu,index.hu,2026-04-25,Sorozatban hét hazai vereség után szerzett újra pontot otthon a Kazincbarcika,https://index.hu/sport/futball/2026/04/25/labdarugas-futball-magyar-bajnoksag-fizz-liga-kazincbarcika-mtk/
a81d29d9961f72ebda2181040390dd8efbbbca021844babd4b4bba8bb59dabd0,2026-04-25 05:33:48.256359+00:00,hu,index.hu,index.hu,2026-04-25,"Washington kemény üzenetet küldött Teheránnak, „könyörtelen nyomást” helyeznek Iránra",https://index.hu/kulfold/2026/04/25/iran-haboru-pete-hegseth-hadugyminiszter-donald-trump-blokad-hormuzi-szoros/
f48029ec3f1bc833b1d908bb555e7e7d1253d30fb0706be27a9fd4eea89ed9af,2026-04-25 05:33:42.959274+00:00,hu,index.hu,index.hu,2026-04-25,Závecz Tibor: A rendszerváltás óta példátlan adatok érkeztek,https://index.hu/belfold/2026/04/25/csatater-zavecz-tibor-valasztas-2026-tisza-part-fidesz-kozvelemeny-kutatas-kormanyalakitas-magyar-peter/
27b1711e9c1465249d54a348f90d39337febfa2ba35279edb663f4c9b437a2db,2026-04-25 05:33:32.083934+00:00,hu,index.hu,index.hu,2026-04-25,"Napos, csapadékmentes kirándulóidővel zárhatjuk a hetet",https://index.hu/belfold/2026/04/25/idojaras-elorejelzes-radar-napsutes-eso-homerseklet/
8955fb1acd2570bb6e2151af4896d709e85ee2e5c83eddd8341b6fe059009453,2026-04-25 05:32:55.198863+00:00,hu,index.hu,index.hu,2026-04-25,"Krausz Ferenc kiakadt a Telex cikkére: Ez fake news, rágalom, jogi lépéseket teszünk",https://index.hu/belfold/2026/04/25/krausz-ferenc-telex-vita-per-kritika-hegyi-peter-nta-elvonal-alapitvany/
6ba7367ecb67baffe70164fd355a2c7f30e68996c4590f2177f9b4cdddac6e22,2026-04-25 05:32:50.147845+00:00,hu,index.hu,index.hu,2026-04-25,Sevillában folytatódott a Real Madrid vesszőfutása,https://index.hu/sport/futball/2026/04/25/betis-real-madrid-cartuja-la-liga-spanyol-bajnoksag-barcelona-tabella-labdarugas-futball-vinicius-junior-hector-bellerin/
57c10a769e00837bad9e6bd16073ee4ccc7db9d3fdbeacca17a63bd47f5e362a,2026-04-25 05:32:45.192636+00:00,hu,index.hu,index.hu,2026-04-25,"Felrázza a piacot az Aldi, a magyar boltokban is változások jönnek",https://index.hu/gazdasag/2026/04/25/aldi-bevasarlokozpont-atalakulas-kiskereskedelem-arculatvaltas-bolt/
622182f46d1e91a81a1e8df1774d9666511ce4d304192231906768a822dfd15a,2026-04-25 05:32:40.093509+00:00,hu,index.hu,index.hu,2026-04-25,Totálisan átalakul a magyarok egyik kedvenc kávémárkája,https://index.hu/techtud/2026/04/25/nespresso-vertuo-up-kave-dua-lipa-uj-arc/
4cf6434faaca847e7cfed006100339ced639c197a2820d5d52c6dbee1699b2f2,2026-04-25 05:32:20.866244+00:00,hu,index.hu,index.hu,2026-04-25,"Súlyos figyelmeztetés érkezett, Oroszország és Kína szintet lép a nukleáris fegyverkezésben",https://index.hu/kulfold/2026/04/25/oroszorszag-ukrajna-orosz-ukran-konfliktus-moszkva-kijev-vlagyimir-putyin-volodimir-zelenszkij-europai-unio-nato-beketargyalasok/
7662357668dcee4a8abc5f1d3c30a042cf3392d8f8e348c742aace7f307182b3,2026-04-25 05:32:15.824429+00:00,hu,index.hu,index.hu,2026-04-25,"A magyar zene egyik legnagyobb legendája, akinek unokanővére izraeli nemzeti hős",https://index.hu/kultur/2026/04/25/szenes-ivan-dalszerzo-zenesz-kviz-evfordulo/
4a6343496b5343b76c4e0466851271c186473982b669df814ac6c5289c81e8cd,2026-04-25 05:32:10.999978+00:00,hu,index.hu,index.hu,2026-04-25,"Egyik kutya, másik eb, ezek a fajták valók a leginkább az irodákba",https://index.hu/tudomany/2026/04/25/kutya-munka-hivatal-viselkedes-dogz-fesztival/
80eb9646dc22e012dd55639a2d89f40c849421e7c15d8ff522ed80c53bf024bc,2026-04-25 05:26:24.363310+00:00,hu,blikk.hu,blikk.hu,2026-04-25,"Ha csak a felét ismeri ezeknek az idegen szavaknak, már nyertesnek érezheti magát",https://www.blikk.hu/eletmod/vilag-titkai/idegen-szavak-kviz-altalanos-muveltseg/w4tv674
9e715b30d72391aa5d0440f6ff27bd6a0622f1ce93528fdb2c897074303931b2,2026-04-25 05:26:17.774516+00:00,hu,blikk.hu,blikk.hu,2026-04-25,"Napsütéses idő lesz, a szél azonban nem mérséklődik",https://www.blikk.hu/aktualis/belfold/idojaras-napsutes-hidegfront-szel/hbd21w6
ba4824e35012e4c24ea64860ba5895d47d8f7a2e781e55709f77dc801be42b99,2026-04-25 05:26:05.383025+00:00,hu,blikk.hu,blikk.hu,2026-04-25,"A csillagjegyek, amelyek a sikerre és hatalomra születtek",https://www.blikk.hu/eletmod/lelek/befolyasos-vezetoi-csillagjegyek/rg06385
5266fcbd6c8122889f85b609bc37a49b736dbe1ecf2ee4b8863bde6137234c11,2026-04-25 05:25:25.678817+00:00,hu,blikk.hu,blikk.hu,2026-04-25,"Hadobás Olivér simán kiejtett egy Bajnokot: ""Tényleg a végsőkig fogok küzdeni""",https://www.blikk.hu/sztarvilag/hazai-sztarok/hadobas-oliver-parbaj-gyozelem/04l2wq6
92201e6d843d9bcfe86168ab43c8caf47f362dfa3e5b8618cbca1f486fa520e4,2026-04-25 05:25:20.879345+00:00,hu,blikk.hu,blikk.hu,2026-04-25,"Elszállíthatják az autóját, ha túl sokáig parkol – ezt kell tudnia!",https://www.blikk.hu/auto/parkolas-szabalyok-egy-helyben/zgzhc3w
cfef817198c99e91a1feb9cef15df31a73250ebba15a37f712d42c6b76980ee2,2026-04-25 05:25:16.076103+00:00,hu,blikk.hu,blikk.hu,2026-04-25,Így szabaduljunk meg a megsárgult ajtóktól,https://www.blikk.hu/eletmod/tippek/megsargult-ajtok-feheritese/wss574w
0ac333d4388d46d4ddad1a274bd1c16ab7540c8e2730c451ae0625beab588bcc,2026-04-25 05:25:09.343020+00:00,hu,blikk.hu,blikk.hu,2026-04-24,"Kilakoltatták házukból a párt, beköltöztek a garázsukba",https://www.blikk.hu/aktualis/belfold/ingatlan-kilakoltatas-gyor-birosag/srh88td
864a1e8d4598fb6734b408c805d13bb76d2c85c5b5854ee80a97f8a9681edd1f,2026-04-25 05:25:04.740042+00:00,hu,blikk.hu,blikk.hu,2026-04-25,Megtudtuk: ezt vizsgálja a hatóság a múlt heti lottónyeremények kapcsán,https://www.blikk.hu/gazdasag/penz/lottonyeremeny-vizsgalat-szerencsejatek-hatosag/6v01njy
2c6db384a8feb584a83866c111ca84ad441932499771ec8e0937b927a35b69d9,2026-04-25 05:24:53.693260+00:00,hu,blikk.hu,blikk.hu,2026-04-25,Komoly veszélyt jelezhet az időseknél a nappali szundikálás: ez rengeteg embert érint,https://www.blikk.hu/ferfiaknak/tech/alvas-szundikalas-idos-kor-betegseg-halalozas/tp6yrph
f0c8f0e27eeecea642383dd612445c98b37c45cf621028b185aa7ca0bd3250f8,2026-04-25 05:19:16.468505+00:00,hu,origo.hu,origo.hu,2026-04-25,"„Úgy csinálok, mintha fenekek lennének” – Ronaldinho malacot nyert a börtönben, de a világot a mosolyával verte át",https://www.origo.hu/sport/2026/04/ronaldinho-dokumentumfilm-netflix-messi-barcelona
191b564c43551f0b2d5b7cd58d568806486e00c98724778d0540fd5b67e8dac7,2026-04-25 05:18:30.220055+00:00,hu,origo.hu,origo.hu,2026-04-25,Kihagyhatatlan ajánlat vagy kényszermegoldás? Megszólalt a klubváltása után Máthé Dominik,https://www.origo.hu/sport/sport-csapat/2026/04/mathe-dominik-atigazolas-interju-valogatott-psg-elverum
29de54fbc072bd7c1d979f641a82cc8067d0c9801a6abf87f1530298c04c0242,2026-04-25 04:32:06.900074+00:00,hu,origo.hu,origo.hu,2026-04-25,Légitársaságot menthet Donald Trump – tizennyolcezer munkahelyet óvna meg az elnök,https://www.origo.hu/gazdasag/2026/04/spirit-airlines-csod-donald-trump
42398fd49a1381aac0a7263b50f1407aab0b76d82b0875bc3cc7e978a5976c41,2026-04-25 03:26:56.693428+00:00,hu,blikk.hu,blikk.hu,2026-04-25,Megszületett a magyar Diana kislánya! Barbara őszintén mesélt nekünk az anyaságról és a hasonmások titkos világáról,https://www.blikk.hu/aktualis/belfold/megszuletett-a-magyar-diana-hercegno-kisbabaja-barbara-oszinten-vallott-a-hasonmasok/0mctjhf
b1e62cdd3cba2f4d215f93f575d4d551d4e867c20564747dfe6c3b870034dfae,2026-04-25 03:26:51.056262+00:00,hu,blikk.hu,blikk.hu,2026-04-25,Miért érdemes a káposztát beépíteni a mindennapi étrendbe,https://www.blikk.hu/eletmod/tippek/kaposzta-vernyomas-csokkentes/6yb2pnp
797633eab44318706507595cdeafd334cfd26c924535c7fb139a99913e0adb85,2026-04-25 03:25:22.089785+00:00,hu,blikk.hu,blikk.hu,2026-04-25,Segített a ChatGPT a véres egyetemi lövöldözés elkövetőjének? Bűnügyi nyomozás indult a tragédia után,https://www.blikk.hu/ferfiaknak/tech/lovoldozes-amerika-per-chatgpt-openai-merenylo/lxmw6tz
995799a7f82bd8215f519b4c0078b41d2c79af13cb0325eb70f262d7b8bae453,2026-04-24 22:33:15.814192+00:00,hu,origo.hu,origo.hu,2026-04-24,"Mbappé megsérült a 100. meccsén, a Real Madrid bajnokot csinál a Barcelonából",https://www.origo.hu/sport/sport-futball/2026/04/real-madrid-betis-mbappe-serules
0b0fe1ee55d10fc14daa58aee21ce0ad0b4aed57fa6f28b426ad0fcaf91a5233,2026-04-24 22:33:09.711666+00:00,hu,origo.hu,origo.hu,2026-04-24,Gulyás Gergely megválaszolta a legfontosabb kérdést Orbán Viktorról,https://www.origo.hu/belpol/2026/04/gulyas-gergely-uj-jobboldal
0c969066bc03fc00c3df0f219c1232e590ecd35fb655f123c6efe20f5c4f06d6,2026-04-24 22:33:00.661509+00:00,hu,origo.hu,origo.hu,2026-04-24,Megszakadt a hosszú sorozat: pontot szerzett az NB I sereghajtója,https://www.origo.hu/sport/sport-futball/2026/04/nb-i-mtk-kazincbarcika-fizz-liga-dontetlen
08c77bfbfb49be3e9ca99891d96c9981b155b04e0ef928b23f303f293f792407,2026-04-24 22:32:34.040251+00:00,hu,origo.hu,origo.hu,2026-04-24,A magyar hokiválogatott két felkészülési meccset játszott egy időben,https://www.origo.hu/sport/sport-csapat/2026/04/magyar-valogatott-jegkorong-felkeszules-japan-svajc
62e85bc76660f26893c5f6cc1bb050e4090bd96afd6eeb6da62c56d511608fc8,2026-04-24 22:25:16.942020+00:00,hu,origo.hu,origo.hu,2026-04-24,Magyar Péter falat húz a sajtó és a néma képviselői közé,https://hirtv.origo.hu/ahirtvhirei/2026/04/magyar-peter-falat-huz-a-sajto-es-a-nema-kepviseloi-koze
de9d1db96abe67bdbecbfd5829323f14c13c4db9103aab587a713bc6bd41798b,2026-04-24 22:24:52.659259+00:00,hu,origo.hu,origo.hu,2026-04-24,Ezért hallgat mélyen Magyar Péter csapata a brüsszeli ítélet után,https://hirtv.origo.hu/ahirtvhirei/2026/04/ezert-hallgat-melyen-magyar-peter-csapata-a-brusszeli-itelet-utan
a18f70bf92930d06a8cabefd2ce7d0661427dd193e93244c2d96991045478824,2026-04-24 22:24:47.818114+00:00,hu,origo.hu,origo.hu,2026-04-24,Jutalmat kínál a Meloni-kormány a migránsok hazaküldésében segítő ügyvédeknek,https://hirtv.origo.hu/hirtvkulfold/2026/04/jutalmat-kinal-a-meloni-kormany-a-migransok-hazakuldeseben-segito-ugyvedeknek
67fc0b3075a49b60cfd6da7ba674bed244df8154929bedb76183410c4377d319,2026-04-24 22:24:37.667509+00:00,hu,origo.hu,origo.hu,2026-04-24,Felkavarta az állóvizet az EU döntése,https://hirtv.origo.hu/ahirtvhirei/2026/04/felkavarta-az-allovizet-az-eu-dontese
d4aa791c0063edbd6eafe81b578f8ecec1e3cf6f0944946829719606b49ead32,2026-04-24 22:24:21.039608+00:00,hu,origo.hu,origo.hu,2026-04-24,Márki-Zay Péter szerint Ruff Bálint nulla tapasztalattal várja a miniszteri kinevezést,https://hirtv.origo.hu/ahirtvhirei/2026/04/marki-zay-peter-szerint-ruff-balint-nulla-tapasztalattal-varja-a-miniszteri-kinevezest
2ade5f39ec32cc78a2ac67d648a1f622a6dd4f26fa90fbcf1d057f49b1a48d85,2026-04-24 22:24:12.896520+00:00,hu,origo.hu,origo.hu,2026-04-24,Katasztrófák folyama Japánban,https://hirtv.origo.hu/hirtvkulfold/2026/04/katasztrofak-folyama-japanban
5d8eced7fb16f9a9f5ce74898a574b7d24a4270e3f18ff0105f5934fcdd069d9,2026-04-24 22:24:00.778428+00:00,hu,origo.hu,origo.hu,2026-04-24,Vezércikk - 180 fokos fordulatot vett az alakulóban lévő TISZA - kormány,https://hirtv.origo.hu/ahirtvhirei/2026/04/vezercikk-180-fokos-fordulatot-vett-az-alakuloban-levo-tisza-kormany
ce7d44436b19e9e008e5aadde3833170930a94749805cd482020b30bb3b17295,2026-04-24 22:23:50.783312+00:00,hu,origo.hu,origo.hu,2026-04-24,XIV. Leó pápa apostoli útja Afrikába,https://hirtv.origo.hu/hirtvkulfold/2026/04/xiv-leo-papa-apostoli-utja-afrikaba
4e78d9c4f91808e34d37aeb5914b50d4038a40e14bdbc0ae435f486412aa004d,2026-04-24 22:23:45.637332+00:00,hu,origo.hu,origo.hu,2026-04-24,Célpont - Hova lehet még süllyedni vajon?,https://hirtv.origo.hu/ahirtvhirei/2026/04/celpont-hova-lehet-meg-sullyedni-vajon
94715001096064d0bb9ff5a02d1cf236c09e22830eea059fec5685ac2490cc5a,2026-04-24 22:23:39.899890+00:00,hu,origo.hu,origo.hu,2026-04-24,Komment - Mégis lesz FIDESZ-es kormánytag?,https://hirtv.origo.hu/ahirtvhirei/2026/04/komment-megis-lesz-fidesz-es-kormanytag
31fe7fb5d208a3b3fce4a2f9f1f360018c02722cddbc4d89254f75e67a01b7e4,2026-04-24 21:43:31.329770+00:00,hu,blikk.hu,blikk.hu,2026-04-24,Még egy Bajnok kiesett az Exatlonból: egy hét alatt két versenyzőtől búcsúztak a pirosak,https://www.blikk.hu/sztarvilag/hazai-sztarok/exatlon-kieso-bacskai-balazs/sc35d68
76d9c44a426b84cc1eaaf5a4320d49e3558d6b85e3cd27c422c3dd78262609e8,2026-04-24 21:42:57.443985+00:00,hu,blikk.hu,blikk.hu,2026-04-24,Kamera elé állt a Szőlő utcai ügy koronatanúja,https://www.blikk.hu/aktualis/krimi/szolo-utcai-javitointezet-zsolti-bacsi-aldozat-szexualis-eroszak/tzkgkhc
3f81a81bf70d85ad0b89ff05eccef64d7e1eb7d809bb2039d03cf2e59380e472,2026-04-24 20:45:45.483226+00:00,hu,index.hu,index.hu,2026-04-24,"Nem kopnak el az emlékeink, csak benövi a dzsungel",https://index.hu/tudomany/til/2026/04/24/emlekezes-felejtes-memoria-elohivas-agy-neuronhalozat-pattern-completion/
43ac0c8167566ac9d6c42d3efb953d59d0af393847a0aed2adae57a0c7df0073,2026-04-24 20:45:35.516078+00:00,hu,index.hu,index.hu,2026-04-24,"Farkasházy Tivadar 13 év után bocsánatot kért Majkától a Heti Hetes miatt: „Ideje, hogy fellebbentsük erről a fátylat”",https://index.hu/mindekozben/poszt/2026/04/24/heti-hetes-majka-farkashazy-tivadar-bocsanatkeres/
ac72fd3ee097c2794d23831aca16f36be15592ec1360420cfd258e441717a55a,2026-04-24 20:45:26.606932+00:00,hu,index.hu,index.hu,2026-04-24,"Gulyás Gergely: Az új tiszás többség nem egy NER-light, hanem egy NER-hard inkább",https://index.hu/belfold/2026/04/24/gulyas-gergely-interju-fidesz-tisza-part/
588ee83f7b8ca25b217cb46c0e3956f6dfc2c616d36ae5e67fe334c508aca427,2026-04-24 20:45:21.951588+00:00,hu,blikk.hu,blikk.hu,2026-04-24,"Tizenkét évesen hátrahagyta otthonát, pedig még az ételrendeléshez is túl fiatal volt – Molnár Martin útja az F1 kapujáig",https://www.blikk.hu/sport/forma-1/molnar-martin-forma-3-autoverseny/p09vzg4
fa30dac24670abde11de0ec6a050260a6cf8b3db3e179236c6f04aa8e1f48400,2026-04-24 20:45:08.908089+00:00,hu,index.hu,index.hu,2026-04-24,Költségvetési csalás gyanúja miatt körözést adtak ki a szegedi Fidesz elnöke ellen,https://index.hu/belfold/2026/04/24/szeged-fidesz-elnok-radi-feriz-korozes/
bccb7f985d611265cc3c8917279961f4c1304c13bf325279b63b7b4a6572a0c1,2026-04-24 20:45:03.946906+00:00,hu,index.hu,index.hu,2026-04-24,Pankotai Lili megszólalt az új oktatási miniszterről a Rubovszky-ügy után,https://index.hu/belfold/2026/04/24/pankotai-lili-oktatasi-miniszter-lannert-judit-tanitanek-mozgalom/
e4380a8aba95822a827fc295baec29233b8030752d9c6ef71b6c418c3a089e8f,2026-04-24 20:44:59.767591+00:00,hu,blikk.hu,blikk.hu,2026-04-24,"Fekete Pákó 30 év után tér vissza Nigériába: „Hazatérek, és megölelhetem a szüleimet”",https://www.blikk.hu/sztarvilag/hazai-sztarok/fekete-pako-nigeria-visszateres/jmhr79l
c3754e17773470bfb41f44da6081f133a446527dc499609bfafb00bf12253e9c,2026-04-24 20:44:58.961698+00:00,hu,index.hu,index.hu,2026-04-24,Hegedűs Zsolt kivizsgálná a Covid-járvány alatti közbeszerzéseket,https://index.hu/belfold/2026/04/24/egeszsegugy-tisza-part-hegedus-zsolt-egeszsegugyi-miniszter-covid-19-koronavirus/
3a07186ef938ae9fe080203601f65c6d3a8f1a6aa29c25cf529b63729aca8491,2026-04-24 20:44:53.728613+00:00,hu,index.hu,index.hu,2026-04-24,"Semjén Zsolt benyújtotta a lemondását, de a KDNP nem fogadta el",https://index.hu/belfold/2026/04/24/semjen-zsolt-kdnp-miniszterelnok-helyettes-lemondas/
d99193cd996fce93a4d4045146c91de2b78190a95a39abaa4aba05662a48c437,2026-04-24 20:44:48.567345+00:00,hu,blikk.hu,blikk.hu,2026-04-24,"Gulyás Gergely szerint a Tisza Párt nem is NER-light, hanem NER-hard – videó",https://www.blikk.hu/politika/magyar-politika/gulyas-gergely-tisza-ner-hard/cx6c1qr
c2c0d807db0d435faa22ef5941959edabb8d4d5c38cd35daa2409287bbd3e1fc,2026-04-24 20:44:42.330231+00:00,hu,index.hu,index.hu,2026-04-24,"Hann Endre az államfői posztról: nem tartom reálisnak, de el sem utasítanám",https://index.hu/belfold/2026/04/24/csuhaj-ildiko-hann-endre-interju-orban-viktor-valasztas-2026-median/
a2ebb4bc3ae55bc45f86a73d04a51371eacea19a30ab035b0a0904413bd0f672,2026-04-24 20:44:37.175321+00:00,hu,index.hu,index.hu,2026-04-24,"Ha ezt olvassa elalvás előtt, biztos, hogy jól fog aludni",https://index.hu/tudomany/2026/04/24/alvas-alom-stressz-darian-leader-konyv-recenzio/
bba82f1268081cd4eb95a6d74287f0c14a647b92e56b3d6852cb742dc1ca1f80,2026-04-24 20:44:13.442386+00:00,hu,index.hu,index.hu,2026-04-24,"Bereczki Zoltán lányairól mesélt: „Nem is értem, hogy tud engem elviselni”",https://index.hu/mindekozben/poszt/2026/04/24/bereczki-zoltan-kislanya-flora-apasag/
e1776d86a12468edb2522d66338a19c0a3d1920fb43a3c43fad4999604d55131,2026-04-24 20:44:08.458669+00:00,hu,index.hu,index.hu,2026-04-24,Vitézy Dávid szerint felperzselt földet örökölt Lázár Jánostól,https://index.hu/belfold/2026/04/24/vitezy-david-kozlekedesi-miniszter-magyar-peter-tisza-part-iinterju-mav-tomegkozlekedes/
028dc6938eb14de399dd1350a89ec3d5db63b2b77901a2f3b0d506ff93ac901f,2026-04-24 20:44:04.522979+00:00,hu,blikk.hu,blikk.hu,2026-04-24,Bibók Bea pszichológus segített Nagy Zsolték kapcsolatán,https://www.blikk.hu/sztarvilag/hazai-sztarok/nagy-zsolt-oltai-kata-parterapia-szinesz/npmmq85
d7dedd7edf497305645900e24ec1649e70b89dd4d65d1e7f38178ad0235c7af5,2026-04-24 20:43:57.982745+00:00,hu,blikk.hu,blikk.hu,2026-04-24,Meglepetés: az MTK megint nem tudta legyőzni a Kazincbarcikát,https://www.blikk.hu/sport/magyar-foci/kazincbarcika-mtk-eredmeny/znqsjcy
7015c8326601de64d697ee13de436af8de95deff8d34457572fb6a626dccde88,2026-04-24 20:43:47.649990+00:00,hu,blikk.hu,blikk.hu,2026-04-24,Kim Dzsongun magyarországi bizalmasa Thürmer Gyulától búcsúzott,https://www.blikk.hu/politika/magyar-politika/thurmer-eszakkorea-nagykovet-bucsu/s0xj81l
e4835aa130c3e812c9f0396deaf904d7bc5f37643e372496f9264abdf5c3fb52,2026-04-24 20:30:21.411542+00:00,hu,origo.hu,origo.hu,2026-04-24,Tóth Gabit leváltották a zsűriben – váratlan név érkezik a helyére,https://www.origo.hu/itthon/2026/04/toth-gabi-avozik-megasztar-zsuri-dallos-bogi
cdf669d0b73a2586b470fdf61bc4fa30e906010101d729be07ecc11360ef647d,2026-04-24 20:30:14.111974+00:00,hu,origo.hu,origo.hu,2026-04-24,Óriási elismerés! Szoboszlai Dominik ott van a szezon csapatában,https://www.origo.hu/sport/sport-futball/2026/04/szoboszlai-dominik-premier-league-szezon-csapata-ea
b919f7fe76cfa199ae8434c31840112f8e8dbb361cae05cf5199791ffd8608ca,2026-04-24 20:29:58.188059+00:00,hu,origo.hu,origo.hu,2026-04-24,Atomtámadásra figyelmeztetnek – ezek a helyek lehetnek az első célpontok,https://www.origo.hu/nagyvilag/2026/04/atomtamadas-veszelyes-teruletek-celpontok-lista
cd9d88771705f3ddee2eb05fdb984907990143b9233b2848bbb38970d0c349b7,2026-04-24 20:28:53.669196+00:00,hu,origo.hu,origo.hu,2026-04-24,Pontlevonás miatt a kiesés szélére sodródhat a magyar válogatott focista csapata,https://www.origo.hu/sport/sport-futball/2026/04/magyar-valogatott-callum-styles-wba-pontlevonas
e0a60662980f98a253fdb03b03bb4904a811b5520163478398fc3fa92fc9ff4a,2026-04-24 20:28:43.926372+00:00,hu,origo.hu,origo.hu,2026-04-24,"Ritka betegséget diagnosztizáltak – fekete, ágszerű képződményeket találtak egy idős férfi tüdejében",https://www.origo.hu/nagyvilag/2026/04/tudobetegseg-fekete-dugok-ritka-eset
725629cb1cbc2ee8c4b16b4d0a315b6759d5ab7f9c7376eacf1ad166fbbb81a8,2026-04-24 20:28:37.417271+00:00,hu,origo.hu,origo.hu,2026-04-24,"Hihetetlen: évekkel éli túl a leghalálosabb rákot, aki ezt a készítményt kapja",https://www.origo.hu/tudomany/2026/04/hasnyalmirigyrak-ellen-szemelyre-szabott-vakcinaval
37568a6cbf93293bc76d3fc348b4074d3316687d03d3acb69282088952a0e366,2026-04-24 20:28:29.027161+00:00,hu,origo.hu,origo.hu,2026-04-24,Nem mindennapi ember a gödöllői HÉV-gázolás áldozata,https://www.origo.hu/kek-hirek/2026/04/hev-halalos-gazolas-rakosfalva-nagyicce
7f57459f0531dae49c86ba2bd8f3d608b4577bf336262605669131582a6f07b6,2026-04-24 19:45:24.105296+00:00,hu,blikk.hu,blikk.hu,2026-04-24,"Azt hitték, csak megsérült a térde: meghalt a kiváló sportoló",https://www.blikk.hu/sport/cristian-camilo-munoz-kerekpar-gyasz/yhs0kdy
e3dc91b773bd5dba7f6a7a0dd95245d6871140ea5c1a83bf24ff1fc70d9235d8,2026-04-24 19:45:16.064452+00:00,hu,blikk.hu,blikk.hu,2026-04-24,Margot Robbie nagyot váltott: új frizurája mindenkit meglepett,https://www.blikk.hu/margot-robbie-szineszno-uj-frizura-stilus/1r507tb
325e46880e4293130378daadbd4c052f189fd3a9f8d085ff3169c72e304f5d0f,2026-04-24 19:44:36.620578+00:00,hu,blikk.hu,blikk.hu,2026-04-24,Dér Heni kitálalt: ezért hagyta ott a Sugarloafot,https://www.blikk.hu/sztarvilag/hazai-sztarok/der-heni-megasztar-sugarloaf-kilepese/5m1t4rt
4c0fbe23464cefce7f73104bbc0b460e9b2738b0abfc1fcea236a74d7c80255c,2026-04-24 19:44:21.547604+00:00,hu,blikk.hu,blikk.hu,2026-04-24,"Elfogatóparancsot adtak ki a szegedi Fidesz elnöke, Rádi Feríz ellen",https://www.blikk.hu/aktualis/belfold/nemzeti-ado-es-vamhivatal-nav-gyanu-koltsegvetesi-csalas/cjpmz86
c2a473c037d6bb10d5d5fc93358b0b807627fa81d59f8b7fe32714016fba18bb,2026-04-24 19:44:12.087649+00:00,hu,blikk.hu,blikk.hu,2026-04-24,Nagy Ervin szerint taxi vitte a kórházba az iváncsai akkumulátorgyár dolgozóit a tűz után – videó,https://www.blikk.hu/aktualis/belfold/ivancsa-akkumulatorgyar-tuz-taxi/f9de18l
4163957e1123f9a3bf03bd623fc63238929340741baa2fbb986551b135f7ad57,2026-04-24 19:44:03.258138+00:00,hu,blikk.hu,blikk.hu,2026-04-24,Oroszország megfenyegette az EU-t: súlyos következményei lesznek a huszadik szankciócsomagnak,https://www.blikk.hu/politika/vilagpolitika/szankcios-csomag-oroszorszag-europai-unio/zcrrb15
6fa91740bdfd2b5971a40eadfe24d72d938196b758eba836405ce312684b585e,2026-04-24 19:43:57.758418+00:00,hu,blikk.hu,blikk.hu,2026-04-24,Újabb részletek derültek ki Diogo Jota haláláról,https://www.blikk.hu/sport/kulfoldi-foci/diogo-jota-liverpool-baleset-birosag/8jt20nw
a837f759d4cb1917621a0b4e292018d6b3a9945d5a0670a970655f7dd8816fb6,2026-04-24 19:43:40.899399+00:00,hu,blikk.hu,blikk.hu,2026-04-24,Semjén Zsolt benyújtotta a lemondását,https://www.blikk.hu/politika/magyar-politika/semjen-zsolt-lemondas-fidesz-kdnp-reakcio/x567zs5
16b5a5114e6935b2c96ceab5ad90b583d3965b4b5d4bf12438ad9c976232b19c,2026-04-24 19:43:33.466709+00:00,hu,blikk.hu,blikk.hu,2026-04-24,Megható visszatérés: Jákob Zoli felkereste gyermekkori otthonát,https://www.blikk.hu/sztarvilag/hazai-sztarok/jakob-zoli-uzletember-regi-otthona/9pceblg
aad0ef2d7804524517ece1268092e1d0c72762b7eba0459680e991c543e458d5,2026-04-24 19:28:35.093424+00:00,hu,index.hu,index.hu,2026-04-24,Soha nem is létezett a bikiniben pózoló Trump-párti influenszer,https://index.hu/kulfold/2026/04/24/ai-influenszer-botrany-donald-trump-usa-maga-bikinis-kepek/
8e0cd66c743b80f49f4849337828556e98c6eea0d607d775f1d9dfada699fe0e,2026-04-24 19:28:30.992436+00:00,hu,index.hu,index.hu,2026-04-24,"Bejelentették, ki lesz a Megasztár új zsűritagja, Tóth Gabi helyét veszi át",https://index.hu/mindekozben/poszt/2026/04/24/megasztar-2026-zsuri-bejelentes/
153cd92c4b9f81b4c3203454a9f3f7a9f70139d1890ef07f2a60a0975d71c363,2026-04-24 19:28:25.246835+00:00,hu,index.hu,index.hu,2026-04-24,Bencsik András szerint a Fidesznél idiótákra bízták a kommunikáció irányítását,https://index.hu/belfold/2026/04/24/bencsik-andras-demokrata-foszerkeszto-kommunikacio-fidesz-kormany/
ea59affe7632634f792837145068b7beae20caf023c1a749c9c717b7d22865c9,2026-04-24 19:28:20.080388+00:00,hu,index.hu,index.hu,2026-04-24,"Tompos Márton elővette Magyar Péter 2024-es kommentjét, amit Vitézy Dávidról írt",https://index.hu/belfold/2026/04/24/tompos-marton-vitezy-david-kozlekedesi-miniszter-magyar-peter/
0e9e9fdb4e7d2c7fe5a9866d4a49cd6d2dbbc553a2f6e94edc4df4f9961b4a0b,2026-04-24 19:28:15.020799+00:00,hu,index.hu,index.hu,2026-04-24,Hónapokig tartó politikai krimi után dőlt el a 90 milliárd eurós ukrán hitel sorsa,https://index.hu/kulfold/2026/04/24/europai-unio-ukrajnai-haboru-hitel-magyarorszag-akadaly-baratsag-koolajvezetek/
295f4a178c0d3b6f199763da72ea199d5b5d94128c31ec08c664d32848479bc1,2026-04-24 19:28:10.072780+00:00,hu,index.hu,index.hu,2026-04-24,"Takács Péter felkészítette gyerekeit arra, hogy éjszaka lehet, hogy jönnek majd érte a rendőrök",https://index.hu/belfold/2026/04/24/takacs-peter-allamtitkar-anyazas-interju-fidesz/
1e55f713258640f75faf992084dfb9b1859a64f87a9fad053bfb7068bf40d23a,2026-04-24 19:28:05.068890+00:00,hu,index.hu,index.hu,2026-04-24,"Navracsics Tibor: Magyar Péter része volt a NER-nek, őt soha nem hagyták az út szélén",https://index.hu/belfold/2026/04/24/navracsics-tibor-magyar-peter-ner-valasztas-2026/
8160efea8136e86ad190c7c1b326d690e47ec27249ce1b85b45f59d2d612c9ed,2026-04-24 19:28:00.149052+00:00,hu,index.hu,index.hu,2026-04-24,"Saját bőrömet vittem a vásárra, enélkül biztos nem lesz meg az örök élet",https://index.hu/gazdasag/2026/04/24/mozgasszervi-panaszok-derekfajdalom-csipofajdalom-ulo-munka-gyogytorna-manualterapia-kezeles-mozgas-sport-egeszseg/
a7e288d72b1074778d0dd4b3df4fc51e801297fe1059388f6c3ef8ea41cb35dd,2026-04-24 19:27:55.124801+00:00,hu,index.hu,index.hu,2026-04-24,"Olyan az új Stranger Things-sorozat, mintha beálltunk volna katasztrófaturistának",https://index.hu/kultur/cinematrix/2026/04/24/stranger-things-1985-kronikai-netflix-teve-animacios-sorozat-spin-off-pilot-elso-evad-kritika/
19e68e1b61af9cec2ed460121897d521f5295465a2aea76bab3123a559d9765b,2026-04-24 19:27:49.887454+00:00,hu,index.hu,index.hu,2026-04-24,Donald Trump NATO-tervei után az Európai Bizottság már a külön védelmen dolgozik,https://index.hu/kulfold/2026/04/24/europai-bizottsag-tervezet-vedelmi-egyuttmukodes-nato-donald-trump/
5787ecbc4bedecbbe86b6e40fef0d9392c79f8ce5796279c16ae3037e930c187,2026-04-24 19:27:45.073829+00:00,hu,index.hu,index.hu,2026-04-24,"Újabb település lehet érintett az azbesztszennyezésben, a hivatalban már maszkokat osztanak",https://index.hu/belfold/2026/04/24/koszeg-azbeszt-szennyezes-ausztria-vas-varmegye-lezaras-sebessegkorlatozas/
8123d90b30b42204f9a596e0b12a306b97af4b91018f0b5ffd23d34551de7384,2026-04-24 19:27:40.177385+00:00,hu,index.hu,index.hu,2026-04-24,Mehringer Marci az Indexnek: Politikailag és rocktörténelmileg is nagyot alkottunk,https://index.hu/fomo/2026/04/24/budapest-park-sajtotajekoztato-interju-mehringer-marci-csepregi-eva-neoton-familia/
47736e70df178fdf64e55434036da00c19e19a417de61a6775721949f634015d,2026-04-24 19:27:35.026782+00:00,hu,index.hu,index.hu,2026-04-24,"A volt kosaras úgy érzi, április 12. óta már nem kell szemlesütve járnia Angliában",https://index.hu/belfold/2026/04/24/grun-nemeth-laszlo-szavazaus-anglia-kosarlabda/
243b90d0ca90d4c43d91d7a09d98e66d62b24457faaec96d4ce5943c52e54b77,2026-04-24 19:27:30.037371+00:00,hu,index.hu,index.hu,2026-04-24,A NAIH szerint törvénytelenül gyűjtött adatokat Lázár János,https://index.hu/belfold/2026/04/24/lazar-janos-adatgyujtes-naih-kresz/
0822e3829ad77928381fb002908a477833672b3777633417f5dc9835bdbc3f8e,2026-04-24 19:27:25.207738+00:00,hu,index.hu,index.hu,2026-04-24,Ezúttal egy EU-tag sem bújhatott Orbán Viktor háta mögé Ukrajna ügyében,https://index.hu/kulfold/2026/04/24/europai-unio-europai-tanacs-eu-csucs-antonio-costa-ursula-von-der-leyen-kozel-kelet-iran-energiavalsag-koltsegvetes-vita/
9a7735bdfa65054bf9909ed8d9fffe98a3de00c7d14a30daaafe63b22e49c4b5,2026-04-24 19:27:20.042083+00:00,hu,index.hu,index.hu,2026-04-24,Letartóztatást rendelt el a Központi Nyomozó Főügyészség egy Orbán Viktor testvéréhez köthető ügyben,https://index.hu/belfold/2026/04/24/kozponti-nyomozo-fougyeszseg-letartoztatas-munkaero-kolcsonzes-budai-kozponti-keruleti-birosag/
4ca8633a3626f1b90d1ebe73c55c6977706a36fa7100200d00e498a3c6e8f483,2026-04-24 19:27:15.899756+00:00,hu,index.hu,index.hu,2026-04-24,"Cinthya Dictator üzent Vitézy Dávidnak, nem is akármit",https://index.hu/mindekozben/poszt/2026/04/24/vitezy-david-cinthya-dictator/
10631edd202d7a5e146bb6da60f2b47d413ef750069984ce5151a433bbc6b54a,2026-04-24 19:26:51.682475+00:00,hu,index.hu,index.hu,2026-04-24,"Nyilvánosságra került egy levél, olcsó üzemanyag jöhet a kutakon, figyelniük kell az autósoknak",https://index.hu/gazdasag/2026/04/24/uzemanyag-uzemanyagarak-benzin-europai-unio-benzinkut/
e1f006ab1e45847d2f5d3be6d6d064a196f4f6e4febcd63f8188c1953765063f,2026-04-24 19:26:46.748923+00:00,hu,index.hu,index.hu,2026-04-24,"Hatalmas tűz Kecskeméten, ötezer négyzetméteren égett egy hulladékfeldolgozó",https://index.hu/belfold/2026/04/24/kecskemet-tuz-hulladekfeldolgozo-katasztrofavedelem/
87e0c8175f68a7ace4fdf984737154e43e902d9883e1053ba515d625ff11e299,2026-04-24 18:44:35.647850+00:00,hu,blikk.hu,blikk.hu,2026-04-24,Tragikusan fiatalon halt meg a youtuber: egy ittas sofőr okozta Advance Gaming halálát,https://www.blikk.hu/sztarvilag/nemzetkozi-sztarok/muzahid-millad-meghalt/k7kggs5
4502bfac4ad91c3684a0bf22275d1a37984f1eb090f7564d09f2e3f2ebf6b00f,2026-04-24 18:44:24.064945+00:00,hu,blikk.hu,blikk.hu,2026-04-24,Ezek a leggazdagabb országok 2026-ban: Franciaország és Németország sem került be a top 10-be,https://www.blikk.hu/gazdasag/penz/2026-leggazdagabb-orszagok/3zr2jte
fcbb18026ab2e4117548e64df2ae0f7c5fd219dd27dc85755c1586bb45141271,2026-04-24 18:44:01.074871+00:00,hu,blikk.hu,blikk.hu,2026-04-24,Ismert fociedzőt gázoltak halálra a 83-as főúton,https://www.blikk.hu/aktualis/krimi/meghalt-az-ismert-fociedzo-gyor-moson-sopron/jtf35vq
c1a071e3107cdd76886973d0c54f2e788c73cfe40bc32619dd433dac130e91ee,2026-04-24 18:43:35.508058+00:00,hu,blikk.hu,blikk.hu,2026-04-24,Vádat emeltek Curtis ellen: komoly vitába keveredett a rapper – videó,https://www.blikk.hu/sztarvilag/hazai-sztarok/curtis-vademeles-pofon/de6f1qt
f93ef5ea84025c78412f8b25373922eb4090b4d403f452f37ed541ef3b7227b9,2026-04-24 18:43:11.500158+00:00,hu,blikk.hu,blikk.hu,2026-04-24,"Biztos nem emlékszik az összes Megasztár zsűritagra, nézze meg",https://www.blikk.hu/galeria/megasztar-zsuritag-evadok/ppgzsvr
a71c98917f064d6deaec894406094e8af00db421aba18bf455d9b0c1469dfbc6,2026-04-24 18:43:04.823058+00:00,hu,blikk.hu,blikk.hu,2026-04-24,"Panaszkodnak ""Pajkaszeg"" lakói A mi kis falunkról: ""Nem esett jól, amikor éjjel 3-kor díszkivilágítás volt az utcán""",https://www.blikk.hu/sztarvilag/hazai-sztarok/a-mi-kis-falunk-forgatas-pilisszentlelek-pajkaszeg/wxzrpjl
c28eb3d8921652273aac56b2d5c08deb9bfcec6dca1fe4d418e9558978927d04,2026-04-24 18:42:55.612337+00:00,hu,blikk.hu,blikk.hu,2026-04-24,Sokkoló döntést hozott Carlos Alcaraz: „Nehéz pillanat ez”,https://www.blikk.hu/sport/carlos-alcaraz-roland-garros-serules-visszalep/l8j3vsy
4c521a5d7ee58c705b20e757f8a8bad28445207e00a6ef3f527db8c6246f5e97,2026-04-24 18:42:51.197927+00:00,hu,blikk.hu,blikk.hu,2026-04-24,Ezt szereti legjobban felesége Veréb Tamásban,https://www.blikk.hu/sztarvilag/hazai-sztarok/vereb-tamas-vereb-koltai-vivien-hazassag-palikek-vilaga/369wr52
628c7f17b7ed328425b3a603cfe65ebc3e888b60758f6cae7a196bf7bdedd77c,2026-04-24 18:39:42.611319+00:00,hu,origo.hu,origo.hu,2026-04-24,Brutális halál: elefántok taposták halálra a milliomos vadászt,https://www.origo.hu/nagyvilag/2026/04/vadasz-halala-elefantcsorda
9133ea6b1230e6e518743c4f2ad460da00d5c1757ad353c540c53c7332fce07a,2026-04-24 18:30:25.715243+00:00,hu,origo.hu,origo.hu,2026-04-24,Sugárzást mértek Magyarországon – itt lett a legmagasabb az érték,https://www.origo.hu/itthon/2026/04/sugarzas-hajdu-bihar-meresi-eredmenyek
461129ab9da3ff488696452d9f42548fa58c73997edcf323b1c7a0083fa56bde,2026-04-24 18:29:38.134581+00:00,hu,origo.hu,origo.hu,2026-04-24,Itt a lista! Ezekben az országokban a legnagyobb a női fenékméret,https://www.origo.hu/nagyvilag/2026/04/fenekmeret-csipomeret-testarany-felmeres-rangsor
2874ffc6ec63ca3c0f3c4c94a2e26809b635da9cb3577dc2a9457fe7d8b96029,2026-04-24 18:29:33.576723+00:00,hu,origo.hu,origo.hu,2026-04-24,Lannert Judit személyében a Gyurcsány-kormányhoz kötődő ultraliberális oktatási minisztert választott Magyar Péter,https://www.origo.hu/belpol/2026/04/lannert-judit-gyurcsany-kormany-ultraliberalis
f335d37cb99e7d37dd41bc9fb3adf43e721d4314ae16baeb97fe9194bd19c2a7,2026-04-24 17:50:18.705308+00:00,hu,blikk.hu,blikk.hu,2026-04-24,Tragédia: egy pizza miatt ölték meg brutálisan a fiatal focistát,https://www.blikk.hu/sport/kulfoldi-foci/gabriele-vaccaro-foci-gyilkossag-gyasz/tcpw27v
fb4bb49b272dfc37beb7945a45a2a0adb5b1c2d860c7f287e82466dd13dba19b,2026-04-24 17:49:50.356300+00:00,hu,blikk.hu,blikk.hu,2026-04-24,Farkasházy Tivadar bocsánatot kért Majkától,https://www.blikk.hu/sztarvilag/hazai-sztarok/farkashazy-tivadar-majka-heti-hetes/rz5clve
b60fb303401fbad0cfbdb2d1c4522a71a0e78fb6e978fe17c835f6fffe7dbb97,2026-04-24 17:49:24.643539+00:00,hu,blikk.hu,blikk.hu,2026-04-24,"Cooky-t megműtötték: kiderült, miért feküdt kés alá a lemezlovas – fotó",https://www.blikk.hu/sztarvilag/hazai-sztarok/cooky-mutet-krasznai-zsolt/48vhq96
2ef880a2bfabd009642f853a13cb756c6b07a435a9697b1ce922774bba1aef3c,2026-04-24 17:48:11.015447+00:00,hu,origo.hu,origo.hu,2026-04-24,Diogo Jota haláláról újabb részletek derültek ki,https://www.origo.hu/sport/sport-futball/2026/04/diogo-jota-tragedia-bunteto-eljaras-liverpool
c209a4d89cb9972535872f8d15f4b1bb187f42f83eb11fdabe4893ea17ab7a15,2026-04-24 17:47:56.868944+00:00,hu,origo.hu,origo.hu,2026-04-24,Sokat ülsz? Ez az egyszerű trükk megmentheti az életed,https://www.origo.hu/tudomany/2026/04/hosszas-ules-sok-ember-halalat-okozza-de-mi-a-teendo
ceaf6095897f31c7dc29766beb0bc1f4338586c58aba0accf06c7b55603f871b,2026-04-24 17:47:50.164466+00:00,hu,origo.hu,origo.hu,2026-04-24,Egyre nagyobb a baj: újabb magyar városokat fenyeget az azbesztszennyezés,https://www.origo.hu/itthon/2026/04/azbeszt-ugy-nyugat-magyarorszag-szombathely
26d7243da0e298f5e5d407e1821eae8f69a9ae9c068d2a450b90238c8fc16bd7,2026-04-24 17:47:34.581927+00:00,hu,origo.hu,origo.hu,2026-04-24,"Órákig tartott a mentés, fán rekedt egy medve – videó",https://www.origo.hu/nagyvilag/2026/04/medve-fa-altatas-zuhanas-amerika
801a157e2c4288064ba610a24443b7e3f22af1697fb0414ba60d6160874db026,2026-04-24 17:47:24.584215+00:00,hu,origo.hu,origo.hu,2026-04-24,Itt lehet az eltűnt kiskunhalasi család? Két hete nem látta őket senki,https://www.origo.hu/kek-hirek/2026/04/eltunt-apa-harom-lanyaval
156a92c3699b9c6329a6b4a5077dcd5ce636ca0bbb75d2dd82660600b921489e,2026-04-24 17:47:19.021819+00:00,hu,origo.hu,origo.hu,2026-04-24,"Azt hitték, csak a térde sérült meg, pár nappal később meghalt a kiváló sportoló",https://www.origo.hu/sport/sport-egyeni/2026/04/meghalt-kerekpar-kolumbia-bukas-terd
16ce2c66f7ff436f40ef4f88f78c8c003a3a1eb5fc0e4a5769109b8c5141bb40,2026-04-24 17:47:04.588458+00:00,hu,origo.hu,origo.hu,2026-04-24,Így vált Vitézy Dávid a Fidesz hekkjéből a Tisza Párt miniszterévé,https://www.origo.hu/belpol/2026/04/elkepeszto-fordulat-zajlott-le-magyar-peternel
e918742a3663794eb115caa9485bd3a68fa69f91e860ba1bcca427d54edc50d6,2026-04-24 17:46:52.832204+00:00,hu,origo.hu,origo.hu,2026-04-24,Horrorüldözés: átrepült a körforgalmon a veszélyes manővert végrehajtó autó – videó,https://www.origo.hu/nagyvilag/2026/04/autos-manover-korforgalom-egyesult-kiralysag
1c0cd2f0a8c973489938654d184e0c0cc2c8745d3c735f493346c58b8e005ec1,2026-04-24 17:46:30.220792+00:00,hu,origo.hu,origo.hu,2026-04-24,Nem védheti meg a címét a Roland Garroson a világ egyik legjobb teniszezője,https://www.origo.hu/sport/sport-egyeni/2026/04/carlos-alcaraz-visszalepes-roland-garros
304d1e46825d3885a473b415c4e1fec89fc9b485efcd7b3090dd006eb2681622,2026-04-24 17:46:20.819604+00:00,hu,origo.hu,origo.hu,2026-04-24,"Ott van a házipatikádban – és lehet, hogy nem is sejted a kockázatot",https://www.origo.hu/tudomany/2026/04/gyogyszer-demencia-kockazat
fb0a7fef835210de5316c09dd8ac48b7fc13e342e9818a73ea4bd0327975cfbc,2026-04-24 17:25:31.499570+00:00,hu,blikk.hu,blikk.hu,2026-04-24,Tóth Gabi helyett Puskás-Dallos Bogi ül a Megasztár zsűrijébe,https://www.blikk.hu/sztarvilag/hazai-sztarok/dallos-bogi-toth-gabi-mesterek-megasztar-csere/3l0cmyl
a4c648ab5cd36bd1293cc58936b608ec75d0a9c3d798841feea16490d3f8f0f5,2026-04-24 17:25:13.715027+00:00,hu,blikk.hu,blikk.hu,2026-04-24,"Ilyenre még nem volt példa, komoly döntést hozott az MLSZ szakbizottsága",https://www.blikk.hu/sport/magyar-foci/nb-i-mlsz-licenc-elbiralas-foci/vhrhhe8
71bb47e04c9f76ce8238ad9a6d1cfe6e5f6293861b51a3a899c5c2610b3e4a02,2026-04-24 17:24:43.195920+00:00,hu,blikk.hu,blikk.hu,2026-04-24,„Hosszú ideje alig alszom” – megszólalt Szigligeti Ivett,https://www.blikk.hu/sztarvilag/hazai-sztarok/dudas-miki-halala-tragedia-szigligeti-ivett/9emnqdy
06c9c43155656968b758cb0c3c63405740a0d020d25f6be57406ca52c81ed1ca,2026-04-24 17:24:32.779737+00:00,hu,blikk.hu,blikk.hu,2026-04-24,Tömegbaleset történt az M3-ason: óriási a felfordulás a pénteki csúcsban,https://www.blikk.hu/aktualis/belfold/godollo-m3-baleset/czv2h8w
64b07008f2a3983c8c527c42c09d539f5aeb575b2414fe7502af8b61daf22a54,2026-04-24 17:24:12.384248+00:00,hu,blikk.hu,blikk.hu,2026-04-24,Hatalmas segítség a kis Linettnek: súlyosan beteg kislányon segített az öregfiúk-válogatott,https://www.blikk.hu/sport/magyar-foci/magyar-oregfiuk-valogatott-linett-alapitvany/mstr0ef
f8b0e21aa896ccabac895a33886973404a45f19de252a435bf4b4205321d8ef1,2026-04-24 16:35:56.533633+00:00,hu,origo.hu,origo.hu,2026-04-24,"Rá sem ismerni Lolára, teljes átalakuláson esett át az énekesnő",https://www.origo.hu/teve/2026/04/lola-szules-utan-foto-instagram
9fe2457c921b321bba06a20f3b30618a5b425fdb6c9f533badc8fe601960c762,2026-04-24 16:35:52.150157+00:00,hu,origo.hu,origo.hu,2026-04-24,"Házi szerviz: törött műanyag pótlása, javítása",https://www.origo.hu/auto/2026/04/hazi-szerviz-torott-muanyag-potlasa-javitasa
205fc41130636026e7ce7c3e7b45c12e4701bebaf65144f662da19853111f50c,2026-04-24 16:35:46.671702+00:00,hu,origo.hu,origo.hu,2026-04-24,"Rákot diagnosztizáltak Netanjahunál – kiderült, mekkora veszélyben van",https://www.origo.hu/nagyvilag/2026/04/netanjahu-titok-prosztatarak
19234de0b9908a44e54b35498336dd1bf46bcb595aaa214538dff6083c982b9c,2026-04-24 16:35:41.605102+00:00,hu,origo.hu,origo.hu,2026-04-24,Jeszenszky Zsolt Bálványimádás miatt bukta Orbán a választást?,https://www.origo.hu/itthon/2026/04/politikai-hobbista-jeszenszky-zsolt-valasztas
aa18348d03fc0e73bf4ce9d5c8df79b45111ac3c01394737d397370f02b70ca7,2026-04-24 16:35:37.284523+00:00,hu,origo.hu,origo.hu,2026-04-24,Trump keményen kiosztotta a pimaszkodó újságírót – videó,https://www.origo.hu/nagyvilag/2026/04/donald-trump-atomfegyver-kerdes-ujsagiro-valasz
4bfd45098fc05ba98e432bd56f080ee2dcc6efe1570609670889ec9a79f6f354,2026-04-24 16:35:31.855939+00:00,hu,origo.hu,origo.hu,2026-04-24,Oroszország megküldte az utolsó figyelmeztetést: szörnyű dolog jöhet,https://www.origo.hu/nagyvilag/2026/04/oroszorszag-fenyegetes-finnorszag-atomfegyver
5f040abc7b6d3eb42789495436043d5b0efffa8dd26797702085924559211292,2026-04-24 16:35:26.901564+00:00,hu,origo.hu,origo.hu,2026-04-24,A Vinícius Júniornak beszóló homofób focista komoly eltiltást kapott,https://www.origo.hu/sport/sport-futball/2026/04/vinicius-junior-uefa-prestianni-eltiltas
9da6453273d3b8d58071e76bc2bd36dac35322fd55880f92dc08a70a7f17f09e,2026-04-24 16:35:23.309466+00:00,hu,blikk.hu,blikk.hu,2026-04-24,Vitézy Dávid: elképesztő rombolás volt Lázár János elmúlt négy éve,https://www.blikk.hu/politika/magyar-politika/-vitezy-david-kozlekedesi-es-beruhazasi-miniszter-interju/znngd6c
08497e0716e61d01bfcbe214fad4a57f7aa477478ef18a27ab4ab6647e391528,2026-04-24 16:35:21.775507+00:00,hu,origo.hu,origo.hu,2026-04-24,Meghirdették eladásra az ikonikus film csaló brókerének New York-i luxuslakását,https://www.origo.hu/gazdasag/2026/04/a-wall-street-farkasa-penthouse
d88333bc1a4bcd78ec1eefa12f95b87dfb54f10a00ed51687d78ec2178b5fa15,2026-04-24 16:35:17.181614+00:00,hu,blikk.hu,blikk.hu,2026-04-24,Újabb településen lehet azbesztveszély: megszólalt a helyi kormányhivatali főigazgató – videó,https://www.blikk.hu/aktualis/belfold/koszeg-azbesztveszely/v3qr01f
1d5dd9382e84754f3833db93acb3f24f9ca5cb1b817364d5f7b8b41ac7e1e019,2026-04-24 16:34:57.266855+00:00,hu,origo.hu,origo.hu,2026-04-24,Bochkor Gábor elárulta: szerinte ez áll a lottónyeremények hátterében,https://www.origo.hu/itthon/2026/04/bochkor-gabor-lottonyeremenyek-velemeny
9dcec62dfaf22aed932c9880b2bc5f42ff1a725bccdfbd4c489895fd37ea31ef,2026-04-24 16:34:51.264398+00:00,hu,origo.hu,origo.hu,2026-04-24,Ettől félt mindenki: Von der Leyen fontos bejelentést tett,https://www.origo.hu/nagyvilag/2026/04/ursula-von-der-leyen-eu-gazdasagi-hatasok-valsag
754046a1e8c55b597cc800c6f45f0d357d09a60e42c43b94eea8a74b663bc84a,2026-04-24 16:34:46.150902+00:00,hu,origo.hu,origo.hu,2026-04-24,Betlehem Dávid aranyérmes a nyíltvízi úszók ibizai világkupaversenyén,https://www.origo.hu/sport/sport-egyeni/2026/04/betlehem-david-aranyermes-ibizia-nyiltvizi-uszas
3e4c63d26485c96dc184935e3d17e52848de61cd157965a9bd8e6252ddd47ed8,2026-04-24 16:34:35.058858+00:00,hu,origo.hu,origo.hu,2026-04-24,Nagy bejelentést tett a TV2 népszerű műsorvezetője,https://www.origo.hu/teve/2026/04/szabo-dora-musorvezeto-eskuvo-miami-csaladalapitas
b657a2d7382e62ace90434096ade5d655270f7a45d349386d058f290ecfe1163,2026-04-24 16:34:29.778963+00:00,hu,origo.hu,origo.hu,2026-04-24,"Tóth Alex elárulta, mivel tölti a szabadidejét Angliában",https://www.origo.hu/sport/sport-futball/2026/04/toth-alex-premier-league-szoboszlai-bournemouth
979f0bec2a7f3058aaa6f4725ab09e97c750ea89efff8b4b6f07b9882624e187,2026-04-24 16:34:19.816297+00:00,hu,origo.hu,origo.hu,2026-04-24,"Szivárványos, balliberális irányba viszi az oktatásügyet Magyar Péter kormánya",https://www.origo.hu/belpol/2026/04/orban-balazs-balliberalis-oktatas
0f386e0fc4cf707b69933ba6129eb68a23bce9d15232f273d0a1db6296c66aae,2026-04-24 16:34:02.622047+00:00,hu,origo.hu,origo.hu,2026-04-24,T. Danny kitálalt? A rajongók szerint ez nem véletlen,https://www.origo.hu/teve/2026/04/t-danny-uj-dal-rajongok-aggodnak-szakitas-miatt
d9a927c8d4b1252c1ca9e4cab6ca8b0c816d1a9e9e0ecc7c821fa35f0acea05f,2026-04-24 16:33:51.893029+00:00,hu,origo.hu,origo.hu,2026-04-24,Egy vékony madzag tartotta csak Bianca Censori hatalmas melleit – videó,https://www.origo.hu/nagyvilag/2026/04/bianca-censori-fetuno-szett-balenciaga-uzlet
e01c40f394e24412f5ff79e0d62d276ceb3252eba92e92a247466b6e8b251c67,2026-04-24 16:33:47.003928+00:00,hu,origo.hu,origo.hu,2026-04-24,Díjnyertes séf a vádlottak padján: emberölés rázta meg a szakmát,https://www.origo.hu/kek-hirek/2026/04/emberoles-dijnyertes-sef-a-vadlottak-padjan
73289b7e6810d73e207878155203f1c5186cf83808a3b00db465c73b92be452f,2026-04-24 16:33:42.023314+00:00,hu,origo.hu,origo.hu,2026-04-24,"Elkezdték kiküldeni a behívókat, indul a kötelező sorkatonai szolgálat",https://www.origo.hu/nagyvilag/2026/04/sorkatonai-szolgalat-szerbia-behivok-ujoncok-szeptember
ac58d916655e930bc970bc597be752dcaf4c7769b43b9e8800299fc6880106ad,2026-04-24 16:29:23.676974+00:00,hu,origo.hu,origo.hu,2026-04-24,Hetek óta hatalmas küzdelem folyik a Balti-tenger német partvidékén,https://hirtv.origo.hu/hirtvszines/2026/04/hetek-ota-hatalmas-kuzdelem-folyik-a-balti-tenger-nemet-partvideken
c14fc3aa060b24a196a93be55ebc57fb844c9277605d792b645e82c552017606,2026-04-24 16:29:18.733738+00:00,hu,origo.hu,origo.hu,2026-04-24,Havas Henrik kiborult: így szólta le Magyar Pétert egy videóban,https://hirtv.origo.hu/ahirtvhirei/2026/04/havas-henrik-kiborult-igy-szolta-le-magyar-petert-egy-videoban
d917571667013f8d07ff7b0ea6ba3d1e6f898975b2c04d4d281958174df63182,2026-04-24 16:29:18.263418+00:00,hu,blikk.hu,blikk.hu,2026-04-24,Szoboszlai Dominik és családja így élvezi a napsütést – cuki fotó,https://www.blikk.hu/sport/kulfoldi-foci/szoboszlai-dominik-liverpool-buzsik-borka-pihenes-foto/tgtfp2f
596cf8ca07887f0a84074a595dc40bdd38b30342af702aad49a1351d62f830cc,2026-04-24 16:29:06.409941+00:00,hu,origo.hu,origo.hu,2026-04-24,Vitézy Dávid is miniszteri széket kap az új kormányban,https://hirtv.origo.hu/ahirtvhirei/2026/04/vitezy-david-kozlekedesi-beruhazasi-miniszter
cefd06f9b5a0604b5a5f48144e40be00640f22f51de4090894e7b0a2c1e9c6b6,2026-04-24 16:29:00.414577+00:00,hu,origo.hu,origo.hu,2026-04-24,"Sokan rettegnek tőle, most mégis simogathatod és etetheted a győri állatkertben",https://hirtv.origo.hu/hirtvszines/2026/04/sokan-rettegnek-tole-most-megis-simogathatod-es-etetheted-a-gyori-allatkertben
74d2e416fd7b1e712f136fa8a05255775f821acc4f82cef542b483690e1b2610,2026-04-24 16:28:50.372921+00:00,hu,origo.hu,origo.hu,2026-04-24,"Ikonikus ruhák, királyi emlékek: különleges kiállítással tisztelegnek II. Erzsébet előtt",https://hirtv.origo.hu/hirtvszines/2026/04/ikonikus-ruhak-kiralyi-emlekek-kulonleges-kiallitassal-tisztelegnek-ii-erzsebet-elott
2316fa7b3c512fc65e2924b04799c73a3c08f817f1ccb8bd69d912ea1bd035bd,2026-04-24 16:28:40.800248+00:00,hu,origo.hu,origo.hu,2026-04-24,Kezdődik a kullancsszezon,https://hirtv.origo.hu/hirtvszines/2026/04/kullancsszezon-betegseg-megelozes
9b552bd0ae2f8752d01890f830ce7b407f6d36a796d2d6150489d83b38924e8d,2026-04-24 16:28:36.062118+00:00,hu,origo.hu,origo.hu,2026-04-24,Donald Trump elrendelte minden aknatelepítő iráni hajó megsemmisítését,https://hirtv.origo.hu/hirtvkulfold/2026/04/donald-trump-irani-haboru
4ef4ee3c93f83861ebb043b0d29e62036686c9696bddddf1abf929218f20f336,2026-04-24 16:28:33.562167+00:00,hu,blikk.hu,blikk.hu,2026-04-24,Bódis Kriszta is feladatot kapott a Tisza-kormányban: Ruff Bálint minisztériumában fog dolgozni,https://www.blikk.hu/politika/magyar-politika/bodis-kriszta-tisza-part/7wkjstd
27e523a65f5ae4d195b58a4d0110645b6df83baa003723a2419e5f8a08d2a74c,2026-04-24 16:28:31.075157+00:00,hu,origo.hu,origo.hu,2026-04-24,Alagúton menekülnének? Megdöbbentő terv a Tisza Párt háza táján,https://hirtv.origo.hu/ahirtvhirei/2026/04/alaguton-menekulnenek-megdobbento-terv-a-tisza-part-haza-tajan
48404f8fc4a198e437ee84b447ef70f36e31b166f51d7dc65029ee0ef4c3d04c,2026-04-24 16:28:28.937164+00:00,hu,blikk.hu,blikk.hu,2026-04-24,Titkos tesztautók és női vezetők: ilyen a jövő autóipara Magyarországon,https://www.blikk.hu/auto/lanyok-napja-technologia/sj0nc46
aa1f3837057eec4fb3a5ab547b429459482e910e89e54312af485cd22fbdbacc,2026-04-24 16:28:26.079570+00:00,hu,origo.hu,origo.hu,2026-04-24,"Brüsszel üzent: nem igaz, amit Magyar Péter állít a milliós bírságról",https://hirtv.origo.hu/hirtvkulfold/2026/04/brusszel-uzent-nem-igaz-amit-magyar-peter-allit-a-millios-birsagrol
36afbef61fae1e97ecc5e1b3e68ce56bad83a034053e4074f8b32132256d7c7a,2026-04-24 16:28:20.716248+00:00,hu,origo.hu,origo.hu,2026-04-24,Bóka János kitálalt: Ezért indult meg újra az orosz olaj Ukrajnán keresztül,https://hirtv.origo.hu/ahirtvhirei/2026/04/boka-janos-orosz-olaj-ukrajna
ade622689d30428c0b627d8e37e45d32b0a82a0954779a70448d00c6ec20a190,2026-04-24 16:28:11.537692+00:00,hu,blikk.hu,blikk.hu,2026-04-24,Titokzatos rendszámok az utakon – ezért nem állítja meg őket a rendőrség,https://www.blikk.hu/auto/rendszam-gyorshajtas-spanyolorszag/w8p6fp9
59cb54cc7038b980088ebc9b5b6d67326c522fee67db32ad511e0a97e8465724,2026-04-24 16:28:07.513347+00:00,hu,origo.hu,origo.hu,2026-04-24,Trump kilövési engedélyt adott az iráni aknatelepítő hajókra,https://hirtv.origo.hu/ahirtvhirei/2026/04/trump-kilovesi-engedelyt-adott-az-irani-aknatelepito-hajokra
341fb4e63bdaee721db4de4865e9c0eb810a4332ae978a94ffe9217d88d15060,2026-04-24 16:28:06.195619+00:00,hu,blikk.hu,blikk.hu,2026-04-24,"Eladja közös otthonát Bódi Megyer és felesége, rengeteg pénzt kérnek érte: „Annyi emlék…”",https://www.blikk.hu/sztarvilag/hazai-sztarok/bodi-megyer-felesege-elado-lakas/n0wm75c
5ea19168690442beec47057d5c13b5c1b4cdb9a89aaf4c468c905c20bf3105ef,2026-04-24 16:27:57.304855+00:00,hu,origo.hu,origo.hu,2026-04-24,Feltételekhez köti Brüsszel a hazánknak járó pénzek felszabadítását,https://hirtv.origo.hu/ahirtvhirei/2026/04/brusszel-magyarorszag-unios-forras
f2d1d28e6f00369cdae64090315b2694bc05de640be0580a382565d3057d439c,2026-04-24 16:27:48.569557+00:00,hu,origo.hu,origo.hu,2026-04-24,A Tisza Párt leendő képviselője nem válaszolt a gyermekvédelmi törvényt érintő kérdésekre,https://hirtv.origo.hu/ahirtvhirei/2026/04/a-tisza-part-leendo-kepviseloje-nem-valaszolt-a-gyermekvedelmi-torvenyt-erinto-kerdesekre
c34074f8298ce046ab9946a08c0226ca3dc53d3c18113681c6af41b1dc8fd00f,2026-04-24 16:27:44.986909+00:00,hu,blikk.hu,blikk.hu,2026-04-24,"Daganatot találtak Benjamin Netanjahu prosztatájában, megszólalt az izraeli kormányfő",https://www.blikk.hu/politika/vilagpolitika/benjamin-netanjahu-prosztata-daganat/e9z7467
d5f8d5d2e0545a0f28120613a50cc96655c6f4dba4771f3fb5694f90f1a3a7f5,2026-04-24 16:27:43.458615+00:00,hu,origo.hu,origo.hu,2026-04-24,"Kilépett a fényre a Szivárvány TV alapítója, miután a HírTV leleplezte",https://hirtv.origo.hu/ahirtvhirei/2026/04/szivarvany-tv-alapitoja
b29807d149ef3920847a528b17ba9f238ffbc9f749ad06ca81d6034e2a4ffb4f,2026-04-24 16:27:39.227931+00:00,hu,blikk.hu,blikk.hu,2026-04-24,Mérföldkő jöhet az emberiség történetében: van esély a malária végleges felszámolására,https://www.blikk.hu/aktualis/kulfold/eltunhet-malaria-who/xq5nwyg
5a0cabbdcf217f19d28a7a01c250fe87759458117b0a287f1c512ebe7d0119c6,2026-04-24 16:27:38.505908+00:00,hu,origo.hu,origo.hu,2026-04-24,"Soha nem volt olyan magas a bevándorlók száma az EU-ban, mint tavaly",https://hirtv.origo.hu/hirtvkulfold/2026/04/bevandorlok-szama-eu-2025
6ef7672fcfa7a75a4f21b9364524df54ed01008e748c5d31e863070f8c1b7a38,2026-04-24 16:27:25.096018+00:00,hu,origo.hu,origo.hu,2026-04-24,Márki-Zay Péter: Ruff Bálint tapasztalatlan,https://hirtv.origo.hu/ahirtvhirei/2026/04/marki-zay-peter-ruff-balint
725c43e81a7cb072523361da6cf888435ae396a004a08b1e5cf01ef79d80e924,2026-04-24 16:27:19.887456+00:00,hu,origo.hu,origo.hu,2026-04-24,"Fico nem lepődne meg, ha az ukrán hitel kifizetése után ismét leállna a Barátság kőolajvezeték",https://hirtv.origo.hu/ahirtvhirei/2026/04/baratsag-koolajvezetek-ujboli-mukodes
cfe994caeb78f309fd15f347e450a928c0888b9feace8e3e3859140d6ba3cc62,2026-04-24 16:27:15.083172+00:00,hu,origo.hu,origo.hu,2026-04-24,Visszatérhet a fekete gazdaság? Szakértők szerint kockázatos a Tisza Párt terve,https://hirtv.origo.hu/hirtv-gazdasagi-hirei/2026/04/visszaterhet-a-fekete-gazdasag-szakertok-szerint-kockazatos-a-tisza-part-terve
eb06669d6ecafc5da2dda35b13386ad7b7bcd5cf791eb0d134e347ce767461db,2026-04-24 16:27:10.031902+00:00,hu,origo.hu,origo.hu,2026-04-24,Az EU már a 21. szankciós csomagon dolgozik Oroszország ellen,https://hirtv.origo.hu/hirtvkulfold/2026/04/ciprus-szankcios-csomag-oroszorszag
9286fa8d3d4f2bbcbb6a73aa9d1204794acadedaf02cd4a2ab5e2ab29aca7fd6,2026-04-24 16:27:06.968228+00:00,hu,blikk.hu,blikk.hu,2026-04-24,Bizakodó az MVGYOSZ: reagált Kátai-Németh Vilmos miniszteri szerepére,https://www.blikk.hu/politika/magyar-politika/magyar-vakok-es-gyengenlatok-orszagos-szovetsege-katai-nemeth-vilmos/mnpkt2g
7d208ca8747418235efa815f80f6e0b7e7d9a456c4b9e56005df682d7b19b9e6,2026-04-24 16:27:05.090356+00:00,hu,origo.hu,origo.hu,2026-04-24,Súlyos kijelentés: nem fogadja el a Greenpeace vizsgálatát a Tisza Párt,https://hirtv.origo.hu/ahirtvhirei/2026/04/sulyos-kijelentes-nem-fogadja-el-a-greenpeace-vizsgalatat-a-tisza-part
92ad0f43466214fe2b4e6d46171283bc24efed3e9108bdea87ea44ecab722666,2026-04-24 16:26:59.318408+00:00,hu,blikk.hu,blikk.hu,2026-04-24,"42%-kal magasabb a szívroham kockázata, mindez egyetlen tárgy miatt a hálószobában",https://www.blikk.hu/eletmod/egeszseg/ejszakai-feny-szivroham/y5vxd27
770d10d69a1d6fe7239abf5e3c36320b8098f437366f9a5a0c211811bb221503,2026-04-24 16:26:55.987857+00:00,hu,origo.hu,origo.hu,2026-04-24,Az Európai Bizottság szerint változtatni kell a magyar migrációs politikán,https://hirtv.origo.hu/ahirtvhirei/2026/04/europai-bizottsag-migracios-politika
338befa8728f7f025c57c148cb00eec1bd8b67e2cec760f9d7d79ae8b7440a0a,2026-04-24 16:19:57.042385+00:00,hu,index.hu,index.hu,2026-04-24,"Ezermilliárdok mennek füstbe, így nő rendszerszintűvé az illegális cigipiac",https://index.hu/gazdasag/2026/04/24/dohanyzas-dohanypiac-feketepiac-cigaretta-illegalis-cigaretta-jovedeki-ado-nav-illegalis-dohanypiac-szabalyozas/
1e2e2c71c721dba831deb0d46a586427e6ae0b8491c93359123c154eea185e22,2026-04-24 16:19:51.905293+00:00,hu,index.hu,index.hu,2026-04-24,"A Tisza nemcsak nyert, hanem új politikai nyelvet is adott a középrétegeknek",https://index.hu/velemeny/2026/04/24/fidesz-tisza-part-kozeposztaly-kommunikacio-nyelv-politika-valasztas-tarsadalom-kultura/
8bb1cbd2bcdc87b073cd59a48948030a66038dfee4a571459604839d81abbd9e,2026-04-24 16:19:47.862303+00:00,hu,index.hu,index.hu,2026-04-24,"Ezért tér vissza ByeAlex az X-Faktorba, új mentortársairól is elmondta a véleményét",https://index.hu/mindekozben/poszt/2026/04/24/ezert-ter-vissza-byealex-az-x-faktorba-uj-mentortarsairol-is-elmondta-a-velemenyet/
214988bf0a1c2a46a6023d9bd79ad78fcc4b73f3ec61dcc47116ecc18637b72a,2026-04-24 16:19:36.579957+00:00,hu,index.hu,index.hu,2026-04-24,"Tévedtünk, a Bajnokok Ligája 2026-os döntője jövő héten kezdődik",https://index.hu/bajnokokligaja/2026/04/24/bayern-munchen-psg-bajnokok-ligaja-elorehozott-donto-elemzes-molnar-zsolt/
7e06238d4913749402af86b1a26dc75ea5fb5e849f61bdfaa0e64c595a989470,2026-04-24 16:19:31.449364+00:00,hu,index.hu,index.hu,2026-04-24,"Puzsér Róbert már bilincsben, vezetőszáron látná Orbán Viktort",https://index.hu/belfold/2026/04/24/puzser-robert-elszamoltatas-orban-viktor-gyurcsany-ferenc-fidesz-tisza-part/
77a0f4c72863e6c563e5cd502d6f9b660ceaffaf47f9a9cd054e9991b1a522aa,2026-04-24 16:19:26.621197+00:00,hu,index.hu,index.hu,2026-04-24,Ruff Bálint minisztériumában kap feladatot Bódis Kriszta,https://index.hu/belfold/2026/04/24/magyar-peter-tisza-part-ruff-balint-bodis-kriszta-miniszter/
ab06908d9a5265300247130c5a88393450037471b4f9b88a7fb90210fb0c1e36,2026-04-24 16:19:21.466552+00:00,hu,index.hu,index.hu,2026-04-24,Aki rendszerváltást ígér az oktatásban – Lannert Judit kulcsminiszter lesz a Tisza-kormányban,https://index.hu/belfold/2026/04/24/oktatas-magyar-peter-tisza-kormany-2026-portre-lannert-judit/
4c383943db5869d1b20d384649cb724bb67a28d0e75e6991e58f525bffb0e356,2026-04-24 16:19:16.636826+00:00,hu,index.hu,index.hu,2026-04-24,Orbán Viktor vétói után az uniós döntéshozatal átalakítását sürgetik az Európai Unióban,https://index.hu/kulfold/2026/04/24/orban-viktor-veto-europai-unio-kaja-kallas-kormanyvaltas-ukrajna/
bae9967f84641d7bf2ba55ce0c2c2ba7fc0a3c99bbcbddc6dff2580529d1cbdd,2026-04-24 16:19:11.635919+00:00,hu,index.hu,index.hu,2026-04-24,Megnyílt a világ legnagyobb autókiállítása,https://index.hu/kulfold/2026/04/24/pekingi-auto-kiallitas-elektromos-jarmuvek-autoipar/
af0b6ba4fb651f9982c590651325f7e0ebb37b6a6cd38f64e94eccee153a69e3,2026-04-24 16:19:06.542209+00:00,hu,index.hu,index.hu,2026-04-24,A Tanítanék Mozgalom örömmel fogadta az új oktatási minisztert,https://index.hu/belfold/2026/04/24/tanitanek-mozgalom-lannert-judit-oktatasi-miniszter-tisza-part/
5ea314703626348b09537fb0445ebb8ded5f6e89e5a1a4715132b0a9edea970c,2026-04-24 16:19:02.506229+00:00,hu,index.hu,index.hu,2026-04-24,"Budapesten kapták lencsevégre Michele Morronét, nem akárhol bukkant fel",https://index.hu/mindekozben/poszt/2026/04/24/michele-morrone-budapest-zongora/
fd5b0255366c9783afa86989816ff433cde01fd6da0eb49c74b96ca99cf59b83,2026-04-24 16:18:56.408567+00:00,hu,index.hu,index.hu,2026-04-24,"Vőlegényként szállt fel Stockholmban a gépre, de a melbourne-i landoláskor már más volt a jegyese",https://index.hu/sport/futball/2026/04/24/more-imre-elhunyt-legendas-futballista-mtk-95-evesen/
c6676e7602ec00f5ba56d3a2e92483fd37919da1cc7e8fe7ffa1a76318777cca,2026-04-24 16:18:52.282784+00:00,hu,index.hu,index.hu,2026-04-24,"Lannert Judit megszólalt a terveiről, radikális változásokat tervez a Tisza új minisztere",https://index.hu/belfold/2026/04/24/magyar-peter-tisza-part-lannert-judit-gyermek-es-oktatasugyi-miniszter/
94724529ad77eee3d41d0ce627f58b68b622dedca49dc00e747575868d9a668f,2026-04-24 16:18:46.795272+00:00,hu,index.hu,index.hu,2026-04-24,Megegyezett az Envirotis Holding Zrt.-nél megbízott kivitelezőkkel a Mészáros Csoport,https://index.hu/gazdasag/2026/04/24/meszaros-lorinc-meszaros-csoport-envirotis-holding-zrt-felujitas-munkabeszuntetes/
ebbd9c16b28880f7d89bd85bd76e0b2a397b20b8c2bd58b5ffc699234f50b5b0,2026-04-24 16:18:42.485220+00:00,hu,index.hu,index.hu,2026-04-24,"Bochkor Gábor megszólalt a nagy port kavaró lottócsodáról, rámutatott egy fontos dologra",https://index.hu/mindekozben/poszt/2026/04/24/bochkor-gabor-lottonyeremenyek-velemeny/
35febb59a0fb2f28dec232e9eae2063ba3bbf018175d577eeeef81219418ee81,2026-04-24 16:18:37.047370+00:00,hu,index.hu,index.hu,2026-04-24,"Összeszólalkoztak egy pizza miatt, csavarhúzóval szúrták agyon a fiatal futballistát",https://index.hu/sport/futball/2026/04/24/csavarhuzoval-szurtak-agyon-a-fiatal-futballistat-egy-pizza-folotti-osszeszolalkozasban/
261eec12cca5b57a74dfa31cd9cfbcd659d0165a08ac6cc37014fd4ff9b012d1,2026-04-24 16:18:24.382978+00:00,hu,index.hu,index.hu,2026-04-24,Polt Péter megszólalt a lemondására felszólító nyilatkozatokról,https://index.hu/belfold/2026/04/24/polt-peter-lemondas-alkotmanybirosag-szabo-marcel-felszolitas/
d64552f87b5650c504a6e9006f231aad660a5ac17b92fe69210f86fb5cb88c51,2026-04-24 16:18:18.788417+00:00,hu,index.hu,index.hu,2026-04-24,"Szerelem volt első látásra, de tragédia lett a vége a házasságnak",https://index.hu/kultur/2026/04/24/sisi-ferenc-jozsef-eskuvo-csaszar-kviz/
b83b47e21f41e0663b797c55b0a1b6010d7e7e2eac37120ca0f44b9060e2f46f,2026-04-24 16:18:01.721863+00:00,hu,index.hu,index.hu,2026-04-24,"Visszakerül az isztambuli versenypálya a naptárba, újra F1-es nagydíjat rendezhet Törökország",https://index.hu/sport/forma1/2026/04/24/formula-1-torok-nagydij-isztambul-bejelentes/
dd606101998cd3513f4e79cc72356f0c4740979558ac7dc60dfdc3c6d0baebb0,2026-04-24 16:17:55.467690+00:00,hu,index.hu,index.hu,2026-04-24,Ítéletet mondott az UEFA a Benfica rasszizmussal megvádolt labdarúgójának ügyében,https://index.hu/bajnokokligaja/2026/04/24/bajnokok-ligaja-benfica-gianluca-prestianni-rasszizmus-vinicius-junior-eltiltas/
d35ca2c1435fb9792af937118fdd0ccb07fb3a239f10643fb6be0e5ef5d46e6a,2026-04-24 16:17:49.681285+00:00,hu,index.hu,index.hu,2026-04-24,"„Vége van, kicsi” – nagy utat járt be a beszólás, és „visszafordult a Fideszre, mint egy átok”",https://index.hu/belfold/2026/04/24/utca-embere-vege-van-kicsi-atok-valasztas-2026-menczer-magyar-peter/
d91dc7178ea460a18de4ed335d7462146402cadb9432ebb51c1eab7ce25e23f0,2026-04-24 16:17:42.913479+00:00,hu,index.hu,index.hu,2026-04-24,"Washington bekeményít, NATO-országokat szankcionálna az iráni háború miatt",https://index.hu/kulfold/2026/04/24/nato-spanyolorszag-pentagon-egyesult-allamok-szankciok-iran-usa-konfliktus/
f701e15ce24b46c3c13789e28bbeca289d203ebe35ce9e74bd366cab1a45e666,2026-04-24 15:34:39.913804+00:00,hu,blikk.hu,blikk.hu,2026-04-24,Súlyos büntetést kapott az UEFA-tól a Viníciust rasszista módon sértegető játékos,https://www.blikk.hu/sport/kulfoldi-foci/gianluca-prestianni-vinicius-junior-rasszista-uefa-botrany/eet7vn2
4a20e0bcf2b035fb750ab5a3c5a9a61366924f17490eb45e436187849607b472,2026-04-24 15:34:07.833004+00:00,hu,blikk.hu,blikk.hu,2026-04-24,A magyar szupermodell először vállalt reklámot a kislányával,https://www.blikk.hu/sztarvilag/hazai-sztarok/mihalik-eniko-lanya-modell/fb8ynvd
587a01220bd1375d703b8caa5b3a14c68f84a3d25487c9691aa63a31d6797a8a,2026-04-24 15:34:02.896668+00:00,hu,blikk.hu,blikk.hu,2026-04-24,Keményen reagált a sztárfocista a prostitúciós vádakra: „Tönkre akarnak tenni”,https://www.blikk.hu/sport/kulfoldi-foci/rafael-leao-ac-milan-botrany/1rg4qj5
f8600d0333855b997f2110b9bbea22c8284337f8305489527126ad0c1ffa628f,2026-04-24 15:33:58.169345+00:00,hu,blikk.hu,blikk.hu,2026-04-24,"Intelligensek, vékonyak, és a mentális zavarok sem jellemzők rájuk? Ez a természetes hajszín meglepő előnyökkel járhat",https://www.blikk.hu/ferfiaknak/tech/voros-haj-hajszin-egeszseg-genetika-betegseg/zfgt7p5
f599f3ba67e3cf1b7f00e7d334c4f247c7a9fa1ca9dfd4b866a0264a500f501a,2026-04-24 15:33:53.061606+00:00,hu,blikk.hu,blikk.hu,2026-04-24,"Ez a döntés újraformálhatja Hollywoodot, Pedro Pascal, De Niro és még Ben Stiller is hevesen tiltakozik",https://www.blikk.hu/ferfiaknak/tech/hollywood-warner-paramount-fuzio/bsbe2fd
4094655cd07440ca51797ebe85ff929104297ad896571e5fb54e468478b8a6d7,2026-04-24 15:33:48.191740+00:00,hu,blikk.hu,blikk.hu,2026-04-24,Brutális tornádó csapott le Oklahomában – videón a hatalmas pusztítás,https://www.blikk.hu/aktualis/kulfold/oklahoma-tornado/vw4q1b7
8ed95c7904eddf48f5bd5c0e063057d35e37413327c7ef1645182dfcc69fba5c,2026-04-24 15:33:40.495941+00:00,hu,blikk.hu,blikk.hu,2026-04-24,Tóth Gabit lecserélik a Megasztár zsűrijében,https://www.blikk.hu/sztarvilag/hazai-sztarok/toth-gabi-megasztar-zsuri/hr0e7nq
3c12b76d234e710d160ed847d41d5282f2e14608355fab797537cc57f09e07b1,2026-04-24 15:33:17.335466+00:00,hu,blikk.hu,blikk.hu,2026-04-24,Tragédia egy hotelszobában: emberölés miatt tartóztatták le a díjnyertes séfet,https://www.blikk.hu/aktualis/kulfold/ev-sefje-dij-gyilkossag-megolte-a-feleseget/hbs7lwp
89ba1e6ffd5d7ee81536c35cf4dc6373e65f32c0617e2d548006e704a37d3c3a,2026-04-24 15:32:36.312323+00:00,hu,blikk.hu,blikk.hu,2026-04-24,Így menthető meg az idei nyaralás a járattörlések és a drasztikus drágulás ellenére,https://www.blikk.hu/aktualis/belfold/utazas-repulo-vonat-arak/458ydnb
8398616be277b0ece0cf3166b9b4e1cc752ac3f84f6fad7798010bb492395dab,2026-04-24 14:45:36.388613+00:00,hu,origo.hu,origo.hu,2026-04-24,Percek alatt fordult tragédiába a repülőút: hiába próbálták megmenteni az utas életét,https://www.origo.hu/nagyvilag/2026/04/repulon-halt-meg-utas-rosszullet
8af0d7646c0141f27b8af965b9c28bb90122ab476eefcef78fc32a1b9f983063,2026-04-24 14:45:32.033580+00:00,hu,origo.hu,origo.hu,2026-04-24,"Luna Blaise Boyd maga a végzetes vonzerő – nem mutat mindent, de sokat sejtet – dögös galéria",https://www.origo.hu/foto/2026/04/luna-blaise-boyd-galeria
fad1831b7e42ca2daabc6a1ce17474b05e6b0b17c8ce123b048a85b4f16a108d,2026-04-24 14:45:06.111190+00:00,hu,origo.hu,origo.hu,2026-04-24,"Észvesztően szexi a szappanopera-sztár Marina Ruy Barbosa, alig takarja valami a melleit a képeken",https://www.origo.hu/foto/2026/04/marina-ruy-barbosa-galeria
0478939b3830ed3114b4196b44ebb73ec256b20982b620dfa97297d8ce1af8af,2026-04-24 14:45:00.460880+00:00,hu,origo.hu,origo.hu,2026-04-24,"Hatalmas csörte, váratlan fordulat: ő lesz Magyar Péter oktatási minisztere",https://www.origo.hu/belpol/2026/04/magyar-peter-tisza-kormany-oktatasi-miniszterjelolt
fa0a24fab9ac402fcb789be7a1d2024be162712fee058d7fcccad9306374cca3,2026-04-24 14:44:56.184789+00:00,hu,origo.hu,origo.hu,2026-04-24,Mindenki ezt várta – így nyitnak a balatoni strandok az előszezonban,https://www.origo.hu/itthon/2026/04/balatoni-strandok-majusi-elonyitas-nyitas-idopont
91dad20b0bd48b7edca252f49f8b614b08efa68f87f6b220dae29065640f69e2,2026-04-24 14:44:50.404233+00:00,hu,origo.hu,origo.hu,2026-04-24,"Durva különbségre derült fény: nem úgy működik a testünk, ahogy hittük",https://www.origo.hu/tudomany/2026/04/immunrendszer-maskent-oregszik
999241141616ece2cca189b7ad2c180253cc3c39841f1dfe3cb8372e8ed04965,2026-04-24 14:44:46.223895+00:00,hu,origo.hu,origo.hu,2026-04-24,Ütődött és szórakoztató weboldalt indított a NASA,https://www.origo.hu/techbazis/2026/04/nasa-nev-szo-kirakas-muholdkep
3028f14b9923c1fe5498ba0cf174e78db3d457f6ce5cf61d7b82871b3aa18a4c,2026-04-24 14:44:40.652528+00:00,hu,origo.hu,origo.hu,2026-04-24,Sokan rosszul szedik a vitaminok egy részét – komoly gond lehet belőle,https://www.origo.hu/itthon/2026/04/vitaminok-egyutt-szedese-hibak-es-kockazatok
437c2b893f5129b170ce115313b8c5bbf4e3bc934f76c18857710dfac3412dd2,2026-04-24 14:44:35.504721+00:00,hu,origo.hu,origo.hu,2026-04-24,"Török Gábor guillotine-nal, vér fröccsenésével érzékenyít a 24.hu propagandaoldalon",https://www.origo.hu/belpol/2026/04/torok-gabor-podcast-megoszto
c0a916fbbc6e0ea73e1a511d243743678553ac0c48b2273cb26f477ea5a093d7,2026-04-24 14:44:30.333915+00:00,hu,origo.hu,origo.hu,2026-04-24,Jámbor András nemrég még elszámoltatta volna Vitézy Dávidot,https://www.origo.hu/belpol/2026/04/jambor-andras-nemreg-elszamoltatta-volna-vitezy-davidot
2c8ae93c993a96626be5ddb076dc2fb1df83236835bc593d5a6260821bcf4036,2026-04-24 14:44:25.477072+00:00,hu,origo.hu,origo.hu,2026-04-24,Irán az egész világgazdaságot romba dönti – ha az érdeke úgy kívánja,https://www.origo.hu/kulpol/2026/04/iran-kozel-kelet-bombazas
2b37ce339025cd38bb3144db629ac836d9e852d79ab59843c268fbce0731b197,2026-04-24 14:44:20.524966+00:00,hu,origo.hu,origo.hu,2026-04-24,Tovább terjed az azbesztügy: újabb helyen rendeltek el korlátozásokat,https://www.origo.hu/itthon/2026/04/azbeszt-szennyezes-koszeg-intezkedes
c8d833ac0b79050b16a79f737d401ec12a87e2281a1a5d1033b38d012b119846,2026-04-24 14:44:15.539952+00:00,hu,origo.hu,origo.hu,2026-04-24,"Átadták a világ egyik legkülönlegesebb hídját, máris rengetegen járnak a csodájára",https://www.origo.hu/gazdasag/2026/04/kruunuvuorensilta-hid-helsinki
77d414f87a4e9eda40dd5152aa52dc396407ade6bfbf43f11931aa35c2b3d079,2026-04-24 14:44:10.374381+00:00,hu,origo.hu,origo.hu,2026-04-24,Csaló MI hívja a telefonon? Pillanatok alatt leleplezheti!,https://www.origo.hu/techbazis/2026/04/csalo-mi-ai-gepi-hivo-hivas-felismerese
a24d0db6198735e52ae6f75478e53f8b8b04cedddb7ef559b0902ced13ffc188,2026-04-24 14:44:05.338887+00:00,hu,origo.hu,origo.hu,2026-04-24,Nem hallgat tovább – életmentő műtéten esett át a sztáranyuka,https://www.origo.hu/teve/2026/04/gaspar-bea-meheltavolito-mutet
87abcef071608acde4b7ac124c9cecc9bbc644453c3e7b94f16c0a8f1df90fd2,2026-04-24 14:44:00.413017+00:00,hu,origo.hu,origo.hu,2026-04-24,"Pótszabadság: sokan nem tudják, hogy nekik is jár",https://www.origo.hu/gazdasag/2026/04/potszabadsag-sokan-nem-tudjak-hogy-nekik-is-jar
4454b431e378d73102f033dbe6cfb2e6d4d4f02f7f739555874f7bce0392c0ce,2026-04-24 14:43:55.504271+00:00,hu,origo.hu,origo.hu,2026-04-24,Albánia egyre komolyabb nyári alternatíva a magyar utazóknak!,https://www.origo.hu/utazas-hirdetes/2026/04/albania-egyre-komolyabb-nyari-alternativa-a-magyar-utazoknak
b1c1249eb80bfa984dc8116b4cb830b63bef7db75b1d42f4691d452b2f8d4417,2026-04-24 14:43:50.408174+00:00,hu,origo.hu,origo.hu,2026-04-24,"A Marshals-sorozat sztárja, Ash Santos olyan melleket villant, mint a legkeresettebb modellek – mutatjuk a képeket",https://www.origo.hu/foto/2026/04/ash-santos-galeria
d60698f66c9ee45c2a4456c25f05aac822785f4dd1aeb1bb570566da8eb4a0d6,2026-04-24 14:43:45.578192+00:00,hu,origo.hu,origo.hu,2026-04-24,"Erre a bútoráruházra rá sem lehet ismerni, teljesen átalakították",https://www.origo.hu/gazdasag/2026/04/jysk-butoraruhazlanc-atalakitott-uzlet
75b2a7e317afa81a97592e20cc1f17a3775a06fe16222c8caf8f7386aa5c60a4,2026-04-24 14:43:21.889974+00:00,hu,origo.hu,origo.hu,2026-04-24,"Nem hiszi el, mit művel önnel a saját agya keresés közben",https://www.origo.hu/tudomany/2026/04/agy-majd-kiszurja-a-szemunk
ffe0a7d2448548dcda9be6556956ec5106de12f18e9399760ba8e4d1b1a1ffc1,2026-04-24 14:43:16.893632+00:00,hu,origo.hu,origo.hu,2026-04-24,Tizenhárom ember otthonát pusztította el a tűz Móron,https://www.origo.hu/kek-hirek/2026/04/tuz-otthon-epulet-langok
b07f7bddf3a4e239959354191202b93440cbeab0821b01e6f5f61eb3bd0e33db,2026-04-24 14:40:15.450759+00:00,hu,blikk.hu,blikk.hu,2026-04-24,"Új diétatrükk: halaszd el a reggelit 2 órával, és nem kell számolnod a kalóriákat",https://www.blikk.hu/eletmod/tippek/reggeli-vacsora-egeszseges-etkezes-kutatas/bgv69dz
ebaa02db48dabd127a634127d9a41f91b7d2b3cbea4080b73d05937dd0400460,2026-04-24 14:40:10.574604+00:00,hu,blikk.hu,blikk.hu,2026-04-24,48 éve jogosítvány nélkül vezetett a nyugdíjas – Most kapták el a rendőrök,https://www.blikk.hu/aktualis/kulfold/jogositvany-nelkul-vezetes-nyugdijas-rendorseg/rhfhbr6
d075289b2b38d59dc8e704a620e46d0e269a1635325526b67438d7b1d99e7336,2026-04-24 14:23:00.217445+00:00,hu,blikk.hu,blikk.hu,2026-04-24,Titokzatos férfi mellett tűnt fel Schóbert Lara – azonnal elindult a találgatás,https://www.blikk.hu/sztarvilag/hazai-sztarok/schobert-lara-parkapcsolat-rubint-reka-betegseg/llxtm3h
314b617f229dc387eb944f2522eb19142520c5bf677aca48adaeddb67ebde9a6,2026-04-24 14:21:56.284320+00:00,hu,blikk.hu,blikk.hu,2026-04-24,"Súlyos betegséggel küzdött, mégis végigdolgozta a napot Nicole Kidman",https://www.blikk.hu/nicole-kidman-forgatas-korhazba-kerult/51n6rd6
6d0c526a4dca1ec4d4672211efea0f9719b4c9a566500e9caf7e2897154a9c08,2026-04-24 14:21:14.211471+00:00,hu,index.hu,index.hu,2026-04-24,Magyar Péter bejelentette az oktatási minisztert,https://index.hu/belfold/2026/04/24/magyar-peter-oktatasi-miniszterium-bejelentes-tisza-kormany-2026/?utm_source=hirstart&utm_medium=referral&utm_campaign=ct
80830152466f72fd26baa602ec3b2827be514ef95a84ad6f3f2718c34a2724c6,2026-04-24 13:54:55.633730+00:00,hu,blikk.hu,blikk.hu,2026-04-24,"Bochkor Gábor elmondta a véleményét a gyanús lottónyereményekről: „Volt már olyan, hogy az összes nyereményt elvitték”",https://www.blikk.hu/sztarvilag/hazai-sztarok/bochkor-gabor-lottonyeremenyek/th1pnlk
dbd2d65463f0f5021f6f7317831fe4d0dd0a760e03d2fa4cc10bb63d2a1e534f,2026-04-24 13:53:58.469199+00:00,hu,blikk.hu,blikk.hu,2026-04-24,"Fontos döntést hozott a leköszönő belügyminiszter, Pintér Sándor",https://www.blikk.hu/aktualis/belfold/fontos-dontes-pinter-sandor-rendorseg-napja-elismeres/rmh4n71
e52f660094a0428bd1f19d770cf9e1200aa12bef5a325738cce9bad83554b75a,2026-04-24 13:53:36.822880+00:00,hu,blikk.hu,blikk.hu,2026-04-24,Lamine Yamal szívszorító üzenetet közölt sérülése után: „Ez elmondhatatlanul fáj”,https://www.blikk.hu/sport/kulfoldi-foci/lamine-yamal-spanyolorszag-vb-serules-uzenet/fmkpfzm
a401b719f8f4eed9b7c6cee5b17f8deb549618af4ac704bdae7eff43cdfb2e81,2026-04-24 13:53:31.071336+00:00,hu,blikk.hu,blikk.hu,2026-04-24,Ezzel a ChatGPT-trükkel másodpercek alatt megfejthetjük valakinek a személyiségét,https://www.blikk.hu/ferfiaknak/tech/chatgpt-szemelyiseg-elemzes/ls97s94
644acdd5442d30c10cc9bf7f78c08ded87a97092f7a0a03ece75edf2804f8987,2026-04-24 13:53:22.116655+00:00,hu,blikk.hu,blikk.hu,2026-04-24,Még hosszú hetek vannak hátra Szily Nóra teljes gyógyulásáig,https://www.blikk.hu/sztarvilag/hazai-sztarok/szily-nora-labtores-gyogyulas/yvc0cy1
03d000376ebbc595227bc349acbdc2816941947123621e6e509d37da1c9d472f,2026-04-24 13:53:14.493115+00:00,hu,blikk.hu,blikk.hu,2026-04-24,"Nagy a baj a magyar játékvezetésben, visszaestünk Európa harmadik harmadába – bírókat kérdeztünk a problémákról",https://www.blikk.hu/sport/magyar-foci/szabo-zsolt-magyar-jatekvezetes/dk17cgb
c97efdcc43d0f95d0293d7b3b109633678f75509a3fcb1b2fab6c49cdb52d95d,2026-04-24 13:53:09.709462+00:00,hu,blikk.hu,blikk.hu,2026-04-24,Hihetetlen: egy 4 éves kisfiú lép fel a Carnegie Hall színpadán,https://www.blikk.hu/aktualis/kulfold/zongorista-gyerek-carnegie-hall/c2w64gd
36bf390449af8fb301bbbb8bd193432e48aa1eac30667dfed24fc587e4ad29e1,2026-04-24 13:28:05.508692+00:00,hu,blikk.hu,blikk.hu,2026-04-24,Megvan a név: bejelentették az új gyermek és oktatásügyi minisztert,https://www.blikk.hu/politika/magyar-politika/tisza-oktatasi-miniszter-bejelentes/483y7we
f553bc9f0024b5072ed171a850928b0193b71a6fba768e7ca2c8cb297e365523,2026-04-24 13:28:00.175680+00:00,hu,blikk.hu,blikk.hu,2026-04-24,"Lehallgatásról beszélnek a Budapesti Operettszínház dolgozói, mit tehet, akivel ilyesmi történik?",https://www.blikk.hu/sztarvilag/hazai-sztarok/budapesti-operettszinhaz-lehallgatas-mikrofonok-kamerak/y6krld8
159c906fa572b5c651b82f88cb37ecd4ae0d7ff34b9c4eef02ccfd00a40cc3a8,2026-04-24 13:27:55.143940+00:00,hu,blikk.hu,blikk.hu,2026-04-24,Ez a négy csillagjegy gyorsan túlteszi magát a szakításon,https://www.blikk.hu/eletmod/lelek/horoszkop-csillagjegyek-szakitas/zzj09te
024efeccd56b32fc4a5d2db94c85a09111a842b6e60a7c8a8573cd1588207931,2026-04-24 13:27:50.503700+00:00,hu,blikk.hu,blikk.hu,2026-04-24,Marco Rubio az iráni válogatottnak üzent,https://www.blikk.hu/sport/kulfoldi-foci/marco-rubio-irani-futballvalogatott/drcteqc
eeb5fbeaa7e328e777c3e4ba271b22af520253460ab77414dc78e034c31adb6c,2026-04-24 13:27:17.034919+00:00,hu,blikk.hu,blikk.hu,2026-04-24,Májusban több balatoni strand is megnyitja kapuit a látogatók előtt,https://www.blikk.hu/eletmod/utazas/strand-szezon-nyitas-balaton/6ljjzfr
db43cb57947cc288b0ef4b48dcb33296ed7dfe24fcbf9c46c3b9848dd91b8098,2026-04-24 13:26:37.832766+00:00,hu,blikk.hu,blikk.hu,2026-04-24,"Egy nap a Városligetben, amikor sztárpszichológusok és tabudöntő témák várják a vendégeket",https://www.blikk.hu/eletmod/lelek/varosliget-mental-liget-forum/xvfytq0
56d607f2a2f2161fd8027c0d84ddd9574bf48aad6409ebab84b48ed69b0cd465,2026-04-24 13:26:29.897408+00:00,hu,blikk.hu,blikk.hu,2026-04-24,Így zongorázott Budapesten a 365 nap szívdöglesztő sztárja: most bárki elcsípheti Michele Morronét,https://www.blikk.hu/sztarvilag/nemzetkozi-sztarok/michele-morrone-budapest-zongora-hell/e1vfpqs
32a2bc9c8741fcc3cb782f73a98ee3e8af38726bcaf60fa869ca22918b38648b,2026-04-24 13:26:21.226613+00:00,hu,blikk.hu,blikk.hu,2026-04-24,"Egészen hihetetlen, ráparkoltak egy Lamborghinire Floridában, a ""szörnyeteg"" rámpának használta az olasz luxusautót – ha szereti a monster truckot, ezt látnia kell",https://www.blikk.hu/lamborghini-parkolas-video-foto-egyesult-allamok/egd5h1t
0837027a632b120122060efeb1d3ba2c7673898537d984d22a29347ea4be49de,2026-04-24 12:54:03.122803+00:00,hu,origo.hu,origo.hu,2026-04-24,Megható fotó: így néz ki a 89 éves Jack Nicholson,https://www.origo.hu/nagyvilag/2026/04/jack-nicholson-szinesz-szuletesnap-csalad-unneples
893a1332e69907c88cca023553ce507654b6611875b40245442ea3b03cf0fd83,2026-04-24 12:53:57.224112+00:00,hu,origo.hu,origo.hu,2026-04-24,Egy rossz döntés okozott pokoli balesetet az M0-son – videó,https://www.origo.hu/auto/2026/04/baleset-m0-rossz-dontes
f6557d26701065b315a8221950c66f2e7e9c543ca3c984e1d361d92f5f2c4811,2026-04-24 12:53:52.296277+00:00,hu,origo.hu,origo.hu,2026-04-24,"Döbbenet: Olaszország ezt válaszolta arra, hogy Irán helyett elmegy-e a foci-vb-re",https://www.origo.hu/sport/sport-futball/2026/04/olaszorszag-foci-vb-fifa-iran-dontes
d3be5b7cb7458330257bc3ff2bb647e25681c8ec9ca2675b568df874130f8895,2026-04-24 12:53:47.218249+00:00,hu,origo.hu,origo.hu,2026-04-24,Fekete öves aikidómester lesz a szociális és családügyi miniszter,https://www.origo.hu/belpol/2026/04/fekete-oves-aikidomester-lesz-a-szocialis-es-csaladugyi-miniszter
d59a9d4e56966b30d2d3e164bc178ed33462b2deb078f17843e45ecbd884fbc0,2026-04-24 12:53:43.439451+00:00,hu,origo.hu,origo.hu,2026-04-24,Rács mögé kerülhet a díjnyertes séf – gyilkossággal vádolják,https://www.origo.hu/nagyvilag/2026/04/gyilkossag-egyetemi-sef-hotel-feleseg
3ed84dbb23da5ea906e1fddda980f6af04de7d4d0f60ae1208d87018b2ff8843,2026-04-24 12:53:37.973353+00:00,hu,origo.hu,origo.hu,2026-04-24,Ez se mindennapi: e-roller és e-kerékpár ütközött,https://www.origo.hu/kek-hirek/2026/04/baleset-e-roller-e-bicikli
7e1a637c7046aa42b92bda7c3670af71e1b458e2645254a8fc70f7579bc2d5a4,2026-04-24 12:53:33.129513+00:00,hu,origo.hu,origo.hu,2026-04-24,Rihanna nem fogta vissza magát: mindent megmutatott,https://www.origo.hu/nagyvilag/2026/04/rihanna-savage-x-fenty-fehernemu
c252d68c5f6a5f164b78f1e8e042e0b3c1da03ccc48d95daeec802120d1010eb,2026-04-24 12:53:27.939798+00:00,hu,origo.hu,origo.hu,2026-04-24,A Ferrari trükkjével próbálna feltámadni a Red Bull,https://www.origo.hu/sport/f1/2026/04/verstappen-red-bull-ferrari-fejlesztes-teszt-forma-1
33f8f77e07f34a5fc72d1aa9a7157c01b4a72fda906b47a78e4d6f6507ead2ff,2026-04-24 12:53:19.706105+00:00,hu,origo.hu,origo.hu,2026-04-24,Magyar Péter így becsmérelte korábban a leendő közlekedési miniszterét,https://www.origo.hu/belpol/2026/04/magyar-peter-becsmerelte-leendo-kozlekedesi-miniszteret
3687555c42c15df17f0421ff8955a30c9397de57eeb947a7f2fde57d07283a00,2026-04-24 12:53:14.783351+00:00,hu,origo.hu,origo.hu,2026-04-24,Elege van a mobilját kukkolókból? Így takarja ki a képet!,https://www.origo.hu/techbazis/2026/04/mobil-betekintesgatlo-folia-tok-kivancsiskodas
4d6a794d74f06bdd677f10986f90c63ee9a227d569bda68d55c53c5fe7b9babe,2026-04-24 12:53:10.432017+00:00,hu,origo.hu,origo.hu,2026-04-24,A világ legszexibb focistanője csúnyán összetörte magát – fotók,https://www.origo.hu/sport/sport-futball/2026/04/ana-maria-markovics-labdarugas-orrtores
82c3ad7715389babd0d5a4415ff2c212d177371b9512e0086790d0a54d3ac6f6,2026-04-24 12:53:04.792380+00:00,hu,origo.hu,origo.hu,2026-04-24,Nagy bejelentés érkezett: újabb állatkertbe kerülnek pandák,https://www.origo.hu/nagyvilag/2026/04/oriaspandak-atlanta-kina-allatkert
3441d4fdf895f82f8031769aa2e8a3d8339ee2572f0d71bd97e305830eba9242,2026-04-24 12:52:59.876133+00:00,hu,origo.hu,origo.hu,2026-04-24,Jövőre visszatér a Forma-1 Törökországba,https://www.origo.hu/sport/f1/2026/04/forma-1-erdogan-bejelentes-torok-nagydij-visszater
d43bbd975bac5ed3d01d88812c52db07030d45b28db7fe548a8b3c92b1217ef1,2026-04-24 12:52:55.530905+00:00,hu,origo.hu,origo.hu,2026-04-24,Válság közeleg: az EU már most riadót fújt az energia miatt,https://www.origo.hu/gazdasag/2026/04/energia-eu-valsag
82d2d7202799c340bd437a46678e3d4ede3188565b0f5513183cff0c8542007c,2026-04-24 12:52:42.814286+00:00,hu,origo.hu,origo.hu,2026-04-24,Fordulat a Morrison’s 2-beli gyilkosság ügyében,https://www.origo.hu/kek-hirek/2026/04/morrison-2-gyilkossag
421aa6a578076a5799f8b91881596d375cc2686425f486d230afba26b20836ba,2026-04-24 12:52:31.191500+00:00,hu,origo.hu,origo.hu,2026-04-24,Megalománia? Magyar Péter így forgatja fel a bevett hagyományokat,https://www.origo.hu/belpol/2026/04/magyar-peter-megalomania-felforgat-bevett-hagyomany
f7f89803736f052ca50751a0ec581f6fd68a98d6af35fee98e68d5ffbac8103a,2026-04-24 12:52:12.938561+00:00,hu,origo.hu,origo.hu,2026-04-24,Magyar Péter bődületeset hazudott: ő a leendő közlekedési és beruházási miniszter,https://www.origo.hu/belpol/2026/04/vitezy-david-miniszter-bejelentes
9ad320a167bc54dcb75fdd0d856282dcfe8b6ab7936caf41bdff35605b160e75,2026-04-24 12:52:07.929583+00:00,hu,origo.hu,origo.hu,2026-04-24,Sokkoló képeken a fronton éhező ukrán katonák – teljes az összeomlás,https://www.origo.hu/nagyvilag/2026/04/ukrajna-ehezo-katonak-front
bb72893a97e63fd87903eec5d159ad14db89e4da3a9de8c9184652a8b2891120,2026-04-24 12:52:02.940565+00:00,hu,origo.hu,origo.hu,2026-04-24,"3 évig ufónak hitték: kiderült, mi valójában a tengerfenéken talált aranytojás",https://www.origo.hu/tudomany/2026/04/aranytojas-melytengeri-rejtely
e7f0dab4aeebd547c2e32dfce462763f1be020159dd83eb983f5a928174a2fe2,2026-04-24 12:51:58.025965+00:00,hu,origo.hu,origo.hu,2026-04-24,Elszabadult a brüsszeli háborús őrület: minden vörös vonalat át kell lépni,https://www.origo.hu/nagyvilag/2026/04/oroszorszag-szankciok-voros-vonal
9b21798c2f050dae741691e9edad3877ad9d4ab2c8a2f376c61bba6336169fcc,2026-04-24 12:45:41.821506+00:00,hu,index.hu,index.hu,2026-04-24,"Új korszakot hoz a Tisza-modell, a Fidesznek egyetlen esélye maradt",https://index.hu/belfold/pillanatkep/2026/04/24/pillanatkep-fidesz-orban-viktor-kormanyalakitas-miniszterek-miniszteriumok-magyar-peter-tisza-part-ruff-balint/
4271e417335d794ebfb827dc7c6c089884c7f75a7c18c3455a525b5ada05a772,2026-04-24 12:45:36.820383+00:00,hu,index.hu,index.hu,2026-04-24,"Magyar Péter bejelentette a Tisza-kormány újabb minisztereit, Vitézy Dávid tárcavezető lesz",https://index.hu/belfold/2026/04/24/magyar-peter-tisza-kormany-miniszterek-bejelentes-oktatas-belugyminiszter/
26a53be1eedbc59ad6ab1371935412b7ddff3767a34b1336b026c9684653127e,2026-04-24 12:45:31.947191+00:00,hu,index.hu,index.hu,2026-04-24,Holttestet találtak egy kigyulladt házban Levélen,https://index.hu/belfold/2026/04/24/holttest-katasztrofavedelem-level-tuzoltok-kiegett-haz-oltas/
3e433eb26fe38be1fc3dc67c24ee9d2899c84f14c65414ca587c722ce4fad665,2026-04-24 12:45:26.812006+00:00,hu,index.hu,index.hu,2026-04-24,"Nem emelnek vádat Ruszin-Szendi Romulusz ellen, miután a kötcsei pikniken meglökött egy újságírót",https://index.hu/belfold/2026/04/24/ruszin-szendi-romulusz-garazdasag-kozponti-nyomozo-fougyeszseg-ujsagiro/
b7c84fa1e9b7b72f1f6283992ed0424773c9d63ab0af22fe0ea64c1b8f6be4dd,2026-04-24 12:45:24.030607+00:00,hu,index.hu,index.hu,2026-04-24,"T.Danny megszólalt az arcáról: Tetszik ez a fajta felháborodás bizonyos emberekben, hogy ők miért nem láthatják",https://index.hu/mindekozben/poszt/2026/04/24/t.danny-megszolalt-az-arcarol-tetszik-ez-a-fajta-felhaborodas-bizonyos-emberekben-hogy-ok-miert-nem-lathatjak/
7fd84070e5c94a7a186005cd2ef4102be90acbae025c356b8fb695ee3ca9c17c,2026-04-24 12:45:16.813914+00:00,hu,index.hu,index.hu,2026-04-24,"Lázár János székét legnagyobb kritikusa, Vitézy Dávid foglalja el",https://index.hu/belfold/2026/04/24/lazar-janos-vitezy-david-tisza-part-kormany-magyar-peter-kozlekedes-mav/
1ad095b015052fa610af06f6c0ec5718c9284feb955a88823634b22062f64052,2026-04-24 12:45:11.161440+00:00,hu,index.hu,index.hu,2026-04-24,"A Parmára anyjaként, a Juventusra apjaként tekint a világklasszis kapus, aki most saját fiaira koncentrál",https://index.hu/sport/futball/2026/04/24/labdarugas-futball-gianluigi-buffon-interju-juventus-parma-olaszorszag-vilagbajnoksag/
1890ab0c03ff318a5e8f20c8bd23d52bad0f75886b391a37993201ac6e8eb999,2026-04-24 12:45:06.333924+00:00,hu,index.hu,index.hu,2026-04-24,Deutsch Tamás megfejtette a választást: Fidesz–Tisza 4–1,https://index.hu/belfold/2026/04/24/deutsch-tamas-fidesz-tisza-part-ketharmad-valasztas-2026-ketharmad/
46f84e998a859ece7866cb9479d201a17f63ebdc5ac00e54d31b767d49aa746b,2026-04-24 12:45:01.190438+00:00,hu,index.hu,index.hu,2026-04-24,Az iráni futballválogatott több stábtagjának belépését megtagadhatják az Egyesült Államok területére,https://index.hu/sport/futball/2026/vb/2026/04/24/vb-2026-egyesult-allamok-marco-rubio-kulugyminiszter-irani-valogatott-forradalmi-garda-stabtagok/
b17fbefd80875fd57875369a47581249b3b8baf6443888481949dc2858c033df,2026-04-24 12:44:56.100053+00:00,hu,index.hu,index.hu,2026-04-24,Vitézy Dávid rögtön közlekedési reformokat helyezett kilátásba a miniszteri kinevezése után,https://index.hu/belfold/2026/04/24/vitezy-david-magyar-peter-tisza-part-miniszter-karacsony-gergely/
78cad46258fcdf1f15d3d58a2e0df7fbb7e478732c4dc72aeb2a5e809283d71b,2026-04-24 12:44:52.195985+00:00,hu,index.hu,index.hu,2026-04-24,Ismert influenszer lesz a Friderikusz TalkShow új társműsorvezetője,https://index.hu/mindekozben/poszt/2026/04/24/ismert-influenszer-lesz-a-friderikusz-talkshow-uj-tarsmusorvezetoje/
c44a72d8a829af14837ff5dd5ca93b60694549e711d8fb4782cd465fdf50f501,2026-04-24 12:44:38.796077+00:00,hu,index.hu,index.hu,2026-04-24,Teljesen új autóval áll rajthoz a világbajnoki címvédő McLaren a Miami Nagydíjon,https://index.hu/sport/forma1/2026/04/24/formula-1-mclaren-andrea-stella-csapatfonok-miami-nagydij/
3248975b2400e472a6399b191ed7cc808d0621ea1a1fa9e5044b8bb3d72cb6b0,2026-04-24 12:44:34.801123+00:00,hu,index.hu,index.hu,2026-04-24,Török Gábor: Fidesz light lehet a Magyar-kormány,https://index.hu/belfold/2026/04/24/torok-gabor-politologus-facebook-bejegyzes-tisza-kormany-2026-magyar-peter/
45eeecdb67162387ccc3b33e131e7919e651bc2292ff9911e845df3321606456,2026-04-24 12:44:30.012349+00:00,hu,index.hu,index.hu,2026-04-24,Péter Szabó Szilvia a Kincsvadászokban járt saját festményével: Nem nagyon izgultam még műsorban ennyire,https://index.hu/mindekozben/poszt/2026/04/24/peter-szabo-szilvia-a-kincsvadaszokban-jart-sajat-festmenyevel-nem-nagyon-izgultam-meg-musorban-ennyire/
a9d090738875f609da599702da4c47969ec3a3170fb77b466210cccf97930502,2026-04-24 12:44:20.390253+00:00,hu,index.hu,index.hu,2026-04-24,"Rossz ütemben váltott sávot, azonnal bekövetkezett a baleset az M0-son",https://index.hu/belfold/2026/04/24/m0-baleset-video-deak-ferenc-hid-kamion-elozes-savvaltas/
ce08b21a909d451e8455f310bfe5eaa9f1a7f489334e81f22289e4804c1268cd,2026-04-24 12:44:15.382760+00:00,hu,index.hu,index.hu,2026-04-24,"Tizenhat évesen elvesztette a látását, most miniszter lett – bemutatjuk Kátai-Németh Vilmost",https://index.hu/belfold/2026/04/24/katai-nemeth-vilmos-tisza-kormany-csaladugyi-miniszter-latasserult-portre/
d36208317a0ea9f970540ab36988e241fe7de3b319a987a15e10150eea1b5a6d,2026-04-24 12:44:03.457120+00:00,hu,index.hu,index.hu,2026-04-24,Óriáspolipok uralhatták az ősi óceánokat: 19 méteres ragadozóra bukkantak,https://index.hu/techtud/2026/04/24/oriaspolip-allat-fosszilia-kutatas-japan-kutatok-eredmeny-felfedezes/
1fab8b2a4f6acbbfc0f4849a9c0fa0c6829767352557da826a00b2b9b38a9e3b,2026-04-24 12:43:57.939041+00:00,hu,index.hu,index.hu,2026-04-24,"Lezárták a nyomozást Hadházy Ákos kiszúrt autókerekei ügyében, a volt képviselő meglepő rendőrségi indoklásról ír",https://index.hu/belfold/2026/04/24/hadhazy-akos-rendorseg-hatvanpuszta-autokerek-orban-viktor/
20b0b8761c0f0163d129e8d530c819c82e07c2e1852e60534598e50e25d7fac6,2026-04-24 12:43:49.780928+00:00,hu,index.hu,index.hu,2026-04-24,Szexuális zaklatás és diszkrimináció miatt perlik MrBeast vállalatát,https://index.hu/fomo/2026/04/24/mrbeast-jimmy-donaldson-youtuber-szexualis-zaklatas-vad-per-beast-industries/
cbc4963ba7cbbe6d41e8b886a5af33e41a033f1253fc7601f118e9f1527bf1e3,2026-04-24 12:43:45.247848+00:00,hu,index.hu,index.hu,2026-04-24,"Nem nyugszik a lengyel miniszterelnök, ismét odaszúrt az Orbán-kormánynak",https://index.hu/kulfold/2026/04/24/donald-tusk-szijjarto-peter-szergej-lavrov-europa-tanacs/
2aa114122708b39ca73fcbd6a616e8301c818b93699dd3276b57b8e5cc8b54c1,2026-04-24 12:43:39.810070+00:00,hu,index.hu,index.hu,2026-04-24,"Emberölésért kell felelnie a férfinak, aki a Morrison’s 2-ben két ütéssel végzett egy fiatallal",https://index.hu/belfold/2026/04/24/morrison-s-2-szorakozohely-emberoles-vademeles-bortonbuntetes-fovarosi-fougyeszseg/
b5aed8bff5b783f646aea3470c97bd6c20b5f7b0411bff3ba1bf35060a0b43da,2026-04-24 12:43:32.633993+00:00,hu,index.hu,index.hu,2026-04-24,Arne Slot Pécsi Árminról: Hogy Alisson szintjén van-e? A válaszom nem…,https://index.hu/sport/futball/2026/04/24/premier-league-34.-fordulo-liverpool-crystal-palace-pecsi-armin-arne-slot-nyilatkozat/
765fbeb5f0f9e9da120b64b659913cd9f46c10ee720ea068eef9952b194e4e58,2026-04-24 12:43:28.776872+00:00,hu,index.hu,index.hu,2026-04-24,A világ legjobbja hét évvel ezelőtt Budapesten érte el karrierje egyik legmeghatározóbb mérföldkövét,https://index.hu/sport/tenisz/2026/04/24/atp-250-budapest-2019-jannik-sinner-valkusz-mate-1.-fordulo-video/
69a2f08a8b59855f93e18f63a0003f42c68984ebec10621d6867405acd777d56,2026-04-24 12:42:50.360257+00:00,hu,blikk.hu,blikk.hu,2026-04-24,Váratlan döntés a Volkswagentől: új márka születik a világ legnagyobb piacán,https://www.blikk.hu/auto/volkswagen-jetta-kinai-strategia/mt7zxl4
97715e5810c20581506113d76c796eafb34557f9d87ecf1e15e7cf02cb875571,2026-04-24 12:42:44.944049+00:00,hu,blikk.hu,blikk.hu,2026-04-24,Egységesen kötelező orvosi vizsgálat jöhet az EU-ban a sofőröknek,https://www.blikk.hu/eletmod/tippek/jogositvany-eu-szabaly-valtozas-vizsgalat/ks1yzps
7fafca9e7a1439d1ce31da27c39b7c32a99e0b284c5efcbf38fc383a3c93bad9,2026-04-24 12:42:34.778525+00:00,hu,blikk.hu,blikk.hu,2026-04-24,Kovács Bendegúz bemutatkozott a holland bajnokságban,https://www.blikk.hu/sport/kulfoldi-foci/kovacs-bendeguz-holland-bajnoksag-elvonal-bemuatkozas/x3f5pns
ca984c7029849057f6c0383f2a28adb9a6e67084782eb7f9623a40dc959a887c,2026-04-24 12:42:21.107923+00:00,hu,blikk.hu,blikk.hu,2026-04-24,Terepmotorosok okoztak károkat a Tarnavidéki Tájvédelmi Körzetben,https://www.blikk.hu/aktualis/belfold/bukk-nemzeti-park/tsnqdx2
b770bb293bd295727859d69fa6dead8c58c967022f35669087878e9b94f5f4f6,2026-04-24 12:41:45.578053+00:00,hu,blikk.hu,blikk.hu,2026-04-24,Holttest került elő egy kigyulladt hétvégi házból Mosonmagyaróvár mellett,https://www.blikk.hu/aktualis/belfold/tuz-level-gyor-moson-sopron/pksf44v
dcf75586d05038596fd62bacc670362394d9599db7ecd67e9f40631ef0c2cc8b,2026-04-24 12:40:44.086689+00:00,hu,blikk.hu,blikk.hu,2026-04-24,"Több vitamint is szed egyszerre? Kerülje ezeket a kombinációkat, azt tanácsolják a szakértők",https://www.blikk.hu/eletmod/egeszseg/tiltott-vitamin-kombinaciok/8rzn4hv
690ce3acf1545d24bb2d0493b240adfc3a2879fa75f86409d888b29219d56ab7,2026-04-24 12:40:34.959034+00:00,hu,blikk.hu,blikk.hu,2026-04-24,"Slot nem aggódna, ha Pécsi állna a Liverpool kapujában",https://www.blikk.hu/sport/kulfoldi-foci/liverpool-arne-slot-pecsi-armin/6p7jd34
099a9890a45f94ac16faa2b2f92474c716c31db0a9a1050272a9159aa6c922c4,2026-04-24 11:47:04.433034+00:00,hu,blikk.hu,blikk.hu,2026-04-24,Napokra leáll a debreceni repülőtér forgalma,https://www.blikk.hu/aktualis/belfold/debrecen-repuloter-lezaras-leallitas-repules/ch0ms4n
c54c363f653a858fca65a05e621b7c905384eb46f155fc3c2ca70e52e1ab6a92,2026-04-24 11:46:46.966158+00:00,hu,blikk.hu,blikk.hu,2026-04-24,"Idős, demens nőt csaptak be a bűnözők, megkaparintották a pénzét és az otthonát",https://www.blikk.hu/aktualis/krimi/ajandekozas-csalas-aldozat-elkovetok-letartoztatas-lakas/b2gnbfk
318128978a3a66325017fe2180712e68c1d1d42fd2430419d8a570f33ae6ccf1,2026-04-24 11:46:42.016625+00:00,hu,blikk.hu,blikk.hu,2026-04-24,Új kutatás tárta fel a depresszió biológiai hátterét,https://www.blikk.hu/ferfiaknak/tech/depresszio-agysejtek/br1bk3j
bb62152441a2ed8c0fb4bcfeba2d41f806e22278561ad3d82c5a84140ed74f93,2026-04-24 11:46:24.865101+00:00,hu,blikk.hu,blikk.hu,2026-04-24,"Miniszterként bizonyíthat az örök kritikus Vitézy Dávid, Lázár János legnagyobb ellenfele",https://www.blikk.hu/politika/magyar-politika/vitezy-david-miniszter-kozlekedes-tisza/fe5sc47
d20cf7f5ca883f543db854f82fb9150a5be8951e6c8705d7229474bf5696394a,2026-04-24 11:34:34.684453+00:00,hu,origo.hu,origo.hu,2026-04-24,Tornádók csaptak le az Egyesült Államokban – egy egész térség megbénult,https://www.origo.hu/nagyvilag/2026/04/tornado-oklahoma-serultek-vihar-karok
ec73ef3f88dbea1e90941c49e604599a6a28aa966ad05b67eaa45495fcd6ceaa,2026-04-24 11:34:22.319268+00:00,hu,origo.hu,origo.hu,2026-04-24,Demens asszonytól csaltak ki 80 milliót az aljas bűnözők,https://www.origo.hu/kek-hirek/2026/04/csalo-demens-asszony
2ed0f669816d8b90b7a26803eea906f668b64813121d72f125692808a149f525,2026-04-24 11:34:07.868367+00:00,hu,origo.hu,origo.hu,2026-04-24,"„Tudtam, csak nem sejtettem!” – 35 éve röhögünk Sylvester Stallone maffiózóján",https://www.origo.hu/filmklub/2026/04/sylvester-stallone-oscar-35-eves
cc23a273be4c58dcfd4f9125980def57a7521ff21a1055fff3b8b33be12a4ecf,2026-04-24 11:33:52.022487+00:00,hu,origo.hu,origo.hu,2026-04-24,"Leáll a legnagyobb vidéki repülőtér forgalma – mutatjuk, hogy miért",https://www.origo.hu/gazdasag/2026/04/repuloter-legiforgalom-kifutopalya-legitarsasag
545a2020dfd147e058f0e7959d1cf5b900ba597df9d7e0f2a849a07a055def47,2026-04-24 11:33:36.273197+00:00,hu,origo.hu,origo.hu,2026-04-24,Letartóztatták Van Dyke-ot – fogadási botrányba keveredett,https://www.origo.hu/nagyvilag/2026/04/maduro-akcio-amerikai-katona-bukas-fogadas
fc96a2c51e27a99543a4dc196882f7aa7fde99999f024502e437d5258ea9a3ae,2026-04-24 11:33:24.257404+00:00,hu,origo.hu,origo.hu,2026-04-24,"Létrejön minden idők egyik legnagyobb filmipari ügylete, ez átrendezheti a médiaipart",https://www.origo.hu/gazdasag/2026/04/media-warner-paramount
7d78cfc43c23d7e71e02efb7885879795bf973c111e13e25e6677db3149c60ff,2026-04-24 11:33:19.317899+00:00,hu,origo.hu,origo.hu,2026-04-24,Videón a brutális ütközés: vonat rohant bele egy kukásautóba,https://www.origo.hu/nagyvilag/2026/04/brutalis-utkozes-kukasauto-kamion-video
9a47fa996c711931c4c84964db722c8f0772a354aa899c3e58c2404e06ee9d89,2026-04-24 11:32:29.935227+00:00,hu,blikk.hu,blikk.hu,2026-04-24,"Gyerekkorától tudta Kátai-Németh Vilmos, hogy elveszíti látását",https://www.blikk.hu/politika/magyar-politika/katai-nemeth-vilmos-vaksag-miniszter-gyerekkor/1xpclgs
3102e6278c61834e2b599954e844d91e8854420ea9eb8ed4ce5c3d2efe504b74,2026-04-24 11:32:02.221846+00:00,hu,blikk.hu,blikk.hu,2026-04-24,Norris szerint Verstappen még sokáig marad a Forma–1-ben,https://www.blikk.hu/sport/forma-1/lando-norris-max-verstappen-f1-nem-tavozik-marad-red-bull-mclaren-zak-brown/g6sn3dm
5c197874d57f58c546d66fc028f123bd3b0daa9cc6977cb2e140d0c4ec87f55a,2026-04-24 11:30:58.146003+00:00,hu,blikk.hu,blikk.hu,2026-04-24,"Ez történik, ha két hétig mellőzi a kávéfogyasztást",https://www.blikk.hu/ferfiaknak/tech/kavefogyasztas-hatas-stressz-alvas-memoria/xc5sdsm
ac0122219da832930fa4bd92f6c0003af4dae37dd3caaa8ad2bf28777086bf65,2026-04-24 11:24:07.150974+00:00,hu,origo.hu,origo.hu,2026-04-24,Évek óta tart a küzdelem vidéken – bűz és fertőzésveszély is fenyegetheti a helyieket,https://www.origo.hu/itthon/2026/04/buz-adand-tojasfeldolgozo-szag-hulladek
a62844dffb6ed6932b69b1b859fe901a3ec3712a93d6a43d85168eb7b83308db,2026-04-24 11:24:01.472532+00:00,hu,origo.hu,origo.hu,2026-04-24,Szent György lovag: a lovak és lovasok védőszentje – legendák és hagyományok nyomában április 24-én,https://www.origo.hu/itthon/2026/04/szent-gyorgy-napja-aprilis-24-lovak-vedoszentje
1e17410d24aa5c985a10daae6a74e4ecc1fa5b451ad8c8f1747e63220879f7a7,2026-04-24 11:23:56.410496+00:00,hu,origo.hu,origo.hu,2026-04-24,A remény rabja Debrecenben: a drótkerítés sem állította meg a szökni vágyó férfit,https://www.origo.hu/kek-hirek/2026/04/borton-rab-fogoly-debrecen
6abc659df596b19a2f3877562094a5e1607ffceebd4dfd7c4855f39aa7f9e2ee,2026-04-24 11:23:51.436061+00:00,hu,origo.hu,origo.hu,2026-04-24,"Fertőzés ütötte fel a fejét a győri kórházban, látogatási tilalmat rendeltek el",https://www.origo.hu/itthon/2026/04/gyori-korhaz-bakterialis-fertozes-latogatasi-tilalom
fa42a931c779eb336ac9bd2cd8547b61d798a5fd8e5cc2873293e72bcafcf04d,2026-04-24 11:23:46.436114+00:00,hu,origo.hu,origo.hu,2026-04-24,"Aggasztó, mi derült ki a probiotikumokról: ebben az esetben árthatnak",https://www.origo.hu/tudomany/2026/04/probiotikumok-hatalmas-tevhit
42dc7ccc04e66b53954f0a9ef7bdf3b1a24481e816d96fe328fc04b90d216a80,2026-04-24 11:23:41.418193+00:00,hu,origo.hu,origo.hu,2026-04-24,"„Kihunytak a fények”: a fiatal nő poharába drog került, azóta sem tudja, mi történt vele",https://www.origo.hu/kek-hirek/2026/04/drog-koktel-bedrogozva
e0d4a1bb6c6cd37382d67f2ccdc149428b68b40bfd3e89aaa65465bf4493102c,2026-04-24 11:23:36.395331+00:00,hu,origo.hu,origo.hu,2026-04-24,Döbbenetes fordulat: ezt találták a világsztár telefonján a brutális gyilkossági ügyben,https://www.origo.hu/nagyvilag/2026/04/d4vd-gyermekbantalmazas-birosag
ad1856020a81656966e9d9d5d729e690e667c98f5980e4fb45c191cb529e96fb,2026-04-24 11:23:31.420444+00:00,hu,origo.hu,origo.hu,2026-04-24,Horror szülők a bíróságon: elképzelhetetlenül kegyetlen módon végeztek saját lányukkal,https://www.origo.hu/kek-hirek/2026/04/gyilkossag-gyilkos-szulok
cdb5ba13ba3581b95c9d0a6c9b49b175eb86734385e19bc1c64acb79d7e035f4,2026-04-24 11:23:27.046214+00:00,hu,origo.hu,origo.hu,2026-04-24,Zárlat és pusztítás: óriási a baj a méhészeknél egy fertőzés miatt,https://www.origo.hu/itthon/2026/04/mehbetegseg-zarlat-fertozes-meheszet
982687383bbe6840b39c945358eb9b126711cd98a82afb849d0675f29e4b4c4b,2026-04-24 11:23:22.132580+00:00,hu,origo.hu,origo.hu,2026-04-24,"Itt egy remek ábra, amelyből kiderül, hogyan és mennyi uniós pénz jöhet Magyarországra",https://www.origo.hu/gazdasag/2026/04/unios-forrasok-2
02283d90fc293c646b8e9eb69b560fa723458c519667b841de971924c2611ff6,2026-04-24 11:23:16.439862+00:00,hu,origo.hu,origo.hu,2026-04-24,Azbeszt-ügy: ezek a válaszok mindenkit érintenek,https://www.origo.hu/itthon/2026/04/azbeszt-ugy-azbesztszennyezes-egeszseg
1a1c5d952f6c19ecdd25eaee882ecb55ba65869053d9084ccd2cb0f1a26ebf6a,2026-04-24 11:23:11.407702+00:00,hu,origo.hu,origo.hu,2026-04-24,Szoboszlai Dominik is segítette Schäferék női edzőjét,https://www.origo.hu/sport/sport-futball/2026/04/schafer-edzo-marie-louise-eta-rb-leipzig-szoboszlai
08af043ea11b53ebbef5df5e2acfa01a9a14e290b6a0aa2e8c0d774dfb370734,2026-04-24 11:23:06.386520+00:00,hu,origo.hu,origo.hu,2026-04-24,"Beszakadt egy nyilvános WC padlója egy nő alatt, órákig fürdött a sz*rban",https://www.origo.hu/nagyvilag/2026/04/nyilvanos-wc-beszakadt-baleset
dba03cce0e21e4b8e0d79ec2c18f4ae25c79115770a90277a69ae0138249617e,2026-04-24 11:23:02.080199+00:00,hu,origo.hu,origo.hu,2026-04-24,Világszintű gázpánik után megszólalt a Chevron – ez mindent megváltoztathat,https://www.origo.hu/gazdasag/2026/04/lng-ausztralia-termeles-export
6cf42274416c9fba9aaba22454889c7aef3d9083c3f5234a006400a116b30a4a,2026-04-24 11:22:56.400591+00:00,hu,origo.hu,origo.hu,2026-04-24,Át vagyunk verve! Soha nem fogjuk viszont látni az EU-s milliárdokat,https://www.origo.hu/kulpol/2026/04/medvegyev-eu-hitel-ukrajna
bd6004429472ce1d6e43d6be835a18e1b376c8f4dea39761b4a0c7cf6925564b,2026-04-24 11:22:51.405370+00:00,hu,origo.hu,origo.hu,2026-04-24,"Sokkoló adatok Brüsszelből: robban a mélyszegénység, tízezrek élnek az utcán",https://www.origo.hu/gazdasag/2026/04/brusszel-lassan-ellepik-az-utcakat-a-hajlektalanok
3d951cc69c87d414b5499403adc9d31e462bfa2051afb75a459e748997669404,2026-04-24 11:22:46.398181+00:00,hu,origo.hu,origo.hu,2026-04-24,"Drámai helyzet alakult ki a Mount Everesten, késhet a hegymászószezon",https://www.origo.hu/nagyvilag/2026/04/mount-everest-gleccser-zarja-el-az-utat
460500d38e8f5c0f7cb554eea485e14084b244a3d513675294dc56ee3423440d,2026-04-24 11:22:41.431970+00:00,hu,origo.hu,origo.hu,2026-04-24,Vita robbant ki Magyar Péter döntése miatt – máris jön a kritika,https://www.origo.hu/belpol/2026/04/magyar-peter-szabo-szabolcs-tisza-frakcio-feher-haz
73504c63d4b86c95201a9d7653fa42d0c2deb407e08366331e4c19a223f72481,2026-04-24 11:22:37.007596+00:00,hu,origo.hu,origo.hu,2026-04-24,Rendkívüli! Az egész országban bezártak a rendőrkapitányságok!,https://www.origo.hu/kek-hirek/2026/04/rendorseg-ugyfelfogadas-szunet
39994b4f61593273c5866bedaed43f1bb847e469cf7c2f696dca1042e49efbdc,2026-04-24 11:22:31.446315+00:00,hu,origo.hu,origo.hu,2026-04-24,Sydney Sweeney fehérneműiben sokkolt a szexi tornásznő – fotók,https://www.origo.hu/sport/sport-laza/2026/04/sydney-sweeney-fehernemu-tornaszno-livvy-dunne-fotok
b8fd57c62ee5ab5371f34671df0f876fff5b974d8184e5e5a18ae9bc19ebb3b8,2026-04-24 11:22:26.402586+00:00,hu,origo.hu,origo.hu,2026-04-24,"Hihetetlen, de Arne Slot Pécsi Ármin kapcsán is hosszabban megszólalt",https://www.origo.hu/sport/sport-futball/2026/04/arne-slot-liverpool-labdarugas-crystal-palace
63cd43c50f278318ebea6e6af34d3ab7d082ffd1b8f837879f7208da96bba901,2026-04-24 11:22:21.407103+00:00,hu,origo.hu,origo.hu,2026-04-24,"Összeomlott a legendás kőarc, megsemmisült a sziklaalakzat",https://www.origo.hu/nagyvilag/2026/04/sziklaomlas-pogany-leany-szlovania-julia-alpok
396da8c606ce82b6a558b14024e17315b09afcd9c364daf6dc9103c41a91d4a4,2026-04-24 11:22:16.406328+00:00,hu,origo.hu,origo.hu,2026-04-24,Figyelem: a mai naptól változás jött az otthontámogatási programban,https://www.origo.hu/gazdasag/2026/04/otthontamogatasi-program
21da60178bdaf644db1097efe8359ac7a146446a1f57ae78b763b0e314c87fff,2026-04-24 11:22:11.410521+00:00,hu,origo.hu,origo.hu,2026-04-24,"Újabb két minisztert nevezett meg Magyar Péter, a fél ország megdöbbent",https://www.origo.hu/belpol/2026/04/ujabb-ket-miniszter-magyar-peter-vitezy-david
2526d51304acef149d348326cc5b3468a9f32ca5d7d65f94caea98a4edc120ae,2026-04-24 11:22:06.721400+00:00,hu,blikk.hu,blikk.hu,2026-04-24,"Gáspár Bea megkönnyebbült, miután kivették a méhét, elmúltak a panaszai",https://www.blikk.hu/eletmod/egeszseg/gaspar-bea-meheltavolitas-janicsak-veca-szentesi-eva/8n5qerd
1686d9136fedbb2bca4b7b9333cf306ec120ff7bcca2789772a396caaac0d45f,2026-04-24 11:22:06.411397+00:00,hu,origo.hu,origo.hu,2026-04-24,"Rejtély, hová tűnhetett a lett férfi azután, hogy állítólag kihallgatták a komlói rendőrök",https://www.origo.hu/kek-hirek/2026/04/rejtely-hova-tunhetett-lett-ferfi
808a7da81b097cb6d6498563f305f9d1dedba7c4991fcc1cbfeaca94445db30b,2026-04-24 11:22:02.056234+00:00,hu,origo.hu,origo.hu,2026-04-24,"Kiderült, miért nézte ki magának Budapest szívét a Tisza-frakció",https://www.origo.hu/belpol/2026/04/tiszasok-koltoznek-kepviselo-orban-balazs-irodahaz
57360476c8dc4815b218a65da2aa39bd8ce0f5fd80a6c83cb645fb64fb482c30,2026-04-24 11:21:56.404183+00:00,hu,origo.hu,origo.hu,2026-04-24,"Iskolából egyenesen a börtönbe ballaghat a férfi, aki mentősökre támadt",https://www.origo.hu/kek-hirek/2026/04/fenyegetes-mento-ferfi
03d53f4bd2c4167ad8c18201968308bbbbfbb86a6fbc51bd6f05bbb190b3645b,2026-04-24 11:21:51.424653+00:00,hu,origo.hu,origo.hu,2026-04-24,"Puzsér begőzölt, Juhász Péter darál, patkány az italban...",https://www.origo.hu/itthon/2026/04/politikai-hobbista-podcast-puzser-energiaital
61a1c2b4df45062260623426247c418a3ecf76e3e3451d0aefbb3d4f65ba8c5d,2026-04-24 11:21:46.664460+00:00,hu,origo.hu,origo.hu,2026-04-24,Gyászol a focivilág: ismert edző a győri baleset halálos áldozata,https://www.origo.hu/kek-hirek/2026/04/baleset-halalos-fociedzo
72ce6b291c11cec26f32a32c330e8171188ab39dec269b9ab7d17452c711f888,2026-04-24 11:21:41.406373+00:00,hu,origo.hu,origo.hu,2026-04-24,Könnyes szemmel nyilatkozott Curtis a bátyja tárgyalása után,https://www.origo.hu/kek-hirek/2026/04/curtis-a-batyja-targyalasa-utan
1dac52c30943d6ccfda3cf494076832754fd87fd67fe62767e4b3656bd905903,2026-04-24 11:21:36.416077+00:00,hu,origo.hu,origo.hu,2026-04-24,Dögös vörös: vadító képet osztott meg Tolvai Reni,https://www.origo.hu/teve/2026/04/tolvai-reni-enekesno-szexi-foto
c69c6dd4a301007f1cd1f078d3e90ebdb10144e43021a177b14d8743f6279e0e,2026-04-24 11:21:32.122240+00:00,hu,origo.hu,origo.hu,2026-04-24,Miért dugul el a lefolyó? Szakértő mondja el az okokat és a megoldást!,https://www.origo.hu/karacsony-hirdetes/2026/04/miert-dugul-el-a-lefolyo-szakerto-mondja-el-az-okokat-es-a-megoldast
bc0e88e86e247e0fa05f9880892c32523beca33fd0c721522adcd82818081c38,2026-04-24 11:21:32.101545+00:00,hu,blikk.hu,blikk.hu,2026-04-24,95 éves volt a legendás sportoló,https://www.blikk.hu/sport/magyar-foci/meghalt-more-imre-labdarugo-mtk/w8qlj08
4012ef98eaf9f7d05efdbcf4e7eace82ce19a0af8187c88346224e9f3ef3dcaa,2026-04-24 11:21:27.103290+00:00,hu,origo.hu,origo.hu,2026-04-24,Borzasztó környezeti katasztrófa alakult ki az ukrán drónok pusztítása nyomán,https://www.origo.hu/kulpol/2026/04/ukran-dronok-pusztitasa-nyoman-kornyezeti-katasztrofa
a3b23bfe8f5acae62762152aefbe700487dff5a3a161ea92aad8f89b75c2a906,2026-04-24 11:21:21.409936+00:00,hu,origo.hu,origo.hu,2026-04-24,Az Európai Unió kemény döntést hozott – veszélybe került a Velencei Biennálé támogatása,https://www.origo.hu/nagyvilag/2026/04/europai-unio-tamogatas-velencei-biennale
9da6ce8a482790b51195ff94f9e5d039eeae9299e2f82a132efd326224e52d43,2026-04-24 11:21:16.409871+00:00,hu,origo.hu,origo.hu,2026-04-24,"Egyre többen érzik úgy, hogy „mindennek vége”: veszélyes gondolkodásmód terjed a fiatalok között",https://www.origo.hu/nagyvilag/2026/04/doomer-gondolkodasmod-fiatalok
8d6b8188ea8a36228caf519b4b83459fa1faaffa19c4e23ca95f6afbb09d7e88,2026-04-24 11:21:12.050437+00:00,hu,origo.hu,origo.hu,2026-04-24,"Baleset! Nem volt kötelező biztosítás? Nem gond, a hivatalos szervek visszaperlik a költségeket!",https://www.origo.hu/auto/2026/04/baleset-nem-volt-kotelezo-biztositas-nem-gond-a-hivatalos-szervek-visszaperlik-a-koltsegeket
c3cf1b3498aad412c7ed2dcb615782dc2a267926853ba5ae111355c4fa32eb97,2026-04-24 11:21:06.203093+00:00,hu,origo.hu,origo.hu,2026-04-24,Súlyos terrortámadás készült: orosz vezetőket vettek célba – döbbenetes részletek,https://www.origo.hu/nagyvilag/2026/04/roszkomnadzor-merenylet-fszb-oroszorszag
43e770fa8e7580e0991d6e8829e7394197b8774a5bf517fd57b5ea4cfc66779a,2026-04-24 11:21:01.423163+00:00,hu,origo.hu,origo.hu,2026-04-24,"Fotókon, ahogy megérkezett a bíróságra Curtis bátyja",https://www.origo.hu/kek-hirek/2026/04/curtis-batyja-megerkezett-a-birosagra
290e7016f0686a378b7fdd7f5741861a733d3b60c34353528319ba6cdbcc785b,2026-04-24 11:20:56.427134+00:00,hu,origo.hu,origo.hu,2026-04-24,Vinícius Júnior az eddigi legvilágosabb jelét mutatta a távozásnak,https://www.origo.hu/sport/sport-futball/2026/04/real-madrid-vinicius-jovoje-florentino-perez-incidens
0813e7dc8c7bcfbc79c758bd3f81210058e35388b3e09be957f81a5a7836d827,2026-04-24 11:20:55.921723+00:00,hu,blikk.hu,blikk.hu,2026-04-24,"Mégsem lesz reklámadó, a leköszönő Orbán-kormány egyik utolsó intézkedése ez",https://www.blikk.hu/gazdasag/penz/reklamado-kormany-rendelet-magyar-kozlony/5dmhmyz
ad7040f7b637b92ed6e6a2db911bf41ebfabec16a9fcb062a08766b3defc1220,2026-04-24 11:20:51.441125+00:00,hu,origo.hu,origo.hu,2026-04-24,Nemzetközi sikert aratott a magyar film – hamarosan a hazai mozikba is megérkezik,https://www.origo.hu/nagyvilag/2026/04/pekingi-nemzetkozi-filmfesztival-mommy-blue-siker-dijak
4a6c04c6f47a835d4015c02d1977feda602bff3fcfd62bd1b8e71bc938bdfa8f,2026-04-24 11:20:46.420405+00:00,hu,origo.hu,origo.hu,2026-04-24,"Robbanás Berlinben: Friedrich Merz kimondta, amit eddig kevesen mertek",https://www.origo.hu/kulpol/2026/04/gazdasagi-novekedes-klimavedelem-merz-berlin
18f2cbd4fd66dc8dc693480e9e71ecbb709573d312f2c8bed6b63ed8f0e072d7,2026-04-24 11:20:41.411693+00:00,hu,origo.hu,origo.hu,2026-04-24,Trumpnak elege van: példátlan büntetést kaphat egy NATO-tagállam,https://www.origo.hu/nagyvilag/2026/04/nato-szankciok-egyesult-allamok-spanyolorszag
e93e431fa366aff26ac8a909de605a952530df94570df6d9bdaf4dee699493fe,2026-04-24 11:20:37.089596+00:00,hu,origo.hu,origo.hu,2026-04-24,Hevesek a reakciók: brutális válasz Brüsszel gyermekvédelmi ítéletére,https://www.origo.hu/kulpol/2026/04/gyermekvedelmi-iteletet-brusszel-hevesek-a-reakciok
e4fa9d88a581783e92382ae9628bed3ac94cfb2d669331ef5b9db545257b74bd,2026-04-24 11:20:31.403426+00:00,hu,origo.hu,origo.hu,2026-04-24,Napvilágot láttak Brüsszel elvárásai az új kormánytól – ezt nyögni fogjuk,https://www.origo.hu/belpol/2026/04/lmbtq-brusszel-elvarasai-az-uj-kormannyal-szemben
3ff688d0080534b21d0d3c2c0e869ee08d26ba51e61a20cdda2b361f75ffadf0,2026-04-24 11:20:26.950637+00:00,hu,blikk.hu,blikk.hu,2026-04-24,Kiderült: Ő lesz Friderikusz Sándor új társműsorvezetője a Friderikusz TalkShowban! – videó,https://www.blikk.hu/sztarvilag/hazai-sztarok/semjen-nora-friderikusz-sandor-talkshow-rtl/sw4g95d
161dea477e65ae9ab548fc9b9fcdb86c93fa02eb50afd8d2c4d3e1c349f71a0c,2026-04-24 11:20:26.441832+00:00,hu,origo.hu,origo.hu,2026-04-24,Beteg a mája? Ez a hétköznapi gyümölcs segíthet,https://www.origo.hu/tudomany/2026/04/zsirmaj-es-a-narancsfogyasztas-hatasa
17e66c642b8f8d30a3bb06c6b451539606edee38834f9221a3380a19e3d2eda0,2026-04-24 11:20:21.403708+00:00,hu,origo.hu,origo.hu,2026-04-24,Magyar Péter színt vall: visszakerül az uniós zászló a Parlamentre,https://www.origo.hu/belpol/2026/04/magyar-peter-unios-zaszlo-parlament
13323aba5d66af3e73f426e14a63f170316589a29c7e5688d81e3f7e5df42dbf,2026-04-24 11:20:17.854703+00:00,hu,blikk.hu,blikk.hu,2026-04-24,"Hogyan javították meg a római tengerészek a hajókat menet közben, távol otthonuktól?",https://www.blikk.hu/ferfiaknak/tech/okor-romaiak-hajozas-tudmoany-tech/t2p8krz
f7bd005914b7463d6ce81c81b2e0bf71fdd6662c73dffc30457e1403a29f0ca4,2026-04-24 11:20:17.039214+00:00,hu,origo.hu,origo.hu,2026-04-24,Kerkez Milost így még biztosan nem láthattuk – videó,https://www.origo.hu/sport/sport-futball/2026/04/kerkez-milos-liverpool-alapitvany-gyerekek-kerteszet
f7a0e430dc8765ec5e1737cbdf8c122851afcbcc474afe2077e229a00daa95d3,2026-04-24 11:20:10.120207+00:00,hu,origo.hu,origo.hu,2026-04-24,"Mindenki erre várt: kiderült, ki kelt el elsőként az NFL-drafton",https://www.origo.hu/sport/sport-trashtalk/2026/04/fernando-mendoza-draft-las-vegas-raiders-elso-hely-2026
f123e008930ae9177211cefedb430e170da64d547f26cde0950532f73f560e1e,2026-04-24 11:19:54.917241+00:00,hu,origo.hu,origo.hu,2026-04-24,Feszültség a NATO-ban: Washington már szankciókat fontolgat a vonakodó szövetségesekkel szemben,https://www.origo.hu/kulpol/2026/04/nato-washington-szovetseg
af05c8df61adb87e5a1b1578a6753df0c03dbf53ee68ce2e2be55e6c5ef4ecda,2026-04-24 11:19:53.197028+00:00,hu,blikk.hu,blikk.hu,2026-04-24,Gyakori kérdés: mennyi ideig kell sétáltatni a kutyát?,https://www.blikk.hu/eletmod/tippek/kutyasetaltatas-ido/ds6y270
2e7b42db919a7542ad04977fb1bd8be11e0dfe868c03c138de1835d1f90b0807,2026-04-24 10:40:29.247925+00:00,hu,blikk.hu,blikk.hu,2026-04-24,"Veszélyben Nagy Dani öccse, Benedek: sorsdöntő párbaj vár a népszerű tartalomgyártóra az Exatlon Hungaryben",https://www.blikk.hu/galeria/exatlon-hungary-nagy-benedek-parbaj/yslk51v
8e08ac3b1075b144bacb86bffaa61afc540de07914278baf6defd557c591bf8f,2026-04-24 10:40:03.186977+00:00,hu,blikk.hu,blikk.hu,2026-04-24,Gyilkosság a Morrison's 2-ben: végrehajtandó börtönbüntetést kér az ügyészség az elkövetőre,https://www.blikk.hu/aktualis/krimi/morrisons-2-gyilkossag-vademeles-ugyeszseg/bxm8ksy
5fe991ea4174c49ebae24220131800a957378c6003a75997d4e8258ac6f7eacb,2026-04-24 10:38:58.853380+00:00,hu,blikk.hu,blikk.hu,2026-04-24,Váratlan gigaszerződés: brutális újítás jön a Mercedes villanyautóiba,https://www.blikk.hu/auto/mercedes-benz-samsung-akkumulator-megallapodas/xsb4v14
51ebb0a68c01641f9c25017bcac2a44646768d585db3c2489f4763c0c3c1a383,2026-04-24 10:38:40.776664+00:00,hu,blikk.hu,blikk.hu,2026-04-24,"Ezt mondta Curtis bátyja az utolsó szó jogán a tárgyaláson: ""Nem vagyok gyilkos"" – fotók",https://www.blikk.hu/galeria/curtis-batyja-gyilkossag-targyalas-utolso-szo-katzenbach-imre/sxlvqh7
31fb3fb90e1c7e354bdfeb4f05ce4b7a32ee97eb35fdec93df21a036461f99d4,2026-04-24 10:38:36.167589+00:00,hu,blikk.hu,blikk.hu,2026-04-24,"Úgy kiütötték a világbajnok bokszolónőt, hogy egy héttel később is intenzíven van – videók",https://www.blikk.hu/sport/shadasia-green-bokszolono-agyverzes/80bpeb4
513e96e155b6d4d25dcef1ee066c218e8e6c617b70a432e1230b8539d3754142,2026-04-24 10:38:31.432684+00:00,hu,blikk.hu,blikk.hu,2026-04-24,Freddie kiakadt: „Én ebből nem kérek”,https://www.blikk.hu/sztarvilag/hazai-sztarok/fehervari-gabor-alfred/8cr5h7v
94c2034d2d50de09aee6a61c6f16cec9c6a432cd9f7c284580f724bf4558e6da,2026-04-24 10:26:26.630778+00:00,hu,blikk.hu,blikk.hu,2026-04-24,"Olcsóbb lesz a Fiat Grande Panda: érkezhet a benzines, kézi váltós változat",https://www.blikk.hu/auto/fiat-grande-panda-manualis-benzinmotor/kgdt389
c21f141e05d527e2fa2903e3cf2982344baf2a95875141ab49ccc263cdb402df,2026-04-24 10:25:57.291851+00:00,hu,blikk.hu,blikk.hu,2026-04-24,"A tévé hosszú életének titka a mikroszálas kendő és türelem, de mit mond a tudomány, és mit a gyártók?",https://www.blikk.hu/ferfiaknak/tech/televizio-kepernyo-tisztitas/etckwyw
9254b0be97cb7570098196b9d3aa15b7bbf4c651f35acc38a92b5fe7ef914fb3,2026-04-24 10:25:50.558140+00:00,hu,blikk.hu,blikk.hu,2026-04-24,"Üzent a hetekre eltűnt Pesty László: minden erejével azon van, hogy jobban legyen",https://www.blikk.hu/aktualis/belfold/pesty-laszlo-eltunt-uzent/yn84ls6
b2ccd6d2336ff27a03cf5de809d31c2d1e11869e1dd4be93736ff4141767416f,2026-04-24 10:25:45.281504+00:00,hu,blikk.hu,blikk.hu,2026-04-24,"Megvan! Magyar Péter bejelentette, ki lesz a közlekedési miniszter és a családügyi tárca vezetője, egyedülálló döntés",https://www.blikk.hu/politika/magyar-politika/vitezy-david-kozlekedesi-miniszter-katai-nemeth-vilmos-csaladugyi-miniszter/vsgwjzx
ffd0f1e0ae3a7717d6ea73dee7ffb6d95a91c1ab7e737f65b2eba6aaadbbd452,2026-04-24 10:25:40.283850+00:00,hu,blikk.hu,blikk.hu,2026-04-24,"Vujity Tvrtko: Csernobilnak vannak magyar áldozatai, magyar hősei és magyar bűnösei is",https://www.blikk.hu/sztarvilag/hazai-sztarok/vujity-tvrtko-csernobil-atv/py7fhbh
4317187ddd83612e730199e0ebfafae0436cabdd027ffe06e416a82d5c87726a,2026-04-24 10:25:34.454968+00:00,hu,blikk.hu,blikk.hu,2026-04-24,Rátgéber László ezt előre megmondta – Juhász Dorka hihetetlen csodát vitt véghez,https://www.blikk.hu/sport/csapat/juhasz-dorka-euroliga-mvp-ratgeber-akademia-megjosol/yg73nyf
51adead3e01f38833bf6bfa0fc7026fc1033465d82f18018cd896a4e5d7cc169,2026-04-24 10:25:29.177782+00:00,hu,blikk.hu,blikk.hu,2026-04-24,"Magyar Péter kitűzi az Európai Unió zászlaját a Parlamentre, ha tetszik Kövér Lászlónak, ha nem – és mi lesz a székely zászlóval?",https://www.blikk.hu/politika/magyar-politika/europai-unio-zaszlaja-parlament-agyar-peter/7dz2m87
45bef0472a10babd086715c754add0e900aa7b1ec4823421f09dcb24a31a7acd,2026-04-24 10:25:24.155151+00:00,hu,blikk.hu,blikk.hu,2026-04-24,Egészségügyi veszélyhelyzet van Szombathelyen: korlátozásokat vezettek be a városban,https://www.blikk.hu/aktualis/veszhelyzet/azbeszt-szombathely-szennyezes-korlatozas/9mnv9bl
10044a8b98d731c7c468c418f435651d5556b7a87c7c68922057cb3b98203eaf,2026-04-24 10:25:17.429938+00:00,hu,blikk.hu,blikk.hu,2026-04-24,Habsburg György ötévnyi különélés után visszaköltözhet Sóskútra a feleségéhez,https://www.blikk.hu/aktualis/belfold/habsburg-gyorgy-soskut-eilika/2rw4z6k
6369256db0173f4064bed2942355afd2736ad282e06013d31a88bcb7f121a59e,2026-04-24 10:25:09.928262+00:00,hu,blikk.hu,blikk.hu,2026-04-24,Tavaszi salátavariációk helyi zöldségekből mindenkinek,https://www.blikk.hu/eletmod/gasztro/salata-receptek/ed6zb7l
ec2d075d2e4bcab769bad82fa328492b5d267399061a3cba051487a2e6dbb39f,2026-04-24 10:24:46.542380+00:00,hu,blikk.hu,blikk.hu,2026-04-24,"így csaltak, loptak, szerettek a francia új hullám zsenijei",https://www.blikk.hu/sztarvilag/filmklikk/nouvelle-vague-az-uj-hullam-richard-linklater-jean-luc-godard-kifulladasig/dqke7yz
627315ea6eecd3a7e22d8210efb291384d26e4886951240a79f641ec56bad8e4,2026-04-24 10:24:20.353797+00:00,hu,blikk.hu,blikk.hu,2026-04-24,Elhunyt a győri labdarúgás pótolhatatlan alakja,https://www.blikk.hu/sport/magyar-foci/meghalt-kovacs-zsolt/4enbmrz
96c0c0286d9a80e9364ec8dd4a1ff93e0b1a3b4311cbe692e81bc8e605fd70ff,2026-04-24 09:26:06.213424+00:00,hu,index.hu,index.hu,2026-04-24,"Nyilvánosságra hozták, hogy ki áll az első magyar LMBTQI-tévécsatorna mögött",https://index.hu/belfold/2026/04/24/lmbtqi-szivarvany-teve-csatorna-nmhh-pataki-tamas/
ce8fee4d9e9bb57ed393128408f8b22193002271d94c5694623d218f1efc706f,2026-04-24 09:26:01.699553+00:00,hu,index.hu,index.hu,2026-04-24,Kilép-e a Fidesz Orbán Viktorból?,https://index.hu/velemeny/2026/04/24/fidesz-orban-viktor-sajto-media-politika-kormany-kapitany-istvan-waberer-gyorgy/
14aa5353a6c8f07c8750b7f3276f123ceb94c6ed412263f4da853f3ac7fd9cf4,2026-04-24 09:25:56.464528+00:00,hu,index.hu,index.hu,2026-04-24,"Ha száll a por, a gyerekek nem mehetnek ki játszani – példátlan azbesztbotrány Szombathelyen",https://index.hu/belfold/2026/04/24/szombathely-vas-varmegye-azbeszt-egeszsegugy-azbeszt-szennyezes-nemeny-andras-greenpeace-ausztria-veszelyhelyzet/
d80322d510c90d0547364917d407329ccc317f6985be8da179ca202506e3a97a,2026-04-24 09:25:48.656895+00:00,hu,index.hu,index.hu,2026-04-24,Egy műveletben részt vett amerikai katona hatalmasat kaszált a venezuelai elnök elfogásán,https://index.hu/kulfold/2026/04/24/nicolas-maduro-elfogasa-venezuela-fogadas-polymarket-amerikai-katona/
d4ab9bfe032b237a5ad16361b1a56416754e8dc841892b6349c810c3afe36bfb,2026-04-24 09:25:43.894810+00:00,hu,index.hu,index.hu,2026-04-24,Itt a meglepetés: Matolcsy György korábbi munkatársa most a Tisza-kormány tagja lehet,https://index.hu/gazdasag/2026/04/24/tisza-part-kormany-penzugyminiszterium-gerendas-janos-karman-andras-magyar-peter/
c3d54aa308bc235e4dc5bda6382791162fb1137cb3a1f135364f42ab2f53fc76,2026-04-24 09:25:26.228990+00:00,hu,index.hu,index.hu,2026-04-24,Mérgezési hullám Olaszországban: tizennyolc farkas tetemére bukkantak egy nemzeti parkban,https://index.hu/kulfold/2026/04/24/olaszorszag-nemzeti-park-farkasok-halal-mergezes-allati-tetem/
77bc7c4b89b257d5433f6583086bdad5a65cd38c2b52615f73f9ecd1e46e87bc,2026-04-24 09:25:10.415669+00:00,hu,index.hu,index.hu,2026-04-24,"A magyar hokisok sokkal közelebb Svájchoz, mint tavaly, de még így is messze",https://index.hu/sport/jegkorong/2026/04/24/jegkorong-hoki-vb-vilagbajnoksag-felkeszules-magyar-svajci-valogatott-biel-sofron-istvan-majoross-gergely/
563a80e05086fcd08a2192cd65acd07a2b6c77a2ac00cf062dd4e14f92e7a974,2026-04-24 09:25:05.413109+00:00,hu,index.hu,index.hu,2026-04-24,Könnyeit törölve szólalt fel utoljára a bíróságon Curtis testvére: Nem vagyok gyilkos!,https://index.hu/belfold/2026/04/24/katzenbach-imre-targyalas-utolso-szo-fovarosi-itelotabla-sz-lajos/
d8bec2c3e2c52dd1f6d30ec01f51645caf88a33d5fc4834a7bc6c276a87cc59c,2026-04-24 09:24:56.485172+00:00,hu,index.hu,index.hu,2026-04-24,"Kioldatta a töltőanyagokat az arcából egy 23 éves nő, rá sem lehet ismerni",https://index.hu/mindekozben/poszt/2026/04/24/kioldatta-a-toltoanyagokat-az-arcabol/
8879c1458fdb35a4f83fcfe7f6ad1f09a38926d699fd60e6948461f35233af5c,2026-04-24 09:24:50.637238+00:00,hu,index.hu,index.hu,2026-04-24,Szövetségi kapitányt váltott az egyik világbajnokságra készülő futballválogatott,https://index.hu/sport/futball/2026/vb/2026/04/24/labdarugo-vilagbajnoksag-2026-szaudi-arabia-herve-renard-jorgosz-donisz/
6a56689d8731f74f31d4d0c1562a585464743c8afa754a78918d2e2cea109c94,2026-04-24 09:24:47.768915+00:00,hu,index.hu,index.hu,2026-04-24,Bejött a papírforma az NFL-drafton: Fernando Mendoza költözhet Las Vegasba,https://index.hu/sport/amerikaifutball/2026/04/24/nfl-amerikaifutball-draft-las-vegas-raiders-fernando-mendoza/?utm_source=hirstart&utm_medium=referral&utm_campaign=ct
59667fb966776b4dd7677b8ce737028738d517a3c00ae88aa5240f9b799080ee,2026-04-24 09:24:45.585839+00:00,hu,index.hu,index.hu,2026-04-24,"Magyar Péter bejelentette, a Parlament épületén is változás lesz",https://index.hu/belfold/2026/04/24/magyar-peter-tisza-kormany-parlament-europai-unios-zaszlo/
6f36378d6157bf2ab450313499e52550849c82cfd7bcaa2a2d4191032f8456ed,2026-04-24 09:24:40.751830+00:00,hu,index.hu,index.hu,2026-04-24,Volodimir Zelenszkij szűkszavúan elbúcsúzott Orbán Viktortól,https://index.hu/kulfold/2026/04/24/volodomir-zelenszkij-orban-viktor-lekoszono-miniszterelnok-ciprus-eu-csucs/
48ab73b8a442b37aaf428d7189ee36ae62d77eab8d3aea756722542866d6518f,2026-04-24 09:24:35.696862+00:00,hu,index.hu,index.hu,2026-04-24,A kormányváltás ellenére sem tér vissza Budapestre a CEU,https://index.hu/belfold/2026/04/24/ceu-kozep-europai-egyetem-campus-becs-orban-kormany-felsooktatasi-torveny/
162b465927071b9fab11db8b3c8b6b405d1ccfe4eec70b9370a51fccf010c724,2026-04-24 09:24:06.902482+00:00,hu,index.hu,index.hu,2026-04-24,"Megszólalt válásáról a Barátok közt egykori sztárja, Szabó Kitti",https://index.hu/mindekozben/poszt/2026/04/24/szabo-kitti-olah-martin-valas-instagram-video/
70320be62b02dde5c03f11f5126369cf9c5f03e4e68fff3c2c99cb39d1618f4b,2026-04-24 09:23:59.986602+00:00,hu,index.hu,index.hu,2026-04-24,Tarjányi Péter figyelmeztetett az ügynökakták megnyitásának veszélyeire,https://index.hu/belfold/2026/04/24/tarjanyi-peter-ugynokaktak-ruff-balint-magyar-peter-tisza-part/
29e94e2c4364d11702014c0160cb10ed5fb6eb3edbdbca00e29a8e4861e0cf16,2026-04-24 09:23:31.501799+00:00,hu,blikk.hu,blikk.hu,2026-04-24,Nyilatkozott Curtis a bátyja gyilkossági ügyével kapcsolatban,https://www.blikk.hu/aktualis/belfold/curtis-interju-batyja-targyalas-gyilkossag-birosag/zrh8bry
467b4fdb0c3a1ed808fb88a6e8e9b4f37e3022ba12221e5e0bbb2c9187a4ae64,2026-04-24 09:22:20.393723+00:00,hu,blikk.hu,blikk.hu,2026-04-24,"Jól teszi Pilisszentlélek, hogy elküldi A mi kis falunk sorozatot?",https://www.blikk.hu/sztarvilag/hazai-sztarok/pilisszentlelek-mi-kis-falunk-rtl-forgatas/nemwe01
a085d4f8fd71351b11f6dfe214c539fdb742648a321349c4e4f24e7a06cb183c,2026-04-24 09:22:15.306357+00:00,hu,blikk.hu,blikk.hu,2026-04-24,Eltűnt 194 millió forint a kaposvári röpiseknél,https://www.blikk.hu/sport/csapat/kaposvar-roplabda-tao-botrany/kb14dvk
139226643f0e1c2af5ee5b0ff0752523830e947d935acc05a6a927bb30992984,2026-04-24 09:19:25.598503+00:00,hu,blikk.hu,blikk.hu,2026-04-24,A játékvezetői bizottság elnökét bírálta a korábbi FIFA-bíró,https://www.blikk.hu/sport/magyar-foci/szabo-zsolt-hanacsek-attila/6zhd87r
0216b83d11afca1443d6b0ce41aeeb423c77ddb3c0b3707a181d1f48276f0d55,2026-04-24 09:18:31.694904+00:00,hu,blikk.hu,blikk.hu,2026-04-24,Siófoki gyerekorvost tiltott el a Magyar Labdarúgó-szövetség,https://www.blikk.hu/sport/magyar-foci/siofok-nb-iii-gyerekorvos-mlsz-eltiltas/je013j4
a03cb55b43aa449967607a002a16bfa601aa2787708aaf4ed3b3fba79764e14f,2026-04-24 09:18:11.774642+00:00,hu,blikk.hu,blikk.hu,2026-04-24,"„Megfagyott bennünk a vér” – 75 év után végleg leáll a jászberényi hűtőóriás, generációk megélhetése veszett oda",https://www.blikk.hu/galeria/lehel-hutogepgyar/dcy5q7p
87b5b70532bd1ad74eb3eb96de86f54ecc699ed28bb25eb9421de994319b5cda,2026-04-24 09:17:38.270231+00:00,hu,blikk.hu,blikk.hu,2026-04-24,Ezért nem érdemes keverni a 95-ös és 98-as benzint,https://www.blikk.hu/auto/benzin-95-98-keveres-uzemanyag/wtsg806
f3512092439f5c6774563092a3849760280aacd4f2f06096b6ea965f92ae6b67,2026-04-24 09:17:26.598668+00:00,hu,blikk.hu,blikk.hu,2026-04-24,Az alkohol rossz tanácsadó: megkéselte hívatlanul érkezett ismerősét egy nő Szentendrén,https://www.blikk.hu/aktualis/krimi/keseles-mentok-buncselekmeny/eeft78j
6bd564fa9dc8932461f437cc9cd3d223bbf3fffae98856f7776452de77ba31e6,2026-04-24 09:17:21.800883+00:00,hu,blikk.hu,blikk.hu,2026-04-24,"Vége a jelszavak korának, a brit kiberbiztonsági központ új korszakot hirdetett a védelemben",https://www.blikk.hu/ferfiaknak/tech/kibertamadas-ellen-jelkulcs-hasznalat/8m4vz3t
499773d06f496fc9b11c45d44803f91bd80e361486757f54a99ed0cc6dca356c,2026-04-24 09:17:13.186692+00:00,hu,blikk.hu,blikk.hu,2026-04-24,„Már a saját tévémet sem hallom a szobában!” – Öt méterre a lakók ablakától pattognak a labdák,https://www.blikk.hu/aktualis/belfold/illegalis-sportpalya/drqxqfj
629b87f4f22b1a185e4c33c008cb09f1b9dde5d3583ed61fe5e30b96c3a12d92,2026-04-24 08:29:20.202230+00:00,hu,blikk.hu,blikk.hu,2026-04-24,A 35 éves magyar Suzuki a jubileuma alkalmából pályázatot hirdetett a márka használóinak,https://www.blikk.hu/auto/suzuki-jubileum-palyazat/t4nv6nl
78e1edc90a0a4a88aa1a7f255a0a27b24686d7671aca4afb91b5049595e48ce8,2026-04-24 08:29:13.864014+00:00,hu,blikk.hu,blikk.hu,2026-04-24,"Meneküljünk! 7 szívszorító jel, hogy valakinek csak a B terve vagyunk",https://www.blikk.hu/eletmod/lelek/kapcsolat-b-terv-jelek/6rjjfrt
7ebaccdd8818ee8c2f2bb96f931ca1119b4ccd28b0a969483856a6ef1606c10a,2026-04-24 08:29:04.228469+00:00,hu,blikk.hu,blikk.hu,2026-04-24,"Kimaradt jelenet: Majka a Heti Hetesben kelt Ördög Nóra védelmére: „Tudom azt, hogy milyen ember.”",https://www.blikk.hu/sztarvilag/hazai-sztarok/majka-ordog-nora-heti-hetes/6y3dpkf
b2a865eb3ddea4f56e824fe494ac30291086eafed47eb89e72beb152f429e26b,2026-04-24 08:28:53.192350+00:00,hu,blikk.hu,blikk.hu,2026-04-24,Utolsó pillanatos kormánydöntés: rengeteg család Otthontámogatását érinti az új szabály,https://www.blikk.hu/gazdasag/penz/orban-kormany-rendelet-modositas-otthontamogatas/x44q13d
f9ea7768856224a875a7ae0a859aee7f3e4f6eb7596c09713b235426a9a5d86d,2026-04-24 08:28:47.944510+00:00,hu,blikk.hu,blikk.hu,2026-04-24,Lehullt a lepel: ő alapítja az első magyar LMBTQI tévét,https://www.blikk.hu/aktualis/belfold/szivarvany-tv-csatorna-alapito/w3e13tv
3418a72ed95c667f31776a67432a769a64a0bda8773aeee16d92879ecb8bad6f,2026-04-24 08:28:43.616086+00:00,hu,blikk.hu,blikk.hu,2026-04-24,Vilmos és Katalin bensőséges videót osztott meg gyermekükről,https://www.blikk.hu/lajos-herceg-szuletesnapja-video-kiralyi-csalad/1zf6el2
89eec1df45252c30b256d3bf696362dbc7046f1a971c78123ff23a833e51f9af,2026-04-24 08:28:38.212724+00:00,hu,blikk.hu,blikk.hu,2026-04-24,Csecsemőfej nagyságú daganat miatt el kellett távolítani Gáspár Bea méhét,https://www.blikk.hu/sztarvilag/hazai-sztarok/gaspar-bea-mehdaganata-mutet-meheltavolitas-betegseg/me1yd07
16644b3c78963bf06d7aa8902db081d8d7dd1e6a20fa7c5fa45f634a8965c15b,2026-04-24 08:28:33.985444+00:00,hu,blikk.hu,blikk.hu,2026-04-24,"Új pláza épül Budapest határában, 8500 négyzetméternyi üzlettel",https://www.blikk.hu/gazdasag/vasarlas/vasarlas-uj-plaza-budapest-m3-myra-park/dwj15de
e69b57df7e5e4b86c5af213c3d8ec23102c25a47ba278ec2d0256b3d2a73cb6b,2026-04-24 08:28:13.935831+00:00,hu,blikk.hu,blikk.hu,2026-04-24,Májustól kitilthatják az e-rollereket az egyik megyeszékhely belvárosából,https://www.blikk.hu/aktualis/belfold/eletromos-rollerek-tiltas-kaposvar-belvaros-kozlekedes/p3pwr94
f09ec9a0f786a44871ba4b1c37063a8f476b9c8aa095d789ce118579acec6807,2026-04-24 08:28:03.922264+00:00,hu,blikk.hu,blikk.hu,2026-04-24,Megrángatta a piac Frei Tamás kávés cégét,https://www.blikk.hu/gazdasag/vasarlas/frei-tamas-cafe-frei-uzleti-utkereses/z5z56r5
084cbe1cd0c5f9573567fcf57b37cc5693de1b85340c0c5158cee1b1f39b680c,2026-04-24 08:27:52.679013+00:00,hu,blikk.hu,blikk.hu,2026-04-24,"23 kanál cukor van egy konzervben, tápértéke meg nincs: miért vesszük mégis?",https://www.blikk.hu/eletmod/egeszseg/konzerv-oszibarack-cukortartalom/hb385xt
586f9a4e36ae91cffaeb2294c2f22c70061e5c2b375a7b2126f17f921a17e2a6,2026-04-24 08:27:47.382088+00:00,hu,blikk.hu,blikk.hu,2026-04-24,Hihetetlen: ennyi hete van Novak Djokovics a világranglista top 5 játékosa között,https://www.blikk.hu/sport/tenizs-djokovics-federer-rekord/w61g1ke
133050c8ea483a65f7d66d12500a7b7584d0ad93f8baa4120581763cbc716850,2026-04-24 08:27:42.684013+00:00,hu,blikk.hu,blikk.hu,2026-04-24,Így hozták bilincsben a bíróságra Curtis gyilkossággal vádolt bátyját,https://www.blikk.hu/aktualis/belfold/curtis-batyja-targyalas-gyilkossag-katzenbach/2wdl7f6
4e2d4358ea3df2eaa3f080b7d5938ddbcb73b1c5aaeef6181504ed9ec657e278,2026-04-24 08:24:39.080536+00:00,hu,origo.hu,origo.hu,2026-04-24,Olajjal zsarolhatnak: Bóka szerint ez lesz a jövő egyik fő fegyvere,https://www.origo.hu/belpol/2026/04/boka-janos-olajblokad-hetes-cikkely-sulyok-tamas
e46eac08041b842079e13d40c1e0ee47690fad0a724520f74efe7ae19ed89d59,2026-04-24 08:24:34.578262+00:00,hu,origo.hu,origo.hu,2026-04-24,"A pályán hányta el magát, kiröhögték a csapattársai a Bundesliga-sztárt – videó",https://www.origo.hu/sport/sport-futball/2026/04/hanyas-nemet-kupa-stuttgart-freiburg-bilal-el-khannouss
b1c43572656d9f0828ef64ce80a3e70c79299d387bbfc23726923fa1f4582e3a,2026-04-24 08:24:28.856118+00:00,hu,origo.hu,origo.hu,2026-04-24,A Tisza terve visszarepítené hazánkat a feketegazdaságba egy közgazdász professzor szerint,https://www.origo.hu/belpol/2026/04/tisza-ado-vagyonado-fekete-gazdasag-munkanelkuliseg
60111043b0b7698d83b19464a4470d34ee98fbcdc3b16983900a4db72895fac3,2026-04-24 08:24:23.402251+00:00,hu,origo.hu,origo.hu,2026-04-24,Visszatér a fagy? Durva fordulatot vesz az időjárás,https://www.origo.hu/itthon/2026/04/idojaras-jelentes-zapor-napsutes-szel-pentek
26f57a6dd0f9634d55ebe6330332ef804bcd8fbed976ec2fcb4741c407ffcc33,2026-04-24 08:24:14.862518+00:00,hu,origo.hu,origo.hu,2026-04-24,"Szerviz helyett sokan MI-től kérnek segítséget, de így akár még nagyobb lehet a baj",https://www.origo.hu/auto/2026/04/szerviz-helyett-sokan-mi-tol-kernek-segitseget-de-igy-akar-meg-nagyobb-lehet-a-baj
fa8963a695049326436349f9e60016a340f2f306c3d71ef8eb95816de27391fa,2026-04-24 08:23:59.803808+00:00,hu,origo.hu,origo.hu,2026-04-24,"Hihetetlen: úgy megverték a világbajnokot, hogy az intenzívre került!",https://www.origo.hu/sport/sport-egyeni/2026/04/bokszvilagbajnok-serules-intenziv-osztaly-video
cbb60fc4f2778500ba69a232d0442c7ad9eca2065f91ea9163680fe4125e345e,2026-04-24 08:23:54.806916+00:00,hu,origo.hu,origo.hu,2026-04-24,"Kiderült, milyen gúnynévvel sértegették a megbukott edzőt a Chelsea játékosai",https://www.origo.hu/sport/sport-futball/2026/04/chelsea-bukott-edzojet-a-sajat-jatekosai-alaztak-porig
5f6ecc4be703c3baf88f9520cf30a67412b676b67cc407164d1546964268bcdf,2026-04-24 08:23:49.705976+00:00,hu,origo.hu,origo.hu,2026-04-24,Döbbenet: ilyen az érintésmentes autómosás!,https://www.origo.hu/auto/2026/04/dobbenet-ilyen-az-erintesmentes-automosas
63b4ae90ca6a0aede9db38909059d80f778e138d7f5eaf0360a70f38b0c8cb68,2026-04-24 08:23:46.031361+00:00,hu,origo.hu,origo.hu,2026-04-24,Pánik a stadionban: beszakadt a lelátó a focimeccs közben,https://www.origo.hu/sport/sport-futball/2026/04/szurkolok-leszakadt-lelato-focimeccs-dubrovnik
da945a7ef49fd8ddc1d35d96345463063f37c0ecace9561fc799ae6c09354f8e,2026-04-24 08:23:39.859926+00:00,hu,origo.hu,origo.hu,2026-04-24,Lemondási hullám: több kormányzati tisztviselő is távozik még az új kabinet előtt,https://www.origo.hu/itthon/2026/04/kormanyzati-tisztviselo-uj-kabinet-lemondas
ff9e823fbd1dfdbad05095dc5fd07604e29558de8ba89c0a83e15101bcf917d3,2026-04-24 08:23:30.614114+00:00,hu,origo.hu,origo.hu,2026-04-24,Óriási blama: vagy Magyar Péter vagy az Európai Bizottság nem mond igazat,https://www.origo.hu/belpol/2026/04/magyar-peter-hazudik-europai-bizottsag-migracios-birsag
527dd705f06fe9b68f6cb391e6cc9bb77498b7c532223b8bd1358f4cf81953fb,2026-04-24 08:23:25.573437+00:00,hu,origo.hu,origo.hu,2026-04-24,"Csúnyán lebukott a luxusautós bűnöző, az Audija és a BMW-je is ugrott",https://www.origo.hu/kek-hirek/2026/04/luxusautos-bunozo-audija-es-a-bmw-je-is-ugrott-2
6b1efa89c110f3cdc4f6a9c78c182245ffcd3922ab4a61b8f96c1aea11e2154c,2026-04-24 08:23:21.377792+00:00,hu,origo.hu,origo.hu,2026-04-24,"Kész, be lehet csukni mára a netet: elkészült a Szoboszlai Dominik-dal",https://www.origo.hu/sport/sport-futball/2026/04/szoboszlai-dominik-dondi-duo-roli-dal-enek-labdarugas
2c32d11faf5a24edee714966802754816fe407a3ba376d8b08231be096b040b2,2026-04-24 08:23:15.623816+00:00,hu,origo.hu,origo.hu,2026-04-24,Vlagyimir Putyin rendkívüli utasítást adott ki,https://www.origo.hu/nagyvilag/2026/04/putyin-mobilnet-korlatozas-intezkedes
af313f5a93d065ce6ab5ee477018e0cf579a49f4619e183450eb07fd680b4dcf,2026-04-24 08:23:10.776613+00:00,hu,origo.hu,origo.hu,2026-04-24,Meghökkentő fotó került elő a szexi magyar pólóslányról,https://www.origo.hu/sport/sport-laza/2026/04/gurisatti-greta-vizilabda-szexi-foto-10-eve-nosztalgia
1d1094bb98a4db5c1c51538e885776accedc7e79b148a8c8844ad6dcacf471ed,2026-04-24 08:23:05.544813+00:00,hu,origo.hu,origo.hu,2026-04-24,Vezetékes vagy mobil? Így interneteznek a magyarok,https://www.origo.hu/techbazis/2026/04/internet-vezetes-mobilnet-hasznalat-magyarorszag-2025
0cb9484459ae0d2a9a16cd6ef1652337074696ddd92245844fdf457d6d8e1055,2026-04-24 08:23:00.470697+00:00,hu,origo.hu,origo.hu,2026-04-24,Ön tudta? Így néz ki egy fékfelújítás!,https://www.origo.hu/auto/2026/04/on-tudta-igy-nez-ki-egy-fekfelujitas
c316ae3943d9d3fc4b3b7ef0634552f3b4939578afa3a1f544efd30782a9ed66,2026-04-24 08:22:55.561733+00:00,hu,origo.hu,origo.hu,2026-04-24,"„Ne válaszolj!” – döbbenetes jelenet, telefonon szóltak rá Lando Norrisra interjú közben",https://www.origo.hu/sport/f1/2026/04/lando-norris-forma-1-interju-tiltas-botrany
f7db4bf2a035d4ec5af0afc1f9ec6b8c69cabccbef16cf7268a215887a20564f,2026-04-24 08:22:50.555637+00:00,hu,origo.hu,origo.hu,2026-04-24,Lehullt a lepel! Maffiacsaládból származik az egyik RTL-es celeb,https://www.origo.hu/kek-hirek/2026/04/rtl-es-celeb-vallomasa-maffiacsalad
c7b718da7b8631ef574a9d507802c8b5f637d7db23d4e1d72bfac8c6f56dc46a,2026-04-24 08:22:45.565633+00:00,hu,origo.hu,origo.hu,2026-04-24,Kijózanító reggel az uniós csúcson: a 90 milliárd eurós hitel után jönnek az igazi problémák,https://www.origo.hu/kulpol/2026/04/europai-unio-ukrajna-problema
0717417e2c8748266c24ea40f9c78942666fad41ac9f79d5a64f7afe5d680cc9,2026-04-24 08:22:33.354966+00:00,hu,origo.hu,origo.hu,2026-04-24,Csak egy ember kapott Trump-féle „Aranykártya” vízumot,https://www.origo.hu/nagyvilag/2026/04/trump-aranykartya-vizum-amerika
0bd20c5c20369fe67ef3da6292f837811f249aa636d8442f89aed63a5b0f1ec7,2026-04-24 08:22:28.327972+00:00,hu,origo.hu,origo.hu,2026-04-24,Sokkoló adat: egy év alatt egymillióval lettek kevesebben Ukrajnában,https://www.origo.hu/kulpol/2026/04/ukrajnaban-egy-ev-alatt-egymillioval-lettek-kevesebben
48ec4ece899821fbb80e149a6c8916176bee6b8ee5956b3b6a527abdae842545,2026-04-24 08:22:21.737378+00:00,hu,origo.hu,origo.hu,2026-04-24,Ez már a háború előszele? Oroszország megfenyegette az EU-t!,https://www.origo.hu/nagyvilag/2026/04/oroszorszag-eu-szankcio
4af09f0d36d7392bf0f0bb58b4ac9251fa881192be8c7fb87cf5e7ce6284370d,2026-04-24 08:22:16.561950+00:00,hu,origo.hu,origo.hu,2026-04-24,Ezek a legmegbízhatóbb autók! Az öné köztük van?,https://www.origo.hu/auto/2026/04/ezek-a-legmegbizhatobb-autok-az-one-koztuk-van
3f133395d960c9fdaf1fba9ceb4b33538bd1e550d0e758ac886aa9e8c454780c,2026-04-24 08:22:11.688628+00:00,hu,origo.hu,origo.hu,2026-04-24,Boráros Gábor párja megszólalt – jön a közös baba?,https://www.origo.hu/teve/2026/04/boraros-gabor-parja-dora-baba
15a04bfa4169734824af5ad3086624026a92aa233b81dfc8fff9a09663c44791,2026-04-24 08:22:07.417402+00:00,hu,origo.hu,origo.hu,2026-04-24,"Van olyan ország, ahol fizetnek a fiataloknak a randiappok használatáért",https://www.origo.hu/techbazis/2026/04/randiapp-premium-havidij-kifizetese-japan
d8b1cc395bcab12988f0c1d39976deee45efa9e3ae0f74f4b77a8f100e514049,2026-04-24 08:22:02.547758+00:00,hu,origo.hu,origo.hu,2026-04-24,"A Volkswagen számára a Dacia a mérce, ha olcsó SUV-ról van szó",https://www.origo.hu/auto/2026/04/volkswagen-a-dacia-a-merce-ha-olcso-suv-rol-van-szo
4839be2fdb69adbf53f0b0afe00c6f90bc490fa4cf8794eef404f0e232d934bd,2026-04-24 08:17:42.642807+00:00,hu,origo.hu,origo.hu,2026-04-24,Roma tehetségprogram az MCC-ben,https://hirtv.origo.hu/tudomany/2026/04/roma-tehetsegprogram-mcc
9e36236ebb9a471f355e3d74897729b706ce3cc60f0d7b090b3d4aba055f4332,2026-04-24 06:31:47.832232+00:00,hu,blikk.hu,blikk.hu,2026-04-24,Önként lemondott Orbán Viktor három helyettes államtitkára,https://www.blikk.hu/politika/magyar-politika/lemondas-helyettes-allamtitkarok-orban-viktor/h2v7cx4
14ceba288fd4344f4bec9576126409d92a12d589e46c6cc3b1649caa00a7b783,2026-04-24 06:31:34.966983+00:00,hu,blikk.hu,blikk.hu,2026-04-24,"Teljes átalakulásra készül az Aldi, erre készülhetnek a vásárlók",https://www.blikk.hu/gazdasag/vasarlas/aldi-valtozas-atalakulas-vasarlas-magyarorszag/bbkkfms
7b66ef9fa73f9be0b73107752ed00a16408b008cb37432c4c1007cbeecb17f2a,2026-04-24 06:31:16.398732+00:00,hu,blikk.hu,blikk.hu,2026-04-24,"Mi vezethetett a Barátok közt sztárjának, Szabó Kitti villámgyors válásához",https://www.blikk.hu/sztarvilag/hazai-sztarok/szabo-kitti-valasanak-oka/3r20qw7
0901b2b0fb19c7066067afdaa29667e877c92927062d26a9504fcc48234bf2eb,2026-04-24 06:31:11.959142+00:00,hu,blikk.hu,blikk.hu,2026-04-24,Gyermeket vár Boráros Gábor új párja? Dóra sejtelmesen nyilatkozott,https://www.blikk.hu/sztarvilag/hazai-sztarok/boraros-gabor-jakli-monika-baleset-csalad/sjwbcbm
b119a3ede84ccd4f5d7d29c44488a6fe5fbe1553f13c26fefc5f49f33d76f775,2026-04-24 06:30:58.429342+00:00,hu,blikk.hu,blikk.hu,2026-04-24,"Szél és sok napsütés vár ránk pénteken és szombaton, vasárnap aztán megváltozik az időjárás",https://www.blikk.hu/aktualis/belfold/mai-idojaras-budapest-magyarorszag-elorejelzes/nvqd27n
bc2849dbc8051fcc374a29f662a93ebb07f77ded7ff0c0bddf9187097e3d73e8,2026-04-24 06:30:44.361272+00:00,hu,blikk.hu,blikk.hu,2026-04-24,"Új, olcsóbb benzin a láthatáron! Alternatívát ígér a dráguló üzemanyagpiacon",https://www.blikk.hu/auto/benzin-uzemanyag-dragulas-bioetanol-kozlekedes-auto/ppxxl4h
a329e31c5e08d7b8c10f2b1cfb2f6cb202865f427d3482797ed72f2aeba2e966,2026-04-24 06:30:39.687860+00:00,hu,blikk.hu,blikk.hu,2026-04-24,"A kiesés fenyegeti Nagy Benit az Exatlonban: ""Úgy érzem, hogy hullámvölgyben vagyok""",https://www.blikk.hu/sztarvilag/hazai-sztarok/nagy-beni-exatlon-parbaj/cz2j31z
94e56f792ab96322ebace16b1e53baccff539a833bc1a19c4a5044d8094d5dac,2026-04-24 06:29:43.584527+00:00,hu,blikk.hu,blikk.hu,2026-04-24,Magyar Péter megmutatta a családját,https://www.blikk.hu/aktualis/belfold/magyar-peter-csalad-kozos-foto-megmutatta/lr9b5qm
909f7f685960bd6c98b905c25b051055856d62cc1eafd186e03926e157669b87,2026-04-24 06:29:35.223375+00:00,hu,blikk.hu,blikk.hu,2026-04-24,Több tízezer eurót érő aranyat találtak Bannewitz határában,https://www.blikk.hu/aktualis/kulfold/bannewitz-aranyrud-funyiras/22p67zj
dcaeb3dfc784d5301a7be256d02cf0adbe83bba9645ab3e2e4f6d8cf7ed4d91c,2026-04-24 06:18:58.673729+00:00,hu,index.hu,index.hu,2026-04-24,"Donald Trump bejelentette, hogy még három hétig tart az Izrael és Libanon közötti tűzszünet",https://index.hu/kulfold/2026/04/24/donald-trump-irani-haboru-tuzszunet-izrael-libanon-hezbollah-benjamin-netanjahu/
bb30485a1b038257e7a76a17e2d4484d16f82c26d32b4956345577efa74750ef,2026-04-24 06:18:47.418593+00:00,hu,index.hu,index.hu,2026-04-24,"Hadüzenetet kaptak a közjogi méltóságok, de van egy csavar a történetben",https://index.hu/belfold/2026/04/24/magyar-peter-kozjogi-meltosagok-levaltas-hack-peter-halmai-gabor-alkotmanyjogasz/
746b62558fe0fd15456616978da8c45e372f6b64e0d0ef410f6b909971797a91,2026-04-24 06:18:39.978237+00:00,hu,index.hu,index.hu,2026-04-24,"Kiderült, miért vágták ki Sydney Sweeney jelenetét Az ördög Pradát visel 2-ből",https://index.hu/mindekozben/poszt/2026/04/24/sydney-sweeney-az-ordog-pradat-visel-2-kivagott-jelenet/
7bfee5ca25fa05796f8be197257ad130cc861b50072a8a92f957be14ca39078b,2026-04-24 06:18:34.451723+00:00,hu,index.hu,index.hu,2026-04-24,"Tömeges lemondás rázta meg Románia kormányát, alkotmányos vita indult",https://index.hu/kulfold/2026/04/24/romania-lemondas-miniszter-kormany/
0d04e5bc23d0fe65d2e6e90537892569277c43262e4960aeec345ab9594fc5ca,2026-04-24 06:18:29.627457+00:00,hu,index.hu,index.hu,2026-04-24,Egy négylábú a kapocs Erős Antónia és Ariana Grande között,https://index.hu/fomo/2026/04/24/dogz-fesztival-kutya-hiresseg-eros-antonia-ariana-grande/
daff1684fd1c0fc25b7a0e1cd3530acffa5e0ad8a0409f24955690fae1da71ed,2026-04-24 06:18:24.387553+00:00,hu,index.hu,index.hu,2026-04-24,Még az új kabinet előtt fontos kormányzati szereplők távoznak,https://index.hu/belfold/2026/04/24/helyettes-allamtitkar-lemondas-magyar-kozlony-fidesz-tavozasok-2026/
edc62cadbc317c39573ee27dcb9545b3d5c623d4eb1d58c739ae89d92727aac3,2026-04-24 06:18:08.915496+00:00,hu,index.hu,index.hu,2026-04-24,"Rubovszky Rita miatt kitört a vita, gyökeres változás jöhet",https://index.hu/belfold/2026/04/24/rubovszky-rita-oktatasugyi-miniszter-oktatas-ercse-kriszta-szakerto-civil-kozoktatas-platform/
3502497b3ea864d2c5d13c8b6b0de4ba38024f6098b156566ea41a0482020482,2026-04-24 06:17:47.442680+00:00,hu,index.hu,index.hu,2026-04-24,"Rászabadította Kijev a poklot az orosz városra, Csernobilt és Hirosimát emlegetik a helyiek",https://index.hu/kulfold/2026/04/24/oroszorszag-ukrajna-orosz-ukran-konfliktus-moszkva-kijev-vlagyimir-putyin-volodimir-zelenszkij-europai-unio-nato-beketargyalasok/
933891a8245aa2f8e796ec513fd0486f6f664016f8011e5e3b4a25151958443d,2026-04-24 06:17:42.326959+00:00,hu,index.hu,index.hu,2026-04-24,"Bevetésre kész a NASA csodafegyvere, brutálisabb, mint bármelyik vetélytársa",https://index.hu/techtud/2026/04/24/nasa-nancy-grace-roman-space-telescope-urteleszkop/
2f760c2ef172a0328b8ad421271abe9f45f79e0800d6e96d4b72fbcd245b5bc9,2026-04-24 06:17:38.399935+00:00,hu,index.hu,index.hu,2026-04-24,"Kajdi Csaba állítja, Ördög Nóra csak miatta nem vállalt egy tévés szereplést: „Nem csipált engem, nem is jött a műsorba”",https://index.hu/mindekozben/poszt/2026/04/24/kajdi-csaba-ordog-nora-musor/
a2b890c09bdf40ac4990970afcfd4d366d8cc12b86290f9acc89de692e4146e2,2026-04-24 06:17:33.532128+00:00,hu,index.hu,index.hu,2026-04-24,"A szicíliai falu, ahol még ma is a Keresztapa a mindenható úr",https://index.hu/fomo/2026/04/24/a-keresztapa-film-francis-ford-coppola-szicilia-turizmus-savoca/
5b4cd3ac4419bad09bfc1084ca81456cad4572a7175d57aebf39664cd78681e4,2026-04-24 06:17:27.124247+00:00,hu,index.hu,index.hu,2026-04-24,Széllel érkezik a tavaszi napsütés,https://index.hu/belfold/2026/04/24/idojaras-elorejelzes-szeles-ido-napsutes-radar/
301cf53c30e31e8c9561c7906245d0e1dabc41c9ea112fa87d7f2db54cc499f5,2026-04-24 06:17:15.688384+00:00,hu,index.hu,index.hu,2026-04-24,Saját nyaralós posztjai vezethették a gyilkosokat a később feldarabolt ukrán milliárdoshoz,https://index.hu/kulfold/2026/04/24/bali-gyilkossag-ukran-ferfi-instagram-helymegosztas-veszely-valtsagdij-kozossegi-media-baratno/
4225e5f25e9acb7fd8904ec2c8135b5d81175df641fae58e4419ed3a0ad4dc77,2026-04-24 06:17:11.722378+00:00,hu,index.hu,index.hu,2026-04-24,"Már Magyar Péter feltűnése előtt pontosan leírták, hogyan váltható le az Orbán-kormány, és mi jöhet most",https://index.hu/belfold/2026/04/24/elemzes-magyar-peter-tisza-part-dominans-partok-politika-kormanyzas-valasztas-2026-korrupcio-rendszervaltas-gazdasag/
1ad18c6fd22bc4053c4319d3e8eb61d9d1700e78e55fdb89ce785840fd3354ea,2026-04-24 06:17:07.745172+00:00,hu,index.hu,index.hu,2026-04-24,"Ritkán látható, személyes posztot tett közzé Magyar Péter",https://index.hu/belfold/2026/04/24/magyar-peter-csalad-fenykep-tisza-part/
037618715ea977c087ad0c74cd38b1763e280598652352a681c05411233167b9,2026-04-24 05:24:19.770317+00:00,hu,origo.hu,origo.hu,2026-04-24,"Csak 3 perc reggelente, és évekkel tovább élhetsz - Ezt csinálja Michelle Obama és Tim Cook",https://www.origo.hu/eletmod/2026/04/reggeli-rutin-elonyei
fd9c650cf6e3db5dc1b3bbda3184c6095fcffd6054d5d00209a4cee8bb247a5d,2026-04-24 05:24:02.641624+00:00,hu,origo.hu,origo.hu,2026-04-24,Súlyos botrány a Mount Everestnél: kamu mentésekkel csaltak össze rengeteg pénzt,https://www.origo.hu/nagyvilag/2026/04/mount-everest-biztositasi-csalas-mentes-mergezesgyanu
7322d4c94bc6a3abb504dcc1521e26ff13761bffe05c3cfd374029a1d7d0adbf,2026-04-24 05:23:57.578706+00:00,hu,origo.hu,origo.hu,2026-04-24,Valóságos csoda! 17 nap után találták meg az épületomlás utolsó túlélőjét,https://www.origo.hu/nagyvilag/2026/04/bangladesi-epuletomlas-gyar-halalos-aldozat-tulelo
de9acd0c59f671e37d663cedf6015a497b221879656ac5f545754e2f7c3358d3,2026-04-24 05:23:48.249313+00:00,hu,origo.hu,origo.hu,2026-04-24,Több mint 100 hajóroncsot találtak a kulcsfontosságú tengeri szorosnál,https://www.origo.hu/nagyvilag/2026/04/hajoroncs-gibraltari-szoros-tenger
1cf601ba96c48739aa7386858c83ce8ec91ee447abed864bd69f64e36b4b7174,2026-04-24 05:23:43.273803+00:00,hu,origo.hu,origo.hu,2026-04-24,Titkos fegyver az Alzheimer-kór ellen – ezen az apróságon múlik az agyad épsége,https://www.origo.hu/tudomany/2026/04/demencia-megelozese-titkos-fegyver
0b5098063b4b9da935ccbe47b19efbe758de4bf8fb6e0e058718bcdc787d022f,2026-04-24 05:23:38.268446+00:00,hu,origo.hu,origo.hu,2026-04-24,"Megérintette egy híres szobor péniszét egy nő, durva botrány lett a vége",https://www.origo.hu/nagyvilag/2026/04/szobor-firenze-penisz-lanybucsu-penzbirsag
f2b62982b2fda30ee44fb2941e982552d705fc4c7ed2b1b1f1a0ab460dd236b3,2026-04-24 05:23:33.385451+00:00,hu,origo.hu,origo.hu,2026-04-24,"Benézett a NASA szondája a Jupiter felhői alá; amit ott látott, az maga az iszonyat",https://www.origo.hu/tudomany/2026/04/galileo-urszonda-dramai-zuhanas-jupiter
ad6d7d192d3b494e738d003e91c94e367be8d055e216fbd568b85b0c4fac62d8,2026-04-24 05:23:26.958697+00:00,hu,origo.hu,origo.hu,2026-04-24,"Élmények nyomában a Tisza-tónál – hét program, amelyért érdemes útra kelnünk",https://www.origo.hu/utazas/2026/04/tisza-to-het-elmeny-amelyert-erdemes-utra-kelnunk
593b5ae765b7c5c907298f105c8f67e48362afbeade13d83bf20cd8e5db49f62,2026-04-24 05:23:22.138745+00:00,hu,origo.hu,origo.hu,2026-04-24,Riasztó jelentés: új szintre lépett az iszlamista terror fenyegetése,https://www.origo.hu/kulpol/2026/04/iszlamista-terror-fenyegetese-terjed-irorszag-jelentes
2bdb8eef0ce05c5b4c0b0167dfa973395b7faecbb9ea4bb7605e4575cd489e21,2026-04-24 05:23:16.711185+00:00,hu,origo.hu,origo.hu,2026-04-24,Áttörés jöhet az elhízás kezelésében? Egy természetes hormon segíthet koplalás nélkül,https://www.origo.hu/itthon/2026/04/anyagcsere-elhizas-elleni-kuzdelem-kutatas
b62292018703ddff99ea56bf907608f73b94ecd59d526660ab7b9b9650ca107b,2026-04-24 05:23:12.646733+00:00,hu,origo.hu,origo.hu,2026-04-24,"Rejtélyes koponyák: kutyát sétáltatott az erdőben, amit talált, mindenkit sokkolt",https://www.origo.hu/nagyvilag/2026/04/emberi-maradvanyok-harom-kisgyermek-memphis-nyomozas
bf01f3d06c061548aab8f06cd4539a3a13fe32ca44932200fb350e5a0e2f7704,2026-04-24 05:23:06.583032+00:00,hu,origo.hu,origo.hu,2026-04-24,Szexjátékokkal és sminkkel aláztak meg egy eszméletlen férfit,https://www.origo.hu/nagyvilag/2026/04/szuletesnapi-buli-trefa-szexjatekok-smink
101e6a905e7113ec7a36ea6250f7053da1e0b6018ea9d3a27628da58a172e2d7,2026-04-24 05:23:01.781967+00:00,hu,origo.hu,origo.hu,2026-04-24,Sokk a szülőszobában: színesbőrű gyereke született egy fehér házaspárnak,https://www.origo.hu/nagyvilag/2026/04/szulo-gyerek-lombik-orvosi-hiba-borszin
7b27e1c27cd85bbabf441233396ae7c59018b0f1563448e5ea7a677db0259fcb,2026-04-24 05:22:56.881771+00:00,hu,origo.hu,origo.hu,2026-04-24,Balhé helyett balhécska: mindenki valakinek a szolgája a Netflix sikersorozatának folytatásában,https://www.origo.hu/filmklub/2026/04/balhe-netflix-sorozat-folytatas-kritika
16921be8026215067f713f42fa19b51d7e01b6133642266ffc09d1b378e652dd,2026-04-24 05:22:52.007797+00:00,hu,origo.hu,origo.hu,2026-04-24,"Zenthe Ferenc, azaz „Taki bácsi”, akit az ország sosem felejt",https://www.origo.hu/itthon/2026/04/zenthe-ferenc-emlekezete-szuletesnap
0aebd67074ce4429b4052968f291b56493e2664eac784b26ab235a8799937903,2026-04-24 05:22:46.980734+00:00,hu,origo.hu,origo.hu,2026-04-24,"Milliók szedik naponta, most kiderült, hogy szívelégtelenséget okozhat",https://www.origo.hu/tudomany/2026/04/melatonin-szivelegtelenseg-kockazata
f654ee324c2b2894c4fa5812e9c9440f78bce38303cb8b65b082610f62e1cbbe,2026-04-24 05:22:40.365265+00:00,hu,origo.hu,origo.hu,2026-04-24,Csak a legélesebb elmék jutnak végig ezen a brutálisan nehéz kvízen,https://www.origo.hu/nagyvilag/2026/04/kviz-irodlaom-sci-fi-fantasy-teszt
60563a7f8b09779c32d818e9422cd66ba7a30e0b0a5fb34983dc0f6edc2ca129,2026-04-24 05:22:34.157054+00:00,hu,origo.hu,origo.hu,2026-04-24,"Nem tud éjszaka aludni? Mutatjuk melyik az a vitamin, amit sürgősen pótoljon",https://www.origo.hu/nagyvilag/2026/04/alvas-alvaszavar-vitaminhiany-magnezium
f2ccfabf9e318d097456422799cadd28fe8bfc02e84bf010c0e2753b52addc37,2026-04-24 05:22:29.180806+00:00,hu,origo.hu,origo.hu,2026-04-24,Megtorpant az orosz offenzíva: évek óta nem volt ilyen gyenge Moszkva hadereje,https://www.origo.hu/kulpol/2026/04/orosz-offenziva-gyenge-haboru
4af5e84d775decf8edbb03c5dfb53808bf41b41718847d854f1ca33d605297c3,2026-04-24 05:18:08.130953+00:00,hu,origo.hu,origo.hu,2026-04-24,"Őrület, amit művel: Szoboszlai Dominik új szintre emelte a szabadrúgást – videó",https://www.origo.hu/sport/sport-futball/2026/04/szoboszlai-dominik-liverpool-edzes-szabadrugasok-video
9abaff2604f28c871cd4f06c30733d0828df4507b9861964c45455bb69c5217a,2026-04-24 05:18:03.151852+00:00,hu,origo.hu,origo.hu,2026-04-24,„Nem szeretnék a lelátón ülni” − Bodó Richárd ezért távozott Szegedről,https://www.origo.hu/sport/sport-csapat/2026/04/bodo-richard-miert-pick-szeged-atigazolas-kezilabda
4ded424ce44a498e62ea5324ddf8a5f99972090cb08aa32dfdcd9af86cc089b4,2026-04-24 05:17:58.154579+00:00,hu,origo.hu,origo.hu,2026-04-24,"Ilyen az, amikor a Real Madrid sztárjai beállnak teniszezni − videó",https://www.origo.hu/sport/sport-futball/2026/04/real-madrid-nadal-sinner-bellingham-courtois-tenisz
1324db908122b613b0319647c92be1feffc51a022a7e6826994c99fc76d577ad,2026-04-24 05:17:50.282902+00:00,hu,origo.hu,origo.hu,2026-04-24,"Terápiára jár az NFL-sztáredző, aki egy újságíróval csalta meg a feleségét",https://www.origo.hu/sport/sport-trashtalk/2026/04/nfl-megcsalasi-botrany-mike-vrabel-new-england-patriots
aab3bdb7a19165a3b494c752984d485dcf7f8123fc7b88506a83f8279c7a32e0,2026-04-24 05:17:36.621651+00:00,hu,origo.hu,origo.hu,2026-04-24,Kitört a botrány: több ezer autóst büntetett meg jogtalanul egy traffipax!,https://www.origo.hu/auto/2026/04/rendorseg-birsag-hibas-traffipax
cc9ac3e976500b57e4d89b01b969196201002c3f96b799f1101e93f8d041fec2,2026-04-24 05:17:31.661678+00:00,hu,origo.hu,origo.hu,2026-04-24,"A nagyképű sztárok kicsinálták a Chelsea zsenijét, de a kegyelemdöfést az UEFA viheti be",https://www.origo.hu/sport/sport-futball/2026/04/chelsea-premier-league-kaosz-liam-rosenior-edzo
b4b0606d9c34e3ebd9cdcb078f55c626d485fdc09e77bfb2a40e1731544c7875,2026-04-24 04:36:07.494443+00:00,hu,origo.hu,origo.hu,2026-04-24,A rabszolgák alapította ország most lepacsizott a Shell-lel,https://www.origo.hu/gazdasag/2026/04/shell-olajkutatas-offshore-sierra-leone
fbfff510c9684866fc5b7ae93c5c52025f5c01617feefbf0eb0e91224cbf6e8e,2026-04-24 04:32:37.961234+00:00,hu,blikk.hu,blikk.hu,2026-04-24,"Darázs az autóban? Egy rossz mozdulat, és kész a baj!",https://www.blikk.hu/auto/darazscsipes-autoban/e12fwzx
aa22ab19cb854044a2ca2690652004b8db7a8025bea47bf02da4bae773e6b480,2026-04-24 04:32:32.065324+00:00,hu,blikk.hu,blikk.hu,2026-04-24,Ehhez a történelmi kvízhez nem elég az Aranybullát ismerni! Így is boldogul vele?,https://www.blikk.hu/aktualis/belfold/kviz-tortenelem-aranybulla-evfordulo/w2whz2w
3ddeddf536a839ccdb84f0691ad845c84760a3bf48173440a20144499313e208,2026-04-24 04:32:27.382588+00:00,hu,blikk.hu,blikk.hu,2026-04-24,"Top 5 biztonsági lépés: ezeket a hibákat kerülje el, ha nem akar kibebűnözők áldozata lenni utazás közben",https://www.blikk.hu/ferfiaknak/tech/okostelefon-biztonsag-kiberbunozes-utazas/ep9vn3q
4c068d3f01692f53975e093772a97c923f340bfd562fdae8e77f6abd991dedca,2026-04-24 04:32:08.204378+00:00,hu,blikk.hu,blikk.hu,2026-04-24,Egy 3 perces módszer a karcos parketták helyreállításához: csak két dologra lesz szüksége a konyhából,https://www.blikk.hu/eletmod/tippek/parketta-karcolas-helyreallitas/14vbr15
b8f6422006ac8ae5af063ec8d49bd6222f809b90657a4cde9937d39baaaeb12f,2026-04-24 04:31:38.233029+00:00,hu,blikk.hu,blikk.hu,2026-04-24,Tönkrement a házassága a TV2 híradósának,https://www.blikk.hu/sztarvilag/hazai-sztarok/szentpeteri-eszter-valas-melypont-kuzdelem/qrc55k1
eac3a39b8e8d205f3dd8dddd70334ff4f1880ef136a2b2ff68ded7beeae5c97b,2026-04-24 04:31:33.551119+00:00,hu,blikk.hu,blikk.hu,2026-04-24,Gedó György 77 éves: így állt fel a padlóról a legendás olimpiai bajnok ökölvívó,https://www.blikk.hu/sport/gedo-gyorgy-betegseg/f0v2x2y
3a58535e65f39d3f0366cf7db802ea13b047d7a656983fbd962d65474d9c8ba1,2026-04-24 04:31:21.566318+00:00,hu,blikk.hu,blikk.hu,2026-04-24,Három csillagjegy számára különleges fordulatot hoz a péntek,https://www.blikk.hu/eletmod/lelek/remenysugar-harom-csillagjegy/04y5fcd
a6e2d992059eaba8c95328119914d4d3aec7a54666a1d9bc77414dc85351180e,2026-04-24 02:58:51.020165+00:00,hu,blikk.hu,blikk.hu,2026-04-24,"Mit mondanak a szakértők: milyen gyakran érdemes újraindítani az okostelefont, hetente vagy naponta?",https://www.blikk.hu/ferfiaknak/tech/okostelefon-ujrainditas-teljesitmeny-javitas/tp93ete
aba914122361fdbf7380c39f55f3f1f8f729994bc376256eb910de136f260feb,2026-04-24 02:52:40.987596+00:00,hu,origo.hu,origo.hu,2026-04-23,Házi feladatot kaptak Magyar Péter képviselői,https://hirtv.origo.hu/ahirtvhirei/2026/04/hazi-feladatot-kaptak-magyar-peter-kepviseloi
3807ca57777b792fdc110b339db31d4b236506caf2715c5b990e4adadd9f582e,2026-04-24 02:26:55.703072+00:00,hu,origo.hu,origo.hu,2026-04-23,Napi keresztrejtvény,https://www.origo.hu/keresztrejtveny/2026/04/2026-04-23-napi-keresztrejtveny
3caad1ec8f8d0971a8da49017c4a2d1750ecee8e3b4f540fa0b9eed8dc2dee80,2026-04-24 02:26:50.389504+00:00,hu,origo.hu,origo.hu,2026-04-23,Napi sudoku - nehezebb verzió,https://www.origo.hu/keresztrejtveny/2026/04/2026-04-23-napi-sudoku-nehezebb-verzio
99e17e872c49150a1aa23c9371bc18c0955b1c140692c4d53871c0db0d38115b,2026-04-24 02:25:58.753737+00:00,hu,origo.hu,origo.hu,2026-04-23,A Fradi és a Győri ETO versenyfutása a magyar futball reklámja,https://www.origo.hu/sport/sport-futball/2026/04/fradi-eto-magyar-kupa-keane-dibusz-borbely-donto-nb-i
d4d4b24baf89d16726dc4bed489c5110c48d60d543f8ab23907af9bf3ac6ff1c,2026-04-24 02:24:38.155608+00:00,hu,origo.hu,origo.hu,2026-04-23,Napi sudoku - könnyebb verzió,https://www.origo.hu/keresztrejtveny/2026/04/2026-04-23-napi-sudoku-konnyebb-verzio
bceefa75df299dbba916262bbb59add9bdc5a4bd06025e71734d141544f12792,2026-04-24 00:51:25.440860+00:00,hu,origo.hu,origo.hu,2026-04-23,A mozdulatlanságból a világhírig – Esztergályos Cecília őszinte vallomása,https://hirtv.origo.hu/kultura/2026/04/esztergalyos-cecilia-oszinte-vallomasa
23f7b710bb83d785691b4c4f37f672281515f9ce8cbd36d0086b757aa4d98da9,2026-04-23 23:06:03.972247+00:00,hu,origo.hu,origo.hu,2026-04-23,Rihanna szexi tangában villogtatja a fenekét,https://www.origo.hu/nagyvilag/2026/04/rihanna-szexi-tanga-fotozas
117ddd8dcfa377143da4c48f8bbe06787c0fc774fdcfdfc36aea76454165912a,2026-04-23 23:05:36.126933+00:00,hu,origo.hu,origo.hu,2026-04-23,"Kiderült, hová rejti embereit a Tisza Párt a kérdések elől",https://www.origo.hu/belpol/2026/04/tisza-part-magyar-peter-sajto-koltozes-hirtv-sajto
afe5066ac01aa86b10795f3f1d73daf3be1677514d10ca1f918bb8caa825c36d,2026-04-23 23:05:30.367682+00:00,hu,origo.hu,origo.hu,2026-04-23,"Mutatjuk, ki állhat az LMBTQ TV indulása mögött",https://www.origo.hu/belpol/2026/04/lmbtq-tv-pataki-tamas-szivarvany-hirtv-media-baloldal
d6d072721e24a5e9187ee408c3281af2f7682ed848e0aa8d0fbf259724bfb992,2026-04-23 23:05:25.943506+00:00,hu,origo.hu,origo.hu,2026-04-23,A magyar hokiválogatott nem tudta megszorítani a világ egyik legjobb csapatát,https://www.origo.hu/sport/sport-csapat/2026/04/magyar-valogatott-hoki-felkeszules-svajc
657c78821e4f9558488fd963cac423cf3dfcc92fe8cde9e751ba6e26620300cf,2026-04-23 23:04:32.280092+00:00,hu,origo.hu,origo.hu,2026-04-23,Saját testvérét szúrta mellkason egy részeg férfi Fácánkerten,https://www.origo.hu/kek-hirek/2026/04/emberoles-kiserlete-testveret-szurta-mellkason
15816b1375a838f4940f9c78d0dd3274bb8394dc89b9bc34ac56f57dc91b778e,2026-04-23 23:04:24.451652+00:00,hu,origo.hu,origo.hu,2026-04-23,Halálos biciklibaleset Győrben: elgázoltak egy kerékpárost,https://www.origo.hu/kek-hirek/2026/04/biciklibaleset-gyorben-halalra-gazoltak-egy-kerekparost
2a593fe2326e0cb510745e89582fb2e8ddd7ce0fe850fe359ea2ef6a6cc46238,2026-04-23 23:04:17.706423+00:00,hu,origo.hu,origo.hu,2026-04-23,Óriási bejelentést tett a McLaren! Ez megváltoztathatja a Forma-1-es szezont,https://www.origo.hu/sport/f1/2026/04/forma-1-mclaren-bejelentes-miami
1f71b4863e2c76d60bf39e6adc828a7b3eb8051b7f7be57dd9422e56d0653d08,2026-04-23 22:46:23.786662+00:00,hu,blikk.hu,blikk.hu,2026-04-23,„Egyfajta korszak fog lezárulni” – T. Danny megdöbbentő választ adott az orra állapotát firtató kérdésekre,https://www.blikk.hu/sztarvilag/hazai-sztarok/t-danny-orra-maszk-drogok/7w07n2l
a72cdab8896387006060c49f73406f8e999eda9877271639bc148bf0b486c78d,2026-04-23 22:37:08.861645+00:00,hu,index.hu,index.hu,2026-04-23,Magyar Hang: saját bírótársa szólította fel lemondásra Polt Pétert,https://index.hu/belfold/2026/04/23/polt-peter-alkotmanybirosag-legfobb-ugyesz-lemondas-szabo-marcel-magyar-peter-tisza-part/
d5ae529a780fc660677addbeb8f6805c05cf1d82f563b79284a1267e7f62f8c9,2026-04-23 22:37:03.860531+00:00,hu,index.hu,index.hu,2026-04-23,Bejelentették az X-Faktor két új mentorát,https://index.hu/fomo/2026/04/23/x-faktor-mentor-gaspar-laci-majka-valkusz-milan-toth-andi-byealex-solere/
b64b71bb84593e037ca1636456a2208bc12d1ed98bcd369fcccd0874a6b9be12,2026-04-23 22:36:54.896589+00:00,hu,index.hu,index.hu,2026-04-23,"A forint erősödése már a boltok polcain is érezhető, árcsökkentést jelentett be az egyik legnagyobb áruházlánc",https://index.hu/gazdasag/2026/04/23/aldi-forinterosodes-arcsokkentes-bolti-arak/
c1632fdc091af16fb310055051be05bc148bba19b2c558fdcac8b5114945c037,2026-04-23 22:36:50.269026+00:00,hu,index.hu,index.hu,2026-04-23,Távozásra szólította fel a Magyarországi Mentődolgozók Szövetsége az OMSZ vezetőségét,https://index.hu/belfold/2026/04/23/orszagos-mentoszolgalat-kapacitashiany-magyarorszagi-mentodolgozok-szovetsege-felszolitas-lemondas/
7a9902a3c89d0aed9aa8ab1cdf58d395f7e3a4503a3371d6eb3c1e19cecaff00,2026-04-23 22:36:45.226682+00:00,hu,index.hu,index.hu,2026-04-23,"Donald Trump elrendelte minden iráni hajó megsemmisítését, amely aknát próbál telepíteni a Hormuzi-szorosban",https://index.hu/kulfold/2026/04/23/iran-egyesult-allamok-konfliktus-olajszallito-hajo-lefoglalas-hormuzi-szoros-athaladas-dij/
d3d977289e2727391a07c727031559d5fe211bad39f9bd48a91c4da5f55da8e5,2026-04-23 22:36:40.307971+00:00,hu,index.hu,index.hu,2026-04-23,Újabb minisztereket jelent be pénteken Magyar Péter,https://index.hu/belfold/2026/04/23/magyar-peter-tisza-part-kormany-oktatasi-miniszter-bejelentes-pentek/
4e30b80283459e285dcb1514d36ac0707111043b511d3ef6bc635aae2cbad42d,2026-04-23 22:36:30.307703+00:00,hu,index.hu,index.hu,2026-04-23,"Döntött a kormány, nem vezetik vissza a reklámadót júliustól",https://index.hu/gazdasag/2026/04/23/reklamado-kormanyrendelet-magyar-kozlony-orban-viktor-miniszterelnok/
10d2742acf29ede3891496913be9a4c33e4ea447f30988f29ffb38324af2bf55,2026-04-23 22:36:26.090782+00:00,hu,index.hu,index.hu,2026-04-23,"„Egy ex- vagy jövőbeli miniszterelnököt nem Petizünk, nem Viktorozunk” – Polgár Tünde helyretette az internet népét",https://index.hu/mindekozben/poszt/2026/04/23/polgar-tunde-kommentek-stilus-miniszterelnok/
0c736c61bb07ddf936879d36921d8491b8ee518af88aca3e8e40b7e010c63a71,2026-04-23 22:36:14.090790+00:00,hu,index.hu,index.hu,2026-04-23,Mihalik Enikő megmutatta kislánya arcát,https://index.hu/mindekozben/poszt/2026/04/23/mihalik-eniko-kislanya-eva-rose-kozos-foto/
007869cc4720b6b786c5c535fb9aceccbfddfb173dbe8bd0bb0bcfb3618109c2,2026-04-23 22:35:50.112489+00:00,hu,index.hu,index.hu,2026-04-23,A szlovák kormány alelnöke szerint a felvidéki magyarok 81 éve használják törvénytelenül a földjeiket,https://index.hu/kulfold/2026/04/23/szlovakia-kormany-alelnok-robert-kalinak-felvidek-magyarok-fold-benes-dekretumok/
8ff60afcd0da01f82d01d4313e682eb41d498b9c5605ff9f79631cf9cc6b4977,2026-04-23 22:35:44.576520+00:00,hu,index.hu,index.hu,2026-04-23,"Tisza-kampányfőnök: Végig magamnál tartottam azokat a pendrive-okat, amivel mások családját tettük volna tönkre",https://index.hu/belfold/2026/04/23/tisza-part-kampanyfonok-toth-peter-interju-partizan-magyar-peter-kampany/
092b183d2d521861eb8083e49a74b121db3433b1eaa8b921052563a016fb4279,2026-04-23 22:35:40.103985+00:00,hu,index.hu,index.hu,2026-04-23,Saját sofőrjét is kitüntette Pintér Sándor,https://index.hu/belfold/2026/04/23/pinter-sandor-belugyminiszter-rendornap-sofor-okfo-klik-szgyf-kituntetes-retvari-bence-allamtitkar/
196e752424fa314bd8b9c044fe457fc3eb7e1005ca8a92ee9147d58bd58aae2b,2026-04-23 22:35:27.097068+00:00,hu,index.hu,index.hu,2026-04-23,"Nemcsak egy döntő, a jövő szakembereit keresik egy nagyon fontos területen",https://index.hu/gazdasag/2026/04/23/autos-nagykoalicio-autos-szakmak-tanulmanyi-versenye-autoszerelo-szakkepzes-diakok-oktatas/
e4e157fe0606aaa05c576d436fbe04a27744427c16a89fdb5f7a8730b8f220f0,2026-04-23 22:35:22.170779+00:00,hu,index.hu,index.hu,2026-04-23,"Ez az új évad mindent visz, ennyi durvulást még sosem láttunk animációs sorozatban",https://index.hu/kultur/cinematrix/2026/04/23/invincible-legyozhetetlen-teve-sorozat-amazon-prime-szuperhos-kepregeny-negyedik-evad-kritika/
1f496d0f3f4c07d0d409ff2eae37ec444c1555b490eaffc794569f3dd4f41dd1,2026-04-23 20:52:46.625438+00:00,hu,blikk.hu,blikk.hu,2026-04-23,Egy évre bezár a Burj Al Arab,https://www.blikk.hu/aktualis/kulfold/burj-al-arab-bezaras-felujitas-luxusszalloda/m6twqxe
345e869adcc7f500ea464657510d4a2d7c75f5c78080dabdf6f68bebcdcea21c,2026-04-23 20:52:36.093380+00:00,hu,blikk.hu,blikk.hu,2026-04-23,"Itt bukkan fel legközelebb Kiss Péter Balázs, a Barátok közt egykori sztárja",https://www.blikk.hu/sztarvilag/hazai-sztarok/kiss-peter-balazs-domjan-kata-uj-darab-parkapcsolat/4my2flw
5bcf2a66d96edb3bf211aa20fd3cd2e4920dc49ef9e8c874145eb06051fe51c5,2026-04-23 20:52:30.690586+00:00,hu,blikk.hu,blikk.hu,2026-04-23,"Szelfiztek a pilóták, ezért ütközhetett két repülő Dél-Koreában: bocsánatot kért a légierő",https://www.blikk.hu/aktualis/kulfold/dle-korea-pilotak-utkozes-szelfi/pnd3ywq
4374322c2df89f260a379c9ef2a8808ad9b93e42e67ed5056e3fb718a8c3beb5,2026-04-23 20:52:12.403064+00:00,hu,blikk.hu,blikk.hu,2026-04-23,"Borzalmas tragédia: meghalt a 29 éves szépségkirálynő, miután kizuhant a lakása ablakából",https://www.blikk.hu/sztarvilag/nemzetkozi-sztarok/meghalt-szepsegkiralyno-lezuhant-brazilia/ctnwsfk
bb2b21c500f229ec7762487f7b843331597a69b3941af12966d2c643ded1b31e,2026-04-23 20:51:32.916657+00:00,hu,blikk.hu,blikk.hu,2026-04-23,"Ugyanaz az edző küldött válogatott meghívót Jim Gottfridssonnak, aki hagyta Szegedről kirúgatni",https://www.blikk.hu/sport/szeged-kezilabda-jim-gottfridsson-botrany/rbd2785
39abb65479c616aef3257bae9f6648350f22aef0b282c622deb6e6c6ac132c21,2026-04-23 20:51:04.554866+00:00,hu,blikk.hu,blikk.hu,2026-04-23,Így reagált a Wizz Air a kerozinárakkal kapcsolatos aggodalmakra,https://www.blikk.hu/aktualis/belfold/wizz-air-kerozinarak/4wl7yt1
6db53295355114f3f844f7cbe6a731b75b7112f5020efb22b1c6b28a10a70656,2026-04-23 20:50:59.717315+00:00,hu,blikk.hu,blikk.hu,2026-04-23,Szennyvízből sör? Undorítóan hangzik mégis igaz!,https://www.blikk.hu/aktualis/kulfold/szennyvizbol-sorfozes-reuse-brew/dct3kjr
b838fb5dfbf46c1032e8ded040064e9c6bf5b24b01bfc33950175d6a8dd28691,2026-04-23 20:50:43.392469+00:00,hu,blikk.hu,blikk.hu,2026-04-23,Bajban lehet a legendás német csokoládégyártó,https://www.blikk.hu/aktualis/ritter-sport-csokoladegyar-csoki-megszunik-gazdasag/n0g1b7z
2768e3e1c0c48061920b654591f60e7b785dad1626469c0c4b166f050a08d5a1,2026-04-23 20:42:00.105450+00:00,hu,origo.hu,origo.hu,2026-04-23,Pataki Tamás állhat az új Szivárvány TV elindítása mögött a honlap adatai alapján,https://hirtv.origo.hu/ahirtvhirei/2026/04/pataki-tamas-allhat-az-uj-szivarvany-tv-elinditasa-mogott-a-honlap-adatai-alapjan
7a7d5fe8debe9b4bd48a9516892a696459291c84298d7db0c4f3a5a4a73ec4a4,2026-04-23 20:41:55.116677+00:00,hu,origo.hu,origo.hu,2026-04-23,Kiderült az igazság a 8 milliárdos magyar lottósikerről,https://hirtv.origo.hu/ahirtvhirei/2026/04/kiderult-az-igazsag-a-8-milliardos-magyar-lottosikerrol
bfd693b10cd01d792aa4a2af59470816a4545faa834729fbac5eabcc3a72596a,2026-04-23 20:41:50.079354+00:00,hu,origo.hu,origo.hu,2026-04-23,Brutális kampánnyal érkezhet a Szivárvány TV,https://hirtv.origo.hu/ahirtvhirei/2026/04/brutalis-kampannyal-erkezhet-a-szivarvany-tv
475cab2017619cb3671b2d1def100ad59e0d6ef1b27a26500c568667b675badd,2026-04-23 20:41:45.054792+00:00,hu,origo.hu,origo.hu,2026-04-23,Időutazás Londonban?,https://hirtv.origo.hu/hirtvszines/2026/04/idoutazas-londonban-nana
bab59fad02189a9eba2ceb741b633169938f19c50c1193f1e85fe7ccfda96ae2,2026-04-23 20:41:40.096254+00:00,hu,origo.hu,origo.hu,2026-04-23,Nincs előrelépés: Daniel Freund a HírTV-nek beszélt Ukrajnáról,https://hirtv.origo.hu/hirtvkulfold/2026/04/nincs-elorelepes-daniel-freund-a-hirtv-nek-beszelt-ukrajnarol
a6e6469fef416305ae975ba30b0192901ba877b08cda52b6763f2bcdc789cb36,2026-04-23 20:41:35.154500+00:00,hu,origo.hu,origo.hu,2026-04-23,Pályaorientációs nap Miskolcon,https://hirtv.origo.hu/ahirtvhirei/2026/04/palyaorientacios-nap-miskolcon
0b032bd7e72cbaec291dbae317be5ce0185bbe1d8d438838c65c0adf536ccbcb,2026-04-23 20:41:30.363424+00:00,hu,origo.hu,origo.hu,2026-04-23,"Vigyázat, kamu rendőrök! Ezt a bandát most kivonták a forgalomból, nem is akárhogyan",https://hirtv.origo.hu/ahirtvhirei/2026/04/kamu-rendorok-elfogas
0174af80623fa19ffffba3118510e9579e93974b45f85d0cd612a093bcc9b335,2026-04-23 20:41:25.034875+00:00,hu,origo.hu,origo.hu,2026-04-23,Azonnali árstopkivezetést akar a Tisza-közeli szakértő,https://hirtv.origo.hu/hirtv-gazdasagi-hirei/2026/04/azonnali-arstopkivezetest-akar-a-tisza-kozeli-szakerto
55518a314983d2a8fcaa4770b902d1142a058d1248a3ff63dab51f3f5a41d40e,2026-04-23 20:41:20.688680+00:00,hu,origo.hu,origo.hu,2026-04-23,"Kiderült, hová rejti embereit a Tisza Párt a kérdések elől",https://hirtv.origo.hu/ahirtvhirei/2026/04/kiderult-hova-rejti-embereit-a-tisza-part-a-kerdesek-elol
c7fa088c0c3764e4019524992228c5f50f9bc32cc7db228cca851a61661b3be3,2026-04-23 20:41:15.002969+00:00,hu,origo.hu,origo.hu,2026-04-23,Adóemelést és az árstopok azonnali kivezetését javasolják a Tisza-kormánynak,https://hirtv.origo.hu/ahirtvhirei/2026/04/adoemelest-es-az-arstopok-azonnali-kivezeteset-javasoljak-a-tisza-kormanynak
4dfd6c92380e9548bd8338b5fafda28af112d9106e860efd55ff0c7e16c0205d,2026-04-23 20:41:10.075894+00:00,hu,origo.hu,origo.hu,2026-04-23,Miért pont most indította újra a csapokat Ukrajna?,https://hirtv.origo.hu/ahirtvhirei/2026/04/miert-pont-most-inditotta-ujra-a-csapokat-ukrajna
d077b9ae88bbf31f4c6a101d7b70552328fe7885126a98e3a0dd09563af2f574,2026-04-23 20:41:05.274293+00:00,hu,origo.hu,origo.hu,2026-04-23,Többek között az Európai Unió következő hétéves költségvetése lesz a témája az uniós csúcstalálkozónak,https://hirtv.origo.hu/hirtvkulfold/2026/04/tobbek-kozott-az-europai-unio-kovetkezo-heteves-koltsegvetese-lesz-a-temaja-az-unios-csucstalalkozonak
b067219b93dae14e81fb01156b7e5867efb2d41f62e65a5028775a1862fffb8e,2026-04-23 20:40:59.993006+00:00,hu,origo.hu,origo.hu,2026-04-23,Felkészültek a jövő kihívásaira,https://hirtv.origo.hu/ahirtvhirei/2026/04/felkeszultek-a-jovo-kihivasaira
f9e1bc3434d3c6b409be8868e570ea9c6adb41037001886c4ac4723be21136ae,2026-04-23 20:40:55.160010+00:00,hu,origo.hu,origo.hu,2026-04-23,Ruff Bálint már a választás éjszakáján fenyegetőzött,https://hirtv.origo.hu/ahirtvhirei/2026/04/ruff-balint-mar-a-valasztas-ejszakajan-fenyegetozott
c319a2309f14d48de3cf0af8bcab1fb7e99ddc162875618038f00295b6974458,2026-04-23 20:40:50.126573+00:00,hu,origo.hu,origo.hu,2026-04-23,A Tisza Párt hallgat az uniós ítéletről – közben jön az LMBTQ-csatorna,https://hirtv.origo.hu/ahirtvhirei/2026/04/a-tisza-part-hallgat-az-unios-iteletrol-kozben-jon-az-lmbtq-csatorna
b417d2185639163693f12cf351d7e485e928126ce40a8dd3bb8276a221175c89,2026-04-23 20:40:45.555421+00:00,hu,origo.hu,origo.hu,2026-04-23,Felfoghatatlan milliárdok és a 20. büntetőcsomag – Ki fizeti a végén?,https://hirtv.origo.hu/hirtvkulfold/2026/04/felfoghatatlan-milliardok-es-a-20-buntetocsomag-ki-fizeti-a-vegen
ccc4d9ebd5efefc728677841b6e9677ab1962c8e362a8b6bc0f85e76db236fb5,2026-04-23 20:40:39.963616+00:00,hu,origo.hu,origo.hu,2026-04-23,"Magyar Péter listázta, kiknek kell azonnal távozniuk a hatalomváltás után",https://hirtv.origo.hu/ahirtvhirei/2026/04/magyar-peter-listazta-kiknek-kell-azonnal-tavozniuk-a-hatalomvaltas-utan
6df412c738af5f67883d1b05b006fbd98bc659d6635b917834db08df35a259c4,2026-04-23 20:40:35.033615+00:00,hu,origo.hu,origo.hu,2026-04-23,Puzsér Róbert bosszúról beszélt az Indexnek adott interjúban,https://hirtv.origo.hu/ahirtvhirei/2026/04/puzser-robert-bosszurol-beszelt-az-indexnek-adott-interjuban
e9c9013397fb6410704ee57ed1d05f61675e7a40e55b4a7114f2ef70b7362981,2026-04-23 20:40:30.251720+00:00,hu,origo.hu,origo.hu,2026-04-23,Brüsszel ránk rúgta a gyerekszoba ajtaját,https://hirtv.origo.hu/ahirtvhirei/2026/04/brusszel-rank-rugta-a-gyerekszoba-ajtajat
f8dafde36f72f2ac82732df1227ffedd83b58b63c55e0daf776f5118f2b772e2,2026-04-23 20:40:25.075580+00:00,hu,origo.hu,origo.hu,2026-04-23,Magyarország sikeressége mindenek előtt,https://hirtv.origo.hu/ahirtvhirei/2026/04/magyarorszag-sikeressege-mindenek-elott
cef61e5161878249e3b70e756cd440d8b31faf8b99a099873b1f6dace639143d,2026-04-23 20:40:20.324012+00:00,hu,origo.hu,origo.hu,2026-04-23,Rezsicsökkentés helyett elszámoltatás: Puzsér Róbert a gazdasági tervekről nyilatkozott,https://hirtv.origo.hu/ahirtvhirei/2026/04/rezsicsokkentes-helyett-elszamoltatas-puzser-robert-a-gazdasagi-tervekrol-nyilatkozott
72779b457538db03ce8d5e58c642a21aafec43b687bc9278aa1e0a491d5a629b,2026-04-23 20:40:15.494637+00:00,hu,origo.hu,origo.hu,2026-04-23,A hosszú munkának beérett a gyümölcse,https://hirtv.origo.hu/hirtvkulfold/2026/04/a-hosszu-munkanak-beerett-a-gyumolcse
af907ee33a3e09ab96f2541ad70e0d5e274e3e54b42d077cf993ccaad9464c54,2026-04-23 20:40:10.081531+00:00,hu,origo.hu,origo.hu,2026-04-23,Erre hívta fel a figyelmet Péterfalvi Attila,https://hirtv.origo.hu/ahirtvhirei/2026/04/erre-hivta-fel-a-figyelmet-peterfalvi-attila
e4adeea11bb7d3235e4b9c8f39c6f52f185239bb4f4c6dece485e85ff1ddfecd,2026-04-23 20:40:05.149015+00:00,hu,origo.hu,origo.hu,2026-04-23,"Snackrajongók, figyelem!",https://hirtv.origo.hu/hirtvkulfold/2026/04/snackrajongok-figyelem
3fe21afd98deadc98c05ee5804ad19e47a0503e4ba2bea76d560b114149139a7,2026-04-23 20:40:00.166142+00:00,hu,origo.hu,origo.hu,2026-04-23,Brüsszel üzent: Magyarország kulcs lehet Ukrajna csatlakozásához,https://hirtv.origo.hu/hirtvkulfold/2026/04/brusszel-uzent-magyarorszag-kulcs-lehet-ukrajna-csatlakozasahoz
cdc1bd24c9239eb90f0c0bd065056003a7e20a4a344f998d06f70b49585dfe50,2026-04-23 20:39:55.239963+00:00,hu,origo.hu,origo.hu,2026-04-23,Újraindult a kőolajszállítás a Barátság vezetéken,https://hirtv.origo.hu/hirtvkulfold/2026/04/ujraindult-a-koolajszallitas-a-baratsag-vezeteken
a04c3839090b5e774db16fde16b4ac7c2fa54aa5033b2c6b041e489c73adbfa4,2026-04-23 20:39:50.352995+00:00,hu,origo.hu,origo.hu,2026-04-23,Idén nyáron a kerozinhiány miatt a földön ragadhatunk,https://hirtv.origo.hu/ahirtvhirei/2026/04/iden-nyaron-a-kerozinhiany-miatt-a-foldon-ragadhatunk
d5fca759cd07db129add2eb6f9583e5cee8be3a789f6b0c07eb773fe40cae6f4,2026-04-23 20:39:45.158690+00:00,hu,origo.hu,origo.hu,2026-04-23,"Még át sem vették a hatalmat, de már LMBTQ-tévét alapítanak",https://hirtv.origo.hu/ahirtvhirei/2026/04/meg-at-sem-vettek-a-hatalmat-de-mar-lmbtq-tevet-alapitanak
2cf8e4af0ca350d97ee2b6c30f2aa1b67c931b130923d8291ac92dd3d621365c,2026-04-23 20:39:41.410821+00:00,hu,origo.hu,origo.hu,2026-04-23,"Füstbe borult Kecskemét, tűz ütött ki a hulladékfeldolgozóban – videó",https://www.origo.hu/kek-hirek/2026/04/tuz-kecskemet-hulladek-szemet
fe622a6d28b004b7b7af339e7d2dd3908f7cdd9233adb3aaa76ea149e08aba82,2026-04-23 20:39:40.470468+00:00,hu,origo.hu,origo.hu,2026-04-23,Csütörtökön hajnalban újraindult a kőolajszállítás a Barátság vezetéken,https://hirtv.origo.hu/hirtvkulfold/2026/04/csutortokon-hajnalban-ujraindult-a-koolajszallitas-a-baratsag-vezeteken
4c64e6a8fe43e17cb65614d501bf15d3efd383a48b56479e85293fbf844fe639,2026-04-23 20:39:36.619716+00:00,hu,origo.hu,origo.hu,2026-04-23,Sokk a nyaralóknak: elszálltak a repülőjegyárak és jönnek a járattörlések,https://www.origo.hu/itthon/2026/04/uzemanyagvalsag-repulojegy-dragulas-jarattorlesek
a9e94925d809d9c4001679d8730d3aedceb59a087c71616d77e9239fc40b9db5,2026-04-23 20:39:35.080146+00:00,hu,origo.hu,origo.hu,2026-04-23,"Kiderült, mennyit keres a tiszás rapper a botrányos pólókon",https://hirtv.origo.hu/ahirtvhirei/2026/04/kiderult-mennyit-keres-a-tiszas-rapper-a-botranyos-polokon
90fc8a9bcd84acf49d40748e277b16eb672b30b71b9cfb9cee2b2961516f9e31,2026-04-23 20:39:31.518055+00:00,hu,origo.hu,origo.hu,2026-04-23,"Megvan, ki lesz a Megasztár egyik zsűritagja",https://www.origo.hu/itthon/2026/04/megasztar-herceg-erika-zsuritag
4bdf443ca69843725722c9eaabf92b0e7aa82e074b220cfcbc20cb2ce3d6d373,2026-04-23 20:39:27.361743+00:00,hu,origo.hu,origo.hu,2026-04-23,Háborús feszültség a csúcson: Trump parancsot adott az iráni hajók kilövésére,https://www.origo.hu/nagyvilag/2026/04/donald-trump-hormuzi-szoros-iran-akna-haboru
3fe8863cd8603d075ee295463d6e01625cf92f843f370fb1fdfd1ab86dd63c39,2026-04-23 20:39:22.213715+00:00,hu,origo.hu,origo.hu,2026-04-23,Gyermekprostitúció Nyíregyházán: droggal fizetett kislányokért a köztiszteletben álló vállalkozó,https://www.origo.hu/kek-hirek/2026/04/gyermekprostitucio-nyiregyhaza-vallalkozo-drog
7084a39833cd4f9e387087488d5eafae78f58c11e07c0bff176d5746a0018be2,2026-04-23 20:39:16.419281+00:00,hu,origo.hu,origo.hu,2026-04-23,"8 tipp, hogyan csökkentheti autójának fogyasztását!",https://www.origo.hu/auto/2026/04/fogyasztas-8-tipp-hogyan-csokkentheti
8f20784db0299e0f2172e4934b6a1bdd30ea76e623a322894aa7f3f76a55f9d3,2026-04-23 20:39:11.897278+00:00,hu,origo.hu,origo.hu,2026-04-23,Ez durva! Így születik újjá egy erősen oldalsérült autó!,https://www.origo.hu/auto/2026/04/ez-durva-igy-szuletik-ujja-egy-erosen-oldalserult-auto
99f8eea7fb122699d589eccc5d8277d33d940a50587acd4271ebda88b2f864a5,2026-04-23 20:39:06.491059+00:00,hu,origo.hu,origo.hu,2026-04-23,"Filléres trükk, amivel hatékonyan tudunk portalanítani a lakásban",https://www.origo.hu/itthon/2026/04/por-takaritas-filleres-trukk-lakas
af28af60f2a32dd6abc4e757c58df64e962ad51ef4012da3bd29c83587d015d8,2026-04-23 20:39:01.288724+00:00,hu,origo.hu,origo.hu,2026-04-23,Tóth Balázs klubja szörnyű hírt közölt: meghalt a Blackburn Rovers legendája,https://www.origo.hu/sport/sport-futball/2026/04/blackburn-rovers-tony-parkes-halalhir
5741bb814c0e0a25cf70373f07344d185e6d638c6d0087b033f8b75f2af79cf2,2026-04-23 20:38:57.015357+00:00,hu,origo.hu,origo.hu,2026-04-23,Rendkívüli interjút adott Bóka János – minden kérdést megválaszolt,https://www.origo.hu/belpol/2026/04/rendkivuli-interjut-adott-boka-janos
40dc031eec654b2b841fb823d4c1235ed29f5b882e969cdfaa8c6030a2aafdab,2026-04-23 20:38:48.064378+00:00,hu,origo.hu,origo.hu,2026-04-23,"Károsnak hitték, most kiderült, hogy visszafordíthatja az öregedést",https://www.origo.hu/tudomany/2026/04/oregedes-visszaforditas-pentadekansav
1ed2bd84f01e2e6e2109b2698d5d6ca041d95966a4974fc795eb7b3242aa1b53,2026-04-23 20:38:37.166713+00:00,hu,origo.hu,origo.hu,2026-04-23,Véget ért a brüsszeli komédia: itt van Weber brutális lebukása,https://www.origo.hu/kulpol/2026/04/manfred-weber-megjavult-jogallamisag
b511f9dd2a4792459e1733e825cbbabe285788bc7de0d681a4c9a6ca97dda336,2026-04-23 20:38:32.696469+00:00,hu,origo.hu,origo.hu,2026-04-23,Egy pont döntött Szabados Noémi bronzmeccsén a birkózó Eb-n,https://www.origo.hu/sport/sport-egyeni/2026/04/birkozo-eb-szabados-noemi-bronzmeccs-drama
291bf60c032c2b9633fe7d0189de98cb027d9f24b407d88498f6750db81163f5,2026-04-23 20:25:13.674839+00:00,hu,blikk.hu,blikk.hu,2026-04-23,"„Majdnem minden nap beszélünk” – Gáspár Győző kibékült az édesapjával, és új párjával is remek kapcsolatot ápolnak",https://www.blikk.hu/sztarvilag/hazai-sztarok/gaspar-gyozo-apja-kapcsolat/lqtd2wl
794981266c23d71672acc65438c8a60366d833cd4a03255da92043ba4a2a199e,2026-04-23 20:24:23.882488+00:00,hu,blikk.hu,blikk.hu,2026-04-23,"Bereczki Zoltán bevallotta, Flórának nagyon más apja, mint az idősebb lányának",https://www.blikk.hu/sztarvilag/hazai-sztarok/bereczki-zoltan-apasag-lanyai-vallomas/f1wtz0r
14b99b0ba92eba8e211338b77af713fbfcda96fcc6b7194f2dc53c937308d056,2026-04-23 20:24:13.529639+00:00,hu,blikk.hu,blikk.hu,2026-04-23,Felelősök sem maradtak névtelenül – a DVTK közleménybe foglalta az NB I-es kiesésig vezető vesszőfutást,https://www.blikk.hu/sport/magyar-foci/dvtk-nb-i-kieses-magyarazat/d62qp4f
2ea4b48e4d5cd71f9b9cad8f63df9ba486a2dac54413e89c1d153d101bb5a204,2026-04-23 19:35:54.664358+00:00,hu,index.hu,index.hu,2026-04-23,Az Index munkatársát is díjazták a 44. Magyar Sajtófotó Pályázaton,https://index.hu/kultur/2026/04/23/44.-magyar-sajtofoto-palyazat-gyarfas-tamas-foto-dij/
f0e3c97bedc600761236c5d8453fe9bab39be353dc48f52fa4ece9bb79a59a0f,2026-04-23 19:35:50.507278+00:00,hu,index.hu,index.hu,2026-04-23,Leleplezte a TV2 a 2026-os Megasztár első zsűritagját,https://index.hu/mindekozben/poszt/2026/04/23/megasztar-2026-zsuri-bejelentes/
7ca5cd04616488904cc3242c37dbbdab596d11bceb490385c2c3566cb0429ac2,2026-04-23 19:35:44.575619+00:00,hu,index.hu,index.hu,2026-04-23,"Megszüntetik a Metropol utcai terjesztését, a Mediaworks szerint a dolgozókat leköpték és lökdösték",https://index.hu/belfold/2026/04/23/mediaworks-metropol-utcai-terjesztes-megszuntetes-utcai-dolgozok-zaklatas/
d5cff08c3fbebeb9932216b56546d961c8620938d41e42666d9d63bb6a562cc9,2026-04-23 19:35:34.987730+00:00,hu,index.hu,index.hu,2026-04-23,Nem lehet bűnbakként tekinteni néhány emberre – közleményt adott ki az NB I-ből kieső DVTK,https://index.hu/sport/futball/2026/04/23/magyar-bajnoksag-nb-i-fizz-liga-dvtk-diosgyori-vak-kieses-klubkozlemeny/
8731530d39640567e0d0982f96a804cb4e5162986aef72b42f8460127178bcad,2026-04-23 19:35:30.230988+00:00,hu,index.hu,index.hu,2026-04-23,„Orbán Viktor már 2009-ben megjósolta a rendszere határait – most értünk el oda”,https://index.hu/belfold/2026/04/23/konkretan-csizmadia-balazs-politika-valasztas-magyar-peter-orban-viktor-jovo-mult/
17fd91b26550a1f9b7ab0de70695e67c4362a293300f36d334a4d06b199133e9,2026-04-23 19:35:25.946042+00:00,hu,index.hu,index.hu,2026-04-23,"Dobó Kata arra kérte Kádár L. Gellértet, hogy álljon le a gyúrással",https://index.hu/mindekozben/poszt/2026/04/23/dobo-kata-kadar-l-gellert-le-kell-allnia-a-gyurassal/
3a33ab9735c9799492fe85a56a9c57568f1813b0856c41ac1fc1bf1f0b290af9,2026-04-23 19:35:20.708828+00:00,hu,index.hu,index.hu,2026-04-23,"Felrobbant a tőzsde, miután a Wizz Air csődjére figyelmeztetett a Ryanair-vezér",https://index.hu/gazdasag/2026/04/23/wizz-air-reszveny-csod-ryanair-bet-tozsde/
ac27fca58f2484a454070583ac5bb81cc7ae122a0836dd93b80c9f9379c8c2e8,2026-04-23 19:35:15.833185+00:00,hu,index.hu,index.hu,2026-04-23,"Költöznie kell A mi kis falunk forgatásának, Pilisszentlélek lakói szavazáson döntöttek a produkció sorsáról",https://index.hu/mindekozben/poszt/2026/04/23/mi-kis-falunk-koltozes-pilisszentlelek-forgatas/
8484f4495bd8994671d5a634961648ef50dbf29e8e55d96b8d24f8b298c26d4e,2026-04-23 19:35:14.514542+00:00,hu,blikk.hu,blikk.hu,2026-04-23,Vége az olcsó sajtburgernek? Áremelésre készül a McDonald's az iráni háború miatt,https://www.blikk.hu/gazdasag/penz/aremeles-mcdonalds-irani-haboru/4jm8f9f
253fdca9200f3b62b982ae14f400027d02eb685ec47a50d41dbbe73e67ff0f91,2026-04-23 19:35:11.171475+00:00,hu,index.hu,index.hu,2026-04-23,444: bányafelügyeleti eljárás zajlik az Orbán család egyik cége ellen,https://index.hu/belfold/2026/04/23/orban-viktor-csalad-testver-orban-gyozo-sipos-erzsebet-banyafelugyelet-eljaras-tulajdonosok-ceg/
a0eb48a9e4842a111f671986bba85a9943181f938ed4c333aba89fb7743ac665,2026-04-23 19:35:05.188246+00:00,hu,index.hu,index.hu,2026-04-23,Félbeszakadtak a Mészáros Csoporthoz köthető Envirotisnál zajló felújítások az osztalékkifizetést követően,https://index.hu/gazdasag/2026/04/23/meszaros-csoport-envirotis-epuletfelujitas-munkalatok-tata-leallas-kivitelezes-munkadij/
396c2baf60f8efc15b2760298df6b7d49dc6996c38f472bf06dc905fd8a31a41,2026-04-23 19:35:01.430898+00:00,hu,index.hu,index.hu,2026-04-23,Jóváhagyták a Warner Bros. részvényesei a Paramount felvásárlását,https://index.hu/kulfold/2026/04/23/warner-bros-discovery-paramount-david-ellison-cnn-netflix/
e667fe86c7ac738e4a45848887a3d8333cfb7c367065ea4b8570e09a84d7bf87,2026-04-23 19:34:55.393180+00:00,hu,index.hu,index.hu,2026-04-23,Havas Henrik prosztónak nevezte Magyar Pétert,https://index.hu/belfold/2026/04/23/havas-henrik-ujsagiro-magyar-peter-tisza-part-interju-elutasitas-miniszterelnok/
da405cfc9e89330f413b3ca488330ec612e2f33850b3b8a74ea42926f85b1d7f,2026-04-23 19:34:34.031075+00:00,hu,index.hu,index.hu,2026-04-23,"Az Európai Ügyészség szerint Magyarországon múlik, hogy vádat emelnek-e Orbán Viktor ellen",https://index.hu/kulfold/2026/04/23/europai-ugyeszseg-csatlakozas-magyarorszag-europai-unio-orban-viktor-vademeles/
625950d43d904caa9d1f245b9a32fbf773a61dab93aabc0da0a054bd6cc4c6ca,2026-04-23 19:34:26.574648+00:00,hu,index.hu,index.hu,2026-04-23,"Villogott, büntetőfékezett, ütközés lett belőle, majd menekült az audis a Nagykőrösi úton",https://index.hu/belfold/2026/04/23/budapesti-autosok-buntetofekezes-nagykorosi-ut-m1/
ed5f270475edee8f031b1a3a3d7e34b960dc3768eca389775c56b087f74ab18b,2026-04-23 19:34:21.509753+00:00,hu,index.hu,index.hu,2026-04-23,Húsz helyszínen maradnak katonák a kritikus infrastruktúra védelmében,https://index.hu/belfold/2026/04/23/honvedelmi-miniszterium-kritikus-infrastruktura-vedelem-katonak-maradas-energiaugyi-miniszterium/
a133ba21ec570a869b867761fc0ecdb254a5e0062b2562f884c4335b2e1d527a,2026-04-23 19:34:16.944219+00:00,hu,index.hu,index.hu,2026-04-23,"Eurót ígért, de venezuelai bolívart adott több dunántúli városban egy bolgár férfi",https://index.hu/belfold/2026/04/23/tapolca-bolgar-ferfi-csalo-penzvalto-elfogas-euro-forint-venezuela-bolivar/
da775b0b5003a1ae51b4d2c3364686e779792364fdc1764e37f7e727dda55d64,2026-04-23 19:34:12.146175+00:00,hu,index.hu,index.hu,2026-04-23,Átfogó reformterv készült a magyar képzőművészet jövőjéről,https://index.hu/kultur/2026/04/23/vita-kulturalis-elet-kepzomuveszet-bejegyzes-kormanyvaltas/
56f1a61d29c43d32c45c911baff8d2f98586f9eeebc34d69cf4c188c53eb8bb9,2026-04-23 19:34:06.785601+00:00,hu,index.hu,index.hu,2026-04-23,"Képek, amelyek elmesélik a 2025-ös évet",https://index.hu/nagykep/2026/04/23/magyar-sajtofoto-palyazat-fotografia-fotopalyazat/
63108f409696c1be7ade16c6eaf1f460e4eb1cfbf7e6c7071b31a0674d1cac9f,2026-04-23 19:34:01.240829+00:00,hu,index.hu,index.hu,2026-04-23,"Fekete eső esik egy orosz városra, miután három napja lángol egy olajfinomító",https://index.hu/kulfold/2026/04/23/oroszorszag-fekete-eso-robbanas-tuz-olajterminal-katasztrofa-drontamadas-orosz-ukran-haboru/
da63250c50407b43689b0bb6483460db65108f732394fc8117e4ca221f870cfe,2026-04-23 19:33:56.176598+00:00,hu,index.hu,index.hu,2026-04-23,Nem minden vezetőnek hiányzik Orbán Viktor az informális EU-csúcsról,https://index.hu/kulfold/2026/04/23/europai-unio-ukrajna-ursula-von-der-leyen-antonio-costa-volodimir-zelenszkij-nyilatkozat-hitel-informalis-eu-csucs/
ffe81c3057f78ff50515c007e19d901526f2f6e0435c4f591fb28be62208d879,2026-04-23 19:33:47.115823+00:00,hu,index.hu,index.hu,2026-04-23,Szabó Bence szolgálati panaszt nyújtott be munkaviszonyának szabályellenes megszüntetése miatt,https://index.hu/belfold/2026/04/23/szabo-bence-kiallas-helsinki-bizottsag-jogvedelem-tisza-part-rendorseg/
8519c3ddfb3c612b011b49c4658def3d556c8a272f4986d47d55d0adf81f02b7,2026-04-23 19:29:55.229847+00:00,hu,blikk.hu,blikk.hu,2026-04-23,Hatalmas füsttel égett a hulladék Kecskeméten – videón az óriási tűz,https://www.blikk.hu/aktualis/belfold/kecskemet-tuz-hulladek/sd0cmkv
b71c6752dbbd6f19fc755223b76d4f9fa7d0edc117516a3b6ba4169b1f5dc438,2026-04-23 19:29:22.283516+00:00,hu,blikk.hu,blikk.hu,2026-04-23,A várnál hamarabb kerülhet Szoboszlai Dominikra a Liverpool csapatkapitányi karszalagja,https://www.blikk.hu/sport/kulfoldi-foci/szoboszlai-dominik-csapatkapitany-liverpool/ggd590s
8902a4143084a82439c523b4c03caacc700bb4bf3caef909c17951a8ccac7eab,2026-04-23 18:26:20.289312+00:00,hu,blikk.hu,blikk.hu,2026-04-23,Furcsa kéréssel fordult Dobó Kata Kádár L. Gellérthez: le kellene állnia le a gyúrással,https://www.blikk.hu/sztarvilag/hazai-sztarok/kadar-l-gellert-dobo-kata-edzes-film/wy1flq8
8807e4387df4a6da25049ffe49a0c35d909c515f292f24309bd8e7bc887a103a,2026-04-23 18:25:49.438913+00:00,hu,blikk.hu,blikk.hu,2026-04-23,"Lamine Yamal büntetőrúgás közben sérült meg, aggódik a Barcelona és Spanyolország – Videó",https://www.blikk.hu/sport/kulfoldi-foci/lamine-yamal-serules/hrs5l9q
2f18e96e0b6fdb1021c3eb94f2b7cf4e4b94b4a9cd0b9ca71021f5c1f06a78a4,2026-04-23 18:25:33.262206+00:00,hu,blikk.hu,blikk.hu,2026-04-23,"Kiderül, miért darabolta fel apját a pénzsóvár Előd",https://www.blikk.hu/aktualis/belfold/scherer-karoly-meggyilkolasa-darabolas-megszolal-fia/w1827mn
24b6bb9dc73e29492b21693bc5b734e718d95ef483ed8e0458f1ed71b6ae1b8f,2026-04-23 18:25:28.449375+00:00,hu,blikk.hu,blikk.hu,2026-04-23,A Blikk munkatársát is díjazták a 44. Magyar Sajtófotó Pályázaton,https://www.blikk.hu/galeria/44-magyar-sajtofoto-palyazat-zsolnai-peter-dijazott/90b6dn5
d5c439ece170e220b54339ae538d48f2beb33d3b20963ab21ddf04354f80fffd,2026-04-23 18:25:23.402873+00:00,hu,blikk.hu,blikk.hu,2026-04-23,"Kitálalt az MNB korábbi elnöke, Simor András szerint zsarolás áll a távozása mögött",https://www.blikk.hu/gazdasag/penz/simor-andras-zsarolas-magyar-nemzeti-bank-erste-atv-interju/lbdn85r
87949594de72ff395105db1e8d1972d92b45cc4d147805894b777db291ca5a9f,2026-04-23 18:25:18.445444+00:00,hu,blikk.hu,blikk.hu,2026-04-23,"Orosz Barbi újra a tévében? Megszólalt a visszatérésről: „Fontos a pihenés, de elég volt!”",https://www.blikk.hu/sztarvilag/hazai-sztarok/orosz-barbi-tv-visszateres/cp81zxl
c1a614dd527f2fb94050ae868ddf8dcf27e85c3f13433848896bd307d287bbbd,2026-04-23 18:25:14.034958+00:00,hu,blikk.hu,blikk.hu,2026-04-23,"""Nekem ez a gyógyulást jelenti"" – Ükunokája születése reményt adott Bangó Margitnak",https://www.blikk.hu/sztarvilag/hazai-sztarok/bango-margit-ukunoka-gyogyulas/gwn3tmg
091b3e087241fb5657ebd2280c3ea38390e6f736e0242f90005499a0d9ba8e8d,2026-04-23 18:25:08.908126+00:00,hu,blikk.hu,blikk.hu,2026-04-23,"Bejelentette az RTL az X-Faktor mentorait: kiderült, ki jön Tóth Andi helyére és egy nagy visszatérő is van",https://www.blikk.hu/sztarvilag/hazai-sztarok/x-faktor-mentorok-2025-solere-byealex/t0zhnq8
b6c1c901aaf94ffd10d57a702a27ebeee162d8f4175429b92bf8ba44a2fdc521,2026-04-23 18:25:03.776058+00:00,hu,blikk.hu,blikk.hu,2026-04-23,Új remény a szívbetegségek ellen: egy hétköznapi ásvány segíthet kitisztítani az ereket,https://www.blikk.hu/ferfiaknak/tech/szivbetegseg-arterias-plakk-asvany-kutatas/sy5px73
2bd66918a5d7f33217a1940ee8e2437eb2a2ebb9a707e98e13a777217cecf8a8,2026-04-23 18:24:59.323133+00:00,hu,blikk.hu,blikk.hu,2026-04-23,„Mi tényleg egyek vagyunk” – Fenyő Miklós gyermekei édesapjukra emlékeznek,https://www.blikk.hu/sztarvilag/hazai-sztarok/fenyo-miklos-gyermekei-emlek-koncert/0410qjx
c804c18fcfa716e0ba9f9874557b2585d5fd6d96391b1466d77b1eb0ca4550af,2026-04-23 18:24:44.782978+00:00,hu,blikk.hu,blikk.hu,2026-04-23,„Sosem akartam tökéletesnek látszani” – így látja új feladatát a Heti Hetesben Fancsikai Eszter,https://www.blikk.hu/sztarvilag/hazai-sztarok/heti-hetes-fancsikai-eszter-rtl-tartalomgyarto-heti-hetes/7np2vd8
2cc7f2fed7cb4556e80eb8f3a630ab7d836d82a4ec780f1e27354ca6cd0bf95b,2026-04-23 18:23:57.629771+00:00,hu,blikk.hu,blikk.hu,2026-04-23,"Állatkínzás: szirti sassal vadászott házi macskákra egy férfi, majd végig nézte a kegyetlen haláltusájukat",https://www.blikk.hu/aktualis/belfold/allatkinzas-szirti-sas-macska-megolte-vadaszat/ggmtqgc
e9927a9887e074ff77264249c06e740f98a1f1ed08a6e441c9969f601601d63c,2026-04-23 18:17:15.858296+00:00,hu,blikk.hu,blikk.hu,2026-04-23,"Hatalmas bejelentést tett az R-GO, nyáron újra felcsendül Fenyő Miklós hangja: itt vannak a részletek!",https://www.blikk.hu/sztarvilag/hazai-sztarok/rgo-szikora-robert-fenyo-miklos-margitsziget/45hgyhw
8b678b453c297800268d2beccaab917ae5b8cf63dd8e770483464d3246ee4d0c,2026-04-23 18:17:10.655579+00:00,hu,blikk.hu,blikk.hu,2026-04-23,"Tomán Szabina elárulta, mi fájt legjobban tavaly",https://www.blikk.hu/sztarvilag/hazai-sztarok/toman-szabina-vallomasa/brx30k7
ac8a6ecd79e5d1f37bde74d6e5a3eae2c03e84f8c98b4f8828b8da50ac01ca99,2026-04-23 18:17:01.191660+00:00,hu,blikk.hu,blikk.hu,2026-04-23,"Orbán Viktor már nem, Magyar Péter még nem vesz részt a ma kezdődő EU-csúcson",https://www.blikk.hu/aktualis/kulfold/eu-csucs-nicosia-ciprus-orban-viktor-magyar-peter/chc2bpy
4f8da2ca4d335479d3e02ef4f6b50dc5d5282b92bf68670a573b7844f6a95e7b,2026-04-23 18:16:45.968977+00:00,hu,blikk.hu,blikk.hu,2026-04-23,Magyar Péter újabb minisztereket jelent be: most már az oktatási miniszter kilétére is fény derül,https://www.blikk.hu/politika/magyar-politika/oktatasi-miniszter-bejelentes-tisza-part/cwvzxxg
7a03bc6152ee998a0e9245b68583f9996b97add0fce5c5b08966097b2196cacd,2026-04-23 18:16:12.311941+00:00,hu,blikk.hu,blikk.hu,2026-04-23,"Időközi választást kell tartani Sárváron, ahol a független Magyar Péter is indult",https://www.blikk.hu/politika/magyar-politika/idokozi-valasztas-vas-varmegye-sarvar-strompova-viktoria-magyar-peter/sbhrg3w
67b90f543f893154b8aaa6ceb4eb79946d16afec36aecab3f604886b5fc7b2b9,2026-04-23 18:16:05.614845+00:00,hu,blikk.hu,blikk.hu,2026-04-23,"Az air fryer tisztításának legegyszerűbb módja: keverje össze ezt a 2 hozzávalót, és a makacs zsír egyszerűen eltűnik",https://www.blikk.hu/eletmod/tippek/air-fryer-tisztitasa/6s8znds
95f7e173465f6152318cd7529b8aa6299259b16667cb9070cc443890b04b5080,2026-04-23 18:16:01.188724+00:00,hu,origo.hu,origo.hu,2026-04-23,„Mindhalálig tisztelni fogom” – Schobert Norbi megható sorokkal búcsúzik Orbán Viktortól,https://www.origo.hu/itthon/2026/04/schobert-norbi-orban-viktor-vallomas-bucsu
f85004704e9113562a3a4d28f695fdf2d9efa7efae164e93b3e758f0f467aeaf,2026-04-23 18:04:14.613928+00:00,hu,index.hu,index.hu,2026-04-23,"Ahol eddig csak büntettek, ott most a Tisza Párt rendet tehet",https://index.hu/kultur/2026/04/23/tisza-part-konyv-konyves-szakma-kulturalis-finanszirozas-magyar-irodalom-parbeszed/?utm_source=hirstart&utm_medium=referral&utm_campaign=ct
c78289ed4119d9b7388717cd5379089417c379da684d52b22638f14153d6c306,2026-04-23 17:58:22.484472+00:00,hu,origo.hu,origo.hu,2026-04-23,"Valami kiderült a fehér fogakról, ami sokaknak nem fog tetszeni",https://www.origo.hu/tudomany/2026/04/fog-feher-egeszseges
bd083cf68fe1672cb145706e747a6a6309e164ee93347d65808cff65cee0dcec,2026-04-23 17:58:16.091323+00:00,hu,origo.hu,origo.hu,2026-04-23,Szijjártó Péter mindent elmondott – élő interjúban reagált a durva vádakra,https://www.origo.hu/belpol/2026/04/szijjarto-peter-igazsagtalan-itelik-orban-viktor
318de36cfd7da360a2d72cf1a4a6465eed4f469c830cb69e8f77b97300b5d1b9,2026-04-23 17:58:04.661283+00:00,hu,origo.hu,origo.hu,2026-04-23,Kórházba szállították Nicole Kidmant,https://www.origo.hu/nagyvilag/2026/04/nicole-kidman-korhaz-forgatas
bdfb5dad0989cf16c54c7e9d8f92abf944381860657ae5009377c0c4be19fa5b,2026-04-23 17:57:59.705179+00:00,hu,origo.hu,origo.hu,2026-04-23,Jön az elkerülhetetlen: kettészakad a kontinens,https://www.origo.hu/tudomany/2026/04/kelet-afrikai-arokrendszer-menten-meglepo-ami-tortenik
b2a8b7a5a81dfefe255380736fac037f1631307e97eb8bb6f141b08e7e60ec6b,2026-04-23 17:57:39.267109+00:00,hu,origo.hu,origo.hu,2026-04-23,Megtörtént a lehetetlen: visszafordították az időt,https://www.origo.hu/tudomany/2026/04/ido-visszaforditas-kvantummechanika
4b0c4dfe27af74b0757bf4cdb48c26a996fee40fba73462498356979ab66a1c3,2026-04-23 17:57:34.247637+00:00,hu,origo.hu,origo.hu,2026-04-23,Kidobott pénz az okosóra? Ezekben a dolgokban téved,https://www.origo.hu/tudomany/2026/04/okosora-meresei-sokszor-pontatlanok-vagy-csak-becslesek
bd34cb6ea7c74e4b2272d17b8a9b9bb63531b564a9f7b621ea80f71832483019,2026-04-23 17:57:29.270923+00:00,hu,origo.hu,origo.hu,2026-04-23,Új áttörés a depresszió kutatásában: ezt találták az agyban,https://www.origo.hu/nagyvilag/2026/04/depresszio-biologiai-okai-agysejtek-mukodese
195b05593dc890162d0809eff3cf964f4e248ff223a7a3287b615a1007d51524,2026-04-23 17:57:24.211788+00:00,hu,origo.hu,origo.hu,2026-04-23,Megtalálta Bodó Richárd utódját a Pick Szeged,https://www.origo.hu/sport/sport-csapat/2026/04/pick-szeged-bodo-richard-kezlabda-atigazolas
0a9b6a9b63d0d32f5a3a8c31568805c1e1c24f3c0c602806938f780e705296f6,2026-04-23 17:57:19.292582+00:00,hu,origo.hu,origo.hu,2026-04-23,Kiakadt a Real Madrid edzője: José Mourinhót és Julia Robertset is szóba hozta,https://www.origo.hu/sport/sport-futball/2026/04/real-madrid-mbappe-mourinho-julia-roberts
080a5141c28cd6414c1c1c534cf1ade98e93b6bc7eda7726f2a65f15f1bffecb,2026-04-23 17:57:14.984573+00:00,hu,origo.hu,origo.hu,2026-04-23,"Az indiai filmsztár, Tamannaah Bhatia olyan, akár egy szobor, akit márványból faragtak – mutatjuk a lenyűgöző fotóit",https://www.origo.hu/foto/2026/04/tamannaah-bhatia-galeria
12b2685154d0f5328f400777cbf616cbd63cb19a0b27340a1bd9a38b898ed9e1,2026-04-23 17:57:09.274423+00:00,hu,origo.hu,origo.hu,2026-04-23,Kiderültek a borzalmas részletek: így kínozta halálra csecsemőjét a békési apa,https://www.origo.hu/kek-hirek/2026/04/csecsemogyilkos-bekesi-apa-targyalasa
6144f0450d6dc89ab13fb4c4def3aeacb3eee9e85648f62d496685c64418510c,2026-04-23 17:57:04.878059+00:00,hu,origo.hu,origo.hu,2026-04-23,"A portugál színésznő, Daniela Melchior igéző szemekkel és a vadító melleivel hódít – szexi galéria",https://www.origo.hu/foto/2026/04/daniela-melchior-galeria
dd17f2da5e666884ddff75e541e30acbdeab2b5bd52c7d96d8995c5bb5b3617c,2026-04-23 17:56:59.873539+00:00,hu,origo.hu,origo.hu,2026-04-23,Megérkeztek a képek az M43-as autópályán kiégett kamionról – videó,https://www.origo.hu/kek-hirek/2026/04/kamion-autopalya-m43-tuz
b38c78d810cd8c99b88042777f96a4f83f000d3ab8213fb65771d24ed4a8f1d4,2026-04-23 17:56:47.932142+00:00,hu,origo.hu,origo.hu,2026-04-23,Ugyanaz a recept: a Tisza Párt a 2002-es mintát veszi elő,https://www.origo.hu/belpol/2026/04/tisza-part-a-2002-es-mintat-veszi-elo-recept-orban
20a9b2716bf324fa866f7b6523e4f45773d9d6ed255f97ccd196bbe39df440dd,2026-04-23 17:56:42.288989+00:00,hu,origo.hu,origo.hu,2026-04-23,A Barátság kőolajvezeték csodálatos gyógyulásának körülményeiről beszél hamarosan Bóka Jánosa Hír TV-ben,https://www.origo.hu/belpol/2026/04/boka-janos-hir-tv-baratsag-kooljavezetek
ee1b7bfaa29038bce2540ee69903876e1589be86ac8e638c7ef8cc060d8455a0,2026-04-23 17:56:26.378972+00:00,hu,origo.hu,origo.hu,2026-04-23,Tavaszi forróság a hálószobában: ezek a pózok teljesen felrázzák a szexuális életét,https://www.origo.hu/nagyvilag/2026/04/szexpozok-parkapcoslat-erotika-intimitas
a420dfed2869f153fb335aeeb536353962730c4c56e7b6fe86e48148f63507cb,2026-04-23 17:56:22.113586+00:00,hu,origo.hu,origo.hu,2026-04-23,A gyönyörű színésznő-modell Fernanda Motta őrjítően dögös fürdőruhás képekkel hódít – képgaléria,https://www.origo.hu/foto/2026/04/fernanda-motta-galeria
30790b81bd9d1f1d1728088a0c9b26b0f42867b6f34e7ddd1a6209a208a732bd,2026-04-23 17:56:07.316923+00:00,hu,blikk.hu,blikk.hu,2026-04-23,"Retteghetnek a tinik? A szülők mostantól láthatják, miről beszélgetnek a mesterséges intelligenciával",https://www.blikk.hu/ferfiaknak/tech/meta-szulok-tinedzser-felugyelet-mi-mesterseges-intelligencia/dkxcezm
a8312576a871a54a6c56c5ec716cfa35207e3ef6f1cd390e93158a59efe5c716,2026-04-23 17:56:02.358038+00:00,hu,blikk.hu,blikk.hu,2026-04-23,"Bejelentették, ki lesz a Megasztár egyik zsűritagja: ezt üzente",https://www.blikk.hu/sztarvilag/hazai-sztarok/herceg-erika-megasztar-zsuritag-mester-bejelentes/gyndycy
946f962a33e13dd0a1613a22646124ff2151f66b654fd0a70b6c8d4ad6915eb9,2026-04-23 17:36:40.123887+00:00,hu,blikk.hu,blikk.hu,2026-04-23,"Azok a gyerekek, akik a szüleikkel alszanak, gyakran 10 ritka tulajdonságot fejlesztenek ki",https://www.blikk.hu/eletmod/lelek/gyerekek-szuleikkel-alszanak/8jd38vz
843277993aa6eec7cf904de65effecac24876eff2d0a5854e14698ff121012b2,2026-04-23 17:36:10.979812+00:00,hu,blikk.hu,blikk.hu,2026-04-23,Ezek a magyar sztárok meglepően rövid házasságokat éltek meg,https://www.blikk.hu/sztarvilag/hazai-sztarok/magyar-sztarvalasok-rovid-hazassagok/47z47l6
1c1eb95551d549587f1663c9911caca1be0938328e70dd3e93ff383ef479450c,2026-04-23 17:35:54.676000+00:00,hu,blikk.hu,blikk.hu,2026-04-23,Babahintába verte halála előtt ikerlánya fejét Emánuel,https://www.blikk.hu/aktualis/belfold/kulonos-kegyetlenseg-babahinta-gyerekgyilkos/2qxvxkb
b63f39f4ff9261e5c74de022dc8b7014b0d26e98f16011a3fd9c140fcb75ff7a,2026-04-23 17:35:33.610215+00:00,hu,blikk.hu,blikk.hu,2026-04-23,"Emilio elsírta magát, amikor találkozott az unokájával – videón a megható pillanat",https://www.blikk.hu/sztarvilag/hazai-sztarok/emilio-unoka-talalkozas/smqf0hv
4995cf8962e4275dfbedd687507acbb60f54694770b23aa11afe29ee942b95f6,2026-04-23 17:34:31.967179+00:00,hu,blikk.hu,blikk.hu,2026-04-23,"Havas Henrik durván kiakadt Magyar Péterre: ""Nagy prosztó csávó ez""",https://www.blikk.hu/sztarvilag/hazai-sztarok/havas-henrik-magyar-peter-orban-viktor-interju/60dfkb1
f8fd83310369a0540d1a78d0361a476364228c72fd812b5759fa3c3343f60702,2026-04-23 17:21:37.099329+00:00,hu,blikk.hu,blikk.hu,2026-04-23,"Dobó Kata vallomása: ""Néha a testem konkrétan összegyűrődik”",https://www.blikk.hu/sztarvilag/hazai-sztarok/dobo-kata-szineszno-lemerules-feltoltodes/47fnbxd
8f8bc4301762ea386537e74429ec3751e351305355e3aa71460264c893ae6253,2026-04-23 17:21:29.805936+00:00,hu,blikk.hu,blikk.hu,2026-04-23,Trump radikális lépésre utasította katonáit,https://www.blikk.hu/aktualis/kulfold/hormuzi-szoros-donald-trump-parancs-csonakok/71f0e42
c802d38537e4dee755cb163af472fc20ba826ad197b11819ee363dad9c4a3882,2026-04-23 17:21:10.821069+00:00,hu,blikk.hu,blikk.hu,2026-04-23,"Kiszivárgott a dátum, már csak hónapok választják el Dua Lipát az álomesküvőtől: itt áll majd az oltár elé!",https://www.blikk.hu/sztarvilag/nemzetkozi-sztarok/dua-lipa-callum-turner-eskuvo-palermo/7qd44h8
23dff641fe2f30737058e31740f8c282d2c8eb275c925138e4c29f843aee4e3d,2026-04-23 17:20:55.623249+00:00,hu,blikk.hu,blikk.hu,2026-04-23,Meghalt Slemmer Ferenc,https://www.blikk.hu/sport/meghalt-slemmer-ferenc-magyar-orszagos-horgasz-szovetseg-mohosz/jfmfnx9
cc4c996d2bacbbd11a25cf47025c5b19bec8d982c76b99ab0fb28e85be720e12,2026-04-23 17:20:23.832197+00:00,hu,blikk.hu,blikk.hu,2026-04-23,A Való Világ sztárja maffiózó családban nőtt fel,https://www.blikk.hu/sztarvilag/hazai-sztarok/vv-sajti-maffia-csalad/r6w7klb
ceab4585c81bf7269089ae615cdf3944ba057ab83716b100e516f539a50dd3e3,2026-04-23 17:20:11.527758+00:00,hu,blikk.hu,blikk.hu,2026-04-23,"Visszatér a Lada? Itt az új modell, ami mindent megváltoztathat",https://www.blikk.hu/auto/lada-azimut/j24666v
9662d9eb60f9508d6a1c352a791682119b1c2e6891cc145f2503d1fe9f5f74b6,2026-04-23 16:22:52.040657+00:00,hu,origo.hu,origo.hu,2026-04-23,Menetrendváltozást jelentett be a Forma-1 a Miami Nagydíjra,https://www.origo.hu/sport/f1/2026/04/forma-1-miami-nagydij-elso-szabadedzes-idopont
a96e7475bd64906a74fd1b6d75e1f958b3570866b7f22272063da0aa72d40775,2026-04-23 16:22:46.765271+00:00,hu,origo.hu,origo.hu,2026-04-23,Szenzációs magyar siker a madridi tenisztornán: Gálfi Dalma legyőzte az orosz sztárjátékost,https://www.origo.hu/sport/sport-egyeni/2026/04/galfi-dalma-madridi-tenisztorna-szenzacio
73737f654782cea2abae86881723e910e22cd9b1a0e0e559d9b1184665799170,2026-04-23 16:22:42.037349+00:00,hu,origo.hu,origo.hu,2026-04-23,"Előkerült a férfi, akiről azt feltételezték, hogy titkos szenvedélye miatt tűnhetett el",https://www.origo.hu/kek-hirek/2026/04/eltunt-ferfi-elokerult-tiszaug-urbex
f115144a859b44d2c185175173a2e5120787a8591558713abf9d12a95b87c69e,2026-04-23 16:22:37.291883+00:00,hu,origo.hu,origo.hu,2026-04-23,"Hazai gyógyvizes fürdők, amelyek különösen kedvező árakat kínálnak a nyugdíjas vendégek számára",https://www.origo.hu/gazdasag/2026/04/furdok-amelyek-kulonosen-kedvezo-arakat-kinalnak
07381002262dc9e50a2d941b68ecd45a72f22196d011cff8b0e8c5ec12d63591,2026-04-23 16:22:29.606650+00:00,hu,origo.hu,origo.hu,2026-04-23,Halálos medvetámadás rázta meg Lengyelországot,https://www.origo.hu/nagyvilag/2026/04/medvetamadas-halalos-aldozat-lengyelorszag
27e76e234fc5bf910f5693a9d855e7cd123931e1c7725c2bbd10c0b410f25d1a,2026-04-23 16:22:24.076518+00:00,hu,origo.hu,origo.hu,2026-04-23,Gyűlnek a felhők az euróövezet felett – az energiaválság térdre kényszerítheti az uniós gazdaságok elitjét,https://www.origo.hu/gazdasag/2026/04/energiakrizis-eurozona-imf-s-es-p-global-kelet-azsia
7ac18b9639b9d4ebadad28a22d5d16be87b91c02ba0eb58334301199f683bcf0,2026-04-23 16:22:19.624281+00:00,hu,origo.hu,origo.hu,2026-04-23,Gránátalma helyett igazi gránát „termett” egy nyíregyházi kertben,https://www.origo.hu/kek-hirek/2026/04/granat-kert-nyireghaza-robbanoszer
a0a40c820cfbeebcf8e5170c99b4a6938ebdc869580b954b349a9d13dcd7b9bd,2026-04-23 16:22:13.901400+00:00,hu,origo.hu,origo.hu,2026-04-23,Megrázó fotók érkeztek az 53-as főúton történt halálos balesetről,https://www.origo.hu/kek-hirek/2026/04/baleset-halalos-53-as-fout-kamion-auto
4567bccd082c8c9443ca161a9b842e1fb00473bb7e4b623e38bd945f8c4c526f,2026-04-23 16:22:09.786328+00:00,hu,origo.hu,origo.hu,2026-04-23,"Usain Bolt figyelmeztette azt a csodatinit, aki a rekordjaira pályázik",https://www.origo.hu/sport/sport-egyeni/2026/04/usain-bolt-gout-gout-200-meter-rekord-olimpia
bb9d3c389bcae3fe0a4901b6463143a5f3445d0938753123ccb2b5d06c979f12,2026-04-23 16:22:04.041087+00:00,hu,origo.hu,origo.hu,2026-04-23,Arina Szabalenka felrobbantotta az internetet hálóinges képeivel – galéria,https://www.origo.hu/sport/sport-laza/2026/04/szabalenka-fotozas-dogos-kepek
e97b7183d907502a571cb75feb6649b7957d8e125873bb3b4a3b5a023a1d9868,2026-04-23 16:21:59.025870+00:00,hu,origo.hu,origo.hu,2026-04-23,"Kirakta formás melleit a bemutatón Charlize Theron, ettől leesik az álla",https://www.origo.hu/nagyvilag/2026/04/charlize-theron-mell-bemutato-apex
87ec83192bb73ffc7288484ee1369f9f68b48f23376a6ff2eb2ed0d2e25f29f3,2026-04-23 16:21:54.694658+00:00,hu,origo.hu,origo.hu,2026-04-23,"Borotvaéles balták, elképesztő tempó: visszatér Magyarországra a világ egyik legdurvább versenye",https://www.origo.hu/itthon/2026/04/favago-verseny-stihl-budapest
9610375d8d0c49140f64f52d01489b48597df03c2621df3d90fa53a36cefb9a5,2026-04-23 16:21:49.009000+00:00,hu,origo.hu,origo.hu,2026-04-23,"Megszületett a döntés: milliárdok Ukrajnának, újabb szankciók Oroszország ellen",https://www.origo.hu/kulpol/2026/04/szankcio-oroszorszag-tamogatas-ukrajna
088897967b87053fd95cfadff7b8a73f20d6a64443dc4de8a1136fd6370d5737,2026-04-23 16:21:44.452782+00:00,hu,origo.hu,origo.hu,2026-04-23,Rá sem ismerni: így él ma a '90-es évek szívtiprója,https://www.origo.hu/nagyvilag/2026/04/john-hendy-east-17-enekes-tetofedo
50c1687b44e5a43d3b35b3fc0d4d0d1d94f7013dd4d66c2f493e46175dc2ab2d,2026-04-23 16:21:28.011040+00:00,hu,origo.hu,origo.hu,2026-04-23,Ilyen nincs: elszabadult a befogott rém – újra vészhelyzet van a szellemhajó miatt,https://www.origo.hu/gazdasag/2026/04/lng-tanker-szellemhajo-arctic-metagaz
afbbee66624f1470aa01bb2e6689ebd0dde857dcb793ff99b554955ff465b6b6,2026-04-23 16:21:10.765849+00:00,hu,origo.hu,origo.hu,2026-04-23,A Real Madrid két sztárjátékosának szezonja is véget ért,https://www.origo.hu/sport/sport-futball/2026/04/real-madrid-hirek-arda-guler-eder-miliato-serules
213fc9ed382e17be76c66c444c4f0870e7884fcdc552f95a65cbff2373613e88,2026-04-23 16:20:56.873913+00:00,hu,origo.hu,origo.hu,2026-04-23,Itt az időpont! Ekkor lehet EU-tag Ukrajna – ez durva,https://www.origo.hu/belpol/2026/04/mar-jovore-az-europai-unio-tagja-lehet-ukrajna
a70940c347cb037827ad4733453bfa8703af2a551f4a9b959090ad7afab35d0e,2026-04-23 16:20:45.474998+00:00,hu,origo.hu,origo.hu,2026-04-23,"Lassan teljesen eltűnik a föld színéről a főváros egyik ikonikus épülete, befejezéséhez közeledik a bontás",https://www.origo.hu/gazdasag/2026/04/korszallo-bontas
e45456a75f273db8ec6a06e272e71470c3227531ec7ef482ad37107bda7eaf41,2026-04-23 16:12:22.769711+00:00,hu,index.hu,index.hu,2026-04-23,A Barcelona bejelentést tett Lamine Yamal sérülésével kapcsolatban,https://index.hu/sport/futball/2026/04/23/spanyol-bajnoksag-laliga-barcelona-lamine-yamal-serules-vilagbjanoksag-el-clasico/
7ab257c7f001996c815e8b38e77ef5e74d6823b31a4d120510086dfec02d1926,2026-04-23 16:12:17.728624+00:00,hu,index.hu,index.hu,2026-04-23,Eltűnt a YouTube-ról a virális Gajdics-videó szerzői jogi bejelentés miatt,https://index.hu/belfold/2026/04/23/gajdics-otto-valasztas-2026-viralis-video-tango-kognitiv-disszonancia-eltunt-szerzoi-jog/
e4bad2f19fca54ce9c8ee050a62f0091366248b98bb8dacf7d24ec465f7215fe,2026-04-23 16:12:14.004001+00:00,hu,index.hu,index.hu,2026-04-23,Reagált a Magyar Nemzeti Bank Simor András és az Erste vádjaira,https://index.hu/gazdasag/2026/04/23/simor-andras-mnb-magyar-nemzeti-bank-erste-reakcio-bankfelugyelet/
af96dce0dd2eae5ebc03ccdd3cee96fd08a2dca6ec534dfd704bf1ae72baee42,2026-04-23 16:12:07.739920+00:00,hu,index.hu,index.hu,2026-04-23,Szomorú számok: 14 millióval fizetnek többet a magyarok egy lakáshitelért,https://index.hu/gazdasag/2026/04/23/lakashitel-hitelpiac-hitelkamat-kamat-alapkamat-euro-forint-euro-bevezetese/
af2e474414c09b3108dd6202053938952979202141186723932e3e99c142de04,2026-04-23 16:12:02.884749+00:00,hu,index.hu,index.hu,2026-04-23,"„Nem voltam NER-es, talán kétszer találkoztam vele” – Schobert Norbert öleléssel búcsúzott Orbán Viktortól",https://index.hu/belfold/2026/04/23/schobert-norbert-orban-viktor-miniszterelnok-bucsu-video-rubint-reka-tisza-part/
21fdb32f0f7fdadb69eca898c7dc9b1419baa340bd502d44af63956656ad3d3f,2026-04-23 16:11:58.004278+00:00,hu,index.hu,index.hu,2026-04-23,Orbán Viktor nélkül tárgyalnak fontos témákról a tagállamok vezetői,https://index.hu/kulfold/2026/04/23/europai-unio-europai-tanacs-informalis-eu-csucs-kozel-kelet-ukrajna-haboru-koltsegvetes-targyalas/
10c6c50b554358bcbc13c85b7b5d9ad82fd95dab70d1e553238d2054411bd85c,2026-04-23 16:11:52.955890+00:00,hu,index.hu,index.hu,2026-04-23,"Marozsán Fábián visszavágott amerikai riválisának, továbbjutott a madridi mestertornán",https://index.hu/sport/tenisz/2026/04/23/atp-1000-madrid-1.-fordulo-marozsan-fabian-ethan-quinn/
c6894311e220b8ef8e265669ab72a8b0455f81a77f77f6fd9a4b55f2ba771a48,2026-04-23 16:11:47.754106+00:00,hu,index.hu,index.hu,2026-04-23,Matolcsy György reagált az Erste által kirobbantott jegybankbotrányra,https://index.hu/gazdasag/2026/04/23/matolcsy-gyorgy-reakcio-simor-andras-mnb-magyar-nemzeti-bank-erste-jegybank-elnok/
899d4afc16bd45f26fd08a3d9ceaac4f47af5bef39671eaff7a9692e1223d586,2026-04-23 16:11:42.941300+00:00,hu,index.hu,index.hu,2026-04-23,Erről egyeztetett Magyar Péter a 15 gimnázium igazgatójával,https://index.hu/belfold/2026/04/23/rubovszky-rita-magyar-peter-oktatas-egyeztetes-gimnazium-igazgatok-horvath-peter-nemzeti-pedagogus-kar/
7510ceba85bf382aa83b52f82eac9be9e09fe887a539d5c44f0b3526d1a636aa,2026-04-23 16:11:37.845892+00:00,hu,index.hu,index.hu,2026-04-23,Meghalt egy nő medvetámadásban,https://index.hu/kulfold/2026/04/23/lengyelorszag-medvetamadas-halalos-aldozat-meghalt-no/
f5ec38165ccc112571b50842d74994d31bfa47ce0b1d4b74c984a22e7bd062ae,2026-04-23 16:11:33.028594+00:00,hu,index.hu,index.hu,2026-04-23,"Az élet olyan sztorit írt, amit még Hollywood is visszadobott volna, hogy túl giccses lenne",https://index.hu/sport/amerikaifutball/2026/04/23/nfl-2026-draft-1-1-fernando-mendoza-eletut-portre-las-vegas-raiders-ncaa-bajnoki-cim-indiana-hoosiers/
9529cf5382e479fd4648aefe2986588d4d57905d84ce497b684105df86a31fdf,2026-04-23 16:11:27.949037+00:00,hu,index.hu,index.hu,2026-04-23,Poénból rongált meg egy turista egy reneszánsz szobrot Firenzében,https://index.hu/kulfold/2026/04/23/firenze-turistabotrany-neptunusz-szokokut-karokozas-turista-poen-hecc/
bcc02b4850d9ba8a00f4bb16b8b580226478e4dcfda6f0ee486564b58c4cf1bb,2026-04-23 16:11:22.925713+00:00,hu,index.hu,index.hu,2026-04-23,"Magyar Péter megerősítette, megnyitják az ügynökaktákat",https://index.hu/belfold/2026/04/23/ruff-balint-magyar-peter-tisza-part-ugynokaktak-megnyitas-tisza-kormany/
2ee0f19cf834ef830c2ac9c0146e9979b4b114711b31ee9f31ec94a67a50f5c5,2026-04-23 16:11:18.397039+00:00,hu,index.hu,index.hu,2026-04-23,"Lajos herceg 8 éves lett, friss fotó került ki róla az Instagramra",https://index.hu/mindekozben/poszt/2026/04/23/lajos-herceg-szuletesnap-friss-foto-instagram-brit-kiralyi-csalad/
9cf29e8954463b791ef81efec56ed0980655a46251730e8685e5a98623fc488b,2026-04-23 16:11:09.016655+00:00,hu,index.hu,index.hu,2026-04-23,„Rettegtek a fentről érkező parancsoktól” – kitálalt a közmédia volt munkatársa,https://index.hu/belfold/2026/04/23/kozmedia-mtva-m1-hirado-ujsagiro-riporter/
327732fc90c168b963189dbd04a164bbe66e868105c14d6f39bd7cedfadea575,2026-04-23 16:10:48.958247+00:00,hu,index.hu,index.hu,2026-04-23,Mellkason lőtte tanítványát az egykor elismert olimpikon,https://index.hu/fomo/2026/04/23/michael-barisone-lauren-kanarek-dijlovaglas-loves-netflix-dokumentumfilm/
1f01e42f3503b9227dbf163bb232b70f4ae2ca7b1e4411a582690502576926f5,2026-04-23 16:10:38.995987+00:00,hu,index.hu,index.hu,2026-04-23,Elindulhat Magyarország első LMBTQI tematikájú tévécsatornája,https://index.hu/kultur/2026/04/23/szivarvany-tv-lmbtqi-televizios-csatorna-homoszexualitas-tartalom-nmhh/
3199e4a92b2e97bcee92bebdf5eb50fab337559cbe0ca78a7168680c4b7f3a60,2026-04-23 16:10:33.714050+00:00,hu,index.hu,index.hu,2026-04-23,"Az Európai Tanács jóváhagyta, Ukrajna megkapja a 90 milliárd eurós támogatást",https://index.hu/kulfold/2026/04/23/ukrajna-tamogatas-europai-unio-tanacs-antonio-costa-szankciok-jovahagyas/
fb2fc5a60d577f647e918218b3edca961c702a94d38ced41182c5415ac50992d,2026-04-23 16:10:28.954738+00:00,hu,index.hu,index.hu,2026-04-23,Kizárólag Mexikóban honos egzotikus lényt találtak egy walesi patakban,https://index.hu/tudomany/2026/04/23/dippy-axolotl-wales-patakban-talaltak/
ff9988c70fb0543e54fef3afab2036335848533319d2b4ce208d5f9f41752875,2026-04-23 16:10:23.566942+00:00,hu,index.hu,index.hu,2026-04-23,"Bűnügyi vizsgálatot indítottak az OpenAI ellen, miután a ChatGPT tanácsokat adott egy merénylőnek",https://index.hu/kulfold/2026/04/23/egyesult-allamok-openai-chatgpt-florida-egyetem-lovoldozes/
17a2778dae8b539fa7b902dbb3d6a84a7c701793303b0d3c66f637850e5006c5,2026-04-23 16:10:18.955940+00:00,hu,index.hu,index.hu,2026-04-23,"Ketyeg az óra, hamarosan új korszak jön a magyar fizetésekben az EU miatt",https://index.hu/belfold/2026/04/23/nemek-kozotti-egyenloseg-berezes-unios-iranyelv-jalsovszky-ugyvedi-roda/
de77e2bcfb2ff4c5aac8533bb105c7995048c26a12337dac0bc2aa34870ba2c0,2026-04-23 16:10:14.084642+00:00,hu,index.hu,index.hu,2026-04-23,Charlize Theron felső nélkül jelent meg új filmje premierjén,https://index.hu/mindekozben/poszt/2026/04/23/charlize-theron-foto-meresz-dekoltazs-dior/
c10fdb2efce90ec30a4623333f350b6fc82a14bbd36108c4f5d3a3f9586a9ea6,2026-04-23 16:10:08.171094+00:00,hu,index.hu,index.hu,2026-04-23,"Adrenalinfüggők a Városligetben, ínyenceknek való extrém sportban bizonyíthatnak júniusban honfitársaink",https://index.hu/sport/2026/04/23/stihl-timbersports-kutatas-world-trophy-nemzetkozi-favago-verseny-varosliget-urban-adam-strubel-bence/
8f9562f6d863605d8bedaeeeede3580df8daf85da276e300ce2bbcca00637839,2026-04-23 16:09:49.265089+00:00,hu,index.hu,index.hu,2026-04-23,"Fejszével őrjöngött egy férfi az utcán, még a rendőrautóba is belevágta fegyverét",https://index.hu/kulfold/2026/04/23/rendorseg-romania-fejsze-tamadas-orjonges-pszichiatria/
f3449c33260a56ce45ed8f8396e8fd1c6802142b69e7a43ad88c6dd2bacf7ed5,2026-04-23 16:09:45.317456+00:00,hu,index.hu,index.hu,2026-04-23,Börtönbüntetést kaptak az izraeli katonák a Krisztus-szobor szétveréséért,https://index.hu/kulfold/2026/04/23/bortonbuntetes-krisztus-szobor-feszulet-izraeli-katonak-kalapacs/
af942eacd16598eebbdd82bb26d8a0b14936315bf015187a252127c586eead5f,2026-04-23 16:09:19.668589+00:00,hu,blikk.hu,blikk.hu,2026-04-23,Klublegendát gyászol Tóth Balázs csapata,https://www.blikk.hu/sport/kulfoldi-foci/meghalt-tony-parkes-blackburn-rovers-toth-balazs/zck3fzr
a1822e16da4d2c335db0a470c54523b647e96db3e0d5c7974af7ebddba0957e0,2026-04-23 16:09:11.182350+00:00,hu,blikk.hu,blikk.hu,2026-04-23,"Szijjártó Péter titokban küzdött súlyos betegségével, többször műtötték: „A legdrágább mindig az elszalasztott idő”",https://www.blikk.hu/politika/magyar-politika/szijjarto-peter-betegsege/ftqqw2e
870b2763045235cf454f7c305cff8083b9138be08be1e824514b255fd8f72275,2026-04-23 16:09:06.141316+00:00,hu,blikk.hu,blikk.hu,2026-04-23,"Korábbi szakácsa elárulta, milyen étrendnek köszönheti csodás fizikumát Ronaldo – ezt a „receptet” mindenkinek ajánljuk",https://www.blikk.hu/sport/kulfoldi-foci/cristiano-ronaldo-etrend/b1ydbf2
c50484fe59318d8573f197c8e963da7771281be53eeb30145950a01b82a45102,2026-04-23 16:08:49.003759+00:00,hu,blikk.hu,blikk.hu,2026-04-23,"Gyurcsány Ferenc szerint a tömeg nem mérlegel, hanem leegyszerűsít",https://www.blikk.hu/politika/magyar-politika/gyurcsany-ferenc-demokracia-nepitelet-rendszer/k94nmyj
0eae8497706fce23f9af1a028e2c6961ce03f8b2ebbecc999144b94909a6715d,2026-04-23 16:08:06.465056+00:00,hu,blikk.hu,blikk.hu,2026-04-23,Milyen gyakran kell mosni a farmert? Hány hét vagy nap után?,https://www.blikk.hu/eletmod/tippek/farmernadrag-mosas/rq2jj2x
57824557f31d4d7c4a54515d5b1712ca4a1942bd7f559e68e3f71276f2cacfff,2026-04-23 15:52:05.549503+00:00,hu,blikk.hu,blikk.hu,2026-04-23,Ezt nem láttuk jönni: Stranger Thingses Happy Meal menü jön a McDonald'sba!,https://www.blikk.hu/gazdasag/vasarlas/stranger-things-netflix-happy-meal-menu-mcdonalds/ylf84sx
cafa3bb73f343389b8526da5430e28ca5d375bc1acc601e8671df06b3eebc8a0,2026-04-23 15:51:20.771512+00:00,hu,blikk.hu,blikk.hu,2026-04-23,"Schobert Norbi szívszorító sorokkal búcsúzik Orbán Viktortól: ""Ne bántsatok, hadd gyászoljak...""",https://www.blikk.hu/sztarvilag/hazai-sztarok/orban-viktor-schobert-norbi-rubint-reka-bucsu/cf5qs4x
ff6b23562deaa0003a699edc024640dee946e9f47f5ecaa2c98a2d1506b1df6c,2026-04-23 15:44:04.084623+00:00,hu,blikk.hu,blikk.hu,2026-04-23,Irán rátette a szőrös kezét a világ olajára és ezzel a valaha volt legnagyobb kriptobizniszt tervezgeti,https://www.blikk.hu/politika/vilagpolitika/olaj-donald-trump-iran-hormuzi/3cck2yc
d8450af201e2b4233abb1957d17f3cacca99f0ef1607d4595f3ad906932e8c84,2026-04-23 15:43:55.955968+00:00,hu,blikk.hu,blikk.hu,2026-04-23,"40 évesek lettek, mégis milliókat érnek – vagy már a bontóban végzik?",https://www.blikk.hu/auto/klasszikus-auto-1986/3n4vysy
2bb72b06896647e4ac50b8cbe2d4c9f8436facfd545596d2709b102f207d13b2,2026-04-23 15:43:14.409312+00:00,hu,blikk.hu,blikk.hu,2026-04-23,Aser Benjamin hősiességét katonai kitüntetéssel ismerték el,https://www.blikk.hu/aktualis/kulfold/orosz-ukran-haboru-benjamin/et3d479
1d12fe4a6503c61aa376ae208f32eeeb2305d0c8979477688a35fe89558f50d6,2026-04-23 15:42:41.849000+00:00,hu,blikk.hu,blikk.hu,2026-04-23,"Elfogadták az EU 20. szankciócsomagját, az orosz árnyékflottának ez fájni fog",https://www.blikk.hu/politika/vilagpolitika/oroszorszag-eu-szankciocsomag/3whx4fj
015c28a36ecc7a46c21fcdf0c9f47b8d7440b4893dcffe8c55c48e881429e565,2026-04-23 15:42:36.738860+00:00,hu,blikk.hu,blikk.hu,2026-04-23,"A leggyakoribb hiba, amit a vendégek elkövetnek az étterembe lépés során",https://www.blikk.hu/eletmod/tippek/etterem-szemelyzet-viselkedes-hozzaallas/e1bldd8
f6d7e3c41b257a54edc598ae1df04fcf78087c7a356d5dce69936275c993c873,2026-04-23 15:42:31.391116+00:00,hu,blikk.hu,blikk.hu,2026-04-23,"Eltűnt egy 27 éves lett férfi, hetek óta keresik Budapesten",https://www.blikk.hu/aktualis/krimi/komloi-rendorsegi-kihallgatas/250t82r
835bc3da7b9cc72d78a9aec13fdf7095beed73676738d230abd7c014e6ef0af7,2026-04-23 15:42:06.123503+00:00,hu,blikk.hu,blikk.hu,2026-04-23,Szomorú hírt kaptak a Barca-rajongók,https://www.blikk.hu/sport/kulfoldi-foci/lamine-yama-serules-vilagbajnoksag-barcelona/q9t0lx0
6cb43af0509b0f22efd9d8340281dd7d602654f59741085312c216b14bab5c5d,2026-04-23 15:33:15.920677+00:00,hu,blikk.hu,blikk.hu,2026-04-23,Jön a hidegfront: üvöltő szelek érkeznek vasárnap,https://www.blikk.hu/aktualis/belfold/idojaras-elorejelzes-hetvege/x3my4xm
64a7785225a4ee1dfec5640d606f0e419db4d9c161f285466fa352b7a3326a97,2026-04-23 15:33:05.244733+00:00,hu,blikk.hu,blikk.hu,2026-04-23,"Váratlanul Kijevbe látogatott Harry herceg, és üzent Vlagyimir Putyinnak is",https://www.blikk.hu/sztarvilag/nemzetkozi-sztarok/harry-herceg-kijev-latogatas-haboru-putyin/mdflzs7
7f29570832ab40a71a580fc82ff923374c2cd2ec12c5a98b15948555b2e4cf0e,2026-04-23 15:27:08.355903+00:00,hu,blikk.hu,blikk.hu,2026-04-23,Felszállás után visszafordult Budapestre az amerikai nagykövetség gépe,https://www.blikk.hu/aktualis/belfold/amerikai-nagykovetseg-repulogep-visszafordut-budapest/8ptxdq7
eb66a9911b34e006dd73f0080b2445812ff7db244673c0eced40afea363fe08c,2026-04-23 15:27:01.477625+00:00,hu,blikk.hu,blikk.hu,2026-04-23,"Az RTL sztárjai elmondták, mit szólnak ahhoz, hogy költöznie kell A mi kis falunk stábjának",https://www.blikk.hu/sztarvilag/hazai-sztarok/a-mi-kis-falunk-pajkaszeg-pilisszentlelek-koltozes/5r38q80
ee4cc92c781abb922464d354afdc4892222d7c56b6daaaf2b99b8593d25aef5e,2026-04-23 15:26:54.399089+00:00,hu,blikk.hu,blikk.hu,2026-04-23,Átépül a parlamenti patkó: így alakul az új erőtér,https://www.blikk.hu/politika/magyar-politika/parlament-patko-valtozas/gq3xt0w
3e298f3551782f17a8a976f045b1a55f7c5ced58dd8e0cf7020ecd469c93a83d,2026-04-23 15:26:49.732460+00:00,hu,blikk.hu,blikk.hu,2026-04-23,"Elindult az olaj! A Mol bejelentette, hogy megérkeztek az első szállítmányok a Barátság-vezetéken",https://www.blikk.hu/aktualis/kulfold/elindult-koolaj-baratsag-vezetek-mol-ukrajna/k4k1e1c
17b665afb45cc1090c147a2975dfb1c05b97aec2b1508004a6ef1dcc449a9672,2026-04-23 15:26:38.397324+00:00,hu,blikk.hu,blikk.hu,2026-04-23,"Az olaszok nem kegyelmeztek, kiosztották Donald Trumpot: „Ez szégyen”",https://www.blikk.hu/sport/kulfoldi-foci/donald-trump-foci-vb-orult-otlet/f988v80
71cf4ad15d48d7cb0c2c8f5094b5d50a3363df60cc182a2c6c688e359862c3a6,2026-04-23 15:26:30.232663+00:00,hu,blikk.hu,blikk.hu,2026-04-23,Ez a zseniális eszköz a Z generáció nélkülözhetetlen társává vált a mindennapokban,https://www.blikk.hu/ferfiaknak/tech/tablet-tablagep-lenovo-z-generacio-fiatalok/m0kdh1m
c881b6d3820c262b01391d71a038d951272259e660466627cbd98cd0263baf42,2026-04-23 15:26:25.245170+00:00,hu,blikk.hu,blikk.hu,2026-04-23,"„Ezek azok az illatok, amelyek miatt a macskák menekülnek”",https://www.blikk.hu/eletmod/tippek/macskak-illat-menekulnek/ve3gz9j
025f6a6d782301f36d3e2b879d971f2a0ee0a2704804bdae74e92e87b80f7550,2026-04-23 15:26:20.371731+00:00,hu,blikk.hu,blikk.hu,2026-04-23,„Egészen más ember voltam” – Katy Perry exférje egy 16 évessel létesített szexuális kapcsolatot,https://www.blikk.hu/sztarvilag/nemzetkozi-sztarok/katy-perry-ex-russell-brand-vadak/4tpcqmj
cbd496cef79bd82b36a32161681dd605a2cd0d74b21d15e5128d8c67a95a6e8f,2026-04-23 15:26:06.214674+00:00,hu,blikk.hu,blikk.hu,2026-04-23,Esélyt sem adott a korábbi világbajnoknak Bondár Anna a madridi tornán,https://www.blikk.hu/sport/bondar-anna-tenisz-vilagbajnok/yhbhzp9
14a6eb4257740f942af82c2351f0444ef066ed4eeb4ddcd54af07d1985603237,2026-04-23 15:26:01.325341+00:00,hu,blikk.hu,blikk.hu,2026-04-23,Járattörlések és rendkívül drága repülőjegyek jellemezhetik az idei nyarat,https://www.blikk.hu/gazdasag/penz/repulojegyek-dragulas-torolt-jaratok-nyaralas-hormuzi-szoros-kerozin/zl8kh1j
fbde7fe3ca742c9ec43c928027fbdc4e554aad5f31ad3e8a5a044a5b45fe5926,2026-04-23 15:25:29.428539+00:00,hu,blikk.hu,blikk.hu,2026-04-23,Robin Schulz és a botrányáról elhíresült Eckü is fellép a Strand Fesztiválon,https://www.blikk.hu/sztarvilag/hazai-sztarok/strand-fesztival-2026-fellepok/ctbeyd1
b8dfca0ffdc27879f95ff22acd1be43a7774b9e41583130e4864a0f018ad3726,2026-04-23 15:25:16.749184+00:00,hu,blikk.hu,blikk.hu,2026-04-23,"Vitézi Bált rendeztek stílusosan, a Budai Várban",https://www.blikk.hu/aktualis/belfold/vitezi-bal-budai-var-lovarda-farkas-bertalan/v3q7kgg
6b76583ccba01c6cb6f266564f054cc5b7f4fb2d13d0de1c9ed4b20c1b09b568,2026-04-23 15:23:30.976562+00:00,hu,origo.hu,origo.hu,2026-04-23,"Hónapokat kell várni egy jó klímaszerelőre, és nem is ússzuk meg olcsón, de a minőségen nem érdemes spórolni",https://www.origo.hu/gazdasag/2026/04/legkondi-klima-szerelo-telepites
8348f5f48f2f4ffc1b7362eebbc5888e86f800c46b98a224241d5337545e4b01,2026-04-23 15:23:25.986902+00:00,hu,origo.hu,origo.hu,2026-04-23,Csalódnak a választók Magyar Péterben? – Ígéretek és realitások,https://www.origo.hu/itthon/2026/04/politikai-hobbista-magyar-peter-csalodas
ade94082470baa569b91b445ee75e5beff418e50da5a6f6f3974a1415e3457ea,2026-04-23 15:23:20.979545+00:00,hu,origo.hu,origo.hu,2026-04-23,Ukrán és lett ügynököket fogtak el egy közúti ellenőrzés során,https://www.origo.hu/nagyvilag/2026/04/ugynok-ukran-lett-nemetorszag-szabotazsakcio
a304952dbab0cb3967ba2edc9e4c993528520d95185c6a202033dd94ad0c0af8,2026-04-23 15:23:15.973347+00:00,hu,origo.hu,origo.hu,2026-04-23,Botrány a spanyol bajnokságban: ellenfele feleségét sértegette az Eb-győztes sztár,https://www.origo.hu/sport/sport-futball/2026/04/spanyol-bajnoksag-mikel-oyarzabal-sertegetes-botrany
24baa150cecfd699c993665c4af928b66baf1d5546a1809656f2c3b1911fbb7b,2026-04-23 15:23:10.866976+00:00,hu,origo.hu,origo.hu,2026-04-23,Iskolákat és plázákat ürítettek ki több városban is bombafenyegetés miatt,https://www.origo.hu/nagyvilag/2026/04/bombafenyegetes-horvatorszag-iskolak-plazak-kiurites
af2506b312e8ecf26980b89acbbf677009d214c8ab7020ef863e1a72497ec161,2026-04-23 15:23:05.994805+00:00,hu,origo.hu,origo.hu,2026-04-23,"Döbbenetes, miből akartak megélni a hatvani emberkereskedők",https://www.origo.hu/kek-hirek/2026/04/prostitucio-hatvan-bunhalozat-ugy
dcf7d786ed69b76737a33002674a0bf2360d06c096ac5bb6da92cf8cf77eca38,2026-04-23 15:23:00.956665+00:00,hu,origo.hu,origo.hu,2026-04-23,Balesetet szenvedett a TV2 híradósa,https://www.origo.hu/teve/2026/04/szentpeteri-eszter-baleset-tv2-hirados
83fdf87429282be66aa637949f453571a55a5ea3ed531665ff6a9858d8158187,2026-04-23 15:22:56.608336+00:00,hu,origo.hu,origo.hu,2026-04-23,A modern műhely igáslova: hogyan hozzuk ki a legtöbbet a sarokcsiszolóból?,https://www.origo.hu/itthon-hirdetes/2026/04/muhely-sarokcsiszolo-szerszam-gep-barkacs
663df222a8585b43a469b7297298c496249e115b713ebc5752171f8b54470d81,2026-04-23 15:22:51.491571+00:00,hu,origo.hu,origo.hu,2026-04-23,Baleset miatt teljes útzár az M5-ös autópályán: hatalmas a torlódás,https://www.origo.hu/kek-hirek/2026/04/baleset-miatt-teljes-utzar-az-m5-os-autopalyan
8e05fc82656d1472ac5fc6649d59df31f07a1a3e406a1476da960266e7533e82,2026-04-23 15:22:45.782092+00:00,hu,origo.hu,origo.hu,2026-04-23,"Kivégzik a férfit, aki egy kisgyereket is brutálisan megölt",https://www.origo.hu/nagyvilag/2026/04/halalos-itelet-florida-kettos-gyilkossag
63b2e6cd96319f851438aa29f5cb6097f2c48a8ac2761d684f13834b23c2c16e,2026-04-23 15:22:40.983143+00:00,hu,origo.hu,origo.hu,2026-04-23,"Elképesztő bejelentést tett a Mol, az egész ország erre várt",https://www.origo.hu/belpol/2026/04/mol-bejelentes-koolaj-baratsag
3fb6a91c4b98ac19961f7347af20aba4782600e9f314bb7f00f9ca37e7fb6047,2026-04-23 15:22:36.006052+00:00,hu,origo.hu,origo.hu,2026-04-23,Anyja roppant bele a testvérháborúba: Paul Pogba szívszorító vallomása,https://www.origo.hu/sport/sport-futball/2026/04/pogba-monaco-drama-vallomas-csalad-zsarolas-dopping
600df3162d2b46c4fc1a872d4941e08a27d9c31f4f8b297233eb59087fdc5fc6,2026-04-23 15:22:31.676824+00:00,hu,origo.hu,origo.hu,2026-04-23,Kellemetlen meglepetések nélkül? Ezt a 6 hibát kerüld el,https://www.origo.hu/gazdasag-hirdetes/2026/04/hitelkalkulator-penzugyek-hitelfelvetel-cofidis
c9ae4ea5b63dde1f61d5d987bc12020f170d002203c6b3d09b5c718c14c862c5,2026-04-23 15:22:25.953838+00:00,hu,origo.hu,origo.hu,2026-04-23,Sokkoló számot közöltek a tanzániai zavargások áldozatairól,https://www.origo.hu/nagyvilag/2026/04/eroszakhullam-tanzania-halalos-aldozatok
55baa26ca601854f2f521bfec1e04ba3dbe95ac6458b02138a00b96d7f8907ab,2026-04-23 15:22:20.977507+00:00,hu,origo.hu,origo.hu,2026-04-23,Megérkezett az első kőolajszállítmány Magyarországra a Barátság vezetéken,https://www.origo.hu/gazdasag/2026/04/baratsag-olaj-szallitmany-magyarorszag
92eb4f736018233c808eedeed10bb8f1c9d39190f052390f63a85450d9de7d6e,2026-04-23 15:22:15.958443+00:00,hu,origo.hu,origo.hu,2026-04-23,Fűnyírás közben aranyrudakat találtak – ez lett a kincsek sorsa,https://www.origo.hu/nagyvilag/2026/04/aranyrud-funyiras-nemetorszag-polgarmester
fde3938c88d234e04419c1581dff35a1cce3ab819b72bb37d02668c3548bc8f7,2026-04-23 15:22:10.957456+00:00,hu,origo.hu,origo.hu,2026-04-23,Drámai helyzet: továbbra sem tudnak mit kezdeni az elszabadult orosz tartályhajóval,https://www.origo.hu/nagyvilag/2026/04/tartalyhajo-orosz-foldkozi-tenger
885b18d3fe622c10e2023686dce64eb9ead3fa331afce2fc48870a05c0fb0b6d,2026-04-23 15:22:06.002564+00:00,hu,origo.hu,origo.hu,2026-04-23,Megszólalt a Szerencsejáték Zrt. – újabb váratlan részleteket osztottak meg,https://www.origo.hu/itthon/2026/04/lotto-hatosagi-vizsgalat-nyertesek-jelentkezes
f41fc1a82e30c0fc6737c7bc6be808133a569a72ee3caaab81d804ae5a9ceab5,2026-04-23 15:22:00.977774+00:00,hu,origo.hu,origo.hu,2026-04-23,"6 titok, amit csak az igazi hazai konyha rajongói ismernek",https://www.origo.hu/eletmod/2026/04/hazai-konyha-gasztronomia-zsidai-etterem
7146afb7571b959735ec7d79c6eeab3accf8002bba3e85fa50b4e286edd29b82,2026-04-23 15:21:55.937721+00:00,hu,origo.hu,origo.hu,2026-04-23,Szijjártó Péter megválaszolta a sokakat foglalkoztató kérdést,https://www.origo.hu/belpol/2026/04/szijjarto-peter-a-haborus-helyzet-miatt-valos-veszely
df63358d27b44f7602a3136b3b889b1c96e63172faf611961bfd6e02eda4a74a,2026-04-23 15:21:50.957506+00:00,hu,origo.hu,origo.hu,2026-04-23,"Kiderült, mekkora változások jönnek a Forma-1-es szabálymódosítások miatt",https://www.origo.hu/sport/f1/2026/04/forma-1-szabalymodositas-fia-nikolasz-tombazisz
84ab4f0581194d4968662b52c07c299ddc337961f64ea5fce1818f4986eedf13,2026-04-23 15:21:45.875278+00:00,hu,origo.hu,origo.hu,2026-04-23,"Hihetetlen, de már megint Szoboszlai Dominikről beszélnek Liverpoolban",https://www.origo.hu/sport/sport-futball/2026/04/szoboszlai-liverpool-labdarugas-honap-jatekosa
8a6ef3ef97cd33133347d025fb07e48af77f34fb234ee1357888db6b6a735b26,2026-04-23 15:21:40.952465+00:00,hu,origo.hu,origo.hu,2026-04-23,Zelenszkij lefejezte az Ukrán Biztonsági Szolgálat vezetését: sorra váltják le a regionális főnököket,https://www.origo.hu/kulpol/2026/04/zelenszkij-levalt-regionalis-vezeto
8460ac770d51202f8f32fd3c73bdc6484d3c38053e62935bde6369e656556980,2026-04-23 15:21:35.953971+00:00,hu,origo.hu,origo.hu,2026-04-23,Hivatalos: a Tisza-kormány megnyitja az ügynökaktákat,https://www.origo.hu/belpol/2026/04/magyar-peter-tisza-kormany-ugynokakta-ruff-balint
a1ac00e1122d898df1dba8056e37a88cfbbfc81b44048523b77625dbf58f1331,2026-04-23 15:21:30.946992+00:00,hu,origo.hu,origo.hu,2026-04-23,"Óriási árcsökkenést jelentett be mától az Aldi. Mutatjuk, mely termékeket érinti",https://www.origo.hu/gazdasag/2026/04/aldi-oriasi-arcsokkenest-jelentett-be-matol
146d56102a4692baf4d8e216d83ed6b9891cc76576389f62d810b8b9989557ba,2026-04-23 15:21:25.896079+00:00,hu,origo.hu,origo.hu,2026-04-23,"Erre várt mindenki: kiderült, mennyire súlyos Lamine Yamal sérülése",https://www.origo.hu/sport/sport-futball/2026/04/lamine-yamal-fc-barcelona-spanyol-valogatott-serules
cd064f918250422f9d16960e1d42b7c4ae5aaead9f15d0a76daf2fb7cb512731,2026-04-23 15:21:21.013132+00:00,hu,origo.hu,origo.hu,2026-04-23,Nagy bajba kerülhetnek a magyar nyugdíjasok,https://www.origo.hu/kek-hirek/2026/04/nyugdijasok-nagy-bajba-kerulhetnek
8423b12ef7095e91e8f4b33160860e34d7c5a7f9317e6a0629b4885bbda42436,2026-04-23 15:21:15.975223+00:00,hu,origo.hu,origo.hu,2026-04-23,Megrázó tragédia – meghalt az ismert szépségkirálynő,https://www.origo.hu/teve/2026/04/megrazo-tragedia-meghalt-az-ismert-szepsegkiralyno
d0666826e0b2c1a27a520f31fcbed2ad4299e7ea93d4ab4d5d8a57edbe654b9c,2026-04-23 15:21:11.207371+00:00,hu,origo.hu,origo.hu,2026-04-23,Óriási szenzáció: Bondár Anna legyőzte a korábbi világbajnokot!,https://www.origo.hu/sport/sport-egyeni/2026/04/bondar-anna-madrid-tenisz-vilagbajnok-salak
e6a54a5a14c2dcbbe50ca2ffc81d94b657704e9f0783b99e6252141cbd6af8a5,2026-04-23 15:21:06.591149+00:00,hu,origo.hu,origo.hu,2026-04-23,"Hihetetlen, mire vetemedtek a veszprémi fenegyerekek",https://www.origo.hu/kek-hirek/2026/04/megalaztak-a-tarsukat-veszprem-fiatalok-bantalmazas
2c6b1f9ad960b68cda83c0de337ff01bef1133961bf0d3786a448f87c674a9cb,2026-04-23 15:21:01.580455+00:00,hu,origo.hu,origo.hu,2026-04-23,Nem valósul meg Elon Musk nagy ígérete,https://www.origo.hu/techbazis/2026/04/musk-tesla-hw3-fsd-felugyelelet-nelkuli-onvezetes
07d17da319c0a6de38b8aaebadc6c39a6ceed8f1eca03ca2f774582fb7d77718,2026-04-23 15:20:56.633615+00:00,hu,origo.hu,origo.hu,2026-04-23,Harmadjára sikerült újraéleszteni egy férfit foghúzás után Budapesten,https://www.origo.hu/kek-hirek/2026/04/foghuzas-utan-budapesten-koma
fb56e3fcd5932d3591a2882e93690a7c0f0cec3e2cea9c2ed9d9fbdc0070ab51,2026-04-23 15:20:51.078100+00:00,hu,origo.hu,origo.hu,2026-04-23,"Kiderült, hogy van a TV2 balesetet szenvedett műsorvezetője",https://www.origo.hu/kek-hirek/2026/04/tv2-musorvezetoje-baleset-allapot
4825c59abcfadd98c7985800a5fc2ad2da3b9976d0fe07eb6acd23e9db42ce34,2026-04-23 15:20:46.691295+00:00,hu,origo.hu,origo.hu,2026-04-23,"Brutális erdőtűz pusztít Japánban, egyre súlyosabb a helyzet",https://www.origo.hu/nagyvilag/2026/04/erdotuz-japan-ivate-ocsucsi-kitelepites
ddb5afa244470a59fafe5b5bf99cef0cab23a65b1b1292723d0cc54df6adb11c,2026-04-23 15:20:40.962845+00:00,hu,origo.hu,origo.hu,2026-04-23,"Kiderült, mikor kaphatja meg Ukrajna a hadikölcsönt",https://www.origo.hu/kulpol/2026/04/ukrajna-a-hadikolcsont-kiderult-mikor-kap
8fe13933a1c62eacba240fa7b3452f7e57a3e7103c2937af195a88115ad75479,2026-04-23 15:20:35.881225+00:00,hu,origo.hu,origo.hu,2026-04-23,Győzike már Hajdú Péternél is kiverte a biztosítékot,https://www.origo.hu/teve/2026/04/gyozike-hajdu-peter-frizbi-bea-koporso
dc1f15c370cab713f6154165ef7b2d1a454793e2afe0165004dd3d437de63838,2026-04-23 15:20:30.874108+00:00,hu,origo.hu,origo.hu,2026-04-23,"Sokkoló felfedezés: nem fogod elhinni, mit rejtett az 1600 éves múmia gyomra",https://www.origo.hu/tudomany/2026/04/homerosz-iliasz-toredek-mumia
d267a168c2bb63c89f988462fb70460489fc788e6488653683843b1e96aae385,2026-04-23 15:20:25.991926+00:00,hu,origo.hu,origo.hu,2026-04-23,Az újpesti 7-2 után döntött vezetőedzője sorsáról a Nyíregyháza,https://www.origo.hu/sport/sport-futball/2026/04/nyiregyhaza-ujpest-7-2-bodog-tamas-szerzodes-edzo
81799f558f74f0015bc383adb2227351efc5dea4711f018065566cae58c4ab48,2026-04-23 15:20:21.572165+00:00,hu,origo.hu,origo.hu,2026-04-23,Nincs több reggeli elalvás az okos párnahuzattal,https://www.origo.hu/techbazis/2026/04/okos-parnahuzat-ebresztes-riasztas-nottingham-trent
2f10213485ef1049114515000a0f9464543b791947e0204effdfcab46bc6bcf4,2026-04-23 15:20:15.501512+00:00,hu,origo.hu,origo.hu,2026-04-23,A mérhetetlen közöny az emberség veszte – Az idegen című film sokkoló tükröt mutat az emberi létezésnek,https://www.origo.hu/filmklub/2026/04/idegen-film-francois-ozon-kritika
528527ca0627306b3d95672a4b6e5dfc21c4bce075d4fcb84c1d6afc9e53169e,2026-04-23 14:01:48.860085+00:00,hu,blikk.hu,blikk.hu,2026-04-23,"Halálos baleset történt Kiskunhalasnál, teljes szélességében lezárták a főutat",https://www.blikk.hu/aktualis/belfold/kiskunhalas-halalos-baleset/h2yzj50
1a6bf7741c23f293791e15ea02f7a458c5b44f2832b57d9ef2f12029811a9eb5,2026-04-23 14:01:25.001414+00:00,hu,blikk.hu,blikk.hu,2026-04-23,"Eldőlt, hogy Bódog Tamás marad-e továbbra is a Nyíregyháza kispadján",https://www.blikk.hu/sport/magyar-foci/nyiregyhaza-bodog-tamas-labdarugas/7cz79rg
97b5a8bc916283a00a80e32eeddd8e8868738aaa54dd6de10d2ea94092aede6c,2026-04-23 14:00:32.750986+00:00,hu,blikk.hu,blikk.hu,2026-04-23,Hónapok óta szenved Galla Miklós: most végre közelebb kerülhet a megoldáshoz,https://www.blikk.hu/sztarvilag/hazai-sztarok/galla-miklos-betegsege-csuklas-mutet/y7j0yw8
dc0c58e061e9b6a1da27253c5a168dbc61171d63de58d15f2bbd7352d096ec65,2026-04-23 13:49:59.881961+00:00,hu,index.hu,index.hu,2026-04-23,Lando Norris szavai új megvilágításba helyezik Max Verstappen Formula–1-es jövőjét,https://index.hu/sport/forma1/2026/04/23/formula-1-lando-norris-mclaren-oscar-piastri-cafol-max-verstappen-red-bull-visszavonulas/
0cc9901b78c751c83d91cc09e78d94489d28a808cffd2a7ea78d11ab8e89dd43,2026-04-23 13:49:54.451005+00:00,hu,index.hu,index.hu,2026-04-23,Vasárnap reggel valami látványos történik a Dunán,https://index.hu/belfold/2026/04/23/dunai-kirajzas-2026-budapesti-hajozas-szezonnyito-felvonulas-turizmus-latvanyossag/
7326b3178a4a54856ec265af1715603f4c9291a6d72cf2805972eab557f41fe6,2026-04-23 13:49:49.671183+00:00,hu,index.hu,index.hu,2026-04-23,"A MacBook Neo csak a kezdet volt, már készülőben lehet a még olcsóbb alternatíva",https://index.hu/techtud/2026/04/23/apple-macbook-neo-mac-mini-mac-neo-olcso-asztali-pc/
f471bfaa5be1e6c416f34e94e3e956f16e22ed09558603b52f63a2ba1a132c05,2026-04-23 13:49:44.513949+00:00,hu,index.hu,index.hu,2026-04-23,Elbocsátották az egyik legnagyobb bank szakszervezetének elnökét,https://index.hu/belfold/2026/04/23/unicredit-szakszervezet-elbocsatas-birosag-ugyved/
50bd0b9f68e53b36263e052688a1c6406dceafde05b7870375726e6812cee6c5,2026-04-23 13:49:39.943843+00:00,hu,index.hu,index.hu,2026-04-23,Levegőbe repült az egymillió fontos hegedű a karmester miatt,https://index.hu/kulfold/2026/04/23/karmester-finn-zenekar-hegedu-millios-nagysagrend-kiutotte/
accc6aaa1d1f66d881cb2fe643d41281873aa761e245f6c38f2b865d018f934c,2026-04-23 13:49:34.650567+00:00,hu,index.hu,index.hu,2026-04-23,"A vezérkari főnök szerint túlzás, hogy Orbán Gáspár vezette volna a csádi misszió szervezését",https://index.hu/belfold/2026/04/23/magyar-honvedseg-borondi-gabor-csad-orban-gaspar-vezerkari-fonok/
2df77a43bc15f9d62900eccb56867c4fc40d009a215af00d6062964b22e398ff,2026-04-23 13:49:29.676131+00:00,hu,index.hu,index.hu,2026-04-23,"Kiderült, mi okozta a halálát a népszerű énekes autójában talált lánynak",https://index.hu/fomo/2026/04/23/d4vd-egyesult-allamok-gyilkossag-holttest-enekes-boncolas/
68de5120521334083ae03fc7ca6598ad7e697b096f8fd5768e97e315a5877461,2026-04-23 13:49:24.498813+00:00,hu,index.hu,index.hu,2026-04-23,"Ajtót nyithat az Európai Unió Magyarországnak, rövid időn belül lezárulhat a hetes cikk szerinti eljárás",https://index.hu/kulfold/2026/04/23/europai-unio-hetes-cikk-manfred-weber-europai-neppart-eljaras-megszuntetes/
29cba6acbb3850d2c3a85e6ae4904f0327d9bc622d913ea8d5d6df50aa83899d,2026-04-23 13:49:19.880394+00:00,hu,index.hu,index.hu,2026-04-23,Lehullt a lepel a Tisza Párt egyik frakcióvezető-helyetteséről,https://index.hu/belfold/2026/04/23/magyar-peter-tisza-part-velkey-gyorgy-laszlo-frakciovezeto-helyettes-bujdoso-andrea/
e76fa6ced7ff37180353be2f8a442ca0907e3b5dbb863e6c99ea9a69de136987,2026-04-23 13:49:14.648594+00:00,hu,index.hu,index.hu,2026-04-23,"Bejelentést tett a Mol az orosz olajról, újraindult a szállítás a Barátság kőolajvezetéken",https://index.hu/gazdasag/2026/04/23/mol-bejelentes-baratsag-koolajvezetek-nyersanyagpiac-koolaj/
151b340ff4579539ea4ea986bab8a3f139cd18c6d676e6057ae3a80c8f3873cd,2026-04-23 13:49:10.119344+00:00,hu,index.hu,index.hu,2026-04-23,"Minden harmadik filippínó jelentkező megbukik, ezért új módszerrel szűrik a kamionsofőröket Magyarországon",https://index.hu/gazdasag/2026/04/23/kamionsofor-hiany-magyarorszag-kulfoldi-munkavallalo-fuvarozas-toborzas-manila-kepzes/
dc275a672c33486cf9c0ebaa3fe0c10c40c62eb0693a51891051d7ad0dd12752,2026-04-23 13:49:04.648598+00:00,hu,index.hu,index.hu,2026-04-23,"Újabb radikális döntést hozott az EU, ezt nem teszi zsebre egyik mobilgyártó sem",https://index.hu/techtud/2026/04/23/eu-europai-unio-jogszabaly-javitashoz-valo-jog-cserelheto-akkumulator-telefon/
1d1f73576c841c49d97b04cf82c5ffad3337a1c4682d074cac219b8bf0ae1f50,2026-04-23 13:49:00.165454+00:00,hu,index.hu,index.hu,2026-04-23,"Magyar góleső Norvégiában, válogatott játékosaink voltak a főszerepben",https://index.hu/sport/kezilabda/2026/04/23/kezilabda-norveg-bajnoksag-roman-bajnoksag-lukacs-peter-matte-dominik-topfner-alexandra/
505a33bf03cee27ed98877a433cebddc690bce2b227fa14e22a9abc4e3f59cdc,2026-04-23 13:48:54.795789+00:00,hu,index.hu,index.hu,2026-04-23,"Hatalmas bravúr Bondár Annától, életében először győzött le top 10-es riválist",https://index.hu/sport/tenisz/2026/04/23/atp-1000-madrid-bondar-anna-jelina-szvitolina-pablo-carreno-busta-fucsovics-marton/
d11b3e1550752a2df08189ad3f71d4354bda76f4a482748ce73d9ae049713e4f,2026-04-23 13:48:50.222262+00:00,hu,index.hu,index.hu,2026-04-23,Baleset miatt lezárták az M5-öst Budapest felé,https://index.hu/belfold/2026/04/23/baleset-budapest-m5-inarcs-palyazar/
d3f0a6dea545fb945b0aa404525f7247b5829e7c248b216749c34a846e51cd18,2026-04-23 13:48:45.362480+00:00,hu,index.hu,index.hu,2026-04-23,"Rátalált a szerelem a Házasság első látásra szereplőjére, új párjával együtt álltak kamera elé: „Tervben van a lánykérés”",https://index.hu/mindekozben/poszt/2026/04/23/jagicza-peti-hazassag-elso-latasra-szerelem-kapcsolat-csaladalapitas/
8c9a6cedbf43e8dd826705168556d60b6f39b8f5ea0f058c8542b369376cead2,2026-04-23 13:48:39.802802+00:00,hu,index.hu,index.hu,2026-04-23,"Gyűlést szerveznek az SZFE hallgatói, egyes tanárok retorzióval fenyegetnek",https://index.hu/kultur/2026/04/23/szinhaz-es-filmmuveszeti-egyetem-hallgatok-gyules-plakatok-vezetoseg-retorzio/
e7a1b3e253ac76ace7b64702594aeea456303960dd08e1aa15872e1306e3004b,2026-04-23 13:48:34.717476+00:00,hu,index.hu,index.hu,2026-04-23,"Súlyos büntetést kapott a Paks játékosa, ebben az idényben már nem játszhat",https://index.hu/sport/futball/2026/04/23/sulyos-buntetest-kapott-a-paks-jatekosa-ebben-az-idenyben-mar-nem-jatszhat/
64345f3d042035ec0f67f25711bfa13405a1312e6c776486d96d2dae6f025d40,2026-04-23 13:48:30.127718+00:00,hu,index.hu,index.hu,2026-04-23,Gyurcsány Ferenc hosszú bejegyzésben elmélkedik a népítéletről és a demokrácia korlátairól,https://index.hu/belfold/2026/04/23/gyurcsany-ferenc-demokracia-dontes-nepitelet-politikai-rendszer/
0a84e3a4df08fc2d2bfd0450c38c9859cf831e32c03dc6153c8cde80c62fa94c,2026-04-23 13:48:20.793127+00:00,hu,index.hu,index.hu,2026-04-23,"Előzetes vizsgálat indult Völner Pál ellen, de nem a Schadl-ügy miatt",https://index.hu/belfold/2026/04/23/volner-pal-fegyelmi-vizsgalat-budapesti-ugyvedi-kamara/
55ac434d175eb9093e0eb5d1c2726fb1dcb1c62f4956e945057b41658f41c448,2026-04-23 13:48:14.721403+00:00,hu,index.hu,index.hu,2026-04-23,"Megszólalt a Szerencsejáték Zrt. a hatósági vizsgálatról, a milliárdos lottószelvények két nyertese is jelentkezett már",https://index.hu/belfold/2026/04/23/szerencsejatek-zrt-hatosagi-vizsgalat-lottoszelveny-tulajdonos-sorsolas/
5aeeb0c079c5f9ebf028c5a3143e4ae055ea09491d9cf378d215b2a592a7f0a0,2026-04-23 13:48:10.045224+00:00,hu,index.hu,index.hu,2026-04-23,Reagált a HUN-REN az intézetei főigazgatóinak közös nyilatkozatára,https://index.hu/belfold/2026/04/23/hun-ren-kozlemeny-nyilatkozat-allasfoglalas-kutatas-centralizacio-foigazgatok-intezet/
aa61103a5c99eb189ac121d5ab4c921876b6a573d138c70512219118286c1ba2,2026-04-23 13:48:04.521412+00:00,hu,index.hu,index.hu,2026-04-23,Toroczkai László Fidesz–SZDSZ–MSZP-koalíciót emleget Ruff Bálint kinevezése után,https://index.hu/belfold/2026/04/23/toroczkai-laszlo-mi-hazank-mozgalom-ruff-balint-miniszter-kinevezes-reakcio/
66bbe3a70429159ac1e36937ba49c37de3b9435741a99efc937c008877b71179,2026-04-23 13:47:59.810655+00:00,hu,index.hu,index.hu,2026-04-23,Egészen elképesztő: ismét Szoboszlai Dominik a hónap legjobbja a Liverpoolnál,https://index.hu/sport/futball/2026/04/23/premier-league-szoboszlai-dominik-liverpool-a-honap-legjobbja/
f8a98177b69851a6eb23938565e941feeb2aea5f89e3683e1222084d139ad702,2026-04-23 13:47:54.631201+00:00,hu,index.hu,index.hu,2026-04-23,"Teljesen új irányt vett az európai autópiac az iráni háború óta, soha nem adtak el még ennyi elektromos autót",https://index.hu/kulfold/2026/04/23/autogyartas-kina-e-auto-olajar-energiatakarekos-europa-haboru-iran/
f448d02965cc8ffc76b6a91e4e4a9ab4c1d962e4a2fd72353abc1f3ec4e65540,2026-04-23 13:47:49.859644+00:00,hu,index.hu,index.hu,2026-04-23,Évek óta záptojásszag terjeng a somogyi faluban,https://index.hu/belfold/2026/04/23/somogy-varmegye-adand-zaptojasszag-kormanyhivatal-eljaras/
c152f488b93a73eba2a72f5583f1dbc1d7ae8fe0996f2ecceb3973b4f0e79e24,2026-04-23 13:47:44.879104+00:00,hu,index.hu,index.hu,2026-04-23,Ismételten hajba kapott az olasz királyi család a nem létező trón miatt,https://index.hu/fomo/2026/04/23/olaszorszag-kiralyi-csalad-tron-botrany-herceg/
623d7feaad203df24093f677d32f458b7c1c8c0bcb3d40a6d24d49abbc9f4b2a,2026-04-23 13:47:39.798973+00:00,hu,index.hu,index.hu,2026-04-23,"Szirti sassal vadászott macskákra, eljárás indult az állatkínzó ellen",https://index.hu/belfold/2026/04/23/pest-varmegyei-fougyeszseg-szirti-sas-macskak-pusztulas/
d1dc3186206689d7bf75ddf216df4aaf98b82307028116fe648547f899d86d8d,2026-04-23 13:47:35.552594+00:00,hu,index.hu,index.hu,2026-04-23,"Balesetet szenvedett a Mokka műsorvezetője, élő adásban mesélt jelenlegi állapotáról",https://index.hu/mindekozben/poszt/2026/04/23/balesetet-szenvedett-a-mokka-musorvezetoje-zavaros-eszter/
7f23a293d0a5a86186670b01b9fc1dfbb49775f3bc77d3fc0948ed787fd51be2,2026-04-23 13:47:29.786668+00:00,hu,index.hu,index.hu,2026-04-23,Újabb világsztár fellépőt jelentett be a Strand Fesztivál,https://index.hu/kultur/2026/04/23/strand-fesztival-fellepok-robin-schulz/
bb714dde11193d893ff4dcd85560d68ddb4c2ae037f3a5972e6d5e54dbe2e7ab,2026-04-23 13:47:25.527680+00:00,hu,index.hu,index.hu,2026-04-23,"Sebestyén Balázs elgondolkodott a pályamódosításon, ezt a szakmát választaná a rádiózás helyett",https://index.hu/mindekozben/poszt/2026/04/23/sebestyen-balazs-radiozas-uj-munka/
6b4573fd4bc91401e61a06cdbdfaa9115bfe16c147786d1c91e6ed9b05adbf7f,2026-04-23 13:47:19.932322+00:00,hu,index.hu,index.hu,2026-04-23,"Magyar Péter telefonon egyeztetett Robert Ficóval, feltételt szabott a tárgyalások megkezdéséhez",https://index.hu/belfold/2026/04/23/tisza-part-magyar-peter-robert-fico-benes-dekretumok-szlovakia/
c468348da54635d3bb60d1ef1c4eec34173d3af411e7304c7ee01b02b577b89d,2026-04-23 13:47:14.907228+00:00,hu,index.hu,index.hu,2026-04-23,"A kutyák is úgy tanulnak, mint a gyerekek?",https://index.hu/tudomany/2026/04/23/dogz-fesztival-kutya-tanitas/
e65bb6ada5e7a8da06feb2ca9fd586e9bab86d565c246718ed62dc1cf6608421,2026-04-23 13:47:09.985764+00:00,hu,index.hu,index.hu,2026-04-23,Újabb politikus távozott a Demokratikus Koalícióból,https://index.hu/belfold/2026/04/23/ujpest-trippon-norbert-demokratikus-koalicio-kilepes-kiss-laszlo/
5ece86b822d94800e12bb289465c05b0666e3befdf48442f72e7673e0246bae9,2026-04-23 13:47:04.643129+00:00,hu,index.hu,index.hu,2026-04-23,Szlovákia nem blokkolja tovább az Európai Unió Oroszország elleni 20. szankciós csomagját,https://index.hu/kulfold/2026/04/23/szlovakia-kulugyminiszter-europai-unio-oroszorszag-szankcios-csomag-blokkolas/
ba7c9982b9efc57663a33108300b9179b2f68c0dd6b771bec2e42a56c207f563,2026-04-23 13:47:02.708851+00:00,hu,index.hu,index.hu,2026-04-23,"Zsigmond Angi könnyek között mesélt szakításáról, ezért mentek szét Mészáros Bendével",https://index.hu/mindekozben/poszt/2026/04/23/zsigmond-angi-meszros-bende-szakitas-siras/
27418c2217365e3029cea100c7174ae0148c010fe51e8d40f1c8b60a5ca30219,2026-04-23 13:39:31.270388+00:00,hu,blikk.hu,blikk.hu,2026-04-23,Visszatér a legendás sportos Corsa? Itt az első árulkodó jelek,https://www.blikk.hu/auto/ople-corsa-gse-elekromos-auto/jtxqfhc
92fcb31479eaf1386c8bbdf726bc39aab8959d376cc03b8b2f30351140237c4e,2026-04-23 13:39:26.302141+00:00,hu,blikk.hu,blikk.hu,2026-04-23,"Erős csapás a beleknek- Tönkreteszi őket, mi pedig mégis sokat eszünk belőlük",https://www.blikk.hu/eletmod/egeszseg/ultra-feldolgozott-elelmiszerek/cmd1v3z
dcd68bd6791f167ef86270ee9b58789f342e372597d80a93e3dca7d445ed4c07,2026-04-23 13:39:21.739196+00:00,hu,blikk.hu,blikk.hu,2026-04-23,Kylie Jennert toxikus munkakörnyezet miatt perelte be az egykori házvezetőnője,https://www.blikk.hu/sztarvilag/nemzetkozi-sztarok/kylie-jenner-per-hazvezetono/28r0hks
7a2d21c2fa35f47cc67757a3e6ce78eb6c0b07c7b7c0aec550f1636b26eeffa8,2026-04-23 13:38:56.943129+00:00,hu,blikk.hu,blikk.hu,2026-04-23,Fokozódik a feszültség a brit királyi családban Vilmos és Harry között,https://www.blikk.hu/sztarvilag/nemzetkozi-sztarok/viloms-herceg-elege-van-harry-es-meghan-feszultseg-brit-kiralyi-csalad/93p89tx
02c37228dac2d9338f5a95fc51b3de3d2f0884ac7d369d0b24b7bc219b146f76,2026-04-23 13:38:37.817633+00:00,hu,blikk.hu,blikk.hu,2026-04-23,"Átverés volt a németországi munka, magyar nőket kényszerítettek prostitúcióra a hevesi bűnbanda tagjai",https://www.blikk.hu/aktualis/belfold/prostitucios-halozat-atveres-nemetorszag-heves-varmegye-hatvan-vademeles/yvr32bm
74a7c9f9961dd9995ce3b5672bc7786af70dfb4fa9bdd713a949696ffb5c410a,2026-04-23 13:38:32.225156+00:00,hu,blikk.hu,blikk.hu,2026-04-23,Büntetőeljárás indult a ChatGPT fejlesztői ellen: a chatbot segített megtervezni egy lövöldözést,https://www.blikk.hu/aktualis/kulfold/chatgpt-ellen-buntetoeljaras-florida/t1sqbvm
b1a89b5a61926eca376e413971ec4d706af1e768b8a4a131a99140c7ddf77862,2026-04-23 13:38:27.511697+00:00,hu,blikk.hu,blikk.hu,2026-04-23,Rendkívüli bejelentést tett Újpest polgármestere: elhagyja a pártját,https://www.blikk.hu/politika/magyar-politika/ujpest-trippon-norbert-polgarmester-dk-kilepes/4dpv959
2219a90018fb9c7972a8f1d72def1a373eb57d7b4d1aabe5c72d5b15c79eef0f,2026-04-23 13:38:22.191331+00:00,hu,blikk.hu,blikk.hu,2026-04-23,Megszólalt a lottótársaság: Már két szerencsés jelentkezett a nyereményért,https://www.blikk.hu/gazdasag/penz/lotto-nyertes-fonyeremeny-sorsolas-szerencsejatek-zrt/n9jv6g2
a597e36e4e90d0413a03778679ce18e0bc30aca36cfa3717ad008b6cffbcdf92,2026-04-23 13:37:54.869033+00:00,hu,blikk.hu,blikk.hu,2026-04-23,"Tavaszi hétvége: színház, virágvásár, bolhapiac és tulipánszüret országszerte, ahol mindenki megtalálja a kedvenc programját",https://www.blikk.hu/eletmod/tippek/programok-aprilis-24-26/80r6mk1
d1109c47131f6d3c8c0ef804929a831912503f96a870192c6344a71706338909,2026-04-23 13:24:46.066478+00:00,hu,index.hu,index.hu,2026-04-23,"Ők lehetnek a Tisza-kormány nyertesei, itt lehet most hatalmasat kaszálni",https://index.hu/gazdasag/2026/04/23/tozsde-befektetes-tozsdenyitas-unios-forrasok-befekteto/?utm_source=hirstart&utm_medium=referral&utm_campaign=ct
99b3e4ed33f7e0783a5ecc4779490586347825b982b3d3a8bac7510c010054ff,2026-04-23 12:31:05.317647+00:00,hu,blikk.hu,blikk.hu,2026-04-23,Nem herélem ki a férfiakat,https://www.blikk.hu/sztarvilag/hazai-sztarok/pentek-gyulai-virag-parkapcsolat-ismerkedes-nagy-o/zh7fnm3
8c0e17a17a0ea5f8eacda7f775655eb9a987fa82766a302af0d9731c8fa6b6aa,2026-04-23 12:30:59.968765+00:00,hu,blikk.hu,blikk.hu,2026-04-23,Nyolcéves lett Lajos herceg – egy korszak lezárul a királyi családban,https://www.blikk.hu/sztarvilag/nemzetkozi-sztarok/lajos-herceg-brit-kiralysag-szuletesnapja/08z88e3
8216d9de44d631763615af97f40d5aafeef543befa621f85fb881b288156b287,2026-04-23 12:30:49.238386+00:00,hu,blikk.hu,blikk.hu,2026-04-23,"Wossala Rozina: iszonyatosan meghíztam és amikor ittam, akkor nem volt megállás",https://www.blikk.hu/sztarvilag/hazai-sztarok/wossala-rozina-hizas-ivas-money-talks-interju/dte0bes
51e8def8855b36a589d6d1d57fee5710228c9dda4220e91ff9d9de85bbfa88aa,2026-04-23 12:30:16.564916+00:00,hu,blikk.hu,blikk.hu,2026-04-23,Új korszak a magyar szakorvosképzésben,https://www.blikk.hu/eletmod/egeszseg/semmelweis-egyetem-szakorvoskepzes-beteg/yte71cq
7798b8346fef8caedb7680bbade304356dcb98abadda5faea5ea4c29e6371d95,2026-04-23 12:30:07.204075+00:00,hu,blikk.hu,blikk.hu,2026-04-23,Két hónap után előkerült Budai István Bence Tiszaugról,https://www.blikk.hu/aktualis/belfold/tiszaug-eltunes-hazateres-bence-telefon/61hnrz7
8e5bbbdfe903ff6e1bc86c4016c3de3acba32d4ef7cbccade4515d4668a12464,2026-04-23 12:28:57.229529+00:00,hu,blikk.hu,blikk.hu,2026-04-23,Szoboszlai Dominiknak is összejött a kétharmad,https://www.blikk.hu/sport/kulfoldi-foci/szoboszlai-dominik-liverpool-honap-legjobbja/xd4bbj6
e928eb83ad8ce0df7957a28d9f1104dbec454f4cce8ca4ea1ae42ff8c134dac1,2026-04-23 11:35:43.951788+00:00,hu,blikk.hu,blikk.hu,2026-04-23,"Íme, a lista: a PDSZ megmondta, mit követel az új kormánytól",https://www.blikk.hu/politika/magyar-politika/pdsz-tisza-elvaras-oktatas-pedagogus/w38pk5j
6f3afbb78670e530a920113ebaf155549676b9ff741e0e2625615b8944f1f7e1,2026-04-23 11:35:04.948733+00:00,hu,blikk.hu,blikk.hu,2026-04-23,Kíméletlenül őszinte volt magához a drog poklában T. Danny: „Jó nagy sz.r alak lettél”,https://www.blikk.hu/sztarvilag/hazai-sztarok/t-danny-drog-oszinte-szar-alak-tilla-podcast/jfd5v15
7668798cd34e4108294e73536fac2beb2b656443591375d970758dbc894f621b,2026-04-23 11:34:40.809855+00:00,hu,blikk.hu,blikk.hu,2026-04-23,Manfred Weber szerint ideje lenne lezárni a hetes cikkelyes eljárást Magyarországgal szemben,https://www.blikk.hu/politika/magyar-politika/a-tisza-part-magyar-peter-europai-neppart-hetes-cikkely-eljaras/xfxd51q
9338e8c6c39c574ed3abbb100763e399d748dbc098122296071b7d152d4664a6,2026-04-23 11:34:35.892924+00:00,hu,blikk.hu,blikk.hu,2026-04-23,"Donald Trump elintézi, hogy Irán helyett az olaszok indulhassanak a foci vb-n?",https://www.blikk.hu/sport/kulfoldi-foci/donald-trump-olaszorszag-iran/j2phhyt
5fe05fe14c2e4d24b6027c5fa3aa23106c086f5a712a7752eab71b654b470c81,2026-04-23 11:22:24.025200+00:00,hu,origo.hu,origo.hu,2026-04-23,Magyar Péter Ficóval egyeztetett – itt vannak a részletek,https://www.origo.hu/belpol/2026/04/magyar-peter-robert-fico-egyeztetes-feltetel-tisza-part
ea3c5de2d7193132af18c486ac6fcb3eca70101c1963c71e670f27b0dd3aac95,2026-04-23 11:22:18.799038+00:00,hu,origo.hu,origo.hu,2026-04-23,Elszabadult a pokol: egymásnak esett a Nagy Ő két bombázója,https://www.origo.hu/nagyvilag/2026/04/nagy-o-kiss-kriszta-szarka-eva-cicaharc
72544896e6af9c98c231fb48402feb11693966e993e4c51ed246cf38df956016,2026-04-23 11:22:13.861731+00:00,hu,origo.hu,origo.hu,2026-04-23,"Javították az iPhone hibáját, amit kihasznált az FBI",https://www.origo.hu/techbazis/2026/04/iphone-ertesites-fbi-hiba-serulekenyseg-javitas
def520ae46e3a0c12c1d3c2a6904ef40c1571fb243a95125f1ffd61b3fbe56c9,2026-04-23 11:22:08.986281+00:00,hu,origo.hu,origo.hu,2026-04-23,"Jó nagy szar alak lettél, T. Danny",https://www.origo.hu/kek-hirek/2026/04/drogos-rapper-jo-nagy-szar-alak-lettel
98e65f1517d25c8ca1ed150eb700b9036ef66976d1cb56e49d55e4609fe9f8fa,2026-04-23 11:22:03.859435+00:00,hu,origo.hu,origo.hu,2026-04-23,Megütötte a NASA a főnyereményt? Ez a felfedezés mindent átírhat,https://www.origo.hu/tudomany/2026/04/curiosity-mars-elet-szerves-molekulak-felfedezes
81093df186c52859620beabaa5050a8141ddf938696aac2707d907ca757f1c99,2026-04-23 11:21:58.992051+00:00,hu,origo.hu,origo.hu,2026-04-23,"Meglépte a BMW azt, amitől sokan tartottak!",https://www.origo.hu/auto/2026/04/meglepte-a-bmw-azt-amitol-sokan-tartottak
5e597aafa3448183a65f555d79ebf51a339e16faabfb952e893456624dd5ed2d,2026-04-23 11:21:54.096943+00:00,hu,origo.hu,origo.hu,2026-04-23,Fájdalmas posztban búcsúzott a legendás focikapus felesége,https://www.origo.hu/sport/sport-laza/2026/04/alex-manninger-arsenal-juventus-feleseg-ozvegy-bucsu
71357a7482a5082ad4e34646628c1c580f03cefb3f6a6d26639ea2645e9a1460,2026-04-23 11:21:49.022750+00:00,hu,origo.hu,origo.hu,2026-04-23,Michael Owen őrjítően szexi lánya imád lovagolni – galéria,https://www.origo.hu/sport/sport-laza/2026/04/michael-owen-szexi-lanya-gemma-owen-lovaglas
28acbdbdca7542fb29f9430009701f6809f95b38dcacfdd900b5742b2bb2af11,2026-04-23 11:21:43.850919+00:00,hu,origo.hu,origo.hu,2026-04-23,Már csak ez hiányzott: LMBTQ-tévécsatorna indul Magyarországon,https://www.origo.hu/belpol/2026/04/lmbtq-tevecsatorna-erkezik-magyarorszagra
710cffe3d34d40b724fccf8122c2af8ac0ecc77d7f3e0ec23bdb4de45f222667,2026-04-23 11:21:38.823645+00:00,hu,origo.hu,origo.hu,2026-04-23,Micsoda?! Olaszország Irán helyett ott lehet a foci-vb-n?,https://www.origo.hu/sport/sport-futball/2026/04/foci-vb-olaszorszag-iran-labdarugas-javaslat
1419c88f9e4eeb153da05bf3b67c6754a4e0989628ebb93da51a205fc28a36c7,2026-04-23 11:21:33.799956+00:00,hu,origo.hu,origo.hu,2026-04-23,"Járókelők közé csapódott egy autó, egy babakocsit is elsodort",https://www.origo.hu/nagyvilag/2026/04/baleset-auto-sofor-jarda-serult
513cd55604f622df6bd8662afe7082bdd7a31823d2e3f653a8551797f1caab98,2026-04-23 11:21:29.717684+00:00,hu,origo.hu,origo.hu,2026-04-23,"Minden, amit az azbeszt-ügyről tudni lehet",https://www.origo.hu/itthon/2026/04/azbeszt-ugy-szombathely-informaciok
dbd63ef149caff1d9d9593006dc329cde76a43bb8750a1767b54ade5eac08499,2026-04-23 11:21:23.985098+00:00,hu,origo.hu,origo.hu,2026-04-23,"Tóth Balázst a pályán zaklatták, csapata elkerülte a szégyent",https://www.origo.hu/sport/sport-futball/2026/04/toth-balazs-blackburn-angol-masodosztaly-bennmaradas
5a7dce942eb9f6febc7e4e54921896d85da21cf934c64556551bbc498c35f8a6,2026-04-23 11:21:19.049429+00:00,hu,origo.hu,origo.hu,2026-04-23,Elfogyhat az üzemanyag hazánkban? Csapolják a hatósági áras gázolajat,https://www.origo.hu/kek-hirek/2026/04/uzemanyaglopas-gazolajtolvaj-europa
7a8c2e7edde80644e0e72f6d7357102f49b0d4b0ffd9914b5f0e21f887433dd9,2026-04-23 11:21:13.785909+00:00,hu,origo.hu,origo.hu,2026-04-23,Sokk Szegeden: Bodó Richárd bejelentése mindent megváltoztat,https://www.origo.hu/sport/sport-egyeni/2026/04/bodo-richard-otp-bank-pick-szeged-kezilabda
0e6e5480efbfa5cd501bcf5566086c069b65ecf93b43b22f532fc07c9614df2a,2026-04-23 11:21:09.460460+00:00,hu,origo.hu,origo.hu,2026-04-23,"Büntetőfékezéssel provokált ütközést, majd volt képe ezt tenni Budapesten – videó",https://www.origo.hu/auto/2026/04/indulat-turelmetlenseg-hazai-utakon
a9dcb9b2803d58b77874f03dea856656f32147c17cc829c1080fa865cd37f20a,2026-04-23 11:21:03.871160+00:00,hu,origo.hu,origo.hu,2026-04-23,Még nincs vége a boltbezárásoknak: újabb magyar Tesco áruházat szanálnak,https://www.origo.hu/gazdasag/2026/04/tesco-boltbezaras-aprilis
bab83c8b15125b81a51f41d6a07a9a2420b4083cd80d7098cdc979042909bc8b,2026-04-23 11:20:58.938703+00:00,hu,origo.hu,origo.hu,2026-04-23,Újabb ukrán drónraj zúdult az orosz energetikai létesítményekre,https://www.origo.hu/kulpol/2026/04/ukran-dronraj-zudult-az-orosz-energetikai-letesitmenyek
e9d0dcbd9e4515f581a3f6f5cb340b3a63693bd93bafb63cdadc580d24cf6afa,2026-04-23 11:20:53.924282+00:00,hu,origo.hu,origo.hu,2026-04-23,Brutális büntetést kapott az MLSZ-től a magyar válogatott focista,https://www.origo.hu/sport/sport-futball/2026/04/paks-szabo-janos-mlsz-sulyos-buntetes-eltiltas-fejeles
9c73d84700a3b6e668388a20239409833d0a279f961786ae1cebd64989f8a8c4,2026-04-23 11:20:49.217954+00:00,hu,origo.hu,origo.hu,2026-04-23,Palvin Barbi terhes? Megszólalt a szupermodell,https://www.origo.hu/teve/2026/04/palvin-barbi-baba-pletyka-modell-reakcio
a382f98a525d044ba4ecca14fb57bb34bd0fa414d638dafa1d197e5c35d5ed95,2026-04-23 11:20:43.823030+00:00,hu,origo.hu,origo.hu,2026-04-23,"Ez túl szép volt, hogy igaz legyen",https://www.origo.hu/kek-hirek/2026/04/befektetesi-csalas-szazezres-jutalek
c204b68fa13a6849601dd487aa379d1a41643d30fb2ae5dc40608cb77b55c200,2026-04-23 11:20:38.786763+00:00,hu,origo.hu,origo.hu,2026-04-23,Itt a vége? Egészségügyi kockázatot jelent az autóvezetés,https://www.origo.hu/auto/2026/04/itt-a-vege-egeszsegugyi-kockazatot-jelent-az-autovezetes
9fd89ec19227965b270f8f7fe065a7bbb64c41c8ecedfb2bed615459baaacc29,2026-04-23 11:20:33.856013+00:00,hu,origo.hu,origo.hu,2026-04-23,Rangos nemzetközi elismerést kapott a Magyar Állami Operaház,https://www.origo.hu/gazdasag/2026/04/operahaz-rangos-nemzetkozi-elismerest-kapott
c73263b856fb8ddfa92115a9c911e0d8a77d257fe67aeb3beeef220e121ed154,2026-04-23 11:20:28.938912+00:00,hu,origo.hu,origo.hu,2026-04-23,Elkerülhetetlen az adóemelés a Tiszát támogató vállalkozó szerint,https://www.origo.hu/belpol/2026/04/elkerulhetetlen-az-adoemeles-a-tiszat-tamogato-vallalkozo-szerint
7e3f03a06f71d199637ba76c7e7ebddde24c60f7c5381f4c2dde93c41ae72924,2026-04-23 11:20:23.795138+00:00,hu,origo.hu,origo.hu,2026-04-23,"Halálos vegyi baleset: ketten meghaltak, több tucat embert kórházba vittek",https://www.origo.hu/nagyvilag/2026/04/vegyi-baleset-egyesult-allamok-institute
38486af437de072c1c12c0a39357a2ea6845b2e6c26b49984627dc521de7e702,2026-04-23 11:20:18.960363+00:00,hu,origo.hu,origo.hu,2026-04-23,Íme a csúf valóság: Manfred Weber már a látszatra sem ad,https://www.origo.hu/belpol/2026/04/manfred-weber-jogallamisag-hetes-cikk-eljaras-neppart
b531d74dc18fb77cdd1caf421cfbeacbf69655a53c1405f4959ed653b13b2958,2026-04-23 11:20:13.841673+00:00,hu,origo.hu,origo.hu,2026-04-23,Zuhanórepülésben a románok büszkesége – jelentősen visszaesett a Dacia eladása,https://www.origo.hu/gazdasag/2026/04/dacia-eladasok-csokkenese
14a3d45475809ad281ff5afcc605dc4c3ea7df2a23afb1d338eba6c36f0e8fea,2026-04-23 11:20:08.687829+00:00,hu,origo.hu,origo.hu,2026-04-23,"Ettől ki fog nyílni a bicska a zsebében, készüljön",https://www.origo.hu/kek-hirek/2026/04/allatkinzo-szirti-sassal-vadaszott-macskakra
594ccb15c518aeb735c8188f9890b334b8db9a1a3abe971caea2ef7b759ea706,2026-04-23 11:20:03.999041+00:00,hu,origo.hu,origo.hu,2026-04-23,Új korszak jön: betiltják a közösségi médiát a 15 év alattiaknál,https://www.origo.hu/nagyvilag/2026/04/kozossegi-media-torokorszag-15-ev-alatt-tiltas
298eeb57357d94188e46c090e1ca2408a2cd4a45807ffa0f3e47d08cfb0bd00a,2026-04-23 11:19:59.132055+00:00,hu,origo.hu,origo.hu,2026-04-23,Mintegy 30 százalékkal drágul a paracetamol – ez is a háború miatt történik,https://www.origo.hu/gazdasag/2026/04/paracetamol-ar-dragulas
8091ad466111af2bf1c360377d85ced7906af34d26e836c57c60fdf80a568604,2026-04-23 11:19:53.873131+00:00,hu,origo.hu,origo.hu,2026-04-23,"Végre itt van a videó Verstappenről és Hamiltonról, amire mindenki várt!",https://www.origo.hu/sport/f1/2026/04/verstappen-hamilton-forma-1-auto-video
9a4b9dc787e36ac098d89ad1c1e91dbe0fcce5f0c6b7b6f372a793dabaaa26c3,2026-04-23 11:19:49.097386+00:00,hu,origo.hu,origo.hu,2026-04-23,Csernobil újabb rejtélye: kék kutyák jelentek meg a halálzónában,https://www.origo.hu/tudomany/2026/04/csernobil-kek-kutyak-rejtelye-es-magyarazata
9f1931456930e97cac26ed279f15891283698d7249e490ae0332ee140656db34,2026-04-23 11:19:43.868632+00:00,hu,origo.hu,origo.hu,2026-04-23,"Sokkoló jelentés: ha Magyarország a lengyelek útját választja, hatalmas bajba kerül a költségvetés",https://www.origo.hu/gazdasag/2026/04/lengyel-jelentes-bajba-kerul-a-koltsegvetes
4151e800d73cd77ee4db7d3421eb5a5de257497cf17f60acbba11d00ef6471f4,2026-04-23 11:19:39.495451+00:00,hu,origo.hu,origo.hu,2026-04-23,"Totális káosz az M1-esen, kilométereken át araszol a forgalom",https://www.origo.hu/kek-hirek/2026/04/kamionbaleset-m1-felborult-kisigmand
d9dc6e432d4c7110cd4e833362284bea91aef08b7cc920f0fcaba40382c14d47,2026-04-23 10:52:39.851412+00:00,hu,blikk.hu,blikk.hu,2026-04-23,Hihetetlen: klublegendájával is szerződést bontott a Szeged,https://www.blikk.hu/sport/pick-szeged-bodo-richard-szerzodes/pmtg2sz
5567680855f6d15ac7abb081a193fe2e2417ffdf071ed6eb3c7b381503951393,2026-04-23 10:52:34.929391+00:00,hu,blikk.hu,blikk.hu,2026-04-23,"Ezzel a trükkel őrületbe kergeti a legyeket, meg se próbálnak a házba jutni",https://www.blikk.hu/eletmod/tippek/legy-elleni-trukk/7t7319j
3c79f2c276e1f480997ea14876ecc12cf15a8a97b22726dc428af87f5d70528f,2026-04-23 10:51:04.583524+00:00,hu,blikk.hu,blikk.hu,2026-04-23,"Máris reagált az Erste Bank Simor András zsarolással kapcsolatos szavaira: ""Több alkalommal voltunk kitéve megkérdőjelezhető bánásmódnak""",https://www.blikk.hu/aktualis/belfold/erste-bank-simor-andras-zsarolas-reakcio/3hf47cw
581532d3dd359237617312326d930ba0bcb217458675e127f2059b068b9d387c,2026-04-23 10:50:52.084987+00:00,hu,blikk.hu,blikk.hu,2026-04-23,A szakértő elárulta: így lehet érezhetően olcsóbb az autózás már holnaptól,https://www.blikk.hu/auto/uzemanyag-megtakaritas-tippek/6bd8rwe
dfb1aff979a69c0a540a7e64ff701d67b46ccb78b8eefaa6cb2e59c8832d5a29,2026-04-23 10:50:47.186851+00:00,hu,blikk.hu,blikk.hu,2026-04-23,Teljesen elmérgesedett a viszony Kiss Kriszta és egykori vetélytársa között: már nem kérnek a viszályból,https://www.blikk.hu/sztarvilag/hazai-sztarok/nagy-o-kiss-kriszta-televizio-musor-reality/th7p1fl
43100e87a583295b7b4ca01fc1322bc80a85f3f77ce9ef5d5fe0fed401b30a8c,2026-04-23 10:50:42.216500+00:00,hu,blikk.hu,blikk.hu,2026-04-23,"Erősödött a forint, két hónapon belül másodszor csökkent árat az ALDI: több mint 100 termék lett olcsóbb",https://www.blikk.hu/gazdasag/vasarlas/aldi-forint-arcsokkentes-aruhazlanc-magyarorszag/mnbgsg7
5ffcd3a16ab5e8ddf570dad7fe5eb640a6d5487d65fac606960e4124ad37314d,2026-04-23 10:50:37.348252+00:00,hu,blikk.hu,blikk.hu,2026-04-23,"Tragikus véget ért az illegális gyorsulási verseny: 210-zel taroltak le egy Volkswagen Polót a tehetséges focisták, egy anya és a lánya meghalt",https://www.blikk.hu/sport/kulfoldi-foci/koln-nemetorszag-baleset-tragedia/weszf90
e1fbc9e08d5ed984fab71c06caa7c2bc52d73bb43ef46f36b72a3934bf9ca376,2026-04-23 10:50:32.586452+00:00,hu,blikk.hu,blikk.hu,2026-04-23,"Mindent beismert Előd, sokkoló részletességgel mesélte el, hogyan darabolta fel apját",https://www.blikk.hu/aktualis/krimi/apagyilkossag-scherer-karoly-feldabolas/jv5n2vz
3eebf1104c038ea630270db063621c5c7ccd23c4b9978b6a51c17606967e69ec,2026-04-23 10:32:49.281171+00:00,hu,blikk.hu,blikk.hu,2026-04-23,Apa és nevelt fia páros vert meg és rabolt ki egy férfit Pécsen,https://www.blikk.hu/aktualis/belfold/rablas-pecs-sor-palinka-apa-fia-megvertek/tdj8sjw
1493c28ade7aca4d690a6451bfa9d6ee6aa4da4986319cebe4970db252bc2669,2026-04-23 10:31:39.700447+00:00,hu,blikk.hu,blikk.hu,2026-04-23,Hamburgerháború! Sárközi Ákos és Rácz Jenő összecsap a McDonald's és a Burger King szendvicseivel,https://www.blikk.hu/sztarvilag/hazai-sztarok/racz-jeno-es-sarkozi-akos-mcdonalds-burger-king/47xskbv
1d4cf9abe2dd1a3963e12a19cb1656945bf2bcc245b9c152bab0f1581b6431fa,2026-04-23 10:30:59.529984+00:00,hu,blikk.hu,blikk.hu,2026-04-23,Kaotikus helyzet a Pentagonban: hirtelen leváltották a csúcsvezetőt,https://www.blikk.hu/politika/vilagpolitika/pentagon-allamtitkar-menesztes/3cyl29z
eeec21e4c3d16dc37109c2a4229219bd5fc2e9c4beedb16dba12715419c81fd5,2026-04-23 10:18:55.712168+00:00,hu,blikk.hu,blikk.hu,2026-04-23,"Íme, 10 hasznos trükk, amit minden Android Auto felhasználónak tudnia kell",https://www.blikk.hu/ferfiaknak/tech/android-auto-tippek-tanacsok/02mzbx1
dca2ca3a678f4c64ceeb2fc46fb24891c22547b7c03e2282d6863bf523aa65cf,2026-04-23 10:17:48.878125+00:00,hu,blikk.hu,blikk.hu,2026-04-23,Ez ijesztő volt: felhevült szurkoló támadta meg a magyar válogatott kapusát Angliában,https://www.blikk.hu/sport/magyar-foci/toth-balazs-szurkolo-balhe-tamadas/wnv4tvl
b3739a9f7aa9544031c648f04292e5a7e2f7e1c195ab2d7e879aecfa9c77dd0b,2026-04-23 10:17:43.863124+00:00,hu,blikk.hu,blikk.hu,2026-04-23,Előzetes vizsgálat indult Völner Pál ellen,https://www.blikk.hu/politika/magyar-politika/volner-pal-budapest-ugyvedi-kamara-fegyelmi-vizsgalat/kxgp045
37ba042468d396ad98fa7c32aa022b52ec9788dcb63f9b2f7cf6f1368d3f7af0,2026-04-23 09:45:50.151462+00:00,hu,blikk.hu,blikk.hu,2026-04-23,Rolls-Royce Nightingale: Amikor a pénz nem számít,https://www.blikk.hu/auto/rolls-royce-nightingale-exkluziv-luxus-ujmodell/fm5xdry
a87ffb4adb66cd396da76c3ba31a17f56586a0cb9407dfc59d243af361df3bc7,2026-04-23 09:45:15.683899+00:00,hu,blikk.hu,blikk.hu,2026-04-23,"Nem kérnek a faluban A mi kis falunkból, költöznie kell az RTL stábjának",https://www.blikk.hu/sztarvilag/hazai-sztarok/a-mi-kis-falunk-forgatas-piliszentlelek-lakok/vgvs5mg
7cdb600f22585b1adc3dcf66773c907f03e87942d2c5a474999d267ab5e39eff,2026-04-23 09:45:11.116025+00:00,hu,blikk.hu,blikk.hu,2026-04-23,Így kell helyesen vérnyomást mérni: a rossz kartartás megváltoztatja a vérnyomásértéket,https://www.blikk.hu/eletmod/egeszseg/helyes-vernyomasmeres/x0sl7ff
1a88b9249cf87118fd41d328147df1dc66b123137e96b1d2df553de17bef61f4,2026-04-23 09:45:05.651966+00:00,hu,blikk.hu,blikk.hu,2026-04-23,Így kosarazta ki a Bayern Münchent Dárdai Pál,https://www.blikk.hu/sport/magyar-foci/dardai-pal-kozonsegtalalkozo-labdarugas-foci/qtn91nl
b50faf1a201c740884be252f7249b492e1fa606beb08619f2827db6f49df4d1d,2026-04-23 09:45:00.684472+00:00,hu,blikk.hu,blikk.hu,2026-04-23,Le kell cserélni a Megasztár zsűrijét?,https://www.blikk.hu/sztarvilag/hazai-sztarok/curtis-megasztar-zsuri/rkgeqc1
a8d72434fd1f372c1f7d175c65b056c2c3e73b9bd0fc1b1030823a66dfdf7867,2026-04-23 09:44:55.611948+00:00,hu,blikk.hu,blikk.hu,2026-04-23,Most jött: autóbalesetet szenvedett a Tények híradósa,https://www.blikk.hu/sztarvilag/hazai-sztarok/szentpeteri-eszter-tenyek-musorvezeto-autobaleset/jn2d5ly
a3579d0aeb52968b20bcd113fa859f9b2a39ba2fb83eb0e0404a8b2d015d6da6,2026-04-23 09:44:49.924944+00:00,hu,blikk.hu,blikk.hu,2026-04-23,Elindult a lavina? Egyre többen keresnek elektromos autót Magyarországon,https://www.blikk.hu/auto/olcsobb-elektromos-autok/g608fd9
3221f9ed4566b10c74c5984fc65c5fbff89ac3c2f17f018b178f18a33716f0ca,2026-04-23 09:44:30.292986+00:00,hu,blikk.hu,blikk.hu,2026-04-23,Gazdag Dániel csodagólt szerzett az Egyesült Államokban – videó,https://www.blikk.hu/sport/kulfoldi-foci/gazdag-daniel-gol-columbus-crew/jl5mdek
6670e107c3a4803a97b84a6b02028d846494ce445f44c049c563dbf765d57836,2026-04-23 09:44:25.206147+00:00,hu,blikk.hu,blikk.hu,2026-04-23,Több mint 140 ezer Fordot hívnak vissza tűzveszély miatt,https://www.blikk.hu/auto/auto-ford-termekvisszahivas-serult-ford-ranger-serult/n6201t6
3a38b061f2fbeed406f233bac54ed97b073611cf5e58bd2b65dbe85b7543fb8b,2026-04-23 09:44:12.724403+00:00,hu,blikk.hu,blikk.hu,2026-04-23,Egyeztet a Magyar Orvosi Kamara és a Tisza Párt: új korszak jöhet az egészségügyben,https://www.blikk.hu/aktualis/belfold/tisza-kormany-egeszsegugyi-miniszter-magyar-orvosi-kamara/ct459lk
4f9109e249a46c88187f7ab977a66a8eaff6ee988ee71b0fe73f645b6ba32002,2026-04-23 09:44:07.953694+00:00,hu,blikk.hu,blikk.hu,2026-04-23,"Ismeretlen szám hív? Ezzel a módszerrel könnyen kiderítheted, hogy ki az",https://www.blikk.hu/ferfiaknak/tech/rejtett-szam-hivas-telefon/dxskqmv
d885a2da4f618b15faa776c9262e354725b3765762cf9976be89abc6f0611a26,2026-04-23 09:44:02.858428+00:00,hu,blikk.hu,blikk.hu,2026-04-23,"Súlyos vonatbaleset Dániában, nagyon sok a sérült, több utas állapota kritikus",https://www.blikk.hu/aktualis/kulfold/vonat-utkozes-baleset-dania-serultek/rt93vhx
02f7d747ce1139d054719aa31cd43d46904ae181b04edb63b10f44daa8c50659,2026-04-23 09:31:11.870753+00:00,hu,index.hu,index.hu,2026-04-23,"Szlovákia bejelentette, hogy újraindult a kőolajszállítás a Barátság vezetéken",https://index.hu/kulfold/2026/04/23/szlovakia-denisa-sakova-baratsag-koolajvezetek-szallitas-ujraindult/
ea2c1b3efa734106320c1766f5748f8a994a74596c4e5488b33f0c2d260c1b3c,2026-04-23 09:31:01.920424+00:00,hu,index.hu,index.hu,2026-04-23,"Irán elárulta, hogy meddig elképzelhetetlen a Hormuzi-szoros megnyitása",https://index.hu/kulfold/2026/04/23/egyesult-allamok-iran-iran-usa-konfliktus-hormuzi-szoros-hajok-lefoglalas-blokad/
d1ba541af774d561db5ba88bc7fb6be7880ca8f6c66c095d256c248a97d67588,2026-04-23 09:30:56.972210+00:00,hu,index.hu,index.hu,2026-04-23,Figyelmeztet a NAV: több mint 600 ezer autós nem fizette be a gépjárműadót,https://index.hu/belfold/2026/04/23/nav-gepjarmuado-befizetes-hatarozat-hatarido-modosul/
e8ba636753b88cba152bc8e79a8549ff732f1847302b852afddf35f415db6254,2026-04-23 09:30:51.875398+00:00,hu,index.hu,index.hu,2026-04-23,A Manchester City győzelmével a Premier League-tabella élére robbant,https://index.hu/sport/futball/2026/04/23/premier-league-manchester-city-arsenal-tabella/
fb22caf2bd19217d0f7dfe01ba974e6e59bfbad130c57ce7a2664111131078d2,2026-04-23 09:30:46.843094+00:00,hu,index.hu,index.hu,2026-04-23,Véget ér egy korszak Szegeden: tíz év után távozik a magyar válogatott kulcsember,https://index.hu/sport/kezilabda/2026/04/23/ferfi-kezilabda-bajnokok-ligaja-otp-bank-pick-szeged-tavozas-bodo-richard/
ef906532def8e96afeda4768274ee90dca95189928ce2aee6882a4d9007d4883,2026-04-23 09:30:42.044137+00:00,hu,index.hu,index.hu,2026-04-23,"„Nem a politikát, hanem a hatalmat tanulták meg!”",https://index.hu/velemeny/2026/04/23/felelossegvallalas-megujulas-fidesz-orban-viktor-politika-jobboldal-nemzeti-oldal-kormany-magyarorszag/
c03b4a38979445460c22a25009b1d974cde7496140a23cdaff47d4afe48ec9ad,2026-04-23 09:30:36.972104+00:00,hu,index.hu,index.hu,2026-04-23,"Robbant a botrány: az Erste hátrányos bánásmódról beszél, Simor András zsarolást állít",https://index.hu/gazdasag/2026/04/23/simor-andras-mnb-jegybank-erste-bank-bankfelugyelet/
c219c50f4d9896ec6526cf72df8b9e7baadfd6f4925ab7a4d284e43ee5878d1a,2026-04-23 09:30:32.998534+00:00,hu,index.hu,index.hu,2026-04-23,"Leonardo DiCaprio humoránál volt, szokatlan ajándékkal lepte meg a Golden Globe rajta viccelődő műsorvezetőjét",https://index.hu/mindekozben/poszt/2026/04/23/leonardo-dicaprio-humoranal-volt-szokatlan-ajandekkal-lepte-meg-a-golden-globe-rajta-viccelodo-musorvezetojet/
ab44e343ed230636524df3ad8ddbf3cd7c6f835b8292832fd794f569db631182,2026-04-23 09:30:27.027471+00:00,hu,index.hu,index.hu,2026-04-23,Tarjányi Péter: Nagyon keményen betámadtak,https://index.hu/belfold/2026/04/23/tarjanyi-peter-facebook-poszt-lehallgatasi-botrany-reakcio-magyar-kormany/
8377fc4fa964b00ed17640e17b2f8e002f3e00b26833115a0fbc4ba8e2dff310,2026-04-23 09:30:22.075950+00:00,hu,index.hu,index.hu,2026-04-23,A Tisza Párt győzelme után hatalmas fordulat jött az ingatlanpiacon,https://index.hu/gazdasag/2026/04/23/ingatlan-ingatlanpiac-alberlet-ingatlanarak-kereslet/
8936ff14144d8f2cfa36e2b934071040a712844b5ce7d3303c9b2c9c53685980,2026-04-23 09:30:16.912733+00:00,hu,index.hu,index.hu,2026-04-23,Orbán Viktor szavaival vágott vissza Magyar Péter,https://index.hu/belfold/2026/04/23/magyar-peter-tisza-part-alkudozas-fidesz-uzenet-orban-viktor/
e67ef915839f1e398b83737eb00f1737c5052be3add183aba70a55c4168d93df,2026-04-23 09:30:11.940994+00:00,hu,index.hu,index.hu,2026-04-23,"Teljes szélességében lezárták az M43-as autópályát Makónál, kigyulladt egy kamion",https://index.hu/belfold/2026/04/23/m43-as-autopalya-kamion-tuz-lezaras-mako-katasztrofavedelem/
688ac107a6b21a83bc30e6e5f93f11df218c838d19a0efdfa25ebe28c7db29df,2026-04-23 09:30:06.835199+00:00,hu,index.hu,index.hu,2026-04-23,"Lamine Yamal megsérült, rámehet a 18 éves zseni világbajnoksága",https://index.hu/sport/futball/2026/04/23/lamine-yamal-serules-csere-vb-barcelona-celta-vigo-la-liga-spanyol-bajnoksag-el-clasico/
9780d62649b5bc075b599e32fdfbfee9c9a4163ccfa9718faa88a98375d11a9e,2026-04-23 09:30:01.844633+00:00,hu,index.hu,index.hu,2026-04-23,"Rétvári Bence szólalt fel a legtöbbet a parlamentben, Kubatov Gábor csaknem 20 éve hallgat",https://index.hu/belfold/2026/04/23/parlament-orszaggyules-kepviselo-felszolalas/
ffda9fd328b422649275e37ad1f42b50d9ed857c791fc0c6bfc88aa263981edb,2026-04-23 09:29:57.732748+00:00,hu,index.hu,index.hu,2026-04-23,Balogh Levente különleges elnöki pozícióra pályázik,https://index.hu/mindekozben/poszt/2026/04/23/balogh-levente-judo-szovetseg-elnok-palyazat/
a4dea3c0ddfeae402eac0d3b467ab331b0f399d3cffe0a008e0ee45f48ba2e12,2026-04-23 09:29:52.016665+00:00,hu,index.hu,index.hu,2026-04-23,"Megbénult a debreceni vasútvonal, pótlóbusszal szállítják az utasokat",https://index.hu/belfold/2026/04/23/mav-felsovezetek-szajol-potlobusz/
eca914b0c2d9405fcd0ac6bd4401820b0775dcaa47142741045b892682ce8e7d,2026-04-23 09:29:47.032831+00:00,hu,index.hu,index.hu,2026-04-23,"Eltűnt a boltokból a Magyar Péterről szóló képregény, a kiadó visszahívta",https://index.hu/belfold/2026/04/23/en-a-ketarcu-kepregeny-magyar-peter-libri-visszahivtak-politikai-kiadvany-erste-per-visszahivas/
89e9cee87183925512df30039352d11ce09ed2e216f57b1c0d606a43f4e0809e,2026-04-23 09:29:42.074666+00:00,hu,index.hu,index.hu,2026-04-23,"Putyin propagandistája nem kér bocsánatot, tovább gyalázza az olasz kormányfőt",https://index.hu/kulfold/2026/04/23/giorgia-meloni-oroszorszag-nagykovet-olaszorszag-diplomacia-reakcio-olasz-sajto-botrany/
7759adcd527bdf62e63196c29150a909c8b68a98f570396a9823d9d4334fa1e9,2026-04-23 09:29:37.014582+00:00,hu,index.hu,index.hu,2026-04-23,Donald Trump otromba ötlete felboríthatja a futball-világbajnokság rendjét,https://index.hu/sport/futball/2026/04/23/iran-olaszorszag-futball-vb-kizarni-meghivni-donald-trump/
d782541de71ecc4a5d53993be9a81c82e276a390362975103f413ada37a664b0,2026-04-23 09:29:32.055787+00:00,hu,index.hu,index.hu,2026-04-23,"Kitálalt a Muzsika TV egykori munkatársa, a jogdíjak felét követelhette tőlük a főszerkesztő",https://index.hu/fomo/2026/04/23/rtl-muzsika-tv-mulatos-botrany-szarvas-jozsef-josh-jogdijak-visszaeles-artisjus/
a5cb845f3d5912cc1ad8a1bbb2a54000d57df577fced80bae9cc055046e00bee,2026-04-23 09:29:27.154240+00:00,hu,index.hu,index.hu,2026-04-23,"Csodával határos módon élt túl egy autóbalesetet a futballsztár, de úgy tűnik, semmit nem tanult belőle",https://index.hu/sport/futball/2026/04/23/michail-antonio-west-ham-united-premier-league-tamado-autobaleset-gyorshajtas-itelet-birosag/
525a0674a9c59b85773003a3f069f81f298d6ed402676c251d6fe60ce4dfc3c2,2026-04-23 09:29:22.124137+00:00,hu,index.hu,index.hu,2026-04-23,Juhász Péter a mesterséges intelligencia segítségével hozná helyre a ledarált állami dokumentumokat,https://index.hu/belfold/2026/04/23/juhasz-peter-juhi-ledaralt-dokumentumok-mesterseges-intelligencia/
e498c19683209466b72cb9c46e15855ae3c4d145d368318307c49ab0b4dc395d,2026-04-23 09:29:16.941913+00:00,hu,index.hu,index.hu,2026-04-23,Kannabiszültetvényt talált a rendőrség egy kigyulladt műhelyben a Népszigeten,https://index.hu/belfold/2026/04/23/budapest-nepsziget-muhely-kigyulladt-kannabisz-ultetveny/
93317512e0fc86622b71e33281a476d6c952e842ff30ab7f08dbf28d634b5b31,2026-04-23 09:29:12.293278+00:00,hu,index.hu,index.hu,2026-04-23,"Tóth Balázs is hozzátette a magáét, megmenekült a kieséstől a Blackburn Rovers",https://index.hu/sport/futball/2026/04/23/bennmaradas-blackburn-rovers-lancashire-1-3-toth-balazs-/
8e0a64d7dc8c9f3f4cbac2a97e9d9b1af7642bb20966302ac65b6d9bdd24e83a,2026-04-23 09:29:07.912177+00:00,hu,index.hu,index.hu,2026-04-23,Három hónapja nem hozott döntést kegyelmi ügyekben Sulyok Tamás,https://index.hu/belfold/2026/04/23/sulyok-tamas-koztarsasagi-elnok-kegyelem-novak-katalin-kerveny/
f5254eb0027be46ce7287b861513d3f4db874a0026b0cc69114729ca8d5c8dea,2026-04-23 09:29:03.179249+00:00,hu,index.hu,index.hu,2026-04-23,"Akkor és most fotók bizonyítják, Az ördög Pradát visel sztárjai semmit sem öregedtek az elmúlt 20 évben",https://index.hu/mindekozben/poszt/2026/04/23/akkor-es-most-fotok-bizonyitjak-az-ordog-pradat-visel-sztarja-semmit-sem-oregedtek-az-elmult-20-evben/
f821dcac14b522657b9305e1e094f99d1c4b521aade9a9d51a4cce9e0eeee9b1,2026-04-23 09:28:56.925521+00:00,hu,index.hu,index.hu,2026-04-23,"Frontálisan ütközött két személyvonat Dániában, mintegy 20 ember megsérült",https://index.hu/kulfold/2026/04/23/dania-koppenhaga-vonat-baleset-utkozes-serultek/
5a2523192e4507e80db0c18f7dab3bcfe8ecfdf185beb7b37ab7fe65a43bcb04,2026-04-23 09:28:52.253446+00:00,hu,index.hu,index.hu,2026-04-23,90 évnyi várakozási időt spórolna meg nekünk a Pesti Fonódó: elkészültek a Bajcsy-villamos első tervei,https://index.hu/belfold/2026/04/23/vitezy-david-podmaniczky-mozgalom-budapest-pesti-fonodo-villamos-tervek/
a61b4fb7f7e7f15e7d664015846ef455e8d82e188f0de43b7951093ee3bff8c2,2026-04-23 09:28:46.900766+00:00,hu,index.hu,index.hu,2026-04-23,Pénztártól való távozás után reklamációt nem fogadunk el?,https://index.hu/velemeny/2026/04/23/jobboldal-baloldal-liberalisok-ertelmiseg-oktatas-tisza-part-magyar-peter-kormanyalakitas-politika/
61e79a40b4a6a793c4d7a39b4b0feafef89add27232e0aa4fc8b29f189f51554,2026-04-23 09:28:42.133877+00:00,hu,index.hu,index.hu,2026-04-23,"Simor András szerint megzsarolták, azért távozott az Erste felügyelőbizottságából",https://index.hu/gazdasag/2026/04/23/simor-andras-magyar-nemzeti-bank-matolcsy-gyorgy-zsarolas-erste/
dcf916a3021eedcf2b188803802322d7e11fb388dd8625ee31e53caacbceec1c,2026-04-23 09:28:24.351619+00:00,hu,index.hu,index.hu,2026-04-23,Tisztogatási hullám a Pentagonban: menesztették az Egyesült Államok haditengerészeti államtitkárát,https://index.hu/kulfold/2026/04/23/egyesult-allamok-haditengereszet-allamtitkar-menesztes/
4eaaa636bf6dc6ad6e172d69136cc172e675bb03669460ccf897c08dbe8b289b,2026-04-23 09:19:50.490009+00:00,hu,origo.hu,origo.hu,2026-04-23,Rekordütemben növeli aranytartalékát Lengyelország,https://hirtv.origo.hu/hirtvkulfold/2026/04/rekordutemben-noveli-aranytartalekat-lengyelorszag
f26b9517a16bf465e003c3fec92da29ffc6d28252af10f28fc8827ca82ffcc94,2026-04-23 09:19:27.898915+00:00,hu,origo.hu,origo.hu,2026-04-23,Áramló jelenlét címmel kiállítás nyílt a Műcsarnokban,https://hirtv.origo.hu/kultura/2026/04/aramlo-jelenlet-cimmel-kiallitas-nyilt-a-mucsarnokban
0bdafcbd60e255325bb48d8b476d23d525b1f44b4d180687a82e4e5697a03e86,2026-04-23 08:40:50.201492+00:00,hu,blikk.hu,blikk.hu,2026-04-23,Irán szerint a tűzszünet megsértése miatt nem lehet megnyitni a Hormuzi-szorost,https://www.blikk.hu/aktualis/kulfold/iran-hormuzi-szoros-megnyitasa-donald-trump/cerbll1
ff42cea9bd088b2c8b8ac3564a864100ba13613f9e47b57ef91d20ef72904697,2026-04-23 08:40:42.883970+00:00,hu,blikk.hu,blikk.hu,2026-04-23,Most már nem titkolják: Lewis Hamilton és Kim Kardashian szenvedélyesen csókolózott a tengerparton – fotó,https://www.blikk.hu/sport/kim-kardashian-romantika-lewis-hamilton-randi-csok/r3ct9zz
f882f7b442fa106e1ec0bd291b55bfd3a08337123f0f468926c788809edc803b,2026-04-23 08:40:21.374548+00:00,hu,blikk.hu,blikk.hu,2026-04-23,Az uniós bíróság ítélete után zöld jelzést kaphat a magyar Szivárvány TV,https://www.blikk.hu/aktualis/belfold/televizio-csatorna-lmbtq-szivarvany-nmhh-gyermekjogi-torveny/snfvvk2
012e59396e423266abc966fe53e83bca508d99849d5fbc356b537931e5c343a4,2026-04-23 08:40:11.450385+00:00,hu,blikk.hu,blikk.hu,2026-04-23,Szenzáció: több száz millió forintért igazolhat topligás csapathoz a Győr tehetséges csatára,https://www.blikk.hu/sport/magyar-foci/olekszandr-piscsur-eto-girona-atigazolas-uzlet/3ev8gv0
2d7132a30a52599e331d090418335b81ea165914bf1584f047dffc08ed29a7ed,2026-04-23 08:40:06.479147+00:00,hu,blikk.hu,blikk.hu,2026-04-23,Összeomlott a horrorbalesetben elhunyt kapuslegenda özvegye: „Nem tudom szavakba önteni ezt az elképzelhetetlen fájdalmat”,https://www.blikk.hu/sport/kulfoldi-foci/alex-manninger-ozvegye/l8n7xh8
3c5a4cf17b0b75fccf63960699c56cf853b3ce73c08adb8065c896fc2143b86b,2026-04-23 08:39:58.859761+00:00,hu,blikk.hu,blikk.hu,2026-04-23,Drágul a repülés nyáron? Így látják most a szakértők a kerozin és a jegyárak helyzetét a térségben,https://www.blikk.hu/eletmod/utazas/repules-repulojegy-ar-valtozas-szakerto/0n25pnb
1a0224d51fec06526e0fe1be3c3d33b48f8ef10359583bf703d6901ac5d74723,2026-04-23 08:39:54.109161+00:00,hu,blikk.hu,blikk.hu,2026-04-23,Több százezer járműtulajdonos maradt adós a Nemzeti Adó- és Vámhivatal felé,https://www.blikk.hu/auto/nav-gepjarmuado-600-ezren-kesedelmi-potlek/hnm3w5t
4b37b4ba918d0d90ecc262a4f8f6d824a2082646de88ec651233b7f38082c589,2026-04-23 08:39:48.979996+00:00,hu,blikk.hu,blikk.hu,2026-04-23,"""Nem nekünk kellett volna párbajozni"" – őszinte vallomást tett Halász Jázmin a győzelem után",https://www.blikk.hu/sztarvilag/hazai-sztarok/halasz-jazmin-parbaj-exatlon/g8xt7w8
c050d7be92f5c85c452eb9d95f1b13c13d45b8305074c6b176abcca798406717,2026-04-23 08:39:42.994496+00:00,hu,blikk.hu,blikk.hu,2026-04-23,"Fújjon borotvahabot a szőnyegre, majd nyissa ki az ablakot – Meg fog lepődni az eredményen",https://www.blikk.hu/eletmod/tippek/szonyegtisztitas-borotvahab/m8xesb0
31670d9417868b2a30549118f60e94b9af6a557cdc8ad6353081875f3668b228,2026-04-23 08:39:35.459593+00:00,hu,blikk.hu,blikk.hu,2026-04-23,Egy lájk is lehet sértő – ezért érdemes inkább felhívni a másikat,https://www.blikk.hu/ferfiaknak/tech/yettel-telefonalas-vagy-uzenet-kommunikacio-emoji/7ptjfmb
4a462db3c60d7017b7bed8363b0e68c4f95b9586cb8736d315c40b3547b0abb5,2026-04-23 08:39:29.572045+00:00,hu,blikk.hu,blikk.hu,2026-04-23,"Büntetőfékezés, minősített idegbaj: megdöbbentő videókon a magyar közlekedési agresszió",https://www.blikk.hu/aktualis/veszhelyzet/buntetofekezes-zarovonal-agresszio-magyarorszag-kozlekedes/j91mtg4
765cfd68552f874e3658a559c1f22a187c0d949836f9cd51e73fbb1f27af5ea7,2026-04-23 08:39:22.314600+00:00,hu,blikk.hu,blikk.hu,2026-04-23,"A szlovákoknak már érkezik az orosz olaj, de mi a helyzet Magyarországgal?",https://www.blikk.hu/aktualis/kulfold/baratsag-koolajvezetek-ujra-szallit-szlovakia-bejelentes-koolaj-magyarorszag/k5rzhhj
7be24f36bab1bf284e14d9447a075aed755714f416b062025364cf9d8d25894f,2026-04-23 08:39:14.584312+00:00,hu,blikk.hu,blikk.hu,2026-04-23,"Zsigmond Anginál eltört a mécses, amikor kitálalt a Mészáros Bendével való szakításáról – videó",https://www.blikk.hu/sztarvilag/hazai-sztarok/zsigmond-angi-meszaros-bende-szakitas-fokusz/w1lz94q
7f0481090923bf6424075902f245255ba298fc65ef22c8cfa3b254a61b474627,2026-04-23 08:39:09.896257+00:00,hu,blikk.hu,blikk.hu,2026-04-23,Vírusgyilkos műanyagot fejlesztettek: érintésre tépi szét a kórokozókat,https://www.blikk.hu/ferfiaknak/tech/muanyag-virus-elpusztitja-folia/0m859nv
fc7a48f7c4a46a62a2194ed04c11fc5ecf653b403c6fe7caaf1b4349304aee5d,2026-04-23 08:39:04.932590+00:00,hu,blikk.hu,blikk.hu,2026-04-23,Már Németországban is sebességkorlátozást fontolgatnak az autópályákon,https://www.blikk.hu/auto/nemetorszag-sebessegkorlat-autopalya-autozas-kozlekedes/g7yr4nv
c429c4d5c430c5c7de507fa8dda756c30e91a9ae88d7907b21873878d17ed023,2026-04-23 08:34:33.018956+00:00,hu,origo.hu,origo.hu,2026-04-23,"A Liverpool sérült sztárja átesett a műtéten, rá sem lehet ismerni – fotók",https://www.origo.hu/sport/sport-futball/2026/04/liverpool-hugo-ekitike-serules-mutet-uj-fotok
a158b89cfe70ca44d5254da7b552b6699afcb2dfd253fb56a1fefa3bb9c2b728,2026-04-23 08:34:28.568671+00:00,hu,origo.hu,origo.hu,2026-04-23,"Döbbenet: magyar edzőt ünnepel Németország, csodát emlegetnek!",https://www.origo.hu/sport/sport-csapat/2026/04/hollosy-laszlo-suhl-roplabda-nemet-bajnok
6cf3d1ce7767087acf3ac9d435403ab7a0eaac03055d40f6b3cbd2d347feb282,2026-04-23 08:34:23.059874+00:00,hu,origo.hu,origo.hu,2026-04-23,Szijjártó Péterrel kapcsolatban a baloldal nem tud leszállni a kampányvonatról,https://www.origo.hu/belpol/2026/04/szijjarto-peter-baloldal-kampanyvonat
51f456e17476d2dcb368d4ba821b99b702409535b290a50620aa32323a24a07b,2026-04-23 08:34:19.061276+00:00,hu,origo.hu,origo.hu,2026-04-23,Újabb fordulat az azbesztszennyezés ügyében: feljelentést tett a Greenpeace,https://www.origo.hu/itthon/2026/04/azbesztszennyezes-feljelentest-tett-a-greenpeace
7c6a977002c3af75c3b9935004634395640ed22bfdbbdd5b73340635fe1b5561,2026-04-23 08:34:13.090702+00:00,hu,origo.hu,origo.hu,2026-04-23,Újabb hazugság dőlt meg: nem Orbán Gáspár vezette a csádi misszió tervezését,https://www.origo.hu/belpol/2026/04/csadi-misszio-hazugsag-orban-gaspar-tervezes
06928b40ebba32e1a4ebc9205773ea592de44dd34312806ee7973d5265d610b0,2026-04-23 08:34:08.487850+00:00,hu,origo.hu,origo.hu,2026-04-23,Klasszis gólt szerzett Gazdag Dániel Amerikában – videó,https://www.origo.hu/sport/sport-futball/2026/04/gazdag-daniel-mls-gol-columbus-crew-los-angeles-galaxy
c72706039a833b714b4724fb9846029f5d7f3a9ed21db6f5f126ec87f7d1ea16,2026-04-23 08:34:03.021861+00:00,hu,origo.hu,origo.hu,2026-04-23,"Csapadék nem jön, de a szél mindent visz: ilyen lesz az időjárás",https://www.origo.hu/itthon/2026/04/idojaras-csutortok-pentek-magyarorszag
b743098648985ae960c9a4b0911922dcf37c86f15a12ed673712fb9eea913ac6,2026-04-23 08:33:58.571954+00:00,hu,origo.hu,origo.hu,2026-04-23,Újraindult a kőolajszállítás a Barátság vezetéken,https://www.origo.hu/gazdasag/2026/04/baratsag-vezeteken-ujraindult-a-koolajszallitas
cff5c3678c488bb33a92257b709e6da60a0ccd5350353910c8a2b405efdc5e53,2026-04-23 08:33:53.023000+00:00,hu,origo.hu,origo.hu,2026-04-23,A Bayern München legendája edzőként térhet vissza a klubhoz,https://www.origo.hu/sport/sport-futball/2026/04/bayern-munchen-franck-ribery-dante-visszateres
050b16f5da3f906b3351aac5672278f964a5858bd836d3362cab642e2a355862,2026-04-23 08:33:48.605142+00:00,hu,origo.hu,origo.hu,2026-04-23,Dornfeld László: A Tisza-kormány nehéz politikai helyzetbe kerülhet a gyermekvédelmi szabályozás ügyében,https://www.origo.hu/belpol/2026/04/dornfeld-laszlo-tisza-kormany-gyermekvedelmi-szabaly
191bd7a74a619ebf9710883a1dd7597015677af5fdd69d9a903b7cfb144dea83,2026-04-23 08:33:43.008340+00:00,hu,origo.hu,origo.hu,2026-04-23,"A gólja után sírva omlott össze a Barcelona sztárja, Lamine Yamal – videó",https://www.origo.hu/sport/sport-futball/2026/04/lamine-yamal-barcelona-celta-serules-konnyek-vb-video
f9d1966953b00ace5627ccdf6f018a8c1bd77a398b50a8a839668adff4692321,2026-04-23 08:33:38.673187+00:00,hu,origo.hu,origo.hu,2026-04-23,Megszólalt a Pentagon: ekkor lesz biztonságos a Hormuzi-szoros,https://www.origo.hu/kulpol/2026/04/megszolalt-a-pentagon-ekkor-lesz-biztonsagos-a-hormuzi-szoros
7b7196250fb5e43e6737b499d7e3bda957ae6105f7befa36c89f251db98f1fd8,2026-04-23 08:33:33.040238+00:00,hu,origo.hu,origo.hu,2026-04-23,"Botrány a Forma–1-ben: extra erőt kaphat a Ferrari, a Mercedesnél kiborultak",https://www.origo.hu/sport/f1/2026/04/forma-1-botrany-fia-ferrari-mercedes-motorfejlesztes
a94d59f33b671353b519fa62a53e8be9434fb242129362e69d790056647d19aa,2026-04-23 08:33:28.552045+00:00,hu,origo.hu,origo.hu,2026-04-23,Fontos áttörés jöhet a gyerekek magas vérnyomásának diagnosztikájában,https://www.origo.hu/itthon/2026/04/gyermekkori-magas-vernyomas-szte-applikacio-fejlesztes
63b3c3589c32256d72fca002f3e7bb92ecd7f5fb64177f0acc054f4dfb1bcb07,2026-04-23 08:33:22.978287+00:00,hu,origo.hu,origo.hu,2026-04-23,"Visszatér az LMBTQ, a Budapest Parkban kitűzték a szivárványos zászlót",https://www.origo.hu/belpol/2026/04/pride-lmbtq-budapest-park-kituztek-szivarvanyos-zaszlo
b2fe7d9ebaad5cc5cf6040faa8193b5f384809565c4813f9e560b2860df60ce4,2026-04-23 08:33:18.542458+00:00,hu,origo.hu,origo.hu,2026-04-23,Dömötör Csaba: Semmi köze nem volt a jogállamisághoz,https://www.origo.hu/belpol/2026/04/domotor-csaba-semmi-koze-nem-volt-a-jogallamisaghoz
cc18b5cb93fa76c61779896f156acb0b9fdeabfd1365d41c977da3595b18bd44,2026-04-23 08:33:12.989745+00:00,hu,origo.hu,origo.hu,2026-04-23,Fontos határidő csúszhatott meg sokaknál: ezt minden autósnak tudnia kell,https://www.origo.hu/gazdasag/2026/04/gepjarmuado-hatarido-nav-kesedelmi-potlek
c5a2abea2ea332ecbbc3f44d99e6eaf1926fdeb2dd03e86debcbb09de5a65179,2026-04-23 08:33:09.091236+00:00,hu,origo.hu,origo.hu,2026-04-23,Trump ismét ultimátumot adhatott Iránnak – csak napjaik maradhattak a döntésre,https://www.origo.hu/kulpol/2026/04/trump-ismet-ultimatumot-adhatott
ba3a268313a54b6b1ab1ea1be90a07014278a384eb8647ffb21a23d9499f5d29,2026-04-23 08:33:03.019729+00:00,hu,origo.hu,origo.hu,2026-04-23,"Evakuációs terv készül a Hormuzi-szoros túloldalán rekedtek kimentésére, de lehetetlen küldetéssé válhat",https://www.origo.hu/gazdasag/2026/04/hormuz-evakucios-terv-iran-haboru
1140c7837d8e285e6f1acfa9cf1b714d47ca0cb87afe4e74306969a869c88c06,2026-04-23 08:32:58.693133+00:00,hu,origo.hu,origo.hu,2026-04-23,"Elképesztő jelenetek a Boston Maratonon, két hőst ünnepelnek – videó",https://www.origo.hu/sport/sport-egyeni/2026/04/boston-maraton-eses-serules-segitseg-video
7e6d0c1228bb714a14f8b93ca4b431a3d2e0ebc4c78b68c1e3bd6c7a6d6ed3c0,2026-04-23 08:32:53.670186+00:00,hu,origo.hu,origo.hu,2026-04-23,Tragédia a sétánál – kígyómarásba halt bele egy kutyus,https://www.origo.hu/nagyvilag/2026/04/kigyotamadas-kutya-viperamaras-figyelmeztetes
30ea7e783169de1f267707213ba4b5b925ae611d5820fefbbeb01755d7b3c1ed,2026-04-23 08:32:48.397228+00:00,hu,origo.hu,origo.hu,2026-04-23,"Nem hiszi el, miért állt bosszút egy apa és fia Pest vármegyében",https://www.origo.hu/kek-hirek/2026/04/tamadas-bozotvago-pest-varmegye
d023dd39b8e6d66bdd80904f5e65538cc9d64513cf47ee3719ea171b16ad5436,2026-04-23 08:32:43.024191+00:00,hu,origo.hu,origo.hu,2026-04-23,"Sokkoló álhír terjed a meggyilkolt Dudás Miklós családjáról, Szigligeti Ivettnél betelt a pohár",https://www.origo.hu/kek-hirek/2026/04/dudas-miklos-csaladjarol-alhir
b60073d49c9f6870b77035afb8e9d210d31fd667c5b939c51f80bb56d18d7f24,2026-04-23 08:32:38.570814+00:00,hu,origo.hu,origo.hu,2026-04-23,"Két vonat frontálisan ütközött, rengeteg a sérült",https://www.origo.hu/nagyvilag/2026/04/vonatbaleset-dania-serultek
8b8af260a4e92d5814e2cd7596306bb9d1ed486fd92e62a7362dc5037ec91487,2026-04-23 08:32:33.042690+00:00,hu,origo.hu,origo.hu,2026-04-23,"Hoppá! Lesz egy nap, amikor mindenki féláron tud majd fagyizni",https://www.origo.hu/itthon/2026/04/fagylalt-magyar-fagylalt-napja-orszagszerte
27afef2160b1973e8a8834155a4c467e2bc5346ac5f9a8d6bccbf24a9945afe9,2026-04-23 08:32:29.127774+00:00,hu,origo.hu,origo.hu,2026-04-23,Háborús felkészülést sürgetnek a briteknél: az egész társadalmat érintheti a mozgósítás,https://www.origo.hu/nagyvilag/2026/04/mozgositas-nagy-britannia-hadero-felkeszules
6163435ddb20c8bfa32f3df4d71c0767bc010b1cfe546b426d56c5d5745a4c04,2026-04-23 08:32:23.085628+00:00,hu,origo.hu,origo.hu,2026-04-23,"Azonnal frissítsen, ha ilyen SSD-t vett a közelmúltban",https://www.origo.hu/techbazis/2026/04/ssd-kioxia-exceria-g3-kritikus-firmware-frissites
648c0546e852d42a3cb1b28ea1eb80092137be4d062f90e4bf75a4b62e7918f1,2026-04-23 08:32:18.890125+00:00,hu,origo.hu,origo.hu,2026-04-23,Ezért nem tud haladni az M43-as autópályán,https://www.origo.hu/kek-hirek/2026/04/tuz-langolo-kamion-torlodas-m43
b59c87f1c465290385c6d167b25acc72276f47787a67d2a6c4e68873a798deeb,2026-04-23 08:32:12.930761+00:00,hu,origo.hu,origo.hu,2026-04-23,Botrány: Zelenszkij a Barátság kőolajvezetéket támadta,https://www.origo.hu/nagyvilag/2026/04/ukran-zelenszkij-baratsag-koolajvezetek
d13b2738c8d5afb87d12606eda2b51d4a03d626a4c5ab8d10b97425d2a744198,2026-04-23 08:32:08.809345+00:00,hu,origo.hu,origo.hu,2026-04-23,Alig lehet ráismerni: így ünnepelt a szívdöglesztő Telegdy-Kapás Boglárka – kép,https://www.origo.hu/sport/sport-laza/2026/04/kapas-boglarka-elegans-33-szulinap-foto-instagram
47d7173e9d7cf1ae54ff4a492367ff2dad40586f611218e08a4535aab58a7922,2026-04-23 08:32:04.071128+00:00,hu,origo.hu,origo.hu,2026-04-23,Olaszországi gyerekgyilkosság: holtan találtak egy elítéltet Bradács Katalin közelében,https://www.origo.hu/kek-hirek/2026/04/olaszorszagi-gyerekgyilkossag-elkovetoje-mellett-halott
d46f614a7c28e10b46b9bd461fe7dbea97b213463e1cc940ae95326497bfdaf2,2026-04-23 08:31:53.207067+00:00,hu,origo.hu,origo.hu,2026-04-23,Szexi estélyikben hódítottak a sztárok Az ördög Pradát visel 2 vörös szőnyegén – galéria,https://www.origo.hu/nagyvilag/2026/04/az-ordog-pradat-visel-2-londoni-premier-elso-reakciok
96e17f42e5fba8e0c7d6924acfebcd0dc9dfd188cd7f3029905ab0df5e324d39,2026-04-23 07:39:19.976516+00:00,hu,index.hu,index.hu,2026-04-23,"Új korszak jött a befektetésekben, nincs kapaszkodó, mégis pörög a pénz",https://index.hu/gazdasag/2026/04/23/lightyear-befektetes-befektetesi-platform-etf-megtakaritas-politika-piacok-reszvenypiac/?utm_source=hirstart&utm_medium=referral&utm_campaign=ct
c3fec35ada23c20d82e5c84c69200fe4d0539c08259a74adc5ff028f7e059d4c,2026-04-23 07:22:25.995978+00:00,hu,origo.hu,origo.hu,2026-04-23,A bővítéspolitikáért felelős uniós biztos nélkülözhetetlen partnernek nevezte Ukrajnát,https://hirtv.origo.hu/hirtvkulfold/2026/04/a-bovitespolitikaert-felelos-unios-biztos-nelkulozhetetlen-partnernek-nevezte-ukrajnat
a14c70efa9cc298795de900a8a61d69bdf983f2eca9e2bf2b7c488ba286724cb,2026-04-23 07:21:07.757588+00:00,hu,origo.hu,origo.hu,2026-04-23,Mit jelent ma amerikainak lenni?,https://hirtv.origo.hu/hirtvkulfold/2026/04/mit-jelent-ma-amerikainak-lenni
dbad0a74ad0020e849b082af600336b6d03f65a1b63448b894b1db5b024a3b31,2026-04-23 07:20:56.706617+00:00,hu,origo.hu,origo.hu,2026-04-23,Adóemelés kell a Tisza Pártot támogató vállalkozó szerint,https://hirtv.origo.hu/ahirtvhirei/2026/04/adoemeles-kell-a-tisza-partot-tamogato-vallalkozo-szerint
6c802e7b8d2e8cbcbcaed775d1f4743b1e9642ef94a2dc73ab59b6e920b42611,2026-04-23 07:19:53.961290+00:00,hu,origo.hu,origo.hu,2026-04-23,Az Európai Bizottság javasolta a tiszta energiára való áttérés felgyorsítását,https://hirtv.origo.hu/hirtv-gazdasagi-hirei/2026/04/az-europai-bizottsag-javasolta-a-tiszta-energiara-valo-atteres-felgyorsitasat
c0065baf3d786f3c17ce7435d266ea11e15f990de960e50eaecd2078cd220c8e,2026-04-23 06:39:23.993632+00:00,hu,blikk.hu,blikk.hu,2026-04-23,Keresztes Ildikó nem vállalná újra a mentor szerepét az X-Faktorban,https://www.blikk.hu/sztarvilag/hazai-sztarok/x-faktor-toth-andi-valkusz-milan-keresztes-ildiko-mentor/fjlf62b
18001c303be02586bf4626d5808483781e3182e78aca679d439b11273bad0c31,2026-04-23 06:39:18.711141+00:00,hu,blikk.hu,blikk.hu,2026-04-23,Betonharapó óriásgépekkel bontják a legendás budai Körszállót: látványos szakaszához érkezett a munka – fotók,https://www.blikk.hu/aktualis/belfold/korszallo-bontas-fotok-budapest/zxlbn1q
9d785b0664c01678ebb51b98a675b70b21feb3c98f47ccbfc415273ab9f2227a,2026-04-23 06:39:07.364568+00:00,hu,blikk.hu,blikk.hu,2026-04-23,Először lesz egyedülálló miniszterelnöke Magyarországnak,https://www.blikk.hu/aktualis/magyar-peter-egyedulallo-baratno/q7n0vxz
908ef819bf72db87398a4b1b9081220f163100507162bb17efba68b2bf5a5883,2026-04-23 06:38:43.272651+00:00,hu,blikk.hu,blikk.hu,2026-04-23,Mindannyian rosszul készítjük a kávét: felfedezték a legjobb íz elérésének helyes módját,https://www.blikk.hu/eletmod/tippek/tokeletes-kave-keszitese/8634vt2
8b7421b7d6f94b773d572f735d1485cbe26c95d6887256337ebd09af04504c4c,2026-04-23 06:38:21.902289+00:00,hu,blikk.hu,blikk.hu,2026-04-23,"Nem hatotta meg a sofőröket az előre bejelentett favágás, trélerrel vitték el az autókat Újbudán – fotók",https://www.blikk.hu/aktualis/belfold/ujbuda-bejelentett-fakivagas-parkolo-autok-treler/qhg6djn
6f07f1ac9a02d925b1e65920856acc0117ba6a3f0ce8568ae7dd66b4dac90534,2026-04-23 06:38:15.669739+00:00,hu,blikk.hu,blikk.hu,2026-04-23,Miért vágjuk le a szivacs sarkát? Ismerjük meg ezt a felbecsülhetetlen trükköt,https://www.blikk.hu/eletmod/tippek/szivacs-ezert-vagjuk-le-a-sarkat/b9y3trb
a24abdcfbb1615c335789bf2d53d8b18937e371b2277c24453b480de5368befe,2026-04-23 06:38:05.109821+00:00,hu,blikk.hu,blikk.hu,2026-04-23,"Megszólalt Törőcsik Mari ritkán látott örökbefogadott fia: “Átültettek, mint egy egzotikus növényt”",https://www.blikk.hu/sztarvilag/hazai-sztarok/torocsik-mari-orokbefogadott-fia-mahr-son/898h8mv
b905e7796d6db02fefdb1ad6607885ec18bb5aa7ff10f97ab16dcc3dc11d1117,2026-04-23 06:38:00.557628+00:00,hu,blikk.hu,blikk.hu,2026-04-23,"""Ez egy politikai döntés volt""– Bosszúból felrobbantották a Nemzeti Színházat",https://www.blikk.hu/aktualis/belfold/nemzeti-szinhaz/421yr24
3a62782a5acc095e68e7bf5e864dfddcd424d83e969d5d42f76ac6172120fe11,2026-04-23 06:37:55.238722+00:00,hu,blikk.hu,blikk.hu,2026-04-23,„A boldogságtól sírva mondtunk igent” – Csézy kislánya jövője miatt vállalta a közéleti szerepet,https://www.blikk.hu/sztarvilag/hazai-sztarok/csezy-tisza-part-mezokovesd-fellepes-kepviselo-enekesno/01meblz
87b344a9e70d4d2d49e2aeef7c31b866cb9574b1279f66f3369dd39a0953e2b4,2026-04-23 06:37:29.799748+00:00,hu,blikk.hu,blikk.hu,2026-04-23,"Lola élete fenekestül megváltozott a szülés után: „Anya vagyok, és ezt imádom!”",https://www.blikk.hu/sztarvilag/hazai-sztarok/lola-anyasag-maganelet/q1lwggn
065132217f1def6d3726d0c7d59cede6fd9b320e5a369c7db5562ebb056a6cca,2026-04-23 05:38:18.975551+00:00,hu,origo.hu,origo.hu,2026-04-23,61 éve omlott össze végleg a Nemzeti Színház – így tűnt el Budapest egyik jelképe egyetlen nap alatt,https://www.origo.hu/itthon/2026/04/nemzeti-szinhaz-61-eve-robbantottak-fel
d7ddc643f3895d26bdc037a0c48530e6dd549138b18591e28e8789eedf69d7aa,2026-04-23 05:38:13.948871+00:00,hu,origo.hu,origo.hu,2026-04-23,Férfiak vigyázat! Ezek az italok merevedési problémákat okozhatnak,https://www.origo.hu/nagyvilag/2026/04/merevedesi-problemak-egeszseg-eletmod-ital
e687bd02decd39fa8100954331bb6dfac776e8da0fb4014424d6271e41a6b3ea,2026-04-23 05:38:10.416248+00:00,hu,origo.hu,origo.hu,2026-04-23,"Pénisz rajzoltak a pilóták az égre, ez lett a következménye",https://www.origo.hu/nagyvilag/2026/04/penisz-alaku-repulesi-manovereket-vegeztek-finn-pilotak
7087c2ede4163bb9dcff5e4d0f70f2bd6b6d7877e01754a5d2ffd3f313cea782,2026-04-23 05:38:04.940607+00:00,hu,origo.hu,origo.hu,2026-04-23,"Percek alatt pokollá vált Toronto utcája, furgon hajtott a gyalogosok közé",https://www.origo.hu/nagyvilag/2026/04/torontoi-tamadas-2018-furgon-gazolas
8d93d0e5e3808a2ee044fa19e155767f1ffe2b3916dea83ee8333eca50a08706,2026-04-23 05:37:59.244642+00:00,hu,origo.hu,origo.hu,2026-04-23,"Top 7+2 koktél, amit könnyű elkészíteni",https://www.origo.hu/gasztro/2026/04/top-72-koktel-amit-konnyu-elkesziteni
61296e29d08768098ed8dea5a550d714ad7f61d208a81d5cce796fc1d22ecf5e,2026-04-23 05:37:53.953869+00:00,hu,origo.hu,origo.hu,2026-04-23,"Egyedül, mégis biztonságban – Európai úti célok, amelyeket nőként is bátran választhatunk",https://www.origo.hu/utazas/2026/04/egyedulallo-noi-utazok-szamara-biztonsagos-uti-celok-2
5be1a0deba34c12701cd1cb7d2d3b6927a5f230697dcfa0c439774f0f04f0cf2,2026-04-23 05:37:49.650201+00:00,hu,origo.hu,origo.hu,2026-04-23,Európa már egy Oroszország elleni háborúra készül,https://www.origo.hu/kulpol/2026/04/europa-mar-egy-oroszorszag-elleni-haborura-keszul
ce362a3998f5cbd12459c02e5389ed4e680eb1609abbd1dfb80973438e53ee52,2026-04-23 05:37:43.992444+00:00,hu,origo.hu,origo.hu,2026-04-23,Hatalmas változásokat jelentett be a Wizz Air a magyarországi járatoknál,https://www.origo.hu/gazdasag/2026/04/wizz-air-magyarorszagi-jaratok
12344b1cd7e4605c8ef8e6bb597894b38f93c18eb4e547d9099cdaf1fcf8d3fd,2026-04-23 05:37:38.957732+00:00,hu,origo.hu,origo.hu,2026-04-23,"Egészségesnek hitték, pedig a bőrrák előidézője lehet ez a népszerű étel",https://www.origo.hu/tudomany/2026/04/borrak-es-halfogyasztas
43a9312d31a973ac5d2c7cd421254fabb382b2b6e3803ee39d4dd2563933acd2,2026-04-23 05:37:34.046431+00:00,hu,origo.hu,origo.hu,2026-04-23,„Csak muszlimoknak” – törvénysértő lakáshirdetések terjednek Londonban,https://www.origo.hu/kulpol/2026/04/muszlim-lakashirdetes-london
514bd856ac25d97406cebcd2aabae0f7da4cfbe77f251f9e3364c6fb907d0fbd,2026-04-23 05:37:28.959484+00:00,hu,origo.hu,origo.hu,2026-04-23,"Valami nincs rendben a világegyetemmel; megjósolhatatlan, mi fog történni",https://www.origo.hu/tudomany/2026/04/hubble-feszultseg-vilagegyetem-tagulasa
46e9be4eb740d29bf4786bb7db5544096bc3ed0a482c33c58b11d43a27b09fed,2026-04-23 05:37:23.971596+00:00,hu,origo.hu,origo.hu,2026-04-23,Az ex-CIA-ügynök elárulta: ez az elfeledett Al Pacino-mozi a valaha készült legjobb kémfilm,https://www.origo.hu/filmklub/2026/04/al-pacino-kemfilm-tiktok
90c27e63ff31d5b703c8a37561e9d75c7fad8dc0d194d8e09954df88ae424a6a,2026-04-23 05:37:23.341795+00:00,hu,blikk.hu,blikk.hu,2026-04-23,"Lilu szerint minden nap egy jobb ország készül: „Bocs, teljesen átálltam fangirling üzemmódra”",https://www.blikk.hu/sztarvilag/hazai-sztarok/lilu-orome-ruff-balint-magyar-peter-tisza-kormany/g8prnsm
f11a39fa3198f3dfa4fde4ddd3c8ecb507ca1ef9072c9b95a1646a71d3508008,2026-04-23 05:37:18.954358+00:00,hu,origo.hu,origo.hu,2026-04-23,Hamarosan bedőlhet Ursula von der Leyen hatalma? Európa a szakadék szélén áll,https://www.origo.hu/nagyvilag/2026/04/nyugat-europanak-brusszel-eu-iran-konfliktus
88807b4fe4b2b00beffc46db80ebec9e658312d860c52cb22b778566523e9221,2026-04-23 05:37:13.971587+00:00,hu,origo.hu,origo.hu,2026-04-23,Különleges leletre bukkantak a semmi közepén – még a tudósok is meglepődtek,https://www.origo.hu/nagyvilag/2026/04/meteorit-ritka-lelet-ausztralit-felfedezes-ausztralia
e4a97e95ea5048ea3fd4d54d1e7fec00d0c5b69baa7ea0d82601f09af286df76,2026-04-23 05:37:11.852051+00:00,hu,blikk.hu,blikk.hu,2026-04-23,Ismeretlen holttestet találtak Szalkszentmártonban,https://www.blikk.hu/aktualis/belfold/ismeretlen-holttest-szalkszentmarton-rendorseg/h3fr2r4
e784003ccb9d6a5dfdcf4ffe0aa07218b9d384e1f8c169f1ec1429a975120474,2026-04-23 05:37:09.494852+00:00,hu,origo.hu,origo.hu,2026-04-23,Veszélyben a magyar méz – így változhatnak az árak,https://www.origo.hu/itthon/2026/04/mez-ara-2026-aszaly-meheszek-somogy
0fafe336134df0551043e57b7d88469d39107f029ebd12d8d992af334659f839,2026-04-23 05:37:03.866320+00:00,hu,origo.hu,origo.hu,2026-04-23,Több tucat állati tetemet hagytak egy közösségi bolt előtt – sokkoló fotó,https://www.origo.hu/nagyvilag/2026/04/elhullott-allat-tetemek-bolt-elott-anglia
1c622110ae22e69a84fb6eb0de10cdd98465ebc371b27049a2bdaa379a706bc8,2026-04-23 05:36:58.966739+00:00,hu,origo.hu,origo.hu,2026-04-23,Nem sok jót jósolt Ukrajnának a volt külügyminiszter,https://www.origo.hu/kulpol/2026/04/kulugyminiszter-volt-nem-sok-jot-josolt-ukrajnanak
cbd465c63b0f1e0e0fc8d196bc2e963768ad277841cc703e4e526527ad48d6eb,2026-04-23 05:36:53.994044+00:00,hu,origo.hu,origo.hu,2026-04-23,Most először került börtönbe ember ilyen bűncselekményért,https://www.origo.hu/techbazis/2026/04/borton-spoilererzes-japan-itelet
11a0d490c98f449ac374a40bd127f1050dc92afd2b4435762f88cbe697a5e31d,2026-04-23 05:36:48.132178+00:00,hu,origo.hu,origo.hu,2026-04-23,Két szóval üzent Kubatov Gábor a Fradi MK-drámája után,https://www.origo.hu/sport/sport-futball/2026/04/kubatov-gabor-fradi-eto-fc-gyor-magyar-kupa-ertekeles
7c1eaa9c1f1cbb074dfb7bf2273c8ed4d0f69ea181d23dee99623804804c4434,2026-04-23 05:36:42.746789+00:00,hu,origo.hu,origo.hu,2026-04-23,"Áttörés a rettegett betegség kezelésében? Ígéretes, de nem veszélytelen megoldás",https://www.origo.hu/nagyvilag/2026/04/cukorbetegseg-kezeles-gyogyszer
0efd6f15aa717016228f8c600496b5c48a4a6d6f03f39a1478660c6a95407725,2026-04-23 05:36:37.908805+00:00,hu,origo.hu,origo.hu,2026-04-23,A legtöbben elrontják a tarhonyát: ezen az egy lépésen múlik a siker,https://www.origo.hu/gasztro/2026/04/tarhonya-keszitese-koret
7c220e2e31d598910703cb55c3295cb43f9fe6fed161ec62cd584fb092257bac,2026-04-23 05:36:34.120664+00:00,hu,blikk.hu,blikk.hu,2026-04-23,Így élte meg ifjabb Schobert Norbi a család súlyos egészségi válságait: „Álhírnek gondoltam”,https://www.blikk.hu/sztarvilag/hazai-sztarok/schobert-norbi-jr-stroke-alhir/crmj1ex
ed6ce45bf6bbf0c5829f944958df03ddd6fdf868f5bbebf3b6ce4a1b5f05dfbd,2026-04-23 05:36:32.584893+00:00,hu,origo.hu,origo.hu,2026-04-23,"Megszólaltak az oroszok a háborúról, vérfagyasztó, amit mondtak",https://www.origo.hu/nagyvilag/2026/04/peszkov-kreml-putyin-zelenszkij-talalkozo
2e5f1fec0597514bc6fd8d6e9be5d8674e3bc1ac1ba3e5f3863c1b25b0e12994,2026-04-23 05:36:27.849395+00:00,hu,origo.hu,origo.hu,2026-04-23,"Mindössze 19 másodperc, mégis ez minden idők egyik legfontosabb videója",https://www.origo.hu/nagyvilag/2026/04/youtube-elso-videoja-me-at-the-zoo-jawed-karim
169e9bcf28c06ff5197763b633e76857618e9f60cb63b73cfa228a348b00c856,2026-04-23 05:36:23.300881+00:00,hu,origo.hu,origo.hu,2026-04-23,12 egyszerű módszer a késő esti nassolás csökkentésére,https://www.origo.hu/eletmod/2026/04/esti-nassolas-ellen-tippek
fbc1b7ca88a85eb4f50abe4df23e9affea0205437139a1f4eaee103d4ef239d2,2026-04-23 05:36:18.101441+00:00,hu,origo.hu,origo.hu,2026-04-23,Az emberek fele már az első kérdésnél megakad! Önnek sikerül hibátlanul kitöltenie ezt a kvízt?,https://www.origo.hu/itthon/2026/04/kviz-magyar-kifejezesek-hagyomany
cc009d90d30863351345b238edffa8f40db5898489369c7d0cda9159553b8161,2026-04-23 05:36:12.663392+00:00,hu,origo.hu,origo.hu,2026-04-23,Veszélyes lehet a chatbot használata? Így hat az agyra a mesterséges intelligencia,https://www.origo.hu/nagyvilag/2026/04/chatbot-ai-chatgdp-onallo-gondolkodas-eszkoz
1037ffbfdd415d175bc8f05911eb3d4d075a781365fdbbe9070ab74a0275f278,2026-04-23 05:36:08.125093+00:00,hu,origo.hu,origo.hu,2026-04-23,Kézzel eltépte a köldökzsinórt és hagyta meghalni a babáját a csecsemőgyilkos pécsi tini,https://www.origo.hu/kek-hirek/2026/04/csecsemogyilkos-pecsi-tini
a9986cd8f97c0717dfe9ab1933d74ee64e069219ae9a3bd5af96b447a06ca9a1,2026-04-23 05:36:03.256009+00:00,hu,origo.hu,origo.hu,2026-04-23,Sár- és gyorsételfüggő majmok – különös jelenségre derült fény,https://www.origo.hu/nagyvilag/2026/04/majmok-gyorsetel-gibraltari-makakok-viselkedese-sar
bb9e737a06318d791f37d54976de84bab05b121ff4fc446f9fa88f29200a64f0,2026-04-23 05:35:59.644329+00:00,hu,blikk.hu,blikk.hu,2026-04-23,"Hullámvasútra ül az időjárás, ma napközben +21 fok is lehet, holnap hajnalban újra fagyhat",https://www.blikk.hu/aktualis/belfold/mai-idojaras-budapest-magyarorszag-napsutes-fagyok/1dlt2zy
f4d2f3f40aa1d070e4c1978549e77b4f42ea945561ec5424852530fc474010dc,2026-04-23 05:35:42.236589+00:00,hu,origo.hu,origo.hu,2026-04-23,Itt az újabb olajblokád - elszabadulhat az energetikai pokol,https://www.origo.hu/kulpol/2026/04/baratsag-koolajvezetek-olajblokad-ukrajna
5e986b79b5b5506318dbb8f5b26e8a0edd2a02b463ca2e0c958d9c12db35ec68,2026-04-23 05:32:52.853233+00:00,hu,index.hu,index.hu,2026-04-23,"„Baszki, ugye ezt nem csak álmodom?” – Lilu reagált Magyar Péter bejelentésére",https://index.hu/belfold/2026/04/23/ruff-balint-miniszterelnokseget-vezeto-miniszter-lilu-reakcio/
ee9baeea8147d6c099e5f9dada1c09fa1ab7d601c0d199101b41b8d32da29a3c,2026-04-23 05:32:14.485054+00:00,hu,index.hu,index.hu,2026-04-23,"Felhősen indul, de tavaszias lesz a csütörtök",https://index.hu/belfold/2026/04/23/idojaras-elorejelzes-radar-csutortok-aprilis-tavasz-szel-napsutes/
01bb4789684c707ec18cd03a3a45aa7c5071a16504ae54fdda6fe1a871918233,2026-04-23 05:32:09.780924+00:00,hu,index.hu,index.hu,2026-04-23,"50 méter előnnyel ünnepeltette magát a maratonista, amikor a semmiből megelőzték",https://index.hu/sport/atletika/2026/04/23/delaware-marathon-maratonfutas-atletika-carson-mello-joshua-jackson/
53c5e139d97a92b7679be3cbe2c0ae56880f566a38fb360488e2c2bb4c6dda5d,2026-04-23 05:32:00.433161+00:00,hu,index.hu,index.hu,2026-04-23,"Vannak olyan körzetek, ahol több mint kétszer annyi szavazatot kapott a tiszás, mint a fideszes jelölt",https://index.hu/belfold/2026/04/23/valasztas2026-orszaggyulesi-valasztasok-egyeni-valasztokeruletek-fidesz-kdnp-tisza-part/
04c6088d290313c63c5a4b6ef502ff44db2ce836997a0b4bf5645e2f66cb62d3,2026-04-23 05:31:54.578547+00:00,hu,index.hu,index.hu,2026-04-23,"Vlagyimir Putyin kész találkozni Volodimir Zelenszkijjel, a Kreml megnevezte a feltételt",https://index.hu/kulfold/2026/04/23/oroszorszag-ukrajna-orosz-ukran-konfliktus-moszkva-kijev-vlagyimir-putyin-volodimir-zelenszkij-europai-unio-nato-beketargyalasok/
6419fd30d4858b769903f4610c79d7da625bb9b95028562f8d2c538efb4d9b4f,2026-04-23 05:31:49.698628+00:00,hu,index.hu,index.hu,2026-04-23,Megdőlni látszik egy Nobel-díjas elmélet,https://index.hu/tudomany/2026/04/23/bcs-elmelet-nobel-dij-uj-tanulmany-szupravezetok/
3341bf72fd3187f2d7a038fafb13b75adbeb92799d5c1109799048735e17560a,2026-04-23 05:31:44.757266+00:00,hu,index.hu,index.hu,2026-04-23,"Olyanra bukkantak a 3I/ATLAS-nál, amire korábban egyik csillagközi üstökösnél sem",https://index.hu/techtud/2026/04/23/3i-atlas-felfedezes-metan-csillagkozi-ustokos/
0abe9af3678a78be314d0d21382f8d00327a61378a83423fb59b5d10e7169d75,2026-04-23 05:31:39.943693+00:00,hu,index.hu,index.hu,2026-04-23,"Ügyes trükkel újraértelmezték a klasszikusokat, és hazai könyvrekordot döntöttek",https://index.hu/kultur/2026/04/23/trubadur-zsebkonyv-konyvkiadas-klasszikusok-rekord/
4e7f0144ff92d8ecebbbb0e40fe20406d8e9fb84cd3a2d9c658828ff4e17acb7,2026-04-23 05:31:29.200479+00:00,hu,index.hu,index.hu,2026-04-23,Amerika legrosszabb lánya felmosta velünk a padlót,https://index.hu/kultur/zene/2026/04/23/slayyyter-worst-girl-in-america-album-kritika/
dc56165f295439c0edf08b61315dfa2af2c8124991e75cb2ab0c2e6540b8c5da,2026-04-23 05:31:08.029890+00:00,hu,index.hu,index.hu,2026-04-23,Budapesti épület felújítása kapott rangos európai elismerést,https://index.hu/kultur/jardasziget/2026/04/23/europa-nostra-dij-magyar-allami-operahaz-zda/
c3fd5c5f16896e8968ba5288849d7982c5ef19e0f2f2b01fb4174080cfa3a53a,2026-04-23 05:30:54.641507+00:00,hu,index.hu,index.hu,2026-04-23,"Dobó Kata szerint nem szabad félni az öregedéstől: „Nincs vége ötven felett sem, sőt!”",https://index.hu/mindekozben/poszt/2026/04/23/dobo-kata-elet-50-felett/
53e6f798a4f4ff97c6663f5798640071efed0444ac2ff34dde5fbb9cce3838e2,2026-04-23 05:30:48.640347+00:00,hu,index.hu,index.hu,2026-04-23,"Szigorít a Ryanair, jelentős változás lesz a check-in pultoknál",https://index.hu/kulfold/2026/04/23/ryanair-legitarsasag-legikozlekedes-check-in-repulogep-szigoritas/
afff374da7b928e1da7b2bfed66a14d27f18f2961dc431917833048023d7adb5,2026-04-23 05:30:34.360208+00:00,hu,index.hu,index.hu,2026-04-23,Több fővárosi Tesco bejáratára kerül lakat április végén,https://index.hu/gazdasag/2026/04/23/tesco-budapest-aruhazak-bezaras-ujpest-soroksari-ut-ferencvaros-fenntarthatosag/
1e82a0b0150d352d8df0e2617e97f8ea5a5e10c2b6126aeeb12422c67a882965,2026-04-23 05:19:38.586807+00:00,hu,origo.hu,origo.hu,2026-04-23,"A Végső állomást idéző, túlélhetetlen balesetet vett fel egy kamera – videó",https://www.origo.hu/auto/2026/04/baleset-tulelhetetlen-kamera-video
a1bc95238159138f2a9bbd4a0381962b88afe205906695bb98283c662d9ea1c4,2026-04-23 05:19:28.170336+00:00,hu,origo.hu,origo.hu,2026-04-23,"Növényi Norbert: Már mentem volna Spanyolországba, de közbejött Orlando Bloom",https://www.origo.hu/sport/sport-egyeni/2026/04/novenyi-norbert-hexagone-mma-ketrecharc-donto
d79ed2db2d729d06246078190e791e0894693a9c2f4352def0195369d584493b,2026-04-23 05:17:48.534592+00:00,hu,origo.hu,origo.hu,2026-04-23,Elképesztő dráma a tizenegyespárbajban: így jutott MK-döntőbe a Fradi – videó,https://www.origo.hu/sport/sport-futball/2026/04/fradi-eto-magyar-kupa-elodonto-tizenegyesek-video
fda564fa8292c647d4f1f6c31624d4af252016467213c55c28089fabc7f0d40d,2026-04-23 05:17:18.557878+00:00,hu,origo.hu,origo.hu,2026-04-23,"Lindsey Vonn döbbenetes bejelentést tett, innen már nincs visszaút",https://www.origo.hu/sport/sport-egyeni/2026/04/lindsey-vonn-olimpiai-bajnok-mutet-serules-sieles
2fbda9d50353a015c2f5b7717f819e5514f635b3df7a02820445e430686fbcab,2026-04-23 05:17:09.456567+00:00,hu,origo.hu,origo.hu,2026-04-23,Sokk Liverpoolban: Szoboszlaiék csapattársa megegyezett az új klubjával,https://www.origo.hu/sport/sport-futball/2026/04/liverpool-alisson-tavozas-juventus-atigazolasi-hirek
acdc2771c462c4ea13ff4dfdf3703515200e0e977592f54a9488e1a1c7864646,2026-04-23 04:38:46.058652+00:00,hu,blikk.hu,blikk.hu,2026-04-23,Egy ritka asztrológiai esemény mindent megváltoztathat négy csillagjegy életében,https://www.blikk.hu/eletmod/lelek/valtozas-gyogyulas-csillagjegyek/ynz2td1
01f97486d77b30920e64e55948aa7bd6af4e4dc1c30e03fca35e7404e84bfd0d,2026-04-23 04:37:57.845157+00:00,hu,blikk.hu,blikk.hu,2026-04-23,Csendben falja az üzemanyagot az autója – ezek a hibák állhatnak a háttérben,https://www.blikk.hu/auto/rejtett-autohibak-novenekvo-fogyasztas/mrg11vj
0630a532777bd43518305d6bfc1785b220d0d2bfea56269385794629caba1068,2026-04-23 04:37:51.898023+00:00,hu,blikk.hu,blikk.hu,2026-04-23,"Az Éttermek csatája a kulisszák mögé enged bepillantást, megmutatva a konyhai világ belső folyamatait és döntéseit",https://www.blikk.hu/sztarvilag/hazai-sztarok/sarkozi-akos-racz-jeno-ettermek-csataja-gasztro-show/86vblyr
910af9a5c27c48929cfbde947e73ad69a2d107abca39747cd069ac9f6d0f241c,2026-04-23 04:37:40.150168+00:00,hu,blikk.hu,blikk.hu,2026-04-23,"„Ó, Rómeó, miért vagy te Rómeó?” – Eddig megvan, de hogy folytatódik?",https://www.blikk.hu/sztarvilag/kultura/william-shakespeare-kviz-irodalom/t0vk1v1
de64eb60584025a237b89a901abf2dbdcd66f91d9c3bbcb41115ddde7fcbc3ce,2026-04-23 04:18:53.743755+00:00,hu,blikk.hu,blikk.hu,2026-04-23,"Elaltatták Dánielt a fogorvosnál, utána idegen nyelveken kezdett beszélni",https://www.blikk.hu/aktualis/belfold/koma-felbredes-idegen-nyelv/zf6xje8
1d3f17c4d84a973b94003f91dada5be202a6f11a9fe0dd5fb79b4eaa2e5e9a89,2026-04-23 04:18:38.935924+00:00,hu,blikk.hu,blikk.hu,2026-04-23,Az Nemzetközi Energiaügynökség szerint a világ belépett az elektromosság korába – de ez mit is jelent számunkra?,https://www.blikk.hu/ferfiaknak/tech/elektromossag-kora-2025-napenergia-rekord/t54cvcr
fa2b27ecd7818dd953305a931d71eb4b117c720fa470c16ec1fbcd1e73356ae6,2026-04-23 04:17:08.863277+00:00,hu,blikk.hu,blikk.hu,2026-04-23,Pszichológus: egyetlen jel alapján felismerhetjük a nagyon intelligens embert,https://www.blikk.hu/eletmod/lelek/intelligens-ember-errol-lehet-felismerni/becbl9x
03e3992e97cf59257d87f1a27d9ca6c740667a10d6562b7ce03f3f6b7922cdf5,2026-04-23 03:21:14.936725+00:00,hu,origo.hu,origo.hu,2026-04-23,A Fradi és a Győri ETO versenyfutása a magyar futball reklámja,https://www.origo.hu/sport/2026/04/fradi-eto-magyar-kupa-nyilatkozatok-visszapillanto
84a104caae344be38c47d63344e6943af014791e7753b332e713e5f2bc619a31,2026-04-23 03:17:13.460740+00:00,hu,blikk.hu,blikk.hu,2026-04-23,"Sokan nem tudják, hogy a nyilvános USB-portok akár adatlopásra is alkalmasak lehetnek, de hogyan vldekezhetünk?",https://www.blikk.hu/ferfiaknak/tech/fali-usb-c-aljzat-biztonsag/vjm2p5s
e1b5782016cfce05d2665f952b304a76e0944efe5e1bc0a7e6bfe6ec446b8fe8,2026-04-22 23:29:50.925967+00:00,hu,origo.hu,origo.hu,2026-04-22,Újabb kettős halálos tragédia az Árpád hídon,https://hirtv.origo.hu/ahirtvhirei/2026/04/ujabb-kettos-halalos-tragedia-az-arpad-hidon
c13077898b457b5014abaf7aae7cacc61444d8da17f8d8e332ea2aef711cb601,2026-04-22 23:29:35.234894+00:00,hu,origo.hu,origo.hu,2026-04-22,A választások után hirtelen megjavult a Barátság,https://hirtv.origo.hu/ahirtvhirei/2026/04/a-valasztasok-utan-hirtelen-megjavult-a-baratsag
a967286b5e2f12622cb04a683db6a1673be193e15b4e0fd8683f28944d512580,2026-04-22 23:29:29.928348+00:00,hu,origo.hu,origo.hu,2026-04-22,Pilótának hazudta magát a magyar Tinder-hódító,https://hirtv.origo.hu/ahirtvhirei/2026/04/pilotanak-hazudta-magat-a-magyar-tinder-hodito
ed46c159059c8df3fea92063ae9c531c057fd4d1c4f63094809a906b3d725a5a,2026-04-22 23:29:25.198202+00:00,hu,origo.hu,origo.hu,2026-04-22,Bojár Gábor és Király Júlia elismerte: adóemelésre és fájdalmas lépésekre készül a Tisza-kormány,https://hirtv.origo.hu/ahirtvhirei/2026/04/bojar-gabor-es-kiraly-julia-elismerte-adoemelesre-es-fajdalmas-lepesekre-keszul-a-tisza-kormany
c224104f290a6bc7dac0a4c8abb2837bc3be4b6a8d645b6c72b33f8bb69d4998,2026-04-22 23:29:19.974850+00:00,hu,origo.hu,origo.hu,2026-04-22,Marta Kos uniós biztos szerint Ukrajna az EU nélkülözhetetlen partnere lett,https://hirtv.origo.hu/hirtvkulfold/2026/04/marta-kos-unios-biztos-szerint-ukrajna-az-eu-nelkulozhetetlen-partnere-lett
08213ed6265613ddd40e8d1cfd39f43708e962dd360c7adf89b0ef5970ecdcc6,2026-04-22 23:29:15.187526+00:00,hu,origo.hu,origo.hu,2026-04-22,Elképesztő magyar orvosi siker a robotkarokkal,https://hirtv.origo.hu/ahirtvhirei/2026/04/elkepeszto-magyar-orvosi-siker-a-robotkarokkal
3f71c8891ddbb6ac83a2a38247023a761d8c2d5e3598ddb0e2592538552d2320,2026-04-22 23:29:10.540298+00:00,hu,origo.hu,origo.hu,2026-04-22,Kilövési lista: Brüsszeli alku vagy szimpla hazugság?,https://hirtv.origo.hu/ahirtvhirei/2026/04/kilovesi-lista-brusszeli-alku-vagy-szimpla-hazugsag
7162de6f2290cc9457d017b8aa9fc0bbe2fd2ca8fb52d97e480bce6d233aeecd,2026-04-22 23:29:05.292883+00:00,hu,origo.hu,origo.hu,2026-04-22,Rendszerváltás vagy restauráció? Az SZDSZ-es múltú Ruff Bálint vezeti majd a Tisza-kormányt,https://hirtv.origo.hu/ahirtvhirei/2026/04/rendszervaltas-vagy-restauracio-az-szdsz-es-multu-ruff-balint-vezeti-majd-a-tisza-kormanyt
0f81e0e870a4932451326bf949d1de81d8744599a3a78efa3245ab83c405af3a,2026-04-22 23:28:57.847305+00:00,hu,origo.hu,origo.hu,2026-04-22,"NAV-razzia: Cigaretta ágyneműben, VAPE a piacon",https://hirtv.origo.hu/ahirtvhirei/2026/04/nav-razzia-cigaretta-agynemuben-vape-a-piacon
d8ef9b309c0e22f28cc8bad70fc846714eae774ff92a6e26c946817c88bc660a,2026-04-22 23:28:51.040107+00:00,hu,origo.hu,origo.hu,2026-04-22,A múlt emberei ígérnek elszámoltatást?,https://hirtv.origo.hu/ahirtvhirei/2026/04/a-mult-emberei-igernek-elszamoltatast
9c4effce245e939f06b0489ac21490b204feb70cdf32bbbe476c2b89e1d01d12,2026-04-22 23:28:43.632000+00:00,hu,origo.hu,origo.hu,2026-04-22,Szemérmetlen módon becsmérelte a keresztény Magyarországot a HVG publicistája,https://hirtv.origo.hu/ahirtvhirei/2026/04/kereszteny-magyarorszag-hvg-publicista
9fa747d4ac653b702d954e8b69e54889045a619c15e02ffc2ed94b9ddd0e3ebf,2026-04-22 23:28:38.497073+00:00,hu,origo.hu,origo.hu,2026-04-22,Motorozz rendőrrel: Négy alkalomra bővült a rendőrségi vezetéstechnikai tréning,https://hirtv.origo.hu/ahirtvhirei/2026/04/motorozz-rendorrel-negy-alkalomra-bovult-a-rendorsegi-vezetestechnikai-trening
b11e91eee642f3793d3e5ef90d393ce2e9325cf0f64a33ca600fa756b3cf2430,2026-04-22 23:28:33.640654+00:00,hu,origo.hu,origo.hu,2026-04-22,Aláírásgyűjtést indítottak a köztársasági elnök hivatalban maradásáért,https://hirtv.origo.hu/ahirtvhirei/2026/04/alairasgyujtes-koztarsasagi-elnok
0ffde41b1429dab4fc44d372c017e3979b8837c89262d45ed1d288fc499f6e60,2026-04-22 23:28:28.437756+00:00,hu,origo.hu,origo.hu,2026-04-22,Az SZDSZ-múltú Ruff Bálint kapta a legfontosabb tárcát,https://hirtv.origo.hu/ahirtvhirei/2026/04/az-szdsz-multu-ruff-balint-kapta-a-legfontosabb-tarcat
780bf401c651e5d57f8d7f44d17164e89808bb2a091a923d7b98143583d0fec8,2026-04-22 23:28:23.535505+00:00,hu,origo.hu,origo.hu,2026-04-22,Láncreakció - Fokozódik a feszültség a NATO és Oroszország között északon,https://hirtv.origo.hu/ahirtvhirei/2026/04/lancreakcio-fokozodik-a-feszultseg-a-nato-es-oroszorszag-kozott-eszakon
036c7b061cd1d0ea4cb3242fbd549dba3cdb7f091bc3a46470ad4cd0e7e3b575,2026-04-22 23:28:18.703491+00:00,hu,origo.hu,origo.hu,2026-04-22,Kényszervallatás miatt tett feljelentést a Till Tamás-ügy vádlottja a rendőrök ellen,https://hirtv.origo.hu/ahirtvhirei/2026/04/kenyszervallatas-miatt-tett-feljelentest-a-till-tamas-ugy-vadlottja-a-rendorok-ellen
f8bd34e93a15afc2b2e370cc026d02d0d3dcc6cafcfcd2a63637879b7bedaa55,2026-04-22 23:28:13.481034+00:00,hu,origo.hu,origo.hu,2026-04-22,Baranyai Dániel herés pólót dobott piacra a tiszás botrány után,https://hirtv.origo.hu/ahirtvhirei/2026/04/baranyai-daniel-heres-polot-dobott-piacra-a-tiszas-botrany-utan
362f7a5510d869620e2127b5873368f2e8b3c880e7a0a9074bec4bcb746ddfae,2026-04-22 23:28:06.857717+00:00,hu,origo.hu,origo.hu,2026-04-22,"Elbukott a Tisza-párt ""mérgezett vizek"" kampánya",https://hirtv.origo.hu/ahirtvhirei/2026/04/elbukott-a-tisza-part-mergezett-vizek-kampanya
81e8de6a9b562e87c6b410f133d73fc9b58f25d99db0fe2fff0cfae4dda74a53,2026-04-22 23:28:01.920913+00:00,hu,origo.hu,origo.hu,2026-04-22,Meglepő adatok láttak napvilágot a spórolási szokásokról,https://hirtv.origo.hu/hirtv-gazdasagi-hirei/2026/04/meglepo-adatok-lattak-napvilagot-a-sporolasi-szokasokrol
d4e5e93e2c0f9021b33730366caeb5860fc9e249ace400cddd22d606c45cdff3,2026-04-22 23:27:56.912453+00:00,hu,origo.hu,origo.hu,2026-04-22,Kassai Enikő cáfolja a 444 állításait: belső szabotázs történt a klinika honlapján,https://hirtv.origo.hu/ahirtvhirei/2026/04/kassai-eniko-cafolja-a-444-allitasait-belso-szabotazs-tortent-a-klinika-honlapjan
c62f661f0a93303b3f782889827fc7e0b317614d2bdf342686d42feb42e01e64,2026-04-22 22:48:29.808096+00:00,hu,index.hu,index.hu,2026-04-22,"Radnai Márk elmondta, mi lesz a feladata a Tisza-kormányban",https://index.hu/belfold/2026/04/22/radnai-mark-tisza-kormany-feladat-magyar-peter/
5f676ca65942733b7002813f6cda435a7a585b3887a53b141461ed49ebe115f0,2026-04-22 22:47:55.492952+00:00,hu,index.hu,index.hu,2026-04-22,"Hátat fordítottak a mókuskeréknek, két gyerekkel költöztek Mallorcára, és teljesen megváltozott az életük",https://index.hu/mindekozben/poszt/2026/04/22/hatat-forditottak-a-mokuskereknek-ket-gyerekkel-koltoztek-mallorcara-es-teljesen-megvaltozott-az-eletuk/
231110249758b279de95207186d91fc991ec2dfb776f5ed312b6feb17b641428,2026-04-22 22:47:12.611624+00:00,hu,index.hu,index.hu,2026-04-22,Balogh Levente is bejelentkezett a Magyar Judo Szövetség élére,https://index.hu/sport/kuzdosport/2026/04/22/magyar-judo-szovetseg-cselgancs-elnok-toth-laszlo-balogh-levente-palyazat-toth-krisztian/
ecd217a004a46454d4694f45303e80224905dfcfa1816d2939c0146acc361353,2026-04-22 22:46:57.075150+00:00,hu,index.hu,index.hu,2026-04-22,"Ezért nem tudtuk eddig, kicsoda Banksy",https://index.hu/tudomany/2026/04/22/banksy-anonimitas-muveszet-elena-ferrante/
8b2824001ab8455f4e608d9767b8f461f13b2b8eac42122a1669b893eb02cbaa,2026-04-22 22:46:41.220289+00:00,hu,index.hu,index.hu,2026-04-22,"A tíz légióssal kezdő FTC sem bírt a Győrrel, de a tizenegyesek megmentették",https://index.hu/sport/futball/2026/04/22/magyar-kupa-ferencvaros-eto-fc-gyor-elodonto/
1e1a805814fefe47652c5067ba81dfb1672289f2bb983b3c64356d576cf99fdc,2026-04-22 22:46:36.786251+00:00,hu,index.hu,index.hu,2026-04-22,"Megérkeztek az első fotók, így fest megfilmesített A gyertyák csonkig égnek főszerepében Ralph Fiennes és Viggo Mortensen",https://index.hu/mindekozben/poszt/2026/04/22/vilagsztarok-foszereplesevel-szabo-istvan-rendezeseben-keszul-marai-sandor-regenyadaptacioja-budapesten/
136285d8e81d5eac398df57e3106dc6a13a1ed7edc4cfbf35c06ef949fb60534,2026-04-22 22:46:31.241453+00:00,hu,index.hu,index.hu,2026-04-22,A szerzetesrendi iskolák kiállnak Rubovszky Rita mellett,https://index.hu/belfold/2026/04/22/rubovszky-rita-szerzetesrendi-iskolak-diakjainak-tarsasaga-tamadasok-nyilatkozat/
493df384bed18b41ff996c7f86b891a1610b34ba901093f2bb86096993aae51e,2026-04-22 22:44:49.472430+00:00,hu,index.hu,index.hu,2026-04-22,"Eltemetett jelentés került felszínre, Brüsszel újranyitotta a dohányvitát",https://index.hu/gazdasag/2026/04/22/dohanyzas-dohanyipar-szabalyozas-artalomcsokkentes-artalomcsokkentett-fustmentes-tpd-adopolitika-ted-europai-bizottsag/?utm_source=hirstart&utm_medium=referral&utm_campaign=ct
7ca9b65ffb24ebdb23ec846d6ab8e2b511c93e4a8b231f67c2ecb25c0944f032,2026-04-22 22:36:49.539577+00:00,hu,blikk.hu,blikk.hu,2026-04-22,Szétlövés után jutott kupadöntőbe az ETO ellen a Fradi,https://www.blikk.hu/sport/magyar-foci/fradi-eto-magyar-kupa/cxftnnl
4deb641fab98623dac82d6722f6e07d4618d14bbc6e6c9dcbb70523da8aa5b86,2026-04-22 22:32:48.843373+00:00,hu,origo.hu,origo.hu,2026-04-22,Rejtélyes eltűnés: nyoma veszett egy magyar családapának Ausztriában,https://www.origo.hu/kek-hirek/2026/04/eltunes-rejtelyes-magyar-csaladapa-ausztria
ae5ca3adaeaf3f5fded42a8faccc059f7d3f942f1f55cb6b4d29a2440044c42b,2026-04-22 22:32:05.973203+00:00,hu,origo.hu,origo.hu,2026-04-22,"Folytatódott Tóth Alexék nagy sorozata, az Arsenalt 200 nap után letaszították az élről",https://www.origo.hu/sport/sport-futball/2026/04/toth-alex-bournemouth-97-percben-bukta-el-a-gyozelmet
b0f0612f4560ab96e522f8ccd1505af8dac1d3f23a9d25c7b66dab4197b2a9c7,2026-04-22 22:31:49.459953+00:00,hu,origo.hu,origo.hu,2026-04-22,"A Bayern München sztárja megerősítette, hogy lemarad a foci-vb-ről",https://www.origo.hu/sport/sport-futball/2026/04/bayern-munchen-gnabry-nemet-valogatott-lemarad-foci-vb
4b1f8c3cffca303b6f89a710697b4cbf470f5aefec07bc677621c627c9074f01,2026-04-22 22:31:40.005282+00:00,hu,origo.hu,origo.hu,2026-04-22,A Fradi és az ETO drámai meccset játszott a Magyar Kupa elődöntőjében,https://www.origo.hu/sport/sport-futball/2026/04/fradi-eto-magyar-kupa-drama-tizenegyes
bdcae903c85eb9456656d38364f0965ef9dbe5f4f710a21a94d14b017e424ca2,2026-04-22 22:31:28.430692+00:00,hu,origo.hu,origo.hu,2026-04-22,Bosszúból törtek rá a családra: apa és fia rács mögött,https://www.origo.hu/kek-hirek/2026/04/bosszu-csalad-tamadas-gyujtogatas-letartoztatas
0576a3697057ee8b54366f5f7e8169bc062c53856bafd6a6ef6a0478d3b828a0,2026-04-22 22:31:12.720950+00:00,hu,origo.hu,origo.hu,2026-04-22,Átveszi az irányítást az AI robot a sportban? Döbbenetes mire képes,https://www.origo.hu/nagyvilag/2026/04/robot-asztalitenisz-ai-sport-robotkar
6e38d6a23eafce2dbffeacd13eae22f185cb0ac9af8de10df4054cf94300670d,2026-04-22 22:31:08.391898+00:00,hu,origo.hu,origo.hu,2026-04-22,Egy magánklinika vezetője ellen lejáratókampány indult a politikai nézete miatt,https://www.origo.hu/belpol/2026/04/maganklinika-ellen-lejaratokampany
300d0059c9603671be197314648b2507f18b00910a9d53999393983130768507,2026-04-22 21:26:09.618729+00:00,hu,blikk.hu,blikk.hu,2026-04-22,Egyre nagyobb bajban vannak a Bajnokok: megint búcsúzott egy versenyzőjük,https://www.blikk.hu/sztarvilag/hazai-sztarok/halasz-jazmin-vadkerti-adel-parbaj/52pfs48
db94d27f1b7a567f69483b8ff1caf8a2f84cf1bd7c7b47c677deb418c09c8cb3,2026-04-22 20:31:59.602413+00:00,hu,blikk.hu,blikk.hu,2026-04-22,Így válhat pillanatok alatt a számítógép-kezelés mesterévé: semmiféle különleges tudás nem kell hozzá,https://www.blikk.hu/ferfiaknak/tech/szamitogep-munka-billentyuparancs-kombinacio/379254e
1233dd488c008715534343f0e018823d7c330c4e6c583ddc0c3df00f27e4788e,2026-04-22 20:31:53.705400+00:00,hu,blikk.hu,blikk.hu,2026-04-22,Irán nem nyitja meg a Hormuzi-szorost az amerikai blokád idején,https://www.blikk.hu/politika/vilagpolitika/hormuzi-szoros-iran-donald-trump/h7172e6
ab8ddc77e76d9eb9293fc75f771ba8a3335c94f272482197d8559012e74e59ae,2026-04-22 20:31:33.882351+00:00,hu,blikk.hu,blikk.hu,2026-04-22,Szőke Alex ezüstérmes a birkózó Eb-n,https://www.blikk.hu/sport/szoke-alex-eb-ezust/cbjr5b0
db64ebfc070938f8628e51f3fecd43f46ef5587f7b08d831963924622913b502,2026-04-22 20:31:01.712859+00:00,hu,blikk.hu,blikk.hu,2026-04-22,"Sebestyén Balázs: más szakmában nehezen boldogulna, de ha muszáj lenne, akkor taxizna",https://www.blikk.hu/sztarvilag/hazai-sztarok/sebestyen-balazs-taxiskent-dolgozna/ckbmhmd
87aff291c95358ef6f948253a25554802196aca42d344cc123771403c5d33f23,2026-04-22 20:30:48.298573+00:00,hu,blikk.hu,blikk.hu,2026-04-22,Egyedülálló Colgate plakát került elő Sváby András gyűjteményéből,https://www.blikk.hu/sztarvilag/hazai-sztarok/svaby-andras/9j8pem0
262806b196a8a596b230e903abad4eb2ceae2ff05914c0e0a790e3cc6428ef66,2026-04-22 20:27:16.428124+00:00,hu,origo.hu,origo.hu,2026-04-22,Két ismert gyógyszer adhat új reményt a zsírmáj kezelésében,https://www.origo.hu/nagyvilag/2026/04/zsirmaj-kezelese-gyogyszer-verzsr-vernyomas-sziv
b790335a434c39ea095efb7836b5833542dfacc53c2001ee193b85aa410d0de3,2026-04-22 20:27:09.413273+00:00,hu,origo.hu,origo.hu,2026-04-22,Újabb remek napot zártak a magyar birkózók az Európa-bajnokságon,https://www.origo.hu/sport/sport-egyeni/2026/04/birkozo-europa-bajnoksag-magyar-ermek-szerda
99bc5262945b25c1b945e3f9ac97797af84a3bd8d4d9c69125e0876a954654ed,2026-04-22 20:27:04.657679+00:00,hu,origo.hu,origo.hu,2026-04-22,"Mindenki irigyli a G-kosaras OnlyFans-modell alakját – de van egy titok, amit nem mutat meg",https://www.origo.hu/nagyvilag/2026/04/onlyfans-modell-g-kosaras-mellek-hatranyok-fajdalom
6a0e2ab3c14ef321715d9fe4b31185e8a8387a94b10573281cbaaac5effa086e,2026-04-22 20:26:59.759997+00:00,hu,origo.hu,origo.hu,2026-04-22,"Meglepő ok: ezért könnyezik a szeme, amikor nagyon fáradt",https://www.origo.hu/itthon/2026/04/konnyezo-szem-okai-faradtsag-pislogas
c95a34bb33ff5e3071ed88c188c66b631b7efd28308b5e7484347710d04871b1,2026-04-22 20:26:53.240778+00:00,hu,origo.hu,origo.hu,2026-04-22,"Sokk a laborban: senki nem hitte, mi pusztítja el a halálos baktériumot",https://www.origo.hu/tudomany/2026/04/szuperbakteriumok-remalma-gyogyszer
646b630f4aae1a415704b62f65d1419cac03fd6f43ae864422553a5ac04b2732,2026-04-22 20:26:48.580937+00:00,hu,origo.hu,origo.hu,2026-04-22,Nincs ki mind a négy kereke – de mit keres akkor mégis az M5-ös autópályán?,https://www.origo.hu/kek-hirek/2026/04/m5-os-autopalyan-futott-egy-ferfi
ef404dfeb180e7ee12dcea75894a259880ac3c677b69bf626d205f547daa7bb6,2026-04-22 20:26:37.536842+00:00,hu,origo.hu,origo.hu,2026-04-22,"Petíció indult Sulyok Tamás mellett: Már 75 ezren kérik az államfőt, hogy maradjon hivatalában",https://www.origo.hu/belpol/2026/04/peticio-sulyok-tamas-mellett
9df159061600728dc65125362eef775fda577aeba9c01af5dee1819ecfff8afb,2026-04-22 20:26:08.336793+00:00,hu,origo.hu,origo.hu,2026-04-22,"Kiderülhetett, mi volt az Ősrobbanás előtt, ez pedig mindent megváltoztathat",https://www.origo.hu/tudomany/2026/04/fekete-lyukak-letezhettek-az-osrobbanas-elott-is
f8ae08ca1d8a5d362a0aa08e42cac5c617f63bd65ac450f528b823e60f66e2d5,2026-04-22 20:26:03.116336+00:00,hu,origo.hu,origo.hu,2026-04-22,Közel 9 millió forintért kínálta eladásra saját gyermekét egy ukrán anya,https://www.origo.hu/nagyvilag/2026/04/gyermekkereskedelem-pizzazo-anya-hateves-fia-ukrajna
86af0b19f063f0668a5bfb0380ef906185be94e5367c7b74d8ad171f6fa282cb,2026-04-22 20:25:28.533564+00:00,hu,origo.hu,origo.hu,2026-04-22,Három hónap után kirúgta edzőjét a Chelsea,https://www.origo.hu/sport/sport-futball/2026/04/chelsea-kirugta-edzojet-liam-rosenior-hivatalos
b46932a37d12ba811370a7e1a1674ade3890cb59d3bdbc3498fe660e983075c5,2026-04-22 20:25:20.492977+00:00,hu,origo.hu,origo.hu,2026-04-22,"Vízesés, mozi és biometrikus beléptetés – íme a világ legjobb repülőtere",https://www.origo.hu/nagyvilag/2026/04/vilag-legjobb-repulotere-szingapur-changi-repter
0e3d39e0126fa3793fe5193dbff278423daa101db8c308f70bcfacde86cd9db8,2026-04-22 19:34:01.684531+00:00,hu,index.hu,index.hu,2026-04-22,Az Egyesült Királyságban gyakorlatilag egy teljes generáció számára teszik elérhetetlenné a dohányzást,https://index.hu/kulfold/2026/04/22/egyesult-kiralysag-dohanyzas-tilalom-javaslat-elfogadas/
6bf9b76adc5ac2d97f7613be10de9f9ab127a4ebd59e3f62b8b2e362add6708c,2026-04-22 19:33:51.994588+00:00,hu,index.hu,index.hu,2026-04-22,"Szijjártó Péter: Nagyon sokan, a kelleténél jóval többen visszaéltek a hatalmukkal a környékünkön",https://index.hu/belfold/2026/04/22/szijjarto-peter-interju-valasztas-2026-fidesz/
279690d67660ddab92f33d52d64a1f4740158ecdea49d0b46bfae96be675cf44,2026-04-22 19:33:47.690236+00:00,hu,index.hu,index.hu,2026-04-22,"Csak énekelt egyet a kocsmában, most a fél ország róla beszél",https://index.hu/mindekozben/poszt/2026/04/22/kocsmaban-enekelt-egyet-most-fel-anglia-rola-beszel/
e6b0301f60ab6e9cf3a11a87129d39fc18169162dff2e2e4994166d4ca6a73eb,2026-04-22 19:33:41.740013+00:00,hu,index.hu,index.hu,2026-04-22,"Elnézést kért az M1 Tóta W. Árpádtól, amiért azt állították, szado-mazo szexet népszerűsít gyerekeknek",https://index.hu/belfold/2026/04/22/tota-w-arpad-m1-hirado-helyreigazitas-bocsanatkeres-valotlan-hireszteles/
4e2577ff56a94f80269753a3e8392d5ebc504c5b027209df67b9bf970e014d3d,2026-04-22 19:33:36.709392+00:00,hu,index.hu,index.hu,2026-04-22,"Bejelentést tett a leendő gazdasági miniszter, millióknak csökkentik a személyi jövedelemadóját",https://index.hu/gazdasag/2026/04/22/kapitany-istvan-tisza-part-inflacio-szemelyi-jovedelemado/
e8bc82634497496e8f0a584ed685d11e64130697a89031cc3e2d956c752dc7c1,2026-04-22 19:33:31.848638+00:00,hu,index.hu,index.hu,2026-04-22,Üzenetet kapott Magyar Péter: Lépni kell!,https://index.hu/gazdasag/2026/04/22/money-talks-magyar-peter-tozsde-bevezetes/
5da5c69cdc9f1dcec41b2ffb9ed77d6d4e688a383813c59c66ba788c0ceee321,2026-04-22 19:33:26.820421+00:00,hu,index.hu,index.hu,2026-04-22,Világsztárokkal és legendás magyar rendezővel készül A gyertyák csonkig égnek filmadaptációja,https://index.hu/kultur/2026/04/22/a-gyertyak-csonkig-egnek-adaptacio-szabo-istvan-ralph-fiennes-viggo-mortensen/
58e1bb43d218988ae09744a027f102823b1e7c884535aee564abacc0dd9a099e,2026-04-22 19:33:22.684402+00:00,hu,index.hu,index.hu,2026-04-22,"Tündéri fotón Rihanna és kislánya, először mutatta meg a hét hónapos Rockit",https://index.hu/mindekozben/poszt/2026/04/22/tunderi-foton-rihanna-es-kislanya-eloszor-mutatta-meg-het-honapos-rockit/
0b766b0440e41abf0ad48c3f7de5ff386611b4eb6a9f409d4a3294a921864d15,2026-04-22 19:33:16.808695+00:00,hu,index.hu,index.hu,2026-04-22,"DNS-előfutárok a Marson: 3,5 milliárd éves szerves vegyületeket talált a NASA",https://index.hu/techtud/2026/04/22/nasa-mars-curiosity-marsjaro-szerves-molekula-felfedezes-eredmenyek/
608370f9944e8b7440f776876fddd88e65f16a485f4419904870169aec0cc08a,2026-04-22 19:33:11.609816+00:00,hu,index.hu,index.hu,2026-04-22,Szöllősi György lett a European Sport Media vezetője,https://index.hu/sport/2026/04/22/european-sport-media-szollosi-gyorgy-vezetes-szervezet-msusz/
a6f0319834d877411c2f98c825d8a017d2453a22ce2fd4d27afc54bbd0000f60,2026-04-22 19:33:02.939541+00:00,hu,index.hu,index.hu,2026-04-22,"Véget ért Gáspár Evelin karrierje a Külügyminisztériumnál, üzent a károgóknak is",https://index.hu/belfold/2026/04/22/gaspar-evelin-kulugyminiszterium-karrier-vege-szijjarto-peter-bejelentes-bejegyzes/
50283cba662fa754e2cdfa19e24dd89bf0d953b313708c8115080f281ed552c1,2026-04-22 19:32:58.048887+00:00,hu,index.hu,index.hu,2026-04-22,"Tarjányi Péter: Elfogadhatatlan, hogy egy magyar külügyminiszter beszélgetéseit ilyen könnyen lehallgatják",https://index.hu/kulfold/2026/04/22/frontvonal-titkosszolgalat-europa-magyar-peter-energia-valsag-kemugy-lehetosegek-ellenorzes/
1546be1d55908575f6197630cc3eea0e1dbc9f0073ce7d262e323cd755c16b3f,2026-04-22 19:32:51.114919+00:00,hu,index.hu,index.hu,2026-04-22,"Lindsey Vonn döntött a jövőjéről, exkluzív interjúban árulta el, látjuk-e még sílécen",https://index.hu/sport/2026/04/22/lindsey-vonn-hatodik-mutet-oszi-visszateres-lehetosege/
cf81c680a404c4fd036a7f95f0a70b771b5f2be564f9c27d6a53e88cc646debb,2026-04-22 19:32:43.529797+00:00,hu,index.hu,index.hu,2026-04-22,Perel az Erste Bank a Magyar Péter lejáratását célzó képregény miatt,https://index.hu/belfold/2026/04/22/magyar-peter-kepregeny-en-a-ketarcu-erste-bank-feljelentes-nemzeti-ellenallas-mozgalom/
47b4e383ba897ed2f1f43aae983fa790bd478e5f1c205ed54e4c3fb8d8fb9a4b,2026-04-22 19:32:38.894668+00:00,hu,index.hu,index.hu,2026-04-22,"Ha most lenne a választás, a Medián szerint majdnem háromszor annyian szavaznának a Tiszára, mint a Fideszre",https://index.hu/belfold/2026/04/22/median-kozvelemeny-kutatas-tisza-part-fidesz-valasztas-2026-felmeres-magyar-peter-orban-viktor/
cc149a81910863c8cbfd4802bf38583fd5e95fce2c9342a8c06e566e483bbe4c,2026-04-22 19:32:26.304886+00:00,hu,index.hu,index.hu,2026-04-22,"Elfogyott a türelem, három hónap után kirúgták a Chelsea vezetőedzőjét",https://index.hu/sport/futball/2026/04/22/chelsea-premier-league-liam-rosenior-vezetoedzo-menesztes-szerzodes-felbontas/
968dc7895f632bc714335bb1dc1f14e8ec30856219782776c9326bb25ce84c88,2026-04-22 19:32:21.537231+00:00,hu,index.hu,index.hu,2026-04-22,"Bérelt autó landolt a síneken Budapesten, több villamos közlekedése is felborult",https://index.hu/belfold/2026/04/22/bosnyak-ter-villamos-balest-sin-auto-green-go-volkswagen/
ee2c7b6786977d9946703a8628cf854f6a5576a2b97c9263126ab4643a112606,2026-04-22 19:32:15.980765+00:00,hu,index.hu,index.hu,2026-04-22,Márki-Zay Péter szívesen lenne köztársasági elnök,https://index.hu/belfold/2026/04/22/marki-zay-peter-polgarmester-koztarsasagi-elnok-szeged-egyetemistak-beszelgetes-sulyok-tamas/
dcc7ee89cd417487097c9e8f3db442e17b8c8ff9bcb477036f0a346096afec8d,2026-04-22 19:32:04.480213+00:00,hu,index.hu,index.hu,2026-04-22,Mulasztás miatt csatangolt el és halt meg egy idősotthonban gondozott férfi,https://index.hu/belfold/2026/04/22/veszpremi-jarasi-ugyeszseg-vademeles-komarom-esztergom-varmegye-igazgato-mulasztas-idosotthon/
99f6bfd1e9eb280865075ad9aeec2472f8e226c2eaeb981afa5b690ebf02ca66,2026-04-22 19:31:57.910001+00:00,hu,index.hu,index.hu,2026-04-22,„Ne féljetek” – szimpátiatüntetést tartanak Sulyok Tamás és az állami intézményvezetők mellett,https://index.hu/belfold/2026/04/22/szimpatiatuntetes-sulyok-tamas-allami-intezmenyvezetok-fekek-es-ellensulyok-magyar-peter/
eb4ad1b707475e3a63e86ada2ccca407a6d3714f93139e27c2abdc7b64234e9b,2026-04-22 19:31:52.928331+00:00,hu,index.hu,index.hu,2026-04-22,"Megsérült az edzésen, nem utazhat a világbajnokságra a Bayern München sztárja",https://index.hu/sport/futball/2026/04/22/bayern-munchen-serge-gnabry-serules-vilagbajnoksag-kimarad/
492b4e425fc93dcc24384f545ba8690844240a90613673c359d13a6acf5cdba4,2026-04-22 19:31:48.201373+00:00,hu,index.hu,index.hu,2026-04-22,"Magyar Péter komolyan veszi az oktatási rendszer átalakítását, de hogy ki áll az élére, nem árulta el",https://index.hu/belfold/2026/04/22/magyar-peter-iskolaigazgato-oktatasi-miniszter-atalakitas-oktatasi-rendszer/
bb9a68f11305188d8ad7e6fe819ebf5f1155a4f27d73b736e3e8261d4c34c888,2026-04-22 19:27:54.501738+00:00,hu,blikk.hu,blikk.hu,2026-04-22,Több mint 15 milliós Rolexet viselt Majka egy interjúban,https://www.blikk.hu/sztarvilag/hazai-sztarok/majka-partizan-interju-rolex-luxusora/nqp3091
396a1bfc1a14a7341433badaf6e0b9a5ceb1b67434bb0e8b37e44fbb2d47a857,2026-04-22 19:27:17.522971+00:00,hu,blikk.hu,blikk.hu,2026-04-22,Újabb magyar érem született a birkózó Eb-n,https://www.blikk.hu/sport/levai-zoltan-eb-bronzerem/48bbhc5
efbf605a4dcc7f78bb8ec8001d79696de451759f7c0b4f2b5ea2bf1073a81a39,2026-04-22 19:27:08.834279+00:00,hu,blikk.hu,blikk.hu,2026-04-22,Így kerestek mentorokat az X-Faktorba,https://www.blikk.hu/sztarvilag/hazai-sztarok/hajos-andras-majka-gaspar-laci-toth-andi-valkusz-milan-azahriah-x-faktor-mentorok/54hmdgx
27b3942a30943ec9d742fde5e64da0eac8a130cb8015d4f4a71f1cc6ab459765,2026-04-22 19:26:08.962146+00:00,hu,blikk.hu,blikk.hu,2026-04-22,Bozótvágóval és tüzelő anyaggal esett neki apa és a fia egy családnak,https://www.blikk.hu/aktualis/krimi/betores-apa-es-fia-letartoztatas/q7vf9z4
c00221cbf164f17b09b6f29025a96a4a3c7919512aecad007b54fe952fac79c6,2026-04-22 18:34:54.240539+00:00,hu,blikk.hu,blikk.hu,2026-04-22,Itt az újabb fejlemény a kajak-kenus botrányban,https://www.blikk.hu/sport/schmidt-gabor-kajak-kenu-elnokseg/dy27e25
e03ec59459dea273580b7b5333dc9cf4d20f3a24bae19c391bc225d263cf3f13,2026-04-22 18:34:39.553067+00:00,hu,blikk.hu,blikk.hu,2026-04-22,"Viccesnek nevezte a betörést Palvin Barbi férje: ""Abban a pillanatban nevetünk a dolgokon, amikor megtörténnek""",https://www.blikk.hu/sztarvilag/hazai-sztarok/palvin-barbara/9frkvrs
18b49b16fa9aa07634e8f9c9777b437a404afc7abcaab518b0db702490128c6c,2026-04-22 18:34:05.820619+00:00,hu,blikk.hu,blikk.hu,2026-04-22,"Óriási bejelentés a TV2-től: Hamarosan kiderül, kik lesznek a Megasztár zsűrijében – videó",https://www.blikk.hu/sztarvilag/hazai-sztarok/megasztar-zsuritagok-tv2/b17hdyb
e39171e62d3f366e615f4b19c9ca65bb6520d8884956fb8d053bb2a3d0e351f8,2026-04-22 18:34:01.098571+00:00,hu,blikk.hu,blikk.hu,2026-04-22,Kirúgta edzőjét a zsinórban öt zakó után a Chelsea,https://www.blikk.hu/sport/kulfoldi-foci/chelsea-liam-rosenior-menesztes/sgecm3b
77b56c2cfcfa9161e9379ba8489616f9f60a0661f6990d1a2ded8707cc8165d1,2026-04-22 18:33:25.905138+00:00,hu,blikk.hu,blikk.hu,2026-04-22,Jelentős adócsökkentés jöhet: több pénz maradhat a fizetésből,https://www.blikk.hu/politika/magyar-politika/kapitany-istvan-szja-csokkentes-terv/b7dlwgb
39401b4324669af5f8f798c9ac6fb673de45d85c13dd93c253a2a85846ca03e3,2026-04-22 18:33:05.867164+00:00,hu,blikk.hu,blikk.hu,2026-04-22,"Tarján Zsófi kutyája, Bella máris díjakat nyert egy szépségversenyen",https://www.blikk.hu/sztarvilag/hazai-sztarok/tarjan-zsofi-kutya/2y6t42b
f2ddaf9f20dbcbd257589138863ea1bd50fb389e9974d21abc99e491319bb334,2026-04-22 18:25:39.047462+00:00,hu,origo.hu,origo.hu,2026-04-22,Csökkentette az újszülöttje halálát okozó pécsi tinilány büntetését a bíróság,https://www.origo.hu/kek-hirek/2026/04/ujszulottje-halalat-okozo-pecsi-tinilany-buntetese
0e9a569c0ffba8df5dcef67f3a1547c0e3e43ee14a0dd92e65ffa7cbdc515af8,2026-04-22 18:25:34.179812+00:00,hu,origo.hu,origo.hu,2026-04-22,Emberölési kísérlet: hasítóékkel verte fejbe lakótársát a férfi,https://www.origo.hu/kek-hirek/2026/04/emberolesi-kiserlet-mezokeresztes-hasitoek
56e0598595591383ecd723c8ed765e261215d7f1afd5d83b3b1f6cc9a6f711bf,2026-04-22 18:25:29.023435+00:00,hu,origo.hu,origo.hu,2026-04-22,Ízekre szedik a vírusokat ezzel az új eszközzel,https://www.origo.hu/tudomany/2026/04/virusolo-muanyag-gatolhatja-a-fertozesek-terjedeset
788acc7a839039a08656852452039744dc093d9a08846ebe44508f2e85f29e54,2026-04-22 18:25:10.839002+00:00,hu,origo.hu,origo.hu,2026-04-22,Szijjártó Péter megválaszolta a mindenkit érdeklő kérdést – kövesse nálunk élőben a Telex-interjút,https://www.origo.hu/belpol/2026/04/szijjarto-peter-interju-telex-kulugyminiszter-kormany
46cd46232eab1817d5e82220fcfd669d92b223c0f899a4ce939aa3e87cda900c,2026-04-22 18:25:04.186939+00:00,hu,origo.hu,origo.hu,2026-04-22,"Teljesen eltorzult, rá sem ismerni Kelemen Annára",https://www.origo.hu/itthon/2026/04/teljesen-eltorzult-ra-sem-ismerni-kelemen-annara-foto
a76ae174f5acda611f3f3971d05a09a3e30182deb0dc11951d9b43ac6aaf5b49,2026-04-22 18:24:56.103028+00:00,hu,origo.hu,origo.hu,2026-04-22,Curtis bátyja az életfogytiglan árnyékában: titokzatos levél került elő a Katzenbach-gyilkosság ügyében,https://www.origo.hu/kek-hirek/2026/04/curtis-batyja-eletfogytiglan-katzenbach-gyilkossag
bd607f0dad94a506cfb9270ab9134101f2d2c5afae496b0607d99aa79fc34486,2026-04-22 18:24:41.096359+00:00,hu,origo.hu,origo.hu,2026-04-22,Csinos riporternővel léphetett félre az NFL-csapat edzője,https://www.origo.hu/sport/sport-laza/2026/04/nfl-botrany-megcsalas-new-england-patriots-riporterno
052e233036443e0cac9e88f99184b2498348705601014367ccc65476980c7e8a,2026-04-22 18:24:36.143790+00:00,hu,origo.hu,origo.hu,2026-04-22,A Magyar Péter által vidékfejlesztési miniszterré kinevezett Lőrincz Viktória nemrég egy devizahitel-károsult családon nyerészkedett,https://www.origo.hu/belpol/2026/04/lorincz-viktoria-devizahitel-karosult-nyereszked
31189ad52dd3d5717137fd9d309fd8b188b50a0eb98220265e86a26cf0ea7fd9,2026-04-22 18:23:38.830350+00:00,hu,origo.hu,origo.hu,2026-04-22,Meglepő vallomást tett Radics Gigi vőlegényéről – erre senki nem számított,https://www.origo.hu/teve/2026/04/radics-gigi-volegenye-macko-miki-eskuvo
1b51c43f15aefc90fcd169db659ba855511511a9cafa9a87bb82b08c6257eb86,2026-04-22 18:23:34.185851+00:00,hu,origo.hu,origo.hu,2026-04-22,"Robbie Keane betartotta az ígéretét, felforgatta a Fradi kezdőjét a Győr ellen!",https://www.origo.hu/sport/sport-futball/2026/04/fradi-gyor-robbie-keane-magyar-kupa-elodonto
0bfa462dc5f755b57052fd0248c7b7197415ebe77801ae4730462e885cc69cc2,2026-04-22 18:23:29.602418+00:00,hu,origo.hu,origo.hu,2026-04-22,Brutális gyilkosság Miskolcon: közösülés közben ölt a cseh férfi – videón a megrázó új részletek,https://www.origo.hu/kek-hirek/2026/04/gyilkossag-miskolc-cseh-ferfi-uj-reszletek-video
c20b5015bdd236620c6a2ddf58ead1ac3fef207b68c8087519ec40b2b665c443,2026-04-22 17:54:48.571478+00:00,hu,blikk.hu,blikk.hu,2026-04-22,A jövőben korábban kell a Ryanair utasainak a reptérre indulniuk,https://www.blikk.hu/eletmod/utazas/ryanair-korabban-erkezni-repuloterre/jydl29t
b5bc1aa5735edf1c56ac0a989d916ea2e4d49dbc27a795b27811cee73945517a,2026-04-22 17:54:31.329047+00:00,hu,blikk.hu,blikk.hu,2026-04-22,"Elítélték, tízmilliókat fizethet az államnak Magdi néni korábban felmentett gyilkosa",https://www.blikk.hu/aktualis/belfold/zagyvarekas-gyilkos/ycnkw7r
c9fedd1ea9425f4cc47385055d6ca828a26b635db48864f7dca1d7ccfac9cf73,2026-04-22 17:53:54.218249+00:00,hu,blikk.hu,blikk.hu,2026-04-22,Életveszély a polcokon: Így próbálják megvédeni a magyar boltok a babákat a mérgezett ételektől,https://www.blikk.hu/aktualis/belfold/hipp-bebietel-mergezes/763mzzt
52667e2428d49b9595a170785a66dc207f6d748a09f3d93bc93531f660ea6c77,2026-04-22 17:53:01.735498+00:00,hu,blikk.hu,blikk.hu,2026-04-22,"„Meg fogsz gyógyulni, kicsim” – Rubint Réka az elhunyt édesapját hallotta",https://www.blikk.hu/sztarvilag/hazai-sztarok/rubint-reka-elhunyt-edesapja-uzenet/bm7sk2d
eb0b4d2fb5e262897f6f7157e86d75bc9e666bc4581ca60ad077feacde24cd18,2026-04-22 17:44:20.092835+00:00,hu,blikk.hu,blikk.hu,2026-04-22,Vigyázat! Jönnek az ország leghülyébb celebjei az RTL új műsorában,https://www.blikk.hu/sztarvilag/hazai-sztarok/rtl-nations-dumbest-uj-musor-legbutabb-celeb-show/ynsjcs3
ec11f2e74006e307638d099f9a490b5442a6237c15a213b937a2f27e2adf25d4,2026-04-22 17:44:04.912243+00:00,hu,blikk.hu,blikk.hu,2026-04-22,Kacsától kapott új szaruhártyát a hortobágyi parlagi sas,https://www.blikk.hu/aktualis/belfold/kacsa-szem-donor-parlagi-sas-mutet-hortobagy-szentes-siker/mjtgj7p
e98084c134a3097794b894caac926042a47e9b9207af6147142dd758f30ad605,2026-04-22 17:44:00.411809+00:00,hu,blikk.hu,blikk.hu,2026-04-22,"Négy éve gázolták el Zsoltot Máltán, de a vétkes még mindig nem bűnhődött meg",https://www.blikk.hu/aktualis/belfold/malta-gazolas-motoros-baleset/k9s8866
2e097908bd94822759cf9b1b34e527f82d43525bb25425ba75c223d0fe399afd,2026-04-22 17:43:35.970378+00:00,hu,blikk.hu,blikk.hu,2026-04-22,"Ezt mondta Magyar Péterről Alekszandr Vucsics szerb elnök, miután tárgyaltak",https://www.blikk.hu/politika/vilagpolitika/alekszandr-vucsics-magyar-peter-targyalas/83gtxhn
f8b934c9b7e1d266f02bc7dea9d9499abfbc114a583b86ab061aa5506faf98b3,2026-04-22 17:43:31.352092+00:00,hu,blikk.hu,blikk.hu,2026-04-22,"A hatodik műtétjére vár horrorbukása után, de ősszel már újra síelne Lindsey Vonn",https://www.blikk.hu/sport/lindsey-vonn-sieles-sielo-bukas-serules/4m6p4j8
e72a7a056bf0b3d1ae53bd1fb7b86cdf7cc2426e306427f8ba3d31a47e5f8887,2026-04-22 17:43:03.202724+00:00,hu,blikk.hu,blikk.hu,2026-04-22,Nem kérnek a videobíróból az angol másodosztályban,https://www.blikk.hu/sport/kulfoldi-foci/angol-masodosztaly-videobiro/j6fffp5
281ee94319e1eabb11366d15f92078b16adf7bf8cb55f7fbfb4fcac90aec4983,2026-04-22 17:42:57.640497+00:00,hu,blikk.hu,blikk.hu,2026-04-22,Hogyan szabadulhatunk meg a mohától a gyepen vegyszerek nélkül? Használjuk ezt az egyszerű konyhai „hulladékot”!,https://www.blikk.hu/eletmod/tippek/moha-gyep-vegyszerek-nelkul/qd9bzgp
432d8ee553aacda7c4981ded3e7975aeb2a5db0d39c8bd73e39eb5df3cf3a5ac,2026-04-22 17:42:39.480124+00:00,hu,blikk.hu,blikk.hu,2026-04-22,Hat év után először: Szijjártó Péter leköszönő külügyminiszter élőben válaszol a Telex kérdéseire,https://www.blikk.hu/politika/magyar-politika/szijjarto-peter-elo-interju-telex-fabian-tamas/3lxe52n
845faf6d9538a97e15b4f5bba210bb6ae799f2f474815bb1d6ab53cafdf6829f,2026-04-22 16:44:55.249037+00:00,hu,blikk.hu,blikk.hu,2026-04-22,"Kutyasétáltatásból trauma: egy este, amire senki sem emlékszik",https://www.blikk.hu/blikk-tv/szorakozohely-bedrogozas/w3d77fr
35471037ff37bb33ab807759d1c2d66ce6d3e99e0f21160db1bd00d46dd37dc0,2026-04-22 16:44:42.670040+00:00,hu,blikk.hu,blikk.hu,2026-04-22,Megszólalt Curtis bátyja a tárgyaláson: egy rejtélyes levél került elő az eljárás során,https://www.blikk.hu/aktualis/belfold/curtis-batyja-szeki-lajos-katzenbach-ugy-bizonyitek/gyxqk9l
8c77d14ab7cf85abf10d5640d7ba081cd065a1b7fbd598f88836a3f299530912,2026-04-22 16:43:55.084840+00:00,hu,blikk.hu,blikk.hu,2026-04-22,Pszichológust keres az interneten az angol sztárcsapat,https://www.blikk.hu/sport/kulfoldi-foci/tottenham-pszichologus-linkedin/elq3c37
cdde671d4f47c042f9785cdfc0a3dcb69a3248eccfb2d5be62a4ff69bb6ad7b3,2026-04-22 16:43:49.963209+00:00,hu,blikk.hu,blikk.hu,2026-04-22,Gáspár Evelin megszólalt: így érzi magát a Fidesz veresége után a leköszönő külügyminiszter sajtósa – fotó,https://www.blikk.hu/sztarvilag/hazai-sztarok/gaspar-evelin-megszolalt/sxqke65
d15186ca26c8b8b62fff94ef6ae2da73a7c41e097f47044f3e9ac57532c14c00,2026-04-22 16:38:18.458060+00:00,hu,blikk.hu,blikk.hu,2026-04-22,Suti András lábtörése miatt tolószékbe kényszerült,https://www.blikk.hu/sztarvilag/hazai-sztarok/suti-andras-baleset/l5l49z8
591b13dae92aea7a9766f6aec5c566163c54ce31e483b89a0c1484b3ccbcba50,2026-04-22 16:37:39.765633+00:00,hu,blikk.hu,blikk.hu,2026-04-22,Távozzanak a politikusok a magyar sportból? – A kajakosok ügye után több szövetségnél és klubnál felvetődhet a váltás,https://www.blikk.hu/sport/kajak-kenu-szovetseg-elnok-valasztas/3hedkzm
4d766ca3cf1291d2e3de6c33520e253a16e6f4fdaa0264947e9255973bf26776,2026-04-22 16:37:08.230672+00:00,hu,blikk.hu,blikk.hu,2026-04-22,Borbélya miatt került bajba Marc Cucurella,https://www.blikk.hu/sport/kulfoldi-foci/chelsea-marc-cucurella-borbely-botrany/sth8zbr
5906f2eb9642020e2e3b7ec5c0af7fb8ff26fa562564dedb7001e4eeadca3dac,2026-04-22 16:36:50.202005+00:00,hu,index.hu,index.hu,2026-04-22,"Csalók próbálnak meg visszaélni Dombóvári István nevével, fogyókúrás csodaszert reklámoznak vele",https://index.hu/fomo/2026/04/22/dombovari-istvan-fogyokura-reklam-csalok-manipulacio-mesterseges-intelligencia/
20899873047386ed50466e61ae59a93ca61f9758f9a45a95ed9d01bf1a23fbdf,2026-04-22 16:36:45.604836+00:00,hu,index.hu,index.hu,2026-04-22,Álló ovációval fogadták Magyar Pétert az Európai Néppárt ülésén,https://index.hu/kulfold/2026/04/22/magyar-peter-europai-neppart-europai-unio-taps-ovacio/
e00f24d44d1b6689b009377f4711173bbbc7f792e082dcd3d9d0c452a21eb8a5,2026-04-22 16:36:40.187052+00:00,hu,index.hu,index.hu,2026-04-22,"Színre lépett Magyar Péter, azonnal furcsa mozgások történtek Matolcsy Ádám baráti körében",https://index.hu/gazdasag/2026/04/22/somlai-balint-raw-development-matolcsy-adam-tisza-part-magyar-peter/
8c71d2d212a694d8a64eb937c9d5b6072738fa072c641b7c92db2f42a9ed9287,2026-04-22 16:36:35.447812+00:00,hu,index.hu,index.hu,2026-04-22,Percek alatt feltölthető akkumulátort jelentett be egy Magyarországon is gyártó kínai óriáscég,https://index.hu/gazdasag/2026/04/22/catl-akkumulator-toltes-hatotav-auto-1500-kilometer/
14293bd3accb69aebd074c60aa89dcd852ca102c1bf9f682bb88270dad264d5f,2026-04-22 16:36:26.613592+00:00,hu,index.hu,index.hu,2026-04-22,Sajtóinformáció: távozik a honvédségtől a miniszterelnök fia,https://index.hu/belfold/2026/04/22/orban-gaspar-magyar-honvedseg-csadi-misszio-tavozas/
6345f84a0df8f90639046dd8d330866a52699718d3f66539bf8f8db9d382c23e,2026-04-22 16:36:20.197334+00:00,hu,index.hu,index.hu,2026-04-22,"Robban a művészet: Orbán Viktor hattyúként táncol, Magyar Péter vadnyugati hősmodell",https://index.hu/kultur/zene/2026/04/22/tudosok-zenekar-drmarias-eljen-a-diktatura-a-hattyu-dala-lehet-oliver-klip-orban-viktor-magyar-peter-kritika/
7496c9406168f0dd95370d6e104adfaf80f747a55efb3dd7b18e5f66d1fad0ad,2026-04-22 16:36:15.413365+00:00,hu,index.hu,index.hu,2026-04-22,"Több évtized után fény derülhet az igazságra, ezzel az intézkedéssel kezdi munkáját Ruff Bálint",https://index.hu/belfold/2026/04/22/ruff-balint-miniszterelnokseget-vezeto-miniszter-interju-tisza-part-magyar-peter/
5eac70e632193550f7fdaa39402abd3ebb1b3ada4e4778cafcc023240cb32081,2026-04-22 16:36:10.150573+00:00,hu,index.hu,index.hu,2026-04-22,"Gulyás Márton reagált Ruff Bálint kinevezésére, a Partizán stábját váratlanul érte Magyar Péter bejelentése",https://index.hu/belfold/2026/04/22/ruff-balint-miniszterelnokseget-vezeto-miniszter-gulyas-marton-reakcio-veto/
a12f0ff8745480e53695aeed738926578057d73405d7250e83a664f0b61ec96d,2026-04-22 16:36:05.228440+00:00,hu,index.hu,index.hu,2026-04-22,"Megváltozott a közmédia a Tisza Párt győzelme után, még a háború szó is feleannyiszor hangzik el",https://index.hu/belfold/2026/04/22/republikon-intezet-kozmedia-kormanypart-ellenzek-magyar-peter-orban-viktor/
856a632a7a33fd97c7d01d0104982269c3f7cf4ed1703ed55d83f877c7ee436a,2026-04-22 16:36:00.467729+00:00,hu,index.hu,index.hu,2026-04-22,"Megszólalt az iváncsai akkumulátorgyár üzemeltetője, kiderült, mi okozta a tüzet",https://index.hu/belfold/2026/04/22/ivancsa-akkumulatorgyar-tuz-nagy-ervin-tisza-part-orszaggyulesi-kepviselo-sk-on-hungary-kozlemeny-reakcio/
4bd54b113ed4ea9dd2d48eedaf3df859dfa5f46699e34ef52dc81f4832eca7c7,2026-04-22 16:35:39.680937+00:00,hu,index.hu,index.hu,2026-04-22,"Kiderült, mi fért bele a színészeknek, így zajlottak a legmerészebb jelenetek a Kovi-sorozatban",https://index.hu/mindekozben/poszt/2026/04/22/kovacs-kovi-istvan-sorozat-birodalom-kiderult-mi-fert-bele-a-szineszeknek/
8f9ef99c74787a053a89caa26af445226b5aa45571d62375ffee9af658239c31,2026-04-22 16:35:30.482030+00:00,hu,index.hu,index.hu,2026-04-22,Jóváhagyták az Ukrajnának szánt 90 milliárd eurós hitelt,https://index.hu/kulfold/2026/04/22/ukrajna-europai-unio-tamogatas-szankcio-orosz-ukran-konfliktus-baratsag-koolajvezetek/
f5668d43211a57340d738e2ff2ee7e9d2b8bf7c881376295b64ca5cf55b1d3be,2026-04-22 16:35:25.141590+00:00,hu,index.hu,index.hu,2026-04-22,A Greenpeace Ausztria feljelentést tett a Vas vármegyében is azbesztszennyezést okozó osztrák kőbányákkal kapcsolatban,https://index.hu/belfold/2026/04/22/greenpeace-ausztria-szombathely-azbeszt-veszely-vas-varmegye-lakossag-biztonsag-intezkedes/
80489898817fadf36cceff2fe6dd1b15e835cd4eb7ff3707c02b579415e4a838,2026-04-22 16:35:21.357741+00:00,hu,index.hu,index.hu,2026-04-22,"Molnár Gusztáv elengedte a körmöshöz feleségét, amíg ő otthon tartja a frontot",https://index.hu/mindekozben/poszt/2026/04/22/molnar-gusztav-elengedte-a-kormoshoz-feleseget-amig-o-otthon-tartja-a-frontot/
cad8392c8c3fcc585edd4780b168edb0985f0a54d3ad7eeb186af059e4e6badc,2026-04-22 16:35:15.569286+00:00,hu,index.hu,index.hu,2026-04-22,"Ismét átalakult a Budapest Park, ilyen újításokkal készülnek a szezonra",https://index.hu/fomo/2026/04/22/budapest-park-sajtotajekoztato-megujulas-15-ev/
e17b78d4559ff17cce406886050f6bfde44a70b7bc26c66deda86128a21db500,2026-04-22 16:35:10.112401+00:00,hu,index.hu,index.hu,2026-04-22,Az iráni Forradalmi Gárda konténerhajókra nyitott tüzet,https://index.hu/kulfold/2026/04/22/iran-egyesult-allamok-izrael-haboru-hormuzi-szoros-kontenerhajo-irani-forradalmi-garda/
9f45ef9dbfc4dfe6f4b2914827128e21eae6982bf3b7ca90c750d96090cb7eb2,2026-04-22 16:35:01.277578+00:00,hu,index.hu,index.hu,2026-04-22,Drasztikus változások jöhetnek az Európa-bajnoki és világbajnoki selejtezőkben,https://index.hu/sport/futball/2026/04/22/labdarugas-futball-europa-bajnoksag-vilagbajnoksag-eb-vb-selejtezo/
f6ba5e23e219f183de8bf842560f5b699db412f6ae2106196048e3287141f6bc,2026-04-22 16:34:58.221805+00:00,hu,index.hu,index.hu,2026-04-22,Szabados Ági férje máig emlékszik első találkozásukra: „Megközelíthetetlennek tűnt”,https://index.hu/mindekozben/poszt/2026/04/22/szabados-agi-ferje-kozos-interju-gyerekvallalas/
eff834b06f304a3db606169b29233a7cc6f6f0119fd2e6aea8e1aa6347656d35,2026-04-22 16:32:54.409067+00:00,hu,origo.hu,origo.hu,2026-04-22,"Ez durva, mindenki ilyen használt autót keres",https://www.origo.hu/auto/2026/04/elektromos-auto-hasznalt-piac-hatotav
87b6675d5dcebbe9aa34dd4a32439b7eed6446fd49f05963e5cc28b7a787202e,2026-04-22 16:32:49.088370+00:00,hu,origo.hu,origo.hu,2026-04-22,Áttörés a tudományban: kristályokkal írhatják át a fizika törvényeit,https://www.origo.hu/tudomany/2026/04/kristalyok-feny-einstein
5018284866f7a5e46227d9c82f98a174585a1274757911f690c17a60757f8afb,2026-04-22 16:32:44.295999+00:00,hu,origo.hu,origo.hu,2026-04-22,Ezért tűnhetett el egy egész kiskunhalasi család? Döbbenetes ok állhat a háttérben,https://www.origo.hu/kek-hirek/2026/04/eltunt-apa-harom-lanyaval-borton-elol
035d7448152810cafde86ea2a7403ed19760c2a7413e946ed9fece19f892ebac,2026-04-22 16:32:39.107183+00:00,hu,origo.hu,origo.hu,2026-04-22,Megszületett a döntés: soha többé nem vehetnek cigarettát ezek az emberek,https://www.origo.hu/nagyvilag/2026/04/dohanyzas-ellen-brit-torveny-eletre-szolo-tiltas
a04539c33ae31aed1d425e8e1a834b43b809275f2abcbdd213d7ada6a6c5003d,2026-04-22 16:32:35.231341+00:00,hu,origo.hu,origo.hu,2026-04-22,"Éveken át dézsmálta a kasszát az IKEA egyik pénztárosa, most lekapcsolták",https://www.origo.hu/nagyvilag/2026/04/ikea-egyik-penztarosa-most-lekapcsoltak
d7157b335ee41c3e0a42c1f5dba0d8b5d6250900e59f3a3f906eb85fa071959e,2026-04-22 16:32:29.162111+00:00,hu,origo.hu,origo.hu,2026-04-22,"A Liverpool elkapta Szoboszlait, Kerkezt és Pécsit: a három magyar mindent bevallott – videó",https://www.origo.hu/sport/sport-futball/2026/04/szoboszlai-kerkez-pecsi-liverpool-labdarugas-video
a2fba6dbf8ae3a7c7b68460b69288e4a8619d2b50a013f07dbf5bbb6a1594c41,2026-04-22 16:32:24.693676+00:00,hu,origo.hu,origo.hu,2026-04-22,Fontos változást jelentett be a fapados légitársaság – rengeteg magyart érint,https://www.origo.hu/gazdasag/2026/04/ryanair-fapados-legitarsasag-check-in-poggyasz
dab4bd05ada000fcd9aeb7ddacf62b853b77a4bda09c304135c38fca72e06e43,2026-04-22 16:32:19.815594+00:00,hu,origo.hu,origo.hu,2026-04-22,Bűnöző család tette tönkre a ValóVilág sztárját – „apám drogoztatta anyámat”,https://www.origo.hu/kek-hirek/2026/04/bunozo-csalad-vv-sajti-megrazo-vallomas
7adcd9911651361b2533308fbcc30488dccce4435f6c9a52f19bf4464b04501a,2026-04-22 16:32:14.977063+00:00,hu,origo.hu,origo.hu,2026-04-22,Felfoghatatlan: babakocsiban hagytak magára egy kislányt a világ egyik legforgalmasabb terén,https://www.origo.hu/nagyvilag/2026/04/csecsemo-times-square-rejtelyes-ugy-babakocsi
8c3686641bc1b9deec9209445083ddb62b70a9ecc981b18816feb0963d1141f4,2026-04-22 16:32:09.159018+00:00,hu,origo.hu,origo.hu,2026-04-22,Túl sok alvás? Ezért lehet veszélyes a nappali szunyókálás,https://www.origo.hu/nagyvilag/2026/04/alvas-szunditas-egeszseg-betegseg-kutatas
93d04f4d4d4f33c82d0ef0e3610aa5477df3e00826632c24f26f7a3a6fbca15b,2026-04-22 16:32:04.647841+00:00,hu,origo.hu,origo.hu,2026-04-22,Ezeken az íveken Hamilton is eltévedne – minden férfit kísértésbe visz,https://www.origo.hu/nagyvilag/2026/04/kaylah-holmes-szexi-fotok-fitnesz-edzo
a1d1730c2b2e7429b192f89a05684bd61760223bc749a73eac0038372ef5e9c0,2026-04-22 16:31:59.215503+00:00,hu,origo.hu,origo.hu,2026-04-22,Tíz városban rendezik meg a Nagy Táncválasztó ingyenes programsorozatát,https://www.origo.hu/itthon/2026/04/tanc-nagy-tancvalaszto-program-mozgas
3eb80ab852365d3f2e00d1642a9bdd7c17711060965de47c2d8d7933de18fbac,2026-04-22 16:31:54.902971+00:00,hu,origo.hu,origo.hu,2026-04-22,Hihetetlen képsorok az NHL-ből: a vezetőedző fején tört össze a plexi – videó,https://www.origo.hu/sport/sport-trashtalk/2026/04/nhl-colorado-los-angeles-jegkorong-plexi-tores
3c73f5a6a5f8575c2e56c9b2f490ea4cfbee75d84adbfd6969802ed8fead2bc5,2026-04-22 16:31:49.125144+00:00,hu,origo.hu,origo.hu,2026-04-22,"Nem okoz függőséget, mégis csillapítja a fájdalmat a morfium utódja",https://www.origo.hu/tudomany/2026/04/fajdalomcsillapitok-uj-generaciojat-tesztelhetik
abdbbbd572274ed1e3d8f3f70fdfb1c17e718e7f777bca7bcb230fc9506f80f4,2026-04-22 16:31:44.570057+00:00,hu,origo.hu,origo.hu,2026-04-22,Szeretne spórolni a külföldi autóbérlésen? – itt a megoldás,https://www.origo.hu/auto/2026/04/elektromos-auto-napidij-toltes-berles
edc276f01259bbc78f29e0479696cc64b2ec6ae66938f002863e3002aa8470e7,2026-04-22 16:31:39.249833+00:00,hu,origo.hu,origo.hu,2026-04-22,"Visszatér a régi baloldal? Bemutatjuk, ki valójában Ruff Bálint, aki Magyar Péter kulcsminisztere lesz",https://www.origo.hu/belpol/2026/04/ruff-balint-szdsz-tiszahoz
73a9fdc497abc31de4b4fb50c2682f4840e5e34ec798caafb60298061239d094,2026-04-22 16:31:34.484429+00:00,hu,origo.hu,origo.hu,2026-04-22,Szimpátiatüntetést szerveznek Magyarország állami intézményeinek vezetői mellett,https://www.origo.hu/belpol/2026/04/tuntetest-szerveznek-magyarorszag-magyar-peter-sulyok
e03ed75875eeef8f35cf9cf3d800d9d72cb3c0b366256fffbf5f45925bfe3a2a,2026-04-22 16:31:29.133279+00:00,hu,origo.hu,origo.hu,2026-04-22,"Nehéz kérdést kapott Max Verstappen, de egy pillanat alatt döntött",https://www.origo.hu/sport/f1/2026/04/verstappen-forma-1-gt-verseny-le-mans-kinos-kerdes
f3e6b4dc8eb949ed2afc30aa946275e9f50547da3d4f0c9ea815c52a2ba61c31,2026-04-22 16:31:25.184008+00:00,hu,origo.hu,origo.hu,2026-04-22,"Új nő, eladó ház, törölt fotók: válik a Barátok közt sztárja",https://www.origo.hu/itthon/2026/04/baratok-kozt-szabo-kitti-olah-martin-valas
cc68ba9843e6817d2530135f0a224267ef7b38c253f7436b3e0ab0a24cb2d7eb,2026-04-22 16:31:19.119168+00:00,hu,origo.hu,origo.hu,2026-04-22,Szinte levágta az ajtót a szélvédőn beköszönő fa a karcagi balesetnél,https://www.origo.hu/kek-hirek/2026/04/baleset-tragedia-4es-fout-halalos-aldozat
55c48e5cdcdfd0b7c283b64582f8749acc8995edc4f8b312a757e7a4ec14337c,2026-04-22 16:31:15.720479+00:00,hu,origo.hu,origo.hu,2026-04-22,Ismeretlen férfi holttestét találták meg Bács-Kiskun vármegyében,https://www.origo.hu/kek-hirek/2026/04/holttest-ismeretlen-ferfi-szalkszentmarton
82f1d1687cf2863f46ad6e00b9aa7a5a84a7aacc111864f235f0d5d4b8ea4387,2026-04-22 16:31:09.106653+00:00,hu,origo.hu,origo.hu,2026-04-22,Kisfia holttestével kocsikázott napokig egy nyíregyházi nő,https://www.origo.hu/kek-hirek/2026/04/kisfiu-halala-nyiregyhaza-ugy
c90a7598e335b8048682002d9f1c5e3cbe290db540ddfa92dc850aad9da3c278,2026-04-22 16:31:05.140247+00:00,hu,origo.hu,origo.hu,2026-04-22,"Riadót fújtak Németországban, óriási bajok állnak a küszöbön",https://www.origo.hu/belpol/2026/04/nemetorszag-riado-oriasi-bajok-allnak-a-kuszobon-olaj
4297c9b586696d44e9dc96cae4e4790d7f9dd87b43bf2060de2533132369f5b3,2026-04-22 16:30:59.685820+00:00,hu,origo.hu,origo.hu,2026-04-22,"Álló metrónak csapódott egy munkagép, rengetegen megsérültek",https://www.origo.hu/nagyvilag/2026/04/metrobaleset-washington-serules-munkagep
25fa64ef4ba5939c31a36fa33d379a59603aeeef7420bf4481c632c2b7fac4ed,2026-04-22 16:30:54.026025+00:00,hu,origo.hu,origo.hu,2026-04-22,Huncut hamupipőke! Szende mosollyal dobta le a textilt a szőke bombázó – galéria,https://www.origo.hu/nagyvilag/2026/04/lacey-butlin-szoke-love-island-bikini-szexi-galeria
b632b7da4e7a9188214bbe7f531436391830fbb322cc2354b6355dd74cbb06d2,2026-04-22 16:30:49.138235+00:00,hu,origo.hu,origo.hu,2026-04-22,Bankot robbantott a leggazdagabb ukrán: megvásárolta minden idők legdrágább lakóingatlanát,https://www.origo.hu/gazdasag/2026/04/mareterra-negyed-legdragabb-lakoingatlan
0ed5642ccc92ce8be89e9c1c93adfe2ce15d90ea72f6c97789a28b22f7eca502,2026-04-22 16:30:35.257613+00:00,hu,origo.hu,origo.hu,2026-04-22,Spermadonor 180 gyerekkel – mégsem lehet apa,https://www.origo.hu/nagyvilag/2026/04/spermadonor-180-gyerekkel-megsem-lehet-apa
cae21945bebe8595b5b5399a90cc227b8688a903fca41e7a790491eaa46897a4,2026-04-22 16:30:30.559336+00:00,hu,origo.hu,origo.hu,2026-04-22,Volt felesége kitálalt Sylvester Stalloneról – ilyen az akciósztár az ágyban,https://www.origo.hu/nagyvilag/2026/04/sylvester-stallone-brigitte-nielsen-hazassag-botrany
0cade2205526df6e37184f6d1d280b86f860832a3775a4da549b40cf178aab27,2026-04-22 16:25:38.044133+00:00,hu,blikk.hu,blikk.hu,2026-04-22,Tűzeset az iváncsai akkumulátorgyárban – Nagy Ervin posztja után a vállalat is megszólalt,https://www.blikk.hu/aktualis/belfold/tuz-ivancsa-akkumulatorgyar-reagalas-nagy-ervin/694cegk
2a88cd1dec675781197cbd97d00bf2f0e6b6821ab54f423f50fe53f6ec0cdce1,2026-04-22 16:25:12.857897+00:00,hu,blikk.hu,blikk.hu,2026-04-22,"Fagyival, keksszel és nasikkal tömik a makákókat a turisták Gibraltáron: meglepő, mit vált ki ez az állatokból",https://www.blikk.hu/ferfiaknak/tech/majom-nasi-gibraltar-turistak-kaja-makako/dymrh5h
f9692e6d9da3f7a2c1318cb800e456f80ef88796d20b215cbae4a2ec1cb30fd9,2026-04-22 16:25:07.561189+00:00,hu,blikk.hu,blikk.hu,2026-04-22,"A WC-ben szülte meg, majd magára hagyta a gyermekét egy pécsi tinilány",https://www.blikk.hu/aktualis/krimi/pecs-tinilany-gyermek-gyilkossag/280ep4z
3b3eda66afa25ccd49bf371ff21dd0ffddb1471608393839e02db6659f58faee,2026-04-22 16:24:39.266701+00:00,hu,blikk.hu,blikk.hu,2026-04-22,"Rendőri intézkedés zajlott Salgótarjánban, egy elkövetőt keresnek",https://www.blikk.hu/aktualis/krimi/salgotarjan-rendorseg-kivonulas-nyomozas/6erxy8l
fc5e8a8cf3f810f01f8bc016473b858f390b2990e3c037c6a090e241df25e434,2026-04-22 15:41:38.271905+00:00,hu,blikk.hu,blikk.hu,2026-04-22,"Csökkent az Eurojackpot ára, mostantól kevesebbet kell fizetni a játékért",https://www.blikk.hu/gazdasag/penz/eurojackpot-ara-szerencsejatek-zrt-forinterosodes/ddgdepq
4d97aeae76022a9395e3b90603c7a4df283eb9bcd75a44cf4afeb6baf64ff6e9,2026-04-22 15:41:33.820930+00:00,hu,blikk.hu,blikk.hu,2026-04-22,"Bódi Bence elárulta, miért nem szimpatikus elsőre sokaknak",https://www.blikk.hu/sztarvilag/hazai-sztarok/bodi-bence/8hmc0ry
5833642c04805e6398aa08354a69d0d300fe5acdcb299712b059aa4dae4d5e81,2026-04-22 15:41:15.907843+00:00,hu,blikk.hu,blikk.hu,2026-04-22,"Kiderült, melyik hat cukormentes torta esélyes idén a győzelemre – vajon melyik lesz az ország kedvence, és milyen újdonságokat hozott a verseny mezőnye",https://www.blikk.hu/eletmod/gasztro/magyarorszag-cukormentes-tortaja/w8jn7gv
757c9c6263830f30f73456fcb5f797305a24951bc4767a47fd68d9adfc4b5a93,2026-04-22 15:33:07.696119+00:00,hu,index.hu,index.hu,2026-04-22,Kadarkúti polgármesterjelöltből miniszter – Lőrincz Viktória a Tisza-kormány terület- és vidékfejlesztési minisztere,https://index.hu/belfold/2026/04/22/polgarmester-somogy-kaposvar-tisza-part-kormany-lorincz-viktoria-videk-terulet-fejlesztes-miniszter-magyar-peter/?utm_source=hirstart&utm_medium=referral&utm_campaign=ct
6a46d5abf7382b5892ec4ec6761bb6671ef727f5da9099fed0d28a69aff7a45a,2026-04-22 15:30:05.242352+00:00,hu,blikk.hu,blikk.hu,2026-04-22,"Márki-Zay Péter: „Megtisztelő, hogy sokan köztársasági elnökként látnak engem”",https://www.blikk.hu/politika/magyar-politika/marki-zay-peter-koztarsasagi-elnok/g5k7vdk
c41f8034208c5975da5f6487d9583fef3b19844a6e0321e14ece0d43358490fb,2026-04-22 15:23:58.352662+00:00,hu,blikk.hu,blikk.hu,2026-04-22,Súlyos döntést hozott a Tesco: két budapesti áruházát is bezárja április végén,https://www.blikk.hu/gazdasag/vasarlas/tesco-budapest-bezarasa-aprilis-vegen/wy5d59k
dcd3598d7b55e9672b600f0e124f66932965e18aaa7ccdf0600fbcee549c5e48,2026-04-22 15:23:51.042386+00:00,hu,blikk.hu,blikk.hu,2026-04-22,"Szorongással él a lány, sérelemdíjat kérnek a kórháztól",https://www.blikk.hu/aktualis/belfold/koranyi-ismeretlen-gyogyszer/s9gs5gf
0c08a1748fe821719ed37a1a0d5f0d2a3f9832e52dcce735317fe7a58107d8a5,2026-04-22 15:23:35.721679+00:00,hu,blikk.hu,blikk.hu,2026-04-22,A kínai nagy falat – itt az Auto Bild tesztje az Omoda 7-ről,https://www.blikk.hu/auto/omoda-kinai-auto-teszt/fwv3nxt
228824a31a90c9eb31c4b3a798a742831446c9beabd0565ec819ed5095a8913c,2026-04-22 15:23:25.919831+00:00,hu,blikk.hu,blikk.hu,2026-04-22,Döbbenetes előnyben vannak a 80-as és 90-es évek szülöttei: ezért lehetnek jobb szülők a videójátékoknak köszönhetően,https://www.blikk.hu/eletmod/szulok-gyermekneveles-videojatekok/yc50552
1cf892c829ba484cf8df09b0e4b4c1e8ecd7a74af9445f950ec80a7b6ebbe68e,2026-04-22 15:23:21.357992+00:00,hu,blikk.hu,blikk.hu,2026-04-22,Bernáth Odett szerint nem mindenki fél az egyedülléttől,https://www.blikk.hu/sztarvilag/hazai-sztarok/bernath-odett/yxnm1vk
9dbc41cebf040450457fb5a7ab07a04e0cb67d771f3f92a13b59f2e0090642d0,2026-04-22 15:23:08.670006+00:00,hu,blikk.hu,blikk.hu,2026-04-22,Liverpooli gyerekekkel kertészkedett Kerkez Milos,https://www.blikk.hu/sport/kulfoldi-foci/kerkez-milos-liverpool-kerteszkedes-fold-napja/2m92hb5
26988dfcf26c4a7316756958bb83b0b03de8969a8ce2645a63a92840d8ff38a4,2026-04-22 15:22:52.954010+00:00,hu,blikk.hu,blikk.hu,2026-04-22,"„Tartom a frontot” – Molnár Gusztáv egyedül maradt újszülött kislányával, amíg felesége megszökött otthonról",https://www.blikk.hu/sztarvilag/hazai-sztarok/molnar-gusztav-kislanya-felesege-kormos/8bx25vd
c64551e7e21cc6062889a44c863d690163ed5cd383d608d3cbdf19637a359504,2026-04-22 15:22:35.158570+00:00,hu,blikk.hu,blikk.hu,2026-04-22,Tóth Gabi megszólalt a Fidesz-frakciós munkájáról,https://www.blikk.hu/sztarvilag/hazai-sztarok/szerzodes-lejar-toth-gabi-kocsis-mate-pasztor-anna/gde3g48
c0cdafa2307c4f861b74f294d36721fc4c15ec3348ac4fb25059e0638285ffee,2026-04-22 15:22:26.285333+00:00,hu,blikk.hu,blikk.hu,2026-04-22,Feljelentést tett az osztrák Greenpeace a Vas vármegyében is azbesztszennyezést okozó osztrák kőbányák miatt,https://www.blikk.hu/aktualis/kulfold/greenpeace-ausztria-feljelentes-azbeszt/pfzgz1d
1b152a00ea9e0d0ecb9f1f5bdfa7141d921596b38f0e3075169460b3a7d307e5,2026-04-22 15:22:19.972753+00:00,hu,blikk.hu,blikk.hu,2026-04-22,"Meglepő döntést hozott a Liverpool, ez Szoboszlai Dominikot is érinti",https://www.blikk.hu/sport/kulfoldi-foci/arne-slot-szoboszlai-dominik-liverpool-meglepo-dontes/9hbevl1
ba6c29f5c231b3317a698af856f7c46a30c449f23062315964d83915fb711a46,2026-04-22 15:22:07.146777+00:00,hu,blikk.hu,blikk.hu,2026-04-22,"Tiltólistára kerültek a powerbankek? Itt az új szabály, ami minden repülőutast érint!",https://www.blikk.hu/ferfiaknak/tech/powerbank-repulo-szabalyozas-akkumulator/hfek3mg
bf033ece5f13a1b660e6f19e0292947754ed39af2bc1a956dc7afb285a3f1413,2026-04-22 15:21:57.791995+00:00,hu,blikk.hu,blikk.hu,2026-04-22,A kellemetlen lábszagot vegyszerek nélkül is el lehet tüntetni,https://www.blikk.hu/eletmod/tippek/labszag-ciposzag-eltuntetese/2rwv6dd
1aa6cb835542789bafdaa44d051aea47cb0ae1c81441d138b714815e9d51f89a,2026-04-22 14:36:13.571371+00:00,hu,origo.hu,origo.hu,2026-04-22,"Feloldották a szigorúan titkos CIA-aktát; hajmeresztő, mivel kísérleteztek",https://www.origo.hu/tudomany/2026/04/gateway-elmeny-cia-titkos-akta
bccc9d2ddf3bf0fb4ae85e2aed4066aec0c8ae81feea80d3b80e4da4a8293f51,2026-04-22 14:35:57.778788+00:00,hu,origo.hu,origo.hu,2026-04-22,Menczer Tamás megszólalt és elmondta a választási vereség okait,https://www.origo.hu/belpol/2026/04/menczer-tamas-patriota-interju
d7e578e6ed3d4a896ad3007577c4491c2937637ed6b68197a92ee620ee4c57a6,2026-04-22 14:35:52.082230+00:00,hu,origo.hu,origo.hu,2026-04-22,"Megalázó dolgot tettek Sydney Sweeney-vel, csúnyán elbántak vele",https://www.origo.hu/nagyvilag/2026/04/sydney-sweeney-film-jelenet
dc5047532ee71ee8d275b370832ab63ede413cd5d64deba2a3732a4112d28185,2026-04-22 14:35:36.819161+00:00,hu,origo.hu,origo.hu,2026-04-22,A mellbimbói majd átszúrják a felsőjét – A Gengszterzsaruk 2 női főszereplőjének izgató fotói,https://www.origo.hu/foto/2026/04/evin-ahmad-galeria
88ff1af4944ef98d49627f867a1ff9ee63c663e8b958e0651a8fd82d2e4f6d86,2026-04-22 14:35:32.082480+00:00,hu,origo.hu,origo.hu,2026-04-22,"Johnny Depp vs. Amber Heard: a per, ami undorító részleteivel sokkolta a világot",https://www.origo.hu/kek-hirek/2026/04/amber-heard-depp-per-botranyok
92187db8ceffdcef7bd8adf4a6e7e1c67446fc7182a1f8ed878b15c291bfee8e,2026-04-22 14:35:26.696061+00:00,hu,origo.hu,origo.hu,2026-04-22,"Összeomlás Diósgyőrben: a bukott edző most kitálalt, mindent elmondott",https://www.origo.hu/sport/sport-futball/2026/04/nebojsa-vignjevics-dvtk-labdarugas-fizz-liga-interju
081fe863605bb741f65569e1ef7e1316cfb32018cecbc24fd40f1d38f3becc17,2026-04-22 14:35:17.134187+00:00,hu,origo.hu,origo.hu,2026-04-22,Nem jött be a kispesti trash talk a Magyar Kupa elődöntőjében,https://www.origo.hu/sport/sport-futball/2026/04/magyar-kupa-honved-zte-buntetok-trash-talk
46ed24ce0287fffb51a10653c0dcb16051ae9e01189b970c1bb2285b79044b52,2026-04-22 14:35:11.864858+00:00,hu,origo.hu,origo.hu,2026-04-22,"A modellből lett színésznő, Camila Queiroz fehérneműben is megmutatja bombázó testét – szexi galéria",https://www.origo.hu/foto/2026/04/camila-queiroz-galeria
fd64f71a3443588f4a540474b09a30bae68f1540baaac165fc5d526c3762b223,2026-04-22 14:35:07.058706+00:00,hu,origo.hu,origo.hu,2026-04-22,Döntöttek a 90 milliárd eurós hitelről – erre számíthat Ukrajna,https://www.origo.hu/kulpol/2026/04/ukrajnai-hitel-kilencven-milliard-euro
d253d80e94e76c5275724aaaf984ae3bed139892e553363198fe8e27d26d3281,2026-04-22 14:34:38.827830+00:00,hu,origo.hu,origo.hu,2026-04-22,"A brit-indiai sztár, Katrina Kaif egzotikus bájait extrán mély dekoltázzsal mutogatja – durván szexi galéria",https://www.origo.hu/foto/2026/04/katrina-kaif-galeria
5996f0ea859acf67095c1f77f6ba708832701bc3ad04178b15ecdcd4f87cbd6c,2026-04-22 14:34:33.402904+00:00,hu,origo.hu,origo.hu,2026-04-22,"Időutazás a halálba: mi történne, ha ma a jura korba kerülnél?",https://www.origo.hu/tudomany/2026/04/jura-kor-homo-sapiens-tuleles
c14ad8c56f3950dbd2a877777af0fcb5d2ce8134e05055ddfb97bc1b4a4f614f,2026-04-22 14:34:28.208282+00:00,hu,origo.hu,origo.hu,2026-04-22,Veszélyes átverés terjed Magyarországon – megvannak az első áldozatok,https://www.origo.hu/kek-hirek/2026/04/csalas-gyula-alugyved-6-millio-atveres
df4654eb1b03d28c887bc32b34fd211b92b2585854599f657dd731db3624b230,2026-04-22 14:34:13.569927+00:00,hu,origo.hu,origo.hu,2026-04-22,Szexi fotók kerültek elő Amber Heardről – így még biztosan nem látta,https://www.origo.hu/nagyvilag/2026/04/amber-heard-szexi-filmek-johnny-depp-volt-felesege
c3ff6c94b0428d744fd1b0a0050c5a5d2a76d75bfc07bdf4eff01cac1fa3fadb,2026-04-22 14:34:09.266213+00:00,hu,origo.hu,origo.hu,2026-04-22,Brüsszel belenyúlt a magyar gyermekvédelembe – megszólalt a szakértő,https://www.origo.hu/belpol/2026/04/gyermekvedelmi-torveny-brusszel-ifj-lomnici-zoltan
071714bfe98ae988ccaf20de8cee75b8a01423bbd19d0c1973fc69486c771e5c,2026-04-22 14:34:03.573196+00:00,hu,origo.hu,origo.hu,2026-04-22,Szörnyű dolog derült ki a magyarok kedvenc böngészőjéről,https://www.origo.hu/techbazis/2026/04/bongeszo-sebezhetoseg-firefox-mi-ai-mythos
7fb82ff8e67470a4610723982f40fe765dc1888b88e9003932389ff948e018bf,2026-04-22 14:33:24.333997+00:00,hu,blikk.hu,blikk.hu,2026-04-22,"Könnyek között hallgatták a hírt – szívmelengető, amit Horváth Csenge a babájáról mesélt",https://www.blikk.hu/sztarvilag/hazai-sztarok/horvath-csenge-terhes-baba-neme/cfp8tzl
7e7239684369631ec3a3f2aaa60d3f6ff5e879d598c34f09244175675e61039b,2026-04-22 14:32:55.668784+00:00,hu,blikk.hu,blikk.hu,2026-04-22,Gazdasági bevándorlókkal seftelő négy gyanúsított ellen nyomoz a főügyészség,https://www.blikk.hu/aktualis/krimi/kozponti-nyomozo-fougyeszseg-nyomozas-uzerkedes/ewvfhsk
4c881abae719422a09da3e0054f77728d6cff4236b534612dc02579c24a91d58,2026-04-22 14:32:50.979601+00:00,hu,blikk.hu,blikk.hu,2026-04-22,Fiatal jégkorongozót gázolt halálra a villamos Pozsonyban,https://www.blikk.hu/sport/csapat/pozsony-fiatal-jegkorongozo-gazolas/14q998q
33ac1013ce79a2e6f7805e8a9ce25332aeaa18eb5b606c7ce54f10afcd42f9a5,2026-04-22 14:32:36.225908+00:00,hu,blikk.hu,blikk.hu,2026-04-22,Magyar producer filmjei versenyeznek a Cannes-i Filmfesztiválon: Gálosi Dóra két filmje is bekerült a programba,https://www.blikk.hu/sztarvilag/filmklikk/cannes-filmfesztival-galosi-dora/e81pxey
02838581825b44b6b11c2d74789703047979f9818d681f770f8cafbee40bbefb,2026-04-22 14:32:20.764850+00:00,hu,blikk.hu,blikk.hu,2026-04-22,Új trükkel támad a mobilos kártevő: egy app mögé bújik,https://www.blikk.hu/ferfiaknak/tech/androidos-virus-adathalaszat-bankkartyaadatok/y6ybhwm
8e099cf599986e8413584dc36d372cfa96e2ae4ae4f2eaa0280052e0c537d61b,2026-04-22 14:31:33.585767+00:00,hu,blikk.hu,blikk.hu,2026-04-22,"Ez nagyot szólna: olyan történhet Cristiano Ronaldóval, amire már évek óta készül",https://www.blikk.hu/sport/kulfoldi-foci/cristiano-ronaldo-al-nasszr-kulonleges-fia/x1y7p85
35be6e32f4421ff2e2605d048dba7e31646d2d4281e84761012d07f1529af4f7,2026-04-22 13:46:10.868147+00:00,hu,blikk.hu,blikk.hu,2026-04-22,Balogh Levente bejelentette a nagy tervét: elnök akar lenni,https://www.blikk.hu/sport/balogh-levente-elnok-cselgancs-judo-szovetseg/svv60zr
dc5cdeac85b3871c41725d3220654f15c230e532e9aa60c4bed2a0cad0a2c244,2026-04-22 13:46:00.607723+00:00,hu,blikk.hu,blikk.hu,2026-04-22,"Hihetetlen, itt az új EU-s irányelv, visszatérünk a cserélhető mobilaksira, erre csak az öregek emlékeznek",https://www.blikk.hu/ferfiaknak/tech/eu-iranyelv-telefon-toltes-usb-c/3p3tnm9
344cfdf19f2766772ecdf6707b94f8154f1e248221fe56683ac2b1689567eaa3,2026-04-22 13:45:41.924386+00:00,hu,blikk.hu,blikk.hu,2026-04-22,Drámai fejlemények: válik a Barátok közt sztárja,https://www.blikk.hu/sztarvilag/hazai-sztarok/szabo-kitti-valas-baratok-kozt/95sywbn
c8de8b5e6708c0b0afebc915ece9251c807af11f3a0e21eef805de0d852f92cd,2026-04-22 13:45:21.210452+00:00,hu,blikk.hu,blikk.hu,2026-04-22,Ez önt is érintheti: húszezer járatát törli a Lufthansa,https://www.blikk.hu/eletmod/utazas/lufthansa-jarattorles-uzemanyaghiany/gcgertf
008a8066e74ff9d318d1da010c941c67f8872fb5b3b694460af4200ccf036635,2026-04-22 13:44:57.662575+00:00,hu,blikk.hu,blikk.hu,2026-04-22,"Dobó Kata az öregedésről: „Nincs vége ötven fölött, sőt!”",https://www.blikk.hu/sztarvilag/hazai-sztarok/dobo-kata-ridikul-anyasag-nok/jzcvpgj
d382cd78b04a9fd34e69f367027c1689049061d310febe405b7fe6a4c1ca2ff6,2026-04-22 13:44:34.273458+00:00,hu,blikk.hu,blikk.hu,2026-04-22,Elképesztő szexbotrány rázta meg az olasz futballt,https://www.blikk.hu/sport/kulfoldi-foci/olasz-futball-szexbotrany/29tqwyt
e45e37819568544b50e391403e665ddbedbe4d7ed3eca6cd4ad23a10fc99dd99,2026-04-22 13:44:22.237931+00:00,hu,blikk.hu,blikk.hu,2026-04-22,Titokban mindenki ezt a három csillagjegyet csodálja,https://www.blikk.hu/eletmod/lelek/horoszkop-csillagjegyek-csodalat/3qq57h9
acd08520f369a3940c18b64482881cc4bae86a4bf26e59aaa8117cbac2c41859,2026-04-22 13:29:41.909321+00:00,hu,index.hu,index.hu,2026-04-22,Forradalmi újítást vezettek be a budapesti tömegközlekedésben,https://index.hu/belfold/2026/04/22/bkk-bankkartya-vitezy-david-karacsony-gergely-okoseszkoz-metro/
0122852e066e4acbcdc67fd3192d167db33c656466258887b3d110d3494ab999,2026-04-22 13:29:28.016306+00:00,hu,index.hu,index.hu,2026-04-22,114 éve nem látott mélységbe került a Chelsea,https://index.hu/sport/futball/2026/04/22/chelsea-rosenior-vereseg-sorozat-brighton-premier-league-angol-bajnoksag-futball-labdarugas/
d44a181a445be992f4b2ddd7ff32c205d98357a31fa408dbab9413b9b3b15598,2026-04-22 13:29:23.218215+00:00,hu,index.hu,index.hu,2026-04-22,"Az erősebb kutya vonzereje: van, amit leváltottunk, és van, amit nem",https://index.hu/velemeny/2026/04/22/valasztas-tisza-part-fidesz-elszamoltatas-fero-dalma/
847db2f29a79725886473838c2bba95d693a379024e352d90147fed921681b30,2026-04-22 13:29:17.956827+00:00,hu,index.hu,index.hu,2026-04-22,Emmanuel Macrontól kapott levelet Krasznahorkai László,https://index.hu/kultur/2026/04/22/krasznahorkai-laszlo-emmanuel-macron-irodalom-meghivo-elysee-palota-parizs/
63d92100866b2cc00df239f1eb73adab898a17d9ce46524cbbad670ca78a3fe4,2026-04-22 13:29:13.212517+00:00,hu,index.hu,index.hu,2026-04-22,"Járni is alig bírt, csodával határos, hogy nem tört derékba a magyar válogatott sztárjának élete",https://index.hu/sport/futball/2026/04/22/toth-balazs-interju-eltanacsolas-sulyos-betegseg-jovokep/
ec96005b0dbe6bac0aae143a61e5dfd462fada7afff0a3f1c38524b66b7a49de,2026-04-22 13:29:07.926938+00:00,hu,index.hu,index.hu,2026-04-22,Rákaptak a magyarok a proteinpudingra és a keto-snackre,https://index.hu/fomo/2026/04/22/egeszseg-protein-vasarlas-puding-bevasarlas-keto-dieta/
94b1ed10cad63191bd51643744e0cde0bb627bc53ffa6949f723bc81e3fe43a7,2026-04-22 13:29:03.208402+00:00,hu,index.hu,index.hu,2026-04-22,"Hatósági vizsgálatot kezdeményez a Szerencsejáték Zrt., miután több játékon is hatalmas összegeket nyertek",https://index.hu/belfold/2026/04/22/hatosagi-vizsgalat-szerencsejatek-zrt-rendkivuli-ellenorzes-sorsolas-nyeremenyek/
9eb061f94698dc065c1e321957c1c1fb3db3b845e8fb9da744f5eab79c258468,2026-04-22 13:28:59.045836+00:00,hu,index.hu,index.hu,2026-04-22,Hivatalosan készülőben a Legenda vagyok folytatása,https://index.hu/mindekozben/poszt/2026/04/22/hivatalosan-keszul-a-legenda-vagyok-folytatasa/
b462d2c659bb418cc77402fe32512b29d55d1285dfd04d089465c9f160a8246c,2026-04-22 13:28:53.213895+00:00,hu,index.hu,index.hu,2026-04-22,Ukrajna felvette a kapcsolatot Orbán Anitával,https://index.hu/kulfold/2026/04/22/ukrajna-andrij-szibiha-orban-anita-kulugyminiszter/
700bc0a5934b3030baa2f009ba23c9148baf859cb2b567bafee6bfd6553fc6f4,2026-04-22 13:28:48.942047+00:00,hu,index.hu,index.hu,2026-04-22,Zámbó Krisztián váratlan kijelentést tett: Jöhet a trónörökös!,https://index.hu/mindekozben/poszt/2026/04/22/zambo-krisztian-johet-a-tronorokos/
7400ceaaf62829829ddf89f71562ddcf8747a60a2701788c4f86389b5663f098,2026-04-22 13:28:43.229976+00:00,hu,index.hu,index.hu,2026-04-22,"Dénes Ferenc: A magyar sport utóbbi 16 évében konzerválták a középszerűséget, magasabb életszínvonalon",https://index.hu/sport/2026/04/22/denes-ferenc-sportfinanszirozas-valtozasok-magyar-sport/
b8bc5ed2d9dbcad7671e1e28c960b4daa8e0a8c8f3542f6df2cd538a0ca40820,2026-04-22 13:28:37.967846+00:00,hu,index.hu,index.hu,2026-04-22,Magyarország válaszúton: a „magyar agy” exportja válthatja fel az összeszerelő üzemet,https://index.hu/gazdasag/2026/04/22/nagy-elek-mkik-money-talks-konferencia-gazdasagi-strategia-novekedes-innovacio/
d1737bb9b3bf01257c744e3942c497d4ba6081e623597500e995a1b2df0c07d0,2026-04-22 13:28:33.364065+00:00,hu,index.hu,index.hu,2026-04-22,Magyar zenekar hódította meg a The Beatles legendás klubját Liverpoolban,https://index.hu/kultur/2026/04/22/midlife-crisis-cavern-club-liverpool-the-beatles-zenekar-koncert-szoboszlai-dominik-kerkez-milos-radnai-peter/
6cb84f5a17b123b19b67902537d7a9d24b1fec3134dd77af15e39e87a0ff9467,2026-04-22 13:28:28.055388+00:00,hu,index.hu,index.hu,2026-04-22,Orbán Balázs élesen kritizálta az Európai Unió Bíróságának döntését a gyermekvédelmi törvényről,https://index.hu/belfold/2026/04/22/orban-balazs-gyermekvedelmi-torveny-europai-unio-birosag/
e25908c93b7bc197f60cad827c6b02686c5f9b568be5d631a6ee71d2dc97dced,2026-04-22 13:28:17.783942+00:00,hu,index.hu,index.hu,2026-04-22,Az SZDSZ-től a Vétón át Magyar Péterig – Ruff Bálint a Tisza-kormány Miniszterelnökséget vezető minisztere,https://index.hu/belfold/2026/04/22/magyar-peter-ruff-balint-tisza-part-kormany-miniszter-partizan-veto-miniszterelnokseg-gulyas-gergely/
8a8dab215d7c2df423ed0111ccb8c2047078beb289427476fcd71969b7a6cf4e,2026-04-22 13:28:13.217312+00:00,hu,index.hu,index.hu,2026-04-22,Magyar és szerb útlevelet is kaphatott Nikola Gruevszki volt macedón miniszterelnök,https://index.hu/kulfold/2026/04/22/macedon-gruevkszi-miniszterelnok-magyar-szerb-utlevel-magyar-peter/
596f800bce873bcc4e4f89547a73372881c7e3c3d7c388cbc23fa0ef692ba99f,2026-04-22 13:28:07.942316+00:00,hu,index.hu,index.hu,2026-04-22,"„Úgy éreztük, mintha egy horrorfilmbe csöppentünk volna” – Rubint Réka fia őszintén beszélt édesanyja betegségéről",https://index.hu/fomo/2026/04/22/ifj-schobert-norbi-interju-rubint-reka-daganatos-betegseg-schobert-lara/
774e100566e77537eb6f3b6d642d9e29044d2a9558f246c90a255c7b3618412e,2026-04-22 13:28:03.292307+00:00,hu,index.hu,index.hu,2026-04-22,"Nagy Ervin: Tűz ütött ki az iváncsai akkumulátorgyárban, több dolgozó kórházba került",https://index.hu/belfold/2026/04/22/nagy-ervin-ivancsa-akkumulatorgyar-tuzeset-dolgozok-korhaz-fustmergezes-tisza-part/
9a2a8c7554acf4aa843e1da3f436157cb26b81bf76fd193c2abf721fde9965a0,2026-04-22 13:27:58.211626+00:00,hu,index.hu,index.hu,2026-04-22,"Néhány órán belül újraindulhat a szállítás a Barátság kőolajvezetéken Magyarország felé, a Mol is megszólalt",https://index.hu/gazdasag/2026/04/22/baratsag-koolajvezetek-ujraindulhat-szallitas-ukrajna-mol-volodimir-zelenszkij/
4a033ecd2d854b7847d02c454af1bcd44040d07ed59c3a78fd06c6c5798531ca,2026-04-22 13:27:53.334090+00:00,hu,index.hu,index.hu,2026-04-22,Szerhij Rebrov elköszönt,https://index.hu/sport/futball/2026/04/22/szerhij-rebrov-ukrajna-szovetsegi-kapitany-valtas/
785d384177a5710c6337fa0554d3266b713e98b5f1bc07f14eeb07291bd3d67d,2026-04-22 13:27:47.993561+00:00,hu,index.hu,index.hu,2026-04-22,Udvardy Panna döntő szettben nyert Madridban,https://index.hu/sport/tenisz/2026/04/22/udvardy-panna-madrid-donto-szettben-masodik-forduloba-jutott/
d33f1e2a6434ab9db8fb65493875a999143312f336ee59c983d7b268962db47a,2026-04-22 13:27:39.026606+00:00,hu,index.hu,index.hu,2026-04-22,"Demeter Szilárd ismét nekiment L. Simon Lászlónak és a sajtónak, de egy hiba mindent összekavart",https://index.hu/kultur/2026/04/22/demeter-szilard-l.-simon-laszlo-stefano-bottoni-vita-orszaggyulesi-valasztasok/
87670625e6e7172397fb529c2aa38c0a73b863b40b1112bb74f6c25c39395e28,2026-04-22 13:24:39.061378+00:00,hu,blikk.hu,blikk.hu,2026-04-22,Harry Styles megkérhette Zoe Kravitz kezét: egy éve alkotnak egy párt,https://www.blikk.hu/sztarvilag/nemzetkozi-sztarok/harry-styles-zoe-kravitz-eljegyzes/24k2ycf
51c1945c5a6f959c57b8e1285463d6fd1b1e746eaa50c24724d4ed5ee9e670a5,2026-04-22 13:23:35.731091+00:00,hu,blikk.hu,blikk.hu,2026-04-22,Megtagadta az állam Ádámtól a segítséget: így havi 15 milliót kell kifizetni a szülőknek a gyógyszerre,https://www.blikk.hu/aktualis/belfold/gyogyszer-meltanyossag-allam-duchenne/4et8c6q
4c8c8a8abf953c0a1bbd7c1db097290f3ee35324f8240b9ba1cb15d09d8b8294,2026-04-22 13:23:17.048888+00:00,hu,blikk.hu,blikk.hu,2026-04-22,Már érintéses fizetéssel is lehet jegyet venni a budapesti metróvonalakon,https://www.blikk.hu/aktualis/belfold/budapest-metro-karacsony-gergely-paygo/88xcc6l
54f622071ee3985e1e5791ec343a28b9298f92e9fdb1247821b369fc579dae06,2026-04-22 13:22:26.268667+00:00,hu,blikk.hu,blikk.hu,2026-04-22,Kapás Boglárka ünnepel: 33 éves lett a világbajnok úszónő,https://www.blikk.hu/galeria/kapas-boglarka-szuletesnap-galeria/8k47h4t
f7355004103768afb26195b5ca1e6047a985098cf1c3bdea8a4be54ac8c43c5e,2026-04-22 13:22:04.727520+00:00,hu,blikk.hu,blikk.hu,2026-04-22,Hatósági vizsgálatot kezdeményez a Szerencsejáték Zrt.,https://www.blikk.hu/gazdasag/penz/szerencsejatek-zrt-sorsolas-hatosagi-vizsgalat/115mqts
cf14cc4896efc7b2b2ea2b52006d03d2bc9df366b5a2a264016b3191c0cf2eda,2026-04-22 12:48:25.101820+00:00,hu,origo.hu,origo.hu,2026-04-22,Gulyás Gergely ezt állítja Magyar Péterről,https://hirtv.origo.hu/ahirtvhirei/2026/04/gulyas-gergely-ezt-allitja-magyar-peterrol
6d7afc54304d72692d4937994bedeb3a3f3109292289044905a800e1f069a907,2026-04-22 12:48:24.153528+00:00,hu,origo.hu,origo.hu,2026-04-22,Végre megtalálták az eltűnt fiatalt,https://www.origo.hu/kek-hirek/2026/04/megtalaltak-az-eltunt-not
909435424b7c8d985082e827d3c13b0f19a33fa88c9c5b941d37839608dc2ee7,2026-04-22 12:48:19.118933+00:00,hu,origo.hu,origo.hu,2026-04-22,Itt a Szerencsejáték Zrt. válasza a súlyos vádakra,https://www.origo.hu/itthon/2026/04/szerencsejatek-hatosagi-vizsgalat-sorsolas
5a5c00f36fccec9883945e63bf1f063cc52fa47ef1375b820a0c31e86c07a7b1,2026-04-22 12:48:14.121340+00:00,hu,origo.hu,origo.hu,2026-04-22,Újraindult a Barátság kőolajvezeték – már ma Magyarországra érhet az olaj,https://www.origo.hu/belpol/2026/04/baratsag-koolajvezetek-boka-janos-orban-viktor-ukrajna
f32a89f2c78a6dcc856ce6330d9123456f2585871ae1b302afb78c9812b25f21,2026-04-22 12:48:08.863069+00:00,hu,origo.hu,origo.hu,2026-04-22,"Tusup után jött a mélypont, mentálisan össze kellett kaparni a 17 éves úszót",https://www.origo.hu/sport/sport-egyeni/2026/04/shane-tusup-uszas-jackl-vivien
c3a41ea06d93cf1bb6d33e5df9f399e713ec5738f2838830b13fa8b6311273a6,2026-04-22 12:47:55.924955+00:00,hu,origo.hu,origo.hu,2026-04-22,Adóemelés kell egy vállalkozó szerint,https://hirtv.origo.hu/ahirtvhirei/2026/04/adoemeles-kell-egy-vallalkozo-szerint
8d7dc04bd1a19745734d5b974c84d02563ec8a66b458c716148c9b48712b0a22,2026-04-22 12:47:34.344195+00:00,hu,origo.hu,origo.hu,2026-04-22,"Kylie Jenner ébenfekete melltartóban villantotta meg, hogy mije van",https://www.origo.hu/nagyvilag/2026/04/kylie-jenner-instagram-birkin-luxus-khy-kollekcio
05856deff08c6b6d35b8a9cdd8a39d6a145d151d2edc77db2bce08f0bf8548bd,2026-04-22 12:47:24.603163+00:00,hu,origo.hu,origo.hu,2026-04-22,Magyar Péter veszélyt kiáltott az akkugyárak miatt,https://hirtv.origo.hu/ahirtvhirei/2026/04/magyar-peter-veszelyt-kialtott-az-akkugyarak-miatt
05c96f2e8b8ea3a2b278867ae59b5ba58f4815f77ea3270537d241f9e7a5f0ec,2026-04-22 12:33:36.754240+00:00,hu,blikk.hu,blikk.hu,2026-04-22,Szerhij Rebrov visszatér Budapestre? Itt a válasz,https://www.blikk.hu/sport/kulfoldi-foci/szerhij-rebrov-budapest-ukrajna-visszateres/gxl9d14
d793686d2b9904139c33ce8333b3c3eb43b3552293de803fd14a563c82ab606e,2026-04-22 12:33:31.403608+00:00,hu,blikk.hu,blikk.hu,2026-04-22,Brutális adag fentanilt szedett be egy nap Hulk Hogan: nem tudta elviselni a fájdalmat,https://www.blikk.hu/sztarvilag/nemzetkozi-sztarok/hulk-hogan-fajdalom-fentanil/d89m36l
0723d06aeeff853059a30cd486e00d16fd2740e8f33d6dad9ef3d81a9d023f46,2026-04-22 12:33:17.735668+00:00,hu,blikk.hu,blikk.hu,2026-04-22,Rácz Jenő és Sárközi Ákos felesége is kitálalt: ilyen a házasság a sztárséfekkel,https://www.blikk.hu/sztarvilag/hazai-sztarok/racz-jeno-sarkozi-akos-felesegek-titkok/xzpj14e
156db4c309d011f7414da39eb2acde3db4e65ec7b6286fa0f9b5365832d7e934,2026-04-22 12:33:02.010578+00:00,hu,blikk.hu,blikk.hu,2026-04-22,"Ha egy kutya rád támad, ez az egy szó életet menthet",https://www.blikk.hu/eletmod/tippek/kutya-veszely-tamadas/m24r7zb
0824aec9a31ade826a838c4fbca161be81587933d030865566fb887e05978d0f,2026-04-22 12:32:57.082961+00:00,hu,blikk.hu,blikk.hu,2026-04-22,"Vigyázzon, mit eszik! Itt a lista a 12 legveszélyesebb „vegyszerbombáról”, amit naponta fogyasztunk!",https://www.blikk.hu/eletmod/egeszseg/belflora-vegyszerek-zoldsegek-gyumolcsok/m4bxcln
fa24c8d0ee879c0a0c47b03d8e29b1a120c886178d588764031e764f9acb43e5,2026-04-22 12:32:38.832508+00:00,hu,blikk.hu,blikk.hu,2026-04-22,76 ember ellen emeltek vádat az ortopédcipős maffia ügyében,https://www.blikk.hu/aktualis/belfold/maffia-kar-csalad-millardok-orvosok-noverek/zn952sm
57f15d3788918a4319a51a9eb02550bbe64804e13545291a36b1990d38a71666,2026-04-22 12:32:34.374616+00:00,hu,blikk.hu,blikk.hu,2026-04-22,Meglepő dolgot dobott bele Katy Perry a Trevi-kútba: nem volt nála érme,https://www.blikk.hu/sztarvilag/nemzetkozi-sztarok/katy-perry-trevi-kut-hitelkartya/e54vdfc
4ea05a61ba02ea28d5eac080d94bac3666f02d2ff731e23ff37bd51bfd3c8f7c,2026-04-22 12:32:21.606673+00:00,hu,blikk.hu,blikk.hu,2026-04-22,"A tavaszi nagytakarítás során sokan elkövetik azt a hibát, hogy csak a látható port tüntetik el, pedig mélytisztítás is kellene",https://www.blikk.hu/ferfiaknak/tech/lg-levego-minoseg-nagytakaritas/lkx6c8b
cc8bce69601a589ff44370c27cbd49b4e78feeee4829dba933168b18357c3cf1,2026-04-22 12:28:39.714804+00:00,hu,origo.hu,origo.hu,2026-04-22,Itt a fordulat: újabb részletek jöttek a Barátság kőolajvezetékről,https://www.origo.hu/kulpol/2026/04/helyreall-a-rend-ujraindul-az-olajszallitas-a-baratsag
962d1aea63d0721ec7fa4e6c935f2fd4cb6eae4d1cfbc667cd8a6a50e3de3220,2026-04-22 12:28:31.276728+00:00,hu,origo.hu,origo.hu,2026-04-22,"Átnevezhetik az ukrán fővárost, Kijevet",https://www.origo.hu/nagyvilag/2026/04/kijev-atnevezes-oroszorszag
715df8f9c4e78a3918c5cd5dd60b61599b407c6f43ba64ffd03bbbd77a52fe0d,2026-04-22 12:28:26.323418+00:00,hu,origo.hu,origo.hu,2026-04-22,"Vadászgépek ütköztek a levegőben, egy fotó kedvéért kockáztattak hatalmasat",https://www.origo.hu/nagyvilag/2026/04/vadaszgep-baleset-fotozas-del-korea-utkozes
bde7a06a404884631a537d814fdcad10da71e0d6158006e9f45f6f3e065c90de,2026-04-22 12:28:14.836345+00:00,hu,origo.hu,origo.hu,2026-04-22,"Kiderült, miért válnak egyre szélsőségesebbé az aszályok és az árvizek Magyarországon",https://www.origo.hu/gazdasag/2026/04/aszalyok-es-az-arvizek-magyarorszagon
5bca5d09b7673f59048a8bbc6daf4d902e62ede371c4c972c5dfc361052e361a,2026-04-22 12:28:09.981045+00:00,hu,origo.hu,origo.hu,2026-04-22,Rendkívüli bejelentést tett a MOL: ez egész Magyarországot érinti,https://www.origo.hu/gazdasag/2026/04/mol-baratsag-koolaj
a24c5da13bc9b2b5c30216628d63c914089800351c2a8ffefdfc9ea7b510624d,2026-04-22 12:28:04.737461+00:00,hu,origo.hu,origo.hu,2026-04-22,Rögzítené a családi beszélgetéseit a spagettiszószos cég,https://www.origo.hu/techbazis/2026/04/csaladi-beszelgetes-rogzites-emlek
b9984ecbad1d9e731ce1b9de9ac4cb487125d24f6ef3fd08fc0bcc3572ccadb6,2026-04-22 12:28:00.459162+00:00,hu,origo.hu,origo.hu,2026-04-22,"Hőségriadó Indiában, több helyen 45 fokot mértek",https://www.origo.hu/nagyvilag/2026/04/hosegriado-india-45-fok
716912ba2b4121197848203592c006282dd2e7144d57f7fcd5f8810aa2e81cdf,2026-04-22 12:27:54.807870+00:00,hu,origo.hu,origo.hu,2026-04-22,Nagy bejelentést tett a Tisza: megvan két újabb miniszter neve,https://www.origo.hu/belpol/2026/04/magyar-peter-ruff-balint-tisza-part-miniszter
cf48a64fb9d006a3be0ce848923ec561c4ec1b09266c328de2bf13016d462aa6,2026-04-22 12:27:50.216682+00:00,hu,origo.hu,origo.hu,2026-04-22,"Sokkoló felfedezés: megtalálták a vitamint, ami véd a korai haláltól",https://www.origo.hu/tudomany/2026/04/d-vitamin-hiany-es-a-halalozasi-kockazat
0977db1a7da295e4137a1a292b4ff48a6fa3efc3618f7d53035e90c831df19b1,2026-04-22 12:27:44.775478+00:00,hu,origo.hu,origo.hu,2026-04-22,"Telitalálat a magyar rendőrség fotója, amivel egy gyakori autós hibára figyelmeztet",https://www.origo.hu/auto/2026/04/rendorseg-figyelmeztet-foto
bfdebbea119a7eb9d61e8e1276dff82d7088ff791f12e74acc2b57f1c887b040,2026-04-22 12:27:39.895053+00:00,hu,origo.hu,origo.hu,2026-04-22,Eldőlt Szerhij Rebrov jövője,https://www.origo.hu/sport/sport-futball/2026/04/szerhij-rebrov-ukran-valogatott-jovo-vegleges-dontes
345372fea1bcb7b6e1086babd27e64e0c8380f03beb06f120ba9654ee05e8664,2026-04-22 12:27:34.807172+00:00,hu,origo.hu,origo.hu,2026-04-22,Lenin dédunokája megszólalt: egyetlen kérdés foglalkoztatja,https://www.origo.hu/nagyvilag/2026/04/lenin-dedunoka-valasz
22722c17b56e293eaefc3bdeda63ff012175f5758abe98f1f0bd7580d4a5893c,2026-04-22 12:27:29.858058+00:00,hu,origo.hu,origo.hu,2026-04-22,Óvodáskori érzékenyítés vagy gyermekvédelem?,https://www.origo.hu/belpol/2026/04/letorne-brusszel-a-magyar-ellenallast-a-genderpropagandaval-szemben
0fe26f80313bea3f22d27ba30ba6a811e76a57e0cc215f971b3034380ac0a95c,2026-04-22 12:27:18.109747+00:00,hu,origo.hu,origo.hu,2026-04-22,A Fradi mumusát bünteti a Diósgyőrtől elmenekült kvízmilliomos edző,https://www.origo.hu/sport/sport-futball/2026/04/diosgyor-valdas-dambrauskas-sabah-azerbajdzsan
88b10b563b6d92554122d25712591e2a1f1adbe098620542a93bc6b29c39a641,2026-04-22 12:27:06.087495+00:00,hu,origo.hu,origo.hu,2026-04-22,Minden fővárosi életét megkönnyíti a BKK legújabb szolgáltatása,https://www.origo.hu/itthon/2026/04/erinteses-fizetes-budapest-metro-kozlekedes-bkk
4fc841052907f6da322ae8df4c6ba2973e9f7b499377d5847d5e3c24e537203d,2026-04-22 11:48:59.877672+00:00,hu,origo.hu,origo.hu,2026-04-22,Ez a csodálatos növény csak bizonyos helyeken él meg hazánkban,https://hirtv.origo.hu/hirtvszines/2026/04/ez-a-csodalatos-noveny-csak-bizonyos-helyeken-el-meg-hazankban
58f99ed964e3d91bcb0529c18a3ac1fb39d8a415b40caeaff9236e63bfe8b473,2026-04-22 11:48:56.658912+00:00,hu,blikk.hu,blikk.hu,2026-04-22,Hat dílert tartóztattak le Kékcsén: egy egész család benne volt a drogügyletben,https://www.blikk.hu/aktualis/belfold/hat-diler-letartoztatas-kekcse/xshef3h
b6636e8dee1f86b6a9514e41a5950aeefcd26b0ff9c987c473d907244f413b2f,2026-04-22 11:48:51.777373+00:00,hu,origo.hu,origo.hu,2026-04-22,Rekordidővel nyert félmaratont egy robot,https://hirtv.origo.hu/hirtvkulfold/2026/04/rekordidovel-nyert-felmaratont-egy-robot
ece0fb34783e76a2c4ee811521bd22388b254206d9804468cfc78616f03faf88,2026-04-22 11:48:46.711435+00:00,hu,origo.hu,origo.hu,2026-04-22,A gabonapiacot a vetésszerkezet átrendeződése mellett a geopolitikai feszültség mozgatja,https://hirtv.origo.hu/hirtv-gazdasagi-hirei/2026/04/gabonapiac-vetesszerkezet-geopolitika
93a0135465c26f5c9135e8e9f09219cd8f3b94eb9391bf1718a623e36b4d6b23,2026-04-22 11:48:45.816156+00:00,hu,blikk.hu,blikk.hu,2026-04-22,"Költöztetés közben lett rosszul egy bútorpakoló, pillanatokon belül már az életéért küzdöttek",https://www.blikk.hu/aktualis/belfold/koltoztetes-budapest-eletmentes/0mrbbgy
e7fec7ec4b4f420a1f814f94c5817d113e0d525f5e422ef21a44886421befbd6,2026-04-22 11:48:41.972424+00:00,hu,origo.hu,origo.hu,2026-04-22,"Megvan, hogy mikor indulhat újra a Barátság kőolajvezeték",https://hirtv.origo.hu/hirtv-gazdasagi-hirei/2026/04/megvan-hogy-mikor-indulhat-ujra-a-baratsag-koolajvezetek
c2c508258ae52d844757ac7fe606032a027ce6078a11aba49b1d036ae8ef7aa2,2026-04-22 11:48:40.959120+00:00,hu,blikk.hu,blikk.hu,2026-04-22,Makacs ételszag a konyhában? Így tehet ellene a leggyorsabban,https://www.blikk.hu/eletmod/tippek/fozes-utani-szagok-eltuntetese/tp5z36p
7a7b2a75a686db23236d397b359e1bc00de300c1327590d4a8f22b5418814086,2026-04-22 11:48:36.538132+00:00,hu,blikk.hu,blikk.hu,2026-04-22,"Medvének öltöztek, majd luxusautókat karmoltak szét – ezért kezdett féktelen rongálásba a banda – videó",https://www.blikk.hu/auto/medvejelmez-csalas-luxusautok/6237xwx
11192792991028160bf8d113ab916d0384dafeca1ede578cde95fd68a3114643,2026-04-22 11:48:32.035485+00:00,hu,origo.hu,origo.hu,2026-04-22,Ukrajna fel akarja gyorsítani a csatlakozási kérelmét,https://hirtv.origo.hu/hirtvkulfold/2026/04/ukrajna-eu-csatlakozasi-kerelem
e45853baa49028f6875a3ae8c0cc42ee5f65353c3d7cff38c85de758dfd4ba53,2026-04-22 11:48:30.239323+00:00,hu,blikk.hu,blikk.hu,2026-04-22,"Gáspár Sándor: „Fel sem tűnik, hogy 70 éves vagyok”",https://www.blikk.hu/sztarvilag/hazai-sztarok/gaspar-sandor-gyerekek-szuletesnap-70-ev/pt78v3r
78291994a8bc041c71294a7b2c751db5018f949e9f2996a9b2f8ecba29a871e6,2026-04-22 11:48:26.092809+00:00,hu,origo.hu,origo.hu,2026-04-22,Az Európai Bíróság ítélete felülírta a magyar emberek álláspontját,https://hirtv.origo.hu/ahirtvhirei/2026/04/europai-birosag-szexualis-kisebbseg
fe4950658631209d7826f1233fbff13d74a9d9dc5f56d89ad1a5129c0cc1060f,2026-04-22 11:48:25.077124+00:00,hu,blikk.hu,blikk.hu,2026-04-22,Erre a négy funkcióra figyeljen: így válasszon tökéletes telefontokot,https://www.blikk.hu/ferfiaknak/tech/telefontok-vasarlas-funkcio/xbrhn24
aa005db58a64ebe90bd0f638b0b41eb5c4ac3ae8b7c56d295843c549bbe2fcb8,2026-04-22 11:48:21.244400+00:00,hu,origo.hu,origo.hu,2026-04-22,A Tisza Párt EP-képviselője szerint „ki kell lőni” a jobboldali sajtótermékeket,https://hirtv.origo.hu/ahirtvhirei/2026/04/a-tisza-part-ep-kepviseloje-szerint-ki-kell-loni-a-jobboldali-sajtotermekeket
458afad72ddc0c26296e361ec31d6e69abee2635bed40f56349d7d74525e3b83,2026-04-22 11:48:15.719446+00:00,hu,origo.hu,origo.hu,2026-04-22,Mondj egy dalt! - Koncert április 25-én,https://hirtv.origo.hu/hirtvszines/2026/04/mondj-egy-dalt-koncert
0d82fd600010958525edd42c8d24086b9ba4bc597e5d36b26ef9534e80bd7ad0,2026-04-22 11:48:13.348441+00:00,hu,blikk.hu,blikk.hu,2026-04-22,Volt miniszterek a Tisza-kormányról,https://www.blikk.hu/gazdasag/penz/money-talks-tisza-kormany-gazdasag/h5rg7n7
06b89b5fa6db5feda787ac6579543032d95703e48ff29f3c4b9adc206cfb4e5d,2026-04-22 11:48:04.820156+00:00,hu,origo.hu,origo.hu,2026-04-22,XIV. Leó pápa afrikai körúton van,https://hirtv.origo.hu/hirtvszines/2026/04/xiv-leo-papa-afrikai-korut
18b099fba9d8d90e48da7f2e5708a3d0a1697c474c116485f59be809bfe0f053,2026-04-22 11:47:52.108504+00:00,hu,blikk.hu,blikk.hu,2026-04-22,"Nebojsa Vignjevics szerint óriási gondok vannak Diósgyőrben: „Azt hittem elég erős vagyok, de...”",https://www.blikk.hu/sport/magyar-foci/nebojsa-vignjevics-diosgyor-interju/7e17cwr
0b480138beae041ae3a080b7432b882d0720e28a33d62001309656d200a1c282,2026-04-22 11:47:26.092924+00:00,hu,origo.hu,origo.hu,2026-04-22,Magyar Péter azt állította: nem ismeri személyesen Volodimir Zelenszkijt,https://hirtv.origo.hu/ahirtvhirei/2026/04/magyar-peter-azt-allitotta-nem-ismeri-szemelyesen-volodimir-zelenszkijt
e059091465a90204a72e1a9287425777af629e7c430218b75b19e1b3ddd76d86,2026-04-22 11:47:24.874789+00:00,hu,blikk.hu,blikk.hu,2026-04-22,Nem fognak milliók meghalni: az új mRNS-vakcina tesztelése már zajlik a H5N1 madárinfluenza ellen,https://www.blikk.hu/ferfiaknak/tech/h5n1-madarinfluenza-moderna-vakcina/twf2w1c
bc2ca7966064f26c1bb287ac25b36a1e50ab38507ec5722ac1d5caf6a7cd2aed,2026-04-22 11:47:20.954628+00:00,hu,origo.hu,origo.hu,2026-04-22,IV. Károly Sopronban,https://hirtv.origo.hu/hirtvszines/2026/04/iv-karoly-sopronban
10d82b76fe9a40d9c296398e1fb3b0983749667119f8fe47e24999ebec366f01,2026-04-22 11:47:14.650551+00:00,hu,blikk.hu,blikk.hu,2026-04-22,Ezeket a hibákat követik el leggyakrabban az idős sofőrök,https://www.blikk.hu/auto/idos-soforok-hibai/9hyj595
b7e7cd370a2de4e0c86dfd5e4bc9b9bd5b86b28a88e841cc59a88042906c4e4f,2026-04-22 11:32:54.101988+00:00,hu,origo.hu,origo.hu,2026-04-22,"Percek alatt elszabadult a pokol, késelés lett a vége",https://www.origo.hu/kek-hirek/2026/04/keseles-percek-alatt-elszabadult-a-pokol
847d5c64f1626f35e5362ae3ffd877453924b8d8921ceab399d5c76571e8fe55,2026-04-22 11:32:44.890234+00:00,hu,origo.hu,origo.hu,2026-04-22,Lebukott az Ázsia Expressz sztárja – ezt már nem fogja tudni kimagyarázni,https://www.origo.hu/teve/2026/04/zsigmond-angi-meszaros-bende-influenszer-szakitas
58e26466ccfb53d7b85c16b8074e5a51f444b78c6834b05ef33dce218a024429,2026-04-22 11:32:39.991073+00:00,hu,origo.hu,origo.hu,2026-04-22,Ennyi volt: bezárja egyik gyárát az Electrolux – év végére teljesen leállítják a termelést,https://www.origo.hu/gazdasag/2026/04/electrolux-group-hutogep-jaszbereny
1e39d7e81f90f97dc49afd1be50fcf241942f0d72899dec280d1c06419ce6186,2026-04-22 11:32:34.970444+00:00,hu,origo.hu,origo.hu,2026-04-22,"Olcsóbb lett a játékbérlő, de nem mindenki örülhet ennek",https://www.origo.hu/techbazis/2026/04/jatekberlo-game-pass-arcsokkenes-magyarorszag
50cb117c4b640463895d65b36e1c1814f4a00d4269ed9ed9dacb74113813d195,2026-04-22 11:32:30.680590+00:00,hu,origo.hu,origo.hu,2026-04-22,Elgurult a gyógyszere? Ritka nagy őrültséget csinált egy autós az M1-esen – videó,https://www.origo.hu/auto/2026/04/autos-tereles-m1-autopalya
9ad424d86485c02160eb18eaf752f5218eb267c78b7622d7fcf50708904d6bdd,2026-04-22 11:32:24.932823+00:00,hu,origo.hu,origo.hu,2026-04-22,Jobboldali újságírók kilövéséről beszél a tiszás politikus,https://www.origo.hu/belpol/2026/04/tiszas-politikus-jobboldali-sajto-kidobos
df138e6d58ffbc9b95bb3cc9fcc0255a51a4dfdadfee12e93892aa99e65e00f5,2026-04-22 11:32:20.010573+00:00,hu,origo.hu,origo.hu,2026-04-22,Nincs menekvés: mindenhol kötelező lesz az új szabályozás,https://www.origo.hu/gazdasag/2026/04/tavleolvasas-mindenhol-kotelezo-lesz
200bbf3c428fe22da67c022b194a317f654351eedc7bf1471a859beda8824d3d,2026-04-22 11:32:07.697828+00:00,hu,origo.hu,origo.hu,2026-04-22,Kísérleti alany lett a fontos exportnövényünkből,https://www.origo.hu/gazdasag/2026/04/napraforgo-kiserlet-program-noveny
79a65617ee78357133d155fb68301ac1550d4036a9378546ebfa4dfa9727483b,2026-04-22 11:31:58.229585+00:00,hu,origo.hu,origo.hu,2026-04-22,Lewis Hamilton és Kim Kardashian szenvedélyesen csókolózott a tengerparton,https://www.origo.hu/sport/f1/2026/04/lewis-hamilton-kim-kardashian-romantika-csok-malibu
9af1c7877de60d5fb0e3a9645b4eddc57b2836ab312289bea3a4d445d666bbdd,2026-04-22 11:31:54.173201+00:00,hu,origo.hu,origo.hu,2026-04-22,Elkeseredett a halálra égett legendás lemezlovas fia,https://www.origo.hu/kek-hirek/2026/04/legendas-lemezlovas-fia-elkeseredett
a0550303cf8465e7f1005b599110aa309f7417af23df91abfcc7165b77344be7,2026-04-22 11:31:48.126407+00:00,hu,origo.hu,origo.hu,2026-04-22,Kiderültek Hulk Hogan mocskos hazugságai – ez egészen sokkoló,https://www.origo.hu/sport/sport-egyeni/2026/04/hulk-hogan-netflix-dokumentumfilm-pankracio-hazugsag
4fb9455601165ef89c3193746434a61c17d3cb730a7eaed41fed6c0730b7066f,2026-04-22 11:31:43.578797+00:00,hu,origo.hu,origo.hu,2026-04-22,Százmilliós perre készülhet a börtönviselt Lagzi Lajcsi,https://www.origo.hu/kek-hirek/2026/04/lagzi-lajcsi-ujra-targyaloteremben
3d43440f27c4d2f10c96159e6774a563b46fcf6edce8cbd66fa7b0371b3f3199,2026-04-22 11:31:38.179534+00:00,hu,origo.hu,origo.hu,2026-04-22,Összeverekedtek a gólyák a fészekben – durva jelenetet rögzített a kamera egy magyar faluban,https://www.origo.hu/itthon/2026/04/golya-verekedes-kamera
71935b4089fa51c9d7c913abd82df6832702272fd433446996bf21adcd303232,2026-04-22 11:31:33.542973+00:00,hu,origo.hu,origo.hu,2026-04-22,Elhunyt a rock egyik igazi legendája,https://www.origo.hu/nagyvilag/2026/04/dave-mason-gyaszhir
f7cec60b2a6e0aa94b5a97d244bdc8992cf40d7397a14b9eebf64d92992761f3,2026-04-22 11:31:28.812736+00:00,hu,origo.hu,origo.hu,2026-04-22,"Brutális pusztítást végzett a fagy – így mentheti, ami még megmaradt",https://www.origo.hu/itthon/2026/04/fagy-fagykar-gyumolcsfak-minuszok
3e2a72d5876e045b1a822512db9bfb138829e48720b2160cf6ea536edc255865,2026-04-22 11:31:23.581639+00:00,hu,origo.hu,origo.hu,2026-04-22,Hatalmas bajban vannak az ukránok – ez most a helyzet a fronton,https://www.origo.hu/kulpol/2026/04/ukrajna-oriasi-emberhiannyal-kuzd
4278d806a263f4ecf5c1477aeebe99435c1759a168b592d3afd706253ef4d759,2026-04-22 11:31:18.772985+00:00,hu,origo.hu,origo.hu,2026-04-22,"Újabb halálos tűzijáték-baleset történt, kaotikus helyszínre érkeztek a mentők",https://www.origo.hu/nagyvilag/2026/04/robbanas-tuzijatek-india-petardagyar-halalos-aldozat
f72d04b5afa1393df4fabc345db58afded69d10eb68bd72b5471e8f93563bbdf,2026-04-22 11:31:13.357565+00:00,hu,origo.hu,origo.hu,2026-04-22,Így gyalázta Melonit Putyin kedvenc szócsöve – nem maradt el az ütős válasz,https://www.origo.hu/nagyvilag/2026/04/meloni-szolovjov-botrany
c5eda887192ef56b98f674c0a22d1cb0848cd42db007f511d466d211e055ca2c,2026-04-22 11:31:08.149227+00:00,hu,origo.hu,origo.hu,2026-04-22,"Egy teljes napra átalakul a Városliget, fontos oka van a változásnak",https://www.origo.hu/kek-hirek/2026/04/rendor-es-tuzoltonap-varosliget
50f204cad1fa8216bb9c6536a611234b88adf7e969c9bbf08b924e9622bdaab8,2026-04-22 11:31:03.517639+00:00,hu,origo.hu,origo.hu,2026-04-22,Oroszországot kizárná az EU vezetése a Velencei Biennáléból,https://www.origo.hu/belpol/2026/04/velencei-biennale-oroszorszag-kaja-kallas-eu-tamogatas
0c2309603725c45d4a1bf4cef78170910c16476382a110e223ba9020a356b6ff,2026-04-22 11:30:58.189248+00:00,hu,origo.hu,origo.hu,2026-04-22,Elképesztő aljasság a Hormuzi-szorosban: csalók vezethetik a vesztükbe a kereskedelmi hajókat,https://www.origo.hu/gazdasag/2026/04/hormuz-csalok-kripto-hajo
9e77ad31268dd0b06d48687dd9b081240e50577f07d14e582595954207cb98f7,2026-04-22 11:30:53.147208+00:00,hu,origo.hu,origo.hu,2026-04-22,"„Tudom, hogy mindenki várja” — Anne Hathaway minden erejével a Neveletlen hercegnő 3-on dolgozik",https://www.origo.hu/filmklub/2026/04/anne-hathaway-neveletlen-hercegno-3
9c7995ff2c7ab575b2e62ca2e695f65543ce98c271dc73e0529b28fd4e5461b0,2026-04-22 11:30:43.516995+00:00,hu,origo.hu,origo.hu,2026-04-22,Napok óta nem látták: holttestet találtak egy hortobágyi házban,https://www.origo.hu/kek-hirek/2026/04/holttest-hortobagy-holtan-talaltak
31529c64eccf5e0b601c0ca2c9c4683022d4b4e191672cb243cc6493efc51c95,2026-04-22 11:30:38.570301+00:00,hu,origo.hu,origo.hu,2026-04-22,Fellélegezhetnek az allergiások – ekkor jöhet az enyhülés,https://www.origo.hu/itthon/2026/04/allergiaszezon-esos-ido-enyhulese
b7f757c232146e9cfd8823b8cdb659b6a21fe084b4130398a65016454756e47c,2026-04-22 11:30:32.891119+00:00,hu,origo.hu,origo.hu,2026-04-22,Zelenszkij most tényleg megteszi? Döbbenetes bejelentést tett,https://www.origo.hu/nagyvilag/2026/04/zelenszkij-putyin-talalkozo-2
884d2bfd6a9645f0c7de33c6730f658211d2e9ae57e99ccaf91aef16d8a7bee5,2026-04-22 11:23:14.235357+00:00,hu,blikk.hu,blikk.hu,2026-04-22,"Nagy Ervin: „Tűz ütött ki az iváncsai akkumulátorgyárban, több munkást kórházba szállítottak”",https://www.blikk.hu/aktualis/belfold/nagy-ervin-tuz-ivancsa-akkumulatorgyar-fustmergezes-korhaz/lbv0wlk
422589774caa368d9f5905ef1d42c0e53f9a6cd9c4f0736abb2dcf6b7733b7c1,2026-04-22 11:22:35.144589+00:00,hu,blikk.hu,blikk.hu,2026-04-22,Lehallgatásról és fenyegetésekről beszél Mészáros Árpád Zsolt,https://www.blikk.hu/sztarvilag/hazai-sztarok/meszaros-arpad-zsolt-operettszinhaz/0nsz4jt
176ce70f97b08b2b7ec823c4704dd96b0593d799436b3b50621bbb805424fe4d,2026-04-22 11:22:22.069649+00:00,hu,blikk.hu,blikk.hu,2026-04-22,„Jöhet a trónörökös!” – Zámbó Krisztián és Takács Zsuzska készen állnak a családalapításra,https://www.blikk.hu/sztarvilag/hazai-sztarok/zambo-krisztian-takacs-zsuzska-eskuvo-csaladalapitas/ngxjzc7
b5687e53e59b233402277f81d0d76dc5040410187e93d88b147ed42bf81e73dd,2026-04-22 11:22:13.194763+00:00,hu,blikk.hu,blikk.hu,2026-04-22,A tudósok feltárták a kakukkok tojásrakásának rejtélyét,https://www.blikk.hu/eletmod/vilag-titkai/tudos-madar-tojasrakas-rejtely-igazsag-kakukk-ornitologia/173b1n1
a6b88eb531b4b290d424525889ada709438587d9406db800447f3cd5c0705053,2026-04-22 11:22:08.086827+00:00,hu,blikk.hu,blikk.hu,2026-04-22,"Így élte meg Ekler Luca a Bajnokok rossz szériáját az Exatlon Hungaryben: elárulta, mi okozta a legutóbbi vereséget",https://www.blikk.hu/sztarvilag/hazai-sztarok/ekler-luca-exatlon-hungary-vereseg/p408ksh
7a34282c2cc6256467b61ff5a5d861dc5721219bef25b7c3034914bc5cfc696f,2026-04-22 11:21:51.872962+00:00,hu,blikk.hu,blikk.hu,2026-04-22,Most érkezett: Magyar Péter újabb minisztereket nevezett meg a leendő Tisza-kormányban,https://www.blikk.hu/politika/magyar-politika/magyar-peter-tisza-part-miniszterek/fmn52nl
c8b5a5ecc125f15cee7052468c7a5ea5e48fa539050883547e8361ab749a64b2,2026-04-22 11:21:15.660627+00:00,hu,blikk.hu,blikk.hu,2026-04-22,"„Azt hittem, velem van a baj” – autizmusáról vallott az Ázsia Expressz sztárja, Barbinek Paula",https://www.blikk.hu/sztarvilag/hazai-sztarok/barbinek-paula-azsia-expressz-autizmus/vmeby4g
b5038e2e9c888a3aa4310f5809cdcc62951f7bdddf3145d17ada682575b076e6,2026-04-22 10:47:01.601638+00:00,hu,index.hu,index.hu,2026-04-22,"Ruff Bálint lesz a Miniszterelnökséget vezető miniszter, Lőrincz Viktória pedig a terület- és vidékfejlesztési miniszter",https://index.hu/belfold/2026/04/22/ruff-balint-miniszterelnokseget-vezeto-miniszter-magyar-peter-lorincz-viktoria-tisza-part/?utm_source=hirstart&utm_medium=referral&utm_campaign=ct
a08f3cbee85d7cd6673de16fad5bbb8d8b064dc5d7f142b517d6a8e420021027,2026-04-22 10:32:01.083031+00:00,hu,blikk.hu,blikk.hu,2026-04-22,26 év után szabadult egy férfi: ártatlanul ült csecsemőgyilkosság miatt,https://www.blikk.hu/aktualis/kulfold/denver-csecsemo-gyilkossag-felmentes/dje69f7
601a8d63b60c1bc6d5cb06e01f83609ef9d4858e991990f8fdb44e7e8a4257e3,2026-04-22 10:31:56.054593+00:00,hu,blikk.hu,blikk.hu,2026-04-22,"Makacs magyarok, tízből nyolc háztartásban elkövetik ezt a hibát",https://www.blikk.hu/ferfiaknak/tech/gyujtogetes-muszaki-cikkek-hiba-szabalyok-ujrahasznositas/1d5l3m9
f439fa434fed28bd56bb4f8d398f0c1b7351b37757e89c4b78868b75d36e0b77,2026-04-22 10:31:02.614625+00:00,hu,blikk.hu,blikk.hu,2026-04-22,Marics Peti megszólalt T. Danny küzdelméről: „Ebbe akár bele is halhat”,https://www.blikk.hu/sztarvilag/hazai-sztarok/marics-peti-t-danny-tamogatas/hnk5507
837695bf517f6b7e29c2f279f0a130373eb451685475c268ffdc3c7da442fca9,2026-04-22 10:30:43.656780+00:00,hu,blikk.hu,blikk.hu,2026-04-22,"220 ezer magyart érint, mégis alig ismerik: ez a piros pont megment a dugótól",https://www.blikk.hu/auto/nemetorszag-dugo-elkerules-autopalya/m58qep1
7a81847414f4b8cb658909be7f5f3741e368a11523f696bb6137aa39dd5f630c,2026-04-22 10:29:47.594917+00:00,hu,blikk.hu,blikk.hu,2026-04-22,Titokban szakított a TikTok kedvenc szerelmespárja: Zsigmond Angi és Mészáros Bende 3 év után külön utakon folytatják,https://www.blikk.hu/sztarvilag/hazai-sztarok/zsigmond-angi-meszaros-bende-szakitas/bjj4ezy
a507818f695ba65fe5e2e2da0fbb46a066f045bb2e01d890917bf22de77acbac,2026-04-22 10:21:54.587359+00:00,hu,index.hu,index.hu,2026-04-22,"Hivatalossá vált, hogy mikor tartja alakuló ülését az új parlament",https://index.hu/belfold/2026/04/22/magyar-kozlony-sulyok-tamas-corvin-lanc-orszaggyules-parlament-szenteste-karacsony-nemzeti-valasztasi-bizottsag/
e9a726ae36a408a53c92dd38bc61fc9b0c652a35f1915660e409e7d1497e790b,2026-04-22 10:21:49.412100+00:00,hu,index.hu,index.hu,2026-04-22,"A Como megszorongatta, kiejteni azonban nem tudta az Intert a kupaelődöntőben",https://index.hu/sport/futball/2026/04/22/olasz-labdarugokupa-inter-elso-dontos/
78fedb31b8948fdc761951b0edcf4fe67e58bb58972b7300fce816bcd511bf5b,2026-04-22 10:21:44.545687+00:00,hu,index.hu,index.hu,2026-04-22,Index - Kultúr,https://index.hu/kultur/2026/04/22/dave-mason-meghalt-traffic-fleetwood-mac-jimi-hendrix-george-harrison-rolling-stone/
a81a9a32b02e82132d0c0ca7624c65324734e36fba138cf1f30268c65228aca0,2026-04-22 10:21:39.409914+00:00,hu,index.hu,index.hu,2026-04-22,"BBC: pendrive-okat adnának át minisztériumi dolgozók a Tisza Pártnak, hogy megtarthassák állásukat",https://index.hu/belfold/2026/04/22/tisza-part-magyar-peter-korrupcio-pendrive/
56f3e57833cb6c177c41ddaebe805a7005da16b9762503ae59a432001949331d,2026-04-22 10:21:34.407734+00:00,hu,index.hu,index.hu,2026-04-22,„Legyen tánc!” – ünnepséget rendez a Tisza Párt a miniszterelnöki eskütétel után,https://index.hu/belfold/2026/04/22/magyar-peter-miniszterelnok-eskutetel-budapest-kossuth-ter-unnep-rendezveny/
f6e7193f7257afc8d1f9968056e4d0bde83c2664f8529004c35c178a79250fd2,2026-04-22 10:21:29.643391+00:00,hu,index.hu,index.hu,2026-04-22,Kicserélte az izraeli hadsereg a megrongált Jézus-szobrot,https://index.hu/kulfold/2026/04/22/idf-jezus-szobor-izraeli-katona-del-libanon-csere-rongalas-vizsgalat/
68381593e4c482a129a61d85948b0d2cc323a417edf0273afc44c6c8517d4a71,2026-04-22 10:21:24.460704+00:00,hu,index.hu,index.hu,2026-04-22,„A most leköszönő sportmániás rezsim szótárából hiányzott a fair play”,https://index.hu/kultur/2026/04/22/ferencz-gyozo-szechenyi-irodalmi-es-muveszeti-akademia-magyar-tudomanyos-akademia-kulturalis-finanszirozas/
c6478515d710b5bb1e90cf5f4588b1a7f0fa668365bcabe77061eae62e9d52c1,2026-04-22 10:21:19.683698+00:00,hu,index.hu,index.hu,2026-04-22,"Prostituáltnak nevezték Giorgia Melonit az orosz tévében, bekérették Olaszországban az orosz nagykövetet",https://index.hu/kulfold/2026/04/22/oroszorszag-nagykovet-olaszorszag-giorgia-meloni-prostitualt/
69c3d8af9dfc66d966e5c137de359cf8169379e3b31b5c75ec2f9c708394b1e6,2026-04-22 10:21:14.768360+00:00,hu,index.hu,index.hu,2026-04-22,"Figyelmeztet az MVM, fontos határidő jár le április végén",https://index.hu/belfold/2026/04/22/hatarido-lejar-mvm-rezsistop-nyilatkozattetel/
7f18b94eb0206e8e8148a6f36c53c9943408bdc64b715b75132138bee562c945,2026-04-22 10:21:09.537568+00:00,hu,index.hu,index.hu,2026-04-22,Vádat emeltek az egyik leghíresebb amerikai jogvédő szervezet ellen,https://index.hu/kulfold/2026/04/22/usa-vadirat-splc-rasszizmus-neonaci-igazsagugyi-miniszterium/
8ff60785171acf28ec0621d7b0d2073b2525d64f4c4d7f37dfcce5c60d10513d,2026-04-22 10:21:05.468203+00:00,hu,index.hu,index.hu,2026-04-22,"Lebuktak a hullámok között, így romantikázott Kim Kardashian és Lewis Hamilton a tengerparton",https://index.hu/mindekozben/poszt/2026/04/22/kim-kardashian-es-lewis-hamilton-lesifoto-tengerpart/
d65ca83aa9af7f02d4af3cc7f3f0b912d7d54381daceb3ae329a6f394d536b50,2026-04-22 10:20:59.516287+00:00,hu,index.hu,index.hu,2026-04-22,„Én ezt nem hagyhatom” – Borbás Marcsi ismét megszólalt Kocsis Máté árulózása után,https://index.hu/belfold/2026/04/22/borbas-marcsi-kocsis-mate-politika-arulo-per-buncselekmeny-mtva-gasztroangyal/
a7d618b59bf4b8a66fe1bc056014cce613d24e7c65887ae52b4722d0ecf34a88,2026-04-22 10:20:55.731817+00:00,hu,index.hu,index.hu,2026-04-22,"Hajós András a gyerekeiről mesélt, ugyanazzal foglalkozik a lánya és fia is",https://index.hu/mindekozben/poszt/2026/04/22/hajos-andras-a-gyerekeirol-meselt/
9eee60c03005a0d31b7cafaa85ff33477f797e4353370fea9cf56ea7b49144bb,2026-04-22 10:20:49.883189+00:00,hu,index.hu,index.hu,2026-04-22,Ismét bíróság elé állt Curtis testvére: Nem követtem el bűncselekményt!,https://index.hu/belfold/2026/04/22/fovarosi-itelotabla-targyalas-katzenbach-imre-eclipse-emberoles/
075bffe16201abc473c7d69a9f0ccb27be43eac6765027bb55dc8198990fda45,2026-04-22 10:20:45.670163+00:00,hu,index.hu,index.hu,2026-04-22,"Fordul a kocka a randizásban, a Tinder nagy váltásra készül",https://index.hu/mindekozben/poszt/2026/04/22/fordul-a-kocka-a-randizasban-a-tinder-nagy-valtasra-keszul/
bbb15aa833d41d1293d5a94d482d464aa0bde40704f865954d475fc411370380,2026-04-22 10:20:39.704414+00:00,hu,index.hu,index.hu,2026-04-22,"Népszavazással tiltották volna ki a Fideszt a politikából, az NVB elutasította a kérést",https://index.hu/belfold/2026/04/22/szavazas-nepszavazas-fidesz-kdnp-nvb-hatarozat-elutasitas/
b4f764e522a8e150b946db56745a895b1920aa63d707033a99a23d99be80544d,2026-04-22 10:20:34.664240+00:00,hu,index.hu,index.hu,2026-04-22,Az MVM Next nevével visszaélő csalókra figyelmeztet a rendőrség,https://index.hu/belfold/2026/04/22/mvm-next-sms-csalas-adathalaszat-atveres-rendorseg/
bc673b9e380a7eed8dad054deb8e92f309d96ec59c6415290f89efda20358bb8,2026-04-22 10:20:29.648047+00:00,hu,index.hu,index.hu,2026-04-22,"Matolcsy György úgy érzi, megvádolták, közleményt adott ki",https://index.hu/gazdasag/2026/04/22/matolcsy-gyorgy-magyar-nemzeti-bank-kozlemeny/
031dd2dc78a2bbfb4e59b71230af4e72e9bf315c668610a6236c99cdf67bcc4a,2026-04-22 10:20:24.656749+00:00,hu,index.hu,index.hu,2026-04-22,Udvardy szerencsés vesztesként főtáblás Madridban,https://index.hu/sport/tenisz/2026/04/22/udvardy-panna-szerencses-vesztes-madrid-fotabla/
a423cb52f5b69599225b8fb72c29d74222a5581b04659e97c387522981ec89f9,2026-04-22 10:20:19.889297+00:00,hu,index.hu,index.hu,2026-04-22,Bombariadó van több montenegrói általános iskolában és a podgoricai repülőtéren is,https://index.hu/kulfold/2026/04/22/bombariado-montenegro-altalanos-iskola-repuloter-rendorseg/
6c4009a26243ff08ac28cd73de8b4a581390c0ba1d1b60deacc9c355a26e5a8f,2026-04-22 10:20:14.646655+00:00,hu,index.hu,index.hu,2026-04-22,"Másokat elfogadásra tanított, saját lányai életét azonban megkeserítette",https://index.hu/kultur/cinematrix/2026/04/22/vermiglio-a-hegy-menyasszonya-film-oscar-dij-olaszorszag/
ef6aed7c5ed69e552fdf6cf65e94182290d41b75bddba9f4d7bf8fd847e316f6,2026-04-22 10:20:09.720868+00:00,hu,index.hu,index.hu,2026-04-22,"Elfogták a legkeresettebb magyar drogbárót, aki álnéven élt Mexikóban taxisként",https://index.hu/belfold/2026/04/22/rendorseg-bunugy-drog-mexiko-kabitoszer-kereskedelem/
fedb379fc5aa312680a81b5f6b7e0f0f0e4e837c66c0856a77ea7464eb57cdee,2026-04-22 10:20:04.615865+00:00,hu,index.hu,index.hu,2026-04-22,"„Akkor leszek sikeres, ha kirúgom magam” – az oktatási miniszter, aki a saját minisztériumát számolja fel",https://index.hu/kulfold/2026/04/22/donald-trump-linda-mcmahon-oktatas-miniszter-kormany-amerika-egyesult-allamok-wwe-pankracio/
a8ed71842d41f43ae5933db3c413c1da046f3a66fdf062b6be9c25c09f9abb7d,2026-04-22 10:19:54.666797+00:00,hu,index.hu,index.hu,2026-04-22,Szoboszlaiék fél lábbal már a BL-ben: sorozatban ötödik bajnokiját bukta el a Chelsea,https://index.hu/sport/futball/2026/04/22/brighton-chelsea-premier-league-sorozatban-otodik-londoni-vereseg/
f95b8887109e868e68887ceab659ec7262fe1e56531d2f0f4b49104dda2c041c,2026-04-22 10:19:49.792322+00:00,hu,index.hu,index.hu,2026-04-22,"Még mindig sokan sodorják veszélybe háziállataikat, de van biztos megoldás",https://index.hu/fomo/2026/04/22/dogz-fesztival-piller-palma-allatorvos-konyv/
0764a798aeaa6439f82836c468225b36cd499d63189fee8e44e88f3587001e4f,2026-04-22 10:19:44.812267+00:00,hu,index.hu,index.hu,2026-04-22,"Hiába a győzelem, a Bernabéu közönsége kifütyülte a Real Madrid legnagyobb sztárjait",https://index.hu/sport/futball/2026/04/22/la-liga-33-fordulo-real-madrid-gyozelem-alaves/
35f5187d1391ea9780564f5a1897ef72e2751873ef9e01a750ec21786ca8fed2,2026-04-22 10:19:39.577697+00:00,hu,index.hu,index.hu,2026-04-22,"Tíz éve még a világ trónján ült, nyártól a harmadosztályban szerepel az angol csodacsapat",https://index.hu/sport/futball/2026/04/22/leicester-city-kieses-a-masodosztalybol-jogeros-itelet-kerdese/
1d908fa1b5244990bc6fbb737987fa444852e23a8f74613f123c9ff819d70022,2026-04-22 10:19:34.508407+00:00,hu,index.hu,index.hu,2026-04-22,Százmilliós perre készül Galambos Lajos,https://index.hu/fomo/2026/04/22/galambos-lajos-lagzi-lajcsi-szazmillios-per-birosag-reklam-penz/
81797d169cd48b7de0ae2f7920eeb75f2a915cfe93381f29cd6f78b2ced7cda9,2026-04-22 10:19:29.818950+00:00,hu,index.hu,index.hu,2026-04-22,"Végleg bezár az Electrolux jászberényi gyára, 600 munkahely szűnik meg",https://index.hu/gazdasag/2026/04/22/electrolux-jaszbereny-munkahely-megszunes/
f0f2fe9ae7375c2abbd18b189b7bfc4e979e3fbbda3152133212f8574b161754,2026-04-22 10:19:25.513748+00:00,hu,index.hu,index.hu,2026-04-22,"Leleplezték a neveket, ők lesznek az Exek csatája 2. évadának szereplői",https://index.hu/mindekozben/poszt/2026/04/22/az-exek-csataja-visszater-szereplok-leleplezes/
cde00b3ef12ad093304ffc9068c28aabe318c4acbc1baba2a822a82423456937,2026-04-22 10:19:19.680301+00:00,hu,index.hu,index.hu,2026-04-22,Magyar kapust igazolhat az olasz bajnoki címre hajtó Inter,https://index.hu/sport/futball/2026/04/22/yaakobishvili-aron-labdarugas-klubvaltas-inter-barcelona-csereuzlet-sajtohir/
dbcc672394756eeecfcccee231dd8a4dd632b1695ce0f8e4f7e227bb3c01bdae,2026-04-22 09:42:36.431324+00:00,hu,origo.hu,origo.hu,2026-04-22,Tovább drágulhatnak idén a mobiltelefonok és a laptopok,https://www.origo.hu/techbazis/2026/04/mobiltelefonok-laptopok-dragulas
4e0cee5b6f79651c794449272d158daa2ae58709eea2bdaa95c1d93a397347d8,2026-04-22 09:42:31.451044+00:00,hu,origo.hu,origo.hu,2026-04-22,Falatnyi bikiniben mutatta meg tökéletes alakját Hupczik Vivien,https://www.origo.hu/sport/sport-laza/2026/04/hupczik-vivien-fitnesz-ifbb-pro-tokeletes-alak
72631c0d7716e9426338e86d15ec143d3ab75bd9d951730aacc2d501809f97ba,2026-04-22 09:42:26.430050+00:00,hu,origo.hu,origo.hu,2026-04-22,Többmilliárdos csalás az egészségügyben: hetvenhat vádlott áll bíróság elé,https://www.origo.hu/kek-hirek/2026/04/csalas-csalo-egeszsegugy-eszkoz
955533c4dfaad305802955790423f80556c995090adfeb30455d54d9c02c5f46,2026-04-22 09:42:21.440159+00:00,hu,origo.hu,origo.hu,2026-04-22,Teljes a felháborodás az EU gyermekvédelmi ítélete után,https://www.origo.hu/kulpol/2026/04/gyermekvedelmi-itelet-eu-utan-teljes-a-felhaborodas
090164089c777158d1123f04070eb14341c66803c46a287129aafa3e64ce0c4b,2026-04-22 09:42:16.441655+00:00,hu,origo.hu,origo.hu,2026-04-22,"Egy filléres gyógyszer, ami életet menthet? Szinte mindenki szekrényében ott lapul a csodaszer",https://www.origo.hu/nagyvilag/2026/04/aszpirin-rakmegelozes-daganat-betegseg-kutatas
0ec94fa6638c4354597facece42f0c9ce21a680fb5abd0351083ba3b0421fe39,2026-04-22 09:42:11.352677+00:00,hu,origo.hu,origo.hu,2026-04-22,Először szólalt meg ifjabb Schobert Norbi – megrázó részleteket árult el anyja állapotáról,https://www.origo.hu/teve/2026/04/schobert-norbi-fia-rubint-reka-betegseg-schobert-csalad
25cec20fe778eaf44627ad96389a2a60aec5212c93e780a369de6bff8e976f32,2026-04-22 09:42:06.424062+00:00,hu,origo.hu,origo.hu,2026-04-22,Putyin fontos dolgot mondott – a háborúról van szó,https://www.origo.hu/kulpol/2026/04/putyin-zona-hatar-ukrajna
653edaec51d3ddba46b98f9a1599f7ae4c6348ed6960eac2d8ac2905e4680e10,2026-04-22 09:42:01.465536+00:00,hu,origo.hu,origo.hu,2026-04-22,"Tíz év alatt atomjaira hullott a Leicester, harmadosztályú lett a csodacsapat",https://www.origo.hu/sport/sport-futball/2026/04/leicester-city-kieses-harmadosztaly-10-ev-pl
40aab6d531c8ab7286be76dcaf35da22b3034465f26d61745bedda4ab57fb7a5,2026-04-22 09:41:56.346021+00:00,hu,origo.hu,origo.hu,2026-04-22,Amerikai katonai vezető leplezte le az ukrán kormány korrupcióját – videó,https://www.origo.hu/belpol/2026/04/andrew-hugg-katonai-vezeto-zelenszkij-kormany-korrupcio
5b3fa16014ea23438996b0e2e63f2e40ecc5559a4ef62d052a82f72a5ed9f2e5,2026-04-22 09:41:51.635725+00:00,hu,origo.hu,origo.hu,2026-04-22,"Fontos figyelmeztetést küldött az MVM: sok pénzt bukhat, ha erre nem figyel",https://www.origo.hu/gazdasag/2026/04/mvm-sok-penzt-bukhat-ha-erre-nem-figyel
56a2f822f5ed7a9490b9d5c9cdec5dc14f36ad223795d0453117048988ab5896,2026-04-22 09:41:46.641567+00:00,hu,origo.hu,origo.hu,2026-04-22,Friss! Fontos bejelentést tett a kazah energiaügyi miniszter a Barátság kőolajvezetékről,https://www.origo.hu/gazdasag/2026/04/baratsag-olajvezetek-leallhat-kazah-miniszter
3669d2db4aac500e1c7bff00f6a8ad1a9af69698928c32b2a830aaeba01946bc,2026-04-22 09:41:41.510092+00:00,hu,origo.hu,origo.hu,2026-04-22,"Észre sem veszed, pedig a szemed előtt van a halálos rák legelső jele",https://www.origo.hu/tudomany/2026/04/nyelocsorak-korai-felismerese-szurovizsgalat
bd8e992446c51aa58dc338462cba5548a4ddd0cb0d9339cc9d97dbe327fbdc4b,2026-04-22 09:41:36.431518+00:00,hu,origo.hu,origo.hu,2026-04-22,Távoli hozzáféréssel fosztották ki az áldozatokat,https://www.origo.hu/kek-hirek/2026/04/penzmosas-tavoli-hozzaferessel
5e4d4a793cff87c889db2e79e6ec31dd0e2c91b662989f88e8405ab4357ffcf8,2026-04-22 09:41:31.418944+00:00,hu,origo.hu,origo.hu,2026-04-22,Curtis bátyját bilincsben vitték a bíróságra – tényleges életfogytiglan lehet az ítélet?,https://www.origo.hu/kek-hirek/2026/04/eletfogytig-curtis-batyjat-bilincsben-vittek-birosagra
7392255fa045abfa907780c094290c01fb160071e4d9e93d806af532b924802b,2026-04-22 09:41:26.355871+00:00,hu,origo.hu,origo.hu,2026-04-22,"Bombariadó: több iskolát kiürítettek, a repülőtéren is riadó van",https://www.origo.hu/nagyvilag/2026/04/bombariado-iskola-repuloter
75cd2879d368a28fc5e5b402de6ad2c4cae535243edfb5f4f4995cc05046bcea,2026-04-22 09:41:21.437127+00:00,hu,origo.hu,origo.hu,2026-04-22,"Prostitúciós botrány rázta meg a sportvilágot, a legmagasabb szintekig érhetnek a szálak",https://www.origo.hu/sport/sport-laza/2026/04/serie-a-prostitucios-botrany-forma-1-milan-inter-juve
e121313f0c2a662eca25b06e90738551a420b18fe575894d87ece221388f4024,2026-04-22 09:41:16.440496+00:00,hu,origo.hu,origo.hu,2026-04-22,Nagy a baj! A Lufthansa 20.000 járatot szüntet meg,https://www.origo.hu/kulpol/2026/04/lufthansa-20-000-veszteseges-jaratot-szuntet-meg
2fb03290141ed7eed01f06f841490089cc45c9f29e640f2f325732949e139e7d,2026-04-22 09:41:11.349455+00:00,hu,origo.hu,origo.hu,2026-04-22,Az ellenőrzött benzinkutak 73%-ánál találtak problémát a pénzügyőrök,https://www.origo.hu/auto/2026/04/benzinkutak-73-anal-talaltak-problemat-a-penzugyorok
da4057cb3dd7e90aaba71538d5f974e1e3d57e42fcbb284c5738a07539a1613e,2026-04-22 09:41:06.427972+00:00,hu,origo.hu,origo.hu,2026-04-22,"Vinícius Júniort kifütyülték, majd megtapsolták a Real Madrid szurkolói",https://www.origo.hu/sport/sport-futball/2026/04/vinicius-junior-real-madrid-alaves-futtyszo-taps
ec6c5b75076a25d28d93dab483df2701ade244da9496996019ad0147d7c92f05,2026-04-22 09:41:01.342444+00:00,hu,origo.hu,origo.hu,2026-04-22,"Szivattyú kapta be a medencében játszó kislányt, társai végignézték a tragédiát",https://www.origo.hu/nagyvilag/2026/04/baleset-brazilia-medence-vizforgato-rendszer-haj
b516d0df8be847eddaed9e5c3660f6407bb7fd2cd8c4afb8746428dd9095f8c0,2026-04-22 09:40:56.434657+00:00,hu,origo.hu,origo.hu,2026-04-22,Jelentős változás jött uniós szinten az ivóvíznél – ez mindenkit érint,https://www.origo.hu/gazdasag/2026/04/ivoviz-pfas-eu
45ff5e8c80b5a78cec28c8ce3d84b0f3cbc50e46bac97af6f8a9c4b2bd0c9473,2026-04-22 09:40:51.370694+00:00,hu,origo.hu,origo.hu,2026-04-22,Teljes K. O. – elképesztő kiütéses balesetet szenvedett a Boeing kapitánya repülés közben,https://www.origo.hu/nagyvilag/2026/04/kapitany-repules-serules-boeing
d9d8a8792d1d6d180c4148b8f0b078a171a60d5d12ca850eab2cca73501b3497,2026-04-22 09:40:46.450768+00:00,hu,origo.hu,origo.hu,2026-04-22,Időzített „csoda”: pont a választás után indul újra a Barátság kőolajvezeték,https://www.origo.hu/belpol/2026/04/zelenszkij-magyar-peter-baratsag-koolajvezetek
07a145b8905d06db02e364a21535363a6b8645b9dec36daee83faceb0c2673d3,2026-04-22 09:40:41.438261+00:00,hu,origo.hu,origo.hu,2026-04-22,Így szabadítsuk fel tárhelyet a telefonunkon törölgetés nélkül,https://www.origo.hu/techbazis/2026/04/tarhely-felszabaditas-a-telefonunkon-torolgetes-nelkul
afde451d8e8c9ac9b7d4ad051f8b03f2da694a34da8be37caa83c8b861996e4f,2026-04-22 09:40:37.122410+00:00,hu,origo.hu,origo.hu,2026-04-22,"A Chelsea edzője nekiment a játékosainak, Szoboszlaiék örülhetnek",https://www.origo.hu/sport/sport-futball/2026/04/chelsea-liam-rosenior-kifakadas-kemeny-uzenet
0c891d59cfacfdf71ebc81e8bd5456d4b3e619d80fcf45a29f92162a95356927,2026-04-22 09:40:31.428129+00:00,hu,origo.hu,origo.hu,2026-04-22,"Elütötte a kisfiút, majd elhajtott – döbbenetes részletek",https://www.origo.hu/kek-hirek/2026/04/kerekparozo-gyermek-elutotte-a-kisfiut-majd-elhajtott
059f1a2a163b066a0c0fd23f4964a3397c2992ac11dbc88b5ac9ae3cd8f459d1,2026-04-22 09:40:26.496647+00:00,hu,origo.hu,origo.hu,2026-04-22,Vigyázat! Hamis üzenetek terjednek az energiaszolgáltató nevében,https://www.origo.hu/kek-hirek/2026/04/adathalaszat-vigyazat-hamis-uzenetek-terjednek
74f1d418223f55f48697631e9aace9ae93cf5ef5d1144db51dfebea196a99b90,2026-04-22 09:40:22.325413+00:00,hu,origo.hu,origo.hu,2026-04-22,"Erre minden férfinak figyelnie kell, nagy bajt jelezhet",https://www.origo.hu/nagyvilag/2026/04/tesztoszteronszint-ferfi-hormon-egeszseg
1d5924ddd373167610f1d80f99ea45972126aef1a131ec57940c912779cc6d71,2026-04-22 09:40:16.370328+00:00,hu,origo.hu,origo.hu,2026-04-22,Marics Peti kitálalt T. Dannyről,https://www.origo.hu/teve/2026/04/t-danny-marics-peti-droghasznalat-fuggoseg
62f0b0a3a6cc7a15bc71d54fd28536b6317457045090a74798d75297205a119d,2026-04-22 09:40:12.326441+00:00,hu,origo.hu,origo.hu,2026-04-22,"Ezért ült 26 évet ült a halálsoron a hidegvérű gyilkos, most kivégezték",https://www.origo.hu/nagyvilag/2026/04/kivegez-halalbuntetes-florida-halalos-injekcio
09d89fd31251ebf224c32737a4aec9a1ad9f1eadeba0441f8d5ac6975b2c08fc,2026-04-22 09:40:07.074541+00:00,hu,origo.hu,origo.hu,2026-04-22,Ezért voltak fekete-fehérek a neten megosztott fotók,https://www.origo.hu/techbazis/2026/04/foto-fekete-feher-instagram-bug-hiba
161320004aeb22aa8f26714380a6cc57c679f064086103662c3ef1694d836584,2026-04-22 09:40:01.450351+00:00,hu,origo.hu,origo.hu,2026-04-22,35 évvel ezelőtt indult a Magyar Suzuki sztori,https://www.origo.hu/auto/2026/04/suzuki-35-evvel-ezelott-indult-a-magyar-sztori
059b6ab3f075cda6958fa422d4f5c4ca01d2732d9a9e68a9cff6b67f27f84b1e,2026-04-22 09:39:56.381075+00:00,hu,origo.hu,origo.hu,2026-04-22,Fontos Mol-bejelentés érkezett a Barátság olajvezetékről,https://www.origo.hu/gazdasag/2026/04/baratsag-olajvezete-mol-kozlemeny
06d64c35c3a77d17b5111c8b5e649dca3208c2a9662f59c33760722741544ce0,2026-04-22 09:39:51.495064+00:00,hu,origo.hu,origo.hu,2026-04-22,Hatalmas drágulás jön az óvszereknél – mi van a háttérben?,https://www.origo.hu/gazdasag/2026/04/ovszer-hatalmas-dragulas-jon
d1ee0830c342763bb25eebb7dd5a1ed5ff0b847f802a99c9d0337f5cbc0db324,2026-04-22 09:39:46.443890+00:00,hu,origo.hu,origo.hu,2026-04-22,Egyértelmű választ adtak az angol klubok a VAR kapcsán,https://www.origo.hu/sport/sport-futball/2026/04/var-videobiro-angol-masodosztaly-elutasitas
6f12eaaf179a34f78763803669c7183787f3bb7941637cec332eb5c55f426140,2026-04-22 09:39:41.454323+00:00,hu,origo.hu,origo.hu,2026-04-22,Sorsfordító reggel: Horváth Csenge könnyek között kapta ezt a hírt,https://www.origo.hu/teve/2026/04/horvath-csenge-baba-neme-barabas-otto-telefonhivas
bb20fd83be62bfcd1baf107f64d629c65fe4724a9b9df3fe28d258f1579da986,2026-04-22 09:39:36.566032+00:00,hu,origo.hu,origo.hu,2026-04-22,"Hihetetlen, mire adott ki közel 400 millió forintot Bellingham",https://www.origo.hu/sport/sport-futball/2026/04/bellingham-jude-birmingham-phoenix-tulajdonresz
c3a8b3d0d37aec9ea8fd3d117bd49dae55ca1ee30b0911e7bc0b8766ed8306c5,2026-04-22 09:39:31.527860+00:00,hu,origo.hu,origo.hu,2026-04-22,"Átlépte a Naprendszer határát a NASA; amit ott talált, az maga a pokol",https://www.origo.hu/tudomany/2026/04/voyager-tuzfal-a-naprendszer-kulso-hataran
e1f1a7cebe017d9e18e1bd75d0121d46ccd9879d93b045a4fc91c3724d664fab,2026-04-22 09:39:27.164806+00:00,hu,origo.hu,origo.hu,2026-04-22,Lakástűz: egy egész család halt meg a robbanásban – esélyük sem volt kijutni,https://www.origo.hu/nagyvilag/2026/04/lakastuz-robbanas-csalad
4206357a927590001f344e948ef7b33e283b6bf7af2562be6a66744d3b01aac5,2026-04-22 09:39:21.381744+00:00,hu,origo.hu,origo.hu,2026-04-22,Gyászol a sportvilág: meghalt Lovasi András,https://www.origo.hu/sport/sport-egyeni/2026/04/lovasi-andras-triatlon-sport-elhunyt-gyasz
5cf889117d6bd89c3cd7a32cb4a16c71ab00dfa7100b336458afea9dc1454188,2026-04-22 09:39:16.469322+00:00,hu,origo.hu,origo.hu,2026-04-22,Út az óvodába program: Brüsszel utat nyitott a pedofiloknak és transznemű aktivistáknak a magyar óvodákba,https://www.origo.hu/belpol/2026/04/pedofilparti-europai-birosag-gyermekvedelmi-torveny
2b11559bc70daaabcd0c34597babec7a4121064643139cc0fe2a35c7d7365e77,2026-04-22 09:39:12.683371+00:00,hu,origo.hu,origo.hu,2026-04-22,Szabadtéri Attila-kiállítás nyílik a Millenárison,https://www.origo.hu/itthon/2026/04/attila-kiallitas-millenaris
94ba9d04c56a2fabc6e1a5b55f97084e8fb2ff52787922a00ab09ee744ac82fb,2026-04-22 09:39:07.159200+00:00,hu,origo.hu,origo.hu,2026-04-22,Brutális baleset az M1-esen: autóba csapódott egy kamion,https://www.origo.hu/kek-hirek/2026/04/baleset-az-m1-esen-autoba-csapodott-egy-kamion
54ba9b81ba17454ef9aa6d14bc207f583cd76e827424f98c678ba647e6490770,2026-04-22 09:39:01.449853+00:00,hu,origo.hu,origo.hu,2026-04-22,Váratlan: végleg bezár az egyik gigászi magyar Tesco áruház – megszólalt a vállalat az ügyben,https://www.origo.hu/gazdasag/2026/04/tesco-soroksari-ut-bezaras-aruhaz
e86dfa9026badda9cc45cb375006e24675df237beb584d7577579603a8ced0d3,2026-04-22 09:38:56.350991+00:00,hu,origo.hu,origo.hu,2026-04-22,Már egymással háborúznak a kínai autógyártók – mi folyik itt?,https://www.origo.hu/auto/2026/04/auto-gyarto-kina-toltes
aaaf5dfa6869aa7d76a422b20aea7f0dc958e8d7a0d39bcafb58cd649a08e74c,2026-04-22 09:38:51.427174+00:00,hu,origo.hu,origo.hu,2026-04-22,"Robbanás rázta meg Horvátországot, egy ember meghalt",https://www.origo.hu/nagyvilag/2026/04/robbanas-horvatorszagot-split-aluljaro-halott
a3daa24e0ccee9dc1f5416fdb9f91b4c43f9e3092989c9d1c9ba83a1b6358471,2026-04-22 09:38:46.432246+00:00,hu,origo.hu,origo.hu,2026-04-22,"Nem fogja elhinni, mit tett egy ukrán oligarcha, miközben az országában szenvedés és halál van – videó",https://www.origo.hu/kulpol/2026/04/oligarcha-legdragabb-lakas-monaco-francia-politikus
caac2daae5d9d0f24888a85c9d83c4a02dcc161eaa19185cd4f792f0a26a2333,2026-04-22 09:38:41.429115+00:00,hu,origo.hu,origo.hu,2026-04-22,"Egy olvasója úgy berágott az áruló Borbás Marcsira, hogy tüzet gyújtott",https://www.origo.hu/kek-hirek/2026/04/borbas-marcsira-beragott-olvasoja
36b106436d6a37640a12b0fa04b16ecff6398d430215c30845f1734a75949d38,2026-04-22 09:38:35.884979+00:00,hu,blikk.hu,blikk.hu,2026-04-22,Hiányozni fog Tóth Andi az X-Faktorból?,https://www.blikk.hu/sztarvilag/hazai-sztarok/toth-andi-xfaktor-mentor-bucsuzas/z04bg34
7bbc7dac7988611b12b3c438a1bbaf447e54e9131da75c994e3fa765a52ca29b,2026-04-22 09:37:46.136716+00:00,hu,blikk.hu,blikk.hu,2026-04-22,Ne térjen vissza a politikából a kajak-kenuba: ezért akarja az elnök távozását a sportág meghatározó alakja,https://www.blikk.hu/sport/kajak-kenu-szovetseg-elnok/eq2sgyk
7426debedc84b470ea56fc12eb82393604ee871f5d905bd1f5e54940563c1fc3,2026-04-22 09:36:59.086216+00:00,hu,blikk.hu,blikk.hu,2026-04-22,"Básti Juli 10 napja nem találkozhatott az unokájával, nagyon megvieselte",https://www.blikk.hu/sztarvilag/hazai-sztarok/basti-juli-csalad-noam-puskas-tamas-martinovics-dorina-samu/xbc3xrk
2d34034dfcd6540d17d62dc03a16b4214351570ec7e8c862aab93a9c4835abad,2026-04-22 09:24:42.163176+00:00,hu,blikk.hu,blikk.hu,2026-04-22,"Nagy bejelentés: Valter Attila olyat tesz, amire hat éve nem volt példa",https://www.blikk.hu/sport/valter-attila-kerekpar-tour-de-hongrie-visszateres/drm61c9
85f487d299978ce68cd659595ed1f468086ec68f7399717726fe64a68a077a96,2026-04-22 09:24:10.059013+00:00,hu,blikk.hu,blikk.hu,2026-04-22,"Feltámad a hamvaiból – Megmutatták, hogy néz ki most a leégett miskolctapolcai barlangfürdő! – fotók",https://www.blikk.hu/aktualis/belfold/miskolctapolca-furdo-leegett-igy-nez-ki-most/3gj28n3
e1580fb9d9e7664cc755bc5fcbb8bcb3b0504808db8f46a8d701b405609fbaec,2026-04-22 09:23:54.619736+00:00,hu,blikk.hu,blikk.hu,2026-04-22,A Google Wallet nagy frissítést kapott: különösen hasznos az utazási csúcsidőszakban,https://www.blikk.hu/ferfiaknak/tech/google-wallet-uj-frissites/sztdyb5
76c050180f811d0a12c3fb81cbddc99c7bf77eec3bb2ff354fda07f363c060f3,2026-04-22 08:40:56.952297+00:00,hu,blikk.hu,blikk.hu,2026-04-22,Gombos Edina édesanyja vigyáz a tinikre az Ázsia Expressz alatt,https://www.blikk.hu/sztarvilag/hazai-sztarok/gombos-edina-csalad-verseny-azsia-expressz/tppm5ee
d46a384af0b2fafe7b5b8c77a82fc38fe4e2127406328849e5f9ec21fafd4918,2026-04-22 08:39:42.204851+00:00,hu,blikk.hu,blikk.hu,2026-04-22,Bilincsben vitték Curtis testvérét újra a bíróságra: életfogytiglan a tét,https://www.blikk.hu/aktualis/belfold/curtis-testver-birosag-eletfogytig/jylvlt5
f42cb75058592c861bc408624125039eb0be6abed03a9ae35eeaf2e22425ccd1,2026-04-22 08:35:38.838203+00:00,hu,blikk.hu,blikk.hu,2026-04-22,Az IKEA pénztárosa szervezett lopási hálózatot működtetett a bútoráruházban,https://www.blikk.hu/aktualis/kulfold/ikea-penztaros-lopas-csalas/e73fwv2
ff05b5afc250cd0229c47716dfcbcfa2847d193c9652f7234fac296e35246dc3,2026-04-22 08:35:33.888208+00:00,hu,blikk.hu,blikk.hu,2026-04-22,Ölelés egy ötszázasért: Kisteleken ért véget a vándorló bankó rejtélyes útja,https://www.blikk.hu/aktualis/belfold/500-forintos-uzenet/stmqtqr
52420f3ad4d1de61c3aecde3df72b7927b4fab6012511445825b0be74b0ba57e,2026-04-22 08:35:10.465119+00:00,hu,blikk.hu,blikk.hu,2026-04-22,Letartóztathatják a világhírű K-pop együttes mögött álló üzletembert,https://www.blikk.hu/sztarvilag/nemzetkozi-sztarok/k-pop-bts-hybe-csalas-letartoztatas/qy6v82r
016e846c6fff24cccd29bd3eae8af0c4909d6936054a0993add5da88a025c0f3,2026-04-22 08:35:05.107312+00:00,hu,blikk.hu,blikk.hu,2026-04-22,"Bezár a legendás jászberényi hűtőgépgyár, több száz ember kerül az utcára",https://www.blikk.hu/aktualis/belfold/electrolux-elbocsatas-jaszbereny-hutogepgyar/6ejvsbs
6b877788508721799240c72fc7b6ff0a26f991069c649b6483e3e66472fd6267,2026-04-22 08:34:58.133961+00:00,hu,blikk.hu,blikk.hu,2026-04-22,"Hiába van holtszezon, az NFL megszállottjai három napon át lázban égnek",https://www.blikk.hu/sport/nfl-draft-2026/kn95s4t
febdcfdeccbb9344c8b590c1ee97346fc75cb633810f7a0745d9ce9a29e5b7a6,2026-04-22 08:34:53.147900+00:00,hu,blikk.hu,blikk.hu,2026-04-22,"Miért eszik földet a kutya, és kell-e aggódni miatta?",https://www.blikk.hu/eletmod/tippek/kutya-foldet-eszik-problema/md2f5rl
224270a8a3fe286a7be3bc8e9a7b9fe6e995758afc047ebc128068a096fc2c60,2026-04-22 08:34:43.500506+00:00,hu,blikk.hu,blikk.hu,2026-04-22,"„Tudtam, hogy nem onnan megyek nyugdíjba” – Gaál Noémi kitálalt a tévés múltjáról és jelenlegi életéről",https://www.blikk.hu/sztarvilag/hazai-sztarok/gaal-noemi-tv2-idojos-televizio/km4511d
9605d80fc86d34feaf27539235f81be6fa942b4968e962a87ae1cfc6db3481e3,2026-04-22 08:34:38.547774+00:00,hu,blikk.hu,blikk.hu,2026-04-22,Két részletben korlátozások lesznek az egyik legnagyobb banknál a hónap végén: ezek a fontos funkciók állnak le,https://www.blikk.hu/gazdasag/penz/erste-bank-leallas-szolgaltatas-atmeneti/9dw5cs5
03123d1382948ec4b45572cc320fef3bde8caa1e797d39c7951acbc67a7b7b78,2026-04-22 08:34:32.149683+00:00,hu,blikk.hu,blikk.hu,2026-04-22,Visszatér az Exek csatája: bemutatjuk az első négy párost,https://www.blikk.hu/sztarvilag/hazai-sztarok/exek-csataja-masodik-evad-rtl-musor/nr5s5n4
f091602aee4d5672e0ffc041014c612e836beb92b05ea0b06d43a21308dc3063,2026-04-22 08:34:27.111947+00:00,hu,blikk.hu,blikk.hu,2026-04-22,A kutatók a Tisza-kormánytól remélik a kedvezőbb tudománypolitikai környezet megteremtését,https://www.blikk.hu/aktualis/belfold/kutatok-tisza-part-autonomia-fuggetlenseg-hun-ren/5bzn5l8
b88eae9e4dde148ca2ef4f670f545fab798c570025e368a3f1a0f762d783006c,2026-04-22 08:33:42.202583+00:00,hu,blikk.hu,blikk.hu,2026-04-22,"Több millió forintot érő motoron feszített, a rajongók megőrülnek Kerkez Milosért – fotó",https://www.blikk.hu/sport/kulfoldi-foci/kerkez-milos-liverpool-harley-davidson/sezgswx
ec7dfbbc49bb0b45cca56505991a3d4d62af00716c4fc461b7af233fdd3e6a26,2026-04-22 08:33:36.597473+00:00,hu,blikk.hu,blikk.hu,2026-04-22,Most érkezett a Mol rendkívüli bejelentése a Barátság kőolajvezeték újraindításáról,https://www.blikk.hu/gazdasag/penz/mol-baratsag-koolajvezetek-ujrainditas-bejelentes-szallitas/kjznbfx
34644c2636030fb7290c38d2025c088e980cf19804dc601c26773c85b299103a,2026-04-22 07:37:06.667923+00:00,hu,blikk.hu,blikk.hu,2026-04-22,Három csillagjegy előtt új korszak nyílik a Szaturnusz hatására,https://www.blikk.hu/eletmod/lelek/szerencses-idoszak-2026-aprilis/3bem59k
dc04f8ef60ce2e075736bf2ec0b91a67faaa4489b659377d4974df9c3b6b960e,2026-04-22 07:36:56.930060+00:00,hu,blikk.hu,blikk.hu,2026-04-22,Szabados Ágiért hazaköltözött a párja Oslóból,https://www.blikk.hu/sztarvilag/hazai-sztarok/szabados-agi-parja-koltozes-oslo-ferj-szerelem-babavaras/457x6pz
dad27bfb1038137e99d131d3b94053ed5b221c587d52487e427d6c931b30989f,2026-04-22 07:36:50.938189+00:00,hu,blikk.hu,blikk.hu,2026-04-22,"Matolcsy György úgy érzi, hogy megvádolták, közleményt adott ki",https://www.blikk.hu/politika/magyar-politika/matolcsy-kozlemeny-mnb-botrany/xnh74xy
55cc7b4cdc5009e743759ced580c0e2bc789843edfdac679c3b77def3d09e030,2026-04-22 07:36:35.708065+00:00,hu,blikk.hu,blikk.hu,2026-04-22,"Mi lett a Bestiák szőke sztárjával? Miss Bee boldog párkapcsolatban él, mégsem született gyermeke: „Az életem más irányt vett...”",https://www.blikk.hu/sztarvilag/hazai-sztarok/bestiak-miss-bee-parkapcsolat-gyermekvallalas/jh5bsxx
c1763c862640d8af50975a02f767515a21907eba64111a854d920f8c62c0afdb,2026-04-22 07:36:02.944696+00:00,hu,blikk.hu,blikk.hu,2026-04-22,"Schmidt Gábor sorsa a sportág élén eldőlhet, bizalmi szavazást kezdeményezett maga ellen a kajak-kenusok elnöke",https://www.blikk.hu/sport/magyar-kajak-kenu-szovetseg-bizalmi-szavazas/l48hddt
d62854c8edf48e040e101a83db8111f18d55f4fa361b461ce26e394fce7fc4ef,2026-04-22 07:35:58.263116+00:00,hu,blikk.hu,blikk.hu,2026-04-22,"Karafiáth Orsolya a pénzhez fűződő furcsa viszonyáról vallott: „Tökre örülnék, ha tudnám, hogy pár év múlva meghalok...”",https://www.blikk.hu/sztarvilag/hazai-sztarok/karafiath-orsolya-penz-halal/17rngxs
2af8013cd417eeb46b8147982b6d739bba6ad3a707cfdeeec9745aee7974dd19,2026-04-22 07:35:42.877834+00:00,hu,blikk.hu,blikk.hu,2026-04-22,"Van, ahol nagy szükség lenne a megsemmisített iratokra: nem igaz, hogy a kutyát sem érdeklik",https://www.blikk.hu/aktualis/belfold/tacskok-allatmenhely-iratmegsemmisites-kormanyvaltas/eh192dt
2e637a76e6417fa5d88fb575a03cababafd51451a6849d697daab8d28a6f8fa3,2026-04-22 07:35:18.592101+00:00,hu,blikk.hu,blikk.hu,2026-04-22,"„Úgy éreztem, egy senki vagyok” – Megrázó vallomást tett Kiss Ádám a mentális és testi összeomlásáról",https://www.blikk.hu/sztarvilag/hazai-sztarok/szivbetegseg-kiss-adam-vallomas/7kppd0m
f1d76fb2d03b73b054fd89cd83aaa778a63f679804100d7f1076b7e8dc48a713,2026-04-22 07:27:14.651106+00:00,hu,index.hu,index.hu,2026-04-22,"Így menthet meg Magyar Péter 10,4 milliárd eurónyi uniós forrást",https://index.hu/kulfold/2026/04/22/europai-unio-europai-bizottsag-unios-penz-unios-forras-magyarorszag-jogallamisag/?utm_source=hirstart&utm_medium=referral&utm_campaign=ct
34e0187d7b2cab4ab777fbc8a899a8fde9c7a397c26d3d984e004564e8b0c08f,2026-04-22 07:25:52.498823+00:00,hu,origo.hu,origo.hu,2026-04-22,Rendkívüli olajblokád: Orbán Viktornak ismét igaza lett,https://www.origo.hu/itthon/2026/04/olajblokad-baratsag-koolajvezetek-orban-viktor
9d44d17c091919db0fcccae36d0295e74a77835eae1b897fa4d17b74599ab0b1,2026-04-22 07:25:41.595295+00:00,hu,origo.hu,origo.hu,2026-04-22,Rubint Réka fájdalmas őszinteséggel beszélt a kezeléséről,https://www.origo.hu/teve/2026/04/rubint-reka-fitneszedzo-kemoterapias-kezeles-betegseg
596cbce87a31ee6299f3ae34fcf11ec1b29f7113950700adf39e897a7c984b43,2026-04-22 07:25:30.271314+00:00,hu,origo.hu,origo.hu,2026-04-22,Keresik a fővárosi kórházból eltűnt nőt,https://www.origo.hu/kek-hirek/2026/04/eltunt-kereses-korhaz
75c0ec25a744f7b8301e828adaf5737ef70743762616eaccdeb6d809cba2957d,2026-04-22 07:25:25.366003+00:00,hu,origo.hu,origo.hu,2026-04-22,A leendő pénzügyminisztert „emberek közé nem szabad engedni”,https://www.origo.hu/belpol/2026/04/karman-andras-uj-penzugyminisztert-orban-viktor
7a38c439b9051774b23a0aab89e1a194c7024d39a994f992df357742aaa8e790,2026-04-22 07:25:21.048069+00:00,hu,origo.hu,origo.hu,2026-04-22,A határon túli magyarság ellen hergelnek a Tisza Párt szavazói,https://www.origo.hu/belpol/2026/04/tisza-part-hataron-tuli-magyar-komment-hergeles
786b65e30b928cb759ed67a7358024910f73856742f929e009e75dc60f8ba353,2026-04-22 07:25:15.678939+00:00,hu,origo.hu,origo.hu,2026-04-22,A Fradi egészpályás gólt lőtt legnagyobb riválisának – videó,https://www.origo.hu/sport/sport-csapat/2026/04/fradi-pro-recco-vizilabda-egeszpalyas-gol-bl-video
ef57f95e5a8a7970e3e9b2e17cb140570d3f1bbdae34480ffdb1f153601c7e52,2026-04-22 07:25:10.553617+00:00,hu,origo.hu,origo.hu,2026-04-22,Zelenszkijt porig alázták és még ő trombitálta világgá,https://www.origo.hu/nagyvilag/2026/04/zelenszkij-kijev-washington
2d65bfb816084111c0aa83d6f6234c75345630f0593384da2243e3aa7c723279,2026-04-22 07:25:05.429746+00:00,hu,origo.hu,origo.hu,2026-04-22,Fájdalmas hír! Bangó Margit nem találkozhat az ükunokájával,https://www.origo.hu/teve/2026/04/bango-margit-enekesno-ukunoka-talalkozas-korhaz
d4c8eb648a84376da12c0462c5a25deb65e6ca4415384c2bcfa0a1cca3f3fa4a,2026-04-22 07:25:01.032446+00:00,hu,origo.hu,origo.hu,2026-04-22,Akár az ön autóját is elszállíthatják a napokban a közteresek – erre érdemes figyelni!,https://www.origo.hu/auto/2026/04/roncsauto-nyiregyhaza-kozterulet-felugyelo
71ecb29c9e669e677f420adf8ef5b19b9d94d319f8074015bf2981177e505a25,2026-04-22 07:24:55.376651+00:00,hu,origo.hu,origo.hu,2026-04-22,Ezt látni kell! – rozsdakupacból gyönyörű műalkotás született,https://www.origo.hu/auto/2026/04/peugeot-rozsda-mualkotas-auto
c95d01a1802e4e702ca1f2e7c60873ce2f4fb1bc3e30c185945886ca51ea11e2,2026-04-22 07:24:50.308421+00:00,hu,origo.hu,origo.hu,2026-04-22,"Brüsszel csak kapkodja a fejét, a válság pedig súlyosbodik",https://www.origo.hu/kulpol/2026/04/brusszel-csak-kapkodja-a-fejet-a-valsag-pedig-sulyosbodik
098a4172bc9e8beb8dd46a80e8a29887596a893afee8cb795b8a42405ecec218,2026-04-22 07:24:45.359378+00:00,hu,origo.hu,origo.hu,2026-04-22,Szijjártó Péter éjfél előtt üzenetet tett közzé! A jövőről van szó!,https://www.origo.hu/itthon/2026/04/szijjarto-peter-uzenet-facebook-varatlan
56bd6133688af5e41c705ef16e81832ed28cbd01c3383ee256698e561d547fe0,2026-04-22 07:24:40.636517+00:00,hu,origo.hu,origo.hu,2026-04-22,Tóth Gabi és a nővére között teljesen elmérgesedett a viszony,https://www.origo.hu/itthon/2026/04/toth-gabi-toth-vera-viszony
a9af82ffb144231c9eee375b034c948607a8feec49a8213c1dc4271f89cee1bc,2026-04-22 07:24:35.607145+00:00,hu,origo.hu,origo.hu,2026-04-22,"Magyar Péter akkora pofont kapott, hogy arra még mi sem számítottunk",https://www.origo.hu/belpol/2026/04/cser-palkovics-magyar-peter-level-felszolitas-lemondas
77dc998979eb40549aef974c90e3ef0b776ec6462dfc6fe4371d94d3ed559a24,2026-04-22 07:24:30.484404+00:00,hu,origo.hu,origo.hu,2026-04-22,Indulhat a találgatás: Magyar Péter hazudik vagy Zelenszkij?,https://www.origo.hu/belpol/2026/04/magyar-peter-zelenszkij-hazugsag-talalkozas
44e1d9e86063f0148fd6822b454ee3e60b3c735e2bde27d0c9066d26ebd204bb,2026-04-22 07:24:25.965710+00:00,hu,origo.hu,origo.hu,2026-04-22,Gondolta volna? Ezért történik a legtöbb baleset Magyarországon!,https://www.origo.hu/auto/2026/04/gondolta-volna-ezert-tortenik-a-legtobb-baleset-magyarorszagon
600674aef8a5e296ce5b6f713158db1885976b53721376647d1d94ca88d03cb8,2026-04-22 07:24:20.278539+00:00,hu,origo.hu,origo.hu,2026-04-22,A Forma-1-es versenyzők ellen adóvizsgálat indult Olaszországban,https://www.origo.hu/sport/f1/2026/04/forma-1-pilotak-csapatok-olaszorszag-adovizsgalat
08d0a5fd8c26ab23bad7adcfa581da697f40f2a5e7a92ded373ce5ee2b8ed514,2026-04-22 07:24:15.544812+00:00,hu,origo.hu,origo.hu,2026-04-22,Mexikóban bukott le a magyar drogbáró,https://www.origo.hu/kek-hirek/2026/04/drogbaro-mexikoban-bukott-le
3b37f1202d1fd115e195f0d24abe8f8957d88604b937b6185df7126dec4f4215,2026-04-22 07:24:10.564056+00:00,hu,origo.hu,origo.hu,2026-04-22,Balesetet szenvedett a TV2 műsorvezetője – a műtét is szóba került,https://www.origo.hu/itthon/2026/04/zavaros-eszter-baleset-tv2-musorvezeto
6bb2bceb3cb7000e7902d7a22c03c2a2cfed7d9f93eb3f92e20a8fbab0c9c4e4,2026-04-22 07:24:05.608038+00:00,hu,origo.hu,origo.hu,2026-04-22,Lassú és forró a laptop? Ez is okozhatja!,https://www.origo.hu/techbazis/2026/04/notebook-laptop-lassu-melegedik-forro
a8aaeb0dbf743db511b4cbecc0d9dd26498b830c3ea4ea81bc29136cf3018744,2026-04-22 07:24:00.364732+00:00,hu,origo.hu,origo.hu,2026-04-22,Cristiano Ronaldo egy csapatban játszhat a 15 éves fiával,https://www.origo.hu/sport/sport-futball/2026/04/cristiano-ronaldo-al-nasszr-cristiano-ronaldo-jr
7caab7dd39a2add1bd745812606995221411d93af81ac71c4d97c26b3fc2f8f1,2026-04-22 07:23:55.639312+00:00,hu,origo.hu,origo.hu,2026-04-22,"Durva, ami az időjárásban jön: erre senki sem számított!",https://www.origo.hu/itthon/2026/04/idojaras-csapadek-lehules
2f55f74008b0b2c0d64c7ad41c5f7fdb406927a05ed6d894461d2a08b03ca076,2026-04-22 07:23:48.969439+00:00,hu,origo.hu,origo.hu,2026-04-22,Romano végre kimondta: így áll Szoboszlai ügye a Liverpoolnál,https://www.origo.hu/sport/2026/04/szoboszlai-dominik-szerzodese-fabrizio-romano
55dec5e8a9543ada706684cfda00b7dd22106172c51ad3485ebc585ea18017d4,2026-04-22 07:21:20.375983+00:00,hu,blikk.hu,blikk.hu,2026-04-22,"Puskás-Dallos Bogi vallomása: padlóra került, pszichológushoz jár",https://www.blikk.hu/sztarvilag/hazai-sztarok/puskas-dallos-bogi-pszichologus-valtozas/49831xs
1f16200189535b52eff1ef8c825aec387eef2dc145b585854d3e33e277fe4c6c,2026-04-22 07:21:07.526312+00:00,hu,blikk.hu,blikk.hu,2026-04-22,"Elhunyt a Vasi Vasember triatlon alapítója, Lovasi András",https://www.blikk.hu/sport/lovasi-andras-triatlon-gyasz/98kwpbn
d66f03dd2c51ad7f54edb8838f40ea393d1b5a93de1152de2f954f7d2c43fb7b,2026-04-22 07:20:38.217225+00:00,hu,blikk.hu,blikk.hu,2026-04-22,Már az ágyunkig ér a háború? Az iráni konfliktus miatt az egekbe szökhet az óvszerek ára,https://www.blikk.hu/gazdasag/penz/haboru-szex-ovszer-dragulas-iran/5xsgmlx
49e2ad9a4335181490a9d8e2a822f7439255f64fe102a24d69e827983200b5bc,2026-04-22 07:20:32.888458+00:00,hu,blikk.hu,blikk.hu,2026-04-22,A mulatós sztár öt éve nem kapja meg jogos jussát,https://www.blikk.hu/sztarvilag/hazai-sztarok/galambos-lajos-lagzi-lajcsi-szazmillios-per-termek-birosag/f7h2mt7
ce1744c17028bcf027d6b1537baa4f8463b4f2d6e6acf18811e69ce5e4621715,2026-04-22 07:20:28.089346+00:00,hu,blikk.hu,blikk.hu,2026-04-22,"Tudja, mi az a szellemszéklet? A szakértők részletesen elmagyarázzák",https://www.blikk.hu/eletmod/egeszseg/szellemszeklet-mit-kell-rola-tudni/hx4lvvt
b4136477a979cf5d4f1470065db3b92302edb5aea65deed6ccb576caa3c98418,2026-04-22 07:20:18.894881+00:00,hu,blikk.hu,blikk.hu,2026-04-22,"Elárulja a Vígszínház sztárja, hogyan forgatták az RTL Monique Covet-sorozatát: így vették fel az intim jeleneteket",https://www.blikk.hu/sztarvilag/hazai-sztarok/markus-luca-rtl-monique-covet-sorozat/xb3m26t
6c919147f6562851b956f0f8e19196eb7887914ce66ac86b164ba690d5827ba2,2026-04-22 07:19:59.326891+00:00,hu,blikk.hu,blikk.hu,2026-04-22,"Onyutha Judit, egykori időjós: ""A párom szerint helikopternagyi vagyok""",https://www.blikk.hu/sztarvilag/hazai-sztarok/onyutha-judit-nagymama-gyerekek-szeretet/5wepvb7
4bcb6a4a1524a5f4ccb6b6677738ad46133e4861676f32fad2a6f969a85d5b07,2026-04-22 07:19:54.532462+00:00,hu,blikk.hu,blikk.hu,2026-04-22,"Gyerekeket sodort el egy autós a zebrán, kevésen múlt a tragédia",https://www.blikk.hu/aktualis/veszhelyzet/kozlekedes-zebra-video-szabalyok-kresz-gazolas/spsx1ql
40e25eddf9e029bc1e3a98499390d58e5d3c5b07aafe3f47e713a517d11d71ee,2026-04-22 06:25:52.777658+00:00,hu,blikk.hu,blikk.hu,2026-04-22,Matolcsy Ádám barátja megszüntette több bankszámláját is,https://www.blikk.hu/gazdasag/penz/matolcsy-adam-somlai-balint-bankszamla-ugy-mnb-botrany/qttsyr6
5f3d85c91c21171a286a4d9e5c1a66070efde6a0898446ee11ba94ea5d4e2616,2026-04-22 06:25:32.724316+00:00,hu,blikk.hu,blikk.hu,2026-04-22,Dombóvári István nevét használják a csalók: hamis fogyókúrás termékeket hirdetnek,https://www.blikk.hu/sztarvilag/hazai-sztarok/dombovari-istvan-fogyas-atveres-csodaszer-fogyokura/zs6qmxh
d9bbc49484e00460264b69377f8d0fe46feeda0ae98cb137af7c0fcad49e24f3,2026-04-22 06:25:27.279372+00:00,hu,blikk.hu,blikk.hu,2026-04-22,"Megvadult németjuhász támadt a magyar sztáríróra, puszta kézzel gyűrte le a fenevadat",https://www.blikk.hu/aktualis/belfold/kutyatamadas-krimiiro-kuzdosport/ssvsz2m
8777a803ed186d52b565a6daf3ee33507cea76120d301b9b95327e037988c5a7,2026-04-22 06:25:22.617171+00:00,hu,blikk.hu,blikk.hu,2026-04-22,Horváth Roland keményen nekiment a lányoknak az Exatlonban,https://www.blikk.hu/sztarvilag/hazai-sztarok/horvath-roland-kritika-lanyok/x66545q
e4c7082ebf357c3cb3fff26ab0738ca9f9c75302fdfeb65aba9df3a044e92137,2026-04-22 06:24:40.058455+00:00,hu,blikk.hu,blikk.hu,2026-04-22,Készen áll erre a helyesírás röpdolgozatra? Hosszú vagy rövid magánhangzóval írjuk?,https://www.blikk.hu/sztarvilag/kultura/helyesiras-kviz-nyelvtan/q5j5kzp
fb1e50e6c60b5db24a380f8934e1da5a56b90e0915022a8a908d13e4bad79047,2026-04-22 06:24:26.878062+00:00,hu,blikk.hu,blikk.hu,2026-04-22,"Szeszélyes időre számíthatunk, akár -4 fok is lehet hajnalban",https://www.blikk.hu/aktualis/belfold/mai-idojaras-magyarorszag-fagy-hideg/zqg9zd3
e54159824b59fb5d88cd90aa7e6f3652d4443b4dd5b2fce649a53a1a02d7838f,2026-04-22 06:24:23.236658+00:00,hu,blikk.hu,blikk.hu,2026-04-22,"Király Linda szerint Viktor igazi példakép: „Amit végigcsinált, az engem is inspirált”",https://www.blikk.hu/sztarvilag/hazai-sztarok/kiraly-linda-lelki-problemak/dq6rhf4
a16bc8cdea377de60d84e68911f3abac44ad509c1caa257fe89d77aa0795d203,2026-04-22 06:24:16.970890+00:00,hu,blikk.hu,blikk.hu,2026-04-22,"Megosztja a bicskeieket a pedofíliáért elítélt igazgató szabadulása, eltűnt a településről a férfi!",https://www.blikk.hu/aktualis/belfold/bicske-gyermekotthon-volt-igazgato-v-janos-szabadult/h2l2j5r
4f6de0e71364ec711cad0d3f3921208a4eeb3ee2a5f17d9bc9dcdb0d4fcb94b0,2026-04-22 06:24:12.587373+00:00,hu,blikk.hu,blikk.hu,2026-04-22,Szerda délben megindulhat az orosz olaj szállítása a Barátság kőolajvezetéken,https://www.blikk.hu/gazdasag/baratsag-koolajvezetek-ujrainditas-szerda-magyarorszag-ukrajna/1edsz1g
cc80c29ed71aa4d6b9a17fdddeb69b28b6b4645ffb89c1867580ace65cb17063,2026-04-22 06:23:52.599822+00:00,hu,blikk.hu,blikk.hu,2026-04-22,"Balesetet szenvedett a TV2 műsorvezetője, Zavaros Eszter",https://www.blikk.hu/sztarvilag/hazai-sztarok/baleset-zavaros-eszter-szinhaz-marica-grofno/kj5mnlj
edb8a5773f3525ff1d80c10116d518b72be43bae967abc279e2dac2561ab2ce5,2026-04-22 06:23:39.660215+00:00,hu,blikk.hu,blikk.hu,2026-04-22,BBC szerint állásukért cserébe pendrive-okra másolt iratokat kínálnak a Tisza Pártnak magyar hivatalnokok,https://www.blikk.hu/aktualis/belfold/bbc-iratmegsemmisites-miniszteriumok-magyarorszag/jgq4wp1
f08162192edddd2657ee92d9b2aa9facb7c1dd5e6c513499ae4a348a4652fa8b,2026-04-22 05:36:33.017628+00:00,hu,index.hu,index.hu,2026-04-22,Köllő Babett fotókkal és megható sorokkal köszöntötte 16 éves lányát,https://index.hu/mindekozben/poszt/2026/04/22/kollo-babett-lanya-16-eves-koszontes-szuletesnap/
c3790f58a8bbb7713dc0babfcd644eff7baf88b74d1e0651a3e752770834f6d8,2026-04-22 05:36:05.727304+00:00,hu,index.hu,index.hu,2026-04-22,"Egyre több a bizonyíték, hamarosan megoldódhat az emberiség egyik legnagyobb rejtélye",https://index.hu/techtud/2026/04/22/biblia-noe-barkaja-ararat-hegy-allatvillag-ozonviz-felfedezes-andrew-jones/
a5e566004345e1caba8487d1a4d2801a7b6fa4fcc9a4b3cb9a3c2837074de696,2026-04-22 05:36:01.185030+00:00,hu,index.hu,index.hu,2026-04-22,Brigitte Nielsen kitálalt: Stallone az ágyban nyuszi volt,https://index.hu/fomo/2026/04/22/belve-ri2-talk-show-brigitte-nielsen-sylvester-stallone/
0fa88ffc6d083a416b6e2c0dd855955edc65283df7c858c0847657be9a7f2d53,2026-04-22 05:35:54.540166+00:00,hu,index.hu,index.hu,2026-04-22,"Súlyos figyelmeztetés érkezett, ez vár Oroszországra, ha megtámadja a NATO-t",https://index.hu/kulfold/2026/04/22/oroszorszag-ukrajna-orosz-ukran-konfliktus-moszkva-kijev-vlagyimir-putyin-volodimir-zelenszkij-europai-unio-nato-beketargyalasok/
28523e448f62053a1f1502a20236bd02f144df952f3bbf157937ef03348a97d5,2026-04-22 05:35:47.859516+00:00,hu,index.hu,index.hu,2026-04-22,"A színházban sem menekülhet a bűnös, lakolnia kell",https://index.hu/kultur/2026/04/22/agatha-christie-ejfeltajt-orlai-produkcio-belvarosi-szinhaz-simon-kornel-kultbudapest/
8d01fefbd0c9a67d8cfd4c1992a7ca86533ca39de24060151bba41f19880020c,2026-04-22 05:35:08.484722+00:00,hu,index.hu,index.hu,2026-04-22,Magyar Péter vagy Orbán Viktor esett-e nagyobb elánnal a közjogi méltóságoknak?,https://index.hu/belfold/2026/04/22/magyar-peter-orban-viktor-kozjogi-meltosagok-lemondas-felszolitas-elmozditas/
e9924413b8acc516b5a05fa4fa33a0a401299c825bf0fd1ad556ac0881eb7d64,2026-04-22 05:35:02.334807+00:00,hu,index.hu,index.hu,2026-04-22,"Donald Trump meghosszabbította az iráni tűzszünetet, de a blokádot fenntartja",https://index.hu/kulfold/2026/04/22/iran-haboru-egyesult-allamok-donald-trump-tuzszunet-hormuzi-szoros/
15452c407f419f4501d1d47baf67e8e917cf0a5f84134a16a1e1d7015a74f664,2026-04-22 05:34:56.267062+00:00,hu,index.hu,index.hu,2026-04-22,"Borongós, változékony időjárást hoz a hét közepe",https://index.hu/belfold/2026/04/22/idojaras-elorejelzes-radar-eso-homerseklet-napsutes/
9e195e96f27a543e5e4de6b27d9451dc8cfca9bbe243cf7564a39cde57325912,2026-04-22 05:34:50.016911+00:00,hu,index.hu,index.hu,2026-04-22,"Lassulhat a magyar kivándorlás, reális alternatíva lett a hazatérés",https://index.hu/belfold/2026/04/22/kivandorlas-magyarorszag-hazateres-munka-allas-fizetes-europa-unio/
c099138702dc88321ce2c5dc470ce456cd4dc739f7599590c931830be69ac6dc,2026-04-22 05:34:46.603966+00:00,hu,index.hu,index.hu,2026-04-22,"Pataki Zita férje milliókat játszott el szerencsejátékon, a házasságuk és megélhetésük is veszélybe került",https://index.hu/mindekozben/poszt/2026/04/22/pataki-zita-szarnyas-attila-szerencsejatek-milliok-fuggoseg/
88b6732f2fdea77bb65dc6833cdf030ce6da0f067c4c6a6f280fcaa48dafe98d,2026-04-22 05:34:40.266788+00:00,hu,index.hu,index.hu,2026-04-22,"„Mint egy mini-NER” – kitálalt egy volt mentős, a MOMSZ volt elnöke",https://index.hu/belfold/2026/04/22/mento-momsz-kiszivargott-esetlap-magyar-peter/
ebd1c731c776df172ce890f56a0fe492de607c35ed43fdc8a5eb7620ded678c0,2026-04-22 05:34:27.449639+00:00,hu,index.hu,index.hu,2026-04-22,"Fico és Vucsics is meghívta Magyar Pétert, megindult a helyezkedés a közép-európai sakktáblán",https://index.hu/belfold/2026/04/22/magyar-peter-robert-fico-aleksander-vucsics-telefon-beszelgetes-talalkozo-brusszel/
8463d8170011384a41a62e7946ba60985d97717eae11438a3142d4d449ec0bd9,2026-04-22 05:34:07.111961+00:00,hu,index.hu,index.hu,2026-04-22,"A Google-nek elege lett az internet egyik legidegesítőbb hirdetési módszeréből, szankciót helyezett kilátásba",https://index.hu/techtud/2026/04/22/google-kereso-hirdetesek-weboldalak-vissza-gomb-reklamok-szigoritas/
a74be29936ffdfc56354326cc6b22c17ce1e8db2dfbf9bc0f7f3b3905a25c8f4,2026-04-22 05:19:17.306082+00:00,hu,index.hu,index.hu,2026-04-22,"Nem minden uniós forrás lesz megmenthető Magyarország számára, de mindenki ezen dolgozik",https://index.hu/kulfold/2026/04/22/europai-unio-europai-parlament-daniel-freund-interju-ep-kepviselo-magyar-jogallamisag-unios-forrasok-korrupcio/?utm_source=hirstart&utm_medium=referral&utm_campaign=ct
989da50648f81f9b0d9f384447250955dcb2e3be0a5147fc03833200f5eeccd6,2026-04-22 04:36:39.987768+00:00,hu,origo.hu,origo.hu,2026-04-22,„Nyolcvan másodperc hiányzott” − drámai úton veszett el a kispesti álom a Magyar Kupában,https://www.origo.hu/sport/sport-futball/2026/04/magyar-kupa-honved-zalaegerszeg-szendrei-feczko
50f220f9e57dc425cf7f69eb948971c3230c9e50134a69d2a3b5f35b7d684f9d,2026-04-22 04:36:27.096414+00:00,hu,origo.hu,origo.hu,2026-04-22,Így alakul meg a Magyar Péter vezette Tisza-kormány,https://www.origo.hu/belpol/2026/04/magyar-peter-tisza-kormany
b80ef99cfb6f2bf7676867ca6d3060dbaa3d7b9a8eb43de74b12e587ac828a6b,2026-04-22 04:36:22.148839+00:00,hu,origo.hu,origo.hu,2026-04-22,Mit tehet a Föld megmentéséért? Apróságok is rengeteget számítanak,https://www.origo.hu/itthon/2026/04/fold-napja-vilagnap-fenntarthatosag-klimavaltozas
0931222f6e3840d7a76540f037cc10837542ea92b4f7ab6925b351b84be58b61,2026-04-22 04:36:17.044380+00:00,hu,origo.hu,origo.hu,2026-04-22,Most jön az igazi Fradi? Robbie Keane megmutathatja a Győr ellen,https://www.origo.hu/sport/sport-futball/2026/04/fradi-gyor-magyar-kupa-robbie-keane-magyar-szabaly
495fd56f2ee51c0c5876cc3815ab7cc0f310f56b17bc77de595095e901e735c7,2026-04-22 04:36:12.130582+00:00,hu,origo.hu,origo.hu,2026-04-22,"Brüsszel hadat üzent az orosz propagandának, bővült a szankciós lista",https://www.origo.hu/kulpol/2026/04/propagandanak-oroszorszag-szankciok-eu
a306c385a623562648d0d0c1621094d23aa99014ba126465fc4316643e9e8981,2026-04-22 04:36:07.071166+00:00,hu,origo.hu,origo.hu,2026-04-22,Megvan az aszály ellenszere? Döbbenetes titokra derült fény,https://www.origo.hu/tudomany/2026/04/eso-keletkezeset-az-elolenyek-feherjei-aktivan-segitik
9ce293ecfc3972d2de17a4bd9f035e17ae6999c61033bc7ec959988d20ab9fff,2026-04-22 04:36:02.111649+00:00,hu,origo.hu,origo.hu,2026-04-22,"Mi történik a májaddal, ha rendszeresen diétás üdítőt iszol?",https://www.origo.hu/eletmod/2026/04/dietas-uditok-hatasa-a-majra
64bcffb1d40755de7cf58761fda2b262b9741a605127c6f4b066dae7316eee85,2026-04-22 04:35:53.546779+00:00,hu,origo.hu,origo.hu,2026-04-22,"Brutális helyesírási kvíz: sokan azt hiszik, könnyű, aztán jön a pofon",https://www.origo.hu/nagyvilag/2026/04/helyesirasi-kviz-teszt-nehez
e0d7fb245f4d6f6817739890adcc1d4bed1485b11937811e43d2c6c39bb8098f,2026-04-22 04:35:45.487706+00:00,hu,origo.hu,origo.hu,2026-04-22,A rendőrség szinte tehetetlen volt: szurkolók verekedtek a Bayern München stadionjánál,https://www.origo.hu/sport/sport-futball/2026/04/bayern-munchen-allianz-arena-stuttgart-szurkolok-bunyo
4ba5345999429011a36ce33d4d7eb4ee8298327c3c23d9aca48040b14555941b,2026-04-22 04:35:41.007586+00:00,hu,origo.hu,origo.hu,2026-04-22,"Békésen kameráztak a kocsiból, ennél mocskosabb vége nem is lehetett volna – videó",https://www.origo.hu/auto/2026/04/auto-kamera-elozes-sar
f88341d106df23c48fc15da45deb3f5d3780362a57905460f6b390400e4ee8be,2026-04-22 04:35:35.835410+00:00,hu,origo.hu,origo.hu,2026-04-22,89. születésnapja alkalmából visszatérhet a filmvászonra Jack Nicholson?,https://www.origo.hu/nagyvilag/2026/04/jack-nicholson-szuletesnap-karrier-filmek
3cc92ea595739f30b5bf43da2612ad3eb4265c37f47bd2d2ebbb4ebae107bca1,2026-04-22 04:35:31.019845+00:00,hu,origo.hu,origo.hu,2026-04-22,Ellátási zavar után keresleti sokk – új szakaszba lépett az olajválság,https://www.origo.hu/gazdasag/2026/04/olajvalsag-ellatasi-zavar-keresleti-sokk
aedc335d1ab44f37bf4006b75a3e49107a180c4d073e74d746d2e6666b19170e,2026-04-22 04:35:25.934251+00:00,hu,origo.hu,origo.hu,2026-04-22,"Amit a műhold talált, attól téged is kiráz a hideg",https://www.origo.hu/tudomany/2026/04/chatham-szigetek-halalos-balnacsapda
ed56681448bbff0e08ca19330857005ebea655ff34c901dfe349d8d1b05923c2,2026-04-22 04:35:21.090006+00:00,hu,origo.hu,origo.hu,2026-04-22,"Az LMBTQ-lobbi benyújtotta a számlát, Magyar Péter hallgat",https://www.origo.hu/belpol/2026/04/lmbtq-lobbi-benyujtotta-a-szamlat-magyar-peter-hallgat
10ee00e9c3da53c92e17b392a7e03e9d182637fb5973864c4b5227bfac47aea2,2026-04-22 04:35:15.892650+00:00,hu,origo.hu,origo.hu,2026-04-22,Wednesday Párizsban? Új fotó szivárgott ki az egyik legtrendibb sorozatról,https://www.origo.hu/filmklub/2026/04/wednesday-uj-evad-netflix
b78ae733d08677711672a21c62d426fe159b717949b4326e0913e8c7947cb009,2026-04-22 04:35:11.062701+00:00,hu,origo.hu,origo.hu,2026-04-22,Képesek lehetünk a végtagok regenerációjára? Egy új felfedezés szerint igen,https://www.origo.hu/tudomany/2026/04/vegtagok-regeneracioja-nem-lehetetlen-az-embereknek-sem
337fe02add71dbd25b24b0edc0edefcb791984e8b4d061ce1175ff543082e33a,2026-04-22 04:35:05.671391+00:00,hu,origo.hu,origo.hu,2026-04-22,"Az utazás kettős arca – Feltöltődés az egyénnek, terhelés a Földnek",https://www.origo.hu/utazas/2026/04/az-utazas-hatasa-a-mentalis-jolletre-es-a-kornyezetre
33b9835f1042216f2c8718086a3b371ae6769149ed3e297ecb190e312fca43a2,2026-04-22 04:34:51.734625+00:00,hu,origo.hu,origo.hu,2026-04-22,Zöld ketchup és kóla-katasztrófa: világmárkák nagy bukásai,https://www.origo.hu/gazdasag/2026/04/vilagmarka-zold-ketchup-es-kola-katasztrofa
3b84a6f739be25519ddb3c6ef3edd8d6d5820d30fa7a49bf3dcfc2968b6759db,2026-04-22 04:34:46.713817+00:00,hu,origo.hu,origo.hu,2026-04-22,"Újjászületik a főváros egyik legszebb tava, új szakaszba lépett a revitalizáció",https://www.origo.hu/gazdasag/2026/04/kana-to-revitalizacio
b3674191dd636a2d9d762a5ebfd021ba6185826caf6662c402c7919179ef1951,2026-04-22 04:34:41.660161+00:00,hu,origo.hu,origo.hu,2026-04-22,Erre ki számított? A Bayern-legenda fia is jelölt a Real Madrid kispadjára,https://www.origo.hu/sport/sport-futball/2026/04/real-madrid-bayern-legenda-hoeness
2f9fa0307cf9b36f2e1dedb95714e5e64cd8e212e3d9da02dcf2a2acac4b850e,2026-04-22 04:34:36.542451+00:00,hu,origo.hu,origo.hu,2026-04-22,Tűkön ül az EU külügyi főképviselője,https://www.origo.hu/kulpol/2026/04/tukon-ul-az-eu-kulugyi-fokepviseloje
3b98181e9b7fa82f7b475b66ee958afa945833ac74b329212377311bb42b45de,2026-04-22 04:34:31.777229+00:00,hu,origo.hu,origo.hu,2026-04-22,"Még ropogósabb lesz a rántott hús panírja, ha ezt a tojáshoz keverjük",https://www.origo.hu/gasztro/2026/04/meg-ropogosabb-lesz-a-rantott-hus-panirja-ha-ezt-a-tojashoz-keverjuk
59247aac05fd1cdb81c488ff53942775e807e04b0116152f274c4963b1415918,2026-04-22 04:25:40.050812+00:00,hu,blikk.hu,blikk.hu,2026-04-22,"Az eSIM szabadságot ígért a mobilozásban, de csak újabb erős korlát lett belőle",https://www.blikk.hu/ferfiaknak/tech/esim-technologia-felhasznaloi-kontroll-elvesztese/3klgst1
b0c957c0921600b6f7058ea6e7ae71226ea7f50311294ccc0bcbf55adfbcaca3,2026-04-22 04:25:26.161025+00:00,hu,blikk.hu,blikk.hu,2026-04-22,Hol van a legbiztonságosabb hely az autóban? A válasz meglepheti,https://www.blikk.hu/auto/auto-legbiztonsagosabb-hely/e2yjvwc
0394f630a4831de32380f98a6373c7b56c5ce00877dd74b2ba44d239f309c29c,2026-04-22 04:24:43.801869+00:00,hu,blikk.hu,blikk.hu,2026-04-22,A Bluetooth-os Sony PS-LX3BT lemezjátszó egyszerűsége és kényelme kiemelkedő,https://www.blikk.hu/ferfiaknak/tech/sony-ps-lx3bt-lemezjatszo-teszt/m6qj88g
d201e0626b376fecbf08c25c3e52775159c8e9f0bdd76ed609b280dfcb212ab8,2026-04-22 04:23:57.600313+00:00,hu,blikk.hu,blikk.hu,2026-04-22,"11 tulajdonság, ami azokra a szülőkre jellemző, akikkel felnőtt gyerekeik megszakítják a kapcsolatot",https://www.blikk.hu/eletmod/lelek/szulok-gyerekek-kapcsolat-megszakad/7tzssy3
e694f31209a06525ffeaf99f0988bf1d287c12c21739b0570a47dfb1612773e4,2026-04-22 04:23:52.865986+00:00,hu,blikk.hu,blikk.hu,2026-04-22,"Tóth Vera és Tóth Gabi összevesztek a választások miatt, nem is állnak szóba egymással",https://www.blikk.hu/sztarvilag/hazai-sztarok/toth-vera-toth-gabi-veszekedes/qe3lcs0
e7505a2ee6a4713f703e5d0adff87d44ba3056edb0f557ff5b3b06f4e2a5b920,2026-04-22 03:19:04.567629+00:00,hu,origo.hu,origo.hu,2026-04-21,Az Európai Bíróság ítélete a gyermekvédelmi törvényről és az ukrán vagyonvisszakövetelés,https://hirtv.origo.hu/ahirtvhirei/2026/04/az-europai-birosag-itelete-a-gyermekvedelmi-torvenyrol-es-az-ukran-vagyonvisszakoveteles
2ec3b4e9a19b655652c8c248c2d87a644f01c152d87224f532507278e4294175,2026-04-22 03:18:34.806655+00:00,hu,origo.hu,origo.hu,2026-04-21,Milliárdos támogatások után lett fojtogató a levegő? Kocsis Máté kitálalt,https://hirtv.origo.hu/ahirtvhirei/2026/04/milliardos-tamogatasok-utan-lett-fojtogato-a-levego-kocsis-mate-kitalalt
c407223c85b1f684eb2a93d2d2811874d5a65ddedda980bfca71d3cab23eb800,2026-04-22 03:18:27.754004+00:00,hu,origo.hu,origo.hu,2026-04-20,20 százalékkal több minisztérium jöhet miközben visszavonatnák a gyermekvédelmi törvényt,https://hirtv.origo.hu/ahirtvhirei/2026/04/20-szazalekkal-tobb-miniszterium-johet-mikozben-visszavonatnak-a-gyermekvedelmi-torvenyt
6c0c3f84aaa0460c976428df2e44e3877fc953c5c1665115f81d55604818a58f,2026-04-22 03:18:12.484850+00:00,hu,origo.hu,origo.hu,2026-04-21,"Kiderült, mi vetett véget a Barátság vezeték rejtélyes hibájának",https://hirtv.origo.hu/hirtv-gazdasagi-hirei/2026/04/kiderult-mi-vetett-veget-a-baratsag-vezetek-rejtelyes-hibajanak
413b861ee88f6629aa9a0e1bd2671e656d5b8a6a93de1c9b0375333cc038572e,2026-04-22 03:17:17.316204+00:00,hu,origo.hu,origo.hu,2026-04-21,Zelenszkij lebuktatta a titokban Kijevben tárgyaló Magyar Pétert,https://hirtv.origo.hu/ahirtvhirei/2026/04/zelenszkij-lebuktatta-a-titokban-kijevben-targyalo-magyar-petert
ed9e63606fd9c18596b80424d7992fea3a6cb64ef4314f722d2cf6767f14fcdb,2026-04-22 03:17:12.897361+00:00,hu,origo.hu,origo.hu,2026-04-21,Engedélyeznék a genderpropagandát a magyar reklámokban?,https://hirtv.origo.hu/ahirtvhirei/2026/04/engedelyeznek-a-genderpropagandat-a-magyar-reklamokban
df3e6793b1160fb323156dac6b53faeef747ba475b44d92ec6499eb07c5e416d,2026-04-22 03:17:11.700594+00:00,hu,origo.hu,origo.hu,2026-04-21,Így formálja a gondolatainkat az amerikai filmipar,https://hirtv.origo.hu/hirtvszines/2026/04/igy-formalja-a-gondolatainkat-az-amerikai-filmipar
ec4d665be4c8434589d1f65c165db8193ae8bd1ea2afb402ad5a9486a287d831,2026-04-22 01:25:37.999808+00:00,hu,origo.hu,origo.hu,2026-04-21,Szoboszlai tényleg alkalmatlan lenne csapatkapitánynak?,https://www.origo.hu/sport/2026/04/szoboszlai-dominik-liverpool-virgil-van-dijk-kapitany
04df2881b0137df0f5dc6794d05f215ea2e27a1fb2293a1414ae26f4e6fc1803,2026-04-22 01:25:22.477882+00:00,hu,origo.hu,origo.hu,2026-04-21,"Vége a találgatásoknak: Megvan, ki lesz Szoboszlai Dominik edzője a következő szezonban",https://www.origo.hu/sport/2026/04/szoboszlai-dominik-premier-league-liverpool-slot-sors
84b72f87ef1f5840ba6139364a64855db733440b8985d582f395aa3649936d6e,2026-04-22 00:19:05.780134+00:00,hu,origo.hu,origo.hu,2026-04-21,Modern lottózó-szigetekkel erősít a Szerencsejáték Zrt. 2026-ban,https://www.origo.hu/itthon-hirdetes/2026/04/modern-lottozo-szigetekkel-erosit-a-szerencsejatek-zrt-2026-ban
c470737e9616370bdaa9fa4dc9072c8618f188aa5f50a29946cb91bee0fa5ab9,2026-04-21 23:28:02.316057+00:00,hu,blikk.hu,blikk.hu,2026-04-20,"Áprilisban Irány Peking! A Chery a Globális Mobilitási Márkaprogramját Úgy Tervezte, hogy a Család Legyen a Középpontban! (x)",https://www.blikk.hu/pr/markaprogram-konferencia-auto/4frdek4
4ee43b7bbac69852ecabb389f2fc348fde30627673b4356d1459aa95aa07728c,2026-04-21 22:20:55.584270+00:00,hu,index.hu,index.hu,2026-04-21,"Videón a tragédia, felnyársalta a matadort a bika",https://index.hu/kulfold/2026/04/21/sevilla-baleset-bikaviadal-eletveszelyes/
3287ccac36d72d84e89cf1cf0a1c1c230286565ae39716191d6c362912d77fa8,2026-04-21 22:20:50.593080+00:00,hu,index.hu,index.hu,2026-04-21,"Még meg sem alakult, de Budai Gyula máris számon kérte a Tisza-kormányt",https://index.hu/belfold/2026/04/21/budai-gyula-fidesz-tisza-part-kormany-benzinar-ellenzek/
3f80ad32070a1c18f68463e7da1042c0a6a06db70359a48bcd3d2eac029c2930,2026-04-21 22:20:31.849292+00:00,hu,index.hu,index.hu,2026-04-21,"Takács Péter feljelentette a férfit, aki számonkérte egy plázában",https://index.hu/belfold/2026/04/21/takacs-peter-allamtitkar-egeszsegugy-lelegeztetogep-anyazas-feljelentes/
ffae4ba3f8f49d2fa03281da3222860181bae86ebd1898a1be60197234590f7e,2026-04-21 22:20:27.372160+00:00,hu,index.hu,index.hu,2026-04-21,"Anne Hathaway ellopta a show-t a vörös szőnyegen, így jelent meg Az ördög Pradát visel 2. premierjén",https://index.hu/mindekozben/poszt/2026/04/21/anne-hathaway-vilag-legszebb-embere-voros-szonyeg/
567758008745fc2e59b8498cbc853c11e80d7222edab9991e5d7bfd16c01ea02,2026-04-21 22:20:21.896184+00:00,hu,index.hu,index.hu,2026-04-21,"Demeter Szilárd értékelte a választási eredményt: Ennyi volt, kalap-kabát, elegük van belőlünk",https://index.hu/kultur/2026/04/21/demeter-szilard-valasztas-2026-ertekeles-tisza-part-fidesz-mandiner/
25e3e83bae8159b3c8c39ea0b361e3d5abd9e469bb9d0a2046b3f2cb7d87910a,2026-04-21 22:20:15.965217+00:00,hu,index.hu,index.hu,2026-04-21,"Az utolsó pillanatban egyenlített, majd tizenegyesek után a Magyar Kupa döntőjébe jutott a ZTE",https://index.hu/sport/futball/2026/04/21/magyar-kupa-2025-2026-elodonto-budapest-honved-zalaegerszeg/
8dd32b0a1a8d8643708470594880bcf2228a658543816d98f72e0c660ce54c46,2026-04-21 22:19:55.356861+00:00,hu,index.hu,index.hu,2026-04-21,Magyar Péter iskolaigazgatókkal egyeztetett: az oktatási rendszer átalakításához minden pedagógus tapasztalatára számít,https://index.hu/belfold/2026/04/21/oktatas-magyar-peter-tisza-part-egyeztetes-iskolaigazgatok/
8092530b2bdd6fede52220d40d25b7f7d3de86ef8c9ebb7cb457879550a7a04e,2026-04-21 22:19:47.002028+00:00,hu,blikk.hu,blikk.hu,2026-04-21,Drámai szétlövés után nyújtott kupadöntőbe a ZTE,https://www.blikk.hu/sport/magyar-foci/honved-zte-magyar-kupa/41571pb
37039ecd62e71a317156f95bcd10bc85e4aff16f888d690c90af39ebaf526ac8,2026-04-21 22:19:37.151387+00:00,hu,index.hu,index.hu,2026-04-21,Cuki képeket mutatott Csuti ma hatéves kislányáról,https://index.hu/mindekozben/poszt/2026/04/21/csuti-kulcsar-edina-kislanya-szuletesnap-6-eves-nina/
d831e71a2640979e7c1daf28310345a381dda18642a30ea06ae3647d506dca48,2026-04-21 22:19:14.303767+00:00,hu,index.hu,index.hu,2026-04-21,"Kiderült, kik kapták idén a magyar fantasy Oscar-díjait",https://index.hu/kultur/2026/04/21/zsoldos-peter-dij-dij-konyvek-magyar-sci-fi-es-fantasy-irodalom/
b7ba86f855c04f1f87739dc61b371e88e7b8ca2533b9668fd5a7a3d3a6fc3844,2026-04-21 22:19:01.936620+00:00,hu,index.hu,index.hu,2026-04-21,"Cser-Palkovics András nem lép vissza, Székesfehérvár polgármestere nem fogadja el Magyar Péter felszólítását",https://index.hu/belfold/2026/04/21/cser-palkovics-andras-fidesz-szekesfehervar-kepviselo-lemondas-felszolitas/
4b5c04ee3b042265e6ba4657036e5e7bf638d567e40fcec417cf53b80848b529,2026-04-21 21:42:02.212775+00:00,hu,origo.hu,origo.hu,2026-04-21,"Tömegverekedés, ollózós csodagól és felejthetetlen dráma a Magyar Kupa elődöntőjében",https://www.origo.hu/sport/sport-futball/2026/04/magyar-kupa-honved-zte-dramai-video
a5195fb4a73de4bc404c87c43fbb86fa83afb17bdfca35c7d8f5f99798fbc437,2026-04-21 21:41:35.566010+00:00,hu,origo.hu,origo.hu,2026-04-21,Közel 500 bandatag egyszerre ült a „vádlottak padján” – 29 ezer gyilkosság szárad a lelkükön,https://www.origo.hu/nagyvilag/2026/04/bunszervezet-500-tag-egyszerre-vadlottak-padjan
d224c65308fde9deb4a6f5af3baa8fb154815d6da99b0a3156bbb01756028597,2026-04-21 21:41:14.160042+00:00,hu,origo.hu,origo.hu,2026-04-21,Rossz hírek érkeztek a One Veszprém BL-rangadója előtt,https://www.origo.hu/sport/sport-csapat/2026/04/one-veszprem-bajnokok-ligaja-remili-serules
b944ba39b149cc505815321400694ae6509d1247bc5ab2ca8c434487bd951732,2026-04-21 21:40:52.932483+00:00,hu,origo.hu,origo.hu,2026-04-21,"Miért van ablaka a mosógépnek, és a mosogatógépnek miért nincs?",https://www.origo.hu/nagyvilag/2026/04/ablak-mosogep-mosogatogep
e894a51ea4be656f5381315dafab75c192758f5f077e9a464a1e8bb9e335714b,2026-04-21 21:40:47.960029+00:00,hu,origo.hu,origo.hu,2026-04-21,Agysorvadást okoz a fiataloknál az egyik drog,https://www.origo.hu/nagyvilag/2026/04/kannabisz-drog-fiatal-agy
7980a809d4730f70176e169d002ec7ace5323fc887b3bb055f640df19c884b00,2026-04-21 21:40:29.067707+00:00,hu,origo.hu,origo.hu,2026-04-21,"Megvan a módszer, így szabadulhatunk meg a mikroműanyagoktól",https://www.origo.hu/tudomany/2026/04/mikromuanyag-novenyek-eltuntetes
b81cf7e029a1b042864796518099c86b3fa08498656d01d58394e6e1b4986936,2026-04-21 20:44:32.360806+00:00,hu,blikk.hu,blikk.hu,2026-04-21,Ezüstérmet szerzett a birkózó Eb-n Vitek Dárius,https://www.blikk.hu/sport/vitek-darius-eb-ezusterem/r5z1kq1
0885c85e36b1c8d122abdd46bac1db15694e625fe30cbc6293dbea298a444835,2026-04-21 20:44:27.741741+00:00,hu,blikk.hu,blikk.hu,2026-04-21,"Ókovács Szilveszter nagy bejelentést tett: egy ideje tudták már az Operaházban, de csak most közölhették",https://www.blikk.hu/aktualis/belfold/okovacs-szilveszter-operahaz-bejelentes-europa-nostra-dj/btn7znv
a534d59497628354412425e55b20d82e9e813360c993e630eff85b1092b2eea0,2026-04-21 20:44:21.421212+00:00,hu,blikk.hu,blikk.hu,2026-04-21,Szily Nóra újra úton: születésnapját már otthonán kívül tölthette,https://www.blikk.hu/sztarvilag/hazai-sztarok/szily-nora-balesete/p2evy84
8033d9aca7a188154dacfaf24c57d31d45b7094165651df45d614291c2ab6c78,2026-04-21 20:43:50.339520+00:00,hu,blikk.hu,blikk.hu,2026-04-21,"Ifj. Schobert Norbi drámai vallomása: „Hallgattuk anyát és úgy éreztük, mintha egy horrorfilmbe csöppentünk volna”",https://www.blikk.hu/sztarvilag/hazai-sztarok/schobert-norbi-schobert-lara-rubint-reka-betegseg-rak/4e95skz
9169f2fc1dc43e578e76343b520b2e6570964dcb10ec56a2ca6ed8f35d945db1,2026-04-21 20:43:24.887560+00:00,hu,blikk.hu,blikk.hu,2026-04-21,Matolcsy Ádám: elmondása szerint már négy éve megszerezte a tartózkodási engedélyt,https://www.blikk.hu/politika/magyar-politika/matolcsy-adam-vizum-ingatlan-magyar-peter-visszaszolt/39d8fhr
a344e466166ce51579fcafa3e4afb0e5431d43509ac8f02562f85a45676f2b95,2026-04-21 20:43:20.879607+00:00,hu,blikk.hu,blikk.hu,2026-04-21,"Autodidakta festő remegő kézzel alkot csodát, 450 ezerért vitték el a művét",https://www.blikk.hu/sztarvilag/hazai-sztarok/a-legjobb-ajanlat-festo/bvyf3hc
10c249c46ee83e4ad138085d74db5f55fff495900af331e3c34b10c9c76f5c6b,2026-04-21 19:40:18.250444+00:00,hu,origo.hu,origo.hu,2026-04-21,Váratlan fordulat: 24 órán belül eldől Ukrajna sorsa,https://www.origo.hu/nagyvilag/2026/04/ukrajna-kaja-kallas-hitel-brusszel
8a05921b740dbe60b972f4acfecfdaefab24e9c40421d0a7181b161ecc68526c,2026-04-21 19:40:13.229125+00:00,hu,origo.hu,origo.hu,2026-04-21,Dárdai Pál keményen kiosztotta a kritikusait és az Újpest focistáit,https://www.origo.hu/sport/sport-futball/2026/04/ujpest-dardai-ratatics-fizetes-stadion-bajnoki-dobogo
95d50716c54064457cafcf2997b566815667f6d90cfd3a5b62375504f5e6cd3d,2026-04-21 19:40:04.388800+00:00,hu,origo.hu,origo.hu,2026-04-21,Megvan az első magyar érem a tiranai birkózó Európa-bajnokságon,https://www.origo.hu/sport/sport-egyeni/2026/04/birkozo-eb-fritsch-robert-bronzermes
4deb4237d4f76ddb163710c7a571ae6e64eb9faf9323cac93127ecc8930d79c7,2026-04-21 19:39:58.688272+00:00,hu,origo.hu,origo.hu,2026-04-21,Magyar Péter: Stratégiai ágazat lesz az oktatás a Tisza-kormány alatt,https://www.origo.hu/belpol/2026/04/magyar-peter-strategia-oktatas
4fd82dfbfc2800261c4aed2a45c040e0b9274db863b99a3d6e13e777b7c1495e,2026-04-21 19:39:53.006767+00:00,hu,origo.hu,origo.hu,2026-04-21,Iszonytató dolog derült ki a homárokról; akaratunkon kívül válhattunk szadistává,https://www.origo.hu/tudomany/2026/04/homar-fajdalomerzet-fozes
145c8ba8d83e5ca2195ea2baef374dc085933a38bbf2b12b4913a39409478ed9,2026-04-21 19:39:48.099485+00:00,hu,origo.hu,origo.hu,2026-04-21,Elolvadsz tőle! Mutatjuk az első képet Bangó Margit ükunokájáról,https://www.origo.hu/teve/2026/04/bango-margit-ukunoka-szulet-tina
3602cd39ecb1f70b7f314c05a45547e2bd06016c621f50da6a0305655c79d556,2026-04-21 19:39:42.771801+00:00,hu,origo.hu,origo.hu,2026-04-21,Dömötör Csaba: A Barátság olajvezetéket a választás eredménye hozta helyre,https://www.origo.hu/belpol/2026/04/domotor-csaba-baratsag-olajvezeteket-valasztas-eredmeny
45b0cbb7442d071becbc5929208fe5cdd0be836bfb6c4acfea0e0470907b3fe1,2026-04-21 19:39:28.781216+00:00,hu,origo.hu,origo.hu,2026-04-21,"Szex után kivégezte partnerét, de semmire sem emlékszik, olyan részeg volt",https://www.origo.hu/kek-hirek/2026/04/kivegezte-szex-utan-partneret-reszeg-volt
e12c2c4bc51cd1a949cf62b94257ee0d220752d0c788895043d2116ad645fdaf,2026-04-21 19:39:22.142166+00:00,hu,origo.hu,origo.hu,2026-04-21,Új szintre emelte a bliccelést? – Furcsa helyről került elő egy utas a Ryanair járatán – videó,https://www.origo.hu/nagyvilag/2026/04/blicceles-ryanair-csomagtarto-video
6828f6a24d0d080bb0292bc15e293778ca7f31e056ccb8d0921d97d22cdcd7c2,2026-04-21 19:39:17.212510+00:00,hu,origo.hu,origo.hu,2026-04-21,Vitek Dárius remeklése ezüstérmet ért a birkózó Európa-bajnokságon,https://www.origo.hu/sport/sport-egyeni/2026/04/vitek-darius-birkozas-europa-bajnoksag-kotottfogas
88ba6878758195149b4036a5302c81790b675b1b98ee65f5adcf92219ad3fdad,2026-04-21 19:39:10.065119+00:00,hu,origo.hu,origo.hu,2026-04-21,"Hátborzongató sötét folt növekszik a Marson, a tudósok tanácstalanok",https://www.origo.hu/tudomany/2026/04/mars-rejtelyes-sotet-folt-terjeszkedik
7de0a77d6a34779fbdb2b67dc1f432ddbbb015e5640606606440d527ed59d6fe,2026-04-21 19:39:04.993173+00:00,hu,origo.hu,origo.hu,2026-04-21,Friss vagy fagyasztott termék? – Meglepő eredmény látott napvilágot,https://www.origo.hu/itthon/2026/04/fagyasztott-zoldsegek-friss-termekek-elonyei-hatranyai
bf5b30af66d2df5bec744b4595ba6e9ee6386264bcddb7d1aeafd496b4913a71,2026-04-21 19:38:59.966367+00:00,hu,origo.hu,origo.hu,2026-04-21,"Drámai mentés zajlott le Tihanyban, egy féléves csecsemő került bajba",https://www.origo.hu/kek-hirek/2026/04/csecsemo-baj-mentes-auto
ecb119d4e43a18366783c4e5a5e00b5e7228badb5712a80b182c66e508afca86,2026-04-21 19:38:54.969078+00:00,hu,origo.hu,origo.hu,2026-04-21,Katy Perry mindenkit megdöbbentett Rómában: ezt mártotta a Trevi-kútba – videó,https://www.origo.hu/nagyvilag/2026/04/katy-perry-trevi-kut-bankkartya-enekesno
9147fe3766413c17ae2279f374272d2f1069a2f476555e097380c00b6fd90924,2026-04-21 19:38:48.701213+00:00,hu,origo.hu,origo.hu,2026-04-21,Tragédiával végződött a mélytengeri kísérlet,https://www.origo.hu/tudomany/2026/04/az-amerikai-programban-a-viz-alatti-elet-lehetoseget-kutattak
c0b1b1209036ca451667e530b8d8d448e7801ad6fbca69efb1a631778959af6a,2026-04-21 19:38:24.559332+00:00,hu,origo.hu,origo.hu,2026-04-21,Sulyok Tamás bejelentést tett az Országgyűlés alakuló üléséről,https://www.origo.hu/belpol/2026/04/sulyok-tamas-osszehivta-orszaggyules-alakulo-ules-part
351315e2b9224f7f888e369cc150f1db41ce51da1ddf2f2c7ea55ec8d7b02e09,2026-04-21 19:37:41.526742+00:00,hu,blikk.hu,blikk.hu,2026-04-21,"Ami egyeseknek csak ledarált papír, az másoknak az életet jelentheti? Segítséget kér a Budaörsi Állatmenhely",https://www.blikk.hu/aktualis/belfold/budaorsi-allatmenhely-segitseg-ledaralt-papirok/2dv0mdj
2a9880f84fa8ef7c07c0162ae8809421e6c07034e00ec3ff1829442796e27fc9,2026-04-21 19:33:12.096882+00:00,hu,blikk.hu,blikk.hu,2026-04-21,Durvul a vita: Borbás Marcsi már jogi lépéseket fontolgat Kocsis Máté kijelentései miatt,https://www.blikk.hu/sztarvilag/hazai-sztarok/borbas-marcsi-konyvei-kocsis-mate-botrany/fvhvj44
9a79252bbf18eb315eaa45d62d69cce0e70dbb7821c1dc3009e05bf37552b8c6,2026-04-21 19:33:06.711694+00:00,hu,blikk.hu,blikk.hu,2026-04-21,Egészségügyi veszélyhelyzet elrendelését kéri Szombathely,https://www.blikk.hu/aktualis/belfold/egeszseg-szombathely-kozgyules-veszelyhelyzet/vbjflr9
8d89571e0f2b9d1ecca05a51234c31295e0546075f5f338b18e309b3c45fee6d,2026-04-21 19:33:01.971507+00:00,hu,blikk.hu,blikk.hu,2026-04-21,Bekokainozott lazacok úszkálnak a vizekben: meglepő felfedezésre jutottak a kutatók,https://www.blikk.hu/ferfiaknak/tech/kokainszennyezes-lazacok-vizsgalat-kutatas-svedorszag/fx9bj3l
568bc18bece634d17ab7c95d4ad119be893aaacf1d2cf4dde38b2f67661a82c0,2026-04-21 19:32:55.071573+00:00,hu,blikk.hu,blikk.hu,2026-04-21,Pataki Zita férje titokban milliókat veszített szerencsejátékon,https://www.blikk.hu/sztarvilag/hazai-sztarok/pataki-zita-ferje-szerencsejatek-fuggoseg/ckc8ycn
68b7e6033cb277b2f4450d5ba1b9521eb1bf4ee31bebf5b1f79784e4287ae076,2026-04-21 19:32:44.906007+00:00,hu,blikk.hu,blikk.hu,2026-04-21,"Takács Péter feljelentette a férfit, aki utána kiabált a mozgólépcsőn, hogy ""hol a nyolcmilliárd""",https://www.blikk.hu/politika/magyar-politika/allee-bevasarlokozpont-takacs-peter-korrupcios-vadak-vita/pdncyyr
d48d97df72f5557de8b62f6c6360614a3235c2792792577c0dc282a0d693f8c8,2026-04-21 19:32:40.439505+00:00,hu,blikk.hu,blikk.hu,2026-04-21,"Indulnak az aranyásó túrák, itt van minden, ami kell: engedély beszerzésének menete, eszközök listája",https://www.blikk.hu/aktualis/kulfold/aranyaso-kalandtura/651tltz
a14979fb879f40452bc1b312c3927a0e38deb4358bab8a1c82ab94077242ba89,2026-04-21 19:31:46.612020+00:00,hu,blikk.hu,blikk.hu,2026-04-21,"Gázolt a vonat Vácon, a tűzoltók segítik az utasok átszállását",https://www.blikk.hu/aktualis/belfold/vonatgazolas-vac-baleset-tragedia/vpl8vll
e82c1b3d901a65a51fdd1daa44656768c25e2c661e072c6cb9677bd6e285acb9,2026-04-21 19:31:28.754905+00:00,hu,blikk.hu,blikk.hu,2026-04-21,Gyászol Tata városa: elhunyt a közkedvelt edző és pedagógus,https://www.blikk.hu/sport/csapat/basky-peter-meghalt/ch2k5gj
57a2d321ca7a25099fd1ea7ed6b4bb8739e940438742898b45cb8e82d1ccb27b,2026-04-21 18:47:19.741018+00:00,hu,origo.hu,origo.hu,2026-04-21,Tornádó csapott le a szomszédban: a lakosok rémülten kerestek menedéket – videó,https://www.origo.hu/nagyvilag/2026/04/tornado-idojaras-romania-maros
d8ee5156882da3057ce17f08518b923cb4598508d6bbd867f7a8debd31358750,2026-04-21 18:47:14.051943+00:00,hu,origo.hu,origo.hu,2026-04-21,Előkerült a „felhőszellem”: él a legendás vadmacska,https://www.origo.hu/nagyvilag/2026/04/jaguar-ritka-honduras-felhojaguar
9e709a3534df07426ad4ccb4f129a56fb512d648a05eb6c5bc70c2885ff80abf,2026-04-21 18:46:52.372076+00:00,hu,origo.hu,origo.hu,2026-04-21,"Megölt egy macskát, majd egy játszótéren próbálta megsütni – büntetlenül megúszta",https://www.origo.hu/nagyvilag/2026/04/macska-jatszoteren-probalta-megsutni-nigeriai-migrans
d519da64e8b058d3c9d837f7cbdb6b2524690cf563e29b896f4b4051437d552b,2026-04-21 18:46:38.614884+00:00,hu,origo.hu,origo.hu,2026-04-21,Jutta Leerdam új fotójától csorog a nyálunk... és nem a pizza miatt!,https://www.origo.hu/nagyvilag/2026/04/jutta-leerdam-szex-foto-new-york-pizza
1f918579d5845096d9af5547ac53e1f760665123b3d65baaa95b79d131bc126c,2026-04-21 18:43:27.072710+00:00,hu,blikk.hu,blikk.hu,2026-04-21,Mégis megúszhatja Arne Slot a kirúgást?,https://www.blikk.hu/sport/kulfoldi-foci/liverpool-arne-slot/g7efh1h
7f17a72b3ed063afe2c94d691718730d3bdd361b694d6330a6cd1d27e6b2820e,2026-04-21 18:43:19.831572+00:00,hu,blikk.hu,blikk.hu,2026-04-21,Az újévi svájci tűzvész egyik túlélője profi szerződést kapott: „Ez a próbatétel erősebbé tett”,https://www.blikk.hu/sport/kulfoldi-foci/tahyris-dos-santos-metz-svajc-tuz-szerzodes/ewsk4nt
0b46b53a9daaaa66ddf1a6877391d209f926ff3b48b349968d7799c388851a8c,2026-04-21 18:42:50.543577+00:00,hu,blikk.hu,blikk.hu,2026-04-21,Fritsch Róbert szerezte birkózóink első Eb-érmét Tiranában,https://www.blikk.hu/sport/fritsch-robert-birkozo-eb/6qepypn
aab7d0e189c43a209dfc9c660357bac86b54f60e5b01cbf5ab403e8f4958e730,2026-04-21 18:41:51.832645+00:00,hu,blikk.hu,blikk.hu,2026-04-21,"Ritka természeti jelenség: forgószél rázta meg a szomszédos régiót, így csapott le",https://www.blikk.hu/aktualis/kulfold/tornado-kialakulasa-romania-mezorucs/4k37hnm
3ef4cd58b7a6c319ebd509bc62bb863d87b89a8b3099adee7c815e266acfa784,2026-04-21 18:34:05.790634+00:00,hu,index.hu,index.hu,2026-04-21,Gazics György: Őszinte válaszom az amerikaiaknak,https://index.hu/velemeny/2026/04/21/orban-viktor-magyar-peter-valasztas-rendszervalasztas-usa-donald-trump-fidesz-tisza-part-ketharmad-magyarorszag/
505d66a2a6acdad401586d223c6a92d5239b16da75da3cede0a7fb592da82756,2026-04-21 18:34:01.027295+00:00,hu,index.hu,index.hu,2026-04-21,"Megtalálta a bukás okát a fideszes politikus, aki 24 képviselőt búcsúztatna",https://index.hu/belfold/2026/04/21/kibeszelo-valasztas-2026-fidesz-kdnp-tisza-part-kozossegi-media-politikusok-junghausz-rajmund/
83509859bbca0a537ea9a82b196dc3ed7fe68f4a018fb5e46be6a8b81f352987,2026-04-21 18:33:55.869938+00:00,hu,index.hu,index.hu,2026-04-21,Közleményben reagált a győri egyetem az intézmény vagyonkezelő alapítványát irányító HUMDA csődeljárására,https://index.hu/sport/2026/04/21/gyori-szechenyi-egyetem-kozlemeny-kozerdeku-vagyonkezelo-alapitvany-csod-humda/
efd784489a9153cd6a70097bca17a21b7a3bf784ab74cc4023fd6d46b9003a2f,2026-04-21 18:33:50.975972+00:00,hu,index.hu,index.hu,2026-04-21,„Taka van” – üzente az Operett vezetőjének Mészáros Árpád Zsolt,https://index.hu/kultur/2026/04/21/meszaros-arpad-zsolt-operettszinhaz-szinesz-enekes-kozossegi-media-kultura/
c7fa6a32e40f5e756feadb799d08df00d01ddfd3ba726c891d412482aef8a0c7,2026-04-21 18:33:45.930538+00:00,hu,index.hu,index.hu,2026-04-21,"Nagy bajban a Kutyapárt, 9 napjuk maradt összeszedni félmilliárd forintot",https://index.hu/belfold/2026/04/21/magyar-ketfarku-kutyapart-gyujtes-valasztas-2026-kampanyfinanszirozas/
5d6e2bf62f53f9aa816b52fb1631fc0d996bd18b29667d009602f8ebcc4587c4,2026-04-21 18:33:40.831245+00:00,hu,index.hu,index.hu,2026-04-21,Arne Slot maradhat a Liverpool vezetőedzője a következő szezonban,https://index.hu/sport/futball/2026/04/21/arne-slot-kovetkezo-szezon-edzo-liverpool-premier-league-angol-bajnoksag/
938848f01075c1c0a4e7065e7a7ac7c4d74c29c8e5108ee53a204426bb8af382,2026-04-21 18:33:35.549493+00:00,hu,index.hu,index.hu,2026-04-21,"Gulyás Gergely szerint a Tisza Párt kisstílűsége, hogy megkérdőjelezi a fideszes Ágh Péter győzelmét",https://index.hu/belfold/2026/04/21/valasztas2026-magyar-peter-agh-peter-strompova-viktoria-vas-varmegye-gulyas-gergely-tisza-part-fidesz/
0f248045986bc55670520346442433628442511b86e12737aa5580305fc463c9,2026-04-21 18:33:31.711729+00:00,hu,index.hu,index.hu,2026-04-21,"Sokkoló fordulat az Exatlon Hungaryben, dupla kiesés borzolja a kedélyeket",https://index.hu/mindekozben/poszt/2026/04/21/dupla-kieses-johet-az-exatlon-hungary-ben/
eb81717048978f52105afd6d4e77a3684c9ddc9c4f1a192a95c6634336d47a86,2026-04-21 18:33:25.590768+00:00,hu,index.hu,index.hu,2026-04-21,"Jeszenszky Zsolt szerint könnyen lehet, hogy szüksége van a jobboldalnak egy új vezetőre",https://index.hu/belfold/2026/04/21/jeszenszky-zsolt-orban-viktor-fidesz-kormany-bukas-jobboldal-uj-vezeto/
b591b573597a958e7bc8e163a8aff99f724d7302535dbb44ab60d72e1a8dacd4,2026-04-21 18:33:20.678236+00:00,hu,index.hu,index.hu,2026-04-21,"Továbbra sem kapják meg bérüket a sajóbábonyi vegyi üzem dolgozói, az éhségsztrájkot is félbehagyták",https://index.hu/belfold/2026/04/21/sajobabony-vegyi-uzem-dolgozok-ehsegsztrajk-elmaradt-berek/
fbfbff5662a6b70fa6e096d7ee08cdb045dd9e9c8521e03aa5ca5f2cf36c0489,2026-04-21 18:33:16.208436+00:00,hu,index.hu,index.hu,2026-04-21,"A Huawei megmutatta, hogyan néz majd ki a hajlítható iPhone",https://index.hu/tech/cellanaplo/2026/04/21/huawei-pura-x-max-telefon-bemutato/
ec9953eb6d77a0d368b2d1fa67de5267e5fd74955f173af2fcb0bacb7171af15,2026-04-21 18:33:10.884402+00:00,hu,index.hu,index.hu,2026-04-21,"Petíció indult Sulyok Tamás köztársasági elnök hivatalban maradásáért, Orbán Viktor már aláírta",https://index.hu/belfold/2026/04/21/peticio-sulyok-tamas-koztarsasagi-elnok-allamfo-lemondas-tavozas/
fea872afa5c26b93dccb58baebc1e16d6fa8e006494299e3b7e4ed9556c2df28,2026-04-21 18:33:05.622770+00:00,hu,index.hu,index.hu,2026-04-21,"Május 2-án kiderül, kik szerepelnek a Wicked című musicalben",https://index.hu/kultur/2026/04/21/erkel-szinhaz-szezonzaro-show-musical-show/
195736d6c5d1a5799d5bb33764781b8a99d1876d7da15b6e70a5dbc7816cecab,2026-04-21 18:33:00.830719+00:00,hu,index.hu,index.hu,2026-04-21,"Egy „büszke parasztra” vár, hogy helyrehozza az elmúlt 36 év „bűneit”",https://index.hu/belfold/2026/04/21/bona-szabolcs-tisza-kormany-elelmiszer-gazdasag-kormanyalakitas-agrarium-mezogazdasag-novenytermesztes-allattartas/
dd77bc988e5f9389a02e3f515d172c28dda696614354fdde18ea4812f63533c0,2026-04-21 18:32:55.756985+00:00,hu,index.hu,index.hu,2026-04-21,"„Anyádban!” – mondta Takács Péter, miután megkérdezték tőle, hol van a nyolcmilliárd forint",https://index.hu/belfold/2026/04/21/takacs-peter-allamtitkar-anyazas-covid-19-lelegeztetogep/
0d387a5a265dcce2a1a16dafe8e147a4e5b13de2cddcf4e197a82a091c6d5e02,2026-04-21 18:32:50.846689+00:00,hu,index.hu,index.hu,2026-04-21,"Vészesen közeleg az érettségi kezdete, összegyűjtöttük a legfontosabb tudnivalókat",https://index.hu/belfold/2026/04/21/erettsegi-2026-magyar-nyel-irodalom-tortenelem-matematika-angol-nemet-felkeszules/
64b85273631b2bd987bfe99f91ac9209723b52a0a492fbf3720cfe0560b222ab,2026-04-21 18:32:45.574046+00:00,hu,index.hu,index.hu,2026-04-21,Sulyok Tamás összehívta az Országgyűlés alakuló ülését,https://index.hu/belfold/2026/04/21/sulyok-tamas-koztarsasagi-elnok-orszaggyules-alakulo-ules/
140842e7fa9ddc9ea3e6519fc46f74d1c857d9ad51415708d75369ba3fc834ff,2026-04-21 18:32:41.684143+00:00,hu,index.hu,index.hu,2026-04-21,"Cher sokkot kapott, amikor megtudta: van egy 15 éves unokája",https://index.hu/mindekozben/poszt/2026/04/21/cher-unokaja-titok-csalad/
07dca0d661cd0804e6266bb7a1db4eeb743b156a7721e1a5df690a3a91db4cd7,2026-04-21 18:32:35.711426+00:00,hu,index.hu,index.hu,2026-04-21,32 kórházzal fogott össze a Semmelweis a fiatal orvosok megtartásáért,https://index.hu/belfold/2026/04/21/egeszsegugy-semmelweis-egyetem-szakorvoskepzes-rezidens/
1fbf602983bcb4100e66bfa1df2c1243ccd2196b0c79e345ccbbabed2ea9fedc,2026-04-21 18:32:31.308656+00:00,hu,index.hu,index.hu,2026-04-21,Volodimir Zelenszkij: Ukrajna befejezte a Barátság kőolajvezeték javítását,https://index.hu/gazdasag/2026/04/21/koolaj-baratsag-europai-unio-ukrajna-magyarorszag-oroszorszag-euro-hitel-veto-orban-viktor-magyar-peter/
6bdb1a78f922a4e83a9d015a012681360de5e69355eb1022fafb7e81f1affa56,2026-04-21 18:32:25.962245+00:00,hu,index.hu,index.hu,2026-04-21,"Fejhallgatón követhetjük a világkatasztrófát, nem sokan menekülnek meg",https://index.hu/kultur/2026/04/21/rebbeno-pillantasok-a-kihalas-peremerol-vigszinhaz-hazi-szinpad-ai-kultbudapest/
aefc3a860acd57db7e81678bbfb0d01b927fbc85c3d06e199ba347ad795da27f,2026-04-21 18:32:20.575445+00:00,hu,index.hu,index.hu,2026-04-21,"Csajozni ment, tíz év után újra lefényképezték a világ legritkább ragadozóját",https://index.hu/tudomany/2026/04/21/felhojaguar-honduras-lefenykepeztek-veszelyeztetett/
1d7291deb8acc49e049dd32ba05414e0a4a224eb70a598fa14ff17cf4954d7bf,2026-04-21 18:32:12.764470+00:00,hu,index.hu,index.hu,2026-04-21,"Kisorsolták a magyar válogatott vb-ellenfeleit, ezekkel a csapatokkal találkoznak majd Juhász Dorkáék",https://index.hu/sport/kosarlabda/2026/04/21/noi-kosarlabda-vilagbajnoksag-2026-magyar-valogatott-keret/
602a9cdb14867143d13580b2464f2536bac451c1fa527fefc5ef9024465b2fc7,2026-04-21 18:19:07.634190+00:00,hu,origo.hu,origo.hu,2026-04-21,"Bikiniben, hasáig kivágott ruhában hódít Larissa Manoela, Brazília fiatal filmcsillaga – szexi galéria",https://www.origo.hu/foto/2026/04/larissa-manoela-galeria
9ddc32275db751df919f3a6161c044e18000e815698706e587bc2bc10f566121,2026-04-21 18:18:58.513885+00:00,hu,origo.hu,origo.hu,2026-04-21,Meddig élhet az ember? Az őssejt a titok? – Plasztikai sebészet vs. valódi megfiatalodás,https://www.origo.hu/itthon/2026/04/ossejt-fiatalsag-sebeszet
00d15b4e042c2905432ce80632fb97270be92e03a9b275b73ff22243ab12086d,2026-04-21 18:18:43.347521+00:00,hu,origo.hu,origo.hu,2026-04-21,"Vége a találgatásoknak: Megvan, ki lesz Szoboszlai Dominik edzője a következő szezonban",https://www.origo.hu/sport/sport-futball/2026/04/szoboszlai-dominik-premier-league-liverpool-slot-sors
4716df560e1b3f2efc20379381c170cfc506ca1fe05d0714481f8cab77050095,2026-04-21 18:18:38.484193+00:00,hu,origo.hu,origo.hu,2026-04-21,"Sokan automatikusan szedik, de tényleg hasznos a probiotikum?",https://www.origo.hu/nagyvilag/2026/04/probiotikum-antibiotikum-melle-belflora
e4f04dd01c445822dae0ce6f745b690678a8087d2784ddb90a08a6999109b1d2,2026-04-21 18:18:15.740816+00:00,hu,origo.hu,origo.hu,2026-04-21,Kínos fordulatot vett Madonna fellépése a Coachellán,https://www.origo.hu/nagyvilag/2026/04/madonna-sabrina-carpenter-duett-coachella
67a2b5b51c3fe289b6322d8f6338d3dcfc07868875b340d58f69113f4f1b4edd,2026-04-21 18:18:00.807085+00:00,hu,origo.hu,origo.hu,2026-04-21,Mintha a börtönből akarnának kitörni! Szabadságért kiáltanak a szexi modell hatalmas mellei – galéria,https://www.origo.hu/nagyvilag/2026/04/sophie-berry-instagram-modell-szexi-bikini-mell
99340abfade7dd3a54fa94b4b46546243bf2c1cd0eff0a4dcd4f132b8d35850d,2026-04-21 18:17:55.923495+00:00,hu,origo.hu,origo.hu,2026-04-21,Szőke Alex sérülten jutott be a birkózó Európa-bajnokság döntőjébe,https://www.origo.hu/sport/sport-egyeni/2026/04/birkozo-eb-szoke-alex-dontos
4abda816fbb4d8b30dbb91fffff4dd452f10767606e9e84ef3fdf8f074185087,2026-04-21 18:17:50.995518+00:00,hu,origo.hu,origo.hu,2026-04-21,Nem csak az ég sötétült el – valami más is történt a napfogyatkozás alatt,https://www.origo.hu/tudomany/2026/04/napfogyatkozas-alatt-szeizmikus-csend-uralta-a-terseget
a47a080e658647e0840369b7550defd3237f82247a8d981d31b1dad38b582646,2026-04-21 18:17:46.133731+00:00,hu,origo.hu,origo.hu,2026-04-21,"Takács Péter: Elég a hazudozásból, a tiszás lincshangulat nem lehet norma Magyarországon",https://www.origo.hu/belpol/2026/04/takacs-peter-tiszas-lincshangulat
f01c7cccbe3085c6756737f757ecc97ccf9f0d939993677af6227d2cbe781293,2026-04-21 18:17:38.001381+00:00,hu,origo.hu,origo.hu,2026-04-21,"A telt idomú énekesnő, Lisa Scott-Lee gátlások nélkül pakolja ki a melleit – szexi galéria",https://www.origo.hu/foto/2026/04/lisa-scott-lee-galeria
2c3bfd8fadb8bc28274f03d33dade4fd92cf678776fa4e26dcd2e10164e82501,2026-04-21 18:17:33.126076+00:00,hu,origo.hu,origo.hu,2026-04-21,"Válik a szexszimbólum teniszező, aki a Playboyban is megmutatta magát – képek",https://www.origo.hu/sport/2026/04/playboy-tenisz-ashley-harkleroad-tenisz
a4529a7a391670506daf862e499a1049ba8ddd5538c12ac2a4151a32a0fe023c,2026-04-21 18:17:26.796117+00:00,hu,origo.hu,origo.hu,2026-04-21,Aleksandar Vucsics Szerbiába hívta Magyar Pétert,https://www.origo.hu/belpol/2026/04/vucsics-szerbia-hivta-magyar-peter-tisza-miniszterelnok
39566c3354609ba1f8b1babfcd6b2d58406546f8656fae847d37125ff63cb30b,2026-04-21 18:17:14.015087+00:00,hu,origo.hu,origo.hu,2026-04-21,Kórház ablakából vetette magát a mélybe egy idős férfi,https://www.origo.hu/kek-hirek/2026/04/zuhan-ferfi-korhaz-idos
354c2e1a9fdb04aead9d1d8f2e9898524a689d00d7103f23f528bbf89155ffd3,2026-04-21 17:53:12.910119+00:00,hu,origo.hu,origo.hu,2026-04-21,Élete lehetőségét kapta a tűzben összeégett fiatal tehetség,https://www.origo.hu/sport/sport-futball/2026/04/tuz-metz-szerzodes-crans-mondatan-dos-santos
eb05c91cec443f4e23bcd14d43e10ab26e04a38d477bacb2a9f14287e17703c6,2026-04-21 17:53:07.263300+00:00,hu,origo.hu,origo.hu,2026-04-21,Zelenszkij nagyon fontos bejelentést tett – a Barátság kőolajvezetékről van szó,https://www.origo.hu/nagyvilag/2026/04/zelenszkij-baratsag-koolajvezetek-bejelentes
de1c955a348f12f90d6e88d8a4e80bb309e094b2a695da3e9d99b52cb5802e82,2026-04-21 17:53:02.272233+00:00,hu,origo.hu,origo.hu,2026-04-21,Virították a lét a piricsei pacekok lebukás után,https://www.origo.hu/kek-hirek/2026/04/lebukas-utan-viritottak-a-let-a-piricsei-pacekok
862beabf99f81eac5bc600f6d60751132b6f307b7a4c3cce87d86994a1305ef6,2026-04-21 17:52:58.301975+00:00,hu,origo.hu,origo.hu,2026-04-21,Leslie Mandoki himnusza a budapesti BL-döntőig kísérheti a Bayern Münchent,https://www.origo.hu/sport/sport-futball/2026/04/bl-donto-bayern-munchen-leslie-mandoki-dal
37ca906b329d373a4a688a81a25d7a7b2a414835a4b422ddc71fd7fcc17f8672,2026-04-21 17:49:46.710072+00:00,hu,blikk.hu,blikk.hu,2026-04-21,Visszaesett a rapper? Aggódnak a rajongók T. Dannyért,https://www.blikk.hu/sztarvilag/hazai-sztarok/t-danny-fuggoseg-borospohar/9f3krjh
2f2f5c8a386fb8de7840513eeb3c6d1e55bfcb9dec886e7a1547faaa462fb756,2026-04-21 17:49:31.460509+00:00,hu,blikk.hu,blikk.hu,2026-04-21,"Budapestre érkezik a hollywoodi sztár: aki szerencsés, találkozhat vele",https://www.blikk.hu/sztarvilag/nemzetkozi-sztarok/michele-morrone-budapest-hollywoodi-sztrar/lvye5vy
c7100f18014e4a0df5c934dad33f7ec04e2b8b0fb7eababc7428f84f419437e6,2026-04-21 17:49:26.683919+00:00,hu,blikk.hu,blikk.hu,2026-04-21,"„Állj fel csodacsatár, ne koptasd a kispadot!” – Így üzent a népszerű zenész Orbán Viktornak",https://www.blikk.hu/politika/magyar-politika/wellor-csodacsatar-orban-viktor/6xgtzez
7a7e1970e14e3839a34ffc49a412c36185cad465d71f4863212d46c7ac5570e8,2026-04-21 17:49:21.439723+00:00,hu,blikk.hu,blikk.hu,2026-04-21,Így hempergőzik a homokban a nemrég született nagy mara bébi,https://www.blikk.hu/aktualis/belfold/szigethalmi-csaladi-vadaspark-nagy-mara-bebi-cuki/90jebyh
164039205f38b7a581777b4642ae3f8c38ccd97360946f5c59f60a4bb37acb7e,2026-04-21 17:49:03.306656+00:00,hu,blikk.hu,blikk.hu,2026-04-21,Gázolt a vonat Győrnél,https://www.blikk.hu/aktualis/belfold/gyor-voantgazolas/dhq3vwe
0a736665844253e80450549347634c829c2a4f6c22983da3fc5df099091b3ba3,2026-04-21 17:48:58.431601+00:00,hu,blikk.hu,blikk.hu,2026-04-21,Tovább dagad a balhé: az európai játékosszervezet közlemény adott ki a Szeged kézisének kirúgása kapcsán,https://www.blikk.hu/sport/jim-gottfridsson-szeged-botrany/x20wcbv
47bf849c19ce95183d042cd3ffbf4264dbb5ed5c2acc0205e919e52cb433bf24,2026-04-21 17:48:53.208784+00:00,hu,blikk.hu,blikk.hu,2026-04-21,Volt kormányzati szereplő lehet a vagyonvisszaszerzési hivatal vezetője,https://www.blikk.hu/politika/magyar-politika/magyar-peter-vagyonvisszaszerzesi-hivatal/4js6k0w
ce04464df3195d8dbf0c2b55116aafb3138c682e50635f27be6bfdb6ec201eea,2026-04-21 17:48:33.744808+00:00,hu,blikk.hu,blikk.hu,2026-04-21,A mesterséges intelligencia feltámasztotta egy édesanya halott fiát,https://www.blikk.hu/aktualis/kulfold/mesterseges-intelligencia-elhunyt-fiu-edesanya/9qetpq6
2fe3b9365297c5182289be833663ec11cf588e8355007b79f75347c0763526f8,2026-04-21 17:48:28.706429+00:00,hu,blikk.hu,blikk.hu,2026-04-21,"Újra jelentkezett Orbán Viktor, ezt üzeni a leköszönő miniszterelnök egy konkrét ügyről",https://www.blikk.hu/politika/magyar-politika/sulyok-tamas-alairasgyujtes-orban-viktor-peticio/770nyfp
0b55e49a5e7ebc5ac36df49361cd201b4263e1d84784bfc79e73faefb844176f,2026-04-21 17:48:01.811914+00:00,hu,blikk.hu,blikk.hu,2026-04-21,"Folytatódik az olajpánik? Megint egekben az olaj ára Donald Trump újabb fenyegetésére, szerinte Iránnak ez fájni fog",https://www.blikk.hu/politika/vilagpolitika/olaj-donald-trump-panik/28v31ln
fb1c364dbd613d926577b04388112e4870720562872e112e5bfec4aea1667ee8,2026-04-21 17:47:44.362070+00:00,hu,blikk.hu,blikk.hu,2026-04-21,"Havas Henrik beszólt a szereplőknek és szétszedte a Heti Hetest, ez a véleménye az új műsorról, a készítők nem teszik zsebre a kritikát",https://www.blikk.hu/sztarvilag/hazai-sztarok/havas-henrik-heti-hetes-kritika-rtl/6yg2mfq
c727eac24f4132fbbcc1aa4aa3e091e0b4ecb2ed219ab654a814140ec9a1db97,2026-04-21 17:47:39.379171+00:00,hu,blikk.hu,blikk.hu,2026-04-21,"Nicole Kidman lánya, Sunday Rose ezt a szalagavatós képet posztolta, egyre jobban fekszik neki a modellkedés",https://www.blikk.hu/sztarvilag/nemzetkozi-sztarok/nicole-kidman-lany-szalagavato-instagram/8l5bx5x
89b505d84231dbd16473301df3764201141c205c0ff8aec2304c06f67a86dd98,2026-04-21 17:47:32.124615+00:00,hu,blikk.hu,blikk.hu,2026-04-21,Hosszú eltiltás fenyegeti a korábbi wimbledoni bajnokot,https://www.blikk.hu/sport/marketa-vondrousova-doppingellenor/jw1pdc8
a87ce7b841ad6a6de4f189e5a920c12d2816faea8e0281ff3f97e44deac03b60,2026-04-21 17:47:19.471456+00:00,hu,blikk.hu,blikk.hu,2026-04-21,Megvan a pontos dátum! Sulyok Tamás összehívta az Országgyűlés alakuló ülését!,https://www.blikk.hu/politika/magyar-politika/sulyok-tamas-osszehivta-az-orszaggyules-alakulo-uleset/74ed40p
530e45208638683df814870cafa960d7bbe55ec828e406c28a71383fb17f91e0,2026-04-21 17:47:14.189435+00:00,hu,blikk.hu,blikk.hu,2026-04-21,Nyomozó a rendőrség a balhézó fradisták ügyében,https://www.blikk.hu/sport/magyar-foci/ferencvaros-szurkolok-rendorseg-nyomozas/ls4td8t
6ead98ec56b212e561e6d7b0db0640a93cf4037129932ead9618c8027b796a1d,2026-04-21 17:46:57.824067+00:00,hu,blikk.hu,blikk.hu,2026-04-21,"Dráma Kölesdnél: a feleség bennégett az autóban, a férj ki tudott menekülni, miután felborultak",https://www.blikk.hu/aktualis/belfold/halalos-baleset-kolesd-kigyulladt-auto-6317-es-ut/13fly05
b5c8fd051022da96656aff9bc9b3885c5ec2caf3bd6e9b21c42c8f0762879ac4,2026-04-21 17:21:05.865081+00:00,hu,blikk.hu,blikk.hu,2026-04-21,Fordulat: Gulyás Gergely visszaszólt Magyar Péternek,https://www.blikk.hu/politika/magyar-politika/2026-os-valasztasok-gulyas-gergely-agh-peter-magyar-peter/b5mjkmf
2d05f5e38934299b53e1a77dec5b500ee40c075cbb44a4eabb128346e8f6fee3,2026-04-21 17:20:58.994384+00:00,hu,blikk.hu,blikk.hu,2026-04-21,Nyomozás indult hivatali visszaélés gyanúja miatt Szabó Bence ügyében,https://www.blikk.hu/aktualis/belfold/transparency-international-magyarorszag-nyomozas-szabo-bence/tzhhy9z
131f42a9e928ff38aa4ec3a0d31b5d3bc697b5bef2fd14363a7f86796cd5a434,2026-04-21 17:20:10.587000+00:00,hu,blikk.hu,blikk.hu,2026-04-21,"Újabb Jimmy-dalt dolgozott fel DR BRS, Zámbó Krisztián is reagált",https://www.blikk.hu/sztarvilag/hazai-sztarok/dr-brs-vereb-tamas-zambo-jimmy-zambo-krisztian/wrs2scn
d3036c4aecb6dd580092f6c7ffdb6c77cf440b26ee7941da7b5d44173747d032,2026-04-21 17:19:55.274053+00:00,hu,blikk.hu,blikk.hu,2026-04-21,Ez a gyönyörű nő Simon Attila új párja,https://www.blikk.hu/sztarvilag/hazai-sztarok/simon-attila-uj-parja/05p4m35
340fd954a6f2fdc8ff5335e988c8f5ba48ab3d6971b5c81e082329c9d9f92aeb,2026-04-21 17:19:49.916041+00:00,hu,blikk.hu,blikk.hu,2026-04-21,Igazi hősként küzd a leukémiával a nyolcéves Zsófi,https://www.blikk.hu/aktualis/belfold/leukemiaval-kuzd-a-nyolceves-zsofi-miskolc/j5l8exg
08fa3c1fb2872edc1ff70337fc0af224401b63f641f8143f64b9a4f7288d910a,2026-04-21 17:19:43.039880+00:00,hu,blikk.hu,blikk.hu,2026-04-21,Visszatér az orosz olaj Európába? Új fejlemény a Barátság kőolajvezetéknél,https://www.blikk.hu/politika/vilagpolitika/zelenszkij-baratsag-koolajvezetes-ujrainditas/99z2v8n
93c86c7d926583a33c55f0f902489dde652457dac85a63b10e9333710502992b,2026-04-21 17:19:23.111274+00:00,hu,blikk.hu,blikk.hu,2026-04-21,"K Kevin elárulta, milyen nők keltik fel igazán az érdeklődését",https://www.blikk.hu/sztarvilag/hazai-sztarok/k-kevin-parja-baratno/8pk4657
98e231649a08a020e245f6d13e997debff1e2d0ae072a4128c4ef3452039c853,2026-04-21 17:19:17.736833+00:00,hu,blikk.hu,blikk.hu,2026-04-21,"Műtárgyak, ruhák, filmes relikviák: elárverezik Diane Keaton gyűjteményét",https://www.blikk.hu/sztarvilag/nemzetkozi-sztarok/diane-keaton-gyujtemeny-arveres/lj5tbn4
bb8cbff8000ae3e88df91d6cdffca07d9a10e7283f891d345f83882428386ba9,2026-04-21 17:18:52.528034+00:00,hu,blikk.hu,blikk.hu,2026-04-21,Nem marad a Kisvárda trénere Révész Attila,https://www.blikk.hu/sport/magyar-foci/kisvarda-kispad-revesz-attila/y08h733
2789c06d3f17e7b3c367973e8ef1008c55ac61d3da0ee6468723f38fa35e0668,2026-04-21 16:45:58.561557+00:00,hu,origo.hu,origo.hu,2026-04-21,Rekordot döntöttek az elektromos autó eladások márciusban Európában és hazánkban,https://hirtv.origo.hu/tudomany/2026/04/rekordot-dontottek-az-elektromos-auto-eladasok-marciusban-europaban-es-hazankban
af94ddc731a35374952c1a2aad7e6ca5ab94dbfbd98e33a64fdee9f97604bc27,2026-04-21 16:45:52.387630+00:00,hu,origo.hu,origo.hu,2026-04-21,A halál torkából rántotta vissza a gyalogost a mentőautó vezetője,https://hirtv.origo.hu/ahirtvhirei/2026/04/a-halal-torkabol-rantotta-vissza-a-gyalogost-a-mentoauto-vezetoje
0190fc1c7bc98ef0714ac9f71885a6d0ea678d1be7522c55f604f096b76357c4,2026-04-21 16:40:28.292703+00:00,hu,origo.hu,origo.hu,2026-04-21,A Hortobágy szépségei,https://hirtv.origo.hu/ahirtvhirei/2026/04/a-hortobagy-szepsegei
60820014fa52f49619252bf7ce1c7e84d41c896556dd02ed3c4f8e0f3afcae6e,2026-04-21 16:40:23.274141+00:00,hu,origo.hu,origo.hu,2026-04-21,Zelenszkij vissza akarja kapni a lefoglalt milliókat,https://hirtv.origo.hu/ahirtvhirei/2026/04/volodimir-zelenszkij-ukran-aranykonvoj
02b77bc31c3384c02597af9e1342de32bce9a10d7a0580ead17169e32bf54ced,2026-04-21 16:40:18.393823+00:00,hu,origo.hu,origo.hu,2026-04-21,Az amerikaiak jövő évig több mint 3 dollárt fizethetnek egy gallon benzinért,https://hirtv.origo.hu/hirtvkulfold/2026/04/egyesult-allamok-uzemanyagar
ac044d25cc96c96e5d3d1676fae96e9ce96162d32d76f05b7a278f30b3c26820,2026-04-21 16:40:13.400397+00:00,hu,origo.hu,origo.hu,2026-04-21,Csörte: Pankotai Lili élesen bírálta Magyar Pétert,https://hirtv.origo.hu/ahirtvhirei/2026/04/csorte-pankotai-lili-elesen-biralta-magyar-petert
8bf59fa9e5432d4dcb30d2c558337948260c85cba2f3661505a5e938c16b9a12,2026-04-21 16:40:08.325385+00:00,hu,origo.hu,origo.hu,2026-04-21,Innováció a Pécsi Tudományegyetemen,https://hirtv.origo.hu/ahirtvhirei/2026/04/innovacio-a-pecsi-tudomanyegyetemen
7f671a136a3268b95881e08a76833197b473412b4ccce246908f221a342f1bca,2026-04-21 16:40:03.207128+00:00,hu,origo.hu,origo.hu,2026-04-21,Gyermekvédelem: Dornfeld László elemzi a brüsszeli ítéletet,https://hirtv.origo.hu/ahirtvhirei/2026/04/gyermekvedelem-dornfeld-laszlo-elemzi-a-brusszeli-iteletet
bde7d951553d9247ea079952dedab4dc4afdf7c10af6d9ba42ef7e98c11bf28b,2026-04-21 16:39:58.982541+00:00,hu,origo.hu,origo.hu,2026-04-21,Merz összehívja a Nemzetbiztonsági Tanácsot az üzemanyagválság miatt,https://hirtv.origo.hu/ahirtvhirei/2026/04/nemetorszag-nemzetbiztonsagi-tanacs-uzemanyag
60cbfa8dc339b624bfb911c8dbbe8f296c1e294c38130969d8afe10543805677,2026-04-21 16:39:52.963454+00:00,hu,origo.hu,origo.hu,2026-04-21,Zelenszkij már Magyar Péterrel egyezkedne az ukrán aranyról,https://hirtv.origo.hu/ahirtvhirei/2026/04/zelenszkij-mar-magyar-peterrel-egyezkedne-az-ukran-aranyrol
b2b438e0a66c8c2db4a8fa1072458a9e7e32e2990b264928afd5719f3559952a,2026-04-21 16:39:48.139967+00:00,hu,origo.hu,origo.hu,2026-04-21,Tizenegy kutyát és egy elhanyagolt csecsemőt mentettek ki egy lakásból,https://hirtv.origo.hu/ahirtvkekhirei/2026/04/tizenegy-kutyat-es-egy-elhanyagolt-csecsemot-mentettek-ki-egy-lakasbol
bcc9a7a41a487ac77148378034e96cff36c2565b4929ba3faebdc2fbad0fe152,2026-04-21 16:39:43.216432+00:00,hu,origo.hu,origo.hu,2026-04-21,20-ra növelné a parlamenti bizottságok számát a Tisza Párt,https://hirtv.origo.hu/ahirtvhirei/2026/04/tisza-part-parlamenti-bizottsag
b3a75219ca715dbbd7d6d15a24f30d92dd3fd73e26349b7cfcf846a1e77d69c6,2026-04-21 16:39:38.177448+00:00,hu,origo.hu,origo.hu,2026-04-21,Megkezdődött a Tisza-kormány megalakulásának folyamata,https://hirtv.origo.hu/ahirtvhirei/2026/04/megkezdodott-a-tisza-kormany-megalakulasanak-folyamata
06eb3350e0d36ea7829a546e98f28ec644f4a63746f4572749bdf0ad0cc97cd3,2026-04-21 16:39:33.074886+00:00,hu,origo.hu,origo.hu,2026-04-21,A vállalkozó magasabb adókat szeretne?,https://hirtv.origo.hu/ahirtvhirei/2026/04/a-vallalkozo-magasabb-adokat-szeretne
a84eb4f92ee763da88cd57c60b1bbf9d92166744adc7ede18d53996af6a86949,2026-04-21 16:39:28.170105+00:00,hu,origo.hu,origo.hu,2026-04-21,Láncreakció - Brüsszel hamarosan a tálibokkal tárgyal az afgán migránsok visszaküldéséről,https://hirtv.origo.hu/ahirtvhirei/2026/04/lancreakcio-brusszel-hamarosan-a-talibokkal-targyal-az-afgan-migransok-visszakuldeserol
ee4c85fc08d4afbc4f17e91e90f41a1e89d4e04eba25c6745747767204b3f575,2026-04-21 16:39:23.526391+00:00,hu,origo.hu,origo.hu,2026-04-21,Fontos a sajtószabadság vagy mégsem?,https://hirtv.origo.hu/ahirtvhirei/2026/04/fontos-a-sajtoszabadsag-vagy-megsem
a0dcf81703bf4f9a92ffe6c923e9a8a6fedba739075e66d6c211348f97794828,2026-04-21 16:39:18.166767+00:00,hu,origo.hu,origo.hu,2026-04-21,Vaddisznókat hajt egy robot?,https://hirtv.origo.hu/hirtvkulfold/2026/04/vaddisznokat-hajt-egy-robot
706a62599334c9145da8d6db1610577614a853c51a7e7c7e39b6ee496ce994ec,2026-04-21 16:39:08.141977+00:00,hu,origo.hu,origo.hu,2026-04-21,Színvonal Szilvásváradon,https://hirtv.origo.hu/ahirtvhirei/2026/04/szinvonal-szilvasvaradon
754092b887b5263f6906831286f256f60ffd1e0caa43a125e7a47b5ec78348bc,2026-04-21 16:39:03.038629+00:00,hu,origo.hu,origo.hu,2026-04-21,Látott már szépkorúakat lemezlovasként?,https://hirtv.origo.hu/hirtvszines/2026/04/latott-mar-szepkoruakat-lemezlovaskent
39b33cfc95195af26a6028dbe985a8eb623836e460c7eb731c8bfa22020e44c1,2026-04-21 16:38:58.249626+00:00,hu,origo.hu,origo.hu,2026-04-21,"Ha jön olaj, lesz hitel",https://hirtv.origo.hu/ahirtvhirei/2026/04/ha-jon-olaj-lesz-hitel
2fef76181597517516f99e9b36dec088546116bcf1db12e2a976d57329405893,2026-04-21 16:38:53.045644+00:00,hu,origo.hu,origo.hu,2026-04-21,Verbális inkontinencia a balliberális elitben: Tóta W. Árpád intellektusa a kocsmai vizelés szintjére süllyed,https://hirtv.origo.hu/ahirtvhirei/2026/04/a-megmondoember-akire-mar-csak-az-orvosai-figyelnek
824861126a98cd22c33727b95b03659282697352ee17f3fedd783832730519d2,2026-04-21 16:38:48.313459+00:00,hu,origo.hu,origo.hu,2026-04-21,"Az Európai Bizottság felfedte valódi ""arcát""",https://hirtv.origo.hu/hirtvkulfold/2026/04/az-europai-bizottsag-felfedte-valodi-arcat
cc559b85fe8b3bb7547a5d9f8269fec47f8de8a7b8bbd93d9325a85e8360d0bc,2026-04-21 16:38:43.271736+00:00,hu,origo.hu,origo.hu,2026-04-21,"Hosszú időt vehet időbe, hogy minden magyar ember a magáénak érezze az új alaptörvényt",https://hirtv.origo.hu/ahirtvhirei/2026/04/hosszu-idot-vehet-idobe-hogy-minden-magyar-ember-a-magaenak-erezze-az-uj-alaptorvenyt
c44f42d88107d0f3b46472c98a7bb0eda378353a715f3eecffda6e33fbfcd0e8,2026-04-21 16:38:38.244698+00:00,hu,origo.hu,origo.hu,2026-04-21,Jogi lehetőséggel is élne az új kormány,https://hirtv.origo.hu/ahirtvhirei/2026/04/jogi-lehetoseggel-is-elne-az-uj-kormany
e235e6d0f65ebac2211393c079141c54aa091168f08a68a45455cf584e247d12,2026-04-21 16:38:31.379698+00:00,hu,origo.hu,origo.hu,2026-04-21,Gazdasági csodaszer vagy lassítófék? Kiderült az igazság a magyar euróról,https://hirtv.origo.hu/hirtv-gazdasagi-hirei/2026/04/gazdasagi-csodaszer-vagy-lassitofek-kiderult-az-igazsag-a-magyar-eurorol
622949c985e27703f7f1dc4897aa98294b6e69b2010f7c7187f0567c81732221,2026-04-21 16:38:20.268279+00:00,hu,origo.hu,origo.hu,2026-04-21,Az Európai Bíróság jogsértőnek minősítette a gyermekvédelmi törvényt,https://hirtv.origo.hu/ahirtvhirei/2026/04/europai-birosag-gyermekvedelmi-torveny
4cda6ea6704d8bcb30376b2a1e92aa96b9185da4b5bb96ef871449e3bc24809b,2026-04-21 16:30:47.903357+00:00,hu,origo.hu,origo.hu,2026-04-21,"Apokalipszis közeleg: kiderült, hány éve maradt hátra az emberiségnek – sokkal kevesebb, mint gondolná",https://www.origo.hu/nagyvilag/2026/04/tuleles-vilagvege-apokalipszis
18e66d8ec53f52213fdc2fe5ab37af3d8cad90fd7b8b6f0167ce27f16d3b0fb3,2026-04-21 16:30:42.776622+00:00,hu,origo.hu,origo.hu,2026-04-21,"Donald Trump: Iránnak nincs más választása, mint egyezségre jutni",https://www.origo.hu/nagyvilag/2026/04/irani-konfliktus-donald-trump-egyezseg-megallapodas
7d089c142353a03ff58537c015d1acb9ca75731f531dd6ab8a5cd203fcd8e33f,2026-04-21 16:30:38.339007+00:00,hu,origo.hu,origo.hu,2026-04-21,"Kamu temetéssel szedték le az áldozatokat, majd késsel fenyegetőztek",https://www.origo.hu/kek-hirek/2026/04/rablas-kamu-temetessel-szedtek-le-az-aldozatokat
3972713fe63e3c67d37cf163e68b054ff6e24546ab0fcf1533701f34072ca9d1,2026-04-21 16:30:32.878190+00:00,hu,origo.hu,origo.hu,2026-04-21,Orbán Viktor jelentkezett,https://www.origo.hu/nagyvilag/2026/04/orban-viktor-peticio-tartson-ki-elnok-ur
4440ccc3afa9b848daeebaa79f9affcfeb534936b0e88ac558189810bcfdcda4,2026-04-21 16:30:28.191329+00:00,hu,origo.hu,origo.hu,2026-04-21,A Barcelona edzője óriási bejelentést tett a jövőjéről,https://www.origo.hu/sport/sport-futball/2026/04/barcelona-hansi-flick-szerzodes
a8a39de55014b2242bde719ea729de4952ea98a05b93f5a09a5e14184b9cc970,2026-04-21 16:30:22.701900+00:00,hu,origo.hu,origo.hu,2026-04-21,Bejelentkezett a nemzetközi LMBTQ-lobby Magyar Péternél – ezek a követeléseik,https://www.origo.hu/belpol/2026/04/magyar-peter-nemzetkozi-lmbtq
0e121f0de2edd45d4fa82f4a92e369e4aeec11dc413bb9ef7d6475a0fbf7fd00,2026-04-21 16:30:18.108500+00:00,hu,origo.hu,origo.hu,2026-04-21,Az ultrafeldolgozott élelmiszerek újabb rémisztő hatására derült fény,https://www.origo.hu/tudomany/2026/04/ultrafeldolgozott-elelmiszerek-ujabb-remiszto-hatasa
532dff9c4eaa09346711813f51c06a330647c9291023c64fe6100757c9b1a3bd,2026-04-21 16:30:13.514811+00:00,hu,origo.hu,origo.hu,2026-04-21,"Emanuela de Paula úgy viseli a parányi bikinifelsőket, mintha semmi nem lenne rajta – mutatjuk a szexi fotóit",https://www.origo.hu/foto/2026/04/emanuela-de-paula-galeria
a91a92cb912c669ba5dc0c6bebb1825de3a2dca72fe845340565b63cf0ab25fb,2026-04-21 16:30:08.101853+00:00,hu,origo.hu,origo.hu,2026-04-21,Meglepő kutatás: ezt eddig senki nem mondta ki a vagináról,https://www.origo.hu/itthon/2026/04/nemiszerv-penisz-vagina-kutatas
5e6860c1c079ad2e641316d2875e7d71b8428a2f89c12dd7d49084820e2f4bd2,2026-04-21 16:30:02.782429+00:00,hu,origo.hu,origo.hu,2026-04-21,"Kiderült, hol folytatja pályafutását Bartucz László",https://www.origo.hu/sport/sport-csapat/2026/04/bartucz-laszlo-magyar-valogatott-kapus-bundesliga
eb65211dcaa1d81cbacd57613c179f88b3b24a282c28bdc673066a4f3c0d0cda,2026-04-21 16:29:58.098962+00:00,hu,origo.hu,origo.hu,2026-04-21,Gulyás Gergely rendesen odaszúrt a kisstílű Magyar Péternek,https://www.origo.hu/belpol/2026/04/gulyas-gergel-odaszurt-a-kisstilu-magyar-peternek-tisza
3925c749fa680f510f4770fb58ac62749183e37529a4894e65c5cbe0ea5c8689,2026-04-21 16:29:53.516972+00:00,hu,origo.hu,origo.hu,2026-04-21,Látványos fordulat: így áll a miskolctapolcai barlangfürdő felújítása,https://www.origo.hu/itthon/2026/04/miskolctapolcai-barlangfurdo-felujitas-teto-elkeszult
676eb743dd6db683752892cdd1dd3c05a3436a1279d637d998e6d60bf3915a31,2026-04-21 16:29:43.760774+00:00,hu,origo.hu,origo.hu,2026-04-21,Élelmiszerválság jöhet az energiaválságra – belengették a jegyrendszer lehetőségét,https://www.origo.hu/gazdasag/2026/04/elelmiszervalsag-energiavalsagra-jegyrendszer
1c9e13133c613c9da2ba5cf3f1a9229bbc072b66ae07d94cfd3d55312de1aa22,2026-04-21 16:29:39.606485+00:00,hu,origo.hu,origo.hu,2026-04-21,"Betörtek Palvin Barbara házába, a modell nevetve mesél a történtekről",https://www.origo.hu/kek-hirek/2026/04/palvin-barbara-betortek-hazaba-nevetve-mesel
949d55a5ca05174f31e2097027a0a502008129f342ada009555de04a1f2a4810,2026-04-21 16:29:33.650782+00:00,hu,origo.hu,origo.hu,2026-04-21,Zelenszkij utat mutatott Putyinnak? Leállhat a Barátság vezeték északi része,https://www.origo.hu/gazdasag/2026/04/baratsag-zelenszki-putyin-nemetorszag
96e349087c899cebe4a7697e1ee3cba3be9aa611016c95e86742ddba39f29828,2026-04-21 16:29:28.575874+00:00,hu,origo.hu,origo.hu,2026-04-21,Ennek az amerikai modellnek még a barkácsáruházban is kint van az egész sejhaja,https://www.origo.hu/nagyvilag/2026/04/modell-barkacsaruhaz-kint-van-az-egesz-sejhaja
fbeeff0997e60a7431dac5bf20d8f3eb04a7e3c9ede146ba8749e552ab8237bf,2026-04-21 16:29:10.480596+00:00,hu,origo.hu,origo.hu,2026-04-21,"Rejtélyes csomag repült ki a kocsiból, amit üldöztek a rendőrök",https://www.origo.hu/kek-hirek/2026/04/rejtelyes-csomag-repult-ki-a-kocsibol
797e75e9fbf767b5a38d83da54eec2b76793ff23ea61e9e27134fbd850d7e786,2026-04-21 16:29:05.545005+00:00,hu,origo.hu,origo.hu,2026-04-21,"Kiderült, mikor sérült meg a magyar válogatott klasszisa",https://www.origo.hu/sport/sport-csapat/2026/04/magyar-valogatott-vb-selejtezo-szeged-atlovo
d5f52a12b1f0e54eb4b69db0afc3bcedefcfffdddadd8346534aec3230182e6c,2026-04-21 16:25:34.964072+00:00,hu,blikk.hu,blikk.hu,2026-04-21,Liszeckij László fia még mindig válaszokat keres a tragédia után,https://www.blikk.hu/sztarvilag/hazai-sztarok/liszeckij-laszlo-gazrobbanas-kerdesek/hcbz010
be59ec2c8e4083d170a0c623828335cfa28a0a9fef1c23a1bfc6363827bcc3c4,2026-04-21 16:25:29.992709+00:00,hu,blikk.hu,blikk.hu,2026-04-21,Patinás klub élére nevezték ki a volt Újpest-edzőt,https://www.blikk.hu/sport/kulfoldi-foci/cracovia-bartosz-grzelak/lsm7k7p
47ccfd617c19c51a212bbde0f63660303d451d3393f9d786ff2f96539e78977f,2026-04-21 16:25:16.234565+00:00,hu,blikk.hu,blikk.hu,2026-04-21,Brutális fordulat az Ázsia Expresszben: extrém veszélybe kerültek a szereplők,https://www.blikk.hu/sztarvilag/hazai-sztarok/azsia-expressz-szereploi-forgatas-pokoli-korulmenyek/xp666jj
2b305b8522985b6e44e1713d65d8fa0f3a3f36c84a1ce9382472f22bd71dad9e,2026-04-21 16:24:53.109668+00:00,hu,blikk.hu,blikk.hu,2026-04-21,"Ráthonyi-Palácsik Tímea visszatér a képernyőre, óriási meglepetés",https://www.blikk.hu/sztarvilag/hazai-sztarok/friderikusz-sandor-rathonyi-palacsik-timea-rtl/4h90pwk
4e103f2a9b4007f393b0c1e135a5c3d555bef3f11dd3a80bdd1286938987d9b8,2026-04-21 16:24:26.332087+00:00,hu,blikk.hu,blikk.hu,2026-04-21,Változna a politikai széljárás? Magyarország valóban feloldhatja az Ukrajnával szembeni vétóját?,https://www.blikk.hu/politika/magyar-politika/orban-viktor-veto-ukrajna-baratsag-koolajvezetek/6p66bm0
628cf5becedb3365227e22c4a2aca1cf599b3c9dd8c160e94da3c0bf24b9b99b,2026-04-21 16:24:21.347235+00:00,hu,blikk.hu,blikk.hu,2026-04-21,Veszélyben a Balaton? – Trópusi invázió fenyeget a magyar tengeren,https://www.blikk.hu/aktualis/belfold/balaton-hevizi-kifolyo-tropusi-noveny/jtzdnjr
7b64c3af440e5d32982f377fff9d63ef3621632b91b674e8acf16744c6f7d62b,2026-04-21 16:23:34.520757+00:00,hu,blikk.hu,blikk.hu,2026-04-21,Így lesznek újra ragyogóak a kerti bútorok három lépésben,https://www.blikk.hu/eletmod/tippek/teakfa-kerti-butor-apolas/tzb1egm
9ea3e3081029b2251c948bbde52a6df53cbc2a358a37c9953768e77704f61c71,2026-04-21 15:34:01.720102+00:00,hu,blikk.hu,blikk.hu,2026-04-21,Itt a bejelentés Mikler Roland jövőjéről,https://www.blikk.hu/sport/csapat/mikler-roland-szeged/rfe00gm
124727303ab08817a67baf6cb55d51301f52d70c7b572161a07b88b7f07088fe,2026-04-21 15:33:48.961728+00:00,hu,blikk.hu,blikk.hu,2026-04-21,Megfenyegették a Kocsis Máté által leháziárulózott Balogh Leventét – Lemondta erdélyi előadásait,https://www.blikk.hu/aktualis/belfold/balog-levente-fenyegetes-erdely-eloadas-csalodas/zzrdpnk
b0f0aea92fe0bc579e794060b67c5a9d03b1f8e4bd55e3dccff0aa8c5d2bb4f6,2026-04-21 15:33:43.725285+00:00,hu,blikk.hu,blikk.hu,2026-04-21,"Magyar Péter megbeszélte Kelemen Hunorral: az RMDSZ nem szól bele a pártpolitikába, cserébe megváltoznak a szavazás szabályai",https://www.blikk.hu/politika/magyar-politika/erdelyi-magyarsag-egyeztetes-kelemen-hunor-rmdsz-magyar-peter/lzpw7ey
49ff24e2dd62e339a4dd04e23285dc0c4ad6b0fea277a23a3b17461c5912c7b1,2026-04-21 15:32:22.018685+00:00,hu,blikk.hu,blikk.hu,2026-04-21,Autóvásárlás készpénzzel? Hamarosan elfelejtheti!,https://www.blikk.hu/auto/eu-keszpenzfizetesi-limit-autovasarlas/yf19zct
af8a9469a9605d9b1ec5cf029a95f86eb645001ec3e18af43e4429e4191bf7c8,2026-04-21 14:45:16.464465+00:00,hu,index.hu,index.hu,2026-04-21,"Fluor Tomi elárulta, hogy a meghívás ellenére miért nem vett részt a Rendszerbontó Nagykoncerten",https://index.hu/fomo/2026/04/21/fluor-tomi-rendszerbonto-nagykoncert-wellhello-majka-hosok-tere-petofi-tv/
14fe758b7c1a358960e383cb078019a3b7f26429c070b1947221faddcf74deb7,2026-04-21 14:45:11.298220+00:00,hu,index.hu,index.hu,2026-04-21,A francia élvonalban kapott profi szerződést az újévi bártűz 19 éves hőse,https://index.hu/sport/futball/2026/04/21/tahirys-dos-santos-metz-ligue-1-svajci-ujevi-bartuz-crans-montana/
331dc4e9357187f2eae674d3f594640b4b9ad25eea25f2c7fcfebf0facfa9169,2026-04-21 14:45:06.373101+00:00,hu,index.hu,index.hu,2026-04-21,"Lengyel megfejtés arra, hogy miért bukott el Orbán: gazdaság, korrupció, Moszkva",https://index.hu/kulfold/2026/04/21/fidesz-orban-viktor-elbukott-valasztas-gazdasag-korrupcio-orosz-kapcsolatok-propaganda/
a8f93340f44d125ba31d06b2fc916df2f41b58dba88007d78738e1689aec254b,2026-04-21 14:45:01.300069+00:00,hu,index.hu,index.hu,2026-04-21,"Indul a műszaki teszt a Barátság kőolajvezetéken, már szerdán érkezhet olaj Magyarországra",https://index.hu/kulfold/2026/04/21/ukrajna-magyarorszag-baratsag-koolajvezetek-muszaki-teszt-90-milliard-euro-hitel/
cabe514d6c27079d6a2e4e7aebe8d54bedfce8e11b2f514858cc108fdbc6a9a1,2026-04-21 14:44:56.081227+00:00,hu,index.hu,index.hu,2026-04-21,"Hamarosan kiderül, ki lesz a Magyar Tudományos Akadémia új elnöke",https://index.hu/kultur/2026/04/21/magyar-tudomanyos-akademia-mta-kozgyules-tisztujitas/
2385b4e66d611a3771b53f52858767afe4effc049c00e78ee42273602f17652e,2026-04-21 14:44:51.481990+00:00,hu,index.hu,index.hu,2026-04-21,Világszintű elektronikus zenei élmény érkezik Budapestre,https://index.hu/kultur/2026/04/21/citymatine-keinemusik-hajogyari-sziget-elektronikus-zene-termeszet-zene-kozosseg/
d4bfc5984368c099e587bed5b9cbdb2ed64a2be6e659a55724ef7c9d7019ed25,2026-04-21 14:44:47.069333+00:00,hu,index.hu,index.hu,2026-04-21,"„Benne van a pakliban, hogy hazaköltözünk” – Ezért jönne vissza Amerikából Polgár Krisztina és családja",https://index.hu/mindekozben/poszt/2026/04/21/polgar-kriszta-amerika-csalad-koltozes-magyarorszag/
eded8262fc849a9c7118d43ae68c3086c93ad393f94d86b913eed45c8812f3e0,2026-04-21 14:44:29.882524+00:00,hu,index.hu,index.hu,2026-04-21,"Megkéseltek egy 19 éves futballistát Dániában, kétszer is műteni kellett",https://index.hu/sport/futball/2026/04/21/alamara-djabi-keseles-midtjyland-dania-koma-operacio/
ddfb17c26cace8d8bc382cd69ef377801269e94c6175cf475e210c591c538d90,2026-04-21 14:44:22.947955+00:00,hu,index.hu,index.hu,2026-04-21,Mikler Roland szerződést hosszabbított a Szegeddel,https://index.hu/sport/kezilabda/2026/04/21/mikler-roland-pick-szeged-szerzodeshosszabbitas/
16e01940e80145568cdca059d14885bfed52c867517516a0516fbfea64198c13,2026-04-21 14:44:17.820249+00:00,hu,index.hu,index.hu,2026-04-21,"Két év börtönre ítélték a férfit, aki egy nagymamát és az unokáját gázolta halálra az M0-son",https://index.hu/belfold/2026/04/21/halalos-gazolas-m0-nagymama-unoka-itelet-fovarosi-torvenyszek/
5e5bed986c4400989d64e08e4a1f35057ef0833812e062831222a2ff48858162,2026-04-21 14:44:12.816760+00:00,hu,index.hu,index.hu,2026-04-21,"Matolcsy Ádám megszólalt, szerinte nem igaz, amit Magyar Péter terjeszt róla",https://index.hu/belfold/2026/04/21/magyar-peter-matolcsy-adam-magyar-nemzeti-bank-tisza-part-valasztasok-2026/
5da43948c15624b417719287799a2a86da4f5e19cf1945badff064136240dd4d,2026-04-21 14:44:07.846264+00:00,hu,index.hu,index.hu,2026-04-21,A Tisza Párt rögtön hat hellyel repítette előre Magyarországot az egyik uniós összevetésben,https://index.hu/belfold/2026/04/21/nok-parlament-orszaggyules-magyar-peter-tisza-part-forsthoffer-agnes-bujdoso-andrea-orban-anita/
be7908fbc81f856cf72745b5fa8404fe7cd06eb9b5e3174f54cd17b6aecb8e02,2026-04-21 14:43:56.322434+00:00,hu,blikk.hu,blikk.hu,2026-04-21,Az Interhez kerülhet a Barca magyar kapusa,https://www.blikk.hu/sport/kulfoldi-foci/barcelona-inter-yaakobishvili-aron/bx5ynzn
1cf76bf724afe60f462767a820bf4f021703ad70786fafea93fd2faed49c1528,2026-04-21 14:43:51.716408+00:00,hu,blikk.hu,blikk.hu,2026-04-21,Megint egy drón találta el a Barátság-vezetéket,https://www.blikk.hu/politika/vilagpolitika/dron-ukran-baratsag-koolaj-vezetek/cwk8nv7
63f221b1b7382ce3bd0e17e57763ff5e10dd1a21b2021ddfdc19565c680c506b,2026-04-21 14:43:50.700688+00:00,hu,index.hu,index.hu,2026-04-21,"Nekiment egy Toyotának, majd elhajtott a helyszínről egy sofőr Szentendrén",https://index.hu/belfold/2026/04/21/budapesti-autosok-videok-kozlekedes-incidens-felvetel-szentendre-utkozes-defekt-kar/
2ade8e942ce6342bc013f2f0924864b45fcf4c9976492ca5b7180d435a61cef4,2026-04-21 14:43:46.361540+00:00,hu,blikk.hu,blikk.hu,2026-04-21,A tavalyi rekord után idén még megfizethetőbb az üzemanyag,https://www.blikk.hu/gazdasag/vasarlas/uzemanyagar-kutatas/q125gz2
19ff6aa6e955dca51af5ecc35539aaaba3fd19b0b45082bee7789da41f3f5718,2026-04-21 14:43:39.971922+00:00,hu,blikk.hu,blikk.hu,2026-04-21,"Dárdai Pál: Biztos mindenki rámordulna arra, mennyi pénzt keresek, de...",https://www.blikk.hu/sport/magyar-foci/dardai-pal-ujpest-ratatics-peter/lhf3rtk
b7e54107883f5e7c84496248fe2a24b22c62f7bbe6cc25139b88eabdea0503dc,2026-04-21 14:43:38.840515+00:00,hu,index.hu,index.hu,2026-04-21,Uniós jogot sért a könyvek fóliázása egy mai ítélet szerint,https://index.hu/kultur/2026/04/21/europai-unio-birosaga-eub-lira-foliazos-torveny-gyermekvedelmi-torveny-konyvek-irodalom-birsag/
f8a5a21c5c0ac4869defc98942a0ff74936d532bc48c0463f57719121212db63,2026-04-21 14:43:33.973127+00:00,hu,index.hu,index.hu,2026-04-21,"Kelemen Hunorral, az RMDSZ elnökével tárgyalt Magyar Péter",https://index.hu/belfold/2026/04/21/magyar-peter-tisza-part-kelemen-hunor-rmdsz-erdelyi-magyarok-romania/
8b76d05d04b5e3633f6b5d1ac407e682c30c8e123c172dbbe10983f9725264aa,2026-04-21 14:43:31.864792+00:00,hu,blikk.hu,blikk.hu,2026-04-21,"A magyar származású zenész, Leslie Mandoki is hozzáteszi a részét a Bayern München futballcsapatának kiváló szerepléséhez",https://www.blikk.hu/sztarvilag/hazai-sztarok/leslie-mandoki-bayern-munchen-labdarugas-himnusz/nnc9p04
6ee59447e4a992c9ba710ba9321be22faf3e2f196812bb8ee76f4d986efe84f0,2026-04-21 14:43:29.898597+00:00,hu,index.hu,index.hu,2026-04-21,A csádi misszió ügyét vizsgálja az ügyészség,https://index.hu/belfold/2026/04/21/ugyeszseg-csadi-misszo-honvedelmi-miniszterium-vizsgalat/
dd98de2f5e090d957b26f9b82a9a3cce50891c542db1310d377d60ed9ac3fd81,2026-04-21 14:43:24.013129+00:00,hu,index.hu,index.hu,2026-04-21,Rendkívül ritka madarat sikerült befogni a Hortobágyi Nemzeti Parkban,https://index.hu/belfold/2026/04/21/csikosfeju-nadiposzata-hortobagy-hortobagyi-nemzeti-park-nagyivan-vedett-madar/
a268e280f74d67a7f82687e8dd4c5763116e56aa62cc58c542f683d5559bd48f,2026-04-21 14:43:19.023075+00:00,hu,index.hu,index.hu,2026-04-21,"A világrekord után sem lassít Törőcsik Zsófia, két további számban indulna a magyar klasszis",https://index.hu/sport/2026/04/21/torocsik-zsofia-szabadtudo-merules-vilagrekord-fulop-szigetek/
f45b17189b9afacfb1f5f2bf0902b2bf7995ebc20aa6b0e68d326da3a1bf6265,2026-04-21 14:43:16.227778+00:00,hu,blikk.hu,blikk.hu,2026-04-21,"Eldőlt, hol folytatja a magyar válogatott kézilabdakapus",https://www.blikk.hu/sport/csapat/bartucz-laszlo-hsg-wetzlar/yxwdecf
892f4c98cd4c47f86acdc88a64241bacca7ddf832260fcb7f34398ca6eccf18e,2026-04-21 14:43:13.801305+00:00,hu,index.hu,index.hu,2026-04-21,"Zuhanó hozamok, erősödő forint – a piacok már árazzák a Tisza euróígéretét",https://index.hu/belfold/2026/04/21/tisza-part-euro-magyarorszag-hozam-allampapir-forint-igeret-piac/
268e569d792379f3bc2259bf000d4ea48119b41c39e33337313a72328e17d772,2026-04-21 14:43:09.617094+00:00,hu,index.hu,index.hu,2026-04-21,Megszületett Bangó Margit ükunokája,https://index.hu/mindekozben/poszt/2026/04/21/bango-margit-uknagymama-lesz-nagy-a-csaladban-a-boldogsag/
4b57504d3bb62e6cd98f586d72da8b809aef6c49fd9af7891a3af40c8799df3d,2026-04-21 14:43:03.989308+00:00,hu,index.hu,index.hu,2026-04-21,"Nőgyűlölettel vádolta Puzsér Róbertet egy feminista oldal, nem maradt el a válasz",https://index.hu/belfold/2026/04/21/puzser-robert-hajnal-edina-fidesz-tisza-part-politika-feminizmus-valasztas-2026/
a94e3f445ee01f677e5125cfa0b4de9d15a2a9bcba57bfb874ab0013a6aead86,2026-04-21 14:42:59.017978+00:00,hu,index.hu,index.hu,2026-04-21,Nyomozás indult Szabó Bence rendőr százados ügyében,https://index.hu/belfold/2026/04/21/feljelentes-szabo-bence-alkotmanyvedelmi-hivatal-kozponti-nyomozo-fougyeszseg/
bfce550884cd940a09293186c53a114ec683b1bd84f3999071ac7b83c0c96c51,2026-04-21 14:42:57.953278+00:00,hu,blikk.hu,blikk.hu,2026-04-21,"Itt tart Kutyapárt gyűjtése, amit azért indítottak, hogy visszafizethessék a kampányukra kapott 686 milliós támogatást",https://www.blikk.hu/politika/magyar-politika/magyar-ketfarku-kutya-part-tartozas-gyujtes/d5e8dyq
d0f3e7b53ad5b545c913e1cc67bb9520260f6f55584090d76d12fedec37d0480,2026-04-21 14:42:54.073892+00:00,hu,index.hu,index.hu,2026-04-21,"Kiszivárgott, Magyar Péter mit mondott zárt ajtók mögött a Tisza képviselőinek",https://index.hu/belfold/2026/04/21/magyar-peter-tisza-part-egeszsegugyi-miniszterium-hegedus-zsolt-allamtitkar-pletyka/
959cfabd0e3413808c05f1b75f99c58e0ce9a9fd377d0a67b68f96f3be0b7097,2026-04-21 14:42:52.316927+00:00,hu,blikk.hu,blikk.hu,2026-04-21,Gólyahír! Megszületett Emilióék unokája – fotón a csöppség,https://www.blikk.hu/sztarvilag/hazai-sztarok/szuletes-baba-emilio-tina-unoka-boldogsag/4m9mw7r
6eecc24c2bad4a574708b4d585c74554462e4afb96576a054ee04dd66a6e334e,2026-04-21 14:42:49.552393+00:00,hu,index.hu,index.hu,2026-04-21,ByeAlex keményen üzent Nagy Ferónak a „lefőtt a kávé” kijelentés után,https://index.hu/mindekozben/poszt/2026/04/21/byealex-nagy-fero-beszolas/
917b86f28f32d2b5a5a46ebaa5b49043df8f797d62f06488bd92213a23726285,2026-04-21 14:42:43.812124+00:00,hu,blikk.hu,blikk.hu,2026-04-21,Súlyosan megbetegedett Jákob Zoli exe,https://www.blikk.hu/sztarvilag/hazai-sztarok/nagy-o-betti-jakob-zoli-exe-betegseg/bsw9dmq
2ee39f9ab1794fa45a6e88096a41e6037b857654c573af2bb11a239bd3661099,2026-04-21 14:42:33.711597+00:00,hu,origo.hu,origo.hu,2026-04-21,Hatalmas örömhírt jelentett be Bangó Margit családja,https://www.origo.hu/teve/2026/04/bango-margit-csalad-ukunoka-oromhir
4bd091091502535e07051ad99528a5ce48a414b174494d9c1db51ba7ad338da7,2026-04-21 14:42:28.819906+00:00,hu,origo.hu,origo.hu,2026-04-21,Háborús forgatókönyveket gyakorol az EU: támadás esetére készülnek Brüsszelben,https://www.origo.hu/kulpol/2026/04/brusszel-haborus-gyakorlat
e27900a2954886a24a5a44d2620347cde069825e00b457cbef7c7e06bb71ce88,2026-04-21 14:42:23.105797+00:00,hu,origo.hu,origo.hu,2026-04-21,"Vigyázzon az aprójára, már megint jön a Zuckerberg!",https://www.origo.hu/techbazis/2026/04/zuckerberg-whatsapp-plus-havidijas-elofizetes
a1a3898f4047c019b8134b94ebeb00f1f836e583644857261aca6c35149df85a,2026-04-21 14:42:16.636221+00:00,hu,origo.hu,origo.hu,2026-04-21,"Putyin megszólalt a választásról, amit mondott, az mindenkit megdöbbentett",https://www.origo.hu/nagyvilag/2026/04/putyin-valasztas-oroszorszag-ukrajna
9fd8feceff62023ad4508029d09746c2bd85f115e9e2029a66d017b2865c6c82,2026-04-21 14:41:54.961917+00:00,hu,origo.hu,origo.hu,2026-04-21,"Nem tudjuk, milyen a kib***ott orra: a felismerhetetlenségig összeverték Hajós Andrást",https://www.origo.hu/kek-hirek/2026/04/hajos-andrast-osszevertek
bbc724473844286d51defeb8554ae16a0fe0164460d3ce1ce18951f8703bd23f,2026-04-21 14:41:42.075790+00:00,hu,origo.hu,origo.hu,2026-04-21,"Mikler Roland nem tud leállni, újabb évig keseríti a lövők életét",https://www.origo.hu/sport/sport-csapat/2026/04/mikler-roland-szeged-magyar-valogatott-kapus-szerzodes
d24dccbca310d94195297a91ff91adff6ab170752ad8f9cc712186c2f2fdf7ca,2026-04-21 14:41:37.043900+00:00,hu,origo.hu,origo.hu,2026-04-21,"Hiába a brutális aranyfedezet, mégis alig ér valamit ennek a fantasztikus országnak a pénze",https://www.origo.hu/gazdasag/2026/04/zimbabwe-valuta-alulertekelt
2f2950087779bbb563874be48ea5c523883d5e468d3ed8eca1ede49947f8fb57,2026-04-21 14:41:25.958012+00:00,hu,origo.hu,origo.hu,2026-04-21,"Az oviban sincs ilyen: rendőrökkel bújócskázott, majd a fürdőszobában csípték nyakon a körözött bűnözőt",https://www.origo.hu/kek-hirek/2026/04/bunozo-a-furdoszobaban-csiptek-nyakon
a9908211a242098850aea6d1ee6171114c2203a3f3f187fb557aae4d4521ba02,2026-04-21 14:41:20.147814+00:00,hu,origo.hu,origo.hu,2026-04-21,"Brüsszelben örülnek a magyar választások kimenetelének, Ukrajna ügyei újra napirendrenden",https://www.origo.hu/kulpol/2026/04/ukrajna-unios-hitel-magyar-valasztas
bf2462ac9b268bdc40d5776af2f430bd9932a6c6ada8213b2d67c21e1268ce5a,2026-04-21 14:41:08.785960+00:00,hu,origo.hu,origo.hu,2026-04-21,"Ki volt az elhunyt Patrick Muldoon, aki még Denise Richards-ot is lepattintotta?",https://www.origo.hu/filmklub/2026/04/patrick-muldoon-hoditasai-sem-hetkoznapiak-szerelem
175c5e42b0810bd593ffa42e8948ec5c9b772ca82724fab8f04ac7473f2df87e,2026-04-21 14:41:03.734078+00:00,hu,origo.hu,origo.hu,2026-04-21,"Téglával verte péppé a feleségét, nyilatkozott a gyilkos lánya: „Tudtuk, hogy meg fogja ölni anyát”",https://www.origo.hu/kek-hirek/2026/04/gyilkossag-tegla-hazaspar-lanyuk-brutalis
fbe75ec887875166df3ca83e12935c3dbf8ed26cf011fa28e49cbc16484ff698,2026-04-21 14:40:59.736871+00:00,hu,origo.hu,origo.hu,2026-04-21,Tizenhárom kamera rögzítette a Tiszai pályaudvari gyilkosságot – videó,https://www.origo.hu/kek-hirek/2026/04/gyilkossag-palyaudvar-miskolc-hajlektalan
0e93ae062001a7568fec092d428d47d6d7bee0da613c11d0e0830bb5d1f3320f,2026-04-21 14:40:53.790813+00:00,hu,origo.hu,origo.hu,2026-04-21,Rossi válogatott kapusának egy e-mail változtatta meg az életét,https://www.origo.hu/sport/2026/04/toth-balazs-blackburn-anglia-mlsz-kapus-valogatott
c3fefc0af6efda7a93f5754cfada5a6f001ae119f6d04a45a7b58e1702090f08,2026-04-21 14:40:49.075035+00:00,hu,origo.hu,origo.hu,2026-04-21,Miért nem látja a Nyugat a lényeget? – Robert C. Castel a felismerés válságáról beszélt,https://www.origo.hu/kulpol/2026/04/castel-felismeres-valsaga
632f46edfa11ac65d5df24a7108dac84936bdfdaf206473b832c8986ab07fdfb,2026-04-21 14:40:43.872264+00:00,hu,origo.hu,origo.hu,2026-04-21,Itt a Kreml válasza! Ezt üzenték a Barátság kőolajvezetékről,https://www.origo.hu/nagyvilag/2026/04/kreml-baratsag-koolajvezetek-peszkov
f6abe18a5161905b909265aebf9c66b4cb4745b4f66f96a276779266a2ec1d09,2026-04-21 14:21:58.904978+00:00,hu,blikk.hu,blikk.hu,2026-04-21,"Háború a magyar kajak-kenuban, polipszerű cégháló szövi be a jobb sorsra érdemes sportág háttérszervezeteit",https://www.blikk.hu/sport/szeman-robert-kajak-kenu-elnok-lemonda/m835f5v
e32b24c41eeebb5cbd6bcd4b4a9e04dcfe77b37a0896efb0282f3ccd5be38dcc,2026-04-21 14:21:51.741692+00:00,hu,origo.hu,origo.hu,2026-04-21,Felfüggesztették a népszerű födémszigetelési programot,https://www.origo.hu/itthon/2026/04/fodemszigetelesi-program-masterplast-hungaria-kft
dc4186db2784ffc35522bfe3b535ec35a5bca65e63b1511ff00b015b93c56729,2026-04-21 14:21:46.588347+00:00,hu,blikk.hu,blikk.hu,2026-04-21,Dupla kiesés várható az Exatlonban: felpörögnek az események a játékban,https://www.blikk.hu/sztarvilag/hazai-sztarok/exatlon-kieses-fordulat/5ltq4zc
ab15bc31558b15cbf59aa15bddfffd766915926a39ebdf511453ab94e9c650aa,2026-04-21 14:21:41.675683+00:00,hu,blikk.hu,blikk.hu,2026-04-21,Szívszorító pillanatok: Hadas Kriszta édesanyja tűnt fel az RTL műsorában – videó,https://www.blikk.hu/sztarvilag/hazai-sztarok/hadas-kriszta-edesanya-hadas-julia-antikvitas/vvr9z9g
5192e6d94f15cfca1cb0a340fe610608752de91b25ae99335c34261792b95ce0,2026-04-21 14:21:36.282086+00:00,hu,origo.hu,origo.hu,2026-04-21,"Baleset után ekkora pofátlanságot még nem láttak: elütötte a gyereket, mutatjuk, mit tett ezután",https://www.origo.hu/kek-hirek/2026/04/baleset-gyerek-elutotte-rendszam-elhajtott
4d3cf431ea32b4b0ea872dc331e49433eebf7ff84c3c5c46bb3b4b16e5cf86f6,2026-04-21 14:21:31.731344+00:00,hu,origo.hu,origo.hu,2026-04-21,Kétszer hajtottak át egy magyar nő testén az autópályán,https://www.origo.hu/kek-hirek/2026/04/baleset-traiskirchen-magyar-no-tragedia
15b073867ba4559fbc931772ef66abce5d2e426ca5051643057a7368064a5835,2026-04-21 14:21:26.817757+00:00,hu,blikk.hu,blikk.hu,2026-04-21,"Megkéselték a 19 éves futballistát, két műtéten esett át",https://www.blikk.hu/sport/kulfoldi-foci/alamara-djabi-keseles/4vjhy4v
a75b53af5bbf8e03742ee60542bb98cb53ad8fbc1dd245bd39d9f4ba04b80ca6,2026-04-21 14:21:26.647766+00:00,hu,origo.hu,origo.hu,2026-04-21,"Nem kapott cigarettát, baltát rántott a veszélyes utas",https://www.origo.hu/nagyvilag/2026/04/tamadas-balta-lipcse-buszsofor-rendorseg
f89a0780e1e43e954f23a1182ed3c08362596ca669908e383ffbe3aaaab466a3,2026-04-21 14:21:21.689142+00:00,hu,origo.hu,origo.hu,2026-04-21,"Megdőlt a fővárosi szélrekord, a héten újra támad a fagy",https://www.origo.hu/itthon/2026/04/szellokes-szelrekord-fovaros-heten-ujra-tamad-fagy
fe30c379fc8eb20d0eb59acfc82a8e7e59fb7b6c6a5248c3698d58b3ce6f1a76,2026-04-21 14:20:59.997311+00:00,hu,blikk.hu,blikk.hu,2026-04-21,"Ezt kell tenni az eperrel, hogy dupla annyi termést szüretelj",https://www.blikk.hu/eper-termesztes-termes-dupla-annyi-tipp/mdr31mz
158471945ced675235431de457561aa4e20505abd8a25f0274164bd22a14fde2,2026-04-21 14:20:24.001990+00:00,hu,blikk.hu,blikk.hu,2026-04-21,Így van most Herceg Dávid látássérült kislánya,https://www.blikk.hu/sztarvilag/hazai-sztarok/herceg-david-lanya-latasserult/7994j2f
9da4423e62cea02811223b03ecad9519a7de73d0709e9f4a5ed5e088985a45c5,2026-04-21 14:19:55.771919+00:00,hu,blikk.hu,blikk.hu,2026-04-21,„Apámat kirabolták” – Diego Maradona fia megdöbbentő vallomást tett,https://www.blikk.hu/sport/kulfoldi-foci/diego-maradona-fia-meghato-interju/l9jb4np
2a6b3523a03bf8bfaf1386e40e92f28fe7546e455c87829bf34ab7859547a3e0,2026-04-21 13:41:02.658241+00:00,hu,blikk.hu,blikk.hu,2026-04-21,"Kiderült, hogy futnak a magyarok: a halogatásban remekelünk",https://www.blikk.hu/ferfiaknak/tech/huawei-kutatas-futas/q95b3wl
1ad352f0ee523f431a8db14a24191fa783968ebedf6594f99bb3e89e3f2aee71,2026-04-21 13:40:42.094769+00:00,hu,blikk.hu,blikk.hu,2026-04-21,"Jégeső és károkozó szél csaphat le több vármegyére, kiadták a riasztást is: térképen a részletek",https://www.blikk.hu/aktualis/belfold/elsofoku-citromsarga-riasztas-villamlas-jegeso-szellokes-veszely/ce9s516
87b79ba0822a6df21c8b91f702c2c896fffeb1418f589339a7fce66076d634e3,2026-04-21 13:39:20.091446+00:00,hu,blikk.hu,blikk.hu,2026-04-21,"Michelisz Norbert bejelentette, hol versenyez tovább",https://www.blikk.hu/sport/michelisz-norbert-bejelentes/vdctvs4
b5edeaf10fd5724fa35f0c34904f92d75928b44380b9bcf49ca632eb9bf22096,2026-04-21 13:30:59.400097+00:00,hu,blikk.hu,blikk.hu,2026-04-21,"Magyar Péter, Robert Ficonak: A magyar honfitársaink jogainak védelme mindig a legfontosabb prioritásunk marad",https://www.blikk.hu/politika/magyar-politika/szlovak-magyar-kapcsolatok-magyar-peter-robert-fico/48fbzhr
b66c04ba82cd9722f2a475899638c743299cadd135ed0c58894a9980874c3d05,2026-04-21 13:30:29.666723+00:00,hu,blikk.hu,blikk.hu,2026-04-21,Állandóan kíváncsiskodnak: négy csillagjegy mindent tudni akar,https://www.blikk.hu/eletmod/lelek/horoszkop-csillagjegyek-kivancsisag/17dj6jl
77edd005eb90eb2ecdd49b6dff8621a5a84f28933bed90d55a1c8556ccd0d0aa,2026-04-21 13:29:13.622615+00:00,hu,blikk.hu,blikk.hu,2026-04-21,Hamarosan gyanúsítottat nevez meg az ügyészség az MNB-alapítványok ügyében?,https://www.blikk.hu/politika/magyar-politika/matolcsy-gyorgy-adam-mnb-botrany-ugyeszseg/cev0m31
dbed7bf74e839fdb2cf54080af1a8d6ae20a7c7e94eabb7187f0938432ac75f4,2026-04-21 13:29:03.112161+00:00,hu,blikk.hu,blikk.hu,2026-04-21,Ezekkel a mobilproblémákkal mindenki találkozik 2026-ban – mutatjuk a megoldást,https://www.blikk.hu/ferfiaknak/tech/okostelefon-2026-problemak-tarhely-alkalmazas/4n7ex0d
d568624083efef2b5342fdefe2da9f001aef2d0c237cfea61439f5fdd0a2ceb2,2026-04-21 13:27:06.650391+00:00,hu,index.hu,index.hu,2026-04-21,"Bejelentették az EU-ban, Magyarország feloldhatja az Ukrajnával szembeni vétóját",https://index.hu/kulfold/2026/04/21/europai-unio-kulugyek-tanacsa-magyarorszag-ukrajna-90-milliard-euro-hitel-veto-kaja-kallas-orban-viktor/?utm_source=hirstart&utm_medium=referral&utm_campaign=ct
d434c8b59e1de32779be81d29afa5b6848d1f3ccda9309f02d362fb8323d2d6c,2026-04-21 13:23:47.429727+00:00,hu,origo.hu,origo.hu,2026-04-21,Gyászol a zenei világ: meghalt a legendás együttes frontembere,https://www.origo.hu/nagyvilag/2026/04/alan-osmond-meghalt-gyaszhir
b234888230683c81deb57b50ef94329d6acc41f64c64f5e5f0fc9b54975d5061,2026-04-21 13:23:40.700983+00:00,hu,origo.hu,origo.hu,2026-04-21,"Megölte a feleségét, őrizetben az egri gyilkos",https://www.origo.hu/kek-hirek/2026/04/gyilkos-eger-megolte-a-feleseget-orizetbe-vettek
d1e262d43e456eb3c2828f5404d6beb16bc5e8ae041a82125be18818daf5ae15,2026-04-21 13:23:34.988500+00:00,hu,origo.hu,origo.hu,2026-04-21,Brutális megszorítások árán jöhet csak a magyar euró 2030-ban,https://www.origo.hu/gazdasag/2026/04/euro-brutalis-megszoritasok-aran-johet-csak
adf4a308f5bfc6f58a262ed70a957357808648ee7418357e8f8a38646b638365,2026-04-21 13:23:29.993162+00:00,hu,origo.hu,origo.hu,2026-04-21,105 méter mélyen hagyta cserben a technika a tenger magyar királynőjét,https://www.origo.hu/sport/sport-egyeni/2026/04/vilagrekord-szabadtudos-merules-torocsik-zsofia-fulop-szigetek
556eea4a9f0e2749e6cf46f4a0bf0d6f2b0113bf5dc6b869917c627a68f2a683,2026-04-21 13:23:21.147399+00:00,hu,origo.hu,origo.hu,2026-04-21,"Keservesen kiabált a kisnyugdíjas, szomszédai vették észre a kútban",https://www.origo.hu/kek-hirek/2026/04/kutban-talaltak-ra-nyugdijasra
c015ce6c7f87b00fd1946ac12610ec8f0264f67336c3868d14120fc5761162a2,2026-04-21 13:22:59.997214+00:00,hu,origo.hu,origo.hu,2026-04-21,Azbesztriadó: már a küldemények is „karanténba” kerülnek,https://www.origo.hu/itthon/2026/04/azbeszt-posta-veszely-szombathely
d93952dd781b82a94240e6c8a2d0e055ed9424c64dbaae30d5ed87150f5e8104,2026-04-21 13:22:54.937757+00:00,hu,origo.hu,origo.hu,2026-04-21,Pankotai Lilin keresztül nyújtja be a számlát a győzelemért a Soros-világ,https://www.origo.hu/belpol/2026/04/magyar-peter-pankotai-lili-oktatas-egyeztetes
8e4a7465bdc409dac2b9c7ab1671b1156ee9ec3193d19096de3b4559598542fb,2026-04-21 13:22:49.932955+00:00,hu,origo.hu,origo.hu,2026-04-21,"Egy régiós ország egyre halmozza az aranyat, és hamarosan a világ egyik legnagyobb készletével rendelkezhet",https://www.origo.hu/gazdasag/2026/04/arany-keszlet-lengyelorszag
c91620644b140510510b3735492ab7aa8b6abe9afb6c0fd5389d730b7f86631e,2026-04-21 13:22:44.930660+00:00,hu,origo.hu,origo.hu,2026-04-21,Egy mezőgazdasági nagyvállalkozó veheti át az agrártárcát,https://www.origo.hu/belpol/2026/04/magyar-peter-mezogazdasagi-nagyvallalkozo-agrartarca
411590a5a4f4b2741ff58f5493a6a167d5cb5a77367da41ca88a9ddb6383e8ae,2026-04-21 13:22:39.997264+00:00,hu,origo.hu,origo.hu,2026-04-21,Korlátozni fogja a fiatalkorúakat a PlayStation,https://www.origo.hu/techbazis/2026/04/playstation-korellenozes-anglia-irorszag
8549ac9b4487b9305865188fd5b3a233a9c313bbe8fbf0da8950a7d12ac21e99,2026-04-21 13:22:35.516903+00:00,hu,origo.hu,origo.hu,2026-04-21,"Elképesztő, mivel indokolja borzalmas tettét a füzérkajatai gyilkos",https://www.origo.hu/kek-hirek/2026/04/gyilkossag-fuzerkajata-tanuk
0cbb5c63a550ded9ea636117d1973c2e5690c19a516f033e953e2d5fec22bfff,2026-04-21 13:22:30.018696+00:00,hu,origo.hu,origo.hu,2026-04-21,"Nagyobb bajt okoz a székrekedés, mint hittük",https://www.origo.hu/tudomany/2026/04/belmikrobiom-emesztes-szekrekedes-sulyos-betegsegek
da4743747deac18856604022ebb817abd974c0e75af75e4d3dc340219a8449af,2026-04-21 13:22:25.023840+00:00,hu,origo.hu,origo.hu,2026-04-21,Figyelmeztetést adtak ki a gyorsan romló időjárás miatt,https://www.origo.hu/itthon/2026/04/idojaras-citromsarga-riasztas-zivatar-zapor
edf5bf9551ff97ebddf78332f18e3b116726bdb1e083f80d433fcfae5acd30fe,2026-04-21 13:22:20.688667+00:00,hu,origo.hu,origo.hu,2026-04-21,"Elszállhatnak az üzemanyagárak, súlyos teher jöhet az autósokra",https://www.origo.hu/belpol/2026/04/elszallhatnak-az-uzemanyagarak-sulyos-teher-johet-az-autosokra
d804f7336b9bfaf3afe28ee175d49573f6595db23d5c9d3fcd851240ffb46eaf,2026-04-21 13:22:14.920611+00:00,hu,origo.hu,origo.hu,2026-04-21,Brüsszel diktál az uniós pénzekért cserébe,https://www.origo.hu/kulpol/2026/04/magyarorszag-brusszel-diktal-az-unios-penzekert-cserebe
10d2ab744fe7e118f152e35a5c656a2d9f6e2259701ce1c0eb63906b83d5d204,2026-04-21 13:22:09.919070+00:00,hu,origo.hu,origo.hu,2026-04-21,"Feldarabolt tinédzser holttestét találták meg a híres énekes autójában, megszólalt a zenész",https://www.origo.hu/nagyvilag/2026/04/d4vd-enekes-gyilkossag-holttest-nyomozas-birosag
56629ba46cbc57411ee84e0504381aa26bd2b4942ecd12338fe8caa4ec913d18,2026-04-21 13:22:05.049696+00:00,hu,origo.hu,origo.hu,2026-04-21,"Megmozdult az aranyhegy, az oroszok már nem csak veszik az aranyat",https://www.origo.hu/gazdasag/2026/04/arany-az-oroszok-mar-nem-csak-veszik
d6c2ad45e44a90635da64b9fae6c565b63d5959c288261262c96be46f3b2404f,2026-04-21 13:22:00.168299+00:00,hu,origo.hu,origo.hu,2026-04-21,Kőkemény ellenfelek várnak a magyar csapatra a női kézilabda Eb-n,https://www.origo.hu/sport/sport-csapat/2026/04/noi-kezilabda-eb-magyar-valogatott-elvarasok-celok
e63e52478842fdf0b7de12c01f8d4d8926a8a73bf503f50538fad7f9c5e11ac8,2026-04-21 13:21:54.846537+00:00,hu,origo.hu,origo.hu,2026-04-21,Vérfagyasztó videó: hajszálon múlt a dupla gázolás a veszprémi zebrán,https://www.origo.hu/auto/2026/04/gazolas-hajszalon-mult-veszprem
82a9d9b5c6a929c89b8eb29d41ccc7ae6018917477f22fde053e7eb77099256c,2026-04-21 13:21:41.979795+00:00,hu,origo.hu,origo.hu,2026-04-21,"Egy fillérje sem maradt, mindenét ellopták a magyar celebnek külföldön",https://www.origo.hu/kek-hirek/2026/04/celeb-osszes-penzet-elloptak-kulfoldon
9599ac77839c3d3b97ee9054ef22d58f4a385d7973789f18238d66ffd7ce131f,2026-04-21 13:21:37.710771+00:00,hu,origo.hu,origo.hu,2026-04-21,"Hiába a sok figyelmeztetés, másfél milliót húztak le egy paksi férfi számlájáról",https://www.origo.hu/kek-hirek/2026/04/masfel-millio-csalas-paksi-ferfi-szamla
028fcacfa2f2ab81631522ab83a3d10ba5bb901d02f9a87f400f8164eedc9374,2026-04-21 13:21:21.209151+00:00,hu,origo.hu,origo.hu,2026-04-21,Varga Barnabás visszatért a Fradihoz,https://www.origo.hu/sport/sport-futball/2026/04/varga-barnabas-visszatert-a-fradihoz
728675ec2cb9eb1e31277bedf5e83c7f614fccaf68669af0af42fcf3bafa61ed,2026-04-21 13:21:13.871278+00:00,hu,origo.hu,origo.hu,2026-04-21,Saját kutyája végzett brutális módon a fiatal nővel,https://www.origo.hu/nagyvilag/2026/04/kutyatamadas-csaladi-kutya-halalos-tamadas
165d2021666dd6fd1a81c8cdd093c169acaca3151b34c25ce3394e1388a5df49,2026-04-21 12:45:59.574570+00:00,hu,blikk.hu,blikk.hu,2026-04-21,Christina Applegate először szólalt meg a kórházi kezelése óta: „Erős csaj vagyok”,https://www.blikk.hu/sztarvilag/nemzetkozi-sztarok/christina-applegate-egeszsegi-allapot/q3r78p1
6f3d32122d733c9f70d78112328f05b64cc8f655aa7e3b7e8c27df659ce0b4b7,2026-04-21 12:45:27.399934+00:00,hu,blikk.hu,blikk.hu,2026-04-21,"Ki fizeti az olcsó üzemanyagot, ha nem az állam? – Nincs recept globális olajválságra",https://www.blikk.hu/gazdasag/vasarlas/benzin-gazolaj-vedett-arak-uzemanyag-baratsag-vezetek-mol/6c17v1p
de507ed9a14a6b27726cec5bf97e2a980784dc1e71ab29c3111318e6d32edc37,2026-04-21 12:45:20.153667+00:00,hu,blikk.hu,blikk.hu,2026-04-21,Varga Barnabás visszatért a Fradihoz,https://www.blikk.hu/sport/magyar-foci/varga-barnabas-fradi-visszateres-edzes/cnq93mr
f339ee01310ebd9ad25ec27bd71a3fab402591168f7ea9dfeb087a2271bd58d0,2026-04-21 12:45:15.072607+00:00,hu,blikk.hu,blikk.hu,2026-04-21,"Megható posztban búcsúznak szeretett bajtársuktól, Kobitól a mentőszolgálat munkatársai",https://www.blikk.hu/aktualis/belfold/gyasz-bucsu-mentok-mentoszolgalat/8c66s7y
1e9548e44d116f33e7a0320a40b74e3e81540830f80bdfe251e73f3e25716fcd,2026-04-21 12:44:54.320262+00:00,hu,blikk.hu,blikk.hu,2026-04-21,MÁZS szerint több színészt is megfenyegetett az Operettszínház vezetője,https://www.blikk.hu/sztarvilag/hazai-sztarok/mazs-operettszinhaz-fenyegetes/0zf398g
13bafecd259b950b1b70dffe51e3d70dc0e95fdc1325832456e8db08a3068644,2026-04-21 12:31:39.181503+00:00,hu,blikk.hu,blikk.hu,2026-04-21,"A Szent Korona előtt tehetik le az esküjüket az új képviselők, később kerülhet a Parlament elé a költségvetés kérdése",https://www.blikk.hu/politika/magyar-politika/parlament-alakulo-ules-egyeztetesek-targyalas/584jywn
d5e6a0979294f5bce17a5ce964d0965ae5040aa8e3ac6b5f2fd3c855e05a187c,2026-04-21 12:31:30.806076+00:00,hu,blikk.hu,blikk.hu,2026-04-21,„Varázslatos hét volt” – Liptai Claudia boldog családi fotóval jelentkezett be,https://www.blikk.hu/sztarvilag/hazai-sztarok/liptai-claudia-ferje-fia-varazslatos-het/1kb8y3m
8eeab2d5e3b201087bd978280683523240dc4815ac26473e8ebdc2b82b6c0628,2026-04-21 12:31:18.378675+00:00,hu,blikk.hu,blikk.hu,2026-04-21,Használaton kívüli kútba zuhant egy idős ember Letenyén,https://www.blikk.hu/aktualis/belfold/kut-letenye-tuzoltok-zuhanas-zala-varmegye-riasztas/r9q4x5r
79dbd5d26a1a949f24e236bbed5a62f6622893d9691950d82dedb9435b778d09,2026-04-21 12:31:08.213404+00:00,hu,blikk.hu,blikk.hu,2026-04-21,"Elcsípett egy napkitörést egy amatőr csillagász, hihetetlen audiovizuális élmény lett belőle",https://www.blikk.hu/ferfiaknak/tech/ar4392-napfolt-napkitores-adat-szonifikacio/lswdrlh
2fdb30647b0510693c2ee3e7866d2938afff1bbb0c426fcac9755d2d150ed12c,2026-04-21 12:30:56.301510+00:00,hu,blikk.hu,blikk.hu,2026-04-21,Orban nyilvánosan kért bocsánatot: „Mélyen sajnálom...”,https://www.blikk.hu/sport/kulfoldi-foci/orban-bocsanatot-kert-szurkolok-verekedes-balhe/p72846j
17aeac0d29815946d85c86f749fe94d4db9fb72ea80cb39e577216bc24cf8e42,2026-04-21 12:30:51.498521+00:00,hu,blikk.hu,blikk.hu,2026-04-21,"Gyereket gázolt, majd levette a rendszámát és elhajtott egy 45 éves sofőr Mosonmagyaróváron",https://www.blikk.hu/aktualis/krimi/mosonmagyarovar-cserbenhagyasos-gazolas/j75h61e
e3534eaf176fd707d476748e458b6bfc90b74dff9db7e508c555d7d78825af27,2026-04-21 11:46:30.294893+00:00,hu,blikk.hu,blikk.hu,2026-04-21,Csuti megható sorokkal köszöntötte fel szülinapos kislányát: „Utolsó lélegzetemig melletted leszek” – fotók,https://www.blikk.hu/sztarvilag/hazai-sztarok/csuti-kulcsar-edina-nina-szuletesnap/bjm4lls
a3053f69364ed9a41f158e5cb0ae5a068f1a143f41dd40be8db11b280abcf1e8,2026-04-21 11:46:24.850436+00:00,hu,blikk.hu,blikk.hu,2026-04-21,Az euró bevezetése új irányt adhat a magyar gazdaságnak,https://www.blikk.hu/gazdasag/penz/euro-bevezetes-magyarorszag/hfm7415
4257770705c6da8bc2114370443c77476e9bf5f6c4bb390f5562b9859862225a,2026-04-21 11:45:50.211336+00:00,hu,blikk.hu,blikk.hu,2026-04-21,"A Meta azt akarja, hogy fizessünk a WhatsAppért, és már teszteli is a lehetőségeket",https://www.blikk.hu/ferfiaknak/tech/whatsapp-fizetos-meta/2flg8y1
7f3169422eadfea893551b8367f4b0c43ebfbe9a8dd0a50b71e54753b89d9626,2026-04-21 11:45:10.769340+00:00,hu,blikk.hu,blikk.hu,2026-04-21,Zseniális áttörés: a tudósok 500 év után igazolták Leonardo da Vinci rajzát az emberi szívről,https://www.blikk.hu/ferfiaknak/tech/leonardo-da-vinci-sziv-kutatas/h6wfbng
393ffb5b8b05d9743a3107998daf470e7bb1573e2d8b734f6c8cdfd5d5ebf01a,2026-04-21 11:44:41.931102+00:00,hu,blikk.hu,blikk.hu,2026-04-21,Lamine Yamal McDonald's-os menüvel ünnepelte történelmi sikerét a luxusrepülőgépén – fotó,https://www.blikk.hu/sport/kulfoldi-foci/lamine-yamal-dij-unneples/1n0eg3h
cf0fa275efda094a45685bf452e8e13e7bb3d44f63cc3f3bc61323c197f4f435,2026-04-21 11:39:41.258781+00:00,hu,origo.hu,origo.hu,2026-04-21,Most érkezett! Fontos hírt osztott meg Bangó Margit családja,https://www.origo.hu/teve/2026/04/bango-margit-ukunoka-szules-csalad
3ba6201b31f2f03f6a5bed8ca9b7555a6c61dab9d69ad8be39048b5552851b4d,2026-04-21 11:39:37.021012+00:00,hu,origo.hu,origo.hu,2026-04-21,"Úgy jön a csekk, hogy nem is számít rá – országos ellenőrzést tartott a rendőrség",https://www.origo.hu/kek-hirek/2026/04/ellenorzes-orszagos-sebessegmeres-roadpol-2026
13ec2aa55d23013ad45bc9ea67291b6f68c2b5f4991f88f367917d9bf90d386a,2026-04-21 11:39:31.264495+00:00,hu,origo.hu,origo.hu,2026-04-21,A Michael Schumacherről tett meglepő vallomás miatt botrány robbant ki,https://www.origo.hu/sport/f1/2026/04/michael-schumacher-jean-todt-willi-weber-reakcio
bd271ecb27fc463d4401090de8a1ae9c6178b7651d56b4b2ed0968cf131bfa09,2026-04-21 11:39:26.313656+00:00,hu,origo.hu,origo.hu,2026-04-21,"Vadmacska támadt a vadászra – sokkoló videón, ahogy a tinédzser prédává válik",https://www.origo.hu/nagyvilag/2026/04/vadmacska-tamadt-vadaszra-tinedzser-predava-valik-video
a4ef2fa6ea7a9aeaf7695c1c3da93245bb7ec642b258ffa3a4eed838255027c1,2026-04-21 11:39:21.397160+00:00,hu,origo.hu,origo.hu,2026-04-21,"Újabb olajblokád, Oroszország elzárja a Barátság Kőolajvezetéket",https://www.origo.hu/nagyvilag/2026/04/baratsag-koolajvezetek-oroszorszag-nemetorszag
6bce0ee08c3254dcd6dab909257fb75a2ca27db77915ec285fb0ece05e628496,2026-04-21 11:39:17.026229+00:00,hu,origo.hu,origo.hu,2026-04-21,Lángokkal zsarolta a hatóságokat a pakisztáni férfi Balassagyarmaton,https://www.origo.hu/kek-hirek/2026/04/gyujtogatas-pakisztani-ferfi-balassagyarmaton
ed650e7f7bda98f823792e63cb128837a810e61b9d66c8278ea4037effc1dab4,2026-04-21 11:39:11.306050+00:00,hu,origo.hu,origo.hu,2026-04-21,Valaki nem mond igazat: Zelenszkij és Magyar Péter teljesen mást állít – videó,https://www.origo.hu/kulpol/2026/04/magyar-peter-zelenszkij-talalkozo
806b6122c32d6a4f626be62909c39d0597a3e8d2856f50344f7a0fbbc2416417,2026-04-21 11:39:06.266489+00:00,hu,origo.hu,origo.hu,2026-04-21,Kivonulhat Európából a közismert mobilgyártó,https://www.origo.hu/techbazis/2026/04/mobilgyarto-europa-kivonulas-oneplus
42b7c5333541f6b1d4fedd380f9877913fe11b6579519eedcf24107c2e611985,2026-04-21 11:39:01.318540+00:00,hu,origo.hu,origo.hu,2026-04-21,Öngyilkosság élő adásban: halálba küldte az áldozatot a siklósi férfi,https://www.origo.hu/kek-hirek/2026/04/ongyilkossag-elo-adas-siklosi-ferfi
2e8f2e059dfd55ddc1729e3cb2392973533ef00ef6759a2262a2f5a4b5d53cd8,2026-04-21 11:38:56.315485+00:00,hu,origo.hu,origo.hu,2026-04-21,"Stohl András olyat tett Krisztával, ami váló ok is lehet",https://www.origo.hu/itthon/2026/04/stohl-andras-olyat-tett-krisztaval-ami-valo-ok-is-lehet
ee3af9dd06f4ac5a79d4bbfdb9813e0eb4f971997576714c3b00a9895edf7372,2026-04-21 11:38:51.364355+00:00,hu,origo.hu,origo.hu,2026-04-21,Felháborító! Az EU újabb csapást mér az emberekre – most a készpénz használatot korlátozzák,https://www.origo.hu/auto/2026/04/figyelem-alapvetoen-alakitja-at-a-hasznalt-autok-piacat-ez-a-jogszabaly
1e87854ac4d82fb7259b5150657fc94f8e30f38b50d4d8830d3eb47e2896981b,2026-04-21 11:38:47.085545+00:00,hu,origo.hu,origo.hu,2026-04-21,"Nagy a baj, súlyos családi drámáról számolt be Pintér Tibor",https://www.origo.hu/itthon/2026/04/pinter-tibor-edesanyja-korhazba-kerult
9ba802a598c769dbfc88fbbceda33882682ba9d34c98c97a82689a2ab7640bd0,2026-04-21 11:38:41.335654+00:00,hu,origo.hu,origo.hu,2026-04-21,"Gyilkosság árnyékában tűnt el a magyar motoros bajnok, 31 éve hiába keresik – videóval",https://www.origo.hu/kek-hirek/2026/04/gyilkossag-foco-tibor-bajnok-eltunt-korozes-dns
bbb80d380f0c1850c164f1d55f7303cfb03f7b61a4dd894a7fff431080fdabf9,2026-04-21 11:38:36.266503+00:00,hu,origo.hu,origo.hu,2026-04-21,Ez fájhatott: horrorsérülést szenvedett a sztártorreádor – videó,https://www.origo.hu/nagyvilag/2026/04/torreador-baleset-serules-bikaviadal-sevilla
c65f1de150c0dbf8c936aac0107e68261545332ab6d7ea9bb1fe4036a3db44b2,2026-04-21 11:38:31.591988+00:00,hu,origo.hu,origo.hu,2026-04-21,Megvan a dátum: ekkor alakul meg az új Országgyűlés,https://www.origo.hu/belpol/2026/04/orszaggyules-alakitas-datum-tisza-part-fidesz-mihazank
9d7d9efe4feee10d0f5347388855f424040199dbc4f2a83a69bcd99ecaf12a54,2026-04-21 11:38:26.343664+00:00,hu,origo.hu,origo.hu,2026-04-21,A piroson áthajtva menekült el a pofátlan szentendrei cserbenhagyó – videó,https://www.origo.hu/auto/2026/04/cserbenhagyas-szentendre-piros-lampa
28760542147f7751044550f7ea8840595d169d93d3c555b574dd2c8212502678,2026-04-21 11:38:21.303376+00:00,hu,origo.hu,origo.hu,2026-04-21,"Arra kérik az embereket, hogy készítsenek túlélőcsomagot vészhelyzet esetére",https://www.origo.hu/nagyvilag/2026/04/haborus-veszhelyzet-tulelo-csomag-belgium
a2d8e0e0f06d4d8a0c41dca67c3303c8e06c13dac0992efe969e79d0f6074100,2026-04-21 11:38:16.290652+00:00,hu,origo.hu,origo.hu,2026-04-21,Fiatal bombázóra cserélte a feleségét az NB I-es gólkirály – fotó,https://www.origo.hu/itthon/2026/04/golkiraly-fiatal-bombazora-cserelte-feleseget
0abeba433200a6c7f06b822fb0238dc041bec984a7f59b42cb9cc01696530565,2026-04-21 11:38:11.270614+00:00,hu,origo.hu,origo.hu,2026-04-21,Döbbenet! Magyar Péter győzelme után Brüsszel bírósága súlyos döntést hozott,https://www.origo.hu/kulpol/2026/04/brusszel-jogserto-gyermekvedelmi-torveny
a92745466672fa56f4335efdba5c01de31f54f49f5218e49b6d606a110610f47,2026-04-21 11:38:06.329098+00:00,hu,origo.hu,origo.hu,2026-04-21,Vészriasztás a levegőben: csaknem összeütközött két repülőgép,https://www.origo.hu/nagyvilag/2026/04/repulogep-kozeli-utkozes-nashville-southwest
3ff0819dfb121173a98f5cc76e13d7118218b2ee26f09a58457a35480dc54fb5,2026-04-21 11:38:01.636219+00:00,hu,origo.hu,origo.hu,2026-04-21,"Tönkretették a Forma–1-et? Kiborult a McLaren sztárja, menekülne az F1-ből",https://www.origo.hu/sport/f1/2026/04/forma-1-maclaren-patricio-oward-mario-kart-kritika
1b8d0874d1a3ef6f8a412b1ec8f823de54531aa709767a5937f4450149a4dc26,2026-04-21 11:37:57.082907+00:00,hu,origo.hu,origo.hu,2026-04-21,Tűzbe borulva próbáltak menekülni a hajók a halálos robbanás elől,https://www.origo.hu/nagyvilag/2026/04/robbanas-tuz-mianmar-homalin-kikoto-halalos-aldozat
854e5b324e6e19ef06c531e32a53e93fa6c1958222a724948f7009e92db446ea,2026-04-21 11:37:51.277381+00:00,hu,origo.hu,origo.hu,2026-04-21,"Döbbenetes videón, ahogy egy medvét provokál a turista – megdöbbentő, mi lett a vége",https://www.origo.hu/nagyvilag/2026/04/medvetamadas-turista-video-provokal-allat
46b98fe1b1e7bcbef493ae5201f5056bf67faa2cb387fa9b95f7022ff136db8e,2026-04-21 11:37:46.296893+00:00,hu,origo.hu,origo.hu,2026-04-21,Erre ki számított? Őrületes bejelentést tett Michelisz Norbert,https://www.origo.hu/sport/sport-loero/2026/04/michelisz-norbert-hyundai-tcr-world-tour-bejelentes
e6c6da40392a055fd4dcc98186fe9706d2e76ede3997f20ccf085c6c42043925,2026-04-21 11:37:41.293507+00:00,hu,origo.hu,origo.hu,2026-04-21,"Emelkedő kerozinárak: egy légitársaság szinte az összes európai járatát törölte. Mutatjuk, mit tehet, ha az öné is közte van",https://www.origo.hu/gazdasag/2026/04/legitarsasag-szinte-az-osszes-europai-jaratat-torolte
e2a1675f535ea6c159fb1acb7528be91f769440ab8c30e96a06f9e60c68fbf6a,2026-04-21 11:37:36.315003+00:00,hu,origo.hu,origo.hu,2026-04-21,Így adja át a hatalmat a Fidesz! – mutatjuk a részleteket,https://www.origo.hu/belpol/2026/04/gulyas-gergely-orszaggyules-bizottsagok-fidesz-kdnp
4c022dccc5f3856275bea1b28b96b7ad58d406f6d75d1e2abb9c45be0d403c56,2026-04-21 11:37:31.377336+00:00,hu,origo.hu,origo.hu,2026-04-21,"Elfogták Diegót, a gyerekeket molesztáló varjút",https://www.origo.hu/itthon/2026/04/varju-befogasa-besnyo-diego-jatszoter
7aa3fb68bf478ac26a092c1268e205ab58ff67f710a0bbf422885770d0da4ca6,2026-04-21 11:37:27.046303+00:00,hu,origo.hu,origo.hu,2026-04-21,Május 12-éig kell eltávolítani a választási plakátokat,https://www.origo.hu/belpol/2026/04/valasztasi-plakat-eltavolitas-nemzeti-valasztasi-iroda
43076b81ca983fdb0fe4870cfd8f92139e180fe25c5b68fa0a3e02ab10d27cb7,2026-04-21 11:37:21.305425+00:00,hu,origo.hu,origo.hu,2026-04-21,Riasztó hírek érkeztek: veszélyben vannak az újszülöttek,https://www.origo.hu/tudomany/2026/04/antibiotikum-rezisztencia-ujszulotteknel
7add7a0688db6aab27165d3b1957ed6ab656b3066f889a26b196c4e6f74327ec,2026-04-21 11:37:16.313171+00:00,hu,origo.hu,origo.hu,2026-04-21,"Angyalföldi gyilkosság: Édes kisbabám, gyere vissza, könyörgöm",https://www.origo.hu/kek-hirek/2026/04/angyalfoldi-gyilkossag-szivszorito-uzenet
e2cb6aeaa8a3357a056b469e5403aab1c236486b4d141dfab78eed698a26e919,2026-04-21 11:37:11.917472+00:00,hu,origo.hu,origo.hu,2026-04-21,"A férj kimenekült, felesége halálra égett a felborult autóban Harcnál",https://www.origo.hu/kek-hirek/2026/04/feleseg-halalra-egett-a-felborult-autoban-harcnal
2b1989ca96c44b00996bef3fb30d42fbfb15a0b319173bb41e87ad519a061db0,2026-04-21 11:37:07.009990+00:00,hu,origo.hu,origo.hu,2026-04-21,"Bild: a fizetésével szembesíthették, másnap kirúgták a szegedi világsztárt",https://www.origo.hu/sport/sport-csapat/2026/04/pick-szeged-jim-gottfridsson-szakszervezet-bild
23b11c6b4ca9a62ecac9b743fa5d86fc5f619417dc3b6ef63064ff2cb0b6c77e,2026-04-21 11:29:13.632984+00:00,hu,blikk.hu,blikk.hu,2026-04-21,"Horrorbaleset Szekszárd mellett: felborult és kigyulladt egy autó, csak a sofőr tudott kiszállni belőle, az utasa bennégett",https://www.blikk.hu/aktualis/belfold/halalos-baleset-szekszard-kozeleben-autotuz/8ghp3x1
ca18eb10914dafb56ac86a43123d8dec3230e92a20f9f3d4719ec6d1ab926e1e,2026-04-21 11:29:08.613617+00:00,hu,blikk.hu,blikk.hu,2026-04-21,Cicájával tekeri körbe a világot Dean: már Magyarországon jár,https://www.blikk.hu/eletmod/vilag-titkai/2018-ota-biciklizik-dean-a-vilag-korul/qyzbzbv
ef8d87eb4941a262605959f4c865cd2241e08371ba766c00e2c2adfdcf46b28d,2026-04-21 11:28:02.269146+00:00,hu,blikk.hu,blikk.hu,2026-04-21,"Ez a sajt a fehérje-bajnok: több fehérjét tartalmaz, mint a legtöbb hús",https://www.blikk.hu/eletmod/tippek/feherjedus-sajtok/xyjgxm6
a6553fb8c877e3dddb92b1510662435d862d47abf6be0eac275f0c9512f107b7,2026-04-21 11:22:23.321551+00:00,hu,index.hu,index.hu,2026-04-21,"A Fidesz távozásával a protekcionista láncok is lehullnak, most kiderül, mit bír a piac",https://index.hu/gazdasag/2026/04/21/juhasz-attila-epitoipar-epitoanyag-epitoanyagkereskedelem-allami-tamogatas-fidesz-tisza-part-protekcionizmus-evosz/
59af9a66cdf4c5d48682cf90a0797696412c3c76da63545461d59ea9941b0559,2026-04-21 11:22:06.573291+00:00,hu,index.hu,index.hu,2026-04-21,"Megszületett az ítélet, elbukta a magyar állam a „pedofil bűnelkövetők” elleni törvény perét",https://index.hu/kulfold/2026/04/21/europai-unio-europai-bizottsag-europai-unio-birosaga-dontes-kormany/
377258f515a7fd427193191ddee7d9f85a94a9278dfff83bfba4f99a512adbaf,2026-04-21 11:22:00.493472+00:00,hu,index.hu,index.hu,2026-04-21,Magyar Péter egyeztet Orbán Viktor több közeli szövetségesével,https://index.hu/belfold/2026/04/21/magyar-peter-kelemen-hunor-rmdsz-tisza-kormany-oktatasi-terv-egyeztetes-robert-fico-pedro-sanchez-alekszandar-vucsics/
28cb9ab5f8c6f05599233dca59692b81846c615803b523eb8b99f80054c0953d,2026-04-21 11:21:55.499480+00:00,hu,index.hu,index.hu,2026-04-21,A tangózó Gajdics Ottó az internet legújabb sztárja,https://index.hu/belfold/2026/04/21/gajdics-otto-valasztas-2026-mesterseges-intelligencia-zene/
c37533849cdc09c0806f82419bd999174a2ffed33a48dccc994708bd3421294a,2026-04-21 11:21:50.655341+00:00,hu,index.hu,index.hu,2026-04-21,Az Arzenál és a Turbina is kint lesz a Szigeten,https://index.hu/kultur/2026/04/21/sziget-fesztival-arzenal-turbina/
fff015d237276c680d346b3a6696a072ab7be9143121a1dcd683533f85dbf4fd,2026-04-21 11:21:45.650483+00:00,hu,index.hu,index.hu,2026-04-21,"Ketyeg az óra Iránnak, Donald Trump szerint sok bomba robbanhat, ha nem születik megállapodás",https://index.hu/kulfold/2026/04/21/donald-trump-iran-usa-konfliktus-hormuzi-szoros-fegyverszunet-izrael-beketargyalas/
f4f004c1baf59021d052379ed3c9b9aee016d8a893b7a687d0d2c61afb989eb9,2026-04-21 11:21:40.866142+00:00,hu,index.hu,index.hu,2026-04-21,Nyakát törte egy futballmérkőzés közben Jürgen Klinsmann fia,https://index.hu/sport/futball/2026/04/21/jonathan-klinsmann-nyaktores-cesena-serie-b/
fb87c75974ab24023bc9b4e06e31463ccac1e67a9e265c0eb4d2631ec79fb844,2026-04-21 11:21:35.764266+00:00,hu,index.hu,index.hu,2026-04-21,"444: a Fidesz megkezdte az Orbán Viktor-mentő hadműveletet, Orbán Balázs került az indulatok céltáblájára",https://index.hu/belfold/2026/04/21/fidesz-orban-viktor-bukas-valasztas-2026-orban-balazs-kubatov-gabor/
ac88331ff384e6aafad898fc483ea0008897d34a22ea958b3c482d2bd53286f9,2026-04-21 11:21:30.699465+00:00,hu,index.hu,index.hu,2026-04-21,"Kegyetlen gyilkosság Egerben, otthonukban verte halálra feleségét egy férfi",https://index.hu/belfold/2026/04/21/eger-lajosvaros-gyilkossag-feleseg-csaladon-beluli-eroszak-ferj-letartoztatas/
ae280fb925d3cc798e7099baddef431f0d7f2a3d26f72ab134f442ed39883cce,2026-04-21 11:21:25.675328+00:00,hu,index.hu,index.hu,2026-04-21,"Kigyulladt egy gépkocsi Kölesdnél, egy nő az égő járműben ragadt",https://index.hu/belfold/2026/04/21/kolesd-baleset-gepkocsi-tuz-halal-utlezaras/
7d8e90f09d38d9df5de9e91eafabff038b1a5f13bcbe2b9a44bd3229b4778c7c,2026-04-21 11:21:20.759179+00:00,hu,index.hu,index.hu,2026-04-21,Küszöbön az átigazolási bomba: nyáron érkezhet a csúcsigazolás,https://index.hu/sport/amerikaifutball/2026/04/21/nfl-2026-new-england-patriots-philadelphia-eagles-a.-j.-brown-csere-draft-2026-2027/
a131f645aa3f6695c67afb60f7d0cdecf6f66982bfeb53a55ef1fd3e35fbdd50,2026-04-21 11:21:15.988986+00:00,hu,index.hu,index.hu,2026-04-21,"Magyar Péter dönthetett a kulcsemberekről, egy volt kormányzati szereplő lehet a vagyonvisszaszerzési hivatal vezetője",https://index.hu/gazdasag/2026/04/21/csaszar-daniel-vagyonvisszaszerzesi-hivatal-kormanyzati-szereplo-helyettes-allamtitkar/
968ba8a57d577dbe9ca0a4ba2eecb98a73fb23c40a9ee2c6b1aca15887cba268,2026-04-21 11:21:10.808296+00:00,hu,index.hu,index.hu,2026-04-21,"Pankotai Lili nem fogta vissza magát, keményen odaszólt Magyar Péternek",https://index.hu/belfold/2026/04/21/pankotai-lili-magyar-peter-tisza-part-oktatasi-miniszter-rubovszky-rita/
e410cd3c35d4176be5777b6128edd7f5cf29a5b0ca680fe44dfc97d36a036a29,2026-04-21 11:21:05.661064+00:00,hu,index.hu,index.hu,2026-04-21,"Magyarországot is elérte a patkánymérges botrány, azonnal kivonják a forgalomból a bébiételt",https://index.hu/belfold/2026/04/21/hipp-bebietel-patkanymereg-szennyezodes-visszahivas-fogyasztovedelem-nkfh-magyarorszag/
557b072ed3e9019ac47710f99f35c35c3d19dc49d371c3bc1a2dfb946266efeb,2026-04-21 11:21:00.806371+00:00,hu,index.hu,index.hu,2026-04-21,"Megegyezett a Tisza, a Fidesz és a Mi Hazánk, ideiglenesen elmozdítják a Szent Koronát",https://index.hu/belfold/2026/04/21/orszaggyules-parlament-valasztas2026-tisza-part-fidesz-kdnp-mi-hazank-mozgalom-magyar-peter/
06d1224ff6bdcadd7fa2f611bb9a646085f6c1c702844880ea78a9d8625d3899,2026-04-21 11:20:55.549168+00:00,hu,index.hu,index.hu,2026-04-21,Magyar Péter reagált az MNB-ügyben kiadott ügyészségi közleményre,https://index.hu/belfold/2026/04/21/magyar-peter-magyar-nemzeti-bank-nyomozas-legfobb-ugyeszseg-legfobb-ugyesz-nagy-gabor-balint/
c5b9ae5ee3042b5640efb11c96cff061a6c84dd653d5af1991654b3a0f252c5e,2026-04-21 11:20:50.648272+00:00,hu,index.hu,index.hu,2026-04-21,"Soha nem látott konszenzus, újabb rekordot jelentő elismerést nyert el a 22 éves égimeszelő",https://index.hu/sport/kosarlabda/2026/04/21/victor-wembanyama-ev-vedo-jatekosa-nba-rekord-san-antonio-spurs/
05850222e5b2c083bb772b56e0b89e660640fff57275dbc75af24ba27747e6e9,2026-04-21 11:20:47.019313+00:00,hu,index.hu,index.hu,2026-04-21,"Kiss Kriszta elárulta, egy párt alkotnak-e még Stohl Andrással",https://index.hu/mindekozben/poszt/2026/04/21/kiss-kriszta-stohl-andras-kapcsolata-szuletesnap/
5169849172530645fbf7cb377990772dbe734b89d81f687e134311373eaf4bf3,2026-04-21 11:20:40.592641+00:00,hu,index.hu,index.hu,2026-04-21,"Újabb sokk jöhet a benzinkutakon, hatalmasat bukhatnak most a magyar autósok",https://index.hu/gazdasag/2026/04/21/uzemanyag-benzin-dizel-benzinkut-uzemanyagarak-vedett-ar/
345cc8f45225643ee0070ab7d4a20cfd98f8d854b662914687152ab721f3fb71,2026-04-21 11:20:35.450068+00:00,hu,index.hu,index.hu,2026-04-21,"Tiszta vizet öntött a pohárba Michelisz Norbert, bejelentette, hol folytatja a jövőben",https://index.hu/sport/motorsport/2026/04/21/michelisz-norbert-tcr-world-tour-hyundai-n-squadra-corse/
5b9bad7976ce99f365cd358fbbfbcb69ae9e661bad611e007b35f5db4c490c29,2026-04-21 11:20:31.451092+00:00,hu,index.hu,index.hu,2026-04-21,"Palvin Barbarát és férjét a betöréses ügyről kérdezték a vörös szőnyegen, mindent visz a modell reakciója",https://index.hu/mindekozben/poszt/2026/04/21/palvin-barbara-dylan-sprouse-betores-voros-szonyeg-az-ordog-pradat-visel-2/
0284cf8ed6b51ce8989eb235ea92ecaef6850f0d3d0e74c19e2230e30fd4a7f1,2026-04-21 11:20:25.702746+00:00,hu,index.hu,index.hu,2026-04-21,Az elmúlt tíz év legnézettebb mérkőzése volt a Győr és a Ferencváros „bajnoki döntője”,https://index.hu/sport/futball/2026/04/21/gyori-eto-ferencvaros-nb-i-fizz-liga-2025-2026-bajnoki-donto/
fd3eaf32f824bcb3a11126bc9d43ac779cfbb12f58f159a9fbd9b727feadecd9,2026-04-21 11:20:21.487741+00:00,hu,index.hu,index.hu,2026-04-21,"Mindenkit meglepett ez a kétgyermekes édesanya, 45 évesen lett ünnepelt szépségkirálynő",https://index.hu/mindekozben/poszt/2026/04/21/ketgyermekes-anyuka-45-evesen-robbant-be-a-szepsegversenyek-vilagaba/
a4291529f369b5ac465d9c9e7d6b3a9e310cf3f6dfb1fee990c99e2cf8d59f03,2026-04-21 11:20:15.645291+00:00,hu,index.hu,index.hu,2026-04-21,Ügyészségi hatáskörbe vonta a legfőbb ügyész a Magyar Nemzeti Bankban zajló nyomozást,https://index.hu/belfold/2026/04/21/nagy-gabor-balint-legfobb-ugyeszseg-hataskor-magyar-nemzeti-bank-bunugy/
08fcc566967b41795e6adc64fa073fb8cf82f577186aae86c67e1b1ab0976b41,2026-04-21 11:20:10.702629+00:00,hu,index.hu,index.hu,2026-04-21,Gázolás miatt késnek a vonatok a győri fővonalon,https://index.hu/belfold/2026/04/21/budapest-gyor-vonat-baleset-mav-hosszabb-menetido/
acb3a7938bc1c32a3020e3e1c4e9bb92bcfef040382c15c57295128e3be762a9,2026-04-21 11:20:05.482233+00:00,hu,index.hu,index.hu,2026-04-21,"Korszakos irányváltás várható a kultúrában, több mint 100 pontos javaslattal áll elő a Magyar Színházi Társaság",https://index.hu/kultur/2026/04/21/magyar-szinhazi-tarsasag-kozlemeny-bodor-johanna-kozgyules/
55fece0d4913020ff175d58a14363fca7a8784372728b8e27de65be6fe93a41f,2026-04-21 11:20:00.498983+00:00,hu,index.hu,index.hu,2026-04-21,"Magyar Péter egyeztetett Robert Ficóval, feltételeket is szabott a szlovák kormányfőnek",https://index.hu/belfold/2026/04/21/magyar-peter-robert-fico-szlovakia-benes-dekretum-egyuttmukodes/
5857c05dc57124de22083a4deb3147929c2bb145638d03fd85774f523acb8e27,2026-04-21 11:19:55.805760+00:00,hu,index.hu,index.hu,2026-04-21,A Fidesz győzelemre vitte a „nemzeti oldalt” – és ebbe bele is bukott,https://index.hu/velemeny/2026/04/21/fidesz-nemzeti-oldal-tisza-part-valasztas-valasztok-orban-viktor-szent-korona-baloldal/
f8b12961a8b47be14c26866ad51ca73cb5285f2b8a40d66e0df094713c2b1156,2026-04-21 11:19:46.288598+00:00,hu,index.hu,index.hu,2026-04-21,"Lövöldözés volt Mexikó egyik legismertebb turistalátványosságánál, egy nő meghalt, a merénylő öngyilkos lett",https://index.hu/kulfold/2026/04/21/mexiko-lovoldozes-halalos-aldozat-turista-vilagbajnoksag/
46ff8bda6c5c3cfa8d36de0d1e8f5a96614d6f113b4017df3fa99656fb55a169,2026-04-21 10:47:52.343593+00:00,hu,blikk.hu,blikk.hu,2026-04-21,A globális felmelegedés miatt a repülőgépek egyre többször kerülnek turbulenciába,https://www.blikk.hu/ferfiaknak/tech/turbulencia-repules-globalis-felmelegedes/j1zz9sp
d118d917df118a178e9a748ccac190b966ddf6a4809c40650816909989400497,2026-04-21 10:47:32.742642+00:00,hu,blikk.hu,blikk.hu,2026-04-21,Váratlan lépés: eltűnik a Honda egyetlen villanyautója az európai piacról,https://www.blikk.hu/auto/honda-elektromos-auto-kivonasa-europa/y5n34bg
d4bea4f132004144659bbe4911b09f01ec2ba08beccb399fe5190f9a520943b2,2026-04-21 10:47:27.414100+00:00,hu,blikk.hu,blikk.hu,2026-04-21,"Nagyszerű a szívnek, több káliumot tartalmaz, mint a banán, olcsó is, mégis ritkán esszük",https://www.blikk.hu/eletmod/egeszseg/feher-bab-tapanyagok-kalium-egeszseg/fzvtzkq
67189771d0d7b24955b55e8bb0ce8c0a0a48021e8973fc00ecf0bf7f2507ae13,2026-04-21 10:47:22.813191+00:00,hu,blikk.hu,blikk.hu,2026-04-21,"Olyan erős a forint, hogy indulhat a bevásárlóturizmus Szlovákiába",https://www.blikk.hu/gazdasag/vasarlas/szlovakiai-bevasarlas-forint-euro-arfolyam-sporolas/0qyv665
8b8d38dc8c4a630a02491e8596c8432997f99f015b1ab8e808a9817206fcb5b4,2026-04-21 10:47:18.003880+00:00,hu,blikk.hu,blikk.hu,2026-04-21,Történelmi számot produkált a Pamkutya,https://www.blikk.hu/sztarvilag/hazai-sztarok/pamkutya-mv-dome-koncert-rekord/9ct6e00
32d6fb7a1d5b9c310a2e099547721a909fc89cf074406d89905f744ef9acbaf7,2026-04-21 10:46:45.114120+00:00,hu,blikk.hu,blikk.hu,2026-04-21,Hamarosan indul a Friss Kossuth-díjas Rúzsa Magdi nyári turnéja,https://www.blikk.hu/sztarvilag/hazai-sztarok/ruzsa-magdi-koncert-turne-zene-kossuth-dij/cjlgzb5
2260329d60fa6489b155e409a163b350c4452481be7c26073a1bc97dd8158664,2026-04-21 10:46:40.358669+00:00,hu,blikk.hu,blikk.hu,2026-04-21,A sportrajongók örülhetnek a Napló elmaradásának és a TV2 nagy bejelentésének,https://www.blikk.hu/sport/kulfoldi-foci/el-clasico-real-madrid-barcelona-musorvaltozas-naplo/nkck765
5b5bc04f5a544578b2d8c6ce3c97a8d6edbb269595f1fa2270b1307347d1a785,2026-04-21 10:46:35.068521+00:00,hu,blikk.hu,blikk.hu,2026-04-21,Megdöbbentő leletet találtak egy egyiptomi múmia belsejében a régészek,https://www.blikk.hu/ferfiaknak/tech/mumia-egyiptom-titok-temetkezes-felfedezes-gorogorszag/8yg4zx1
93d94c6fc1021482d4b4dbd8b95158b5d50bde0fe5d4e5f9cdd7937a162e27de,2026-04-21 10:46:30.033109+00:00,hu,blikk.hu,blikk.hu,2026-04-21,"Vele töltötte az estét Polgár Judit Stockholmban, együtt hódoltak a hobbijuknak",https://www.blikk.hu/sztarvilag/hazai-sztarok/polgar-judit-sakk-kocsma-stockholm/8d4z1y5
cfc59575ce17e3800403a3c2f45f11937617f49b098e982253dc82fd9a40320d,2026-04-21 10:46:25.410159+00:00,hu,blikk.hu,blikk.hu,2026-04-21,Így van most Kulcsár Edina 95 éves dédnagymamája,https://www.blikk.hu/sztarvilag/hazai-sztarok/kulcsar-edina-95-eves-dednagymama/5p8z2kv
c375bfe783517ab361ec9b6359c462a8d17f2b9ca8c04015a276237a68565281,2026-04-21 10:46:20.090648+00:00,hu,blikk.hu,blikk.hu,2026-04-21,"Két autó is elgázolta Ausztriában a magyar édesanyát, hat gyermeke maradt árván",https://www.blikk.hu/aktualis/belfold/gazolas-ausztria-gyerek-magyar-no/l7vxzgr
15782cff9bafba1f3e9241bb5bad7aaf24bbad8d2f3e0c012a3523fe951ba12d,2026-04-21 10:46:11.957473+00:00,hu,blikk.hu,blikk.hu,2026-04-21,"Íme, a Sziget fesztivál fellépői, meglepő nevekkel bővült a lista!",https://www.blikk.hu/aktualis/belfold/sziget-fesztival-arzenal-turbina/kj3bw7t
98e24f9b376e6a023a63a6f80ceb99f700cfaed9b3524c59313847a80461a7fa,2026-04-21 10:46:07.468402+00:00,hu,blikk.hu,blikk.hu,2026-04-21,Előadás közben szabadult el egy tigris egy oroszországi cirkuszban – videó,https://www.blikk.hu/aktualis/kulfold/oroszorszag-cirkusz-tigris/gvfb8y9
03f26c05ba088f3ab997f3fa5451a4729196e7903598e0e51eb2cfdb5937be00,2026-04-21 10:45:56.958124+00:00,hu,blikk.hu,blikk.hu,2026-04-21,Bangó Margit hamarosan üknagymama lesz: így várja a család a csöppség érkezését,https://www.blikk.hu/sztarvilag/hazai-sztarok/bango-margit-ukunoka-szuletes/rbc0vkf
1cd08bab0bee78c52d6c23e9b7a57dcbc22c7071a3cb96651bc9982fa81a4bdc,2026-04-21 10:45:45.961820+00:00,hu,blikk.hu,blikk.hu,2026-04-21,Óriási botrány a fociderbin: rendőrök menekítettek ki egy terhes nőt a verekedő ultrák közül – videó,https://www.blikk.hu/sport/kulfoldi-foci/paraguay-clasico-szurkolok-balhe/g7s4zb3
2a64132d68baa97cc608551a084b818a2e87c71343edc6bb4aced89904cb7b81,2026-04-21 10:21:58.405342+00:00,hu,origo.hu,origo.hu,2026-04-21,"Komoly aggodalom volt Kulcsár Edináéknál, most megszólalt a sztár",https://www.origo.hu/teve/2026/04/kulcsar-edina-dednagymama-sztar-allapot
1fb5f6c66f800c48f77595b8e7854dd853c59165147268d5c86521536b29354f,2026-04-21 10:21:53.380339+00:00,hu,origo.hu,origo.hu,2026-04-21,Ez elképesztő – már menet közben is WC-re ülhetünk ebben a luxusautóban,https://www.origo.hu/auto/2026/04/ez-elkepeszto-mar-menet-kozben-is-wc-re-ulhetunk-ebben-a-luxusautoban
34db4fb079894adea272ec94f261b10cbd58d06c7e115f022b2c65384fd210fa,2026-04-21 10:21:49.135284+00:00,hu,origo.hu,origo.hu,2026-04-21,Lamine Yamal McDonald’s-os menüvel tömte magát a privát gépén – fotók,https://www.origo.hu/sport/sport-futball/2026/04/lamine-yamal-laureus-dij-privat-gep-sult-krumpli
f06cf391001311215afd1e9616c663a04cbbc847af93fa67c1c325506980e939,2026-04-21 10:21:28.721056+00:00,hu,origo.hu,origo.hu,2026-04-21,Nem akármivel próbálkozott a kecskeméti Bonnie és Clyde,https://www.origo.hu/kek-hirek/2026/04/rablas-kecskemeti-bonnie-es-clyde
e34cd9a45b01725ee573ca6b007e574ba5127ab1110b3433f91e020b570558c0,2026-04-21 10:21:23.726864+00:00,hu,origo.hu,origo.hu,2026-04-21,"Szoboszlai Dominik megállíthatatlan, egyre jobban imádják Liverpoolban",https://www.origo.hu/sport/sport-futball/2026/04/szoboszlai-dominik-liverpool-szurkolok-mezaladasok
66fed6e02143966f1be6c34a9ec890a70996811f00b31d6b22daa079bcc7b1d4,2026-04-21 10:21:18.755967+00:00,hu,origo.hu,origo.hu,2026-04-21,Most már hivatalos: az iráni háború elhozta a történelem legnagyobb energiaválságát,https://www.origo.hu/gazdasag/2026/04/iea-az-irani-haboru-energiavalsagot-hozott
ec7b6d2401dd106772d33060fcc6e52a25acd9764866a29feec67710d2585b3a,2026-04-21 10:21:13.710074+00:00,hu,origo.hu,origo.hu,2026-04-21,Horrorbaleset: 300 kiló üveg ölt meg egy férfit,https://www.origo.hu/nagyvilag/2026/04/baleset-sydney-uveglap-halaleset-mentok
3f82cae4980a857425d6aaef5e526fde7eaf412a19fc54718120ca8be1461cdb,2026-04-21 10:21:08.723754+00:00,hu,origo.hu,origo.hu,2026-04-21,Egyetlen kaparással 100 milliót nyertek egy magyarországi lottózóban,https://www.origo.hu/itthon/2026/04/lottozo-kaparos-sorsjegy-nyeremeny-fodij
2b17dfd72de95fd3168afeb48de4acaf9452a043b50274b09f3c16358e7a668f,2026-04-21 10:21:03.771757+00:00,hu,origo.hu,origo.hu,2026-04-21,Egy anya és hat gyermeke halt meg a pokoli robbanásban – percek alatt semmivé vált az otthonuk,https://www.origo.hu/nagyvilag/2026/04/robbanas-anya-hat-gyermeke-halt-meg
166fb255681e97e20062de4ca3e4b6c58b6e827dcde07f9ebd25aaf1b0f46388,2026-04-21 10:20:58.745603+00:00,hu,origo.hu,origo.hu,2026-04-21,"Orbán Balázs helyzetértékelése – elmondta, hogy a Tisza milyen mintát követ",https://www.origo.hu/belpol/2026/04/orban-balazs-helyzetertekelese-a-tisza-europai
b0d6c984f3484409e64595002365c95fa648e183e51f989e972ae4f616b4d584,2026-04-21 10:20:53.708505+00:00,hu,origo.hu,origo.hu,2026-04-21,Liberális beismerés: így hazudtak Orbán Viktorról,https://www.origo.hu/belpol/2026/04/orban-viktor-liberalis-komikus-media-sztalin
89ecdd12e8540a817011ce37b2a5e73523c66b420022eef82fd969b2e8637197,2026-04-21 10:20:48.731452+00:00,hu,origo.hu,origo.hu,2026-04-21,Csődhullám Németországban: újabb nagy autóipari cég zár be,https://www.origo.hu/gazdasag/2026/04/csodhullam-nemetorszagban-ujabb-autoipari-ceg-zar-be
2ba8502a19a65775588d741edadeac332cf0e178284aa5f5442098c5d5a8f172,2026-04-21 10:20:43.743489+00:00,hu,origo.hu,origo.hu,2026-04-21,Egyre többen térnek vissza Ukrajnába,https://www.origo.hu/kulpol/2026/04/ukrajna-menekultek-visszateres
70a21fc88f321259efb9bdbace1beb72fa72bb09074a93a8248dbbc046fa1412,2026-04-21 10:20:38.755570+00:00,hu,origo.hu,origo.hu,2026-04-21,Tangás szexizés a focivébé előtt: Larissa Riquelme átlátszó ruhában mutatta meg mindenét,https://www.origo.hu/sport/sport-laza/2026/04/larissa-riquelme-tanga-kebelcsoda-szurkolo-paraguay
40868e9e25a26c46df14a9a453b34a41fe0617809c7aacbb546477ac1464b406,2026-04-21 10:20:33.742742+00:00,hu,origo.hu,origo.hu,2026-04-21,A nyílt utcán késeltek meg egy fiatal focistát Dániában,https://www.origo.hu/sport/sport-futball/2026/04/foci-keseles-sulyos-serules-midtjylland-alamara-djabi
c7ccf4e59f0f0604b7205d44b4e4b37e2050485b3dc2010d86e33742be03135d,2026-04-21 10:20:28.747802+00:00,hu,origo.hu,origo.hu,2026-04-21,Hoppá: olcsóbb lett a kötelező és a casco biztosítás!,https://www.origo.hu/auto/2026/04/hoppa-olcsobb-lett-a-kotelezo-es-a-casco-biztositas
1b98aa1d8921c8a224dbae606bf3f042ce472e5a118551badeadce875145a6b4,2026-04-21 10:20:23.731474+00:00,hu,origo.hu,origo.hu,2026-04-21,"Francia-lengyel nukleáris gyakorlat: Európa a tűzzel játszik – mutatjuk, miért",https://www.origo.hu/kulpol/2026/04/francia-lengyel-nuklearis-gyakorlat
0480b82a60c3320e9c4a590b3e0ef18cd9555ef353286e1b90af1e225220df2b,2026-04-21 10:20:18.824032+00:00,hu,origo.hu,origo.hu,2026-04-21,Figyelem! Mérgező bébiétel kerülhetett sok ezer hazai háztartásba,https://www.origo.hu/gazdasag/2026/04/termek-visszahivas-mergezo-bebietel
0fc8ebf63cae70e8e3d15d613a6945dc519ba612d48d12312b2f8378b8e67f67,2026-04-21 10:20:13.724684+00:00,hu,origo.hu,origo.hu,2026-04-21,"Japánban ismét megszólaltak a vészjelzések, több mint 170 ezren menekülnek",https://www.origo.hu/nagyvilag/2026/04/foldrenges-japanban-cunamiriasztas-ujabb-renges-veszely
18e00bbd32f13e675939040c02dd109869ead107b985056f971f59b9fa3a2bc8,2026-04-21 10:20:08.752892+00:00,hu,origo.hu,origo.hu,2026-04-21,"Parkolóba csapódott egy repülőgép, evakuálni kellett a környéket – videó",https://www.origo.hu/nagyvilag/2026/04/repulogep-baleset-kisrepulogep-csapodott-a-foldbe
63b9968593b48c6be3ddad8776fb77b66262ec1310c5888934c9217127ea6b23,2026-04-21 10:20:03.727251+00:00,hu,origo.hu,origo.hu,2026-04-21,Egy családi ház kertjében landolt egy hőlégballon – videó,https://www.origo.hu/nagyvilag/2026/04/holegballon-kenyszerleszallas-csaladi-haz-kertjeben
f262d49436d283d0c79abf11c31a90a97d85444e0cd6a75a03eb7754dd6bfe9c,2026-04-21 10:19:58.727110+00:00,hu,origo.hu,origo.hu,2026-04-21,Különleges erőmű bújik meg egy sziklába vájt barlangban – megoldást jelenthet az energiaválságra,https://www.origo.hu/gazdasag/2026/04/tirol-eromu-sziklaba-vajt-barlang
976204db1535b1ea2aa4350552b8acb603f71d096d0c4ff02c4fe5970bd3ac51,2026-04-21 10:19:53.763078+00:00,hu,origo.hu,origo.hu,2026-04-21,"Drága lett a pecázás, százezres pénzbüntetést kapott a szabályszegő horgász",https://www.origo.hu/itthon/2026/04/buntetes-balaton-horgasz-hal-birsag
e28f2e031fc40671f52e7635af8557f247d3ec6cd035d8df50f307a1ea21315d,2026-04-21 10:19:49.366520+00:00,hu,origo.hu,origo.hu,2026-04-21,Sokk Szandaszőlősön: fényes nappal akarták elrabolni a 13 éves Jázmint,https://www.origo.hu/kek-hirek/2026/04/elrabolni-13-eves-jazmint-fenyes-nappal-szandaszoloson
e2c68c52939fa96405018046c4310e884af93a4114330933fed099d56d5a6190,2026-04-21 10:19:43.730851+00:00,hu,origo.hu,origo.hu,2026-04-21,Saját maga alatt vágja a fát a BYD,https://www.origo.hu/auto/2026/04/byd-sajat-maga-alatt-vagja-a-fat
789b587b1cafd1f5c6dd99fc1fe07126d33108d115db0fef3910aed2e1fcb269,2026-04-21 10:19:18.502208+00:00,hu,origo.hu,origo.hu,2026-04-21,Tíz év után is emlékezünk – így vált Prince a popzene örök legendájává,https://www.origo.hu/nagyvilag/2026/04/prince-rogers-nelson-zenei-orokseg-elhunyt-tiz-eve
192230cb18a7fd717b9340f4463ae784627b8942c1bd8378955003b1d50ec335,2026-04-21 10:19:13.552851+00:00,hu,origo.hu,origo.hu,2026-04-21,Női holttestre bukkantak Csepelen,https://www.origo.hu/kek-hirek/2026/04/holttestre-bukkantak-csepelen
63f24d1151a10f010201e0df296f941826473d4f964d448cf3ccd29a67cc0575,2026-04-21 10:18:50.317165+00:00,hu,blikk.hu,blikk.hu,2026-04-21,Így segített a humor átvészelni Lakatos Lacinak a válást: mindenben a pozitívat keresi,https://www.blikk.hu/sztarvilag/hazai-sztarok/lakatos-laszlo-valyi-istvan-humor/x40jd50
960ee77c38dd2a7b2f77c12174ed5def67037d7046f27affe0d81e6c2001057d,2026-04-21 10:18:02.416976+00:00,hu,blikk.hu,blikk.hu,2026-04-21,Halálra verte a feleségét egy nyugdíjas Egerben,https://www.blikk.hu/aktualis/krimi/eger-feleseg-gyilkossag/qmp9vyp
8c6bab705547596e548dbcaae2c683a495ac6ac7ece173011ad2e47dacd9e0a6,2026-04-21 10:17:50.461760+00:00,hu,blikk.hu,blikk.hu,2026-04-21,Károly király megható üzenetben emlékezett meg Erzsébet királynőről: „Napjaink történései mély aggodalommal töltenék el”,https://www.blikk.hu/sztarvilag/nemzetkozi-sztarok/iii-karoly-kiraly-erzsebet-kiralyno-videouzenet-szuletesnap/4v838pm
f025aa751a9c94a99b15f02db5f7b2bd73312037a1d75614bc6c7952740d46c0,2026-04-21 10:17:45.506913+00:00,hu,blikk.hu,blikk.hu,2026-04-21,Daruval mentették meg a sztárvendéget a focimeccs előtt – videó,https://www.blikk.hu/sport/egyesult-allamok-amerikai-foci-ejtoernyo-mento/vls6n41
b49badb3f124226ce9d57d304b9cd8d41e7fb957a5b88e6ac88b9c34cca392cc,2026-04-21 10:17:08.475270+00:00,hu,blikk.hu,blikk.hu,2026-04-21,"Mit jelez a cica, ha nem az alomba pisil",https://www.blikk.hu/eletmod/tippek/macska-pisiles/500q11e
c4bbae84a7ff2f407c375f8a163cfc59b56d8eecb6f126757dc6feb06d11ea3e,2026-04-21 09:23:55.366298+00:00,hu,blikk.hu,blikk.hu,2026-04-21,"Kiderült: ez a legidegesítőbb dolog, amit a párja csinál a volán mögött",https://www.blikk.hu/auto/stressz-vezetes-parkapcsolat/kfeydm2
0a81b68f6e95411aa8a189e66ca84c5ea70f7cb1fbd1ee45b8630c9be5c08197,2026-04-21 09:23:29.777508+00:00,hu,blikk.hu,blikk.hu,2026-04-21,„Ezt a fájdalmat senki nem értheti” – szívszorító posztot osztott meg az Angyalföldön meggyilkolt lány édesanyja,https://www.blikk.hu/aktualis/belfold/angyalfold-gyilkossag-anya-bucsu/2zylm2n
4ade89765b2614993b829e24c87392308087cfc10bc686070455592e12d1e1e5,2026-04-21 09:23:24.647193+00:00,hu,blikk.hu,blikk.hu,2026-04-21,"Polgár Krisztáék hazaköltöznének az Egyesült Államokból: „Mit ér az egész, ha...?”",https://www.blikk.hu/sztarvilag/hazai-sztarok/polgar-kriszta-ferje-usa-hazakoltozes/12z011q
7297980d5ad30a9c6fce1024f0e33ed20a711c1fbc92773efc3b3347964ff80a,2026-04-21 09:23:18.420364+00:00,hu,blikk.hu,blikk.hu,2026-04-21,A korona évszázada: Április 21-én ünnepelné 100. születésnapját II. Erzsébet királynő- galéria,https://www.blikk.hu/galeria/ii-erzsebet-evfordulo-kiralyno-egyesult-kiralysag/0t3rfxd
41fe344a5a46a198ba98abd20675c862c3d6eff5eda259dec376c3a774ae8de0,2026-04-21 09:23:05.099369+00:00,hu,blikk.hu,blikk.hu,2026-04-21,"Baj van az áprilisi Windows-frissítéssel, összeomlás fenyeget",https://www.blikk.hu/ferfiaknak/tech/windows-frissites-gondok-panaszok-aprilis/lmrzyjq
3c67018d6265d73d3282357d9cd5d4455c4bb0741f9351fb514277142b90c137,2026-04-21 09:23:00.306419+00:00,hu,blikk.hu,blikk.hu,2026-04-21,Mesés környezetben vacsorázott Lewis Hamilton és Kim Kardashian – fotó,https://www.blikk.hu/sport/kim-kardashian-lewis-hamilton-luxus-randi/gkqzy2m
f1bfe0ea2c6d1587ff9d340629778f01c61a6b8e5da24f0cab6c160b4d78732f,2026-04-21 09:22:55.099413+00:00,hu,blikk.hu,blikk.hu,2026-04-21,Óriási biznisz az illegális szemét behozatala,https://www.blikk.hu/aktualis/belfold/olasz-szemetmaffia-modszer/l7n9wfc
72cdac264bfe954517061221fecaa0830726747115755b50a5b6b5f9ffcdaf9b,2026-04-21 09:22:50.579275+00:00,hu,blikk.hu,blikk.hu,2026-04-21,"Mi legyen velünk? Kellenek a politikusok a magyar sport vezetésébe, vagy száműzzék őket?",https://www.blikk.hu/sport/sport-politika-szavazas/w1dwp3p
99f7600f5e8d326704df5bf9ad3cff2e651ddda22769d58ae1b7d11860d6dcba,2026-04-21 09:22:44.917637+00:00,hu,blikk.hu,blikk.hu,2026-04-21,Elhunyt a szülés után a korábbi Bundesliga-focista felesége,https://www.blikk.hu/sport/kulfoldi-foci/markus-mendler-tragedia/4txr4r8
fb5761bbd776ebc7efbdc27cebad7dd2c88a707c0e5ee5c5aeb9405efeceab6a,2026-04-21 09:22:40.159949+00:00,hu,blikk.hu,blikk.hu,2026-04-21,Ricsipí és Qka MC a családi élet kihívásairól meséltek,https://www.blikk.hu/blikk-tv/animal-cannibals/q4r7l3t
af93e089a4a48ec28dd220c72eb16877bb92c654d3d9dece8ec16ff444c4dddc,2026-04-21 09:22:35.326045+00:00,hu,blikk.hu,blikk.hu,2026-04-21,Brutális sérülést szenvedett a focipályán a legendás edző fia,https://www.blikk.hu/sport/kulfoldi-foci/jurgen-klinsmann-cesena-nyak-serules/t81wh74
7b09bc494f34b9d8665922d08c1384ac638e21f76497f33bb682985f684ce5f1,2026-04-21 09:22:25.351746+00:00,hu,blikk.hu,blikk.hu,2026-04-21,Kórházba került Pintér Tibor édesanyja: Ili néni combnyaktörést szenvedett,https://www.blikk.hu/sztarvilag/hazai-sztarok/pinter-tibor-edesanyja-korhaz/q9njshc
13a1f616ea01515cd4f0130be86318211550f74f90ba9eb23935672b8d20a71e,2026-04-21 09:22:11.241044+00:00,hu,blikk.hu,blikk.hu,2026-04-21,"Fetrengett, köpött, rúgott, káromkodott az erőszakos tinilány",https://www.blikk.hu/aktualis/belfold/kozteres-tamadas-paty-buszmegallo-itelet/dtbs0qr
7615d27100af02ff9e3ac0b575a44ad4e002ccb3ff58c34b6676dc4d227d5663,2026-04-21 09:21:52.648766+00:00,hu,blikk.hu,blikk.hu,2026-04-21,Ügyészségi hatáskörbe vonták a Magyar Nemzeti Bankot érintő nyomozást,https://www.blikk.hu/aktualis/belfold/magyar-nemzeti-bank-nyomozas-ugyeszseg-rendorseg/dbqst23
6596115232fdbe237a81ed863edf26d15b80141185c6bf2d50577d944abdc2e9,2026-04-21 09:21:45.997597+00:00,hu,blikk.hu,blikk.hu,2026-04-21,Szabados Ági megmutatta a kerekedő pocakját – fotó,https://www.blikk.hu/sztarvilag/hazai-sztarok/szabados-agi-terhespocak/g26k8xp
f333fa2f5db00d5fe6631a70086189be0de5188fb48de80b7b5e76a6e8036825,2026-04-21 08:33:39.374464+00:00,hu,origo.hu,origo.hu,2026-04-21,"Elszabadult a pokol a piramisoknál: halál, lövöldözés és súlyos sérülések",https://www.origo.hu/nagyvilag/2026/04/piramisok-mexiko-lovoldozes-halott
cf0556ef83c3aa6947ca90bd7264ee69e80c87de8671f548f7dcb7462e5eac5d,2026-04-21 08:33:35.040709+00:00,hu,origo.hu,origo.hu,2026-04-21,Az orosz drónok hatalmas pusztítást végeztek Szumiban,https://www.origo.hu/kulpol/2026/04/orosz-dronok-pusztitas-szumi
ac1b3e7266f041f10d84c1e2bd56370a7b587658043300801995b13c9e54edba,2026-04-21 08:33:29.391112+00:00,hu,origo.hu,origo.hu,2026-04-21,Ügyészségi hatáskörbe került a Magyar Nemzeti Bankot érintő nyomozás,https://www.origo.hu/belpol/2026/04/ugyeszseg-hataskor-magyar-nemzeti-bank-nyomozas
b703c4542a4bf5924672fa42859c8d6e4ee03c0927ad3752b61c062b6bb7fba8,2026-04-21 08:33:24.618782+00:00,hu,origo.hu,origo.hu,2026-04-21,Szívszorító: újszülött gyermekét hagyta hátra a 32 éves focistafeleség,https://www.origo.hu/sport/sport-futball/2026/04/meghalt-szules-utan-focista-feleseg-tamara-mendler
ad2aa5545647a84b0f6f18571979c1b3c2cf54dd2a320ccb1f6f12925fe68183,2026-04-21 08:33:19.438609+00:00,hu,origo.hu,origo.hu,2026-04-21,Elszálló üzemanyagárak: veszélybe kerülhet a nyári repülési szezon Európában,https://www.origo.hu/kulpol/2026/04/europa-uzemanyagar-repules
01d12d79c65eb06d1952e09b40c1e31ba9ee7f2429e24d4b83959763913c2ce5,2026-04-21 08:33:14.509005+00:00,hu,origo.hu,origo.hu,2026-04-21,Máig nem tudja a világ feledni II. Erzsébet királynőt,https://www.origo.hu/nagyvilag/2026/04/erzsebet-kiralynot-brit-uralkodo-evfordulo-kiralyi-haz
550d50dd1916d8ccb932e331964b70feb3c79a07a569fc2a0c03cadc76f8f8e4,2026-04-21 08:33:09.421351+00:00,hu,origo.hu,origo.hu,2026-04-21,"Magyar Péter nekiment a Magyar Nemzet cikkének, de alaposan felsült",https://www.origo.hu/belpol/2026/04/magyar-peter-miniszterium-miniszter-magyar-nemzet-tisza
43e98a72468c78f952864ece59bea98128c7c1efae4b42c6e18c03a8349a8ca9,2026-04-21 08:33:04.481274+00:00,hu,origo.hu,origo.hu,2026-04-21,"Óriási változás az X-Faktorban, ennek sokan nem fognak örülni",https://www.origo.hu/itthon/2026/04/x-faktor-tehetsegkutato-musor-mentor-valtozas
316c3b1d6cee6b5c382458324fddafdad2f943b476811f040701b624f8e171c8,2026-04-21 08:32:59.387764+00:00,hu,origo.hu,origo.hu,2026-04-21,Kitalált betegséget híreszteltek a chatbotok,https://www.origo.hu/techbazis/2026/04/betegseg-bixonomania-mi-ai-chatbot-atrveres
50d834d62083727c1f76528003782ebdfc9469bd8dc7ab8f5fa6980cda00206f,2026-04-21 08:32:54.462243+00:00,hu,origo.hu,origo.hu,2026-04-21,"Olyat villantott a világ legszebbje a premieren, hogy megőrültek tőle a rajongók",https://www.origo.hu/nagyvilag/2026/04/ann-hathaway-szineszno-premier-pradat-visel
ac674e632e0b2e1a4930fa6c075228ca56aecbcae53edf6f53cceef6b9f7b942,2026-04-21 08:32:49.369792+00:00,hu,origo.hu,origo.hu,2026-04-21,Családi ház falának csapódott egy BMW az éjjel,https://www.origo.hu/kek-hirek/2026/04/baleset-zajk-bmw-hazfal-utkozes
5797f1f372b92174d752cbe8ce4e65fbd95a2ff8da42e982d63dee74329f51aa,2026-04-21 08:32:44.433266+00:00,hu,origo.hu,origo.hu,2026-04-21,Oszter Alexandra szívszorító vallomást tett fia állapotáról,https://www.origo.hu/itthon/2026/04/oszter-alexandra-fia-baleset-korhaz
363c76b7b4ee4bf2dc5ec1bb82f3c0b71f86693167b21e3379748e2fd6981c67,2026-04-21 08:32:39.433274+00:00,hu,origo.hu,origo.hu,2026-04-21,Eladó a TV2 sztárjának lakása: brutális árat kérnek érte,https://www.origo.hu/teve/2026/04/bodi-megyer-lakasa-elado
6aaaa2ce8992e06f9fdacb8eabfc808fc38518083f2c3b5780166f96308201dd,2026-04-21 08:32:34.577270+00:00,hu,origo.hu,origo.hu,2026-04-21,Bombafenyegetés miatt ürítettek ki több középiskolát,https://www.origo.hu/nagyvilag/2026/04/bombafenyegetes-zagrab-iskola-rendorseg
9e40053efeb835215c2df3fda992526e8d3d7ea7d068ea5020567a1155eb0a44,2026-04-21 08:32:30.317526+00:00,hu,origo.hu,origo.hu,2026-04-21,Sokan rosszul használják az air fryert – Ön is?,https://www.origo.hu/itthon/2026/04/air-fryer-tuzveszey-aramfelvetel-hosszabbito
e49abda6ac9075f499a859e867ff80ab47c559ca93563e72f9e45a9dfa85b125,2026-04-21 08:32:24.503959+00:00,hu,origo.hu,origo.hu,2026-04-21,Miniruhában hódít Milák Kristóf exe: Amerikában is tarol a magyar úszónő,https://www.origo.hu/sport/sport-laza/2026/04/milak-kristof-szexi-exe-padar-nikolett-kepek-uszas
b964051d13eb08aeacdbbaf2d9b93e2df7a1864e71421264b64e7845a3983463,2026-04-21 08:32:19.425247+00:00,hu,origo.hu,origo.hu,2026-04-21,Visszaesett T. Danny? Árulkodó fotó került elő a rapperről,https://www.origo.hu/teve/2026/04/danny-fuggoseg-visszaeses-drog-alkohol
87bac5edbfe4fad38285dbd453d7c16411e069a514474cc216765224444923e6,2026-04-21 08:32:15.049393+00:00,hu,origo.hu,origo.hu,2026-04-21,"Úgy tűnik, csődbe vitte Karácsony a fővárost",https://www.origo.hu/belpol/2026/04/karacsony-gergely-fovaros-szolidaritasi-ado-csod
52d685e46331c50ffadda172e89845262920bbe8ccf163c24df89dfad656d985,2026-04-21 08:32:09.408261+00:00,hu,origo.hu,origo.hu,2026-04-21,Meglepetéssel kedveskedett a drogdíler a házkutatást végző nyomozóknak,https://www.origo.hu/kek-hirek/2026/04/drogdiler-hazkutatas-betores
76c4f63c4bd7fa629bfd6177a429abf5f45d3c3c0841b35d61fc767cccb9a939,2026-04-21 08:32:04.432455+00:00,hu,origo.hu,origo.hu,2026-04-21,Szoboszlai tényleg alkalmatlan lenne csapatkapitánynak?,https://www.origo.hu/sport/sport-futball/2026/04/szoboszlai-dominik-liverpool-virgil-van-dijk-kapitany
6490f61e39d85b56e59a6375b4ba4b1ae0e2ac689e309919afd19326d391eff6,2026-04-21 08:31:59.336459+00:00,hu,origo.hu,origo.hu,2026-04-21,Hatalmas lebukás! Ez derült ki a gödi akkugyárról a választás után,https://www.origo.hu/belpol/2026/04/akkumulatorgyar-god-greenpeace-mergezo-anyag-hazugsag
b7b91247e49c499e6500df3b36dba98b32715b35b99be5f8740bfa725ac2ee1c,2026-04-21 08:31:54.392624+00:00,hu,origo.hu,origo.hu,2026-04-21,Hiába hívta a Real Madrid? Eldőlt Szoboszlai csapattársának jövője,https://www.origo.hu/sport/sport-futball/2026/04/liverpool-ibrahima-konate-szerzodeshosszabbitas-pl-foci
9ddd18ee82f1e026b1c0b357135706cdf529ef6dc47031f3d024b6114e09b402,2026-04-21 08:31:49.973405+00:00,hu,origo.hu,origo.hu,2026-04-21,Folytatódik a súlyos azbesztbotrány! Ezt mondta a polgármester a feldühödött lakóknak,https://www.origo.hu/itthon/2026/04/azbeszt-ugy-botrany-szombathely-szennyezes
776b54dbf2e86f5acc0914c7092d140176888a4a8bb092d4de5fcd2ee4411a7e,2026-04-21 08:31:44.359524+00:00,hu,origo.hu,origo.hu,2026-04-21,Nagy múltú privaticáziós káderdinasztia örököse lesz a házelnök – mutatjuk a részleteket,https://www.origo.hu/belpol/2026/04/forsthoffer-agnes-orszaggyules-hazelnok-bokros-csomag
3f30ba830390cb7fc093eac32853900e9c066fca4d033fdbdde23e631b88038b,2026-04-21 08:31:39.363374+00:00,hu,origo.hu,origo.hu,2026-04-21,Verrasztó Dávid döbbenetes vallomása: „Megalázom magam...”,https://www.origo.hu/sport/sport-egyeni/2026/04/verraszto-david-uszas-vallomas-megalazas
308b2fe235d0e9dd7634aa92a00ef5d37a62897167885a1387051d9dbcb14023,2026-04-21 08:31:35.116069+00:00,hu,origo.hu,origo.hu,2026-04-21,Súlyos a One Direction sztárjának állapota? Már a fellépésén sem tudott megjelenni,https://www.origo.hu/nagyvilag/2026/04/zayn-malik-enekes-allapot-korhaz-musor-fellepes
f786b48e146bd8ae65b1140c33023770d39642215d080f3a76004e1fc09c6c65,2026-04-21 08:31:29.449426+00:00,hu,origo.hu,origo.hu,2026-04-21,"Az Operaház vezetője keményen helyretette Magyar Pétert – mutatjuk, mit mondott",https://www.origo.hu/belpol/2026/04/magyar-peter-operahaz-okovacs-szilveszter-oktober-23
ae2dafeae5387807efcb21ec95370c49ed9ffdef3ba3dfc344803e1f5f38f966,2026-04-21 08:31:25.052158+00:00,hu,origo.hu,origo.hu,2026-04-21,"Szörnyű tragédia a hadgyakorlaton: felrobbant egy harckocsi, hárman meghaltak",https://www.origo.hu/nagyvilag/2026/04/japan-harckocsi-felrobbant-hadgyakorlat
1ca28886ed9203ab5056743bcb7b5eb44cb679d8a4174c10be5c07a166573254,2026-04-21 08:31:19.342642+00:00,hu,origo.hu,origo.hu,2026-04-21,"Már a Balatonnál sem lehet biztonságosan bulizni? Így járhat, ha nem vigyáz",https://www.origo.hu/kek-hirek/2026/04/rablas-balatonlellei-diszko-mosdo
ac631b5cdce2aacba2292c075bf8a87591859dcc809027935d6ab9c26eb76d08,2026-04-21 08:31:14.383488+00:00,hu,origo.hu,origo.hu,2026-04-21,Itt az igazság! Együtt van még Stohl András és Kiss Kriszta?,https://www.origo.hu/itthon/2026/04/kiss-kriszta-stohl-andras-nagy-o-par
037405b899105b1ea8cfb69437691de4e28d28afb3d642989e0b004da9e31dee,2026-04-21 08:31:09.362615+00:00,hu,origo.hu,origo.hu,2026-04-21,"Egy apának és három lányának veszett nyoma, lassan két hete nincs hír róluk",https://www.origo.hu/kek-hirek/2026/04/eltunt-csalad-kiskunhalas-aprilis
c3b181455d406d030dfb0a2ea7fc7280fceed23453f01da3c893f8e41c279b4b,2026-04-21 08:31:04.444859+00:00,hu,origo.hu,origo.hu,2026-04-21,"Megvan a rák gyenge pontja, így ölhető meg a daganat",https://www.origo.hu/tudomany/2026/04/b7-vitamin-megallitja-a-daganatot
1c2139331f807c98a356d6ba642cef46702ef065d2f446776fb5ab7df94097b6,2026-04-21 08:30:59.569721+00:00,hu,origo.hu,origo.hu,2026-04-21,Az Apple történetének egyik legnagyobb fordulópontja jöhet,https://www.origo.hu/nagyvilag/2026/04/tim-cook-lemond-apple-vezerigazgato
ab8deb018ec1183bdce9e6009b51876eb6137b92a4803f8fcb45ef7172ad4548,2026-04-21 08:30:54.764740+00:00,hu,origo.hu,origo.hu,2026-04-21,Erling Haaland szexi barátnője kiborult az Arsenal sztárja miatt,https://www.origo.hu/sport/sport-futball/2026/04/erling-haaland-gabriel-magalhaes-harc-baratno-reakcio
7bfcd6142ce60cf92795d7ba17f28cee0cceab0143ec977254a70eeaab98714b,2026-04-21 08:30:49.505418+00:00,hu,origo.hu,origo.hu,2026-04-21,"Szellemekkel küzdött, majd rejtélyes kórság támadta meg a magyar hírességet",https://www.origo.hu/teve/2026/04/dulin-metta-betegseg-sztar-orvosok
12a2efc58477c4dcbfa1f8b4ac37bad3015d1d3a165376b4004dd7cb6fae00eb,2026-04-21 08:30:44.597768+00:00,hu,origo.hu,origo.hu,2026-04-21,Rendőrök lepték el Eger egy csendes utcáját: gyilkosság történt,https://www.origo.hu/kek-hirek/2026/04/gyilkossag-tortent-eger-egy-csendes-utcajaban
b075562835c70653b31e9209edd0c5ad63f759f2be88bdf8249437369e0387b4,2026-04-21 07:28:44.017107+00:00,hu,index.hu,index.hu,2026-04-21,"A legaranyosabb gyorshajtót kapták el a kaposvári rendőrök, szerencsére hajlandó volt együttműködni",https://index.hu/belfold/2026/04/21/labrador-gyorshajtas-deseda-somogy-varmegye-kaposvar/
50063d2eb6ddd546eaacefbe34241259ac6c29fcbd97880296ee105fdfb84431,2026-04-21 07:28:38.720157+00:00,hu,index.hu,index.hu,2026-04-21,Nyilvános üzengetésig fajult a választás eredménye egy pécsi újság és a szívklinika igazgatója között,https://index.hu/belfold/2026/04/21/cziraki-attila-nimmerfroh-ferenc-nyilt-level-fidesz-pecs-szivklinika/
242c05d06c859e63ef681fe8e5dca429051f23d9fe9f82fae1a10f8cfd2cbe89,2026-04-21 07:28:33.796914+00:00,hu,index.hu,index.hu,2026-04-21,Csődbe ment a győri Széchenyi István Egyetem vagyonkezelő alapítványának cége,https://index.hu/belfold/2026/04/21/kozerdeku-vagyonkezelo-alapitvany-csod-kekva-szechenyi-istvan-egyetem-humda-orban-viktor-tisza-part/
c22faa4e78555463ec871137dbee3e9492dd412c6c085d6813034b644f5aafb3,2026-04-21 07:28:25.006506+00:00,hu,index.hu,index.hu,2026-04-21,"Tim Cook távozik az Apple éléről, megvan az új vezérigazgató",https://index.hu/techtud/2026/04/21/apple-tim-cook-vezerigazgato-tavozas-john-ternus-uj-ceo/
75f4419157298b9fa9a14115e0adbf082dab1a20b44783291839b6a99627248b,2026-04-21 07:28:19.952386+00:00,hu,index.hu,index.hu,2026-04-21,"Nyomtalanul eltűnt három lány Kiskunhalasról, az apjukat is nagy erőkkel keresi a rendőrség",https://index.hu/belfold/2026/04/21/kiskunhalas-eltunes-korozes-csalad-rendorseg-hasko-attila/
91d2fb5e636c71eabe051814e8e6b9acb1451d57103f5b438817d6a4a1de6b41,2026-04-21 07:28:09.735415+00:00,hu,index.hu,index.hu,2026-04-21,Szellő István és Erős Antónia odaszúrt a TV2 híradósainak,https://index.hu/fomo/2026/04/21/eros-antonia-szello-istvan-rtl-hirado-gonczi-gabor-marsi-aniko-tv2/
ab63d2cfd948ab36ef3c678f4499c1e028dfb03f1a485ffd8bf4a54474fabf2a,2026-04-21 07:28:04.764220+00:00,hu,index.hu,index.hu,2026-04-21,"Az esemény, ami a fellegekbe repíti a lengyel-magyar barátságot",https://index.hu/kultur/2026/04/21/lengyel-filmtavasz-chopin-parizsi-szonata-toldi-mozi/
68f24a6a92bd2c7853901ee553f89303da42e433ebe1c165a06bc2d1f30f1192,2026-04-21 07:28:00.688175+00:00,hu,index.hu,index.hu,2026-04-21,„Hülyeség volt nem élni ezzel az egésszel” – Geszti Péter hatalmas pénzösszegtől esett el egy rossz döntés miatt,https://index.hu/mindekozben/poszt/2026/04/21/geszti-peter-penz-ajanlat-uzletember/
31b8d8120e857153b6de0fdcee40850309fd0f8cbd2ef0205ae7afc2c553cb81,2026-04-21 07:27:54.717519+00:00,hu,index.hu,index.hu,2026-04-21,Döbbenetes csavarral folytatódott a kedvenc horrorsorozatunk,https://index.hu/kultur/cinematrix/2026/04/21/from-kiut-teve-sorozat-horror-epix-amazon-mgm-plusz-hbo-max-streaming-negyedik-evad-kezdes-kritika/
60e5dc25699860a80e99ab0aea96fb222cd761da70080f2cc36cae16d3ec1a27,2026-04-21 07:27:49.897551+00:00,hu,index.hu,index.hu,2026-04-21,"Tudja, mikor bókol önnek a kutyája?",https://index.hu/tudomany/2026/04/21/kutya-szokasok-szaglas-eves-dogz-fesztival/
a6041351a0553184150e271814cae8d4361900404a30c007246a8bd6a6afa995,2026-04-21 07:27:45.545424+00:00,hu,index.hu,index.hu,2026-04-21,"Elképesztő pillanat a természetből, így kaptak lencsevégre egy ritka hópárducot",https://index.hu/mindekozben/poszt/2026/04/21/elkepeszto-pillanat-a-termeszetbol-igy-kaptak-lencsevegre-egy-ritka-hoparducot/
d83c78eb1105dbf33179f33183440a6c3f2221e9125510b1fa0bf75ee5cc9226,2026-04-21 07:27:39.335252+00:00,hu,index.hu,index.hu,2026-04-21,"Eljött a nagy nap, újraindulhat az olajszállítás a Barátság vezetéken",https://index.hu/kulfold/2026/04/21/oroszorszag-ukrajna-orosz-ukran-konfliktus-moszkva-kijev-vlagyimir-putyin-volodimir-zelenszkij-europai-unio-nato-beketargyalasok/
9753859ffedbc21304217ff0dcc1738896d993224e543ee0cb23f7e483603b09,2026-04-21 07:27:34.942475+00:00,hu,index.hu,index.hu,2026-04-21,"38 éves lett a világ legidősebb pingvinje, így ünnepelte a születésnapját",https://index.hu/mindekozben/poszt/2026/04/21/vilag-legidosebb-pingvinje-szuletesnap-allatkert/
634136ae5141e10c49a875973c3a50bb99d187ba36b898344dbd8582221790a2,2026-04-21 07:27:29.248717+00:00,hu,index.hu,index.hu,2026-04-21,"Kokainszennyezés a vizekben, kiszámíthatatlanul viselkednek tőle a lazacok",https://index.hu/techtud/2026/04/21/lazac-halak-kokain-szennyezes-vizszennyezes-okologia-kutatas-eredmeny/
a0aab1b358a2b3d094be6c468603d487c5bf26446f961fc46434f8019a382092,2026-04-21 07:27:24.065484+00:00,hu,index.hu,index.hu,2026-04-21,"Jelentősen visszaesik a hőmérséklet, valahol még jégeső is lehet",https://index.hu/belfold/2026/04/21/idojaras-elorejelzes-hidegfront-zapor-szel-lehules-napsutes-jegeso-radar/
dd430ec976aedd1ae884f5a764d5d6b5015a0796f9debfc56836ff149bd251ee,2026-04-21 07:27:14.420866+00:00,hu,index.hu,index.hu,2026-04-21,Helyi ikonból Magyar Péter kormányába – mekkora lesz a kabát az új „élőminiszterre”?,https://index.hu/gazdasag/2026/04/21/tisza-kormany-2026-gajdos-laszlo-tisza-part-tisza-kormany-kormanyalakitas-miniszterium-kornyezetvedelem-fenntarthatosag/
d56685aedd0f3383a8b05b303df949c0b2b1508fa1752ed09b1d2270363ce46a,2026-04-21 07:27:09.360550+00:00,hu,index.hu,index.hu,2026-04-21,A Tisza kétharmada előtt a nagy kérdés: visszaadják-e a parlament hatalmát?,https://index.hu/velemeny/2026/04/21/tisza-part-valasztasi-program-ketharmad-parlament-orszaggyules-hazszabaly-reform/
fe8bab4f53534dde9a2fe31e6088a7b93a3acf7e205d938ea33e11eb0decf77f,2026-04-21 07:27:04.150430+00:00,hu,index.hu,index.hu,2026-04-21,"Karácsony Gergely fontos bejelentést tett, Budapest fellélegezhet",https://index.hu/gazdasag/2026/04/21/szolidaritasi-hozzajarulas-karacsony-gergely-budapest-allamkincstar-fovaros/
c595352234f1659fc5ce0dd2cc4c664ea9c8cbf6c957395822183872e36707be,2026-04-21 07:26:59.059393+00:00,hu,index.hu,index.hu,2026-04-21,"„Szétfröccsentett pénzek, nulla szakmaiság” – újabb terület képviselői tiltakoznak",https://index.hu/kultur/2026/04/21/gal-katalin-magyar-konyvkiadok-es-konyvterjesztok-egyesulesenek-mkke-nemzeti-kulturalis-alap-nka-irodalom-konyvek/
8052f0944f1aab285355c84922a505e983fc611476123788bd84b9bfc7fdecb7,2026-04-21 07:26:54.089937+00:00,hu,index.hu,index.hu,2026-04-21,"Kitört a pánik egy orosz cirkuszban, miután a nézők közé szaladt egy tigris",https://index.hu/kulfold/2026/04/21/cirkusz-tigris-kiszabadult-panik-szinpad-porond-oroszorszag/
3411f945f4cff99c939088ce71fe7a3e0e3713ebf386a923cd5891c2bdaae086,2026-04-21 07:26:49.288018+00:00,hu,index.hu,index.hu,2026-04-21,Emmanuel Macron: Magyarország új kormánya Európa hitelességét is megmentheti,https://index.hu/kulfold/2026/04/21/emmanuel-macron-donald-tusk-magyar-peter-ukrajna-hitel-tamogatas/
c7bf93d89ba1050813072fe8723f98d9f950092051e672aee2f1c00a8217f20d,2026-04-21 07:26:44.419313+00:00,hu,index.hu,index.hu,2026-04-21,Milliárdos médiaszakember is segítette a Tisza Párt választási kampányát,https://index.hu/belfold/2026/04/21/hollo-gabor-hirkereso-milliardos-tisza-part-kampany-valasztas-2026/
415d4b75006529fb4a2d1e694cad548413b31d29d013a28575fa602bf98b3bf3,2026-04-21 07:26:30.823862+00:00,hu,blikk.hu,blikk.hu,2026-04-21,"„Ott a telefonod” – Ókovács Szilveszter zokon vette, hogy Magyar Péter sajtótájékoztatón üzent neki, vissza is szólt",https://www.blikk.hu/politika/magyar-politika/magyar-peter-okovacs-szilveszter-operahaz/w4rhz9g
280a06de38fc8a0647cc5ff11756e4c33e5905eeaa17006fd4a2cde23b64207c,2026-04-21 07:26:01.991554+00:00,hu,blikk.hu,blikk.hu,2026-04-21,"Tim Cook 15 év után távozik az Apple éléről, már az utódja is megvan",https://www.blikk.hu/ferfiaknak/tech/apple-tim-cook-tavozas-valtas-john-ternus/1fnclv5
a189f386889c3701ee7fd7dee88e381f7422f35c0477cb46216f558ca893eedf,2026-04-21 07:25:56.771007+00:00,hu,blikk.hu,blikk.hu,2026-04-21,"Új trend a mosdók cseréje. A zuhanykabinok eltűnnek, ez lesz helyette",https://www.blikk.hu/eletmod/tippek/furdoszoba-wet-room-zuhanyfulke/kxyfe4l
a9faa7308ac8911370b690a01224e47513b19c1ff89635ce3174bf52935593cb,2026-04-21 07:25:49.289736+00:00,hu,blikk.hu,blikk.hu,2026-04-21,Repülés közben érezte először a fájdalmat – Műlábbal is rendőr akar maradni az alezredes,https://www.blikk.hu/aktualis/krimi/rendor-gyujtes-segitseg-protezis/byt8p8s
51fe542a7bba17bee4c44608d023f47d1002ef92df4ed6dab4cecd842f85dbc2,2026-04-21 07:25:44.451150+00:00,hu,blikk.hu,blikk.hu,2026-04-21,"Karácsony Gergely bejelentése a főváros sorsáról, vége a sarcolásnak?",https://www.blikk.hu/gazdasag/penz/karacsony-gergely-budapest-szolidaritasi-ado/kbp7l8k
0087aa5714dac1b21511f5a3708cf15138639b10633b6eae31a133752906a03c,2026-04-21 07:25:39.869737+00:00,hu,blikk.hu,blikk.hu,2026-04-21,Marsi Anikónak és Gönczi Gábornak üzent Erős Antónia és Szellő István? – Ezt mondták tegnap az RTL Híradóban,https://www.blikk.hu/sztarvilag/hazai-sztarok/eros-antonia-szello-istvan-gonczi-gabor-marsi-aniko-beszolas/5k6yhq9
cda9d5f5987294393c60fed0c89ddc70d8ab357e31418af94ca8e5b34a2e1d19,2026-04-21 07:25:31.701381+00:00,hu,blikk.hu,blikk.hu,2026-04-21,"Geszti Péter azt állítja, már ketten is kávézni hívták az új kormányból",https://www.blikk.hu/sztarvilag/hazai-sztarok/geszti-peter-kormany-kave/3m7mb90
a1c14f82862a481ea43e797f69a8c2c52db02b8fd84e80dbf7ab6b0f827ae3ef,2026-04-21 07:25:26.951987+00:00,hu,blikk.hu,blikk.hu,2026-04-21,A kormányzati túlhatalom és a képviselői mentelmi jog ellen küzd a Mi Hazánk az új parlamentben,https://www.blikk.hu/politika/magyar-politika/parlament-frakcio-mi-hazank-mentelmi-jog/0bjdsn2
977de8ad5f7709b59796aa6ecef4539a538986158d655a75151ad5e32749d3e2,2026-04-21 07:25:07.007276+00:00,hu,blikk.hu,blikk.hu,2026-04-21,"Bacskai Balázst teljesen összetörte a családja hiánya: ""Elveszett belőlem valami, nem tudom, mi segíthet""",https://www.blikk.hu/sztarvilag/hazai-sztarok/bacskai-balazs-exatlon-csalad/crww3gc
de3fe00cc90d710757659a689459f3f2e021583e0d6e12cb315ecf136dbf26a2,2026-04-21 07:24:55.603635+00:00,hu,blikk.hu,blikk.hu,2026-04-21,"Mérgezett HIPP-bébiétel: öt üveget már megtaláltak, de egy még mindig nem került elő",https://www.blikk.hu/aktualis/kulfold/hipp-bebietel-mergezes-ausztria-csehorszag-szlovakia/jvnklme
e58bfadae20d9bc87ca9642a8418ff5cfe4db68d14172bf3d337f927b16698d8,2026-04-21 07:24:49.023675+00:00,hu,blikk.hu,blikk.hu,2026-04-21,"Óriási a felháborodás, világszerte ez a kép terjed a közösségi médiában",https://www.blikk.hu/aktualis/kulfold/kozossegi-media-jezus-izrael/3vnxgc5
f17bcb3270cd7824d87a503ac3751d7505af08bafdece75a960e4c37e38aa663,2026-04-21 07:24:44.131104+00:00,hu,blikk.hu,blikk.hu,2026-04-21,"Folytatódik a parlament alakuló ülésének előkészítése, itt a keddi menetrend",https://www.blikk.hu/politika/magyar-politika/uj-orszaggyules-alakulo-ules-menetrend/2svwywv
4c7aa8b4e6343f85fa2b48d8b3e4b4aa09e529a30ae740ddc0a71aab944cfcc3,2026-04-21 07:24:38.124028+00:00,hu,blikk.hu,blikk.hu,2026-04-21,"El nem hinné, milyen munkákat vállal Détár Enikő szerelme, hogy megéljen",https://www.blikk.hu/sztarvilag/hazai-sztarok/detar-eniko-szerelme-munkak/03q7y5t
c90cbba7ae5473cde4d9317d32989839bbcf08fc3bbeaf0811f64bc5b13a60d9,2026-04-21 07:24:33.082743+00:00,hu,blikk.hu,blikk.hu,2026-04-21,"Úgy tűnik, hirtelen sikerül az ukránoknak megjavítani a Barátság kőolajvezetéket: ismét jöhet az orosz olaj Magyarországra",https://www.blikk.hu/aktualis/kulfold/baratsag-koolajvezetek-ukrajna-tranzit-orosz-koolaj/7g0257k
0326032aeb80cfe45ae74f241dadd78d263bed3cd2a627484d6c412a8f7c3732,2026-04-21 06:37:21.037342+00:00,hu,origo.hu,origo.hu,2026-04-21,"Irán nem döntött, hogy részt vesz-e az USA-val folytatandó tárgyalásokon",https://hirtv.origo.hu/hirtvkulfold/2026/04/iran-usa-beketargyalas
110f4d09e37b6681a7f07989758ffc379d9d821b63888b4b0d77c83179e92377,2026-04-21 06:36:38.317027+00:00,hu,origo.hu,origo.hu,2026-04-20,"Lelátó - Visszavonul Szucsánszki Zita, Milák Kristóf visszatért",https://hirtv.origo.hu/ahirtvhirei/2026/04/lelato-visszavonul-szucsanszki-zita-milak-kristof-visszatert
8efe26a42f4d75c76a30a1913e424b7b96f8be647c9f8e9bc506afa93a69cf03,2026-04-21 06:22:21.862002+00:00,hu,origo.hu,origo.hu,2026-04-21,Felrobbant a román foci: Gheorghe Hagi már most hadat üzent mindenkinek,https://www.origo.hu/sport/sport-futball/2026/04/gheorghe-hagi-romania-szovetsegi-kapitany-interju
b612b506b4b1a4f79d41f4b1736708db5ef83b2acb90c41405e932716775f007,2026-04-21 06:22:14.598731+00:00,hu,origo.hu,origo.hu,2026-04-21,Egy hetedik áldozata is van a kijevi vérfürdőnek,https://www.origo.hu/kulpol/2026/04/sokkolo-fejlemeny-a-kijevi-verfurdo-kapcsan-reszletek
eb86ff46b50f89a13e7f49d6b17761f1f729ce4a80d5c2930f62a814ba45cf30,2026-04-21 06:21:53.800525+00:00,hu,origo.hu,origo.hu,2026-04-21,"Öt varázslatos magyar arborétum, ahol tavasszal virágba borul a természet",https://www.origo.hu/utazas/2026/04/arboretumok-tavasszal-ot-csodaszep-botanikus-kert
66dcdbbf78c9e822bed137d8faaad418725da85be65ba5ccb0111c608dee666e,2026-04-21 06:21:48.700776+00:00,hu,origo.hu,origo.hu,2026-04-21,Iráni fegyverkereskedő bukott le Los Angelesben,https://www.origo.hu/kulpol/2026/04/irani-fegyverkereskedo-bukott-le-los-angelesben
bbbf030b70f15374ad5d7a7769a236c204d8643afa3c54cd4f61de88a6179552,2026-04-21 06:21:43.697462+00:00,hu,origo.hu,origo.hu,2026-04-21,Így telepszik rá Brüsszel Magyar Péter kormányára,https://www.origo.hu/kulpol/2026/04/europai-bizottsag-magyar-peter
26d7a6b37abfa95e022411816517baaac375ebe9e9fb2f5c4496e935050e5909,2026-04-21 06:21:37.960000+00:00,hu,origo.hu,origo.hu,2026-04-21,Végveszélybe került Velence,https://www.origo.hu/tudomany/2026/04/velence-megmentesere-kutatok-dolgoztak-ki-terveket
3ad011d89f23ddf95bc3f3f6996b84b6cdeffd508375153e1ce493b09c27016a,2026-04-21 06:21:32.656663+00:00,hu,origo.hu,origo.hu,2026-04-21,Itt a Mercedes-Benz csattanós válasza a BMW i3-asra,https://www.origo.hu/auto/2026/04/mercedes-benz-csattanos-valasz-a-bmw-i3-asra
07f4988a6b5fe0f1c7a7253e3b00d47169fa6792828710ce258fd3fdeaaf5bce,2026-04-21 06:21:19.006210+00:00,hu,origo.hu,origo.hu,2026-04-21,Ez a gyümölcs a legegészségesebb a szívednek,https://www.origo.hu/eletmod/2026/04/avokado-elonyei-sziv-egeszseg
93570762b508521408458deecad054993be533fba04f4ad718b952ddce570fa0,2026-04-21 06:21:13.588956+00:00,hu,origo.hu,origo.hu,2026-04-21,A testét alig takaró bikiniben pózolt Katie Price – tetoválásai mindenkit sokkoltak,https://www.origo.hu/nagyvilag/2026/04/katie-price-bikini-pozolt-tetovalas-mindenkit-sokkolt
157a44c902a0166ca357053b90bbadb21fbb10d4c954a4ba3eb678dae9f3135f,2026-04-21 06:20:48.190066+00:00,hu,origo.hu,origo.hu,2026-04-21,"Kiderült, melyek a legjobb hatótávú villanyautók – mutatjuk",https://www.origo.hu/auto/2026/04/elektromos-auto-mercedes-benz-bmw-hatotav
50ebcc8a94babd8a3de86c025a090948a3a9df2b240df23a952eab8743db6728,2026-04-21 06:20:33.957770+00:00,hu,origo.hu,origo.hu,2026-04-21,Elon Musk durván nekiment a migránsokat tömegesen legalizáló spanyol miniszterelnöknek – videó,https://www.origo.hu/kulpol/2026/04/musk-nekiment-sancheznek-migransok
8a8617bdc929bd387d8e8746ef2eb1752f79be443c79925d41da4a106349d9c1,2026-04-21 06:20:28.332474+00:00,hu,origo.hu,origo.hu,2026-04-21,Káosz jön? Új szabályok boríthatják fel az erőviszonyokat a Forma–1-ben,https://www.origo.hu/sport/f1/2026/04/forma-1-jelentos-valtoztatasok-szabalyok-2026-fia
dfd32d72fb8012ae5b1bfef5c8ec55b7d4aa78e17537fc296fb38c8c5409c1c5,2026-04-21 06:20:23.410052+00:00,hu,origo.hu,origo.hu,2026-04-21,Robert Redford és Paul Newman mindenkit átvernek: jön A nagy balhé a Netflixre,https://www.origo.hu/filmklub/2026/04/a-nagy-balhe-robert-redford-es-paul-newman-netflix
a31a3df9e0c7b92f8fb47cf7d0c7e43173bb8775d6d6a22dd9aeb7eb7da4de99,2026-04-21 06:20:18.400909+00:00,hu,origo.hu,origo.hu,2026-04-21,Vak embert ültettek a volánhoz – ezek megőrültek?,https://www.origo.hu/auto/2026/04/peugeot-vak-ember-ray-charles-auto
7808edf2eb51f7b66dc454e1dba48eef68f460a5b0d8e110fffb8d757ecc90b4,2026-04-21 06:20:13.723616+00:00,hu,origo.hu,origo.hu,2026-04-21,"Egy egyszerű szokás segíthet abban, hogy legyőzzük a stresszt",https://www.origo.hu/tudomany/2026/04/testmozgas-stressz
197582c31c871e6ecb8b2e32513a68313420dd8a9f25b958dbf31b356c1284cd,2026-04-21 06:20:08.495708+00:00,hu,origo.hu,origo.hu,2026-04-21,Csak az igazi filmrajongók tudják hibátlanul kitölteni – Ön köztük van?,https://www.origo.hu/itthon/2026/04/kviz-filek-szineszek-nehez
b0c0b832bbc561551295d3e4b1574c25c1aece96b67448a8632c031a155d1f33,2026-04-21 06:20:03.326156+00:00,hu,origo.hu,origo.hu,2026-04-21,"Halott rokonokkal beszélgethet, ha előfizet erre a szolgáltatásra",https://www.origo.hu/techbazis/2026/04/anya-halott-gyerek-mi-ai-avatar-videohivas-kina
0581dbad7019b0fd2adee4712d3b94f605e789bec6162505c711cb1b7f5d1cd2,2026-04-21 06:19:58.311904+00:00,hu,origo.hu,origo.hu,2026-04-21,Ezt nem fogja elhinni! Elszabadultak az indulatok a Muzsika TV-nél,https://www.origo.hu/itthon/2026/04/muzsika-tv-balhe-jogdij-eloadok
66e4aef4ee7e7e78c303b5c752dd94ed39ec6cd7b1d52d4a33c7b01cde4436bc,2026-04-21 06:19:41.974860+00:00,hu,origo.hu,origo.hu,2026-04-21,"Fájdalmas fordulatot vesz az időjárás, erre nem számítottunk!",https://www.origo.hu/itthon/2026/04/idojaras-lehules-zapor-szel-tavasz-kedd
fdc3a9e8d70effb326fa34dc26078f7d5ea766bd2bca1a375c3e7502b8417bfd,2026-04-21 06:19:32.567860+00:00,hu,origo.hu,origo.hu,2026-04-21,Botrányok és vészjósló kérdőjelek Magyar Péter kormányának első miniszterei körül,https://www.origo.hu/belpol/2026/04/magyar-peter-kormany-elso-miniszterei
e13566226205c9048bb1864a4f1703a5321222231efdcfc43285a1b4ae1d1b21,2026-04-21 05:31:39.197789+00:00,hu,blikk.hu,blikk.hu,2026-04-21,Együtt van még Stohl András és Kiss Kriszta? Most elárulták,https://www.blikk.hu/sztarvilag/hazai-sztarok/kiss-kriszta-stohl-andras-parkapcsolat-szuletesnap/bv56rqq
145de8610ddded36145e5d717a0e77c4ade4ff31f12758bfcc160034911dee42,2026-04-21 05:31:05.642299+00:00,hu,blikk.hu,blikk.hu,2026-04-21,"Tesztelje a tudását II. Erzsébet királynőről, aki most lenne 100 éves",https://www.blikk.hu/sztarvilag/nemzetkozi-sztarok/ii-erzsebet-angol-kiralyno-centenarium-kviz/f01dlsj
7a107d0d325da99f6de7d08a9ac0772f7b1a6cf502160ef977b419ded27ba880,2026-04-21 05:30:33.247549+00:00,hu,blikk.hu,blikk.hu,2026-04-21,Kapitány István belehúzott: máris tárgyalásokat kezdett a leendő gazdasági és energetikai miniszter – videó,https://www.blikk.hu/politika/magyar-politika/kapitany-istvan-targyalasok/czy4jjl
abc335ae9e9cd42a2ebaffa30d9afc6ee32f063b0dded01f2b6b3c2d852b406c,2026-04-21 05:30:11.711826+00:00,hu,blikk.hu,blikk.hu,2026-04-21,"Takarékon a tavasz: zivatar, villámlás és jégeső veszélye miatt figyelmeztetést adtak ki, éjjel fagy is lehet – Térképen a részletek",https://www.blikk.hu/aktualis/belfold/idojaras-ma-kedd-vihar-figyelmeztetes/6jrg3p2
64da297b1caaf7b72e44f51a5b9fc839f0d3800bb4bb7edf7a18b6735ea54483,2026-04-21 05:29:51.693381+00:00,hu,blikk.hu,blikk.hu,2026-04-21,"2026. április 21.: Három csillagjegy, akikre rákacsint a szerencse – Te köztük vagy?",https://www.blikk.hu/eletmod/lelek/2026-aprilis-21-szerencse-csillagjegy/wx68xrt
5740d1f58bdf24a12360b75cc836d92a7719a18ae0762abdd8b94e7f33b870af,2026-04-21 05:29:30.224206+00:00,hu,blikk.hu,blikk.hu,2026-04-21,Lopási hullám söpör végig Európán – így védekeznek most az autósok,https://www.blikk.hu/auto/visszapillanto-tukor-lopas/xqcm8bn
d1d7a02c7f0f152d110bfbbe29fe7200e148a04b0d05700a0a06e082ed3d3e30,2026-04-21 05:29:02.959910+00:00,hu,blikk.hu,blikk.hu,2026-04-21,"Mihez kezd Gáspár Evelin a kormányváltás után? Megnéztük, milyen területeken van tapasztalata",https://www.blikk.hu/sztarvilag/hazai-sztarok/gaspar-evelin-kormanyvaltas-valasztas-2026/9yy2q2v
b870b4a6b48902a6f533bb934c7ce4b655cec1d8ab02d24b51c7909941d4140d,2026-04-21 05:21:11.001001+00:00,hu,origo.hu,origo.hu,2026-04-21,Durva jelenetek a focimeccs előtt: daruval mentettek meg egy ejtőernyőst – videó,https://www.origo.hu/sport/sport-trashtalk/2026/04/ejtoernyos-amerikai-foci-baleset-stadion-kijelzo-video
de856d7be8f75dc08c1e0d3e82d0bcd5e8c643d32eb357865b8e95ef11693eb1,2026-04-21 05:21:05.585492+00:00,hu,origo.hu,origo.hu,2026-04-21,"Hozzányúl saját márkás termékei csomagolásához a Tesco, nagy váltás jön",https://www.origo.hu/gazdasag/2026/04/tesco-qr-kod-sajat-markas
4bbb3a8d07bc8745ff2ebbb0d6df38df2fd7df503cc30e5a4ae989ae6fddbfc2,2026-04-21 05:20:50.187918+00:00,hu,origo.hu,origo.hu,2026-04-21,Ezt már bukta a Fradi vagy még tud egy csapdát állítani a Győrnek?,https://www.origo.hu/sport/sport-futball/2026/04/fradi-gyor-eto-nb-i-szpiker-korner
6def8fa911741629523e95ed50d7cb6abc88cc50b7b495d9c96af6fbfa87c0c7,2026-04-21 05:20:33.899812+00:00,hu,origo.hu,origo.hu,2026-04-21,Miért nyírják ki a világ egyik legjobb thai-bokszolóját?,https://www.origo.hu/sport/sport-egyeni/2026/04/rodtang-one-championship-thai-boksz-bajnok-vita
747cca6acda3ea87e36a68791d41dcb94efedf78a40cd203dce1120a3f0e3fd8,2026-04-21 05:20:25.592962+00:00,hu,origo.hu,origo.hu,2026-04-21,"Rágyújtott vezetés közben, azonnal atomjaira robbant a kocsija – videó",https://www.origo.hu/auto/2026/04/robbanas-vezetes-cigaretta
368f82313d9bf36b7e86694563937b4ac7bf2e953b219c86d62c889e8d5b106c,2026-04-21 05:19:45.280948+00:00,hu,origo.hu,origo.hu,2026-04-21,A pályán törte el a nyakát Jürgen Klinsmann fia,https://www.origo.hu/sport/sport-futball/2026/04/jurgen-klinsmann-fia-jonathan-kapus-cesena-serules-nyak
c079429ce2a30a29f3fa2fa433ce9e4108267a75e65be72403fb9f2b75bb4678,2026-04-21 05:19:22.792876+00:00,hu,origo.hu,origo.hu,2026-04-21,Szoboszlai Dominik liverpooli legendák nyomában: így lett százados a Premier League-ben,https://www.origo.hu/sport/sport-futball/2026/04/szoboszlai-dominik-100-meccs-premier-league-liverpool
5ffe25cf4d9d2b14873b3860810a1246d369f382208eb7f4365698ce74a24f78,2026-04-21 04:32:20.917840+00:00,hu,index.hu,index.hu,2026-04-21,"Zárug Péter Farkas: Az érdekesség pártolt el a Fidesz mellől, és nem vette észre, hiába mondták neki",https://index.hu/belfold/2026/04/21/zarug-peter-farkas-interju-valasztas2026-orszaggyulesi-valaszasok-fidesz-kdnp-orban-viktor-tisza-part-magyar-peter/?utm_source=hirstart&utm_medium=referral&utm_campaign=ct
5ec450d20ef46306a1a8d8ccbc695944570f609d045b38639c80f33407cfc2fb,2026-04-21 04:18:51.237600+00:00,hu,blikk.hu,blikk.hu,2026-04-21,Az apjukkal együtt veszett nyoma 3 gyerekeknek – 10 napja senki nem látta a Haskó lányokat,https://www.blikk.hu/aktualis/krimi/eltunt-gyerek-apa-kiskunhalas/99j24n0
564b7e8eb5c722aa1d3b6831978084be5175aaccd913fcafb6452785e450e61a,2026-04-21 04:18:36.533792+00:00,hu,blikk.hu,blikk.hu,2026-04-21,"A töltési korlát valóban meghosszabbítja az akkumulátor életét, mégis kétséges, hogy van-e értelme",https://www.blikk.hu/ferfiaknak/tech/mobiltelefon-akkumulator-optimalizalt-toltes/6bvyb5p
73417a6733982316fac17dd31688f332398c0a1934f438a554d009e77df2b7ea,2026-04-21 04:18:30.724461+00:00,hu,blikk.hu,blikk.hu,2026-04-21,"Akinek van otthon klasszikus vízforralója, az kezd lemaradni – Mindenki imádja ezt az új terméket",https://www.blikk.hu/eletmod/tippek/vizforralo-uj-termek/yh4e751
6cdcdc5750f3fc023d996c2b5e89266e558b80bcb0cca5c6ba5d51d1e197c3e2,2026-04-21 04:18:26.477866+00:00,hu,blikk.hu,blikk.hu,2026-04-21,"Milyen technológiai újítások teszik valóban autonómmá a robotporszívókat, és hogyan választhatja ki a legjobban megfelelőt?",https://www.blikk.hu/ferfiaknak/tech/megfelelo-robotporszivo-kivalasztasa/dbsdcqd
1e8b8730e2e1befda75439744f516b9eb91e1b8cb999e781418e51524407ebf9,2026-04-21 04:17:41.493088+00:00,hu,blikk.hu,blikk.hu,2026-04-21,"Balhé a Muzsika TV-n: Kitáltalt a korábbi műsorvezető, a jogdíjaik felét követelték a képernyőre kerülésért cserébe?",https://www.blikk.hu/sztarvilag/hazai-sztarok/maroshegyi-alfred-szarvas-jozsef-josh-jogdij/8817r6m
a8c7b68f893029930eb9750e2c6bea2a962d07b95afa99629fc5ed0879d1e3eb,2026-04-21 01:35:47.429343+00:00,hu,origo.hu,origo.hu,2026-04-20,Elbukta a Fradi a bajnoki címet? Így reagált Kubatov Gábor,https://www.origo.hu/sport/2026/04/kubatov-gabor-eto-fc-fradi-facebook-uzenet-nb-i
3a112b051d0599dc8c06c4ec06cca1ae5b1d19838bde0342fb0857f02805d16a,2026-04-21 00:23:54.552196+00:00,hu,index.hu,index.hu,2026-04-21,"Mennyire igazodik el a jog bonyolult útvesztőiben, mi legális és illegális?",https://index.hu/bcs/2026/04/21/legalis-vagy-illegalis-tudas-kviz-pm/
810231076da7d36ab90969a3c2d1ea7c9d01ee67e1196447c9cd0dd3d67a85e0,2026-04-20 21:30:46.575273+00:00,hu,blikk.hu,blikk.hu,2026-04-20,Alföldi Róbert meglepő vallomást tett az állataival kapcsolatban,https://www.blikk.hu/sztarvilag/hazai-sztarok/alfoldi-robert-kutya-a-legjobb-ajanlat/22q26jv
ae9aa7a0fe83bb13fddec48056fb25b27dc0391a21644f0f912a241103562c70,2026-04-20 21:30:27.131863+00:00,hu,blikk.hu,blikk.hu,2026-04-20,Vészhelyzetek a focipályán: korábban Nyilasi Tibornak is kellett életet mentenie,https://www.blikk.hu/sport/magyar-foci/nyilasi-tibor-labdarugas-eletmentes-ajkai-kapus/1jdbw6c
177fc61be0bcff1329e9b6b10fb4ecbde48c5a0ed0504469d0ed2b6b6d801873,2026-04-20 21:30:19.440929+00:00,hu,blikk.hu,blikk.hu,2026-04-20,A szekrényben énekelte fel: Horváth Tamás előszedte húszéves dalát,https://www.blikk.hu/sztarvilag/hazai-sztarok/horvath-tamas-magyar-zene-dal/s30fr8x
8de029e256e3f6256cc9815a807dca6fb4537df7d6f46bc9f4fcd61a1bbce205,2026-04-20 21:30:14.740173+00:00,hu,blikk.hu,blikk.hu,2026-04-20,Ábel Anita szereti a változást: megszólalt a megújult Reggeliről,https://www.blikk.hu/sztarvilag/hazai-sztarok/abel-anita-reggeli-rtl-valtozas/vfvy3wv
33373e94112223796248a4485b57c26f367733f53a267f3784a461bc50444fbf,2026-04-20 21:30:02.877840+00:00,hu,blikk.hu,blikk.hu,2026-04-20,"Óriási meglepetés: bombagólok sokkolták, még nem jutott fel az NB I-be a Vasas – videó",https://www.blikk.hu/sport/magyar-foci/vasas-bvsc-eredmeny/py1pnn9
f78adf833d51c531074ab46f997aed63eb74d0e8e4a77acaf2d45ec53062ab0a,2026-04-20 21:23:13.259490+00:00,hu,origo.hu,origo.hu,2026-04-20,Horror a cirkuszban: tigris szabadult a nézők közé – pánik tört ki a lelátón! – videó,https://www.origo.hu/nagyvilag/2026/04/tigris-szabadult-nezok-koze-panik-tort-ki-video
16bae36c4c0c5690a4743ae5449f2ce557ea15a39a2714a3831e265ac937913a,2026-04-20 21:22:51.232164+00:00,hu,origo.hu,origo.hu,2026-04-20,Saját várrommal eladó ez a 900 éves kastély – mi beköltöznénk!,https://www.origo.hu/nagyvilag/2026/04/kastely-keresi-uj-tulajdonosat-angliaban
6de6909ffcc4bae49f51b90dca516a5365540dc5e1bc7b57e3e8a226f2bc090c,2026-04-20 21:22:45.396353+00:00,hu,origo.hu,origo.hu,2026-04-20,"Ember kontra kenguru – nem hiszi el, melyikük nyert!",https://www.origo.hu/nagyvilag/2026/04/kenguru-ausztralia-boksz-verekedes-video
1e200ddaff2525708738e3da0491333d3730820f5633be3903bce95488a883e6,2026-04-20 21:22:36.100260+00:00,hu,origo.hu,origo.hu,2026-04-20,A malacok vethetnek véget a transzplantációs várólistáknak,https://www.origo.hu/tudomany/2026/04/transzplantacio-malacok-varolistak
1ea0765e738e9aaad20f6de23c2a6c3bf6cb3ee70969f29cfdb6da46aed35a22,2026-04-20 21:22:27.611199+00:00,hu,origo.hu,origo.hu,2026-04-20,"Kutyakínzás sokkolta Borsodivánkát, légpuskával végzett saját állatával az idős férfi",https://www.origo.hu/kek-hirek/2026/04/kutyakinzas-borsodivanka-legpuska-kutya
c017c3c5f5a405d052f0bf16556400ddf2ec6229bb3c75e29f297e4ba2f0d674,2026-04-20 21:22:18.726583+00:00,hu,origo.hu,origo.hu,2026-04-20,Döbbenet: szinte agyonverték a rendőrt a focihuligánok – videó,https://www.origo.hu/sport/sport-futball/2026/04/focihuligan-rendor-merkozes-verekedes-video
1258cc92a3fe8545b997d33d3a299596ac1c7585e89eabe729b73dcb01e2b950,2026-04-20 21:21:32.103817+00:00,hu,origo.hu,origo.hu,2026-04-20,"Soha nem látott részletességgel térképezték fel az univerzumot; megdöbbentő, mit keresnek",https://www.origo.hu/nagyvilag/2026/04/univerzum-terkepe-galaxis-vilagegyetem
097a432e6b4cea8cd1162649b2e5cefdc3b55291c16e9916e8bcd6dd2196358a,2026-04-20 21:21:27.120662+00:00,hu,origo.hu,origo.hu,2026-04-20,Egy bolíviai múmia foga átírhatja a történelemkönyveket – nem az európaiak hozták a skarlátot?!,https://www.origo.hu/nagyvilag/2026/04/skarlat-boliviai-mumia-foga-atirhat-tortenelemkonyvek
81e5a672fd4b67421da64582a3a50ed5dbd1af9fee6f597f40a074e3ae57e1a9,2026-04-20 21:21:22.638095+00:00,hu,origo.hu,origo.hu,2026-04-20,Erre még várni kell: a BVSC elhalasztotta a Vasas feljutását,https://www.origo.hu/sport/sport-futball/2026/04/vasas-bvsc-nb-ii-feljutas-elnapolas
f97c8c34bab44dfdfa6ed0686703c1b3a2cb7598924f26f53e298dc16cb9a838,2026-04-20 21:21:16.795192+00:00,hu,origo.hu,origo.hu,2026-04-20,Kiakadt az Arsenal brazil csillaga: „tizenegy trófeát nyertem itt”,https://www.origo.hu/sport/sport-futball/2026/04/arsenal-jesus-manchester-city-premier-league-rangado
9fd50bb018bc40af2dc344c09c3aba869a74dcee5e5c8a0019a9665e7d472415,2026-04-20 21:21:11.954320+00:00,hu,origo.hu,origo.hu,2026-04-20,Nyugdíjba küldték a Nemzeti Nyomozó Iroda munkatársát – 1200 bevetést tudhat maga mögött,https://www.origo.hu/itthon/2026/04/tico-nyugdijba-vonult-a-legendas-magyar-rendorkutya
319be27a73b7841e5be8b7dae85129e0d78821041bdc7856e3eb8f666875d85a,2026-04-20 21:21:07.501027+00:00,hu,origo.hu,origo.hu,2026-04-20,Brutális szigor az úszóknál: Sós Csaba többeket is itthon hagyhat az Eb-ről,https://www.origo.hu/sport/sport-egyeni/2026/04/uszo-sos-csaba-eb-orszagos-bajnoksag-idoeredmeny
8573de460098db0646b0f968336cf59b697d2f2153cc1751c9451ada643a292e,2026-04-20 21:21:01.033619+00:00,hu,origo.hu,origo.hu,2026-04-20,"Bicskás rém tartja rettegésben Újbudát, nőket fenyeget és házakba tör be",https://www.origo.hu/kek-hirek/2026/04/bicskas-rem-ujbuda-etele-ut-fenyegetes
e431186dd058f4d561987c4fc6d91bc567a431eb2c0d389cc6e6856c2ba74efe,2026-04-20 21:20:54.551756+00:00,hu,origo.hu,origo.hu,2026-04-20,"A sofőr miatt halt meg egy 9 éves kisgyermek, mégsem kell börtönbe mennie",https://www.origo.hu/kek-hirek/2026/04/sofor-kisgyermek-halott
3bfdcf9d2e75838bd6d6fe84400a526f19570d2cd2a5fd89f5cf7d2e262203e4,2026-04-20 21:18:56.551357+00:00,hu,origo.hu,origo.hu,2026-04-20,Monitor - Kocsis Máté tiszta vizet öntött a pohárba,https://hirtv.origo.hu/ahirtvhirei/2026/04/monitor-kocsis-mate-tiszta-vizet-ontott-a-poharba
10f847c06a95f5662aa3ec4d25b7602789e6edd04913c1c19a7f86eb5967f644,2026-04-20 21:18:50.801584+00:00,hu,origo.hu,origo.hu,2026-04-20,A patrióta oldalon most a megújulásnak van itt az ideje,https://hirtv.origo.hu/ahirtvhirei/2026/04/a-patriota-oldalon-most-a-megujulasnak-van-itt-az-ideje
6cccfe1693c17bb8d02b9fd4cddf7ad331dce2c0bab34f69b20622c0e4782003,2026-04-20 21:18:46.251750+00:00,hu,origo.hu,origo.hu,2026-04-20,Hamarosan megindulhat a kőolajszállítás Magyarország felé,https://hirtv.origo.hu/hirtv-gazdasagi-hirei/2026/04/baratsag-koolajvezetek-koolajszallitas-magyarorszag
286d18a2766b4e1a3cdda0af23143ef0730ac4f10cf0f8cc98f03a2c74de9a95,2026-04-20 21:18:40.524999+00:00,hu,origo.hu,origo.hu,2026-04-20,„Helyhiány” miatt maradt a Hungexpo kapui előtt a HírTV stábja a Tisza Párt eseményén,https://hirtv.origo.hu/ahirtvhirei/2026/04/helyhiany-miatt-maradt-a-hungexpo-kapui-elott-a-hirtv-stabja-a-tisza-part-esemenyen
5be1bb3214f869696a7bea9c75a75549925af8892b33c9adadc611e76657298d,2026-04-20 21:18:35.654557+00:00,hu,origo.hu,origo.hu,2026-04-20,Felfüggesztették az olasz fuvarozók sztrájkját egy baleset miatt,https://hirtv.origo.hu/hirtvkulfold/2026/04/olaszorszag-sztrajk-fuvarozo
358442f99b0a37bb8a3c7b4f654df8905acade292f70a64614a7a39312814cc2,2026-04-20 21:18:30.471404+00:00,hu,origo.hu,origo.hu,2026-04-20,Zelenszkij visszakéri a 27 milliárdos „aprópénzt”,https://hirtv.origo.hu/hirtvkulfold/2026/04/zelenszkij-visszakerne-a-gyanus-milliardokat-az-uj-magyar-szovetsegesetol
47c1f19a5bcf59932835a831dceefaea12e313bd5e13b4f8f53fa881cb70a1ff,2026-04-20 21:18:26.192461+00:00,hu,origo.hu,origo.hu,2026-04-20,Meredeken emelkedtek a lakásárak idehaza,https://hirtv.origo.hu/ahirtvhirei/2026/04/meredeken-emelkedtek-a-lakasarak-idehaza
7e95aef9f57fc00309a6c5d2994c11860105bcbcf1f781827923dd6d58bc4ffd,2026-04-20 21:18:20.997448+00:00,hu,origo.hu,origo.hu,2026-04-20,"Kocsis Máté elárulta, miért jön sötét korszak",https://hirtv.origo.hu/ahirtvhirei/2026/04/kocsis-mate-elarulta-miert-jon-sotet-korszak
bacd8a10bb7cab078c7b6d0b592a8319af06f9fb8245300cd0a5cc11dd174849,2026-04-20 21:18:16.524893+00:00,hu,origo.hu,origo.hu,2026-04-20,Ismét nő az olaj ára az újabb összecsapás miatt,https://hirtv.origo.hu/hirtv-gazdasagi-hirei/2026/04/iran-usa-hormuzi-szoros-olajar
37e940e45aa61879b57a0453400f3638946dc45879719d43ca85c0a41a7b39fe,2026-04-20 21:18:10.807717+00:00,hu,origo.hu,origo.hu,2026-04-20,A Tisza Párt helyben is szét akarja zúzni a Fidesz szervezetét,https://hirtv.origo.hu/ahirtvhirei/2026/04/tisza-part-fidesz-onkormanyzati-valasztas
9434d3d05c059a9b5451f95293772dacaa3f595460ade9369d74fa88a9f6e778,2026-04-20 21:18:05.783064+00:00,hu,origo.hu,origo.hu,2026-04-20,Behálóz minket a közösségi média?,https://hirtv.origo.hu/ahirtvhirei/2026/04/behaloz-minket-a-kozossegi-media
8c38eb1a2718ead502aa867ae4e3348a4c1ca85a114431e366cd1eecfd306a87,2026-04-20 21:18:00.714572+00:00,hu,origo.hu,origo.hu,2026-04-20,Első alkalommal tart frakcióülést a Tisza Párt,https://hirtv.origo.hu/ahirtvhirei/2026/04/frakcioules-tisza-part
0fc44b5f26e6f7369f23c4eb557322617820f9d023248e191f88275a901deaac,2026-04-20 21:17:55.997843+00:00,hu,origo.hu,origo.hu,2026-04-20,Az iráni háború miatt 18 százalékos élelmiszer-infláció fenyegeti Olaszországot,https://hirtv.origo.hu/hirtvkulfold/2026/04/az-irani-haboru-miatt-18-szazalekos-elelmiszer-inflacio-fenyegeti-olaszorszagot
3918d435851d0a6ec63d363171e4ce3ef97f3dc15616c5bc0c9e95c4cfe455cc,2026-04-20 21:17:50.555496+00:00,hu,origo.hu,origo.hu,2026-04-20,Forsthoffer Ágnest jelöli az Országgyűlés elnökének Magyar Péter,https://hirtv.origo.hu/ahirtvhirei/2026/04/tisza-part-forsthoffer-agnes
ef5f5f1870e3117e9b14205076edbeb0f02c457757be9fe923d12ded9875469b,2026-04-20 21:17:46.443203+00:00,hu,origo.hu,origo.hu,2026-04-20,Komment - Vajon mi minden fog még kiderülni?,https://hirtv.origo.hu/ahirtvhirei/2026/04/komment-vajon-mi-minden-fog-meg-kiderulni
f21cb0d80574e387f1049dfa0ac68135a5b013680cef6cda0eca6c84a2963b54,2026-04-20 21:17:41.974163+00:00,hu,origo.hu,origo.hu,2026-04-20,Széteshet a román koalíció a megszorítások miatt,https://hirtv.origo.hu/hirtvkulfold/2026/04/szeteshet-a-roman-koalicio-a-megszoritasok-miatt
22f58c24ccd41197d4185f30cc675815c3a28605be2235f0c9435c3b886be28c,2026-04-20 21:17:37.565533+00:00,hu,origo.hu,origo.hu,2026-04-20,A bolgár választás győzelméhez az EU-val szembeni kritikusság is közrejátszhatott,https://hirtv.origo.hu/hirtvkulfold/2026/04/bolgar-valasztas-rumen-radev
4fb4c29a6bb910901989dbec27be490e756911411502961a1f3f8c9a03de4600,2026-04-20 21:17:31.894634+00:00,hu,origo.hu,origo.hu,2026-04-20,Új védelmi szövetséget hozna létre az unió védelmi biztosa,https://hirtv.origo.hu/hirtvkulfold/2026/04/uj-vedelmi-szovetseget-hozna-letre-az-unio-vedelmi-biztosa
d82a2d5229a4649f9d68f1741d42c14a211cabaf8d906e801b3a3c04015f1f5b,2026-04-20 21:17:26.557914+00:00,hu,origo.hu,origo.hu,2026-04-20,Nem találtak jelentős szennyezést az akkumulátorgyárak környezetében,https://hirtv.origo.hu/hirtv-gazdasagi-hirei/2026/04/nem-talaltak-jelentos-szennyezest-az-akkumulatorgyarak-kornyezeteben
3c1f67b4f190d3d1fdaac9c1c3ff616d51fdfe87a90af8dc4e22f045227a8644,2026-04-20 21:17:22.413454+00:00,hu,origo.hu,origo.hu,2026-04-20,Radioaktív kukoricával van dolgunk?,https://hirtv.origo.hu/hirtvkulfold/2026/04/radioaktiv-kukoricaval-van-dolgunk
c4eddbc58504885a8c0d728960ec4239995b3df0a6996e295550f904c1aaf68d,2026-04-20 21:17:18.776712+00:00,hu,origo.hu,origo.hu,2026-04-20,Összement a Hungexpo? Kínos indokkal tiltották ki stábunkat Magyar Péterék,https://hirtv.origo.hu/ahirtvhirei/2026/04/osszement-a-hungexpo-kinos-indokkal-tiltottak-ki-stabunkat-magyar-peterek
4928f6e1c7476b6bc15e1b16e38edf7e07c4f4d5d4fe7ee478ec56fcd974d15b,2026-04-20 21:17:13.070921+00:00,hu,origo.hu,origo.hu,2026-04-20,Nincs határértéket meghaladó szennyezés a hazai akkumulátor-gyárak környezetében,https://hirtv.origo.hu/ahirtvhirei/2026/04/nincs-hatarerteket-meghalado-szennyezes-a-hazai-akkumulator-gyarak-kornyezeteben
8138200abd0a1b64310fa7b6a4dced921a7b905587d77cb83cceb47b1e132817,2026-04-20 21:17:11.313855+00:00,hu,origo.hu,origo.hu,2026-04-20,"Vezércikk - Alakul a molekula, avagy a Tisza-kormány",https://hirtv.origo.hu/ahirtvhirei/2026/04/vezercikk-alakul-a-molekula-avagy-a-tisza-kormany
7e5ba2641be0c6303a1809558749d5a49b21686d1bebb748e6fc604d1fd56a09,2026-04-20 20:41:52.058826+00:00,hu,index.hu,index.hu,2026-04-20,A Mészáros Csoport szerint szabályos osztalékkifizetés történt az Envirotisban,https://index.hu/gazdasag/2026/04/20/meszaros-lorinc-envirotis-holding-4-4-milliard-magantokealap-vagyonkimentes/
9a24474316aac1ed0f835966f2c8db173ef439a10e1353908be779213abe89a8,2026-04-20 20:41:47.225905+00:00,hu,index.hu,index.hu,2026-04-20,"Nem csak várja az irányt, mutatná is Magyar Péteréknek a kulcságazat",https://index.hu/gazdasag/2026/04/20/epitoipar-epitoanyag-epitkezes-unios-tamogatas-evosz-koji-laszlo-tisza-part-tisza-kormany-magyar-peter/
bd5276f7558be5434766fb774b96b19fe4610d89f3da2d9f81544cb30c0c1455,2026-04-20 20:41:39.748261+00:00,hu,index.hu,index.hu,2026-04-20,Nem tartja valószínűnek az Iránnal kötött tűzszünet meghosszabbítását Donald Trump,https://index.hu/kulfold/2026/04/20/donald-trump-egyesult-allamok-elnok-iran-konfliktus-tuzszunet-meghosszabbitas-interju/
b7e7376b3e36fe09a74647ef14944b3d1ba7c864f6a6ab782cdb0f1b7845629f,2026-04-20 20:41:30.916738+00:00,hu,index.hu,index.hu,2026-04-20,"„A családomat áldoztam be” – Tóth Vera elárulta, milyen a viszonya Tóth Gabival a választás után",https://index.hu/mindekozben/poszt/2026/04/20/toth-vera-politika-velemeny-tisza-part-csalad-tevemusorok/
cb75b1d264c6603ca9581ff8352bf348dc9a55d5c5a613ea25e09c4569c9bbfe,2026-04-20 20:41:11.660113+00:00,hu,index.hu,index.hu,2026-04-20,"Jákob Zoltán retusálatlan akkor és most fotókkal jelentkezett, ennyit változott öt év alatt",https://index.hu/mindekozben/poszt/2026/04/20/jakob-zoltan-akkor-es-most-foto-valtozas/
069e087f362fd6235e7f94c7100451d90e5464d00fa088fe6300580dd281a4b5,2026-04-20 20:40:58.823776+00:00,hu,index.hu,index.hu,2026-04-20,Kulcsfontosságú határátkelőhely nyílt meg Irak és Szíria között több mint egy évtized után,https://index.hu/kulfold/2026/04/20/hataratkelohely-megnyilt-irak-sziria-szarafoldi-olajszallitas-irani-haboru-kozel-keleti-konfliktus-uzemanyag/
7a52b2e69bf0fbebbf1ae975b9f8bfce6f5b373689a05cee25e2f691b90db96f,2026-04-20 20:40:42.007654+00:00,hu,index.hu,index.hu,2026-04-20,Itt a fordulat: felülírták az MBH Bank csapatának kizárását,https://index.hu/sport/bringa/2026/04/20/kerekpar-tour-de-hongrie-2026-mbh-bank-indulas-makrai-balint-dopping-eisenkrammer-karoly/
30a88c2028181561e8bbac576e14c90873a271ab93670fc81883eddb9bf067f2,2026-04-20 20:40:30.727502+00:00,hu,index.hu,index.hu,2026-04-20,Népszavazással dönthetnének a magyarok a köztársasági elnökről,https://index.hu/belfold/2026/04/20/nepszavazas-magyar-peter-sulyok-tamas-koztarsasagi-elnok-kezdemenyezes-valasztopolgarok/
928b29cdccb66465f3a989053b10a0f8c7cebfb251b62a3b6eb92cbf43356337,2026-04-20 20:40:23.996697+00:00,hu,index.hu,index.hu,2026-04-20,"Ez a kemikália a felelős azért, ha kisebb pénisszel születik egy férfi",https://index.hu/fomo/2026/04/20/netflix-dokumentumfilm-plastic-detox-muanyag-szennyezes-kornyezetvedelem/
a0e4c166d52c09af274dfdd7eb4c980b85b5911245cc5b418b492556dd26c0f6,2026-04-20 20:40:18.683236+00:00,hu,index.hu,index.hu,2026-04-20,Két mentor is távozik az X-Faktorból,https://index.hu/fomo/2026/04/20/toth-andi-valkusz-milan-x-faktor-tehetsegkutato-mentor-musor-show-valmar/
f4ec8d2e8d2f2947b80a0e1bddddc51636059b702bb8e70dc5e9074ef11101dc,2026-04-20 20:40:14.044658+00:00,hu,index.hu,index.hu,2026-04-20,"„Baj van, de nem akkora, mint 2008-ban” – Oszkó Péter elmondta, mi vár a Tisza-kormányra",https://index.hu/belfold/2026/04/20/oszko-peter-penzugyminiszter-bajnai-gordon-kormany-atv-egyenes-beszed-interju/
19b5e2123967f0598f72215edcaa14dc446f60dbac0dc0b730da48166f99dae6,2026-04-20 20:40:08.680638+00:00,hu,index.hu,index.hu,2026-04-20,„Ott a telefonod” – Ókovács Szilveszter visszaszólt Magyar Péternek,https://index.hu/belfold/2026/04/20/operahaz-foigazgato-okovacs-szilveszter-magyar-peter-sajtotajekoztato-benjamin-netanjahu-icc-nemzetkozi-buntetobirosag/
5829b88f6e5c8afc66c756b8d9e192770893215e9a63c64c82a0e16596858050,2026-04-20 20:39:59.660465+00:00,hu,index.hu,index.hu,2026-04-20,Szijjártó Péterrel és Nagy Mártonnal egyeztettek a Tisza-kormány leendő miniszterei,https://index.hu/belfold/2026/04/20/kapitany-istvan-karman-andras-orban-anita-szijjarto-peter-nagy-marton-egyeztetes-tisza-part/
cfe76addd6ca99ee83e796a9298172b30cc574a4ceeedcc12284f303dc982d37,2026-04-20 20:39:38.087618+00:00,hu,index.hu,index.hu,2026-04-20,"Ugyanoda tér vissza, ahonnan Orbán kirúgatta – Ruszin-Szendi Romulusz a Tisza-kormány honvédelmi minisztere",https://index.hu/belfold/2026/04/20/orban-viktor-ruszin-szendi-romulusz-tisza-part-kormany-magyar-peter-2026-honvedelem-miniszter/
656bbb83f4ffd3dc150aa9e99ec521df233c2eee29175bae43418a4198f09264,2026-04-20 20:39:33.627872+00:00,hu,index.hu,index.hu,2026-04-20,"Bíróság előtt a bukott miniszterelnök felesége, 6,6 milliárddal tartozik egy ékszercégnek",https://index.hu/fomo/2026/04/20/rosmah-mansor-malajzia-miniszterelnok-korrupcio-penzmosas-csalas-botrany-ekszer/
774bb1353b88b6da7f73a7baf9db8701626db666bf2e5bc37ce029fd95b587db,2026-04-20 20:39:28.073243+00:00,hu,index.hu,index.hu,2026-04-20,"Vitézy Dávid: A Fidesz, a DK és Karácsony akadályozták meg a sok százmilliós prémium kivizsgálását",https://index.hu/belfold/2026/04/20/vitezy-david-fidesz-dk-karacsony-gergely-tisza-part-bkm-kivizsgalas-negyszaz-millio-premium-jutalom/
eff99584182dd37e85f741cab848dea5b63d488b5b97a7e3f0c948c85e5af0cd,2026-04-20 20:39:11.975032+00:00,hu,index.hu,index.hu,2026-04-20,"Jogi következményekkel nézhet szembe Elon Musk, nem jelent meg a chatbotja körüli botrány miatti kihallgatáson",https://index.hu/kulfold/2026/04/20/elon-musk-x-visszaeles-szexualis-zaklatas-franciaorszag-linda-yaccarino-nyomozas-ugyeszseg/
5d9792d37ffc355eaf5f49f311698155f23b57cb86c4d20ddab7ef12893524d7,2026-04-20 20:39:05.919808+00:00,hu,index.hu,index.hu,2026-04-20,"Jelentős változások jönnek a Formula–1-ben, már a hétvégi versenyen életbe lépnek az új szabályok",https://index.hu/sport/forma1/2026/04/20/formula-1-2026-miami-nagydij-szabalyvaltoztatasok/
694f4f9779506da93d449bd2278a0e9a2b9b6322204d360db9ca53a0ac87f5a8,2026-04-20 20:39:01.648352+00:00,hu,index.hu,index.hu,2026-04-20,"„5000 eurót fizetek” – Külföldi férfitól kapott extrém ajánlatot Peller Anna, nem véletlenül",https://index.hu/mindekozben/poszt/2026/04/20/peller-anna-ferfiak-ajanlat-penz-rajongo-uzenet/
fa6d548332e1a727d8aba2c76f542e37e08fded56dafdbee506bcf4ecf8ecf2c,2026-04-20 20:38:55.896860+00:00,hu,index.hu,index.hu,2026-04-20,Az idegek harcában a Real Madrid fiataljai nyerték meg a Bajnokok Ligáját,https://index.hu/sport/futball/2026/04/20/ifjusagi-bajnokok-ligaja-2025-2026-donto-real-madrid-fc-bruges/
3e234a035a3480496d737f2729d8eab362f20dc838c7f5248b24e413927fbac0,2026-04-20 20:38:50.628989+00:00,hu,index.hu,index.hu,2026-04-20,"Élő adásban jelentette be a Fox News műsorvezetője, hogy nem vallja magát többé katolikusnak, és a pápát is bírálta",https://index.hu/kulfold/2026/04/20/sean-hannity-fox-news-musorvezeto-katolikus-vallas-donald-trump-xiv.-leo-papa/
bc9c327c3de5ac7e04d111c646bb69f0e2d1169c42b1e3acc87560bce845c986,2026-04-20 20:38:45.769544+00:00,hu,index.hu,index.hu,2026-04-20,"Videón, ahogy az Egyesült Államok elfogja az iráni teherhajót a Perzsa-öbölben",https://index.hu/kulfold/2026/04/20/egyesult-allamok-iran-donald-trump-tuzszunet-tengeri-blokad-obol-elfogott-tehethajo/
d1b3217381ead8ad1e1955a39ea06fbad8aabf92ac2a028c386b93dade9dcd42,2026-04-20 20:38:41.010926+00:00,hu,index.hu,index.hu,2026-04-20,Silverstone-ban teszi meg a következő lépést F1-es álmai feé Molnár Martin,https://index.hu/sport/motorsport/2026/04/20/molnar-martin-f1-formula-1-brit-forma-3-totalcar-totalrace-podcast-sportcast-autosport-rodin/
fe02ecaa20d73723d32ba4e8d1b966a1d7f8e0815740060059861602c4e4fe87,2026-04-20 20:27:12.412324+00:00,hu,blikk.hu,blikk.hu,2026-04-20,Itt a bejelentés: Drasztikusan változik a Forma–1 szabálya,https://www.blikk.hu/sport/forma-1-fia-max-verstappen-szabalyvaltozas/pf1s019
b8dc57f31705a2540b810a82195d89a45ad185d55420d37d71deb92fb4f72bf0,2026-04-20 20:26:45.655767+00:00,hu,blikk.hu,blikk.hu,2026-04-20,„Jöhet a baba” – az összeköltözés után máris szintet lépne a Házasság első látásra sztárja,https://www.blikk.hu/sztarvilag/hazai-sztarok/hazassag-elso-latasra-jagicza-peter-gyerekvallalas/dfcxx22
095158d13721e11c4ab4ca46c6a086c201c08ace68261b68914902bb6bb62d66,2026-04-20 20:26:34.849392+00:00,hu,blikk.hu,blikk.hu,2026-04-20,Meghalt Horváth István,https://www.blikk.hu/sport/horvath-istvan-gyasz/hrv2llp
ed0a8a694f4a4153e9d05302b98df4a2e492c8ab588f34339983e0cbd40aeb7a,2026-04-20 20:26:10.241960+00:00,hu,blikk.hu,blikk.hu,2026-04-20,"Fluor Tomi színt vallott, ezért nem lépett fel a Rendszerbontó Nagykoncerten",https://www.blikk.hu/sztarvilag/hazai-sztarok/rendszerbonto-nagykoncert-fluor-tomi-hosok-tere/1k6zgnl
ed0b6dc408c662e2af5dbd2d09241155d8908dd3332868449217dba22e1d26b5,2026-04-20 20:26:05.767759+00:00,hu,blikk.hu,blikk.hu,2026-04-20,Elfogyott a pénz: az egész országban felfüggesztették a népszerű otthonfelújítási programot,https://www.blikk.hu/gazdasag/penz/otthonfelujitasi-program-teljes-felfuggesztes/6l7f192
fd5ff1ade2f5c4924db4c04e45305067f40647f874df6a314ccfd45b1f025ce7,2026-04-20 19:37:30.970921+00:00,hu,blikk.hu,blikk.hu,2026-04-20,A dühöngő bíró kiütötte és megalázta női focistát – ezzel magyarázta tettét,https://www.blikk.hu/sport/kulfoldi-foci/stokkem-vv-balhe-noi-foci-biro-kiutes/6ehfkqe
6775c11951a450db2848e4d16b0fd8a9e1161a873c51042a701af6ecbabef3db,2026-04-20 19:36:41.830718+00:00,hu,blikk.hu,blikk.hu,2026-04-20,Horváth Gréta pajtakonyhája ingyenes közösségi térként nyílik meg,https://www.blikk.hu/sztarvilag/hazai-sztarok/horvath-greta-pajta-konyha-ingyen/gq9vdep
3a0a5495aeca8e4a3536137cfd7800abb22c4cf85352ee0f535478c118d0a2c3,2026-04-20 19:28:50.480158+00:00,hu,blikk.hu,blikk.hu,2026-04-20,Az MLSZ is megszólalt az ETO–Fradi csúcsrangadó vitatható góljáról – ezt válaszolta a szövetség,https://www.blikk.hu/sport/magyar-foci/eto-fc-ferencvaros-mlsz-gol/hxlmcjn
bd449d53fb77bf783c6a91d2d6c2bf33d2fbc209ad628db08f451b9ce8749a49,2026-04-20 19:28:24.194743+00:00,hu,blikk.hu,blikk.hu,2026-04-20,Itt a nagy bejelentés az X-Faktorról: két mentor is távozik a műsorból,https://www.blikk.hu/sztarvilag/hazai-sztarok/x-faktor-mentorok-valtozas/1jt167e
baa936d31bece7bfa2a2143829dbda18cc81862387554f034bd1671037c87e26,2026-04-20 19:27:52.979145+00:00,hu,blikk.hu,blikk.hu,2026-04-20,Új hír érkezett Oszter Alexandra súlyos balesetet szenvedett fiának állapotáról – így van most,https://www.blikk.hu/sztarvilag/hazai-sztarok/oszter-alexandra-fia/t10zh3l
cfdfe0fa82658f657d90fc0ca92f728de895d99c5d90f791956603df3879a44a,2026-04-20 19:27:48.210858+00:00,hu,blikk.hu,blikk.hu,2026-04-20,A magyarokat is nagyon jól ismeri Tóth Alexék új vezetőedzője,https://www.blikk.hu/sport/kulfoldi-foci/toth-alex-bournemouth-marco-rose-edzo-kinevezes/0zjqbth
d5ff643b4e9f6c7870bfe6083ce8891001285eedb8c5ab35fc31c1ac8b32aa74,2026-04-20 19:26:49.593940+00:00,hu,origo.hu,origo.hu,2026-04-20,Eva gömbölyű mellein megcsillan az izzadság – tűzforró fotók,https://www.origo.hu/nagyvilag/2026/04/szexi-modell-bikinis-fotok-erotikus
fa7a4042d5624fb18b7062d71536dad9d64d57c9c5351eba725d0814f9be24c0,2026-04-20 19:26:45.475609+00:00,hu,origo.hu,origo.hu,2026-04-20,"Gyilkosság miatt áll bíróság elé az apa, brutálisan végzett öt hónapos kislányával",https://www.origo.hu/kek-hirek/2026/04/gyilkossag-apa-kislany-gyula-birosag
23da2dd1158dac2ae31d9fa2b6a3cbf5f499952e6d4d01a853244c84cf9b6dfb,2026-04-20 19:26:35.108608+00:00,hu,origo.hu,origo.hu,2026-04-20,"Sikoltozó majmok, vergődő kutyák: állatkísérletekről szivárogtak ki titkos laborvideók",https://www.origo.hu/nagyvilag/2026/04/allatkiserlet-sikoltozo-majmok-vergodo-kutyak-videok
6d55d21b0661606781bf85d7a396a26d7c4af07044797c0b9eaab3eee9499155,2026-04-20 19:26:29.698842+00:00,hu,origo.hu,origo.hu,2026-04-20,Riasztó felfedezés: egy ismeretlen szennyező anyag lephette el a levegőt,https://www.origo.hu/nagyvilag/2026/04/veszelyes-mergezo-anyag-metilsziloxan
8373465d24ea86a9070c47fd11a46691950a49e2df9c75d7bcabfe01bbf39bc4,2026-04-20 19:26:17.579050+00:00,hu,origo.hu,origo.hu,2026-04-20,Németország nem tűrt tovább: kemény üzenetet küldtek Moszkvának,https://www.origo.hu/nagyvilag/2026/04/bekerettek-orosz-nagykovet-nemetorszag-ukran-haboru
32ee310b81343497361eb99b7d0cbf7c25c50d130f94c11cc703577cc795119b,2026-04-20 19:26:01.242597+00:00,hu,origo.hu,origo.hu,2026-04-20,Dömötör Csaba: Brüsszel nyíltan elismerte a politikai nyomásgyakorlást,https://www.origo.hu/belpol/2026/04/domotor-csaba-brusszel-koveteles-eu
18997f5b4bb1d51b586382781d2d124f7042b2cedd0b4422de920ab688cca234,2026-04-20 19:25:46.706582+00:00,hu,origo.hu,origo.hu,2026-04-20,"Elszabadult a pokol egy gyorsétteremben, egymásnak estek a vendégek – videó",https://www.origo.hu/nagyvilag/2026/04/tomegverekedes-whataburger-texas
29f9e49261bf795d320cec9e3ad12116410cfd3138b0c5f25596085527a0ee34,2026-04-20 19:25:41.610143+00:00,hu,origo.hu,origo.hu,2026-04-20,"Sophie akár a roppanós, lédús barack – úton-útfélen megkívánod",https://www.origo.hu/nagyvilag/2026/04/szexi-modell-bikinis-kepek-szoke
d567a805c483a88c9d630f31db4a3250dc493bef9233371b828e5686292db843,2026-04-20 19:25:36.760898+00:00,hu,origo.hu,origo.hu,2026-04-20,Apró bikiniben robbantotta fel a netet a Pussycat Dolls dögös sztárja,https://www.origo.hu/nagyvilag/2026/04/pussycat-dolls-sztarja-ashley-roberts-bikini
86968f5e2dbeee9b301f9b5aead358f458077a182bb955990659519c6df022f1,2026-04-20 19:25:23.611373+00:00,hu,origo.hu,origo.hu,2026-04-20,"Tanúként idézhetik be Till Tamás édesapját, új részletek derültek ki – videóval",https://www.origo.hu/kek-hirek/2026/04/gyilkossag-till-tamas-edesapa-tanu-birosag
34ab696732e352bb63258e8bb82587bc8648a6104faba0ba81f2325c9b378d8b,2026-04-20 19:25:15.310173+00:00,hu,origo.hu,origo.hu,2026-04-20,Nem tudott bejutni a személyzet a világ első űrállomására,https://www.origo.hu/tudomany/2026/04/a-masodik-csoport-tagjai-a-visszatereskor-meghaltak
7dd24432a9b6c07ccd1fcf497d16574be192809daeac1a888820d56d2337c767,2026-04-20 19:25:10.463835+00:00,hu,origo.hu,origo.hu,2026-04-20,Hatalmas magyar siker a birkózó Európa-bajnokságon!,https://www.origo.hu/sport/sport-egyeni/2026/04/birkozo-europa-bajnoksag-vitek-darius-donto
e4eedd54089f0f9defc3c783fbf19c4599255b7457706dec44676c13092c42ed,2026-04-20 19:24:58.900587+00:00,hu,origo.hu,origo.hu,2026-04-20,"Nem tudjuk eldönteni, Dua Lipa vagy a húga elbűvölőbb ezeken a képeken",https://www.origo.hu/nagyvilag/2026/04/dua-lipa-szexi-kep-huga-enekesno
2a10bb0d8c3ee14a915ca045f3b202ed3cf42fd1ed2424f1c91b8ecac7535a02,2026-04-20 18:32:14.471335+00:00,hu,blikk.hu,blikk.hu,2026-04-20,"11 kifejezés, amit az alacsony IQ-val rendelkező emberek gyakrabban használnak, mint mások",https://www.blikk.hu/eletmod/intelligencia-iq-beszed-pszichologus/j521p8t
0395b234bc77607bc2ec94c06c5e76d9a785c94c17753484ae59a77036c56609,2026-04-20 18:32:08.479554+00:00,hu,blikk.hu,blikk.hu,2026-04-20,"Jennifer Aniston is reagált arra, hogy a volt férje, Justin Theroux apa lett",https://www.blikk.hu/sztarvilag/nemzetkozi-sztarok/jennifer-aniston-justin-theroux-gyerekvallalas/hv28l6x
14f512c133b12f52b52374b4fac8f7700226a1337f5383bbd2637197ec8ad6b0,2026-04-20 18:31:48.824873+00:00,hu,blikk.hu,blikk.hu,2026-04-20,Négy méter magasságból zuhant a rakpart köveire egy nő – videón a mentés,https://www.blikk.hu/aktualis/belfold/lezuhant-belgrad-rakpart-katasztrofavedelem-mentok-tuzoltok-megserult/02vk701
9926034fd4fa3fba245b46b376b348682f64a3858dc183d3e9b317d408da52b8,2026-04-20 18:31:44.490390+00:00,hu,blikk.hu,blikk.hu,2026-04-20,Hátborzongató jóslattal állt elő a Nobel-díjas fizikus – Mindössze ennyi ideje lehet hátra az emberiségnek,https://www.blikk.hu/ferfiaknak/tech/david-gross-nobel-dij-joslat-emberiseg-nuklearis-katasztrofa/mf7y6qp
3313ccd5d3b184cfd408129bde9334e576c7fd7a44109839341e7d9f2e69ecf3,2026-04-20 18:31:31.819877+00:00,hu,blikk.hu,blikk.hu,2026-04-20,"A tűzpiros Ferrari után itt a narancs Lambó-dal: Jákob Zoltánt megihlette az új, méregdrága sportkocsija",https://www.blikk.hu/sztarvilag/hazai-sztarok/jakob-zoltan-lamborghini-auto-luxus/lvvr0gb
b4b766f55f719922552a492cf7f8b6ca96a314c15abca9f320b8adf4c9590957,2026-04-20 18:31:26.961642+00:00,hu,blikk.hu,blikk.hu,2026-04-20,"Ki hinné, ilyen zűrzavarban élnek az Exatlon készítői, de szeretik",https://www.blikk.hu/sztarvilag/hazai-sztarok/exatlon-sonyak-szilvi-gelencser-timea-palik-laszlo-kulissza/y5g0jj2
0122d07785e8fbc86e2ac7b843743bf5d590a1b712471eb421bf5100f07c7106,2026-04-20 18:30:36.544576+00:00,hu,blikk.hu,blikk.hu,2026-04-20,Különleges állatokat tart háziállatként ez a páros,https://www.blikk.hu/aktualis/belfold/rupert-malac-facebook-torpemalacok-haziallat/x8cl4wn
e0d99fe88e627127a2ed1e3b0673e6f3b743eb60095d778b271b40b8a40f2a2b,2026-04-20 17:44:42.134298+00:00,hu,blikk.hu,blikk.hu,2026-04-20,"Ilyen büntetést kapott első fokon a pesterzsébeti tragédia teherautó-sofőrje, egy 9 éves kisfiúra dőlt a kerítés kőoszlopa",https://www.blikk.hu/aktualis/belfold/pesterzsebeti-tragedia-sofor-gyulai-altalanos-iskola-9-eves-kisfiu/jfbrr6c
ba5d864f6d2db066300c7790cb22b864c142b7ebb9bbaca950460f00509beb9b,2026-04-20 17:44:35.440333+00:00,hu,blikk.hu,blikk.hu,2026-04-20,"Vészjósló jelek, brutális kerozinhiány jön: ezt teheti, hogy ne bukja el a pénzét nyaraláskor",https://www.blikk.hu/aktualis/belfold/kerozinhiany-repulo-nyaralas-utazas/cv90g6q
c8120cff144c23eb930da7ec7675b9fc82985bab0156141e64fe49e9b29673bd,2026-04-20 17:37:54.212310+00:00,hu,blikk.hu,blikk.hu,2026-04-20,"Tóth Vera elárulta, miért nem szerepel tévéműsorokban: ""Futkossak Ázsiában éhen, szomjan és anyázzak?"" – videó",https://www.blikk.hu/sztarvilag/hazai-sztarok/toth-vera-kontroll-interju/3ggvxcf
8e7918033704ba6df92146af8f24a2baf25df76060095d3d5e1876ec34d8210e,2026-04-20 17:37:48.265348+00:00,hu,blikk.hu,blikk.hu,2026-04-20,„MILF-kisugárzásod van” – Peller Mariann szerint nővére vagyont kereshetne az OnlyFans-en,https://www.blikk.hu/sztarvilag/hazai-sztarok/peller-anna-szineszno-milf-ajanlat/ez0j7l9
5f1366e6dc0c3a0179daebc784f2dd0737894daece36a6cb831e49f8abe31966,2026-04-20 17:37:23.116680+00:00,hu,blikk.hu,blikk.hu,2026-04-20,Most gokartozhat is a hónap végén újra nyitó megújult Hungaroringen,https://www.blikk.hu/sport/forma-1-hungaroring-szurkolo-program/c0xsqjl
e5bcac4b8f4798f0a5a728cdb4d5d8a318cab6ae005b90848947970babd7983d,2026-04-20 17:37:17.856755+00:00,hu,blikk.hu,blikk.hu,2026-04-20,Itt a fordulat: mégis indulhat a Tour de Hongrie-n az MBH Bank csapata,https://www.blikk.hu/sport/mbh-bank-kerekpar-tour-de-hongrie-kizaras/jqtjyj8
2ba6125e4dcebcdb8df3700a3020a12aebe13ec6e7a728f8958d24499dd344dd,2026-04-20 17:37:14.985530+00:00,hu,index.hu,index.hu,2026-04-20,Négy métert zuhant a rakpartról egy nő Budapesten,https://index.hu/belfold/2026/04/20/budapest-duna-part-no-eses-rakpart-katasztrofavedelem-mentes-szabadsag-hid-petofi-hid/
88c6f0162e7dcbca94dfe2b748fe0e86ac9b8a7ec42a7b8384d4d06336771d75,2026-04-20 17:37:10.141359+00:00,hu,index.hu,index.hu,2026-04-20,"Rákbeteg a kambodzsai király, az ország autoriter vezetője vette át a feladatait",https://index.hu/fomo/2026/04/20/kambodzsa-kiraly-rak-miniszterelnok/
be5b6bdf7c2a6c7cddffc507988beb2e724967577d7221cebe68cfceacff1ec5,2026-04-20 17:37:05.584243+00:00,hu,index.hu,index.hu,2026-04-20,"Orbán Balázs megjósolta, mi vár a Tisza Pártra, és mikor jön el ismét a Fidesz ideje",https://index.hu/belfold/2026/04/20/orban-balazs-fidesz-kampanyfonok-valasztas-2026-ertekeles-tisza-part-europai-unio-ukrajna-haboru/
93e2ea273e1e64ddc89a3b97a3e078dec495a621f7c82eab7f6e668a612e3f41,2026-04-20 17:37:00.302880+00:00,hu,index.hu,index.hu,2026-04-20,"„A középpontba a katonát helyezzük” – megszólalt Ruszin-Szendi Romulusz, a honvédelmi miniszteri poszt várományosa",https://index.hu/belfold/2026/04/20/ruszin-szendi-romulusz-honvedelmi-miniszter-hadsereg-katonasag/
2532bfe43493c220d338cbdff3a6b26b8118b1af97f31b29aca40861b621dc96,2026-04-20 17:36:55.541826+00:00,hu,index.hu,index.hu,2026-04-20,Meghalt Patrick Muldoon,https://index.hu/kultur/2026/04/20/meghalt-patrick-muldoon-szinesz-sztar-film-televizio/
8771a5214cbaecef960b0176eb825e1c113f2b446e7f00f2837b87f427a468a0,2026-04-20 17:36:50.147987+00:00,hu,index.hu,index.hu,2026-04-20,"„Azt akarjuk, hogy Budapest a miénk legyen!” – Leslie Mandoki himnusza kíséri a Bayern München történelmi menetelését",https://index.hu/kultur/2026/04/20/leslie-mandoki-bayern-munchen-stadionhimnusz-road-to-budapest-bajnokok-ligaja/
581934527249e74dd40b80cf9c82701bda0ee7d14c82f878510f17279114fd28,2026-04-20 17:36:45.417358+00:00,hu,index.hu,index.hu,2026-04-20,Kitessékelte az irodájából a Bayer Construct vezetőit Ferencváros polgármestere,https://index.hu/belfold/2026/04/20/baranyi-krisztina-ferencvaros-polgarmester-bayer-construct-vezetok-egyeztetes-iroda/
13f69e4ea22ee1ad335c43446576e2063fa8b9ff1d61573aa7778a44f9c65c4a,2026-04-20 17:36:41.655022+00:00,hu,origo.hu,origo.hu,2026-04-20,Dráma és dooping után kegyelem: mégis lesz magyar bajnok a Tour de Hongrie-n,https://www.origo.hu/sport/sport-egyeni/2026/04/dopping-bicikli-tour-de-hongrie-makrai
9c1627724a24785eaaacc0caa3edb25ecd741b98f7dda489d311d0126446962b,2026-04-20 17:36:39.731462+00:00,hu,index.hu,index.hu,2026-04-20,"Nem csak Vidnyánszky Attila távozhat a kormányváltás miatt, több színház élén változás várható",https://index.hu/kultur/2026/04/20/schilling-arpad-szinhaz-rendezok-igazgatok-vidnyanszky-attila-valtas-tisza-part/
4cc9a73fa1eadbc2ff04c2ceb26c7e818e0a429ab9104acc3bf8348fe3983b25,2026-04-20 17:36:34.998201+00:00,hu,index.hu,index.hu,2026-04-20,"Tizenöt éve lett törvény, de a rendszer még mindig alapvető hiányosságokkal küzd",https://index.hu/sport/alapvonal/2026/04/20/mindennapos-testneveles-tesiora-altalanos-kozepiskola-kozoktatas-pedagogusok-szakszervezete-psz-totyik-tamas/
861405a30f45363ccf230882c0563689bef9e1f67e9f66ba802001afff2e23b4,2026-04-20 17:36:29.785834+00:00,hu,index.hu,index.hu,2026-04-20,"A vaskereskedésből a Shell csúcsáig – Kapitány István, a Tisza-kormány gazdasági és energetikai minisztere",https://index.hu/belfold/2026/04/20/tisza-part-kormany-kapitany-istvan-shell-uzemanyag-benzin-gazdasag-miniszter-magyar-peter-2026/
fef1f9fb329dff3b848249b1184f1f6f95bbb8e206f09ff4ccee632a88bb482b,2026-04-20 17:36:28.264330+00:00,hu,origo.hu,origo.hu,2026-04-20,Ezért ne használj soha csak egyetlen fűszert!,https://www.origo.hu/tudomany/2026/04/fuszerek-keverekevel-szazszorosan-segitheti-szervezetet
dc0a66b63ea3820ed2a593d08d6a50dcd2fc550e0ba05c60ea3577b6f7fffcfb,2026-04-20 17:36:24.992022+00:00,hu,index.hu,index.hu,2026-04-20,Kína szerint az Európai Unió kiberbiztonsági terve sértheti a kereskedelmi szabályokat,https://index.hu/kulfold/2026/04/20/kina-europai-unio-kiberbiztonsagi-terve-serti-kereskedelmi-szabaly/
772e0f6df9b4548034bcb04b1640d2204ad18b563e1996cc431acda367296e13,2026-04-20 17:36:21.311407+00:00,hu,origo.hu,origo.hu,2026-04-20,"Újra bíróság elé állt az ír férfi, aki Budapesten gyilkolt meg egy amerikai nőt – megrázó pillanatok a tárgyaláson",https://www.origo.hu/kek-hirek/2026/04/gyilkossag-ir-ferfi-birosag-targyalas
484754309562cbde3224c84b77c05e82406b65a97e6c5a465b65140053165a81,2026-04-20 17:36:19.836940+00:00,hu,index.hu,index.hu,2026-04-20,"Drámai autómentés Gyálon: csőtörés miatt beszakadt az aszfalt, két autó is szorult helyzetbe került",https://index.hu/belfold/2026/04/20/gyal-automentes-aszfalt-beszakadt-gardonyi-geza-utca-csotores/
caefcd9b7695862d334698f055ab4db4f43addcc42f39cc818248f99349cab7b,2026-04-20 17:36:15.863506+00:00,hu,index.hu,index.hu,2026-04-20,Szandi elárulta születendő unokája nevét,https://index.hu/mindekozben/poszt/2026/04/20/szandi-elarulta-szuletendo-unokaja-nevet/
b611179ec3eee06755a1468a29872b52b02cbdb4545ad817a7a294b10ed2ca4f,2026-04-20 17:36:12.488419+00:00,hu,origo.hu,origo.hu,2026-04-20,"Több embert, köztük egy influenszert is elgázolt a X-Faktor sztárja",https://www.origo.hu/nagyvilag/2026/04/gazolas-influenszert-is-elgazolt-x-faktor-sztarja
d48f14ebbbacb934b2268331e6bd841b3f36ad6c4d47458902665913ed794436,2026-04-20 17:36:09.718670+00:00,hu,index.hu,index.hu,2026-04-20,"Reagált a súlyos csőtörésre Karácsony Gergely, a rezsicsökkentést és a közműadót okolta",https://index.hu/belfold/2026/04/20/csotores-budapest-robert-karoly-korut-karacsony-gergely-rezsicsokkentes/
eb14f670d7da336304502fe4b483992e27641a36192a3344f3d08064fb6f49f6,2026-04-20 17:36:06.052542+00:00,hu,origo.hu,origo.hu,2026-04-20,"Nem akárkit választottak meg A világ legszebbjének, nagyot szól a név",https://www.origo.hu/nagyvilag/2026/04/anne-hathaway-vilag-legszebb-noje-people
b74a4f2b266bf41b05af7a222ad21a05be17446276147e41d94a8451cac66cae,2026-04-20 17:36:04.870084+00:00,hu,index.hu,index.hu,2026-04-20,90 gyanúsítottat vett őrizetbe a török rendőrség az Iszlám Állam elleni műveletben,https://index.hu/kulfold/2026/04/20/torokorszag-iszlam-allam-terrorszervezet-muvelet-gyanusitottak-orizetbe-vetel-rendorseg/
dcea6ea88d561cac6f61a142c1c524b6ff07594419ae4b9b6266182e9ee53512,2026-04-20 17:36:01.076865+00:00,hu,origo.hu,origo.hu,2026-04-20,"Brutális fogyás, Ozempic-őrület: csoda vagy kamu?",https://www.origo.hu/itthon/2026/04/valosag-ezer-darabja-podcast-ozempic-fogyokura
23fef316770464e3ae3a23bec20b1ef841a80fb41583332a8b0e8450c95a6938,2026-04-20 17:35:59.804379+00:00,hu,index.hu,index.hu,2026-04-20,"Döntött a bíróság Halásztelek polgármesteréről, nem hagyhatja el a települését",https://index.hu/belfold/2026/04/20/nagy-barnabas-halasztelek-polgarmester-fidesz-edesanya-munka-orizetbe-vetel/
700b45fb7ff07771cb160bd3786bbb47ee62bbf02e756768fc6b4424416f2b96,2026-04-20 17:35:56.051355+00:00,hu,origo.hu,origo.hu,2026-04-20,Hihetetlen: már az MLSZ is megszólalt az ETO-Fradi meccsen esett gólról,https://www.origo.hu/sport/sport-futball/2026/04/fradi-eto-bajnoki-gol-mlsz-allasfoglalas
28de149b90f95938edb1ce906e2ec0586b7f2a43c365f0f24e5967000b8e37cd,2026-04-20 17:35:54.705905+00:00,hu,index.hu,index.hu,2026-04-20,Valkusz Milánnal és Pumped Gabóval startol el az Astro Music DJ divíziója,https://index.hu/fomo/2026/04/20/astro-music-spaceship-dj/
600498f8355a49fedb72dadabd18263502cb0cea6aae2b211f430c75de2ed281,2026-04-20 17:35:51.058014+00:00,hu,origo.hu,origo.hu,2026-04-20,"Hosszú lábak, csodás mellek – Joy Bryant alakja bikiniben is tökéletes, mutatjuk a dögös képeit",https://www.origo.hu/foto/2026/04/joy-bryant-galeria
c901e7f82227e706ad2adf4e9de42720d087717c16914157f280e3780390dd42,2026-04-20 17:35:49.777234+00:00,hu,index.hu,index.hu,2026-04-20,Reviczky Gábor és Novák Emil is életműdíjat kap,https://index.hu/kultur/2026/04/20/reviczky-gabor-novak-emil-eletmudij-savaria-filmszemle-szombathely/
825befe9679e6e9f44290d2c89269a1bfab7dd5eda0fe939c1edbbbafd3ce5ea,2026-04-20 17:35:45.936888+00:00,hu,origo.hu,origo.hu,2026-04-20,Lepattan az apró bikini a szexi modell kosárlabda méretű melleiről,https://www.origo.hu/nagyvilag/2026/04/katie-price-modell-influenszer-mell-bikini-mutet
b362beff392a68971a1245923af35856dc97a594850c7233dc0ca49a67d0fcee,2026-04-20 17:35:45.022719+00:00,hu,index.hu,index.hu,2026-04-20,Elhagyta a börtönt a bicskei gyermekotthon pedofíliáért elítélt egykori igazgatója,https://index.hu/belfold/2026/04/20/v.-janos-bicske-gyermekotthon-igazgato-gyerekek-molesztalas-borton-szabadulas-itelet/
d1a00029b0c96bf830fb569a15138e1545f86de6a257623541c77d0ed01beca7,2026-04-20 17:35:39.693636+00:00,hu,index.hu,index.hu,2026-04-20,Fém cigarettatárca fogta fel a pisztolygolyót a festőbűvész szíve előtt,https://index.hu/kultur/2026/04/20/festobuvesz-toth-laca-stefania-palota-kiallitas-garabuczy-agnes-/
7e63b82734d1b6aa656ba89240e1839e7f1477e9baf535326228ce030f480dad,2026-04-20 17:35:37.133263+00:00,hu,origo.hu,origo.hu,2026-04-20,Nem engedték be a Hír TV stábját a Tisza Párt első frakcióülését követő sajtótájékoztatóra,https://www.origo.hu/belpol/2026/04/hir-tv-stab-tisza-kitilt
148cd84c31e001266448c3b35436b1ef0110ffedea0a86cdb6cd4fa625919e62,2026-04-20 17:35:34.651177+00:00,hu,index.hu,index.hu,2026-04-20,Elveszítette a pert Amy Winehouse apja: nem járt neki az énekesnő barátainál lévő hagyaték,https://index.hu/kultur/2026/04/20/amy-winehouse-enekesno-mitch-winehouse-hagyatek-birosag-itelet/
effad001008982be995824b2aca645899b33d5fd839dd493c31ed1a6ec24a37e,2026-04-20 17:35:31.928801+00:00,hu,origo.hu,origo.hu,2026-04-20,Sokan kiakadtak! Elképesztően perverz dolgot műveltek egy Kardashian lánnyal,https://www.origo.hu/nagyvilag/2026/04/kourtney-kardashian-travis-barker-labujj-szuletesnap
ccc8615fd3b315bcdbe631f13402af68bf7f1b4801a3382673ee11229e684e7e,2026-04-20 17:35:29.831301+00:00,hu,index.hu,index.hu,2026-04-20,"Tarjányi Péter súlyos jelre figyelmeztetett, szerinte itt rontotta el a Fidesz kormánya",https://index.hu/belfold/2026/04/20/tarjanyi-peter-biztonsagpolitikai-szakerto-uzemanyag-benzinkutak-rendszer-ellatas/
76300aa0c3e6f4026c8d7de7dd99bb405edc113b1b50454eec1fce715b8820d3,2026-04-20 17:35:27.195388+00:00,hu,origo.hu,origo.hu,2026-04-20,Donald Trump kemény üzenetet küldött Iránnak,https://www.origo.hu/nagyvilag/2026/04/donald-trump-iran-tuzszunet-targyalas
5e940a730a830411f9cd18e4c6b77e3e547ba33ca599ea772cb62560612ba0f7,2026-04-20 17:35:25.219336+00:00,hu,index.hu,index.hu,2026-04-20,"Magyar Péter így állítaná új pályára Magyarországot, ezermilliárdok sorsa dől most el",https://index.hu/gazdasag/2026/04/20/europai-unio-europai-bizottsag-unios-forrasok-magyar-peter-kormany-brusszel-novekedes/
f61e2c12ae051b2baab3975343182aa64d1ec9ecae9aafafe0f0cf8c9f39c5fd,2026-04-20 17:35:20.204208+00:00,hu,index.hu,index.hu,2026-04-20,"Kiderült, ki lett a világ legszebb embere 2026-ban",https://index.hu/mindekozben/poszt/2026/04/20/vilag-legszebb-embere-2026-anne-hathaway/
4cd91ac4b9c95e928cd0ec0a7a40d1f116b0467a65f97f44a3d8f1a67736e6d0,2026-04-20 17:35:14.986411+00:00,hu,origo.hu,origo.hu,2026-04-20,"A színésznő-modell Priscila Reis egy szál bikinifelsőben mutatja, milyen a nőiesség és a brazil tűz találkozása",https://www.origo.hu/foto/2026/04/priscila-reis-galeria
b1726f22ac6984f4794c8c529eae4f77f232dfb2246b32ff6e2d2449927a21e6,2026-04-20 17:35:14.780676+00:00,hu,index.hu,index.hu,2026-04-20,Megalakult a Mi Hazánk országgyűlési képviselőcsoportja,https://index.hu/belfold/2026/04/20/mi-hazank-orszaggyulesi-kepviselocsoport-megalakulas-toroczkai-laszlo-novak-elod/
6ef6690d82549229ffdf249217019fa8af2738c2240acf168e61bf5a767f775d,2026-04-20 17:35:10.033085+00:00,hu,origo.hu,origo.hu,2026-04-20,"Karol G, a kolumbiai énekesnő vadítóan szexi fotókon pózol – mutatjuk a képeket",https://www.origo.hu/foto/2026/04/karol-g-galeria
24149f3b3178d9795346815ce8c85772fb3285c5aaca4dedf3d8885100b7c13e,2026-04-20 17:35:09.707599+00:00,hu,index.hu,index.hu,2026-04-20,"Kocsis Máté a vagyonosodásról: Akinek félnivalója van, az ne csodálkozzon, hogy fél éppen",https://index.hu/belfold/2026/04/20/magyarorszag-kocsis-mate-nemeth-balazs-fidesz-frakcio-valasztasi-vereseg-podcast-musor/
e4f1b4da63a276225be33b3a8cd3862c9bebd062be6b3d3a2551d1584f45cd6d,2026-04-20 17:35:05.169677+00:00,hu,origo.hu,origo.hu,2026-04-20,Orbán Balázs szerint a Tisza Párt egy szivárványkoalíció,https://www.origo.hu/belpol/2026/04/tisza-szivarvanykoalicio
7806e80aa2364ef31b08c6ac9d05fc6137daae96eb2d8c70ffb393381c4ffc66,2026-04-20 17:35:04.856309+00:00,hu,index.hu,index.hu,2026-04-20,Nyílt levélben fordult Magyar Péterhez több gimnázium igazgatója a leendő oktatási miniszter kinevezése miatt,https://index.hu/belfold/2026/04/20/gimnazium-igazgatok-tisza-part-oktatasi-miniszter-kormany-magyar-peter-egyeztetes-szakmai-szervezet/
728ec33e6f41676e97203cbd7568ccec52e603660d744c878fe59b527e3e924c,2026-04-20 17:34:59.657548+00:00,hu,index.hu,index.hu,2026-04-20,"Szupermarketbe hajtott egy trolibusz Salzburgban, egy ember meghalt",https://index.hu/kulfold/2026/04/20/salzburg-ausztria-szupermarket-trolibusz-halalos-baleset-keresztezodes-serultek/
474367552f0b9ed6170ed28160e454b2877708c7f07f4f67d3e6372c38487135,2026-04-20 17:34:54.667521+00:00,hu,index.hu,index.hu,2026-04-20,Árpa Attila keményen beleállt Csiszár Jenőbe,https://index.hu/fomo/2026/04/20/arpa-attila-csiszar-jeno-heti-hetes-fidesz-bukas-milano-fokonzul/
fa2dc8258f8af993d0daca8335a577323c085d34e32419afb8777dcbaf977ef1,2026-04-20 17:34:50.669913+00:00,hu,origo.hu,origo.hu,2026-04-20,Eltűntek a szexjelenetek a filmekből – mi történik Hollywoodban?,https://www.origo.hu/nagyvilag/2026/04/szexjelenetek-eltuntek-filmek-hollywood
8a56e336268d8c139d9a570932d97edb94a7a23a4a028a1e90b24d30935c31b9,2026-04-20 17:34:50.129310+00:00,hu,index.hu,index.hu,2026-04-20,Ő lehet Magyar Péter szürke eminenciása a gazdaságban,https://index.hu/gazdasag/2026/04/20/tisza-kormany-2026-karman-andras-tisza-part-magyar-peter-koltsegvetes/
722fda422814bea079a8107cf13da06f330cbc1c0591f67283b9e4fdab20caae,2026-04-20 17:34:45.802242+00:00,hu,index.hu,index.hu,2026-04-20,"Alakul Magyar Péter kormánya, új tárcák is jönnek",https://index.hu/belfold/2026/04/20/magyar-peter-sajtotajekoztato-frakcioules/
2610be6d5759b2111f851e811a0e581549652ddd82bd22c29e93fc1aa7ce3d49,2026-04-20 17:18:44.617528+00:00,hu,blikk.hu,blikk.hu,2026-04-20,"Íme, 2026 legszexibb sztárja – ezt gondolja a szépségről és az öregedésről",https://www.blikk.hu/sztarvilag/nemzetkozi-sztarok/anne-hathaway-2026-legszexibb-sztar/2blltvf
8a36f84d3c06296376d5ab921de3feb2fd84fa96d69428f45883db607ff29d8b,2026-04-20 17:17:27.808017+00:00,hu,blikk.hu,blikk.hu,2026-04-20,Szakértők tanácsa: „Ne járasd éjszaka a mosógépet és a mosogatógépet!”,https://www.blikk.hu/eletmod/tippek/haztartasi-gepek-ejszakai-hasznalata/lktjvqr
692e155a70f8fbebf36781d43dd509c0c4f799baca4a5abe0e9d0c2ca962b7f3,2026-04-20 17:17:14.800227+00:00,hu,blikk.hu,blikk.hu,2026-04-20,Nem tölt be a ChatGPT: Világszerte hibát jeleznek az OpenAI rendszerei,https://www.blikk.hu/ferfiaknak/tech/chatgpt-openai-leallas-hiba/cqvwv7e
06d47c92a2d0c5465b97e42d231451456feaf56278b9afe3d967854332910a33,2026-04-20 16:37:01.408499+00:00,hu,origo.hu,origo.hu,2026-04-20,Curtis élete fordulóponthoz érkezik,https://www.origo.hu/teve/2026/04/curtis-rapper-csalad-gyermek-iskola
03f7b3f36e16c03f2982db8ca86704c2753e631689ea2655fcf0f826e66fed03,2026-04-20 16:36:48.759243+00:00,hu,origo.hu,origo.hu,2026-04-20,Bűnügyi felügyelet alá került Halásztelek polgármestere,https://www.origo.hu/kek-hirek/2026/04/halasztelek-polgarmestere-bunugyi-felugyeletben
cd901fb69ad784cae38103e306dc6f3310b17f45ff0249daaec274e709dd7acb,2026-04-20 16:36:35.009569+00:00,hu,origo.hu,origo.hu,2026-04-20,DJ-nagyik vették át az irányítást a buliban – videó,https://www.origo.hu/nagyvilag/2026/04/idos-dj-koln-fesztival-forever-fresh
5ee73c71dd18cc50c54fa723303b9bff41c7a249613547d2096efcbb9366de36,2026-04-20 16:35:41.126011+00:00,hu,origo.hu,origo.hu,2026-04-20,Risztov Éva keményen odaszólt Ekler Lucának,https://www.origo.hu/itthon/2026/04/ekler-lucanak-risztov-eva-kemenyen-odaszolt
ff746c5df337c8788e9973a1f000031ff99eb6bcbdab246bbaa13900e241bc95,2026-04-20 16:34:26.863308+00:00,hu,blikk.hu,blikk.hu,2026-04-20,Toto Wolff elszólta magát? Ennek örülhetnek az F1 rajongói,https://www.blikk.hu/sport/toto-wolff-forma-1-mercedes/de6wgfb
442549bc4eb8dd7484687bb01db475815eba1db7add7b8a33f364b6d8b217a9d,2026-04-20 16:34:15.125216+00:00,hu,blikk.hu,blikk.hu,2026-04-20,„Milák Kristófra más szabályok vonatkoznak” – Sós Csaba már az úszóklasszis olimpiai esélyeit ecseteli,https://www.blikk.hu/sport/milak-kristof-uszas-orszagos-bajnoksag/4vcp47l
35d8343da0a633e0202c7d461e8f38cd53b2f465c3a798e4e5b4279d325f4b67,2026-04-20 16:33:57.148532+00:00,hu,blikk.hu,blikk.hu,2026-04-20,Kocsis Máté: A bejutó képviselőink többségét le kell cserélni,https://www.blikk.hu/politika/magyar-politika/fidesz-frakcio-podcast-kocsis-mate-spartaiak-atheniak/wef2s6l
4b43be5981694a15704766b09d5c8bb6ec437d8c83e00ec1d03f8942e32ea6ec,2026-04-20 16:33:50.267745+00:00,hu,blikk.hu,blikk.hu,2026-04-20,Óriási bukás lenne a Fradi számára a bajnoki cím elvesztése,https://www.blikk.hu/sport/magyar-foci/ferencvaros-nb-i-bukas/mm234zk
c426af737b67366d030f61e07bbe3e99df442d703b1d41c9fbaa622948e01404,2026-04-20 16:22:32.448654+00:00,hu,blikk.hu,blikk.hu,2026-04-20,"Üzent a Facebooknak és követőinek a népszerű műsorvezető, elege lett",https://www.blikk.hu/politika/magyar-politika/m-kovacs-robert-hirt-tv/vmz1b8q
4c7241be01eb53fa5fa91e486fde83167144506fb8c242b7cd5b1d296041630c,2026-04-20 16:21:11.719626+00:00,hu,origo.hu,origo.hu,2026-04-20,Ilyet még nem látott: több száz szurkoló csépelte egymást a fontos mérkőzés előtt – videó,https://www.origo.hu/nagyvilag/2026/04/tomegverekedes-ezer-szurkolo-csepelte-egymast-munchen
b542c9874fca0ce2df904fee9af7fe41481b16ffa4df5173caccd1340c445cc6,2026-04-20 16:21:05.121269+00:00,hu,origo.hu,origo.hu,2026-04-20,Riasztották a légierőt: a NATO a világ legmodernebb vadászgépeit emelte a levegőbe,https://www.origo.hu/nagyvilag/2026/04/nato-vadaszgep-norvegia-legter-oroszorszag
11dad23d23799b33dc4f540d0f7b9a77bfa3cfb92fff85e89580163020dc8f68,2026-04-20 16:21:00.043516+00:00,hu,origo.hu,origo.hu,2026-04-20,Őrületes világcsúcsot merült Törőcsik Zsófia!,https://www.origo.hu/sport/sport-egyeni/2026/04/torocsik-zsofia-merules-vilagcsucs-105-meter
1f8466d03abb9f03e7eb19fc49d4864207f2766a7a25074557c843b1bb8e6c30,2026-04-20 16:20:55.096308+00:00,hu,origo.hu,origo.hu,2026-04-20,"Robert Fico reagált Magyar Péter kijelentéseire, magyarázatot vár – videó",https://www.origo.hu/kulpol/2026/04/robert-fico-magyarazatot-var-magyar-peter
67da5d0b1488097cfc1041f51ae4fb9f8e3f68b5c83926f928fd973f71025019,2026-04-20 16:20:50.120273+00:00,hu,origo.hu,origo.hu,2026-04-20,"A befektetési elemző szerint a Tisza párt nem fogja minden ígéretét betartani – mutatjuk, miért",https://www.origo.hu/belpol/2026/04/zsiday-viktor-magyar-peter-bukhat
ff6234696b608c0433deca06807689fce9ae9a01d1781b99d4446acb8352206c,2026-04-20 16:20:45.774871+00:00,hu,origo.hu,origo.hu,2026-04-20,"Kitört a botrány az étteremben, Hitler kedvenc fogását kínálták – ki nem találná, hogy mi az!",https://www.origo.hu/nagyvilag/2026/04/hitler-diktator-etterem-kedvenc-etel-vendeglo-botrany
b7de8cd225f662723d78339f0b73bfff173887b2481d691b3a161fa9f401f4d3,2026-04-20 16:20:40.750224+00:00,hu,origo.hu,origo.hu,2026-04-20,"A baleset után átszakította a szalagkorlátot egy teherautó az M7-esen, már torlódik a forgalom",https://www.origo.hu/kek-hirek/2026/04/baleset-m7-tarnok-teherauto-torlodas
b68e5d85980f5ef2004b3838c434cd5f2ee601cb83ffb2517a470bd6f59e500d,2026-04-20 16:20:35.395232+00:00,hu,origo.hu,origo.hu,2026-04-20,"Kerítés döfte át a gyermeket, vasdarabbal a testében szállították kórházba",https://www.origo.hu/kek-hirek/2026/04/baleset-kerites-kisfiu
497e3c1d8d2130a17bf4fc6a8212f495bdd94c5325511e34771dc145a79a6129,2026-04-20 16:20:30.569344+00:00,hu,origo.hu,origo.hu,2026-04-20,Így lesz nyolcsávos az egyik legfontosabb hazai autópálya – új forgalmi rend lépett életbe,https://www.origo.hu/gazdasag/2026/04/m1-es-nyolcsavos-autopalya
c1c8df277b2a9c87f9a5fce4a53d275966d6cac269f2c1f511ef4ba9235ac9a9,2026-04-20 16:20:25.262199+00:00,hu,origo.hu,origo.hu,2026-04-20,"Ütlegelték és fojtogatták a bírót, hatalmas balhé a magyar rangadón",https://www.origo.hu/sport/sport-futball/2026/04/fojtogatas-focimeccs-megyei-rangado-biro
7d3ede299c2bfb590b820ba885eebfc6bd683f979f96afa9eb4f7d3d4a46aca2,2026-04-20 16:20:20.096997+00:00,hu,origo.hu,origo.hu,2026-04-20,"Meghalt a kislány, akit megrázott az áram Poroskőn",https://www.origo.hu/kek-hirek/2026/04/megrazott-az-aram-egy-kislanyt-poroskon
133b07ddf539da0cd5d66e2789b891ecf322419b4fec73ff57dcf4e417c45365,2026-04-20 16:20:15.230543+00:00,hu,origo.hu,origo.hu,2026-04-20,Az NVI befejezte az országgyűlési választás levélszavazatainak kézi számlálását,https://www.origo.hu/belpol/2026/04/nvi-levelszavazat-kezi-szamlalas
f34adb12290a2fc810f082e6cb05657364aa2187faa03bb93f54f76d2c415c37,2026-04-20 16:20:11.222213+00:00,hu,origo.hu,origo.hu,2026-04-20,"Csendben támad a rejtett veszély, amelyet sokan félvállról vesznek",https://www.origo.hu/itthon/2026/04/kullancs-vedekezes-eltavolitas-tippek
1b1c5e4c7ca63321afdd002d926f2b6a147e0b2b9c5d631533c8671830de55a3,2026-04-20 16:20:05.950903+00:00,hu,origo.hu,origo.hu,2026-04-20,"Még visszarohant a kállói férfi az égő házba, de másodjára nem jutott ki",https://www.origo.hu/kek-hirek/2026/04/haztuz-idos-ferfi
350ae3d951cbb64d53866caad3a731ca1249126f33364af7a02e60a6606f00b3,2026-04-20 16:20:00.116801+00:00,hu,origo.hu,origo.hu,2026-04-20,Kocsis Máté váratlan bejelentést tett saját jövőjével kapcsolatban,https://www.origo.hu/belpol/2026/04/kocsis-mate-magyar-peter-borton-tisza-part-jogallam
2bf21ea17bc17dd1e77ae01a636365361556972f861cbeea9e35d2011983c4ac,2026-04-20 16:19:55.246887+00:00,hu,origo.hu,origo.hu,2026-04-20,"A rakpartra zuhant egy idős nő, drámai mentés zajlott a Dunánál – videóval",https://www.origo.hu/kek-hirek/2026/04/baleset-rakpart-duna-zuhanas-mentes
47ccf79c862a0090a32e3d72233d7689058711cd7c60a0e15c7b62a810672728,2026-04-20 16:19:50.763395+00:00,hu,origo.hu,origo.hu,2026-04-20,Nem mindennapi emberek segítettek egy bajbajutott férfin Gyöngyösön,https://www.origo.hu/kek-hirek/2026/04/rendor-eletmentes-gyongyos-belvaros
b5cff687bf93e4e60cb71ae739750444c752b8dccb2bfeabffdccab82db3e45b,2026-04-20 16:19:46.116006+00:00,hu,origo.hu,origo.hu,2026-04-20,"Verejtéktől csillogó cicik, feszes fenekek a tömegben – a Coachella legszexibb fesztiválozói – galéria",https://www.origo.hu/nagyvilag/2026/04/coachella-fesztival-zene-koncert-tomeg-szexi-galeria
809793eee0cf895c2ba25a08f3a0e775b73e0810dd75ea562081024e45df896e,2026-04-20 16:19:44.942539+00:00,hu,origo.hu,origo.hu,2026-04-20,"Miért harap a macska simogatás közben? Öt gyakori ok, amit sokan nem tudnak",https://www.origo.hu/nagyvilag/2026/04/macska-harapas-dorombolas-kommunikacio
2ba9a89066c2b207e6afab952485aa5877ce2ee48b40fe08fa5b22af61a2955a,2026-04-20 16:19:35.528240+00:00,hu,origo.hu,origo.hu,2026-04-20,Rendőrségi kordon a Duna partján: egy ismeretlen férfi holttestére bukkantak vasárnap,https://www.origo.hu/kek-hirek/2026/04/holttest-duna-pozsony
d3a3c7aa78e2347e32b83f75d35107c4406a057a6dd557c0d21da0dabfa177de,2026-04-20 16:19:25.362659+00:00,hu,origo.hu,origo.hu,2026-04-20,Lehull a lepel! Itt van a Tisza 7 minisztere,https://www.origo.hu/belpol/2026/04/itt-vannak-az-uj-kormany-miniszteriumai
667721f6008df9062cb3535b1bc1d83dfd7483373f9d8dac000090d7398dcd04,2026-04-20 16:19:20.433157+00:00,hu,origo.hu,origo.hu,2026-04-20,"Rendkívüli közleményt adott ki a Mészáros Csoport – mutatjuk, miről!",https://www.origo.hu/itthon/2026/04/envirotis-holding-meszaros-csoport-osztalekkifizetes
1fe962fe3efa9ef25d0be11b9de8a61aeaf35b5dca0fab4076385022d3e6efac,2026-04-20 16:19:15.372825+00:00,hu,origo.hu,origo.hu,2026-04-20,Ilyen nincs: becsavarodott a BMW!,https://www.origo.hu/auto/2026/04/ilyen-nincs-becsavarodott-a-bmw
b4ad055d764e0c2c765ca304336c19c4beff5133463835e9baa46adc6da0b5c1,2026-04-20 16:19:10.353242+00:00,hu,origo.hu,origo.hu,2026-04-20,"„A ti sajnálatotok nem kell” – saját apját látta áldozatában, ezért gyilkolta meg a férfit",https://www.origo.hu/kek-hirek/2026/04/gyilkossag-karaszon-mihaly-tragedia
1ce854242e8f1612173dfe87f3d976d21911c7e1cc0e4b89cd8350c1c1b8e3e6,2026-04-20 16:19:05.678492+00:00,hu,origo.hu,origo.hu,2026-04-20,Halott nőt találtak egy templomban,https://www.origo.hu/kek-hirek/2026/04/halott-not-talaltak-egy-templomban
1fe66e5d1a861c71eea889a7758f4e8cb0004957e040316894005629ae499b29,2026-04-20 16:19:00.331442+00:00,hu,origo.hu,origo.hu,2026-04-20,Félelmetes meglepetés: cápa bökte karon a búvárt fotózás közben,https://www.origo.hu/nagyvilag/2026/04/capa-bokte-karon-buvart-fotozas-kozben
a530f5459ee34cbe8d55a38c4d20d55de0df4a12ae0cdd8186f04a9e88578651,2026-04-20 16:18:50.225288+00:00,hu,blikk.hu,blikk.hu,2026-04-20,"Hullámsírban nyugszanak a magyar kamionok: lemerültek a búvárok a hajóroncshoz, ezt találták a komp belsejében",https://www.blikk.hu/aktualis/belfold/zenobia-kamionok-elsullyedt-ciprus/r1qnm1p
5c7febf4a9e2fa46fb6e4cf277b696e2a4fe6d5d033b93de3c2b9748fb75db52,2026-04-20 16:18:07.599151+00:00,hu,blikk.hu,blikk.hu,2026-04-20,Magyar Péter otthonából jelentkezett a Balázs Kicks tulajdonosa: házhoz vitte a politikus új cipőjét – videó,https://www.blikk.hu/aktualis/belfold/magyar-peter-cipo-balazs-kicks-adidas-nike-tisza-part/08cd7m4
75790d00d58dce56e8f2bb11029f120aaeefbb8d274a989f346bb594ed8b82ed,2026-04-20 16:17:44.811946+00:00,hu,blikk.hu,blikk.hu,2026-04-20,"Matematikai képtelenség vagy égi jutalom? Röpködnek az összeesküvés-elméletek, de mennyi esély van rá, hogy elvigyék az összes lottófőnyereményt?",https://www.blikk.hu/aktualis/belfold/lotto-nyeremeny-rekord-egy-het-alatt-minden-fonyeremeny-telitalalat/9pefpkc
95fe1aabcb752cfc37cc278b810239a55a116d9d3a4d858faac097809bc2785a,2026-04-20 16:17:39.973754+00:00,hu,blikk.hu,blikk.hu,2026-04-20,"Ez a legegészségtelenebb hal, mégis ezt vásárolja mindenki a leggyakrabban",https://www.blikk.hu/eletmod/egeszseg/legegeszsegtelenebb-hal-gyakori-vasarlas/qwtcpwq
924b3f09a51156b94e7e65132bfd1b1bb4cdfc116cb748c24372db801ba9048e,2026-04-20 16:17:34.894071+00:00,hu,blikk.hu,blikk.hu,2026-04-20,"Győrben is balhéztak a Fradi szurkolói, a rendőröket is megtámadták – videó",https://www.blikk.hu/sport/magyar-foci/eto-fc-ferencvaros-szurkoloi-balhe/sf56pgg
82535c1d892e8af9fdb758a544b8f93bf37ed934288e21e16152dd9ee82af6bd,2026-04-20 16:17:30.233126+00:00,hu,blikk.hu,blikk.hu,2026-04-20,Drámai fordulat az autóiparban: bezárul egy történelmi gyár kapuja,https://www.blikk.hu/auto/poissy-uzem-autogyar-bezaras/rn2j89x
90544803388eb2774c71062ebcd035b8b0fb8d85e0e68db007911149fae3254f,2026-04-20 16:17:24.871504+00:00,hu,blikk.hu,blikk.hu,2026-04-20,"Kiss Endi olyan részleteket osztott meg az életéből, amelyek mögött nélkülözés, veszteség és szeretet húzódik meg",https://www.blikk.hu/sztarvilag/hazai-sztarok/kiss-endi-hoologans-dobos-csalad-hit-gyerekek/ygqhj4y
52186de9e263048d12d00e27d13cc04035610a8f0f0af3c47eb5a01f6802a2e0,2026-04-20 16:17:19.517685+00:00,hu,blikk.hu,blikk.hu,2026-04-20,"Magyar Péter nyilvánosságra hozná a bicskei gyermekotthon és az elmúlt 20 év ""hasonló"" ügyeit",https://www.blikk.hu/aktualis/belfold/bicskei-gyermekotthon-v-janos-k-endre-tisza-part/mlk3nyv
f36a7c9df1e4cef03badddc763f31b8bf4fe5f5a14927bb1713e8200e5c6b328,2026-04-20 16:17:16.022642+00:00,hu,blikk.hu,blikk.hu,2026-04-20,"Hegedűs Zsoltot a tánca világhvírűvé tette – de mit kell tudni, valójávaban új egészségügyi miniszterről?",https://www.blikk.hu/aktualis/belfold/hegedus-zsolt-egeszsegugyi-miniszter-tisza-part/lb76s52
4e3de9db410f5918723052c83f7fc314a7a6b763e0575f57500b4f9b2d27428e,2026-04-20 16:17:11.158811+00:00,hu,blikk.hu,blikk.hu,2026-04-20,Tegyél egy dugót a hűtőszekrénybe: meglepő hatással lesz a fogyasztásra,https://www.blikk.hu/eletmod/tippek/parafa-dugo/97es565
f2c5268c3b59e87e00232c1e3b2444656801fcfcc752ecef155b11283d279bf7,2026-04-20 16:17:07.379000+00:00,hu,blikk.hu,blikk.hu,2026-04-20,A Budapest Airport szerint legfeljebb 4-5 napnyi üzemanyag tárolására van lehetőség a ferihegyi repülőtéren,https://www.blikk.hu/aktualis/belfold/budapest-repuloter-uzemanyag/q3sxtyw
11b9ce6b17137caca84d7c00b732eca693180987f1c8be46e407ce0df3220ac2,2026-04-20 15:23:15.958998+00:00,hu,blikk.hu,blikk.hu,2026-04-20,Hivatalos: Lewandowski Magyarországra igazol,https://www.blikk.hu/sport/csapat/karolain-lewandowski-mosonmagyarovar/32crvkm
a9287a3aac1df7df30522a1717cf1c1a1936786574e4f537f70d8c90a3fa19ae,2026-04-20 15:23:01.977050+00:00,hu,blikk.hu,blikk.hu,2026-04-20,Szabálytalan volt az ETO győztes gólja? Nem nyugszanak a kedélyek,https://www.blikk.hu/sport/magyar-foci/gyor-fradi-gol-eto/khpthpx
2f7319badab6298899f161e7f7b1c8bf9924675021f4b9568d065fb46f4599fd,2026-04-20 15:22:57.006104+00:00,hu,blikk.hu,blikk.hu,2026-04-20,Erről még sohasem beszélt senkinek – Szörnyű titokról rántotta le a leplet Zámbó Jimmyvel kapcsolatban a testvére,https://www.blikk.hu/sztarvilag/hazai-sztarok/zambo-jimmy-zambo-arpy-hajokazas-eletveszely/sw1d99d
da0b654cb0cac68eb6684a016dfa7e76a35b676f1924bfc3e49a5dfcfd7550cd,2026-04-20 15:22:37.326544+00:00,hu,blikk.hu,blikk.hu,2026-04-20,"Mick Schumachert újabb szörnyű csapás érte, már a karrierje is veszélyben – videó",https://www.blikk.hu/sport/mick-schumacher-indycar-baleset/mqbjje9
50b5722b71f84c7f847a6e65acd935fcf09ed4ba9e711b297be681a672ce7b25,2026-04-20 15:22:28.906232+00:00,hu,blikk.hu,blikk.hu,2026-04-20,"""Semmilyen formában nem vagyok hajlandó tárgyalni"" – Baranyi Krisztina kidobta az irodájából a Bayer Construct vezetőit",https://www.blikk.hu/politika/magyar-politika/baranyi-krisztina-horvath-csaba-ferencvaros-polgarmester-bayer-construct/zq2l76t
de932ddd39ca2ad22567fa47dfeb741e67138909d67558e989b9554b4ec5788d,2026-04-20 15:22:24.462549+00:00,hu,blikk.hu,blikk.hu,2026-04-20,"Ők azok a miniszterek, akiket Magyar Péter most bejelentett – Mutatjuk, mit kell róluk tudni",https://www.blikk.hu/politika/magyar-politika/uj-kormany-alakulas-orszaggyules-tisza-part-magyar-peter-ujabb-miniszterek/lp23ttx
10e563be285dfa2885620f4284ea3b240f8247bd319706c50b7c1219a2e239cf,2026-04-20 14:36:26.466550+00:00,hu,origo.hu,origo.hu,2026-04-20,Megfejtették a végtelen energia titkát? Zseniális felfedezést tettek Japánban,https://www.origo.hu/tudomany/2026/04/hidrogen-eloallitas-uj-technologiaval-tisztan-es-olcson
fa96c827d57e9ad799f49e99a0d58d66ebc37d9b4ae22723682a727f78960b78,2026-04-20 14:36:21.490099+00:00,hu,origo.hu,origo.hu,2026-04-20,"A dugó miatt percek alatt állt be minden az M3-ason, drámai a helyzet Bag közelében – videóval",https://www.origo.hu/kek-hirek/2026/04/dugo-m3-as-bag-torlodas-tereles
8fe9138cc30ae03b0ffd12903991d9b34812c49af0e13f14c69030db8fdae997,2026-04-20 14:36:16.487117+00:00,hu,origo.hu,origo.hu,2026-04-20,Elszólta magát a Mercedes főnöke? Érdekes interjút adott!,https://www.origo.hu/sport/f1/2026/04/toto-wolff-mercedes-forma-1-interju
2afff7bc0a252c773503e93657ad4f06eea1c0bf010b40161d06b90484c654ae,2026-04-20 14:36:11.536262+00:00,hu,origo.hu,origo.hu,2026-04-20,Fekete zászlókkal gyászolják a lengyel egészségügyet a szakdolgozók: 40 kórház mehet csődbe,https://www.origo.hu/nagyvilag/2026/04/lengyelorszag-egeszsegugy-szakdolgozok-gyasz
7b5697f9fa96613750c7906db9cf93be4fe43fc7bbb2f160a5b9eec13c94e412,2026-04-20 14:35:43.594760+00:00,hu,origo.hu,origo.hu,2026-04-20,"Mérgezéses esetek Magyarországon: a legnagyobb veszély ott leselkedik önre, ahol nem is gondolná",https://www.origo.hu/kek-hirek/2026/04/mergezes-esetek-magyarorszag-2025
6f327f64b0fdfd6f9dcb226a6c8f4b0ce2515b0008aa796c6645efc9b70d951c,2026-04-20 14:35:33.906590+00:00,hu,origo.hu,origo.hu,2026-04-20,"Gyermekgyilkosság miatt újra bíróság elé állnak a pécsi vádlottak, előkerültek a megrázó bizonyítékok",https://www.origo.hu/kek-hirek/2026/04/gyermekgyilkossag-pecs-bizonyitek-itelotabla
de8c5e6de60907e9478f5d0a690b4a4e9d2ab9c7555e81c660d76e701b6e0d68,2026-04-20 14:35:16.232699+00:00,hu,origo.hu,origo.hu,2026-04-20,"A Fradinál továbbra sem értik, hogy miért adták meg a Győr gólját − videó",https://www.origo.hu/sport/sport-futball/2026/04/fradi-gyor-eto-nb-i-szabalyos-gol-rangado
2d6b41fe4a91601218997b2523acaa02330a6cf03bd851ddd2f9632f9a19805e,2026-04-20 14:35:11.234090+00:00,hu,origo.hu,origo.hu,2026-04-20,Hatalmas fordulat jöhet a globális olajkáoszban – ez mindent megváltoztathat,https://www.origo.hu/gazdasag/2026/04/olajvezetek-torokorszag-irak
244b7d7750d84188cf73928b42aff2837b1d160247b5361e4b1bb4c1bfa6e0b8,2026-04-20 14:35:07.119275+00:00,hu,origo.hu,origo.hu,2026-04-20,Holttestet találtak Fenyőfalvánál a folyóban,https://www.origo.hu/kek-hirek/2026/04/holttestet-talaltak-fenyofalvanal-a-folyoban
9d3b0a9b6461ff00cc6c45b288d1f7f1abbb87da303f399ad276a7044c45cedf,2026-04-20 14:35:02.436110+00:00,hu,origo.hu,origo.hu,2026-04-20,"Halálos iramban: itt a jó idő, előkerültek a rollerek",https://www.origo.hu/kek-hirek/2026/04/roller-elektromos-joifo-figyelmeztetes
2377b2cf4c428ca19d2bde084a72ee9e8f302bf1e86f67300a9e1ab2fa91e7c5,2026-04-20 14:34:56.241612+00:00,hu,origo.hu,origo.hu,2026-04-20,"Még meg sem alakult, máris kiskorúsította az EU Magyar Péter kormányát",https://www.origo.hu/belpol/2026/04/ursula-von-der-leyen-magyar-peter-budapest-unios-forras
debcc5733ad54764564e124afb400376bf0889c874d42e8e6d46fb09935f2e55,2026-04-20 14:34:51.355993+00:00,hu,origo.hu,origo.hu,2026-04-20,Rekordidejű börtönbüntetésre ítélték az emberiség egyik legdurvább szörnyetegét,https://www.origo.hu/nagyvilag/2026/04/bortonbuntetesre-szexualis-visszaeles-eroszak-kiskoru
27eafa343d878a6d4e15bfc57831b63ff6448d2885461e25a68f1c996491a2d1,2026-04-20 14:34:46.355767+00:00,hu,origo.hu,origo.hu,2026-04-20,"Bor, sör vagy tömény? Kiderült, melyik ital a legegészségesebb",https://www.origo.hu/nagyvilag/2026/04/alkohol-bor-sor-tomeny-egeszsegugyi-hatasok
7a604a149d0ea50eb282154e5fc1de7fe7efe801d461f8767f861ae2d9d736f5,2026-04-20 14:34:21.806333+00:00,hu,origo.hu,origo.hu,2026-04-20,"Oroszországból üzentek Orbán Viktornak: ez lesz, ha visszavonja a vétót",https://www.origo.hu/nagyvilag/2026/04/orban-viktor-oroszorszag-olajszallitas-koolaj
63c68163351a124635defe576c898f970dbf6a430b37e2b2a9528aa7607989ab,2026-04-20 14:34:16.812596+00:00,hu,origo.hu,origo.hu,2026-04-20,Fény derült a memóriaválság konkrét méretére,https://www.origo.hu/techbazis/2026/04/memoriavalsag-mikor-er-veget
0de034612a84b8c84dcd892be263a7f60b92d806420afc98a2dd77aacc59ca54,2026-04-20 14:27:49.751535+00:00,hu,blikk.hu,blikk.hu,2026-04-20,Lottónyereményből lett családi háború: a gyerekek semmit sem kapnak a pénzből,https://www.blikk.hu/sztarvilag/filmklikk/csaladi-fonyeremeny-film-rendezo/cm787zx
28451e6103b637ffd23b547951cb45f8485fb13224a30f4045112f4b274956a7,2026-04-20 14:27:29.200721+00:00,hu,blikk.hu,blikk.hu,2026-04-20,Rá sem lehet ismerni Gáspár Virágra a fogyás után: bomba alakot villantott Győzike lánya,https://www.blikk.hu/sztarvilag/hazai-sztarok/gaspar-bea-gaspar-virag-elkepeszto-atalakulas/v71ky68
2889b71276801be8b360c23f1b1d282b1c0e20ea212c6806d72836aab9777c07,2026-04-20 14:26:51.922428+00:00,hu,index.hu,index.hu,2026-04-20,„Valaki mentse meg Sydney Sweeney-t!” – kiakadtak a rajongók,https://index.hu/fomo/2026/04/20/sydney-sweeney-botrany-euforia-3-evad-kritikak-felhaborodas-rajongok/
127543a1af3f08b955442c3ee3173431a2a49e66001adb9a636398f107b908a1,2026-04-20 14:26:47.008408+00:00,hu,index.hu,index.hu,2026-04-20,Fizetésképtelenség határára sodródott a Magyar Igazságügyi Szakértői Kamara,https://index.hu/belfold/2026/04/20/magyar-igazsagugyi-szakertoi-kamara-scvab-zoltan-miniszterium-fizeteskeptelenseg-tagdij-pereskedes/
4adc6b6979b690f2887f64d28e4d3f73db8025286cfa51e55f4383fe48d9a106,2026-04-20 14:26:42.059514+00:00,hu,index.hu,index.hu,2026-04-20,"ByeAlex Rákay Philipnek: Aki nem csinált semmit, azt nem is lehet megrángatni, nem igaz?",https://index.hu/fomo/2026/04/20/byealex-rakay-philip-valasztas-2026-tisza-part-nav-ellenorzes/
78f8ced32254b6f69ad86fb34de308db39e592653c2afa2e1408f539ce96e235,2026-04-20 14:26:37.804441+00:00,hu,index.hu,index.hu,2026-04-20,Palvin Barbara először mutatkozott a sokkoló betöréses incidens után,https://index.hu/mindekozben/poszt/2026/04/20/palvin-barbara-nyilvanosan-mutatkozott-a-betoreses-incidens-utan/
ac6dcd88b761b40d80ba813f3f76721a241fdaccc44f9a2626a2e1fe636670c9,2026-04-20 14:26:35.426082+00:00,hu,blikk.hu,blikk.hu,2026-04-20,"Elképesztő: rendőrök is megsérültek, ezer szurkoló verekedett össze a bajnokavató előtt – videó",https://www.blikk.hu/sport/kulfoldi-foci/bayern-munchen-stuttgart-balhe/b3fjdd6
ce408e93d91a11dd0359043ff6a7d7c612c4b9132a1b391a6a7bf386c4c9b98c,2026-04-20 14:26:34.680555+00:00,hu,index.hu,index.hu,2026-04-20,"Hamarosan eldől, hogy Orbán Viktorra Trump vagy Berlusconi útja vár-e",https://index.hu/belfold/csatater/2026/04/20/valasztas-2026-mandatumbecsles-kozvelemeny-kutatas-kozter-eredmenyek/
59c96f24440f068fcceb141e3e4b1aa361e4d5f2e5daaa9998620cf2b4689481,2026-04-20 14:26:27.787007+00:00,hu,index.hu,index.hu,2026-04-20,J. D. Vance behúzta a kéziféket a vatikáni háborúban,https://index.hu/kulfold/2026/04/20/j.-d.-vance-xiv.-leo-papa-donald-trump-vita-olaszorszag-vatikan-egyesult-allamok-haboru/
59e80ed0c549818b59a4e167c482ef1c2c995bf38a6ccf0bf74ed864220af8db,2026-04-20 14:26:24.582798+00:00,hu,index.hu,index.hu,2026-04-20,„Sosem volt meggyőződéses fideszes” – Majka megvédte Ördög Nórát,https://index.hu/fomo/2026/04/20/majka-ordog-nora-valasztas-bejegyzes-fidesz/
70496eb7c9e205d4163fd31e6d4e96f3a8f31de32bbb871d532b4e6a76a62eaf,2026-04-20 14:26:19.224866+00:00,hu,index.hu,index.hu,2026-04-20,"Teljesen átalakult az RTL Reggeli, új környezet várja a nézőket",https://index.hu/mindekozben/poszt/2026/04/20/rtl-reggeli-uj-studio-teljesen-megujult-kornyezet/
c83dba07583eae610e96eccaf903ca6abea8da274372f3c3a888c12e2acbc03d,2026-04-20 14:26:12.675780+00:00,hu,index.hu,index.hu,2026-04-20,Hivatalosan is eldőlt az egyik Fidesz-bástyának számító választókerület sorsa,https://index.hu/belfold/2026/04/20/valasztas-2026-kepviselo-mandatum-szabolcs-szatmar-bereg-varmegye-valasztokerulet-tilki-attila/
d81aa5d43f47ce236d0c980a70ecf8b4810b27b0d821d938daa7371d20cade8b,2026-04-20 14:26:07.215022+00:00,hu,index.hu,index.hu,2026-04-20,Egyhangúlag támogatta a Tisza-frakció Bujdosó Andrea és Forsthoffer Ágnes jelölését,https://index.hu/belfold/2026/04/20/magyar-peter-tisza-part-elnok-bujdoso-andrea-frakciovezeto-forsthoffer-agnes-orszaggyules/
0ada9383e5f64b04f2cc36386dc1d45bfbb8a7aa948062a1470cff8092430169,2026-04-20 14:26:02.365273+00:00,hu,index.hu,index.hu,2026-04-20,„Ezt várom konzervatív fiatalként Magyar Pétertől”,https://index.hu/velemeny/2026/04/20/tisza-part-kormany-konzervativizmus-jobboldal-rendszervaltas-magyar-peter-europa-magyarorszag/
890981f1da2d78488d1c6d2afb10716e86d3bda18fcf3c6c6ce239b552eb64e1,2026-04-20 14:25:57.320475+00:00,hu,index.hu,index.hu,2026-04-20,"Marozsán a hátrányos helyzetű gyermekek sportolását segíti, egymillió forint gyűlt össze akciójában",https://index.hu/sport/tenisz/2026/04/20/marozsan-fabian-tenisz-jotekonysag-dedikalt-mezek-ertekesitese-civil-ut-alapitvany/
ceb90ce6e761588f98a6905549ff1c73e609a6064a3897a9672fa5b3e102ea21,2026-04-20 14:25:52.520148+00:00,hu,index.hu,index.hu,2026-04-20,Michele Morrone napokon belül Magyarországra érkezik,https://index.hu/fomo/2026/04/20/michele-mororne-hell-millenaris-jubileum-szuletesnap/
25107a97ae08687d379d8a7284f20e012537bfe257681f5573e43f7b4ed8eb6d,2026-04-20 14:25:47.355801+00:00,hu,index.hu,index.hu,2026-04-20,A gázolaj és a benzin piaci ára is csökken kedden,https://index.hu/gazdasag/2026/04/20/uzemanyag-benzin-dizel-vedett-ar-csokkenes/
27cc77647bd56610a77bfee985dede8ffe95a54b49dd0aea1f982fcfd8f87df6,2026-04-20 14:25:42.531781+00:00,hu,index.hu,index.hu,2026-04-20,Az Európai Bizottság szerint jó kezdet volt a hétvégi tárgyalás Magyar Péterékkel,https://index.hu/kulfold/2026/04/20/europai-unio-europai-bizottsag-magyar-peter-unios-forrasok-egyeztetes-targyalas-baratsag-koolajvezetek-sajtotajekoztato/
98103c9a9fd745d5480392bfe2e65242723fa012364408acaf0a9052ec000b57,2026-04-20 14:25:38.347546+00:00,hu,index.hu,index.hu,2026-04-20,Robert Downey Jr. ritkán látott feleségével pózolt a vörös szőnyegen,https://index.hu/mindekozben/poszt/2026/04/20/robert-downey-jr.-ritkan-mutatkozo-felesege-tobb-mint-20-eve-alkotnak-egy-part/
2a25c75053878218d1130d329a01067c2640202cab2b4b8669592e094789bfbe,2026-04-20 14:25:32.528656+00:00,hu,index.hu,index.hu,2026-04-20,"Kövér László: Lehet, hogy a sátán most csatát nyert, de Jézus Krisztusé a győzelem",https://index.hu/belfold/2026/04/20/kover-laszlo-bayer-zsolt-fidesz-valasztas-2026-vereseg/
951bac0ca66349a48bef5e669cf0947bcd36b04f6af9622b3c22a2131c1314a1,2026-04-20 14:25:27.218478+00:00,hu,index.hu,index.hu,2026-04-20,Ezer szurkoló verekedett össze a bajnokavató előtt,https://index.hu/sport/futball/2026/04/20/bundesliga-2025-2026-bayern-munchen-stuttgart-bajnokavato-balhe-verekedes/
45997c100f9c87395ae47c2f87c5621b1d618bd2de3bba91f2de4a9dd93d802f,2026-04-20 14:25:22.562073+00:00,hu,index.hu,index.hu,2026-04-20,"Nicole Kidman: Éppen színpadra készültem, amikor megtudtam, hogy anyám meghalt",https://index.hu/kultur/2026/04/20/nicole-kidman-film-szinesz-babygirl-vallomas/
83495fe48ecafbfe30c7f02cb09fb52a9e391b79ebe2d3c5ee7b36c33c44f792,2026-04-20 14:25:17.145195+00:00,hu,index.hu,index.hu,2026-04-20,Semmelweis-napra leszerelteti az arcfelismerő rendszereket a kórházakból a leendő egészségügyi miniszter,https://index.hu/belfold/2026/04/20/egeszsegugy-tisza-part-korhaz-arcfelismero-rendszer-reform-hegedus-zsolt-egeszsegugyi-miniszter/
b335737da1d1700692c3b19f6796f87f68de773d3e9fb50763dd76ff12de69d2,2026-04-20 14:25:12.435282+00:00,hu,index.hu,index.hu,2026-04-20,Nem szállítok szemetet – Tisza-plakát miatt nem engedte fel a fiatalokat a buszra a sofőr Pásztón,https://index.hu/belfold/2026/04/20/tisza-plakat-buszsofor-szemet-vizsgalat-paszto-fiatalok/
00b361fc6727ac92ccee1cfb33cbc1377b29818597b4e5f97728b9d47fd26cad,2026-04-20 14:25:07.307732+00:00,hu,index.hu,index.hu,2026-04-20,Tömeges változások a magyar válogatott keretében a világbajnokság előtt,https://index.hu/sport/jegkorong/2026/04/20/jegkorong-magyar-valogatott-keretvaltozas/
23be3477a575c888c6754240b8650982f7be5714c942a60dc9e9a4efdfa1a97c,2026-04-20 14:25:04.204747+00:00,hu,index.hu,index.hu,2026-04-20,"Ezért nem éri meg blöffölni, csalni, parvenünek lenni a magyar kutatók szerint",https://index.hu/tudomany/til/2026/04/20/oszinte-megteveszto-jelzesek-bloff-csalas-evolucio-csereviszony-elmelet/
09c78386c2e06c5b0049491031b082a348d10033ef828cce5c5f62118f326a52,2026-04-20 14:24:58.447914+00:00,hu,index.hu,index.hu,2026-04-20,"Különös feliratú pólóban kapták lencsevégre Schobert Norbit, így tűnt ki a tömegből",https://index.hu/mindekozben/poszt/2026/04/20/schobert-norbi-poloja-szuletesnap-penz-bmw/
8c3036b714d05958b65294f02c9f1bbf3f884f1aa3698e26fe3000dfff562152,2026-04-20 14:24:52.429726+00:00,hu,index.hu,index.hu,2026-04-20,Magyar Péter május 31-ig adott határidőt Sulyok Tamásnak,https://index.hu/belfold/2026/04/20/magyar-peter-tisza-part-kormany-miniszterek-miniszteriumok-orban-anita-karman-andras-kapitany-istvan-tisza-kormany-2026/
120a8278f960ff83abcfc751bb6215679cd6819ceabb3f24603874ad2d44f971,2026-04-20 14:24:47.493027+00:00,hu,index.hu,index.hu,2026-04-20,Napokkal a tavasz leginkább várt eseménye előtt érkezett a bombahír,https://index.hu/sport/amerikaifutball/2026/04/20/nfl-draft-2026-cincinnati-bengals-new-york-giants-dexter-lawrence-csere-hosszabbitas/
99144a9aa636fb1863a23627a27b798a2b9f40dc43278e1fb18889e40cc971b3,2026-04-20 14:24:42.431791+00:00,hu,index.hu,index.hu,2026-04-20,"Egy focimeccs miatt robbant ki botrány, világsztárok követelik a bojkottot",https://index.hu/sport/2026/04/20/irorszag-izrael-kneecap-tiltakozas-stop-the-game-kampany/
77a14acca2f007549b77e0bb9bda248645faaaf56178438e83e5cc3784aee137,2026-04-20 14:24:37.257459+00:00,hu,index.hu,index.hu,2026-04-20,Illúzió lehet az INA visszaszerzése: megoldódhat-e a horvát–magyar viszony Magyar Péter győzelmével?,https://index.hu/kulfold/2026/04/20/horvatorszag-magyarorszag-magyar-peter-uj-kormany-ina-vallalat-olaj-valtozas/
a68cb34af26bcc7a4171fa9f8f23a888069076abefa6cd11103a23018175db39,2026-04-20 14:24:32.528326+00:00,hu,index.hu,index.hu,2026-04-20,Zelenszkij Magyar Péterrel egyeztetne az Orbán-kormány által lefoglalt ukrán pénzekről,https://index.hu/kulfold/2026/04/20/volodimir-zelenszkij-magyar-peter-ukran-penzszallito-egyeztetes-orban-viktor-egyeztetes/
ae325e27aecd881c833f1028b857ac726ec0c7e7fd23ce6a362f8e1c123421e3,2026-04-20 14:24:27.632018+00:00,hu,index.hu,index.hu,2026-04-20,Ursula von der Leyen: Hatalmas nyomás van az új magyar kormányon,https://index.hu/kulfold/2026/04/20/europai-unio-europai-bizottsag-ursula-von-der-leyen-magyar-peter-orban-viktor-unios-forrasok-helyreallitasi-alap-veto/
0146332c815fad599cfe7d902ddb2595fe811ea82b979a82622c9449b93bd58b,2026-04-20 14:24:22.668924+00:00,hu,index.hu,index.hu,2026-04-20,"A Fidesz atlantista szárnyához sorolták, a Tisza-kormány külügyminisztere lesz",https://index.hu/belfold/2026/04/20/orban-anita-tisza-part-tisza-kormany-2026-magyar-peter-kulpolitika-kulugyminiszterium-kulugyminiszter-fidesz-vodafone/
585f3f5875f040e8075e740f1d7ed4d962fb8639d8c0b7c1a724a4014f3f39ab,2026-04-20 14:24:18.271145+00:00,hu,index.hu,index.hu,2026-04-20,"Erdélyi Mónika: Ugyanabban az országban élünk, a jövőt mindannyian biztonságosnak, élhetőnek szeretnénk látni",https://index.hu/mindekozben/poszt/2026/04/20/erdelyi-monika-emberi-kapcsolata-nem-ment-ra-valasztasok-utan/
9d4e5f446dfab0b3da7b62aaa23dc725e1050b9ff8603c06647092ba8648e711,2026-04-20 14:24:12.349550+00:00,hu,index.hu,index.hu,2026-04-20,„Nincs igazi előrelépés” – továbbra is a levegőben lóg Szoboszlai Dominik liverpooli hosszabbítása,https://index.hu/sport/futball/2026/04/20/premier-league-liverpool-szoboszlai-dominik-szerzodeshosszabbitas/
9f12cee89757de1d8d7356e886955c570fa016074e536a45dbe49e0727021837,2026-04-20 14:24:06.973801+00:00,hu,index.hu,index.hu,2026-04-20,"A „bulibáró”, aki szikével esne a feudális hazai egészségügynek – Hegedűs Zsolt a Tisza-kormány egészségügyi minisztere",https://index.hu/belfold/2026/04/20/tisza-part-magyar-peter-kormany-2026-egeszsegugy-hegedus-zsolt/
52cf38b9cb83d1566b84e403c50a64888bac1b1c4b59e3191ce5bfc282c45a00,2026-04-20 14:24:01.842200+00:00,hu,index.hu,index.hu,2026-04-20,Aranyat és bronzot szereztek a tekvandós Márton ikrek Spanyolországban,https://index.hu/sport/2026/04/20/tekvondo-g1-spanyol-open-alicante-marton-viviana-aranyerem-marton-luana-bronzerem/
cbd78c3c7405addc8aa20cc9d4c81a3ad8252afcbef9678d201dc0e33aaf9fac,2026-04-20 13:38:20.500469+00:00,hu,blikk.hu,blikk.hu,2026-04-20,2026-ban öt sorsfordító asztrológiai esemény várható,https://www.blikk.hu/eletmod/lelek/2026-asztrologiai-esemenyek/tz4me73
723aabea90c12fb8391d97303f5deb8c99bbe464d1093afeadce0cdcf38dedb8,2026-04-20 13:38:15.144503+00:00,hu,blikk.hu,blikk.hu,2026-04-20,"Bűnügyi felügyelet alá került a halásztelki fideszes polgármester, aki zsíros parlamenti kamuállást intézett az anyjának",https://www.blikk.hu/aktualis/belfold/nagy-barnabas-fideszes-polgarmester-halasztelek/6qgjgb5
9ae07600ff66a90c4b57f5fcaa86300be56744874769a42a113ce51b98c91fe6,2026-04-20 13:38:01.326090+00:00,hu,blikk.hu,blikk.hu,2026-04-20,"Kiadták a riasztást: Hidegfront vonul át az országon, zivatarok és viharos szél várható",https://www.blikk.hu/aktualis/belfold/idojaras-elorejelzes-citromsarga-riasztas-zapor-viharos-szel/h64xst6
4fee66f9cc6ee5058297d5016e1ff20e64863f8464f4dc5654acaa22bfccc0e5,2026-04-20 13:37:44.500402+00:00,hu,blikk.hu,blikk.hu,2026-04-20,Különös pólóban ünnepelte Schobert Norbi a születésnapját,https://www.blikk.hu/sztarvilag/hazai-sztarok/schobert-norbi-szuletesnap-polo/48l75hq
b3fb43c29069bdc34de9c3225c63b6f9d6e69b0ea0f755afe004738bfc341557,2026-04-20 13:37:30.625048+00:00,hu,blikk.hu,blikk.hu,2026-04-20,Az ukrán államfő Magyar Pétertől várja a lefoglalt készpénz és arany visszajuttatását,https://www.blikk.hu/politika/magyar-politika/volodimir-zelenszkij-magyar-peter-ukran-penzszallito-orban-viktor/czw7x8l
957b1b30925ad52e4a30c9eafa9a807b3291209c3f6772cdc655fe9d59169f52,2026-04-20 13:37:14.255321+00:00,hu,blikk.hu,blikk.hu,2026-04-20,Hivatalos: Mircea Lucescu halála után Gheorghe Hagi lett az új román szövetségi kapitány,https://www.blikk.hu/sport/kulfoldi-foci/gheorghe-hagi-szovetsegi-kapitany/pgfqjd8
5ec941018e267056642918685b3293b96a31bd349f11cb8d9c9d37b753e04ea3,2026-04-20 13:36:44.120700+00:00,hu,blikk.hu,blikk.hu,2026-04-20,Itt van Magyar Péter bejelentése: Ők lesznek a Tisza-kormány miniszterei – videó,https://www.blikk.hu/politika/magyar-politika/magyar-peter-tisza-kormany-miniszter/cz4z25h
a8e5bcfbd28ab80df79280467989ec04fe29b2a9434206adf1287f9a4e129a38,2026-04-20 13:36:30.443227+00:00,hu,blikk.hu,blikk.hu,2026-04-20,Óriási balhé a magyar focimeccsen: a játékosokat és a bírót is fojtogatták – videó,https://www.blikk.hu/sport/magyar-foci/varaszo-lokomotiv-botrany-focimeccs/vv2lcmv
9f3a6088f5bd513cd4cab7fbe3adafbc8abd5b630c29e4780fe4fd545a4d3b1e,2026-04-20 13:26:48.500359+00:00,hu,origo.hu,origo.hu,2026-04-20,"Célpont lett a fideszes képviselő, a fejét rugdalják és késsel dobálnák",https://www.origo.hu/belpol/2026/04/celpont-lett-a-fideszes-kepviselo-fejet-rugdaljak
af1404e737915d9595bf009b7abbdec491a17748ca6e5d32b11977288ef6612b,2026-04-20 13:26:44.125100+00:00,hu,origo.hu,origo.hu,2026-04-20,"Légzsákok nyíltak, a forgalom is leállt: durva baleset a Délinél",https://www.origo.hu/kek-hirek/2026/04/sulyos-baleset-legzsakok-nyiltak-a-forgalom-is-leallt
a5273f57f95c32180b425780c66f0ea9c6f7de30d533e6dd3eaae4a0b2b5331c,2026-04-20 13:26:38.458768+00:00,hu,origo.hu,origo.hu,2026-04-20,Hamarosan megindulhat a kőolajszállítás Magyarország felé? Mutatjuk!,https://www.origo.hu/belpol/2026/04/hamarosan-megindulhat-a-koolajszallitas-magyarorszag-fele
4245e6c4fcfcab7aa6cd6a95306e6ac444fdc05ab3be24d9bb9c18e0a0bd70a3,2026-04-20 13:26:23.117069+00:00,hu,origo.hu,origo.hu,2026-04-20,A gyomron keresztül védi az agyat ez a konyhai csodaszer,https://www.origo.hu/tudomany/2026/04/extra-szuz-olivaolaj-agy-egeszsege-belflora
290905a90bcf6bc35a57f70c04ec627272147d3b14aad7e55b17896d8d28f36d,2026-04-20 13:26:09.321580+00:00,hu,origo.hu,origo.hu,2026-04-20,Fej nélküli magzatot találtak az újpesti rakparton,https://www.origo.hu/kek-hirek/2026/04/mehmagzatot-talaltak-az-ujpesti-rakparton
666df3fe03101a4f04d4284fd40ff2adfa908704d93795f4040a9d53a510ad7d,2026-04-20 13:26:05.118171+00:00,hu,origo.hu,origo.hu,2026-04-20,"Döbbenetes látvány ez az autó, mindenki fogja a fejét!",https://www.origo.hu/auto/2026/04/dobbenetes-latvany-ez-az-auto-mindenki-fogja-a-fejet
353da6fe71433620b228f594191bfd36d40486cdf391739e3a28870528fbbdd8,2026-04-20 13:25:49.495073+00:00,hu,origo.hu,origo.hu,2026-04-20,Lakásfosztogatók lepték el Budapest belvárosát,https://www.origo.hu/kek-hirek/2026/04/lakasfosztogatok-leptek-el-budapest-belvarosat
dbd312d05706e1b8440f72ed384a1315f1bd1bb0b7332416fb1b301710e663c1,2026-04-20 13:25:40.656470+00:00,hu,origo.hu,origo.hu,2026-04-20,Nagy a baj: milliós nagyságrendű járművisszahívást rendelt el a Ford,https://www.origo.hu/gazdasag/2026/04/ford-millios-nagysagrendu-jarmu-visszahivas
1b86faa304b1555dc3a286b079b65dc2c96462d9fbd5d8f134346854371eb2a6,2026-04-20 13:25:35.646480+00:00,hu,origo.hu,origo.hu,2026-04-20,Hihetetlen titkokat őriznek az autók fekete dobozai,https://www.origo.hu/techbazis/2026/04/auto-fedelzeti-szamitogep-fekete-doboz-gps
eb431549232be373d8998ccc4e2f5f8b7e0e0ce0bf18a6c56fd22f81b21508b9,2026-04-20 13:25:30.709952+00:00,hu,origo.hu,origo.hu,2026-04-20,Leheletnyi csipke feszült csak Tóth Andi keblein – fotó,https://www.origo.hu/itthon/2026/04/toth-andi-elkepesztoen-bevallalos-szettben-pozol
415d14d52428f3c86acaa2497edc86cd526c30eb879ed85486775ccc4223e76e,2026-04-20 13:24:54.733582+00:00,hu,origo.hu,origo.hu,2026-04-20,"Fernando Alonso: Két-három éve mindenki azt hitte, őrült vagyok",https://www.origo.hu/sport/f1/2026/04/fernando-alonso-reagalt-aston-martin-honda-motor-vadak
36105fca42238335e3d1723ce608d4e8636fb120f936faddf8e3bda34ffd3be3,2026-04-20 13:24:49.657644+00:00,hu,origo.hu,origo.hu,2026-04-20,Elemző a Tisza-jelöltről: a feszültség keltése marad a párt stratégiája,https://www.origo.hu/belpol/2026/04/tisza-jelolt-feszultseg-keltes-part-strategia-magyar
799ef74b0a07f59c84e9ee8eb4634f217e86669ace6a24b2683fd6df272cc622,2026-04-20 13:24:45.230310+00:00,hu,origo.hu,origo.hu,2026-04-20,Még a legrutinosabb sofőröket is becsapja ez a KRESZ-feladvány – önnek menne?,https://www.origo.hu/auto/2026/04/kresz-feladvany-jarmu-auto-jobbkez-szabaly
144d979b6608d617c66d8bf623fb018de665bd746fe79a00a1120ceeb44cc47d,2026-04-20 13:24:39.616790+00:00,hu,origo.hu,origo.hu,2026-04-20,Rekord méretű államapparátussal kormányozna Magyar Péter,https://www.origo.hu/belpol/2026/04/elkepeszto-miniszteriumi-strukturat-allit-fel-magyar-peter
07f695f75f8e99a2aac1e8240da054b53c9345ad7458eb0a444e00f72b69c2e1,2026-04-20 13:24:34.640112+00:00,hu,origo.hu,origo.hu,2026-04-20,"Eddie Murphy szerint időszerű volt már az életműdíja: ""Ha 92 évesen kaptam volna meg, a padló közepére ürítek!""",https://www.origo.hu/filmklub/2026/04/eddie-murphy-dijat-kap-kozonobeszed
a8fa622412a51b5261007ce4088c5e02377dfd1a589484ae326c301235c6f5cc,2026-04-20 13:24:29.623297+00:00,hu,origo.hu,origo.hu,2026-04-20,Hét játékos is kikerült a jégkorong-válogatott keretéből,https://www.origo.hu/sport/sport-csapat/2026/04/magyar-valogatott-ferfi-jegkorong-vilagbajnoksag-keret
eb69de3d33141ace3e37207dfe19394317bc4ec51d4d154cddd7d8ace2f90b31,2026-04-20 13:24:24.638670+00:00,hu,origo.hu,origo.hu,2026-04-20,Újra kinyitja kapuit a droggyanú miatt bezárt Symbol szórakozóhely,https://www.origo.hu/kek-hirek/2026/04/drog-szorakozohely-bezaras
d0d27e2051ebb87ff2c8ef8fe4f24bb3fb440fe09138631273ecf35b258e5a4d,2026-04-20 13:24:19.766498+00:00,hu,origo.hu,origo.hu,2026-04-20,Áttörés jöhet! Extrém körülmények között működő kvantumszenzorokat fejlesztenek,https://www.origo.hu/itthon/2026/04/kvantumszenzor-kutatas-fejlesztes-hun-ren
cc418ce3ca124036407b9448c1ad2067ef5647916859484a4062db883e611b56,2026-04-20 13:19:17.693274+00:00,hu,blikk.hu,blikk.hu,2026-04-20,Árpa Attila keményen bírálta Csiszár Jenő diplomáciai kinevezését,https://www.blikk.hu/sztarvilag/hazai-sztarok/arpa-attila-csiszar-jeno-dpk/mrtrfys
ecb1e870bbd98212ad8b60515ae24b2b99cb059542ce012e767055627effe595,2026-04-20 13:17:34.381649+00:00,hu,blikk.hu,blikk.hu,2026-04-20,Két Erdei is nagy tapsot kapott a profigála közönségétől,https://www.blikk.hu/sport/bokszgala-erdei-profi/n0nsxdp
a77d00fcdb6bb62b2e14d09c94d738ecaa179cf9b868293f493de6fa21d0acac,2026-04-20 13:17:29.723125+00:00,hu,blikk.hu,blikk.hu,2026-04-20,"Juhász Péter nyomravezetői díjat hirdetett – így derülhet ki, ki az a Zsolt bácsi",https://www.blikk.hu/politika/magyar-politika/juhasz-peter-zsolt-bacsi-nyomravezetes/r11g6sw
9937dcafaac5ef9c4734f11fc23c894d48577ed8d2cd4fa68baacd795e94d2c6,2026-04-20 13:17:25.348566+00:00,hu,blikk.hu,blikk.hu,2026-04-20,Szüksége van a kutyának kutyabarátságra?,https://www.blikk.hu/eletmod/tippek/kutya-baratsag/mkv3zmn
ea33bb552f802d6947242ab106d3acf383d39cc0715fda61ff6bfc8673784491,2026-04-20 12:33:32.828239+00:00,hu,blikk.hu,blikk.hu,2026-04-20,Tragikus hirtelenséggel meghalt a Csillagközi invázió sármos sztárja,https://www.blikk.hu/sztarvilag/nemzetkozi-sztarok/meghalt-patrick-muldoon-csillagkozi-invazio/4mlbgk4
b7b0e044c418031d9f276b2370c1af1d140114d51f78eb3121568710ad351d2a,2026-04-20 12:33:27.885891+00:00,hu,blikk.hu,blikk.hu,2026-04-20,Magyar Péter bejelentette a Tisza Párt frakcióvezetőjét és az Országgyűlés következő elnökét: ők azok,https://www.blikk.hu/politika/magyar-politika/tisza-part-frakciovezeto-hazelnok/1hxk788
163ce1e99313f07a98fce7c81bd895b3d2394d7b5bb4da1afe523357c46fc710,2026-04-20 12:33:19.726926+00:00,hu,blikk.hu,blikk.hu,2026-04-20,"Kitűnnél a LinkedInen? Íme, három tuti tipp, ami biztosan segít",https://www.blikk.hu/ferfiaknak/tech/linkedin-profil-tipp-oneletrajz/4frh92w
f6d682232dde1694ddc312e5bb9b97d26831fd8323577461fb78762c0eb182eb,2026-04-20 12:33:14.701957+00:00,hu,blikk.hu,blikk.hu,2026-04-20,Óriási bajban a magyar futballklubok: százmilliókat bukhatnak – már az MLSZ-elnök is erről beszél,https://www.blikk.hu/sport/magyar-foci/csanyi-sandor-labdarugas/pypm4y3
d42eadaf64203af4b55f491ebb4042c4b998276d4dfd0472c0c3794d1494beaf,2026-04-20 12:33:10.145477+00:00,hu,blikk.hu,blikk.hu,2026-04-20,Három nap plusz szünet jön az iskolákban,https://www.blikk.hu/aktualis/belfold/erettsegi-szunet-2026/c094qp0
cc98a65f07a6b106ea75f1a093161763b6fdd637e85e06d73bba0044c4541a56,2026-04-20 12:33:05.160280+00:00,hu,blikk.hu,blikk.hu,2026-04-20,Új világcsúcsot ünnepelhet Törőcsik Zsófia,https://www.blikk.hu/sport/torocsik-zsofia-vilagrekord/78wgbyj
3ef611b0845ae3721e088ec7ff812fd5f5c6c5bbf867437ec859509dc8d1ba8a,2026-04-20 12:31:57.088976+00:00,hu,blikk.hu,blikk.hu,2026-04-20,"Újranyitott a budai Symbol, megszólaltak a drogggyanú miatt bezárt klub üzemeltetői",https://www.blikk.hu/aktualis/belfold/symbol-ujranyitas-bezaras-klub-szorakozohely-budapest-rendorseg/rxvf9qy
8c6453a4d92a62776b43e7235e288580ee5c01f3a3a19ebf9cdffa79b5f0ce4c,2026-04-20 12:31:47.841255+00:00,hu,blikk.hu,blikk.hu,2026-04-20,"Jennifer Aniston egykori férje, Justin Theroux apa lett",https://www.blikk.hu/sztarvilag/nemzetkozi-sztarok/apasag-justin-theroux-szuletes-kisfiu-szerelem/nrtr1hr
eba7708099d67c020740d0e86efa4551ea6a447081a8969bdbe8ffc8010f4630,2026-04-20 12:18:40.930319+00:00,hu,blikk.hu,blikk.hu,2026-04-20,Kövér László visszavezette a Fidesz választási kudarcát Big Brother Pongóig,https://www.blikk.hu/politika/magyar-politika/kover-laszlo-fidesz-valasztasi-kudarc-bb-pongo-hann-endre/3506fcq
4201e2b0524fd2503c98849fde414a6b2860f49c970b97cfef77b293df83c6ea,2026-04-20 12:18:34.715257+00:00,hu,blikk.hu,blikk.hu,2026-04-20,"Mutatjuk, mekkora fizetésre számíthat egy kezdő dolgozó a Lidl üzleteiben",https://www.blikk.hu/gazdasag/penz/lidl-jovedelem-versenykepes-beremeles/c6ywwsl
ee877689af3c033bf5b476273f7eef4e70881cf7faa02d9f911f8c29939572dc,2026-04-20 12:18:03.961081+00:00,hu,blikk.hu,blikk.hu,2026-04-20,Iskolai zaklatás áldozata lett Tihanyi Péter nagyobbik gyermeke,https://www.blikk.hu/sztarvilag/hazai-sztarok/tihanyi-peter-iskolai-zaklatas/1f8z5tp
b837f278ba4406cc567bc3b72108c19c6f675d7293dc30b71aba8f74e7a58744,2026-04-20 12:17:43.260967+00:00,hu,blikk.hu,blikk.hu,2026-04-20,Magyar Péter Japánban: kartonfiguraként elemezték egy tévéműsorban,https://www.blikk.hu/politika/magyar-politika/magyar-peter-kartonfigura-japan/zlgqse1
9b8f308fbf52e7b8b608549470824e4fe876235ded502ed933a35061a5bdc031,2026-04-20 12:17:34.086696+00:00,hu,blikk.hu,blikk.hu,2026-04-20,"Új hírek érkeztek: így van most Borika, az elgázolt fekete bárány",https://www.blikk.hu/aktualis/belfold/fekete-barany-mentes/v865pmm
0be39f3c26331b8e7b1ef9ee01238c500269fbd46784af9462f3cdf9a2ddd5c1,2026-04-20 11:43:52.681681+00:00,hu,origo.hu,origo.hu,2026-04-20,Sokkoló: agykárosító lehet sokak kedvenc étrend-kiegészítője,https://www.origo.hu/tudomany/2026/04/halolaj-agyseriules-omega-3-epa-hatasai
3e6e36afd982ba5c0d7919cd863709c063fe48b873328489094ac03f38591293,2026-04-20 11:43:47.696014+00:00,hu,origo.hu,origo.hu,2026-04-20,A Verstappen-pletykák árnyékában ígéretet tett a Mercedes pilótája,https://www.origo.hu/sport/f1/2026/04/forma-1-verstappen-veszelybe-sodorhatja-russell-reakcio
0a828422997867d7b20004a2a3b1367e31246d83bd35b7eca568b5913741ed4b,2026-04-20 11:43:42.708905+00:00,hu,origo.hu,origo.hu,2026-04-20,Az Eb-döntő hőse két spanyol méltósággal is elutasította a kézfogást – videó,https://www.origo.hu/sport/sport-futball/2026/04/mikel-oyarzabal-spanyol-kupa-kezfogas-vezeto-video
203e4d00b734f7542bcb6e5c3e2acfeab580c52a8205be658259e9f7cf9a0ae5,2026-04-20 11:43:39.963747+00:00,hu,origo.hu,origo.hu,2026-04-20,"Rendkívüli szünet jön az iskolákban, a legtöbb szülő nem is tud róla!",https://www.origo.hu/itthon/2026/04/erettsegi-szunet-vizsga-diak
5670e297c36c465a0737106f833b4d75fe918e9a64112412dbb483691ce26a92,2026-04-20 11:43:38.645888+00:00,hu,origo.hu,origo.hu,2026-04-20,"Mutatjuk, melyek a legjobb kisautók a vásárlók szerint",https://www.origo.hu/auto/2026/04/autok-vasarlo-minoseg-dizajn
b1fe82f9e6378b1f6c504b18984e0e0b86b8f34296c72f1243870f15ab373ef3,2026-04-20 11:43:38.391228+00:00,hu,origo.hu,origo.hu,2026-04-20,"Sötét dolgokra derült fény az észak-koreai élelmiszergyárakról, a látszat itt már nem elég",https://www.origo.hu/gazdasag/2026/04/elelmiszer-gyartas-eszak-korea-biztonsag
d166c224c996b5fff2bd3c99310b06bf98aace51b09c6a85d8e309d2bbc778cf,2026-04-20 11:43:23.876992+00:00,hu,origo.hu,origo.hu,2026-04-20,Nem a sötétség vár: csodás dolog történik a halál előtt,https://www.origo.hu/tudomany/2026/04/halal-elotti-almok-titkai
0afbdab5de5d52c4efff11879677b80134ad9c5cda0d83dec17b9c589348d4ea,2026-04-20 11:43:18.285621+00:00,hu,origo.hu,origo.hu,2026-04-20,"Jeff Bezosnak sem fenékig tejfel az élet, most éppen nagyon ciki bukta van",https://www.origo.hu/nagyvilag/2026/04/jeff-bezos-urvallalat-raketa-muhold
2c6802094ca23e952229fa797178ff72d6dca0565f588ac3e57f44f04949db9c,2026-04-20 11:43:13.889558+00:00,hu,origo.hu,origo.hu,2026-04-20,Tragikus hirtelenséggel elhunyt a Csillagközi invázió sztárja,https://www.origo.hu/nagyvilag/2026/04/patrick-muldood-csillagkozi-invazio-melrose-place-gyasz
17f5f67a734271153e73825407141c1de0d528fd9ae6eea93df785939ef207be,2026-04-20 11:43:07.702117+00:00,hu,origo.hu,origo.hu,2026-04-20,Jelentős fennakadások vannak a Telekomnál: sokan hívást sem tudnak indítani,https://www.origo.hu/itthon/2026/04/telekom-fennakadasok-hivast-sem-tudnak-inditani
756129443bbe4800a268c97967426ab5dabfa0c5b792056434c638c9ea0515df,2026-04-20 11:43:02.701099+00:00,hu,origo.hu,origo.hu,2026-04-20,Zuhanórepülésben a légitársaságok – a kerozinválság már a tőzsdén is lecsapott,https://www.origo.hu/gazdasag/2026/04/legitarsasagok-kerozinvalsag-tozsde
ef8729e5a60f4b2321579f6428b613b6d320047a36edec6c55f530a175897df2,2026-04-20 11:42:58.763860+00:00,hu,origo.hu,origo.hu,2026-04-20,Bombahír Liverpoolból: elakadtak a tárgyalások Szoboszlaival!,https://www.origo.hu/sport/sport-futball/2026/04/szoboszlai-dominik-liverpool-szerzodes-interju
b61272fcd5195d18a5e850904561f1d8364cf4e877b2f7bff5128f2c5e85d56b,2026-04-20 11:42:53.816850+00:00,hu,origo.hu,origo.hu,2026-04-20,Charles Michel rendkívül súlyos kritikával illette Ursula von der Leyent,https://www.origo.hu/kulpol/2026/04/charles-michel-kritikaval-illette-ursula-von-der-leyent
92aa31d9dfe902c353b5a9f97aaba1e37947a4010626f6c1ea80d34355c2bc3a,2026-04-20 11:42:48.978085+00:00,hu,origo.hu,origo.hu,2026-04-20,"Engem valami furcsa omerta kötelez arra, hogy… mire is? Magyarázkodik az áruló Borbás Marcsi",https://www.origo.hu/kek-hirek/2026/04/borbas-marcsi-nekiment-kocsis-matenak
66fd2b0e46cf0c3d8288b614306fbdda45db3d9e4b30a94e386327e8ede39f18,2026-04-20 11:42:43.134382+00:00,hu,origo.hu,origo.hu,2026-04-20,A másik autós szájba lövésével fenyegetőzött egy ámokfutó a Hungária körúton – videó,https://www.origo.hu/auto/2026/04/buntetofekezes-utan-szajba-loves-budapest
b1f38b196361a6baff4a5e7f18fca631f6ae3ece60f204bbe869205f1b060754,2026-04-20 11:42:39.220669+00:00,hu,origo.hu,origo.hu,2026-04-20,Minden eddiginél kegyetlenebb az álláskeresés,https://www.origo.hu/techbazis/2026/04/allaskereses-oneletrajz-mi-ai-eloszures-ats
0b3711bbf98e0a4a69a691e53bb5d05589846f4e3f57b3d8a8c455fb3581aba2,2026-04-20 11:42:32.828419+00:00,hu,origo.hu,origo.hu,2026-04-20,Nyolc és fél évre lecsukták a sikeres magyar vállalkozót,https://www.origo.hu/kek-hirek/2026/04/sikeres-vallalkozot-lecsuktak
4e214997e45a210a405dad7fdad72b29a58128fdcfd6fcc1e4faaf071f23333a,2026-04-20 11:42:29.003779+00:00,hu,origo.hu,origo.hu,2026-04-20,Berobbant a virágőrület: ezeket a növényeket pillanatok alatt elkapkodják,https://www.origo.hu/itthon/2026/04/tavaszi-viragok-legnepszerubb-magyarorszag
ca7cccb07a5393ab3cd657b917a015c0c74c27471db6873aca72d535084daa30,2026-04-20 11:42:22.713547+00:00,hu,origo.hu,origo.hu,2026-04-20,"5 pont, amely lehetővé teheti a patrióták győzelmét – mutatjuk",https://www.origo.hu/belpol/2026/04/patriota-milliok-hite-a-tet-igy-nyerhetnek
7df45fdde4ac0bb085282b0fa6a4bbccf5ef244c4ff46c61ca08e394b1993697,2026-04-20 11:42:18.419147+00:00,hu,origo.hu,origo.hu,2026-04-20,Minden lóf*sznak van vége – még a részegen vezető Majka vádaskodik sikkasztással,https://www.origo.hu/kek-hirek/2026/04/majka-vadaskodik-sikkasztassal
ba72f60aa153e787a2402071a521c30cdda89d9eb709b43b1e266fae35adf5ed,2026-04-20 11:42:12.789654+00:00,hu,origo.hu,origo.hu,2026-04-20,Hoppá! Közleményt adott ki az MNB – máris zuhan a magyar devizatartalék,https://www.origo.hu/gazdasag/2026/04/arany-mnb-tartalek
a79afbae77dd455a1efe55d42973ace455c6dc6d863c38b940016d307c9aa632,2026-04-20 11:42:07.727578+00:00,hu,origo.hu,origo.hu,2026-04-20,"Paradicsomot ültetne? – Mutatjuk mikor és hogyan tegye, hogy szép termést kapjon",https://www.origo.hu/itthon/2026/04/paradicsom-palanta-kiaultetes-aprilis-hideg
cbea6e3308759b9ef0ee8d483ed977a886729c5fa01fb12626c082e215bfd59c,2026-04-20 11:42:03.296207+00:00,hu,origo.hu,origo.hu,2026-04-20,"Hiába a roncsderbi és az elvett jogsi, újra volán mögé ült a gyöngyösi sofőr",https://www.origo.hu/kek-hirek/2026/04/baleset-bmw-gyongyos
0b4b367a9cad794c1b43bc4fe26671d37098b759985cbac9f2cf7df31589bbef,2026-04-20 11:41:57.673623+00:00,hu,origo.hu,origo.hu,2026-04-20,Beindult a kucsmagombaszezon: itt keresse a finomságot!,https://www.origo.hu/itthon/2026/04/kucsmagomba-szezonbakony-szakellenor
8f62f117b7e53baab33fb56073988d2b122913625ee01265647aa8063c3d3f00,2026-04-20 11:41:52.689865+00:00,hu,origo.hu,origo.hu,2026-04-20,Egy játékoson csattant a Fradi-szurkolók haragja az elbukott győri rangadó után,https://www.origo.hu/sport/sport-futball/2026/04/fradi-szurkoloi-nagy-barna-bunbak-gyor-rangado
b9202a6ca8fcbca45e4508a95be3aa8a7163dd004b406f4d9c0dee093af3acb4,2026-04-20 11:41:47.688196+00:00,hu,origo.hu,origo.hu,2026-04-20,Több tucat csecsemő maradványa került elő egy tömegsírból,https://www.origo.hu/kek-hirek/2026/04/tomegsir-tobb-tucat-csecsemo-maradvanya
9f3788700b5b1f4046f9bce749aaed1db34eb2a079e19ad1c5a7f1e17aa19278,2026-04-20 11:41:42.813657+00:00,hu,origo.hu,origo.hu,2026-04-20,"Megvan, hány minisztérium lesz a következő kormányban – bejelentést tett Magyar Péter",https://www.origo.hu/belpol/2026/04/bejelentest-tett-magyar-peter
5d643590157cc8219898ecf67b0739e1b22a8db841d1eb07a40e612382faefc5,2026-04-20 11:41:38.421223+00:00,hu,origo.hu,origo.hu,2026-04-20,Beszakadt úttest okoz komoly fennakadást Budapesten,https://www.origo.hu/kek-hirek/2026/04/csotores-robert-karoly-korut-beszakadt-ut
b402479e4810162fe4df5473a47db471c85a8b8803b8d4d616bd1deb0214b8d7,2026-04-20 11:41:32.750479+00:00,hu,origo.hu,origo.hu,2026-04-20,"Nem javul egyhamar a helyzet, hétvégéig maradnak a lezárások a csőtörés miatt",https://www.origo.hu/kek-hirek/2026/04/csotores-maradnak-a-lezarasok
bdad54f9d6c977508b257f24f39ff69545a9ccde3666b66c0a8f22d2004f39fb,2026-04-20 11:41:27.656741+00:00,hu,origo.hu,origo.hu,2026-04-20,"„Semmi mást nem tud, csak...” − Bognár György kíméletlen kritikát fogalmazott meg",https://www.origo.hu/sport/sport-futball/2026/04/bognar-gyorgy-paks-puskas-akademia-kritika-nb-i
b4631b454bfd925a5ef11e6c32c70c90ef2cdbdca8ab8f952786aba9e1b1f15e,2026-04-20 11:41:22.672805+00:00,hu,origo.hu,origo.hu,2026-04-20,"Megható babavárót tartott Szandi lánya, ezt a nevet választották a picinek",https://www.origo.hu/teve/2026/04/szandi-lanya-babavaro-unoka-gyermek
9693346916d96d095875d07af00aeabb1086765a8a3e6787d1764fad024d92b8,2026-04-20 11:41:18.373153+00:00,hu,origo.hu,origo.hu,2026-04-20,Ezért figyeljünk a megkülönböztető jelzésre!,https://www.origo.hu/auto/2026/04/ezert-figyeljunk-a-megkulonbozteto-jelzesre-tanulsagos-video
8eef5ea4626c8c57e3a7345f58872b38c6b5db7965bd2e06069dae95deb8f9a6,2026-04-20 11:41:12.904900+00:00,hu,origo.hu,origo.hu,2026-04-20,"Pokoli robbanás rázott meg egy tűzijátékgyárat, több tucatnyian meghaltak – videó",https://www.origo.hu/nagyvilag/2026/04/robbanas-india-tuzijatekgyar-baleset
eea3b1304e16989e877393892addb63726b298cdda586a378ba44c5b652f2453,2026-04-20 11:41:07.668921+00:00,hu,origo.hu,origo.hu,2026-04-20,"Kiderült, hogy kik választják a lakóautós nyaralást – meglepő a válasz",https://www.origo.hu/auto/2026/04/lakoauto-a-fiatalok-valasztjak-ezt-a-nyaralast
d5ae3ab1c97aa28c01fb82601b45d0e6618f4304316af9b295fc3836f9919176,2026-04-20 11:41:02.827461+00:00,hu,origo.hu,origo.hu,2026-04-20,Most már hivatalos: két népszerű hazai termálstrand sem nyit ki idén nyáron,https://www.origo.hu/gazdasag/2026/04/hazai-termalstrand-sem-nyit-ki-iden-nyaron
c1e90f94f23293c729a366aad9d12a3318642dd170e656bc6353ee2e118a3315,2026-04-20 11:40:58.307296+00:00,hu,origo.hu,origo.hu,2026-04-20,"Rendkívül erős földrengés sújtotta Japánt, több méteres szökőár miatt menekítik az embereket",https://www.origo.hu/nagyvilag/2026/04/foldrenges-japan-cunamiriado-szokoar
06adfcb23896577581ed0f6894a28e1d017264f306a56c879bfa41ae5dc3b7b3,2026-04-20 11:30:22.495480+00:00,hu,blikk.hu,blikk.hu,2026-04-20,"Háziállatok az okosotthonokban – Módszerek, amiből a macskák és a kutyák is profitálhatnak",https://www.blikk.hu/ferfiaknak/tech/kutya-macska-okosotthon/23ey9ls
39f010c5022d2bbae8b2cd28865d35f37216c9c0654987d789f96f246481603a,2026-04-20 11:30:09.109055+00:00,hu,blikk.hu,blikk.hu,2026-04-20,"Kós Hubert kishúga, Alison a bátyjai nyomdokába lépne",https://www.blikk.hu/sport/kos-alison-uszas-tervek/3t6ny8k
e48f4dcb410563a31e68982e33ab0b4fdce5c3fc4023e286376196efd59f273e,2026-04-20 11:29:53.240264+00:00,hu,blikk.hu,blikk.hu,2026-04-20,"Megrekedtek a tárgyalások, így áll most Szoboszlai tárgyalása a Liverpoollal",https://www.blikk.hu/sport/kulfoldi-foci/liverpool-szoboszlai-szerzodes/vs9ktty
a6ab23996c32d93b9837d3e063bf6fd9b919634bbaa26c18fac833dbca9ad80b,2026-04-20 11:29:44.024212+00:00,hu,blikk.hu,blikk.hu,2026-04-20,"Kocsis Máté árulózása után megnéztük, mennyit kaszál Borbás Marcsi – nagyon meglepődtünk!",https://www.blikk.hu/sztarvilag/hazai-sztarok/borbas-marcsi-kocsis-mate-ceg-penz-bevetel/clg25b7
895d336b329dd6a3b20a2a67c87499448822774497f96d9e2c24f8f5c88a60e9,2026-04-20 11:29:10.395482+00:00,hu,blikk.hu,blikk.hu,2026-04-20,"Kinevették a csepeli tiszás képviselőjelöltet, nem adta fel és győzött",https://www.blikk.hu/politika/magyar-politika/tisza-part-gyozelem-jelolt-egyeni-vak-ugyved-aikidomester/m4p333e
719a6af1fff745abb05d29582d45b8f1093b974e160cb9799cd0d8deeba90989,2026-04-20 11:29:05.710789+00:00,hu,blikk.hu,blikk.hu,2026-04-20,Marad a forgalmi változás a Róbert Károly körúton a hétvégéig: nagy károkat okozott a csőtörés,https://www.blikk.hu/aktualis/belfold/robert-karoly-korut-forgalmi-valtozas-hetvegeig/j5s6l9x
b51c8fb5825b512ad0f94538f50a458823cf2497fe19f1bafc77b6e93771c3e9,2026-04-20 11:28:58.811685+00:00,hu,blikk.hu,blikk.hu,2026-04-20,Üzent a szurkolóknak a mérkőzésen eszméletét vesztő NB II-es kapus,https://www.blikk.hu/sport/magyar-foci/labdarugas-nb-ii-elajult-ajkai-kapus/qp9mqyv
f241625990b54629e207b342161b0f6793ec0094c52e1ad8bd3b4887b6cba179,2026-04-20 11:19:20.730748+00:00,hu,blikk.hu,blikk.hu,2026-04-20,Palikék tesztelték a Kia PV5-öt,https://www.blikk.hu/auto/elektromos-kisbusz-furgon-gurulunk-palik/3mbc5g9
3bae3e2e43098e8f5244a1c280a1653d72fd0d720cc61f8affc5dd7ce37051af,2026-04-20 11:19:14.651457+00:00,hu,blikk.hu,blikk.hu,2026-04-20,Jelentős fennakadások a Telekom hálózatában: akadozik a hívásindítás,https://www.blikk.hu/aktualis/belfold/telekom-hivasinditas-hiba/02lcq6m
1b2c428c52c91544eab1cb9f5089ba71926c6437934166ddb5f087be6443e259,2026-04-20 11:18:44.001757+00:00,hu,blikk.hu,blikk.hu,2026-04-20,"Kevesen tudják, hogy a tévék gyárilag beállított Eco Mode funkciója mennyire leronthatja a képminőséget – szerencsére van gyors megoldás",https://www.blikk.hu/ferfiaknak/tech/tv-kepminoseg-vs-energiatakarekossag-beallitasok/gh6bcft
c3df7247376725d23a0869bb0ce807ab642a580795299150272aa29cb125eace,2026-04-20 11:18:23.077488+00:00,hu,blikk.hu,blikk.hu,2026-04-20,"""A motorsportot mindannyian szeretjük, de..."" – megszólalt Max Verstappen a halálos balesetbe torkollott versenye után",https://www.blikk.hu/sport/forma-1/max-verstappen-halalos-baleset-versenye/p1jwvqt
a78d697afff9eeaed303e170be7456b03c74729293253beef880f940aba8c312,2026-04-20 11:18:04.739634+00:00,hu,blikk.hu,blikk.hu,2026-04-20,"Vészjelzés érkezett a benzinkutaktól, országszerte leállás jöhet",https://www.blikk.hu/gazdasag/penz/benzinkut-veszelyjelzes-tartalek-leallas/17jmj0x
06e4a2a646be29b37843444366b99d80491549bba5d56e87395e0239ce52f736,2026-04-20 11:17:58.273568+00:00,hu,blikk.hu,blikk.hu,2026-04-20,Megindult a fosztogatás a volt Airbnb lakásoknál a Terézvárosban,https://www.blikk.hu/aktualis/krimi/perui-no-kirabolasa/z9kfv9p
775ef50f6bb01a7087e361836ec55dbbb1ee7486ca1984c7191f534b25833db8,2026-04-20 11:17:36.407673+00:00,hu,blikk.hu,blikk.hu,2026-04-20,"Súlyos baleset történt a Déli pályaudvarnál, rendőrök, mentők, tűzoltók a helyszínen",https://www.blikk.hu/aktualis/belfold/baleset-deli-palyaudvar-budapest-auto-kisteherauto-motor/evyvmrb
839879d2d44b4f58778dad45c94c53d64bb3fb656b3072bf9eacf7bc73a7009b,2026-04-20 10:38:16.557430+00:00,hu,origo.hu,origo.hu,2026-04-20,Rendkívüli lépések Brüsszelben a magyarországi választások után,https://hirtv.origo.hu/hirtvkulfold/2026/04/rendkivuli-lepesek-brusszelben-a-magyarorszagi-valasztasok-utan
59471d313165bf90b046045daec1d4ac9ec36bcb89be80c79fe90ba4f6d3fa26,2026-04-20 10:38:12.585817+00:00,hu,origo.hu,origo.hu,2026-04-20,Luxus kutyadivat,https://hirtv.origo.hu/hirtvszines/2026/04/luxus-kutyadivat
c1c4b457239c5e01ee60eae95ac08c073641191dde2c28cfb4080ad2d6c83b2f,2026-04-20 10:37:06.186578+00:00,hu,origo.hu,origo.hu,2026-04-20,Egészségügyi pályaorientáció,https://hirtv.origo.hu/tudomany/2026/04/egeszsegugyi-palyaorientacio
5d560682215c4c818df56d4ca7aba4a6ae702455239394eb9165590be3b026bf,2026-04-20 10:30:30.526594+00:00,hu,blikk.hu,blikk.hu,2026-04-20,Családi autót venne? Ezek az elektromos modellek most a nyerők!,https://www.blikk.hu/auto/elektromos-autocsaladoknak-2026/5yxsd6t
8847ddad583279058971ae0193095d413dddd73bba07c4e8c6bc37fef39d0e98,2026-04-20 10:30:25.381276+00:00,hu,blikk.hu,blikk.hu,2026-04-20,Soha nem gondolta volna: ezt árulja el a pitypang a kertjéről,https://www.blikk.hu/eletmod/tippek/pitypang-kert/dvqg1qm
f408249175f41aaab3860f31f6e6f2e4f2455777511e0a2df35697198a84f4b9,2026-04-20 10:29:53.083300+00:00,hu,blikk.hu,blikk.hu,2026-04-20,Majka bevédte Ördög Nórát: „Sosem volt meggyőződéses fideszes”,https://www.blikk.hu/sztarvilag/hazai-sztarok/majka-ordog-nora-fidesz/yssg9pb
a5dbeb8f09aefc94c175f92545c8b423f0ce7c069e6de213d15b959f89cd92dc,2026-04-20 10:18:57.735709+00:00,hu,blikk.hu,blikk.hu,2026-04-20,Savaria Filmszemle: életműdíjat kap Reviczky Gábor és Novák Emil,https://www.blikk.hu/sztarvilag/hazai-sztarok/reviczky-gabor-novak-emil-filmszemle-eletmudij/9en619r
a9cbb39dd74dfa7523643e98a5423407a17e32cff187907773d90c7e5b71c4f6,2026-04-20 10:18:42.554446+00:00,hu,blikk.hu,blikk.hu,2026-04-20,"Magyar Péter közölte, miről döntenek az első frakcióülésen, délután máris nagy bejelentések várhatóak",https://www.blikk.hu/politika/magyar-politika/magyar-peter-tisza-frakcioules/w3ed4bn
8c937df751cbf7ee95c4dd217d885504a7ec1deddb44df690b6b34c2a33b6cf1,2026-04-20 10:18:15.200350+00:00,hu,blikk.hu,blikk.hu,2026-04-20,Válaszolt a Bharata Hindu Közösség Jeszenszky Zsolt megdöbbentő megfejtésére a gonosz szellemekről és Orbán „bálványimádásáról”,https://www.blikk.hu/politika/magyar-politika/jeszenszky-zsolt-hindu-kozosseg-orban-balvanyimadas/j9tsw0b
748ef4bc595a05814499639573e4a2f311ba510cf7d6f942bd925a51243f8591,2026-04-20 10:17:58.730474+00:00,hu,blikk.hu,blikk.hu,2026-04-20,"Leukémiát diagnosztizáltak a német élvonalbeli focista barátnőjénél – hihetetlen, ahogy a szurkolók reagáltak",https://www.blikk.hu/sport/kulfoldi-foci/focista-daganatos-baratno-szurkolok/d1cgxye
70d686beef59d4d7e2632e57df4e48a8101428ada84bfd9e9794e25db264f525,2026-04-20 10:17:53.699330+00:00,hu,blikk.hu,blikk.hu,2026-04-20,Xantus Barbara őszintén mesélt a fiatalkori étkezési zavarairól: egy évig nem evett,https://www.blikk.hu/sztarvilag/hazai-sztarok/xantus-barbara-anorexia/94gx6mn
7d44b64d8fab954ac08a951340daeb765858bf1aebba86677a48c42974bf6ec2,2026-04-20 10:17:48.852119+00:00,hu,blikk.hu,blikk.hu,2026-04-20,Elveszíti a Fradi a bajnoki címet?,https://www.blikk.hu/sport/fradi-gyor-labdarugas-bajnoki-cim/49yflk8
dacf99908f3deea493929aa4ad1770bce4ab5e6ce5a551311ff83e0aedf8c580,2026-04-20 10:17:44.676449+00:00,hu,blikk.hu,blikk.hu,2026-04-20,"Hevesi Kriszta elárulja, miért más a randizás a különböző életkorokban",https://www.blikk.hu/eletmod/lelek/hevesi-kriszta-parkereses-eletkor/7d3b6zc
9bcb9138c9eeed11623e4b8bed2a8eb13a57bfd723a063c1ed8d952108e6dde0,2026-04-20 10:17:38.754581+00:00,hu,blikk.hu,blikk.hu,2026-04-20,A koffein hatása a hangyákra megváltoztatja a kártevőirtást,https://www.blikk.hu/ferfiaknak/tech/koffein-kartevok-hangyak-hatas-tudomany/9xehdh6
a1a57cf9a5c866067db4cb3056d157487489abb14dc0aaa328777bd3e16d9ec6,2026-04-20 10:17:33.765071+00:00,hu,blikk.hu,blikk.hu,2026-04-20,"Óriási földrengés rázta meg Japán északkeleti partjait, cunami-riasztást adtak ki, evakuálják az embereket",https://www.blikk.hu/aktualis/kulfold/foldrenges-japan-cumai-evakualas/8xplk5h
e6783393a126f3b3c4f7613b2342383befd193f63101fe1c5290c0c3dfa77a84,2026-04-20 10:17:29.456601+00:00,hu,blikk.hu,blikk.hu,2026-04-20,"Tico, a legendás rendőrkutya visszavonul, véget ért a szolgálat",https://www.blikk.hu/aktualis/krimi/kabitoszer-kereso-kutya-nyugdij/j0c2585
90ed6f1e27005b0ee2add2b6ce3f972ab9cfc32a702dcc860e350b7f794edbde,2026-04-20 10:17:24.164693+00:00,hu,blikk.hu,blikk.hu,2026-04-20,A zebrán ütötte el a gyalogost a szirénázó mentő – Győrfi Pál osztotta meg a sokkoló videót,https://www.blikk.hu/aktualis/belfold/mentoauto-gyalogos-baleset-elutes-video/d0j69vm
88ef929b989ca8559918c000012dab154a1adfca466c4308ee244dada4a6bae2,2026-04-20 10:17:21.728184+00:00,hu,blikk.hu,blikk.hu,2026-04-20,"Nyolc és fél évet ült börtönben a sikeres vállalkozó, Váradi Zsolt",https://www.blikk.hu/aktualis/belfold/vallakozo-borton-talpra-allt-webshop/49cfjfg
a9a6e82ac8d3af4ac167fa4a3a3a1e4010c6295efd92d171511eeb2ea5c5d1cd,2026-04-20 10:17:13.403066+00:00,hu,blikk.hu,blikk.hu,2026-04-20,Így üzent Kubatov Gábor az elbukott csúcsrangadó után,https://www.blikk.hu/sport/magyar-foci/kubatov-gabor-eto-ferencvaros/te6thlx
ce7692c2e994bf629ba1401b15ac5c6aeeb0d457b45d50b9251b9932f80a774f,2026-04-20 10:17:10.860169+00:00,hu,blikk.hu,blikk.hu,2026-04-20,"Végre kiderült: ezt a különleges nevet kapja Szandi unokája, megnéztük, mi a jelentése – fotó",https://www.blikk.hu/sztarvilag/hazai-sztarok/szandi-unoka-neve-hazel/4gw8d7f
dd1590e990d5b3664484cc9665118d721866f934f1af09decbe70c831b7b5464,2026-04-20 09:44:02.754053+00:00,hu,index.hu,index.hu,2026-04-20,Óriási nevek érkeznek a Robert Pattinson–féle Batman folytatásába,https://index.hu/mindekozben/poszt/2026/04/20/batman-gonosztevo-apja-lehet-charles-dance-robert-pattinson/
b34122738cefbcf0f992ea53fb242aeb1f7e743b14444d51f1b03a9f91a4bcd4,2026-04-20 09:43:55.588870+00:00,hu,index.hu,index.hu,2026-04-20,"Mark Rutte: Washington örülhet, Európa fizet, Amerika NATO-tag marad",https://index.hu/kulfold/2026/04/20/nato-fotitkar-atomernyo-mark-rutte-usa-kilepes-nato/
53c293fa6b099b176d1b86098b253a49c5f8cb3f82d782d1f9d38ae81bc51143,2026-04-20 09:43:49.632750+00:00,hu,index.hu,index.hu,2026-04-20,Vitézy Dávid: A Budapest-Belgrád vonal magyar szakasza alapjaiban lett elrontva,https://index.hu/gazdasag/2026/04/20/budapest-kelebia-belgrad-vasutvonal-vonat-vitezy-david/
7d9390ab24fbbd4332cf636f3bfb04787d3d456ab6c5435510c311091463b3d7,2026-04-20 09:43:44.118002+00:00,hu,index.hu,index.hu,2026-04-20,"7,3-as erősségű földrengés rázta meg Japánt, cunamiriadót rendeltek el",https://index.hu/kulfold/2026/04/20/japan-foldrenges-riado-partvidek-magnitudo-erosseg-melyseg/
4365cb311df2cc41c32fa5ce7f53494084cf1e0237a56a0f30f93ca1a8ba7721,2026-04-20 09:43:39.087292+00:00,hu,index.hu,index.hu,2026-04-20,"Az Egyesült Államok tüzet nyitott egy iráni teherhajóra, Irán megtorlással fenyeget",https://index.hu/kulfold/2026/04/20/egyesult-allamok-iran-iran-usa-konfliktus-teherhajo-blokad-hormuzi-szoros-targyalasok/
f7a4a12179d4796373f74acb65de16a778a3f0659f969ba0f745237063791a31,2026-04-20 09:43:34.771042+00:00,hu,index.hu,index.hu,2026-04-20,"A választók és a piac már szavazott, most Magyar Péterék vizsgája következik",https://index.hu/gazdasag/2026/04/20/money-talk-magyar-gazdasag-gazdasagi-konferencia-piacok-forint-euro-valasztas-gazdasagpolitika-tisza-part-magyar-peter/
f857388d5624c7f28746e440ac50f40dd51cd3a90841177a35c7a74f42021dab,2026-04-20 09:43:30.119129+00:00,hu,index.hu,index.hu,2026-04-20,"Nem állítja meg a várandósság, kismamaként készül maratont futni",https://index.hu/mindekozben/poszt/2026/04/20/varandosan-futja-le-a-londoni-maratont-egy-kismama/
301f6079a9c7e90a08c0ff28d6856c4175180558a27d2e717b1cdb4dcbed4906,2026-04-20 09:43:24.340871+00:00,hu,index.hu,index.hu,2026-04-20,A Tisza áradása: rendszerváltás vagy újrabrandelés?,https://index.hu/velemeny/2026/04/20/magyar-peter-tisza-part-valasztas-ertekeles-kozvelemeny-kutatas-rendszervaltas-brand-orban-viktor/
3d14390a1969403a2a686fb5d09ec03d14d0d9cbc05fd8cd5a6bdeedd90f36d1,2026-04-20 09:43:19.324275+00:00,hu,index.hu,index.hu,2026-04-20,"Marozsán Fábián a top 50 szélére sodródott, Bondár Anna kapaszkodik",https://index.hu/sport/tenisz/2026/04/20/tenisz-vilagranglista-atp-marozsan-fabian-fucsovics-marton-wta-bondar-anna/
9635a7d99954f94f504dc07ed0c22856217f814a4af88ba72c0a69d3364f5468,2026-04-20 09:43:14.160005+00:00,hu,index.hu,index.hu,2026-04-20,"Második világháborús bombát robbantottak Párizsban, ezreket kellett evakuálni",https://index.hu/kulfold/2026/04/20/franciaorszag-parizs-masodik-vilaghaboru-bomba-kulvaros-evakualas/
8bcb557a6eb8c9b2f09aa24c1a4561261a93884708ac819fce350140b911f006,2026-04-20 09:43:09.271830+00:00,hu,index.hu,index.hu,2026-04-20,Megszólalt a Bharata Hindu közösség Jeszenszky Zsolt kijelentéseiről: az indiai vallási hagyomány nem bálványimádás,https://index.hu/belfold/2026/04/20/bharata-hindu-kozosseg-leveles-zoltan-tiltakozas-tamadas-hagyomanyok/
f9e79dbef954275eb986c17ebef7b42e207593a56cc605a7003ed27080df83ae,2026-04-20 09:43:04.436580+00:00,hu,index.hu,index.hu,2026-04-20,A Fradi edzője szerint szabálytalan góllal nyert a Győr az „aranyrangadón”,https://index.hu/sport/futball/2026/04/20/labdarugo-nb-i-2025-2026-30.-fordulo-eto-fc-gyor-ferencvaros-borbely-balazs-robbie-keane/
29fec35b2f38216dafe2f4c59b3fc131c5b3537f19d2bfb510e6e1a730805d45,2026-04-20 09:43:00.174753+00:00,hu,index.hu,index.hu,2026-04-20,"Fésűs Nelly meglepő választ adott arra, mi a fittségének titka",https://index.hu/mindekozben/poszt/2026/04/20/fesus-nelly-meglepo-valaszt-adott-arra-mi-a-fittsegenek-titka/
100cb7c67c2fbea8cecee691c42148d882f07e9bfb098679af0ac40c2e8f0243,2026-04-20 09:42:54.441864+00:00,hu,index.hu,index.hu,2026-04-20,"Beszakadt az út a Róbert Károly körúton, a kiáramló víz elárasztotta a környéket",https://index.hu/belfold/2026/04/20/budapest-rendorseg-csotores-robert-karoly-korut-arpad-hid-savlezaras/
e01247eaac929cc9b5330ccc3f61c99fee649aa71007a96685a55081ada5ebba,2026-04-20 09:42:49.826075+00:00,hu,index.hu,index.hu,2026-04-20,Civil jelentés szerint súlyos egyenlőtlenségek mellett zajlott a 2026-os választási kampány,https://index.hu/belfold/2026/04/20/valasztas-2026-civil-valasztasi-jelentes-dokumentum-kampany/
84b6cef32bf9fe0d4fc19c5d604689415ba109572fb04205d16b7c16db6a0ca7,2026-04-20 09:42:44.326649+00:00,hu,index.hu,index.hu,2026-04-20,"Vészjósló tanulmány érkezett, a rezsicsökkentés miatt veszélybe kerültek a magyar erdők",https://index.hu/belfold/2026/04/20/rezsicsokkentes-erdok-veszely-elte-tanulmany-ellatasi-hiany-termeszetvedelmi-karok/
c8b9b9bc244b2f7e8f719153bce9cfe9be74ab09e63df961bb4f093bb8d63aac,2026-04-20 09:42:39.304087+00:00,hu,index.hu,index.hu,2026-04-20,Szenzációs világrekordot állított fel Törőcsik Zsófia,https://index.hu/sport/2026/04/20/szabadtudos-merules-torocsik-zsofia-105-meter-vilagrekord/
6f7842b2a20c2e7b477b80d1760671110f640bb43d512eb2184d5e86022134e5,2026-04-20 09:42:29.519260+00:00,hu,index.hu,index.hu,2026-04-20,"Olyat mondott a Tisza Párt az euróbevezetésről, amit azonnal elkezdtek beárazni",https://index.hu/gazdasag/2026/04/20/eurobevezetes-magyar-peter-europai-unio-kormany-karman-andras/
4246966506f8430506ce0dcb45ba243e061808e157db2e9c9634ab1e7f312afb,2026-04-20 09:42:24.134112+00:00,hu,index.hu,index.hu,2026-04-20,"Pierre megtorpant a vietnámi kulináris mennyország kapujában, ami Budapesten, a IX. kerületben található",https://index.hu/kultur/degusztator/2026/04/20/hanoi-xua-vietnami-etterem-budapest-gasztrobudapest-gasztronomia-pierre-kritika/
2476b3d0fb6a92ae63aa3fbe62c893a28cc556fe983cb60dce58e7083ee038b9,2026-04-20 09:42:19.108106+00:00,hu,index.hu,index.hu,2026-04-20,"Robert Fico üzent Magyar Péternek, első találkozásukkor máris magyarázatot követel a leendő kormányfőtől",https://index.hu/kulfold/2026/04/20/robert-fico-magyar-peter-konfrontalodas-orban-viktor-kampany/
a261c9c4f6c77d744f00e8f9a2de8422c774b4a12b55bd29fc11b2d10c8c3e8b,2026-04-20 09:42:14.974209+00:00,hu,index.hu,index.hu,2026-04-20,"Krausz Gábor a nászajndékával érkezett a Kincsvadászokba: „Anna tudja, hogy itt van?”",https://index.hu/mindekozben/poszt/2026/04/20/krausz-gabor-a-naszajndekaval-erkezett-a-kincsvadaszokba/
c6dcb167222a15921de1bd9b41f7447ab6f3e889e5ff2c914d2c4dd640394ae9,2026-04-20 09:42:09.106102+00:00,hu,index.hu,index.hu,2026-04-20,Megszólalt a leendő Tisza-kormánnyal folytatott budapesti tárgyalásokról az Európai Bizottság,https://index.hu/kulfold/2026/04/20/europai-bizottsag-magyar-peter-tisza-part-egyeztetes-brusszel/
9c93f37822b8195f09b815ca9d551fb0165e1c17acb9adc7fa28079beaf98d44,2026-04-20 09:42:04.279454+00:00,hu,index.hu,index.hu,2026-04-20,"Egy izraeli katona szétverte a feszületen lévő Jézus-szobor fejét, vizsgálat indult ellene",https://index.hu/kulfold/2026/04/20/keresztenyellenes-izraeli-katona-libanon-feszulet-jezus-krisztus-idf-vizsgalat/
dcc0436f9ad89572bf53d515fe99a56f32b949f64c5c81ce0ab6c0a53610d45e,2026-04-20 09:41:59.278829+00:00,hu,index.hu,index.hu,2026-04-20,Magyar szupersztárja hiányában elbukott a csapat a szezon csúcsmeccsén,https://index.hu/sport/kosarlabda/2026/04/20/noi-kosarlabda-euroliga-galatasaray-fenerbahce-juhasz-dorka/
81cdf8a735564b7ada8fe1ebfba42d6459a404e19bc7c93c900c0a775140e220,2026-04-20 09:41:54.258965+00:00,hu,index.hu,index.hu,2026-04-20,Magyar Péter: A Tisza-kormányban tizenhat minisztérium lesz,https://index.hu/belfold/2026/04/20/magyar-peter-tisza-part-kormany-miniszteriumok-miniszterek/
cda3b164644f067b3b2c3cfbe17a415eab599a7a95f49cfa9e7acd23eee34c06,2026-04-20 09:41:49.113695+00:00,hu,index.hu,index.hu,2026-04-20,Király Nóra: Orbán Viktornak a választás éjszakáján le kellett volna mondania,https://index.hu/belfold/2026/04/20/kiraly-nora-csepel-fidesz-valasztas-valasztas-2026/
b25263dd6c06603bf6a0461c106fd00405be410f1570fe2eca63f1544723a062,2026-04-20 09:41:44.188769+00:00,hu,index.hu,index.hu,2026-04-20,A zebrán gázolta el a figyelmetlen gyalogost a szirénázó mentő,https://index.hu/belfold/2026/04/20/budapesti-rendorfokapitanysag-villamos-mento-szirena/
7c87636ef2535978c7a08db2d091dc692271418350220ecd575dbc7ec2aa6913,2026-04-20 09:41:39.510117+00:00,hu,index.hu,index.hu,2026-04-20,"Vészjelzés érkezett a benzinkutaktól, országos leállás is jöhet",https://index.hu/gazdasag/2026/04/20/benzinkutak-bezarasa-uzemanyag-ellatasi-zavar-fbsz-figyelmeztetes-uzemanyag-piac-problemak/
0b57a7d3a0e55c895d6c58caba50848dda016d692b2f843681face79548529e8,2026-04-20 09:41:35.034986+00:00,hu,index.hu,index.hu,2026-04-20,Nagy Feró szerint a Fidesznél lefőtt a kávé,https://index.hu/belfold/2026/04/20/nagy-fero-fidesz-valasztasi-vereseg-orban-viktor-vezetovaltas-kormanypart-trendvaltas/
755eebd98ea6e68eb8bbacfee5dcfedfce0d2338e2794af8ed06541ecb6c4759,2026-04-20 09:33:56.185113+00:00,hu,origo.hu,origo.hu,2026-04-20,Wáberer György szorosan együttműködött a Fidesz-kormányokkal,https://www.origo.hu/belpol/2026/04/waberer-gyorgy-szorosan-egyuttmukodott-a-fidesz-kormany
ad14caab46db81190557654ca9f82a7572dc01828dec0f0c8394144c328bae46,2026-04-20 09:33:51.432484+00:00,hu,origo.hu,origo.hu,2026-04-20,Megdöbbentő titkokat rejt Budapest ikonikus alagútja,https://www.origo.hu/itthon/2026/04/budai-varalagut-titkok-balesetek-tortenet
670a41df55af2b3a1398b34fd0fe14479ebe44b607c0f1eb3e054956ef2c406b,2026-04-20 09:33:46.161702+00:00,hu,origo.hu,origo.hu,2026-04-20,Coloradói vérfürdő: két diák mészárolta le 12 társát és egy tanárt,https://www.origo.hu/nagyvilag/2026/04/meszarlas-ket-diak-agyonlotte-12-tarsat-es-egy-tanart
d3f7b560cb8f8079336187d1178dfe07fcd509246e3061941dcdc95bbc0b5a38,2026-04-20 09:33:41.435045+00:00,hu,origo.hu,origo.hu,2026-04-20,Melltartó nélkül ment szafarira a világbajnok futónő – képek,https://www.origo.hu/sport/sport-laza/2026/04/olimpiai-bajnok-keely-hodgkinson-melltarto-nelkul-kepek
7b81f76045534329bfd4cd4b18fde40b67ba560e187f0e321b3b4dc53433c63d,2026-04-20 09:33:36.286587+00:00,hu,origo.hu,origo.hu,2026-04-20,Két tinédzser felelős a londoni zsinagóga felgyújtásában,https://www.origo.hu/nagyvilag/2026/04/zsinagoga-london-felgyujt-fust-rendorseg
43ea990d415af7fd1b8be41577b8d9814d6748ad010b15cb2428d0ec3318f5f1,2026-04-20 09:33:31.581681+00:00,hu,origo.hu,origo.hu,2026-04-20,Eszkaláció a Közel-Keleten: amerikai katonák foglaltak el egy iráni teherhajót,https://www.origo.hu/kulpol/2026/04/teherhajo-irani-elfoglal
53f4fe59e5ed2a7d3aa77df601e89e06c8d9d4d0dd6b7176c98f407956010365,2026-04-20 09:33:26.183553+00:00,hu,origo.hu,origo.hu,2026-04-20,Szorult helyzetben a Tisza Párt: dönteniük kell a mandátumokról,https://www.origo.hu/belpol/2026/04/mandatumcsapdaba-kerult-a-tisza-sajat-embereikbol-fogyhatnak-ki
5179e59337bdda58a2a671925ea792ce891b79012608ac6d15d888d7af43602a,2026-04-20 09:33:21.577908+00:00,hu,origo.hu,origo.hu,2026-04-20,"Meglepő, melyik játékost emelte ki a Liverpool edzője az öltözőben – videó",https://www.origo.hu/sport/sport-futball/2026/04/liverpool-oltozo-video-slot-woodman-kapus-dicseret
a9c01321c585ca9629e93cec66e983ee4e6facd172cc97602139a957f8e633da,2026-04-20 09:33:16.189829+00:00,hu,origo.hu,origo.hu,2026-04-20,Megrázó videó: ajtóba szorult gyereket húzott magával a busz,https://www.origo.hu/nagyvilag/2026/04/beszorult-gyerek-busz-video
2be82d7c921e64a8495675b87c6997d142bcf5ceb2f3ed0f8d1105ec76e341e2,2026-04-20 09:33:11.569299+00:00,hu,origo.hu,origo.hu,2026-04-20,Halálos baleset történt: nézők közé repült egy autó a raliversenyen – videó,https://www.origo.hu/sport/f1/2026/04/halalos-baleset-cordoba-rali-meghalt-nezo-video
c152b76f6c08723ac569eb292600556e62cae960728b0a47c2c8c5740c60a46f,2026-04-20 09:33:06.248318+00:00,hu,origo.hu,origo.hu,2026-04-20,Puskás Ferenc dédunokája titokzatos szerelmével romantikázik a jakuzziban – videó,https://www.origo.hu/sport/sport-laza/2026/04/puskas-ferenc-dedunoka-ane-jakuzzi-forro-szerelem-video
9f93c584b43dd577bbb69058ef8680481201fa7f9a04f85bdb07af3197f5aa70,2026-04-20 09:33:01.404021+00:00,hu,origo.hu,origo.hu,2026-04-20,Őrjöngő sofőrök az utakon: videón a hajmeresztő jelenetek,https://www.origo.hu/kek-hirek/2026/04/orjongo-soforok-az-utakon-videon-hajmereszto-jelenetek
1e58538402829016f38764f4c555369d84da59697c4ae3136b73a35e374cc737,2026-04-20 09:32:56.234577+00:00,hu,origo.hu,origo.hu,2026-04-20,Videóhíváson keresztül segítették egy férfi újraélesztését a mentősök,https://www.origo.hu/kek-hirek/2026/04/ujraelesztes-hajdu-bihar-eletmentes-ferfi
bfaad6f8d2899f794c90c6d6a753a7fcd75edef89ef11dceffe458426118fafc,2026-04-20 09:32:51.576457+00:00,hu,origo.hu,origo.hu,2026-04-20,"Kiderült, ki lesz az új házelnök, bejelentést tett Magyar Péter",https://www.origo.hu/belpol/2026/04/uj-hazelnok-magyar-peter-bejelentes
bee79ef58907349ce93be8ad0584d3fd1e808a709f8150ac9503ed559fa123a5,2026-04-20 09:32:46.998348+00:00,hu,origo.hu,origo.hu,2026-04-20,Brenzovics Lászlót választották meg a Kárpátaljai Magyar Kulturális Szövetség elnökének,https://www.origo.hu/belpol/2026/04/brenzovics-laszlo-kmksz-elnok
a7e2ac28a8fd4c5ce334ff172d397900fea1872c862385964514664454014318,2026-04-20 09:32:41.968664+00:00,hu,origo.hu,origo.hu,2026-04-20,"Eltűnt a víz, lezárták a sávokat – nagy a baj a Róbert Károly körúton",https://www.origo.hu/kek-hirek/2026/04/vizhiany-es-lezarasok-nehezitettek-a-kozlekedest
ae8a9b9666bcfc31df61da6499649d6e892627065d1abddee5b814ff49fbd14a,2026-04-20 09:32:36.291094+00:00,hu,origo.hu,origo.hu,2026-04-20,Áldás vagy átok? Kiderült az igazság az alacsony vérnyomásról,https://www.origo.hu/tudomany/2026/04/vernyomascsokkentes-120-alatt
fb08fe10e3f1df7a580e823cb0215dab63fd8f69176c25427d5c00c89f8ffc7c,2026-04-20 09:32:31.572788+00:00,hu,origo.hu,origo.hu,2026-04-20,Von der Leyen üres ígérete sem menti meg Európát,https://www.origo.hu/kulpol/2026/04/von-der-leyen-ures-igerete-sem-menti-meg-europat
3702e2815d54ec39c336bf5fa30ec21204b94c0f78063d1052c2e40337174b75,2026-04-20 09:32:26.199321+00:00,hu,origo.hu,origo.hu,2026-04-20,Megvan az iráni háború első dominója: azonnali segítséget kér a Világbanktól egy hatalmas ország,https://www.origo.hu/gazdasag/2026/04/vilagbank-kenya-segitseg-orszag-deviza
179efbb0ba42734494040a69aaea8482d3cf816dbf473479ff65525cd7fd8e58,2026-04-20 09:32:21.413972+00:00,hu,origo.hu,origo.hu,2026-04-20,Rémálom a rozsdás küszöb: így is lehet javítani!,https://www.origo.hu/auto/2026/04/remalom-a-rozsdas-kuszob-igy-is-lehet-javitani
73744f955379f236e8a6e447c96bd0128afdb621dea0f39e3aa6808d83e4f57a,2026-04-20 09:32:16.202859+00:00,hu,origo.hu,origo.hu,2026-04-20,Három órán át tartotta rettegésben áldozatait egy machetével a miskolci férfi,https://www.origo.hu/kek-hirek/2026/04/machete-harom-oran-at-tartotta-rettegesben-aldozatait
5ce19bf068603f603fc7b2cc181a6a120a713edf82892fe5afa361eb5c4954bc,2026-04-20 09:32:11.975351+00:00,hu,origo.hu,origo.hu,2026-04-20,"Trükkös ékszertolvaj bukkant fel Csornán, fizetés nélkül távozott egy új karórával a kezén",https://www.origo.hu/kek-hirek/2026/04/tolvaj-ekszer-csorna-lopas
d903b53117ff9ccc0c2b28cc7a16044791c9c02f6b0a4c43595b4c3bf93967d9,2026-04-20 09:32:06.882095+00:00,hu,origo.hu,origo.hu,2026-04-20,Arab parfüm – Miben rejlik a titka?,https://www.origo.hu/eletmod/2026/04/arab-luxus-parfum-akciosillat
380f9e98c9511c1615f6c5f8e29b124db42fce9ab014a366034adce3d4e1a616,2026-04-20 09:32:01.206616+00:00,hu,origo.hu,origo.hu,2026-04-20,"Vaskos bírságot kapott több vendéglátóhely, egyet felfüggesztettek súlyos szabálytalanságok miatt",https://www.origo.hu/gazdasag/2026/04/vendeglatohely-szabalytalansagok-nkfh
4b51fbdefe44f344c879492abb950c86408fea0b62d88f3bce3046d9f10a1a2a,2026-04-20 09:31:56.210210+00:00,hu,origo.hu,origo.hu,2026-04-20,Komoly árváltozás a használt autók piacán!,https://www.origo.hu/auto/2026/04/komoly-arvaltozas-a-hasznalt-autok-piacan
8731882ae981a6eb223c5a1e2a530480d9c531b7fb92d606a0f993e502c5bfe2,2026-04-20 09:31:51.578865+00:00,hu,origo.hu,origo.hu,2026-04-20,"A Tisza tanácsadói megszorításokról beszélnek, Magyar Péter nyugdíjemelést ígér",https://www.origo.hu/belpol/2026/04/magyar-peter-igeret-tisza-tanacsadoi-megszoritasok
e798f96be08c31d21e1b458f17f42f9ae0111ea787d6492c7048172604428377,2026-04-20 09:31:46.367015+00:00,hu,origo.hu,origo.hu,2026-04-20,Videón a brutális gázolás: szirénázó mentő elé futott a gyalogos – videó,https://www.origo.hu/kek-hirek/2026/04/gazolas-gyalogos-mentoauto
02696323792bae8f0de07c1d5b2a04dc2cec032c24cc0676cd3e539887e6e7be,2026-04-20 09:31:41.590557+00:00,hu,origo.hu,origo.hu,2026-04-20,Miért nem állították ki az Arsenal védőjét Erling Haaland lefejeléséért?,https://www.origo.hu/sport/sport-futball/2026/04/haaland-gabriel-manchester-city-arsenal-fejeles-reakcio
20240a902e61b644acead68463e99264d57cba97e61e2f9bfb416e25b9d3449d,2026-04-20 09:31:36.198018+00:00,hu,origo.hu,origo.hu,2026-04-20,Buzsik Borka leleplezte: ilyen valójában Szoboszlai Dominik – fotó,https://www.origo.hu/sport/sport-laza/2026/04/szoboszlai-dominik-buzsik-borka-kislany-csalad-foto
051be2d994a38bab6f3c36390b533c58eb233894e8d433f6a877b0c1ac09e346,2026-04-20 09:31:31.575564+00:00,hu,origo.hu,origo.hu,2026-04-20,Drámai keresés az erdőben – így találtak rá az eltűnt idős asszonyra Tapolca közelében,https://www.origo.hu/kek-hirek/2026/04/idos-holgy-az-erdoben-talaltak-meg
38461f76f6f1e08b8441afd7cdb86c6c6c741a3a4d2a9333836b1f3a8bf588fb,2026-04-20 09:31:26.180267+00:00,hu,origo.hu,origo.hu,2026-04-20,Kovács Bendegúz magyar zászlóval ünnepelte a Holland Kupa-győzelmet – videó,https://www.origo.hu/sport/sport-futball/2026/04/kovacs-bendeguz-az-alkmaar-magyar-zaszlo-unneples-video
5613eb394c7ee6634ee40031f80e549365a31e5d505a02bfc1dcba6bbf9a4409,2026-04-20 09:31:21.827082+00:00,hu,origo.hu,origo.hu,2026-04-20,Zelenszkij az „Orbán által ellopott” ukrán pénzekről tárgyalna Magyar Péterrel,https://www.origo.hu/belpol/2026/04/zelenszkij-orban-ukran-penzek-magyar-peterrel
39118e4c1cfcf97aacbdb1e9724d11f88d9378baa49e793327dd4424d14857f3,2026-04-20 09:31:16.180817+00:00,hu,origo.hu,origo.hu,2026-04-20,"Vadmacska lepte meg a gyanútlan erdőjárót, videón a félelmetes találkozás",https://www.origo.hu/nagyvilag/2026/04/vadmacska-vadasz-erdo-menedek-video
6b576ea9570dcf9ca55f66d01bbd5d992a20d227f7bfafe6c886e62ec6264557,2026-04-20 09:31:11.593970+00:00,hu,origo.hu,origo.hu,2026-04-20,Sérülései ellenére is letarolta a mezőnyt A Nagy Ő sztárja,https://www.origo.hu/itthon/2026/04/kiss-kriszta-serules-fitneszverseny
bfc712ca2f6e6161e544e4cbf8a1596004cb5a4da5a83497035bba8025f395df,2026-04-20 09:31:06.790276+00:00,hu,origo.hu,origo.hu,2026-04-20,„Soha!” – Irán kemény üzenetet küldött az USA-nak a világ egyik legfontosabb útvonaláról,https://www.origo.hu/kulpol/2026/04/teheran-soha-nem-engedi-at-a-szoros-ellenorzeset
17f9285d4aaa46154c8aac5682a64ecdef9bf2579b0f70c539d162d54d3880f9,2026-04-20 09:31:01.625855+00:00,hu,origo.hu,origo.hu,2026-04-20,Megszólalt a család Bangó Margit állapotáról,https://www.origo.hu/teve/2026/04/bango-margit-enekesno-korhaz-kezeles-allapot
3fab41b220516b99237c0206a3fc53e1cbb9d7d7a786c528cf31bc193d17eae6,2026-04-20 09:30:56.227481+00:00,hu,origo.hu,origo.hu,2026-04-20,Készülhetünk Pécsi Ármin debütálására? Újabb posztriválisa dőlt ki,https://www.origo.hu/sport/sport-futball/2026/04/pecsi-armin-liverpool-kapus-debutalas-premier-league
a34d90a289bf7c88e6078d657538516e5e79b868e1d0c5a3c1281e51026fe374,2026-04-20 09:30:51.193599+00:00,hu,origo.hu,origo.hu,2026-04-20,Felrobbant a Deepwater Horizon olajtorony: pokoli jelenetek a tengeren,https://www.origo.hu/nagyvilag/2026/04/deepwater-horizon-katasztrofa-mexikoi-obol-evfordulo
768559519e883e0b0a8f581a2a129fbb6bc3daa163440f76a4d1e76f919d23fc,2026-04-20 09:30:46.205856+00:00,hu,origo.hu,origo.hu,2026-04-20,"Megtankolta az egymilliárdos Bugattit, ami ezután jött, azt nézni is fáj – videó",https://www.origo.hu/auto/2026/04/bugatti-tankolas-problema
2e09920c060866526f4d48cbf374022e39ebb43189a7fb24d32c02e779964440,2026-04-20 09:30:41.782758+00:00,hu,origo.hu,origo.hu,2026-04-20,"Elfajult konfliktus a pályaudvarnál, előkerült a bozótvágó kés",https://www.origo.hu/kek-hirek/2026/04/bozotvago-kes-elfajult-konfliktus
4dfc0ec7daaf99030eb0d1098f24ac89ac0718154cd44ecb2cabe799eed829a8,2026-04-20 09:30:36.229968+00:00,hu,origo.hu,origo.hu,2026-04-20,Bűntudat és könnyek: Molnár Anikó élete legnehezebb döntését hozta meg,https://www.origo.hu/itthon/2026/04/molnar-aniko-edesanyja-idosotthon-alzheimer-kor
3cabd058d73cf670170f8990e018abab70817f39af3b6ac6922a72ac2a8144fd,2026-04-20 09:30:31.585030+00:00,hu,origo.hu,origo.hu,2026-04-20,"Amerikai stílusban fosztogatta az üzleteket a ceglédi férfi, hónapokig tudta folytatni a lopássorozatot",https://www.origo.hu/kek-hirek/2026/04/tolvaj-cegled-lopassorozat-ugyeszseg
c38c0e94b0d75b4863e3f592e9e0a0d8a685fa25eb1b596d906bfeac18791513,2026-04-20 09:30:26.222802+00:00,hu,origo.hu,origo.hu,2026-04-20,"Előre kitervelte a gyilkosságot, tényleges életfogytiglant kapott érte",https://www.origo.hu/kek-hirek/2026/04/tenyleges-eletfogytiglan-kitervelte-a-gyilkossagot
efd25bc5e81d58b54e83092f3d60da62e7957ae713a3ab088947f15204384361,2026-04-20 09:30:21.583601+00:00,hu,origo.hu,origo.hu,2026-04-20,"Fegyveres férfi próbált bejutni az izraeli nagykövetségre, a kerítésről húzták vissza a rendőrök – videó",https://www.origo.hu/nagyvilag/2026/04/izraeli-nagykovetseg-london-tamadasi-kiserlet
cb93c0006a72e356e753d984a767cb3691dc2316edae6f9d556fe56f8b134c2b,2026-04-20 09:30:16.333085+00:00,hu,origo.hu,origo.hu,2026-04-20,A szirénázó rendőrautót csak egy villanyoszlop tudta megállítani,https://www.origo.hu/kek-hirek/2026/04/baleset-bekescsaba-rendorauto-karambol
7e331b32fd481596d12ef0b468a76df86191348a4dcb49bc791006b67595c128,2026-04-20 09:30:11.694186+00:00,hu,origo.hu,origo.hu,2026-04-20,"A NAV közölte, mit kell tenni azoknak, akik lakást adnak ki",https://www.origo.hu/gazdasag/2026/04/szja-tobb-millio-adobevallas-keszult
66b0568d8afaad78babd372bb4f0456908bbf6565dee4fcd2360dc4f4f23738f,2026-04-20 09:30:06.191056+00:00,hu,origo.hu,origo.hu,2026-04-20,"Kiara Lord ledobta a bombát, pikáns vallomásától megfagyott a levegő a stúdióban",https://www.origo.hu/teve/2026/04/kiara-lord-luxusescort-tinedzserkor-vallomas-podcast
e7092c730bd0de22b26d55f92384f9f9fb25de2dff95c43286cade57bea4ac55,2026-04-20 09:30:01.410898+00:00,hu,origo.hu,origo.hu,2026-04-20,Pokol Béla: Az államfő alkotmányos eszközökkel reagálhat Magyar Péter fellépésére,https://www.origo.hu/belpol/2026/04/alkotmanyos-botranyba-torkollhat-magyar-peter-fellepese
2953a8f00b38620ffbfc300fd2a0383253faa773e2d3b15fb590f61e77289f3d,2026-04-20 09:29:55.656246+00:00,hu,origo.hu,origo.hu,2026-04-20,Botrányos tánccal hergelte a szurkolókat a Real Madrid brazil sztárja − videó,https://www.origo.hu/sport/sport-futball/2026/04/real-madrid-endrick-paris-saint-germain-lyon-gol
ff0ac80ca58e4fcad5be97c89b7c0c054f19fe70d6ed118a19e3fc4579676730,2026-04-20 08:34:48.794533+00:00,hu,blikk.hu,blikk.hu,2026-04-20,Meglepő választ adott Daniel Radcliffe: ezt a Harry Potter filmet szereti a legkevésbé,https://www.blikk.hu/sztarvilag/nemzetkozi-sztarok/daniel-radcliffe-harry-potter-rangsor/qv39z5q
a2bba793c5d03c4fcb59470de8df63b99d8bb12d1632c1229fa4eea2eb1ef74b,2026-04-20 08:34:37.543776+00:00,hu,blikk.hu,blikk.hu,2026-04-20,"ByeAlex Rákaynak: „Ha valaki nem csinált semmit, akkor abban nem merülnek fel ilyen gondolatok, hogy megrángatnak meg börtön”",https://www.blikk.hu/sztarvilag/hazai-sztarok/rakay-philip-byealex-vita/fgzz5vr
81a4206ca98ac29eabefeccf7c06c88b64676593a2f5c39a709528d2e16a0137,2026-04-20 08:34:28.872137+00:00,hu,blikk.hu,blikk.hu,2026-04-20,Új természeti erő alakítja át a bolygót,https://www.blikk.hu/ferfiaknak/tech/fold-megmentes-tech-kornyezetvedelem-tudomany-osszefogas/2he8ygw
24c44c1d86af36b6414d362c64d4e2b120b05d15ec9daac6725d1cc5a1e18023,2026-04-20 08:34:23.526865+00:00,hu,blikk.hu,blikk.hu,2026-04-20,Megmutatta barátját Puskás Ferenc gyönyörű dédunokája,https://www.blikk.hu/sport/magyar-foci/ane-puskas-parja/h2y0knf
8d5f6a0aa248d15846b2980415a9ce350b7985c042b0a9120c218ede4cdd254c,2026-04-20 08:34:18.974872+00:00,hu,blikk.hu,blikk.hu,2026-04-20,"Sokan nem tudják, hogy a modern USB-C portok között óriási, akár tízszeres sebességkülönbségek lehetnek",https://www.blikk.hu/ferfiaknak/tech/usb-c-adatatviteli-sebesseg/n63xnz7
68704e8865cdcc290230e6d6fc159bb5de88cffe3c42b332842e0135521ab871,2026-04-20 08:33:31.890059+00:00,hu,blikk.hu,blikk.hu,2026-04-20,"Ez az egy mondat segít, hogy kevesebbet használjuk a mobilt",https://www.blikk.hu/eletmod/tippek/egy-mondat-kevesebb-mobilozas/s3ggmqc
bdf438deecb1f7b86bad92504e7a81e805ea25a007a5e4014fb0d60414d323a5,2026-04-20 08:33:11.300167+00:00,hu,blikk.hu,blikk.hu,2026-04-20,A pokol kapuja a a Róbert Károly körúton,https://www.blikk.hu/aktualis/belfold/csotores-vizhiany-forgalom-tereles/nkmc2lq
b305b0947887d7587ffd736b8aaafebfe670ba9516a214f3be075697ef6693b0,2026-04-20 08:33:06.893045+00:00,hu,blikk.hu,blikk.hu,2026-04-20,Így töltődött fel a városi derbi után Szoboszlai Dominik – videó,https://www.blikk.hu/sport/kulfoldi-foci/szoboszlai-dominik-csaladi-idill/ekfq2rb
4300e482d80d2e7c195e92085eb08d4fca7cf2a8c0af020a96aedd4ab55657dc,2026-04-20 08:27:32.144479+00:00,hu,blikk.hu,blikk.hu,2026-04-20,"Elhibázta a merényletet Matuska Szilveszter: kiderítette a vizsgálat, hogy nem is a bécsi gyorsot akarta felrobbantani",https://www.blikk.hu/aktualis/belfold/matuska-szilveszter-merenylet-becsi-gyorsvonat/snbwv2t?utm_source=hirstart&utm_medium=cpc&utm_campaign=blikk-hirstart
bb7f29c52f281394f220984dbea44a11aca8f1694589689a187571e07b1aa98a,2026-04-20 08:26:01.185182+00:00,hu,index.hu,index.hu,2026-04-20,Forsthoffer Ágnest jelöli az Országgyűlés élére a Tisza Párt,https://index.hu/belfold/2026/04/20/forsthoffer-agnes-hazelnok-magyar-peter-jeloles-tisza-part-jelolt/?utm_source=hirstart&utm_medium=referral&utm_campaign=ct
af6bce2b88ef6fc0f8f5eaa2cac3b6f7ebf0f7adff72c01bf99f0d286cd19279,2026-04-20 07:28:33.625495+00:00,hu,blikk.hu,blikk.hu,2026-04-20,"Balesetben sérült meg a tinédzser gerince: a beszédet is újra kellett tanulnia, szemegérrel kommunikált kezelőivel",https://www.blikk.hu/aktualis/belfold/baleset-szemeger-kommunikaacio-bethesda-korhaz/s7wfch4
ff13f2ae3b2d8c02947e0e908b049b00752396d44a7ff2a68cc962930155da5a,2026-04-20 07:28:12.870883+00:00,hu,blikk.hu,blikk.hu,2026-04-20,Hegedűs Zsolt bejelentette: Leszerelik az arcfelismerőket az egészségügyi intézményekben,https://www.blikk.hu/aktualis/belfold/egeszsegugy-hegedus-zsolt-intezmeny-arcfelismerok/xwp9f5j
f18e08c1896c017805b0f13601aca38359882a3e8ab4646fc5f27d2f00914377,2026-04-20 07:27:49.430977+00:00,hu,blikk.hu,blikk.hu,2026-04-20,"Megvan, ki váltja Kövér Lászlót, őt jelölte a Tisza az Országgyűlés elnökének!",https://www.blikk.hu/politika/magyar-politika/orszaggyules-elnoke-forsthoffer-agnes-magyar-peter-tisza/jymwc1w
c44f1832433aaa8245104e285c31b80c39a4304aab79326b815213957cfd054b,2026-04-20 07:27:26.957590+00:00,hu,blikk.hu,blikk.hu,2026-04-20,"Nagy Feró a Fidesz választási vereségéről: „Lefőtt a kávé, nekünk ennyi!”",https://www.blikk.hu/sztarvilag/hazai-sztarok/nagy-fero-lefott-a-kave-valasztasi-vereseg/gsqzl3e
9421c3986d5f0193f4a4d3453684716241aa3cdf2a019e76d254f5ea35a65250,2026-04-20 07:27:19.382593+00:00,hu,blikk.hu,blikk.hu,2026-04-20,"Sikoltozó nézők, levegőben pörgő autó, drámai pillanatok, halálos baleset a dél-amerikai ralin – Videó",https://www.blikk.hu/sport/del-amerikai-rali-tragedia/f7n8fmr
2514a5e939afaa64acb0abb76358f05a7f70cf251f8cdcabc851797175d57a27,2026-04-20 07:26:49.683906+00:00,hu,blikk.hu,blikk.hu,2026-04-20,Hatalmas változásra ébredtek az RTL nézői – Jakupcsek Gabriella és Szujó Zoltán sem találta a szavakat,https://www.blikk.hu/sztarvilag/hazai-sztarok/rtl-reggeli-uj-studio-jakpucsek-gabriella-szujo-zoltan/42tnsyz
02d79b0131700d4e1cde54058f800b86398f69ac0eb7df1c990c103e88d04746,2026-04-20 07:26:43.193227+00:00,hu,blikk.hu,blikk.hu,2026-04-20,"Drágán mérik a leszedett politikai hirdetéseket, tízezreket kérnek egy Magyar Péter-plakátért!",https://www.blikk.hu/aktualis/belfold/valasztasi-plakatok-gyujtok-pakh-imre/37tv91v
09d2f4cb5a7496d41ffcbbff1ace3553e08d1964fc6eff27bc05ae1d0ba9d33d,2026-04-20 07:26:26.734889+00:00,hu,blikk.hu,blikk.hu,2026-04-20,Mit tegyünk a sütő alatti fiókba? – Miért használjuk mindannyian rosszul?,https://www.blikk.hu/eletmod/tippek/suto-alatti-fiok-rossz-hasznalata/55eqnyz
f93dec5eabefd2f047b0f7682976bfe66d72c5c10ffcc197207ed20505d71507,2026-04-20 06:26:22.815861+00:00,hu,blikk.hu,blikk.hu,2026-04-20,"A Greenpeace Gödön megvizsgálta a lakossági kutak szennyezettségét a Samsung-gyár közelében, megjött az eredmény!",https://www.blikk.hu/aktualis/belfold/greenpeace-kornyeztszennyezes-god-akkumulatorgyar/lp3c7mb
e763d3ac5af87cec0b8f219145e3bb9325a8161ff4f4c95320451973c1cc2458,2026-04-20 06:26:17.497175+00:00,hu,blikk.hu,blikk.hu,2026-04-20,Kerülje el a Róbert Károly körutat! Négy sávot kell lezárni egy csőtörés miatt,https://www.blikk.hu/aktualis/belfold/budapest-csotores-dugo-kozlekedes/1yjw3z5
ed9a1f31f1d58936d5c0c6e78484076ff359cdd7287eada1387d0a68b7bc746b,2026-04-20 06:26:12.099456+00:00,hu,blikk.hu,blikk.hu,2026-04-20,"„Naponta szakítottunk” – Istenes Bence és Csobot Adél mostanra boldogabbak együtt, mint valaha",https://www.blikk.hu/sztarvilag/hazai-sztarok/istenes-bence-csobot-adel-kapcsolat-szakitas/54vnvvs
97b1f2b0b035d1429ff32228ac8a2dd8aa9fb518cd5c8977ce04506d6c2e42db,2026-04-20 06:25:56.132840+00:00,hu,blikk.hu,blikk.hu,2026-04-20,Vége a tűzszünetnek? Irán és Amerika között ismét fokozódik a feszültség,https://www.blikk.hu/aktualis/kulfold/hajo-usa-iran-hormuzi-szoros-valsag-tuzszunet/0938s9k
29ecbe43bc27325b162abe868313d6d77195fa1f6539e92cc004846fd47bb86b,2026-04-20 06:25:45.137668+00:00,hu,blikk.hu,blikk.hu,2026-04-20,Noszály Sándor édesanyja fia mentális betegségéről vallott: „már régóta nem volt semmi gond”,https://www.blikk.hu/sztarvilag/hazai-sztarok/anya-ima-noszaly-sandor-egeszseg-mentalis-zavar/vftvqpd
29a815d072d8520ef15eb38461a14de939f80ab77d962eaa7385656ddb483a92,2026-04-20 06:25:33.451810+00:00,hu,blikk.hu,blikk.hu,2026-04-20,"Valaki úgy ünnepelte a sikeres KRESZ-vizsgáját, hogy parkoló autókat vert szét, milliós a kár – fotók",https://www.blikk.hu/aktualis/belfold/auto-rongalas-kresz-vizsga-kecskemet/vkwdf7j
9a66ffc5f78f6f82d97d38d71613ec3fcb38b31a3d9a2a93d7e59dd5a2c26932,2026-04-20 06:25:07.002848+00:00,hu,blikk.hu,blikk.hu,2026-04-20,Orbán Viktornak már a választás estéjén le kellett volna mondania Király Nóra szerint,https://www.blikk.hu/politika/magyar-politika/kiraly-nora-orban-viktor-lemondas/yp7tsrx
ad9c1d71d7aba9e182d206118998853909eb1ad5a0a6e143eb6c5bfe0bff3f39,2026-04-20 06:24:58.421152+00:00,hu,blikk.hu,blikk.hu,2026-04-20,Robert Fico máris beszólt Magyar Péternek,https://www.blikk.hu/politika/magyar-politika/robert-fico-magyar-peter/sbn217s
0be43560132bd329a841195f0b9a7442b3b861ce50852f5eb8ec8c0e7fc53259,2026-04-20 06:24:31.674839+00:00,hu,blikk.hu,blikk.hu,2026-04-20,Mesterlövészeket is riasztottak egy égő lakóházhoz hajnalban Budapesten,https://www.blikk.hu/aktualis/belfold/tuz-xiii-kerulet-budapest-gazpalack-nepsziget-mesterloveszek/mbjg64y
0daaacb71e24daa987373c5038331fbb74adb8b0af27f80e820356456e86a2a1,2026-04-20 06:19:01.614754+00:00,hu,origo.hu,origo.hu,2026-04-20,Jön a drámai hajrá az NB I-ben: az ETO vagy a Fradi lesz a bajnok? – szavazzon!,https://www.origo.hu/sport/sport-futball/2026/04/fradi-eto-fc-versenyfutas-nb-i-foci-szavazas
8c58d0854e921692186330732f3b2ce7a5bdbed73826ff63673f8323fa2fac9c,2026-04-20 06:18:46.743731+00:00,hu,origo.hu,origo.hu,2026-04-20,"„Ma meg fogunk halni?"" — Természeti katasztrófa pusztítottal el a Jurassic Park forgatását!",https://www.origo.hu/filmklub/2026/04/a-het-kiralysag-lovagja-katasztrofa-jurassic-park
a7689ed4ef00b9807e4a4c8727b5b19612964b430ede3b2abc1d1bfe7e62ddec,2026-04-20 06:18:41.967773+00:00,hu,origo.hu,origo.hu,2026-04-20,Kiszámíthatatlanná válik az időjárás: a hét közepén jön a fordulat,https://www.origo.hu/itthon/2026/04/idojaras-tavasz-csapadek
1061bfd753705f6e2fdeea4a1e8664702172d89b964549933583fc81fc78959f,2026-04-20 06:18:36.718249+00:00,hu,origo.hu,origo.hu,2026-04-20,"Már nem tud járni a balerina, mégis felléphetett ennek az elképesztő technikának köszönhetően",https://www.origo.hu/techbazis/2026/04/balerina-als-eeg-tanc-breanna-olson
1719b4f59c3fface48f1ad564b6acb206f0138e6eea4b29181d69bca4a8a26a6,2026-04-20 06:18:31.910738+00:00,hu,origo.hu,origo.hu,2026-04-20,Lángokban áll az orosz olajfinomító – videó,https://www.origo.hu/kulpol/2026/04/orosz-olajfinomito-langokban-all
6334956a6db668bcbeeaa73de6eb2e5ce29ebe157816ea53bedc3f5dc0c76af4,2026-04-20 06:18:26.060038+00:00,hu,origo.hu,origo.hu,2026-04-20,"Miért nem olyan az édesség, mint régen? A gyermekkori ízek titokzatos eltűnése",https://www.origo.hu/tudomany/2026/04/iz-miert-nem-olyan-az-edesseg-mint-regen
9f32d69f8d8669a3a2236dbe8d99d7680337c9a85b583a486fb325a7d19a7c2c,2026-04-20 06:18:01.471311+00:00,hu,origo.hu,origo.hu,2026-04-20,Csökkentenéd a stresszhormont? Ez a 8 ital segít kordában tartani a kortizolszintet,https://www.origo.hu/eletmod/2026/04/kortizolszint-csokkentese-termeszetesen
dcb5fceb9e20c68e3f0e71d8a6705115ab3757075436afe23165e5b712091872,2026-04-20 06:17:50.594308+00:00,hu,origo.hu,origo.hu,2026-04-20,"Ezt az öt dolgot semmiképp ne hagyjuk otthon, ha tavaszi kirándulásra indulunk",https://www.origo.hu/utazas/2026/04/kirandulas-csomaglista-5-dolog-amit-vigyunk-magunkkal
cf52102ac25f952c1602a2c862a34f05f88fbc8c1c7f6159306cd2fe271e37a8,2026-04-20 06:17:45.092347+00:00,hu,origo.hu,origo.hu,2026-04-20,"Baljós FBI-figyelmeztetés: egy kattintás, és mindent látnak",https://www.origo.hu/nagyvilag/2026/04/adathalasz-hackerek-fbi-figyelmeztetes-privat-uzenet
ad1c28130524ad6accec8b1857a5718c64e1c6dcb223c8ce5587da90647e79a4,2026-04-20 06:17:40.710384+00:00,hu,origo.hu,origo.hu,2026-04-20,"Vérfürdő Kijevben: megdöbbentő részletek derültek ki, lemondás is történt",https://www.origo.hu/nagyvilag/2026/04/kijev-lovoldozes-rendorfonok-lemondas
1422fae34d1aea356b241b9a8ff192eeb7ea63600d32d7fe2129807eb7fa441e,2026-04-20 06:17:35.568924+00:00,hu,origo.hu,origo.hu,2026-04-20,"Ha tejföl helyett ezt teszi a pogácsába, igazán puha és omlós lesz",https://www.origo.hu/gasztro/2026/04/pogacsa-aludttej-tejfol-helyett
70d06547461689e86ac379d222ba8db86e2aebf502573fe58a7aac846e9f3968,2026-04-20 06:17:30.867558+00:00,hu,origo.hu,origo.hu,2026-04-20,"Megdöbbentő fordulat: a hús védheti az agyat, de nem mindenkinél",https://www.origo.hu/tudomany/2026/04/hus-fogyasztasa-vedhet-a-demenciatol
f6be151341fa5e488d2a2ab4a53b6973bbafe6e63a04eb41c01ae524fbe8c7a7,2026-04-20 06:17:25.843412+00:00,hu,origo.hu,origo.hu,2026-04-20,"Ez a kvíz több embert megtéveszt, mint gondolná – Ön köztük lesz?",https://www.origo.hu/nagyvilag/2026/04/kviz-foldrajz-kontinens-varos
90ee1e035158ecdc23eb4922e47f66c2d3f5e4b8134cf2a4ba6cd05eb55809cb,2026-04-20 06:17:20.565967+00:00,hu,origo.hu,origo.hu,2026-04-20,Nem merik eltemetni Hameneit: súlyos félelmek Iránban,https://www.origo.hu/kulpol/2026/04/rani-vezetes-fel-eltemetni-ali-hameneit
fee3fbc7d3eaa32f7b97135df6870d082a771801ea92c9adc802cf32badf2308,2026-04-20 06:17:17.173470+00:00,hu,origo.hu,origo.hu,2026-04-20,Sokkoló kijelentés: Trump szerint ez az üdítő segíthet a rák ellen,https://www.origo.hu/nagyvilag/2026/04/donald-trump-uditoje-megoli-a-rakot-tamadjak-orvosok
4603416e50dc9e0d6ff91970e0e2cff95d78e09c010bb7b74b8cbe0de73f83df,2026-04-20 06:17:13.014366+00:00,hu,origo.hu,origo.hu,2026-04-20,Ijesztő számok: ez a tényező sokaknál növelheti a rák kockázatát,https://www.origo.hu/nagyvilag/2026/04/rak-kockazata-hazassag-ferfiak-nok
1e88d1b685e847d96fe72a7bc0a1dc55837d1d55501a07b8dd4256596a31e3da,2026-04-20 06:17:10.675596+00:00,hu,origo.hu,origo.hu,2026-04-20,Fokozódnak az antiszemita támadások Nagy-Britanniában,https://www.origo.hu/kulpol/2026/04/antiszemita-tamadasok-nagy-britanniaban
338dcf2df66e768c45878267a4cd4f9b5c7e89a79b6abe7e0f3659e367822619,2026-04-20 05:25:53.193747+00:00,hu,index.hu,index.hu,2026-04-20,"Szoboszlai Dominik történelmi meccset játszott, ilyenben még soha nem volt része",https://index.hu/sport/futball/2026/04/20/premier-league-helyszini-riport-everton-liverpool-248-merseyside-derbi-hill-dickinson-stadium/
8193f3ede108a277a893d6c1e76eff58140f4127e3cb1e057ce60d4fb39f63f3,2026-04-20 05:25:46.454750+00:00,hu,index.hu,index.hu,2026-04-20,"Erős északnyugati széllel érkezik a hidegfront, többfelé záporokat hoz magával",https://index.hu/belfold/2026/04/20/idojaras-elorejelzes-hidegfront-szel-gomolyfelho-zapor-vihar-radar/
cd2c4832e1267ba804c784d431ee0e2d0066600cf1601b26cd0ba47833bfb5b0,2026-04-20 05:25:39.673158+00:00,hu,index.hu,index.hu,2026-04-20,"Történelmi megállapodást kötött Ukrajna, Volodimir Zelenszkij nagy bejelentést tett",https://index.hu/kulfold/2026/04/20/oroszorszag-ukrajna-orosz-ukran-konfliktus-moszkva-kijev-vlagyimir-putyin-volodimir-zelenszkij-europai-unio-nato-beketargyalasok/
12e5ac7982105e75ce299a4b553537fb25d84e04b0654adad5fafb28720b6e1f,2026-04-20 05:25:24.332199+00:00,hu,index.hu,index.hu,2026-04-20,"Megvan az oka, miért rúgkapál a kutya, ha vakarjuk a hasát",https://index.hu/tudomany/2026/04/20/kutya-vakaras-dogz-fesztival/
2c0eea8ba16118721c9431f94c435bc49f1ff511d2f0e350dfbd2a3f443a53d0,2026-04-20 05:25:14.123887+00:00,hu,index.hu,index.hu,2026-04-20,"Élelmiszer még van Iránban, de a bankok előtt már egyre hosszabbak a sorok",https://index.hu/kulfold/2026/04/20/iran-usa-izrael-haboru-hormuzi-szoros-blokad-elelmiszer-inflacio-ellatas/
7bfddecd2b6d5f895c6c1b7b8ce3ec555cd24c0427db470c8d2fa63575a8eb4d,2026-04-20 05:24:58.873672+00:00,hu,index.hu,index.hu,2026-04-20,"Kiderült, hogy került Fejes Tamás a Kincsvadászokba: „Ha minden rendben lett volna, nem vállalom el”",https://index.hu/mindekozben/poszt/2026/04/20/kiderult-hogy-kerult-fejes-tamas-a-kincsvadaszokba-ha-minden-rendben-lett-volna-nem-vallalom-el-/
9c8b45752f1ce2c26010a24ac02c0ad5df5c8a22d2c1abb57c93abc9c542df0f,2026-04-20 05:24:53.448080+00:00,hu,index.hu,index.hu,2026-04-20,Magyar Péter egy valamit már a legelején megadhat a legfontosabb miniszterének,https://index.hu/gazdasag/2026/04/20/karman-andras-koltsegvetes-magyar-peter-kormany-budzse/
c073135889b32a5cf49e5f93fa0b6afebdfd2fcd1ef1dc1c0bc3ddfff2174f4c,2026-04-20 05:23:57.495170+00:00,hu,origo.hu,origo.hu,2026-04-20,Szoboszlai Dominik teljesítménye nem a régi,https://www.origo.hu/sport/sport-futball/2026/04/szoboszlai-dominik-liverpool-everton-ertekeles
1f8b3455d163c72fd2d209e41ea372a98522c89be2759012c5b1f5c63f750d11,2026-04-20 05:23:53.698249+00:00,hu,blikk.hu,blikk.hu,2026-04-20,Így maradnak távol a kerttől a patkányok,https://www.blikk.hu/eletmod/tippek/patkany-kert-filleres-trukk/0fhe8xs
750ce61ed881ba8d262ffe7bd96bda373b2deb81ece715d966702bc350fcc2c8,2026-04-20 05:23:49.540247+00:00,hu,origo.hu,origo.hu,2026-04-20,A Fradi csapatkapitánya kész gratulálni az ETO bajnoki címéhez,https://www.origo.hu/sport/sport-futball/2026/04/fradi-eto-bajnoki-cim-nb-i-dibusz
68cd3ed0d53faf098e82ab18f8f16a92488db4e0e5454e945f4f3b51062dc6b7,2026-04-20 05:23:44.505787+00:00,hu,origo.hu,origo.hu,2026-04-20,Így lehet még bajnok a Fradi – ez vár a két aranyesélyes csapatra,https://www.origo.hu/sport/sport-futball/2026/04/fradi-eto-gyor-nb-i-utolso-harom-fordulo-meccsei
e2955058ca03d2ef6993d15b1087db9aaf5fb4f24757adcffbde7070c2ec3a04,2026-04-20 05:23:25.272061+00:00,hu,blikk.hu,blikk.hu,2026-04-20,Huszonnégy órás felügyeletet kap családjától a súlyos beteg Bangó Margit,https://www.blikk.hu/sztarvilag/hazai-sztarok/bango-margit-emilio-tina-betegseg-labadozas/y8zxpv7
de1da615fe2390d2c05a0c726503db142fb82622199a4211a85a832c409e7884,2026-04-20 05:23:20.242736+00:00,hu,origo.hu,origo.hu,2026-04-20,Ezt mondta Szoboszlai Dominik a Liverpool sikere után,https://www.origo.hu/sport/sport-futball/2026/04/szoboszlai-everton-liverpool-instagram-uzenet-poszt
06683c6486e20ba61d91b24c80ffbb5ce8dd58e8fec81c03b4e80a440edbedd8,2026-04-20 05:23:16.273877+00:00,hu,blikk.hu,blikk.hu,2026-04-20,Beteéljesül a felhasználók vágya: a Chrome új függőleges elrendezésű fülei teljesen átalakíthatják a böngészési szokásokat,https://www.blikk.hu/ferfiaknak/tech/google-chrome-fuggoleges-fulek/y3928fh
d1cbc5de1e51344ad8f67ac2f38687396bad493282bb59c2f477c8dac1e61e92,2026-04-20 05:23:06.667930+00:00,hu,blikk.hu,blikk.hu,2026-04-20,"A végrehajtó eljárását vizsgálják, Alexandra kitart",https://www.blikk.hu/aktualis/belfold/veber-alexandra-kilakoltatas/6qj886k
231b24fafc7b6212bdc12d6b798274eb89f5b34012cb55711210b2d6b6999af2,2026-04-20 05:22:49.169051+00:00,hu,blikk.hu,blikk.hu,2026-04-20,Az univerzum négy jegynek hoz egyensúlyt és harmóniát áprilisban,https://www.blikk.hu/eletmod/lelek/horoszkop-kulonleges-ajandek-csillagjegyek/wvv505t
428b144c47720834e3dab72d89731faf018dc37ea4160a7bdcf84b0c0b6a00fd,2026-04-20 05:22:45.398221+00:00,hu,blikk.hu,blikk.hu,2026-04-20,A Szőlő utcai megbízott igazgató hamis vádja miatt ül börtönben két ember? ezt vizsgálja most a rendőrség,https://www.blikk.hu/aktualis/belfold/pilisi-emberoles-szerepjatek-szolo-utca-igazgato/5vf2mmp
0f4439f478901461e1d64b95f3c6bb82c7ab4abcb49a66f335ce8132df9fe290,2026-04-20 05:22:39.222992+00:00,hu,blikk.hu,blikk.hu,2026-04-20,Ezt a műveltségi kvízt még a tanárok is elrontják! Vajon sikerül a maximum pontszám?,https://www.blikk.hu/eletmod/vilag-titkai/muveltsegi-kviz/v018yl5
e950d5b633c854d674c45bf0e81060f284e506d8ca5fe7f817cb3696af194917,2026-04-20 05:22:35.545276+00:00,hu,origo.hu,origo.hu,2026-04-20,Elbukta a Fradi a bajnoki címet? Így reagált Kubatov Gábor,https://www.origo.hu/sport/sport-futball/2026/04/kubatov-gabor-eto-fc-fradi-facebook-uzenet-nb-i
5aaca842609843c37b8fa01de4c16acca1aef9e2c8e5af1b65034e3fe10ae334,2026-04-20 05:22:34.304286+00:00,hu,blikk.hu,blikk.hu,2026-04-20,"A Megasztár énekese, Bíró Csongor Vitéz elárulta, milyen üzenetekkel bombázzák a lányok naponta",https://www.blikk.hu/sztarvilag/hazai-sztarok/megasztar-biro-csongor-vitez-lanyok/6bpskym
ed69ec426303850ca46850bbe452fdc0115326a16521da38d09b134d9e619826,2026-04-20 05:22:30.629188+00:00,hu,origo.hu,origo.hu,2026-04-20,Kitört a káosz az AEK öltözőjében Marko Nikolics bejelentése és Varga Barnabásék nagy meccse után,https://www.origo.hu/sport/sport-futball/2026/04/varga-barnabas-aek-athen-nikolics-paok-oltozo
c5cf5a960b58b06e676744b84ddf11177441bb7fbc09348b010789186e9761ce,2026-04-20 05:22:25.319092+00:00,hu,blikk.hu,blikk.hu,2026-04-20,„Hülyeség volt nem élni ezzel az egésszel” – Geszti Péter hatalmas üzleti ajánlatot utasított vissza: ez az oka,https://www.blikk.hu/sztarvilag/hazai-sztarok/geszti-peter-uzleti-ajanlat/3l6ty37
c0d53ea8eaf1551e4257f72abec5f5853aed06bf7724fcb2922e5525a0d34000,2026-04-20 05:22:08.655408+00:00,hu,blikk.hu,blikk.hu,2026-04-20,"Sokkoló számok: ennyit spórolhatna évente, ha csak kicsit lassabban vezetne!",https://www.blikk.hu/auto/greenpeace-uzemanyag-megtakaritas/d7zf4hd
10afa195b41bfb56b73069d7dbd13546500972d6cad23f814df588864273f783,2026-04-20 05:21:55.293400+00:00,hu,origo.hu,origo.hu,2026-04-20,Meglepő dolgok nyújtanak segítséget a külföldi utazások során,https://www.origo.hu/gazdasag/2026/04/kulfoldi-utazas-meglepo-es-hasznos-segitseg
2ce8325076dd8341dbba2d7fbf290cfce96e35f5a1e5e0c790e2ba0fa72d4f77,2026-04-20 05:21:42.911806+00:00,hu,blikk.hu,blikk.hu,2026-04-20,"Szünetre megy a tavasz, 5 vármegyére figyelmeztetést is kiadtak – Térképen a részletek",https://www.blikk.hu/aktualis/belfold/idojaras-ma-hetfo-figyelmeztetes/xe3t6c2
b38a335c68ce4078bd238dc160c578d66f1c23b9880cf13bb3ab328af9682059,2026-04-20 03:20:20.824836+00:00,hu,blikk.hu,blikk.hu,2026-04-20,"Sokan nem tudják, mit jelent a fehér pötty a telefon képernyőjének tetején – ez a háttere és eltüntetésének módja",https://www.blikk.hu/ferfiaknak/tech/okostelefon-status-bar-feher-potty/bn4481m
86b1337d66d931cf3e1602ab76b4e83b14101bb452a71b13b0116a8721f326b1,2026-04-20 01:20:54.470313+00:00,hu,index.hu,index.hu,2026-04-20,Egy decemberi nap a Sas patikában emberek millióinak életét változtatta meg,https://index.hu/bcs/2026/04/20/richter-gedeon-gyogyszertar-125-eves-tortenete/
