id,indexed_date,language,media_name,media_url,publish_date,title,url
ba9692588b423ec82ef491e5bd0c69430a172318b89565083090eb0580fa0758,2026-04-05 23:23:47.536192+00:00,hu,444.hu,444.hu,2026-04-05,Szijjártó: Katonai védelem alá helyezzük a Török Áramlat teljes magyarországi szakaszát,https://444.hu/2026/04/05/szijjarto-katonai-vedelem-ala-helyezzuk-a-torok-aramlat-teljes-magyarorszagi-szakaszat?utm_source=rss_feed&utm_medium=rss&utm_campaign=rss_syndication
4d94f2cf03465ac058f117d4234206fe6e09ca8355dfd9799bdf2adc440d7d29,2026-04-05 23:23:05.841313+00:00,hu,444.hu,444.hu,2026-04-05,"Fideszes feliratú, óriássonkatállal kíván szép húsvétot a több tízmilliárdos támogatásokról döntő Társadalmi Esélyteremtési Főigazgatóság belügyes vezetője",https://444.hu/2026/04/05/fideszes-feliratu-oriassonkatallal-kivan-szep-husvetot-a-tobb-tizmilliardos-tamogatasokrol-donto-tarsadalmi-eselyteremtesi-foigazgatosag-belugyes-vezetoje?utm_source=rss_feed&utm_medium=rss&utm_campaign=rss_syndication
aa1a7e73609f484e4f38253259c79d8373a6cd370e8bd3f9c041fce18ae06864,2026-04-05 23:22:28.772805+00:00,hu,444.hu,444.hu,2026-04-05,"Hétfőig kitart a jó idő, de húsvét után újra jönnek a hideg reggelek",https://444.hu/2026/04/05/hetfoig-kitart-a-jo-ido-de-husvet-utan-ujra-jonnek-a-hideg-reggelek?utm_source=rss_feed&utm_medium=rss&utm_campaign=rss_syndication
703f22bb2f6addf44f7a5faa25ab0affa2a9a27fef61dd9e8a81dad75f229e0d,2026-04-05 23:21:45.936828+00:00,hu,444.hu,444.hu,2026-04-05,Több mint 11 ezer új aszteroidát fedezett fel a világ legnagyobb kamerája,https://444.hu/2026/04/05/tobb-mint-11-ezer-uj-aszteroidat-fedezett-fel-a-vilag-legnagyobb-kameraja?utm_source=rss_feed&utm_medium=rss&utm_campaign=rss_syndication
43d22936b5dbfc215bfd62e8338439478e9747ecba5a21a62c9676aa076b721e,2026-04-05 23:21:40.299002+00:00,hu,444.hu,444.hu,2026-04-05,Az ukrán kormány szerint Kijevnek nincs köze a szerbiai gázvezeték közelében talált nagy erejű robbanóanyaghoz,https://444.hu/2026/04/05/az-ukran-kormany-szerint-kijevnek-nincs-koze-a-szerbiai-gazvezetek-kozeleben-talalt-nagy-ereju-robbanoanyaghoz?utm_source=rss_feed&utm_medium=rss&utm_campaign=rss_syndication
801a6a4883179d2eed9f9b3d86ba27ba5cd90e662affb76fe46e4f6d1c00d119,2026-04-05 21:26:00.928690+00:00,hu,24.hu,24.hu,2026-04-05,"Egy tizenegyesre volt hozzá szükség, de győzött az ETO",https://24.hu/sport/foci/2026/04/05/nb1-eto-nyiregyhaza-benbouali-bitri/
aa8181e02cec9ebfe33273249d287c96c71e61bcb3a1b3642afa2dd13ce7d7ca,2026-04-05 20:24:11.494155+00:00,hu,24.hu,24.hu,2026-04-05,A nap legfontosabb hírei – 2026. 04. 05.,https://24.hu/belfold/2026/04/05/a-nap-legfontosabb-hirei-2026-04-05/
319b20efc92d34e8ca5f54cd787972b9588cf76c8c024a477e361d7695c27690,2026-04-05 20:23:53.742062+00:00,hu,24.hu,24.hu,2026-04-05,"Magyarországot meg akarják fosztani szuverenitásától"" – bármelyik magyar kormánypárti politikus szájából elhangozhatott volna az orosz külügyi szóvivő nyilatkozata a gázvezetéknél talált robbanószerről",https://24.hu/kulfold/2026/04/05/magyarorszagot-meg-akarjak-fosztani-szuverenitasatol-barmelyik-magyar-kormanyparti-politikus-szajabol-elhangozhatott-volna-az-orosz-kulugyi-szovivo-nyilatkozata-a-gazvezete/
4b55e92a4567c57e5276691d89a92f112c5ec40a109879c2081f946296a0ea71,2026-04-05 20:19:11.649361+00:00,hu,444.hu,444.hu,2026-04-05,"Már korábban jelezték Vučićnak, hogy előfordulhat egy, a magyarkanizsai esethez hasonló esemény",https://444.hu/2026/04/05/mar-korabban-jeleztek-vucicnak-hogy-elofordulhat-egy-a-magyarkanizsai-esethez-hasonlo-esemeny?utm_source=hirstart&utm_medium=referral&utm_campaign=ct
77a575a18a3c978e72e0759d31367bda0a1841e8f1384ecc5c25164451c0ade4,2026-04-05 19:25:31.137600+00:00,hu,24.hu,24.hu,2026-04-05,"Az egy dolog, hogy felvisszük neki a tejet és kenyeret, de mi adjuk a biztonságot"" – a házi idősgondozás szépségei és nehézségei",https://24.hu/belfold/2026/04/05/idosgondozas-szocialis-munka-ferencvaros-video/
3840decc082c92e704f8d6deafe4054e1b8d6cc9fcbfbb88199987c2027525ed,2026-04-05 19:25:08.592436+00:00,hu,24.hu,24.hu,2026-04-05,Amerikai gyártmányú robbanóanyagot azonosítottak a gázvezetéknél a szerb hatóságok,https://24.hu/kulfold/2026/04/05/amerikai-gyartmanyu-robbanoanyagot-azonositottak-a-gazvezeteknel-a-szerb-hatosagok/
dc9827ce71bd4e532819ef8c3278fda0ee4c535837d9263b0d3f490e4c61d522,2026-04-05 19:25:01.692898+00:00,hu,24.hu,24.hu,2026-04-05,Ilyen lett az új Citadella,https://24.hu/belfold/2026/04/05/ilyen-lett-az-uj-citadella/
d52f3aabbadab94a1fa7034142911d3220abcc89d60d51f8caca708358fba130,2026-04-05 19:24:44.579794+00:00,hu,24.hu,24.hu,2026-04-05,"Ma a legfontosabb döntést nem a játékosok hozták meg"" – nehezen emésztette meg a vereséget a DVTK játékosa",https://24.hu/sport/foci/2026/04/05/nb1-dvtk-puskas-akademia-alex-vallejo-nyilatkozat/
f757051e056223310e1ecb8bb7d769f6e3ae0de331682769aa1eaa3680c33e0a,2026-04-05 19:24:15.464364+00:00,hu,24.hu,24.hu,2026-04-05,Geszti Péter a szerb gázvezetéknél talált hátizsákkal viccelődött,https://24.hu/kultura/2026/04/05/geszti-peter-szerb-gazvezetek-torok-aramlat-kezet-fel/
a454a9e79ff162548b6e19ee1603313b643275fcab489d42303e2f8d1934bc53,2026-04-05 18:31:44.363407+00:00,hu,24.hu,24.hu,2026-04-05,Magyar Péter Orbán Viktornak üzent,https://24.hu/kulfold/2026/04/05/magyar-peter-orban-viktornak-uzent/
a178a48c75f55e4650d74a074b65aa47d2e2aa289440dde04ec1c2fb9fde3917,2026-04-05 18:31:13.718258+00:00,hu,24.hu,24.hu,2026-04-05,"Galéria: Ilyen lett az átépített, több ponton is átvágott falú Citadella",https://24.hu/kultura/2026/04/05/citadella-foto-kiallitas-szabadsag-szobor-gellerthegy-gellert-hegy/
c9332437705dc049ac781b48403cb78dfb2b7df1d0447cfe93be706f3f13620d,2026-04-05 18:31:08.809067+00:00,hu,24.hu,24.hu,2026-04-05,"Magyar Péter Orbánnak: Jó, ha tudja, hogy az április 12-ei választást semmilyen eszközzel nem fogja tudni megakadályozni",https://24.hu/belfold/2026/04/05/magyar-peter-orban-viktor-szerbia-hamis-zaszlos-muvelet/
eccc2abb3a710e83eaa1f09b57e3f4e39ee08b1b4c90aa98f769bbd85a31afaf,2026-04-05 18:30:45.052121+00:00,hu,24.hu,24.hu,2026-04-05,Földgömb alakú szószéket rejt egy cseh gótikus templom,https://24.hu/kultura/2026/04/05/foldgomb-szoszek-znojmo-csehorszag-barokk/
04df491251979ca762627576a9aa13bdc20a5e72a05d462cc03e0beac88b11a5,2026-04-05 18:30:30.581552+00:00,hu,24.hu,24.hu,2026-04-05,"Kész dráma: Zendayát még sosem láttuk puskával, Robert Pattinsont még nem láttuk ennyire nyomorultnak",https://24.hu/kultura/2026/04/05/kesz-drama-kritika-zendaya-robert-pattinson-film/
dc6a5e1b19fdaa6c4a9544bade46c4f4a98428f63207d6cf6cca32ae808cb3f2,2026-04-05 18:29:41.454214+00:00,hu,24.hu,24.hu,2026-04-05,"Ukrán külügyi szóvivő: Ukrajnának semmi köze nincs ehhez az akcióhoz, a legnagyobb valószínűséggel egy hamis zászlós orosz műveletről van szó",https://24.hu/kulfold/2026/04/05/ukran-kulugyi-szovivo-ukrajnanak-semmi-koze-nincs-ehhez-az-akciohoz-a-legnagyobb-valoszinuseggel-egy-hamis-zaszlos-orosz-muveletrol-van-szo/
e3511b42a32a842c50b929280691e28e40abbbe99454573c9a65eba33d8bbae0,2026-04-05 18:28:12.858804+00:00,hu,atlatszo.hu,atlatszo.hu,2026-04-05,„Tízezer forintos emberek” – több tonnányi élelmiszert osztanak ki roma szervezeteken keresztül a választások előtt,https://atlatszo.hu/orszagszerte/2026/04/05/tizezer-forintos-emberek-tobb-tonnanyi-elelmiszert-osztanak-ki-roma-szervezeteken-keresztul-a-valasztasok-elott/
b3c028565dc5b8d805a47fedf2e303c368a02d367c928449aa4d84ad0b45da21,2026-04-05 18:27:42.818809+00:00,hu,24.hu,24.hu,2026-04-05,"Ez csodálatos, így kellett lennie"" – a Fradi téli szerzeményének duplája döntötte el a rangadót",https://24.hu/sport/foci/2026/04/05/debrecen-ferencvaros-corbu-marius-dupla/
c6163b017ed09199d67c3774476fab5200bfb68d1f6167a5172a5a04004b7ab3,2026-04-05 18:26:40.626375+00:00,hu,444.hu,444.hu,2026-04-05,"Így tökéletes: az Orbán-rendszer bukásának emlékműve lett a megújult Citadella, Orbán pedig úgy megijedt, hogy az avatón nem mert a budapestiek elé állni",https://444.hu/2026/04/05/igy-tokeletes-az-orban-rendszer-bukasanak-emlekmuve-lett-a-megujult-citadella-orban-pedig-ugy-megijedt-hogy-az-avaton-nem-mert-a-budapestiek-ele-allni?utm_source=hirstart&utm_medium=referral&utm_campaign=ct
4ef7d14125f48cf337e8c18ca4a24994c72ae31399c1b1e0e88838daeba5c533,2026-04-05 16:35:34.860343+00:00,hu,24.hu,24.hu,2026-04-05,Galéria: újra a királyi családdal együtt ünnepelte a húsvétot Katalin hercegné,https://24.hu/kultura/2026/04/05/husvet-katalin-hercegne-rak-galeria/
26c4fa930ade2a325e57e2df4d7060cb1ff31585f9d20b0fa227a14780865584,2026-04-05 16:35:13.417009+00:00,hu,24.hu,24.hu,2026-04-05,"Még vezetett a 85. percben a Diósgyőr, végül mégis pont nélkül maradt",https://24.hu/sport/foci/2026/04/05/nb1-diosgyor-puskas-akademia-hajra-forditas/
6886465d3d605c0763bda3ece0555296733d17b39fa074c335d89f7d4af27ca3,2026-04-05 16:35:08.868669+00:00,hu,24.hu,24.hu,2026-04-05,Mesterséges kómába került a románok szövetségi kapitánya,https://24.hu/sport/foci/2026/04/05/roman-valogatott-mircea-lucescu-szivritmuszavar-mesterseges-koma/
cde50dd6a1fb0c564515d354e5c1d6f3e2b0cd6fc70bf084f1643fa8e171381a,2026-04-05 16:34:34.996066+00:00,hu,24.hu,24.hu,2026-04-05,Orbán: Ukrajna törekvése Magyarország számára életveszélyt jelent,https://24.hu/kulfold/2026/04/05/orban-ukrajna-torekvese-magyarorszag-szamara-eletveszelyt-jelent/
5394b59746bd5080e512b92d5750330c05a46d640947511cc648d17d37424abd,2026-04-05 16:33:58.340797+00:00,hu,24.hu,24.hu,2026-04-05,"Ez a négyperces videó megmutatja, milyen lett madártávlatból a most elkészült Citadella",https://24.hu/kultura/2026/04/05/citadella-video-dron-atepites-gellert-hegy-gellerthegy/
ec103ab5c479f2c29afff4ea080c57fe6417410b1b6ff039722cf23a819c88fc,2026-04-05 16:31:10.955507+00:00,hu,444.hu,444.hu,2026-04-05,"„Én a telepen sose hallottam, hogy elmehetnék egyetemre”",https://444.hu/2026/04/05/en-a-telepen-sose-hallottam-hogy-elmehetnek-egyetemre?utm_source=hirstart&utm_medium=referral&utm_campaign=ct
a3f564370bf589d2089a0cc5af3bfcc48c6d83771b2b51aa78cd93d0d75447cf,2026-04-05 16:22:31.569036+00:00,hu,24.hu,24.hu,2026-04-05,"Elege van a hitegetésből a SUP magyar világklasszisának, de nem tett le arról, hogy olimpiai bajnok legyen",https://24.hu/sport/2026/04/05/kocsis-csillag-virag-sup-atletika-triatlon-olimpiai-bajnok-almok/
0f3a0ec8fd68c47e68e594c155cb6d017fe0c6f44390d6c03ab2e3f49e4730d1,2026-04-05 15:28:20.385566+00:00,hu,444.hu,444.hu,2026-04-05,"Vučić szerint hamarosan letartóztathatnak egy szerb professzort, aki jobb jegyeket ad a blokádokban részt vevő diákjainak",https://444.hu/2026/04/05/vucic-szerint-hamarosan-letartoztathatnak-egy-szerb-professzort-aki-jobb-jegyeket-ad-a-blokadokban-reszt-vevo-diakjainak?utm_source=rss_feed&utm_medium=rss&utm_campaign=rss_syndication
6d7034a39c343788f1b7e7db92f6305cf68d6c673c330a406d18aa5d355b0a26,2026-04-05 15:28:12.527505+00:00,hu,444.hu,444.hu,2026-04-05,Orbán a Citadella átadóján az orosz energia fontosságát emlegette,https://444.hu/2026/04/05/orban-a-citadella-atadojan-az-orosz-energia-fontossagat-emlegette?utm_source=rss_feed&utm_medium=rss&utm_campaign=rss_syndication
9a04a43881026cd2ee4213489dd184352b79b2be820d53b01a5ea1ead17b414c,2026-04-05 15:27:30.428072+00:00,hu,444.hu,444.hu,2026-04-05,"A brit miniszterelnök „aggasztónak” tartja, hogy Kanye West egy londoni fesztiválon lép fel",https://444.hu/2026/04/05/a-brit-miniszterelnok-aggasztonak-tartja-hogy-kanye-west-egy-londoni-fesztivalon-lep-fel?utm_source=rss_feed&utm_medium=rss&utm_campaign=rss_syndication
92c757922d69ca9a710530b47f98f6693761890b600318ca0940e7fa84809039,2026-04-05 15:27:07.238326+00:00,hu,444.hu,444.hu,2026-04-05,"Trump Iránnak: Nyissátok meg a kibaszott szorost, ti őrült gazemberek, különben pokollá teszem az életeteket!",https://444.hu/2026/04/05/trump-irannak-nyissatok-meg-a-kibaszott-szorost-ti-orult-gazemberek-kulonben-pokolla-teszem-az-eleteteket?utm_source=rss_feed&utm_medium=rss&utm_campaign=rss_syndication
e5a3513bf3535fd4c091b19bf5bb7ad49cb8c0c94b270b234a6e4914dbbcd75d,2026-04-05 15:23:13.947190+00:00,hu,24.hu,24.hu,2026-04-05,"Szabotázs gyanújával nyomoz az ügyészség Magyarkanizsán, ahol nagy erejű robbanóanyag került elő",https://24.hu/kulfold/2026/04/05/szabotazs-gyanujaval-nyomoz-az-ugyeszseg-magyarkanizsan-ahol-nagy-ereju-robbanoanyag-kerult-elo/
0f48d611fcbf34acb1ec1544d5d65190c4d47a08edc74dd2786d3802fbb1b0d7,2026-04-05 15:22:02.735958+00:00,hu,24.hu,24.hu,2026-04-05,Ezek a hatos lottó április 5-i nyerőszámai,https://24.hu/belfold/2026/04/05/hatos-lotto-nyeroszamok-aprilis-5/
3b3e121a2e0668c0fa3fdc6d9fa13eff2b7da8b7a77359d8385ccc3d3146aa5b,2026-04-05 15:21:47.830329+00:00,hu,24.hu,24.hu,2026-04-05,Szijjártó Péter szerint az ukránok készíthettek elő terrortámadást,https://24.hu/kulfold/2026/04/05/szijjarto-peter-szerint-az-ukranok-keszithettek-elo-terrortamadast/
43fd12c3aac450beb244375b867fa20b34b809cdc3610d87c0126891642b0745,2026-04-05 15:21:42.604020+00:00,hu,24.hu,24.hu,2026-04-05,"Megvan, kik játszanak majd a Birmingham bandái folytatásában",https://24.hu/kultura/2026/04/05/birmingham-bandai-folytatas-szinesz-jamie-bell/
78f5a45eea0b54c6c383657fa6dcd9ed5eb850fdce365255d4585059a891ec6f,2026-04-05 14:23:41.171902+00:00,hu,24.hu,24.hu,2026-04-05,Száz éven át az anyákat segítő mellbimbóvédők mérgezték az újszülötteket,https://24.hu/kultura/2026/04/05/mellbimbo-vedelem-olom-olommergezes-ujszulott-baba-szoptatas/
7360d317c25021e03b03b7a4cb5927b526cf14bd387c6f8a73b884383b5dfdbd,2026-04-05 14:23:09.423834+00:00,hu,24.hu,24.hu,2026-04-05,"Trump: Nyissátok meg azt a kibaszott szorost, ti őrültek, különben a pokolban fogtok égni!",https://24.hu/kulfold/2026/04/05/trump-hormuzi-szoros-irani-haboru/
baf7a8e329883eeb62d275a82a104e00899b47e113fa0cb9246b4ef974aa5b7f,2026-04-05 14:19:48.186726+00:00,hu,24.hu,24.hu,2026-04-05,Menczer Tamás szerint terrortámadásra készültek a magyar–szerb határtól nem messze,https://24.hu/kulfold/2026/04/05/menczer-tamas-szerint-terrortamadasra-keszultek-a-magyar-szerb-hatartol-nem-messze/
071ed1f4fb08e5f426dea2f42de20fbdc6e25e02fd5432a1864ee63971a0b1be,2026-04-05 14:19:11.380016+00:00,hu,24.hu,24.hu,2026-04-05,"Az Inter Miami magyar játékosát is becserélték a meccsen, amin Lionel Messi történelmi gólt lőtt",https://24.hu/sport/foci/2026/04/05/mls-inter-miami-austin-fc-nu-stadion-elso-gol-lionel-messi/
75ed644b3630cacdc64dd58ad3bbfe495628fae5bade0998ef6a27783c0a0852,2026-04-05 14:18:22.561891+00:00,hu,24.hu,24.hu,2026-04-05,Húsvétvasárnapi beszédében is békére és összefogásra szólított fel XIV. Leó pápa,https://24.hu/kultura/2026/04/05/husvetvasarnap-beke-xiv-leo-papa-urbi-et-orbi-aldas/
24d123e4eaf1381054dd9184740885ee7409865a261dffffa3d78b8ef78d0de9,2026-04-05 12:35:57.061022+00:00,hu,24.hu,24.hu,2026-04-05,Semmi nyoma migránsáradatnak a hazai adatokban,https://24.hu/kulfold/2026/04/05/mingransok-hazai-adatok-eu-csokkenes/
22fa147f6621b22f28a4752ca2304dd2237e94f9ea9fa102aad320dac7c71c1e,2026-04-05 12:35:49.559101+00:00,hu,24.hu,24.hu,2026-04-05,"A tizedik kiemelt ellen is nagyot játszott a magyar dartsos, de egy 121-es kiszálló után jött a papírforma",https://24.hu/sport/2026/04/05/darts-pdc-european-tour-kovacs-patrik-ross-smith/
fd6fae1a0597fc1172d60f965fa6bea3acad05b23fbee75487539412117e3dd2,2026-04-05 12:34:16.840307+00:00,hu,24.hu,24.hu,2026-04-05,Szulejmán kelepcébe akarta csalni Lajos királyt,https://24.hu/tudomany/2026/04/05/mohacs-ii-lajos-szulejman-nandorfehervar-tortenelem/
acef26818f048dd28d4f5d19a650f32b806dc5b1e23f97e0eb153c6cc26602f5,2026-04-05 12:33:35.134154+00:00,hu,24.hu,24.hu,2026-04-05,"Orbán Viktor: De hát én jobb szónok vagyok, mint Ceaușescu valaha volt",https://24.hu/belfold/2026/04/05/orban-viktor-hotel-lentulai-interju/
af9058151f1370ebe07841dee0e14fb1c18dfdb6ec16d71b77986e7f1fba65cd,2026-04-05 12:32:49.260561+00:00,hu,24.hu,24.hu,2026-04-05,A 80 éves Bródy János 8 nélkülözhetetlen dala,https://24.hu/kultura/2026/04/05/brody-janos-80-eves-8-klasszikus-dal/
e5ab5b7344191cd7c952bd9b27b193a3504ab59631e9189fe5038296cc54fae8,2026-04-05 12:32:44.362923+00:00,hu,24.hu,24.hu,2026-04-05,"Orbán Viktor a Citadella átadásán: Amit látok, nem tesz boldoggá",https://24.hu/belfold/2026/04/05/orban-viktor-citadella-atadas-beszed/
ffebd1e84f19d7857a7ae4c97d522e25a4b47cbd723c4bb0766ccb22264dd813,2026-04-05 12:32:30.424497+00:00,hu,24.hu,24.hu,2026-04-05,Magyar Péter: Orbán hívjon meg engem a védelmi tanács ülésére!,https://24.hu/belfold/2026/04/05/magyar-peter-szerbiai-merenyletkiserlet-reagalas/
0cd9f9aee94c9007a6ff4c19cae3ecbe3c617a395e5c88aa25a0c7e34ef71c6a,2026-04-05 12:30:12.535316+00:00,hu,444.hu,444.hu,2026-04-05,"Magyar Péter: Ha Orbán Viktor kampánycélra használja ezt a provokációt, az nyílt beismerése lesz annak, hogy hamis zászlós műveletről van szó",https://444.hu/2026/04/05/magyar-peter-ha-orban-viktor-kampanycelra-hasznalja-ezt-a-provokaciot-az-nyilt-beismerese-lesz-annak-hogy-hamis-zaszlos-muveletrol-van-szo?utm_source=rss_feed&utm_medium=rss&utm_campaign=rss_syndication
e55330d890d6b204cc84da5dde686b83db551f4ab3ed1188bc269fd73914831c,2026-04-05 12:30:07.542563+00:00,hu,444.hu,444.hu,2026-04-05,Aleksandar Vučić: Robbanóanyagot találtak a Szerbiát és Magyarországot összekötő gázinfrastruktúra közelében,https://444.hu/2026/04/05/aleksandar-vucic-robbanoanyagot-talaltak-a-szerbiat-es-magyarorszagot-osszekoto-gazinfrastruktura-kozeleben?utm_source=rss_feed&utm_medium=rss&utm_campaign=rss_syndication
31dfe1074a8e99884b718e642fabc5dbcfae85b84373c60e09c0c963700c35ad,2026-04-05 12:29:05.263453+00:00,hu,444.hu,444.hu,2026-04-05,Orbán Lentulainál: A mieink a végén jönnek elő,https://444.hu/2026/04/05/orban-lentulainal-a-mieink-a-vegen-jonnek-elo?utm_source=rss_feed&utm_medium=rss&utm_campaign=rss_syndication
b452ab0fd86cde271809140749da9acbd7203b4fd91a375bda529cba525f4e2f,2026-04-05 12:20:33.172941+00:00,hu,24.hu,24.hu,2026-04-05,Kiakadtak Szoboszlai Dominik mutogatásán a Liverpool-szurkolók,https://24.hu/sport/2026/04/05/liverpool-manchester-city-fa-kupa-vereseg-szoboszlai-dominik-mutogatas-szurkolok/
4d0c95744498ac433914e695b525841619d23c339c2a5aa11f07ecf49ec23c49,2026-04-05 12:20:26.666471+00:00,hu,24.hu,24.hu,2026-04-05,Buda Péter: Erről a tervezett hamis zászlós műveletről bizonyos körökben már korábban tudni lehetett,https://24.hu/kulfold/2026/04/05/buda-peter-errol-a-tervezett-hamiszaszlos-muveletrol-bizonyos-korokben-mar-koraban-tudni-lehetett/
a234ca6015316a20e6cb45095228c8670a636ea7bac59f1bfe32a46d764ffde1,2026-04-05 12:20:07.714482+00:00,hu,24.hu,24.hu,2026-04-05,Robbanószer a magyar–szerb gázvezetéknél – Orbán összehívta a védelmi tanácsot,https://24.hu/kulfold/2026/04/05/magyar-szerb-hatar-gazvezetek-racz-andras-orban-viktor-vucic/
f6623dcb596eea62ab20c9437dec0c1cc6d70ea8e9ab11ccfa9a0ae7b7d75c16,2026-04-05 12:19:35.259404+00:00,hu,24.hu,24.hu,2026-04-05,"Artemis-misszió, nagyhét és Trump-ellenes tüntetés a hét képein",https://24.hu/kulfold/2026/04/05/artemis-nagyhet-het-kepei/
b9c16cb4e303f16738bb77a296003eebe3791bfd6bd3d5c7b0b04755c9dce20a,2026-04-05 12:19:30.257532+00:00,hu,24.hu,24.hu,2026-04-05,Mik azok a hamis zászlós műveletek?,https://24.hu/kulfold/2026/04/05/mik-azok-a-hamis-zaszlos-muveletek/
07d5579921b3f70f8e7b50c52011a0900b345f4f9dfc4e4bb7908078c571ec69,2026-04-05 12:18:54.702317+00:00,hu,24.hu,24.hu,2026-04-05,Hadházy: Vučić kisegíti Orbánt egy vicces merényletkísérlettel,https://24.hu/belfold/2026/04/05/robbanoanyag-hadhazy-vucic-orban-vicces-merenyletkiserlet/
4b0d077f2151f94da760ef1b81cf77a672e82e1c31715533f87436fcacaf80d0,2026-04-05 12:18:49.633675+00:00,hu,24.hu,24.hu,2026-04-05,Rácz András a vajdasági robbanóanyagról a 24.hu-nak: Ez kizárólag Orbán Viktornak és a Fidesz kampányának jó,https://24.hu/kozelet/2026/04/05/racz-andras-szerbia-gazvezetek-vajdasag-robbanoanyag-interju/
9f25fd22157e783e32e225d2056a23c55f17a0de3858c505c55d3d397f517eac,2026-04-05 12:18:30.311413+00:00,hu,24.hu,24.hu,2026-04-05,"Szijjártó is reagált: Nem engedjük, hogy a magyar emberekkel a mostani rezsiárak háromszorosát fizettessék meg",https://24.hu/kulfold/2026/04/05/szijjarto-is-reagalt-nem-engedjuk-hogy-a-magyar-emberekkel-a-mostani-rezsiarak-haromszorosat-fizettessek-meg/
4ef94c2f1ba7fedda5525b1effb62009b1a22d8c61c26452a6c1e9d345f0c58c,2026-04-05 11:30:17.366721+00:00,hu,444.hu,444.hu,2026-04-05,Buda Péter: A határ szerbiai oldalán tervezett hamiszászlós műveletről már korábban tudni lehetett kiszivárgott információk alapján,https://444.hu/2026/04/05/buda-peter-a-hatar-szerbiai-oldalan-tervezett-hamiszaszlos-muveletrol-mar-korabban-tudni-lehetett-kiszivargott-informaciok-alapjan?utm_source=hirstart&utm_medium=referral&utm_campaign=ct
69e7f0db7d98f6f0b88a235c807ca751ed1ff35040d1d75ee8d616c174bab9de,2026-04-05 09:33:44.125103+00:00,hu,24.hu,24.hu,2026-04-05,Vályi István: Már nem félnek az emberek a szörnyetegtől,https://24.hu/belfold/2026/04/05/valyi-istvan-valasztas-2026-magyar-hang-interju/
d18bbb660cbd99f0af3ccdc3579c552cde2f17fdb187e50a36b5958b6a034719,2026-04-05 09:33:22.864907+00:00,hu,24.hu,24.hu,2026-04-05,"Robbanószert találtak a magyar–szerb gázvezetéknél, Orbán összehívta a védelmi tanácsot",https://24.hu/kulfold/2026/04/05/magyar-szerb-hatar-robbanoszer-orban-vedelmi-tanacs-vucic/
9fcc478b9e8f8f241fbc6395d0928730f9b89bd18e203d1a4dec2dab680271bc,2026-04-05 09:33:17.973369+00:00,hu,24.hu,24.hu,2026-04-05,Hivatalos: Rosta Miklós visszatér Szegedre,https://24.hu/sport/2026/04/05/kezilabda-szeged-rosta-miklos-visszater-dinamo-bucuresti/
012a1537d76b69460b124966c4f44d6d529c30865c04b474032920811966bc3f,2026-04-05 09:32:40.095383+00:00,hu,24.hu,24.hu,2026-04-05,"Sharon Stone áttekeri a filmes szexjeleneteket, mert inkább a képzeletére bízza",https://24.hu/kultura/2026/04/05/sharon-stone-film-szexjelenetek/
9d8d29ea246ff94b9740390d67dc706caa38b114742b09ce4cadf8bbdc9440b0,2026-04-05 09:32:06.843920+00:00,hu,24.hu,24.hu,2026-04-05,Ismét Öböl menti államokat támadott Irán,https://24.hu/kulfold/2026/04/05/ismet-obol-menti-allamokat-tamadott-iran/
4dfde4ce0410e2978a76061ad4cc2a758e080024d82a80b69d6b68b7e522ddea,2026-04-05 09:31:53.193717+00:00,hu,24.hu,24.hu,2026-04-05,"Reménytelennek látom Magyarország helyzetét"" – szegényen szeretne meghalni, saját lakását is elajándékozta Fellegi Ádám",https://24.hu/kultura/2026/04/05/fellegi-adam-lakaskoncert-zongoramuvesz-jotekonysag-politika/
88bf2661be9047d57221212406e86c465ad84753c9502118505fe6603c3c19bb,2026-04-05 09:20:02.684557+00:00,hu,24.hu,24.hu,2026-04-05,Tőrbe csalták a törökök a leghíresebb magyar bajvívót,https://24.hu/tudomany/2026/04/05/hos-katona-thury-gyorgy/
deb0a02fbafb8cc8d675fbc81b0722100e09c9caf65862a3fe11809850f8ef3b,2026-04-05 09:19:31.157321+00:00,hu,24.hu,24.hu,2026-04-05,"Ujhelyi István: Szeretném, ha a Tisza kétharmadot szerezne",https://24.hu/belfold/2026/04/05/ujhelyi-istvan-tisza-orban-valasztas-2026/
2e80dbe50836f4d577a1a6866c4d63bd5a563ea958ef13b71439b3a81afb4f18,2026-04-05 09:18:48.363720+00:00,hu,24.hu,24.hu,2026-04-05,"Vihar miatt félbeszakadt meccsen, szinte lehetetlen helyzetből fordítva jutott első WTA-döntőjébe Udvardy Panna",https://24.hu/sport/2026/04/05/bogotai-tenisztorna-udvardy-panna-emiliana-arango-elodonto/
dbf92ec4647b8c25ca14578eb6a7134f8e3d415311be0e0cd3a09dbac03d5181,2026-04-05 09:18:36.628691+00:00,hu,24.hu,24.hu,2026-04-05,Hadsereg zárta le az utakat a magyar–szerb határ közelében,https://24.hu/kulfold/2026/04/05/oromhegyes-lezaras-hadsereg-magyar-szerb-hatar/
2365c6aa7eca860846530d841d39c282089e89a564f9ea8dbd6953e67c1daca5,2026-04-05 09:17:54.675806+00:00,hu,24.hu,24.hu,2026-04-05,Rubint Réka kórházi képeket posztolt az elmúlt négy évből,https://24.hu/elet-stilus/2026/04/05/rubint-reka-betegseg-fotok/
d609122c03544cbfd9d1b46c3ba1f16866e6d7e6302238276100831fd6326dc4,2026-04-05 09:17:39.199206+00:00,hu,24.hu,24.hu,2026-04-05,"Választási földrajz: Ellenőrizd, nehogy akaratod ellenére felkerülj a nemzetiségi névjegyzékre!",https://24.hu/belfold/2026/04/05/valasztasi-foldrajz-nemzetisegi-nevjegyzek-ellenorzes/
7943c0d0a8c1b0c4b5eb59c054a25e36ad2e387d7522656f34a85232a2e98ca6,2026-04-05 08:26:21.227420+00:00,hu,444.hu,444.hu,2026-04-05,Telt házzal tért vissza a drogtörvény miatt bezáratott Turbina,https://444.hu/2026/04/05/telt-hazzal-tert-vissza-a-drogtorveny-miatt-bezaratott-turbina?utm_source=rss_feed&utm_medium=rss&utm_campaign=rss_syndication
22592df8d3473741a8949af494ccedb4e9f06d9887497e0ebf8e2dcf550e93f3,2026-04-05 07:37:17.152808+00:00,hu,444.hu,444.hu,2026-04-05,"Rákay Philip: Készítsetek álló módban videót, amiben elmondjátok, hogy miért szavaztok Orbán Viktorra",https://444.hu/2026/04/05/rakay-philip-keszitsetek-allo-modban-videot-amiben-elmondjatok-hogy-miert-szavaztok-orban-viktorra?utm_source=rss_feed&utm_medium=rss&utm_campaign=rss_syndication
fd1ecd870f648a6aac82de4f7bcd2f6189985bf98d8b4b9f1a23881f045e103e,2026-04-05 07:37:12.277684+00:00,hu,444.hu,444.hu,2026-04-05,"Kétharmadról suttognak a Tiszában, a választási csalásokat „fürkészekkel” akadályoznák meg",https://444.hu/2026/04/05/ketharmadrol-suttognak-a-tiszaban-a-valasztasi-csalasokat-furkeszekkel-akadalyoznak-meg?utm_source=rss_feed&utm_medium=rss&utm_campaign=rss_syndication
ff6a1bee12e73f5011e48a0ffe0014ad867fa4a143d11c04b9992cc232c847a6,2026-04-05 07:37:02.167918+00:00,hu,444.hu,444.hu,2026-04-05,Lélektelen portyogás a káosz közepén,https://444.hu/2026/04/05/lelektelen-portyogas-a-kaosz-kozepen?utm_source=rss_feed&utm_medium=rss&utm_campaign=rss_syndication
afdaf2d91939d70b0dbbd1203287a97a80c0b5c29ecbfb8781bef6328b606003,2026-04-05 07:36:50.141987+00:00,hu,444.hu,444.hu,2026-04-05,"Hétvégi olvasnivalók egy olyan hét után, amikor végig csak kapkodtuk a fejünket",https://444.hu/2026/04/05/hetvegi-olvasnivalok-egy-olyan-het-utan-amikor-vegig-csak-kapkodtuk-a-fejunket?utm_source=rss_feed&utm_medium=rss&utm_campaign=rss_syndication
41e8b39ae3d8e2037e10e6dac22a02c5186ffba22fe7d112f367da64a7daba82,2026-04-05 07:33:49.751518+00:00,hu,24.hu,24.hu,2026-04-05,Magyar Péter: Ez minimum ötmilliós nézettséget jelent,https://24.hu/belfold/2026/04/05/magyar-peter-tavazsi-szel-otmillios-nezettseg/
d75f26fac96c0be15fd2d03aa04b42089d07cedc43e7dd570463f926bf8b6c68,2026-04-05 07:33:39.269178+00:00,hu,24.hu,24.hu,2026-04-05,Joe Cullen legyőzésével írt történelmet a vébét megjárt magyar dartsjátékos,https://24.hu/sport/2026/04/05/darts-pdc-european-tour-kovacs-patrik-joe-cullen/
ca916fe019d343cb3905331db0dea9e728f93c0421ec3320b66e48183bc3abfd,2026-04-05 07:32:16.863864+00:00,hu,24.hu,24.hu,2026-04-05,Schóbert Norbi: Az orvosi statisztikák szerint Rékának már két és fél éve nem kellene élnie,https://24.hu/elet-stilus/2026/04/05/rubint-reka-betegsege-schobert-norbi/
3b8bdd32815fe29d2d4bcd380b4a69af33af8a31e127e53a728babc06ec37667,2026-04-05 07:31:40.857612+00:00,hu,24.hu,24.hu,2026-04-05,Saját tizenhatosáról lőtt gólt egy kapus a török bajnokságban,https://24.hu/sport/foci/2026/04/05/torok-foci-andreas-gianniotis-kapus-gol/
5f5c56f9af2e295077f71fa943cddc559aa6066c2c42758707d4cf969e9c7be2,2026-04-05 07:31:35.648168+00:00,hu,24.hu,24.hu,2026-04-05,"Balavány: Tényleg vége mindennek, ha a másik oldal nyer a választáson?",https://24.hu/belfold/2026/04/05/valasztas-husvet-publicisztika/
c4e260c0878d4fbbc22ae2ecd00057c871971f75c61a651a6440cdeae1400cdd,2026-04-05 07:27:33.346409+00:00,hu,444.hu,444.hu,2026-04-05,Az amerikai hadsereg kimenekítette az Iránban kilőtt vadászgép pilótáját,https://444.hu/2026/04/05/az-amerikai-hadsereg-kimenekitette-az-iranban-kilott-vadaszgep-pilotajat?utm_source=hirstart&utm_medium=referral&utm_campaign=ct
c1890cec87a63865b11f18825d1c163d333058666bc63affee2d060ddb34a02e,2026-04-05 07:25:34.448881+00:00,hu,24.hu,24.hu,2026-04-05,Erdő Péter súlyos betegségéből lábadozva üzent húsvétkor,https://24.hu/kultura/2026/04/05/erdo-peter-husvet-uzenet-betegseg/
7a998518c44e1186d828f648db0a259d07b17c6f45427ff3c4f7f9480a767b9e,2026-04-05 07:25:20.557675+00:00,hu,24.hu,24.hu,2026-04-05,Ilyen arccal nyílhat meg újra a legendás Gellért fürdő,https://24.hu/kultura/2026/04/05/gellert-furdo-szalloda-hotel-felujitas-tiborcz-fovaros/
fcbaa039ebe8258644efd6444a69dc1869cae2b711ef0f19504aa18b12490380,2026-04-05 07:24:52.906037+00:00,hu,24.hu,24.hu,2026-04-05,444: Fantomállásban dolgozhatott a sárvári fürdőben a polgármester ismerőse,https://24.hu/belfold/2026/04/05/sarvari-furdo-fantomallas-nyomozas-kondora-polgarmester/
5f76d24be7cf028e962310d1a93631d4e487d65b4bdc72aefb1b7c6fe9275b74,2026-04-05 07:24:33.155204+00:00,hu,24.hu,24.hu,2026-04-05,"Vezető fideszes politikus: Magyar Péternek brutális energiája van, ami a mi oldalunkon hiányzik",https://24.hu/belfold/2026/04/05/valasztas-2026-riport-bbc-magyar-peter-orban-viktor/
4cc681e4db13afb7c1c8da65cc0fe31cb0ea8d36c485644713ce06532135ecc8,2026-04-05 07:24:28.089388+00:00,hu,24.hu,24.hu,2026-04-05,"Pataky Attila arról, ha a Tisza nyeri a választást: Akkor a Magyarország szóból a magyart nyugodtan kihúzhatod",https://24.hu/elet-stilus/2026/04/05/pataky-attila-valasztas-haboru/
cc14857db536e2d148591e48d962919d6d63899aca889eca1da228cd00f92b1a,2026-04-05 05:32:41.342924+00:00,hu,24.hu,24.hu,2026-04-05,"Letartóztatták a férfit, aki babakocsijában lőtt agyon egy héthónapos gyereket New Yorkban",https://24.hu/kulfold/2026/04/05/babakocsi-lovoldozes-meghalt-gyerek-elfogtak/
80a8dc26c1e23c5cae8c8a4c41329efeeb746bc6387c26b9774db52d51494802,2026-04-05 05:32:36.485958+00:00,hu,24.hu,24.hu,2026-04-05,Amerika megtalálta a második Iránban lelőtt pilótáját is,https://24.hu/kulfold/2026/04/05/amerika-iran-lelott-pilota-megtalaltak/
6077c99ec2f643be68b2c58c9b126712ae5e21888526626ed82c7d7a92622642,2026-04-05 05:32:19.629028+00:00,hu,24.hu,24.hu,2026-04-05,Húsvéti időjárás: kell-e esernyőt vinniük magukkal a locsolkodóknak?,https://24.hu/belfold/2026/04/05/husveti-idojaras-ejszaka-esok-hetfo-napos-ido/
091c72c1989a89b7c5641514e586bb4fc641e051ab647b859c11f3e99174c4c8,2026-04-05 05:32:02.302558+00:00,hu,24.hu,24.hu,2026-04-05,"G7: Nem kizárt az ezerforintos benzinár, de nem az orosz olaj lenne az oka",https://24.hu/fn/gazdasag/2026/04/05/mol-benzinar-irani-haboru-orosz-olaj/
20e07b5bdc7ef595a739ff3a802761d556e20243b0415ec58cb3decba3f75bd9,2026-04-05 05:31:09.196520+00:00,hu,24.hu,24.hu,2026-04-05,"Feldarabolt nagypolgári lakások lepték el a piacot – szakértők mondják el, mi áll a trend mögött, és mire figyeljünk vásárláskor",https://24.hu/fn/gazdasag/2026/04/05/belvarosi%E2%80%91minilakasok%E2%80%91feldarabolas%E2%80%91mire-figyelj/
1dcf4bb49e638cab8ad568a25da150d465b9d26c4528bffa66cf30bd3adc66b4,2026-04-05 05:17:28.386646+00:00,hu,24.hu,24.hu,2026-04-05,"Kvíz: nyúl, tojás, feltámadás – mennyit tudsz a húsvétról?",https://24.hu/kultura/2026/04/05/kviz-fejtoro-husvet/
2cfa0b9189a1349d3772ac7b739b5f15ad774992cc62593f5ef2871f5bcd9de7,2026-04-05 05:17:12.467797+00:00,hu,24.hu,24.hu,2026-04-05,"Egy éve ilyenkor: Nagy Feró a zsűrit zsűrizte, Hadházy pedig Rogánné retiküljét",https://24.hu/elet-stilus/2026/04/05/egy-eve-ilyenkor-nagy-fero-rogan-hadhazy-magyar-peter/
776fbf13f0da20775a1b6653b6d9bfcd538720f7b24655a8f384dfbf47ae8766,2026-04-05 03:28:27.976406+00:00,hu,24.hu,24.hu,2026-04-05,Kvíz Jézus Krisztus életéről: mennyire figyeltél a hittanórán?,https://24.hu/elet-stilus/2026/04/05/kviz-jezus-krisztus-husvet/
73a139a15b2f1e2a067fae60bade03f89c47c2b41a091f000a4322a2c1342ae5,2026-04-05 03:26:57.732436+00:00,hu,24.hu,24.hu,2026-04-05,"Veszprémben kézilabdázott, de a vízilabda legendája lett – Biros Péter 50 éves",https://24.hu/sport/2026/04/05/vizilabda-biros-peter-50-eves/
a196b3c98811513b47a0befad02fcccce60c183777a4130c584534afed3bc89d,2026-04-04 22:30:09.697045+00:00,hu,24.hu,24.hu,2026-04-04,"Madridban nyert csúcsrangadót, hét pontra nőtt a Barcelona előnye",https://24.hu/sport/foci/2026/04/04/la-liga-spanyol-foci-atletico-madrid-barcelona/
3a45d74a62e2995b00d7dedce3946bf6e9c186dcaac67e918057665137d18be4,2026-04-04 21:27:01.982995+00:00,hu,24.hu,24.hu,2026-04-04,Robert Fico: meg kellene szüntetni az orosz gázt tiltó szankciókat,https://24.hu/kozelet/2026/04/04/robert-fico-orosz-gaz-szankcio/
1a4bee7cecbb07ef25dae1ca42efd5f7a487dde177c265fb0b8e72a0ab04aaac,2026-04-04 21:25:19.457154+00:00,hu,24.hu,24.hu,2026-04-04,Őrült végjátékban csent pontot Újpestről az MTK,https://24.hu/sport/foci/2026/04/04/magyar-foci-nb-1-ujpest-fc-mtk-budapest/
7b4a4d560d1b4ef584059ed64cf781ffbea3ba0e9573606e7ec4137a6b688219,2026-04-04 20:32:15.006361+00:00,hu,444.hu,444.hu,2026-04-04,"A kórházban meghalt a 14 éves fiú, akit telefonozás közben ütött el a HÉV hétfőn",https://444.hu/2026/04/04/a-korhazban-meghalt-a-14-eves-fiu-akit-telefonozas-kozben-utott-el-a-hev-hetfon?utm_source=rss_feed&utm_medium=rss&utm_campaign=rss_syndication
6e35b1adf4dc14710c028de2f1e102308d5a3b000349f031ee8556217bfff74c,2026-04-04 20:31:59.803089+00:00,hu,444.hu,444.hu,2026-04-04,"A fideszes polgármester a fideszes Tuzsont támogatja, de csak szigorúan magánemberként",https://444.hu/2026/04/04/a-fideszes-polgarmester-a-fideszes-tuzsont-tamogatja-de-csak-szigoruan-maganemberkent?utm_source=rss_feed&utm_medium=rss&utm_campaign=rss_syndication
7f69af777699cb472dc76e52ad042a1bc69e0df4d4ca0f91b759e75904582199,2026-04-04 20:31:49.007763+00:00,hu,444.hu,444.hu,2026-04-04,Letartóztatták a meggyilkolt iráni kémfőnök rokonait az Egyesült Államokban,https://444.hu/2026/04/04/letartoztattak-a-meggyilkolt-irani-kemfonok-rokonait-az-egyesult-allamokban?utm_source=rss_feed&utm_medium=rss&utm_campaign=rss_syndication
e388591a9ebd808ee57a4ea119a3b7d6edac6249d5168cd7ffcb4bdc9fff039e,2026-04-04 20:31:33.520467+00:00,hu,444.hu,444.hu,2026-04-04,"Úgy érzed, hogy kémfilm lett az életünk? Pont ez Putyin legédesebb álma",https://444.hu/2026/04/04/ugy-erzed-hogy-kemfilm-lett-az-eletunk-pont-ez-putyin-legedesebb-alma?utm_source=rss_feed&utm_medium=rss&utm_campaign=rss_syndication
56f4377c0397173bfd0ef2ea73718af0fa89e64c59a089285fcdc802c1d7e5e9,2026-04-04 20:22:53.744102+00:00,hu,24.hu,24.hu,2026-04-04,"Szobrot emeltek Magawának, az aknakereső patkánynak Kambodzsában",https://24.hu/kulfold/2026/04/04/magawa-aknakereso-patkany-kambodzsa/
70a5aa001520ffd5cac919296da5d0f0aac8edec718c6e9bac887ba79ccbed3d,2026-04-04 20:22:48.196849+00:00,hu,24.hu,24.hu,2026-04-04,"Meghalt a 14 éves fiú, akit hétfőn ütött el a HÉV Óbudán",https://24.hu/belfold/2026/04/04/hev-obuda-gazolas-meghalt/
873aac865b62b78f038cb2f3b29bb3b79485321648106f35726cf4d758e8744e,2026-04-04 20:22:36.799188+00:00,hu,24.hu,24.hu,2026-04-04,A nap legfontosabb hírei – 2026.04.04.,https://24.hu/belfold/2026/04/04/a-nap-legfontosabb-hirei-2026-04-04/
f0e8b66585517260b150d87a25168f11a2dd879e06902935dc663d2b793e0ab4,2026-04-04 20:22:14.538814+00:00,hu,24.hu,24.hu,2026-04-04,Újabb visszalépések jöhetnek a Kétfarkú Kutya Pártban,https://24.hu/belfold/2026/04/04/ketfarku-kutya-part-visszalepes-nagy-david/
24b0046a10d8e4d27bd9afa881f3fddd9f42dbf1b9032eddc25224a523d3877e,2026-04-04 19:24:44.907198+00:00,hu,444.hu,444.hu,2026-04-04,"Az NVB szerint politikai vélemény, hogy Németh Balázs átragasztott, Zelenszkijt ábrázoló plakátokkal kampányol",https://444.hu/2026/04/04/az-nvb-szerint-politikai-velemeny-hogy-nemeth-balazs-atragasztott-zelenszkijt-abrazolo-plakatokkal-kampanyol?utm_source=hirstart&utm_medium=referral&utm_campaign=ct
9ec61e26e3e1bfb48ccf8a0d9b06f953194153a642bcf6a114dc89e919704dd0,2026-04-04 19:20:18.646273+00:00,hu,24.hu,24.hu,2026-04-04,"Böde csereként is lesújtott kétszer, kiütéssel nyert a Paks",https://24.hu/sport/foci/2026/04/04/magyar-foci-nb-1-paks-kazincbarcika/
02c500b6860e317894d9f4fe9138394775c974dc081be1172f96792c1f5d5188,2026-04-04 19:20:13.627635+00:00,hu,24.hu,24.hu,2026-04-04,"Ötös lottó: itt vannak az e heti nyerőszámok – 6,25 milliárd forint volt a tét",https://24.hu/belfold/2026/04/04/otos-lotto-szamok-2026-14-het/
b26926e7bae230ab94322e2fdcf4b942d9ce1624a28d1e7556cd1666b0e1c59e,2026-04-04 19:19:59.676993+00:00,hu,24.hu,24.hu,2026-04-04,"Mikee Mykanic: Gyűlölöm, amikor a politika a téma, de most nem lehet másról szó",https://24.hu/kultura/2026/04/04/mikee-mykanic-interju-rap-politika/
c48a385c886f8a5977cdbacea3f6f62d6bf62a63f643c504edfb6015a9e1878d,2026-04-04 19:19:29.963806+00:00,hu,24.hu,24.hu,2026-04-04,Mit keres egy huszonéves nő egy 50-es férfi mellett – és működhet ez a kapcsolat?,https://24.hu/elet-stilus/2026/04/04/nagy-korkulonbseg-parkapcsolatok-ferfi-no-age-of-attraction-netflix/
5434c49218961d6cf5fd7dceb1a440567414d98b6cb4f2e3a4d48d2078df1cd4,2026-04-04 19:19:23.618187+00:00,hu,24.hu,24.hu,2026-04-04,"Rubint Réka interjúja a Naplónak: „Norbi a nyugtatókat whiskyvel szedte, a kezelésemnek pedig az volt a veszélye, hogy kilyukad a légcsövem”",https://24.hu/elet-stilus/2026/04/04/rubint-reka-betegsege-rak-gonczi-gabor-naplo/
e892f2c05555a22823d76874c261e65d6689d5bc1bfaf78079015e6bfcc4de42,2026-04-04 19:19:19.168013+00:00,hu,24.hu,24.hu,2026-04-04,"Leszállították a MÁV pótlóbuszáról az utasokat a szerb határon, onnan gyalogolniuk kellett",https://24.hu/belfold/2026/04/04/mav-potlobusz-szerb-hatar/
70e3909f69734e97bd6681e2049fa2c387f726ddc00c30a65a07a90bcd0eef66,2026-04-04 18:17:34.985073+00:00,hu,24.hu,24.hu,2026-04-04,"Magyar Péter: Annyi felvételünk van arról, milyen választási csalásokat követ el a Fidesz, hogy nem tudom, milyen adathordozón fér ez majd el",https://24.hu/belfold/2026/04/04/magyar-peter-varga-mihaly-hatvanpuszta/
6d1deaf1188ed9def82f079e7447a908d6e9dfa180155a31629815ff02028e28,2026-04-04 17:27:58.705536+00:00,hu,24.hu,24.hu,2026-04-04,Ez nagyon kínos: a kiesőjelölt otthonában kapott ki a Real Madrid,https://24.hu/sport/foci/2026/04/04/spanyol-foci-la-liga-mallorca-real-madrid/
5ac9b9ad21ef6884ed93e8e2cfde8b66c4d3f486500b765928142f44cc3a2777,2026-04-04 17:26:33.262683+00:00,hu,24.hu,24.hu,2026-04-04,Trump 152 millió dollárt kér az Alcatraz újranyitására,https://24.hu/kulfold/2026/04/04/donald-trump-alcatraz-borton/
0866ba3b1310c0bd6485858bc2ed4661fb49e08303e89d8aa35059f2661636c8,2026-04-04 17:19:32.616164+00:00,hu,24.hu,24.hu,2026-04-04,Kiderült a dátum: ekkor jön az Űrgolyhók 2,https://24.hu/kultura/2026/04/04/urgolyhok-2-film-folytatas/
a2a80c3a5d64e7648a83affdbae615fa9df50e2ab9b5c7c0315eaa7d758e00dd,2026-04-04 17:19:30.183792+00:00,hu,444.hu,444.hu,2026-04-04,"A 2010-es évek óta úgy kaphat fizetést a Sárvári Gyógyfürdőtől a polgármester ismerőse, hogy nem jár be dolgozni és nem ismerik őt ott",https://444.hu/2026/04/04/a-2010-es-evek-ota-ugy-kaphat-fizetest-a-sarvari-gyogyfurdotol-a-polgarmester-ismerose-hogy-nem-jar-be-dolgozni-es-nem-ismerik-ot-ott?utm_source=rss_feed&utm_medium=rss&utm_campaign=rss_syndication
8fb9343cc46d76dfd3763718ded1c10cbbeb172c429f33323286dfe68a40d67e,2026-04-04 17:19:13.190139+00:00,hu,24.hu,24.hu,2026-04-04,"Kisvárdai játékos összeesése okozott riadalmat, már dobogón a ZTE",https://24.hu/sport/foci/2026/04/04/magyar-foci-nb-1-zalaegerszeg-kisvarda/
bf393d52cf95a7629853fbdcb5c7ccd6b3f93b227c81bf304946d81cfbee83fe,2026-04-04 17:19:04.019103+00:00,hu,24.hu,24.hu,2026-04-04,"Hiába vezetett kettővel a Freiburg, addig tartott a meccs, amíg nyert a Bayern",https://24.hu/sport/foci/2026/04/04/bundesliga-freiburg-bayern-munchen/
319cccd85ccee6e4f4b3554df82e6757fdb9220cfcf6fa8862ec5f2cd40647c9,2026-04-04 17:18:39.605104+00:00,hu,444.hu,444.hu,2026-04-04,A dartsos Kovács Patrik első magyarként nyert meccset külföldön,https://444.hu/2026/04/04/a-dartsos-kovacs-patrik-elso-magyarkent-nyert-meccset-kulfoldon?utm_source=rss_feed&utm_medium=rss&utm_campaign=rss_syndication
44559007d77cd0362195fffef1e9e17ae626238a121b0cbaa64d5bdc4d10340f,2026-04-04 17:18:04.530481+00:00,hu,444.hu,444.hu,2026-04-04,"Trump: 48 óra múlva elszabadul a pokol, ha Irán nem köt megállapodást, vagy nem nyitja meg a Hormuzi-szorost",https://444.hu/2026/04/04/trump-szerint-48-ora-mulva-elszabadul-a-pokol-ha-iran-nem-kot-megallapodast-vagy-nem-nyitja-meg-a-hormuzi-szorost?utm_source=rss_feed&utm_medium=rss&utm_campaign=rss_syndication
b247a71c928a26ae8519e6e5c0cdd1872af4cf6f235047093351daa02726ae88,2026-04-04 17:17:48.180085+00:00,hu,24.hu,24.hu,2026-04-04,"Teherán elutasította a 48 órás tűzszünetet, de a háború végleges lezárását szeretné",https://24.hu/kulfold/2026/04/04/iran-beke-tuzszunet-amerika/
be4d869066898975a61a2e060b3d71d6ec476f0e3fe5794acf58f62472e09bcc,2026-04-04 17:17:45.243746+00:00,hu,444.hu,444.hu,2026-04-04,Vajdasági magyarok egy része saját maga viszi át a levélszavazatokat Magyarországra,https://444.hu/2026/04/04/vajdasagi-magyarok-egy-resze-sajat-maga-viszi-at-a-levelszavazatokat-magyarorszagra?utm_source=rss_feed&utm_medium=rss&utm_campaign=rss_syndication
95bf7c04c9820b2ce5981a997d21336cee03400cebf759b9be8a3689d0514192,2026-04-04 15:36:06.579833+00:00,hu,24.hu,24.hu,2026-04-04,"Szoboszlai: Ha így játszunk, nagyon hamar elfelejthetjük a Bajnokok Ligáját",https://24.hu/sport/foci/2026/04/04/szoboszlai-dominik-liverpool-vereseg-bajnokok-ligaja/
fbfd74d6ee3c1de393745358fe03e4e2b8570f6aceb92bd2451a730ea4d668dc,2026-04-04 15:36:01.649830+00:00,hu,24.hu,24.hu,2026-04-04,"Vércukormérés: sokan nem is tudják, hogy rosszul csinálják",https://24.hu/tudomany/2026/04/04/vercukormeres-utmutato-szakertovel-cukorbetegseg/
21a5e86fd55a39d281dec153215b611bcf433ec3cf1ca4286112fd129bfd9892,2026-04-04 15:35:47.664651+00:00,hu,24.hu,24.hu,2026-04-04,Öt embert öltek meg az orosz drónok egy piacon Ukrajnában,https://24.hu/belfold/2026/04/04/dron-ukrajna-halal-piac/
346758526b39003a1b6879c0d010f0982f804a3930349cf895f70234fa199cb5,2026-04-04 15:35:17.500800+00:00,hu,24.hu,24.hu,2026-04-04,"A Föld sorsát kezükben tartó tanárok, krimi-rajongó szultánok és Normális emberek – ezeket olvastuk márciusban",https://24.hu/kultura/2026/04/04/olvasonaplo-marcius-orhan-pamuk-andy-weir-nadasdy-adam-sally-rooney/
afc0d731099903599d1d62263d7661f79cdc193e6b3517e30190028960ed96c9,2026-04-04 15:35:07.243591+00:00,hu,24.hu,24.hu,2026-04-04,Visszavonult matadort ölt meg egy bika a Picasso tiszteletére rendezett bikaviadal előtt,https://24.hu/kulfold/2026/04/04/matador-bika-matador-picasso/
903eab9d8a191ca385fa1e5a7e56606be42058a62684aeac80c5bebfe0724acd,2026-04-04 15:34:35.355730+00:00,hu,24.hu,24.hu,2026-04-04,Lavina ölt meg egy szlovák férfit az Alpokban,https://24.hu/belfold/2026/04/04/halal-lavina-alpok-ferfi/
2b5b7db4a557a9d50f201977460cd2076f18b0f4bc0edf329d1ca63eeeb6162a,2026-04-04 15:34:30.345712+00:00,hu,24.hu,24.hu,2026-04-04,Tíz embert keresztel meg Leó pápa a Szent Péter-bazilikában,https://24.hu/kulfold/2026/04/04/xiv-leo-papa-megkeresztel-husvet/
dd997e2e917cc5065c7eb5b0ba8a77687ca5c011da0856ec00df7c087871af2d,2026-04-04 15:30:45.186275+00:00,hu,444.hu,444.hu,2026-04-04,Oroszország közel kétszáz dolgozót menekített ki az iráni atomerőműből,https://444.hu/2026/04/04/oroszorszag-kozel-ketszaz-dolgozot-menekitett-ki-az-irani-atomeromubol?utm_source=rss_feed&utm_medium=rss&utm_campaign=rss_syndication
3bfaacc0dcdc2670978b34c06719a7c75080a792b33752ea42d68efbef86605b,2026-04-04 15:29:58.994141+00:00,hu,444.hu,444.hu,2026-04-04,"Nicolás Maduróval haverkodott a börtönben a rapper 6ix9ine, még a SpongyaBob-figuráját is aláíratta vele",https://444.hu/2026/04/04/nicolas-maduroval-haverkodott-a-bortonben-a-rapper-6ix9ine-meg-a-spongyabob-figurajat-is-alairatta-vele?utm_source=rss_feed&utm_medium=rss&utm_campaign=rss_syndication
dfd39fb67730356ce6288f71665d41950d6d2aa70e79ad77ded7a38272f8c4d1,2026-04-04 14:26:26.604027+00:00,hu,24.hu,24.hu,2026-04-04,"Tűz volt egy hévízi szállodában, majdnem 300 embert evakuáltak",https://24.hu/belfold/2026/04/04/tuz-heviz-evakualas/
c741f0f996b346297b465fd51beae4ea27288aefd5d5f690630e4ec46a873cc4,2026-04-04 14:25:54.573188+00:00,hu,24.hu,24.hu,2026-04-04,"Ha élvezed, csinálni fogod – tippek az első félmaratonodhoz",https://24.hu/sport/2026/04/04/futas-szabadidosport-felmaraton-tippek-koteles-gabor/
b70987e76952b93b21eedf8144cba5a87dcf33b819106c472e342e39ff1ba4ca,2026-04-04 14:24:54.152354+00:00,hu,24.hu,24.hu,2026-04-04,"Volt, aki elhordott mindenféle ku.vának"" – meséli a hívő orbánistává alakult Rába Tímea, akit még a volt MSZP-elnök is támogat",https://24.hu/belfold/2026/04/04/raba-timea-magyar-peter-orban-viktor-tobias-jozsef/
475eea3b3aad0a243b0a27e00eed8d5964a62836f175786ee94bdd49d9f3593d,2026-04-04 14:24:40.349152+00:00,hu,24.hu,24.hu,2026-04-04,"Angelina Jolie lánya egy videoklipben tűnik fel, megszólalásig hasonlít édesanyjára",https://24.hu/elet-stilus/2026/04/04/shiloh-jolie-angelina-videoklip/
8086bf770aaa13f6e2592f14aa7530091365f1ef7930f66a349ab98e25c634c9,2026-04-04 14:24:16.613995+00:00,hu,24.hu,24.hu,2026-04-04,Szoboszlaiék gigapofont kaptak a Manchester Citytől,https://24.hu/sport/foci/2026/04/04/fa-kupa-negyeddonto-kikapott-a-liverpool-manchester-citytol/
1a4a32320ab255a8e43a94971485e76bc1bea9976e9d97f8cb03d72b004fef14,2026-04-04 14:23:46.266604+00:00,hu,444.hu,444.hu,2026-04-04,"Inkább az önkormányzat vette meg Mussolini egykori villáját, hogy az ne legyen fasiszta gyülekezőhely",https://444.hu/2026/04/04/inkabb-az-onkormanyzat-vette-meg-mussolini-egykori-villajat-hogy-az-ne-legyen-fasiszta-gyulekezohely
d51394cc1823202776a8432468805850817d61c11195bb14491a703502bb6dbc,2026-04-04 14:23:40.240916+00:00,hu,444.hu,444.hu,2026-04-04,Doppingolás miatt négy évre eltiltották az Eb-bronzérmes magyar sportolót,https://444.hu/2026/04/04/doppingolas-miatt-negy-evre-eltiltottak-az-eb-bronzermes-magyar-sportolot
815104d742611e2d3379f0823d1014a1020688816eee706e4d6c7f70015d07b5,2026-04-04 14:23:24.805903+00:00,hu,444.hu,444.hu,2026-04-04,"Egy frontközeli ukrán város piacát támadták az oroszok, öten meghaltak",https://444.hu/2026/04/04/egy-frontkozeli-ukran-varos-piacat-tamadtak-az-oroszok-oten-meghaltak
d0ad8869bdae5098aec4a136a97c43d05a561ce54effa98b34414eec8df71c0c,2026-04-04 14:23:19.726289+00:00,hu,444.hu,444.hu,2026-04-04,"A világelső Magnus Carlsen előbb mosolyogva pózolt az ellenfele által kért szeflihez, aztán elkoboztatta a telefont",https://444.hu/2026/04/04/a-vilagelso-magnus-carlsen-elobb-mosolyogva-pozolt-az-ellenfele-altal-kert-szeflihez-aztan-elkoboztatta-a-telefont
7a9fa64c92e7721a8cf822761857fd7d133927d6393bf01a67a4d3b9ad2591e4,2026-04-04 14:22:00.685114+00:00,hu,444.hu,444.hu,2026-04-04,Borízű hang #264 hosszú: Adolf feketehattyú-rudlija,https://444.hu/2026/04/04/borizu-hang-264-hosszu-adolf-feketehattyu-rudlija
7ec0558837ee3a619057b26ea1c41f405062949654630a6e5a62b97fa90c32c0,2026-04-04 14:21:55.509147+00:00,hu,444.hu,444.hu,2026-04-04,A magyar állami propagandára reagálva magyar nyelvű rádiót indított az ukrán külügy,https://444.hu/2026/04/04/a-magyar-allami-propagandara-reagalva-magyar-nyelvu-radiot-inditott-az-ukran-kulugy
4db9b9901f2b03ef1f56b9b484af79ab391170e339303da4b7092c02c313d74b,2026-04-04 14:21:22.178314+00:00,hu,24.hu,24.hu,2026-04-04,Elmegyógyintézetbe került a feleségét megölő győri férfi,https://24.hu/belfold/2026/04/04/gyor-gyilkossag-elmegyogyintezet/
31ef601f84cca7fc0d75bdc3426dfe7daac6e29646b54b5075d7744b10320d2a,2026-04-04 14:21:06.226118+00:00,hu,24.hu,24.hu,2026-04-04,"Étterembe csapódott egy kisgép Brazíliában, négyen meghaltak",https://24.hu/kulfold/2026/04/04/brazilia-repulogepbaleset-lezuhant-etterem/
d5f4bf24be2fd26b36de00bc3143e5c828b004f06996e5c01d4ddb9cfd1003e4,2026-04-04 14:19:57.174265+00:00,hu,24.hu,24.hu,2026-04-04,Magyar Péter: Orbán Viktor illegális titkosszolgálati eszközökkel akarta szétveretni a legnagyobb ellenzéki pártot,https://24.hu/belfold/2026/04/04/magyar-peter-orban-viktor-illegalis-titkosszolgalat/
a2428d0cef26993ca3c538deae7f0d34ec38d0b5df639de6a346905982377fe6,2026-04-04 14:19:16.229439+00:00,hu,24.hu,24.hu,2026-04-04,Botrány az Everesten: szándékos mérgezéssel és manipulált mentőakciókkal verték át a kalandvágyó sportolókat,https://24.hu/sport/2026/04/04/hegymaszas-mount-everest-botrany-mergezes/
c40e7dcdb9ecf4c30894e91e4021c7ac92f46a394d3b602f646a87de2a2e9469,2026-04-04 13:23:02.940169+00:00,hu,24.hu,24.hu,2026-04-04,Miniszterétől és a hírszerzés igazgatójától is megválhat Trump,https://24.hu/kulfold/2026/04/04/kormanyatalakitas-donald-trump/
9caf83b1bfdc601d96cd8fb854a250a84de4f1487ee6d191ac4dfc2d854b22ae,2026-04-04 13:22:57.838294+00:00,hu,24.hu,24.hu,2026-04-04,"Igazi katonákat vezényeltek ki, hogy a Sárkányok Kabul felettben statisztáljanak",https://24.hu/kultura/2026/04/04/sarkanyok-kabul-felett-palinkas-szilveszter/
edeecface7a2d2743722bce87b4f0d5a04edb06ce0fa53f30b38da4b8ce9e171,2026-04-04 13:22:52.841435+00:00,hu,24.hu,24.hu,2026-04-04,Budaházyék és más nemzeti radikálisok a Fidesz egyéni jelöltjei mellett kampányolnak,https://24.hu/belfold/2026/04/04/budahazy-nemzeti-radikalisok-fidesz-mellett/
a33b93ef791485bfe8f4e1afbf46828e4744deca65f2de42cb054c5789301767,2026-04-04 13:22:47.942521+00:00,hu,24.hu,24.hu,2026-04-04,"Ez jöhet ott, ahol sok átjelentkezés történt",https://24.hu/belfold/2026/04/04/nevjegyzek-atjelentkezes-reszekre-osztas/
30b1adb478103f8d5a0ffda72ab7926b9230b6d56d4ed6b6fb7590612c985009,2026-04-04 13:22:39.322713+00:00,hu,24.hu,24.hu,2026-04-04,"Veszélyes betegségeket kockáztat, aki nem alszik rendesen",https://24.hu/tudomany/2026/04/04/alvas-pihenes-egeszseges-eletmod/
109d84f958a47d6ffd369741d766a972494b94d064abffaafb0b05484355e720,2026-04-04 12:23:42.650321+00:00,hu,444.hu,444.hu,2026-04-04,"Magyar Péter a 444-nek: Látszik, hogy az utolsó hetek nem a Tiszára nézve veszélyesek",https://444.hu/2026/04/04/magyar-peter-a-444-nek-latszik-hogy-az-utolso-hetek-nem-a-tiszara-nezve-veszelyesek?utm_source=hirstart&utm_medium=referral&utm_campaign=ct
71435f89a3b1b3c831994a309907113075c65e93f9dcb8d9b6d6fb0a54069bf6,2026-04-04 11:36:43.492907+00:00,hu,24.hu,24.hu,2026-04-04,Török Gábor így kommentálta Magyar országjárását,https://24.hu/belfold/2026/04/04/torok-gabor-orszagjaras-magyar/
0aa7a15f8c1d5e5a4bf219f2cbb4d0b2a8c46b3f419bc59432ce08f9d82982a1,2026-04-04 11:35:08.607518+00:00,hu,24.hu,24.hu,2026-04-04,A moszkvai inga – A magyar enyhítés és a visszakeményítés ritmusát a szovjet ritmus diktálta,https://24.hu/kultura/2026/04/04/fortepan-moszkvai-inga-koreografia/
db0b57dd1240db395341a2094d3fdc7c6592f1e1b44c2066812a3a3d74fbc3de,2026-04-04 11:35:03.464717+00:00,hu,24.hu,24.hu,2026-04-04,Iráni hajtóvadászat az amerikai pilóta után,https://24.hu/kulfold/2026/04/04/hajtovadaszat-iran-amerikai-pilota/
bcbc8cf255a836a7e3567195ac05c46abc01d1bceedfbefccc22e5d7fd405fb1,2026-04-04 10:31:59.357467+00:00,hu,24.hu,24.hu,2026-04-04,Leomló fal temette maga alá a zászlólengető szurkolókat,https://24.hu/sport/foci/2026/04/04/stadionkatasztrofa-peru-alianza-lima/
cfc2934fba29416d2cb7b30ae3877c199f083667f2f547d705aec602884670b9,2026-04-04 10:30:35.742932+00:00,hu,24.hu,24.hu,2026-04-04,Szigorítanának a nyelvészek a családnév-változtatásoknál,https://24.hu/belfold/2026/04/04/kettos-csaladnev-valtoztatas-szigoritas/
31f6dd07efc1b107ad60c8e35291542bdbe39297edba47b67a84be8b013c5cea,2026-04-04 10:30:13.587425+00:00,hu,24.hu,24.hu,2026-04-04,"Félúton járnak a Hold felé, megjöttek az első fotók az Orion űrhajósaitól",https://24.hu/tech/2026/04/04/orion-nasa-artemis-hold/
d38f3f5c48cdb9924ed9dada1bd72ff95c161cc7e0ceae4cec0a0998bd1265fb,2026-04-04 10:29:51.074820+00:00,hu,24.hu,24.hu,2026-04-04,Magyar Orbán Gáspár befolyásáról anekdotázott,https://24.hu/belfold/2026/04/04/magyar-peter-orban-gaspar-interju/
af81101490d7a1889506fd9c8e95f4f0696274b1f1c93fcb830ae10ad33e26de,2026-04-04 10:29:19.276020+00:00,hu,24.hu,24.hu,2026-04-04,"Udvaros Dorottya: Feldúl az a vizuális mérgezés, amit a Fidesz a plakátjaival művel",https://24.hu/kultura/2026/04/04/udvaros-dorottya-fidesz-kormanyvaltas/
a90aea9361139d93619aa983a10d10a6bff48f045cb6cdd0a220fab965a5773f,2026-04-04 10:28:44.774700+00:00,hu,24.hu,24.hu,2026-04-04,A magyarok több mint fele tart választási csalásoktól a Publicus felmérése szerint,https://24.hu/belfold/2026/04/04/publicus-felmeres-valasztasi-csalas/
b272e0381f9e00060d7d1307fdf94dd90ec45edb04e6461760a746f8e5e47c5e,2026-04-04 10:28:40.195162+00:00,hu,24.hu,24.hu,2026-04-04,Ukrajnának gyártottak volna lőport a Balaton mellett,https://24.hu/belfold/2026/04/04/loporgyar-ukrajna-balatonfuzfo-mp/
fdbc097214e2a504f534dfa5e446d6e5ab9314c1ca42c666e057feea3a247ad5,2026-04-04 10:28:20.878202+00:00,hu,24.hu,24.hu,2026-04-04,"Doppingoláson kapták, négyéves eltiltással sújtották az Eb-bronzérmes magyar sportolót",https://24.hu/sport/2026/04/04/atletika-madarasz-viktoria-dopping-eltiltas/
3ac5c79a72475f7fab8cb94c0319309d4d7200fb2d9b9ff9e32450895cd3f61b,2026-04-04 10:28:15.851842+00:00,hu,24.hu,24.hu,2026-04-04,"Fának csapódott egy autó, hárman meghaltak a Kiskunfélegyháza közelében történt balesetben",https://24.hu/belfold/2026/04/04/autobaleset-kiskunfelegyhaza/
f770f78f4cd4280ceade381564d9cfb5274229f332af4541124786137cbec0d1,2026-04-04 10:21:12.107737+00:00,hu,24.hu,24.hu,2026-04-04,Mi közük Maradonához a dunaújvárosi körzet képviselőjelöltjeinek?,https://24.hu/belfold/2026/04/04/dunaujvaros-ivancsa-csatater-labdarugas-riport/
44afe5d1a4aea93956c3f953cb6d14b17df241a33a49f50a9f33dd287f5a5e17,2026-04-04 09:33:45.275626+00:00,hu,444.hu,444.hu,2026-04-04,"Magyar Péter arra kéri az amerikai alelnököt, hogy Budapesten mondja ki: Nem akarják, hogy Magyarország bármilyen módon részt vegyen az Irán ellen háborúban",https://444.hu/2026/04/04/magyar-peter-arra-keri-az-amerikai-alelnokot-hogy-budapesten-mondja-ki-nem-akarjak-hogy-magyarorszag-barmilyen-modon-reszt-vegyen-az-iran-ellen-haboruban?utm_source=rss_feed&utm_medium=rss&utm_campaign=rss_syndication
93b63fc75c291952709248812df9b9b5b34ab0682aa12fb4e269e183545a843a,2026-04-04 09:33:38.840750+00:00,hu,444.hu,444.hu,2026-04-04,Egy potyamandátumot bukhat a Fidesz,https://444.hu/2026/04/04/egy-potyamandatumot-bukhat-a-fidesz?utm_source=rss_feed&utm_medium=rss&utm_campaign=rss_syndication
d58a210f1f7d6aa493dc9200876a09f61e873106bcd89facc669770f8937158d,2026-04-04 09:33:21.913093+00:00,hu,444.hu,444.hu,2026-04-04,"Kisgyerek és állat - 4. rész, Állatok az interneten, Vadállatok (Idegtartás",https://444.hu/2026/04/04/kisgyerek-es-allat-4-resz-allatok-az-interneten-vadallatok-idegtartas-20-22-fejezet?utm_source=rss_feed&utm_medium=rss&utm_campaign=rss_syndication
29d7e850a58f51679506bf7dae9c42079bb947fec691dca7536f450fd2973e50,2026-04-04 09:33:13.757979+00:00,hu,444.hu,444.hu,2026-04-04,„Küldöm a heti MP-s információkat” – ezzel küldték egy lehallgatás részleteit egymásnak az Alkotmányvédelmi Hivatal munkatársai,https://444.hu/2026/04/04/kuldom-a-heti-mp-s-informaciokat-ezzel-kuldtek-egy-lehallgatas-reszleteit-egymasnak-az-alkotmanyvedelmi-hivatal-munkatarsai?utm_source=rss_feed&utm_medium=rss&utm_campaign=rss_syndication
38a11ef4cbe560e8b07d4076470d5f9d592392df646e5eccd96141dd077ba4e2,2026-04-04 09:32:44.853966+00:00,hu,444.hu,444.hu,2026-04-04,"Hétfőn jön a hidegfront, még a szél is feltámad",https://444.hu/2026/04/04/hetfon-jon-a-hidegfront-meg-a-szel-is-feltamad?utm_source=rss_feed&utm_medium=rss&utm_campaign=rss_syndication
7481a5529c75074ba2236eb045f9d4f5d5b1e49be152b7f527159328ede46a49,2026-04-04 09:32:31.119451+00:00,hu,444.hu,444.hu,2026-04-04,Az utolsó hét előtt – Magyar Péter élőben a 444-en,https://444.hu/2026/04/04/az-utolso-het-elott-magyar-peter-eloben-a-444-en?utm_source=rss_feed&utm_medium=rss&utm_campaign=rss_syndication
232a59882724c19c62d55c9a6c3b2808d961767fadadf6aa70b0ecd28ba70a31,2026-04-04 09:32:24.839966+00:00,hu,444.hu,444.hu,2026-04-04,"Magyar szerint Orbán Viktorra visszamenőleg is vonatkozna az a tervezett alkotmánymódosításuk, ami megtiltaná, hogy valaki 8 évnél tovább lehessen miniszterelnök",https://444.hu/2026/04/04/magyar-szerint-orban-viktorra-is-vonatkozna-az-a-tervezett-alkotmanymodositasuk-ami-megtiltana-hogy-valaki-8-evnel-tovabb-lehessen-miniszterelnok?utm_source=rss_feed&utm_medium=rss&utm_campaign=rss_syndication
239a0dbaecf9bc23d1915f3359543c46f19abefe940e3015bf83433ac17d3a8b,2026-04-04 09:32:19.459043+00:00,hu,444.hu,444.hu,2026-04-04,"Az Izlandon élő magyarok nem hagyják, hogy kirekesszék őket a választásból",https://444.hu/2026/04/04/az-izlandon-elo-magyarok-nem-hagyjak-hogy-kirekesszek-oket-a-valasztasbol?utm_source=rss_feed&utm_medium=rss&utm_campaign=rss_syndication
1a73528ee49691763b31e31f1f21576c0207c84704eb32ecb1034da48e90509b,2026-04-04 09:28:20.115442+00:00,hu,444.hu,444.hu,2026-04-04,"Cikkünkre reagálva a Miniszterelnöki Kabinetiroda feltárt olyan bizalmas információkat is, amire velünk titoktartási nyilatkozatot irattak alá",https://444.hu/2026/04/04/cikkunkre-reagalva-a-miniszterelnoki-kabinetiroda-feltart-olyan-bizalmas-informaciokat-is-amire-velunk-titoktartasi-nyilatkozatot-irattak-ala?utm_source=hirstart&utm_medium=referral&utm_campaign=ct
74650aa43f880b7d33c5fcbed7979c0ef841be9c0e5eec545d98b93b9bf6beda,2026-04-04 08:26:26.334947+00:00,hu,24.hu,24.hu,2026-04-04,Ezért élesztették fel az olimpiát,https://24.hu/tudomany/2026/04/04/olimpia-gorogorszag-sport-tortenelem/
ac6624fa393d8fa59388fc606c0c15fd653ecf2f5e089591e252e946ad4321d6,2026-04-04 08:25:49.009369+00:00,hu,24.hu,24.hu,2026-04-04,Visszalépett Kunhalmi Ágnes,https://24.hu/belfold/2026/04/04/visszalepett-kunhalmi-agnes/
d0c15fc8724bf0ed319657c6fe4d055b3ab0fb2901abc28ae86b8fbf5667ac7d,2026-04-04 08:25:39.322978+00:00,hu,24.hu,24.hu,2026-04-04,"Lengyel Tamás: A közéletből el kéne tűnnie az olyan uszító embereknek, mint Kövér László, Kocsis Máté, Orbán Viktor vagy Németh Balázs",https://24.hu/elet-stilus/2026/04/04/lengyel-tamas-politika-valasztas/
705f29373ce8c3407373fe5707725f0d97bc4aa9e48e8560c16e8464c47cabc7,2026-04-04 08:24:54.873016+00:00,hu,24.hu,24.hu,2026-04-04,"Ezer vágás és két halott lány Ukrajnában, tomboló örkényuralom Magyarországon",https://24.hu/belfold/2026/04/04/24per7-ukrajna-haboru-jd-vance-orkenyuralom/
7f4d9c3fac78f6c4a79b3251a886a0eaa9394819752ee64f1ed71139c4527d68,2026-04-04 08:24:50.201375+00:00,hu,24.hu,24.hu,2026-04-04,"Kele János: A csehek és a bosnyákok kijutottak a vébére, mi megint nem. Miért?",https://24.hu/sport/foci/2026/04/04/magyar-valogatott-foci-vb-utanpotlasvalogatottak-topligas-jatekosok-elemzes/
e908f5730646df456ca88355f12c43e3cb3dd13bc289da7b0f727c096c56c781,2026-04-04 08:24:31.164713+00:00,hu,24.hu,24.hu,2026-04-04,„Most is csodálattal nézlek” – Gáspár Bea üzent a rákbeteg Rubint Rékának,https://24.hu/elet-stilus/2026/04/04/gaspar-bea-rubint-reka-dagantos-betegseg/
0d2adbc3ee5918d24918bcae311809ccd51ea82c78831b40c020ae565d9671ab,2026-04-04 07:27:58.728251+00:00,hu,24.hu,24.hu,2026-04-04,"Várkonyi Zoltán dublőreként hatalmasat bukott a lovával egy filmforgatáson, de így is magyar öttusa legendája lett",https://24.hu/sport/2026/04/04/ottusa-90-eves-nemeth-ferenc/
7365279d5bfdc10c675fb56e9dbe38ede6403063923c25591c1689180e9e67c7,2026-04-04 07:26:55.578992+00:00,hu,444.hu,444.hu,2026-04-04,Kunhalmi Ágnes is visszalépett,https://444.hu/2026/04/04/kunhalmi-agnes-is-visszalepett?utm_source=hirstart&utm_medium=referral&utm_campaign=ct
74a4b01cf9b7b5b1be0c1f5dd4ef4f2d3efbaf28a23dc9a3d484b711f7150328,2026-04-04 06:31:03.717824+00:00,hu,24.hu,24.hu,2026-04-04,"Azt hitték, kivégzik őket"" – egy hozzá szerződött előadó tartotta fogva Gucci Mane amerikai rappert és társait",https://24.hu/kultura/2026/04/04/gucci-mane-emberrablas-rapper/
dc607b52f3096f252a532277fcd773695c597bb9c3e20903f26de39d9a91dec8,2026-04-04 06:24:14.286002+00:00,hu,24.hu,24.hu,2026-04-04,Heti Hetes: még egy női szereplőt bejelentettek,https://24.hu/elet-stilus/2026/04/04/heti-hetes-uj-szereplo-parti-nora/
19dc279641708996efd6b876b842f4739e0ffd2e66b10335f1ff1b509a045e0c,2026-04-04 06:23:34.037962+00:00,hu,24.hu,24.hu,2026-04-04,Képes kvíz: mind a 10 magyar párkereső műsort felismered egyetlen képről?,https://24.hu/szorakozas/2026/04/04/magyar-parkereso-musorok-kviz/
4166a9e19272b845e9790c277409fcbe761db1571785e66cbd3994b9b1c70713,2026-04-04 06:23:29.418444+00:00,hu,24.hu,24.hu,2026-04-04,Rég látott fegyverkezés jöhet az USA-ban,https://24.hu/kulfold/2026/04/04/egyesult-allamok-fegyverkezes/
4be5555196584666d8defeae0d210cd45df493526d6d6c5d5ef2c29e4f3112a5,2026-04-04 06:22:48.928013+00:00,hu,24.hu,24.hu,2026-04-04,Nagyinterjú Dobrev Klárával a választás előtt,https://24.hu/belfold/2026/04/04/dobrev-klara-interju-dk-valasztas-2026/
9d1ddddbb5569d7ce40d1c5e8121e14933f504d4ed031c715fce199fd10e6b55,2026-04-04 06:22:43.348178+00:00,hu,24.hu,24.hu,2026-04-04,"Húsvétig melegszik az idő, hétfőn viszont hidegfront érkezik",https://24.hu/belfold/2026/04/04/husvet-idojaras-hosszuhetvege/
1bc2609fcf6bf25fd75e395392ac5fd54af3782dfe24b1d450e3490856eb5e7f,2026-04-04 06:22:30.382985+00:00,hu,24.hu,24.hu,2026-04-04,Milyen gyakran kellene zuhanyozni valójában? Meglepő választ adtak a bőrgyógyászok,https://24.hu/elet-stilus/2026/04/04/milyen-gyakran-kell-zuhanyozni-szakertok/
d65afce6b9fe27e9ebe0f1d09bed9d6ef9db686dce6e3b6da0ded21a6c4bab92,2026-04-04 04:21:41.261890+00:00,hu,24.hu,24.hu,2026-04-04,A pozsonyi csatától a szatmári békéig – a magyar történelem fontos dátumai kvíz,https://24.hu/tudomany/2026/04/04/kviz-magyar-tortenelem-datumok-2/
d65bc2c1022c461a2adb172f446609707f03c72b504f84854b3ad83b134fd6db,2026-04-04 02:25:43.995074+00:00,hu,24.hu,24.hu,2026-04-04,"Nyolc gólt szórt a magyar válogatott kézis, kiütés lett a vége",https://24.hu/sport/2026/04/04/kezilabda-elverum-kristiansan-lukacs-peter-nyolc-gol/
90f9b960db818d0de0e5a8572d3bfd8d0a7cf7a47520cedb38266fec4a12adce,2026-04-03 21:36:07.762026+00:00,hu,24.hu,24.hu,2026-04-03,"Bombaformában Kovács Bendegúz, megint betalált",https://24.hu/sport/foci/2026/04/03/holland-foci-az-helmond-kovacs-bendeguz-gol/
645408cc4ac35a49a60e0dec1dfc8c58523a5fff03feaa10782ace734a3800e5,2026-04-03 20:39:13.798999+00:00,hu,24.hu,24.hu,2026-04-03,Irán drón-és rakétatámadásokat indított a szomszédos országok ellen,https://24.hu/kulfold/2026/04/03/irani-haboru-obol-menti-allamok-dron-raketa-tamadas/
8fa99853278ae6d7c0394bf3b236e5afd85f1f5dfdcc2ff6be883f3ce6512a31,2026-04-03 20:38:53.792895+00:00,hu,24.hu,24.hu,2026-04-03,Több száz gyanús regisztráció a roma nemzetiségi választói névjegyzékben,https://24.hu/belfold/2026/04/03/valasztas-2026-roma-nemzetisegi-lista-regisztracio-nevjegyzek-gyanu/
a3735561bb3f28ce8d6a0b89acfbb8bbc3b31e20f3280d308c7a54f2af4318e0,2026-04-03 20:38:40.607941+00:00,hu,24.hu,24.hu,2026-04-03,"Felkészülés a háborúra: hamburgert, szalonnát, vajat etet a gyerekeivel",https://24.hu/elet-stilus/2026/04/03/hus-etrend-harmadik-vilaghaboru-felkeszules/
73a31455cc157f3fe376a1e86d10aa4bd596a0f221a32ce8f5fdf6dc9529370d,2026-04-03 20:38:15.597062+00:00,hu,24.hu,24.hu,2026-04-03,Az egyik legnagyobb argentin tehetség a Chelsea-hez kerülhet,https://24.hu/sport/foci/2026/04/03/strasbourg-chelsea-valentin-barco-liam-rosenior/
1c360ac2dcdad59513f518ccb12e82ffe991c1adecada883c6802584b9042e5d,2026-04-03 19:34:01.654190+00:00,hu,444.hu,444.hu,2026-04-03,Visszalépett az egyik Pest megyei jobbikos jelölt,https://444.hu/2026/04/03/visszalepett-az-egyik-pest-megyei-jobbikos-jelolt?utm_source=rss_feed&utm_medium=rss&utm_campaign=rss_syndication
a068cc42017dd462bd4659614815ee329904855492eb33fb15ee395411c59b5a,2026-04-03 19:33:56.265442+00:00,hu,444.hu,444.hu,2026-04-03,"„Ki kell mondanunk az igazságot, a demokrácia nem nekünk való”",https://444.hu/2026/04/03/ki-kell-mondanunk-az-igazsagot-a-demokracia-nem-nekunk-valo?utm_source=rss_feed&utm_medium=rss&utm_campaign=rss_syndication
0935cd69c26e16cc1b9114a54c3c5b2afa59da342e8a5512cb4b0a675ba4c15e,2026-04-03 19:33:50.925270+00:00,hu,444.hu,444.hu,2026-04-03,"Trump tényleg újranyitná az Alcatrazt, 152 millió dollárt kér rá",https://444.hu/2026/04/03/trump-tenyleg-ujranyitna-az-alcatrazt-152-millio-dollart-ker-ra?utm_source=rss_feed&utm_medium=rss&utm_campaign=rss_syndication
77312c45a0c19ece8f3c7bab14f249ee3a3d9e260ac971a8bfb29c2153ec4918,2026-04-03 19:33:46.051930+00:00,hu,444.hu,444.hu,2026-04-03,"Gyűlöletcunami Nyírbogáton: a fideszes képviselő felesége kinyomozza, kik beszéltek ellene A szavazat árában, és előhúz egy rejtélyes pedofilsztorit",https://444.hu/2026/04/03/gyuloletcunami-nyirbogaton-a-fideszes-kepviselo-felesege-kinyomozza-kik-beszeltek-ellene-a-szavazat-araban-es-elohuz-egy-rejtelyes-pedofilsztorit?utm_source=rss_feed&utm_medium=rss&utm_campaign=rss_syndication
d4989b46fe5a1d73754a235cb360b87bfa750ec4d8b67de9e45cd8626c259fc0,2026-04-03 19:33:40.057060+00:00,hu,444.hu,444.hu,2026-04-03,"Idén már 78 nevelőt függesztettek fel gyerekbántalmazás miatt párizsi iskolákban, 31 esetben szexuális visszaélés gyanúja is felmerült",https://444.hu/2026/04/03/iden-mar-78-nevelot-fuggesztettek-fel-gyerekbantalmazas-miatt-parizsi-iskolakban-31-esetben-szexualis-visszaeles-gyanuja-is-felmerult?utm_source=rss_feed&utm_medium=rss&utm_campaign=rss_syndication
4a00cdd73d3a5d81b98730bbf3e5fa5ed07976518bc7c3b25059dbef0df7032f,2026-04-03 19:33:33.596101+00:00,hu,444.hu,444.hu,2026-04-03,Szívinfarktust kapott a pótselejtezős kiesés után lemondott román szövetségi kapitány,https://444.hu/2026/04/03/szivinfarktust-kapott-a-potselejtezos-kieses-utan-lemondott-roman-szovetsegi-kapitany?utm_source=rss_feed&utm_medium=rss&utm_campaign=rss_syndication
4fbb66cadfadc756ea82e06fa87765d127216ae85cee7d05d514224183a6721e,2026-04-03 19:33:28.317797+00:00,hu,444.hu,444.hu,2026-04-03,Svédország lefoglalt egy olajszennyezést okozó orosz tankert a Balti-tengeren,https://444.hu/2026/04/03/svedorszag-lefoglalt-egy-olajszennyezest-okozo-orosz-tankert-a-balti-tengeren?utm_source=rss_feed&utm_medium=rss&utm_campaign=rss_syndication
3b5fb0cfd1e2e94f340a0ac3b377b729e3f46b470314bb439caf408ed542602a,2026-04-03 19:33:21.656597+00:00,hu,444.hu,444.hu,2026-04-03,Több mint egy tonna kokaint találtak egy virágföldet szállító teherautóban Franciaországban,https://444.hu/2026/04/03/tobb-mint-egy-tonna-kokaint-talaltak-egy-viragfoldet-szallito-teherautoban-franciaorszagban?utm_source=rss_feed&utm_medium=rss&utm_campaign=rss_syndication
c8683f5d97f5945b2d9823c8078fa47f19c5bf48095109ae5296d7015968b1e0,2026-04-03 19:33:11.607316+00:00,hu,444.hu,444.hu,2026-04-03,"A szerb vasúttársaság „biztonságosnak” minősítette a Szabadka-Szeged vonalat, amin 24 órán belül kisiklott egy vonat",https://444.hu/2026/04/03/a-szerb-vasuttarsasag-biztonsagosnak-minositette-a-szabadka-szeged-vonalat-amin-24-oran-belul-kisiklott-egy-vonat?utm_source=rss_feed&utm_medium=rss&utm_campaign=rss_syndication
edfdccf6128b37fccef4522b65f8f7c76f024ad5c1719efd19b98fd187b525a1,2026-04-03 19:33:01.133243+00:00,hu,444.hu,444.hu,2026-04-03,A netflixes sorozatok csavarjait már bőven felülmúlja a választási kampány,https://444.hu/2026/04/03/a-netflixes-sorozatok-csavarjait-mar-boven-felulmulja-a-valasztasi-kampany?utm_source=rss_feed&utm_medium=rss&utm_campaign=rss_syndication
b162ac2b2783b1339e81deb099890bc60c52b7b1439bd017588b8b93fb9b58a6,2026-04-03 19:32:50.718554+00:00,hu,444.hu,444.hu,2026-04-03,"Húsvéti eszkaláció: Oroszország fényes nappal támadta Ukrajnát, több halálos áldozat is van",https://444.hu/2026/04/03/husveti-eszkalacio-oroszorszag-fenyes-nappal-tamadta-ukrajnat-tobb-halalos-aldozat-is-van?utm_source=rss_feed&utm_medium=rss&utm_campaign=rss_syndication
09d51ddfad1397d7e21716ab1cde3d1b90a9bfea3ce0606f59679d995eb68fcc,2026-04-03 19:32:45.635858+00:00,hu,444.hu,444.hu,2026-04-03,Több száz gyanús regisztrációt találtak egy budapesti kerület roma választói névjegyzékében,https://444.hu/2026/04/03/tobb-szaz-gyanus-regisztraciot-talaltak-egy-budapesti-kerulet-roma-valasztoi-nevjegyzekeben?utm_source=rss_feed&utm_medium=rss&utm_campaign=rss_syndication
3ca957776f30f1fc9336d48af5351bca0741fd7421023e15a118d20a89735b40,2026-04-03 19:32:41.118118+00:00,hu,24.hu,24.hu,2026-04-03,A nap legfontosabb hírei – 2026. 04. 03.,https://24.hu/kozelet/2026/04/03/a-nap-legfontosabb-hirei-2026-04-03/
90f01f20218cd5123fba026bf8bd5fcce1ac4cc1592a1393851e3f99bac88562,2026-04-03 19:32:38.209798+00:00,hu,444.hu,444.hu,2026-04-03,"Jön J. D. Vance, ide ne menj, ha elkerülnéd a közlekedési káoszt",https://444.hu/2026/04/03/jon-j-d-vance-ide-ne-menj-ha-elkerulned-a-kozlekedesi-kaoszt?utm_source=rss_feed&utm_medium=rss&utm_campaign=rss_syndication
0e2f6abf402d341de7735346019cd728ace0ca1652a674b4e58f6bf10b8ecd85,2026-04-03 19:32:29.620669+00:00,hu,444.hu,444.hu,2026-04-03,"Az elvileg segítségkérésre szánt Gondosórán kéri az időseket Orbán, hogy okosan döntsenek",https://444.hu/2026/04/03/az-elvileg-segitsegkeresre-szant-gondosoran-keri-az-idoseket-orban-hogy-okosan-dontsenek?utm_source=rss_feed&utm_medium=rss&utm_campaign=rss_syndication
f3aa57abe1f076edbec847ea370d64384316c498eea8011cd7998b429aa886d9,2026-04-03 19:32:07.573104+00:00,hu,444.hu,444.hu,2026-04-03,"AI-fotóval kampányolt, lebukott",https://444.hu/2026/04/03/ai-fotoval-kampanyolt-lebukott?utm_source=rss_feed&utm_medium=rss&utm_campaign=rss_syndication
d651b04d8423eaa5ba8fa5d640795d5ccd413e43963ff0dff0a91df4685652f9,2026-04-03 19:31:58.259676+00:00,hu,444.hu,444.hu,2026-04-03,Irán lelőtt egy amerikai vadászgépet,https://444.hu/2026/04/03/iran-lelott-egy-amerikai-vadaszgepet?utm_source=rss_feed&utm_medium=rss&utm_campaign=rss_syndication
74576448d96a0e33d49e8c674f27ba24171c91a07de4e46f6849e5fe6a9d39c9,2026-04-03 19:31:42.997699+00:00,hu,444.hu,444.hu,2026-04-03,"Szijjártó Péter szerint az unió energetikai biztosának drámai felhívása olyan drámai, hogy csak azért nem nevetséges, mert a helyzet drámai",https://444.hu/2026/04/03/szijjarto-peter-szerint-az-unio-energetikai-biztosanak-dramai-felhivasa-olyan-dramai-hogy-csak-azert-nem-nevetseges-mert-a-helyzet-dramai?utm_source=rss_feed&utm_medium=rss&utm_campaign=rss_syndication
b3b0c0113f665047549fce79deb9d01ca5f3d3cdce6013e71355f73284a59edd,2026-04-03 19:29:37.530289+00:00,hu,24.hu,24.hu,2026-04-03,"Vezérkari főnök: Ez a honvédség már nem az, ami évtizedekkel ezelőtt volt",https://24.hu/belfold/2026/04/03/vezerkari-fonok-reagalas-palinkas-szilveszter-honvedseg/
94558af4812012ec9bec2963f92b5dc3895bcd6f2c5c88e45fd5730ce9a0c40d,2026-04-03 19:29:22.941215+00:00,hu,24.hu,24.hu,2026-04-03,"Nem a saját, hanem egy AI-fotóval kampányolt – de állítja, ő van rajta",https://24.hu/elet-stilus/2026/04/03/patricia-reichman-rotterdam-foto-kepviseloai/
c49bc45372aab380bdf1d405ccf773e56eb997413a4679dfcdf423f6889263e4,2026-04-03 18:34:26.067109+00:00,hu,24.hu,24.hu,2026-04-03,Kihagyja a Liverpool kapusa a Paris Saint-Germain elleni BL-meccseket,https://24.hu/sport/foci/2026/04/03/bajnokok-ligaja-liverpool-alisson-becker-psg/
3740a4538c73977b461da2856fe72e85df03aabf3860fa3c1e58f78c8aa539bf,2026-04-03 18:34:19.394666+00:00,hu,24.hu,24.hu,2026-04-03,Virágföldet és kokaint szállító teherautót kapcsoltak le Franciaországban,https://24.hu/elet-stilus/2026/04/03/viragfold-drogfogas-vienne-franciaorszag-kokain/
6782b00a244ae55ab12ac8a6f6e5a922fb08aa0eb40a5bfaaf3a8a13e284f471,2026-04-03 18:33:55.903340+00:00,hu,24.hu,24.hu,2026-04-03,"Az biztos, hogy nem együtt megyünk szavazni"" – politikai viták sújtotta családokkal beszéltünk",https://24.hu/elet-stilus/2026/04/03/valasztas-vita-gyozkodes-csaladok/
3cfcb4f84a10561b4578d2f7c240b287ca04117f432d1d5266334f1c28a1cf1e,2026-04-03 18:33:35.640889+00:00,hu,24.hu,24.hu,2026-04-03,37. alkalommal feszítették keresztre – korbácsolást idén már nem kért,https://24.hu/elet-stilus/2026/04/03/ruben-enaje-fulop-szigetek-keresztre-feszites/
a9430f6670e350632f199fff0cc29750c491cbe60e938fd672792ba2da646f6d,2026-04-03 18:32:48.005118+00:00,hu,24.hu,24.hu,2026-04-03,"A néni szívettépően zokogni kezdett"" – egy vidéki háziorvos elmesélte, hogyan próbálta megnyugtatni a háborútól rettegő idős betegét",https://24.hu/belfold/2026/04/03/a-neni-szivettepoen-zokogni-kezdett-egy-videki-haziorvos-elmeselte-hogyan-probalta-megnyugtatni-a-haborutol-rettego-idos-beteget/
dc275b42337209f52dabaf607246cfff7203cdb7b4222a70dd39db47cec3eef5,2026-04-03 18:32:42.642571+00:00,hu,24.hu,24.hu,2026-04-03,"Kiállítottak egy focistát, mert belecsípett az ellenfele fenekébe",https://24.hu/sport/foci/2026/04/03/honduras-olimpia-lobos-jose-garcia-fenek-csipes-piros-lap/
aef562c3544fb28b98e36535a78914ef71c8c934299d83fb40822bdeef1a036d,2026-04-03 18:32:37.672910+00:00,hu,24.hu,24.hu,2026-04-03,"Magyar Péter: Amikor már azt gondoljuk, nem lehet mélyebbre süllyedni, akkor megtörténik a felfoghatatlan",https://24.hu/belfold/2026/04/03/magyar-peter-palinkas-szilveszter-csad/
e88083c51c8665460fcda6c9b7fdf70bfef812d9a852735ecabb2810f1f76830,2026-04-03 18:26:16.860608+00:00,hu,24.hu,24.hu,2026-04-03,Izgalmas adok-kapok: van élet a topligákon túl is,https://24.hu/sport/2026/04/03/nec-nijmegen-holland-foci-elemzes/
608d44579dc27388e67c1d608b69d3ad7c50ec872d2cee53a2d93539b62afdd3,2026-04-03 16:33:02.249222+00:00,hu,24.hu,24.hu,2026-04-03,"A Kisvárda tömegével hoz olyan játékosokat az akadémiájára támogatásért, akik nem szolgálják a magyar labdarúgás érdekeit""",https://24.hu/sport/foci/2026/04/03/kisvarda-revesz-attila-mlsz-reakcio/
ac7d9fed2a4d8fa99fa6f9581b473bab0ada82e9fe8d4ccffad35fbc0d45de63,2026-04-03 16:32:00.394847+00:00,hu,24.hu,24.hu,2026-04-03,"Nem fordult meg a fejemben, hogy azért sírok, mert beletettek valamit az italomba"" – fiatalok mondják el, milyen az, amikor bedrogoznak valakit",https://24.hu/elet-stilus/2026/04/03/ital-bulizas-drog-kabitoszer/
f28ff95a05a94dddb6e5286a164f7249f012bd997e7765d0ab3bd585a430344c,2026-04-03 16:30:25.529856+00:00,hu,24.hu,24.hu,2026-04-03,Narancssárgába borult Kréta és Szantorini,https://24.hu/elet-stilus/2026/04/03/gorogorszag-erminio-vihar-szel-por-kreta/
a07eb5b84abc69542bd76e7aaa7465555ea6753d7b155a176f5e69b7be88df45,2026-04-03 15:33:12.745270+00:00,hu,24.hu,24.hu,2026-04-03,Fejük tetejére álltak az európai fociligák: több országban is megéghet a rekordbajnok idén,https://24.hu/sport/2026/04/03/europai-korkep-labdarugas-skocia-dania-bulgaria-azerbajdzsan/
c5360a5c8470d069b8088e15e17bb70cbef2d64fc7a150ec57e7dedf6815cb71,2026-04-03 15:32:17.965096+00:00,hu,24.hu,24.hu,2026-04-03,"Sorban távoznak az olasz válogatott vezetői, már a szövetségi kapitány is elköszönt",https://24.hu/sport/foci/2026/04/03/olasz-valogatott-gennaro-gattuso-tavozott/
1e813fd1d8a47380c7eeb462dcdd34d8ed1d91c0ae2663d214b4cad7c2ba75db,2026-04-03 15:32:04.822242+00:00,hu,24.hu,24.hu,2026-04-03,"Disneylandi horror: Olaf szétesett, Aranyhaj haját varjak tépázták meg",https://24.hu/elet-stilus/2026/04/03/disney-aranyhaj-olaf-jegvarazs-baki/
c75623e5809e13bd1209b869e2b164c7410227ece44e74a99b4301e233822d08,2026-04-03 15:25:07.947289+00:00,hu,24.hu,24.hu,2026-04-03,Irán lelőtt egy amerikai vadászgépet,https://24.hu/kulfold/2026/04/03/amerikai-vadaszgep-leloves-iran-haboru/
b14d8d54ffe04f737139fbcf801143dbf7020a59c1c59baedde10ce6a819bb19,2026-04-03 14:19:22.062489+00:00,hu,24.hu,24.hu,2026-04-03,Nagygyűlést is tart kedden Orbán Viktor a Budapestre érkező JD Vance-szel,https://24.hu/belfold/2026/04/03/orban-viktor-jd-vance-nagygyules-budapest-kedd/
349ed8acf0c21547b4decd724ff31a0e76f2f868b6408457b641724663c6046d,2026-04-03 14:19:02.573732+00:00,hu,24.hu,24.hu,2026-04-03,Rendőrnek jelentkezett – azonnal letartóztatták,https://24.hu/elet-stilus/2026/04/03/commerce-city-rendorkapitanysag-elfogatoparancs-jelentkezes-letartoztatas/
0693c6056097e86c2f00433149d8d301a5bb883eb1dbc6ed4b21908df4c36f15,2026-04-03 14:18:57.849405+00:00,hu,24.hu,24.hu,2026-04-03,"15 évre eltiltották a megyei focistát, aki a kiállítása után fejbe rúgta a bírót",https://24.hu/sport/foci/2026/04/03/15-ev-eltiltas-fejbe-rugta-a-birot-kunhegyes-ujszasz/
0d47175b2c47c170f2953507b16d639857967025637c9e2f6a815a4bc1a12f39,2026-04-03 13:32:50.911269+00:00,hu,24.hu,24.hu,2026-04-03,"Visszalépett Vincze Miklós, a Jobbik jelöltje",https://24.hu/belfold/2026/04/03/vincze-miklos-jobbik-visszalep-valasztas-2026/
2be51b6c93565ebabdc0d5c352101d544d469fcbd560123ec42b8c90749b8aee,2026-04-03 13:32:31.510178+00:00,hu,24.hu,24.hu,2026-04-03,"Borzalmas show-műsort"" rendeztek Jézus kivégzéséből",https://24.hu/tudomany/2026/04/03/jezus-halala-bune-husvet-visi-tamas/
798880ace10ed038714b709c29e718a6a4f66f75da143720abbc3077536aad7f,2026-04-03 13:32:18.792950+00:00,hu,444.hu,444.hu,2026-04-03,Jogerősen is pert nyert a DK: ki kell adnia a minisztériumnak a budapesti pályaudvarok állapotáról szóló dokumentumokat,https://444.hu/2026/04/03/jogerosen-is-pert-nyert-a-dk-ki-kell-adnia-a-miniszteriumnak-a-budapesti-palyaudvarok-allapotarol-szolo-dokumentumokat?utm_source=rss_feed&utm_medium=rss&utm_campaign=rss_syndication
5127c6f446e105195a0e1edbdaee649eb78a01f8d5bd1536b1f76cfe36d13d4f,2026-04-03 13:31:37.984574+00:00,hu,24.hu,24.hu,2026-04-03,Tűz Szigethalmon: műanyag-feldolgozó üzem égett,https://24.hu/belfold/2026/04/03/tuz-muanyag-feldolgozo-szigethalom-katasztrofavedelem/
daf770ce283a0fbf8bf938496215d2ebb2ef1e7b70a01f02a9f79c125991d8e3,2026-04-03 13:31:00.711531+00:00,hu,444.hu,444.hu,2026-04-03,"Nagyon fájhat a Fidesznek, hogy kilőtt a külföldön szavazók száma",https://444.hu/2026/04/03/nagyon-fajhat-a-fidesznek-hogy-kilott-a-kulfoldon-szavazok-szama?utm_source=rss_feed&utm_medium=rss&utm_campaign=rss_syndication
7aac0f5c6b9a86680db0356331d6e2d94644820421755f79ad1f4df71b4e3e09,2026-04-03 12:42:21.770168+00:00,hu,24.hu,24.hu,2026-04-03,Ő volt Magyarország sorsfordító miniszterelnöke,https://24.hu/tudomany/2026/04/03/batthyany-miniszterelnok-forradalom-tortenelem/
3ce8cdc83faa1d218885f2fe3101ebbdb57eea5dd945f91110389c9bcddb76ea,2026-04-03 12:42:20.184192+00:00,hu,444.hu,444.hu,2026-04-03,Kigyulladt egy műanyag-feldolgozó üzem Szigethalmon,https://444.hu/2026/04/03/kigyulladt-egy-muanyag-feldolgozo-uzem-szigethalmon?utm_source=rss_feed&utm_medium=rss&utm_campaign=rss_syndication
a454bb64b37464970e61779517f71c869f2436978e40d204aabfa17cee8989d4,2026-04-03 12:42:06.211100+00:00,hu,24.hu,24.hu,2026-04-03,"Orbán elmondta, mi a KDNP valódi szerepe",https://24.hu/belfold/2026/04/03/orban-viktor-kdnp/
1fbb110d8355542cd69a33757ec68e95788226b06ca17afd498cb5ea82e746b9,2026-04-03 12:42:03.745662+00:00,hu,444.hu,444.hu,2026-04-03,Rémálmod: egy férfi megpróbált mozgó vonat alá lökni egy másikat Seattle-ben,https://444.hu/2026/04/03/remalmod-egy-ferfi-megprobalt-mozgo-vonat-ala-lokni-egy-masikat-seattle-ben?utm_source=rss_feed&utm_medium=rss&utm_campaign=rss_syndication
ada8e9b8adac0e50bea876b8100af7302d50ab3442bb11233e3baa8b71514c49,2026-04-03 12:42:00.163903+00:00,hu,24.hu,24.hu,2026-04-03,Szexuális bűncselekmények miatt tartóztatták le a keresztény szexuális erkölcsről publikáló professzort,https://24.hu/elet-stilus/2026/04/03/szexualis-buncselekmeny-kiskoru-professzor-kereszteny-erkolcs/
01d359223e426b65f5ccaf34f5c702e6f4947816b71ba809dfb3c88b17d704df,2026-04-03 12:41:50.238568+00:00,hu,24.hu,24.hu,2026-04-03,Szívrohamot kapott a román válogatott csütörtökön lemondott kapitánya,https://24.hu/sport/foci/2026/04/03/mircea-lucescu-roman-valogatott-szovetsegi-kapitany/
15da562d520539fd9066b7e5b9f0dd82db266d3bc74ce0346198c4845427f7f6,2026-04-03 12:41:38.857258+00:00,hu,444.hu,444.hu,2026-04-03,Tóth Gabi húsvéti alkalmából egy „felsőbbrendűséggel átitatott torz elméjű emberről” és kettős mércéről elmélkedik,https://444.hu/2026/04/03/toth-gabi-husveti-alkalmabol-egy-felsobbrenduseggel-atitatott-torz-elmeju-emberrol-es-kettos-mercerol-elmelkedik?utm_source=rss_feed&utm_medium=rss&utm_campaign=rss_syndication
c9db9dba1e78665f499898cc257785c8f65f9228a779732621724c9f5de3cff6,2026-04-03 12:41:32.924489+00:00,hu,444.hu,444.hu,2026-04-03,Pete Hegseth kirúgta az amerikai hadsereg vezérkari főnökét,https://444.hu/2026/04/03/pete-hegseth-kirugta-az-amerikai-hadsereg-vezerkari-fonoket?utm_source=rss_feed&utm_medium=rss&utm_campaign=rss_syndication
b36861b7158c1ef54c3a7123b812c76e022a08e21e989ccdc62acc8fef1bfed2,2026-04-03 12:41:27.811296+00:00,hu,444.hu,444.hu,2026-04-03,"Debrecenben ukrán feliratos, kamu tiszás plakátok bukkantak fel",https://444.hu/2026/04/03/debrecenben-ukran-feliratos-kamu-tiszas-plakatok-bukkantak-fel?utm_source=rss_feed&utm_medium=rss&utm_campaign=rss_syndication
c098e0f0ab4091fe8c0dfbf3a199e805c8b91f7ed394251aa1f2be65dbf6fb73,2026-04-03 12:41:26.053530+00:00,hu,24.hu,24.hu,2026-04-03,"Letelt a 72 órás ultimátum, Tordai Bence visszalépett a választástól",https://24.hu/belfold/2026/04/03/tordai-bence-visszalepes/
67d1be86dc846cfb1a1a13d037badfb1170c36067799031da2564a2e5cf60638,2026-04-03 12:41:11.258266+00:00,hu,444.hu,444.hu,2026-04-03,Hétvégén kezdődik a budapesti hidak tavaszi nagytakarítása,https://444.hu/2026/04/03/hetvegen-kezdoik-a-budapesti-hidak-tavaszi-nagytakaritasa?utm_source=rss_feed&utm_medium=rss&utm_campaign=rss_syndication
e150e25778abca71ead5538b5b8079844acc66c56c47d68a79f889627e08b198,2026-04-03 12:41:06.562928+00:00,hu,444.hu,444.hu,2026-04-03,"Megvan a végleges szám, több mint 90 ezren szavaznának külképviseleteken",https://444.hu/2026/04/03/megvan-a-vegleges-szam-tobb-mint-90-ezren-szavaznanak-kulkepviseleteken?utm_source=rss_feed&utm_medium=rss&utm_campaign=rss_syndication
34f417aa1f561b210c07db527b284e55e59a61cb902afc46fce9a98b388dbfe6,2026-04-03 12:41:06.024974+00:00,hu,24.hu,24.hu,2026-04-03,"Rizsák Ildikó egyenként hazugozta ""A szavazat ára"" szereplőit a lakossági fórumán",https://24.hu/belfold/2026/04/03/nyirbogat-rizsak-ildiko-szavazat-ara-lakossagi-forum/
f4c152b4112665cdc673b681c73605b17499e80471c8dcc4b029749f11ce3bfb,2026-04-03 12:41:01.456666+00:00,hu,444.hu,444.hu,2026-04-03,A kubai kormány több mint kétezer rabot bocsát szabadon,https://444.hu/2026/04/03/a-kubai-kormany-tobb-mint-ketezer-rabot-bocsat-szabadon?utm_source=rss_feed&utm_medium=rss&utm_campaign=rss_syndication
4e933198077c3cef8d96b37a6ed553bd0cd18c23c5eaefb4a68a416e26032ab4,2026-04-03 12:40:56.630566+00:00,hu,444.hu,444.hu,2026-04-03,Joachim Löw irányíthatja Ghánát a világbajnokságon,https://444.hu/2026/04/03/joachim-low-iranyithatja-ghanat-a-vilagbajnoksagon?utm_source=rss_feed&utm_medium=rss&utm_campaign=rss_syndication
26901d1a7bff5e7c62f94947576abe15b5169f800f5d47c6ba0f29d84a51d665,2026-04-03 12:40:51.451552+00:00,hu,444.hu,444.hu,2026-04-03,Visszalépett Tordai Bence,https://444.hu/2026/04/03/visszalepett-tordai-bence?utm_source=rss_feed&utm_medium=rss&utm_campaign=rss_syndication
e0e10e2f0180f7e5f2ea5f2c0f89165115c224ca87af4577c85d5bf7bcbdce4d,2026-04-03 12:40:46.191650+00:00,hu,24.hu,24.hu,2026-04-03,Péntek estétől ingyenesen nézhető a Magyar Péter-dokumentumfilm,https://24.hu/kultura/2026/04/03/magyar-peter-film-tavaszi-szel-ingyen/
24ac2a4f2fcd66d970b321cd09a2200f63534c94251f75b04e1d63bcb145a318,2026-04-03 11:39:00.137920+00:00,hu,444.hu,444.hu,2026-04-03,Direkt36: Henrynek és csapatának köze lehetett a Tisza irodájában talált kémtollhoz is,https://444.hu/2026/04/03/direkt36-henrynek-es-csapatanak-koze-lehetett-a-tisza-irodajaban-talalt-kemtollhoz-is?utm_source=hirstart&utm_medium=referral&utm_campaign=ct
00d0ec508fe8a388a125e961bd2cd1e625458ca76f63084fe12f2061b3772d6a,2026-04-03 11:26:30.894734+00:00,hu,24.hu,24.hu,2026-04-03,Meghirdették Orbán Viktor és JD Vance közös sajtótájékoztatóját,https://24.hu/belfold/2026/04/03/orban-vance-sajtotajekoztato/
10c8dc533fabcd76c3a543805deecaa9d089cc679764a2e22ee1277d57ccb8c3,2026-04-03 11:26:13.157939+00:00,hu,444.hu,444.hu,2026-04-03,A Magyar Nemzet egyetlen címmel bánatból büszkeségbe fordítja át focinemzetünk lelkét,https://444.hu/2026/04/03/a-magyar-nemzet-egyetlen-cimmel-banatbol-buszkesegbe-forditja-at-focinemzetunk-lelket?utm_source=hirstart&utm_medium=referral&utm_campaign=ct
5f081c6b8bd7a6f02ad32afa0a56b99eb350f326962f8fa4255067c223a6b87b,2026-04-03 10:27:34.077399+00:00,hu,24.hu,24.hu,2026-04-03,Súlyos kiszáradás miatt került kórházba a korábbi vb-gólkirály,https://24.hu/sport/foci/2026/04/03/james-rodriguez-sulyos-kiszaradas/
af9453b9f8515ae05470b1f4e63cf505cc3cdce219c6caa17e7459f162b9c3f3,2026-04-03 10:20:57.450828+00:00,hu,444.hu,444.hu,2026-04-03,"Trump hidak lerombolásával fenyegeti Iránt, Irán válaszul közel-keleti hidakról készített „célpontlistát”",https://444.hu/2026/04/03/trump-hidak-lerombolasaval-fenyegeti-irant-iran-valaszul-kozel-keleti-hidakrol-keszitett-celpontlistat?utm_source=hirstart&utm_medium=referral&utm_campaign=ct
fedc991f34c4988fd1f42f3919e3d44db710530d47e665be13dc70402afeb6ef,2026-04-03 09:36:26.285798+00:00,hu,24.hu,24.hu,2026-04-03,"Fantasztikus játékos, de most kiderült, hogy nem jó vesztes"" – feszült hangulatban ért véget Littler és Van Veen dartsmeccse",https://24.hu/sport/2026/04/03/darts-premier-league-luke-littler-gian-van-veen-incidens/
5f15b0b0547bed976c761d0fae556c471bf8dac89cd743521b5fb0302afea653,2026-04-03 09:35:41.915495+00:00,hu,24.hu,24.hu,2026-04-03,"Furcsa víztoronyházakat szült a szocializmus, de az ötletet a hanyatló Nyugat adta",https://24.hu/kultura/2026/04/03/viztorony-lakohaz-viztoronyhaz-budapest-szocializmus/
60b03de3aa528eb5a28c78002a36929d008bf1c24d66909bee73255c67204b3a,2026-04-03 09:35:06.773142+00:00,hu,24.hu,24.hu,2026-04-03,"Meghan Markle sielős videót posztolt Harry hercegről és fiukról, Archie-ról",https://24.hu/elet-stilus/2026/04/03/meghan-markle-harry-herceg-archie-sieles/
a9d804e2771581bd58880763bf8941424c979cf9808d644d096c6cff31d17173,2026-04-03 09:35:00.223426+00:00,hu,24.hu,24.hu,2026-04-03,Rossz hír a vagyonmenekítőknek: Dubajnak annyi,https://24.hu/fn/gazdasag/2026/04/03/podcast-della-vagyonmenekitok-dubaj-szalay-berzeviczky/
f25d8ccda07f57aca2d30cf76317510ad7dcf8239e9bc6f6c372de4f398ae5c0,2026-04-03 09:34:55.299035+00:00,hu,24.hu,24.hu,2026-04-03,Illik-e dohányozni egy online megbeszélésen? – szokások és az etikett szerepe,https://24.hu/belfold/2026/04/03/illik-e-dohanyozni-egy-online-megbeszelesen-szokasok-es-az-etikett-szerepe/
3d98797b7f9a35c6e544881f28b5db181daa4c7ed9eb87388cf8a2d6f39500d8,2026-04-03 09:34:39.322525+00:00,hu,24.hu,24.hu,2026-04-03,Rengeteg útlezárásra készülhetnek a budapestiek JD Vance látogatása miatt,https://24.hu/belfold/2026/04/03/utlezaras-jd-vance-alelnok-latogatas-budapest/
e8b4f83777f286b380ab8f1a1ee05fa92c97443d8346b65aa6f7b53c06dc915a,2026-04-03 09:34:34.757311+00:00,hu,24.hu,24.hu,2026-04-03,"Olyan hamar belecsúsztam, hogy észre sem vettem"" – T. Danny megszólalt drogügyeiről",https://24.hu/elet-stilus/2026/04/03/t-danny-drogugyek-dokumentumsorozat/
34eb9653bff41a7474d7d391b7aeddaff18099f8c5c17bac3be8c95c037616f1,2026-04-03 09:34:29.330589+00:00,hu,24.hu,24.hu,2026-04-03,"Ukrán nyelvű Tisza-plakátokat terítettek Debrecenben, a rendőrség akadályozta meg őket",https://24.hu/belfold/2026/04/03/ukran-plakat-debrecen-fidesz-tisza/
6825902bb2b46ab4bb6f762d999c92dd6bf10c68c54972c1ec106de90675cfae,2026-04-03 09:34:24.938107+00:00,hu,24.hu,24.hu,2026-04-03,"Direkt36: Henry lényegében magára vállalta az akciót, és azt állította, hogy az ő csapata helyezte el a kémtollat a Tisza Pártnál",https://24.hu/belfold/2026/04/03/direkt-36-gundalf-henry-kemtoll/
c57e86fb6ef2f36a6619ba7400e40d7c7348b864075050b620348b8ec5157c9e,2026-04-03 09:34:14.099791+00:00,hu,24.hu,24.hu,2026-04-03,"Belehúztak az utolsó napon külföldön élő magyarok, 25 ezerrel többen szavaznak idén külképviseleten, mint négy éve",https://24.hu/kulfold/2026/04/03/kulkepviselet-atjelentkezes/
1a6e433ec74071d6f19d78fada0eff77c7a6627e2343c12ec406b0bb94954783,2026-04-03 08:25:03.050096+00:00,hu,24.hu,24.hu,2026-04-03,"Úgy vezette a meccset, mintha épp menstruálna"" – Neymart nőgyűlölettel vádolják a nyilatkozata miatt",https://24.hu/sport/foci/2026/04/03/neymar-santos-remo-jatekvezeto-nogyulolet/
881965042eca966e111f5517777363ee0c8a566846e4e55d3bcc475ff2f60840,2026-04-03 08:24:58.133812+00:00,hu,24.hu,24.hu,2026-04-03,Próbakörből lopás: fizetés nélkül vitte el a kiszemelt autót egy 18 éves férfi,https://24.hu/belfold/2026/04/03/auto-lopas-probakor-18-eves/
0cc1f2d9e2ef7ec26341caa2ec213f7d8cf048de2602acaa924c3f5f471d83f6,2026-04-03 07:32:44.478320+00:00,hu,444.hu,444.hu,2026-04-03,Csömör továbbra sem kér Tuzson Bence plakátjaiból,https://444.hu/2026/04/03/csomor-tovabbra-sem-ker-tuzson-bence-plakatjaibol?utm_source=hirstart&utm_medium=referral&utm_campaign=ct
d7a60e96fb910382efba4bbe862624af7e61846b1cd9d017e8c5d2e0058b039b,2026-04-03 07:26:06.517962+00:00,hu,24.hu,24.hu,2026-04-03,"Ruszin-Szendi Romulusz Pálinkás százados szavairól: Eljön az a pont, amikor már nem lehet nyelni, éppen a hazád miatt.",https://24.hu/belfold/2026/04/03/ruszin-szendi-romulusz-palinkas-szilveszter-szazados/
f04bcf38d4143632ecba0797a855fa021e0b19316730d50712a716c7744df4e4,2026-04-03 07:25:50.501112+00:00,hu,24.hu,24.hu,2026-04-03,"Tóth Gabi: Az elmúlt időszak engem is próbára tett, de nem panaszkodom, elbírom!",https://24.hu/elet-stilus/2026/04/03/toth-gabi-figyelem-lejaratas-gondolatok/
06cbb52bcb4b5b8e190c24d5a9ca93b94d5ed9d8a521b386b29d6f491ebb0734,2026-04-03 07:25:40.204603+00:00,hu,24.hu,24.hu,2026-04-03,Heti Hetes: az RTL bejelentette a műsor első női szereplőjét,https://24.hu/elet-stilus/2026/04/03/heti-hetes-rtl-uj-szereplo-fancsikai-eszter/
47dc03b43a26c8c79dacd725421135eb38fd32287909600ccb67dc93136caf6f,2026-04-03 07:25:13.265402+00:00,hu,24.hu,24.hu,2026-04-03,"A kormányközeli Nézőpont szerint a Fidesznek akkor sem lenne kétharmada, ha koalícióra lépne a Mi Hazánkkal",https://24.hu/belfold/2026/04/03/nezopont-mandatumbecsles/
24bd6b2f71d3b21bf98b890c3031eb142746ab65b3e48cb87216381633eec5f8,2026-04-03 07:25:08.343969+00:00,hu,24.hu,24.hu,2026-04-03,Győri lejtmenet: valótlan tartalmú bankkivonatok a 405 milliónyi állami támogatás körül,https://24.hu/sport/2026/04/03/uni-gyor-nemzeti-kosarlabda-akademia-egyesulet-uni-gyor-kosarlabda-fuzy-andras-tao-latvanysport-tamogatas-nav-moksz-kosarlabda/
24a90b6bc1ad6ad39c07d4211c8c9ce96df8263e6e115f9ed846b80db37ba2ba,2026-04-03 07:25:03.343424+00:00,hu,24.hu,24.hu,2026-04-03,"Olyan érzésem volt, mintha nem lennék a testemben"" – Tóth Vera megszólalt korábbi összeomlásáról",https://24.hu/elet-stilus/2026/04/03/toth-vera-osszeomlas-videki-elet/
4f52a7fd40300e72a43d1af132826a86cfab3c529b3bb1ae4b867ef5ecc69e3a,2026-04-03 07:24:58.464282+00:00,hu,24.hu,24.hu,2026-04-03,"Épp az elnökkel beszéltem telefonon"" – mondta letartóztatásakor Tiger Woods",https://24.hu/kulfold/2026/04/03/ittas-vezetes-letartoztatas-video-tiger-woods/
b2093069b380f73ca493d0dc7d9bc7854a2372a4236de607da81599f83c730f9,2026-04-03 06:27:11.939589+00:00,hu,444.hu,444.hu,2026-04-03,"Partos Bence egykori birkózótársai állnak az igazi Harcosok Klubja élén, ami Orbán országjárását kíséri",https://444.hu/2026/04/03/partos-bence-egykori-birkozotarsai-allnak-az-igazi-harcosok-klubja-elen-ami-orban-orszagjarasat-kiseri?utm_source=rss_feed&utm_medium=rss&utm_campaign=rss_syndication
931cb73a55b33b3d260f09aab5aa5937d15cb1ab798afc83dcc310ad53fbceb8,2026-04-03 06:26:17.112521+00:00,hu,444.hu,444.hu,2026-04-03,Jó időben lehet-e locsolkodni?,https://444.hu/2026/04/03/jo-idoben-lehet-e-locsolkodni?utm_source=rss_feed&utm_medium=rss&utm_campaign=rss_syndication
a8961eb6dbfb630307138161454ee58fdc1a88bbaf97b762e99ec4c6acfef2a9,2026-04-03 06:22:51.446860+00:00,hu,24.hu,24.hu,2026-04-03,"Rubint Réka a betegségéről: Más ember lettem az elmúlt, közel négy évben… sok mindenre választ kaptam",https://24.hu/elet-stilus/2026/04/03/rubint-reka-betegseg-csalad-kuzdelem/
6aba641d772f9eaad931e96bb707581f49f4065b03a9ea5b08c2c9e504b1b1f7,2026-04-03 06:22:23.157095+00:00,hu,24.hu,24.hu,2026-04-03,Reagált Szalay-Bobrovniczky Kristóf a csádi misszióról beszélő százados szavaira,https://24.hu/belfold/2026/04/03/szalay-bobrovniczky-kristof-honvedseg/
d6c0377fbb162b74f2c9b1f5d93b5a20fea442e855ecff085af4803ef2fdb319,2026-04-03 06:22:04.574271+00:00,hu,24.hu,24.hu,2026-04-03,Végre kiszabadulhatunk a húsvéti hosszú hétvégén,https://24.hu/belfold/2026/04/03/ido-idojaras-husvet-hosszu-hetvege/
e8c2a32181aa9d945e24c4c509c036701d585109fa7901106974bf6977a12319,2026-04-03 06:21:59.740510+00:00,hu,24.hu,24.hu,2026-04-03,"Az életemet tették tönkre"" – könnyeivel küszködve fogadta az ítéletet egy devizahiteles, aki 40 millió forintot kap vissza",https://24.hu/belfold/2026/04/03/devizahitel-itelet-fovarosi-itelotabla-unicredit-bank/
69fc52501478b2a2b870235683d423a4c04a1a9f3e099156848f9f80a70d8c3c,2026-04-03 06:21:04.908703+00:00,hu,24.hu,24.hu,2026-04-03,"Robbantás, vesszőzés, valódi keresztre feszítés – kvíz a legfurább húsvéti hagyományokról",https://24.hu/elet-stilus/2026/04/03/husvet-fura-hagyomany-kviz/
fda7dcdca94e77e4cfb3cbb6d981aa2e2b0566825740f52224717a87a0634dc1,2026-04-03 06:20:47.052039+00:00,hu,24.hu,24.hu,2026-04-03,"10 percig halott volt, de a túlvilág helyett a jövőbe utazott – állítja egy fiatal mexikói orvostanhallgató",https://24.hu/elet-stilus/2026/04/03/10-perc-halal-ideig-jovo-orvostanhallgato/
6672cc568b488820f3457406e165667484cfc0db506cdc72e557b1905cc3a8e1,2026-04-03 04:21:23.501067+00:00,hu,24.hu,24.hu,2026-04-03,"Csengetett, Mylord?-kvíz: kié volt ez a parádés idézet? – II. felvonás",https://24.hu/elet-stilus/2026/04/03/csengetett-mylord-kviz-idezetek-ii-felvonas/
4e1b6d0766c9945d5df41f44f699022c80a587f682f0bc594bf079e5a78b92cb,2026-04-03 03:20:30.474678+00:00,hu,24.hu,24.hu,2026-04-03,"Nem elég a vb-kudarc, ennél is nagyobb pofont kaphat az olasz futball",https://24.hu/sport/foci/2026/04/03/olasz-foci-vb-kudarc-2032-es-eb-rendezes/
3cd70f0f20d22fcfc4897db7220cd274e8353b7aa55401704a5b8acfc7e9b7d3,2026-04-03 03:20:17.063156+00:00,hu,24.hu,24.hu,2026-04-03,Kvíz: a Megváltó a filmvásznon – minden Jézusról szóló filmet felismersz egy képkockából?,https://24.hu/elet-stilus/2026/04/03/kviz-jezus-krisztus-napi-kerdesek-husvet/
7ab8d27412e563935cba896b650bfba4dfe6de044f856c79949532c94db433c8,2026-04-03 03:17:22.005707+00:00,hu,444.hu,444.hu,2026-04-03,"Túl sok szürke zóna, túl sok ellentüntető",https://444.hu/2026/04/03/tul-sok-szurke-zona-tul-sok-ellentunteto
6bc08ff47f8eb787f65efe652b6651c10c3122b32dca0f614d8ded132ac82e38,2026-04-03 02:26:39.485646+00:00,hu,24.hu,24.hu,2026-04-03,"A Szovjetunió nálunk is megünnepelt hőse élőben látta, ahogy a Vasas kapusa luftot rúg a gólvonalon",https://24.hu/sport/foci/2026/04/03/1966-aprilis-3-nepstadion-kettos-rangado-alekszej-leonov/
828cc2fc86009a5dbe043ec40f473f15de8890f7124c596e2b89b79f301423bd,2026-04-02 22:23:57.876461+00:00,hu,444.hu,444.hu,2026-04-02,"Orbán fellépett Szombathelyen a színpadra, és legalább öt percig csak a hangos ellentüntetőkkel foglalkozott",https://444.hu/2026/04/02/orban-fellepett-szombathelyen-a-szinpadra-es-legalabb-ot-percig-csak-a-hangos-ellentuntetokkel-foglalkozott?utm_source=rss_feed&utm_medium=rss&utm_campaign=rss_syndication
24c85c227bcf7251266cd20eec9d618a525dd992e9623ac274b3dc85e7f41cf3,2026-04-02 22:23:10.842064+00:00,hu,444.hu,444.hu,2026-04-02,"Trump kirúgta az igazságügyi miniszterét, részben az Epstein-ügy miatt",https://444.hu/2026/04/02/trump-kirugta-az-igazsagugyi-miniszteret-reszben-az-epstein-ugy-miatt?utm_source=rss_feed&utm_medium=rss&utm_campaign=rss_syndication
7189c26f3711f15a1e9a5655a90051c5e9774b2ffc9556ef59209b21a8c2fd85,2026-04-02 22:23:06.063583+00:00,hu,444.hu,444.hu,2026-04-02,"Orbán: Ha másnak adnak bizalmat, annak lesznek következményei",https://444.hu/2026/04/02/orban-ha-masnak-adnak-bizalmat-annak-lesznek-kovetkezmenyei?utm_source=rss_feed&utm_medium=rss&utm_campaign=rss_syndication
475ef7824044bb370e25bfa709c84fe0d832c4b0ba720930b8d3bff0e2df7786,2026-04-02 22:23:02.754671+00:00,hu,444.hu,444.hu,2026-04-02,"Magyar Péter köszönetet mondott a három kutyapártos jelöltnek, amiért visszaléptek",https://444.hu/2026/04/02/magyar-peter-koszonetet-mondott-a-harom-kutyapartos-jeloltnek-amiert-visszaleptek?utm_source=rss_feed&utm_medium=rss&utm_campaign=rss_syndication
04f957b071889c476adaee24f9666f73e117d87fd55fa234fb9a09b132748b74,2026-04-02 22:22:57.361343+00:00,hu,444.hu,444.hu,2026-04-02,Ausztria nem engedi át légterén az amerikai gépeket,https://444.hu/2026/04/02/ausztria-nem-engedi-at-legteren-az-amerikai-gepeket?utm_source=rss_feed&utm_medium=rss&utm_campaign=rss_syndication
5cde35a96c5f301de66ba4bc216c9f9653f7347aea68f51193845a8db78ee52f,2026-04-02 22:22:49.514640+00:00,hu,444.hu,444.hu,2026-04-02,Jövő kedden Budapestre érkezik J. D. Vance,https://444.hu/2026/04/02/jovo-kedden-budapestre-erkezik-jd-vance-amerikai-alelnok?utm_source=rss_feed&utm_medium=rss&utm_campaign=rss_syndication
3fca1e3f785e170d9e6f83f59d281ca7631f5084fbb273781993a8fb49407b6c,2026-04-02 22:22:36.905338+00:00,hu,444.hu,444.hu,2026-04-02,Már egy kecskeméti kis kocsmát is bezárattak ideiglenesen kábítószer-kereskedelem miatt,https://444.hu/2026/04/02/mar-egy-kecskemeti-kis-kocsmat-is-bezarattak-ideiglenesen-kabitoszer-kereskedelem-miatt?utm_source=rss_feed&utm_medium=rss&utm_campaign=rss_syndication
0242f976e2e7922b3218bf28f5cc21f006f107408898e24cc907f2ef20da0779,2026-04-02 22:22:25.831823+00:00,hu,444.hu,444.hu,2026-04-02,"Míg Orbán a színpadon hadonászik, hogy nem kér az ukránokból, az Öböl-államok sorra kötik a megállapodásokat Zelenszkijjel",https://444.hu/2026/04/02/mig-orban-a-szinpadon-hadonaszik-hogy-nem-ker-az-ukranokbol-az-obol-allamok-sorra-kotik-a-megallapodasokat-zelenszkijjel?utm_source=rss_feed&utm_medium=rss&utm_campaign=rss_syndication
4f24626c92b6902bf19a94512186d96eb90de366ce1f159888c48aa0abf01b17,2026-04-02 22:22:20.813071+00:00,hu,444.hu,444.hu,2026-04-02,"Pálinkás Szilveszter százados szerint a honvédség morális mélyponton van, Orbán Gáspár pedig nagyon meredek terveket osztott meg vele",https://444.hu/2026/04/02/palinkas-szilveszter-szazados-szerint-a-magyar-honvedseg-moralis-melyponton-van-orban-gaspar-pedig-nagyon-meredek-terveket-osztott-meg-vele?utm_source=rss_feed&utm_medium=rss&utm_campaign=rss_syndication
61a98e368dfb88c221638e1ea1b5ab5f21c5a51574196324082cbf22b90dbc78,2026-04-02 22:22:11.945950+00:00,hu,444.hu,444.hu,2026-04-02,"Akár kilép Trump a NATO-ból, akár nem, a szövetség már csak papíron létezik",https://444.hu/2026/04/02/akar-kilep-trump-a-nato-bol-akar-nem-a-szovetseg-mar-csak-papiron-letezik?utm_source=rss_feed&utm_medium=rss&utm_campaign=rss_syndication
5dbc60be1cddfa5cab4469789a2bfd08da4ef18a77037ff330cc23573b9327dc,2026-04-02 20:38:19.631587+00:00,hu,24.hu,24.hu,2026-04-02,A nap legfontosabb hírei – 2026.04.02.,https://24.hu/belfold/2026/04/02/a-nap-legfontosabb-hirei-2026-04-02/
5b70f71956cc47cdfd9ba7e84f16e8e00587cbc69b26934df0bd1d57864d0713,2026-04-02 20:38:13.969605+00:00,hu,24.hu,24.hu,2026-04-02,Trump kirúgta az igazságügyi miniszterét,https://24.hu/kulfold/2026/04/02/trump-pam-bondi-miniszter-kirugas/
6a1f4519ed7f3d66c639167cfb421bcbe8eed860def57b88a41903fc1bb8b010,2026-04-02 20:37:25.134073+00:00,hu,24.hu,24.hu,2026-04-02,Hivatalos: Jön JD Vance Magyarországra,https://24.hu/kulfold/2026/04/02/jon-jd-vance/
55c4921550ab9990d20419956ea88c8e802ef3d9d7ea731c430410932efe8399,2026-04-02 20:37:20.207393+00:00,hu,24.hu,24.hu,2026-04-02,"Mentőhelikopter vitte kórházba a sziklának, majd autónak csapódó kerékpárost",https://24.hu/sport/2026/04/02/kerekpar-jaume-guardeno-sulyos-baleset/
7c491ab5fec0f139f9f08ccc54f790f5c99f53b68d9a729d1466471ec9aa192b,2026-04-02 20:36:37.092673+00:00,hu,24.hu,24.hu,2026-04-02,"Halálra gázoltak egy 39 éves férfit, a sofőr elhajtott, visszament, majd megint elhajtott",https://24.hu/belfold/2026/04/02/kunmadaras-halalos-gazolas-cserbenhagyas/
3ceb79f9c419a9e72146569175c44f735ce01f4ca015c739d6af9e26ffadbba3,2026-04-02 19:43:11.275495+00:00,hu,atlatszo.hu,atlatszo.hu,2026-04-02,"49 sajtópert bukott a kormánymédia 2025-ben, a rekorder a Magyar Nemzet lett",https://atlatszo.hu/kozadat/2026/04/02/49-sajtopert-bukott-a-kormanymedia-2025-ben-a-rekorder-a-magyar-nemzet-lett/
4a03adc0d11c5bef3db7831c7864a1898e1ce9a10a2c33222b247b39feb6aa50,2026-04-02 19:42:49.929570+00:00,hu,atlatszo.hu,atlatszo.hu,2026-04-02,"Szijjártó Péter futsalos haverja, és Lázár János dohánygyáras földije",https://atlatszo.hu/mutyimondo/2026/04/02/szijjarto-peter-futsalos-haverja-es-lazar-janos-dohanygyaras-foldije/
60364fec966da0a3395d4c0d723c57f00664b8c3e5eab1b8e93ca017a6a83249,2026-04-02 19:41:27.260979+00:00,hu,24.hu,24.hu,2026-04-02,"Hiába került volna ki Magyar Péter videója, egy férfi politikusnak macsó a szexbotrány",https://24.hu/kultura/2026/04/02/szexbotrany-politika-valasztas-bukas/
94ca52f6eda124df388b682741d815f46a92451ec162690161da8150c2c4ba0b,2026-04-02 19:41:22.221251+00:00,hu,24.hu,24.hu,2026-04-02,"Orbán Viktor Hajdú Péternek: A vereséget sem élem meg drámaian, hanem a munkám részeként elfogadom",https://24.hu/belfold/2026/04/02/orban-viktor-hajdu-peter/
915226719c5d6c4b8fcdf05d6ea9ed1aa5405af18a68366ab2241a3de7057177,2026-04-02 19:41:14.246551+00:00,hu,24.hu,24.hu,2026-04-02,"Kitálaló katona Orbán Gáspár csádi missziójáról: Elmondta azt, hogy a misszió során ötvenszázalékos harcértékvesztéssel számol, azt jelenti, hogy az általa vezetett misszióban ötven százaléka a magyar katonáknak meg fog halni",https://24.hu/belfold/2026/04/02/palinkas-szilveszter-orban-gaspar-csad-honvedelem/
0e65ceae7d31503a2fe27822c61b9e775bee64959ba45c5634c2b0983663112e,2026-04-02 19:40:46.609401+00:00,hu,24.hu,24.hu,2026-04-02,"Orbán: Ha nagyon sípolnak, majd időnként szólok, emlékeztessük őket, hogy vendégségben illendő a házigazdákhoz alkalmazkodni",https://24.hu/belfold/2026/04/02/orban-orszagjaras-szombathely/
9208aaab60f65af00f9ea6afd3a9a40ef933c0abfd9c49e698f875a2254d62e7,2026-04-02 19:40:08.526506+00:00,hu,24.hu,24.hu,2026-04-02,"Lakatos László a lehetőségről, hogy visszatérhet A Nagy Duettbe: Részben örültem, részben nem",https://24.hu/elet-stilus/2026/04/02/a-nagy-duett-lakatos-laszlo-tolvai-reni-visszateres/
949caf54a478ced6c77db62616a454e115e2abf67846769690843cbf133e1c44,2026-04-02 19:39:41.038512+00:00,hu,24.hu,24.hu,2026-04-02,"Nagyot harcolt a Szeged, legyőzte a Kielcét a BL-playoffban",https://24.hu/sport/2026/04/02/kezilabda-szeged-legyozte-a-kielcet/
00a42cf565ae5af3a044114e7ca104747062e15571e57390c5d49fa01e6c101f,2026-04-02 19:39:16.032040+00:00,hu,24.hu,24.hu,2026-04-02,Schóbert Norbi: A rák nem válogat,https://24.hu/elet-stilus/2026/04/02/rubint-reka-daganat-schobert-norbi-a-rak-nem-valogat/
c8f79b1232c6e6577644bb1e35ec219c8b00bc4d28993e205117cbac41395e43,2026-04-02 19:39:04.532193+00:00,hu,24.hu,24.hu,2026-04-02,Magyar Péter: Tudomásunk szerint nagyon sok szállító repülőgép érkezik harci járművekkel Magyarországra,https://24.hu/belfold/2026/04/02/magyar-peter-kiskunhalas/
0ce845c5ba4323ed6d4188b2b7e0c7ca22b5c6b4168417921a245c06d1a86b9d,2026-04-02 18:31:08.315130+00:00,hu,24.hu,24.hu,2026-04-02,"Rubint Réka a TV2 kamerái előtt vette le parókáját, sírva beszélt a betegségéről",https://24.hu/elet-stilus/2026/04/02/rubint-reka-daganat-betegseg-vallomas/
be2fd4a69fbcf7b3c74abc976caa1f1dd2aab5ce0a76c92a9f925064ac3e01a1,2026-04-02 17:35:51.700775+00:00,hu,24.hu,24.hu,2026-04-02,"Biztosra csak akkor lehet mondani, hogy vége, amikor már kidobom a cipőmet"" – Szucsánszki Zita a szezon végén visszavonul",https://24.hu/sport/2026/04/02/kezilabda-szucsanszki-zita-visszavonul/
04cbb59941900516c5deae48bdd4590c8e78bf3616a4941bfc6885830a7233ff,2026-04-02 17:35:42.331741+00:00,hu,24.hu,24.hu,2026-04-02,"Eltemették Zalavári Bálint Zsoltot, a halálra gázolt rendőrt",https://24.hu/belfold/2026/04/02/zalavari-balint-zsolt-temetes/
d4f8a38fcfa29d60e8cfc8efb3f632bd4ae5fd9439504c1dc43dfebdfeb3d82f,2026-04-02 17:35:37.177475+00:00,hu,24.hu,24.hu,2026-04-02,"A Fidesz nincs hozzászokva, hogy ő az MSZP""",https://24.hu/belfold/2026/04/02/podcast-haromharmad-kozvelemeny-kutato-szabo-bence-gundalf/
4e9b1a2a4d7ce97006a3d867d86c40c2fda3861cac6debe5df2198b300bd65ff,2026-04-02 17:34:56.060796+00:00,hu,24.hu,24.hu,2026-04-02,Ausztria nem engedi az amerikaiaknak használni a légterét az Irán elleni háborúban,https://24.hu/kulfold/2026/04/02/ausztria-nem-engedi-az-amerikaiaknak-hasznalni-a-legteret-az-iran-elleni-haboruban/
2fe13b35d1d74a4d5b51c91699c01e5fe010965e8e0637f36e53cddf53b43374,2026-04-02 17:34:51.670975+00:00,hu,24.hu,24.hu,2026-04-02,"Tölgyessy: Jó eséllyel az ellenzék meg fogja nyerni ezt a választást, az sem lehetetlen, hogy ebből kétharmad lesz",https://24.hu/belfold/2026/04/02/tolgyessy-inga-ketharmad/
fbda86d47b764d438523a8e23cdf854841d91ba6a139b4dea1af30410609ffbb,2026-04-02 17:34:08.463767+00:00,hu,24.hu,24.hu,2026-04-02,"Hogyha rájuk szavaztok, akkor tízezer forintot tudnak adni pluszban"" – Nagy Ervin feljelentést tesz egy állítólagos hangfelvétel miatt, amiben megvásárolnák a fideszes voksokat",https://24.hu/belfold/2026/04/02/nagy-ervin-fidesz-szavazatvasarlas-feljelentes/
71145334c4da3314f2600ac6ab33471d5ba10b3fe84bcf750a92b92c4abd47b1,2026-04-02 17:26:06.008452+00:00,hu,444.hu,444.hu,2026-04-02,62-ből 49 sajtópert bukott el a kormánymédia tavaly,https://444.hu/2026/04/02/hatvankettobol-negyvenkilenc-sajtopert-bukott-el-a-kormanymedia-tavaly?utm_source=hirstart&utm_medium=referral&utm_campaign=ct
867f052192f98a06e4b0cb4aed36bbe2cb84997f01776c5bb42a3063718b925d,2026-04-02 16:35:32.181000+00:00,hu,24.hu,24.hu,2026-04-02,"Férfias munka volt""! Felépítettünk egy kamiont egy áruházban",https://24.hu/belfold/2026/04/02/ferfias-munka-volt-felepitettunk-egy-kamiont-egy-aruhazban/
a4e4587a9e404bf4bfa2b8ad371effbd3118fa4572fdfa0bccac38bdc78ce397,2026-04-02 16:35:13.228347+00:00,hu,24.hu,24.hu,2026-04-02,A szakértő szerint Gundalf nem beszervezhető,https://24.hu/belfold/2026/04/02/gundalf-kriminalpszichologus-viselkedes-felvetelek/
43b77425b7da7558e455cc20f2107c5206689d8405aa3f183d67452eef4c7b4f,2026-04-02 16:34:40.323584+00:00,hu,24.hu,24.hu,2026-04-02,"Pintér Bence: Nagyon tartottam attól, hogy fizikai erőszakra kerül sor",https://24.hu/belfold/2026/04/02/gyor-fekete-ruhasok-fizikai-eroszak/
52efa8ec865b19d1b3d51e2cb34f3175d9ce537eab27fbe1f5f0a6a464d6720a,2026-04-02 16:34:35.315632+00:00,hu,24.hu,24.hu,2026-04-02,"41 polgármester kéri egy nyilatkozatban, hogy a szabolcsiak szavazzanak a Fideszre",https://24.hu/belfold/2026/04/02/szabolcs-polgarmesterek-nyilatkozat/
8fadd2d2c67a28cb9578ed49a6ef1eb77f6cf07fad5af7ce612f5888266d97b2,2026-04-02 16:34:29.662109+00:00,hu,24.hu,24.hu,2026-04-02,Jön az újabb aranygeneráció? – a Kárpátok Maradonája lehet a román válogatott új szövetségi kapitánya,https://24.hu/sport/foci/2026/04/02/roman-valogatott-gheorghe-hagi-mircea-lucescu/
6064e338f538512dc0c9d0da8dcc7c6447fdc5e83431e7fb9aa483e9d7f7959b,2026-04-02 16:33:44.049322+00:00,hu,24.hu,24.hu,2026-04-02,"Magatehetetlen embert láttak egy ihászi lakásban az ablakból, már nem lehetett megmenteni az életét",https://24.hu/belfold/2026/04/02/ihasz-szen-monoxid-mergezes/
0761e501cf654a4ce7452f675f88f368843996ab9e53961c20f3cd218a7c0d76,2026-04-02 16:24:13.352012+00:00,hu,444.hu,444.hu,2026-04-02,"Felszámolják a céget, amely akkufeldolgozót akart építeni Sóskútra",https://444.hu/2026/04/02/felszamoljak-a-ceget-amely-akkufeldolgozot-akart-epiteni-soskutra?utm_source=rss_feed&utm_medium=rss&utm_campaign=rss_syndication
a81cfefce80e5077a86fa751cfcfa85c6ddba3e2107e0d056a1c8b3f13a546ee,2026-04-02 16:23:42.888579+00:00,hu,444.hu,444.hu,2026-04-02,Iványi Gábor mélyen meghatódott Szabó Bence felajánlásától,https://444.hu/2026/04/02/ivanyi-gabor-melyen-meghatodott-szabo-bence-felajanlasatol?utm_source=rss_feed&utm_medium=rss&utm_campaign=rss_syndication
edfb0247d4308aac146dd61c3a5f468da590d166c9053c6cdbd97e603ce8da41,2026-04-02 16:23:17.739474+00:00,hu,444.hu,444.hu,2026-04-02,"Az Alkotmánybíróság megsemmisítette a Kúria döntését, ami szerint Orbán jogsértőn kampányolt egy kisgyerekkel a közösségi oldalán",https://444.hu/2026/04/02/az-alkotmanybirosag-megsemmisitette-a-kuria-donteset-ami-szerint-orban-jogserton-kampanyolt-egy-kisgyerekkel-a-kozossegi-oldalan?utm_source=rss_feed&utm_medium=rss&utm_campaign=rss_syndication
344718c531d6186c487eb9b7a4bb912b92fe6ca0b8bfe2c5f210620c64823ac4,2026-04-02 16:23:12.747847+00:00,hu,444.hu,444.hu,2026-04-02,"Megtalálták azt a dák aranysisakot, amit tavaly egy holland múzeumból loptak el",https://444.hu/2026/04/02/megtalaltak-azt-a-dak-aranysisakot-amit-tavaly-egy-holland-muzeumbol-loptak-el?utm_source=rss_feed&utm_medium=rss&utm_campaign=rss_syndication
3f20b3e7823e8c5e5be28b0704d74ddff21a5663c43f6d85a9f9007da6733d45,2026-04-02 16:23:06.848294+00:00,hu,444.hu,444.hu,2026-04-02,"Lejárató kiadványban támadják Tuzson tiszás ellenfelének férjét, de nem a Fidesz, hanem a DK, miközben a papíron ellenzéki párt jelöltje hamisítványnak nevezte a brosúrát",https://444.hu/2026/04/02/lejarato-kiadvanyban-tamadjak-tuzson-tiszas-ellenfelenek-ferjet-de-nem-a-fidesz-hanem-a-dk-mikozben-a-papiron-ellenzeki-part-jeloltje-hamisitvanynak-nevezte-a-brosurat?utm_source=rss_feed&utm_medium=rss&utm_campaign=rss_syndication
85c8b83c7f022db25021f4c89ea01d76bb269559b9dc50936ea473cb62198354,2026-04-02 16:22:51.720278+00:00,hu,444.hu,444.hu,2026-04-02,"Emlékszel a kátyús utcára, aminél „dolgozunk rajta” feliratú táblával pózoltak a fideszesek? Elkészült!",https://444.hu/2026/04/02/emlekszel-a-katyus-utcara-aminel-dolgozunk-rajta-feliratu-tablaval-pozoltak-a-fideszesek-elkeszult?utm_source=rss_feed&utm_medium=rss&utm_campaign=rss_syndication
bd651fada9bccca78a0ed2652d3aa5a27a210c9f214851911be59f4014f086a2,2026-04-02 16:22:42.811055+00:00,hu,444.hu,444.hu,2026-04-02,Tyúkól #65 – Miért kell minimum a nőknek?,https://444.hu/2026/04/02/tyukol65-miert-kell-minimum-a-noknek?utm_source=rss_feed&utm_medium=rss&utm_campaign=rss_syndication
5470d6531996d6fc964d6cf00c1ba59be9d9796ff405b7252a3d4d637a5d6171,2026-04-02 16:22:12.983817+00:00,hu,444.hu,444.hu,2026-04-02,Babakocsijában lőttek le egy héthónapos kislányt New Yorkban,https://444.hu/2026/04/02/babakocsijaban-lottek-le-egy-hethonapos-kislanyt-new-yorkban?utm_source=rss_feed&utm_medium=rss&utm_campaign=rss_syndication
18082754281e646fe726260b02f833a9f596ff30fd35159d577f8871c487adda,2026-04-02 15:35:01.316925+00:00,hu,24.hu,24.hu,2026-04-02,"Tovább terjeszkedhet a gödi Samsung SDI, földek kisajátítása is napirendre kerülhet",https://24.hu/fn/gazdasag/2026/04/02/samsung-sdi-god-akkugyar-akkumulator/
b4932b4b94abffa9c9b859cb1c33ab7b756687125a0dbdcfd49b7d3bcc3f2658,2026-04-02 15:34:55.699555+00:00,hu,24.hu,24.hu,2026-04-02,Elromlott a WC a Hold felé tartó Orion fedélzetén,https://24.hu/tech/2026/04/02/orion-artemis-2-wc-meghibasodas/
f9a1cce2e555517ff21d1669343570f9c8212e7d62c78e2b02ff975bfc82d418,2026-04-02 15:34:28.076657+00:00,hu,24.hu,24.hu,2026-04-02,"Csárdi Antal kilátásba helyezte visszalépését, ha Bódis Kriszta nyilvános vitán meg tudja győzni erről",https://24.hu/belfold/2026/04/02/csardi-antal-bodis-kriszta-nyilvanos-vita/
bffeab311514f7d3878672d0c185d264b169b3ff2b1134631249b0a9897ee681,2026-04-02 15:34:21.914295+00:00,hu,24.hu,24.hu,2026-04-02,Megszületett Hailee Steinfeld első gyereke,https://24.hu/elet-stilus/2026/04/02/hailee-steinfeld-elso-gyereke-megszuletett/
af0a668c209ba11adf109a9201b0ad6436b909924474b18d1f6d2bc7bddaaf86,2026-04-02 15:34:15.745976+00:00,hu,24.hu,24.hu,2026-04-02,"Lemondott az olasz futballelnök, már sztáredzőről álmodik a helyi sajtó",https://24.hu/sport/2026/04/02/olasz-foci-elnoki-lemondas-roberto-mancini-antonio-conte/
d5bbbc8607f649eb2157184141f858ac1fac41a78c2a26a05a64ef322a29d330,2026-04-02 15:33:43.867326+00:00,hu,24.hu,24.hu,2026-04-02,"Iványi Gábort mélyen meghatotta, hogy Szabó Bence az ő alapítványának is adna az adományokból",https://24.hu/belfold/2026/04/02/ivanyi-szabo-alapitvany-tamogatas/
1cee5971a53e26054b474f9e0351e38e942c393ca949c19b474f777fd99839cb,2026-04-02 15:33:25.581962+00:00,hu,24.hu,24.hu,2026-04-02,Két hónappal meghosszabbították a Morrison'sban gyilkoló erdélyi kőműves letartóztatását,https://24.hu/belfold/2026/04/02/morrisons-gyilkossag-komuves-letartoztatas/
427cad33406d0ee9625dabf19aa27db473133c0fe5a23c3a314a4190a5ce58a6,2026-04-02 15:24:38.938472+00:00,hu,444.hu,444.hu,2026-04-02,"41 polgármester aláírásával kérik a választókat Szabolcs-Szatmár-Bereg megyében, hogy a Fidesz jelöltjére szavazzanak",https://444.hu/2026/04/02/41-polgarmester-alairasaval-kerik-a-valasztokat-szabolcs-szatmar-bereg-megyeben-hogy-a-fidesz-jeloltjere-szavazzanak?utm_source=hirstart&utm_medium=referral&utm_campaign=ct
a8fabb2b7407ac62d53641a1f7bedadb7dbf463c61e499c7183733159b28ee71,2026-04-02 14:39:19.157516+00:00,hu,24.hu,24.hu,2026-04-02,"Szily Nóra leesett a létrától, kétórás műtét lett a balesetből",https://24.hu/elet-stilus/2026/04/02/szily-nora-letra-baleset-mutet/
350c53d5473dd4d9b3228a157c8c0b9f2557b5938a1b1ca66a636c1c0e749888,2026-04-02 14:39:02.667785+00:00,hu,24.hu,24.hu,2026-04-02,"Megkerült az a 2500 éves aranysisak, amit robbantással loptak el a betörők egy holland múzeumból",https://24.hu/kultura/2026/04/02/cotofenesti-i-aranysisak-rablas-hollandia/
1ec7f74831e47b605499593c11ed6c01792c39fc6385789a7a965dd2124c6698,2026-04-02 14:30:54.412260+00:00,hu,24.hu,24.hu,2026-04-02,"Hátba szúrt egy szerb–magyar kamionos egy bolgárt az M1-esen, a Sasfészeknél lévő benzinkútnál, életveszélyben az áldozat",https://24.hu/belfold/2026/04/02/m1-es-kamionosok-keseles-eletveszely/
d32380f7563818bfd2352846784a2741377e0b3eaf4660f804ba78aed0d09ebb,2026-04-02 14:30:37.358044+00:00,hu,24.hu,24.hu,2026-04-02,"Ázsia Expressz: Kiara Lorddal szokatlan dolog történt, a stáb majdnem nélküle indult el",https://24.hu/elet-stilus/2026/04/02/kiara-lord-azsia-expressz-keses/
7903cbe7d75c4cb243749bbc4db2e7268a1efd56870130f1910c44b8c00a75ac,2026-04-02 14:29:53.922096+00:00,hu,24.hu,24.hu,2026-04-02,"Elég csak vízzel megmosni az élelmiszereket, hogy tiszták legyenek?",https://24.hu/tudomany/2026/04/02/pfas-gyumolcs-zoldseg-vegyszer/
a6928c21189ebec8afeeda52414092e87ad31a2e4a3113e25f502c8e1f330a92,2026-04-02 14:24:35.013096+00:00,hu,24.hu,24.hu,2026-04-02,"Leálltak az önvezető taxik Kínában, volt, aki órákra egy járműben ragadt",https://24.hu/tech/2026/04/02/baidu-onvezeto-taxik-leallas/
9a7c7840523ed85a5f511a9844fc83fe73062f74c9ddd1857d6c284d7005ed23,2026-04-02 14:24:32.914166+00:00,hu,444.hu,444.hu,2026-04-02,"Tavaszias, napos idő várható a húsvéti hosszú hétvégén",https://444.hu/2026/04/02/tavaszias-napos-ido-varhato-a-husveti-hosszu-hetvegen?utm_source=rss_feed&utm_medium=rss&utm_campaign=rss_syndication
f665194adcaed7268b7bc83d51c1a1c763e3facdbd469fe1a7e56cb1e76aafb7,2026-04-02 14:24:30.063821+00:00,hu,24.hu,24.hu,2026-04-02,"Magyar Péter: Matolcsy, Mészáros és Tiborcz az első, kiemelt ügyfelei lesznek a vagyonvisszaszerzési hivatalnak",https://24.hu/belfold/2026/04/02/magyar-peter-interju-kampany-orban-viktor/
0fcb57ec2e57e2a3122762551b5676947cfd19366bb7e4516b80e31eb3246981,2026-04-02 14:24:22.031258+00:00,hu,444.hu,444.hu,2026-04-02,Nyomozást indított a Tisza siófoki jelöltje ellen az ügyészség,https://444.hu/2026/04/02/nyomozast-inditott-a-tisza-siofoki-jeloltje-ellen-az-ugyeszseg?utm_source=rss_feed&utm_medium=rss&utm_campaign=rss_syndication
d89d1023fbe39b1ca5d27ec9889f1397534006cfcc204ccb2ab04fe9a39b5b35,2026-04-02 14:24:17.039656+00:00,hu,444.hu,444.hu,2026-04-02,Teljesen új KRESZ-tábla érkezik a hazai utakra,https://444.hu/2026/04/02/teljesen-uj-kresz-tabla-erkezik-a-hazai-utakra?utm_source=rss_feed&utm_medium=rss&utm_campaign=rss_syndication
f33a512f230ca921a917050103021adfb881c0bc6f2d34fa211540a280fd216e,2026-04-02 14:24:09.514522+00:00,hu,444.hu,444.hu,2026-04-02,"„Itt azért erősen felmerül a gyanú, hogy orosz javaslatra történhetett” – Krekó Péter a beavatkozási kísérletekről",https://444.hu/2026/04/02/itt-azert-erosen-felmerul-a-gyanu-hogy-orosz-javaslatra-tortenhetett-kreko-peter-a-beavatkozasi-kiserletekrol?utm_source=rss_feed&utm_medium=rss&utm_campaign=rss_syndication
f67f7f6c3dbfdacf655c3baacf51a0575d68fc1e0dbff0fc86d834b103b6615a,2026-04-02 14:23:45.095656+00:00,hu,24.hu,24.hu,2026-04-02,Szezon végén visszavonul a Liverpoollal Bajnokok Ligáját nyerő kapus,https://24.hu/sport/2026/04/02/brugge-simon-mignolet-visszavonulas/
b74f04c5db9f67eaf86b26e249ad398bc614b7a2b68b6f41245f6fb3d2e55fce,2026-04-02 14:23:44.572577+00:00,hu,444.hu,444.hu,2026-04-02,"Csárdi Antal vitára hívta Bódis Krisztát, aki ha meggyőzi, visszalép",https://444.hu/2026/04/02/csardi-antal-vitara-hivta-bodis-krisztat-aki-ha-meggyozi-visszalep?utm_source=rss_feed&utm_medium=rss&utm_campaign=rss_syndication
baa0e2722f535e7ee36a4f0934313577541eae738057cd974431447a25ca010d,2026-04-02 14:23:40.014093+00:00,hu,24.hu,24.hu,2026-04-02,Így néztek ki Nagy Lajos király palotái fénykorukban,https://24.hu/tech/2026/04/02/nagy-lajos-palotai-rekonstrukcio/
cfafc1f74289a338906619dcb360657a0eafc254efb654c0da4f0814a361785f,2026-04-02 14:23:33.791479+00:00,hu,444.hu,444.hu,2026-04-02,"Terjeszkedik a Samsung Gödön: 4,2 milliárdért vett újabb területeket",https://444.hu/2026/04/02/terjeszkedik-a-samsung-godon-42-milliardert-vett-ujabb-teruleteket?utm_source=rss_feed&utm_medium=rss&utm_campaign=rss_syndication
7eac6d67f2309268aab18b347cd561ae815933b2e98dcbfbd9aca11b0e928b8f,2026-04-02 14:23:29.455755+00:00,hu,24.hu,24.hu,2026-04-02,Macron visszaszólt Trumpnak,https://24.hu/kulfold/2026/04/02/macron-visszaszolt-trumpnak/
e8989d57dee47ef6eb7ea42b7718ce5e20743b54d25b90fed7db4b4f7553454c,2026-04-02 14:23:14.374173+00:00,hu,444.hu,444.hu,2026-04-02,Részvényeket csereberélt a Tiborcz-féle alapkezelő a Mollal,https://444.hu/2026/04/02/reszvenyeket-csereberelt-a-tiborcz-fele-alapkezelo-a-mollal?utm_source=rss_feed&utm_medium=rss&utm_campaign=rss_syndication
7f9e41230ce173cb2be79319a6a378507c8f03a6160fa4be699c016dcbb45000,2026-04-02 14:23:09.302916+00:00,hu,444.hu,444.hu,2026-04-02,"Támadásokra figyelmeztet a bagdadi amerikai nagykövetség, azonnali távozásra szólítják fel az amerikaiakat",https://444.hu/2026/04/02/tamadasokra-figyelmeztet-a-bagdadi-amerikai-nagykovetseg-azonnali-tavozasra-szolitjak-fel-az-amerikaiakat?utm_source=rss_feed&utm_medium=rss&utm_campaign=rss_syndication
4707846502de107359f610e5dee12354654a5a63a2e51a48ce80a37f69150f1f,2026-04-02 14:22:48.013060+00:00,hu,444.hu,444.hu,2026-04-02,"Németh Balázs azzal kampányol, hogy utálják, mint a szart",https://444.hu/2026/04/02/nemeth-balazs-azzal-kampanyol-hogy-utaljak-mint-a-szart?utm_source=rss_feed&utm_medium=rss&utm_campaign=rss_syndication
6030b464b6e831c161d7dadf6ea2b3ffd09fd72a0e79a9ea2dcecc97781d696c,2026-04-02 14:22:42.696048+00:00,hu,444.hu,444.hu,2026-04-02,Macron: Irreális lenne erővel újranyitni a Hormuzi-szorost,https://444.hu/2026/04/02/macron-irrealis-lenne-erovel-ujranyitni-a-hormuzi-szorost?utm_source=rss_feed&utm_medium=rss&utm_campaign=rss_syndication
49b51f29da9b6ad77e4297ab41a152109dfed69eb8fc88ae394405ef24a0f2a6,2026-04-02 14:22:37.793336+00:00,hu,444.hu,444.hu,2026-04-02,Szijjártó elfelejtette az őt megtagadó tanárát,https://444.hu/2026/04/02/szijjarto-elfelejtette-az-ot-megtagado-tanarat?utm_source=rss_feed&utm_medium=rss&utm_campaign=rss_syndication
32c9101d456c38e287e5a2d1d25a7ccac6504009519f35c8a1f217b39456ca2a,2026-04-02 13:32:09.781319+00:00,hu,24.hu,24.hu,2026-04-02,Csalás miatt nyomoznak a Tisza siófoki jelöltje ellen,https://24.hu/belfold/2026/04/02/tisza-nyomozas-csalas-siofok/
50e7024d9873f3f89fee8f75b4312ee45c8aaae7dd7e70e43a0f2308a12784d4,2026-04-02 13:31:55.227951+00:00,hu,24.hu,24.hu,2026-04-02,Nem csak kitaláció A Hail Mary-küldetés,https://24.hu/tudomany/2026/04/02/hail-mary-project-tudomany/
bf5c7b438876c53cab4b33633fdeff8c0d5ebfdc042bea95b4573c329ca23354,2026-04-02 13:31:43.623450+00:00,hu,24.hu,24.hu,2026-04-02,"IDEA Intézet: A fideszesek negyede nem zárja ki, hogy végül a Mi Hazánkra szavaz",https://24.hu/belfold/2026/04/02/idea-intezet-mi-hazank-valasztas/
7a19dafe1adab7a8c8606c0dce4f3d2e83e1ffd48115f77b85b942b2aec8e10e,2026-04-02 13:31:38.666934+00:00,hu,24.hu,24.hu,2026-04-02,"Schóbert Norbit és fiát meglátogatta a honvédelmi miniszter: ""Arról beszélgettünk, hogy április 12-én ne engedjük elárulni a hazát!""",https://24.hu/elet-stilus/2026/04/02/schobert-norbi-honvedelmi-miniszter-latogatas/
f54844146494c4f444c48c2da8b43c44c5de243bda31b7b2f8de19443398c000,2026-04-02 13:31:33.636643+00:00,hu,24.hu,24.hu,2026-04-02,Így lett fizetésképtelenség minden idők legnagyobb beruházásából,https://24.hu/fn/gazdasag/2026/04/02/andrada-akkumulator-fizeteskeptelenseg-szijjarto-peter/
7d276d5c6854620f2feb36d0d85ca2dcdb526416ecef0c2feda2ce0b4feeba8f,2026-04-02 13:31:28.627936+00:00,hu,24.hu,24.hu,2026-04-02,Április 16-án temetik Nádasdy Ádámot,https://24.hu/kultura/2026/04/02/nadasdy-adam-temetes/
1974d674eb6afb74a8eefb1ad6c07b136d240f5e4dbdc2d25b7cf6d8323ac9fb,2026-04-02 13:31:13.543562+00:00,hu,24.hu,24.hu,2026-04-02,A MOHU is nagyon készül a húsvétra a REpont automatákkal,https://24.hu/belfold/2026/04/02/repont-husvet/
1f90e8d27384bd830287c455f215fd4cdc5ca1337507276228852a22bbe8cbc2,2026-04-02 13:31:08.630567+00:00,hu,24.hu,24.hu,2026-04-02,"Csőtörés miatt mentek a Szilágyi Erzsébet fasorra, második világháborús repeszgránátot találtak",https://24.hu/belfold/2026/04/02/budapest-robbanoeszkoz-csotores-utlezaras/
fc003a6d9cf1044a277a4bb6037a95bc19e060aadfc87bfc7bf648307763f300,2026-04-02 13:30:47.295489+00:00,hu,24.hu,24.hu,2026-04-02,"Gerard Piqué annyit arcoskodott már, hogy a csapata akár pontlevonást is kaphat",https://24.hu/sport/2026/04/02/andorra-gerard-pique-jatekvezetes-reklamacio/
cc41aa832870fa171183744d63631eabf17189ff8904cfd7dcc0d92c21183ef4,2026-04-02 13:29:48.189299+00:00,hu,24.hu,24.hu,2026-04-02,Lekörözték Orbánt az ukránok: megszűnt a gázszállítás,https://24.hu/fn/gazdasag/2026/04/02/foldgaz-gazszallitas-ukrajna-orban-viktor/
b55b1f5a302594b692dd55dfafdc103e844ad18e07b8b3123e7f8d46e70db74c,2026-04-02 12:31:58.929091+00:00,hu,24.hu,24.hu,2026-04-02,Kutatás: ennyit keresnek most a hazai informatikusok,https://24.hu/fn/gazdasag/2026/04/02/informatikus-it-ber-kereset/
5512b7f26d9d2bf336359404bd2a2691aec67daf8bc72f04f87703157f24b61b,2026-04-02 12:31:39.007725+00:00,hu,24.hu,24.hu,2026-04-02,Kisiklott egy mozdony a Soroksári út állomáson,https://24.hu/belfold/2026/04/02/kisiklott-mozdony-soroksari-ut/
a77c51aa46ee8105ae1d893acd626241f8e941fdac3f4b8a122b3b89568c907a,2026-04-02 12:31:33.940692+00:00,hu,24.hu,24.hu,2026-04-02,"„Pártfüggetlenül képvisel"" – volt jobbikos ellenfele Navracsics támogatására kéri a választókat",https://24.hu/uncategorized/2026/04/02/navracsics-rig-fidesz-valasztas/
d450b1e84205399148146319b6626e5a8e94b9445698fb15e5c212a241429db0,2026-04-02 12:31:29.036658+00:00,hu,24.hu,24.hu,2026-04-02,Szijjártó nem emlékszik az őt megtagadó tanárára,https://24.hu/belfold/2026/04/02/szijjarto-oroszorszag-egyetem-tanar/
0237dd42b3c2a62771cbef71cc0e2552556dcab3d1bb3b45bb974771fea12452,2026-04-02 12:31:18.429924+00:00,hu,24.hu,24.hu,2026-04-02,A Google szó nélkül 5 terabájtra növelte az AI Pro csomagjához járó tárhelyet,https://24.hu/tech/2026/04/02/google-ai-pro-csomag-tarhely-5-tb/
8caf29b758c90ae0724764cbf188daa9664782936b378c0eadeb7bdd0748f510,2026-04-02 12:30:53.872292+00:00,hu,24.hu,24.hu,2026-04-02,"Pető Péter: Hajdú Péter és a NER mint erkölcsi probléma, avagy az igazságig nem lehet keresztülcsalni magunkat",https://24.hu/belfold/2026/04/02/peto-peter-kapufa-ner-lopas-csalas/
83868987ca5c436c8dc36e2f054f6e31e096156f6a5b6d8f8750f9b980fc4d8e,2026-04-02 12:30:48.790525+00:00,hu,24.hu,24.hu,2026-04-02,"Toroczkai László lemond, ha kétpárti parlament lesz",https://24.hu/belfold/2026/04/02/toroczkai-laszlo-valasztas-2026-mi-hazank/
1adb4a3a5fe55fe019a50dcdf53c70ac1620a8bb320e80566cc3f4a8e341a420,2026-04-02 12:30:39.210631+00:00,hu,24.hu,24.hu,2026-04-02,"Természetközeliség, tágas otthonok, jó elhelyezkedés – kell ennél több szempont lakásvásárlásnál? Bizony kell, és el is mondjuk, miért.",https://24.hu/belfold/2026/04/02/termeszetkozeliseg-tagas-otthonok-jo-elhelyezkedes-kell-ennel-tobb-szempont-lakasvasarlasnal-bizony-kell-es-el-is-mondjuk-miert/
74405eae427d59c6782fbfc0123e91256ee1926f1cc1c684a935d4a47985cd39,2026-04-02 12:30:32.409218+00:00,hu,24.hu,24.hu,2026-04-02,"A magyar válogatott idén is folytatja azt a kultúrmissziót, amit néhány éve elkezdett",https://24.hu/sport/foci/2026/04/02/magyarorszag-szlovenia-magyarorszag-gorogorszag-elemzes-taktika/
bef2cf1a78f1034f690b944c04f1856e638a537332ffe43a61fd6d13a946bfb8,2026-04-02 11:47:14.131985+00:00,hu,atlatszo.hu,atlatszo.hu,2026-04-02,Az Országos Vérellátó Szolgálat autóit is Mészáros cégei szervizelhetik 211 millióért,https://atlatszo.hu/kozpenz/2026/04/02/az-orszagos-verellato-szolgalat-autot-is-meszaros-cege-szervizelheti-211-millioert/
a4443ee11676dcc65a3e4e22f6fb1a11a8ce1dc1af8cfe1b77c9b2b4ab742382,2026-04-02 11:46:34.419273+00:00,hu,atlatszo.hu,atlatszo.hu,2026-04-02,„Nincs még egy 2006-ra elég rendőre a hatalomnak” – túlterheltségre panaszkodnak az egyenruhások,https://atlatszo.hu/kozugy/2026/04/02/nincs-meg-egy-2006-ra-eleg-rendore-a-hatalomnak-tulterheltsegre-panaszkodnak-az-egyenruhasok/
714144e24dab8c8f2df24415d1411de565dbbfcc27c155877ac16b6f9166a70a,2026-04-02 11:46:29.424477+00:00,hu,atlatszo.hu,atlatszo.hu,2026-04-02,"Strómanok, pénzvisszaosztás – így csapolhatta a közpénzt az óbudai városvezetés az ügyészség gyanúja szerint",https://atlatszo.hu/kozpenz/2026/04/02/stromanok-penzvisszaosztas-igy-csapolhatta-a-kozpenzt-az-obudai-varosvezetes-az-ugyeszseg-gyanuja-szerint/
4bcc8c52940616b986c9e9b40941e7cf4b80827a148b671b832cb34e40749687,2026-04-02 11:46:18.064865+00:00,hu,atlatszo.hu,atlatszo.hu,2026-04-02,"4,2 milliárd forintért vesz a Samsung újabb területeket Gödön",https://atlatszo.hu/orszagszerte/2026/04/02/42-milliard-forintert-vesz-a-samsung-ujabb-teruleteket-godon/
091321315181c6c1c7d8c42b1d9de91fa331282dc95d65197010c6a0c7155d5d,2026-04-02 11:36:02.760027+00:00,hu,444.hu,444.hu,2026-04-02,"Gulyás szerint Szabó Bence és Gundalf ügye a Tisza és a „balliberális sajtó” próbálkozása, hogy eltereljék a figyelmet Panyi Szabolcs ügyéről",https://444.hu/2026/04/02/gulyas-szerint-szabo-bence-es-gundalf-ugye-a-tisza-es-a-balliberalis-sajto-probalkozasa-hogy-eltereljek-a-figyelmet-panyi-szabolcs-ugyerol?utm_source=hirstart&utm_medium=referral&utm_campaign=ct
484578363d48afe50692bb47e8b1359da775de06f26bc5f303978d60763bdd7e,2026-04-02 11:32:22.928946+00:00,hu,24.hu,24.hu,2026-04-02,Trágya alá dugott állattetemek és a borjúbiznisz egy kis szatmári falu fideszes polgármesterénél,https://24.hu/belfold/2026/04/02/kisnameny-fidesz-borjubiznisz/
556a1ac2679b7f0c12572b87ebdc50fffad3ea239181654fb4c8a8992a8821fa,2026-04-02 11:32:17.627711+00:00,hu,24.hu,24.hu,2026-04-02,"Véget vetett az életének egy fiatal, miután a ChatGPT elmondta neki, hogyan csinálja",https://24.hu/tech/2026/04/02/chatgpt-openai-ongyilkossag-brit/
11e4c32c8d2ce1346d3add5b19046679555a3411e93f2509c1cc59188ed68a55,2026-04-02 11:31:50.016276+00:00,hu,24.hu,24.hu,2026-04-02,Már a pénz feltalálása előtt is szerencsejátékoztak az emberek,https://24.hu/tudomany/2026/04/02/amerikai-oslakok-dobokocka-szerncsejatek/
22419ffadda86cf4a3339c238b73978b0d4eda74ec4d7aa93120b2e1b7d3ac74,2026-04-02 11:31:37.235453+00:00,hu,24.hu,24.hu,2026-04-02,"Messzebb jutnak, mint előttük bárki: fotókon a NASA történelmi küldetése",https://24.hu/tech/2026/04/02/messzebb-jutnak-mint-elottuk-barki-fotokon-a-nasa-tortenelmi-kuldetese/
3c52f884ef77e8a1914870ca277990fbdd84c458bb33badd9c76d877df1cb066,2026-04-02 11:31:16.007390+00:00,hu,24.hu,24.hu,2026-04-02,"Többet is veszített a DVSC egy BL-negyeddöntőnél, megint elszakadt az irányító keresztszalagja",https://24.hu/sport/2026/04/02/noi-kezilabda-szabo-ninia-keresztszalag-szakadas/
60cca00968a93af82aa6a27217d19151dbe4cb24751e691e461354bbf89b1d86,2026-04-02 11:31:03.553018+00:00,hu,24.hu,24.hu,2026-04-02,Baljós előrejelzés a Foxposttól: drágulhat a csomagküldés,https://24.hu/fn/gazdasag/2026/04/02/foxpost-uzemanyag-csomagkuldes-logisztika/
947cace82db094982d854b1ca6f78096e78de1b9afb50919dd3367b095f82813,2026-04-02 11:30:42.136782+00:00,hu,24.hu,24.hu,2026-04-02,Visszaléphet a Hevesben induló MKKP-s is?,https://24.hu/belfold/2026/04/02/kutya-part-eger-visszalepes/
dff8675211230f3ad8f7bbe23c2ae58116c51ab35107e5c6a322b989faf2839e,2026-04-02 11:30:04.837106+00:00,hu,24.hu,24.hu,2026-04-02,A Népligetben meggyilkolt nő fia rendezett horrorisztikus vérfürdőt egy kisgyermekes család tanyáján,https://24.hu/belfold/2026/04/02/hodmezovasarhely-tanya-csalad-verfurdo/
5b786c8e2f10acb66650ab37a9656e59c13f406ec7b7e4f8c682caf281ba1dbb,2026-04-02 11:30:00.420262+00:00,hu,24.hu,24.hu,2026-04-02,"Magyar Péter: Tudjuk, hogy csal a bíró, az ellenfél szöges cipővel játszik, kilopják a levegőt is a labdából, ettől függetlenül meg fogjuk nyerni a meccset",https://24.hu/belfold/2026/04/02/magyar-peter-interju-valasztas-2026-csalas/
45a8ce7b628dacf3d6100cc098765dc9a81169437028d200982e6e9bc40456d9,2026-04-02 11:29:55.085106+00:00,hu,24.hu,24.hu,2026-04-02,Egy utaszállító repülőgép közönsége páholyból nézhette az Artemis-2 felbocsátását,https://24.hu/tech/2026/04/02/artemis-2-urhajo-felbocsatas-repulogep-video/
2847255333b20335adce0defec6b19bbfb0ef945becd3a32bf53d3d86ee77d29,2026-04-02 10:31:35.797860+00:00,hu,24.hu,24.hu,2026-04-02,"Ezt a sikert a halott barátaimnak ajánlom"" – megrázó nyilatkozatot adott a bosnyákok legendája a vb-re jutás után",https://24.hu/sport/foci/2026/04/02/foci-vb-2026-bosnyak-valogatott-edin-dzeko-megrazo-nyilatkozat/
01f658dfbb9a8fddffcfe68a83a183e53ffcd66a344d20d85f4b70edc157c728,2026-04-02 10:31:13.148897+00:00,hu,24.hu,24.hu,2026-04-02,"A kocsma egy Fidesz-központ"" – győzhet-e a Tisza a kormánypárti fellegvárnak számító Győr környéki falvakban?",https://24.hu/belfold/2026/04/02/valasztas-2026-gyor-konyeke-csatater-riport/
eac16e31d6f3d6e9ca1850dbc06516bb9e227e3b21fd2e82fa1ec7176f0f645d,2026-04-02 10:30:55.568134+00:00,hu,24.hu,24.hu,2026-04-02,"Új KRESZ-tábla érkezik Magyarországon, megkülönböztetnék a csoportosan autózókat",https://24.hu/fn/gazdasag/2026/04/02/kresz-kozlekedes-telekocsi-jarmu/
80251d21f570a6635664de24bcfff3c5abed800a97dea9be386e18136a0f3fc0,2026-04-02 10:30:50.782235+00:00,hu,24.hu,24.hu,2026-04-02,Ma 16:00-ig lehet átjelentkezni másik szavazókörbe,https://24.hu/belfold/2026/04/02/atjelentkezes-szavazokor-kulkepviseletek-hatarido/
ef6d18d537f01f7081e43f4a67f196c9af57721f4851580ea3fd3a987e90eaba,2026-04-02 10:30:40.268333+00:00,hu,24.hu,24.hu,2026-04-02,Károly király az Egyesült Államokba utazik Trumppal találkozni,https://24.hu/elet-stilus/2026/04/02/karoly-kiraly-donald-trump-usa-latogatas/
6f358511ac3a3775a1e4689a5ed7ebbbae9f2645acadef7ec831d8b7ff317d79,2026-04-02 10:30:30.757163+00:00,hu,24.hu,24.hu,2026-04-02,Három helyen visszalép a Kutya Párt,https://24.hu/belfold/2026/04/02/mkkp-3-jelolt-visszalepes/
824274118c5987d2bec3811536e3bb7128a6687646e87a37347091d405811ad6,2026-04-02 10:30:25.410605+00:00,hu,24.hu,24.hu,2026-04-02,"Gyereket vár Major Eszter, az RTL híradósa",https://24.hu/elet-stilus/2026/04/02/major-eszter-hirados-rtl-babavaras/
99510be38716fd3b32bbaf750d6032a68d383112be8fbd3fdb1d036f3d318837,2026-04-02 10:30:20.687184+00:00,hu,24.hu,24.hu,2026-04-02,Ingyen elérhetők a Heti Hetes régebbi adásai az RTL YouTube-csatornáján,https://24.hu/kultura/2026/04/02/rtl-heti-hetes-youtube/
b3a2f07c97eaa03ec97568523de7b369510026f62a09a0a9006609780d0605fc,2026-04-02 10:30:05.095549+00:00,hu,24.hu,24.hu,2026-04-02,Újabb fellépőket jelentettek be a Sziget szervezői,https://24.hu/kultura/2026/04/02/sziget-fesztival-2026-zene-2/
8a65332c3451b3db3ec3a2361f485727602eba2e23cd6547d3c9cb01cd10b401,2026-04-02 10:29:56.682494+00:00,hu,24.hu,24.hu,2026-04-02,"Megszurkálta a párját egy szegedi nő, majd hagyta meghalni",https://24.hu/belfold/2026/04/02/szeged-keseles-no-vademeles/
34a063f411ae524c17c4d18c1af2ed8f7f509d24ee05d2ad56359d05d8f21b45,2026-04-02 09:37:04.026009+00:00,hu,444.hu,444.hu,2026-04-02,"Már 87 ezren kérték a külképviseleti névjegyzékbe vételt, 33 százalékkal többen, mint négy évvel ezelőtt",https://444.hu/2026/04/02/mar-87-ezren-kertek-a-kulkepviseleti-nevjegyzekbe-vetelt-33-szazalekkal-tobben-mint-negy-evvel-ezelott?utm_source=rss_feed&utm_medium=rss&utm_campaign=rss_syndication
74364598d5b62cb475e80fbeeaf3a67cb041e48565357ebc3aaf2fd762cc0bfd,2026-04-02 09:36:58.911283+00:00,hu,444.hu,444.hu,2026-04-02,Iskolai mészárlásra készülhetett egy 15 éves fiú Budapesten,https://444.hu/2026/04/02/iskolai-meszarlasra-keszulhetett-egy-15-eves-fiu-budapesten?utm_source=rss_feed&utm_medium=rss&utm_campaign=rss_syndication
41edd3335d626a238ce71561eb13e45ff19a1d8f2958e2b0fa77880299ccbb64,2026-04-02 09:36:54.023431+00:00,hu,444.hu,444.hu,2026-04-02,"Jaber üzent Magyar Péternek: Frissen öltözöl, you look good, Magyar a neved, tisztellek, de raktál egy embert veszélybe",https://444.hu/2026/04/02/jaber-uzent-magyar-peternek-frissen-oltozol-you-look-good-magyar-a-neved-tisztellek-de-raktal-egy-embert-veszelybe
2f0f3bec073dfaaf16afb790bb6cf205fcef952578d7a7347cea039298da0995,2026-04-02 09:36:17.510077+00:00,hu,444.hu,444.hu,2026-04-02,"Már nem lehet fogadni Habony és Garancsi kaszinójában arra, hogy ki lesz a következő magyar miniszterelnök",https://444.hu/2026/04/02/mar-nem-lehet-fogadni-habony-es-garancsi-kaszinojaban-arra-hogy-ki-lesz-a-kovetkezo-magyar-miniszterelnok?utm_source=rss_feed&utm_medium=rss&utm_campaign=rss_syndication
209f1efca3961d3f2d34113347a3ad0d55efae78f9626fb8f6e11ffab75c23a3,2026-04-02 09:36:12.429273+00:00,hu,444.hu,444.hu,2026-04-02,Három helyen is visszalépteti jelöltjét a Kutyapárt,https://444.hu/2026/04/02/harom-helyen-is-visszalepteti-a-jeloltjet-a-kutyapart?utm_source=rss_feed&utm_medium=rss&utm_campaign=rss_syndication
384bcfc951339388d7c865fb7269aca1bbdcc1744bffc6df51dd29096fa82707,2026-04-02 09:35:28.812113+00:00,hu,444.hu,444.hu,2026-04-02,"Toroczkai írásba adatta a Mi Hazánk jelöltjeivel, hogy senki javára sem lépnek vissza",https://444.hu/2026/04/02/toroczkai-irasba-adatta-a-mi-hazank-jeloltjeivel-hogy-senki-javara-sem-lepnek-vissza?utm_source=rss_feed&utm_medium=rss&utm_campaign=rss_syndication
cc33bdfa74f1b2bd3416b41b70a233e602169b4ec1a0764c5231804cd2653c40,2026-04-02 09:25:06.896314+00:00,hu,24.hu,24.hu,2026-04-02,Poros felhőzettel borítja be Magyarországot az Erminio ciklon,https://24.hu/tudomany/2026/04/02/poros-felhozet-magyarorszag-ciklon/
e7d0af4c9597b8c36553dcc12f3e8aa8734bd4762515b317b25d498465b7c351,2026-04-02 09:24:55.880378+00:00,hu,24.hu,24.hu,2026-04-02,Újra Kós Hubertet választották az év egyetemi úszójának az Egyesült Államokban,https://24.hu/sport/2026/04/02/kos-hubert-ev-uszoja-egyesult-allamok/
11720887d8d982b7df5906ff3394979482d679f9942e5e542ea039cf851a08c7,2026-04-02 09:24:23.432785+00:00,hu,24.hu,24.hu,2026-04-02,Gulyás a Kormányinfón: A közvélemény-kutatói szakma halott,https://24.hu/belfold/2026/04/02/gulyas-kormanyinfo-fidesz-orban-4/
c7fbac6a4b132d4a2c5e0a990bad71714068396a9519cd37acc1c574030d00a1,2026-04-02 09:23:32.311884+00:00,hu,24.hu,24.hu,2026-04-02,"Csákánnyal estek neki a Barátság-vezeték kábelének, súlyosabb büntetés vár rájuk",https://24.hu/fn/gazdasag/2026/04/02/kabeltolvajok-koolaj-szallitas-itelet/
b0ae0c17a29cd4d5374b2003da2f043e6dc2c8549bd3f91c09f6ecda41ea2026,2026-04-02 08:39:03.536007+00:00,hu,444.hu,444.hu,2026-04-02,"„A Hivatalnál dolgozom, hallottam felőled. Nem tiszta ügy. Segíteni szeretnék”",https://444.hu/2026/04/02/a-hivatalnal-dolgozom-hallottam-feloled-nem-tiszta-ugy-segiteni-szeretnek?utm_source=hirstart&utm_medium=referral&utm_campaign=ct
e609a75a94f4f26255718e8545e3c7c3e5e3b6388f0185cc4095c673871357de,2026-04-02 08:38:32.126120+00:00,hu,24.hu,24.hu,2026-04-02,A bagdadi amerikai nagykövetség terrorveszélyre figyelmeztet,https://24.hu/kulfold/2026/04/02/a-bagdadi-amerikai-nagykovetseg-terrorveszelyre-figyelmeztet/
aa077e52438ad5099dd56392bd4a4203e56337405e012f5ac3b29ef868ee5a39,2026-04-02 08:38:05.369790+00:00,hu,24.hu,24.hu,2026-04-02,"Erre érdemes figyelni, mielőtt megszűnik a Messenger népszerű verziója",https://24.hu/tech/2026/04/02/facebook-messenger-megszunik-pin-kod-beallitas/
b703ad81f7be17f5160365305eb9a72d6d54144a956c6c93585790153a94617a,2026-04-02 08:37:43.733359+00:00,hu,24.hu,24.hu,2026-04-02,Ezt tette az Orbán-kormány az államadóssággal 16 év alatt,https://24.hu/fn/gazdasag/2026/04/02/gdp-aranyos-allamadossag-kamatkiadas-karman-andras/
509a3208000d78779b986ad70a41ea6e4fe6c7b7f7700717de96d9c8a564a3f8,2026-04-02 08:37:15.837771+00:00,hu,24.hu,24.hu,2026-04-02,"Több mint kétmilliós bírságot kaptak Balázsék, amiért idős nőkön gúnyolódtak",https://24.hu/kultura/2026/04/02/sebestyen-balazsek-nmhh-birsag/
549fb48b1f74e9462e8ddc76e2e5faaa096487d3ed5eb9ea19bf75ee8142b1e1,2026-04-02 08:37:10.975613+00:00,hu,24.hu,24.hu,2026-04-02,Óriási zavargásokhoz vezetett Kossuth Lajos halála,https://24.hu/tudomany/2026/04/02/kossuth-lajos-halala-temetese/
7dd12eee21e88cbd1e4de9ad95dca53b6a65c0a3afc92b111cec0f17c1c0930a,2026-04-02 08:36:04.407105+00:00,hu,24.hu,24.hu,2026-04-02,"Eltelt egy év, de nem történt gyanúsítotti kihallgatás az újdörögdi gránátbaleset ügyében",https://24.hu/belfold/2026/04/02/granat-baleset-ujdorogd-fidesz/
ab74065bcfd15d878e34ff93d272d0278cf5e7430e8dca5738c770489a22c7ee,2026-04-02 08:35:59.373142+00:00,hu,24.hu,24.hu,2026-04-02,Továbbra is támadás alatt az Öböl-országok és Izrael,https://24.hu/kulfold/2026/04/02/tovabbra-is-tamadas-alatt-az-obol-orszagok-es-izrael/
3f9ac0e83cc91b0db6afedcc424cfb3527c009af6f0fe663c1b6f61422acec89,2026-04-02 08:19:51.490253+00:00,hu,24.hu,24.hu,2026-04-02,"Lefejezek embereket, és fejbe lövök mindenkit!"" – 30 embert akart megölni a szlovéniai iskolai késelőt felbujtó 15 éves magyar fiú",https://24.hu/belfold/2026/04/02/iskoal-meszarlas-szloven-magyxar-fiu/
e4554fc92f4de983649a6db824bd2a6a2036e9975d4873b28eaa8c7d74851789,2026-04-02 08:19:01.453660+00:00,hu,24.hu,24.hu,2026-04-02,Arnold Schwarzenegger díszdoktori címet kapott Észak-Írországban,https://24.hu/elet-stilus/2026/04/02/arnold-schwarzenegger-diszdoktori-cim/
5c258ef63898db39f8306ce3476a48b1d37f6950d87de0c737c7ea1945493ea3,2026-04-02 08:18:50.809459+00:00,hu,24.hu,24.hu,2026-04-02,Bulgária EU-s segítséget kér a dezinformáció ellen,https://24.hu/kulfold/2026/04/02/bulgaria-oroszorszag-europai-unio/
c2a9c44e629d4fb21c18efdc162ec6c997ab007cad87c7a3c1bcb69b09fd8b72,2026-04-02 08:18:27.738440+00:00,hu,24.hu,24.hu,2026-04-02,"Magyar Pétert ""kis zsebnyilasnak"" nevezte Kövér László",https://24.hu/belfold/2026/04/02/kover-laszlo-interju-magyar-peter-zsebnyilas/
e96f273f47a62746d7b675fe7384b36e4bfc30c32d78a876df7d971c63f0607b,2026-04-02 07:34:18.411072+00:00,hu,24.hu,24.hu,2026-04-02,"A rendőrség nem vizsgálja, hogyan készülhetett felvétel Magyar Péterről és Vogel Evelinről",https://24.hu/belfold/2026/04/02/magyar-vogel-rendorseg-haloszoba/
1e27103d9d0736b5028a122eee035c3972483beae626c1b5c813c443aff56e7f,2026-04-02 07:34:08.279459+00:00,hu,24.hu,24.hu,2026-04-02,"Foghatja a fejét a kézilabdacsapat, miután a Bajnokok Ligájában az utolsó percben kapott három gólt",https://24.hu/sport/2026/04/02/kezilabda-bajnokok-ligaja-gog-nantes-aymeric-minne-gyoztes-gol/
f44b030624f4fcacf33209da737a9fec67d3f669efea674357e7683ebd8d8df4,2026-04-02 07:32:57.084333+00:00,hu,24.hu,24.hu,2026-04-02,"Közönséges bűnözők, Lúdas Matyi, Mindenki az utcára! – áthallásos filmekkel készül a Bem Mozi a választásokra",https://24.hu/kultura/2026/04/02/bem-mozi-valasztasok-2026-film/
69a314a990ae7b04adab94e6499232ed26ae0bae2b6f2398a533f1938f1aef62,2026-04-02 06:38:58.153752+00:00,hu,24.hu,24.hu,2026-04-02,"Mihalik Enikő: Felhívott a bank telefonon, hogy „elnézést, annyira sok a pénz a számládon, hogy be kéne fektetni”",https://24.hu/elet-stilus/2026/04/02/mihalik-eniko-anyagi-helyzet-modellkedes/
009091692513c1692d482ec25f9142d36219e7138125894d30b8f859c4a9e28f,2026-04-02 06:38:50.870520+00:00,hu,24.hu,24.hu,2026-04-02,"Csütörtöki friss hírek, forgalom, időjárás – Reggeli pakk",https://24.hu/belfold/2026/04/02/csutortoki-friss-hirek-forgalom-idojaras-reggeli-pakk-444/
8e0011578316deb85602901855ffe72b8d8c40797b09aeaeecc4b4084e8e6cd5,2026-04-02 06:38:35.062879+00:00,hu,24.hu,24.hu,2026-04-02,"Piros lapot ért a focistának, hogy a péniszét markolászva mutogatott ellenfelének",https://24.hu/sport/foci/2026/04/02/brazil-foci-fluminense-corinthians-allan-piros-lap-durva-gesztus/
8eedf7b2a79edf2008c79c094672a79e9410e5e357ef5208e6599914030d1c71,2026-04-02 06:38:21.268329+00:00,hu,24.hu,24.hu,2026-04-02,"Trump: Keményen fogjuk őket támadni, visszajuttatjuk őket a kőkorszakba, ahová valók",https://24.hu/kulfold/2026/04/02/trump-kemenyen-fogjuk-oket-tamadni-visszajuttatjuk-oket-a-kokorszakba-ahova-valok/
608f8e170ae4fe48cd34809055841955d465c6674838c91c153e3ccee6f54983,2026-04-02 06:38:10.124743+00:00,hu,24.hu,24.hu,2026-04-02,Publicus: Magyart már esélyesebbnek tartják Orbánnál,https://24.hu/belfold/2026/04/02/publicus-magyar-orban-partpreferencia-esely/
c221dbaf8e0bd00070fe6596b2980863638dd8c17b34d575d452c72188927902,2026-04-02 06:38:05.140449+00:00,hu,24.hu,24.hu,2026-04-02,"Ázsia Expressz: Gombos Edina elárulta, kik vigyáznak majd a gyerekeikre, amíg ők a férjével versenyeznek",https://24.hu/elet-stilus/2026/04/02/azsia-expressz-gombos-edina-alberto-miri-matteo-gyerekek/
b61d6166ccacce53060f5838f92eed3432c25247f90b73f94299ca4eb42b0a28,2026-04-02 06:37:40.349883+00:00,hu,24.hu,24.hu,2026-04-02,Trump a kőkorszakba juttatná Iránt,https://24.hu/kulfold/2026/04/02/trump-iran-kokorszak/
77fb9d700b2c9bf91119e7c9004673c094a0b0c14d55038657142a4d66169a7d,2026-04-02 06:37:31.526980+00:00,hu,24.hu,24.hu,2026-04-02,Gyengült a forint csütörtök reggelre,https://24.hu/belfold/2026/04/02/gyengult-a-forint-trump/
9e749f9708f58a25d47186967cea6557a8dda268b9dada479613cbe5a3fb84b2,2026-04-02 06:37:14.102532+00:00,hu,24.hu,24.hu,2026-04-02,"Orbán Viktor a házasságáról: Nem állítom, hogy nincsenek nehéz pillanatok",https://24.hu/elet-stilus/2026/04/02/orban-viktor-hajdu-peter-interju-hazassag/
1eecaf36051b320d21ce55e7498ac48d272c9afc3eae30402a2d4b1e4c17a3aa,2026-04-02 06:37:05.074294+00:00,hu,24.hu,24.hu,2026-04-02,10 kilométeres torlódás az M1-esen,https://24.hu/belfold/2026/04/02/10-kilometeres-torlodas-az-m1-esen/
c80506b6ac31417a331aa9e8ae5d148882c1a47dc0cc97b5f49d5af6719b9a17,2026-04-02 06:36:50.192119+00:00,hu,444.hu,444.hu,2026-04-02,"Másfél év mérlege, Hajdú adócsalása",https://444.hu/2026/04/02/masfel-ev-merlege-hajdu-adocsalasa?utm_source=rss_feed&utm_medium=rss&utm_campaign=rss_syndication
0c0269cb1079301df72a84348e5bc78c9b7fbfd19fac0dbbff5d5314cf3a961d,2026-04-02 06:36:43.615060+00:00,hu,444.hu,444.hu,2026-04-02,"7,4-es erősségű földrengés volt Indonéziában",https://444.hu/2026/04/02/74-es-erossegu-foldrenges-volt-indoneziaban?utm_source=rss_feed&utm_medium=rss&utm_campaign=rss_syndication
db418dc1ddcb022f31f4d6b7dc92772214995b2204a5a09b53d5f9e66c617f9a,2026-04-02 06:35:52.505178+00:00,hu,444.hu,444.hu,2026-04-02,"„A semlegesek beálltak a Tisza mögé” – a helyiek úgy látják, a Fidesz elveszítheti Komlót",https://444.hu/2026/04/02/a-semlegesek-bealltak-a-tisza-moge-a-helyiek-ugy-latjak-a-fidesz-elveszitheti-komlot?utm_source=rss_feed&utm_medium=rss&utm_campaign=rss_syndication
be2b51e13b866be2264631a918750c8234f03a70f83c75a1454b83ade3be7e0c,2026-04-02 06:35:14.865103+00:00,hu,444.hu,444.hu,2026-04-02,Egy 17 éves lányt azonosítottak Ted Bundy áldozataként,https://444.hu/2026/04/02/egy-17-eves-lanyt-azonositottak-ted-bundy-aldozatakent?utm_source=rss_feed&utm_medium=rss&utm_campaign=rss_syndication
801394e78653b67cb144ec7d870960366d41f6dd7315f785ba65d032b82d89ef,2026-04-02 06:34:27.477906+00:00,hu,444.hu,444.hu,2026-04-02,"Kubába ment az FBI, hogy kivizsgálja a február végi halálos tengeri lövöldözést",https://444.hu/2026/04/02/kubaba-ment-az-fbi-hogy-kivizsgalja-a-februar-vegi-halalos-tengeri-lovoldozest?utm_source=rss_feed&utm_medium=rss&utm_campaign=rss_syndication
8dc6cef6a8daa02051e4169ce95171d055401ef7cf37265c9ca76951081efa94,2026-04-02 06:34:06.239336+00:00,hu,444.hu,444.hu,2026-04-02,"Nem vizsgálja a rendőrség, ki készíthetett felvételt Magyar Péterről és Vogel Evelinről",https://444.hu/2026/04/02/nem-vizsgalja-a-rendorseg-ki-keszithetett-felvetelt-magyar-peterrol-es-vogel-evelinrol?utm_source=rss_feed&utm_medium=rss&utm_campaign=rss_syndication
ba666b09b37c010ba29ba228c8683fc1b275e72b5b004d9dac85ad4b9ff791b7,2026-04-02 06:33:53.058690+00:00,hu,444.hu,444.hu,2026-04-02,Újabb testsúlycsökkentő gyógyszert engedélyeztek az Egyesült Államokban,https://444.hu/2026/04/02/ujabb-testsulycsokkento-gyogyszert-engedelyeztek-az-egyesult-allamokban?utm_source=rss_feed&utm_medium=rss&utm_campaign=rss_syndication
197dcb6ba9945c19b227f472133a2db410ce8605f91cd288e2d38675e6ebc9c8,2026-04-02 06:31:31.974728+00:00,hu,444.hu,444.hu,2026-04-02,"Trump azzal fenyegette meg Iránt, hogy visszaviszi őket a kőkorszakba",https://444.hu/2026/04/02/trump-azzal-fenyegette-meg-irant-hogy-visszaviszi-oket-a-kokorszakba?utm_source=hirstart&utm_medium=referral&utm_campaign=ct
c5aa7e70bf76c1025b0180f1682789cc6120b654bc5d242ce583c1751429c36a,2026-04-02 05:33:57.679381+00:00,hu,444.hu,444.hu,2026-04-02,"Miután nyilvánosan beleállt Vitályosba, a köztévé kérte, hogy ne Freddie csinálja a választás előtti Szerencseszombatot",https://444.hu/2026/04/02/miutan-nyilvanosan-beleallt-vitalyos-eszterbe-azt-mondta-a-kozteve-freddinek-ne-o-csinalj-a-valasztas-elotti-szerencseszombatot?utm_source=hirstart&utm_medium=referral&utm_campaign=ct
9f95fb1aeaf9447517f2d68d06b4fc310293e537f62ff891fd7d817caaa74969,2026-04-02 05:20:41.059812+00:00,hu,24.hu,24.hu,2026-04-02,"Kvíz: Harry, Ron vagy Hermione lennél a Harry Potterből? Most megtudhatod!",https://24.hu/szorakozas/2026/04/02/harry-potter-arany-trio-kviz/
3a2b132cccab4831ba683f010324fc433b54bc47deb8adb1044eb47ce811b5d1,2026-04-02 04:31:09.316320+00:00,hu,24.hu,24.hu,2026-04-02,"Kapitány István Magyar Péternél is jobb értékelést kapott a választóktól, Lázár Jánost sokkal kevésbé szeretik a fideszesek, mint Orbán Viktort",https://24.hu/belfold/2026/04/02/politikusok-nepszerusege-orban-magyar-kapitany-lazar-szijjarto/
010a937363ff436a90fd39d5a9e11a74b638580cbb4f9ac8526a373ce1b57f92,2026-04-02 04:31:00.042099+00:00,hu,24.hu,24.hu,2026-04-02,Átmennél még egy irodalom érettségin? Most kvízünkkel kipróbálhatod!,https://24.hu/kultura/2026/04/02/kviz-irodalom-erettsegi/
37fc5ac5e25f4aea852c36898eb31cedfdc2ac0535dc0b5134f894ec0b297020,2026-04-02 02:33:45.195358+00:00,hu,24.hu,24.hu,2026-04-02,"Egy úriember tartja a szavát"" – 60 ezer drukkernek állja a sörét a bosnyák focista",https://24.hu/sport/foci/2026/04/02/ermedin-demirovic-ingyen-sor-bosznia-vb-reszvetel-stuttgart/
dddd40db99d4fefd82b1fb3bea3772f9980e38c031b6304ee23423edbce63dee,2026-04-02 00:40:34.648750+00:00,hu,24.hu,24.hu,2026-04-02,Elstartolt az Artemis–2: négy ember indult útnak a Holdhoz,https://24.hu/tech/2026/04/02/artemis-2-felbocsatas-nasa-holdmisszio/
a3e2cc9e5f51ecbcffbad79542c5caf30643732638b1b7b093e502c111376c8e,2026-04-01 22:43:29.557650+00:00,hu,24.hu,24.hu,2026-04-02,A legtöbb szempontból magyarok a kiskereskedelem óriásai,https://24.hu/belfold/2026/04/02/a-legtobb-szempontbol-magyarok-a-kiskereskedelem-oriasai/
a6c0d78d18a5876ebdeaf3bd172b663a461b3a68b8632a8163e07a9bf59593d3,2026-04-01 21:40:12.244941+00:00,hu,24.hu,24.hu,2026-04-01,"Toroczkai: egyetlenegy jelöltünk sem lép vissza, Magyar Péter hazudik",https://24.hu/belfold/2026/04/01/toroczkai-laszlo-mi-hazank-visszalepes-magyar-peter/
0b7affead440f7d8b87c00fafe58c9c3b217dba3f75f8f385697f4c477d8d15e,2026-04-01 21:39:46.002947+00:00,hu,24.hu,24.hu,2026-04-01,"Kizárták az U19-es csapatot, amely a hétvégén 50-1-re kapott ki hazai pályán",https://24.hu/sport/foci/2026/04/01/megyei-foci-kiskunhalas-csolyospalos-50-1-kizaras/
2fbd5441032a1c3a75593110e69426376c985921b7265dc0482ebe953f9b726b,2026-04-01 21:39:30.308277+00:00,hu,24.hu,24.hu,2026-04-01,Magyar Péter: 12 éves gyerekkel hordatja ki a fideszes propagandát a polgármester Tatárszentgyörgyön,https://24.hu/belfold/2026/04/01/magyar-peter-tatarszentgyorgy-gyerek-polgarmester-valasztas-2026/
3082dd5710279038e48aa77e03f0febfff2b5cd20b7167c8f07f5486cc00ae46,2026-04-01 21:38:55.109083+00:00,hu,24.hu,24.hu,2026-04-01,"Bence, lesz helyed a rendszerben"" – Ruszin-Szendi Romulusz kampányfórumán jártunk",https://24.hu/belfold/2026/04/01/valasztas-2026-ruszin-szendi-romulusz-kaba/
f483c271663860dd0db44e07d5636732a8d3e37192f8d3f68f0646d91b03c446,2026-04-01 21:24:39.444442+00:00,hu,444.hu,444.hu,2026-04-01,"„Minden eszközt meg kell fogni, hogy Viktor irányítsa az országot”",https://444.hu/2026/04/01/minden-eszkozt-meg-kell-fogni-hogy-viktor-iranyitsa-az-orszagot?utm_source=rss_feed&utm_medium=rss&utm_campaign=rss_syndication
d5a706f23c492e3db7dd496b8dd154ce0134c8dac1d894306a2959d9300788ea,2026-04-01 21:24:34.278972+00:00,hu,444.hu,444.hu,2026-04-01,„Még nem mérték fel a helyzet súlyosságát” – a Hormuzi-szoros okozta válság hamarosan elérheti a Nyugatot is,https://444.hu/2026/04/01/meg-nem-mertek-fel-a-helyzet-sulyossagat-a-hormuzi-szoros-okozta-valsag-hamarosan-elerheti-a-nyugatot-is?utm_source=rss_feed&utm_medium=rss&utm_campaign=rss_syndication
727219ebd7f1ac94c9bd50ea4dd81599ce07e17059b8c609541ab12770786dfb,2026-04-01 21:24:29.299538+00:00,hu,444.hu,444.hu,2026-04-01,"Mórahalom polgármestere levélben kéri a helyieket, hogy szavazzanak a Fidesz-KDNP-re",https://444.hu/2026/04/01/morahalom-polgarmestere-levelben-keri-a-helyieket-hogy-szavazzanak-a-fidesz-kdnp-re?utm_source=rss_feed&utm_medium=rss&utm_campaign=rss_syndication
dbdb14ef91ca4a0ea94e8fde5088a18ce5fd6e96d6d21e5d12909bfb1d2d94b9,2026-04-01 21:24:12.782257+00:00,hu,444.hu,444.hu,2026-04-01,Zavarba ejtő videót posztolt Orbán: Magyar Péter sem csinálhatott volna jobb imázsvideót saját magáról,https://444.hu/2026/04/01/zavarba-ejto-videot-posztolt-orban-magyar-peter-sem-csinalhatott-volna-jobb-imazsvideot-sajat-magarol?utm_source=rss_feed&utm_medium=rss&utm_campaign=rss_syndication
641717c636e57495c1ba0dde82c03725905847c11c6eac6438c8f8324e2f3f4b,2026-04-01 21:23:25.746705+00:00,hu,444.hu,444.hu,2026-04-01,Karácsony Gergely álma egy budapesti olimpia,https://444.hu/2026/04/01/karacsony-gergely-alma-egy-budapesti-olimpia?utm_source=rss_feed&utm_medium=rss&utm_campaign=rss_syndication
af96b8a8a2d570117d2a412552126a1556db968d8b4993c4a1ccb2e06a2d3a0d,2026-04-01 21:23:04.115326+00:00,hu,444.hu,444.hu,2026-04-01,"10 millió támogatást kapott egy hatvani láthatatlan alapítvány, a fideszes jelölt az alapítvány nevében gyerekeknek vitt ajándékot",https://444.hu/2026/04/01/10-millio-tamogatast-kapott-egy-hatvani-lathatatlan-alapitvany-a-fideszes-jelolt-az-alapitvany-neveben-gyerekeknek-vitt-ajandekot?utm_source=rss_feed&utm_medium=rss&utm_campaign=rss_syndication
9263c85d1f13d0b3750c3c15207a8c140b9c980fd50ad58816e4808b17b635f0,2026-04-01 21:22:50.473696+00:00,hu,444.hu,444.hu,2026-04-01,A Hintalovon Alapítvány meghatódott Szabó Bence felajánlásán,https://444.hu/2026/04/01/a-hintalovon-alapitvany-meghatodott-szabo-bence-felajanlasan?utm_source=rss_feed&utm_medium=rss&utm_campaign=rss_syndication
176fcd6b1d69b5111a2e2075cc9272f277d2f138623839f3f654a11315e0f6fc,2026-04-01 21:22:41.636931+00:00,hu,444.hu,444.hu,2026-04-01,Már osztja a választási csomagot a fideszes miskolci jelölt,https://444.hu/2026/04/01/mar-osztja-a-valasztasi-csomagot-a-fideszes-miskolci-jelolt?utm_source=rss_feed&utm_medium=rss&utm_campaign=rss_syndication
cd5e0f8c95dab18f29be61034e75f7a8fc74e33a18c5f871865c937c7942c96a,2026-04-01 21:22:33.849080+00:00,hu,444.hu,444.hu,2026-04-01,Menczer Tamás nem hisz a vereségét jósló Nézőpont-kutatásnak,https://444.hu/2026/04/01/menczer-tamas-nem-hisz-a-vereseget-joslo-nezopont-kutatasnak?utm_source=rss_feed&utm_medium=rss&utm_campaign=rss_syndication
90af16cdf81d2aec310bd85b8b610a5247b435381afda2c30610fa058c60c5c0,2026-04-01 20:25:28.032057+00:00,hu,24.hu,24.hu,2026-04-01,A nap legfontosabb hírei – 2026.04.01.,https://24.hu/belfold/2026/04/01/a-nap-legfontosabb-hirei-2026-04-01/
a7fcf9516d2024bfe073ec0dc6965fdd389e4793954363104feb9ce54dd1b2e2,2026-04-01 20:25:20.182828+00:00,hu,24.hu,24.hu,2026-04-01,A Kreml mágusa: Egy héttel a választások előtt Vlagyimir Putyin beköltözik a magyar mozikba,https://24.hu/kultura/2026/04/01/a-kreml-magusa-kritika-putyin-film/
554bfe2a0de5934b95ca789d64ec62eeffcf128eeea8987406a88ebbf2124571,2026-04-01 20:24:57.776878+00:00,hu,24.hu,24.hu,2026-04-01,"25 éve lőtte Roberto Baggio a csodagólt, ami láttán most sírva fakadnak az olasz foci rajongói",https://24.hu/sport/foci/2026/04/01/roberto-baggio-csodagol-juventus-brescia-2001/
7103e3a4f4868874b933557960d17c308abbd0daa5d5f57b10f5d992f91fbbfc,2026-04-01 20:24:32.578724+00:00,hu,24.hu,24.hu,2026-04-01,Freddie: Nem vagyok hajlandó kiszolgálni a propagandát,https://24.hu/szorakozas/2026/04/01/freddie-kozteve-vitalyos-eszter-komment/
5a1d367ec10a37e868c8f54ceb29b75030ebf5b8b437486077746a7c7d0bae50,2026-04-01 20:18:22.670021+00:00,hu,24.hu,24.hu,2026-04-01,A Veszprém az idény legjobb játékával szórta meg a PSG-t,https://24.hu/sport/2026/04/01/ferfi-kezilabda-bajnokok-ligaja-veszprem-psg/
54019e61bdc59f32194979a70934646bca5a19ecd15772369957873fceb1b314,2026-04-01 19:23:00.977760+00:00,hu,24.hu,24.hu,2026-04-01,"Magyar Péter Békéscsabán: ""Nézd, Andi, tömeg!""",https://24.hu/belfold/2026/04/01/magyar-peter-andi-tomeg-bekescsaba-szabo-bence/
efb39cb80dfdf5ed9607edb76717afda20d28ba2f32ddefd8690d8eb3e4bb924,2026-04-01 18:36:21.920363+00:00,hu,24.hu,24.hu,2026-04-01,"A tiszások ""itt tájidegen elemek, errefelé munkából élnek az emberek"" – folyamatosan kiszólogatott Orbán a Tisza-szimpatizánsoknak",https://24.hu/belfold/2026/04/01/orban-viktor-tisza-part-munka-magyar-peter/
be6413e7f529472df1f08dccf6e88a4889883bacab625419b3570c35c4088c29,2026-04-01 18:35:00.329662+00:00,hu,24.hu,24.hu,2026-04-01,18 lottóötösnyi veszteséggel zárt a Chelsea,https://24.hu/sport/2026/04/01/chelsea-rekordveszteseg-262-millio-font/
ad17ce2982a0cfcc72fe3fb8beaae5a6d9189e475d56d62a1adc129cfdbe2a55,2026-04-01 18:34:31.093463+00:00,hu,24.hu,24.hu,2026-04-01,"Trump volt belbiztonsági miniszterének férjéről kiderült, hogy titokban szeret nőnek öltözni",https://24.hu/elet-stilus/2026/04/01/trump-noem-ferj-noi-ruha-botrany/
ea29cb94e277a6238d28776d329f27a0db8524a295ab72777a1c58d1534bd91a,2026-04-01 18:34:24.678201+00:00,hu,24.hu,24.hu,2026-04-01,"Az oroszok kiszolgálójának kiszolgálója"": Szlovákiában is botrány tört ki Szijjártó és Lavrov beszélgetése miatt",https://24.hu/kulfold/2026/04/01/szlovakia-szijjarto-lavrov/
32565de360b7432b7d842c8d1ceaee8cff8608a873ee7515289dc0e0c049a19b,2026-04-01 17:23:10.272602+00:00,hu,atlatszo.hu,atlatszo.hu,2026-04-01,Egymilliárdért csinálnak futsalcsarnokot a veszprémi uszodából – közpénzből,https://atlatszo.hu/orszagszerte/2026/04/01/egymilliardert-csinalnak-futsalcsarnokot-a-veszpremi-uszodabol-kozpenzbol/
40cb2f49e6756fef7a9164eae95cbb6b99f70dc74c6fa3b6884a2f40884763ec,2026-04-01 16:49:59.639436+00:00,hu,24.hu,24.hu,2026-04-01,Magyar Péter áfacsalónak és harmadosztályú trash celebnek nevezte Hajdú Pétert,https://24.hu/belfold/2026/04/01/magyar-peter-hajdu-peter-afacsalo-trashceleb-szabo-bence-valasztas-2026/
ef777f7b96de466c08c7d746e83ddd0727b5f33d98772c53cdfd6055f59d1a48,2026-04-01 16:49:54.616346+00:00,hu,24.hu,24.hu,2026-04-01,Drámai bukás helyett logikus végkifejlet volt az olasz válogatott újabb pofára esése,https://24.hu/sport/foci/2026/04/01/olasz-focivalogatott-elbukott-vb-potselejtezo-elemzes/
86134f82ea2a631a635754537ff55c63e2b48373243a40b6f04a3f2bd0c9941c,2026-04-01 16:49:49.513958+00:00,hu,24.hu,24.hu,2026-04-01,Dróntámadás érte az elektromos infrastruktúrát Kárpátalján,https://24.hu/kulfold/2026/04/01/karpataljan-drontamadas-elektromos-halozat/
4598f15f1ce5a915695d70e32fa5035f087d140ab01e3af20cb019a49f81aa6c,2026-04-01 16:49:28.860935+00:00,hu,24.hu,24.hu,2026-04-01,"Az április a nagy visszatérőké: folytatódik az Eufória, a Beef, a The Boys és a Kiút is",https://24.hu/kultura/2026/04/01/aprilisi-sorozatajanlo-netflix-euforia/
e68fba20b634fa99a3089ab8b21bc87c22c96ac8cdd8ae7d8bae60a7f4b67d7c,2026-04-01 16:49:23.880613+00:00,hu,24.hu,24.hu,2026-04-01,Habony és Garancsi online fogadási oldalán is Magyar Péter áll jobban,https://24.hu/belfold/2026/04/01/vegas-fogadas-habony-arpad-garancsi-istvan-magyar-peter-gyozelem-tisza-part-orban-viktor-valasztas-2026/
edf9c5378755cf302220a8137672464919cb6c6175736ac31ad80e7f9064e833,2026-04-01 16:49:18.795114+00:00,hu,24.hu,24.hu,2026-04-01,"Hajdú Péter: Szabó Bence állítása bizonyítja, hogy a rendőrség és a NAV végzi a dolgát a Fidesz-kormány alatt",https://24.hu/szorakozas/2026/04/01/hajdu-peter-szabo-bence-reakcio/
bab71342fe3b4b8d3a5db59ff4f4b5913c4badf475aa3dc6eb4adc945a1ad6b8,2026-04-01 16:49:10.956584+00:00,hu,24.hu,24.hu,2026-04-01,Komcsizással reagált Szijjártó Péter az őt ért megbízhatatlansági kritikára,https://24.hu/belfold/2026/04/01/szijjarto-megbizhatatlan-pavel-lavrov/
fd7e1e9406a56c00d422cc049399bc616add58938c0d4e6677d4745be71c626e,2026-04-01 16:49:05.937899+00:00,hu,24.hu,24.hu,2026-04-01,"Nagy Ervin támogatására kérem a szavazóim"" – újabb DK-s lépett vissza az áprilisi választástól",https://24.hu/belfold/2026/04/01/nagy-ervin-visszalepes-dunaujvaros-dk/
0a66668eef342b70d583f9968e38d024c197a752149763e8cbe004501938bcbf,2026-04-01 16:49:00.916784+00:00,hu,24.hu,24.hu,2026-04-01,"Tanárom, mesterem volt"" – így emlékeznek a pályatársak Radnóti Zsuzsára Alföldi Róberttől Presser Gáborig",https://24.hu/kultura/2026/04/01/radnoti-zsuzsa-emlekezes-alfoldi-presser-geszti/
79025d945ae08b35e147262619b5fe63bddeda21681c1188d330f896ba878e1f,2026-04-01 16:48:54.713087+00:00,hu,24.hu,24.hu,2026-04-01,A Győr után a Fradi fiataljai is ott vannak Európa legjobb négy kézicsapata között,https://24.hu/sport/2026/04/01/noi-kezilabda-ifjusagi-liga-negyes-donto-ftc/
0c57fbb5846f0c48abda0a5346775f99f23334cbaa9abc2bfb718426907e9997,2026-04-01 16:36:14.380849+00:00,hu,444.hu,444.hu,2026-04-01,Visszalép a DK-s Szabó Zsolt Nagy Ervin javára,https://444.hu/2026/04/01/visszalep-a-dk-s-szabo-zsolt-nagy-ervin-javara
de66c8a422735dc325678145df75818b03455d319b05e106f2cd24da143899c3,2026-04-01 16:34:42.392470+00:00,hu,444.hu,444.hu,2026-04-01,Bíróság elé állítják az Aston Martinnal gázoló győri férfit,https://444.hu/2026/04/01/birosag-ele-allitjak-az-aston-martinnal-gazolo-gyori-ferfit
15830f7cda4e14ac474a9c70f6ef335b4dfbfce5c4df47d8ae686ebe562409ef,2026-04-01 16:34:31.551758+00:00,hu,444.hu,444.hu,2026-04-01,Habony és Garancsi online kaszinójában a nyereményszorzók alapján Magyar Péter az esélyesebb a választási győzelemre,https://444.hu/2026/04/01/habony-es-garancsi-online-kaszinojaban-a-nyeremenyszorzok-alapjan-magyar-peter-az-eselyesebb-a-valasztasi-gyozelemre
9a878f7e544bd05791bf299407b51ee04b58da87cdc6a8c24d97e882c57fa110,2026-04-01 15:26:16.488025+00:00,hu,444.hu,444.hu,2026-04-01,"„Összenő, ami összetartozik: egy maffiafőnök és egy áfacsaló” – kommentálta Magyar Péter, hogy a miniszterelnök meghívta magához Hajdú Pétert",https://444.hu/2026/04/01/osszeno-ami-osszetartozik-egy-maffiafonok-es-egy-afacsalo-kommentalta-magyar-peter-hogy-a-miniszterelnok-meghivta-magahoz-hajdu-petert?utm_source=rss_feed&utm_medium=rss&utm_campaign=rss_syndication
eb1c1bf3c5bbde774fe3162473cac1a9207b23fb296fb4d506fcb2710d8f185e,2026-04-01 15:26:11.235538+00:00,hu,444.hu,444.hu,2026-04-01,Sziklafalnak ütközött egy orosz katonai repülőgép a Krím-félszigeten,https://444.hu/2026/04/01/sziklafalnak-utkozott-egy-orosz-katonai-repulogep-a-krim-felszigeten?utm_source=rss_feed&utm_medium=rss&utm_campaign=rss_syndication
47fbdca121154a085df35a4e2863c2b2f099ca15649d8a151edb4b3f265d95f6,2026-04-01 15:26:06.485675+00:00,hu,444.hu,444.hu,2026-04-01,Koncz Zsófia „közbenjárására” húsvéti csomagot osztanak a kiválasztott taktaharkányiaknak,https://444.hu/2026/04/01/koncz-zsofia-kozbenjarasara-husveti-csomagot-osztanak-a-kivalasztott-taktaharkanyiaknak?utm_source=rss_feed&utm_medium=rss&utm_campaign=rss_syndication
3a1c908077b6d0f9ef9f649c5b226bbd74041cad4cc58f31bbb4be44ade19f70,2026-04-01 15:25:54.337517+00:00,hu,444.hu,444.hu,2026-04-01,"Trump azt állítja, hogy Irán tűzszünetet kért",https://444.hu/2026/04/01/trump-azt-allitja-hogy-iran-tuzszunetet-kert?utm_source=rss_feed&utm_medium=rss&utm_campaign=rss_syndication
faa3073aa04f4799f659da52ca985a869d57725c6a83852b7b6b382d0ceee4eb,2026-04-01 15:25:49.130901+00:00,hu,444.hu,444.hu,2026-04-01,"Európai Bizottság: Dolgozz otthonról, vezess kevesebbet, a helyzet súlyos",https://444.hu/2026/04/01/europai-bizottsag-dolgozz-otthonrol-vezess-kevesebbet-a-helyzet-sulyos?utm_source=rss_feed&utm_medium=rss&utm_campaign=rss_syndication
741a107091fdb5f81595972912db2f4ce63aec326b873dfa0de07c0adbb33033,2026-04-01 15:25:44.123514+00:00,hu,444.hu,444.hu,2026-04-01,"Szijjártó nem csak Lavrovval szervilis: Felcsúton nyilvánosan és hosszan alázta a saját klubját azzal, ami a legjobban fáj minden Kispest-szurkolónak",https://444.hu/2026/04/01/szijjarto-nemcsak-lavrovval-szervilis-felcsuton-nyilvanosan-es-hosszan-alazta-a-sajat-klubjat-azzal-ami-a-legjobban-faj-minden-kispest-szurkolonak?utm_source=rss_feed&utm_medium=rss&utm_campaign=rss_syndication
6bddc67efabcb8f7443e4aa26da86d69b5371e4b7ef86a52a72d432222b5bf23,2026-04-01 15:25:39.602345+00:00,hu,444.hu,444.hu,2026-04-01,A BBC három magyart is berakott a világbajnokság nagy hiányzói közé,https://444.hu/2026/04/01/a-bbc-harom-magyart-is-berakott-a-vilagbajnoksag-nagy-hianyzoi-koze?utm_source=rss_feed&utm_medium=rss&utm_campaign=rss_syndication
aa5bfee1fd962d11b6583df53f1ec67fbdc9309ef4d160af3f3541d889d7142c,2026-04-01 15:25:34.296156+00:00,hu,444.hu,444.hu,2026-04-01,"A Nézőpont szerint is bukásra áll egyéniben Vitályos Eszter, Menczer Tamás és Németh Balázs",https://444.hu/2026/04/01/nezopont-mandatumbecsles-valasztas-2026-vitalyos-eszter-nemeth-balazs-menczer-tamas-hanko-balazs?utm_source=rss_feed&utm_medium=rss&utm_campaign=rss_syndication
08a9b09d73f1ed6c75945d266780163682366a7688b7426f48f9506fe16ddabc,2026-04-01 15:25:30.947522+00:00,hu,444.hu,444.hu,2026-04-01,"Videón, ahogy az izraeli hadsereg szétlő egy bejrúti lakóházat",https://444.hu/2026/04/01/videon-ahogy-az-izraeli-hadsereg-szetlo-egy-bejruti-lakohazat?utm_source=rss_feed&utm_medium=rss&utm_campaign=rss_syndication
a0f025d6bb24b6134d4e47748fe34fb6e27461411431c7338aac27edb6f0b738,2026-04-01 15:25:24.123415+00:00,hu,444.hu,444.hu,2026-04-01,"Moszkva reagált a Szijjártó-Lavrov-botrányra, a külügyi szóvivőjük „örömteli eseménynek” nevezte azt",https://444.hu/2026/04/01/moszkva-reagalt-szijjarto-lavrov-botranyra-a-kulugyi-szovivojuk-oromteli-esemenynek-nevezte-azt?utm_source=rss_feed&utm_medium=rss&utm_campaign=rss_syndication
4f675e95141735ddc8eaee4ba7d53b332a5fb74ebbff5d384a2827a14de122cd,2026-04-01 15:25:19.612218+00:00,hu,444.hu,444.hu,2026-04-01,Győr polgármestere rendkívüli közgyűlést hívott össze az Orbán országjárásán megjelent fekete ruhás verőemberek miatt,https://444.hu/2026/04/01/gyor-polgarmestere-rendkivuli-kozgyulest-hivott-ossze-orban-orszagjarasan-megjelent-fekete-ruhas-veroemberek-miatt?utm_source=rss_feed&utm_medium=rss&utm_campaign=rss_syndication
4fe13cc25dd93a6be45a17f6cef0ea7a970be1eca5423257164738e263dc5bff,2026-04-01 15:25:14.044487+00:00,hu,444.hu,444.hu,2026-04-01,"Kiderült, hogy crossdresser a nemrég menesztett amerikai belbiztonsági miniszter férje",https://444.hu/2026/04/01/kiszivarogtatott-fotok-alapjan-kiderult-hogy-crossdresser-a-nemreg-menesztett-amerikai-belbiztonsagi-miniszter-ferje?utm_source=rss_feed&utm_medium=rss&utm_campaign=rss_syndication
806ccbec8abc4882f03f780a46c17d032e2bf05033f814a9763f4f19983755e0,2026-04-01 15:25:09.035554+00:00,hu,444.hu,444.hu,2026-04-01,"„Fontosabb volt, hogy gyermekem szülessen, mint hogy párom legyen”",https://444.hu/2026/04/01/fontosabb-volt-hogy-gyermekem-szulessen-mint-hogy-parom-legyen?utm_source=rss_feed&utm_medium=rss&utm_campaign=rss_syndication
1cf8761c79d76c19ba8229f6021f7c1113dee9e8b4149bd2b09fac179c571bb9,2026-04-01 15:25:04.149198+00:00,hu,444.hu,444.hu,2026-04-01,Szabó Bence nyomozta ki Hajdú Péter adócsalási ügyét,https://444.hu/2026/04/01/szabo-bence-nyomozta-ki-hajdu-peter-adocsaladi-ugyet?utm_source=rss_feed&utm_medium=rss&utm_campaign=rss_syndication
bff59bf7f0869e39f7383c73cf81d8ad36835d015bbb8875bc444e62a4ee57de,2026-04-01 15:24:53.976836+00:00,hu,444.hu,444.hu,2026-04-01,Leszedik a budapesti hidakról a választási plakátokat,https://444.hu/2026/04/01/leszedik-a-budapesti-hidakrol-a-valasztasi-plakatokat?utm_source=rss_feed&utm_medium=rss&utm_campaign=rss_syndication
cf837f18632276b8d27927bee8ba36e3ded06f43baea50dbcd35a7d7e8bc7f94,2026-04-01 15:24:45.224556+00:00,hu,444.hu,444.hu,2026-04-01,Menczer Tamás: Szabó Bence bejelentkezett a Tiszához belügyminiszternek vagy rendőri vezetőnek,https://444.hu/2026/04/01/menczer-tamas-szabo-bence-bejelentkezett-a-tiszahoz-belugyminiszternek-vagy-rendori-vezetonek?utm_source=rss_feed&utm_medium=rss&utm_campaign=rss_syndication
2ce45840d11373dfcc30602a835ea0cd2ee58418e2fec11bbca90937de00d06e,2026-04-01 15:24:40.355455+00:00,hu,444.hu,444.hu,2026-04-01,Az Európai Unió a fő intézményeinek megtiltotta a mesterséges intelligencia használatát a hivatalos kommunikációjukban,https://444.hu/2026/04/01/az-europai-unio-a-fo-intezmenyeinek-megtiltotta-a-mesterseges-intelligencia-hasznalatat-a-hivatalos-kommunikaciojukban?utm_source=rss_feed&utm_medium=rss&utm_campaign=rss_syndication
ef51427046e6b98afbc3e3997dd70c5b07e6ec2b5d25fc0855f097f2ab8c4729,2026-04-01 15:24:33.501280+00:00,hu,444.hu,444.hu,2026-04-01,Drónokkal támadták az oroszok a kárpátaljai energetikai infrastruktúrát,https://444.hu/2026/04/01/dronokkal-tamadtak-az-oroszok-a-karpataljai-energetikai-infrastrukturat?utm_source=rss_feed&utm_medium=rss&utm_campaign=rss_syndication
169cc9de3fde9f7e8a3c81a64460edd3de4de989957a7d49a8563f9968bbc0d8,2026-04-01 15:24:27.021387+00:00,hu,444.hu,444.hu,2026-04-01,"A magyar választást célzó, titkos, összehangolt befolyásolási kampányhoz használt fiókokat törölt a TikTok",https://444.hu/2026/04/01/a-magyar-valasztast-celzo-titkos-osszehangolt-befolyasolasi-kampanyhoz-hasznalt-fiokokat-torolt-a-tiktok?utm_source=rss_feed&utm_medium=rss&utm_campaign=rss_syndication
330c918fa7ba9e4e0442e8a017f379fc995bc7a1b085b725889dbfbf17d66bb8,2026-04-01 15:24:09.005530+00:00,hu,444.hu,444.hu,2026-04-01,Letartóztattak két magányomozót és egy rendőrt hivatali vesztegetés miatt,https://444.hu/2026/04/01/letartoztattak-ket-maganyomozot-es-egy-rendort-hivatali-vesztegetes-miatt?utm_source=rss_feed&utm_medium=rss&utm_campaign=rss_syndication
bc10efc3074009188e8f2c6152101cafef6f4f28bb20239b0b0adb9eb296fe5e,2026-04-01 12:23:15.866394+00:00,hu,24.hu,24.hu,2026-04-01,Vb-selejtezős kudarc: Lewandowski sejtelmes posztot tett közzé,https://24.hu/sport/2026/04/01/robert-lewandowski-foci-vb-2026-selejtezo-valogatottsag/
8fccd2f8c69e8a3e7e67d0e72ecdd9fc114381eab151db9812a72f0945f9f658,2026-04-01 12:22:32.862478+00:00,hu,24.hu,24.hu,2026-04-01,"Húsvéti LEGO® készletek – ötvözik a szórakozást, a kreativitást és a hagyományos tavaszi motívumokat",https://24.hu/szorakozas/2026/04/01/husveti-lego-keszletek-otvozik-a-szorakozast-a-kreativitast-es-a-hagyomanyos-tavaszi-motivumokat/
edac22b37f85a7ec1b4e5e046a182a666f2a95c98d6aec357517fe33d2d78f4a,2026-04-01 11:37:11.189599+00:00,hu,24.hu,24.hu,2026-04-01,A globális memóriaválság a Sonyt is elérte,https://24.hu/tech/2026/04/01/sony-memoriakartya-felvezetok-ram/
2dc308135584fde72d2ba61b0bf797f07265ccc61f2e3ac2845acefd337250f8,2026-04-01 11:36:31.474325+00:00,hu,24.hu,24.hu,2026-04-01,Borzalmas családi tragédia történt Győrben,https://24.hu/belfold/2026/04/01/gyor-csaladi-tragedia-emberoles/
9cb6df5b6cda5d28ce273b88e96b91b2733d17d9410bfc9d05c7b33651d9232d,2026-04-01 11:36:26.804197+00:00,hu,24.hu,24.hu,2026-04-01,"Film készül Tolcsvay Lászlóról, 37 millióval támogatja az NFI",https://24.hu/kultura/2026/04/01/film-tolcsvay-laszlo-nfi-tamogatas-reformacio/
32aae6413fdfb33979f1574e937645247ccd60f8118c06afd567568e77949857,2026-04-01 11:36:20.631563+00:00,hu,24.hu,24.hu,2026-04-01,"Republikon: a Fidesz-szavazók 60 százaléka szerint valós veszély, hogy háborúba sodródunk",https://24.hu/belfold/2026/04/01/republikon-haboru-kutatas-fidesz-tisza/
9849ee5eca415790a0c746c010fdd8906e068bbc76df9f2eb226e07f558b3f2d,2026-04-01 11:24:04.872610+00:00,hu,24.hu,24.hu,2026-04-01,"Agy nélküli, emberi klónokat hozna létre egy milliárdosok által támogatott startup",https://24.hu/tech/2026/04/01/milliardos-startup-emberi-klon-r3-bio/
a42dec93dca1d0079bfb30c7a2af074813b879cf9f1b9a3df1d3882e07dff182,2026-04-01 11:23:34.745276+00:00,hu,24.hu,24.hu,2026-04-01,"Játékfüggőségéről beszélt Anger Zsolt – volt idő, amikor az utolsó ezresét is képes volt elkaszinózni",https://24.hu/szorakozas/2026/04/01/anger-zsolt-jatekszenvedely-fuggoseg/
654d78e57455f003e348cae5ab17d26f14ab211de8b10952fa9fc3d77e83db55,2026-04-01 11:23:24.943651+00:00,hu,24.hu,24.hu,2026-04-01,Hét évtized után visszatért eredeti helyére a Kossuth tér Iustitiája,https://24.hu/kultura/2026/04/01/kossuth-ter-szobor-kuria-helyreallitas/
c1438a44cc094ad8992c5ff64a46d060c524b2159b1da808c157340d75468db4,2026-04-01 11:23:05.559065+00:00,hu,24.hu,24.hu,2026-04-01,Milka csokoládékat hív vissza a boltok polcairól a fogyasztóvédelmi hatóság,https://24.hu/fn/gazdasag/2026/04/01/milka-nkfh-mondelez-fogyasztovedelem/
65ad2bc67eb50f606cfc05968f23f0531fdc162e8ff329649b882f43b9fd4772,2026-04-01 11:22:20.113849+00:00,hu,24.hu,24.hu,2026-04-01,Letartóztatás vár egy rendőrre és két magánnyomozóra – így csaptak le rájuk,https://24.hu/belfold/2026/04/01/bunugyi-adatok-kenopenz-rendot-magannyomozok/
c7873517b7bc7aee44cc6a72344ac22f18b58a95c0f8f397c94f75707fada302,2026-04-01 11:21:55.534998+00:00,hu,444.hu,444.hu,2026-04-01,"Trump azt mondja, fontolgatja a kilépést a NATO-ból",https://444.hu/2026/04/01/trump-azt-mondja-fontolgatja-a-kilepest-a-nato-bol?utm_source=hirstart&utm_medium=referral&utm_campaign=ct
ff415cdf5370b29da2670f51752fc51205942e34afa3c3ec8e88326b66b30ed9,2026-04-01 11:21:39.244121+00:00,hu,24.hu,24.hu,2026-04-01,Trump erősen fontolgatja a kilépést a NATO-ból,https://24.hu/kulfold/2026/04/01/trump-usa-nato-kilepes-marco-rubio/
a7beea9de4415b157930381234732992b2ee53acb2b6f978cf183308d3af09c1,2026-04-01 10:37:08.215963+00:00,hu,24.hu,24.hu,2026-04-01,"Lezuhant egy orosz katonai repülőgép, legalább 29-en meghaltak",https://24.hu/kulfold/2026/04/01/lezuhant-ororsz-katonai-repulogep-29-halott/
0b7433a39979aaca4fa1089ea1a3e3945eaac8f25be468bea4de627d7ee18d76,2026-04-01 10:37:00.425211+00:00,hu,24.hu,24.hu,2026-04-01,"Kinyitották a szállodai szobájának az ajtaját, de Edi már nem élt"" – ez okozhatta a kézilabda-legenda halálát",https://24.hu/sport/2026/04/01/kezilabda-eduard-koksarov-halala-megemlekezes/
a5475358c67b111501e277be9af21194f26c9f1d4dadceee4a03950611d42099,2026-04-01 10:36:36.457180+00:00,hu,24.hu,24.hu,2026-04-01,Hatvanegy mű került a Magyar Nemzeti Bank műgyűjteményéből a veszprémi Laczkó Dezső Múzeumba,https://24.hu/kultura/2026/04/01/magyar-nemzeti-bank-mutargy-letet-veszprem-kortars/
1f58033e6c60ddcc80e94ff28c8d0b8d924025a05dcb2514123f8410ac0bbd75,2026-04-01 10:36:31.518853+00:00,hu,24.hu,24.hu,2026-04-01,"Hat Ferrarit tartani bolondság"", mondta tavaly Kósa Lajos, akit rokona négy Ferrarija közül az egyikben lefotóztak – utolértük a politikust",https://24.hu/belfold/2026/04/01/kosa-lajos-fidesz-ferrari-baszna-gabona-sikkasztas/
50cc0336ad1ef2ac48c821df93fcc121828d87184e9d727cb0266c5fdbee17a2,2026-04-01 10:23:48.595897+00:00,hu,24.hu,24.hu,2026-04-01,"Késsel raboltak gíroszt egy fiútól Miskolcon, az áldozat félelmében átadta az ételét",https://24.hu/belfold/2026/04/01/miskolc-gyros-rablas-gyerek/
f6158f2cee5d99668e7af989066d53c74c84e4f3f7c79924eb4e6ba777610b51,2026-04-01 10:23:43.547146+00:00,hu,24.hu,24.hu,2026-04-01,Most választhatnak a 64 éven felüliek: később már nem kérhető a nyugdíj újraszámítása,https://24.hu/fn/gazdasag/2026/04/01/nyugdij-valorizacios-szorzo-ujraszamitas-nyugdijeloleg/
69e5d476a1cb6fd8e1c628c894364ae2b2eac45625237767ca5a032178712167,2026-04-01 10:23:12.504824+00:00,hu,24.hu,24.hu,2026-04-01,"Megtalálták Borbás Marcsi kollégájának, R. Benedeknek a holttestét",https://24.hu/belfold/2026/04/01/r-benedek-duna-eltunt-megtalaltak/
92da89b35af667af6e62cb1afb7cc20b454c0452d25c5983f06a4aed891dbc3f,2026-04-01 10:23:05.719636+00:00,hu,24.hu,24.hu,2026-04-01,Ha Szoboszlai megaszólójából gól lesz… – képeken a magyar-görög meccs,https://24.hu/sport/foci/2026/04/01/ha-szoboszlai-megaszolojabol-gol-lesz-kepeken-a-magyar-gorog-meccs/
c6643aab99ef4231f1349e085958c4a679ebb2e12eaf7ac6ce905450c50a0670,2026-04-01 10:23:00.576009+00:00,hu,24.hu,24.hu,2026-04-01,Néhány hét alatt helyreállíthatlan kulturális károkat is okozhatott az iráni háború,https://24.hu/kultura/2026/04/01/iran-amerika-izrael-haboru-kulturalis-orokseg-kar/
c9d3c1032f05ee68f551f8079de843ee7c6becd5fb97ab1c1f0254024b8b80d7,2026-04-01 10:22:51.329251+00:00,hu,24.hu,24.hu,2026-04-01,K-Monitor: közel egymilliárd forintért szervezték idén a CPAC-et,https://24.hu/fn/gazdasag/2026/04/01/cpac-egymilliard-balasy-gyula-rendezveny/
084f2dff701a2b281178c8eb2b0ad6ab28a19bb812ff6a3ae505617e53b057f9,2026-04-01 10:22:46.343124+00:00,hu,24.hu,24.hu,2026-04-01,"Világító vécépapír, kolbászos Túró Rudi, forradalmi konnektor – Erősen indult idén az április elseje",https://24.hu/kultura/2026/04/01/vilagito-vecepapir-kolbasz-turo-rudi-aprilis-elseje/
efb1483567aec8cf951aeb0a3bf8125d4246f7066f354c61c069d7144c62ff9f,2026-04-01 10:22:05.938105+00:00,hu,24.hu,24.hu,2026-04-01,4iG: Ötszörös árfolyamemelkedés után jött a zuhanás,https://24.hu/fn/gazdasag/2026/04/01/ner-es-tozsdecegek-tundoklese-es-bukasa-jaszai-gellert-meszaros-lorinc-mbh-bank/
338acf776269cf1dae8b7a5046dd8e3b22d256297023f465208ff0a8b26c74fe,2026-04-01 10:21:59.504825+00:00,hu,24.hu,24.hu,2026-04-01,Kgfb: hamarosan visszaemelhetik a csökkentett díjakat a Netrisk szerint,https://24.hu/fn/gazdasag/2026/04/01/kgfb-kotelezo-gepjarmu-felelossegbiztositas-netrisk-biztositas/
c22c4d6b847948951c6a734c97e52a1ed4d33cb5300526336e619bba7296e9ab,2026-04-01 10:21:46.578339+00:00,hu,24.hu,24.hu,2026-04-01,Elindul az idei tavi viharjelzés: ezt jelentik a különböző villogó fények,https://24.hu/tudomany/2026/04/01/tavi-viharjelzes-tudnivalo-villogo-fenyek/
af09607af759f021560ac199ed58eae6c5be1d73498e0c64f5d1f356d936374b,2026-04-01 09:36:20.688268+00:00,hu,atlatszo.hu,atlatszo.hu,2026-04-01,"A hivatalos adatok cáfolják a kormányt, nem volt energiafogyasztási rekord januárban",https://atlatszo.hu/kozugy/2026/04/01/a-hivatalos-adatok-cafoljak-a-kormanyt-nem-volt-energiafogyasztasi-rekord-januarban/
4b03b0ca3d9b5ba625fb452bde85c79a91ec4032853b8b1d84213e61a2469556,2026-04-01 09:35:26.085457+00:00,hu,atlatszo.hu,atlatszo.hu,2026-04-01,"A magyar választási rendszer nem csak torzít, de kiskapukat nyit a csalásoknak",https://atlatszo.hu/kozugy/2026/04/01/a-magyar-valasztasi-rendszer-nem-csak-torzit-de-kiskapukat-nyit-a-csalasoknak/
05b8541ff3b5d0457f0449a27c033f3a55d222cbb1fec176f3982ab39f04fc16,2026-04-01 09:21:25.651922+00:00,hu,24.hu,24.hu,2026-04-01,"Terelsz, csúsztatsz!"" – Mérges vitát hozott Kukorelly Endre és L. Simon László ATV-s összecsapása",https://24.hu/kultura/2026/04/01/l-simon-laszlo-kukorelly-endre-vita-lackfi-janos/
d05f1503e05940ffdb335a887f7299e06d7f1f5c9e00fb846fe98fc5b500c933,2026-04-01 09:21:16.782948+00:00,hu,24.hu,24.hu,2026-04-01,Repülővel vitték külföldre a szegény és kiszolgáltatott helyzetben lévő szabolcsi fiatal lányokat a luxusban élő emberkereskedők,https://24.hu/belfold/2026/04/01/emberkereskedelem-lanyok-prostitucio-razzia/
65bc945b85cb3f10f0b9b2e23e05d35722103f340bb682c5c28a04e4e4a46497,2026-04-01 09:21:06.415169+00:00,hu,24.hu,24.hu,2026-04-01,Nyilvánosan megtagadta Szijjártó Pétert a volt egyetemi tanára,https://24.hu/belfold/2026/04/01/szijjarto-peter-tanar-megtagadta-bekesi-laszlo/
ea9c392316023622b964a87fc2375c2140945531b3318e5f4ae8aa01415e93b6,2026-04-01 09:20:50.713516+00:00,hu,24.hu,24.hu,2026-04-01,"Ismét leállás lesz az Ersténél: nem lehet majd utalni, és George is elnémul",https://24.hu/tech/2026/04/01/erste-bank-leallas-george-app-web-utalas/
41d771bed06b13cb340a4d6fd3460176d5659faed8a8a54649f2101f147aaae2,2026-04-01 09:20:39.248883+00:00,hu,24.hu,24.hu,2026-04-01,"Újjáépítené a World Trade Center ikertornyait egy férfi, már a tervek is megvannak",https://24.hu/tech/2026/04/01/world-trade-center-ujjaepites-tervek/
d613996b26d85f02c5b84b2c48051a0db7027c745b05c6a43ef237e35f5cb4dc,2026-04-01 09:20:23.586900+00:00,hu,24.hu,24.hu,2026-04-01,Nézőpont: Budapesten a Tisza és Hadházy győzhet,https://24.hu/belfold/2026/04/01/nezopont-intezet-budapest-tisza-hadhazy/
8bfa6456b1d4ed009ff31827416f3d76158fa7ae14abaa16fc63f76312822bf7,2026-04-01 09:20:02.330057+00:00,hu,24.hu,24.hu,2026-04-01,"HVG: A Mészáros Lőrinchez tartozó Opusból 10,55 milliárd forint osztalékot vesznek ki",https://24.hu/fn/gazdasag/2026/04/01/meszaros-lorinc-osztalek-opus-global/
b5318193d1af31bd22ca98fe44952a733defd06ffd9afaa36c985bfb9707c35c,2026-04-01 09:19:57.427712+00:00,hu,24.hu,24.hu,2026-04-01,"Hokiabszurd: a bemelegítéskor verekedett össze két hokis Miskolcon, eltiltották őket",https://24.hu/sport/2026/04/01/jegkorong-erste-liga-gyergyo-dvtk-imre-patrik-jason-pineo-verekedes/
90a6eae4a891352742d37cdfdf49004a6dffb0f36023551eadd230f97e0cde48,2026-04-01 09:19:32.381235+00:00,hu,24.hu,24.hu,2026-04-01,"Zsinórban második évben növelte a kormány az államadósságot, megszegve saját tilalmát is",https://24.hu/fn/gazdasag/2026/04/01/gdp-aranyos-allamadossag-adossagallomany-tulzottdeficit-eljaras/
1a55de41fd27992b3d946f412f6b3d5167cd0ab2d476c618a2913fcb32cbae1f,2026-04-01 09:19:06.103776+00:00,hu,444.hu,444.hu,2026-04-01,Az orosz kormány szigorítása miatt három hétre mobilinternet nélkül maradtak a moszkvaiak,https://444.hu/2026/04/01/az-orosz-kormany-szigoritasa-miatt-harom-hetre-mobilinternet-nelkul-maradtak-a-moszkvaiak?utm_source=rss_feed&utm_medium=rss&utm_campaign=rss_syndication
05bcc9d6ca8c83bf408b82f65bd46012599343b88eb24acdf0ffa9c58692d21a,2026-04-01 09:18:58.983295+00:00,hu,444.hu,444.hu,2026-04-01,"Csütörtökig lehet átjelentkezni azoknak, akik nem a lakcímük szerinti szavazókörben adnák le a voksukat",https://444.hu/2026/04/01/csutortokig-lehet-atjelentkezni-azoknak-akik-nem-a-lakcimuk-szerinti-szavazokorben-adnak-le-a-voksukat?utm_source=rss_feed&utm_medium=rss&utm_campaign=rss_syndication
ae528170f37a981c7eede3e92c8494f2bbe701e8e32821cd10061a15a16af986,2026-04-01 09:18:54.065276+00:00,hu,444.hu,444.hu,2026-04-01,"Vallomást kellett tennie a kormánynak az állam pénzügyeiről, de nem látunk sokkal tisztábban",https://444.hu/2026/04/01/vallomast-kellett-tennie-a-kormanynak-az-allam-penzugyeirol-de-nem-latunk-sokkal-tisztabban?utm_source=rss_feed&utm_medium=rss&utm_campaign=rss_syndication
82bbd6f09aaaf2ea8c9ad4931bf7ba5959ec47981ee27f2d9c1fe333012f928d,2026-04-01 09:18:42.668117+00:00,hu,444.hu,444.hu,2026-04-01,Helikopterrel menekítették ki az új-zélandi hegyekből a sérült gazdájára váró border collie-t,https://444.hu/2026/04/01/helikopterrel-menekitettek-ki-az-uj-zelandi-hegyekbol-a-serult-gazdajara-varo-border-collie-t?utm_source=rss_feed&utm_medium=rss&utm_campaign=rss_syndication
0a202eee5d9a9a9b62b326bc5cc04663f76cd603e0158ce412f2348f12b44dc6,2026-04-01 09:17:51.056200+00:00,hu,444.hu,444.hu,2026-04-01,Elraboltak egy amerikai újságírót Bagdadban,https://444.hu/2026/04/01/elraboltak-egy-amerikai-ujsagirot-bagdadban?utm_source=rss_feed&utm_medium=rss&utm_campaign=rss_syndication
32dcee885ade2d9fc1f47db9e845564341be8c58f3d0275584b4e886d9f517c2,2026-04-01 09:17:46.289839+00:00,hu,444.hu,444.hu,2026-04-01,Japánban mától nyílik lehetőség az elvált párok számára a közös gyermekfelügyeletre,https://444.hu/2026/04/01/japanban-matol-nyilik-lehetoseg-az-elvalt-parok-szamara-a-kozos-gyermekfelugyeletre?utm_source=rss_feed&utm_medium=rss&utm_campaign=rss_syndication
14917e21a69ef19493b7326038d9312ef7f808f664beea2726f7518da3e75b70,2026-04-01 09:17:41.487330+00:00,hu,444.hu,444.hu,2026-04-01,Befejezték a nyomozást a Morrison's 2-ben történt emberölés ügyében,https://444.hu/2026/04/01/befejeztek-a-nyomozast-a-morrisons-2-ben-tortent-emberoles-ugyeben?utm_source=rss_feed&utm_medium=rss&utm_campaign=rss_syndication
0a9b15752416315b57e4683d919f8825e9f13b510214953a3008e7b5df902fb9,2026-04-01 09:17:30.924202+00:00,hu,444.hu,444.hu,2026-04-01,Szijjártó és a mindig rendelkezésre állás,https://444.hu/2026/04/01/szijjarto-es-a-mindig-rendelkezesre-allas?utm_source=rss_feed&utm_medium=rss&utm_campaign=rss_syndication
a3bbced07c9807a29c72e6369e2c90c044df61418513524bbf658bc13a44c3b6,2026-04-01 09:17:22.527732+00:00,hu,444.hu,444.hu,2026-04-01,"Nem verték nagydobra, hogy Szijjártó futsalos barátja mekkorát kaszált a debreceni akkugyár építésén",https://444.hu/2026/04/01/nem-vertek-nagydobra-hogy-szijjarto-futsalos-baratja-mekkorat-kaszalt-a-debreceni-akkugyar-epitesen?utm_source=rss_feed&utm_medium=rss&utm_campaign=rss_syndication
3756d0b0f5667b6e39fc90248fb0bf2f3f1ee9d0a37b354c2d4e433d0034d2b8,2026-04-01 09:17:18.407508+00:00,hu,444.hu,444.hu,2026-04-01,"Trump azt ígéri, hogy két-három héten belül abbahagyja az Irán elleni háborút",https://444.hu/2026/04/01/trump-azt-igeri-hogy-ket-harom-heten-belul-abbahagyja-a-iran-elleni-haborut?utm_source=rss_feed&utm_medium=rss&utm_campaign=rss_syndication
946b37d0c161525b26f614611234c5c1be501cbb721776c95234684e0b18f83d,2026-04-01 09:17:15.338281+00:00,hu,444.hu,444.hu,2026-04-01,"Az Alkotmánybíróság kezd kijönni a sodrából, miközben harmadszor védi be a közmédia nyílt propagandáját",https://444.hu/2026/04/01/az-alkotmanybirosag-kezd-kijonni-a-sodrabol-mikozben-harmadszor-vedi-be-a-kozmedia-nyilt-propagandajat?utm_source=rss_feed&utm_medium=rss&utm_campaign=rss_syndication
cb725971308227304b277078ff5ac062e932b03c054b32d5864582ccb059f2c5,2026-04-01 08:38:01.138444+00:00,hu,24.hu,24.hu,2026-04-01,Horrorsérülése után műteni kellett a magyar válogatott úszót,https://24.hu/sport/2026/04/01/abraham-minna-uszas-horrorserules/
8031378e01908c9dd59eb07bfad948dc3c872bf8a533d0c8c661c3aeb6818672,2026-04-01 08:35:36.146264+00:00,hu,444.hu,444.hu,2026-04-01,Egykori tanára nyilvánosan tagadta meg Szijjártó Pétert,https://444.hu/2026/04/01/egykori-tanara-nyilvanosan-tagadta-meg-szijjarto-petert?utm_source=hirstart&utm_medium=referral&utm_campaign=ct
1852fddb80cf06e828e88259a6b84c27c70298cc8bd54a3c40a912b0f0522bf8,2026-04-01 08:24:55.629052+00:00,hu,24.hu,24.hu,2026-04-01,Lezárták a Morrison's-ban két ütéssel megölt 25 éves Gábor ügyét,https://24.hu/belfold/2026/04/01/morrisonss-emberoles-vademelesi-javaslat/
d5dd7f4c8da229328478be408705bb96a783ac3c4ce50d204a5c992c89afc1a2,2026-04-01 08:24:20.928131+00:00,hu,24.hu,24.hu,2026-04-01,A skót drogtanyáktól a messzi-messzi galaxisig – 55 éves lett Ewan McGregor,https://24.hu/kultura/2026/04/01/ewan-mcgregor-55-galeria/
d79ecf4c9500eb9876ecffc788d1c7955b4bd46ba5b124a1e34f15d1289d1197,2026-04-01 08:23:53.104087+00:00,hu,24.hu,24.hu,2026-04-01,"Török Gábor: Ha ezeknek a kutatásoknak csak a fele igaz/pontos, akkor csupán a Tisza győzelmének mértéke kérdéses",https://24.hu/belfold/2026/04/01/torok-gabor-21-kutatokozpont-felmeres-tisza-fidesz/
62b394f86226f4f1b2940c1c7a9ca3f578cd77e0623811c8761f4757230545d7,2026-04-01 08:23:48.176354+00:00,hu,24.hu,24.hu,2026-04-01,Ázsia Expressz: felnőttfilmes is nekivág az új évadnak,https://24.hu/szorakozas/2026/04/01/azsia-expressz-2026-uj-szereplok-kiara-lord/
99cb70d253e08c439d6189a7ee449ae689d918b42c7ba3792dd44e7478c14f33,2026-04-01 08:23:29.199100+00:00,hu,24.hu,24.hu,2026-04-01,"Molnár Áron nyílt levélben reagált a gimnázium igazgatójának nyilatkozatára, aki politikai tartalma miatt betiltotta új filmjüket az iskolájában",https://24.hu/szorakozas/2026/04/01/molnar-aron-gimnazium-igazgato-nyilatkozat-nyilt-level/
560b4db180532dae03a7ae345aeb461bffea385b147ec5e0d5c735a44b9f4490,2026-04-01 08:23:11.266381+00:00,hu,24.hu,24.hu,2026-04-01,"Meghalt Simonyi János, a Magyar Rádió és az MTV rendezője",https://24.hu/kultura/2026/04/01/meghalt-simonyi-janos-magyar-radio-magyar-televizio-mtv-rendezo/
5cc749e554ef9a3c656dcd9feb51d7c3335f944aa561ddc991b93d3d0f62b994,2026-04-01 08:23:01.011909+00:00,hu,24.hu,24.hu,2026-04-01,Négyhetes csúcsra tört a forint a háborúról érkező jó hírek nyomán,https://24.hu/fn/gazdasag/2026/04/01/forint-forintarfolyam-deviza-euro/
7498718e71ea08583dab21ad5b5379d51827bc9d99c8be0764d7177e9c892d1f,2026-04-01 08:22:42.663635+00:00,hu,24.hu,24.hu,2026-04-01,"„Ha tőrt döfnének belém, semmi sem folyna belőlem, kifogyott a vérem” – sírva kért bocsánatot az olasz kapitány",https://24.hu/sport/foci/2026/04/01/foci-vb-2026-olaszorszag-lemaradt-gennaro-gattuso/
9242b8eaece91d17c0e6f3687fed88d8da3c3322ff8019d7f9b9c671e44f9fa5,2026-04-01 08:22:28.613072+00:00,hu,24.hu,24.hu,2026-04-01,HVG: Orbánék visszakoztak a magánegészségügy átalakításától,https://24.hu/belfold/2026/04/01/kormany-maganegeszsegugy-reform-bcg/
ea56a9298b77bea143ba8295a20667a8a73a705189e71700a2671318b9072ad9,2026-04-01 07:18:51.653383+00:00,hu,24.hu,24.hu,2026-04-01,40 év után tér vissza egy válogatott a vb-re – teljes a 48 csapatos mezőny,https://24.hu/sport/foci/2026/04/01/foci-vb-2026-teljes-a-mezony-irak/
fb41ae59c3e09e57f665a12a0d8bbc025b60b27e43bcfef5fef41840a35f15cf,2026-04-01 07:18:40.455786+00:00,hu,24.hu,24.hu,2026-04-01,Farkasházi Réka címlapon mutatta meg a lányait,https://24.hu/szorakozas/2026/04/01/farkashazi-reka-lanyai-cimlap/
e20ca9cd2de85b2673586bedce6379a101136179812c18a535a2dc41038937a2,2026-04-01 07:18:05.793957+00:00,hu,24.hu,24.hu,2026-04-01,"A kutatókat is meglepte, milyen ősi állatok maradványaira bukkantak",https://24.hu/tudomany/2026/04/01/texas-jegkorszak-pleisztocen-kor-jegkorszak-allatok/
7eb1c24215a14dd23baaf096a408704a2a160e5158efa2b2d5814788782cecb2,2026-04-01 07:18:00.654455+00:00,hu,24.hu,24.hu,2026-04-01,Schilling Árpád a Kutya Párt listavezetőjének: Ki akarna egy ilyen politikust a parlamentbe?,https://24.hu/belfold/2026/04/01/schilling-arpad-kutyapart-nagy-david/
571aab563361321ec6d7ac7fff774a6576ab2f0544196dd482039145c1285ffb,2026-04-01 07:17:53.643333+00:00,hu,24.hu,24.hu,2026-04-01,Újabb tartályhajót ért találat a Perzsa-öbölben,https://24.hu/kulfold/2026/04/01/ujabb-tartalyhajot-ert-talalat-a-perzsa-obolben/
a044eb0285ca8b053f0fe750afcaf300a8b759b527e29e2a5b5b71ef4207c1df,2026-04-01 07:17:48.096571+00:00,hu,24.hu,24.hu,2026-04-01,Nem vált be az ausztrál közösségimédia-tilalom,https://24.hu/tech/2026/04/01/ausztralia-kozossegi-media-16-eves-kor-tilalom/
e6fcd9c9400d61fff335db0f5ef7e8109f96ec22443058b62b6cd125001d11a2,2026-04-01 07:17:43.424545+00:00,hu,24.hu,24.hu,2026-04-01,Iráni találat érte a kuvaiti repülőteret,https://24.hu/kulfold/2026/04/01/irani-talalat-erte-a-kuvaiti-repuloteret/
24b83a014d0e85ef7a2da25e969553070269b20bd2fd21553b4b3d1b9ec7e722,2026-04-01 07:17:25.335699+00:00,hu,24.hu,24.hu,2026-04-01,Mindent tudsz a vb-selejtezőkről? Ebből a kvízből kiderül!,https://24.hu/sport/foci/2026/04/01/foci-vb-2026-selejtezo-kviz/
3e4be1154d76f6065361404ad9496bbeca6462cafd55e43518c2e7091fe1a813,2026-04-01 07:17:13.037068+00:00,hu,24.hu,24.hu,2026-04-01,Kilőtt a repülőjegy-keresések száma a választás előtti napra,https://24.hu/belfold/2026/04/01/valasztas-aprilis-11-repulojegy-keresesek-szama/
f47500c4f472b0df58ee2efb93678ce099cffccae222ea4ae3464c06e43f9bc1,2026-04-01 07:17:08.933869+00:00,hu,24.hu,24.hu,2026-04-01,Direkt36: Szijjártó régi barátjának bombaüzletet hozott a debreceni akkumulátorgyár,https://24.hu/belfold/2026/04/01/szijjarto-peter-benko-szilard-debrecen-akkumulator-catl/
51800d684fd18304b9afd51005f3f5d71641ebe8ae9914fac5bcf655126dddda,2026-04-01 06:24:02.582232+00:00,hu,444.hu,444.hu,2026-04-01,"„Visszataszító”, „baljós” – a lengyel és az ír miniszterelnökök így minősítették Szijjártó és Lavrov beszélgetéseit",https://444.hu/2026/04/01/visszataszito-baljos-a-lengyel-es-az-ir-miniszterelnokok-igy-minositettek-szijjarto-es-lavrov-beszelgeteseit?utm_source=hirstart&utm_medium=referral&utm_campaign=ct
070285717eee2197c4e516a83bd9e38c687b7032924252187d38339f477fd269,2026-04-01 05:31:25.920848+00:00,hu,24.hu,24.hu,2026-04-01,Két vonatgázolás is történt szerdára virradóra,https://24.hu/belfold/2026/04/01/vonatgazolas-budapest-borsod-szerda-ejjel/
83b9101a0f8450fbaaaaea35ad9589647c23122cf06e04184d25a685adfc03da,2026-04-01 05:31:20.908952+00:00,hu,24.hu,24.hu,2026-04-01,"47 évnyi vendégszeretet örökre véget ért""",https://24.hu/kulfold/2026/04/01/47-evnyi-vendegszeretet-orokre-veget-ert/
773a014b7dce6a139553d894e7047fda5783bc0e85ccfb7e73be12c369f7e7e0,2026-04-01 05:31:05.364066+00:00,hu,444.hu,444.hu,2026-04-01,"21 Kutatóközpont: Nyílik az olló a Tisza és a Fidesz között, Magyarék a kétharmad határán",https://444.hu/2026/04/01/21-kutatokozpont-nyilik-az-ollo-a-tisza-es-a-fidesz-kozott-magyarek-a-ketharmad-hataran?utm_source=rss_feed&utm_medium=rss&utm_campaign=rss_syndication
beebe65840f49a82634bee9e9b9c2bc474fd0287f25192e17f0edb1b106070bc,2026-04-01 05:30:40.759136+00:00,hu,24.hu,24.hu,2026-04-01,"Nem akartam, hogy bárki lelőjön"": a gyorsétterem-lánc vezérigazgatója kioszt 1,5 millió dollárt az alkalmazottainak",https://24.hu/elet-stilus/2026/04/01/five-guys-szulinap-ajanlat-bonusz-jerry-murrell/
1dd3a09a4cf0bddf4b3d62262f5130a1f229a3952b7f811f2f09b90e4d9f8a32,2026-04-01 05:30:32.248125+00:00,hu,444.hu,444.hu,2026-04-01,Két vonatgázolás is történt szerdára virradó éjszaka,https://444.hu/2026/04/01/ket-vonatgazolas-is-tortent-szerdara-virrado-ejszaka?utm_source=rss_feed&utm_medium=rss&utm_campaign=rss_syndication
502aa58d868fc37134b640a4de18ae46447f377b4f60c076ac7b8b809ac7f262,2026-04-01 05:30:12.842399+00:00,hu,444.hu,444.hu,2026-04-01,"Van egy hely, ahol a Tiszának már van némi hatalma. Megnéztük, mihez kezdett vele",https://444.hu/2026/04/01/van-egy-hely-ahol-a-tiszanak-mar-van-nemi-hatalma-megneztuk-mihez-kezdett-vele?utm_source=rss_feed&utm_medium=rss&utm_campaign=rss_syndication
1ca5b62eacaaa23b4ab0809cceacd77b508bcfcaec7d7a9c8876e9fabf727e9f,2026-04-01 05:30:07.748840+00:00,hu,444.hu,444.hu,2026-04-01,"Valaki éjjellátó készülékkel a fején, fegyverével lelőtt egy állatot a bécsi állatkertben az éjszaka közepén",https://444.hu/2026/04/01/valaki-ejjellato-keszulekkel-a-fejen-fegyverevel-lelott-egy-allatot-a-becsi-allatkertben-az-ejszaka-kozepen?utm_source=rss_feed&utm_medium=rss&utm_campaign=rss_syndication
575486b5ce0951c42ba419e193fedd3629574ad302b7002c09984f1174f2d3a1,2026-04-01 05:29:58.566371+00:00,hu,24.hu,24.hu,2026-04-01,Trump szerint az USA 2-3 héten belül kivonul Iránból,https://24.hu/kulfold/2026/04/01/trump-szerint-az-usa-2-3-heten-belul-kivonul-iranbol/
c9109813d6769404f05d6a0fd453966f33d5b52385a3bbef0c9aa0fd9c16c899,2026-04-01 05:29:53.560549+00:00,hu,24.hu,24.hu,2026-04-01,"Farkasházi Tivadar megszólalt szeretett felesége elvesztéséről: ""Mimi rám bízta az életét, és én súlyos hibákat követtem el""",https://24.hu/szorakozas/2026/04/01/farkashazi-tivadar-felesege-mimi-gyasz/
60f405285008c5791e0bc7efd19596860d2524ccc396f3e63583ecd3bd7c6cea,2026-04-01 05:29:36.720690+00:00,hu,24.hu,24.hu,2026-04-01,"Trump: Az USA 2-3 héten belül kivonul Iránból, akár lesz megállapodás, akár nem",https://24.hu/kulfold/2026/04/01/trump-usa-iran-izrael-haboru-elo/
9598013b36ebaa9c118f09a95b05aad987f8fa33f4cf253450a29a79804fc91b,2026-04-01 04:35:06.464454+00:00,hu,24.hu,24.hu,2026-04-01,Ismét több tízmilliárdos állami apanázst zsebelt be Tiborcz István érdekeltsége,https://24.hu/fn/gazdasag/2026/04/01/tiborcz-istvan-andezit-magantokealap/
a68394781e0ae4dd292f624647f692313d17f1b751d9269a785c1ebccacb9486,2026-04-01 04:33:59.797195+00:00,hu,24.hu,24.hu,2026-04-01,"21 Kutatóközpont: Tovább nőtt a Tisza előnye, 900 ezerrel több szavazója van Magyar Péteréknek, mint a Fidesznek",https://24.hu/belfold/2026/04/01/21-kutatokozpont-2026-marcius-partpreferencia/
078dc02eb120c84277a7302d9ea0f1e4c493416d12debd0af59841e55110653b,2026-04-01 04:28:27.522069+00:00,hu,24.hu,24.hu,2026-04-01,Kvíz: felismered a 20. századi magyar sportlegendákat?,https://24.hu/szorakozas/2026/04/01/kviz-magyar-sportolok/
1f011c365249732b8bc709ae8bce69db3fdcfda800223ad47cfffa0f7908c927,2026-04-01 04:24:57.624882+00:00,hu,24.hu,24.hu,2026-04-01,"Kvíz: Teszteld le ezzel a 10 kérdéssel, mennyit tudsz az ikonikus magyar fesztiválokról",https://24.hu/elet-stilus/2026/04/01/magyar-fesztivalok-zene-kviz/
0f6beda7271462fd297086d282c7d8a3bc5ccd292f80061a5cc5b42a43d6a6ff,2026-04-01 04:22:48.684815+00:00,hu,24.hu,24.hu,2026-04-01,Így halt meg az utolsó magyar király,https://24.hu/tudomany/2026/04/01/kiraly-halal-spanyolnatha-tortenelem/
f6bf9d43dffb17ba753a4d94cc3334ac85218a9ff1eaed6d17bec98620734f94,2026-04-01 02:34:51.392925+00:00,hu,24.hu,24.hu,2026-04-01,"Csalódást keltő eredmény, de nem a világ vége – otthon kapott ki Anglia a japánoktól",https://24.hu/sport/foci/2026/04/01/felkeszules-anglia-kikapott-japantol/
5078417d59984ef940dffcb1124a734238434d2ac608d7127c440793382ad32b,2026-03-31 23:35:54.484632+00:00,hu,444.hu,444.hu,2026-03-31,"Orbán ócsai fellépésén még sajátjait is alig hozta lázba, Pataky Attila volt a leglelkesebb",https://444.hu/2026/03/31/orban-ocsai-fellepesen-meg-sajatjait-is-alig-hozta-lazba-pataky-attila-volt-a-leglelkesebb
a28af8fa1fe5036613816c36a8c8abd49afa13c91d73e3efe3ec0f93bd63ce37,2026-03-31 23:35:26.612121+00:00,hu,444.hu,444.hu,2026-03-31,Zsinórban harmadszor sem lesz ott a világbajnokságon Olaszország,https://444.hu/2026/03/31/zsinorban-harmadszor-sem-lesz-ott-a-vilagbajnoksagon-olaszorszag
f14b91246a45f9dff06797ada274a1ce607fedc2220e1ae5738b43da8f59c29e,2026-03-31 23:35:07.175828+00:00,hu,444.hu,444.hu,2026-03-31,"Magyar Péter: Ha egy titkosszolgálat megkörnyékezte a Tisza Pártot, a szolgálatoknak azonnal jelezniük kéne, de ilyenre soha nem került sor",https://444.hu/2026/03/31/magyar-peter-ha-egy-titkosszolgalat-megkornyekezte-a-tisza-partot-a-szolgalatoknak-azonnal-jelezniuk-kene-de-ilyenre-soha-nem-kerult-sor
b6abc444a1febe63c05ffd62151d2b0d19c7e101834a1d145d0f0b2dfc0f3319,2026-03-31 21:38:13.565217+00:00,hu,24.hu,24.hu,2026-03-31,A nap legfontosabb hírei – 2025. 03. 31.,https://24.hu/belfold/2026/03/31/a-nap-legfontosabb-hirei-2025-03-31/
68de98d2e1651fb3e0ade917a2f4af1543da6892cae1b597fa7d304b09cbc753,2026-03-31 20:43:43.430885+00:00,hu,444.hu,444.hu,2026-03-31,"Szijjártóék soha nem bajlódtak annak a bizonyításával, hogy magyar érdek lenne orosz üzletemberek szankciómentesítése",https://444.hu/2026/03/31/szijjartoek-soha-nem-bajlodtak-annak-a-bizonyitasaval-hogy-magyar-erdek-lenne-orosz-uzletemberek-szankciomentesitese?utm_source=rss_feed&utm_medium=rss&utm_campaign=rss_syndication
d3db13c633cedbc797f2097195fbd6fbaa5c05be1dde35713d5e8095095fed6b,2026-03-31 20:43:38.287696+00:00,hu,444.hu,444.hu,2026-03-31,"Az ukrán nagykövet nem fél Budapesten, interjújában az erőszakos kampányról, az orosz trükkökre immunis, szexi magyarokról és Magyar Péter potenciájáról is beszélt",https://444.hu/2026/03/31/az-ukran-nagykovet-nem-fel-budapesten-interjujaban-az-eroszakos-kampanyrol-az-orosz-trukkokre-immunis-szexi-magyarokrol-es-magyar-peter-potenciajarol-is-beszelt?utm_source=rss_feed&utm_medium=rss&utm_campaign=rss_syndication
79c284cbd3789c3a42bc0276c428c356026be8f3f853c1b8c015d31cf9a203f9,2026-03-31 20:43:33.449070+00:00,hu,444.hu,444.hu,2026-03-31,Gundalf: A hatóság egyáltalán nem keresett,https://444.hu/2026/03/31/gundalf-a-hatosag-egyaltalan-nem-keresett?utm_source=rss_feed&utm_medium=rss&utm_campaign=rss_syndication
37a82b94cb8439b4c8553592d894a4c2b9f9c134265b90f568e5685c5fcccefe,2026-03-31 20:43:28.376049+00:00,hu,444.hu,444.hu,2026-03-31,"A Carson Coma átírta a Peti és én című slágerét, hogy Szijjártóról és Lavrovról szóljon",https://444.hu/2026/03/31/a-carson-coma-atirta-a-peti-es-en-cimu-salgeret-hogy-szijjartorol-es-lavrovrol-szoljon?utm_source=rss_feed&utm_medium=rss&utm_campaign=rss_syndication
c693f6a496e450b699e2e1580af10356cd3cdf83cbc70c15f5f1a90c113cfb82,2026-03-31 20:43:23.484143+00:00,hu,444.hu,444.hu,2026-03-31,Mikor és hová mehetnek be először a budapestiek Rákosrendezőn?,https://444.hu/2026/03/31/mikor-es-hova-mehetnek-be-eloszor-a-budapestiek-rakosrendezon?utm_source=rss_feed&utm_medium=rss&utm_campaign=rss_syndication
e9d7c4b937437a7906124b9f76e91cdc41eff0f3aba193f8369f235c3666bf1b,2026-03-31 20:43:18.288744+00:00,hu,444.hu,444.hu,2026-03-31,Meghalt Radnóti Zsuzsa,https://444.hu/2026/03/31/meghalt-radnoti-zsuzsa?utm_source=rss_feed&utm_medium=rss&utm_campaign=rss_syndication
c6f779940ed686b99490b51baf0b40a33be2c7ab5f3017fff767c775b74fbe6c,2026-03-31 20:43:13.441002+00:00,hu,444.hu,444.hu,2026-03-31,"Deák Dániel már komplett Medián-felmérést hazudott be az egyéni választókerületekről, holott a többségüket nem is mérik",https://444.hu/2026/03/31/deak-daniel-mar-komplett-median-felmerest-hazudott-be-az-egyeni-valasztokeruletekrol-holott-a-tobbseguket-nem-is-merik?utm_source=rss_feed&utm_medium=rss&utm_campaign=rss_syndication
13009b9277f3bba394dfcfff72c756a331215f4144c66e5e8374c9d87bdfb460,2026-03-31 20:43:08.374363+00:00,hu,444.hu,444.hu,2026-03-31,"Új, ismeretlen József Attila-verset fedezett fel a közmédia a völgyben nyíló kerti virágokról, aztán sajnos gyorsan leszedték",https://444.hu/2026/03/31/uj-ismeretlen-jozsef-attila-verset-fedezett-fel-a-kozmedia-a-volgyben-nyilo-kerti-viragokrol-aztan-sajnos-gyorsan-leszedtek?utm_source=rss_feed&utm_medium=rss&utm_campaign=rss_syndication
e8072a366a22bfa6ade605c6d3577da325ae7be7884d4df62a8f55e13eb0a344,2026-03-31 20:43:03.187632+00:00,hu,444.hu,444.hu,2026-03-31,„Nincs igazmondási kötelezettség”,https://444.hu/2026/03/31/nincs-igazmondasi-kotelezettseg?utm_source=rss_feed&utm_medium=rss&utm_campaign=rss_syndication
d1a35159a42c911e1fc80c832dd905dd05fc78c6a684efd58eea272c185b2842,2026-03-31 20:42:58.194225+00:00,hu,444.hu,444.hu,2026-03-31,Donald Trumpról nevezik el a Palm Beach-i repteret,https://444.hu/2026/03/31/donald-trumprol-nevezik-el-a-palm-beach-i-repteret?utm_source=rss_feed&utm_medium=rss&utm_campaign=rss_syndication
b9919de55ee52d0ac6b1aa5b94c8ab8d2724859e0caaa86d90fdc1b5dbb959cc,2026-03-31 20:42:53.278308+00:00,hu,444.hu,444.hu,2026-03-31,Súlyos betegsége ellenére Párizsban visszatér Céline Dion,https://444.hu/2026/03/31/sulyos-betegsege-ellenere-parizsban-visszater-celine-dion?utm_source=rss_feed&utm_medium=rss&utm_campaign=rss_syndication
3ce4a4c834d18ade79bd3f2947c71acb557d072de9199123e3bf8fdc8452341e,2026-03-31 20:42:43.948127+00:00,hu,444.hu,444.hu,2026-03-31,Az U21-es magyar válogatottat elverték az ukránok,https://444.hu/2026/03/31/az-u21-es-magyar-valogatottat-elvertek-az-ukranok?utm_source=rss_feed&utm_medium=rss&utm_campaign=rss_syndication
0b7699c1194ced45dd5905f632ceaabf17038af3bfb664a5e9a209bb6f179f96,2026-03-31 20:42:38.419591+00:00,hu,444.hu,444.hu,2026-03-31,"A cseh elnök szerint Szijjártó teljesen elvesztette a hitelességét, Csehországnak át kellene értékelnie a kapcsolatait Magyarországgal",https://444.hu/2026/03/31/a-cseh-elnok-szerint-szijjarto-teljesen-elvesztette-a-hitelesseget-csehorszagnak-at-kellene-ertekelnie-a-kapcsolatait-magyarorszaggal?utm_source=rss_feed&utm_medium=rss&utm_campaign=rss_syndication
bdbf5f793f66e6946df2c523eca45352df1c4c595f87a991243ce01f4b6d86ae,2026-03-31 20:42:33.380892+00:00,hu,444.hu,444.hu,2026-03-31,"Magyar Péter: Mindenki gondolja át, hogy érdemes-e Rogán vagy Kubatov helyett börtönbe menni!",https://444.hu/2026/03/31/magyar-peter-mindenki-gondolja-at-hogy-erdemes-e-rogan-vagy-kubatov-helyett-bortonbe-menni?utm_source=rss_feed&utm_medium=rss&utm_campaign=rss_syndication
06b25a287efd08c87193e94efc26a7c0d16b13b6cc1f5197a23cc169339c0bcb,2026-03-31 20:42:28.163816+00:00,hu,444.hu,444.hu,2026-03-31,"Megvolt, hogy néz ki a külügyminisztérium első emeleti folyosója?",https://444.hu/2026/03/31/megvolt-hogy-nez-ki-a-kulugyminiszterium-elso-emeleti-folyosoja?utm_source=rss_feed&utm_medium=rss&utm_campaign=rss_syndication
b987d1868cf079d9f75f2ddb56b59c8127e04f8f6c7888a4f4c80e532b61b3c6,2026-03-31 20:42:23.208558+00:00,hu,444.hu,444.hu,2026-03-31,"Úgy felidegesítette magát a bírón a török szövetségi kapitány, hogy elesett, beütötte a fejét és elájult, mentő vitte el",https://444.hu/2026/03/31/ugy-felidegesitette-magat-a-biron-a-torok-szovetsegi-kapitany-hogy-elesett-beutotte-a-fejet-es-elajult-mento-vitte-el?utm_source=rss_feed&utm_medium=rss&utm_campaign=rss_syndication
5bc0e566b734acae6fad806562896bfc188bc7e029203d9e8835daa437b05308,2026-03-31 20:42:19.945767+00:00,hu,444.hu,444.hu,2026-03-31,Szijjártó a Lavrov-botrány után: Én nem személyes alapon csinálom ezeket,https://444.hu/2026/03/31/szijjarto-a-lavrov-botrany-utan-en-nem-szemelyes-alapon-csinalom-ezeket?utm_source=rss_feed&utm_medium=rss&utm_campaign=rss_syndication
b2431f0d49281815102ef5a579c043a24c350740e69d0a2fb1f5d861b647c0de,2026-03-31 20:42:13.479381+00:00,hu,444.hu,444.hu,2026-03-31,"Ablonczy: Ez a legegyértelműbb hazaárulás, mióta Kádár orosz szuronyok segítségével foglalta el helytartói székét",https://444.hu/2026/03/31/ablonczy-ez-a-legegyertelmubb-hazaarulas-miota-kadar-orosz-szuronyok-segitsegevel-foglalta-el-helytartoi-szeket?utm_source=rss_feed&utm_medium=rss&utm_campaign=rss_syndication
e1f0cac2a9c4a62f25bbf16b148cbfef5c5c34ca071e57a7fba637c5ea671023,2026-03-31 20:42:08.186261+00:00,hu,444.hu,444.hu,2026-03-31,Magyarország–Görögország 0–0,https://444.hu/2026/03/31/magyarorszaggorogorszag-00?utm_source=rss_feed&utm_medium=rss&utm_campaign=rss_syndication
fab19c65e7805bc33c29392def6d340af7de94e402221c87dd504c29e5fc84ea,2026-03-31 20:42:03.523636+00:00,hu,444.hu,444.hu,2026-03-31,"Trump azt javasolta a Hormuzi-szorost használó országoknak, hogy vegyék át az ellenőrzést az útvonal felett",https://444.hu/2026/03/31/trump-azt-javasolta-a-hormuzi-szorost-hasznalo-orszagoknak-hogy-vegyek-at-az-ellenorzest-az-utvonal-felett?utm_source=rss_feed&utm_medium=rss&utm_campaign=rss_syndication
46ab242032c150042917b806a98f09804847b233474b32532dccf910a45f52b0,2026-03-31 20:41:52.697991+00:00,hu,444.hu,444.hu,2026-03-31,"A Euronews magyar felületéről töröltek egy cikket, ami a NER-cégek tőzsdei zuhanásáról szólt",https://444.hu/2026/03/31/a-euronews-magyar-feluleterol-toroltek-egy-cikket-ami-a-ner-cegek-tozsdei-zuhanasarol-szolt?utm_source=rss_feed&utm_medium=rss&utm_campaign=rss_syndication
c78d9cec43697967d49ffb33e5585cdb1344e418caacc2b6d2b57d5b5bc9a7d9,2026-03-31 20:41:43.342308+00:00,hu,444.hu,444.hu,2026-03-31,50:39-re vezet a Tisza a Závecznél a pártot választók körében,https://444.hu/2026/03/31/5039-re-vezet-a-tisza-a-zavecznel-a-partot-valasztok-koreben?utm_source=rss_feed&utm_medium=rss&utm_campaign=rss_syndication
34d690f471c5cbc674f20ba90ad1101732b15523fad40a1ff5c653e90a5ea9aa,2026-03-31 20:41:38.478070+00:00,hu,444.hu,444.hu,2026-03-31,"Tusk: Magyarország az EU tagja, és az is marad, de Orbán és Szijjártó már régen elhagyták Európát",https://444.hu/2026/03/31/tusk-magyarorszag-az-eu-tagja-es-az-is-marad-de-orban-es-szijjarto-mar-regen-elhagytak-europat?utm_source=rss_feed&utm_medium=rss&utm_campaign=rss_syndication
25d2f3c285a3688b5784bd55e8e90900f356ead34d3df35a497f882967d3ee41,2026-03-31 20:41:33.476637+00:00,hu,444.hu,444.hu,2026-03-31,"Egy szövetségi bíró leállíttatta Trump mániáját, az új bálterem építését a Fehér Házban",https://444.hu/2026/03/31/egy-szovetsegi-biro-leallittatta-trump-maniaja-az-uj-balterem-epiteset-a-feher-hazban?utm_source=rss_feed&utm_medium=rss&utm_campaign=rss_syndication
cd75c733cc49038cbabc82453aa5146e4cbcb1a87e8f49010e8cbca7cc250e3b,2026-03-31 20:37:36.467396+00:00,hu,24.hu,24.hu,2026-03-31,"Marco Rossi: A védekezésben sokkal jobbak leszünk, mint a közelmúltban",https://rangado.24.hu/magyar_foci/2026/03/31/magyarorszag-gorogorszag-marco-rossi-szoboszlai-dominik/
4ee3809e10f39f41a7cf70b443441a8c295c8c6c51c3c55cc78d148966f662bc,2026-03-31 20:33:48.370859+00:00,hu,24.hu,24.hu,2026-03-31,"Cseh elnök: Szijjártó teljesen megbízhatatlan, felülvizsgálnám a kapcsolatokat Magyarországgal",https://24.hu/kulfold/2026/03/31/csehorszag-szijjarto-lavrov-unio/
aadfb07ef6b77c6d1ee1476c71c3a8bbe5506d4fe58196b45932822432479bbb,2026-03-31 20:33:24.974845+00:00,hu,24.hu,24.hu,2026-03-31,Négy embert gyanúsítottként hallgattak ki Gálvölgyi János ügyében,https://24.hu/elet-stilus/2026/03/31/galvolgyi-janos-mentok-gyanusitottak/
ef461a29c272c1cc4b26586a01e1c49923e60779c8e83cbea368f5746d68d57c,2026-03-31 20:32:54.026312+00:00,hu,24.hu,24.hu,2026-03-31,"Pjotr és én barátok vagyunk"" – Szijjártó és Lavrov telefonjaitól megihletve írta át a Carson Coma az egyik dalát",https://24.hu/kultura/2026/03/31/carson-coma-szijjarto-lavrov-telefon-dal-atirat/
a2026e345854bd8b7eaefc96e636208ef5438391657d7d24c53c99837c832c62,2026-03-31 20:32:24.964298+00:00,hu,24.hu,24.hu,2026-03-31,"Csaknem másfél éve leforgatták a 600 milliós állami támogatással készült Covid-filmet, mégsem lehet tudni, mikor mutatják be",https://24.hu/kultura/2026/03/31/legszomj-covid-film-filmintezet/
a39bbc9b5a0c518ceff072add9e980d7a626dc02bb5e39506be3f51b936e1c53,2026-03-31 20:32:19.669576+00:00,hu,24.hu,24.hu,2026-03-31,"Magyar Péter a köztársasági elnöknek: Ha ilyen gyáva, akkor távozzon",https://24.hu/belfold/2026/03/31/magyar-peter-sulyok-tamas-uzenet-titkosszolgalat/
4ac9586f77dd4610b6551634542c6f5f70e7fd37f30320c39e576e91fbffca97,2026-03-31 20:32:14.789427+00:00,hu,24.hu,24.hu,2026-03-31,"Autóbalesetet szenvedett Oszter Alexandra fia, mentőhelikopterrel szállították kórházba",https://24.hu/elet-stilus/2026/03/31/oszter-alexandra-fia-autobaleset/
efa64b5f8f0e8417f379718046f001651887545a19991c99e7445c70631aad68,2026-03-31 19:23:39.648905+00:00,hu,24.hu,24.hu,2026-03-31,Izrael nem vásárol több fegyvert a franciáktól,https://24.hu/kulfold/2026/03/31/izrael-nem-vasarol-tobb-fegyvert-a-franciaktol/
dd32c0877c1acf0d0612a01038ee511d71d824e7efe3dd9230beee63ffbc66d1,2026-03-31 19:22:58.652391+00:00,hu,24.hu,24.hu,2026-03-31,"Orbán a tiszások figyelmébe ajánlott pár gondolatot, amitől hátha a Fideszre szavaznak majd",https://24.hu/belfold/2026/03/31/orban-orszagjaras-tisza-fidesz/
6f17a38ce29312d051f8bf54dd30b55ba594baa22ac4c3ff519d84774692f58d,2026-03-31 18:19:00.226559+00:00,hu,24.hu,24.hu,2026-03-31,"Reagált a TV2 Bochkor Gábor azon állítására, miszerint a Megasztárban manipulálták a közönségszavazást",https://24.hu/elet-stilus/2026/03/31/bochkor-gabor-megasztar-tv2-reakcio/
cd5de9deb6aba7433742c82dbbf2344768433830fc8fb98adabaaa25531fac3c,2026-03-31 18:17:26.389609+00:00,hu,24.hu,24.hu,2026-03-31,Fordulat Charlie Kirk meggyilkolásának ügyében,https://24.hu/kulfold/2026/03/31/charlie-kirk-gyilkossag-golyo/
b00730a523dcea8c734783d44088e4745210a8392934d198968a50116a8d78f5,2026-03-31 18:17:21.386710+00:00,hu,24.hu,24.hu,2026-03-31,„Matolcsyék hogyhogy nincsenek még börtönben?” – kijött az előzetes az Orbán–Hajdú interjúhoz,https://24.hu/elet-stilus/2026/03/31/hajdu-peter-orban-viktor-interju-elozetes/
4256f0f46192542940aab29d801677815f800874131511598e6a70ca1109c205,2026-03-31 18:17:13.607601+00:00,hu,24.hu,24.hu,2026-03-31,Szakértőkkel néztünk a Gundalf-ügy mélyére,https://24.hu/belfold/2026/03/31/gundalf-interju-kemugy-ertelmezes-buda-peter/
33610bc7d7eff82a60405e901576acb17318d759e84d89814f8f04e68656ed1f,2026-03-31 17:46:41.965181+00:00,hu,atlatszo.hu,atlatszo.hu,2026-03-31,"„Attól tartott, hogy a frontra küldik” – így tűnt el egy ukrán tinédzser Oroszországban",https://atlatszo.hu/vilagterkep/2026/03/31/attol-tartott-hogy-a-frontra-kuldik-igy-tunt-el-egy-ukran-tinedzser-oroszorszagban/
3fc0127b7d6d45dbbc3fa05c7796e321d1a82e2c3eba620cd50f513dc1d328a4,2026-03-31 17:22:47.885946+00:00,hu,24.hu,24.hu,2026-03-31,Kiakadtak a szurkolók az új Tottenham-edző miatt,https://rangado.24.hu/nemzetkozi_foci/2026/03/31/tottenham-uj-edzo-roberto-de-zerbi-elegedetlen-szurkolok/
2158b0f5957a314271a6ce705812e42a07d3f1c84910c251a7301a9e1d4525ee,2026-03-31 16:49:06.377821+00:00,hu,24.hu,24.hu,2026-03-31,Hann Endre: Deák Dániel nem létező kutatások nem létező számaival hozakodott elő,https://24.hu/belfold/2026/03/31/hann-endre-deak-daniel-nem-letezo-kutatasok-nem-letezo-szamaival-hozakodott-elo/
629ceb981f13e19a99978484a9fd2c60cefaef92081454ffcb8d1bed579c1006,2026-03-31 16:48:39.536512+00:00,hu,24.hu,24.hu,2026-03-31,"Magyar Péter felhívta Gundalfot, hogy köszönetet mondjon neki",https://24.hu/belfold/2026/03/31/magyar-peter-gundalf-telefon/
8342a7a3de015750218e3198010782f33e7e3e37eabc9310a92a56428e31a6ed,2026-03-31 16:47:59.547420+00:00,hu,24.hu,24.hu,2026-03-31,Meghalt Radnóti Zsuzsa,https://24.hu/kultura/2026/03/31/radnoti-zsuzsa-meghalt/
0ca20e46181c3ebec329fa9358b432de85ceb633d7efbca8e0e25b8001c52850,2026-03-31 16:47:35.769498+00:00,hu,atlatszo.hu,atlatszo.hu,2026-03-31,Túlárazás gyanúja miatt is nyomoznak egy Mészáros-cég által elnyert tender kapcsán,https://atlatszo.hu/impakt/2026/03/31/tularazas-gyanuja-miatt-is-nyomoznak-egy-meszaros-ceg-altal-elnyert-tender-kapcsan/
383e5623f685f257937ef4723cb416cf2e16133d1a3e9c9634f88c20f83fc16f,2026-03-31 16:47:03.137123+00:00,hu,atlatszo.hu,atlatszo.hu,2026-03-31,Kósa Lajost a bedőlt Bászna Gabona tulajdonosának Ferrarijában és közös vitorlázáson fotózták,https://atlatszo.hu/kozpenz/2026/03/31/kosa-lajost-a-bedolt-baszna-gabona-tulajdonosanak-ferrarijaban-es-kozos-vitorlazason-fotoztak/
ad9960b11d0e8e52fa6baad649e26f1c33dc312e18d7289cbc3f38372105f73f,2026-03-31 16:31:06.112888+00:00,hu,24.hu,24.hu,2026-03-31,Závecz: Március végére még egy kicsit nőtt a Tisza támogatottsága,https://24.hu/belfold/2026/03/31/zavecz-kutatas-2026-marcius-vege-fidesz-tisza/
d0b16ba5c54297920bd58a7cc75b48dac06196360985d8212b000715853b7d03,2026-03-31 16:20:34.735797+00:00,hu,24.hu,24.hu,2026-03-31,"Donald Trump azt ajánlotta a Hormuzi-szorost használó országoknak, hogy vegyék át az ellenőrzést az útvonal felett",https://24.hu/kulfold/2026/03/31/donald-trump-azt-ajanlotta-a-hormuzi-szorost-hasznalo-orszagoknak-hogy-vegyek-at-az-ellenorzest-az-utvonal-felett/
365e075565f79097141859e686a68054625776b6ab0ba635b64de1be0de898b0,2026-03-31 15:40:09.499221+00:00,hu,24.hu,24.hu,2026-03-31,"Ötven határrendész ellen emeltek vádat, 11 ezer vesztegetési ügy miatt állítják őket bíróság elé",https://24.hu/belfold/2026/03/31/artand-hatarrendeszek-korrupcio-vademeles/
8827e5a719e0b9c60807e151f1fa9ab805502d26bf914c642c0e1d7a69c2ff46,2026-03-31 15:38:24.222875+00:00,hu,24.hu,24.hu,2026-03-31,Magyarországon (is) elbúcsúzhatunk a OnePlus okostelefonoktól,https://24.hu/tech/2026/03/31/oneplus-okostelefonok-magyarorszag/
cb30c4860989a5c5f0f2efed087c329f6111604f33f0c37b7b094014f7e5ed6f,2026-03-31 15:34:56.152517+00:00,hu,24.hu,24.hu,2026-03-31,"Elemzők: Orbánék agresszivitása egy 19 éves sráccal szemben nem erőt mutat, hanem nevetség tárgya",https://24.hu/belfold/2026/03/31/elemzok-kampany-kemugy-titkosszolgalat/
3c42fd2b9158a5a1e0cb7b06ee076f315c1bb9b15b7bc6340d79ba2655bd678e,2026-03-31 14:38:24.110442+00:00,hu,24.hu,24.hu,2026-03-31,Egyre több a lelki nehézségekkel küzdő fiatal,https://24.hu/belfold/2026/03/31/lelki-egeszseg-gyerek-kek-vonal/
17065012bd656fb10d71824c7700f61a09a785065cd4848339b018515b27e64d,2026-03-31 14:38:08.664068+00:00,hu,24.hu,24.hu,2026-03-31,"Dárdai Blanka az L.L. Juniorral való kapcsolatáról: Ez nem szerelem volt, hanem traumakötődés",https://24.hu/elet-stilus/2026/03/31/dardai-blanka-l-l-junior-kapcsolat/
0bf7b38e8a2ee6f1d6005a1c725a45a6418a595c195d19f0088afe5de979328e,2026-03-31 14:37:44.261563+00:00,hu,24.hu,24.hu,2026-03-31,"Hamarosan fizethetünk azért, hogy mások ne lássák, megnéztük az Instagram sztorijukat",https://24.hu/tech/2026/03/31/instagram-plus-meta-elofizetes/
71c2ab9ad429611e2eb7a08a6cc8a6fb1c860cff20f58202334a7550983a19f4,2026-03-31 14:37:40.170726+00:00,hu,444.hu,444.hu,2026-03-31,"Fotók készültek arról, hogy állítólag bontják a soha meg nem nyitott kisvárdai lówellnesst",https://444.hu/2026/03/31/fotok-keszultek-arrol-hogy-allitolag-bontjak-a-soha-meg-nem-nyitott-kisvardai-lowellnesst?utm_source=hirstart&utm_medium=referral&utm_campaign=ct
7f17363b9b58e198d37ee1af6dffce7624aaa75af51fab64449423f3dfec54e1,2026-03-31 14:37:37.092291+00:00,hu,24.hu,24.hu,2026-03-31,"Most hallottam először Beregszászi Zsolt esetéről"" – a MÁV vezére volt a Della vendége",https://24.hu/fn/gazdasag/2026/03/31/podcast-della-beregszaszi-hegyi-zsolt-mav/
a668ada3553fc045737840a13e582ba9fbf7bed41ac0b748b9a3d55ccaec1dd4,2026-03-31 14:37:13.122702+00:00,hu,24.hu,24.hu,2026-03-31,Szibiha: Magyarország mesterséges akadállyal blokkolja az Ukrajnával kapcsolatos EU-s döntéseket,https://24.hu/kulfold/2026/03/31/eu-ukrajna-hitel-akadaly-orban-kormany/
9fa284b3d6346efc49dc85ab631c851f72025999441c3fe14afb862aa45917da,2026-03-31 14:37:05.537343+00:00,hu,24.hu,24.hu,2026-03-31,"Puzsér Róbert: Abban bízom, hogy a koncerttel elérjük azokat is, akik nem követik a napi szinten politikát",https://24.hu/kultura/2026/03/31/puzser-robert-rendszerbonto-nagykoncert/
c837ddcce756f9d89d6f43557cce45c2b443304290fa2a61ea0eecbc0184a45f,2026-03-31 14:36:59.797361+00:00,hu,24.hu,24.hu,2026-03-31,"Elég szarul vagyok, azóta folyamatosan ezen jár az agyam"" – nem érzi magát felelősnek a metróalagútban történt halálos gázolásért a szerelvény vezetője",https://24.hu/belfold/2026/03/31/corvin-negyed-metro-elgazolt-villanyszerelok/
ae786e394c162022c3466b8d67484fe7faf4845629916fc1df4ffde5392130da,2026-03-31 13:39:06.691035+00:00,hu,24.hu,24.hu,2026-03-31,Károly király hivatalos látogatása enyhítheti a brit–amerikai feszült viszonyt,https://24.hu/kulfold/2026/03/31/karoly-kiraly-hivatalos-latogatasa-enyhitheti-a-brit-amerikai-feszult-viszonyt/
bc7b47e058c4faa9fb6158507297f8d86c65c7e8ee201cefa97994f94a907d61,2026-03-31 13:38:53.496796+00:00,hu,444.hu,444.hu,2026-03-31,Pintér Bence győri polgármester feljelentést tesz a fekete kabátos alakok miatt,https://444.hu/2026/03/31/pinter-bence-gyori-polgarmester-feljelentest-tesz-a-fekete-kabatos-alakok-miatt?utm_source=rss_feed&utm_medium=rss&utm_campaign=rss_syndication
5f4221cde5060a3f2b9a97b35c8eff530ac962c4da5d221e750eb8d07de20330,2026-03-31 13:38:26.695217+00:00,hu,444.hu,444.hu,2026-03-31,Az Egyesült Államok lengyel segítséget kérne a Közel-Keleten,https://444.hu/2026/03/31/az-egyesult-allamok-lengyel-segitseget-kerne-a-kozel-keleten?utm_source=rss_feed&utm_medium=rss&utm_campaign=rss_syndication
381d09ba7d352caf832ff6566a1448bdd9b284e4b4e2af082ab456c9df8d55ed,2026-03-31 13:38:06.771535+00:00,hu,24.hu,24.hu,2026-03-31,"Pártsemleges kampányban buzdítja az RTL a nézőket, hogy éljenek a szavazati jogukkal",https://24.hu/kultura/2026/03/31/rtl-valasztas-szavazas-musor/
12de39317e2bd37a71d4a094e6aeedd66f445f45a44c3eb924f6dc3220d2107c,2026-03-31 13:37:58.488025+00:00,hu,444.hu,444.hu,2026-03-31,Szijjártó Péter: Óriásbotrány,https://444.hu/2026/03/31/szijjarto-peter-oriasbotrany?utm_source=rss_feed&utm_medium=rss&utm_campaign=rss_syndication
376e68e51858d92b0466585f4a9af5e8db35565f0837390c593653a8fe7eb332,2026-03-31 13:37:51.646544+00:00,hu,24.hu,24.hu,2026-03-31,"Szijjártó: Óriás botrány, hogy lehallgatják a magyar külügyminiszter telefonbeszélgetéseit",https://24.hu/belfold/2026/03/31/szijjarto-peter-reakcio-lehallgatas-3/
a0dae93ddec3204e7b9af4f89c058abf536202f3d60621bda4b2c245ee2834ba,2026-03-31 13:37:40.285330+00:00,hu,24.hu,24.hu,2026-03-31,"Végre megváltoztathatjuk a Gmailes címünket, az USA-ban már élesedett az új funkció",https://24.hu/tech/2026/03/31/google-gmail-cim-valtoztatas-csere/
2d068a52c47c5fb2beb9c28131ca18572674ca80c214bf1812d676a024bf6627,2026-03-31 13:37:14.446762+00:00,hu,444.hu,444.hu,2026-03-31,"Csak a Belügyminisztériumhoz tartozó munkáltatójának adta meg azt az e-mailcímét, de megjött rá Orbán levele",https://444.hu/2026/03/31/csak-a-belugyminiszteriumhoz-tartozo-munkaltatojanak-adta-meg-azt-az-e-mailcimet-de-megjott-ra-orban-levele?utm_source=rss_feed&utm_medium=rss&utm_campaign=rss_syndication
ce056b614002759644bb26464b31b31daa7b55e3c92182c865ecc5feb26edfb0,2026-03-31 12:45:02.546267+00:00,hu,24.hu,24.hu,2026-03-31,Pintér Bence öt évre kitiltaná a fekete pufajkásokat,https://24.hu/belfold/2026/03/31/pinter-fekete-pufajkasok-kitiltas/
5d6705c58afaffc13bf3584340d60748ea8012e10d0ad0b8ad12864ea5dd3bac,2026-03-31 12:44:34.414863+00:00,hu,24.hu,24.hu,2026-03-31,Reuters: Trump nem akar anyagi támogatást feccölni Orbán választási győzelmébe,https://24.hu/fn/gazdasag/2026/03/31/valasztas2026-orban-viktor-donald-trump-j-d-vance/
6f647543a8f328ba734704e6e9ddc71b0fff66967f331b8b8d96a2f7530e26e0,2026-03-31 12:44:29.336216+00:00,hu,24.hu,24.hu,2026-03-31,"Nincs fűtés a Bajcsy-Zsilinszky Kórház több épületében, hősugárzókat és takarókat osztanak a betegeknek",https://24.hu/belfold/2026/03/31/bajcsy-zsilinszky-korhaz-futeskimaradas/
50719384e28e7af49c1298ab2c6a40d5c546d7b79c2382b2e0e68c172f16dff6,2026-03-31 12:44:24.405125+00:00,hu,24.hu,24.hu,2026-03-31,"Eltiltottak egy 19 éves fiút Orbán országjárásáról, mert a Tisza alelnökével túrázott",https://24.hu/belfold/2026/03/31/radnai-mark-fidesz-kitiltas/
f9e988e10cbb0a525cafbb74f2dee15284ea8c195b99b180e85c911ec41cba29,2026-03-31 12:44:19.448455+00:00,hu,24.hu,24.hu,2026-03-31,Kicselezik Orbán gázstopját: Magyarországot megkerülve érkezhet amerikai gáz Ukrajnába,https://24.hu/fn/gazdasag/2026/03/31/gazstop-foldgaz-ukrajna-lng/
319de5bebc0d88ddf5efc58c071ada8d3b6a094be2033b83601bbf9cc505091c,2026-03-31 12:44:01.194705+00:00,hu,24.hu,24.hu,2026-03-31,Zárug Péter Farkas: Orbán Viktor a bukdácsolás arca,https://24.hu/belfold/2026/03/31/zarug-peter-farkas-orban-viktor-szabo-bence-kampany/
3e819d6ae100c5d4ff44d5efe460dead0b04cdb1be0bd1dcfeb2a6ff68444355,2026-03-31 12:43:51.924233+00:00,hu,24.hu,24.hu,2026-03-31,"Elütötte egy vonat Billie Eilish zaklatóját, a férfi a helyszínen meghalt",https://24.hu/kultura/2026/03/31/billie-eilish-zaklato-halal/
90df793f7411758dc46764bf9a025ca0a169fe2df4750d9d353566d450ded10b,2026-03-31 12:43:31.587334+00:00,hu,24.hu,24.hu,2026-03-31,"Az e-cigaretta is rákot okoz, állítja egy nagyszabású tanulmány",https://24.hu/tech/2026/03/31/vape-e-cigaretta-rak-kutatas/
5cf09aa610f9aedeabd929a778fc7498417d28e129c5902d13514cec5db40314,2026-03-31 12:42:54.967815+00:00,hu,24.hu,24.hu,2026-03-31,50 évesen meghalt az olimpiai bajnok orosz kézis,https://24.hu/sport/2026/03/31/meghalt-eduard-koksarov-olimpiai-bajnok-kezilabdazo/
e51c3e90adfbb280c66491a1d452d1c67f6e1773290bc72d3f9f80aaf26a4a2e,2026-03-31 12:42:48.221320+00:00,hu,24.hu,24.hu,2026-03-31,"Jogerősen pert nyert lapunk a honvédelmi tárca cége ellen, ki kell adniuk Ruszin-Szendi villájának szerződéseit",https://24.hu/belfold/2026/03/31/ruszin-szendi-romulusz-villa-per/
42551623ff44fe572dad08d75d365ec14dfa77144f51301e411c28bc460713e7,2026-03-31 11:45:58.192424+00:00,hu,444.hu,444.hu,2026-03-31,"Aktuálpolitikai filmnek látja Molnár Áronék filmjét az igazgató, ezért nem nézhetik meg azt a diákok egy budapesti gimnáziumban",https://444.hu/2026/03/31/aktualpolitikai-filmnek-latja-molnar-aronek-filmjet-az-igazgato-ezert-nem-nezhetik-meg-azt-a-diakok-egy-budapesti-gimnaziumban?utm_source=rss_feed&utm_medium=rss&utm_campaign=rss_syndication
00e12242b562ea0d64e33112ba13036abeb780a13794e635785f521b2ba16d5a,2026-03-31 11:45:21.957038+00:00,hu,444.hu,444.hu,2026-03-31,"Újabb dróntámadás ért egy balti-tengeri orosz kikötőt, megsérült egy olajterminál",https://444.hu/2026/03/31/ujabb-drontamadas-ert-egy-balti-tengeri-orosz-kikotot-megserult-egy-olajterminal?utm_source=rss_feed&utm_medium=rss&utm_campaign=rss_syndication
3b4daa398e7adf4710ae6d2962f5ab0751d4e396638cdedf95c114b7a959b578,2026-03-31 11:45:02.175679+00:00,hu,444.hu,444.hu,2026-03-31,DNS-teszt buktatott le egy ciprusi meddőségi klinikát,https://444.hu/2026/03/31/dns-teszt-buktatott-le-egy-ciprusi-meddosegi-klinikat?utm_source=rss_feed&utm_medium=rss&utm_campaign=rss_syndication
fe9373a2ecb434447e103b263601738e7888cf41b808dc5f37f1bfe0827d9b2b,2026-03-31 11:44:44.699426+00:00,hu,444.hu,444.hu,2026-03-31,Ma is mélyrepülésben a tőzsdén egy-egy Mészáros Lőrinc- és Tiborcz-cég,https://444.hu/2026/03/31/ma-is-melyrepulesben-a-tozsden-egy-egy-meszaros-lorinc-es-tiborcz-ceg?utm_source=rss_feed&utm_medium=rss&utm_campaign=rss_syndication
faffbace680b7c42eea285bd5c8318ca1b586d2b9f003018d82b94a346601764,2026-03-31 11:44:35.575038+00:00,hu,444.hu,444.hu,2026-03-31,"Kihirdették a rákosrendezői pályázat győztesét, 10 ezer lakás és a 25 hektárnyi zöldfelület épülhet a területen",https://444.hu/2026/03/31/kihirdettek-a-rakosrendezoi-palyazat-gyozteset-10-ezer-lakas-es-a-25-hektarnyi-zoldfelulet-epulhet-a-teruleten?utm_source=rss_feed&utm_medium=rss&utm_campaign=rss_syndication
6b20ab2d6415c8047fb37fdf0758ca07979f694bfd47c11d42e1645b0229eb7e,2026-03-31 11:44:24.758981+00:00,hu,444.hu,444.hu,2026-03-31,1 millió megtekintés felett a 444 Gundalf-interjúja,https://444.hu/2026/03/31/1-millio-megtekintes-felett-a-444-gundalf-interjuja?utm_source=rss_feed&utm_medium=rss&utm_campaign=rss_syndication
3094ecc5c1c226aa7655f7dab8fea6d9385daf18747b15d2247999b9261971bf,2026-03-31 11:41:01.124049+00:00,hu,24.hu,24.hu,2026-03-31,"Gryllus Dorka: Meggondolandó, hogy az ember mikor nyitja ki a pofáját",https://24.hu/kultura/2026/03/31/gryllus-dorka-politika-interju/
961e1d2c347ca49ec73ed638af9effd020b0cfd74924a428f27474971815dba7,2026-03-31 11:40:38.370668+00:00,hu,24.hu,24.hu,2026-03-31,Így építené be Rákosrendezőt a főváros – bemutatták a tervpályázat győzteseit,https://24.hu/kultura/2026/03/31/rakosrendezo-tervpalyazat-gyoztes-karacsony-gergely-epiteszet-mini-dubaj/
bf288bcd88189d62c4e316c1a57a3ab9279aa0b6d8a09bb92c2480b837f00e86,2026-03-31 11:39:47.058188+00:00,hu,24.hu,24.hu,2026-03-31,"Kutatás: minden harmadik magyar kénytelen kölcsönkérni, ha rászakad egy váratlan kiadás",https://24.hu/fn/gazdasag/2026/03/31/cofidis-kolcson-varatlan-kiadas-penzugy/
cd2c5b50ed08c92a5a1f5a4a792e26c4c2688820f83c367e3d63fa4639bee681,2026-03-31 11:39:29.957033+00:00,hu,24.hu,24.hu,2026-03-31,"Vivo X300 Ultra: Ez lehet most a legjobb mobil, ha fotózásról van szó",https://24.hu/tech/2026/03/31/vivo-x300-ultra-bejelentes-specifikaciok/
78c134e7309b33060d1b007a37d9e946eb2fb1d06ff165c14aa7bf0fd8f4b2d9,2026-03-31 11:39:17.364104+00:00,hu,24.hu,24.hu,2026-03-31,"Tizenhat éves korában merte elmondani az anyjának egy kislány, hogy hatéves kora óta erőszakolja őt az apja",https://24.hu/belfold/2026/03/31/gyor-szexualis-eroszak-kislany-apa-itelet/
70b25b580e8c94bc926631a12357a7177740d9826080c5175f12478276d000d4,2026-03-31 11:38:59.786580+00:00,hu,24.hu,24.hu,2026-03-31,"Meghalt egy magyar kamionsofőr Ausztriában, tűz üthetett ki a járművében",https://24.hu/kulfold/2026/03/31/magyar-kamionsofor-ausztria-meghalt/
2f06e204e0995d7dbdf02663d6d282a185305c2a0a473448f890f0d7ec96fbc3,2026-03-31 11:38:38.835439+00:00,hu,24.hu,24.hu,2026-03-31,Havazással búcsúzik a március: fehérbe borult a Kékestető,https://24.hu/tudomany/2026/03/31/marcius-vege-ho-havazas-kekesteto-video/
f5f01cf55ac917916150ac1f26d80dd8d2c2190db123c5636e258d389c34a73a,2026-03-31 11:37:52.672760+00:00,hu,24.hu,24.hu,2026-03-31,Kémbotrány borzolta a kedélyeket az olaszok vb-pótselejtezője előtt,https://rangado.24.hu/nemzetkozi_foci/2026/03/31/bosznia-olaszorszag-vb-potselejtezo-kembotrany/
3d0abcf1e9c2930e5e62d2f83813d0cf13dfecfe44663caf3df0e1335cd5c610,2026-03-31 11:37:34.548151+00:00,hu,24.hu,24.hu,2026-03-31,"Tordai Bence ultimátumot adott tiszás ellenfelének: lépjen vissza, különben ő fog",https://24.hu/belfold/2026/03/31/tordai-bence-visszalepes-ultimatum/
7073957f48cb3849768a85b13d6b35802df04a405d237e2edc649bc3642a1d33,2026-03-31 11:37:24.555398+00:00,hu,444.hu,444.hu,2026-03-31,Tordai Bence is visszalép,https://444.hu/2026/03/31/tordai-bence-is-visszalep?utm_source=hirstart&utm_medium=referral&utm_campaign=ct
054d78181566a1f7c6fe6d3ccd057cd18bad365f511bb442fbc41f1dc63553e6,2026-03-31 10:33:28.047834+00:00,hu,24.hu,24.hu,2026-03-31,Kulka János újra a vásznon: haldokló betyárt fog alakítani új filmjében,https://24.hu/elet-stilus/2026/03/31/kulka-janos-uj-filmszerep/
6e350dc4faa3817fac8b5f121c74659a74cd8ca1235cb08d8edef90b446b21c5,2026-03-31 10:32:22.316759+00:00,hu,24.hu,24.hu,2026-03-31,Halálosan megfenyegették Nagy Ervin aktivistáját,https://24.hu/belfold/2026/03/31/nagy-ervin-aktivista-halalos-fenyegetes/
a53236bfa3c9a754c5d83631670e6f85c7f28f662327c468451a999687688d54,2026-03-31 10:32:12.318574+00:00,hu,24.hu,24.hu,2026-03-31,Háromnapos boltzár érkezik: így lesznek nyitva az üzletek a húsvéti hosszú hétvégén,https://24.hu/fn/gazdasag/2026/03/31/husveti-nyitvatartas-2026-zarvatartas-uzlet-kiskereskedelem/
31a78ef8e8cb7ff06dacac829156f51c81374d80162ebcd56581dfc25cb3d714,2026-03-31 10:26:04.148864+00:00,hu,24.hu,24.hu,2026-03-31,"Azokat is meg akarják ölni, akik javítani jönnek"" – így válik népirtássá az energetikai terror",https://24.hu/kulfold/2026/03/31/haboru-odessza-aram-energetikai-terror/
ea205c6098b6be5eea5852f37a75787704a2fab04c2aab50a95cfb3c6fea1e72,2026-03-31 10:25:49.463844+00:00,hu,24.hu,24.hu,2026-03-31,Magyar Péter: Rogán Antal már egy cellában van?,https://24.hu/belfold/2026/03/31/magyar-peter-gundalf-rogan-antal/
154c5252275dfa27407ac756bbbd819a5e1768d8aed07778d975373c2270a911,2026-03-31 10:25:44.556359+00:00,hu,24.hu,24.hu,2026-03-31,"Izgatottan várom, mit tartogat számomra az élet a kézilabda után"" – befejezi a Győr légiósa",https://24.hu/sport/2026/03/31/gyori-audi-eto-kc-nathalie-hagman-visszavonul/
4c22051e4bdb5233ae9ea59b24faea86681a5a048bd38ddbc99fd5bc177b2a38,2026-03-31 10:25:19.460822+00:00,hu,24.hu,24.hu,2026-03-31,Visszatér a képernyőre Friderikusz Sándor,https://24.hu/elet-stilus/2026/03/31/friderikusz-sandor-rtl-talkshow/
91b6832b751d3ad21f2857d65ba6845c7d7994adb7630925486cc972ecd43728,2026-03-31 10:24:59.635178+00:00,hu,24.hu,24.hu,2026-03-31,"Népvándorlás kori koponyát kapott egy apa a régész barátjától, fia három és fél millióért akarta elpasszolni a neten",https://24.hu/belfold/2026/03/31/nepvandorlas-koponya-eladas-internet/
ebe4a8c549d7fe60e92e2b487031f7576c3f0ba50910f951ac5779a6f406f43c,2026-03-31 10:24:22.517590+00:00,hu,24.hu,24.hu,2026-03-31,Felszállás közben gyulladt ki a Delta Air Lines gépének egyik hajtóműve,https://24.hu/tech/2026/03/31/delta-air-lines-kigyulladt-hajtomu-video/
d1a6a3a07c572011035567230fa984e38c687f704765be27a20bd0fbc8c7b9fa,2026-03-31 09:43:40.260940+00:00,hu,444.hu,444.hu,2026-03-31,Hadházy feljelentésére nyomozás indult a Mészáros Lőrincék által kétszeres áron épített vasútvonal ügyében,https://444.hu/2026/03/31/hadhazy-feljelentesere-nyomozas-indult-a-meszaros-lorincek-altal-ketszeres-aron-epitett-vasutvonal-ugyeben?utm_source=rss_feed&utm_medium=rss&utm_campaign=rss_syndication
f864ad24f00d47912169b32f8b0012cf908e48dcf3a4d46bf1c6f5066afc3c72,2026-03-31 09:43:34.710625+00:00,hu,444.hu,444.hu,2026-03-31,"Trump hajlandó befejezni a háborút, még úgy is, ha a Hormuzi-szoros zárva marad",https://444.hu/2026/03/31/trump-hajlando-befejezni-a-haborut-meg-ugy-is-ha-a-hormuzi-szoros-zarva-marad?utm_source=rss_feed&utm_medium=rss&utm_campaign=rss_syndication
7bb3dae62c941b919a5300e076e2ab8d674e6a8189d40b928d1677912af8d5e0,2026-03-31 09:43:13.645491+00:00,hu,444.hu,444.hu,2026-03-31,"Újabb pofátlan tételek az MNB-felújításról: edénykészlet elhelyezése 42 ezerért, 21 milliós csillár és furcsa árazási technikák",https://444.hu/2026/03/31/ujabb-pofatlan-tetelek-az-mnb-felujitasrol-edenykeszlet-elhelyezese-42-ezerert-21-millios-csillar-es-furcsa-arazasi-technikak?utm_source=rss_feed&utm_medium=rss&utm_campaign=rss_syndication
ff1ea8707a94e204b4f99705a15e052b563f451915a2901843796b98ec003a40,2026-03-31 09:43:08.672590+00:00,hu,444.hu,444.hu,2026-03-31,"Neked is 28 százalékkal nőtt a nettód, ugye? A statisztika szerint annyival emelkedtek az átlagkeresetek januárban",https://444.hu/2026/03/31/neked-is-28-szazalekkal-nott-a-nettod-ugye-a-statisztika-szerint-annyival-emelkedtek-az-atlagkeresetek-januarban?utm_source=rss_feed&utm_medium=rss&utm_campaign=rss_syndication
37d12878a9b79aa52453a0f60e1e6f553858103c06598ec345951c7159779287,2026-03-31 09:43:03.272951+00:00,hu,444.hu,444.hu,2026-03-31,"Rendkívüli tájékoztatást adott ki az Opus, átrendezi a cégben a sorokat Mészáros Lőrinc",https://444.hu/2026/03/31/rendkivuli-tajekoztatast-adott-ki-az-opus-atrendezi-a-cegben-a-sorokat-meszaros-lorinc?utm_source=rss_feed&utm_medium=rss&utm_campaign=rss_syndication
6cd29da10e1328c645cdb7daf95f7ed0c0c98a5f5631bb7c809f873bdac9c1de,2026-03-31 09:42:49.708294+00:00,hu,444.hu,444.hu,2026-03-31,"A rendőrség elmagyarázta, miért oké a fekete ruhás alakok jelenléte Orbán gyűlésein",https://444.hu/2026/03/31/a-rendorseg-elmagyarazta-miert-oke-a-fekete-ruhas-alakok-jelenlete-orban-gyulesein?utm_source=rss_feed&utm_medium=rss&utm_campaign=rss_syndication
8e1fdd706a0a82f22dc23bf1ed366f171e4a511925e8cde468a9e024b2bf0886,2026-03-31 09:42:44.587652+00:00,hu,444.hu,444.hu,2026-03-31,Szeptemberben lesz a hatodik Pécs Pride,https://444.hu/2026/03/31/szeptemberben-lesz-a-hatodik-pecs-pride?utm_source=rss_feed&utm_medium=rss&utm_campaign=rss_syndication
742ed60ee1b396f650f0e73fd8f2a7b6d8e7a725dfabd411980c9df74b0a3543,2026-03-31 09:33:16.836597+00:00,hu,24.hu,24.hu,2026-03-31,Ruszin Zsolt: duplán fizettette a gépjárműátírás illetékét a NAV és a kormányhivatal,https://24.hu/fn/gazdasag/2026/03/31/gepjarmu-atiras-vagyonszerzesi-illetek-nav-kormanyhivatal/
6c20b41f0cf7ca3492dd3459af35cb31cc1d3e8274df5b7c9beaebf66a9474f8,2026-03-31 09:32:44.994591+00:00,hu,24.hu,24.hu,2026-03-31,Pintértől kért segítséget Orbán fóruma miatt az ellenzéki polgármester,https://24.hu/belfold/2026/03/31/nemeny-pinter-rendori-segitseg/
14005db6cf3fb8a8c43c28bd03cf624a28fb80bc6b8586011df0db11912e3d76,2026-03-31 09:32:11.907977+00:00,hu,24.hu,24.hu,2026-03-31,Magyar kutatás: így lehet csökkenteni az endometriózis tüneteinek intenzitását,https://24.hu/tudomany/2026/03/31/semmelweis-egyetem-endometriozis-tunet-csokkentes-kutatas/
50c583e383a45c6b7178c8290cdcb6ff050aae3db1458d57635c40c19d4a4767,2026-03-31 09:31:58.496975+00:00,hu,24.hu,24.hu,2026-03-31,Két hét és megszűnik a Messenger egyik népszerű verziója,https://24.hu/tech/2026/03/31/facebook-messenger-com-meta-megszunik/
2a08a33d24a18534479045549fc4b26435869685160ee2359c92e85f3bb91054,2026-03-31 09:31:51.036047+00:00,hu,24.hu,24.hu,2026-03-31,"Aludni sem fog"" – Vomberg Frigyes szerint Tischler Petrának meggyűlik majd vele a baja az Ázsia Expresszben",https://24.hu/elet-stilus/2026/03/31/vomberg-frigyes-tischler-petra-azsia-expressz/
f1a01a4bc30ca7b5b3fa46462fc97a15b27d02019d07604abfc1cf66b5868514,2026-03-31 09:31:46.627019+00:00,hu,24.hu,24.hu,2026-03-31,"Bármilyen nagyot is esek, mindig felállok"" – a horrorsérüléséből lábadozó Lindsey Vonn megható videóval jelentkezett",https://24.hu/sport/2026/03/31/lindsey-vonn-sulyos-serules-rehabilitacio-video/
7777e044d843484b16cb73bc7f2f3531b7ebcf1bef03a7d037a6d0ca931e78c0,2026-03-31 09:31:41.052558+00:00,hu,24.hu,24.hu,2026-03-31,"Feljelentést tesz a fideszes háziorvos-polgármester, aki a szavazatvásárlásról szóló dokumentumfilmben szerepelt",https://24.hu/belfold/2026/03/31/nyirbogat-vizsgalat-rizsak-ildiko-feljelentes/
414556b354a56dd3dcc693c7b1455c25d15206eb43f448bc291bffdf8ce556c5,2026-03-31 09:31:30.287006+00:00,hu,24.hu,24.hu,2026-03-31,"Elütött a HÉV egy mobilját nyomkodó 14 éves fiút Óbudán, életveszélyben van",https://24.hu/belfold/2026/03/31/budapest-hev-gyerek-gazolas/
6d164e9e297c6fcf471abe68ca376f81b68faf23a1779c4fa0550820b8ea6ef3,2026-03-31 09:31:24.690897+00:00,hu,24.hu,24.hu,2026-03-31,Tenisz: Lázár Jánosék nyakába 400 milliós pert akasztottak,https://24.hu/sport/2026/03/31/lazar-janos-szucs-lajos-richter-attila-tenisz-bni-stefan-tzvetkov-per-perkoltseg/
1a5c39a272480d05a57c25dc5bba9528d23124d9b2f94b038758d8818af2b197,2026-03-31 09:31:20.283041+00:00,hu,24.hu,24.hu,2026-03-31,Hadházy: Túlárazás miatt indult nyomozás Mészárosék vasútépítése miatt,https://24.hu/belfold/2026/03/31/hadhazy-tularazas-meszaros-lorinc-nyomozas/
b12dccbc591cf196f0074c278068e4e5e27542fbc35b1b099f5eb563be438c38,2026-03-31 09:27:36.702093+00:00,hu,444.hu,444.hu,2026-03-31,Kósa Lajost a bedőlt Bászna Gabona tulajdonosának Ferrarijában fotózták,https://444.hu/2026/03/31/kosa-lajost-a-bedolt-baszna-gabona-tulajdonosanak-ferrarijaban-fotoztak?utm_source=hirstart&utm_medium=referral&utm_campaign=ct
87e53d240cd377fabaf8ff03e7ca0f945e5319b7db959552c9f911cd560e55bc,2026-03-31 08:33:45.493285+00:00,hu,444.hu,444.hu,2026-03-31,"„Mindig a rendelkezésedre állok” – már hangfelvételen is hallható, Szijjártó hogyan ígért segítséget Lavrovnak",https://444.hu/2026/03/31/mindig-a-rendelkezesedre-allok-mar-hangfelvetelen-is-hallhato-szijjarto-hogyan-igert-segitseget-lavrovnak?utm_source=hirstart&utm_medium=referral&utm_campaign=ct
0113749cd956ec97bfa8d00c9b3879c7846409732ab3add02a21c65e4232e589,2026-03-31 08:28:58.260921+00:00,hu,24.hu,24.hu,2026-03-31,"26 százalékos bérrobbantást mért a KSH, íme a magyarázat",https://24.hu/fn/gazdasag/2026/03/31/ksh-ber-fizetes-kereset/
24476ff81a65aca6a5bc9751047ccd7175fcf4c068c195045e1b5489a0dbf9b5,2026-03-31 08:28:44.128044+00:00,hu,24.hu,24.hu,2026-03-31,Molnár Áron: Betiltották a filmünket egy kispesti gimnáziumban,https://24.hu/kultura/2026/03/31/itt-erzem-magam-otthon-betiltas/
90482928ca333e1739e78e7db8712b3dfdbd07c1ab67bbbc29d18532abd09211,2026-03-31 08:28:23.500627+00:00,hu,24.hu,24.hu,2026-03-31,Átlátszó: Kósa Lajost lefotózták a bedőlt Bászna Gabona tulajdonosának Ferrarijában,https://24.hu/belfold/2026/03/31/kosa-lajos-ferrari-baszna-gabona/
78ccf092ef20e9349393b577ed3169031bf769f1e08f175bfd0a241dfc05b9d6,2026-03-31 08:28:01.255806+00:00,hu,24.hu,24.hu,2026-03-31,"Galambos Lajos elárulta, mi volt az utolsó dolog, amit Zámbó Jimmy mondott neki",https://24.hu/elet-stilus/2026/03/31/galambos-lajos-zambo-jimmy-utolso-telefonbeszelgetes/
2c30712aafa091b51e38d108e6595a2312f5a2483e5d2f4fdf97d3f991c96f12,2026-03-31 08:27:53.136735+00:00,hu,24.hu,24.hu,2026-03-31,"Krausz Gábornak feladta a leckét a kislánya ízlése: ""Néha már majdnem elszakadt nálam a cérna, amikor láttam, hogy vágja a fejeket""",https://24.hu/elet-stilus/2026/03/31/krausz-gabor-kislanya-hannaroza-izles-fozes/
c96a16c2b10684b05b46b509f262031c721b5903dd79f09f47cfde34ec36a7e6,2026-03-31 08:27:06.790256+00:00,hu,24.hu,24.hu,2026-03-31,"Nagyvonalú pénzosztásba fogott Lázár János a MÁV-nál, de nem mindenkinek jut belőle",https://24.hu/fn/gazdasag/2026/03/31/mav-lazar-janos-ber-fegyverpenz/
1242bfbf90c78d52c50179c6ee757ebeae5d1667cfcf15cf553afe7d84162fb4,2026-03-31 08:27:02.236596+00:00,hu,24.hu,24.hu,2026-03-31,Újabb kivégzéseket hajtottak végre Iránban,https://24.hu/kulfold/2026/03/31/ujabb-kivegzeseket-hajtottak-vegre-iranban/
b680fede8a1b519f9aac81791faf54b41579c106d29a173999424992c0a87216,2026-03-31 08:26:52.950975+00:00,hu,24.hu,24.hu,2026-03-31,"„Rosszul mondtam valamit?” – újabb telefonbeszélgetéseket hoztak nyilvánosságra, melyek azt mutatják, hogy Szijjártó az oroszok kedve szerint jár el az Unióban",https://24.hu/kulfold/2026/03/31/szijjarto-peter-szergej-lavrov-felvetelek-orosz-erdek/
0c22747562360ff719b8b959fda8a904639148721f40c17a939f3c4844681dd7,2026-03-31 08:26:44.135044+00:00,hu,24.hu,24.hu,2026-03-31,"Szijjártó az újabb kiszivárgott beszélgetésekről: Bebizonyították, hogy ugyanazt mondom nyilvánosan, mint telefonon",https://24.hu/kulfold/2026/03/31/szijjarto-peter-reakcio-lehallgatas-2/
fe7f4f7d2b542e1fee5359febf963d6d5f9f962aedf6c060697e16514d824732,2026-03-31 07:34:09.402169+00:00,hu,24.hu,24.hu,2026-03-31,Megtalálták az első H9N2 madárinfluenzával fertőzött emberi beteget Európában,https://24.hu/tudomany/2026/03/31/europa-olaszorszag-h9n2-madarinfluenza/
cf4303db9a07cf29c919129aff1a42da973217c96947f598e949cc40c83923b6,2026-03-31 07:28:29.313842+00:00,hu,24.hu,24.hu,2026-03-31,Fekete-Győr András lemondásra szólította fel Sulyok Tamást,https://24.hu/belfold/2026/03/31/fekete-gyor-felszolitas-sulyok-tamas-lemondas/
270ec675ce56a19cd3021e4205f8237eadb385752cf4eeb8c79d8e43ecf14978,2026-03-31 07:28:00.576638+00:00,hu,24.hu,24.hu,2026-03-31,"Sztriptízbárok, kegyetlen drogbárók, és lenyelt kokainos pakkok: itt az Eufória 3. évadának új előzetese",https://24.hu/kultura/2026/03/31/euforia-3-evad-elozetes/
7eef1cd56da4f477b217b4369c2b78bfbf800bf6f12a1734060cc8a90ca62be7,2026-03-31 07:27:45.685436+00:00,hu,24.hu,24.hu,2026-03-31,Kínába tartó kuvaiti olajszállítót ért dróntalálat Dubajban,https://24.hu/kulfold/2026/03/31/kinaba-tarto-kuvaiti-olajszallitot-ert-drontalalat-dubajban/
cf398c284763721bbfb16a4174a2817435a42db4849d95439ff932016995a12d,2026-03-31 07:27:39.123781+00:00,hu,24.hu,24.hu,2026-03-31,Megkezdődött a visszaszámlálás: 53 év után visszatér az emberiség a Holdhoz,https://24.hu/tech/2026/03/31/megkezdodott-a-visszaszamlalas-nasa-artemis-2/
b6791f2648b1d1bf479c57bb659b7cb5d91bf61c4ae40f7416c6485086463801,2026-03-31 07:27:34.592460+00:00,hu,24.hu,24.hu,2026-03-31,Újabb megoldási javaslattál állt elő Irán a Hormuzi-szoros ügyében,https://24.hu/kulfold/2026/03/31/ujabb-megoldasi-javaslattal-allt-elo-iran-a-hormuzi-szoros-ugyeben/
187b10c6159b287f92a48fcc5bd5e27959d1ab1cc786d20e909b82eaf15aa8f5,2026-03-31 07:27:29.187793+00:00,hu,24.hu,24.hu,2026-03-31,Volt nemzetbiztonsági főtiszt: A magyar szolgálatok első számú célpontja a hazai ellenzék lett,https://24.hu/belfold/2026/03/31/telkes-andras-allambiztonsag-tisza/
b90125e6359319fc87a0e3afc5370e51724750e48e19f96527741346f2de5ea2,2026-03-31 07:27:24.021631+00:00,hu,24.hu,24.hu,2026-03-31,Farkastámadás Hamburg belvárosában,https://24.hu/kulfold/2026/03/31/farkas-harapas-hamburg-elfogas/
333495b2b8b330b54673deff0fe2a08addcd38a3d89d1d1ad75cf6c3a53a2d8d,2026-03-31 07:27:19.200095+00:00,hu,24.hu,24.hu,2026-03-31,"Sokan csak álmodnak akkora nyugdíjról, amilyet Betlen János kap",https://24.hu/elet-stilus/2026/03/31/betlen-janos-nyugdij-sporolas/
7a1922be00e5f7ba5e7c6c5e151d861a1c88b2bee6ec82a2dafd7b0492846147,2026-03-31 07:26:17.123991+00:00,hu,24.hu,24.hu,2026-03-31,Dróntalálat ért egy olajszállító hajót Dubajban,https://24.hu/kulfold/2026/03/31/iran-izrael-haboru-elo/
d8e0110191273cf4832bcff5e73285c5758ef3949b4051fe7b51ee607e13a2a1,2026-03-31 07:26:08.241658+00:00,hu,24.hu,24.hu,2026-03-31,Ázsia Expressz: szépségkirálynő és sorozatsztárok is csatlakoznak idei mezőnyhöz,https://24.hu/elet-stilus/2026/03/31/azsia-expressz-2026-uj-szereplok/
2c90bb809b1c90274d88d87ba08d0238cc378f4e2cb8c2b2e60aa2cd3cfc21e0,2026-03-31 06:33:20.867238+00:00,hu,444.hu,444.hu,2026-03-31,Furcsa módon büszkélkedik Nagy Márton a hazai üzemanyagárakkal,https://444.hu/2026/03/31/furcsa-modon-buszkelkedik-nagy-marton-a-hazai-uzemanyagarakkal
c43f737e840f844f7b7e0b8d39c6fe0712da1fedecb4b8e88b780a0a4704522b,2026-03-31 06:33:08.648511+00:00,hu,444.hu,444.hu,2026-03-31,Nem hülyeség kedden felvenni a télikabátot,https://444.hu/2026/03/31/nem-hulyeseg-kedden-felvenni-a-telikabatot
29bb7976470cf6128a870a69abe4451d0497e100713d80a9265f5bb131f327f1,2026-03-31 06:33:03.721066+00:00,hu,444.hu,444.hu,2026-03-31,"Kigyulladt egy teli olajtanker Dubajnál, Libanonban meghalt három ENSZ-békefenntartó",https://444.hu/2026/03/31/kigyulladt-egy-teli-olajtanker-dubajnal-libanonban-meghalt-harom-ensz-bekefenntarto
27f84165468c9e04f038b91c92fe2bf666ab77f1e5f9f9569a6e3577d0de44e0,2026-03-31 06:32:58.572131+00:00,hu,444.hu,444.hu,2026-03-31,Pete Hegseth brókere az Irán elleni támadás előtt több millió dollárt próbált védelmi ipari cégekbe fektetni,https://444.hu/2026/03/31/pete-hegseth-brokere-az-iran-elleni-tamadas-elott-tobb-millio-dollart-probalt-vedelmi-ipari-cegekbe-fektetni
75a7c306151d21a6a38d33119ef07dbe7ae2c86d2bdff74d62d2f1820c727248,2026-03-31 06:32:53.553079+00:00,hu,444.hu,444.hu,2026-03-31,"Hidak dőltek össze, házakat öntött el a víz a hatalmas áradások miatt Oroszországban",https://444.hu/2026/03/31/hidak-doltek-ossze-hazakat-ontott-el-a-viz-a-hatalmas-aradasok-miatt-oroszorszagban
2b7aa8b687ca175f36febd22e9f234788be7efd9a21a8efb5e3e2bbeeac48b9b,2026-03-31 06:32:41.748209+00:00,hu,444.hu,444.hu,2026-03-31,Négy tonna kokaint foglaltak le Kolumbiában,https://444.hu/2026/03/31/negy-tonna-kokaint-foglaltak-le-kolumbiaban
725b7e0802147088050e24e51d0d2218745a5b28f964107e1ad880f46074eceb,2026-03-31 06:32:31.005883+00:00,hu,444.hu,444.hu,2026-03-31,Merz szerint három éven belül hazamennek a Németországban tartózkodó szíriai menekültek,https://444.hu/2026/03/31/merz-szerint-harom-even-belul-hazamennek-a-nemetorszagban-tartozkodo-sziriai-menekultek
7f0f9142a185661e62dfdfb0d6b54a8569776d518db79b8b61132b2cf6dbf056,2026-03-31 06:31:44.235646+00:00,hu,444.hu,444.hu,2026-03-31,Víztornyot döntött ki a szél Somogyban,https://444.hu/2026/03/31/viztornyot-dontott-ki-a-szel-somogyban
e98157093540fc223ea2e222f788144a3bd465780b1b899a2b359ae8195933b5,2026-03-31 05:26:08.586476+00:00,hu,24.hu,24.hu,2026-03-31,"Zsiguli, Trabant és társaik – felismered még a régi járgányokat?",https://24.hu/szorakozas/2026/03/31/kviz-retro-autok-jarmuvek/
ce05bff6229b056529cff4d8f6919239213b2c237a927f559ceccb4b22a020f5,2026-03-31 05:26:01.004433+00:00,hu,24.hu,24.hu,2026-03-31,"Hervadó szegfű: elolvadt a párt, mégis méretes vagyont visz magával a parlamentből kieső MSZP-s hátország",https://24.hu/belfold/2026/03/31/mszp-vagyon-parlament-alapitvany-ingatlan/
24fa87d7bbd8836d38796f116e7c9375980b275fe4785c6b1e0614dfc874c3c9,2026-03-31 05:24:51.051850+00:00,hu,24.hu,24.hu,2026-03-31,"Csak azért nem tartóztatták le Szabó Bencét, mert nem akartak mártírt faragni belőle"" – Bartha Károly százados a rendőrség politikai befolyásolásáról",https://24.hu/belfold/2026/03/31/rendorseg-bartha-karoly-politika-befolyas-szabo-bence/
9da2e39578035323ecd63ea0edaa8a1c26e5e433fff69e9742210acb7f811261,2026-03-31 05:24:16.374063+00:00,hu,24.hu,24.hu,2026-03-31,66 egyéni körzetben vár Fidesz-győzelmet a Nézőpont,https://24.hu/belfold/2026/03/31/nezopont-egyeni-korzet-felmeres/
43728647da7c5241dc20e1f30e431317d764c5139be43201683424206b704bc0,2026-03-31 04:23:18.445354+00:00,hu,24.hu,24.hu,2026-03-31,Kvíz: mennyit tudsz a leghíresebb nyulakról?,https://24.hu/kultura/2026/03/31/kviz-nyul-nyuszi-film/
661dad309ccfefd87bf7af62e209b306c02e5b1c84a5dae8a8683f3920415577,2026-03-31 04:22:46.835671+00:00,hu,24.hu,24.hu,2026-03-31,"Ha 100 ezer férőhelyes stadionunk lenne, az is megtelt volna"" – a vb-pótselejtező Koszovó legfontosabb eseménye a függetlenség kikiáltása óta",https://24.hu/sport/2026/03/31/koszovoi-futballvalogatott-vilagbajnoki-kijutas-torokorszag/
d93495a241b24632909f754ab20979f5dbccc34ccb05993e8a9c15f9e58abfcd,2026-03-31 03:27:09.522774+00:00,hu,24.hu,24.hu,2026-03-31,"Sosem vonták felelősségre Biszku Bélát, az '56-os forradalom megtorlóját",https://24.hu/tudomany/2026/03/31/biszku-bela-halala-evfordulo/
064538e236765bcdd158a5aaa2ae4f1def98888e5666b0783b593b027a92c10f,2026-03-31 03:26:12.235792+00:00,hu,24.hu,24.hu,2026-03-31,Csaknem 100 csecsemőt találtak egy ókori sírban,https://24.hu/tudomany/2026/03/31/sir-csecsemo-gyerek-okor/
784a3eed2f9fdd7b0a2e21aacb94cae83e4a9795593c496c51c76a8b106039ca,2026-03-31 03:17:17.749619+00:00,hu,444.hu,444.hu,2026-03-31,Gundalf színre lép,https://444.hu/2026/03/31/gundalf-szinre-lep?utm_source=rss_feed&utm_medium=rss&utm_campaign=rss_syndication
5bf826eda1f1ace2bb7d470b119596d529cbe764f7e240d480ec12026fbb0d35,2026-03-30 22:32:38.144709+00:00,hu,24.hu,24.hu,2026-03-30,A győri ifik ott vannak Európa legjobb négy kézicsapata között,https://24.hu/sport/2026/03/30/gyori-eto-kc-noi-europai-ifjusagi-kezilabdaliga/
74a572615dbeb05f70c8a2e0012b9e533ecdb8d4f067f9ae0219aceb8d110eff,2026-03-30 21:42:20.661359+00:00,hu,444.hu,444.hu,2026-03-30,Izrael lehetővé tenné a palesztin támadók felakasztását,https://444.hu/2026/03/30/izrael-lehetove-tenne-a-palesztin-tamadok-felakasztasat?utm_source=rss_feed&utm_medium=rss&utm_campaign=rss_syndication
230af3607c0b2f63fa3380d60c5d02644940acfe42d5ffdd35fb366d410a505d,2026-03-30 21:42:15.585387+00:00,hu,444.hu,444.hu,2026-03-30,"Franciaországban elítélték egy, az orosz árnyékflottához tartozó tanker kapitányát",https://444.hu/2026/03/30/franciaorszagban-eliteltek-egy-az-orosz-arnyekflottahoz-tartozo-tanker-kapitanyat?utm_source=rss_feed&utm_medium=rss&utm_campaign=rss_syndication
33f32cd984dd453aa72d310194701d2d1c4443601df0a41f0dde9548143e59d7,2026-03-30 21:41:28.001097+00:00,hu,444.hu,444.hu,2026-03-30,Deutsch Tamás a Gundalf mellett érvelőkkel szemben John Lennon gyilkosával jött,https://444.hu/2026/03/30/deutsch-tamas-a-gundalf-mellett-ervelokkel-szemben-john-lennon-gyilkosaval-ervelt?utm_source=rss_feed&utm_medium=rss&utm_campaign=rss_syndication
25e7c4156352ba71740299d6425b3520b7f2d4f12f36a3ad434549e2fbce7707,2026-03-30 21:41:01.212175+00:00,hu,444.hu,444.hu,2026-03-30,"Magyar Péter: Az AH politikai megbízottjait egy 19 éves fiatal minden további nélkül megvezette, ez sokat elárul a politikai célra használt nemzetbiztonság állapotáról",https://444.hu/2026/03/30/magyar-peter-az-ah-politikai-megbizottjait-egy-19-eves-fiatal-minden-tovabbi-nelkul-megvezette-ez-sokat-elarul-a-politikai-celra-hasznalt-nemzetbiztonsag-allapotarol?utm_source=rss_feed&utm_medium=rss&utm_campaign=rss_syndication
8fb816b14ef1dedab4595b014827273e3f1c4c1b6ec39fbb176898d058b9478f,2026-03-30 21:21:18.280523+00:00,hu,24.hu,24.hu,2026-03-30,"Ami most zajlik az országban az katasztrófa. Sírni tudnék"" – szakértők sürgetik a vízhiány elleni összefogást",https://24.hu/tudomany/2026/03/30/eltuno-vizek-elleni-osszefogas/
68256908284b9859f23d8132436950a35094cbad18376bd0cc9ff8bdf0cb55a6,2026-03-30 21:20:51.907737+00:00,hu,24.hu,24.hu,2026-03-30,A nap legfontosabb hírei – 2026. 03. 30.,https://24.hu/belfold/2026/03/30/a-nap-legfontosabb-hirei-2026-03-30/
dcc58e6e637ecab56323d2abd39a2e29b9f9d275c5ef939afd24b1197e3f0b8d,2026-03-30 21:19:30.395366+00:00,hu,24.hu,24.hu,2026-03-30,Az Egyesült Államok alelnöke szerint furcsa dolgokat tesznek az emberekkel a repkedő égi lények,https://24.hu/kulfold/2026/03/30/vance-alelnok-ufo-foldonkivuli/
2c1516af35c6bdb608c33c9eb2d50768476f3c16ce5c76fbd3542ab77dc1a94b,2026-03-30 20:44:57.821107+00:00,hu,24.hu,24.hu,2026-03-30,"Magyar Péter: Gundalf, egy 19 éves informatikusként dolgozó srác hülyét csinált az Alkotmányvédelmi Hivatalból",https://24.hu/belfold/2026/03/30/magyar-peter-gundalf-alkotmanyvedelmi-hivatal-titkosszolgalat/
71b75d0b0addda9a30e56cbe5ebeb40cc6b095ac7c701f7e612075d60d6601f1,2026-03-30 20:44:55.146493+00:00,hu,atlatszo.hu,atlatszo.hu,2026-03-30,"Akiket el akar hallgattatni a hatalom – új podcastunk, a Papíron szép első adása",https://atlatszo.hu/kozugy/2026/03/30/akiket-el-akar-hallgattatni-a-hatalom-uj-podcastunk-a-papiron-szep-elso-adasa/
f949ae7f951bb4b7997b2dabddc7dbed448832b58cc12ac426cfef898b7a7e23,2026-03-30 19:39:46.253179+00:00,hu,24.hu,24.hu,2026-03-30,Heti Hetes: újabb nagy név csatlakozott az újraélesztett műsorhoz,https://24.hu/elet-stilus/2026/03/30/heti-hetes-rtl-uj-szereplo-thuroczy-szabolcs/
c4d97cc1c6562dff49930f998892aac7c5d610ced69bac6eb19762ee5b08e521,2026-03-30 19:39:01.729078+00:00,hu,24.hu,24.hu,2026-03-30,Zuhogó esőben tartott nagygyűlést Magyar Péter Hajdúböszörményben,https://24.hu/belfold/2026/03/30/zuhogo-esoben-tartott-nagygyulest-magyar-peter-hajduboszormenyben/
3a013ac3fafc5fb442cdd29276d90b4fdac39dc2e6a98d1a01edad8daa1dd282,2026-03-30 19:24:35.445141+00:00,hu,444.hu,444.hu,2026-03-30,"Zelenszkijt arra kérték a szövetségesei, ne támadják az ukránok az orosz energialétesítményeket",https://444.hu/2026/03/30/zelenszkijt-arra-kertek-a-szovetsegesei-ne-tamadja-az-orosz-energialetesitmenyeket?utm_source=rss_feed&utm_medium=rss&utm_campaign=rss_syndication
43a9438c33d1f570bb63171f7972c30381c9fd4fc2feee357fa20ef5b2da343c,2026-03-30 19:23:16.285766+00:00,hu,444.hu,444.hu,2026-03-30,"Orbán szerint Szabó Bence balek, de megerősítette, hogy kamufeljelentéssel kötötték le a gyerekpornográfiával foglalkozó szakemberek idejét és szaktudását",https://444.hu/2026/03/30/orban-szerint-szabo-bence-balek-de-megerositette-hogy-kamufeljelentessel-kotottek-le-a-gyerekpornografiaval-foglalkozo-szakemberek-idejet-es-szaktudasat?utm_source=rss_feed&utm_medium=rss&utm_campaign=rss_syndication
13c5b6754f4b91c519c6757484881e27e5c912b5a9b8c11a58d479e5f53cc096,2026-03-30 19:22:42.238518+00:00,hu,444.hu,444.hu,2026-03-30,"Orbán Szolnokon: Adolf cirkált, az eső esett, a résztvevők pedig alig várták, hogy hazamehessenek",https://444.hu/2026/03/30/orban-szolnokon-adolf-cirkalt-az-eso-esett-a-resztvevok-pedig-alig-vartak-hogy-hazamehessenek?utm_source=rss_feed&utm_medium=rss&utm_campaign=rss_syndication
af8e1865a1f6dea503cb46c8983637ac1fb54d1f7861dfa0226acf81546b61e8,2026-03-30 19:22:17.656269+00:00,hu,444.hu,444.hu,2026-03-30,A választások előtt már nem indul személyvonat a Budapest-Belgrád vasútvonalon,https://444.hu/2026/03/30/a-valasztasok-elott-mar-nem-indul-szemelyvonat-a-budapest-belgrad-vasutvonalon?utm_source=rss_feed&utm_medium=rss&utm_campaign=rss_syndication
413e76826ca76c5e54c07503247f1222ca1f8ae82c20450e7e940df50e33f0b1,2026-03-30 18:37:18.907096+00:00,hu,24.hu,24.hu,2026-03-30,"Úgy döntöttem, hogy kezembe veszem az irányítást"" – megszólalt a Gundalf néven ismertté vált informatikus",https://24.hu/belfold/2026/03/30/gundalf-informatikus-video-tisza-hraboczki-daniel/
71e5199911dd8ebe532eb5882e1e1c64276dbd4dbc23d50c8738ae83ae034b5d,2026-03-30 18:37:00.052734+00:00,hu,24.hu,24.hu,2026-03-30,"Politico: Az EU-ban radikális vészforgatókönyvvel is készülnek arra, ha Orbán győzne",https://24.hu/kulfold/2026/03/30/politico-orban-gyozelem-eu-veszforgatokonyvvek/
82cdf985da47a4b43e309ffebe3176fb24941c3bb2fed28be3e717a90473cfe0,2026-03-30 18:36:51.211643+00:00,hu,24.hu,24.hu,2026-03-30,"Georgita Máté Dezső Orbánnak: A nap uralásáért olyan sebeket ejtettél az országon, amelyek nagyon nehezen fognak begyógyulni",https://24.hu/elet-stilus/2026/03/30/georgita-mate-dezso-orban-viktor-valasztasok/
7192b05aee58dd80716be38f63f11a4f5520fc89ed243c3175ab1085d3f6bc5d,2026-03-30 18:36:38.052388+00:00,hu,24.hu,24.hu,2026-03-30,"Nonszensz azt állítani, hogy »beszervezhették« az illetőt. Vagy beszervezték, vagy nem"" – szakértőket kérdeztünk a tiszás informatikus titkosszolgálati meghallgatásáról",https://24.hu/belfold/2026/03/30/kormany-tisza-informatikus-titkosszolgalat/
43c32497ea18a240fc68827670ec333914130ced357b1b31389039ad24e2d8b9,2026-03-30 18:29:13.734354+00:00,hu,444.hu,444.hu,2026-03-30,Magyar Péter ismertette a drogtesztje eredményét,https://444.hu/2026/03/30/magyar-peter-ismertette-a-drogtesztje-eredmenyet?utm_source=rss_feed&utm_medium=rss&utm_campaign=rss_syndication
d6ece939c8fdc911c5de3af62f6e1469416d2cc74352ab95ab039e69fa49e912,2026-03-30 18:29:07.849217+00:00,hu,444.hu,444.hu,2026-03-30,A teljesen kamu Tisza-programról beszámoló Index most újabb állítólagos Tisza-programról számolt be,https://444.hu/2026/03/30/a-teljesen-kamu-tisza-programrol-beszamolo-index-most-ujabb-allitolagos-tisza-programrol-szamolt-be?utm_source=rss_feed&utm_medium=rss&utm_campaign=rss_syndication
22172dcbd358c4ce1f8a9eedc2cf025468218c25626abd164f9ad37026c63a42,2026-03-30 18:28:51.022828+00:00,hu,444.hu,444.hu,2026-03-30,Borízű hang #263: Ezt rakjátok ki a propagandába! [rövid verzió],https://444.hu/2026/03/30/borizu-hang-263-ezt-rakjatok-ki-a-propagandaba-rovid-verzio?utm_source=rss_feed&utm_medium=rss&utm_campaign=rss_syndication
dbfa69f6d7b4274c396e796618188a3e54d9e84915431f445d202282b36f39b2,2026-03-30 18:28:42.295117+00:00,hu,444.hu,444.hu,2026-03-30,"Csorna fideszes alpolgármestere ott volt az Orbán-beszéd alatti győri lökdösődés közepén, de állítása szerint őt sem engedték át",https://444.hu/2026/03/30/csorna-fideszes-alpolgarmestere-ott-volt-az-orban-beszed-alatti-gyori-lokdosodes-kozepen-de-allitasa-szerint-ot-sem-engedtek-at?utm_source=rss_feed&utm_medium=rss&utm_campaign=rss_syndication
66995d90a650d7067d4a10b6227be7d41ec23c2cec1753ba5defb9b4278e5507,2026-03-30 18:28:37.862558+00:00,hu,444.hu,444.hu,2026-03-30,"Lemondott az Air Canada vezérigazgatója, de nem a baleset miatt",https://444.hu/2026/03/30/lemondott-az-air-canada-vezerigazgatoja-de-nem-a-baleset-miatt?utm_source=rss_feed&utm_medium=rss&utm_campaign=rss_syndication
36393d9dce0d258cf93ec6319c8dbcb575a21312431574bf2f9b7bbe65856d0e,2026-03-30 18:28:30.279854+00:00,hu,444.hu,444.hu,2026-03-30,Az iráni háború miatt Spanyolország lezárja a légterét az amerikai hadsereg előtt,https://444.hu/2026/03/30/az-irani-haboru-miatt-spanyolorszag-lezarja-a-legteret-az-amerikai-hadsereg-elott?utm_source=rss_feed&utm_medium=rss&utm_campaign=rss_syndication
8f2a6df9a6447f191920b28331f776d7add8620e5359d87d3b10aafcd688d1dc,2026-03-30 18:28:21.352078+00:00,hu,444.hu,444.hu,2026-03-30,Rácz András: Az oroszok mindig több ügynökséggel avatkoznak be más országok választásaiba,https://444.hu/2026/03/30/racz-andras-az-oroszok-mindig-tobb-ugynokseggel-avatkoznak-be-mas-orszagok-valasztasaiba?utm_source=rss_feed&utm_medium=rss&utm_campaign=rss_syndication
259bca3fb11c479e577cf2c69d8fe6d92b71690dd666247db8570f8284283393,2026-03-30 18:28:10.986808+00:00,hu,444.hu,444.hu,2026-03-30,Szalontai Lászlóné Erzsike: Orbán Viktornak két pártja van,https://444.hu/2026/03/30/szalontai-laszlone-erzsike-orban-viktornak-ket-partja-van?utm_source=rss_feed&utm_medium=rss&utm_campaign=rss_syndication
72bfc36c34cd4a17286752a56817e59221e703a5ac553ad480df33c2efc9458c,2026-03-30 18:28:05.932065+00:00,hu,444.hu,444.hu,2026-03-30,Nádasdy Ádám és a szabadság nyelve,https://444.hu/2026/03/30/nadasdy-adam-es-a-szabadsag-nyelve?utm_source=rss_feed&utm_medium=rss&utm_campaign=rss_syndication
b841a12a1a7cd46a10ab775d40f9614368f1479a48c1132b5179222a51db6942,2026-03-30 18:27:59.557611+00:00,hu,444.hu,444.hu,2026-03-30,„Szeretne a Fideszre szavazni?” – így megy a levélszavazatok kézbesítése a Vajdaságban,https://444.hu/2026/03/30/szeretne-a-fideszre-szavazni-igy-megy-a-levelszavazatok-kezbesitese-a-vajdasagban?utm_source=rss_feed&utm_medium=rss&utm_campaign=rss_syndication
590d2de6ca147c23d800cc3a7c8be6784b470c93f07a54828d10cd369951c36c,2026-03-30 18:27:15.507341+00:00,hu,444.hu,444.hu,2026-03-30,Indonézia is betiltja a közösségi médiát a 16 év alattiaknak,https://444.hu/2026/03/30/indonezia-is-betiltja-a-kozossegi-mediat-a-16-ev-alattiaknak?utm_source=rss_feed&utm_medium=rss&utm_campaign=rss_syndication
74d8e45e47cfbe958efd1f685ac135162f3bd2d51498c5ff4e4fc9ed9a649dbe,2026-03-30 18:27:10.585209+00:00,hu,444.hu,444.hu,2026-03-30,Gundalf a 444-nek: Dezinformáltam az Alkotmányvédelmi Hivatalt,https://444.hu/2026/03/30/gundalf-a-444-nek-dezinformaltam-az-alkotmanyvedelmi-hivatalt?utm_source=rss_feed&utm_medium=rss&utm_campaign=rss_syndication
3c0e95c8a59c78b98e7980ff8891127b4f6d62a4e53df600c7368f0ea6808205,2026-03-30 18:20:00.662787+00:00,hu,24.hu,24.hu,2026-03-30,"Rossi: Nem magától értetődő, hogy a közönség így viselkedjen",https://rangado.24.hu/magyar_foci/2026/03/30/marco-rossi-magyarorszag-gorogorszag/
72cfe347278768914d4d46fd267688e825492ffc402a4a7c3d9f3eacf38177a1,2026-03-30 17:42:35.370061+00:00,hu,24.hu,24.hu,2026-03-30,"Orbán Szolnokon: Ha ezt a körzetet megnyerjük, nagyon közel leszünk ahhoz, amit kétharmadnak hívnak",https://24.hu/belfold/2026/03/30/orban-viktor-orszagjaras-szolnok/
32bd0fadd9c14581a5112d66a0a3da4e510642a60177372055e967f944da6718,2026-03-30 17:41:45.175430+00:00,hu,24.hu,24.hu,2026-03-30,"Merre tovább, Rossi-csapat?",https://24.hu/sport/2026/03/30/podcast-ziccer-merre-tovabb-rossi-csapat/
be98f055c0fe1635d0b1a6e40c1dba3ac22495f990056b5d41007f682e0a36d1,2026-03-30 17:24:02.355152+00:00,hu,24.hu,24.hu,2026-03-30,"Orbán Viktor páncélautóról beszélt, de vadonatúj Mercedes kisbuszt használt",https://24.hu/belfold/2026/03/30/orban-viktor-pancelauto-mercedes-kisbusz/
71a80758b7a9c7bcafe9f7f305a5ed68f20f91adc7a8031cd0f7ebbb0ddba6a5,2026-03-30 17:23:55.844998+00:00,hu,24.hu,24.hu,2026-03-30,300 ezer forintra bírságolták a gyerekekkel kampányoló fideszes politikust,https://24.hu/belfold/2026/03/30/cseresnyes-peter-birsag-gyerekek-kampany/
70f40d6e9730f7402a9ea1d38e8d2485452e00bb621f891c19ddc7755b895348,2026-03-30 16:45:01.486691+00:00,hu,24.hu,24.hu,2026-03-30,"Egy svéd házaspárnál landolnak a Kutya Párt levelei, törvényességi eljárás zajlik a párt ellen",https://24.hu/belfold/2026/03/30/mkkp-kutyapart-szekhely-torvenyszeki-eljaras/
d3079a4f7a8beca647f8389c40e970dbf05d414fb68970272642458532f3287f,2026-03-30 16:31:21.246827+00:00,hu,24.hu,24.hu,2026-03-30,"Orbán Hontnak: Szabó Bence nem hős, hanem balek",https://24.hu/belfold/2026/03/30/orban-hont-andras-szabo-bence-balek/
0a85c978fab4e6fe884f1cfe086075558bc04662a350e5ccbdbc95e114be54cf,2026-03-30 16:31:02.214689+00:00,hu,24.hu,24.hu,2026-03-30,Magánnyomozóknak adott ki bűnügyi adatokat kenőpénzért egy budapesti rendőr,https://24.hu/belfold/2026/03/30/rendor-magannyomozok-korrupcio-kutatasok/
bf8aefee80528b37a88e8c9544b87d633f6ccae3b885e3fcb38d44b2fd3fe507,2026-03-30 16:30:57.215635+00:00,hu,24.hu,24.hu,2026-03-30,"Tápai Szabina az új videójában Orbánra szavazásról, alacsony nívójú közbeszédről, cserepados politikusokról beszél",https://24.hu/elet-stilus/2026/03/30/tapai-szabina-fidesz-orban-viktor/
7f101a7d7487a09338164d16342048ab9cc11e0fde29cc4fecb9ff2d442bc682,2026-03-30 16:30:37.233980+00:00,hu,24.hu,24.hu,2026-03-30,"Női MMA-harcos a brutális KO-vereség után: Minden alkalommal, amikor meglátom magam a közösségi médiában, úgy nézek ki, mintha halott lennék",https://24.hu/sport/2026/03/30/maycee-barber-alexa-grasso-brutalis-kiutes-ufc-mma/
393c13637497dee29a53192965121391092ca6b8365aebf6e74c8c8ded5c3cb0,2026-03-30 16:30:11.167974+00:00,hu,24.hu,24.hu,2026-03-30,Választás: fontos határidők járnak le csütörtökön,https://24.hu/belfold/2026/03/30/valasztas-kerelmek-leadas-hatarido/
4fd9a43c423a82e7adfa2ebe5caae8377c199ce39cf8665e3b8a7fd5b6537694,2026-03-30 15:33:56.823365+00:00,hu,24.hu,24.hu,2026-03-30,"Leszúrta az anyját, majd másnap elment a megölt anyja pénzéből boltba",https://24.hu/belfold/2026/03/30/nyiergyhaza-anyagyilkos-letartoztatas/
18d685c545a788d7c1ba27806a1384f8bdcdae5924b62e842740e07862a92a6e,2026-03-30 15:33:28.326165+00:00,hu,24.hu,24.hu,2026-03-30,"Jó az a világ, ahol ennyire lehet valakit tisztelni"" – pályatársai búcsúznak Nádasdy Ádámtól",https://24.hu/kultura/2026/03/30/nadasdy-adam-meghalt-bucsu/
2d60313bd1b96b601385fcb53cf84b364571ca856e346f0c6aa6c2add3b41195,2026-03-30 15:33:23.037203+00:00,hu,24.hu,24.hu,2026-03-30,Penészes Dörmiket hívott vissza a fogyasztóvédelem,https://24.hu/belfold/2026/03/30/dormi-penesz-termekvisszahivas-fogyasztovedelem/
a1f20bc825441a3fc43245a7177c879f5f0b3a35fbfa95cfd9e7443b38937b92,2026-03-30 15:33:09.222417+00:00,hu,24.hu,24.hu,2026-03-30,"Megszólalása mindig esemény volt"" – Radnóti Sándor búcsúja Nádasdy Ádámtól",https://24.hu/kultura/2026/03/30/nadasdy-adam-nekrolog-radnoti-sandor/
ce636e7550857f2f2cfda3989821c897c20a8bb79b29df46f8b0b2cad2a6ea67,2026-03-30 15:32:58.813564+00:00,hu,24.hu,24.hu,2026-03-30,Megérkezett Magyar Péter drogtesztjének eredménye,https://24.hu/belfold/2026/03/30/magyar-peter-drogteszt-eredmeny/
3484f4a96435bc59be54c51f17e7270c630e4186942bf672b511c73d99c3d7da,2026-03-30 15:32:21.471070+00:00,hu,24.hu,24.hu,2026-03-30,Baltával vágta fejbe az apját egy férfi Alapon,https://24.hu/belfold/2026/03/30/alap-balta-edesapa-emberoles-kiserlete/
7035e200771eb23f54d5f3386425c7bb682c548304cb00f2b0603a0abc279f3e,2026-03-30 15:32:16.518951+00:00,hu,24.hu,24.hu,2026-03-30,"„Megkértek arra, hogy ezt juttassuk tovább, azt meg ne” – Bochkor Gábor a Megasztárról állított furcsa dolgokat",https://24.hu/elet-stilus/2026/03/30/bochkor-gabor-megasztar-tv2-megrendezett/
b8473f075f3c21e939c52d60d4f25dbc512351cce44260d9b672d8d4f1bcd168,2026-03-30 14:22:19.320296+00:00,hu,444.hu,444.hu,2026-03-30,Megdőlt az országos szélrekord vasárnap,https://444.hu/2026/03/30/megdolt-az-orszagos-szelrekord-vasarnap
a9c45a5fe45c72d112e676f8e876492ca9ef29066a7cd7a8be2d540803a6eadc,2026-03-30 14:22:13.663135+00:00,hu,444.hu,444.hu,2026-03-30,"Trump most épp azzal fenyegetőzik, hogy a földdel teszi egyenlővé Irán energetikai létesítményeit, ha hamarosan nem lesz megállapodás",https://444.hu/2026/03/30/trump-most-epp-azzal-fenyegetozik-hogy-a-folddel-teszi-egyenlove-iran-energetikai-letesitmenyeit-ha-hamarosan-nem-lesz-megallapodas
70bdb73a2927c32b5696fb57f2d447a8959aeb3e1d83036ed12f44866605481b,2026-03-30 14:21:51.603101+00:00,hu,444.hu,444.hu,2026-03-30,Az Iráni Forradalmi Gárda megerősítette haditengerészeti parancsnokának halálát,https://444.hu/2026/03/30/az-irani-forradalmi-garda-megerositette-haditengereszeti-parancsnokanak-halalat
411f5146f21cd6fbaaf4a9de80653a106903191c3c1fc365145614700ff932b1,2026-03-30 14:21:41.809554+00:00,hu,444.hu,444.hu,2026-03-30,„Mi nem fideszes verőemberek vagyunk” – a győri blokádban részt vevő biztonsági cég szerint megvezették őket,https://444.hu/2026/03/30/mi-nem-fideszes-veroemberek-vagyunk-a-gyori-blokadban-reszt-vevo-biztonsagi-ceg-szerint-megvezettek-oket
0ca65fc75372a2c237b737cf10fbcc40933eebfa037e41b3cb45a1bb5f0d9cfd,2026-03-30 14:21:37.114049+00:00,hu,444.hu,444.hu,2026-03-30,Ma indul Franciaországban egy halálosztagok működtetésével vádolt szabadkőműves páholy gigapere,https://444.hu/2026/03/30/ma-indul-franciaorszagban-egy-halalosztagok-mukodtetesevel-vadolt-szabadkomuves-paholy-gigapere
1c9546c747862475627040656269b1a5a37a0f27ad1fee05613cbd0f78220685,2026-03-30 14:21:17.451735+00:00,hu,444.hu,444.hu,2026-03-30,Miért akarja Trump megszerezni az iráni Harg-szigetet?,https://444.hu/2026/03/30/miert-akarja-trump-megszerezni-az-irani-harg-szigetet
d09fce0ec93010138874011cd94eccc1ae9895f8f350db3143cde35369be4a6f,2026-03-30 14:21:09.670912+00:00,hu,24.hu,24.hu,2026-03-30,"Csömörön leszedték a választási plakátokat, de a Fidesz visszapakolta őket, nem tárgyal a civilekkel",https://24.hu/belfold/2026/03/30/csomor-leszedett-valasztasi-plakatok-fidesz-feljelent/
b789c3082f0192014638ed0d64cb506ded78cfce8b14efa362736ff3d6ba021a,2026-03-30 14:21:05.778629+00:00,hu,444.hu,444.hu,2026-03-30,"A Fidesz nem hajlandó elfogadni, hogy Csömör tökös közössége nem kér a választási plakátokból",https://444.hu/2026/03/30/a-fidesz-nem-hajlando-elfogadni-hogy-csomor-tokos-kozossege-nem-ker-a-valasztasi-plakatokbol
75b6211d55d09faf3cca6112b6aa72f1cebe43e528d1a3b025913c2b2e42c17a,2026-03-30 14:20:43.215459+00:00,hu,444.hu,444.hu,2026-03-30,Csaknem 50 millióért forgatott videókat Sulyok Tamásról egy volt Duna TV-s cége,https://444.hu/2026/03/30/csaknem-50-millioert-forgatott-videokat-sulyok-tamasrol-egy-volt-duna-tv-s-cege
22157d34fe831a234f64a58a235c3227c0e7084f91e2337da15ec68a328d35ff,2026-03-30 14:20:38.185285+00:00,hu,444.hu,444.hu,2026-03-30,"Bocsánatot kért a Rheinmetall, miután a vezérigazgatója 3D-nyomtatós háziasszonyoknak nevezte az ukrán dróngyártókat",https://444.hu/2026/03/30/bocsanatot-kert-a-rheinmetall-miutan-a-vezerigazgatoja-3d-nyomtatos-haziasszonyoknak-nevezte-az-ukran-drongyartokat
88d304318d66043388acfb22345c56d719334f49f5db439688c59c15ea5ff5eb,2026-03-30 14:20:15.247612+00:00,hu,444.hu,444.hu,2026-03-30,Jarosław Kaczyński volt lengyel miniszterelnök a Mandinernek reménykedett egy sort Orbán Viktor győzelmében,https://444.hu/2026/03/30/jaroslaw-kaczynski-volt-lengyel-miniszterelnok-a-mandinernek-remenykedett-egy-sort-orban-viktor-gyozelmeben
a52c94bb1a608749b9a3888dc92421674e6145abcb47d06567a37b8251558f2f,2026-03-30 14:20:10.383817+00:00,hu,444.hu,444.hu,2026-03-30,Csoportos garázdaság gyanújával indult eljárás a péceli Orbán-beszéd alatt történt dulakodás miatt,https://444.hu/2026/03/30/csoportos-garazdasag-miatt-indult-eljaras-a-peceli-orban-beszed-alatt-tortent-dulakodas-miatt
66abd666de9d17d857ddfc409844eea7553cd9f575b75824e6b4b364917528a0,2026-03-30 14:19:21.179781+00:00,hu,24.hu,24.hu,2026-03-30,"Török Gábor: Ha a Fidesz elveszíti a választást, meglepne, ha ilyen trükközésbe kezdenének",https://24.hu/belfold/2026/03/30/torok-gabor-valasztas-fidesz-tisza/
eabbe892d40dbcabd3de18624e450ddbc462e5fbb30f1612debe58e398767e5b,2026-03-30 14:19:16.292479+00:00,hu,24.hu,24.hu,2026-03-30,"Ember Márk: Két hét múlva a közös valóságunkról szavazunk, most nem mindegy, ki mellett döntötök",https://24.hu/elet-stilus/2026/03/30/ember-mark-szavazas-aprilis-12/
79ccaae0176fa3994286b55cf6e7908045d71dbdff1a4dea92ecac8bd86c6c45,2026-03-30 14:18:46.155934+00:00,hu,24.hu,24.hu,2026-03-30,Szalai Máté: Elszámolta magát Trump? – az iráni háború kimenetelének forgatókönyvei,https://24.hu/kulfold/2026/03/30/irani-haboru-usa-trump-forgatokonyvek-szalai/
c6d164bee45d5fbaf98268bbb572be61cc1e9ee468c3c7471a90da5519fd06b2,2026-03-30 14:18:41.239651+00:00,hu,24.hu,24.hu,2026-03-30,"Megszólalt a győri balhéban részt vevő ""fekete sereg"" vezetője",https://24.hu/belfold/2026/03/30/orban-viktor-gyor-ronin-security/
dba695e446add04cbf4dd4cea921b9abde8a0f64a6650500f6e8cc9e83072de6,2026-03-30 14:17:47.337473+00:00,hu,24.hu,24.hu,2026-03-30,"Komoly sérülést szerzett a NASA Mars-járója, idővel amputálni kellhet a kerekét",https://24.hu/tech/2026/03/30/curiosity-marsjaro-serules-kerek/
c779dd3e6f532d79dbf5d3bc77ece1eba406e6ae3eb2ae7d679e07cbe647768d,2026-03-30 14:17:36.178325+00:00,hu,24.hu,24.hu,2026-03-30,"Vitézy: Mártha Imrének mennie kell, minden frakció támogatta a leváltását",https://24.hu/belfold/2026/03/30/fovasros-vitezy-david-martha-imre-levaltas/
7a44ad77396b79167a30978b5e17dc58ffdc370a9fe619d8825cf4834444b1ef,2026-03-30 14:17:31.150616+00:00,hu,24.hu,24.hu,2026-03-30,Élete utolsó 8 évében hasnyálmirigyrákkal küzdött Fülöp herceg,https://24.hu/elet-stilus/2026/03/30/fulop-herceg-halalanak-valodi-oka/
efbf4d5d085cca4be7ff418a605db44364134f8824e3919018a9f95a12b87c0c,2026-03-30 14:17:26.377716+00:00,hu,24.hu,24.hu,2026-03-30,Árfolyamzuhanás: megszólalt Mészáros tőzsdei birodalmának feje,https://24.hu/fn/gazdasag/2026/03/30/budapesti-ertektozsde-reszvenyarfolyam-opus-meszaros-lorinc/
aede1d59ad9b7a614e7895baa5d23a88095830955f4434a8d4e273776428c3fc,2026-03-30 14:17:08.009149+00:00,hu,24.hu,24.hu,2026-03-30,"„Sosem osztottam azt a nézetet, hogy a Heti Hetes alakítja a politikát” – Kolosi Péter is reagált a Heti Hetes körüli vitára",https://24.hu/kultura/2026/03/30/kolosi-peter-heti-hetes-rtl/
c7e1dc49aa1fd8480876c8801c565a020387897ed832c697578b096a555cd9dc,2026-03-30 13:44:33.177593+00:00,hu,24.hu,24.hu,2026-03-30,"Nem a méret a lényeg – a legkisebb országok, amik kijutottak a vébére",https://24.hu/sport/2026/03/30/labdarugo-vilagbajnoksagok-legkisebb-csapatai/
b843d957506d9b1bd4f3dd2c346d26af06050e7c71e9e46990259ffccb836d02,2026-03-30 12:43:46.903500+00:00,hu,24.hu,24.hu,2026-03-30,"Új lottó indult Magyarországon: az nyer, aki nem találja el a kihúzott számokat",https://24.hu/fn/gazdasag/2026/03/30/lutri-lotto-szerencsejatek/
5325d26bc7329e1ff4a8c9d14c3bf79307a00d16b19527942361c8fd39c067c5,2026-03-30 12:43:41.988436+00:00,hu,24.hu,24.hu,2026-03-30,Szolnok polgármestere a rendőrségtől kap segítséget az Orbánt kísérő fekete ruhások miatt,https://24.hu/belfold/2026/03/30/gyorfi-mihaly-szolnok-fekete-ruhasok/
9ecc68be605cf930de626cda0f373d265104d5cf2783edca3a17ab91bdc49a30,2026-03-30 12:43:02.300746+00:00,hu,24.hu,24.hu,2026-03-30,"Olyan szuper funkción dolgozik a Google és a Samsung, aminek minden androidos örülhet",https://24.hu/tech/2026/03/30/google-samsung-nfc-fajlkuldes-airdrop/
1aa19e9430a5a9a72b9953bcb43218553c5f1ac4acd7cb415467da028fc010e4,2026-03-30 12:42:22.340305+00:00,hu,24.hu,24.hu,2026-03-30,"Több évtizeddel ezelőtt lopták el Egry József alkotását a múzeumból, egy aukción került elő",https://24.hu/belfold/2026/03/30/balaon-muzeum-lopas-mualkotas/
3f8b4a38e900d429155bbf0afe57775de569bc168c7de1f72c9bd75e1a2ce05f,2026-03-30 12:42:03.426782+00:00,hu,24.hu,24.hu,2026-03-30,"Bezuhant a készpénzfelvételek száma, miközben soha nem volt ennyi ATM",https://24.hu/fn/gazdasag/2026/03/30/keszpenz-ingyenes-keszpenzfelvetel-atm-bankautomata/
b59ed71a29e75dda98cdd7e149562cd00310445c9a15a450b10a960521471726,2026-03-30 12:41:58.582712+00:00,hu,24.hu,24.hu,2026-03-30,"Óriási változás jön az időjárásban, mutatjuk, mire lehet számítani húsvétkor",https://24.hu/tudomany/2026/03/30/idojaras-husvet-valtozas-hetvege/
513f12edd5e6768729d2fa4fddca39a61580cb88fedb2b366f2d796732963e61,2026-03-30 11:39:56.155364+00:00,hu,24.hu,24.hu,2026-03-30,"Telex: A választás hétvégéjén költözik a MÁV, iratmegsemmisítőket szereztek be",https://24.hu/belfold/2026/03/30/mav-koltozes-iratmegsemmisito/
3723699e93e9c22e2e344714555b1183dac10547114c7146d7a217337c4f2284,2026-03-30 11:39:43.528799+00:00,hu,24.hu,24.hu,2026-03-30,"65 ezer forintra büntették az autóst, aki miatt egy órán át állt a villamosforgalom a Nagy Lajos király útján",https://24.hu/belfold/2026/03/30/villamos-belogo-auto-buntetes/
14e63fa2b6c506d9e58428d02eb9f85131a5f46cefee27112b5604defa62b608,2026-03-30 11:38:47.318500+00:00,hu,24.hu,24.hu,2026-03-30,"Robbant a kórházak adóssága, a kormánybeavatkozás ellenére öt intézmény tartja a markát",https://24.hu/fn/gazdasag/2026/03/30/korhaz-egeszsegugy-korhazadossag-magyar-allamkoncstar/
4f2b13f6b79b772036366f5ae604330a4e854e091314770395d2e4d9793fa632,2026-03-30 11:33:20.325464+00:00,hu,444.hu,444.hu,2026-03-30,Gulyás Gergely: A diplomások körében nincs többségünk,https://444.hu/2026/03/30/gulyas-gergely-a-diplomasok-koreben-nincs-tobbsegunk?utm_source=hirstart&utm_medium=referral&utm_campaign=ct
b3145268b7f3896e155da12df0426e5742e98eac872bd59dd89e3b82f83ea67c,2026-03-30 11:23:50.483943+00:00,hu,24.hu,24.hu,2026-03-30,Meggyilkolta az alvó anyját egy férfi Nyíregyházán,https://24.hu/belfold/2026/03/30/nyiregyhaza-anyagyilkos-elfogas-gyanusitas/
5b539596010e9987120c7a5a2ca0db7521b7a2c094efde2f6a1ec9728a8fa81b,2026-03-30 11:23:06.485726+00:00,hu,24.hu,24.hu,2026-03-30,Az iráni külügyi szóvivő megcáfolta Trumpot,https://24.hu/kulfold/2026/03/30/az-irani-kulugyi-szovivo-megcafolta-trumpot/
62b2371e2f0cd816562df6b02da8c81ceecfb27eaea6dd745e1700df6d2355e7,2026-03-30 11:22:20.269681+00:00,hu,24.hu,24.hu,2026-03-30,Az emberszabásúak legközelebbi közös ősét fedezhették fel,https://24.hu/tudomany/2026/03/30/emberszabasuak-kozos-os-felfedezes/
092cdd9659b9852475de5b5b5e7e474b56772aed7b08af1c7c486ad9be5ec0aa,2026-03-30 10:45:33.624379+00:00,hu,24.hu,24.hu,2026-03-30,"Csöpög a víz a mennyezetből, mozog a lépcsőkorlát – több mint 4000 hibát találtak az MNB-székházban a Matolcsy-kör felújítása után",https://24.hu/fn/gazdasag/2026/03/30/mnb-szekhaz-felujitas-matolcsy-adam-somlai-balint/
220c5aa238e4194da5ace414ef912c876aba8aa508fb9053766712c68c71686a,2026-03-30 10:44:49.637367+00:00,hu,24.hu,24.hu,2026-03-30,"Nem irrelevánsak, hanem nélkülözhetetlenek"" – válasz Kováts Eszternek a civilek szerepéről",https://24.hu/belfold/2026/03/30/nem-irrelevansak-hanem-nelkulozhetetlenek-valasz-kovats-eszternek-a-civilek-szereperol/
66ced12b9341af947e1320fb1024629daf122dcddec7a0578bdf9a19a9ef44f7,2026-03-30 10:44:04.458427+00:00,hu,24.hu,24.hu,2026-03-30,"Fürdőszoba összeszerelőhöz kapott állami támogatást az a cég, amelyiktől több mint 300 milliárdért irodákat vettek kormányzati negyednek",https://24.hu/fn/gazdasag/2026/03/30/szijjarto-peter-allami-tamogatas-bayer/
d01a94075219076f195800c8362ce860b4ce765ec80632c491ce6e45c241486e,2026-03-30 10:43:59.612589+00:00,hu,24.hu,24.hu,2026-03-30,Megerősítette a haditengerészeti parancsnok halálhírét az iráni Forradalmi Gárda,https://24.hu/kulfold/2026/03/30/megerositette-a-haditengereszeti-parancsnok-halalhiret-az-irani-forradalmi-garda/
60e650ba7bf99055a8ce334e362bce3dd4dcc952b209e994138d24c0068be62e,2026-03-30 10:43:53.175991+00:00,hu,24.hu,24.hu,2026-03-30,"Lényegesen súlyosabb büntetést kértek a férfira, akinek a megvadult bullterrier kutyái halálra marcangoltak egy gyalogost",https://24.hu/belfold/2026/03/30/szentes-halalos-kutyatamadas-itelet-fellebbezes/
e95605a81e4ca15cbe538e7c06edca5f77b0e980b21cda65cf52dc7ea1de9443,2026-03-30 10:43:48.168254+00:00,hu,24.hu,24.hu,2026-03-30,A Forma-1 csodagyereke elintézte – készülhetünk a belharcra,https://24.hu/sport/forma-1/2026/03/30/japan-nagydij-mercedes-kimi-antonelli-lapszemle/
eb1212330ef56b0eb095af70f434d7ac3ecb403e01314e7d4d0e6aaa0c65e7a7,2026-03-30 10:43:20.901116+00:00,hu,24.hu,24.hu,2026-03-30,"Szomszédok típusú"" új sorozatot indít az RTL",https://24.hu/kultura/2026/03/30/szomszedok-rtl-sorozat-szereplok/
e063c2176d70d6d1a3567a5c5546d1fbba907e6724afe6f4863d2127e0f6a17d,2026-03-30 10:43:09.881610+00:00,hu,24.hu,24.hu,2026-03-30,"Magyar Péter: A miniszterelnök civilekkel kiabál, retteg",https://24.hu/belfold/2026/03/30/magyar-peter-miniszterelnok-retteg-vecses/
1f3577326d9e2af32e55962a9d65dd75ac58d2674d421e2e282ed654f0625040,2026-03-30 10:42:56.925139+00:00,hu,24.hu,24.hu,2026-03-30,Ázsia Expressz: négy új szereplőt jelentett be a TV2,https://24.hu/elet-stilus/2026/03/30/azsia-expressz-uj-szereplok/
9e7d313fbdf4ac8b7dac6ecf878268a58fa0f0ffb59e97678cdefd2279ff0d64,2026-03-30 10:23:08.399973+00:00,hu,atlatszo.hu,atlatszo.hu,2026-03-30,Az esztergomi autópályától a veszprémi mentőállomásig – Újramelegített kampányígéretek Orbán Viktor országjárása mentén II.,https://atlatszo.hu/orszagszerte/2026/03/30/az-esztergomi-autopalyatol-a-veszpremi-mentoallomasig-ujramelegitett-kampanyigeretek-orban-viktor-orszagjarasa-menten-ii/
68daee41a06adc1a8ffe2963ea103e82dcaed8c30ccce5c09ad876246ff4ddec,2026-03-30 09:36:27.650106+00:00,hu,24.hu,24.hu,2026-03-30,A citrusokat is elérte az iráni háború,https://24.hu/kulfold/2026/03/30/a-citrusokat-is-elerte-az-irani-haboru/
21a7e26b232d5713761871cb21e2a662ab9162045ad02f3f4247cb09d1842c54,2026-03-30 09:36:16.892513+00:00,hu,444.hu,444.hu,2026-03-30,A lengyel elnök a texasi CPAC-en tartott gyorstalpalót az amerikai konzervatívoknak az orosz fenyegetésről,https://444.hu/2026/03/30/a-lengyel-elnok-a-texasi-cpac-en-tartott-gyorstalpalot-az-amerikai-konzervativoknak-az-orosz-fenyegetesrol?utm_source=rss_feed&utm_medium=rss&utm_campaign=rss_syndication
3e576cd293fcae4d26bd7cdc91da06bcebceed95a04f954f76875b15087ff168,2026-03-30 09:35:26.482898+00:00,hu,24.hu,24.hu,2026-03-30,"Gulyás Gergely: A diplomások körében nincs többségünk, de nagyon sok értelmiségi gondolja úgy, hogy az ország jövője szempontjából a polgári kormányzás a helyes irány",https://24.hu/belfold/2026/03/30/gulyas-gergely-diplomasok-nincs-tobbseg/
8e68bed7cdf389300d79849d6cd5b8440d204241676236d4f4459e0cdc64970c,2026-03-30 09:35:11.600386+00:00,hu,24.hu,24.hu,2026-03-30,"Meghalt Mary Beth Hurt amerika színésznő, Paul Schrader felesége",https://24.hu/kultura/2026/03/30/meghalt-mary-beth-hurt/
8615e58bff18e95fa4572c9b904f1ee7171dbc77102b27daf03730c5674d2a16,2026-03-30 09:35:06.601073+00:00,hu,24.hu,24.hu,2026-03-30,Nincs megállás: tovább büntetik a NER-cégek részvényeit a tőzsdén,https://24.hu/fn/gazdasag/2026/03/30/budapesti-ertektozsde-ner-jaszai-gellert-meszaros-lorinc/
b4ae88f4c6e907674e6b985fa27aa0eff37cc4029c7e8af43d6d5d54b219b7fe,2026-03-30 09:35:03.218099+00:00,hu,444.hu,444.hu,2026-03-30,"John Oliver Hide the pain Harolddal demonstrálta azon magyar szavazókat, akik úgy szavaznak Magyar Péterre, hogy nem akarnak rá szavazni",https://444.hu/2026/03/30/john-oliver-hide-the-pain-harolddal-demonstralta-azon-magyar-szavazokat-akik-ugy-szavaznak-magyar-peterre-hogy-nem-akarnak-ra-szavazni?utm_source=rss_feed&utm_medium=rss&utm_campaign=rss_syndication
6eae4e14f263a4adb5cd21001e916b36a8b18757300eabe4fbb367976cd905cc,2026-03-30 09:34:55.890475+00:00,hu,24.hu,24.hu,2026-03-30,"A NATO észtországi kibervédelmi központja cáfolta az Átlátszónak, hogy kiképezték volna ""Gundalfot""",https://24.hu/belfold/2026/03/30/nato-kibervedelem-gundalf-tisza/
a1d4040afc664261800994990f866ecf0a09ff4e8e36bf68c32639d1e17bc74a,2026-03-30 09:34:50.857745+00:00,hu,444.hu,444.hu,2026-03-30,Putyin hírszerzői jelenthetik a Fidesz utolsó igazi esélyét,https://444.hu/2026/03/30/putyin-hirszerzoi-jelenthetik-a-fidesz-utolso-igazi-eselyet?utm_source=rss_feed&utm_medium=rss&utm_campaign=rss_syndication
60faebb8cde8a5b9f340011ef6a15b02b620370f53c043d0b443b0d03f5091da,2026-03-30 09:34:34.096846+00:00,hu,444.hu,444.hu,2026-03-30,"Öt uniós tagállam kormánya ássa alá következetesen és szándékosan a jogállamiságot, állítja Európa vezető polgári jogi szervezete",https://444.hu/2026/03/30/ot-unios-tagallam-kormanya-assa-ala-kovetkezetesen-es-szandekosan-a-jogallamisagot-allitja-europa-vezeto-polgari-jogi-szervezete?utm_source=rss_feed&utm_medium=rss&utm_campaign=rss_syndication
9d5e74b24f89e763d85eaad997339cbdc29e7c6d179b86167fe10eb2a84dd6e6,2026-03-30 09:34:26.046830+00:00,hu,24.hu,24.hu,2026-03-30,"Kele János: A futballtavasz, ami eldönti, van-e még kraft a Rossi-érában",https://24.hu/sport/2026/03/30/gegenpressing-hirlevel-futballtavasz-marco-rossi-kraft/
70406a0801e0ed448b8863b1b154e1c1709c3aa7391f7cf17e750d623495928c,2026-03-30 08:33:01.705787+00:00,hu,24.hu,24.hu,2026-03-30,Fideszes kamuprofilokat kiszűrő bővítményt hoztak létre,https://24.hu/tech/2026/03/30/fideszes-kamuprofilok-kiszurese-facebook/
2fcaa47c6b248bd14fd5692b01b8749cc9b6091cc97e740c55dc2fcaf6a3bbdb,2026-03-30 08:32:46.543678+00:00,hu,24.hu,24.hu,2026-03-30,"Ugrik a nyugdíjprémium, feleannyi pluszpénzt kaphatnak az idősek idén az MNB szerint",https://24.hu/fn/gazdasag/2026/03/30/nyugdij-nyugdijas-nyugdijpremium-nyugdijkorrekcio/
36c443d648e8619f4f461a5f31a1852a2ecd23ab191c7be6c3b2a74883d5a22b,2026-03-30 08:32:38.485117+00:00,hu,24.hu,24.hu,2026-03-30,"Hét hónapos hajtóvadászat, háromórás összecsapás után lelőtték a férfit, akit két rendőr meggyilkolása miatt kerestek",https://24.hu/kulfold/2026/03/30/hajtovadaszat-rendorgyilkos-ausztralia/
875d5969b645ccd17b2f0b6e64a3e62b628dce4437067dcfac38d472a685ab5c,2026-03-30 08:32:33.418122+00:00,hu,24.hu,24.hu,2026-03-30,"Milliókkal húzta le a neje fiát, majd lemészárolta az ultimátumot adó feleségét",https://24.hu/belfold/2026/03/30/fot-feleseggyilkos-vallomas-vademeles/
1130309d113b6b21aa2392b754b9d812e83c9d4eea59c5b790825b5c4b14dec5,2026-03-30 08:32:20.228281+00:00,hu,24.hu,24.hu,2026-03-30,John Oliver szerint a magyar választások az amerikai belpolitikára is hatással lehetnek,https://24.hu/elet-stilus/2026/03/30/orban-ner-john-oliver-valasztas/
d5d2c644f38ac01db95c65a2d4573ac9ac2fc43bb063886c8e415690495791a9,2026-03-30 08:32:15.389948+00:00,hu,24.hu,24.hu,2026-03-30,"Egyre többen örökölnek kriptoeszközt, ami bonyolítja a hagyatéki eljárást",https://24.hu/fn/gazdasag/2026/03/30/hagyatek-kriptoeszkoz-kulfoldi-vagyon/
5ecc00578ebc4b90a05e0582fa10335bc90fbc23be86a00ba9df649c0b946a59,2026-03-30 08:32:10.269666+00:00,hu,24.hu,24.hu,2026-03-30,Orbán Viktor: Kint a Tisza energiaátállási terve; Magyar Péter: Egy árva szó sem igaz a propaganda által hamisított energetikai anyagból,https://24.hu/belfold/2026/03/30/tisza-energiaatallas-dokumentum-orban-viktor-magyar-peter/
1aae8b85bcd791c346a7b0c142aa44cfc9ed6042b27bdc06b4ef0213405691f5,2026-03-30 08:32:05.178544+00:00,hu,24.hu,24.hu,2026-03-30,A visszatérő Heti Hetes újabb szereplőjét jelentette be az RTL,https://24.hu/elet-stilus/2026/03/30/heti-hetes-rtl-uj-szereplo-hever-gabor/
a1d883309103a1842fbc7bf245c52cfb65ea1a9343ae9a36d3937f1037ef5469,2026-03-30 08:31:49.122545+00:00,hu,24.hu,24.hu,2026-03-30,"Újabb műkincsrablás: álarcos tolvajok törtek be egy olasz múzeumba, több millió eurónyi festménnyel távoztak",https://24.hu/kultura/2026/03/30/mukincslopas-festmenyek-olaszorszag/
0e63655a72bd07f9e54345e3a325ec59643b23e60f0b2bf24adf6d0e76cd8306,2026-03-30 08:31:33.649503+00:00,hu,24.hu,24.hu,2026-03-30,"Megsérült Sophie Turner, leállt a Tomb Raider forgatása",https://24.hu/kultura/2026/03/30/sophie-turner-tomb-raider-serules/
6a00a05be49f8ef972f08f9308d5aee4a8fed8544b390067f97957a2337c48b4,2026-03-30 08:19:55.620080+00:00,hu,24.hu,24.hu,2026-03-30,"Foci-vb: sokkoló, hogy milyen mély a franciák kerete",https://rangado.24.hu/nemzetkozi_foci/2026/03/30/franciaorszag-kolumbia-felkeszulesi-merkozes/
5b50132c6fdeb780a87e25df562f63425431990b596f120533b30c577d23d281,2026-03-30 08:19:21.026253+00:00,hu,444.hu,444.hu,2026-03-30,Eddig fideszes választókörzetekben is vezet a tiszás jelölt a 21 Kutatóközpont mérései szerint,https://444.hu/2026/03/30/eddig-fideszes-valasztokorzetekben-is-vezet-a-tiszas-jelolt-a-21-kutatokozpont-meresei-szerint?utm_source=hirstart&utm_medium=referral&utm_campaign=ct
7020cd65e6637910382c5b39085fe6fca25474a2875b37ff945908ad3dcb03f5,2026-03-30 07:25:09.892072+00:00,hu,24.hu,24.hu,2026-03-30,Páratlan képek készültek a Szaturnuszról,https://24.hu/tech/2026/03/30/szaturnusz-paratlan-kepek-nasa/
9ae130c0093ae5c40b92da2ce654fccf6c4260054be922f87ac0cdb3384a9e6c,2026-03-30 07:24:51.592307+00:00,hu,24.hu,24.hu,2026-03-30,Wall Street Journal: katonai művelettel vonhatnak ki 450 kilogramm uránt Iránból,https://24.hu/kulfold/2026/03/30/wall-street-journal-katonai-muvelettel-vonhatnak-ki-450-kilogramm-urant-iranbol/
40e7337451e72b8f8de6f08de062569e5a286eef69fc7257ce34e8bcb0b3a988,2026-03-30 07:24:47.029883+00:00,hu,24.hu,24.hu,2026-03-30,"Horrorbukással indult a Moto2-es futam, fékezés nélkül hajtott bele a többiekbe a motorversenyző",https://24.hu/sport/2026/03/30/moto2-motogp-amerikai-nagydij-horrorbaleset-alberto-fernandez-angel-piqueras/
0d73943a5135e9e1adf561269f45584bf1a7378c2cd393c119e934b7f8587ae2,2026-03-30 06:27:06.724535+00:00,hu,24.hu,24.hu,2026-03-30,Fehérvári Gábor Alfréd előzetesen nem egyeztetett az MTVA vezetésével – reagált a köztévé a Vitályosnak beszóló műsorvezető kommentjére,https://24.hu/belfold/2026/03/30/kozteve-vitalyos-freddie-tisztelet/
dd2378f2b163794fe094c2e660409b4e50a71242f640a49af7bd602bb90165db,2026-03-30 06:23:15.631917+00:00,hu,24.hu,24.hu,2026-03-30,IAEA: üzemképtelenné vált a hondábi nehézvizes reaktor Iránban,https://24.hu/kulfold/2026/03/30/iaea-uzemkeptelenne-valt-a-hondabi-nehezvizes-reaktor-iranban/
784a60d92ebcc75051c04a56e0a49d0c43c70348ce90152ded354d8dc2a1ea39,2026-03-30 06:21:49.795605+00:00,hu,24.hu,24.hu,2026-03-30,Pék Szabolcs: A fekete sereg bevetése szintlépés,https://24.hu/belfold/2026/03/30/pek-szabolcs-valasztas-2026-fekete-sereg-orban-fidesz/
1a796db42260a3644f414d692778c59ebe1078af5a064bda0148e0091ed3c05d,2026-03-30 06:21:11.186369+00:00,hu,444.hu,444.hu,2026-03-30,Trump megszerezné az iráni olajat,https://444.hu/2026/03/30/trump-megszerezne-az-irani-olajat?utm_source=rss_feed&utm_medium=rss&utm_campaign=rss_syndication
0cd314c6db30e852362351c3ac9d0d407a3b1294473cba4ddcfa1910173574b4,2026-03-30 06:20:57.927567+00:00,hu,444.hu,444.hu,2026-03-30,Mégis beengedi az izrali rendőrség a Szent Sír-templomba a katolikus bíborost,https://444.hu/2026/03/30/megis-beengedi-az-izrali-rendorseg-a-szent-sir-templomba-a-katolikus-biborost?utm_source=rss_feed&utm_medium=rss&utm_campaign=rss_syndication
1e91a0d1dd0df5333b85354fd16fe295f9d8dc630d30f297556f2eab8827b08d,2026-03-30 06:20:52.497468+00:00,hu,444.hu,444.hu,2026-03-30,"Héthónapos hajtóvadászat után sikerült lelőni a férfit, aki megölt két rendőrt Ausztráliában",https://444.hu/2026/03/30/hethonapos-hajtovadaszat-utan-sikerult-leloni-a-ferfit-aki-megolt-ket-rendort-ausztraliaban?utm_source=rss_feed&utm_medium=rss&utm_campaign=rss_syndication
5557896c9eea0b187041b0b896789455e38e06bd4b545cdc31b922edba4960af,2026-03-30 06:20:45.046192+00:00,hu,24.hu,24.hu,2026-03-30,"Trump: Az lenne a kedvencem, ha elvennénk Irán olaját",https://24.hu/kulfold/2026/03/30/iran-kozel-kelet-haboru-hirfolyam/
d5feb62153ca967f4edd50e50f424e856cff6ff0d7e3c60566cd987e6a60d729,2026-03-30 06:20:38.965644+00:00,hu,24.hu,24.hu,2026-03-30,"A Nagy Duett: egy duó búcsúzott, de egy páros visszatérhet",https://24.hu/elet-stilus/2026/03/30/a-nagy-duett-kieso-galaadas/
5f52c23b403bb103f2687d040893f8093045feea4f812169ba77302adb405571,2026-03-30 06:20:20.748392+00:00,hu,444.hu,444.hu,2026-03-30,Meghalt Nádasdy Ádám,https://444.hu/2026/03/30/meghalt-nadasdy-adam?utm_source=rss_feed&utm_medium=rss&utm_campaign=rss_syndication
f96c2c66b14fabf0e9b303d937addf12f2536155f738c3a9c8bb2bc26dce05d3,2026-03-30 06:20:17.232939+00:00,hu,24.hu,24.hu,2026-03-30,"Hétfői friss hírek, forgalom, időjárás – Reggeli pakk",https://24.hu/belfold/2026/03/30/hetfoi-friss-hirek-forgalom-idojaras-reggeli-pakk-428/
37e86b3148258e9b5d1095e479a57602f4eb89d0ae7cfbdce4ebf488b51c52d3,2026-03-30 06:20:15.757291+00:00,hu,444.hu,444.hu,2026-03-30,"Kim Novak szerint Sydney Sweeney „teljesen alkalmatlan”, hogy eljátssza őt a róla szóló filmben",https://444.hu/2026/03/30/kim-novak-szerint-sydney-sweeney-teljesen-alkalmatlan-hogy-eljatssza-ot-a-rola-szolo-filmben?utm_source=rss_feed&utm_medium=rss&utm_campaign=rss_syndication
76c3d557cd2473a172e1e8d98dcd1f50c33681e6cce957fe63652808eb9206f4,2026-03-30 06:20:10.916962+00:00,hu,444.hu,444.hu,2026-03-30,"Orbán elégedetten mosolyog, pedig közben ég a ház körülötte",https://444.hu/2026/03/30/orban-elegedetten-mosolyog-pedig-kozben-eg-a-haz-korulotte?utm_source=rss_feed&utm_medium=rss&utm_campaign=rss_syndication
9987f672e6ff367067c890b9e6af9c7d42f2b7c43574033bf3ad4f955aa6b4bb,2026-03-30 06:20:10.042579+00:00,hu,24.hu,24.hu,2026-03-30,"21 Kutatóközpont: a fideszes Hoppál Péter és Csöbör Katalin is jelentős hátrányban, Zsigó Róbert korábbi 25 pontos előnye is elolvadt",https://24.hu/belfold/2026/03/30/21-kutatokozpont-tisza-vezetes-fideszes-korzetben/
11618f0be2f833de645da213fc93722c61ce86e31c17037f8a60fd9e9993639f,2026-03-30 06:20:02.863546+00:00,hu,24.hu,24.hu,2026-03-30,Meghalt Nádasdy Ádám,https://24.hu/kultura/2026/03/30/meghalt-nadasdy-adam-kolto-mufordito/
4bcbfa4ab65095a0f7fb46256e8e26d166dcdd30d64dd90cfa1f92840b8dc2a7,2026-03-30 06:19:40.318028+00:00,hu,24.hu,24.hu,2026-03-30,Trump kilátásba helyezte a Harg-sziget elfoglalását,https://24.hu/kulfold/2026/03/30/trump-kilatasba-helyezte-a-harg-sziget-elfoglalasat/
7b93cf3664266666609df0ce74fab41e66e0331bf6d1658a2060bfc5738c29b6,2026-03-30 06:19:40.152135+00:00,hu,444.hu,444.hu,2026-03-30,Pillanatkép mélyrepülés közben,https://444.hu/2026/03/30/pillanatkep-melyrepules-kozben?utm_source=rss_feed&utm_medium=rss&utm_campaign=rss_syndication
fd1a4cd5a147cce3a1db94e569fed18f5164f7fafc42e17e4f8def19f22cd9fb,2026-03-30 06:19:35.489487+00:00,hu,24.hu,24.hu,2026-03-30,Kiverte a biztosítékot az ukránoknál a Rheinmetall vezérigazgatójának nyilatkozata,https://24.hu/kulfold/2026/03/30/rheinmetall-ukrajna-dronfejlesztes/
715243067e01b465d32a79ea7d9ddefa774f77ce4a62eefbca7e96dbf94b7e9d,2026-03-30 06:19:30.326637+00:00,hu,24.hu,24.hu,2026-03-30,Éjjel is varázsol valami szépet,https://24.hu/tech/2026/03/30/ejjel-is-varazsol-valami-szepet/
a816e66c69499c4fbde7be614f3db8d93f874c50dd57468a1848b77e0f18947e,2026-03-30 06:19:28.606705+00:00,hu,444.hu,444.hu,2026-03-30,Ismét leszedte az Instagram Erin O’Connor kismamafotóit,https://444.hu/2026/03/30/ismet-leszedte-az-instagram-erin-oconnor-kismamafotoit?utm_source=rss_feed&utm_medium=rss&utm_campaign=rss_syndication
dd61540cb1024477cada2783f68fbc400dbb6add519946c77e7ff1b9fc73da91,2026-03-30 06:19:25.403136+00:00,hu,24.hu,24.hu,2026-03-30,"Új kaland-reality érekzik a TV2-re: a sztároknak azt kell kitalálniuk, hol vannak Európán belül",https://24.hu/elet-stilus/2026/03/30/uj-kaland-reality-tv2-destination-x/
7be811f73fe7588721d43e969b06fd792df934dc8c288d9e8bc6899dd4a7c45e,2026-03-30 06:19:20.125673+00:00,hu,24.hu,24.hu,2026-03-30,"„Bízom benne, hogy áprilisban az igazság fog győzni” – mondta Curtis, miután kiesett a TV2 műsorából",https://24.hu/elet-stilus/2026/03/30/curtis-a-nagy-duett-aprilis-gyozelem/
ed78711a61a8bfb74107421d066a607f35bb93206ffa2eecd5b1cbad5eeff90f,2026-03-30 05:19:40.654024+00:00,hu,24.hu,24.hu,2026-03-30,Hazafi? Korrupt? Megbízható? Így vélekednek az emberek Magyar Péterről és Orbán Viktorról,https://24.hu/belfold/2026/03/30/orban-viktor-magyar-peter-tulajdonsagok/
bb487555cfb55a939c5709a557acf80bd6d1f8a1bc3979be16b09073ef567ea5,2026-03-30 04:26:31.929842+00:00,hu,24.hu,24.hu,2026-03-30,A 999 forintos csapda: mennyire ismered a boltok manipulációit?,https://24.hu/elet-stilus/2026/03/30/vasarlas-pszichologia-trukkok-kviz-vasarlas/
09ce3417ce82f1b50f68e4387ebd7dcd79e8536950da3a73be9b6728a0f75dce,2026-03-30 04:24:38.377520+00:00,hu,24.hu,24.hu,2026-03-30,"Kvíz: Stitüvi fickó és levelet kaptam, lájf – mennyire ismered a félrehallott dalszövegeket?",https://24.hu/kultura/2026/03/30/felrehallott-dalszoveg-kviz/
576b896e2811e0b4212da1c9862198b126c2e144ee24988ebb1ba6494275c0ba,2026-03-30 04:17:20.304313+00:00,hu,24.hu,24.hu,2026-03-30,Itt a nagy Piedone-kvíz: mennyit tudsz Bud Spencer legendás filmsorozatáról?,https://24.hu/elet-stilus/2026/03/30/piedone-a-zsaru-bud-spencer-kviz/
